period,area,product,row_count,estimated_contract_rows,estimated_date_rows,unique_products,unique_dr_numbers,net_income_clean,revenue_clean,quantity,total_trade_price,net_income,net_cost,discount,total_cost,gross_margin_rate
2024-04,Pagbilao,CLEAR BOOK LEGAL/LONG,1,1,0,1,1,1356.78,2542.75,0.2211,2542.75,1356.78,3899.53,0.0,3899.53,0.533588
2024-04,Pagbilao,CORRECTION TAPE JOY,1,1,0,1,1,6606.99,9563.93,0.2022,9563.93,6606.99,16170.92,0.0,16170.92,0.690824
2024-04,Pagbilao,HARD COPY SUB#20 (8 1/2X13) LONG,2,2,0,1,2,8025.75,11725.289999999999,0.5623,11725.29,8025.75,19751.03,0.0,19751.03,0.684482
2024-04,Pagbilao,HARD COPY SUB#20 A4,2,2,0,1,2,9480.75,14331.619999999999,0.4788,14331.62,9480.75,23812.36,0.0,23812.36,0.661527
2024-04,Pagbilao,HBW BLACK BALLPEN,1,1,0,1,1,3880.5,5254.31,0.1786,5254.31,3880.5,9134.81,0.0,9134.81,0.738537
2024-04,Pagbilao,INK EPSON #003 BLACK,1,1,0,1,1,6704.33,9704.84,0.2052,9704.84,6704.33,16409.17,0.0,16409.17,0.690823
2024-04,Pagbilao,INK EPSON #003 MAGENTA,1,1,0,1,1,3705.7,5017.63,0.1705,5017.63,3705.7,8723.33,0.0,8723.33,0.738536
2024-04,Pagbilao,INK EPSON #003 YELLOW,1,1,0,1,1,959.08,1797.43,0.1563,1797.43,959.08,2756.51,0.0,2756.51,0.533584
2024-04,Pagbilao,NUTRIBOARD WITHOUT BAG,1,1,0,1,1,3791.48,5488.34,0.116,5488.34,3791.48,9279.83,0.0,9279.83,0.690825
2024-04,Pagbilao,RECORD BOOK 500PAGES (VALIANT),2,2,0,1,2,12648.17,17828.67,0.4662,17828.67,12648.17,30476.84,0.0,30476.84,0.709429
2024-04,Pagbilao,STAPLER STANDARD TYPE (JOY),1,1,0,1,1,2636.73,3570.21,0.1213,3570.21,2636.73,6206.95,0.0,6206.95,0.738536
2024-04,Pagbilao,TRASH BAG - BLACK - MEDIUM,1,1,0,1,1,745.44,1397.03,0.1215,1397.03,745.44,2142.47,0.0,2142.47,0.533589
2024-05,Padre Burgos,BALLPEN FINEPOINT,1,1,0,1,1,2835.41,6142.41,0.1207,6142.41,2835.41,8977.82,0.0,8977.82,0.461612
2024-05,Padre Burgos,BOND PAPER A4 (HARDCOPY),1,1,0,1,1,3467.1,7510.84,0.1476,7510.84,3467.1,10977.94,0.0,10977.94,0.461613
2024-05,Padre Burgos,RECORD BOOK 500PAGES (VALIANT),1,1,0,1,1,4599.62,9964.24,0.1958,9964.24,4599.62,14563.86,0.0,14563.86,0.461613
2024-05,Padre Burgos,STAPLE WIRE #35,1,1,0,1,1,3481.72,7542.52,0.1482,7542.52,3481.72,11024.24,0.0,11024.24,0.461612
2024-05,Padre Burgos,T SHIRT WITH PRINT,1,1,0,1,1,9107.15,19728.99,0.3877,19728.99,9107.15,28836.14,0.0,28836.14,0.461613
2024-05,Pagbilao,BALLPEN FINEPOINT,3,3,0,1,3,6135.64,13714.45,0.4595,56594.15,49015.34,154065.74,0.0,154065.74,0.447385
2024-05,Pagbilao,BOND PAPER A4 (HARDCOPY),3,3,0,1,3,18944.98,36808.71,0.5799,59114.09,18944.98,67237.26,0.0,67237.26,0.514687
2024-05,Pagbilao,BOND PAPER LONG (HARDCOPY),4,4,0,1,4,17690.28,37167.46,0.8461,119033.32,78456.51,256488.78,0.0,256488.78,0.475961
2024-05,Pagbilao,CLEAR BOOK LEGAL/LONG,7,7,0,1,7,20677.67,43443.99,1.6014,135065.8,51980.61,164886.81,0.0,164886.81,0.475962
2024-05,Pagbilao,CORRECTION TAPE 20MM,2,2,0,1,2,4602.82,16226.65,0.5158,16790.55,5166.72,22217.63,0.0,22217.63,0.283658
2024-05,Pagbilao,CORRECTION TAPE JOY,1,1,0,1,1,0.0,0.0,0.2079,459.58,459.58,1131.34,0.0,1131.34,0.0
2024-05,Pagbilao,DISINFECTANT SPRAY 170G 227ML (LYSOL),3,3,0,1,3,2320.7,2987.57,0.374,17556.86,16889.99,36561.6,0.0,36561.6,0.776785
2024-05,Pagbilao,ELECTRICAL WIRE #14,3,3,0,1,3,0.0,0.0,0.4817,79300.33,61149.58,182440.44,0.0,182440.44,0.0
2024-05,Pagbilao,FOLDER ORDINARY WHITE LONG 100'S,3,3,0,1,3,714.19,4701.92,0.5874,17435.66,1118.89,10246.56,0.0,10246.56,0.151893
2024-05,Pagbilao,HARD COPY SUB#20 (8 1/2X13) LONG,4,4,0,1,4,6063.0,7805.25,1.1409,78819.56,6063.0,65025.69,0.0,65025.69,0.776785
2024-05,Pagbilao,HARD COPY SUB#20 A4,1,1,0,1,1,0.0,0.0,0.2892,32307.21,32307.21,69126.44,0.0,69126.44,0.0
2024-05,Pagbilao,HBW BLACK BALLPEN,3,3,0,1,3,0.0,0.0,0.4333,22280.11,0.0,13366.33,0.0,13366.33,0.0
2024-05,Pagbilao,INK EPSON #003 BLACK,1,1,0,1,1,0.0,0.0,0.1579,4753.7,0.0,4106.66,0.0,4106.66,0.0
2024-05,Pagbilao,INK EPSON #003 CYAN,3,3,0,1,3,3744.2400000000002,15235.41,0.5699,29215.38,3744.24,31850.34,0.0,31850.34,0.245759
2024-05,Pagbilao,INK EPSON #003 MAGENTA,4,4,0,1,4,8809.57,13933.91,0.7463,27913.88,8809.57,35614.22,0.0,35614.22,0.63224
2024-05,Pagbilao,INK EPSON #003 YELLOW,3,3,0,1,3,7118.47,15203.49,0.594,65401.18,57316.16,179443.31,0.0,179443.31,0.468213
2024-05,Pagbilao,MARKER BLACK (PILOT),1,1,0,1,1,603.94,3976.08,0.1939,3976.08,603.94,4580.02,0.0,4580.02,0.151893
2024-05,Pagbilao,MASKING TAPE 1INCH,3,3,0,1,3,9363.1,11305.47,0.444,11305.47,9363.1,20668.57,0.0,20668.57,0.828192
2024-05,Pagbilao,MYGEL BLACK,2,2,0,1,2,2938.91,3164.67,0.2896,18984.2,18758.44,39952.0,0.0,39952.0,0.928662
2024-05,Pagbilao,NUTRIBOARD WITHOUT BAG,2,2,0,1,2,10683.71,24532.85,0.287,24532.85,10683.71,35216.56,0.0,35216.56,0.435486
2024-05,Pagbilao,RECORD BOOK 500PAGES (VALIANT),6,6,0,1,6,15551.32,28275.739999999998,1.3467,79117.13,15551.32,68615.91,0.0,68615.91,0.549988
2024-05,Pagbilao,SCOTCH TAPE 1'',1,1,0,1,1,0.0,0.0,0.1329,10218.16,0.0,9407.38,0.0,9407.38,0.0
2024-05,Pagbilao,STAPLE WIRE #35,1,1,0,1,1,0.0,0.0,0.1907,14664.0,0.0,13500.47,0.0,13500.47,0.0
2024-05,Pagbilao,STAPLER STANDARD TYPE (JOY),3,3,0,1,3,12907.26,25077.879999999997,0.438,60800.38,48629.76,149798.41,0.0,149798.41,0.514687
2024-05,Pagbilao,T SHIRT WITH PRINT,3,3,0,1,3,11260.45,14271.75,1.092,41116.77,11260.45,50746.03,0.0,50746.03,0.789003
2024-06,Pagbilao,ALLECUR 10MG,1,1,0,1,1,7120.02,13976.35,0.2341,13976.35,7120.02,21096.37,0.0,21096.37,0.509433
2024-06,Pagbilao,BATHROOM TISSUE 2PLY 12'S (FEMME),1,1,0,1,1,1418.3,2063.66,0.1251,2063.66,1418.3,3481.97,0.0,3481.97,0.687274
2024-06,Pagbilao,BOND PAPER A4 (HARDCOPY),1,1,0,1,1,0.0,0.0,0.2016,4471.42,0.0,2918.38,0.0,2918.38,0.0
2024-06,Pagbilao,BOND PAPER LONG (HARDCOPY),2,2,0,1,2,0.0,0.0,0.3895,36379.46,0.0,11795.46,0.0,11795.46,0.0
2024-06,Pagbilao,CLEAR BOOK LEGAL/LONG,3,3,0,1,3,11995.21,17640.54,0.772,101646.11,11995.21,45656.02,0.0,45656.02,0.67998
2024-06,Pagbilao,CORRECTION TAPE 20MM,2,2,0,1,2,2393.4,9265.09,0.458,19770.34,2393.4,19652.41,0.0,19652.41,0.258325
2024-06,Pagbilao,CORRECTION TAPE JOY,1,1,0,1,1,0.0,0.0,0.1733,8561.65,0.0,6514.96,0.0,6514.96,0.0
2024-06,Pagbilao,DISINFECTANT SPRAY 170G 227ML (LYSOL),1,1,0,1,1,5582.98,8210.5,0.1356,8210.5,5582.98,13793.48,0.0,13793.48,0.679981
2024-06,Pagbilao,ELECTRICAL WIRE #14,1,1,0,1,1,636.53,1324.83,0.1151,1324.83,636.53,1961.36,0.0,1961.36,0.480462
2024-06,Pagbilao,EXEL 500MG CAP,1,1,0,1,1,4873.27,9566.04,0.1603,9566.04,4873.27,14439.31,0.0,14439.31,0.509434
2024-06,Pagbilao,FLASH DRIVE 32GB (KINGSTON),1,1,0,1,1,0.0,0.0,0.1021,23158.14,0.0,4412.51,0.0,4412.51,0.0
2024-06,Pagbilao,FOLDER ORDINARY WHITE LONG 100'S,2,2,0,1,2,9899.67,15049.52,0.3661,15049.52,9899.67,24949.19,0.0,24949.19,0.657806
2024-06,Pagbilao,HARD COPY SUB#20 (8 1/2X13) LONG,3,3,0,1,3,3967.67,6580.0599999999995,0.7139,18669.54,3967.67,19747.19,0.0,19747.19,0.602984
2024-06,Pagbilao,HARD COPY SUB#20 A4,1,1,0,1,1,2378.36,9206.85,0.2438,9206.85,2378.36,11585.21,0.0,11585.21,0.258325
2024-06,Pagbilao,HIVENT PLUS,1,1,0,1,1,8901.98,17474.26,0.2927,17474.26,8901.98,26376.25,0.0,26376.25,0.509434
2024-06,Pagbilao,INK EPSON #003 BLACK,2,2,0,1,2,0.0,0.0,0.4606,33762.7,0.0,8891.37,0.0,8891.37,0.0
2024-06,Pagbilao,INK EPSON #003 CYAN,3,3,0,1,3,11634.84,20929.050000000003,0.5072,20929.05,11634.84,32563.88,0.0,32563.88,0.555918
2024-06,Pagbilao,INK EPSON #003 YELLOW,1,1,0,1,1,748.86,1558.64,0.1354,1558.64,748.86,2307.5,0.0,2307.5,0.480457
2024-06,Pagbilao,MARKER BLACK (PILOT),2,2,0,1,2,1412.91,2055.82,0.2874,22948.31,1412.91,7458.52,0.0,7458.52,0.687273
2024-06,Pagbilao,MASKING TAPE 1INCH,2,2,0,1,2,0.0,0.0,0.2989,21912.75,0.0,5770.7,0.0,5770.7,0.0
2024-06,Pagbilao,MECLOP 5MG\ML,1,1,0,1,1,4812.17,9446.11,0.1582,9446.11,4812.17,14258.28,0.0,14258.28,0.509434
2024-06,Pagbilao,MULTIVIT PLUS,1,1,0,1,1,4701.31,9228.49,0.1546,9228.49,4701.31,13929.79,0.0,13929.79,0.509434
2024-06,Pagbilao,MYGEL BLACK,1,1,0,1,1,1164.59,4508.22,0.1194,4508.22,1164.59,5672.81,0.0,5672.81,0.258326
2024-06,Pagbilao,RECORD BOOK 500PAGES (VALIANT),3,3,0,1,3,2218.31,8587.31,0.692,24256.07,2218.31,22086.44,0.0,22086.44,0.258324
2024-06,Pagbilao,SCOTCH TAPE 1'',1,1,0,1,1,0.0,0.0,0.1172,26564.05,0.0,5061.47,0.0,5061.47,0.0
2024-06,Pagbilao,STAPLER STANDARD TYPE (JOY),3,3,0,1,3,6032.69,8871.87,0.3979,37781.7,6032.69,21820.84,0.0,21820.84,0.67998
2024-06,Pagbilao,T SHIRT WITH PRINT,3,3,0,1,3,6326.98,10492.740000000002,1.188,110208.19,6326.98,35819.33,0.0,35819.33,0.602986
2024-06,Provincial Tourism Office,BALLPEN FINEPOINT,1,1,0,1,1,14044.74,27569.31,0.1361,27569.31,14044.74,41614.05,0.0,41614.05,0.509434
2024-06,Provincial Tourism Office,CORRECTION TAPE JOY,1,1,0,1,1,20033.47,39324.95,0.1941,39324.95,20033.47,59358.42,0.0,59358.42,0.509434
2024-06,Provincial Tourism Office,DISINFECTANT SPRAY 170G 227ML (LYSOL),1,1,0,1,1,10828.26,21255.48,0.1049,21255.48,10828.26,32083.74,0.0,32083.74,0.509434
2024-06,Provincial Tourism Office,HARD COPY SUB#20 (8 1/2X13) LONG,1,1,0,1,1,7763.77,15240.0,0.324,15240.0,7763.77,23003.78,0.0,23003.78,0.509434
2024-06,Provincial Tourism Office,MASKING TAPE 1INCH,1,1,0,1,1,13193.93,25899.19,0.1278,25899.19,13193.93,39093.12,0.0,39093.12,0.509434
2024-06,Provincial Tourism Office,MYGEL BLACK,1,1,0,1,1,3282.82,6444.05,0.137,6444.05,3282.82,9726.87,0.0,9726.87,0.509434
2024-06,Provincial Tourism Office,NUTRIBOARD WITHOUT BAG,1,1,0,1,1,3154.97,6193.08,0.1317,6193.08,3154.97,9348.04,0.0,9348.04,0.509435
2024-06,Provincial Tourism Office,RECORD BOOK 500PAGES (VALIANT),1,1,0,1,1,6253.07,12274.55,0.261,12274.55,6253.07,18527.62,0.0,18527.62,0.509434
2024-06,Provincial Tourism Office,T SHIRT WITH PRINT,1,1,0,1,1,45107.1,88543.57,0.4371,88543.57,45107.1,133650.67,0.0,133650.67,0.509434
2024-06,Provincial Tourism Office,TRASH BAG - BLACK - MEDIUM,1,1,0,1,1,3507.87,6885.82,0.1464,6885.82,3507.87,10393.69,0.0,10393.69,0.509434
2024-06,QMC,AMBIDOL 50MG/ML (100MG/2ML) 2ML,1,1,0,1,1,3379.08,9256.18,0.2752,9256.18,3379.08,12635.26,0.0,12635.26,0.365062
2024-06,QMC,ANTIZOAL 5MG/ML,1,1,0,1,1,3341.03,9151.96,0.2721,9151.96,3341.03,12492.99,0.0,12492.99,0.365062
2024-06,QMC,EVAPROST 125MCG/ML,1,1,0,1,1,2276.77,6236.66,0.1854,6236.66,2276.77,8513.43,0.0,8513.43,0.365062
2024-06,QMC,MAXIFER 20MG/ML (100MG/5ML) 5ML,1,1,0,1,1,1427.12,3909.26,0.1162,3909.26,1427.12,5336.38,0.0,5336.38,0.365061
2024-06,QMC,MUCOLIFAR 500MG TAB,1,1,0,1,1,1854.5,5079.94,0.151,5079.94,1854.5,6934.44,0.0,6934.44,0.365063
2024-07,Pagbilao,BALLPEN FINEPOINT,2,2,0,1,2,577.08,1716.68,0.3065,2621.66,1482.06,4480.61,0.0,4480.61,0.33616
2024-07,Pagbilao,BATHROOM TISSUE 2PLY 12'S (FEMME),4,4,0,1,4,3425.29,6171.57,0.6661,7136.51,4390.23,11928.58,0.0,11928.58,0.555011
2024-07,Pagbilao,BOND PAPER A4 (HARDCOPY),3,3,0,1,3,3557.42,5074.139999999999,0.464,5074.14,3557.42,8631.57,0.0,8631.57,0.701088
2024-07,Pagbilao,BOND PAPER LEGAL 80GSM (DOUBLE A),1,1,0,1,1,633.99,1556.74,0.1298,1556.74,633.99,2190.73,0.0,2190.73,0.407255
2024-07,Pagbilao,BOND PAPER LONG (HARDCOPY),4,4,0,1,4,4456.99,8038.200000000001,0.785,16262.52,4456.99,16503.03,0.0,16503.03,0.554476
2024-07,Pagbilao,BP APPARATUS ANEROID SPHYGMOMANOMETER (BAXTEL),1,1,0,1,1,0.0,0.0,0.127,14899.23,0.0,12351.06,0.0,12351.06,0.0
2024-07,Pagbilao,CLEAR BOOK LEGAL/LONG,4,4,0,1,4,4237.07,6703.33,0.8921,289037.0,4237.07,201378.29,0.0,201378.29,0.632084
2024-07,Pagbilao,CORRECTION TAPE 20MM,3,3,0,1,3,6793.82,28840.82,0.6559,28840.82,6793.82,35634.63,0.0,35634.63,0.235563
2024-07,Pagbilao,CORRECTION TAPE JOY,4,4,0,1,4,4406.16,20562.75,0.7601,256692.49,5697.03,188040.13,0.0,188040.13,0.214279
2024-07,Pagbilao,ELECTRICAL WIRE #14,3,3,0,1,3,1852.14,1860.27,0.4248,184866.51,1852.14,131197.95,0.0,131197.95,0.99563
2024-07,Pagbilao,FOLDER ORDINARY WHITE LONG 100'S,3,3,0,1,3,2028.29,6864.76,0.4938,6864.76,2028.29,8893.06,0.0,8893.06,0.295464
2024-07,Pagbilao,HARD COPY SUB#20 (8 1/2X13) LONG,6,6,0,1,6,7216.129999999999,14623.810000000001,1.6467,65155.57,7216.13,59736.02,0.0,59736.02,0.493451
2024-07,Pagbilao,HARD COPY SUB#20 A4,3,3,0,1,3,1546.8,3723.5899999999997,0.7473,290057.37,1546.8,200296.18,0.0,200296.18,0.415406
2024-07,Pagbilao,HBW BLACK BALLPEN,4,4,0,1,4,2350.0,7331.92,0.6389,7331.92,2350.0,9681.92,0.0,9681.92,0.320516
2024-07,Pagbilao,INK CARTRIDGE TRI COLOR (HP680),2,2,0,1,2,1906.38,2279.04,0.2297,2279.04,1906.38,4185.42,0.0,4185.42,0.836484
2024-07,Pagbilao,INK EPSON #003 BLACK,3,3,0,1,3,1372.46,6240.63,0.6883,35460.53,2682.29,33914.92,0.0,33914.92,0.219923
2024-07,Pagbilao,INK EPSON #003 CYAN,2,2,0,1,2,0.0,0.0,0.3591,193785.13,1059.38,133828.04,0.0,133828.04,0.0
2024-07,Pagbilao,INK EPSON #003 MAGENTA,3,3,0,1,3,3293.21,16903.44,0.4428,23696.47,3293.21,23507.0,0.0,23507.0,0.194825
2024-07,Pagbilao,INK EPSON #003 YELLOW,1,1,0,1,1,2454.94,3970.66,0.179,3970.66,2454.94,6425.6,0.0,6425.6,0.61827
2024-07,Pagbilao,RECORD BOOK 500PAGES (VALIANT),3,3,0,1,3,6485.869999999999,28454.97,0.6751,28454.97,6485.87,34940.84,0.0,34940.84,0.227935
2024-07,Pagbilao,SCOTCH TAPE 1'',2,2,0,1,2,687.14,1687.25,0.2813,18193.78,687.14,16057.86,0.0,16057.86,0.407254
2024-07,Pagbilao,STAPLE WIRE #35,1,1,0,1,1,2575.19,4165.16,0.1878,4165.16,2575.19,6740.35,0.0,6740.35,0.618269
2024-07,Pagbilao,STAPLER STANDARD TYPE (JOY),2,2,0,1,2,789.98,3592.07,0.2404,8427.32,789.98,6738.35,0.0,6738.35,0.219923
2024-07,Pagbilao,T SHIRT WITH PRINT,5,5,0,1,5,18004.45,56287.78,1.8477,56287.78,18004.45,74292.23,0.0,74292.23,0.319864
2024-07,Pagbilao,TRASH BAG - BLACK - MEDIUM,1,1,0,1,1,284.27,386.35,0.1308,386.35,284.27,670.63,0.0,670.63,0.735784
2024-07,Provincial Tourism Office,HARD COPY SUB#20 (8 1/2X13) LONG,1,1,0,1,1,0.0,0.0,0.276,140604.36,0.0,86491.16,0.0,86491.16,0.0
2024-07,Provincial Tourism Office,HARD COPY SUB#20 A4,1,1,0,1,1,0.0,0.0,0.2383,121412.14,0.0,74685.28,0.0,74685.28,0.0
2024-07,Provincial Tourism Office,INK CARTRIDGE TRI COLOR (HP680),1,1,0,1,1,0.0,0.0,0.127,64701.31,0.0,39800.27,0.0,39800.27,0.0
2024-07,Provincial Tourism Office,INK EPSON #003 BLACK,1,1,0,1,1,0.0,0.0,0.1983,101028.09,0.0,62146.27,0.0,62146.27,0.0
2024-07,Provincial Tourism Office,INK EPSON #003 CYAN,1,1,0,1,1,0.0,0.0,0.1604,81716.6,0.0,50267.02,0.0,50267.02,0.0
2024-08,Pagbilao,BALLPEN FINEPOINT,2,2,0,1,2,3106.07,18806.21,0.2895,18806.21,3106.07,21912.28,0.0,21912.28,0.165162
2024-08,Pagbilao,BOND PAPER A4 (HARDCOPY),5,5,0,1,5,17074.66,35208.46,1.0012,113975.48,17074.66,75902.68,0.0,75902.68,0.484959
2024-08,Pagbilao,BOND PAPER LONG (HARDCOPY),2,2,0,1,2,18564.059999999998,36440.57,0.482,36440.57,18564.06,55004.63,0.0,55004.63,0.509434
2024-08,Pagbilao,BP APPARATUS ANEROID SPHYGMOMANOMETER (BAXTEL),2,2,0,1,2,7391.37,32277.93,0.2309,34455.13,9568.57,44188.03,0.0,44188.03,0.228991
2024-08,Pagbilao,CLEAR BOOK LEGAL/LONG,2,2,0,1,2,4451.19,6206.87,0.4706,10876.18,9120.5,20349.09,0.0,20349.09,0.717139
2024-08,Pagbilao,CORRECTION TAPE 20MM,4,4,0,1,4,1274.82,4874.4400000000005,0.8216,63473.86,1274.82,20657.19,0.0,20657.19,0.261532
2024-08,Pagbilao,CORRECTION TAPE JOY,3,3,0,1,3,5188.0599999999995,29676.21,0.6311,29676.21,5188.06,34864.29,0.0,34864.29,0.174822
2024-08,Pagbilao,ELECTRICAL WIRE #14,1,1,0,1,1,0.0,0.0,0.1928,35103.73,0.0,13023.76,0.0,13023.76,0.0
2024-08,Pagbilao,FOLDER ORDINARY WHITE LONG 100'S,2,2,0,1,2,3375.3,4706.62,0.3607,10157.12,3375.3,10670.13,0.0,10670.13,0.717139
2024-08,Pagbilao,HARD COPY SUB#20 (8 1/2X13) LONG,5,5,0,1,5,6750.66,40772.700000000004,1.4106,108202.08,6750.66,64217.38,0.0,64217.38,0.165568
2024-08,Pagbilao,HARD COPY SUB#20 A4,2,2,0,1,2,9179.77,37463.63,0.4921,37463.63,9179.77,46643.4,0.0,46643.4,0.245032
2024-08,Pagbilao,HBW BLACK BALLPEN,4,4,0,1,4,2040.35,5998.98,0.7093,41726.36,2040.35,15675.73,0.0,15675.73,0.340116
2024-08,Pagbilao,INK CARTRIDGE TRI COLOR (HP680),3,3,0,1,3,14537.25,27120.46,0.4251,27120.46,14537.25,41657.71,0.0,41657.71,0.536025
2024-08,Pagbilao,INK EPSON #003 BLACK,5,5,0,1,5,17354.22,70738.35,1.1159,70738.35,17354.22,88092.56,0.0,88092.56,0.24533
2024-08,Pagbilao,INK EPSON #003 CYAN,5,5,0,1,5,1830.2199999999998,5496.25,0.8764,51868.85,1830.22,25058.45,0.0,25058.45,0.332994
2024-08,Pagbilao,INK EPSON #003 MAGENTA,1,1,0,1,1,11199.29,48907.0,0.1893,48907.0,11199.29,60106.28,0.0,60106.28,0.228992
2024-08,Pagbilao,INK EPSON #003 YELLOW,3,3,0,1,3,14232.990000000002,69736.79,0.5071,103847.25,14232.99,91260.59,0.0,91260.59,0.204096
2024-08,Pagbilao,MARKER BLACK (PILOT),2,2,0,1,2,682.29,1339.32,0.2771,1339.32,682.29,2021.61,0.0,2021.61,0.50943
2024-08,Pagbilao,MASKING TAPE 1INCH,3,3,0,1,3,11824.27,23210.61,0.4891,60431.25,11824.27,49267.34,0.0,49267.34,0.509434
2024-08,Pagbilao,"MICROPORE 1"" - 1530-1 - 3M",1,1,0,1,1,2394.63,8357.72,0.2348,8357.72,2394.63,10752.34,0.0,10752.34,0.286517
2024-08,Pagbilao,MYGEL BLACK,1,1,0,1,1,10719.86,21042.68,0.159,21042.68,10719.86,31762.54,0.0,31762.54,0.509434
2024-08,Pagbilao,NUTRIBOARD WITHOUT BAG,3,3,0,1,3,434.69,1834.97,0.3374,4140.88,2740.6,7055.53,0.0,7055.53,0.236892
2024-08,Pagbilao,RANICLAV 625MG,1,1,0,1,1,2226.95,7772.49,0.2183,7772.49,2226.95,9999.44,0.0,9999.44,0.286517
2024-08,Pagbilao,RECORD BOOK 500PAGES (VALIANT),3,3,0,1,3,16564.010000000002,69830.11000000002,0.6855,69830.11,16564.01,86394.13,0.0,86394.13,0.237204
2024-08,Pagbilao,SHARJVAX 1500 I.U. / 0.7ML,1,1,0,1,1,2555.8,8920.23,0.2506,8920.23,2555.8,11476.03,0.0,11476.03,0.286517
2024-08,Pagbilao,SITIXON 1G,1,1,0,1,1,1747.8,6100.17,0.1714,6100.17,1747.8,7847.97,0.0,7847.97,0.286517
2024-08,Pagbilao,STAPLE WIRE #35,1,1,0,1,1,3299.46,4600.87,0.1804,4600.87,3299.46,7900.33,0.0,7900.33,0.717138
2024-08,Pagbilao,STAPLER STANDARD TYPE (JOY),3,3,0,1,3,442.64,1666.22,0.4031,33407.51,2790.75,17887.41,0.0,17887.41,0.265655
2024-08,Pagbilao,T SHIRT WITH PRINT,3,3,0,1,3,1327.32,3385.2599999999998,1.2348,12434.73,10376.79,23494.52,0.0,23494.52,0.392088
2024-08,Pagbilao,TRASH BAG - BLACK - MEDIUM,1,1,0,1,1,1046.85,3314.04,0.1523,3314.04,1046.85,4360.89,0.0,4360.89,0.315883
2024-08,QMC,EVAPROST 250MCG/ML IV,1,1,0,1,1,2512.66,2828.61,0.1967,2828.61,2512.66,5341.28,0.0,5341.28,0.888302
2024-08,QMC,LACTAMOX 500MG/125MG,1,1,0,1,1,4172.27,4696.91,0.3267,4696.91,4172.27,8869.18,0.0,8869.18,0.888301
2024-08,QMC,LIFERZIN 1G IV,1,1,0,1,1,1681.24,1892.64,0.1316,1892.64,1681.24,3573.88,0.0,3573.88,0.888304
2024-08,QMC,PHYTOBAS 10MG/ML IV,1,1,0,1,1,1956.01,2201.97,0.1531,2201.97,1956.01,4157.98,0.0,4157.98,0.8883
2024-08,QMC,PHYTOMEN 10MG/ML IV,1,1,0,1,1,2449.82,2757.87,0.1918,2757.87,2449.82,5207.68,0.0,5207.68,0.888301
2024-09,Pagbilao,AIRCON SPLIT TYPE 2HP INVERTER (CARRIER),4,4,0,1,4,30013.350000000002,56377.78,0.7062,56377.78,30013.35,86391.12,0.0,86391.12,0.532361
2024-09,Pagbilao,BALLPEN FINEPOINT,1,1,0,1,1,497.59,1692.91,0.1164,1692.91,497.59,2190.5,0.0,2190.5,0.293926
2024-09,Pagbilao,BATHROOM TISSUE 2PLY 12'S (FEMME),1,1,0,1,1,4092.11,8405.31,0.1869,8405.31,4092.11,12497.43,0.0,12497.43,0.486848
2024-09,Pagbilao,CLEAR BOOK LEGAL/LONG,2,2,0,1,2,5043.66,7957.33,0.5243,7957.33,5043.66,13001.0,0.0,13001.0,0.633838
2024-09,Pagbilao,CORRECTION TAPE 20MM,1,1,0,1,1,2332.97,3427.45,0.2754,3427.45,2332.97,5760.42,0.0,5760.42,0.680672
2024-09,Pagbilao,CORRECTION TAPE JOY,2,2,0,1,2,7078.36,11770.95,0.3877,11770.95,7078.36,18849.3,0.0,18849.3,0.601341
2024-09,Pagbilao,ELECTRICAL WIRE #14,2,2,0,1,2,18296.63,35734.68,0.3503,35734.68,18296.63,54031.31,0.0,54031.31,0.512013
2024-09,Pagbilao,HARD COPY SUB#20 (8 1/2X13) LONG,1,1,0,1,1,1001.99,3408.98,0.2344,3408.98,1001.99,4410.97,0.0,4410.97,0.293927
2024-09,Pagbilao,HARD COPY SUB#20 A4,2,2,0,1,2,39101.6,72920.75,0.5656,72920.75,39101.6,112022.34,0.0,112022.34,0.53622
2024-09,Pagbilao,HBW BLACK BALLPEN,2,2,0,1,2,22543.539999999997,44029.200000000004,0.4316,44029.2,22543.54,66572.74,0.0,66572.74,0.512013
2024-09,Pagbilao,INK CARTRIDGE TRI COLOR (HP680),2,2,0,1,2,1576.5,2316.11,0.3147,2316.11,1576.5,3892.62,0.0,3892.62,0.680667
2024-09,Pagbilao,INK EPSON #003 BLACK,2,2,0,1,2,4366.32,6892.85,0.4791,6892.85,4366.32,11259.17,0.0,11259.17,0.633456
2024-09,Pagbilao,INK EPSON #003 CYAN,3,3,0,1,3,6451.5,12105.16,0.6197,12105.16,6451.5,18556.66,0.0,18556.66,0.532955
2024-09,Pagbilao,INK EPSON #003 MAGENTA,4,4,0,1,4,13248.970000000001,22478.34,0.7745,22478.34,13248.97,35727.3,0.0,35727.3,0.589411
2024-09,Pagbilao,INK EPSON #003 YELLOW,3,3,0,1,3,3520.12,5171.54,0.5987,5171.54,3520.12,8691.66,0.0,8691.66,0.680672
2024-09,Pagbilao,MASKING TAPE 1INCH,2,2,0,1,2,2075.08,4262.63,0.2589,4262.63,2075.08,6337.72,0.0,6337.72,0.486807
2024-09,Pagbilao,MYGEL BLACK,1,1,0,1,1,1135.36,1668.0,0.134,1668.0,1135.36,2803.36,0.0,2803.36,0.680671
2024-09,Pagbilao,REFRIGERATOR 22CU.FT TWO DOOR UPRIGHT CHILLER (FUJIDENZO),1,1,0,1,1,4595.45,6751.35,0.1599,6751.35,4595.45,11346.8,0.0,11346.8,0.680671
2024-09,Pagbilao,SCOTCH TAPE 1'',2,2,0,1,2,16542.09,31919.31,0.2926,31919.31,16542.09,48461.4,0.0,48461.4,0.518247
2024-09,Pagbilao,STAPLE WIRE #35,1,1,0,1,1,4712.93,9680.47,0.2152,9680.47,4712.93,14393.4,0.0,14393.4,0.486849
2024-09,Pagbilao,T SHIRT WITH PRINT,1,1,0,1,1,1597.33,5434.45,0.3737,5434.45,1597.33,7031.78,0.0,7031.78,0.293927
2024-09,QMC,AMBIDOL 50MG/ML (100MG/2ML) 2ML,1,1,0,1,1,0.0,0.0,0.2186,42918.71,0.0,17972.5,0.0,17972.5,0.0
2024-09,QMC,ANTIZOAL 5MG/ML (500MG/100ML) 100ML,1,1,0,1,1,9719.24,10716.27,0.3173,10716.27,9719.24,20435.52,0.0,20435.52,0.906961
2024-09,QMC,BABY WASH 100ML (JOHNSON),1,1,0,1,1,3411.22,3761.15,0.1114,3761.15,3411.22,7172.38,0.0,7172.38,0.906962
2024-09,QMC,CETHERGO 200MCG/ML IV,1,1,0,1,1,0.0,0.0,0.1129,22175.23,0.0,9286.02,0.0,9286.02,0.0
2024-09,QMC,DOLO-JAGA 500MG/50MG/100MG/100MCG,2,2,0,1,2,6366.8,7019.92,0.4393,52457.59,6366.8,32414.04,0.0,32414.04,0.906962
2024-09,QMC,EPIX 1MG/ML IV,1,1,0,1,1,2845.01,3136.86,0.0929,3136.86,2845.01,5981.87,0.0,5981.87,0.906961
2024-09,QMC,EUROXONE 1G IV,1,1,0,1,1,0.0,0.0,0.139,27295.44,0.0,11430.15,0.0,11430.15,0.0
2024-09,QMC,LACTAMOX 500MG/125MG,2,2,0,1,2,8286.73,9136.8,0.5687,67676.75,8286.73,41937.52,0.0,41937.52,0.906962
2024-10,Pagbilao,AIRCON SPLIT TYPE 2HP INVERTER (CARRIER),1,1,0,1,1,5958.57,8753.94,0.1753,8753.94,5958.57,14712.51,0.0,14712.51,0.680673
2024-10,Pagbilao,BALLPEN FINEPOINT,5,5,0,1,5,11458.029999999999,16833.399999999998,0.7053,16833.4,11458.03,28291.46,0.0,28291.46,0.680672
2024-10,Pagbilao,BATHROOM TISSUE 2PLY 12'S (FEMME),2,2,0,1,2,253.09,1084.7,0.3602,11011.39,253.09,5539.39,0.0,5539.39,0.233327
2024-10,Pagbilao,BOND PAPER A4 (HARDCOPY),3,3,0,1,3,1757.75,3399.71,0.6053,14781.28,1757.75,9974.86,0.0,9974.86,0.517029
2024-10,Pagbilao,BOND PAPER LONG (HARDCOPY),1,1,0,1,1,5702.23,11519.65,0.2304,11519.65,5702.23,17221.88,0.0,17221.88,0.495
2024-10,Pagbilao,CLEAR BOOK LEGAL/LONG,2,2,0,1,2,4504.34,7452.15,0.4237,7452.15,4504.34,11956.48,0.0,11956.48,0.604435
2024-10,Pagbilao,CORRECTION TAPE 20MM,4,4,0,1,4,5972.21,8773.99,0.8867,23851.19,12322.4,42707.66,0.0,42707.66,0.680672
2024-10,Pagbilao,CORRECTION TAPE JOY,3,3,0,1,3,6078.26,13046.310000000001,0.6987,18221.56,11253.51,38216.74,0.0,38216.74,0.465899
2024-10,Pagbilao,ELECTRICAL WIRE #14,3,3,0,1,3,2862.46,4205.34,0.4185,7815.39,6472.51,20385.73,0.0,20385.73,0.680673
2024-10,Pagbilao,FOLDER ORDINARY WHITE LONG 100'S,3,3,0,1,3,298.2,1277.99,0.5775,19238.11,298.2,9781.71,0.0,9781.71,0.233335
2024-10,Pagbilao,HARD COPY SUB#20 (8 1/2X13) LONG,2,2,0,1,2,13465.06,20796.530000000002,0.632,20796.53,13465.06,34261.58,0.0,34261.58,0.647467
2024-10,Pagbilao,HARD COPY SUB#20 A4,1,1,0,1,1,2087.38,3066.64,0.2735,3066.64,2087.38,5154.01,0.0,5154.01,0.680673
2024-10,Pagbilao,HBW BLACK BALLPEN,3,3,0,1,3,4804.43,7675.96,0.5063,7675.96,4804.43,12480.39,0.0,12480.39,0.625906
2024-10,Pagbilao,INK CARTRIDGE TRI COLOR (HP680),1,1,0,1,1,219.96,942.68,0.1571,942.68,219.96,1162.64,0.0,1162.64,0.233335
2024-10,Pagbilao,INK EPSON #003 BLACK,2,2,0,1,2,6004.23,8821.029999999999,0.3605,8821.03,6004.23,14825.26,0.0,14825.26,0.680672
2024-10,Pagbilao,INK EPSON #003 CYAN,2,2,0,1,2,1404.88,2063.96,0.3267,7899.83,1404.88,6501.31,0.0,6501.31,0.680672
2024-10,Pagbilao,INK EPSON #003 MAGENTA,2,2,0,1,2,3367.07,4946.68,0.3077,4946.68,3367.07,8313.74,0.0,8313.74,0.680673
2024-10,Pagbilao,INK EPSON #003 YELLOW,2,2,0,1,2,6513.97,9569.91,0.3886,20465.37,6513.97,20695.52,0.0,20695.52,0.680672
2024-10,Pagbilao,MASKING TAPE 1INCH,1,1,0,1,1,0.0,0.0,0.1482,3408.69,3408.69,12575.1,0.0,12575.1,0.0
2024-10,Pagbilao,MYGEL BLACK,2,2,0,1,2,8168.0,13888.64,0.278,13888.64,8168.0,22056.64,0.0,22056.64,0.588107
2024-10,Pagbilao,NUTRIBOARD WITHOUT BAG,1,1,0,1,1,0.0,0.0,0.0997,4078.74,0.0,2119.43,0.0,2119.43,0.0
2024-10,Pagbilao,RECORD BOOK 500PAGES (VALIANT),2,2,0,1,2,9120.59,16996.78,0.4351,16996.78,9120.59,26117.39,0.0,26117.39,0.536607
2024-10,Pagbilao,REFRIGERATOR 22CU.FT TWO DOOR UPRIGHT CHILLER (FUJIDENZO),1,1,0,1,1,557.28,818.72,0.139,818.72,557.28,1376.01,0.0,1376.01,0.680672
2024-10,Pagbilao,SCOTCH TAPE 1'',1,1,0,1,1,959.1,1840.23,0.1285,1840.23,959.1,2799.33,0.0,2799.33,0.521185
2024-10,Pagbilao,STAPLE WIRE #35,2,2,0,1,2,0.0,0.0,0.4003,15888.48,4455.82,21277.13,0.0,21277.13,0.0
2024-10,Pagbilao,STAPLER STANDARD TYPE (JOY),2,2,0,1,2,4864.11,8993.539999999999,0.2366,8993.54,4864.11,13857.65,0.0,13857.65,0.540845
2024-10,Pagbilao,T SHIRT WITH PRINT,5,5,0,1,5,20190.73,29662.94,1.9639,45670.84,20190.73,58171.8,0.0,58171.8,0.680672
2024-10,Pagbilao,TRASH BAG - BLACK - MEDIUM,1,1,0,1,1,1019.86,1956.79,0.1366,1956.79,1019.86,2976.65,0.0,2976.65,0.52119
2024-10,QMC,AMBIDOL 50MG/ML (100MG/2ML) 2ML,2,2,0,1,2,56069.86,126157.76,0.3773,126157.76,56069.86,182227.62,0.0,182227.62,0.444442
2024-10,QMC,ANTIZOAL 5MG/ML (500MG/100ML) 100ML,2,2,0,1,2,36603.04,82706.95,0.654,82706.95,36603.04,119309.99,0.0,119309.99,0.442563
2024-10,QMC,DEXAMAX 4MG/ML (8MG/2ML) 2ML,2,2,0,1,2,21345.6,47703.899999999994,0.3794,47703.9,21345.6,69049.5,0.0,69049.5,0.44746
2024-10,QMC,DIFLOSID 25MG/ML 3ML,1,1,0,1,1,50703.69,128321.29,0.2247,128321.29,50703.69,179024.98,0.0,179024.98,0.395131
2024-10,QMC,DOLO-JAGA 500MG/50MG/100MG/100MCG,3,3,0,1,3,68486.38,166535.66999999998,0.6096,166535.67,68486.38,235022.06,0.0,235022.06,0.411242
2024-10,QMC,EUROXONE 1G IV,2,2,0,1,2,36978.2,83201.37,0.2489,83201.37,36978.2,120179.56,0.0,120179.56,0.444442
2024-10,QMC,LACTAMOX 500MG/125MG,1,1,0,1,1,57985.48,146750.1,0.2569,146750.1,57985.48,204735.58,0.0,204735.58,0.395131
2024-10,QMC,LIFERZIN 1G IV,1,1,0,1,1,5048.49,18210.72,0.1158,18210.72,5048.49,23259.21,0.0,23259.21,0.277226
2024-10,QMC,PHYTOMEN 10MG/ML IV,1,1,0,1,1,5814.06,20972.24,0.1334,20972.24,5814.06,26786.3,0.0,26786.3,0.277226
2024-11,Pagbilao,AIRCON SPLIT TYPE 2HP INVERTER (CARRIER),3,3,0,1,3,16122.28,24680.149999999998,0.5333,24680.15,16122.28,40802.42,0.0,40802.42,0.653249
2024-11,Pagbilao,BALLPEN FINEPOINT,2,2,0,1,2,9594.47,14095.59,0.2937,14095.59,9594.47,23690.07,0.0,23690.07,0.680672
2024-11,Pagbilao,BATHROOM TISSUE 2PLY 12'S (FEMME),3,3,0,1,3,29896.21,55687.47,0.5054,77589.6,29896.21,88058.1,0.0,88058.1,0.536857
2024-11,Pagbilao,BOND PAPER A4 (HARDCOPY),3,3,0,1,3,3122.46,5722.81,0.5579,30835.15,3122.46,11682.37,0.0,11682.37,0.545617
2024-11,Pagbilao,BOND PAPER LONG (HARDCOPY),1,1,0,1,1,1114.22,2209.23,0.1601,2209.23,1114.22,3323.44,0.0,3323.44,0.504348
2024-11,Pagbilao,CLEAR BOOK LEGAL/LONG,3,3,0,1,3,22303.47,32766.84,0.7731,32766.84,22303.47,55070.31,0.0,55070.31,0.680672
2024-11,Pagbilao,CORRECTION TAPE 20MM,7,7,0,1,7,64497.98,113196.60999999999,1.6509,113196.61,64497.98,177694.6,0.0,177694.6,0.569787
2024-11,Pagbilao,CORRECTION TAPE JOY,2,2,0,1,2,8083.61,11875.92,0.4161,11875.92,8083.61,19959.53,0.0,19959.53,0.680672
2024-11,Pagbilao,ELECTRICAL WIRE #14,5,5,0,1,5,14311.969999999998,25168.55,0.7428,25168.55,14311.97,39480.51,0.0,39480.51,0.568645
2024-11,Pagbilao,FOLDER ORDINARY WHITE LONG 100'S,5,5,0,1,5,36633.88,66106.81,0.8989,66106.81,36633.88,102740.7,0.0,102740.7,0.554162
2024-11,Pagbilao,HARD COPY SUB#20 (8 1/2X13) LONG,4,4,0,1,4,17629.379999999997,32467.800000000003,1.0519,32467.8,17629.38,50097.17,0.0,50097.17,0.54298
2024-11,Pagbilao,HARD COPY SUB#20 A4,3,3,0,1,3,3087.48,3932.3599999999997,0.6912,39650.81,3087.48,11055.18,0.0,11055.18,0.785147
2024-11,Pagbilao,HBW BLACK BALLPEN,1,1,0,1,1,6124.57,12963.04,0.1879,12963.04,6124.57,19087.61,0.0,19087.61,0.472464
2024-11,Pagbilao,INK CARTRIDGE TRI COLOR (HP680),1,1,0,1,1,1379.4,1704.88,0.1148,1704.88,1379.4,3084.28,0.0,3084.28,0.809089
2024-11,Pagbilao,INK EPSON #003 BLACK,3,3,0,1,3,1896.4,2786.07,0.6473,2786.07,1896.4,4682.47,0.0,4682.47,0.680672
2024-11,Pagbilao,INK EPSON #003 CYAN,3,3,0,1,3,12395.609999999999,18242.29,0.4743,18242.29,12395.61,30637.89,0.0,30637.89,0.679499
2024-11,Pagbilao,INK EPSON #003 MAGENTA,1,1,0,1,1,2205.24,4326.81,0.2118,4326.81,2205.24,6532.06,0.0,6532.06,0.509669
2024-11,Pagbilao,MARKER BLACK (PILOT),3,3,0,1,3,6209.98,12582.99,0.4515,12582.99,6209.98,18792.97,0.0,18792.97,0.493522
2024-11,Pagbilao,MASKING TAPE 1INCH,4,4,0,1,4,27563.97,49662.93000000001,0.5448,49662.93,27563.97,77226.9,0.0,77226.9,0.555021
2024-11,Pagbilao,MYGEL BLACK,2,2,0,1,2,914.1500000000001,1686.9900000000002,0.2236,1686.99,914.15,2601.14,0.0,2601.14,0.541882
2024-11,Pagbilao,NUTRIBOARD WITHOUT BAG,2,2,0,1,2,815.73,1220.42,0.1928,18022.37,815.73,3934.38,0.0,3934.38,0.668401
2024-11,Pagbilao,RECORD BOOK 500PAGES (VALIANT),5,5,0,1,5,7409.2,11575.199999999999,1.0356,11575.2,7409.2,18984.4,0.0,18984.4,0.640093
2024-11,Pagbilao,REFRIGERATOR 22CU.FT TWO DOOR UPRIGHT CHILLER (FUJIDENZO),1,1,0,1,1,1058.68,1555.35,0.1399,1555.35,1058.68,2614.03,0.0,2614.03,0.68067
2024-11,Pagbilao,SCOTCH TAPE 1'',1,1,0,1,1,423.27,640.24,0.1069,640.24,423.27,1063.51,0.0,1063.51,0.661111
2024-11,Pagbilao,STAPLE WIRE #35,1,1,0,1,1,6135.31,12985.79,0.1882,12985.79,6135.31,19121.11,0.0,19121.11,0.472463
2024-11,Pagbilao,STAPLER STANDARD TYPE (JOY),1,1,0,1,1,1443.34,2120.47,0.1013,2120.47,1443.34,3563.81,0.0,3563.81,0.68067
2024-11,Pagbilao,T SHIRT WITH PRINT,7,7,0,1,7,23765.98,35253.060000000005,2.6865,101195.43,23765.98,66468.96,0.0,66468.96,0.674154
2024-11,Pagbilao,TRASH BAG - BLACK - MEDIUM,3,3,0,1,3,32689.210000000003,57221.880000000005,0.4176,57221.88,32689.21,89911.08,0.0,89911.08,0.571271
2024-12,Pagbilao,BALLPEN FINEPOINT,3,3,0,1,3,1042.39,1321.16,0.4672,414481.65,1042.39,129728.77,0.0,129728.77,0.788996
2024-12,Pagbilao,BATHROOM TISSUE 2PLY 12'S (FEMME),2,2,0,1,2,0.0,0.0,0.3509,470156.52,0.0,152914.54,0.0,152914.54,0.0
2024-12,Pagbilao,BOND PAPER A4 (HARDCOPY),4,4,0,1,4,9208.54,70769.32,0.6679,76290.27,13181.23,93529.78,0.0,93529.78,0.130121
2024-12,Pagbilao,BOND PAPER LONG (HARDCOPY),3,3,0,1,3,116848.90000000001,231159.6,0.6558,294171.12,116848.9,358569.73,0.0,358569.73,0.50549
2024-12,Pagbilao,CLEAR BOOK LEGAL/LONG,3,3,0,1,3,80838.03,313242.0,0.7168,985773.98,80838.03,603133.7,0.0,603133.7,0.258069
2024-12,Pagbilao,CORRECTION TAPE 20MM,4,4,0,1,4,5931.99,8714.9,1.0526,86631.23,9974.06,58912.39,0.0,58912.39,0.680672
2024-12,Pagbilao,CORRECTION TAPE JOY,3,3,0,1,3,604.9,2261.38,0.6136,1227958.87,647309.75,1483028.33,0.0,1483028.33,0.267492
2024-12,Pagbilao,ELECTRICAL WIRE #14,3,3,0,1,3,48204.96,187891.90000000002,0.4143,188567.11,48880.17,237461.99,0.0,237461.99,0.256557
2024-12,Pagbilao,FOLDER ORDINARY WHITE LONG 100'S,7,7,0,1,7,19622.13,36130.41,1.3553,137144.51,20802.93,91027.99,0.0,91027.99,0.543092
2024-12,Pagbilao,HARD COPY SUB#20 (8 1/2X13) LONG,3,3,0,1,3,29385.7,54312.39,0.8764,967373.7,942447.01,1919386.11,0.0,1919386.11,0.54105
2024-12,Pagbilao,HARD COPY SUB#20 A4,4,4,0,1,4,227233.02999999997,612255.0,0.8813,616271.12,231249.15,851465.18,0.0,851465.18,0.371141
2024-12,Pagbilao,HBW BLACK BALLPEN,3,3,0,1,3,59814.78,231778.28,0.5351,286290.87,59814.78,300729.8,0.0,300729.8,0.258069
2024-12,Pagbilao,INK CARTRIDGE TRI COLOR (HP680),5,5,0,1,5,77457.25,153138.2,0.6128,156451.97,79597.47,237717.81,0.0,237717.81,0.5058
2024-12,Pagbilao,INK EPSON #003 CYAN,5,5,0,1,5,400.04,916.28,0.9112,65201.95,4203.06,23456.47,0.0,23456.47,0.436591
2024-12,Pagbilao,INK EPSON #003 MAGENTA,9,9,0,1,9,115208.39,224293.47999999998,1.5002,275588.76,117102.65,366625.63,0.0,366625.63,0.51365
2024-12,Pagbilao,INK EPSON #003 YELLOW,2,2,0,1,2,801.74,1177.86,0.3391,2660.0,801.74,2913.71,0.0,2913.71,0.680675
2024-12,Pagbilao,MARKER BLACK (PILOT),4,4,0,1,4,8930.03,64975.38,0.5862,72637.6,8930.03,75156.77,0.0,75156.77,0.137437
2024-12,Pagbilao,MASKING TAPE 1INCH,1,1,0,1,1,421.07,1578.19,0.1207,1578.19,421.07,1999.26,0.0,1999.26,0.266806
2024-12,Pagbilao,MYGEL BLACK,5,5,0,1,5,9832.800000000001,19396.77,0.6808,87658.17,10410.81,51418.72,0.0,51418.72,0.50693
2024-12,Pagbilao,NUTRIBOARD WITHOUT BAG,1,1,0,1,1,6161.17,47349.75,0.1141,47349.75,6161.17,53510.93,0.0,53510.93,0.13012
2024-12,Pagbilao,RECORD BOOK 500PAGES (VALIANT),4,4,0,1,4,6186.429999999999,10649.93,0.8445,747280.38,742816.88,1497826.77,0.0,1497826.77,0.580889
2024-12,Pagbilao,REFRIGERATOR 22CU.FT TWO DOOR UPRIGHT CHILLER (FUJIDENZO),1,1,0,1,1,0.0,0.0,0.1481,466652.65,466652.65,938194.05,0.0,938194.05,0.0
2024-12,Pagbilao,SCOTCH TAPE 1'',4,4,0,1,4,7338.56,50672.93,0.4779,439808.44,395390.2,838863.18,0.0,838863.18,0.144822
2024-12,Pagbilao,STAPLER STANDARD TYPE (JOY),2,2,0,1,2,9706.74,19720.56,0.243,19720.56,9706.74,29427.3,0.0,29427.3,0.492214
2024-12,Pagbilao,T SHIRT WITH PRINT,9,9,0,1,9,448399.47000000003,1325491.3900000001,3.684,1334753.02,453595.52,1791769.61,0.0,1791769.61,0.338289
2024-12,Pagbilao,TRASH BAG - BLACK - MEDIUM,1,1,0,1,1,0.0,0.0,0.1502,369430.4,0.0,114835.83,0.0,114835.83,0.0
2024-12,QMC,AIRCON SPLIT TYPE 2HP INVERTER (CARRIER),1,1,0,1,1,2475.98,3152.1,0.1876,3152.1,2475.98,5628.08,0.0,5628.08,0.785502
2024-12,QMC,CLEAR BOOK LEGAL/LONG,1,1,0,1,1,9043.82,15401.54,0.2513,15401.54,9043.82,24445.36,0.0,24445.36,0.587202
2024-12,QMC,HARD COPY SUB#20 A4,2,2,0,1,2,13513.93,21285.12,0.5685,21285.12,13513.93,34799.04,0.0,34799.04,0.6349
2024-12,QMC,INK EPSON #003 CYAN,1,1,0,1,1,6388.66,10879.82,0.1775,10879.82,6388.66,17268.48,0.0,17268.48,0.587203
2024-12,QMC,INK EPSON #003 YELLOW,1,1,0,1,1,6388.65,10879.82,0.1775,10879.82,6388.65,17268.48,0.0,17268.48,0.587202
2024-12,QMC,MARKER BLACK (PILOT),1,1,0,1,1,2457.37,3128.41,0.1862,3128.41,2457.37,5585.79,0.0,5585.79,0.785501
2024-12,QMC,NOTEBOOK SPIRAL 80 LEAVES,1,1,0,1,1,1862.67,2371.31,0.1411,2371.31,1862.67,4233.98,0.0,4233.98,0.785503
2024-12,QMC,REFRIGERATOR 22CU.FT TWO DOOR UPRIGHT CHILLER (FUJIDENZO),1,1,0,1,1,2380.32,3030.32,0.1804,3030.32,2380.32,5410.63,0.0,5410.63,0.785501
2024-12,QMC,SCOTCH TAPE 1'',1,1,0,1,1,4671.92,7956.24,0.1298,7956.24,4671.92,12628.16,0.0,12628.16,0.587202
2025-01,Pagbilao,BALLPEN FINEPOINT,1,1,0,1,1,0.0,0.0,0.1644,695097.82,695097.82,1901143.37,0.0,1901143.37,0.0
2025-01,Pagbilao,BOND PAPER LONG (HARDCOPY),1,1,0,1,1,0.0,0.0,0.2329,984925.46,984925.46,2693843.15,0.0,2693843.15,0.0
2025-01,Pagbilao,CORRECTION TAPE 20MM,1,1,0,1,1,149205.17,294975.41,0.2147,294975.41,149205.17,444180.58,0.0,444180.58,0.505822
2025-01,Pagbilao,ELECTRICAL WIRE #14,1,1,0,1,1,0.0,0.0,0.1635,691558.98,691558.98,1891464.39,0.0,1891464.39,0.0
2025-01,Pagbilao,HBW BLACK BALLPEN,1,1,0,1,1,0.0,0.0,0.2015,852079.67,852079.67,2330500.22,0.0,2330500.22,0.0
2025-01,Pagbilao,INK EPSON #003 BLACK,2,2,0,1,2,123351.54,243863.32,0.4153,1249550.83,1129039.05,3117843.73,0.0,3117843.73,0.505822
2025-01,Pagbilao,MASKING TAPE 1INCH,1,1,0,1,1,80090.95,158338.07,0.1152,158338.07,80090.95,238429.02,0.0,238429.02,0.505822
2025-01,Pagbilao,NOTEBOOK SPIRAL 80 LEAVES,1,1,0,1,1,68662.14,135743.58,0.0988,135743.58,68662.14,204405.72,0.0,204405.72,0.505822
2025-01,Pagbilao,T SHIRT WITH PRINT,1,1,0,1,1,273690.2,541079.62,0.3938,541079.62,273690.2,814769.82,0.0,814769.82,0.505822
2025-02,Pagbilao,BOND PAPER LONG (HARDCOPY),1,1,0,1,1,0.0,0.0,0.2319,49474.76,0.0,24352.13,0.0,24352.13,0.0
2025-02,Pagbilao,HARD COPY SUB#20 (8 1/2X13) LONG,1,1,0,1,1,0.0,0.0,0.2846,745378.42,0.0,217612.04,0.0,217612.04,0.0
2025-02,Pagbilao,HARD COPY SUB#20 A4,2,2,0,1,2,10896.57,83742.19,0.4475,727379.46,10896.57,282547.64,0.0,282547.64,0.13012
2025-02,Pagbilao,HBW BLACK BALLPEN,1,1,0,1,1,0.0,0.0,0.1733,453748.94,0.0,132471.28,0.0,132471.28,0.0
2025-02,Pagbilao,INK CARTRIDGE TRI COLOR (HP680),1,1,0,1,1,0.0,0.0,0.131,342999.26,0.0,100138.08,0.0,100138.08,0.0
2025-02,Pagbilao,INK EPSON #003 BLACK,1,1,0,1,1,0.0,0.0,0.2368,50517.68,0.0,24865.47,0.0,24865.47,0.0
2025-02,Pagbilao,INK EPSON #003 YELLOW,1,1,0,1,1,0.0,0.0,0.1654,433192.07,0.0,126469.73,0.0,126469.73,0.0
2025-02,Pagbilao,NOTEBOOK SPIRAL 80 LEAVES,1,1,0,1,1,0.0,0.0,0.1318,28120.06,0.0,13841.07,0.0,13841.07,0.0
2025-02,Pagbilao,NUTRIBOARD WITHOUT BAG,2,2,0,1,2,5125.75,39392.32,0.2288,67952.0,5125.75,58575.51,0.0,58575.51,0.130121
2025-02,Pagbilao,RECORD BOOK 500PAGES (VALIANT),2,2,0,1,2,10165.43,78123.22,0.4538,134763.04,10165.43,116167.53,0.0,116167.53,0.13012
2025-02,Pagbilao,STAPLE WIRE #35,1,1,0,1,1,7695.31,59139.85,0.1425,59139.85,7695.31,66835.15,0.0,66835.15,0.130121
2025-02,Pagbilao,T SHIRT WITH PRINT,1,1,0,1,1,20116.94,154602.42,0.3725,154602.42,20116.94,174719.37,0.0,174719.37,0.13012
2025-03,Gulang Gulang,BENERVA PLUS 500MG/50MG/100MG/100MCG,1,1,0,1,1,1364.51,5031.47,0.1451,5031.47,1364.51,6395.98,0.0,6395.98,0.271195
2025-03,Gulang Gulang,JAGA 300MG/100MG/100MCG CAP,1,1,0,1,1,3147.84,11607.24,0.3347,11607.24,3147.84,14755.08,0.0,14755.08,0.271196
2025-03,Gulang Gulang,PHYTOBAS 10MG/ML IV,1,1,0,1,1,1377.86,5080.66,0.1465,5080.66,1377.86,6458.51,0.0,6458.51,0.271197
2025-03,Gulang Gulang,SOLVAPRINE 10MG TAB,1,1,0,1,1,1537.97,5671.05,0.1635,5671.05,1537.97,7209.02,0.0,7209.02,0.271197
2025-03,Gulang Gulang,VOXOLL 15MG/5ML,1,1,0,1,1,1975.82,7285.58,0.2101,7285.58,1975.82,9261.41,0.0,9261.41,0.271196
2025-03,QMC,ARCH FILE LONG 3INCHES,1,1,0,1,1,8791.4,16951.28,0.0606,16951.28,8791.4,25742.68,0.0,25742.68,0.518628
2025-03,QMC,BREAD,1,1,0,1,1,22996.04,44340.23,0.1585,44340.23,22996.04,67336.27,0.0,67336.27,0.518627
2025-03,QMC,CAMERA WITH SD CARD AND LENS EOS RP RF24-105MM PRO (CANON),1,1,0,1,1,45985.09,88666.97,0.317,88666.97,45985.09,134652.07,0.0,134652.07,0.518627
2025-03,QMC,MINERAL WATER 330ML (NATURE SPRING),1,1,0,1,1,21879.2,42186.77,0.1508,42186.77,21879.2,64065.97,0.0,64065.97,0.518627
2025-03,QMC,"QMC 787,170",1,1,0,1,1,45408.27,87554.75,0.313,87554.75,45408.27,132963.01,0.0,132963.01,0.518627
2025-04,PESO Provincial,AMCETAM 150MG/ML 2ML,1,1,0,1,1,128307.74,246861.09,0.391,246861.09,128307.74,375168.82,0.0,375168.82,0.519757
2025-04,PESO Provincial,AZCORE 500MG TAB,1,1,0,1,1,34381.59,66149.37,0.1048,66149.37,34381.59,100530.96,0.0,100530.96,0.519757
2025-04,PESO Provincial,BOND PAPER LONG (HARDCOPY),1,1,0,1,1,6083.59,11542.39,0.1739,11542.39,6083.59,17625.98,0.0,17625.98,0.527065
2025-04,PESO Provincial,CORRECTION TAPE 20MM,1,1,0,1,1,7513.78,14255.91,0.2148,14255.91,7513.78,21769.7,0.0,21769.7,0.527064
2025-04,PESO Provincial,CORRECTION TAPE JOY,1,1,0,1,1,0.0,0.0,0.1682,2194.19,0.0,1651.76,0.0,1651.76,0.0
2025-04,PESO Provincial,ENOXAGET-40 40MG/0.4ML,1,1,0,1,1,51100.83,98316.81,0.1557,98316.81,51100.83,149417.64,0.0,149417.64,0.519757
2025-04,PESO Provincial,EPICARE 1MG/ML IV,1,1,0,1,1,62026.06,119336.69,0.189,119336.69,62026.06,181362.76,0.0,181362.76,0.519757
2025-04,PESO Provincial,HARD COPY SUB#20 (8 1/2X13) LONG,1,1,0,1,1,8645.64,16403.38,0.2472,16403.38,8645.64,25049.01,0.0,25049.01,0.527065
2025-04,PESO Provincial,HARD COPY SUB#20 A4,1,1,0,1,1,7465.54,14164.38,0.2134,14164.38,7465.54,21629.92,0.0,21629.92,0.527064
2025-04,PESO Provincial,HBW BLACK BALLPEN,1,1,0,1,1,0.0,0.0,0.1446,1885.85,0.0,1419.65,0.0,1419.65,0.0
2025-04,PESO Provincial,INK EPSON #003 BLACK,1,1,0,1,1,0.0,0.0,0.1706,2225.81,0.0,1675.56,0.0,1675.56,0.0
2025-04,PESO Provincial,INK EPSON #003 MAGENTA,1,1,0,1,1,0.0,0.0,0.138,1800.41,0.0,1355.33,0.0,1355.33,0.0
2025-04,PESO Provincial,IV CANNULA WITH WINGS & INJECTION VALVE G20 1.1X32MM (CATHULA),1,1,0,1,1,52298.58,100621.24,0.1594,100621.24,52298.58,152919.82,0.0,152919.82,0.519757
2025-04,PESO Provincial,STAPLE WIRE #35,1,1,0,1,1,5272.28,10003.11,0.1507,10003.11,5272.28,15275.39,0.0,15275.39,0.527064
2025-04,PESO Provincial,T SHIRT WITH PRINT,1,1,0,1,1,0.0,0.0,0.3786,4938.59,0.0,3717.7,0.0,3717.7,0.0
2025-04,Pagbilao,BALLPEN FINEPOINT,1,1,0,1,1,463.57,891.9,0.1373,891.9,463.57,1355.47,0.0,1355.47,0.519756
2025-04,Pagbilao,NUTRIBOARD WITHOUT BAG,1,1,0,1,1,379.18,729.52,0.1123,729.52,379.18,1108.7,0.0,1108.7,0.519766
2025-04,Pagbilao,REFRIGERATOR 22CU.FT TWO DOOR UPRIGHT CHILLER (FUJIDENZO),1,1,0,1,1,477.09,917.92,0.1413,917.92,477.09,1395.01,0.0,1395.01,0.519751
2025-04,Pagbilao,STAPLE WIRE #35,1,1,0,1,1,569.26,1095.25,0.1686,1095.25,569.26,1664.51,0.0,1664.51,0.519753
2025-04,Pagbilao,T SHIRT WITH PRINT,1,1,0,1,1,1488.15,2863.16,0.4406,2863.16,1488.15,4351.31,0.0,4351.31,0.519758
2025-04,QMC,ARCH FILE LONG 3INCHES,1,1,0,1,1,0.0,0.0,0.0606,4991.75,0.0,1753.31,0.0,1753.31,0.0
2025-04,QMC,BREAD,1,1,0,1,1,0.0,0.0,0.1585,13057.14,0.0,4586.21,0.0,4586.21,0.0
2025-04,QMC,CAMERA WITH SD CARD AND LENS EOS RP RF24-105MM PRO (CANON),1,1,0,1,1,0.0,0.0,0.317,26110.32,0.0,9171.02,0.0,9171.02,0.0
2025-04,QMC,MINERAL WATER 330ML (NATURE SPRING),1,1,0,1,1,0.0,0.0,0.1508,12423.0,0.0,4363.47,0.0,4363.47,0.0
2025-04,QMC,"QMC 787,170",1,1,0,1,1,0.0,0.0,0.313,25782.79,0.0,9055.99,0.0,9055.99,0.0
2025-05,Gulang Gulang,BENERVA PLUS 500MG/50MG/100MG/100MCG,1,1,0,1,1,4115.56,8231.12,0.2544,8231.12,4115.56,12346.68,0.0,12346.68,0.5
2025-05,Gulang Gulang,CENDALEX 100MG/ML,1,1,0,1,1,3346.8,6693.6,0.2069,6693.6,3346.8,10040.4,0.0,10040.4,0.5
2025-05,Gulang Gulang,CIUMADE TAB,1,1,0,1,1,4179.36,8358.72,0.2584,8358.72,4179.36,12538.07,0.0,12538.07,0.5
2025-05,Gulang Gulang,HYCLENS OB WASH 1% 100ML,1,1,0,1,1,2267.72,4535.43,0.1402,4535.43,2267.72,6803.15,0.0,6803.15,0.500001
2025-05,Gulang Gulang,HYCLENS WOUND SPRAY (60ML),1,1,0,1,1,2265.56,4531.13,0.1401,4531.13,2265.56,6796.7,0.0,6796.7,0.499999
2025-05,Pagbilao,AIRCON SPLIT TYPE 2HP INVERTER (CARRIER),2,2,0,1,2,3307.48,7159.37,0.344,545450.26,541598.37,1179506.59,0.0,1179506.59,0.461979
2025-05,Pagbilao,AMCETAM 150MG/ML 2ML,1,1,0,1,1,74498.76,365125.66,0.3072,365125.66,74498.76,439624.42,0.0,439624.42,0.204036
2025-05,Pagbilao,BOND PAPER A4 (HARDCOPY),2,2,0,1,2,91911.71,210475.1,0.3499,825189.05,706625.66,1637399.26,0.0,1637399.26,0.436687
2025-05,Pagbilao,BOND PAPER LONG (HARDCOPY),1,1,0,1,1,0.0,0.0,0.2443,712486.67,712486.67,1547351.53,0.0,1547351.53,0.0
2025-05,Pagbilao,CLEAR BOOK LEGAL/LONG,1,1,0,1,1,5118.5,11079.51,0.2467,11079.51,5118.5,16198.0,0.0,16198.0,0.461979
2025-05,Pagbilao,CORRECTION TAPE JOY,1,1,0,1,1,737.51,1418.95,0.2388,1418.95,737.51,2156.46,0.0,2156.46,0.519758
2025-05,Pagbilao,EPICARE 1MG/ML IV,2,2,0,1,2,157255.57,525304.94,0.3764,525304.94,157255.57,682560.51,0.0,682560.51,0.299361
2025-05,Pagbilao,FLUCYSTEINE 200MG 30'S,1,1,0,1,1,89946.02,258762.89,0.1691,258762.89,89946.02,348708.91,0.0,348708.91,0.3476
2025-05,Pagbilao,FOLDER ORDINARY WHITE LONG 100'S,1,1,0,1,1,0.0,0.0,0.2166,631673.42,631673.42,1371844.38,0.0,1371844.38,0.0
2025-05,Pagbilao,GLOVES MEDIUM LATEX NONSTERILE (SURGITECH),1,1,0,1,1,87747.83,252438.98,0.165,252438.98,87747.83,340186.81,0.0,340186.81,0.3476
2025-05,Pagbilao,HARD COPY SUB#20 (8 1/2X13) LONG,2,2,0,1,2,157616.61,360157.39999999997,0.529,360157.4,157616.61,517774.01,0.0,517774.01,0.437633
2025-05,Pagbilao,HARD COPY SUB#20 A4,1,1,0,1,1,899.14,1729.92,0.2911,1729.92,899.14,2629.06,0.0,2629.06,0.519758
2025-05,Pagbilao,INK EPSON #003 CYAN,1,1,0,1,1,87986.33,201486.09,0.1332,201486.09,87986.33,289472.41,0.0,289472.41,0.436687
2025-05,Pagbilao,INK EPSON #003 YELLOW,2,2,0,1,2,91602.07,209312.73,0.3074,209312.73,91602.07,300914.79,0.0,300914.79,0.437633
2025-05,Pagbilao,IV CANNULA WITH INJECTION PORT LUER LOCK G24 0.7X19MM (CATHULA),1,1,0,1,1,150571.76,433175.17,0.2831,433175.17,150571.76,583746.93,0.0,583746.93,0.3476
2025-05,Pagbilao,IV CANNULA WITH WINGS LUER LOCK G18 1.5X38MM (CATHULA),1,1,0,1,1,44800.05,219569.39,0.1847,219569.39,44800.05,264369.44,0.0,264369.44,0.204036
2025-05,Pagbilao,MARKER BLACK (PILOT),1,1,0,1,1,549.41,1057.05,0.1779,1057.05,549.41,1606.45,0.0,1606.45,0.519758
2025-05,Pagbilao,MASKING TAPE 1INCH,1,1,0,1,1,485.76,934.59,0.1573,934.59,485.76,1420.36,0.0,1420.36,0.519757
2025-05,Pagbilao,MICROPORE 1X10 2.5CMX9.1M (3M),1,1,0,1,1,82398.77,237050.42,0.1549,237050.42,82398.77,319449.19,0.0,319449.19,0.3476
2025-05,Pagbilao,NEBULIZER KIT ADULT (SURGITECH),1,1,0,1,1,32984.2,161658.73,0.136,161658.73,32984.2,194642.92,0.0,194642.92,0.204036
2025-05,Pagbilao,NOTEBOOK SPIRAL 80 LEAVES,2,2,0,1,2,2904.66,6187.24,0.2548,6187.24,2904.66,9091.91,0.0,9091.91,0.46946
2025-05,Pagbilao,PLAZIMIDE 5MG/ML (10MG/2ML),1,1,0,1,1,54212.1,265698.76,0.2235,265698.76,54212.1,319910.87,0.0,319910.87,0.204036
2025-05,Pagbilao,STAPLER STANDARD TYPE (JOY),1,1,0,1,1,0.0,0.0,0.1437,418900.35,418900.35,909751.91,0.0,909751.91,0.0
2025-05,Pagbilao,T SHIRT WITH PRINT,1,1,0,1,1,241349.55,552683.32,0.3653,552683.32,241349.55,794032.88,0.0,794032.88,0.436687
2025-05,Provincial Tourism Office,BOND PAPER LONG (HARDCOPY),2,2,0,1,2,11006.77,21176.760000000002,0.4418,21176.76,11006.77,32183.52,0.0,32183.52,0.519757
2025-05,Provincial Tourism Office,CLEAR BOOK LEGAL/LONG,1,1,0,1,1,1906.46,3667.98,0.2596,3667.98,1906.46,5574.44,0.0,5574.44,0.519757
2025-05,Provincial Tourism Office,CORRECTION TAPE JOY,1,1,0,1,1,1641.29,3157.81,0.2235,3157.81,1641.29,4799.1,0.0,4799.1,0.519756
2025-05,Provincial Tourism Office,HARD COPY SUB#20 A4,1,1,0,1,1,11506.09,22137.46,0.2697,22137.46,11506.09,33643.55,0.0,33643.55,0.519757
2025-05,Provincial Tourism Office,MYGEL BLACK,2,2,0,1,2,6615.8,12728.63,0.2656,12728.63,6615.8,19344.43,0.0,19344.43,0.519757
2025-05,Provincial Tourism Office,NUTRIBOARD WITHOUT BAG,1,1,0,1,1,5412.43,10413.38,0.1269,10413.38,5412.43,15825.81,0.0,15825.81,0.519757
2025-05,Provincial Tourism Office,RECORD BOOK 500PAGES (VALIANT),1,1,0,1,1,10734.08,20652.13,0.2516,20652.13,10734.08,31386.21,0.0,31386.21,0.519757
2025-05,Provincial Tourism Office,REFRIGERATOR 22CU.FT TWO DOOR UPRIGHT CHILLER (FUJIDENZO),1,1,0,1,1,1184.32,2278.61,0.1613,2278.61,1184.32,3462.94,0.0,3462.94,0.519755
2025-05,QMC,ARCH FILE LONG 3INCHES,3,3,0,1,3,9916.39,11304.51,0.1818,11304.51,9916.39,21220.9,0.0,21220.9,0.877207
2025-05,QMC,BREAD,3,3,0,1,3,25938.730000000003,29569.72,0.4756,29569.72,25938.73,55508.44,0.0,55508.44,0.877206
2025-05,QMC,CAMERA WITH SD CARD AND LENS EOS RP RF24-105MM PRO (CANON),3,3,0,1,3,51869.57,59130.439999999995,0.951,59130.44,51869.57,111000.03,0.0,111000.03,0.877206
2025-05,QMC,MINERAL WATER 330ML (NATURE SPRING),3,3,0,1,3,24678.97,28133.61,0.4525,28133.61,24678.97,52812.58,0.0,52812.58,0.877206
2025-05,QMC,"QMC 787,170",3,3,0,1,3,51218.939999999995,58388.719999999994,0.9391,58388.72,51218.94,109607.65,0.0,109607.65,0.877206
2025-06,Gulang Gulang,DOLO-JAGA 500MG/50MG/100MG/100MCG,1,1,0,1,1,1545.01,1545.01,0.1177,1545.01,1545.01,3090.02,0.0,3090.02,1.0
2025-06,Gulang Gulang,FERGLOBIN 250MG CAP,1,1,0,1,1,3146.68,3146.68,0.2397,3146.68,3146.68,6293.36,0.0,6293.36,1.0
2025-06,Gulang Gulang,KZIDINE 35MG,1,1,0,1,1,3732.46,3732.46,0.2844,3732.46,3732.46,7464.93,0.0,7464.93,1.0
2025-06,Gulang Gulang,TRIVASC 35MG,1,1,0,1,1,2079.04,2079.04,0.1584,2079.04,2079.04,4158.08,0.0,4158.08,1.0
2025-06,Gulang Gulang,VOXOLL 15MG/5ML,1,1,0,1,1,2621.81,2621.81,0.1998,2621.81,2621.81,5243.61,0.0,5243.61,1.0
2025-06,PESO,CORRECTION TAPE 20MM,1,1,0,1,1,4955.29,9533.85,0.2618,9533.85,4955.29,14489.14,0.0,14489.14,0.519757
2025-06,PESO,CORRECTION TAPE JOY,1,1,0,1,1,1065.06,2049.16,0.1762,2049.16,1065.06,3114.21,0.0,3114.21,0.519754
2025-06,PESO,FOLDER ORDINARY WHITE LONG 100'S,1,1,0,1,1,938.05,1804.77,0.1552,1804.77,938.05,2742.82,0.0,2742.82,0.519762
2025-06,PESO,HARD COPY SUB#20 A4,1,1,0,1,1,4923.64,9472.96,0.2601,9472.96,4923.64,14396.6,0.0,14396.6,0.519757
2025-06,PESO,INK EPSON #003 MAGENTA,1,1,0,1,1,3313.85,6375.78,0.1751,6375.78,3313.85,9689.63,0.0,9689.63,0.519756
2025-06,PESO,INK EPSON #003 YELLOW,2,2,0,1,2,4187.8099999999995,8057.26,0.3197,8057.26,4187.81,12245.08,0.0,12245.08,0.519756
2025-06,PESO,REFRIGERATOR 22CU.FT TWO DOOR UPRIGHT CHILLER (FUJIDENZO),1,1,0,1,1,768.62,1478.81,0.1272,1478.81,768.62,2247.43,0.0,2247.43,0.519756
2025-06,PESO,SCOTCH TAPE 1'',1,1,0,1,1,2423.07,4661.93,0.128,4661.93,2423.07,7085.0,0.0,7085.0,0.519757
2025-06,PESO,T SHIRT WITH PRINT,1,1,0,1,1,2397.45,4612.64,0.3967,4612.64,2397.45,7010.09,0.0,7010.09,0.519757
2025-06,Pagbilao,AIRCON SPLIT TYPE 2HP INVERTER (CARRIER),2,2,0,1,2,2627.79,5055.79,0.3302,5055.79,2627.79,7683.58,0.0,7683.58,0.519759
2025-06,Pagbilao,BALLPEN FINEPOINT,2,2,0,1,2,16576.22,40774.05,0.2805,40774.05,16576.22,57350.27,0.0,57350.27,0.406538
2025-06,Pagbilao,BATHROOM TISSUE 2PLY 12'S (FEMME),2,2,0,1,2,2763.74,4789.0,0.257,4789.0,2763.74,7552.74,0.0,7552.74,0.577102
2025-06,Pagbilao,BOND PAPER A4 (HARDCOPY),1,1,0,1,1,49991.27,96182.04,0.2248,96182.04,49991.27,146173.31,0.0,146173.31,0.519757
2025-06,Pagbilao,BOND PAPER LONG (HARDCOPY),1,1,0,1,1,12918.54,24854.97,0.1643,24854.97,12918.54,37773.5,0.0,37773.5,0.519757
2025-06,Pagbilao,CLEAR BOOK LEGAL/LONG,2,2,0,1,2,27693.67,54359.76,0.4796,54359.76,27693.67,82053.42,0.0,82053.42,0.509452
2025-06,Pagbilao,CORRECTION TAPE 20MM,3,3,0,1,3,7196.929999999999,14118.099999999999,0.7562,14118.1,7196.93,21315.03,0.0,21315.03,0.509766
2025-06,Pagbilao,CORRECTION TAPE JOY,2,2,0,1,2,4339.22,8348.55,0.387,8348.55,4339.22,12687.77,0.0,12687.77,0.519757
2025-06,Pagbilao,FOLDER ORDINARY WHITE LONG 100'S,2,2,0,1,2,12708.92,24451.66,0.3407,24451.66,12708.92,37160.58,0.0,37160.58,0.519757
2025-06,Pagbilao,HARD COPY SUB#20 (8 1/2X13) LONG,2,2,0,1,2,43525.56,101627.44,0.6083,101627.44,43525.56,145153.0,0.0,145153.0,0.428286
2025-06,Pagbilao,HARD COPY SUB#20 A4,3,3,0,1,3,21933.47,42199.48,0.6699,42199.48,21933.47,64132.93,0.0,64132.93,0.519757
2025-06,Pagbilao,HBW BLACK BALLPEN,1,1,0,1,1,50126.09,96441.42,0.2254,96441.42,50126.09,146567.5,0.0,146567.5,0.519757
2025-06,Pagbilao,INK CARTRIDGE TRI COLOR (HP680),1,1,0,1,1,1347.53,2592.62,0.1419,2592.62,1347.53,3940.15,0.0,3940.15,0.519756
2025-06,Pagbilao,INK EPSON #003 BLACK,1,1,0,1,1,3707.65,8074.84,0.2198,8074.84,3707.65,11782.49,0.0,11782.49,0.459161
2025-06,Pagbilao,INK EPSON #003 CYAN,1,1,0,1,1,1701.9,3274.43,0.1793,3274.43,1701.9,4976.33,0.0,4976.33,0.519755
2025-06,Pagbilao,INK EPSON #003 MAGENTA,3,3,0,1,3,19599.949999999997,37129.92,0.4432,37129.92,19599.95,56729.88,0.0,56729.88,0.527875
2025-06,Pagbilao,INK EPSON #003 YELLOW,1,1,0,1,1,8729.74,27190.19,0.1925,27190.19,8729.74,35919.93,0.0,35919.93,0.321062
2025-06,Pagbilao,MARKER BLACK (PILOT),1,1,0,1,1,7925.57,24685.5,0.1748,24685.5,7925.57,32611.07,0.0,32611.07,0.321062
2025-06,Pagbilao,MASKING TAPE 1INCH,1,1,0,1,1,939.49,1807.55,0.1458,1807.55,939.49,2747.05,0.0,2747.05,0.519759
2025-06,Pagbilao,MYGEL BLACK,1,1,0,1,1,34824.87,67002.24,0.1566,67002.24,34824.87,101827.12,0.0,101827.12,0.519757
2025-06,Pagbilao,NOTEBOOK SPIRAL 80 LEAVES,2,2,0,1,2,11842.47,22385.53,0.2114,22385.53,11842.47,34228.0,0.0,34228.0,0.529023
2025-06,Pagbilao,NUTRIBOARD WITHOUT BAG,1,1,0,1,1,2096.25,4565.39,0.1243,4565.39,2096.25,6661.65,0.0,6661.65,0.459161
2025-06,Pagbilao,RECORD BOOK 500PAGES (VALIANT),2,2,0,1,2,25319.96,48715.0,0.4716,48715.0,25319.96,74034.97,0.0,74034.97,0.519757
2025-06,Pagbilao,STAPLE WIRE #35,1,1,0,1,1,50212.09,96606.89,0.2258,96606.89,50212.09,146818.98,0.0,146818.98,0.519757
2025-06,Pagbilao,STAPLER STANDARD TYPE (JOY),1,1,0,1,1,6214.33,19355.55,0.137,19355.55,6214.33,25569.88,0.0,25569.88,0.321062
2025-06,Pagbilao,T SHIRT WITH PRINT,3,3,0,1,3,37592.41,70736.09,1.1463,70736.09,37592.41,108328.49,0.0,108328.49,0.531446
2025-06,Pagbilao,TRASH BAG - BLACK - MEDIUM,2,2,0,1,2,39543.240000000005,76672.33,0.3056,76672.33,39543.24,116215.58,0.0,116215.58,0.515743
2025-06,QMC,ARCH FILE LONG 3INCHES,3,3,0,1,3,1331.13,5245.38,0.1818,10871.3,1331.13,9501.45,0.0,9501.45,0.253772
2025-06,QMC,BREAD,3,3,0,1,3,3481.9100000000003,13720.59,0.4756,28436.57,3481.91,24853.35,0.0,24853.35,0.253773
2025-06,QMC,CAMERA WITH SD CARD AND LENS EOS RP RF24-105MM PRO (CANON),3,3,0,1,3,6962.75,27436.99,0.951,56864.47,6962.75,49699.15,0.0,49699.15,0.253772
2025-06,QMC,MINERAL WATER 330ML (NATURE SPRING),3,3,0,1,3,3312.8,13054.22,0.4525,27055.49,3312.8,23646.31,0.0,23646.31,0.253772
2025-06,QMC,"QMC 787,170",3,3,0,1,3,6875.41,27092.82,0.9391,56151.17,6875.41,49075.74,0.0,49075.74,0.253772
2025-07,Marinduque,CHAMPION SUPRA 370G,1,1,0,1,1,14840.62,59418.03,0.1956,59418.03,14840.62,74258.65,0.0,74258.65,0.249766
2025-07,Marinduque,DOORMAT,2,2,0,1,2,48076.86,96108.14,0.3881,96108.14,48076.86,144185.0,0.0,144185.0,0.500237
2025-07,Marinduque,INSECTICIDE 5GRAMS / 100'S,1,1,0,1,1,16933.18,33526.04,0.2031,33526.04,16933.18,50459.22,0.0,50459.22,0.505075
2025-07,Marinduque,LIQUID DETERGENT POWER CLEAN,1,1,0,1,1,16432.26,32534.27,0.197,32534.27,16432.26,48966.53,0.0,48966.53,0.505075
2025-07,Marinduque,LIQUID HAND SOAP - FLORAL PINK,1,1,0,1,1,14816.86,59322.91,0.1953,59322.91,14816.86,74139.77,0.0,74139.77,0.249766
2025-07,Marinduque,MURIATIC ACID,1,1,0,1,1,35674.2,39541.62,0.207,39541.62,35674.2,75215.82,0.0,75215.82,0.902194
2025-07,Marinduque,ORCHIDS ALBATROSS,1,1,0,1,1,14789.07,59211.64,0.1949,59211.64,14789.07,74000.71,0.0,74000.71,0.249766
2025-07,Marinduque,TOILET CLEANER LITER,1,1,0,1,1,15838.31,31358.31,0.1899,31358.31,15838.31,47196.63,0.0,47196.63,0.505075
2025-07,Marinduque,TRASH BAG LARGE GREEN,1,1,0,1,1,16755.51,33174.27,0.2009,33174.27,16755.51,49929.77,0.0,49929.77,0.505075
2025-07,Marinduque,TRASH BAG XXL GREEN,1,1,0,1,1,33411.37,37033.47,0.1939,37033.47,33411.37,70444.84,0.0,70444.84,0.902194
2025-07,Marinduque,TRASH BAG XXL TRANSPARENT,1,1,0,1,1,37425.99,41483.31,0.2172,41483.31,37425.99,78909.3,0.0,78909.3,0.902194
2025-07,Marinduque,TRASH BAG XXL YELLOW,2,2,0,1,2,34060.32000000001,101087.69,0.4282,101087.69,34060.32,135148.01,0.0,135148.01,0.336938
2025-07,Marinduque,WALIS TAMBO,1,1,0,1,1,32510.65,36035.1,0.1887,36035.1,32510.65,68545.75,0.0,68545.75,0.902194
2025-07,Pagbilao,AIRCON SPLIT TYPE 2HP INVERTER (CARRIER),1,1,0,1,1,85.41,403.93,0.1639,403.93,85.41,489.34,0.0,489.34,0.211448
2025-07,Pagbilao,BATHROOM TISSUE 2PLY 12'S (FEMME),2,2,0,1,2,0.0,0.0,0.2872,649513.87,649513.87,2030557.64,0.0,2030557.64,0.0
2025-07,Pagbilao,BOND PAPER LEGAL 80GSM (DOUBLE A),1,1,0,1,1,0.0,0.0,0.1107,179.71,179.71,381.12,0.0,381.12,0.0
2025-07,Pagbilao,BOND PAPER LONG (HARDCOPY),2,2,0,1,2,702.99,1669.6799999999998,0.3768,1669.68,702.99,2372.67,0.0,2372.67,0.421033
2025-07,Pagbilao,CLEAR BOOK LEGAL/LONG,3,3,0,1,3,132.17,625.08,0.6938,2716.71,2223.8,5035.32,0.0,5035.32,0.211445
2025-07,Pagbilao,CORRECTION TAPE 20MM,1,1,0,1,1,249.73,1090.08,0.1933,1090.08,249.73,1339.81,0.0,1339.81,0.229093
2025-07,Pagbilao,CORRECTION TAPE JOY,3,3,0,1,3,35336.59,69518.63,0.4783,69518.63,35336.59,104855.22,0.0,104855.22,0.508304
2025-07,Pagbilao,HARD COPY SUB#20 (8 1/2X13) LONG,3,3,0,1,3,47688.47,91751.49,0.802,1316808.2,1272745.18,3971127.9,0.0,3971127.9,0.519757
2025-07,Pagbilao,HARD COPY SUB#20 A4,4,4,0,1,4,13291.56,51080.07,0.8311,1108525.51,1070737.0,3372209.71,0.0,3372209.71,0.26021
2025-07,Pagbilao,HBW BLACK BALLPEN,2,2,0,1,2,1165.68,3132.34,0.3117,748604.58,746637.92,2336240.03,0.0,2336240.03,0.372144
2025-07,Pagbilao,INK CARTRIDGE TRI COLOR (HP680),2,2,0,1,2,22076.93,42798.26,0.2083,42798.26,22076.93,64875.19,0.0,64875.19,0.515837
2025-07,Pagbilao,INK EPSON #003 BLACK,5,5,0,1,5,11570.85,43305.79,0.9112,43635.12,11900.18,55575.05,0.0,55575.05,0.267189
2025-07,Pagbilao,INK EPSON #003 CYAN,1,1,0,1,1,487.26,937.47,0.132,937.47,487.26,1424.73,0.0,1424.73,0.519761
2025-07,Pagbilao,INK EPSON #003 MAGENTA,1,1,0,1,1,27715.17,53323.35,0.1338,53323.35,27715.17,81038.52,0.0,81038.52,0.519757
2025-07,Pagbilao,MASKING TAPE 1INCH,1,1,0,1,1,74.95,354.45,0.1439,354.45,74.95,429.39,0.0,429.39,0.211454
2025-07,Pagbilao,NOTEBOOK SPIRAL 80 LEAVES,1,1,0,1,1,0.0,0.0,0.1011,833.48,833.48,1690.94,0.0,1690.94,0.0
2025-07,Pagbilao,NUTRIBOARD WITHOUT BAG,1,1,0,1,1,5357.88,21428.72,0.0926,21428.72,5357.88,26786.59,0.0,26786.59,0.250033
2025-07,Pagbilao,RECORD BOOK 500PAGES (VALIANT),2,2,0,1,2,11301.009999999998,43796.439999999995,0.3665,43796.44,11301.01,55097.47,0.0,55097.47,0.258035
2025-07,Pagbilao,STAPLE WIRE #35,2,2,0,1,2,0.0,0.0,0.3263,1550.38,1550.38,3171.05,0.0,3171.05,0.0
2025-07,Pagbilao,T SHIRT WITH PRINT,6,6,0,1,6,101899.49,243143.58000000002,2.2048,246465.91,105221.82,351783.27,0.0,351783.27,0.419092
2025-07,Pagbilao,TRASH BAG - BLACK - MEDIUM,1,1,0,1,1,0.0,0.0,0.1309,553423.01,553423.01,1731185.04,0.0,1731185.04,0.0
2025-07,QMC,ARCH FILE LONG 3INCHES,3,3,0,1,3,36527.33,64654.21,0.1818,64654.21,36527.33,101181.54,0.0,101181.54,0.564964
2025-07,QMC,BREAD,3,3,0,1,3,95546.14,169118.88,0.4756,169118.88,95546.14,264665.03,0.0,264665.03,0.564964
2025-07,QMC,CAMERA WITH SD CARD AND LENS EOS RP RF24-105MM PRO (CANON),3,3,0,1,3,191063.23,338186.34,0.951,338186.34,191063.23,529249.57,0.0,529249.57,0.564964
2025-07,QMC,MINERAL WATER 330ML (NATURE SPRING),3,3,0,1,3,90905.79,160905.34,0.4525,160905.34,90905.79,251811.12,0.0,251811.12,0.564964
2025-07,QMC,"QMC 787,170",3,3,0,1,3,188666.56,333944.18,0.9391,333944.18,188666.56,522610.74,0.0,522610.74,0.564964
2025-08,Pagbilao,AIRCON SPLIT TYPE 2HP INVERTER (CARRIER),1,1,0,1,1,1701.83,25505.07,0.1641,25505.07,1701.83,27206.89,0.0,27206.89,0.066725
2025-08,Pagbilao,AMCETAM 150MG/ML 2ML,1,1,0,1,1,1233.26,2372.77,0.2282,2372.77,1233.26,3606.03,0.0,3606.03,0.519755
2025-08,Pagbilao,BATHROOM TISSUE 2PLY 12'S (FEMME),1,1,0,1,1,1694.97,25402.28,0.1634,25402.28,1694.97,27097.25,0.0,27097.25,0.066725
2025-08,Pagbilao,BOND PAPER LONG (HARDCOPY),1,1,0,1,1,1965.8,7148.56,0.2543,7148.56,1965.8,9114.35,0.0,9114.35,0.274992
2025-08,Pagbilao,CLEAR BOOK LEGAL/LONG,1,1,0,1,1,252.56,51303.44,0.271,51303.44,252.56,51556.01,0.0,51556.01,0.004923
2025-08,Pagbilao,CORPILYN 500MG,1,1,0,1,1,3728.9,7174.31,0.2084,7174.31,3728.9,10903.21,0.0,10903.21,0.519757
2025-08,Pagbilao,CORRECTION TAPE 20MM,2,2,0,1,2,0.0,0.0,0.5129,84441.75,59429.13,195705.96,0.0,195705.96,0.0
2025-08,Pagbilao,CORRECTION TAPE JOY,2,2,0,1,2,2563.45,38418.15,0.4544,86851.52,50996.82,191424.22,0.0,191424.22,0.066725
2025-08,Pagbilao,HAIXONE WITH DILUENT 1G,1,1,0,1,1,4560.11,8773.55,0.2549,8773.55,4560.11,13333.66,0.0,13333.66,0.519757
2025-08,Pagbilao,HARD COPY SUB#20 (8 1/2X13) LONG,1,1,0,1,1,3201.14,47975.16,0.3087,47975.16,3201.14,51176.3,0.0,51176.3,0.066725
2025-08,Pagbilao,HARD COPY SUB#20 A4,1,1,0,1,1,0.0,0.0,0.2526,59047.82,59047.82,183413.01,0.0,183413.01,0.0
2025-08,Pagbilao,HBW BLACK BALLPEN,1,1,0,1,1,186.88,37961.34,0.2005,37961.34,186.88,38148.23,0.0,38148.23,0.004923
2025-08,Pagbilao,INK CARTRIDGE TRI COLOR (HP680),1,1,0,1,1,1473.06,22076.62,0.142,22076.62,1473.06,23549.69,0.0,23549.69,0.066725
2025-08,Pagbilao,INK EPSON #003 BLACK,2,2,0,1,2,2300.0,34469.87,0.4356,55148.54,2300.0,45953.64,0.0,45953.64,0.066725
2025-08,Pagbilao,INK EPSON #003 CYAN,1,1,0,1,1,2103.41,31523.58,0.2028,31523.58,2103.41,33627.0,0.0,33627.0,0.066725
2025-08,Pagbilao,INK EPSON #003 MAGENTA,4,4,0,1,4,3905.4399999999996,73669.45,0.7772,90395.9,3905.44,85003.41,0.0,85003.41,0.053013
2025-08,Pagbilao,INK EPSON #003 YELLOW,2,2,0,1,2,2103.41,31523.59,0.3758,48250.04,2103.41,41055.52,0.0,41055.52,0.066725
2025-08,Pagbilao,IV CANNULA WITH INJECTION PORT LUER LOCK G24 0.7X19MM (CATHULA),1,1,0,1,1,3874.01,7453.52,0.2165,7453.52,3874.01,11327.53,0.0,11327.53,0.519756
2025-08,Pagbilao,IV CANNULA WITH WINGS LUER LOCK G18 1.5X38MM (CATHULA),1,1,0,1,1,967.49,1861.43,0.179,1861.43,967.49,2828.92,0.0,2828.92,0.519756
2025-08,Pagbilao,IV CANNULA WITH WINGS LUER LOCK G22 .8X25MM (CATHULA),1,1,0,1,1,975.54,1876.91,0.1805,1876.91,975.54,2852.45,0.0,2852.45,0.519759
2025-08,Pagbilao,KOVENT SF 25MCG/250MCG MDI,1,1,0,1,1,635.66,1222.99,0.1176,1222.99,635.66,1858.65,0.0,1858.65,0.519759
2025-08,Pagbilao,MASKING TAPE 1INCH,2,2,0,1,2,1303.27,4739.32,0.305,36639.87,33203.82,105131.36,0.0,105131.36,0.274991
2025-08,Pagbilao,MICROSCOT 20MG 5G,1,1,0,1,1,3513.44,6759.77,0.1964,6759.77,3513.44,10273.2,0.0,10273.2,0.519757
2025-08,Pagbilao,NUTRIBOARD WITHOUT BAG,1,1,0,1,1,1134.78,4126.61,0.1468,4126.61,1134.78,5261.4,0.0,5261.4,0.274991
2025-08,Pagbilao,REFRIGERATOR 22CU.FT TWO DOOR UPRIGHT CHILLER (FUJIDENZO),1,1,0,1,1,0.0,0.0,0.1495,34949.13,34949.13,108558.21,0.0,108558.21,0.0
2025-08,Pagbilao,SPINAL NEEDLE G25X90MM(ORMED),1,1,0,1,1,2214.41,4260.48,0.1238,4260.48,2214.41,6474.9,0.0,6474.9,0.519756
2025-08,Pagbilao,STAPLE WIRE #35,3,3,0,1,3,1890.8400000000001,44223.049999999996,0.6027,61773.86,1890.84,53908.5,0.0,53908.5,0.042757
2025-08,Pagbilao,STAPLER STANDARD TYPE (JOY),2,2,0,1,2,1624.33,48238.740000000005,0.2806,48238.74,1624.33,49863.05,0.0,49863.05,0.033673
2025-08,Pagbilao,ZINACARE 750MG W/ DILUENT,1,1,0,1,1,1591.65,3062.3,0.2946,3062.3,1591.65,4653.95,0.0,4653.95,0.519756
2025-08,QMC,ARCH FILE LONG 3INCHES,2,2,0,1,2,5368.29,7166.09,0.1212,13677.52,5368.29,17865.82,0.0,17865.82,0.749124
2025-08,QMC,BREAD,2,2,0,1,2,14042.08,18744.64,0.3171,35776.87,14042.08,46732.41,0.0,46732.41,0.749125
2025-08,QMC,CAMERA WITH SD CARD AND LENS EOS RP RF24-105MM PRO (CANON),2,2,0,1,2,28079.88,37483.59,0.634,71542.86,28079.88,93450.61,0.0,93450.61,0.749125
2025-08,QMC,MINERAL WATER 330ML (NATURE SPRING),2,2,0,1,2,13360.1,17834.28,0.3017,34039.31,13360.1,44462.78,0.0,44462.78,0.749125
2025-08,QMC,"QMC 787,170",2,2,0,1,2,27727.65,37013.4,0.6261,70645.44,27727.65,92278.38,0.0,92278.38,0.749125
2025-08,Tourism,AIRCON SPLIT TYPE 2HP INVERTER (CARRIER),1,1,0,1,1,228.58,673.05,0.1587,673.05,228.58,901.64,0.0,901.64,0.339618
2025-08,Tourism,BOND PAPER LEGAL 80GSM (DOUBLE A),1,1,0,1,1,168.58,496.38,0.1171,496.38,168.58,664.96,0.0,664.96,0.339619
2025-08,Tourism,HBW BLACK BALLPEN,1,1,0,1,1,0.0,0.0,0.1676,933.74,933.74,3261.04,0.0,3261.04,0.0
2025-08,Tourism,INK EPSON #003 BLACK,1,1,0,1,1,7656.72,14732.24,0.2527,14732.24,7656.72,22388.96,0.0,22388.96,0.519725
2025-08,Tourism,INK EPSON #003 YELLOW,1,1,0,1,1,6193.33,11916.53,0.2044,11916.53,6193.33,18109.86,0.0,18109.86,0.519726
2025-08,Tourism,MARKER BLACK (PILOT),1,1,0,1,1,5622.7,10818.61,0.1856,10818.61,5622.7,16441.31,0.0,16441.31,0.519725
2025-08,Tourism,NUTRIBOARD WITHOUT BAG,3,3,0,1,3,4503.33,8843.03,0.376,9466.08,5126.38,15522.34,0.0,15522.34,0.509252
2025-08,Tourism,SCOTCH TAPE 1'',1,1,0,1,1,182.74,538.05,0.1269,538.05,182.74,720.79,0.0,720.79,0.339634
2025-08,Tourism,STAPLE WIRE #35,2,2,0,1,2,6498.57,12503.84,0.3823,13439.21,7433.94,22269.17,0.0,22269.17,0.519726
2025-08,Tourism,STAPLER STANDARD TYPE (JOY),1,1,0,1,1,0.0,0.0,0.1139,634.57,634.57,2216.22,0.0,2216.22,0.0
2025-08,Tourism,T SHIRT WITH PRINT,2,2,0,1,2,685.45,2018.27,0.9149,4463.54,3130.72,11243.71,0.0,11243.71,0.339623
2025-09,PESO,AIRCON SPLIT TYPE 2HP INVERTER (CARRIER),1,1,0,1,1,206079.18,396491.52,0.1747,396491.52,206079.18,602570.69,0.0,602570.69,0.519757
2025-09,PESO,CORRECTION TAPE 20MM,1,1,0,1,1,336880.88,648150.94,0.2856,648150.94,336880.88,985031.82,0.0,985031.82,0.519757
2025-09,PESO,HBW BLACK BALLPEN,1,1,0,1,1,235968.87,453998.59,0.2001,453998.59,235968.87,689967.47,0.0,689967.47,0.519757
2025-09,PESO,INK EPSON #003 YELLOW,1,1,0,1,1,225280.38,433434.17,0.191,433434.17,225280.38,658714.55,0.0,658714.55,0.519757
2025-09,PESO,TRASH BAG - BLACK - MEDIUM,1,1,0,1,1,175177.69,337037.78,0.1485,337037.78,175177.69,512215.47,0.0,512215.47,0.519757
2025-09,PPDC,FLUCYSTEINE 200MG 30'S,1,1,0,1,1,0.0,0.0,0.1124,0.0,0.0,5561.91,0.0,5561.91,0.0
2025-09,PPDC,FOLDER ORDINARY WHITE LONG 100'S,1,1,0,1,1,800.63,1540.4,0.159,1540.4,800.63,2341.03,0.0,2341.03,0.519755
2025-09,PPDC,HAIXONE WITH DILUENT 1G,1,1,0,1,1,0.0,0.0,0.2576,0.0,0.0,12753.13,0.0,12753.13,0.0
2025-09,PPDC,INK EPSON #003 BLACK,1,1,0,1,1,922.12,1774.14,0.1831,1774.14,922.12,2696.26,0.0,2696.26,0.519756
2025-09,PPDC,INK EPSON #003 MAGENTA,1,1,0,1,1,745.88,1435.05,0.1481,1435.05,745.88,2180.93,0.0,2180.93,0.519759
2025-09,PPDC,ISOLYTE 30MG TAB,1,1,0,1,1,0.0,0.0,0.1232,0.0,0.0,6096.34,0.0,6096.34,0.0
2025-09,PPDC,IV CANNULA WITH WINGS & INJECTION VALVE G20 1.1X32MM (CATHULA),1,1,0,1,1,0.0,0.0,0.149,0.0,0.0,7374.97,0.0,7374.97,0.0
2025-09,PPDC,NUTRIBOARD WITHOUT BAG,1,1,0,1,1,521.32,1003.01,0.1035,1003.01,521.32,1524.33,0.0,1524.33,0.519756
2025-09,PPDC,T SHIRT WITH PRINT,1,1,0,1,1,2046.0,3936.45,0.4063,3936.45,2046.0,5982.45,0.0,5982.45,0.519758
2025-09,PPDC,ZINACARE 750MG W/ DILUENT,1,1,0,1,1,0.0,0.0,0.3579,0.0,0.0,17713.65,0.0,17713.65,0.0
2025-09,Pagbilao,AMCETAM 150MG/ML 2ML,1,1,0,1,1,9263.54,17822.84,0.2528,17822.84,9263.54,27086.38,0.0,27086.38,0.519757
2025-09,Pagbilao,CORPILYN 250MG,1,1,0,1,1,8677.88,16696.04,0.2369,16696.04,8677.88,25373.93,0.0,25373.93,0.519757
2025-09,Pagbilao,KOVENT SF 25MCG/250MCG MDI,1,1,0,1,1,6483.95,12474.97,0.177,12474.97,6483.95,18958.91,0.0,18958.91,0.519757
2025-09,Pagbilao,MICROSCOT 20MG 5G,1,1,0,1,1,6800.91,13084.79,0.1856,13084.79,6800.91,19885.7,0.0,19885.7,0.519757
2025-09,Pagbilao,OMCARE 40MG WITH DILUENT,1,1,0,1,1,5410.47,10409.61,0.1477,10409.61,5410.47,15820.08,0.0,15820.08,0.519757
2025-09,QMC,ANTIZOAL 5MG/ML (500MG/100ML) 100ML,1,1,0,1,1,86248.52,163081.05,0.3875,163081.05,86248.52,249329.58,0.0,249329.58,0.528869
2025-09,QMC,ATREX 1MG/ML IV,1,1,0,1,1,18600.01,35169.4,0.0836,35169.4,18600.01,53769.4,0.0,53769.4,0.528869
2025-09,QMC,BUPIRIGHT 5MG/ML 0.5% IN 8% 4ML,1,1,0,1,1,50146.24,94817.87,0.2253,94817.87,50146.24,144964.11,0.0,144964.11,0.528869
2025-09,QMC,DIFLOSID 25MG/ML 3ML,1,1,0,1,1,0.0,0.0,0.3233,3341.12,3341.12,9940.93,0.0,9940.93,0.0
2025-09,QMC,DOLO-JAGA 500MG/50MG/100MG/100MCG,1,1,0,1,1,0.0,0.0,0.1513,1564.14,1564.14,4653.84,0.0,4653.84,0.0
2025-09,QMC,ENDOPROST 125MCG/ML,1,1,0,1,1,37116.07,70180.07,0.1667,70180.07,37116.07,107296.14,0.0,107296.14,0.528869
2025-09,QMC,HAIXONE WITH DILUENT 1G,1,1,0,1,1,0.0,0.0,0.1195,1234.69,1234.69,3673.59,0.0,3673.59,0.0
2025-09,QMC,HYCLENS WOUND SPRAY 2% 60ML,1,1,0,1,1,0.0,0.0,0.1716,1773.78,1773.78,5277.58,0.0,5277.58,0.0
2025-09,QMC,MERGOT 125MCG,1,1,0,1,1,30489.81,57650.96,0.137,57650.96,30489.81,88140.77,0.0,88140.77,0.528869
2025-09,QMC,PHYTOBAS 10MG/ML IV,1,1,0,1,1,0.0,0.0,0.2343,2421.27,2421.27,7204.06,0.0,7204.06,0.0
2025-10,Marinduque,ANEROCIN 300MG CAP,1,1,0,1,1,11547.15,21082.05,0.1287,21082.05,11547.15,32629.2,0.0,32629.2,0.547724
2025-10,Marinduque,DOLO-JAGA 500MG/50MG/100MG/100MCG,1,1,0,1,1,24119.68,44036.17,0.2687,44036.17,24119.68,68155.84,0.0,68155.84,0.547724
2025-10,Marinduque,HYCLENS WOUND SPRAY 2% 60ML,1,1,0,1,1,29716.23,54253.99,0.3311,54253.99,29716.23,83970.22,0.0,83970.22,0.547724
2025-10,Marinduque,JAGA 300MG/100MG/100MCG CAP,1,1,0,1,1,16515.63,30153.19,0.184,30153.19,16515.63,46668.82,0.0,46668.82,0.547724
2025-10,Marinduque,TOSYLAM 750MG,1,1,0,1,1,7850.31,14332.6,0.0875,14332.6,7850.31,22182.92,0.0,22182.92,0.547724
2025-10,PPDC,CLEAR BOOK LEGAL/LONG,1,1,0,1,1,14501.42,22845.36,0.197,22845.36,14501.42,37346.78,0.0,37346.78,0.634764
2025-10,PPDC,INK CARTRIDGE TRI COLOR (HP680),1,1,0,1,1,8111.07,12778.07,0.1102,12778.07,8111.07,20889.14,0.0,20889.14,0.634765
2025-10,PPDC,INK EPSON #003 BLACK,1,1,0,1,1,12664.32,19951.2,0.172,19951.2,12664.32,32615.52,0.0,32615.52,0.634765
2025-10,PPDC,INK EPSON #003 YELLOW,1,1,0,1,1,10243.89,16138.09,0.1391,16138.09,10243.89,26381.97,0.0,26381.97,0.634765
2025-10,PPDC,T SHIRT WITH PRINT,1,1,0,1,1,28099.3,44267.28,0.3817,44267.28,28099.3,72366.59,0.0,72366.59,0.634765
2025-10,Pagbilao,AIRCON SPLIT TYPE 2HP INVERTER (CARRIER),1,1,0,1,1,8836.02,17000.29,0.1916,17000.29,8836.02,25836.31,0.0,25836.31,0.519757
2025-10,Pagbilao,AMCETAM 150MG/ML 2ML,1,1,0,1,1,0.0,0.0,0.2176,81395.53,0.0,38652.34,0.0,38652.34,0.0
2025-10,Pagbilao,BATHROOM TISSUE 2PLY 12'S (FEMME),1,1,0,1,1,8800.64,16932.23,0.1908,16932.23,8800.64,25732.88,0.0,25732.88,0.519757
2025-10,Pagbilao,BOND PAPER A4 (HARDCOPY),2,2,0,1,2,3367.4,6478.8099999999995,0.2812,6478.81,3367.4,9846.21,0.0,9846.21,0.519756
2025-10,Pagbilao,BOND PAPER LONG (HARDCOPY),1,1,0,1,1,11695.46,22501.8,0.2536,22501.8,11695.46,34197.26,0.0,34197.26,0.519757
2025-10,Pagbilao,CORRECTION TAPE JOY,1,1,0,1,1,1009.8,1942.84,0.1567,1942.84,1009.8,2952.64,0.0,2952.64,0.519755
2025-10,Pagbilao,EXECORE 500MG TAB,1,1,0,1,1,0.0,0.0,0.1529,57194.24,0.0,27159.86,0.0,27159.86,0.0
2025-10,Pagbilao,GIOZOLE 40MG W/ DILUENT,1,1,0,1,1,0.0,0.0,0.1767,66106.0,0.0,31391.79,0.0,31391.79,0.0
2025-10,Pagbilao,HAIXONE WITH DILUENT 1G,1,1,0,1,1,0.0,0.0,0.2822,105584.79,0.0,50139.11,0.0,50139.11,0.0
2025-10,Pagbilao,HARD COPY SUB#20 (8 1/2X13) LONG,1,1,0,1,1,1425.7,2743.02,0.2213,2743.02,1425.7,4168.72,0.0,4168.72,0.519756
2025-10,Pagbilao,HARD COPY SUB#20 A4,1,1,0,1,1,3558.52,6846.51,0.2089,6846.51,3558.52,10405.03,0.0,10405.03,0.519757
2025-10,Pagbilao,HBW BLACK BALLPEN,1,1,0,1,1,2508.68,4826.63,0.1473,4826.63,2508.68,7335.31,0.0,7335.31,0.519758
2025-10,Pagbilao,INK CARTRIDGE TRI COLOR (HP680),1,1,0,1,1,1896.36,3648.56,0.1113,3648.56,1896.36,5544.92,0.0,5544.92,0.519756
2025-10,Pagbilao,IV CANNULA WITH WINGS LUER LOCK G18 1.5X38MM (CATHULA),1,1,0,1,1,0.0,0.0,0.1706,63842.45,0.0,30316.9,0.0,30316.9,0.0
2025-10,Pagbilao,NOTEBOOK SPIRAL 80 LEAVES,1,1,0,1,1,6647.38,12789.4,0.1441,12789.4,6647.38,19436.78,0.0,19436.78,0.519757
2025-10,Pagbilao,STAPLE WIRE #35,2,2,0,1,2,11005.210000000001,21173.75,0.3547,21173.75,11005.21,32178.95,0.0,32178.95,0.519757
2025-10,Pagbilao,T SHIRT WITH PRINT,2,2,0,1,2,8842.41,17012.58,0.7384,17012.58,8842.41,25854.99,0.0,25854.99,0.519757
2025-10,QMC,AMBIDOL 50MG/ML (100MG/2ML) 2ML,1,1,0,1,1,13795.39,18250.24,0.2221,18250.24,13795.39,32045.63,0.0,32045.63,0.755902
2025-10,QMC,ANTIZOAL 5MG/ML (500MG/100ML) 100ML,2,2,0,1,2,15416.05,16832.25,0.6872,26429.48,25013.28,81174.36,0.0,81174.36,0.915864
2025-10,QMC,ARCH FILE LONG 3INCHES,8,8,0,1,8,41355.06,72324.69,0.4848,78718.66,47749.03,130703.76,0.0,130703.76,0.571797
2025-10,QMC,BREAD,8,8,0,1,8,108174.28000000001,189182.90000000002,1.2682,205907.9,124899.28,341887.63,0.0,341887.63,0.571797
2025-10,QMC,BUPIRIGHT 5MG/ML 0.5% IN 8% 4ML,3,3,0,1,3,7923.85,8651.78,0.5895,55659.1,54931.17,127607.03,0.0,127607.03,0.915864
2025-10,QMC,CAMERA WITH SD CARD AND LENS EOS RP RF24-105MM PRO (CANON),8,8,0,1,8,216315.62,378308.29000000004,2.5361,411753.21,249760.54,683671.29,0.0,683671.29,0.571797
2025-10,QMC,CORSIN-300 150MG/ML (300MG/2ML) 2ML,1,1,0,1,1,3395.4,5923.63,0.1115,5923.63,3395.4,9319.02,0.0,9319.02,0.573196
2025-10,QMC,DIFLOSID 25MG/ML 3ML,2,2,0,1,2,12874.35,14057.07,0.6238,28298.75,27116.03,55597.74,0.0,55597.74,0.915863
2025-10,QMC,DOLO-JAGA 500MG/50MG/100MG/100MCG,1,1,0,1,1,0.0,0.0,0.1548,6122.82,6122.82,12324.28,0.0,12324.28,0.0
2025-10,QMC,ENDOPROST 125MCG/ML,1,1,0,1,1,0.0,0.0,0.2146,37360.5,37360.5,76700.39,0.0,76700.39,0.0
2025-10,QMC,EROXIME 750MG IV,3,3,0,1,3,7651.52,13348.88,0.642,26305.81,20608.45,61580.46,0.0,61580.46,0.573196
2025-10,QMC,EVAPROST 125MCG/0.5ML,1,1,0,1,1,5283.9,9218.33,0.1735,9218.33,5283.9,14502.24,0.0,14502.24,0.573195
2025-10,QMC,FENTIN 50MG/ML 2ML,1,1,0,1,1,3487.57,3807.96,0.0714,3807.96,3487.57,7295.53,0.0,7295.53,0.915863
2025-10,QMC,HAIXONE WITH DILUENT 1G,1,1,0,1,1,0.0,0.0,0.1222,4832.38,4832.38,9726.84,0.0,9726.84,0.0
2025-10,QMC,HYCLENS WOUND SPRAY 2% 60ML,1,1,0,1,1,12482.56,16513.47,0.2009,16513.47,12482.56,28996.04,0.0,28996.04,0.755902
2025-10,QMC,MATERNITY PADS 8S (MAXIFREE),2,2,0,1,2,0.0,0.0,0.3303,36344.25,36344.25,85845.44,0.0,85845.44,0.0
2025-10,QMC,MERGOT 125MCG,1,1,0,1,1,0.0,0.0,0.1623,28255.91,28255.91,58008.85,0.0,58008.85,0.0
2025-10,QMC,MINERAL WATER 330ML (NATURE SPRING),8,8,0,1,8,102920.59,179994.92,1.2066,195907.64,118833.31,325283.27,0.0,325283.27,0.571797
2025-10,QMC,MUCOLIFAR 500MG TAB,1,1,0,1,1,0.0,0.0,0.1191,3077.68,3077.68,15689.79,0.0,15689.79,0.0
2025-10,QMC,OPREX 40MG IV,1,1,0,1,1,0.0,0.0,0.1929,33589.22,33589.22,68958.03,0.0,68958.03,0.0
2025-10,QMC,PAPER TOWEL 175PULL-UPS (FEMME),2,2,0,1,2,13272.240000000002,19421.239999999998,0.2876,19421.24,13272.24,32693.49,0.0,32693.49,0.683388
2025-10,QMC,PHYTOBAS 10MG/ML IV,3,3,0,1,3,37098.07,51057.770000000004,0.7996,51057.77,37098.07,88155.83,0.0,88155.83,0.72659
2025-10,QMC,"QMC 787,170",8,8,0,1,8,213602.2,373562.8499999999,2.5042,406588.24,246627.59,675095.45,0.0,675095.45,0.571797
2025-10,QMC,SUCROSAPH 20MG/ML (100MG/5ML) 5ML,1,1,0,1,1,8718.1,11533.38,0.1403,11533.38,8718.1,20251.48,0.0,20251.48,0.755902
2025-10,QMC,ZEFTACARE 1G IV,1,1,0,1,1,0.0,0.0,0.1541,6092.14,6092.14,12262.53,0.0,12262.53,0.0
2025-10,Tourism,BOND PAPER A4 (HARDCOPY),1,1,0,1,1,22912.96,44084.0,0.1822,44084.0,22912.96,66996.96,0.0,66996.96,0.519757
2025-10,Tourism,CORRECTION TAPE 20MM,1,1,0,1,1,22671.79,43619.99,0.2216,43619.99,22671.79,66291.77,0.0,66291.77,0.519757
2025-10,Tourism,HARD COPY SUB#20 (8 1/2X13) LONG,2,2,0,1,2,63828.74,122804.99,0.5551,122804.99,63828.74,186633.73,0.0,186633.73,0.519757
2025-10,Tourism,HARD COPY SUB#20 A4,1,1,0,1,1,22526.21,43339.9,0.2201,43339.9,22526.21,65866.11,0.0,65866.11,0.519757
2025-10,Tourism,HBW BLACK BALLPEN,1,1,0,1,1,15880.47,30553.65,0.1552,30553.65,15880.47,46434.13,0.0,46434.13,0.519757
2025-10,Tourism,INK EPSON #003 BLACK,1,1,0,1,1,27117.05,52172.57,0.2156,52172.57,27117.05,79289.62,0.0,79289.62,0.519757
2025-10,Tourism,INK EPSON #003 CYAN,1,1,0,1,1,15160.96,29169.34,0.1482,29169.34,15160.96,44330.3,0.0,44330.3,0.519757
2025-10,Tourism,INK EPSON #003 MAGENTA,1,1,0,1,1,21934.38,42201.24,0.1744,42201.24,21934.38,64135.62,0.0,64135.62,0.519757
2025-10,Tourism,SCOTCH TAPE 1'',1,1,0,1,1,16040.4,30861.36,0.1276,30861.36,16040.4,46901.76,0.0,46901.76,0.519757
2025-11,PPDC,CORPILYN 500MG,1,1,0,1,1,14499.64,27896.97,0.2584,27896.97,14499.64,42396.62,0.0,42396.62,0.519757
2025-11,PPDC,IV CANNULA WITH INJECTION PORT LUER LOCK G24 0.7X19MM (CATHULA),1,1,0,1,1,11172.51,21495.66,0.1991,21495.66,11172.51,32668.17,0.0,32668.17,0.519757
2025-11,PPDC,IV CANNULA WITH WINGS & INJECTION VALVE G20 1.1X32MM (CATHULA),1,1,0,1,1,7134.41,13726.43,0.1272,13726.43,7134.41,20860.83,0.0,20860.83,0.519757
2025-11,PPDC,MICROPORE 1X10 2.5CMX9.1M (3M),1,1,0,1,1,16317.7,31394.88,0.2908,31394.88,16317.7,47712.59,0.0,47712.59,0.519757
2025-11,PPDC,MICROSCOT 20MG 5G,1,1,0,1,1,6981.52,13432.28,0.1244,13432.28,6981.52,20413.79,0.0,20413.79,0.519757
2025-11,Pagbilao,ABHAY-TOX 40IU/0.5ML VIAL,7,7,0,1,7,138387.68,245976.28000000003,1.681,362495.43,162061.5,600365.38,0.0,600365.38,0.562606
2025-11,Pagbilao,AIRCON SPLIT TYPE 2HP INVERTER (CARRIER),10,10,0,1,10,25829.41,36828.05,1.7006,40240.3,29241.66,106397.41,0.0,106397.41,0.701352
2025-11,Pagbilao,AMCETAM 150MG/ML 2ML,2,2,0,1,2,3983.09,4326.97,0.3985,155504.24,155160.36,422413.55,0.0,422413.55,0.920526
2025-11,Pagbilao,ANTITET 1500IU/0.7ML,1,1,0,1,1,0.0,0.0,0.1353,18062.39,0.0,16111.7,0.0,16111.7,0.0
2025-11,Pagbilao,ANTIZOAL 5MG/ML (500MG/100ML) 100ML,2,2,0,1,2,60490.94,68511.14,0.2727,123934.47,60490.94,174356.68,0.0,174356.68,0.882936
2025-11,Pagbilao,AZCORE 500MG TAB,3,3,0,1,3,48437.39,93192.4,0.4718,194959.43,48437.39,217279.2,0.0,217279.2,0.519757
2025-11,Pagbilao,BALLPEN FINEPOINT,11,11,0,1,11,17225.36,27083.38,1.7446,39298.41,29440.39,76593.99,0.0,76593.99,0.636012
2025-11,Pagbilao,BATHROOM TISSUE 2PLY 12'S (FEMME),7,7,0,1,7,8969.04,24188.95,1.1386,27377.73,12157.82,42893.59,0.0,42893.59,0.370791
2025-11,Pagbilao,BOND PAPER A4 (HARDCOPY),14,14,0,1,14,48409.23,82414.52,2.6355,86982.37,52977.08,184786.82,0.0,184786.82,0.587387
2025-11,Pagbilao,BOND PAPER LEGAL 80GSM (DOUBLE A),5,5,0,1,5,12306.83,19399.12,0.5968,19399.12,12306.83,31705.97,0.0,31705.97,0.634401
2025-11,Pagbilao,BOND PAPER LONG (HARDCOPY),8,8,0,1,8,15049.150000000001,23677.309999999998,1.6098,54622.61,45994.45,102002.48,0.0,102002.48,0.635594
2025-11,Pagbilao,CLEAR BOOK LEGAL/LONG,7,7,0,1,7,18621.38,36269.65,1.5818,36269.65,18621.38,54891.01,0.0,54891.01,0.513415
2025-11,Pagbilao,CORPILYN 250MG,4,4,0,1,4,152175.02,215608.16999999998,0.8203,265986.58,152175.02,398805.28,0.0,398805.28,0.705794
2025-11,Pagbilao,CORPILYN 500MG,8,8,0,1,8,93685.20000000001,268358.33999999997,2.1515,533154.26,324220.6,1024084.62,0.0,1024084.62,0.349105
2025-11,Pagbilao,CORRECTION TAPE 20MM,4,4,0,1,4,22678.32,38062.57,1.0453,38062.57,22678.32,60740.91,0.0,60740.91,0.595817
2025-11,Pagbilao,CORRECTION TAPE JOY,4,4,0,1,4,7151.530000000001,11627.27,0.8525,12573.37,8097.63,20955.54,0.0,20955.54,0.615065
2025-11,Pagbilao,DIPHENPORS 50MG/ML 1ML,1,1,0,1,1,2986.57,23510.08,0.0962,23510.08,2986.57,26496.65,0.0,26496.65,0.127034
2025-11,Pagbilao,ELECTRICAL WIRE #14,6,6,0,1,6,15023.099999999999,23913.420000000002,0.9216,26354.17,17463.85,77796.05,0.0,77796.05,0.628229
2025-11,Pagbilao,ENOXAGET-40 40MG/0.4ML,2,2,0,1,2,38376.01,75175.18,0.2268,75175.18,38376.01,113551.19,0.0,113551.19,0.510488
2025-11,Pagbilao,EPICARE 1MG/ML IV,1,1,0,1,1,24006.98,46188.88,0.1713,46188.88,24006.98,70195.86,0.0,70195.86,0.519757
2025-11,Pagbilao,EXECORE 500MG TAB,1,1,0,1,1,0.0,0.0,0.1466,137383.98,137383.98,376321.05,0.0,376321.05,0.0
2025-11,Pagbilao,FLUCYSTEINE 200MG 30'S,3,3,0,1,3,63410.08,123521.87,0.4276,123521.87,63410.08,186931.96,0.0,186931.96,0.513351
2025-11,Pagbilao,FOLDER ORDINARY WHITE LONG 100'S,3,3,0,1,3,4709.64,7301.68,0.5716,10136.66,7544.62,21225.0,0.0,21225.0,0.645008
2025-11,Pagbilao,GIOZOLE 40MG W/ DILUENT,3,3,0,1,3,18777.27,22194.75,0.4619,96529.87,18777.27,101802.72,0.0,101802.72,0.846023
2025-11,Pagbilao,GLOVES LARGE LATEX NONSTERILE (INDOPLAS),2,2,0,1,2,23425.25,57891.33,0.2376,57891.33,23425.25,81316.58,0.0,81316.58,0.404642
2025-11,Pagbilao,HAIXONE WITH DILUENT 1G,1,1,0,1,1,2827.25,5439.57,0.2034,5439.57,2827.25,8266.82,0.0,8266.82,0.519756
2025-11,Pagbilao,HARD COPY SUB#20 (8 1/2X13) LONG,14,14,0,1,14,34020.65,61826.899999999994,4.0296,81496.91,53690.66,150000.86,0.0,150000.86,0.550256
2025-11,Pagbilao,HARD COPY SUB#20 A4,10,10,0,1,10,48120.24,93744.95000000001,2.5635,110933.55,65308.84,185174.71,0.0,185174.71,0.51331
2025-11,Pagbilao,HBW BLACK BALLPEN,15,15,0,1,15,42610.61,61935.46,2.6874,62605.16,43280.31,108850.53,0.0,108850.53,0.687984
2025-11,Pagbilao,HYDROCORTIBAS 100MG VIAL,2,2,0,1,2,6064.4,11667.75,0.3589,11667.75,6064.4,17732.15,0.0,17732.15,0.519757
2025-11,Pagbilao,INK CARTRIDGE TRI COLOR (HP680),5,5,0,1,5,7280.07,13339.130000000001,0.7132,13953.82,7894.76,22033.45,0.0,22033.45,0.545768
2025-11,Pagbilao,INK EPSON #003 BLACK,15,15,0,1,15,76809.51999999999,142330.23,3.1435,142330.23,76809.52,219139.73,0.0,219139.73,0.539657
2025-11,Pagbilao,INK EPSON #003 CYAN,6,6,0,1,6,87242.31,136234.16999999998,1.0055,136234.17,87242.31,223476.49,0.0,223476.49,0.640385
2025-11,Pagbilao,INK EPSON #003 MAGENTA,9,9,0,1,9,69478.52,107483.23,1.4812,135683.59,97678.88,237808.31,0.0,237808.31,0.646413
2025-11,Pagbilao,INK EPSON #003 YELLOW,5,5,0,1,5,31031.219999999998,56874.39000000001,0.8923,59745.5,33902.33,133616.94,0.0,133616.94,0.54561
2025-11,Pagbilao,ISOLYTE 30MG TAB,6,6,0,1,6,111784.66,225779.86000000002,0.7932,238452.84,111784.66,341721.31,0.0,341721.31,0.495105
2025-11,Pagbilao,IV CANNULA WITH INJECTION PORT LUER LOCK G24 0.7X19MM (CATHULA),4,4,0,1,4,173407.91999999998,209681.41,0.9298,256542.63,196250.0,536924.56,0.0,536924.56,0.827007
2025-11,Pagbilao,IV CANNULA WITH WINGS & INJECTION VALVE G20 1.1X32MM (CATHULA),3,3,0,1,3,36653.520000000004,70453.85,0.5148,110801.33,36653.52,131952.6,0.0,131952.6,0.520249
2025-11,Pagbilao,IV CANNULA WITH WINGS LUER LOCK G18 1.5X38MM (CATHULA),7,7,0,1,7,166788.12000000002,205568.40000000002,1.2985,389204.17,330776.56,896206.94,0.0,896206.94,0.811351
2025-11,Pagbilao,IV CANNULA WITH WINGS LUER LOCK G22 .8X25MM (CATHULA),4,4,0,1,4,121232.19,149788.93000000002,0.605,165958.51,121232.19,276324.84,0.0,276324.84,0.809353
2025-11,Pagbilao,IV CANNULA WITHOUT INJECTION PORT LUER LOCK G26 0.6X19MM (CATHULA),2,2,0,1,2,142971.26,204138.78,0.2646,204138.78,142971.26,347110.04,0.0,347110.04,0.700363
2025-11,Pagbilao,KOVENT SF 25MCG/250MCG MDI,2,2,0,1,2,9177.41,17657.129999999997,0.2593,17657.13,9177.41,26834.53,0.0,26834.53,0.519757
2025-11,Pagbilao,LAZICARE 10MG/ML (20MG/2ML) 2ML,4,4,0,1,4,110561.33,152389.19999999998,0.5695,152389.2,110561.33,262950.55,0.0,262950.55,0.725519
2025-11,Pagbilao,MARKER BLACK (PILOT),6,6,0,1,6,10327.130000000001,16293.830000000002,0.9162,16874.26,10907.56,30351.63,0.0,30351.63,0.633806
2025-11,Pagbilao,MASKING TAPE 1INCH,7,7,0,1,7,8236.890000000001,18028.440000000002,0.9744,18651.58,8860.03,27699.05,0.0,27699.05,0.456883
2025-11,Pagbilao,MICROPORE 1X10 2.5CMX9.1M (3M),7,7,0,1,7,675700.0800000001,976622.3,2.2031,976622.3,675700.08,1652322.41,0.0,1652322.41,0.691875
2025-11,Pagbilao,MICROSCOT 20MG 5G,8,8,0,1,8,133807.3,233727.08000000002,1.2504,354670.37,148080.94,538034.21,0.0,538034.21,0.572494
2025-11,Pagbilao,NOTEBOOK SPIRAL 80 LEAVES,3,3,0,1,3,4299.4,6195.5,0.382,6195.5,4299.4,10494.89,0.0,10494.89,0.693955
2025-11,Pagbilao,NUTRIBOARD WITHOUT BAG,13,13,0,1,13,20627.449999999997,47550.33,1.5885,48153.08,21230.2,69462.58,0.0,69462.58,0.433802
2025-11,Pagbilao,OMCARE 40MG WITH DILUENT,4,4,0,1,4,31540.420000000002,55184.15000000001,0.504,55184.15,31540.42,86724.57,0.0,86724.57,0.571549
2025-11,Pagbilao,PLAZIMIDE 5MG/ML (10MG/2ML),5,5,0,1,5,98531.22,212090.46,0.9772,235493.87,98531.22,331497.57,0.0,331497.57,0.464572
2025-11,Pagbilao,RECORD BOOK 500PAGES (VALIANT),14,14,0,1,14,31441.65,56486.450000000004,3.3877,62533.09,37488.29,105287.62,0.0,105287.62,0.556623
2025-11,Pagbilao,REFRIGERATOR 22CU.FT TWO DOOR UPRIGHT CHILLER (FUJIDENZO),13,13,0,1,13,95523.72,149846.49,2.0327,160851.5,106528.73,272899.86,0.0,272899.86,0.637477
2025-11,Pagbilao,SCOTCH TAPE 1'',6,6,0,1,6,10516.42,18864.14,0.6886,37553.91,29206.19,67596.86,0.0,67596.86,0.557482
2025-11,Pagbilao,STAPLE WIRE #35,7,7,0,1,7,69031.32,109724.13,1.3209,112736.62,72043.81,226717.83,0.0,226717.83,0.629135
2025-11,Pagbilao,STAPLER STANDARD TYPE (JOY),8,8,0,1,8,3063.5299999999997,6539.360000000001,1.0408,33579.37,30103.54,69050.51,0.0,69050.51,0.468476
2025-11,Pagbilao,T SHIRT WITH PRINT,20,20,0,1,20,305878.19999999995,498490.88,8.0986,568602.95,375990.27,947732.15,0.0,947732.15,0.613608
2025-11,Pagbilao,TRASH BAG - BLACK - MEDIUM,5,5,0,1,5,3035.75,5030.7300000000005,0.6545,5505.57,3510.59,11118.48,0.0,11118.48,0.603441
2025-11,Pagbilao,VOLUMETRIC SOLUTION INFUSION SET 150ML (POLYVOL),9,9,0,1,9,164708.79,335084.62,2.4312,543382.7,191027.98,805558.19,0.0,805558.19,0.491544
2025-11,Pagbilao,ZINACARE 750MG W/ DILUENT,7,7,0,1,7,96487.89,213528.38000000003,2.1379,485991.8,368951.31,1056345.79,0.0,1056345.79,0.451874
2025-11,QMC,ANTIZOAL 5MG/ML (500MG/100ML) 100ML,2,2,0,1,2,12742.05,16967.12,0.6655,21545.67,17320.6,40353.42,0.0,40353.42,0.750985
2025-11,QMC,ARCH FILE LONG 3INCHES,1,1,0,1,1,1550.28,1555.13,0.0606,1555.13,1550.28,3105.41,0.0,3105.41,0.996881
2025-11,QMC,BREAD,1,1,0,1,1,4055.14,4067.83,0.1585,4067.83,4055.14,8122.97,0.0,8122.97,0.99688
2025-11,QMC,CAMERA WITH SD CARD AND LENS EOS RP RF24-105MM PRO (CANON),1,1,0,1,1,8109.05,8134.41,0.317,8134.41,8109.05,16243.46,0.0,16243.46,0.996882
2025-11,QMC,DIFLOSID 25MG/ML 3ML,2,2,0,1,2,10105.0,13455.66,0.5289,17101.02,13750.36,32035.4,0.0,32035.4,0.750985
2025-11,QMC,DOLO-JAGA 500MG/50MG/100MG/100MCG,1,1,0,1,1,3983.29,5304.1,0.1019,5304.1,3983.29,9287.39,0.0,9287.39,0.750983
2025-11,QMC,ENDOPROST 125MCG/ML,1,1,0,1,1,0.0,0.0,0.1532,2065.25,2065.25,4801.3,0.0,4801.3,0.0
2025-11,QMC,ENHAMOX 500MG/125MG,1,1,0,1,1,0.0,0.0,0.1371,1849.33,1849.33,4299.34,0.0,4299.34,0.0
2025-11,QMC,EPIX 1MG/ML IV,1,1,0,1,1,0.0,0.0,0.0999,1346.51,1346.51,3130.37,0.0,3130.37,0.0
2025-11,QMC,GENTAM 40MG/ML (80MG/2ML) 2ML,1,1,0,1,1,3822.4,5089.85,0.0978,5089.85,3822.4,8912.25,0.0,8912.25,0.750985
2025-11,QMC,MINERAL WATER 330ML (NATURE SPRING),1,1,0,1,1,3858.2,3870.26,0.1508,3870.26,3858.2,7728.46,0.0,7728.46,0.996884
2025-11,QMC,PHYTOBAS 10MG/ML IV,1,1,0,1,1,8432.26,11228.27,0.2157,11228.27,8432.26,19660.53,0.0,19660.53,0.750985
2025-11,QMC,"QMC 787,170",1,1,0,1,1,8007.33,8032.37,0.313,8032.37,8007.33,16039.7,0.0,16039.7,0.996883
2025-11,Tourism,BALLPEN FINEPOINT,1,1,0,1,1,1605.45,3878.42,0.1204,3878.42,1605.45,5483.87,0.0,5483.87,0.413944
2025-11,Tourism,BATHROOM TISSUE 2PLY 12'S (FEMME),2,2,0,1,2,7593.639999999999,14609.99,0.3397,14609.99,7593.64,22203.64,0.0,22203.64,0.519757
2025-11,Tourism,BOND PAPER A4 (HARDCOPY),3,3,0,1,3,12763.77,25522.47,0.5496,25522.47,12763.77,38286.24,0.0,38286.24,0.500099
2025-11,Tourism,BOND PAPER LEGAL 80GSM (DOUBLE A),1,1,0,1,1,2927.76,5632.95,0.1269,5632.95,2927.76,8560.71,0.0,8560.71,0.519756
2025-11,Tourism,CORRECTION TAPE 20MM,1,1,0,1,1,3491.73,6718.0,0.2628,6718.0,3491.73,10209.72,0.0,10209.72,0.519757
2025-11,Tourism,CORRECTION TAPE JOY,1,1,0,1,1,2289.85,5531.75,0.1717,5531.75,2289.85,7821.59,0.0,7821.59,0.413947
2025-11,Tourism,FOLDER ORDINARY WHITE LONG 100'S,1,1,0,1,1,4658.19,8962.24,0.2019,8962.24,4658.19,13620.43,0.0,13620.43,0.519757
2025-11,Tourism,HARD COPY SUB#20 (8 1/2X13) LONG,1,1,0,1,1,7467.24,14366.79,0.3237,14366.79,7467.24,21834.02,0.0,21834.02,0.519757
2025-11,Tourism,HBW BLACK BALLPEN,1,1,0,1,1,2445.79,4705.65,0.1841,4705.65,2445.79,7151.44,0.0,7151.44,0.519756
2025-11,Tourism,INK EPSON #003 BLACK,2,2,0,1,2,5209.77,11165.880000000001,0.3915,11165.88,5209.77,16375.66,0.0,16375.66,0.466579
2025-11,Tourism,INK EPSON #003 CYAN,1,1,0,1,1,2335.04,4492.57,0.1757,4492.57,2335.04,6827.61,0.0,6827.61,0.519756
2025-11,Tourism,INK EPSON #003 MAGENTA,1,1,0,1,1,6000.08,11544.01,0.1971,11544.01,6000.08,17544.09,0.0,17544.09,0.519757
2025-11,Tourism,MASKING TAPE 1INCH,1,1,0,1,1,3483.43,6702.04,0.151,6702.04,3483.43,10185.48,0.0,10185.48,0.519757
2025-11,Tourism,RECORD BOOK 500PAGES (VALIANT),1,1,0,1,1,8316.44,16000.64,0.2732,16000.64,8316.44,24317.08,0.0,24317.08,0.519757
2025-11,Tourism,SCOTCH TAPE 1'',1,1,0,1,1,4387.47,8441.39,0.1441,8441.39,4387.47,12828.86,0.0,12828.86,0.519757
2025-11,Tourism,T SHIRT WITH PRINT,1,1,0,1,1,5154.2,12451.36,0.3865,12451.36,5154.2,17605.56,0.0,17605.56,0.413947
2025-12,Aboitiz,BATHROOM TISSUE 2PLY 12'S (FEMME),1,1,0,1,1,3710.56,6891.04,0.1552,6891.04,3710.56,10601.6,0.0,10601.6,0.538462
2025-12,Aboitiz,CORRECTION TAPE 20MM,1,1,0,1,1,6090.55,11311.03,0.2548,11311.03,6090.55,17401.58,0.0,17401.58,0.538461
2025-12,Aboitiz,HARD COPY SUB#20 (8 1/2X13) LONG,1,1,0,1,1,7008.46,13015.7,0.2931,13015.7,7008.46,20024.15,0.0,20024.15,0.538462
2025-12,Aboitiz,INK EPSON #003 MAGENTA,1,1,0,1,1,4073.22,7564.56,0.1704,7564.56,4073.22,11637.78,0.0,11637.78,0.538461
2025-12,Aboitiz,TRASH BAG - BLACK - MEDIUM,1,1,0,1,1,3024.9,5617.67,0.1265,5617.67,3024.9,8642.58,0.0,8642.58,0.538462
2025-12,PHO,BALLPEN FINEPOINT,1,1,0,1,1,2767.67,5324.93,0.1474,5324.93,2767.67,8092.6,0.0,8092.6,0.519757
2025-12,PHO,BOND PAPER LONG (HARDCOPY),1,1,0,1,1,3131.86,5716.11,0.1582,5716.11,3131.86,8847.97,0.0,8847.97,0.547901
2025-12,PHO,CLEAR BOOK LEGAL/LONG,1,1,0,1,1,4584.89,8821.21,0.2441,8821.21,4584.89,13406.1,0.0,13406.1,0.519757
2025-12,PHO,CORRECTION TAPE JOY,1,1,0,1,1,3947.63,7595.15,0.2102,7595.15,3947.63,11542.78,0.0,11542.78,0.519757
2025-12,PHO,FOLDER ORDINARY WHITE LONG 100'S,1,1,0,1,1,3476.7,6689.09,0.1851,6689.09,3476.7,10165.79,0.0,10165.79,0.519757
2025-12,PHO,HARD COPY SUB#20 (8 1/2X13) LONG,1,1,0,1,1,4451.05,8123.82,0.2248,8123.82,4451.05,12574.86,0.0,12574.86,0.547901
2025-12,PHO,HARD COPY SUB#20 A4,1,1,0,1,1,4175.03,8032.67,0.2182,8032.67,4175.03,12207.7,0.0,12207.7,0.519756
2025-12,PHO,INK EPSON #003 BLACK,2,2,0,1,2,7203.360000000001,13543.01,0.3748,13543.01,7203.36,20746.38,0.0,20746.38,0.531888
2025-12,PHO,INK EPSON #003 YELLOW,1,1,0,1,1,2810.05,5406.46,0.1469,5406.46,2810.05,8216.5,0.0,8216.5,0.519758
2025-12,PHO,NUTRIBOARD WITHOUT BAG,1,1,0,1,1,1964.37,3779.41,0.1027,3779.41,1964.37,5743.78,0.0,5743.78,0.519756
2025-12,PHO,REFRIGERATOR 22CU.FT TWO DOOR UPRIGHT CHILLER (FUJIDENZO),1,1,0,1,1,2471.48,4755.06,0.1292,4755.06,2471.48,7226.54,0.0,7226.54,0.519758
2025-12,PHO,T SHIRT WITH PRINT,2,2,0,1,2,14805.5,27784.089999999997,0.7614,27784.09,14805.5,42589.6,0.0,42589.6,0.532877
2025-12,PHO,TRASH BAG - BLACK - MEDIUM,1,1,0,1,1,1921.1,3506.3,0.097,3506.3,1921.1,5427.4,0.0,5427.4,0.547899
2025-12,PPDC,AIRCON SPLIT TYPE 2HP INVERTER (CARRIER),2,2,0,1,2,2164.28,4164.01,0.2841,4164.01,2164.28,6328.28,0.0,6328.28,0.519759
2025-12,PPDC,AMCETAM 150MG/ML 2ML,2,2,0,1,2,10090.730000000001,19414.32,0.3748,19414.32,10090.73,29505.04,0.0,29505.04,0.519757
2025-12,PPDC,ANTIZOAL 5MG/ML (500MG/100ML) 100ML,1,1,0,1,1,3325.21,10675.05,0.2146,10675.05,3325.21,14000.26,0.0,14000.26,0.311494
2025-12,PPDC,BALLPEN FINEPOINT,1,1,0,1,1,801.53,1542.14,0.1567,1542.14,801.53,2343.67,0.0,2343.67,0.519752
2025-12,PPDC,BOND PAPER LONG (HARDCOPY),1,1,0,1,1,1314.22,2528.53,0.1852,2528.53,1314.22,3842.75,0.0,3842.75,0.519757
2025-12,PPDC,CELEKOP 200MG CAP,2,2,0,1,2,10091.599999999999,19416.02,0.3157,19416.02,10091.6,29507.62,0.0,29507.62,0.519756
2025-12,PPDC,CORPILYN 250MG,1,1,0,1,1,4734.91,9109.86,0.2249,9109.86,4734.91,13844.77,0.0,13844.77,0.519757
2025-12,PPDC,CORPILYN 500MG,1,1,0,1,1,6748.51,12983.97,0.3206,12983.97,6748.51,19732.48,0.0,19732.48,0.519757
2025-12,PPDC,CORRECTION TAPE 20MM,1,1,0,1,1,1402.8,2698.96,0.2742,2698.96,1402.8,4101.77,0.0,4101.77,0.519756
2025-12,PPDC,CORRECTION TAPE JOY,2,2,0,1,2,5551.99,10681.89,0.4346,10681.89,5551.99,16233.88,0.0,16233.88,0.519757
2025-12,PPDC,ELECTRICAL WIRE #14,1,1,0,1,1,2950.09,5675.91,0.1731,5675.91,2950.09,8625.99,0.0,8625.99,0.519756
2025-12,PPDC,EMICOX 200MG CAP,2,2,0,1,2,10822.86,24792.98,0.3886,24792.98,10822.86,35615.85,0.0,35615.85,0.436529
2025-12,PPDC,FLUCYSTEINE 200MG 30'S,2,2,0,1,2,13145.369999999999,25291.379999999997,0.3653,25291.38,13145.37,38436.76,0.0,38436.76,0.519757
2025-12,PPDC,GIOZOLE 40MG W/ DILUENT,2,2,0,1,2,11848.329999999998,27142.14,0.4255,27142.14,11848.33,38990.47,0.0,38990.47,0.436529
2025-12,PPDC,HAIXONE WITH DILUENT 1G,2,2,0,1,2,16722.85,32174.39,0.5604,32174.39,16722.85,48897.24,0.0,48897.24,0.519757
2025-12,PPDC,HARD COPY SUB#20 (8 1/2X13) LONG,2,2,0,1,2,4971.57,9565.2,0.5141,9565.2,4971.57,14536.77,0.0,14536.77,0.519756
2025-12,PPDC,HARD COPY SUB#20 A4,2,2,0,1,2,3733.58,7183.33,0.4162,7183.33,3733.58,10916.91,0.0,10916.91,0.519756
2025-12,PPDC,HYTRIX 100MG,2,2,0,1,2,12972.62,24959.0,0.4526,24959.0,12972.62,37931.61,0.0,37931.61,0.519757
2025-12,PPDC,INK CARTRIDGE TRI COLOR (HP680),2,2,0,1,2,3905.37,7513.84,0.2972,7513.84,3905.37,11419.22,0.0,11419.22,0.519757
2025-12,PPDC,INK EPSON #003 BLACK,1,1,0,1,1,1342.1,2582.17,0.1891,2582.17,1342.1,3924.27,0.0,3924.27,0.519757
2025-12,PPDC,INK EPSON #003 MAGENTA,1,1,0,1,1,1427.38,2746.25,0.1272,2746.25,1427.38,4173.64,0.0,4173.64,0.519756
2025-12,PPDC,INK EPSON #003 YELLOW,1,1,0,1,1,3470.45,6677.06,0.2037,6677.06,3470.45,10147.51,0.0,10147.51,0.519757
2025-12,PPDC,IV CANNULA WITH WINGS & INJECTION VALVE G20 1.1X32MM (CATHULA),1,1,0,1,1,2501.38,8030.28,0.1614,8030.28,2501.38,10531.66,0.0,10531.66,0.311493
2025-12,PPDC,IV CANNULA WITH WINGS LUER LOCK G18 1.5X38MM (CATHULA),1,1,0,1,1,3203.63,10284.72,0.2067,10284.72,3203.63,13488.35,0.0,13488.35,0.311494
2025-12,PPDC,IV CANNULA WITH WINGS LUER LOCK G22 .8X25MM (CATHULA),1,1,0,1,1,1375.24,2645.92,0.1347,2645.92,1375.24,4021.16,0.0,4021.16,0.519759
2025-12,PPDC,KOVENT SF 25MCG/250MCG MDI,1,1,0,1,1,1592.57,3064.07,0.156,3064.07,1592.57,4656.64,0.0,4656.64,0.519756
2025-12,PPDC,LAZICARE 10MG/ML (20MG/2ML) 2ML,2,2,0,1,2,17019.559999999998,32745.24,0.3783,32745.24,17019.56,49764.8,0.0,49764.8,0.519757
2025-12,PPDC,MASKING TAPE 1INCH,1,1,0,1,1,752.98,1448.71,0.1472,1448.71,752.98,2201.68,0.0,2201.68,0.519759
2025-12,PPDC,OMCARE 40MG WITH DILUENT,1,1,0,1,1,2727.91,5248.43,0.1296,5248.43,2727.91,7976.34,0.0,7976.34,0.519757
2025-12,PPDC,RECORD BOOK 500PAGES (VALIANT),3,3,0,1,3,4831.0199999999995,9294.76,0.704,9294.76,4831.02,14125.77,0.0,14125.77,0.519757
2025-12,PPDC,REFRIGERATOR 22CU.FT TWO DOOR UPRIGHT CHILLER (FUJIDENZO),1,1,0,1,1,1285.88,2474.0,0.1509,2474.0,1285.88,3759.88,0.0,3759.88,0.519757
2025-12,PPDC,STAPLE WIRE #35,2,2,0,1,2,5174.85,9956.29,0.3937,9956.29,5174.85,15131.15,0.0,15131.15,0.519757
2025-12,PPDC,T SHIRT WITH PRINT,1,1,0,1,1,3915.77,7533.84,0.3488,7533.84,3915.77,11449.61,0.0,11449.61,0.519758
2025-12,PPDC,VOLUMETRIC SOLUTION INFUSION SET 150ML (POLYVOL),1,1,0,1,1,9709.02,18679.93,0.1902,18679.93,9709.02,28388.95,0.0,28388.95,0.519757
2025-12,PPOC,FOLDER ORDINARY WHITE LONG 100'S,1,1,0,1,1,8599.66,10483.39,0.1638,10483.39,8599.66,19083.06,0.0,19083.06,0.820313
2025-12,PPOC,HBW BLACK BALLPEN,1,1,0,1,1,8392.38,10230.71,0.1599,10230.71,8392.38,18623.08,0.0,18623.08,0.820313
2025-12,PPOC,INK EPSON #003 YELLOW,1,1,0,1,1,8012.79,9767.98,0.1526,9767.98,8012.79,17780.77,0.0,17780.77,0.820312
2025-12,PPOC,NOTEBOOK SPIRAL 80 LEAVES,1,1,0,1,1,5513.53,6721.26,0.105,6721.26,5513.53,12234.8,0.0,12234.8,0.820312
2025-12,PPOC,T SHIRT WITH PRINT,1,1,0,1,1,21981.64,26796.66,0.4187,26796.66,21981.64,48778.29,0.0,48778.29,0.820313
2025-12,Pagbilao,ABHAY-TOX 40IU/0.5ML VIAL,2,2,0,1,2,53012.9,144120.31,0.5922,473798.14,53012.9,418458.5,0.0,418458.5,0.367838
2025-12,Pagbilao,AIRCON SPLIT TYPE 2HP INVERTER (CARRIER),2,2,0,1,2,2831.94,5283.49,0.3092,5283.49,2831.94,8115.43,0.0,8115.43,0.535998
2025-12,Pagbilao,ANTIZOAL 5MG/ML (500MG/100ML) 100ML,1,1,0,1,1,0.0,0.0,0.1855,203390.19,0.0,136543.59,0.0,136543.59,0.0
2025-12,Pagbilao,BALLPEN FINEPOINT,2,2,0,1,2,38548.18,74165.79,0.3455,102357.79,38548.18,135619.21,0.0,135619.21,0.519757
2025-12,Pagbilao,BATHROOM TISSUE 2PLY 12'S (FEMME),1,1,0,1,1,2130.03,4098.13,0.1247,4098.13,2130.03,6228.16,0.0,6228.16,0.519757
2025-12,Pagbilao,BOND PAPER A4 (HARDCOPY),2,2,0,1,2,181512.31,246376.05,0.3922,280844.45,181512.31,455893.0,0.0,455893.0,0.736729
2025-12,Pagbilao,BOND PAPER LEGAL 80GSM (DOUBLE A),1,1,0,1,1,2698.03,5265.03,0.127,5265.03,2698.03,7963.06,0.0,7963.06,0.512443
2025-12,Pagbilao,BOND PAPER LONG (HARDCOPY),5,5,0,1,5,55724.25,106725.14,1.0499,171174.02,80224.12,388409.53,0.0,388409.53,0.522129
2025-12,Pagbilao,CELEKOP 200MG CAP,1,1,0,1,1,0.0,0.0,0.1583,173589.94,0.0,116537.55,0.0,116537.55,0.0
2025-12,Pagbilao,CLEAR BOOK LEGAL/LONG,4,4,0,1,4,253190.35,347777.85000000003,0.9064,376419.49,281831.99,827183.03,0.0,827183.03,0.728023
2025-12,Pagbilao,CLOXANE 500MG,2,2,0,1,2,30743.29,83578.38,0.2964,88512.2,35677.11,125742.67,0.0,125742.67,0.367838
2025-12,Pagbilao,CORPILYN 250MG,1,1,0,1,1,14203.5,27327.2,0.2583,27327.2,14203.5,41530.69,0.0,41530.69,0.519757
2025-12,Pagbilao,CORPILYN 500MG,1,1,0,1,1,0.0,0.0,0.2865,11102.76,11102.76,25701.1,0.0,25701.1,0.0
2025-12,Pagbilao,CORRECTION TAPE 20MM,2,2,0,1,2,5518.46,10553.65,0.4818,10553.65,5518.46,16072.12,0.0,16072.12,0.522896
2025-12,Pagbilao,CORRECTION TAPE JOY,3,3,0,1,3,8459.31,16412.84,0.6541,56624.13,8459.31,57542.73,0.0,57542.73,0.515408
2025-12,Pagbilao,DIPHENPORS 50MG/ML 1ML,1,1,0,1,1,31406.16,85380.45,0.1728,85380.45,31406.16,116786.6,0.0,116786.6,0.367838
2025-12,Pagbilao,DISPOSABLE INFUSION SET ADULT 20MACRODROPS/ML (HEXACARE),1,1,0,1,1,0.0,0.0,0.1518,166414.13,0.0,111720.15,0.0,111720.15,0.0
2025-12,Pagbilao,EMICOX 200MG CAP,2,2,0,1,2,42609.88,107669.18,0.3648,107669.18,42609.88,150279.07,0.0,150279.07,0.395748
2025-12,Pagbilao,EPICARE 1MG/ML IV,1,1,0,1,1,8306.94,8529.42,0.1156,8529.42,8306.94,16836.35,0.0,16836.35,0.973916
2025-12,Pagbilao,FOLDER ORDINARY WHITE LONG 100'S,3,3,0,1,3,190454.59,260712.47,0.5358,260712.47,190454.59,451167.05,0.0,451167.05,0.730516
2025-12,Pagbilao,GIOZOLE 40MG W/ DILUENT,1,1,0,1,1,9414.06,18112.43,0.1712,18112.43,9414.06,27526.49,0.0,27526.49,0.519757
2025-12,Pagbilao,HARD COPY SUB#20 (8 1/2X13) LONG,5,5,0,1,5,22555.98,43828.21,1.4155,78647.79,57375.56,341393.01,0.0,341393.01,0.514645
2025-12,Pagbilao,HARD COPY SUB#20 A4,3,3,0,1,3,6543.4400000000005,11929.359999999999,0.7058,11929.36,6543.44,18472.78,0.0,18472.78,0.548516
2025-12,Pagbilao,HBW BLACK BALLPEN,2,2,0,1,2,47884.32,91895.99,0.3679,91895.99,47884.32,139780.33,0.0,139780.33,0.521071
2025-12,Pagbilao,HYDROCORTIBAS 100MG VIAL,1,1,0,1,1,11709.28,12022.88,0.1629,12022.88,11709.28,23732.17,0.0,23732.17,0.973916
2025-12,Pagbilao,INK CARTRIDGE TRI COLOR (HP680),2,2,0,1,2,3929.38,7247.58,0.2956,7247.58,3929.38,11176.94,0.0,11176.94,0.542164
2025-12,Pagbilao,INK EPSON #003 BLACK,4,4,0,1,4,221980.54,305428.41,0.7465,305428.41,221980.54,527408.96,0.0,527408.96,0.726784
2025-12,Pagbilao,INK EPSON #003 CYAN,3,3,0,1,3,5723.84,10790.71,0.4557,10790.71,5723.84,16514.55,0.0,16514.55,0.530441
2025-12,Pagbilao,INK EPSON #003 MAGENTA,2,2,0,1,2,45617.28999999999,87823.89,0.3458,87823.89,45617.29,133441.17,0.0,133441.17,0.519418
2025-12,Pagbilao,INK EPSON #003 YELLOW,2,2,0,1,2,6323.82,12307.57,0.3079,12307.57,6323.82,18631.38,0.0,18631.38,0.513815
2025-12,Pagbilao,IV CANNULA WITH INJECTION PORT LUER LOCK G24 0.7X19MM (CATHULA),2,2,0,1,2,45206.03,114229.28,0.387,114229.28,45206.03,159435.32,0.0,159435.32,0.395748
2025-12,Pagbilao,IV CANNULA WITH WINGS LUER LOCK G22 .8X25MM (CATHULA),1,1,0,1,1,0.0,0.0,0.1175,4551.22,4551.22,10535.33,0.0,10535.33,0.0
2025-12,Pagbilao,LAZICARE 10MG/ML (20MG/2ML) 2ML,3,3,0,1,3,21209.82,30911.57,0.5424,254455.28,21209.82,202194.81,0.0,202194.81,0.686145
2025-12,Pagbilao,MARKER BLACK (PILOT),1,1,0,1,1,3630.01,7083.73,0.1708,7083.73,3630.01,10713.75,0.0,10713.75,0.512443
2025-12,Pagbilao,MASKING TAPE 1INCH,1,1,0,1,1,0.0,0.0,0.1228,16242.09,16242.09,128281.79,0.0,128281.79,0.0
2025-12,Pagbilao,MICROPORE 1X10 2.5CMX9.1M (3M),1,1,0,1,1,28174.97,28929.56,0.392,28929.56,28174.97,57104.53,0.0,57104.53,0.973916
2025-12,Pagbilao,NOTEBOOK SPIRAL 80 LEAVES,2,2,0,1,2,1005.8000000000001,1627.45,0.2236,1627.45,1005.8,2633.26,0.0,2633.26,0.618022
2025-12,Pagbilao,PLAZIMIDE 5MG/ML (10MG/2ML),1,1,0,1,1,12651.39,12990.22,0.176,12990.22,12651.39,25641.61,0.0,25641.61,0.973917
2025-12,Pagbilao,RECORD BOOK 500PAGES (VALIANT),3,3,0,1,3,1763.82,2444.36,0.6966,30491.18,29810.64,225725.09,0.0,225725.09,0.721588
2025-12,Pagbilao,REFRIGERATOR 22CU.FT TWO DOOR UPRIGHT CHILLER (FUJIDENZO),2,2,0,1,2,153357.72999999998,208264.07,0.2835,208264.07,153357.73,361621.79,0.0,361621.79,0.736362
2025-12,Pagbilao,STAPLE WIRE #35,2,2,0,1,2,4558.360000000001,8385.54,0.3598,8385.54,4558.36,12943.9,0.0,12943.9,0.543598
2025-12,Pagbilao,STAPLER STANDARD TYPE (JOY),2,2,0,1,2,1983.03,3815.31,0.2647,27301.71,1983.03,24880.4,0.0,24880.4,0.519756
2025-12,Pagbilao,T SHIRT WITH PRINT,3,3,0,1,3,9426.09,17684.21,1.1577,17684.21,9426.09,27110.3,0.0,27110.3,0.533023
2025-12,Pagbilao,TRASH BAG - BLACK - MEDIUM,1,1,0,1,1,33506.77,64466.25,0.153,64466.25,33506.77,97973.03,0.0,97973.03,0.519757
2025-12,Pagbilao,VOLUMETRIC SOLUTION INFUSION SET 150ML (POLYVOL),1,1,0,1,1,0.0,0.0,0.2011,7791.15,7791.15,18035.25,0.0,18035.25,0.0
2025-12,Pagbilao,ZINACARE 750MG W/ DILUENT,1,1,0,1,1,0.0,0.0,0.2676,10371.05,10371.05,24007.32,0.0,24007.32,0.0
2025-12,QMC,AMBIDOL 50MG/ML (100MG/2ML) 2ML,2,2,0,1,2,0.0,0.0,0.4355,125721.69,125721.69,262405.78,0.0,262405.78,0.0
2025-12,QMC,ARCH FILE LONG 3INCHES,5,5,0,1,5,26585.83,63777.6,0.303,71048.41,33856.64,108872.27,0.0,108872.27,0.416852
2025-12,QMC,BREAD,5,5,0,1,5,69541.73000000001,166825.89,0.7926,185844.47,88560.31,284782.0,0.0,284782.0,0.416852
2025-12,QMC,BUPIRIGHT 5MG/ML 0.5% IN 8% 4ML,1,1,0,1,1,0.0,0.0,0.2711,82071.61,82071.61,165020.48,0.0,165020.48,0.0
2025-12,QMC,CAMERA WITH SD CARD AND LENS EOS RP RF24-105MM PRO (CANON),5,5,0,1,5,139062.32,333601.02,1.585,371632.4,177093.7,569477.41,0.0,569477.41,0.416852
2025-12,QMC,DIFLOSID 25MG/ML 3ML,1,1,0,1,1,44803.07,52775.07,0.3643,52775.07,44803.07,97578.14,0.0,97578.14,0.848944
2025-12,QMC,DOLO-JAGA 500MG/50MG/100MG/100MCG,1,1,0,1,1,0.0,0.0,0.1574,43215.75,43215.75,93853.0,0.0,93853.0,0.0
2025-12,QMC,ENDOPROST 125MCG/ML,1,1,0,1,1,25388.4,29905.86,0.2064,29905.86,25388.4,55294.26,0.0,55294.26,0.848944
2025-12,QMC,ENDOPROST 250MCG/ML,1,1,0,1,1,13063.24,15387.63,0.1062,15387.63,13063.24,28450.87,0.0,28450.87,0.848944
2025-12,QMC,ENHAMOX 500MG/125MG,5,5,0,1,5,22736.88,26782.55,0.9849,180669.65,176623.98,381670.45,0.0,381670.45,0.848944
2025-12,QMC,EROXIME 750MG IV,1,1,0,1,1,0.0,0.0,0.2122,58286.35,58286.35,126582.28,0.0,126582.28,0.0
2025-12,QMC,EVAPROST 125MCG/0.5ML,1,1,0,1,1,17003.41,20028.89,0.1382,20028.89,17003.41,37032.3,0.0,37032.3,0.848944
2025-12,QMC,GENTAM 40MG/ML (80MG/2ML) 2ML,1,1,0,1,1,0.0,0.0,0.1513,45812.34,45812.34,92114.37,0.0,92114.37,0.0
2025-12,QMC,LIFERZIN 1G IV,1,1,0,1,1,0.0,0.0,0.1287,14436.03,14436.03,31318.28,0.0,31318.28,0.0
2025-12,QMC,MINERAL WATER 330ML (NATURE SPRING),5,5,0,1,5,66164.33,158723.69,0.7541,176818.6,84259.24,270951.09,0.0,270951.09,0.416852
2025-12,QMC,MONOWEL 1G IV,1,1,0,1,1,0.0,0.0,0.1434,11042.87,11042.87,29323.47,0.0,29323.47,0.0
2025-12,QMC,MUCOLIFAR 500MG TAB,1,1,0,1,1,0.0,0.0,0.1564,47354.35,47354.35,95214.88,0.0,95214.88,0.0
2025-12,QMC,OPREX 40MG IV,2,2,0,1,2,0.0,0.0,0.3999,79036.06,79036.06,171596.65,0.0,171596.65,0.0
2025-12,QMC,PHYTOBAS 10MG/ML IV,2,2,0,1,2,0.0,0.0,0.6487,60507.2,60507.2,144313.96,0.0,144313.96,0.0
2025-12,QMC,"QMC 787,170",5,5,0,1,5,137317.94,329416.4,1.5652,366970.72,174872.26,562333.98,0.0,562333.98,0.416852
2025-12,QMC,SITIXON 1G 10ML,1,1,0,1,1,0.0,0.0,0.1994,22365.18,22365.18,48520.18,0.0,48520.18,0.0
2025-12,QMC,SUCROSAPH 20MG/ML (100MG/5ML) 5ML,1,1,0,1,1,0.0,0.0,0.1321,10171.18,10171.18,27008.78,0.0,27008.78,0.0
2025-12,QMC,ZEFTACARE 1G IV,1,1,0,1,1,0.0,0.0,0.1639,12621.88,12621.88,33516.42,0.0,33516.42,0.0
2025-12,Tourism,AIRCON SPLIT TYPE 2HP INVERTER (CARRIER),1,1,0,1,1,16873.62,32464.45,0.1389,32464.45,16873.62,49338.07,0.0,49338.07,0.519757
2025-12,Tourism,CORRECTION TAPE JOY,1,1,0,1,1,22474.7,43240.8,0.185,43240.8,22474.7,65715.5,0.0,65715.5,0.519757
2025-12,Tourism,HARD COPY SUB#20 (8 1/2X13) LONG,1,1,0,1,1,5576.07,5748.76,0.2838,5748.76,5576.07,11324.83,0.0,11324.83,0.96996
2025-12,Tourism,HARD COPY SUB#20 A4,1,1,0,1,1,4814.94,4964.05,0.2451,4964.05,4814.94,9779.0,0.0,9779.0,0.969962
2025-12,Tourism,INK EPSON #003 BLACK,1,1,0,1,1,4006.68,4130.76,0.2039,4130.76,4006.68,8137.44,0.0,8137.44,0.969962
2025-12,Tourism,INK EPSON #003 YELLOW,1,1,0,1,1,18442.83,35483.58,0.1518,35483.58,18442.83,53926.42,0.0,53926.42,0.519757
2025-12,Tourism,MARKER BLACK (PILOT),1,1,0,1,1,2941.47,3032.56,0.1497,3032.56,2941.47,5974.03,0.0,5974.03,0.969963
2025-12,Tourism,STAPLER STANDARD TYPE (JOY),2,2,0,1,2,15433.55,27633.93,0.2254,27633.93,15433.55,43067.46,0.0,43067.46,0.5585
2025-12,Tourism,T SHIRT WITH PRINT,1,1,0,1,1,50594.54,97342.71,0.4164,97342.71,50594.54,147937.25,0.0,147937.25,0.519757
