MEDSHIELD PHARMA CORP,,,,,,,,,,,
SALES SUMMARY REPORT,,,,,,,,,,,
AS OF DECEMBER 2020,,,,,,,,,,,
,,,,,,,,,,,
,,,,,,,,,,,
Area,DR Number,Date Delivered,Product,Qty,CP,Total CP,Disc,Net CP,TP/UNIT,TOTAL TP,Net Income
Admin,22426,2020-12-22,TRIVASC 35MG MR,2,735,1470,0,1470,490,980,490
Admin,22425,2020-12-22,XYNETRIX CHEWABLE TABLET,7,678.57,4750,0,4750,410.42,2872.92,1877.08
Admin,22425,2020-12-22,SOLVAPRINE 10MG,7,671.43,4700,0,4700,146.8,1027.6,3672.4
Admin,22425,2020-12-22,MULTI GROW OB PLUS,7,803.57,5625,0,5625,487.5,3412.5,2212.5
Admin,22425,2020-12-22,MAXXIVIT PLUS,7,857.14,6000,0,6000,517.33,3621.33,2378.67
Admin,22423,2020-12-20,MAXXIVIT PLUS,7,857.14,6000,0,6000,517.33,3621.33,2378.67
Admin,22423,2020-12-20,XYNETRIX CHEWABLE TABLET,7,678.57,4750,0,4750,410.42,2872.92,1877.08
Admin,22423,2020-12-20,FERGLOBIN 250MG,7,517.86,3625,0,3625,257.5,1802.5,1822.5
Admin,22423,2020-12-20,BENERVA PLUS TAB,7,1220,8540,0,8540,550,3850,4690
Admin,22424,2020-12-20,FERGLOBIN 250MG,7,517.86,3625,0,3625,257.5,1802.5,1822.5
Admin,22424,2020-12-20,ERGON 125MCG,7,714.29,5000,0,5000,138.04,966.29,4033.71
Admin,22424,2020-12-20,HYCLENS WOUND SPRAY 60ML.,7,2358.72,16511.04,0,16511.04,137.15,960.06,15550.980000000001
Admin,22422,2020-12-20,FOLACID 5MG,7,464.29,3250,0,3250,196.88,1378.16,1871.84
Admin,22422,2020-12-20,NITROFURANTOIN 100MG,7,714.29,5000,0,5000,10.12,70.84,4929.16
Admin,22422,2020-12-20,MAXXIVIT PLUS,7,857.14,6000,0,6000,517.33,3621.33,2378.67
Admin,22422,2020-12-20,SOLVAPRINE 10MG,14,671.43,9400,0,9400,146.8,2055.2,7344.8
Admin,22422,2020-12-20,CEFUSAPH,14,471.43,6600,0,6600,156.92,2196.83,4403.17
Admin,22422,2020-12-20,COMOX 625MG,7,2000,14000,0,14000,1173.6,8215.2,5784.799999999999
Admin,22421,2020-12-01,XYNETRIX CHEWABLE TABLET,7,678.57,4750,0,4750,410.42,2872.92,1877.08
Admin,22421,2020-12-01,MAXXIVIT PLUS,7,857.14,6000,0,6000,517.33,3621.33,2378.67
Admin,22421,2020-12-01,SOLVAPRINE 10MG,7,671.43,4700,0,4700,146.8,1027.6,3672.4
Admin,22418,2020-11-26,XYNETRIX CHEWABLE TABLET,5,675,3375,0,3375,410.42,2052.08,1322.92
Admin,22420,2020-11-26,DOPAMET 250MG TAB,7,607.14,4250,0,4250,196.63,1376.38,2873.62
Admin,22420,2020-11-26,MAXXIVIT PLUS,7,857.14,6000,0,6000,517.33,3621.33,2378.67
Admin,22420,2020-11-26,XYNETRIX CHEWABLE TABLET,7,678.57,4750,0,4750,410.42,2872.92,1877.08
Admin,22420,2020-11-26,FERGLOBIN 250MG,7,517.86,3625,0,3625,257.5,1802.5,1822.5
Admin,22420,2020-11-26,URINOX 400mg,7,285.71,2000,0,2000,121.5,850.5,1149.5
Admin,22420,2020-11-26,HEMOSTAP 500mg,7,1500,10500,0,10500,371.67,2601.67,7898.33
Admin,22420,2020-11-26,ENERGEL SOFTGEL,7,1594.29,11160,0,11160,565.13,3955.91,7204.09
Admin,22419,2020-11-26,CEPROTRON 500MG,2,1750,3500,1050,2450,533.33,1066.67,1383.33
Admin,22512,2020-11-21,ATOVAS 20MG,45,750,33750,0,33750,183.46,8255.76,25494.239999999998
Admin,22416,2020-11-19,FOLACID 5MG,7,464.29,3250,0,3250,196.88,1378.16,1871.84
Admin,22416,2020-11-19,MAXXIVIT PLUS,7,857.14,6000,0,6000,517.33,3621.33,2378.67
Admin,22416,2020-11-19,XYNETRIX CHEWABLE TABLET,7,678.57,4750,0,4750,410.42,2872.92,1877.08
Admin,22416,2020-11-19,ENOCEE 500mg,14,214.29,3000,0,3000,85,1190,1810
Admin,22416,2020-11-19,AFENAX 100MG,7,1357.14,9500,0,9500,595,4165,5335
Admin,22417,2020-11-19,ANEROCIN 300MG,2,3800,7600,2280,5320,919.67,1839.33,3480.67
Admin,22417,2020-11-19,BENERVA PLUS TAB,2,1708,3416,1024.8,2391.2,550,1100,1291.1999999999998
Admin,22417,2020-11-19,COMOX 625MG,2,2800,5600,1680,3920,1173.6,2347.2,1572.8000000000002
Admin,22417,2020-11-19,FERGLOBIN FA 60MG/400MCG,1,900,900,270,630,273.89,273.89,356.11
Admin,MS00676,2020-11-19,BACTIV 625MG,50,291.06,14553,0,14553,283.05,14152.39,400.6100000000006
Admin,22415,2020-11-16,MONPHEVIN 500 MG,1,88,88,0,88,28,28,60
Admin,22415,2020-11-16,PRESARTAN-50 50MG TAB,2,240,480,0,480,112.5,225,255
Admin,22415,2020-11-16,"MICROPORE 1"" - 3M",2,570,1140,0,1140,380,760,380
Admin,22415,2020-11-16,FACE SHIELD 6php,50,12,600,0,600,6,300,300
Admin,22414,2020-11-03,ENOCEE 500mg,2,150,300,0,300,85,170,130
Admin,22413,2020-11-03,SOLVAPRINE 10MG,14,671.43,9400,0,9400,146.8,2055.2,7344.8
Admin,22413,2020-11-03,CORSTAPH 500MG,14,1071.43,15000,0,15000,435,6090,8910
Admin,22413,2020-11-03,MAXXIVIT PLUS,7,857.14,6000,0,6000,517.33,3621.33,2378.67
Admin,22413,2020-11-03,ERGON 125MCG,7,714.29,5000,0,5000,138.04,966.29,4033.71
Admin,22413,2020-11-03,FERGLOBIN 250MG,7,517.86,3625,0,3625,257.5,1802.5,1822.5
Admin,OS 20-9-53 20-9-47/ JV268,2020-10-28,ACCU CHECK GLUCOSE STRIPS,20,1062.5,21250,0,21250,840,16800,4450
Admin,OS 20-9-53 20-9-47/ JV268,2020-10-28,APCEE 500MG,1,402.5,402.5,0,402.5,245,245,157.5
Admin,OS 20-9-53 20-9-47/ JV268,2020-10-28,APCEE 500MG,10,402.5,4025,0,4025,245,2450,1575
Admin,OS 20-9-53 20-9-47/ JV268,2020-10-28,APCEE 500MG,10,402.5,4025,0,4025,245,2450,1575
Admin,OS 20-9-53 20-9-47/ JV268,2020-10-28,ARTAL-H 50MG/12.5MG,1,292.25,292.25,0,292.25,105.95,105.95,186.3
Admin,OS 20-9-53 20-9-47/ JV268,2020-10-28,ATOVAS 20MG,1,207.97,207.97,0,207.97,183.46,183.46,24.50999999999999
Admin,OS 20-9-53 20-9-47/ JV268,2020-10-28,CLOVAS 75MG,1,705.6,705.6,0,705.6,403.2,403.2,302.40000000000003
Admin,OS 20-9-53 20-9-47/ JV268,2020-10-28,CLOVAS 75MG,1,705.6,705.6,0,705.6,403.2,403.2,302.40000000000003
Admin,OS 20-9-53 20-9-47/ JV268,2020-10-28,CLOVAS 75MG,1,705.6,705.6,0,705.6,403.2,403.2,302.40000000000003
Admin,OS 20-9-53 20-9-47/ JV268,2020-10-28,FACE MASK EARLOOP,10,1250,12500,0,12500,45,450,12050
Admin,OS 20-9-53 20-9-47/ JV268,2020-10-28,HAV C 500MG,10,323.75,3237.5,0,3237.5,122.5,1225,2012.5
Admin,OS 20-9-53 20-9-47/ JV268,2020-10-28,INSULIN SYRINGE - TERUMO,1,937.5,937.5,0,937.5,750,750,187.5
Admin,OS 20-9-53 20-9-47/ JV268,2020-10-28,Isopropyl Alcohol 70% NO LABEL,10,150,1500,0,1500,120,1200,300
Admin,OS 20-9-53 20-9-47/ JV268,2020-10-28,JAGA 300MG/100MG/100MCG,1,927.5,927.5,0,927.5,530,530,397.5
Admin,OS 20-9-53 20-9-47/ JV268,2020-10-28,SHELOGEL ANTACID 200mg,1,463.75,463.75,0,463.75,265,265,198.75
Admin,OS 20-9-53 20-9-47/ JV268,2020-10-28,XYNETRIX CHEWABLE TABLET,1,787.5,787.5,0,787.5,410.42,410.42,377.08
Admin,OS 20-9-40 JV268,2020-10-28,ANGEL-50 50MG,1,241.5,241.5,0,241.5,117.2,117.2,124.3
Admin,OS 20-9-40 JV268,2020-10-28,DOLO JAGA 500MG/50MG/100MG/100MCG,1,1076.25,1076.25,0,1076.25,615,615,461.25
Admin,OS 20-8-42 20-8-15 JV268,2020-10-28,GIAN ZINC 120ML SYR,1,148.75,148.75,0,148.75,80.83,80.83,67.92
Admin,OS 20-8-42 20-8-15 JV268,2020-10-28,HAV C 500MG,10,59,590,0,590,122.5,1225,-635
Admin,OS 20-25 JV268,2020-10-28,ANGEL-50 50MG,-1,276,-276,0,-276,117.2,-117.2,-158.8
Admin,OS 20-25 JV268,2020-10-28,JAGA 300MG/100MG/100MCG,-1,1060,-1060,0,-1060,530,-530,-530
Admin,OS 20-25 JV268,2020-10-28,KARVIDOL 25mg,-1,900,-900,0,-900,,,-900
Admin,OS 20-25 JV268,2020-10-28,MECID 500MG,-1,170,-170,0,-170,77,-77,-93
Admin,OS 20-25 JV268,2020-10-28,SAPHORMIN 500MG,-1,110,-110,0,-110,53.43,-53.43,-56.57
Admin,OS 20-7-63 JV268,2020-10-28,MAXXIVIT PLUS,1,980,980,0,980,517.33,517.33,462.66999999999996
Admin,OS 20-7-63 JV268,2020-10-28,SOLVAPRINE 10MG,1,256.9,256.9,0,256.9,146.8,146.8,110.09999999999997
Admin,OS 20-7-63 JV268,2020-10-28,XYNETRIX CHEWABLE TABLET,1,787.5,787.5,0,787.5,410.42,410.42,377.08
Admin,22410,2020-10-26,ANEROCIN 300MG,3,3800,11400,3420,7980,919.67,2759,5221
Admin,22411,2020-10-26,MULTI GROW OB PLUS,7,803.57,5625,0,5625,487.5,3412.5,2212.5
Admin,22411,2020-10-26,XYNETRIX CHEWABLE TABLET,7,678.57,4750,0,4750,410.42,2872.92,1877.08
Admin,22412,2020-10-26,FACE MASK NONE WOVE EARLOOP OF 3 PLY BLUE -SURGITECH,5,180,900,0,900,45,225,675
Admin,22392,2020-10-26,GLOVEDOL 6.25MG,50,497,24850,0,24850,83.5,4175,20675
Admin,22409,2020-10-23,GIAN ZINC 120ML SYR,36,102,3672,0,3672,80.83,2910,762
Admin,22409,2020-10-23,OMEBLOC 20mg,2,168,336,0,336,74.5,149,187
Admin,22409,2020-10-23,CINNABLOC 25MG,2,159.6,319.2,0,319.2,133,266,53.19999999999999
Admin,22409,2020-10-23,GLOVEDOL 6.25MG,2,228,456,0,456,83.5,167,289
Admin,22409,2020-10-23,"MICROPORE 1"" - 3M",2,570,1140,0,1140,380,760,380
Admin,22408,2020-10-20,SOLVAPRINE 10MG,14,671.43,9400,0,9400,146.8,2055.2,7344.8
Admin,22408,2020-10-20,EVEROSE 1000MG CAP,7,691.07,4837.5,0,4837.5,381,2667,2170.5
Admin,22408,2020-10-20,FERGLOBIN FA 60MG/400MCG,7,642.86,4500,0,4500,273.89,1917.22,2582.7799999999997
Admin,22408,2020-10-20,FERGLOBIN 250MG,7,517.86,3625,0,3625,257.5,1802.5,1822.5
Admin,22408,2020-10-20,ENERGEL SOFTGEL,7,3188.57,22320,0,22320,565.13,3955.91,18364.09
Admin,22408,2020-10-20,FOLACID 5MG,7,464.29,3250,0,3250,196.88,1378.16,1871.84
Admin,22408,2020-10-20,MAXXIVIT PLUS,7,857.14,6000,0,6000,517.33,3621.33,2378.67
Admin,22408,2020-10-20,DOPAMET 250MG TAB,7,607.14,4250,0,4250,196.63,1376.38,2873.62
Admin,22407,2020-10-12,XYNETRIX CHEWABLE TABLET,7,678.57,4750,0,4750,410.42,2872.92,1877.08
Admin,22407,2020-10-12,MAXXIVIT PLUS,7,857.14,6000,0,6000,517.33,3621.33,2378.67
Admin,22407,2020-10-12,ZELEX 200MG,7,2000,14000,0,14000,750,5250,8750
Admin,22406,2020-10-02,CEFUSAPH,28,471.43,13200,0,13200,156.92,4393.67,8806.33
Admin,22406,2020-10-02,NITROFURANTOIN 100MG,7,714.29,5000,0,5000,10.12,70.84,4929.16
Admin,22406,2020-10-02,AFENAX 100MG,14,1357.14,19000,0,19000,595,8330,10670
Admin,22406,2020-10-02,FERGLOBIN FA 60MG/400MCG,7,642.86,4500,0,4500,273.89,1917.22,2582.7799999999997
Admin,22406,2020-10-02,CORSTAPH 500MG,7,1071.43,7500,0,7500,435,3045,4455
Admin,22405,2020-10-02,HYCLENS 0.12% GARGLE 60ML,12,75.75,909,0,909,65,780,129
Admin,22404,2020-09-28,SOLVAPRINE 10MG,7,671.43,4700,0,4700,146.8,1027.6,3672.4
Admin,22404,2020-09-28,MAXXIVIT PLUS,7,464.29,3250,0,3250,517.33,3621.33,-371.3299999999999
Admin,22404,2020-09-28,XYNETRIX CHEWABLE TABLET,7,678.57,4750,0,4750,410.42,2872.92,1877.08
Admin,22401,2020-09-18,VONWELT TRANEXAMIC ACID,1,2100,2100,630,1470,320,320,1150
Admin,22401,2020-09-18,SURITRAM,1,1980,1980,594,1386,135,135,1251
Admin,22402,2020-09-18,"MICROPORE 1"" - 3M",1,1080,1080,0,1080,380,380,700
Admin,21900,2020-09-18,SOLVAPRINE 10MG,7,671.43,4700,0,4700,146.8,1027.6,3672.4
Admin,21900,2020-09-18,FOLACID 5MG,7,464.29,3250,0,3250,196.88,1378.16,1871.84
Admin,21900,2020-09-18,ERGON 125MCG,7,714.29,5000,0,5000,138.04,966.29,4033.71
Admin,21900,2020-09-18,FERGLOBIN 250MG,7,517.86,3625,0,3625,257.5,1802.5,1822.5
Admin,21900,2020-09-18,APCEE 500MG,14,525,7350,0,7350,245,3430,3920
Admin,21900,2020-09-18,MALUNGGAY CAPSULE,50,655,32750,0,32750,455,22750,10000
Admin,21900,2020-09-18,GLOVES (M) - INDOPLAS,10,450,4500,0,4500,360,3600,900
Admin,22401,2020-09-18,NITROFURANTOIN 100MG,0.38,1000,380,114,266,10.12,3.85,262.15
Admin,21897,2020-09-14,SAPHLECOX 200MG,2,279,558,0,558,180.5,361,197
Admin,21897,2020-09-14,SAPHORMIN 500MG,4,120,480,0,480,53.43,213.71,266.28999999999996
Admin,21897,2020-09-14,AMLOTHIX 5mg,5,94.5,472.5,0,472.5,63,315,157.5
Admin,21897,2020-09-14,SATCAPTO-25 TAB,1,186.4,186.4,0,186.4,124.25,124.25,62.150000000000006
Admin,21897,2020-09-14,GIAN ZINC 120ML SYR,10,102,1020,0,1020,80.83,808.33,211.66999999999996
Admin,21898,2020-09-14,SOLVAPRINE 10MG,7,671.43,4700,0,4700,146.8,1027.6,3672.4
Admin,21898,2020-09-14,MAXXIVIT PLUS,7,857.14,6000,0,6000,517.33,3621.33,2378.67
Admin,21898,2020-09-14,FERGLOBIN 250MG,7,517.86,3625,0,3625,257.5,1802.5,1822.5
Admin,21898,2020-09-14,XYNETRIX CHEWABLE TABLET,7,678.57,4750,0,4750,410.42,2872.92,1877.08
Admin,21898,2020-09-14,EVEROSE 1000MG CAP,7,691.07,4837.5,0,4837.5,381,2667,2170.5
Admin,21899,2020-09-14,MONILIASOL 500MG,2,1080,2160,648,1512,240,480,1032
Admin,21899,2020-09-14,VOXOLL 30MG TAB,2,756,1512,453.6,1058.4,167,334,724.4000000000001
Admin,22142,2020-09-07,ATOVAS 20MG,36,750,27000,0,27000,183.46,6604.61,20395.39
Admin,22142,2020-09-07,CLOVAS 75MG,36,1350,48600,0,48600,403.2,14515.2,34084.8
Admin,21896,2020-09-01,AZCORE 500mg,5,160.02,800.1,0,800.1,80,400,400.1
Admin,MS00627,2020-09-01,APCEE 100MG/5ML,1,490,490,0,490,23.03,23.03,466.97
Admin,MS00627,2020-09-01,AC-LYTE 200MG,0.33,461.1,153.7,0,153.7,220,73.33,80.36999999999999
Admin,MS00627,2020-09-01,AZICARE 500MG TAB,0.17,700.2,116.7,0,116.7,523.33,87.22,29.480000000000004
Admin,22135,2020-08-31,GLOVEDOL 6.25MG,36,497,17892,0,17892,83.5,3006,14886
Admin,21894,2020-08-24,LACTAMOX 500MG/125MG TAB,2,2800,5600,0,5600,1173.5,2347,3253
Admin,21893,2020-08-24,FERGLOBIN 250MG,7,517.86,3625,0,3625,257.5,1802.5,1822.5
Admin,21893,2020-08-24,FERGLOBIN FA 60MG/400MCG,7,642.86,4500,0,4500,273.89,1917.22,2582.7799999999997
Admin,21893,2020-08-24,SOLVAPRINE 10MG,7,671.43,4700,0,4700,146.8,1027.6,3672.4
Admin,21893,2020-08-24,MAXXIVIT PLUS,7,857.14,6000,0,6000,517.33,3621.33,2378.67
Admin,21893,2020-08-24,FOLACID 5MG,7,464.29,3250,0,3250,196.88,1378.16,1871.84
Admin,21893,2020-08-24,ENCLOXIL 500MG,7,1392.86,9750,0,9750,715,5005,4745
Admin,21893,2020-08-24,ERGON 125MCG,7,714.29,5000,0,5000,138.04,966.29,4033.71
Admin,21893,2020-08-24,ENERGEL SOFTGEL,7,1594.29,11160,0,11160,565.13,3955.91,7204.09
Admin,21893,2020-08-24,XYNETRIX CHEWABLE TABLET,7,678.57,4750,0,4750,410.42,2872.92,1877.08
Admin,21893,2020-08-24,HYCLENS WOUND SPRAY 60ML.,72,229.32,16511.04,0,16511.04,137.15,9874.94,6636.1
Admin,21895,2020-08-24,AMBIMOX 500MG,5,177,885,0,885,125.17,625.83,259.16999999999996
Admin,21895,2020-08-24,DIASTATIN 40MG,1,379.5,379.5,0,379.5,186.5,186.5,193
Admin,22125,2020-08-24,TRIVASC 35MG MR,30,1350,40500,0,40500,490,14700,25800
Admin,21890,2020-08-21,VONWELT TRANEXAMIC ACID,1,2100,2100,630,1470,320,320,1150
Admin,21890,2020-08-21,HEMOSTAP 500mg,2,2100,4200,1260,2940,371.67,743.33,2196.67
Admin,21889,2020-08-21,FERGLOBIN 250MG,14,517.86,7250,0,7250,257.5,3605,3645
Admin,21889,2020-08-21,SOLVAPRINE 10MG,14,671.43,9400,0,9400,146.8,2055.2,7344.8
Admin,21889,2020-08-21,PHILCLOX 500MG,14,1071.43,15000,0,15000,247.47,3464.53,11535.47
Admin,21887,2020-08-21,FACE MASK EARLOOP,5,400,2000,0,2000,45,225,1775
Admin,21888,2020-08-21,"MICROPORE 1"" - 3M",2,570,1140,0,1140,380,760,380
Admin,21888,2020-08-21,MICROPORE 1/2 IN - 3M,2,570,1140,0,1140,372.5,745,395
Admin,21888,2020-08-21,BRISOFER 250MG,1,157.5,157.5,0,157.5,105,105,52.5
Admin,21888,2020-08-21,TRACEN 10MG,7,72,504,0,504,59,413,91
Admin,21891,2020-08-21,ALCOHOL 70% ISOPROPYL 500ml,30,100,3000,0,3000,90,2700,300
Admin,21518,2020-08-14,AFENAX 100MG,50,790,39500,0,39500,595,29750,9750
Admin,21518,2020-08-14,FOLACID 5MG,30,280,8400,0,8400,196.88,5906.4,2493.6000000000004
Admin,21518,2020-08-14,OSTEOMAX 70mg,30,590,17700,0,17700,448,13440,4260
Admin,MS00606,2020-08-14,UV LIGHT CZTD-ZW36WYKW 36w,1,11500,11500,0,11500,3999.75,3999.75,7500.25
Admin,21886,2020-08-03,SOLVAPRINE 10MG,14,671.43,9400,0,9400,146.8,2055.2,7344.8
Admin,21886,2020-08-03,MAXXIVIT PLUS,7,857.14,6000,0,6000,517.33,3621.33,2378.67
Admin,21886,2020-08-03,FOLACID 5MG,7,464.29,3250,0,3250,196.88,1378.16,1871.84
Admin,21886,2020-08-03,FERGLOBIN 250MG,7,517.86,3625,0,3625,257.5,1802.5,1822.5
Admin,21886,2020-08-03,CORSTAPH 500MG,7,1071.43,7500,0,7500,435,3045,4455
Admin,21886,2020-08-03,EVEROSE 1000MG CAP,7,691.07,4837.5,0,4837.5,381,2667,2170.5
Admin,21844,2020-07-18,GLOVEDOL 6.25MG,30,497,14910,0,14910,83.5,2505,12405
Admin,21874,2020-07-11,SAPHLECOX 200MG,5,252,1260,0,1260,180.5,902.5,357.5
Admin,21874,2020-07-11,BIOMEF 500MG TAB,5,105,525,0,525,70,350,175
Admin,21874,2020-07-11,ALLECUR 10MG,5,42,210,0,210,28,140,70
Admin,21874,2020-07-11,STALIP 40MG,4,382.5,1530,0,1530,255,1020,510
Admin,21881,2020-07-11,MAXXIVIT PLUS,7,857.14,6000,0,6000,517.33,3621.33,2378.67
Admin,21881,2020-07-11,FERGLOBIN 250MG,7,517.86,3625,0,3625,257.5,1802.5,1822.5
Admin,21881,2020-07-11,FERGLOBIN FA 60MG/400MCG,14,642.86,9000,0,9000,273.89,3834.44,5165.5599999999995
Admin,21881,2020-07-11,SOLVAPRINE 10MG,14,671.43,9400,0,9400,146.8,2055.2,7344.8
Admin,21881,2020-07-11,HYCLENS WOUND SPRAY 60ML.,20,229.32,4586.4,0,4586.4,137.15,2743.04,1843.3599999999997
Admin,21873,2020-07-11,MAXXIVIT PLUS,7,857.14,6000,0,6000,517.33,3621.33,2378.67
Admin,21873,2020-07-11,CORSTAPH 500MG,7,1071.43,7500,0,7500,435,3045,4455
Admin,21873,2020-07-11,ENERGEL SOFTGEL,7,1594.29,11160,0,11160,565.13,3955.91,7204.09
Admin,21873,2020-07-11,CEFUSAPH,28,602.5,16870,0,16870,156.92,4393.67,12476.33
Admin,21832,2020-06-30,ATOVAS 20MG,50,750,37500,0,37500,183.46,9173.06,28326.940000000002
Admin,21876,2020-06-30,XTRACEE PLUS,1,650,650,0,650,490,490,160
Admin,21870,2020-06-27,MALUNGGAY CAPSULE,15,655,9825,0,9825,455,6825,3000
Admin,21872,2020-06-27,FLOXA 200mg,2,3000,6000,1800,4200,182.5,365,3835
Admin,21872,2020-06-27,ANEROCIN 300MG,2,3800,7600,2280,5320,919.67,1839.33,3480.67
Admin,21872,2020-06-27,HAV C 500MG,6,700,4200,1260,2940,122.5,735,2205
Admin,21871,2020-06-27,NITROFURANTOIN 100MG,7,714.29,5000,0,5000,10.12,70.84,4929.16
Admin,21871,2020-06-27,FERGLOBIN FA 60MG/400MCG,7,642.86,4500,0,4500,273.89,1917.22,2582.7799999999997
Admin,21871,2020-06-27,HAV C 500MG,14,500,7000,0,7000,122.5,1715,5285
Admin,21871,2020-06-27,FACE MASK,3,550,1650,0,1650,514.44,1543.33,106.67000000000007
Admin,21948,2020-06-27,MICROSCOT 20mg,20,132,2640,0,2640,68.92,1378.33,1261.67
Admin,21948,2020-06-27,ANGEL-50 50MG,5,195,975,0,975,117.2,586,389
Admin,21869,2020-06-20,SOLVAPRINE 10MG,7,671.43,4700.01,0,4700.01,146.8,1027.6,3672.4100000000003
Admin,21854,2020-06-20,SOLVAPRINE 10MG,7,671.43,4700,0,4700,146.8,1027.6,3672.4
Admin,21854,2020-06-20,JAGAPLEX OB,7,607.14,4250,0,4250,165,1155,3095
Admin,21854,2020-06-20,PHILCLOX 500MG,7,1071.43,7500,0,7500,247.47,1732.27,5767.73
Admin,21854,2020-06-20,NITROFURANTOIN 100MG,7,714.29,5000,0,5000,10.12,70.84,4929.16
Admin,21854,2020-06-20,ERGON 125MCG,7,714.29,5000,0,5000,138.04,966.29,4033.71
Admin,21855,2020-06-20,JAGAPLEX OB,4,850,3400,1020,2380,165,660,1720
Admin,21928,2020-06-20,FERGLOBIN FA 60MG/400MCG,7,642.86,4500,0,4500,273.89,1917.22,2582.7799999999997
Admin,21927,2020-06-20,CEPROTRON 500MG,2,1750,3500,1050,2450,533.33,1066.67,1383.33
Admin,21927,2020-06-20,BENERVA FORTE,2,1590,3180,954,2226,525,1050,1176
Admin,21904,2020-06-20,FERGLOBIN FA 60MG/400MCG,14,642.86,9000,0,9000,273.89,3834.44,5165.5599999999995
Admin,21904,2020-06-20,MAXXIVIT PLUS,14,857.14,12000,0,12000,517.33,7242.67,4757.33
Admin,21904,2020-06-20,HYCLENS WOUND SPRAY 60ML.,20,229.32,4586.4,0,4586.4,137.15,2743.04,1843.3599999999997
Admin,21904,2020-06-20,PHILCLOX 500MG,10,1071.43,10714.29,0,10714.29,247.47,2474.67,8239.62
Admin,21904,2020-06-20,CLOXANE 500MG CAP,4,1071.43,4285.71,0,4285.71,195,780,3505.71
Admin,21941,2020-06-20,PREVENA,7,464.29,3250,0,3250,167.5,1172.5,2077.5
Admin,21941,2020-06-20,MAXXIVIT PLUS,7,857.14,6000,0,6000,517.33,3621.33,2378.67
Admin,21941,2020-06-20,FERGLOBIN FA 60MG/400MCG,7,642.86,4500,0,4500,273.89,1917.22,2582.7799999999997
Admin,21940,2020-06-20,PREVENA,3,650,1950,585,1365,167.5,502.5,862.5
Admin,21943,2020-06-20,GLOVES (M) - INDOPLAS,5,500,2500,0,2500,360,1800,700
Admin,21869,2020-06-20,EVEROSE 1000MG CAP,7,691.07,4837.49,0,4837.49,381,2667,2170.49
Admin,21869,2020-06-20,MAXXIVIT PLUS,7,857.14,5999.98,0,5999.98,517.33,3621.33,2378.6499999999996
Admin,21869,2020-06-20,DOPAMET 250MG TAB,7,607.14,4249.98,0,4249.98,196.63,1376.38,2873.5999999999995
Admin,21945,2020-06-20,SOLVAPRINE 10MG,5,176.16,880.8,0,880.8,146.8,734,146.79999999999995
Admin,21945,2020-06-20,SAPHORMIN 500MG,5,75,375,0,375,53.43,267.14,107.86000000000001
Admin,21947,2020-06-20,ISOPRINE 10MG,21,671.43,14100,0,14100,210,4410,9690
Admin,21947,2020-06-20,HEMOSTAP 500mg,7,1500,10500,0,10500,371.67,2601.67,7898.33
Admin,21946,2020-06-20,DOPAMET 250MG TAB,3,850,2550,765,1785,196.63,589.88,1195.12
Admin,21946,2020-06-20,ISOPRINE 10MG,4,940,3760,1128,2632,210,840,1792
Admin,21925,2020-06-20,HYCLENS GARGLE 120ML,10,101.25,1012.5,0,1012.5,88,880,132.5
Admin,21925,2020-06-20,BIOXAL 2MG,3,30,90,0,90,16.5,49.5,40.5
Admin,21925,2020-06-20,HISTARIL 2MG/100MG CAP,1,270,270,0,270,225,225,45
Admin,21925,2020-06-20,PHILSTAT 20MG,2,144,288,0,288,96,192,96
Admin,21925,2020-06-20,AMBIMOX 500MG,4,187,748,0,748,125.17,500.67,247.32999999999998
Admin,21925,2020-06-20,STALIP 40MG,1,225,225,0,225,255,255,-30
Admin,21925,2020-06-20,RAPIRON,1,93,93,0,93,62,62,31
Admin,21925,2020-06-20,ANALMIN 500MG,4,144,576,0,576,96,384,192
Admin,21925,2020-06-20,STEEROMETZ 5MG,2,125,250,0,250,104.5,209,41
Admin,21925,2020-06-20,VONWELT Hyoscine Methbro,2,442.5,885,0,885,295,590,295
Admin,21925,2020-06-20,PARADOX TAB,1,276,276,0,276,230,230,46
Admin,21925,2020-06-20,BRODIX 2.5/2.5ML NEB,6,360,2160,0,2160,240,1440,720
Admin,21926,2020-06-20,"MICROPORE 1"" - 3M",1,570,570,0,570,380,380,190
Admin,21926,2020-06-20,MICROPORE 1/2 IN - 3M,1,547.5,547.5,0,547.5,372.5,372.5,175
Admin,21926,2020-06-20,CORD CLAMP - SIMPLEX,1,525,525,0,525,350,350,175
Admin,21926,2020-06-20,DISPOSABLE SYRINGE 10CC - TERUMO,77,9.75,750.75,0,750.75,203.25,15650.25,-14899.5
Admin,21926,2020-06-20,LUBRICATING JELLY 3G SACHET - SURGITECH,1,1125,1125,0,1125,750,750,375
Admin,21926,2020-06-20,FOLEY CATHETER LATEX SILICON COATED FR. 16,0.25,1050,262.5,0,262.5,25,6.25,256.25
Admin,21926,2020-06-20,GAUZE PAD 4X4 - SURGITECH,5,330,1650,0,1650,200,1000,650
Admin,21926,2020-06-20,GIAN ZINC 120ML SYR,34,93,3162,0,3162,80.83,2748.33,413.6700000000001
Admin,21917,2020-06-20,GLOVEDOL 6.25MG,20,636,12720,0,12720,83.5,1670,11050
Admin,21920,2020-06-20,HEMOSTAP 500mg,2,427.5,855,0,855,371.67,743.33,111.66999999999996
Admin,21920,2020-06-20,ALLECUR 10MG,10,42,420,0,420,28,280,140
Admin,21920,2020-06-20,SAPHLOPID 75MG,3,172.5,517.5,0,517.5,133.33,400,117.5
Admin,21920,2020-06-20,GLOVEDOL 6.25MG,4,106.5,426,0,426,83.5,334,92
Admin,21920,2020-06-20,AMLOPURE 5MG,5,142.5,712.5,0,712.5,55,275,437.5
Admin,21919,2020-06-20,GIAN ZINC 120ML SYR,36,93,3348,0,3348,80.83,2910,438
Admin,21918,2020-06-20,DIGITAL THERMOMETER - SURGITECH,30,120,3600,0,3600,55,1650,1950
Admin,21918,2020-06-20,PREGNANCY TEST SUREGUARD,4,750,3000,0,3000,500,2000,1000
Admin,21916,2020-06-20,HYCLENS WOUND SPRAY 60ML.,10,289.8,2898,0,2898,137.15,1371.52,1526.48
Admin,21916,2020-06-20,GLOVES (S) - DR. CHOICE,5,195,975,0,975,130,650,325
Admin,21916,2020-06-20,VITAKIDS 120ML,5,53.38,266.9,0,266.9,48.65,243.25,23.649999999999977
Admin,21916,2020-06-20,FACE MASK,5,1100,5500,0,5500,514.44,2572.22,2927.78
Admin,21942,2020-06-20,MULTI GROW 120ML,24,96,2304,0,2304,83.33,2000,304
Admin,21942,2020-06-20,ANGEL-50 50MG,5,214.5,1072.5,0,1072.5,117.2,586,486.5
Admin,21942,2020-06-20,JAGA 300MG/100MG/100MCG,5,738,3690,0,3690,530,2650,1040
Admin,21942,2020-06-20,SOLVAPRINE 10MG,2,176.16,352.32,0,352.32,146.8,293.6,58.71999999999997
Admin,21942,2020-06-20,RAPIRON,2,93,186,0,186,62,124,62
Admin,21942,2020-06-20,CARDIZAR 50MG,5,171.43,857.16,0,857.16,142.86,714.3,142.86
Admin,21938,2020-06-20,JAGAPLEX OB,7,607.14,4250,0,4250,165,1155,3095
Admin,21937,2020-06-20,CLINDAGOLD 300MG,1,3800,3800,1140,2660,387.5,387.5,2272.5
Admin,21936,2020-06-20,HYCLENS WOUND SPRAY 60ML.,20,229.32,4586.4,0,4586.4,137.15,2743.04,1843.3599999999997
Admin,21935,2020-06-20,SAPHLECOX 200MG,2,2800,5600,1680,3920,180.5,361,3559
Admin,21935,2020-06-20,LACTAMOX 500MG/125MG TAB,2,2800,5600,1680,3920,1173.5,2347,1573
Admin,21935,2020-06-20,AFENAX 100MG,2,1900,3800,1140,2660,595,1190,1470
Admin,21935,2020-06-20,ANEROCIN 300MG,2,3800,7600,2280,5320,919.67,1839.33,3480.67
Admin,21934,2020-06-20,MAXXIVIT PLUS,7,857.14,6000,0,6000,517.33,3621.33,2378.67
Admin,21934,2020-06-20,SOLVAPRINE 10MG,14,671.43,9400,0,9400,146.8,2055.2,7344.8
Admin,21934,2020-06-20,ERGON 125MCG,7,714.29,5000,0,5000,138.04,966.29,4033.71
Admin,21934,2020-06-20,MULTI GROW OB PLUS,7,803.57,5625,0,5625,487.5,3412.5,2212.5
Admin,21934,2020-06-20,FOLACID 5MG,7,464.29,3250,0,3250,196.88,1378.16,1871.84
Admin,21934,2020-06-20,CORSTAPH 500MG,7,1071.43,7500,0,7500,435,3045,4455
Admin,21934,2020-06-20,XYNETRIX CHEWABLE TABLET,7,678.57,4750,0,4750,410.42,2872.92,1877.08
Admin,21934,2020-06-20,FERGLOBIN 250MG,7,517.86,3625,0,3625,257.5,1802.5,1822.5
Admin,21933,2020-06-20,MULTI GROW OB PLUS,14,803.57,11250,0,11250,487.5,6825,4425
Admin,21933,2020-06-20,FERGLOBIN FA 60MG/400MCG,14,642.86,9000,0,9000,273.89,3834.44,5165.5599999999995
Admin,21933,2020-06-20,ZELEX 200MG,14,2000,28000,0,28000,750,10500,17500
Admin,21932,2020-06-20,XYNETRIX CHEWABLE TABLET,1,1000,1000,300,700,410.42,410.42,289.58
Admin,21932,2020-06-20,ERGON 125MCG,1,1000,1000,300,700,138.04,138.04,561.96
Admin,21931,2020-06-20,XYNETRIX CHEWABLE TABLET,49,678.57,33250,0,33250,410.42,20110.42,13139.580000000002
Admin,21931,2020-06-20,ERGON 125MCG,14,714.29,10000,0,10000,138.04,1932.57,8067.43
Admin,21931,2020-06-20,ERGON 125MCG,7,714.29,5000,0,5000,138.04,966.29,4033.71
Admin,21930,2020-06-20,BENERVA FORTE,2,1590,3180,954,2226,525,1050,1176
Admin,21929,2020-06-20,CORSTAPH 500MG,7,1071.43,7500,0,7500,435,3045,4455
Admin,21929,2020-06-20,ZURENIX 500MG,7,642.86,4500,0,4500,91.5,640.5,3859.5
Admin,21929,2020-06-20,FERGLOBIN FA 60MG/400MCG,7,642.86,4500,0,4500,273.89,1917.22,2582.7799999999997
Admin,21929,2020-06-20,CEPROTRON 500MG,7,1250,8750,0,8750,533.33,3733.33,5016.67
Admin,21859,2020-04-30,AMLOPURE 5MG,5,142.5,712.5,0,712.5,55,275,437.5
Admin,21859,2020-04-30,PROMETIN,2,82.5,165,0,165,55.25,110.5,54.5
Admin,21859,2020-04-30,MULTI GROW 120ML,12,96,1152,0,1152,83.33,1000,152
Admin,21859,2020-04-30,GLOVES (M) - SURRMED,1,225,225,0,225,150,150,75
Admin,21859,2020-04-30,GLOVES (M) - GLOMED,1,225,225,0,225,147.5,147.5,77.5
Admin,21859,2020-04-30,GLOVES (L) - SUPREME,2,195,390,0,390,130,260,130
Admin,21906,2020-04-25,REVITAPLEX TAB,3,150,450,0,450,99.75,299.25,150.75
Admin,21906,2020-04-25,CINNABLOC 25MG,2,159.6,319.2,0,319.2,133,266,53.19999999999999
Admin,21906,2020-04-25,DIUCARE 25MG,5,121.2,606,0,606,100.29,501.45,104.55000000000001
Admin,21906,2020-04-25,TRIVASC 35MG MR,2,588,1176,0,1176,490,980,196
Admin,21906,2020-04-25,ALKALINSE 1.080G,2,259.5,519,0,519,151.43,302.86,216.14
Admin,21906,2020-04-25,MICROSCOT 20mg,7,132,924,0,924,68.92,482.42,441.58
Admin,21906,2020-04-25,BIOGIC 500MG,1,25.5,25.5,0,25.5,34.75,34.75,-9.25
Admin,21906,2020-04-25,OFPLEMED 300MG TABLET,3,142.5,427.5,0,427.5,107.25,321.75,105.75
Admin,21906,2020-04-25,FLUCYSTEINE 200MG,5,135,675,0,675,85,425,250
Admin,21906,2020-04-25,FOLACID 5MG,2,236.4,472.8,0,472.8,196.88,393.76,79.04000000000002
Admin,21906,2020-04-25,BIOXAL 2MG,2,22.5,45,0,45,16.5,33,12
Admin,21915,2020-04-25,BRISOFER 250MG,3,157.5,472.5,0,472.5,105,315,157.5
Admin,21915,2020-04-25,CARDIZAR 50MG,10,171.6,1716,0,1716,142.86,1428.6,287.4000000000001
Admin,21915,2020-04-25,ALLECUR 10MG,5,42,210,0,210,28,140,70
Admin,21915,2020-04-25,TRIVASC 35MG MR,3,588,1764,0,1764,490,1470,294
Admin,21915,2020-04-25,GIAN ZINC 120ML SYR,36,120,4320,0,4320,80.83,2910,1410
Admin,21913,2020-04-25,HYCLENS GARGLE 120ML,10,101.25,1012.5,0,1012.5,88,880,132.5
Admin,21913,2020-04-25,SAPHLOPID 75MG,2,108,216,0,216,133.33,266.67,-50.670000000000016
Admin,21909,2020-04-25,SOLVASC 5MG,2,460.8,921.6,0,921.6,383.95,767.89,153.71000000000004
Admin,21909,2020-04-25,CARDIZAR 50MG,4,171.6,686.4,0,686.4,142.86,571.44,114.95999999999992
Admin,21910,2020-04-25,APCEE 500MG,200,500,100000,0,100000,245,49000,51000
Admin,21912,2020-04-25,GLOVES (S) - DR. CHOICE,5,195,975,0,975,130,650,325
Admin,21912,2020-04-25,GLOVES (L) - SUPREME,1,225,225,0,225,130,130,95
Admin,21863,2020-04-25,MECID 500MG,3,85,255,0,255,77,231,24
Admin,21863,2020-04-25,XYNETRIX CHEWABLE TABLET,5,950,4750,0,4750,410.42,2052.08,2697.92
Admin,21863,2020-04-25,MAXXIVIT PLUS,3,1200,3600,0,3600,517.33,1552,2048
Admin,21863,2020-04-25,FERGLOBIN 250MG,2,258,516,0,516,257.5,515,1
Admin,21863,2020-04-25,FERGLOBIN FA 60MG/400MCG,2,288,576,0,576,273.89,547.78,28.220000000000027
Admin,21863,2020-04-25,SAPHORMIN 500MG,5,78,390,0,390,53.43,267.14,122.86000000000001
Admin,21863,2020-04-25,BIOGIC 250MG SUS,30,10.5,315,0,315,11.13,333.75,-18.75
Admin,21908,2020-04-25,LACTAMOX 500MG/125MG TAB,3,2800,8400,0,8400,1173.5,3520.5,4879.5
Admin,21908,2020-04-25,SOLVAPRINE 10MG,2,940,1880,0,1880,146.8,293.6,1586.4
Admin,21908,2020-04-25,AFENAX 100MG,3,1900,5700,0,5700,595,1785,3915
Admin,21908,2020-04-25,EROXIME 500MG,6,950,5700,0,5700,115,690,5010
Admin,21908,2020-04-25,ANEROCIN 300MG,3,3800,11400,0,11400,919.67,2759,8641
Admin,21908,2020-04-25,ERGON 125MCG,3,1000,3000,0,3000,138.04,414.12,2585.88
Admin,21908,2020-04-25,ENERGEL SOFTGEL,3,2232,6696,0,6696,565.13,1695.39,5000.61
Admin,21908,2020-04-25,BENERVA PLUS TAB,3,1708,5124,0,5124,550,1650,3474
Admin,21908,2020-04-25,TERMAGEN 500MG,5,126,630,0,630,104.9,524.48,105.51999999999998
Admin,21908,2020-04-25,ZETIFEN 500MG,5,126,630,0,630,104.58,522.9,107.10000000000002
Admin,21902,2020-04-25,SAPHORMIN 500MG,5,78,390,0,390,53.43,267.14,122.86000000000001
Admin,21902,2020-04-25,VONWELT LOSARTAN 100MG,1,285,285,0,285,190,190,95
Admin,21902,2020-04-25,GIAN ZINC 120ML SYR,36,120,4320,0,4320,80.83,2910,1410
Admin,21902,2020-04-25,GIAN ZINC 30ML DROPS,20,90,1800,0,1800,61.67,1233.33,566.6700000000001
Admin,21902,2020-04-25,GLOVES (M) - GLOMED,5,225,1125,0,1125,147.5,737.5,387.5
Admin,21907,2020-04-25,PLENACYL 600MG,5,135,675,0,675,90,450,225
Admin,21907,2020-04-25,SAPHLECOX 200MG,5,252,1260,0,1260,180.5,902.5,357.5
Admin,21907,2020-04-25,SALRESP,5,700.5,3502.5,0,3502.5,448.89,2244.44,1258.06
Admin,21907,2020-04-25,MULTIVITA,7,97.5,682.5,0,682.5,62,434,248.5
Admin,21905,2020-04-25,MULTI GROW 120ML,12,96,1152,0,1152,83.33,1000,152
Admin,21905,2020-04-25,INTRAPLEM 100MG/5ML,12,37.2,446.4,0,446.4,30.76,369.12,77.27999999999997
Admin,21905,2020-04-25,BROXIL-M 15MG/5ML,12,36,432,0,432,29.47,353.64,78.36000000000001
Admin,21905,2020-04-25,VOXOLL 15MG/5ML SYR,6,27.6,165.6,0,165.6,23,138,27.599999999999994
Admin,21905,2020-04-25,EXEL 250MG/5ML SUS,6,39,234,0,234,24.25,145.5,88.5
Admin,21905,2020-04-25,CEASCOL 250MG,5,24,120,0,120,15.5,77.5,42.5
Admin,21905,2020-04-25,JAGA 300MG/100MG/100MCG,3,636,1908,0,1908,530,1590,318
Admin,21905,2020-04-25,INTRAPLEM 500MG,3,336,1008,0,1008,280,840,168
Admin,21905,2020-04-25,AEROVENT 1MG/ML,10.67,375,4000,0,4000,216.75,2312,1688
Admin,21905,2020-04-25,EXEL 500MG CAP,2,327,654,0,654,233.97,467.94,186.06
Admin,21905,2020-04-25,INHIBITA 40MG,5,128.5,642.5,0,642.5,89.05,445.25,197.25
Admin,21905,2020-04-25,STEEROMETZ 5MG,1,126,126,0,126,104.5,104.5,21.5
Admin,21901,2020-04-25,INHIBITA 40MG,2,127.5,255,0,255,89.05,178.1,76.9
Admin,21901,2020-04-25,OMEBLOC 20mg,3,103.5,310.5,0,310.5,74.5,223.5,87
Admin,21903,2020-04-25,XYNETRIX CHEWABLE TABLET,2,950,1900,0,1900,410.42,820.83,1079.17
Admin,21903,2020-04-25,MAXXIVIT PLUS,2,1200,2400,0,2400,517.33,1034.67,1365.33
Admin,21903,2020-04-25,DOPAMET 250MG TAB,5,850,4250,0,4250,196.63,983.13,3266.87
Admin,21903,2020-04-25,ALLECUR 10MG,5,42,210,0,210,28,140,70
Admin,21903,2020-04-25,GLOVES (L) - SUPREME,2,225,450,0,450,130,260,190
Admin,21860,2020-04-25,MULTILEM 120ML,10,84.75,847.5,0,847.5,54.5,545,302.5
Admin,21860,2020-04-25,MULTIVITA,5,88.5,442.5,0,442.5,62,310,132.5
Admin,21860,2020-04-25,MEDRIZINE 5MG/5ML Syrup,6,45,270,0,270,25.5,153,117
Admin,21860,2020-04-25,ALLECUR 10MG,2,42,84,0,84,28,56,28
Admin,21860,2020-04-25,GLOVES (M) - GLOMED,2,225,450,0,450,147.5,295,155
Admin,21860,2020-04-25,GLOVES (S) - DR. CHOICE,2,195,390,0,390,130,260,130
Admin,21860,2020-04-25,HYCLENS GARGLE 120ML,10,101.25,1012.5,0,1012.5,88,880,132.5
Admin,21860,2020-04-25,NEBULIZER KIT (ADULT ) 10CC - SURGITECH,16,45,720,0,720,46.67,746.67,-26.66999999999996
Admin,MS00511,2020-04-25,DIGITAL THERMOMETER - OMRON,10,450,4500,0,4500,3500,35000,-30500
Admin,MS00511,2020-04-25,ANGEL-50 50MG,5,52.5,262.5,0,262.5,117.2,586,-323.5
Admin,MS00511,2020-04-25,NOBUTOL 2MG,20,18,360,0,360,12,240,120
Admin,21906,2020-04-25,PREVENA,2,172.5,345,0,345,167.5,335,10
Admin,21538,2020-03-14,ANGEL-50 50MG,1,110,110,0,110,117.2,117.2,-7.200000000000003
Admin,21538,2020-03-14,STALIP 40MG,1,385,385,0,385,255,255,130
Admin,21537,2020-03-14,ANEROCIN 300MG,2,3800,7600,2280,5320,919.67,1839.33,3480.67
Admin,21537,2020-03-14,AFENAX 100MG,2,1900,3800,1140,2660,595,1190,1470
Admin,21537,2020-03-14,CYFROX 500MG,2,1750,3500,1050,2450,205.33,410.67,2039.33
Admin,21544,2020-03-14,ZELEX 200MG,2,2800,5600,1680,3920,750,1500,2420
Admin,21544,2020-03-14,BENERVA PLUS TAB,2,1708,3416,1024.8,2391.2,550,1100,1291.1999999999998
Admin,21545,2020-03-14,SOLVAPRINE 10MG,7,671.43,4700,0,4700,146.8,1027.6,3672.4
Admin,21545,2020-03-14,HAV C 500MG,28,135.71,3800,0,3800,122.5,3430,370
Admin,21545,2020-03-14,MAXXIVIT PLUS,7,857.14,6000,0,6000,517.33,3621.33,2378.67
Admin,21545,2020-03-14,FERGLOBIN 250MG,7,517.86,3625,0,3625,257.5,1802.5,1822.5
Admin,21545,2020-03-14,XYNETRIX CHEWABLE TABLET,7,678.57,4750,0,4750,410.42,2872.92,1877.08
Admin,21547,2020-03-14,ACCU CHECK GLUCOSE STRIPS,18,1185,21330,0,21330,840,15120,6210
Admin,21547,2020-03-14,INSULIN SYRINGE G30X1/2CC / G30X1CC - TERUMO,2,1000,2000,0,2000,700,1400,600
Admin,21547,2020-03-14,CLOVAS 75MG,2,576.5,1153,0,1153,403.2,806.4,346.6
Admin,21547,2020-03-14,ALLUJEN 100MG TAB,1,107.5,107.5,0,107.5,75,75,32.5
Admin,21547,2020-03-14,JAGA 300MG/100MG/100MCG,1,758,758,0,758,530,530,228
Admin,21547,2020-03-14,ARTAL-H 50MG/12.5MG,2,240,480,0,480,105.95,211.9,268.1
Admin,21547,2020-03-14,INSULIN SYRINGE BD G.31,1,1575,1575,0,1575,550,550,1025
Admin,21547,2020-03-14,TRIVASC 35MG MR,1,700,700,0,700,490,490,210
Admin,21539,2020-03-14,MEDRIZINE 5MG/5ML Syrup,6,45,270,0,270,25.5,153,117
Admin,21539,2020-03-14,"MICROPORE 1"" - 3M",1,570,570,0,570,380,380,190
Admin,21539,2020-03-14,MICROPORE 1/2 IN - 3M,1,547.5,547.5,0,547.5,372.5,372.5,175
Admin,21539,2020-03-14,BRODIX 2.5/2.5ML NEB,5,360,1800,0,1800,240,1200,600
Admin,21539,2020-03-14,ATORSAPH 20MG TAB,1,150,150,0,150,28.43,28.43,121.57
Admin,21541,2020-03-14,ISOPROPHYL ALCOHOL 500ML - GUARDIAN,12,65,780,0,780,60,720,60
Admin,21538,2020-03-14,SOLVAPRINE 10MG,7,671.43,4700,0,4700,146.8,1027.6,3672.4
Admin,21538,2020-03-14,DOPAMET 250MG TAB,7,607.14,4250,0,4250,196.63,1376.38,2873.62
Admin,21538,2020-03-14,HYCLENS WOUND SPRAY 60ML.,10,229.32,2293.2,0,2293.2,137.15,1371.52,921.6799999999998
Admin,21538,2020-03-14,JAGAPLEX OB,7,607.14,4250,0,4250,165,1155,3095
Admin,21538,2020-03-14,GLOVES MEDIUM - PRO CARE,2,450,900,0,900,150,300,600
Admin,21538,2020-03-14,ISOPROPHYL ALCOHOL 500ML - GUARDIAN,4,65,260,0,260,60,240,20
Admin,21538,2020-03-14,GENERIC AMLODIPINE 5MG,1,100,100,0,100,17,17,83
Admin,21538,2020-03-14,EODIPINE 10MG,1,290,290,0,290,49,49,241
Admin,21856,2020-03-14,BIOGIC 500MG,7,52.13,364.88,0,364.88,34.75,243.25,121.63
Admin,21856,2020-03-14,ANGEL-50 50MG,2,52.5,105,0,105,117.2,234.4,-129.4
Admin,21856,2020-03-14,AMLOPURE 5MG,2,142.5,285,0,285,55,110,175
Admin,21856,2020-03-14,HYCLENS 0.12% GARGLE 60ML,10,75.75,757.5,0,757.5,65,650,107.5
Admin,21856,2020-03-14,HYCLENS GARGLE 120ML,10,101.25,1012.5,0,1012.5,88,880,132.5
Admin,21853,2020-03-14,BIOGIC 100MG DROPS,12,14.85,178.2,0,178.2,10.47,125.6,52.599999999999994
Admin,21853,2020-03-14,HAV C 500MG,5,93,465,0,465,122.5,612.5,-147.5
Admin,21853,2020-03-14,FOLACID 5MG,1,295.32,295.32,0,295.32,196.88,196.88,98.44
Admin,21534,2020-03-07,SOLVAPRINE 10MG,7,671.43,4700,0,4700,146.8,1027.6,3672.4
Admin,21534,2020-03-07,FOLACID 5MG,7,464.29,3250,0,3250,196.88,1378.16,1871.84
Admin,21534,2020-03-07,HYCLENS WOUND SPRAY 60ML.,10,229.32,2293.2,0,2293.2,137.15,1371.52,921.6799999999998
Admin,21535,2020-03-07,CEFUSAPH,1,143.25,143.25,0,143.25,156.92,156.92,-13.669999999999987
Admin,21535,2020-03-07,EXEL 250MG/5ML SUS,6,38.25,229.5,0,229.5,24.25,145.5,84
Admin,21535,2020-03-07,MICROSCOT 20mg,6,92.25,553.5,0,553.5,68.92,413.5,140
Admin,21535,2020-03-07,EODIPINE 10MG,6,73.5,441,0,441,49,294,147
Admin,21535,2020-03-07,STALIP 40MG,2,382.5,765,0,765,255,510,255
Admin,21495,2020-03-07,GLOVEDOL 6.25MG,30,636,19080,0,19080,83.5,2505,16575
Admin,21495,2020-03-07,CLOVAS 75MG,30,1150,34500,0,34500,403.2,12096,22404
Admin,21495,2020-03-07,CEPROTRON 500MG,2,1650,3300,0,3300,533.33,1066.67,2233.33
Admin,21495,2020-03-07,INTRAPLEM 500MG,1,950,950,0,950,280,280,670
Admin,21530,2020-02-29,NEBULIZER KIT (ADULT ) 10CC - SURGITECH,6,90,540,0,540,46.67,280,260
Admin,21530,2020-02-29,SAPHLECOX 200MG,4,327,1308,0,1308,180.5,722,586
Admin,21530,2020-02-29,FLUCYSTEINE 600MG,4,180,720,0,720,120,480,240
Admin,21530,2020-02-29,ALLECUR 10MG,5,42,210,0,210,28,140,70
Admin,21528,2020-02-29,EROXIME 500MG,14,678.57,9500,0,9500,115,1610,7890
Admin,21528,2020-02-29,MYREVIT-C 500MG,7,135.71,950,0,950,58,406,544
Admin,21528,2020-02-29,SOLVAPRINE 10MG,7,671.43,4700,0,4700,146.8,1027.6,3672.4
Admin,21528,2020-02-29,ENERGEL SOFTGEL,7,1594.29,11160,0,11160,565.13,3955.91,7204.09
Admin,21528,2020-02-29,JAGAPLEX OB,7,607.14,4250,0,4250,165,1155,3095
Admin,21528,2020-02-29,GLOVES MEDIUM - PRO CARE,2,450,900,0,900,150,300,600
Admin,21529,2020-02-29,BENERVA PLUS TAB,2,1708,3416,1024.8,2391.2,550,1100,1291.1999999999998
Admin,21529,2020-02-29,SAPHLECOX 200MG,2,840,1680,504,1176,180.5,361,815
Admin,21529,2020-02-29,MONILIASOL 500MG,0.53,680,360.4,108.12,252.28,240,127.2,125.08
Admin,21529,2020-02-29,ENERGEL SOFTGEL,0.47,3720,1748.4,524.52,1223.88,565.13,265.61,958.2700000000001
Admin,21532,2020-02-29,XYNETRIX CHEWABLE TABLET,7,678.57,4750,0,4750,410.42,2872.92,1877.08
Admin,21532,2020-02-29,FERGLOBIN 250MG,7,517.86,3625,0,3625,257.5,1802.5,1822.5
Admin,21532,2020-02-29,MAXXIVIT PLUS,7,857.14,6000,0,6000,517.33,3621.33,2378.67
Admin,21532,2020-02-29,SOLVAPRINE 10MG,7,671.43,4700,0,4700,146.8,1027.6,3672.4
Admin,21532,2020-02-29,HAV C 500MG,14,135.71,1900,0,1900,122.5,1715,185
Admin,21533,2020-02-29,ANEROCIN 300MG,2,3800,7600,2280,5320,919.67,1839.33,3480.67
Admin,21481,2020-02-29,ATOVAS 20MG,50,750,37500,0,37500,183.46,9173.06,28326.940000000002
Admin,21524,2020-02-22,INFRARED THERMOMETER,2,2800,5600,0,5600,2750,5500,100
Admin,21526,2020-02-22,"NYSAPH 100,000 IU SUS",4,97.5,390,0,390,60,240,150
Admin,21522,2020-02-22,GLOVEDOL 6.25MG,2,213,426,0,426,83.5,167,259
Admin,21522,2020-02-22,OMEBLOC 20mg,1,144,144,0,144,74.5,74.5,69.5
Admin,21522,2020-02-22,PHILSTAT 10MG,1,112.5,112.5,0,112.5,27,27,85.5
Admin,21522,2020-02-22,PHILSTAT 20MG,1,144,144,0,144,96,96,48
Admin,21522,2020-02-22,COUXIN 30MG,6,18.75,112.5,0,112.5,12.5,75,37.5
Admin,21522,2020-02-22,ACCU CHECK GLUCOSE STRIPS,1.96,1050,2058,0,2058,840,1646.4,411.5999999999999
Admin,21525,2020-02-22,DULAX 3.35MG,5,187.5,937.5,0,937.5,98,490,447.5
Admin,21527,2020-02-22,MAXXIVIT PLUS,7,857.14,6000,0,6000,517.33,3621.33,2378.67
Admin,21527,2020-02-22,SOLVAPRINE 10MG,7,671.43,4700,0,4700,146.8,1027.6,3672.4
Admin,21527,2020-02-22,SURITRAM,7,1414.29,9900,0,9900,135,945,8955
Admin,21527,2020-02-22,HYCLENS WOUND SPRAY 60ML.,10,229.32,2293.2,0,2293.2,137.15,1371.52,921.6799999999998
Admin,21516,2020-02-15,PREGNANCY TEST SUREGUARD,2,750,1500,0,1500,500,1000,500
Admin,21516,2020-02-15,CORSTAPH 500MG,1,522,522,0,522,435,435,87
Admin,21516,2020-02-15,AMBIMOX 500MG,2,210,420,0,420,125.17,250.33,169.67
Admin,21516,2020-02-15,FERGLOBIN 250MG,1,258,258,0,258,257.5,257.5,0.5
Admin,21516,2020-02-15,FERGLOBIN FA 60MG/400MCG,1,288,288,0,288,273.89,273.89,14.110000000000014
Admin,21516,2020-02-15,MULTI GROW 30ML DROPS,2,72,144,0,144,63,126,18
Admin,21516,2020-02-15,MULTI GROW 120ML,2,96,192,0,192,83.33,166.67,25.330000000000013
Admin,21516,2020-02-15,E-DOL 50MG CAP,1,150,150,0,150,80,80,70
Admin,21519,2020-02-15,XYNETRIX CHEWABLE TABLET,7,678.57,4750,0,4750,410.42,2872.92,1877.08
Admin,21519,2020-02-15,MAXXIVIT PLUS,7,857.14,6000,0,6000,517.33,3621.33,2378.67
Admin,21519,2020-02-15,FERGLOBIN 250MG,7,517.86,3625,0,3625,257.5,1802.5,1822.5
Admin,21519,2020-02-15,MYREVIT-C 500MG,7,135.71,950,0,950,58,406,544
Admin,21519,2020-02-15,PHILCLOX 500MG,7,1071.43,7500,0,7500,247.47,1732.27,5767.73
Admin,21519,2020-02-15,SOLVAPRINE 10MG,14,671.43,9400,0,9400,146.8,2055.2,7344.8
Admin,21515,2020-02-15,JAGAPLEX OB,7,607.14,4250,0,4250,165,1155,3095
Admin,21515,2020-02-15,MULTI GROW OB PLUS,7,803.57,5625,0,5625,487.5,3412.5,2212.5
Admin,21515,2020-02-15,XYNETRIX CHEWABLE TABLET,7,678.57,4750,0,4750,410.42,2872.92,1877.08
Admin,21515,2020-02-15,FOLACID 5MG,7,464.29,3250,0,3250,196.88,1378.16,1871.84
Admin,21515,2020-02-15,HEMOSTAP 500mg,7,1500,10500,0,10500,371.67,2601.67,7898.33
Admin,21515,2020-02-15,ENERGEL SOFTGEL,7,1594.29,11160,0,11160,565.13,3955.91,7204.09
Admin,21515,2020-02-15,GLOVES (M) - SURRMED,2,450,900,0,900,150,300,600
Admin,21512,2020-02-08,ISOPROPHYL ALCOHOL 500ML - GUARDIAN,30,65,1950,0,1950,60,1800,150
Admin,21512,2020-02-08,BRODIX 2.5/2.5ML NEB,5,360,1800,0,1800,240,1200,600
Admin,21512,2020-02-08,RANICLAV 625MG,5,157.5,787.5,0,787.5,106.67,533.33,254.16999999999996
Admin,21507,2020-02-08,HYCLENS 0.12% GARGLE 60ML,10,75,750,0,750,65,650,100
Admin,21507,2020-02-08,HYCLENS GARGLE 120ML,10,100,1000,0,1000,88,880,120
Admin,21508,2020-02-08,AFENAX 100MG,2,1900,3800,1140,2660,595,1190,1470
Admin,21508,2020-02-08,SAPHLECOX 200MG,2,840,1680,504,1176,180.5,361,815
Admin,21509,2020-02-08,EROXIME 500MG,14,428.57,6000,0,6000,115,1610,4390
Admin,21505,2020-02-08,LACTAMOX 500MG/125MG TAB,2,2800,5600,1680,3920,1173.5,2347,1573
Admin,21505,2020-02-08,BENERVA PLUS TAB,2,1708,3416,1024.8,2391.2,550,1100,1291.1999999999998
Admin,21505,2020-02-08,CEPROTRON 500MG,2,1750,3500,1050,2450,533.33,1066.67,1383.33
Admin,21505,2020-02-08,ATOVAS 80MG,1,660,660,198,462,241.58,241.58,220.42
Admin,21506,2020-02-08,HAV C 500MG,7,135.71,950,0,950,122.5,857.5,92.5
Admin,21506,2020-02-08,SOLVAPRINE 10MG,14,671.43,9400,0,9400,146.8,2055.2,7344.8
Admin,21506,2020-02-08,HYCLENS WOUND SPRAY 60ML.,10,229.32,2293.2,0,2293.2,137.15,1371.52,921.6799999999998
Admin,21502,2020-01-31,FACE MASK,10,100,1000,0,1000,514.44,5144.44,-4144.44
Admin,21503,2020-01-31,ISOPROPHYL ALCOHOL 500ML - GUARDIAN,30,65,1950,0,1950,60,1800,150
Admin,21503,2020-01-31,MYREVIT-C 500MG,5,87,435,0,435,58,290,145
Admin,21192,2020-01-25,MAXXIVIT PLUS,7,857.14,6000,0,6000,517.33,3621.33,2378.67
Admin,21192,2020-01-25,XYNETRIX CHEWABLE TABLET,7,678.57,4750,0,4750,410.42,2872.92,1877.08
Admin,21192,2020-01-25,FOLACID 5MG,7,464.29,3250,0,3250,196.88,1378.16,1871.84
Admin,21192,2020-01-25,FERGLOBIN 250MG,7,517.86,3625,0,3625,257.5,1802.5,1822.5
Admin,21192,2020-01-25,GLOVES (M) - SURRMED,2,450,900,0,900,150,300,600
Admin,21192,2020-01-25,ALVICA GEL - ICE,10,390,3900,0,3900,144.27,1442.7,2457.3
Admin,21190,2020-01-25,VONWELT TRANEXAMIC ACID,3,2100,6300,1890,4410,320,960,3450
Admin,21190,2020-01-25,DOPAMET 250MG TAB,5,780,3900,1170,2730,196.63,983.13,1746.87
Admin,21189,2020-01-25,JAGAPLEX OB,7,607.14,4250,0,4250,165,1155,3095
Admin,21189,2020-01-25,SOLVAPRINE 10MG,7,671.43,4700,0,4700,146.8,1027.6,3672.4
Admin,21186,2020-01-25,ERGON 125MCG,7,714.29,5000,0,5000,138.04,966.29,4033.71
Admin,21186,2020-01-25,ASCOPHIL 500MG,7,135.71,950,0,950,58,406,544
Admin,21188,2020-01-25,BP WRIST OMRON,1,3100,3100,0,3100,2800,2800,300
Admin,21188,2020-01-25,BIOGIC 250MG SUS,12,15.14,181.68,0,181.68,11.13,133.5,48.18000000000001
Admin,21188,2020-01-25,PARASAPH 500MG,1,61.5,61.5,0,61.5,38.75,38.75,22.75
Admin,21191,2020-01-25,MICROSCOT 20mg,5,105,525,0,525,68.92,344.58,180.42000000000002
Admin,21191,2020-01-25,INHIBITA 40MG,5,127.5,637.5,0,637.5,89.05,445.25,192.25
Admin,21191,2020-01-25,"NYSAPH 100,000 IU SUS",3,82.5,247.5,0,247.5,60,180,67.5
Admin,21191,2020-01-25,NOBUTOL 2MG,6,18,108,0,108,12,72,36
Admin,21191,2020-01-25,GLOVES MEDIUM - PRO CARE,1,225,225,0,225,150,150,75
Admin,21191,2020-01-25,GLOVES (L) - GLOMED,1,225,225,0,225,140,140,85
Admin,21187,2020-01-25,GENERIC AMLODIPINE 5MG,3,25.5,76.5,0,76.5,17,51,25.5
Admin,21187,2020-01-25,VONWELT LOSARTAN 100MG,2,126.67,253.34,0,253.34,190,380,-126.66
Admin,21187,2020-01-25,JOHNVASC 5MG,2,112.5,225,0,225,41.5,83,142
Admin,21413,2020-01-25,METMIC 500MG,6,780,4680,0,4680,227.5,1365,3315
Admin,21413,2020-01-25,VICEPHRIN 100MG/ML,20,88,1760,0,1760,34.24,684.7,1075.3
Admin,21413,2020-01-25,TERMAGEN 500MG,5,220,1100,0,1100,104.9,524.48,575.52
Admin,21184,2020-01-18,MAXXIVIT PLUS,7,857.14,6000,0,6000,517.33,3621.33,2378.67
Admin,21184,2020-01-18,XYNETRIX CHEWABLE TABLET,7,678.57,4750,0,4750,410.42,2872.92,1877.08
Admin,21184,2020-01-18,SOLVAPRINE 10MG,7,671.43,4700,0,4700,146.8,1027.6,3672.4
Admin,21184,2020-01-18,DOPAMET 250MG TAB,5,780,3900,0,3900,196.63,983.13,2916.87
Admin,21184,2020-01-18,HYCLENS WOUND SPRAY 60ML.,20,229.32,4586.4,0,4586.4,137.15,2743.04,1843.3599999999997
Admin,21184,2020-01-18,"MICROPORE 1"" - 3M",1,1080,1080,0,1080,380,380,700
Admin,21181,2020-01-18,FACE MASK,2,150,300,0,300,514.44,1028.89,-728.8900000000001
Admin,21181,2020-01-18,FERGLOBIN 250MG,7,517.86,3625,0,3625,257.5,1802.5,1822.5
Admin,21181,2020-01-18,EVEROSE 1000MG CAP,7,691.07,4837.5,0,4837.5,381,2667,2170.5
Admin,21000,2020-01-18,FACE MASK,10,75,750,0,750,514.44,5144.44,-4394.44
Admin,21180,2020-01-18,PREGNANCY TEST SUREGUARD,2,750,1500,0,1500,500,1000,500
Admin,21180,2020-01-18,FACE MASK,40,75,3000,0,3000,514.44,20577.78,-17577.78
Admin,21178,2020-01-18,FACE MASK,86,75,6450,0,6450,514.44,44242.22,-37792.22
Admin,21179,2020-01-18,FACE MASK,4,150,600,0,600,514.44,2057.78,-1457.7800000000002
Admin,21185,2020-01-18,MEDRIZINE 2.5MG/ML Drops,9,33.98,305.78,0,305.78,22.65,203.85,101.92999999999998
Admin,21185,2020-01-18,"MICROPORE 1"" - 3M",1,570,570,0,570,380,380,190
Admin,21185,2020-01-18,MICROPORE 1/2 IN - 3M,1,540,540,0,540,372.5,372.5,167.5
Admin,21185,2020-01-18,PHILCLOX 500MG,1,363,363,0,363,247.47,247.47,115.53
Admin,21216,2020-01-11,CLOVAS 75MG,24,1350,32400,0,32400,403.2,9676.8,22723.2
Admin,21216,2020-01-11,GLOVEDOL 6.25MG,24,836,20064,0,20064,83.5,2004,18060
Admin,21216,2020-01-11,ATOVAS 20MG,30,750,22500,0,22500,183.46,5503.84,16996.16
Admin,21177,2020-01-11,SURITRAM,7,1220,8540,0,8540,135,945,7595
Admin,21177,2020-01-11,SOLVAPRINE 10MG,7,671.43,4700,0,4700,146.8,1027.6,3672.4
Admin,21177,2020-01-11,EROXIME 500MG,28,428.57,12000,0,12000,115,3220,8780
Admin,21177,2020-01-11,ENERGEL SOFTGEL,7,1594.29,11160,0,11160,565.13,3955.91,7204.09
Admin,21177,2020-01-11,NITROFURANTOIN 100MG,7,714.29,5000,0,5000,10.12,70.84,4929.16
Admin,21177,2020-01-11,MULTI GROW OB PLUS,7,803.57,5625,0,5625,487.5,3412.5,2212.5
Admin,21175,2020-01-11,VONWELT TRANEXAMIC ACID,2,2100,4200,1260,2940,320,640,2300
Admin,21174,2020-01-11,FOLACID 5MG,7,464.29,3250,0,3250,196.88,1378.16,1871.84
Admin,21174,2020-01-11,MAXXIVIT PLUS,7,857.14,6000,0,6000,517.33,3621.33,2378.67
Admin,21174,2020-01-11,CORSTAPH 500MG,7,1071.43,7500,0,7500,435,3045,4455
Admin,21174,2020-01-11,XYNETRIX CHEWABLE TABLET,7,678.57,4750,0,4750,410.42,2872.92,1877.08
Admin,21174,2020-01-11,JAGAPLEX OB,7,607.14,4250,0,4250,165,1155,3095
Admin,21174,2020-01-11,SOLVAPRINE 10MG,14,671.43,9400,0,9400,146.8,2055.2,7344.8
Admin,21174,2020-01-11,GLOVES (M) - SURRMED,2,450,900,0,900,150,300,600
Admin,21171,2020-01-11,AFENAX 100MG,2,1900,3800,1140,2660,595,1190,1470
Admin,21171,2020-01-11,BP LOW 250MG TAB,1,1950,1950,585,1365,340,340,1025
Admin,21171,2020-01-11,DOPAMET 250MG TAB,2,780,1560,468,1092,196.63,393.25,698.75
Admin,21172,2020-01-11,ASCOPHIL 500MG,7,135.71,950,0,950,58,406,544
Admin,21172,2020-01-11,ZURENIX 500MG,7,428.57,3000,0,3000,91.5,640.5,2359.5
Admin,21169,2020-01-11,MAXXIVIT PLUS,7,857.14,6000,0,6000,517.33,3621.33,2378.67
Admin,21169,2020-01-11,FOLACID 5MG,7,327.6,2293.2,0,2293.2,196.88,1378.16,915.0399999999997
Admin,21169,2020-01-11,XYNETRIX CHEWABLE TABLET,7,678.57,4750,0,4750,410.42,2872.92,1877.08
Admin,21169,2020-01-11,FERGLOBIN 250MG,7,517.86,3625,0,3625,257.5,1802.5,1822.5
Admin,21169,2020-01-11,ALVICA GEL - ICE,10,390,3900,0,3900,144.27,1442.7,2457.3
Admin,21169,2020-01-11,HYCLENS WOUND SPRAY 60ML.,10,229.32,2293.2,0,2293.2,137.15,1371.52,921.6799999999998
Admin,21176,2020-01-11,BRODIX 2.5/2.5ML NEB,4,360,1440,0,1440,240,960,480
Albay,PULL 1925,2020-10-30,ENERGEL SOFTGEL,-1,1950,-1950,0,-1950,565.13,-565.13,-1384.87
Albay,14076,2020-08-21,LOSAAR 100mg,164,709,116276,0,116276,254.4,41721.6,74554.4
Albay,14074,2020-07-25,COTENACE 50mg,265,230,60950,0,60950,95,25175,35775
Albay,14074,2020-07-25,LOSAAR 100mg,450,709,319050,0,319050,254.4,114480,204570
Albay,14074,2020-07-25,AMLOPURE 10MG,84,370,31080,0,31080,125.5,10542,20538
Batangas,22334,2020-12-20,DOLO JAGA 500MG/50MG/100MG/100MCG,5,1980,9900,0,9900,615,3075,6825
Batangas,22337,2020-12-20,ENERGEL SOFTGEL,6,1680,10080,0,10080,565.13,3390.78,6689.219999999999
Batangas,22337,2020-12-20,VICEPHRIN 250MG/5ML,12,165,1980,0,1980,53.03,636.3,1343.7
Batangas,22335,2020-12-20,CEPROTRON 500MG,6,1925,11550,0,11550,533.33,3200,8350
Batangas,22338,2020-12-20,HYCLENS WOUND SPRAY 60ML.,20,286,5720,0,5720,137.15,2743.04,2976.96
Batangas,22333,2020-11-30,CEPROTRON 500MG,4,1925,7700,0,7700,533.33,2133.33,5566.67
Batangas,22332,2020-11-30,TRIZEF 100MG,3,5400,16200,0,16200,1665,4995,11205
Batangas,22331,2020-11-30,LACTAMOX 500MG/125MG TAB,1,3360,3360,0,3360,1173.5,1173.5,2186.5
Batangas,22330,2020-11-30,LACTAMOX 500MG/125MG TAB,1,3360,3360,0,3360,1173.5,1173.5,2186.5
Batangas,22329,2020-11-21,AFENAX 100MG,5,1980,9900,0,9900,595,2975,6925
Batangas,22329,2020-11-21,ENERGEL SOFTGEL,4,1680,6720,0,6720,565.13,2260.52,4459.48
Batangas,22327,2020-11-13,DOLO JAGA 500MG/50MG/100MG/100MCG,5,1800,9000,0,9000,615,3075,5925
Batangas,22327,2020-11-13,METMIC 500MG,5,800,4000,0,4000,227.5,1137.5,2862.5
Batangas,22326,2020-11-13,CEPROTRON 500MG,6,1925,11550,0,11550,533.33,3200,8350
Batangas,22323,2020-11-07,HYCLENS 0.12% GARGLE 60ML,20,332,6640,996,5644,65,1300,4344
Batangas,22325,2020-11-07,ANEROCIN 300MG,3,4200,12600,0,12600,919.67,2759,9841
Batangas,22325,2020-11-07,CENDALEX 500MG CAP,4,990,3960,0,3960,211.65,846.6,3113.4
Batangas,22324,2020-10-30,CENDALEX 500MG CAP,2,990,1980,0,1980,211.65,423.3,1556.7
Batangas,22324,2020-10-30,LOCETIN 5MG,2,3000,6000,0,6000,281.75,563.5,5436.5
Batangas,22322,2020-10-26,TERMAGEN 500MG,4,220,880,0,880,104.9,419.58,460.42
Batangas,22321,2020-10-20,HYCLENS WOUND SPRAY 60ML.,11,286,3146,0,3146,137.15,1508.67,1637.33
Batangas,22320,2020-10-20,HYCLENS 0.12% GARGLE 60ML,20,153,3060,0,3060,65,1300,1760
Batangas,22319,2020-10-20,ENERGEL SOFTGEL,6,1680,10080,0,10080,565.13,3390.78,6689.219999999999
Batangas,22318,2020-10-20,DOLO JAGA 500MG/50MG/100MG/100MCG,5,1800,9000,0,9000,615,3075,5925
Batangas,22317,2020-10-20,LACTAMOX 500MG/125MG TAB,5,3000,15000,0,15000,1173.5,5867.5,9132.5
Batangas,22316,2020-10-02,GIAN ZINC 120ML SYR,36,187,6732,0,6732,80.83,2910,3822
Batangas,22315,2020-10-02,TRIZEF 100MG,4,5400,21600,0,21600,1665,6660,14940
Batangas,22314,2020-10-02,CEPROTRON 500MG,8,1925,15400,0,15400,533.33,4266.67,11133.33
Batangas,22313,2020-09-28,CEPROTRON 500MG,10,1925,19250,0,19250,533.33,5333.33,13916.67
Batangas,22312,2020-09-28,DOLO JAGA 500MG/50MG/100MG/100MCG,6,1800,10800,0,10800,615,3690,7110
Batangas,22312,2020-09-28,AFENAX 100MG,4,1980,7920,0,7920,595,2380,5540
Batangas,21800,2020-09-11,ENERGEL SOFTGEL,6,1680,10080,0,10080,565.13,3390.78,6689.219999999999
Batangas,21800,2020-09-11,GIAN ZINC 120ML SYR,20,187,3740,0,3740,80.83,1616.67,2123.33
Batangas,22311,2020-09-11,METMIC 500MG,3,750,2250,0,2250,227.5,682.5,1567.5
Batangas,22311,2020-09-11,CINNABLOC 75MG,10,176,1760,0,1760,40,400,1360
Batangas,22310,2020-09-11,TRIZEF 100MG,5,5400,27000,0,27000,1665,8325,18675
Batangas,22309,2020-09-07,LACTAMOX 500MG/125MG TAB,5,3000,15000,0,15000,1173.5,5867.5,9132.5
Batangas,22309,2020-09-07,CINNABLOC 75MG,10,176,1760,0,1760,40,400,1360
Batangas,22308,2020-09-07,DOLO JAGA 500MG/50MG/100MG/100MCG,6,1800,10800,0,10800,615,3690,7110
Batangas,22307,2020-09-07,HYCLENS WOUND SPRAY 60ML.,20,286,5720,0,5720,137.15,2743.04,2976.96
Batangas,22306,2020-09-07,ENERGEL SOFTGEL,7,1680,11760,0,11760,565.13,3955.91,7804.09
Batangas,22304,2020-08-21,TRIZEF 100MG,5,5400,27000,0,27000,1665,8325,18675
Batangas,22305,2020-08-21,HYCLENS 0.12% GARGLE 60ML,14,153,2142,0,2142,65,910,1232
Batangas,21798,2020-08-17,DOLO JAGA 500MG/50MG/100MG/100MCG,4,1800,7200,0,7200,615,2460,4740
Batangas,21798,2020-08-17,CEPROTRON 500MG,2,1925,3850,0,3850,533.33,1066.67,2783.33
Batangas,21799,2020-08-17,TRIZEF 100MG,5,6500,32500,0,32500,1665,8325,24175
Batangas,22301,2020-08-17,LACTAMOX 500MG/125MG TAB,4,3000,12000,0,12000,1173.5,4694,7306
Batangas,22301,2020-08-17,CENDALEX 500MG CAP,4,990,3960,0,3960,211.65,846.6,3113.4
Batangas,22301,2020-08-17,CINNABLOC 25MG,2,550,1100,0,1100,133,266,834
Batangas,22302,2020-08-17,ENERGEL SOFTGEL,5,1680,8400,0,8400,565.13,2825.65,5574.35
Batangas,22302,2020-08-17,XYNETRIX CHEWABLE TABLET,5,990,4950,0,4950,410.42,2052.08,2897.92
Batangas,22302,2020-08-17,CINNABLOC 25MG,5,550,2750,0,2750,133,665,2085
Batangas,22303,2020-08-17,VICEPHRIN 250MG/5ML,10,165,1650,0,1650,53.03,530.25,1119.75
Batangas,22303,2020-08-17,VICEPHRIN 100MG/ML,11,88,968,0,968,34.24,376.59,591.4100000000001
Batangas,21793,2020-07-18,ENERGEL SOFTGEL,7,1680,11760,0,11760,565.13,3955.91,7804.09
Batangas,21792,2020-07-18,CEPROTRON 500MG,5,1925,9625,0,9625,533.33,2666.67,6958.33
Batangas,21791,2020-07-18,DOLO JAGA 500MG/50MG/100MG/100MCG,5,1800,9000,0,9000,615,3075,5925
Batangas,21797,2020-07-18,HYCLENS WOUND SPRAY 60ML.,12,286,3432,514.8,2917.2,137.15,1645.82,1271.3799999999999
Batangas,21796,2020-07-18,GIAN ZINC 30ML DROPS,12,150,1800,0,1800,61.67,740,1060
Batangas,21796,2020-07-18,VICEPHRIN 100MG/ML,12,88,1056,0,1056,34.24,410.82,645.1800000000001
Batangas,21795,2020-07-18,AFENAX 100MG,4,1980,7920,0,7920,595,2380,5540
Batangas,21795,2020-07-18,ENERGEL SOFTGEL,3,1680,5040,0,5040,565.13,1695.39,3344.6099999999997
Batangas,21795,2020-07-18,METMIC 500MG,5,750,3750,0,3750,227.5,1137.5,2612.5
Batangas,21794,2020-07-18,DOLO JAGA 500MG/50MG/100MG/100MCG,3,1800,5400,0,5400,615,1845,3555
Batangas,21794,2020-07-18,LACTAMOX 500MG/125MG TAB,3,3000,9000,0,9000,1173.5,3520.5,5479.5
Batangas,21790,2020-06-20,VICEPHRIN 250MG/5ML,30,180,5400,0,5400,53.03,1590.75,3809.25
Batangas,21789,2020-06-20,BERCEF 250MG/5ML SUS,15,350,5250,0,5250,148,2220,3030
Batangas,21788,2020-06-20,BERCEF 250MG/5ML SUS,15,350,5250,0,5250,148,2220,3030
Batangas,21787,2020-06-20,SOLVASC 5MG,1,1200,1200,0,1200,383.95,383.95,816.05
Batangas,21786,2020-06-20,ZELEX 200MG,1,2250,2250,0,2250,750,750,1500
Batangas,21785,2020-06-20,LACTAMOX 500MG/125MG TAB,3,3360,10080,0,10080,1173.5,3520.5,6559.5
Batangas,21784,2020-06-20,MONILIASOL 125MG/5ML,12,84,1008,0,1008,36.76,441.15,566.85
Batangas,21774,2020-06-06,DOLO JAGA 500MG/50MG/100MG/100MCG,3,1800,5400,0,5400,615,1845,3555
Batangas,21774,2020-06-06,AFENAX 100MG,5,1980,9900,0,9900,595,2975,6925
Batangas,21774,2020-06-06,XYNETRIX CHEWABLE TABLET,3,950,2850,0,2850,410.42,1231.25,1618.75
Batangas,21775,2020-06-06,CINNABLOC 25MG,2,550,1100,0,1100,133,266,834
Batangas,21775,2020-06-06,ENERGEL SOFTGEL,5,1680,8400,0,8400,565.13,2825.65,5574.35
Batangas,21775,2020-06-06,CEPROTRON 500MG,6,1925,11550,0,11550,533.33,3200,8350
Batangas,21776,2020-06-06,JAGAPLEX TAB,2,1100,2200,0,2200,345.63,691.25,1508.75
Batangas,21777,2020-06-06,JAGAPLEX TAB,1,1100,1100,0,1100,345.63,345.63,754.37
Batangas,21778,2020-06-06,LACTAMOX 500MG/125MG TAB,3,3600,10800,0,10800,1173.5,3520.5,7279.5
Batangas,21779,2020-06-06,LACTAMOX 500MG/125MG TAB,3,3600,10800,0,10800,1173.5,3520.5,7279.5
Batangas,21780,2020-06-06,ZELEX 200MG,2,2250,4500,0,4500,750,1500,3000
Batangas,21781,2020-06-06,ZELEX 200MG,2,2250,4500,0,4500,750,1500,3000
Batangas,21782,2020-06-06,MONILIASOL 125MG/5ML,8,95,760,0,760,36.76,294.1,465.9
Batangas,21783,2020-06-06,JAGAPLEX SYR 120ML,19,175,3325,0,3325,35.9,682.1,2642.9
Batangas,21773,2020-05-23,AFENAX 100MG,3,1980,5940,0,5940,595,1785,4155
Batangas,21773,2020-05-23,ENERGEL SOFTGEL,1,1680,1680,0,1680,565.13,565.13,1114.87
Batangas,21770,2020-05-09,ENERGEL SOFTGEL,3,1680,5040,0,5040,565.13,1695.39,3344.6099999999997
Batangas,21769,2020-05-09,EUROXONE 1G,30,320,9600,0,9600,73,2190,7410
Batangas,21768,2020-05-09,PROMEP 40MG,30,260,7800,0,7800,40,1200,6600
Batangas,21760,2020-04-30,GIAN ZINC 120ML SYR,36,170,6120,0,6120,80.83,2910,3210
Batangas,21760,2020-04-30,XYNETRIX CHEWABLE TABLET,4,950,3800,0,3800,410.42,1641.67,2158.33
Batangas,21760,2020-04-30,ENERGEL SOFTGEL,1,1680,1680,0,1680,565.13,565.13,1114.87
Batangas,21765,2020-04-30,ENERGEL SOFTGEL,4,1680,6720,0,6720,565.13,2260.52,4459.48
Batangas,21765,2020-04-30,METMIC 500MG,5,715,3575,0,3575,227.5,1137.5,2437.5
Batangas,21765,2020-04-30,CEPROTRON 500MG,5,1925,9625,0,9625,533.33,2666.67,6958.33
Batangas,21764,2020-04-30,JAGAPLEX TAB,2,1100,2200,0,2200,345.63,691.25,1508.75
Batangas,21763,2020-04-30,JAGAPLEX TAB,2,1100,2200,0,2200,345.63,691.25,1508.75
Batangas,21762,2020-04-30,JAGA 300MG/100MG/100MCG,2,1600,3200,0,3200,530,1060,2140
Batangas,21761,2020-04-30,JAGA 300MG/100MG/100MCG,2,1600,3200,0,3200,530,1060,2140
Batangas,21767,2020-04-30,HYCLENS 0.12% GARGLE 60ML,20,153,3060,0,3060,65,1300,1760
Batangas,21759,2020-04-30,DOLO JAGA 500MG/50MG/100MG/100MCG,3,1800,5400,0,5400,615,1845,3555
Batangas,21759,2020-04-30,ANEROCIN 300MG,1,3800,3800,0,3800,919.67,919.67,2880.33
Batangas,21758,2020-04-30,OMEPZOL 20MG,1,3000,3000,0,3000,96,96,2904
Batangas,21757,2020-04-30,OMEPZOL 20MG,1,3000,3000,0,3000,96,96,2904
Batangas,21756,2020-04-30,VICEPHRIN 100MG/ML,20,96,1920,0,1920,34.24,684.7,1235.3
Batangas,21755,2020-04-30,METMIC 500MG,2,800,1600,0,1600,227.5,455,1145
Batangas,21754,2020-04-30,CENDALEX 500MG CAP,6,1100,6600,0,6600,211.65,1269.9,5330.1
Batangas,21753,2020-04-30,SOLVASC 5MG,1,1200,1200,0,1200,383.95,383.95,816.05
Batangas,21752,2020-04-30,SOLVASC 5MG,1,1200,1200,0,1200,383.95,383.95,816.05
Batangas,21751,2020-04-30,LACTAMOX 500MG/125MG TAB,2,3360,6720,0,6720,1173.5,2347,4373
Batangas,21749,2020-04-30,LACTAMOX 500MG/125MG TAB,3,3360,10080,0,10080,1173.5,3520.5,6559.5
Batangas,21766,2020-04-30,LOCETIN 5MG,2,2800,5600,0,5600,281.75,563.5,5036.5
Batangas,21766,2020-04-30,AFENAX 100MG,3,1980,5940,0,5940,595,1785,4155
Batangas,21766,2020-04-30,GIAN ZINC 120ML SYR,20,170,3400,0,3400,80.83,1616.67,1783.33
Batangas,21747,2020-03-28,SOLVASC 5MG,1,1200,1200,0,1200,383.95,383.95,816.05
Batangas,21746,2020-03-28,VICEPHRIN 250MG/5ML,15,180,2700,0,2700,53.03,795.38,1904.62
Batangas,21745,2020-03-28,ZELEX 200MG,2,2250,4500,0,4500,750,1500,3000
Batangas,21744,2020-03-28,LACTAMOX 500MG/125MG TAB,2,3360,6720,0,6720,1173.5,2347,4373
Batangas,21743,2020-03-28,CEPROTRON 500MG,3,1925,5775,0,5775,533.33,1600,4175
Batangas,21743,2020-03-28,LOCETIN 5MG,3,2800,8400,0,8400,281.75,845.25,7554.75
Batangas,21742,2020-03-28,GIAN ZINC 120ML SYR,24,187,4488,0,4488,80.83,1940,2548
Batangas,21742,2020-03-28,DOLO JAGA 500MG/50MG/100MG/100MCG,3,1800,5400,0,5400,615,1845,3555
Batangas,21740,2020-03-28,LACTAMOX 500MG/125MG TAB,2,3360,6720,0,6720,1173.5,2347,4373
Batangas,21739,2020-03-28,VICEPHRIN 250MG/5ML,15,180,2700,0,2700,53.03,795.38,1904.62
Batangas,21738,2020-03-28,ENERGEL SOFTGEL,5,1680,8400,0,8400,565.13,2825.65,5574.35
Batangas,21727,2020-03-28,TRIZEF 100MG,5,6500,32500,0,32500,1665,8325,24175
Batangas,21726,2020-03-28,JAGAPLEX SYR 120ML,10,180,1800,0,1800,35.9,359,1441
Batangas,21741,2020-03-28,ZELEX 200MG,2,2250,4500,0,4500,750,1500,3000
Batangas,21715,2020-03-14,LACTAMOX 500MG/125MG TAB,4,3000,12000,0,12000,1173.5,4694,7306
Batangas,21716,2020-03-14,LOCETIN 5MG,3,2800,8400,0,8400,281.75,845.25,7554.75
Batangas,21717,2020-03-14,LACTAMOX 500MG/125MG TAB,3,3600,10800,0,10800,1173.5,3520.5,7279.5
Batangas,21718,2020-03-14,LACTAMOX 500MG/125MG TAB,3,3600,10800,0,10800,1173.5,3520.5,7279.5
Batangas,21719,2020-03-14,ARTAL-H 50MG/12.5MG,2,3000,6000,0,6000,105.95,211.9,5788.1
Batangas,21720,2020-03-14,ARTAL-H 50MG/12.5MG,2,3000,6000,0,6000,105.95,211.9,5788.1
Batangas,21721,2020-03-14,HISTARIL 2MG/100MG CAP,1,1100,1100,0,1100,225,225,875
Batangas,21721,2020-03-14,FERGLOBIN 250MG,1,1100,1100,0,1100,257.5,257.5,842.5
Batangas,21721,2020-03-14,JAGA 300MG/100MG/100MCG,1,1590,1590,0,1590,530,530,1060
Batangas,21721,2020-03-14,TERMAGEN 500MG,1,300,300,0,300,104.9,104.9,195.1
Batangas,21721,2020-03-14,VOXOLL 30MG TAB,1,800,800,0,800,167,167,633
Batangas,21722,2020-03-14,AFENAX 100MG,1,2100,2100,0,2100,595,595,1505
Batangas,21722,2020-03-14,LOCETIN 5MG,1,2800,2800,0,2800,281.75,281.75,2518.25
Batangas,21722,2020-03-14,ATOVAS 20MG,1,800,800,0,800,183.46,183.46,616.54
Batangas,21722,2020-03-14,ZELEX 200MG,1,2250,2250,0,2250,750,750,1500
Batangas,21722,2020-03-14,SOLVASC 5MG,1,1100,1100,0,1100,383.95,383.95,716.05
Batangas,21723,2020-03-14,LACTAMOX 500MG/125MG TAB,1,3600,3600,0,3600,1173.5,1173.5,2426.5
Batangas,21723,2020-03-14,CENDALEX 500MG CAP,1,1100,1100,0,1100,211.65,211.65,888.35
Batangas,21723,2020-03-14,JAGAPLEX TAB,1,1200,1200,0,1200,345.63,345.63,854.37
Batangas,21723,2020-03-14,BERCEF 250MG/5ML SUS,6,350,2100,0,2100,148,888,1212
Batangas,21723,2020-03-14,VOXOLL 15MG/5ML SYR,6,75,450,0,450,23,138,312
Batangas,21724,2020-03-14,VICEPHRIN 250MG/5ML,6,195,1170,0,1170,53.03,318.15,851.85
Batangas,21724,2020-03-14,ZETIFEN 250MG/5ML SYR,6,85,510,0,510,35.12,210.69,299.31
Batangas,21724,2020-03-14,VICEPHRIN 100MG/ML,6,105,630,0,630,34.24,205.41,424.59000000000003
Batangas,21724,2020-03-14,TERMAGEN 100MG/ML,6,60,360,0,360,67.09,402.54,-42.54000000000002
Batangas,21724,2020-03-14,MONILIASOL 125MG/5ML,6,100,600,0,600,36.76,220.58,379.41999999999996
Batangas,21724,2020-03-14,HISTAMED 1MG/ML,6,150,900,0,900,58.58,351.45,548.55
Batangas,21724,2020-03-14,HISTARIL 1MG/50MG/5ML SYR,2,105,210,0,210,24.47,48.94,161.06
Batangas,21725,2020-03-14,ARTAL-H 50MG/12.5MG,1,3000,3000,0,3000,105.95,105.95,2894.05
Batangas,21701,2020-03-07,ZELEX 200MG,2,2250,4500,0,4500,750,1500,3000
Batangas,21702,2020-03-07,JAGA 300MG/100MG/100MCG,2,1590,3180,0,3180,530,1060,2120
Batangas,21703,2020-03-07,TERMAGEN 100MG/ML,10,96,960,0,960,67.09,670.9,289.1
Batangas,21704,2020-03-07,VICEPHRIN 250MG/5ML,10,180,1800,0,1800,53.03,530.25,1269.75
Batangas,21705,2020-03-07,ZETIFEN 250MG/5ML SYR,10,80,800,0,800,35.12,351.15,448.85
Batangas,21706,2020-03-07,TERMAGEN 500MG,5,220,1100,0,1100,104.9,524.48,575.52
Batangas,21706,2020-03-07,CEPROTRON 500MG,4,1925,7700,0,7700,533.33,2133.33,5566.67
Batangas,21707,2020-03-07,LACTAMOX 500MG/125MG TAB,2,3000,6000,0,6000,1173.5,2347,3653
Batangas,21707,2020-03-07,TRIZEF 100MG,5,6500,32500,0,32500,1665,8325,24175
Batangas,21708,2020-03-07,HISTAMED 1MG/ML,12,160,1920,0,1920,58.58,702.9,1217.1
Batangas,21709,2020-03-07,ZELEX 200MG,2,2250,4500,0,4500,750,1500,3000
Batangas,21710,2020-03-07,SOLVASC 5MG,2,1200,2400,0,2400,383.95,767.89,1632.1100000000001
Batangas,21711,2020-03-07,LOCETIN 5MG,1,2800,2800,0,2800,281.75,281.75,2518.25
Batangas,21712,2020-03-07,LOCETIN 5MG,1,2800,2800,0,2800,281.75,281.75,2518.25
Batangas,21713,2020-03-07,FERGLOBIN 250MG,2,1045,2090,0,2090,257.5,515,1575
Batangas,21714,2020-03-07,ZEGECEF 250MG/5ML SUS,12,266.67,3200,0,3200,139.45,1673.4,1526.6
Batangas,21449,2020-02-29,ENERGEL SOFTGEL,4,1680,6720,0,6720,565.13,2260.52,4459.48
Batangas,21449,2020-02-29,DOLO JAGA 500MG/50MG/100MG/100MCG,3,1800,5400,0,5400,615,1845,3555
Batangas,21449,2020-02-29,CENDALEX 500MG CAP,4,990,3960,0,3960,211.65,846.6,3113.4
Batangas,21449,2020-02-29,CINNABLOC 75MG,5,176,880,0,880,40,200,680
Batangas,21450,2020-02-29,JAGAPLEX TAB,4,1100,4400,0,4400,345.63,1382.5,3017.5
Batangas,21445,2020-02-22,LACTAMOX 500MG/125MG TAB,2,3360,6720,0,6720,1173.5,2347,4373
Batangas,21446,2020-02-22,CENDALEX 500MG CAP,2,1100,2200,0,2200,211.65,423.3,1776.7
Batangas,21447,2020-02-22,TRIZEF 100MG,5,6500,32500,0,32500,1665,8325,24175
Batangas,21448,2020-02-22,CEFZIME 750MG,3,3000,9000,0,9000,780,2340,6660
Batangas,21444,2020-02-15,GIAN ZINC 120ML SYR,20,187,3740,0,3740,80.83,1616.67,2123.33
Batangas,21444,2020-02-15,GIAN ZINC 30ML DROPS,24,154,3696,0,3696,61.67,1480,2216
Batangas,21443,2020-02-15,LACTAMOX 500MG/125MG TAB,5,3600,18000,0,18000,1173.5,5867.5,12132.5
Batangas,21442,2020-02-15,JAGAPLEX SYR 120ML,12,180,2160,0,2160,35.9,430.8,1729.2
Batangas,21441,2020-02-15,LACTAMOX 500MG/125MG TAB,5,3600,18000,0,18000,1173.5,5867.5,12132.5
Batangas,21440,2020-02-15,HISTARIL 1MG/50MG/5ML SYR,11,96,1056,0,1056,24.47,269.17,786.8299999999999
Batangas,21439,2020-02-15,JAGA 300MG/100MG/100MCG,1,1590,1590,0,1590,530,530,1060
Batangas,21438,2020-02-15,JAGA 300MG/100MG/100MCG,1,1590,1590,0,1590,530,530,1060
Batangas,21437,2020-02-15,LACTAMOX 500MG/125MG TAB,1,3360,3360,0,3360,1173.5,1173.5,2186.5
Batangas,21436,2020-02-15,JAGAPLEX TAB,1,1100,1100,0,1100,345.63,345.63,754.37
Batangas,21435,2020-02-15,JAGAPLEX TAB,1,1100,1100,0,1100,345.63,345.63,754.37
Batangas,21434,2020-02-15,TERMAGEN 500MG,2,220,440,0,440,104.9,209.79,230.21
Batangas,21433,2020-02-15,HISTARIL 2MG/100MG CAP,2,960,1920,0,1920,225,450,1470
Batangas,21444,2020-02-15,LOCETIN 5MG,4,2800,11200,0,11200,281.75,1127,10073
Batangas,21420,2020-02-08,HISTARIL 2MG/100MG CAP,2,1100,2200,0,2200,225,450,1750
Batangas,21421,2020-02-08,HISTARIL 2MG/100MG CAP,2,1100,2200,0,2200,225,450,1750
Batangas,21422,2020-02-08,ZELEX 200MG,2,2250,4500,0,4500,750,1500,3000
Batangas,21423,2020-02-08,ZELEX 200MG,2,2250,4500,0,4500,750,1500,3000
Batangas,21424,2020-02-08,VOXOLL 30MG TAB,2,800,1600,0,1600,167,334,1266
Batangas,21425,2020-02-08,VOXOLL 30MG TAB,2,800,1600,0,1600,167,334,1266
Batangas,21426,2020-02-08,TERMAGEN 500MG,2,300,600,0,600,104.9,209.79,390.21000000000004
Batangas,21427,2020-02-08,MONILIASOL 125MG/5ML,12,105,1260,0,1260,36.76,441.15,818.85
Batangas,21428,2020-02-08,VICEPHRIN 250MG/5ML,20,195,3900,0,3900,53.03,1060.5,2839.5
Batangas,21429,2020-02-08,VICEPHRIN 100MG/ML,20,105,2100,0,2100,34.24,684.7,1415.3
Batangas,21430,2020-02-08,LACTAMOX 250MG/62.5MG/5ML,20,360,7200,0,7200,129.7,2594,4606
Batangas,21431,2020-02-08,LACTAMOX 125MG/31.25MG/5ML,20,240,4800,0,4800,93.63,1872.67,2927.33
Batangas,21419,2020-01-31,METMIC 500MG,2,800,1600,0,1600,227.5,455,1145
Batangas,21414,2020-01-31,HYCLENS 0.12% GARGLE 60ML,20,153,3060,0,3060,65,1300,1760
Batangas,21414,2020-01-31,HYCLENS WOUND SPRAY 60ML.,20,286,5720,0,5720,137.15,2743.04,2976.96
Batangas,21415,2020-01-31,ENERGEL SOFTGEL,6,1680,10080,0,10080,565.13,3390.78,6689.219999999999
Batangas,21416,2020-01-31,DOLO JAGA 500MG/50MG/100MG/100MCG,5,1800,9000,0,9000,615,3075,5925
Batangas,21416,2020-01-31,AFENAX 100MG,5,1980,9900,0,9900,595,2975,6925
Batangas,21417,2020-01-31,VICEPHRIN 250MG/5ML,12,180,2160,0,2160,53.03,636.3,1523.7
Batangas,21418,2020-01-31,VICEPHRIN 100MG/ML,16,96,1536,0,1536,34.24,547.76,988.24
Batangas,21412,2020-01-25,ZELEX 200MG,2,2250,4500,0,4500,750,1500,3000
Batangas,21411,2020-01-25,VOXOLL 30MG TAB,2,800,1600,0,1600,167,334,1266
Batangas,21410,2020-01-25,VICEPHRIN 250MG/5ML,10,180,1800,0,1800,53.03,530.25,1269.75
Batangas,21409,2020-01-18,TERMAGEN 100MG/ML,10,96,960,0,960,67.09,670.9,289.1
Batangas,21408,2020-01-18,BERCEF 250MG/5ML SUS,10,350,3500,0,3500,148,1480,2020
Batangas,21044,2020-01-11,VICEPHRIN 250MG/5ML,15,180,2700,0,2700,53.03,795.38,1904.62
Batangas,21043,2020-01-11,ZELEX 200MG,2,2250,4500,0,4500,750,1500,3000
Batangas,21045,2020-01-11,ZELEX 200MG,2,2250,4500,0,4500,750,1500,3000
Batangas,21046,2020-01-11,LACTAMOX 500MG/125MG TAB,5,3600,18000,0,18000,1173.5,5867.5,12132.5
Batangas,21047,2020-01-11,LACTAMOX 500MG/125MG TAB,5,3600,18000,0,18000,1173.5,5867.5,12132.5
Batangas,21048,2020-01-11,VICEPHRIN 250MG/5ML,24,195,4680,0,4680,53.03,1272.6,3407.4
Batangas,21049,2020-01-11,VICEPHRIN 100MG/ML,24,105,2520,0,2520,34.24,821.64,1698.3600000000001
Batangas,21050,2020-01-11,CENDALEX 500MG CAP,6,1300,7800,0,7800,211.65,1269.9,6530.1
Batangas,21401,2020-01-11,JAGAPLEX SYR 120ML,12,175,2100,0,2100,35.9,430.8,1669.2
Batangas,21402,2020-01-11,INTRAPLEM 50MG/ML - DROPS,12,100,1200,0,1200,29.95,359.4,840.6
Batangas,21403,2020-01-11,SOLVASC 5MG,1,1200,1200,0,1200,383.95,383.95,816.05
Batangas,21404,2020-01-11,SOLVASC 5MG,1,1200,1200,0,1200,383.95,383.95,816.05
Batangas,21405,2020-01-11,FERGLOBIN FA 60MG/400MCG,2,1200,2400,0,2400,273.89,547.78,1852.22
Batangas,21406,2020-01-11,HISTARIL 1MG/50MG/5ML SYR,24,105,2520,0,2520,24.47,587.28,1932.72
Batangas,21407,2020-01-11,DOLO JAGA 500MG/50MG/100MG/100MCG,3,1800,5400,0,5400,615,1845,3555
Batangas,21407,2020-01-11,AFENAX 100MG,3,1980,5940,0,5940,595,1785,4155
Batangas,21407,2020-01-11,TERMAGEN 500MG,4,220,880,0,880,104.9,419.58,460.42
Batangas,21407,2020-01-11,ANEROCIN 300MG,3,4200,12600,0,12600,919.67,2759,9841
Batangas,21042,2020-01-11,CENDALEX 500MG CAP,6,990,5940,0,5940,211.65,1269.9,4670.1
Batangas,21042,2020-01-11,DOLO JAGA 500MG/50MG/100MG/100MCG,2,1800,3600,0,3600,615,1230,2370
Cam Norte,22153,2020-11-30,ISORANE 100% V/V 100ML,2,3000,6000,0,6000,1250,2500,3500
Cam Norte,22249,2020-11-30,SOLUNATE 84MG/ML (8.4%),0.2,12000,2400,0,2400,5203.57,1040.71,1359.29
Cam Norte,22151,2020-11-30,SOLUNATE 84MG/ML (8.4%),0.2,12000,2400,0,2400,5203.57,1040.71,1359.29
Cam Norte,22250,2020-11-30,SOLUNATE 84MG/ML (8.4%),0.2,12000,2400,0,2400,5203.57,1040.71,1359.29
Cam Norte,22152,2020-11-30,LAXFREE 120ML,12,230,2760,0,2760,109.75,1317,1443
Cam Norte,22157,2020-11-30,BUPIRIGHT 1'S VIALS,14,464.29,6500,0,6500,209,2926,3574
Cam Norte,22159,2020-11-30,LAXFREE 120ML,10,230,2300,0,2300,109.75,1097.5,1202.5
Cam Norte,22158,2020-11-30,SOLUNATE 84MG/ML (8.4%),0.2,12000,2400,0,2400,5203.57,1040.71,1359.29
Cam Norte,22156,2020-11-30,EVAPROST 125MCG/ML,1,2880,2880,0,2880,1872,1872,1008
Cam Norte,22155,2020-11-30,EVAPROST 250MCG/ML,2,5500,11000,0,11000,3575,7150,3850
Cam Norte,22154,2020-11-30,HISTARIL 2MG/100MG CAP,3,800,2400,0,2400,225,675,1725
Cam Norte,22154,2020-11-30,CINNABLOC 25MG,1,500,500,0,500,133,133,367
Cam Norte,22154,2020-11-30,HEMOSTAP 500mg,3,835,2505,0,2505,371.67,1115,1390
Cam Norte,22154,2020-11-30,BROADMETZ 500MG,4,1070,4280,0,4280,319,1276,3004
Cam Norte,22154,2020-11-30,TRIVASC 35MG MR,5,1425,7125,0,7125,490,2450,4675
Cam Norte,22154,2020-11-30,LACTAMOX 500MG/125MG TAB,2,2800.2,5600.4,0,5600.4,1173.5,2347,3253.3999999999996
Cam Norte,22154,2020-11-30,JAGA 300MG/100MG/100MCG,2,1200,2400,0,2400,530,1060,1340
Cam Norte,22154,2020-11-30,DOLO JAGA 500MG/50MG/100MG/100MCG,2,1600,3200,0,3200,615,1230,1970
Cam Norte,22154,2020-11-30,METMIC 500MG,8,750,6000,0,6000,227.5,1820,4180
Cam Norte,22154,2020-11-30,RESPINAL 500MG,10,1500,15000,0,15000,425.78,4257.8,10742.2
Cam Norte,22154,2020-11-30,ZEGECEF 250MG/5ML SUS,4,440,1760,0,1760,139.45,557.8,1202.2
Cam Norte,21600,2020-10-30,EUROXONE 1G,11,345.45,3800,0,3800,73,803,2997
Cam Norte,21599,2020-10-30,ZEGECEF 250MG/5ML SUS,6,400,2400,0,2400,139.45,836.7,1563.3
Cam Norte,22202,2020-10-30,SOLUNATE 84MG/ML (8.4%),1,12500,12500,0,12500,5203.57,5203.57,7296.43
Cam Norte,22204,2020-10-30,HYPRO 10MG/20ML,20,825,16500,0,16500,185,3700,12800
Cam Norte,22203,2020-10-30,BUPIRIGHT 1'S VIALS,30,775,23250,0,23250,209,6270,16980
Cam Norte,22205,2020-10-30,DULAX 3.35MG,10,230,2300,0,2300,98,980,1320
Cam Norte,22207,2020-10-30,BUPIRIGHT 1'S VIALS,14,464.29,6500,0,6500,209,2926,3574
Cam Norte,22201,2020-10-30,EVAPROST 250MCG/ML,3,5760,17280,0,17280,3575,10725,6555
Cam Norte,22209,2020-10-30,JAGAPLEX TAB,9,1185,10665,0,10665,345.63,3110.63,7554.37
Cam Norte,22209,2020-10-30,DOLO JAGA 500MG/50MG/100MG/100MCG,1,1600,1600,0,1600,615,615,985
Cam Norte,22209,2020-10-30,JAGA 300MG/100MG/100MCG,1,1200,1200,0,1200,530,530,670
Cam Norte,22209,2020-10-30,RESPINAL 500MG,3,1500,4500,0,4500,425.78,1277.34,3222.66
Cam Norte,22209,2020-10-30,LACTAMOX 500MG/125MG TAB,1,2820,2820,0,2820,1173.5,1173.5,1646.5
Cam Norte,22209,2020-10-30,CINNABLOC 25MG,4,500,2000,0,2000,133,532,1468
Cam Norte,22209,2020-10-30,METMIC 500MG,3,750,2250,0,2250,227.5,682.5,1567.5
Cam Norte,22209,2020-10-30,ZETIFEN 500MG,2,350,700,0,700,104.58,209.16,490.84000000000003
Cam Norte,22209,2020-10-30,DULAX 3.35MG,6,240,1440,0,1440,98,588,852
Cam Norte,22209,2020-10-30,BROADMETZ 500MG,2,1080,2160,0,2160,319,638,1522
Cam Norte,22213,2020-10-30,SOLUNATE 84MG/ML (8.4%),0.2,12000,2400,0,2400,5203.57,1040.71,1359.29
Cam Norte,22214,2020-10-30,ISORANE 100% V/V 100ML,2,3000,6000,0,6000,1250,2500,3500
Cam Norte,22216,2020-10-30,BUPIRIGHT 1'S VIALS,14,464.29,6500,0,6500,209,2926,3574
Cam Norte,22215,2020-10-30,BUPIRIGHT 1'S VIALS,14,464.29,6500,0,6500,209,2926,3574
Cam Norte,22217,2020-10-30,BUPIRIGHT 1'S VIALS,14,464.29,6500,0,6500,209,2926,3574
Cam Norte,22218,2020-10-30,DULAX 3.35MG,10,230,2300,0,2300,98,980,1320
Cam Norte,22220,2020-10-30,EVAPROST 250MCG/ML,2,5500,11000,0,11000,3575,7150,3850
Cam Norte,22219,2020-10-30,EVAPROST 125MCG/ML,2,2880,5760,0,5760,1872,3744,2016
Cam Norte,22221,2020-10-30,AMPI-1,2,1215,2430,0,2430,103.18,206.35,2223.65
Cam Norte,22223,2020-10-30,BUPIRIGHT 1'S VIALS,14,464.29,6500,0,6500,209,2926,3574
Cam Norte,22222,2020-10-30,ISORANE 100% V/V 100ML,2,3000,6000,0,6000,1250,2500,3500
Cam Norte,22224,2020-10-30,BUPIRIGHT 1'S VIALS,30,775,23250,0,23250,209,6270,16980
Cam Norte,22226,2020-10-30,ISORANE 100% V/V 100ML,6,6250,37500,0,37500,1250,7500,30000
Cam Norte,22225,2020-10-30,SOLUNATE 84MG/ML (8.4%),1,12500,12500,0,12500,5203.57,5203.57,7296.43
Cam Norte,22227,2020-10-30,TRIVASC 35MG MR,5,1425,7125,0,7125,490,2450,4675
Cam Norte,22228,2020-10-30,BUPIRIGHT 1'S VIALS,14,464.29,6500,0,6500,209,2926,3574
Cam Norte,22231,2020-10-30,BUPIRIGHT 1'S VIALS,14,464.29,6500,0,6500,209,2926,3574
Cam Norte,22229,2020-10-30,BUPIRIGHT 1'S VIALS,14,464.29,6500,0,6500,209,2926,3574
Cam Norte,22235,2020-10-30,EUROXONE 1G,11,345.45,3800,0,3800,73,803,2997
Cam Norte,22233,2020-10-30,SOLUNATE 84MG/ML (8.4%),0.2,12000,2400,0,2400,5203.57,1040.71,1359.29
Cam Norte,22230,2020-10-30,MONILIASOL 125MG/5ML,6,75,450,0,450,36.76,220.58,229.42
Cam Norte,22232,2020-10-30,EVAPROST 125MCG/ML,1,2880,2880,0,2880,1872,1872,1008
Cam Norte,22234,2020-10-30,EVAPROST 250MCG/ML,2,5500,11000,0,11000,3575,7150,3850
Cam Norte,22237,2020-10-30,MULTI GROW 120ML,30,160,4800,0,4800,83.33,2500,2300
Cam Norte,22239,2020-10-30,EVAPROST 250MCG/ML,3,5760,17280,0,17280,3575,10725,6555
Cam Norte,22240,2020-10-30,MULTI GROW 120ML,30,116.67,3500,0,3500,83.33,2500,1000
Cam Norte,22244,2020-10-30,EVAPROST 250MCG/ML,2,5500,11000,0,11000,3575,7150,3850
Cam Norte,22243,2020-10-30,EVAPROST 125MCG/ML,1,2880,2880,0,2880,1872,1872,1008
Cam Norte,22241,2020-10-30,DULAX 3.35MG,4,230,920,0,920,98,392,528
Cam Norte,22247,2020-10-30,ISORANE 100% V/V 100ML,2,3000,6000,0,6000,1250,2500,3500
Cam Norte,22242,2020-10-30,SOLUNATE 84MG/ML (8.4%),0.2,12000,2400,0,2400,5203.57,1040.71,1359.29
Cam Norte,22246,2020-10-30,BUPIRIGHT 1'S VIALS,14,464.29,6500,0,6500,209,2926,3574
Cam Norte,22245,2020-10-30,BUPIRIGHT 1'S VIALS,14,464.29,6500,0,6500,209,2926,3574
Cam Norte,22248,2020-10-30,BUPIRIGHT 1'S VIALS,50,775,38750,0,38750,209,10450,28300
Cam Norte,PULL2272,2020-08-06,ZETIFEN 250MG/5ML SYR,-9,80,-720,0,-720,35.12,-316.04,-403.96
Cam Norte,PULL2272,2020-08-06,BROADMETZ 250MG/5ML,-1,105,-105,0,-105,40.25,-40.25,-64.75
Cam Norte,PULL2272,2020-08-06,BERCEF 250MG/5ML SUS,-5,450,-2250,0,-2250,148,-740,-1510
Cam Norte,PULL2272,2020-08-06,LEIVICLOX 250MG SUS,-5,270,-1350,0,-1350,68,-340,-1010
Cam Norte,PULL2272,2020-08-06,TRIVASC 35MG MR,-0.41,1425,-584.25,0,-584.25,490,-200.9,-383.35
Cam Norte,PULL2272,2020-08-06,EUROXIME 250MG/5ML,-6,440,-2640,0,-2640,,,-2640
Cam Norte,PULL2272,2020-08-06,COZOLE 200MG/40MG/5ML,-9,90,-810,0,-810,32.4,-291.6,-518.4
Cam Norte,PULL2272,2020-08-06,ZETIFEN 100MG/ML DROPS,-11,58,-638,0,-638,29.45,-323.99,-314.01
Cam Norte,PULL2272,2020-08-06,BROADMETZ 100MG/ML,-0.59,1070,-631.3,0,-631.3,31.06,-18.33,-612.9699999999999
Cam Norte,PULL2272,2020-08-06,PHILSTAT 10MG,-0.36,240,-86.4,0,-86.4,27,-9.72,-76.68
Cam Norte,PULL2271,2020-08-06,GENTAM 40MG,-1.5,387,-580.5,0,-580.5,50.42,-75.64,-504.86
Cam Norte,PULL2271,2020-08-06,GENTAM 40MG,-1,420,-420,0,-420,50.42,-50.42,-369.58
Cam Norte,PULL2271,2020-08-06,GENTAM 40MG,-2,387,-774,0,-774,50.42,-100.85,-673.15
Cam Norte,PULL2271,2020-08-06,CEFZIME 750MG,-1,2700,-2700,0,-2700,780,-780,-1920
Cam Norte,PULL2271,2020-08-06,CEFZIME 750MG,-1.1,2727.27,-3000,0,-3000,780,-858,-2142
Cam Norte,PULL2271,2020-08-06,CEFZIME 750MG,-2.2,2727.27,-6000,0,-6000,780,-1716,-4284
Cam Norte,PULL2271,2020-08-06,EUROXONE 1G,-9,345.45,-3109.05,0,-3109.05,73,-657,-2452.05
Cam Norte,21582,2020-07-25,JAGAPLEX TAB,4,1185,4740,0,4740,345.63,1382.5,3357.5
Cam Norte,21582,2020-07-25,DOLO JAGA 500MG/50MG/100MG/100MCG,2,1600,3200,0,3200,615,1230,1970
Cam Norte,21583,2020-07-25,BUPIRIGHT 1'S VIALS,20,775,15500,0,15500,209,4180,11320
Cam Norte,21585,2020-07-25,DULAX 3.35MG,15,230,3450,0,3450,98,1470,1980
Cam Norte,21586,2020-07-25,DULAX 3.35MG,15,230,3450,0,3450,98,1470,1980
Cam Norte,21587,2020-07-25,SOLUNATE 84MG/ML (8.4%),0.26,12000,3120,0,3120,5203.57,1352.93,1767.07
Cam Norte,21588,2020-07-25,EVAPROST 125MCG/ML,2,2880,5760,0,5760,1872,3744,2016
Cam Norte,21589,2020-07-25,DIFLOSID 75MG/3ML,10,1200,12000,0,12000,119.59,1195.94,10804.06
Cam Norte,21589,2020-07-25,EVAPROST 250MCG/ML,2,5760,11520,0,11520,3575,7150,4370
Cam Norte,21589,2020-07-25,ISORANE 100% V/V 100ML,6,6250,37500,0,37500,1250,7500,30000
Cam Norte,21590,2020-07-25,EVAPROST 250MCG/ML,2,5500,11000,0,11000,3575,7150,3850
Cam Norte,21591,2020-07-25,ISORANE 100% V/V 100ML,2,3000,6000,0,6000,1250,2500,3500
Cam Norte,21595,2020-07-25,EVAPROST 250MCG/ML,2,5500,11000,0,11000,3575,7150,3850
Cam Norte,21594,2020-07-25,ISORANE 100% V/V 100ML,2,3000,6000,0,6000,1250,2500,3500
Cam Norte,21593,2020-07-25,ISORANE 100% V/V 100ML,2,3000,6000,0,6000,1250,2500,3500
Cam Norte,21592,2020-07-25,SOLUNATE 84MG/ML (8.4%),0.2,12000,2400,0,2400,5203.57,1040.71,1359.29
Cam Norte,21598,2020-07-25,PHILCLOX 500MG,1,513,513,0,513,247.47,247.47,265.53
Cam Norte,21597,2020-07-25,BROADMETZ 250MG/5ML,12,105,1260,0,1260,40.25,483.04,776.96
Cam Norte,21597,2020-07-25,HEMOSTAP 500mg,4,835,3340,0,3340,371.67,1486.67,1853.33
Cam Norte,21597,2020-07-25,HISTARIL 2MG/100MG CAP,2,800,1600,0,1600,225,450,1150
Cam Norte,21597,2020-07-25,ZETIFEN 500MG,3,342,1026,0,1026,104.58,313.74,712.26
Cam Norte,21597,2020-07-25,METMIC 500MG,5,750,3750,0,3750,227.5,1137.5,2612.5
Cam Norte,21597,2020-07-25,CINNABLOC 25MG,4,500,2000,0,2000,133,532,1468
Cam Norte,21597,2020-07-25,BROADMETZ 500MG,2,1070,2140,0,2140,319,638,1502
Cam Norte,21597,2020-07-25,RESPINAL 500MG,4,1500,6000,0,6000,425.78,1703.12,4296.88
Cam Norte,21597,2020-07-25,VONWELT TRANEXAMIC ACID,1,1500,1500,0,1500,320,320,1180
Cam Norte,21597,2020-07-25,LACTAMOX 500MG/125MG TAB,2,2800.2,5600.4,0,5600.4,1173.5,2347,3253.3999999999996
Cam Norte,21597,2020-07-25,DOLO JAGA 500MG/50MG/100MG/100MCG,3,1600,4800,0,4800,615,1845,2955
Cam Norte,21597,2020-07-25,JAGA 300MG/100MG/100MCG,2,1200,2400,0,2400,530,1060,1340
Cam Norte,21596,2020-07-25,MULTI GROW 30ML DROPS,20,175,3500,0,3500,63,1260,2240
Cam Norte,21570,2020-05-30,EVAPROST 125MCG/ML,2,2800,5600,0,5600,1872,3744,1856
Cam Norte,21569,2020-05-30,EVAPROST 250MCG/ML,2,5500,11000,0,11000,3575,7150,3850
Cam Norte,21576,2020-05-30,BUPIRIGHT 1'S VIALS,14,464.29,6500,0,6500,209,2926,3574
Cam Norte,21563,2020-05-30,BUPIRIGHT 1'S VIALS,30,775,23250,0,23250,209,6270,16980
Cam Norte,21564,2020-05-30,DOLO JAGA 500MG/50MG/100MG/100MCG,1,1185,1185,0,1185,615,615,570
Cam Norte,21575,2020-05-30,BUPIRIGHT 1'S VIALS,14,464.29,6500,0,6500,209,2926,3574
Cam Norte,21577,2020-05-30,AMPI-1,2,1215,2430,0,2430,103.18,206.35,2223.65
Cam Norte,21568,2020-05-30,DULAX 3.35MG,10,230,2300,0,2300,98,980,1320
Cam Norte,21567,2020-05-30,SOLUNATE 84MG/ML (8.4%),0.2,12000,2400,0,2400,5203.57,1040.71,1359.29
Cam Norte,21566,2020-05-30,SOLUNATE 84MG/ML (8.4%),0.2,12000,2400,0,2400,5203.57,1040.71,1359.29
Cam Norte,21561,2020-05-30,EVAPROST 125MCG/ML,1,2880,2880,0,2880,1872,1872,1008
Cam Norte,21555,2020-05-30,BUPIRIGHT 1'S VIALS,14,464.29,6500,0,6500,209,2926,3574
Cam Norte,21556,2020-05-30,SOLUNATE 84MG/ML (8.4%),0.2,12000,2400,0,2400,5203.57,1040.71,1359.29
Cam Norte,21557,2020-05-30,ISORANE 100% V/V 100ML,2,3000,6000,0,6000,1250,2500,3500
Cam Norte,21558,2020-05-30,DULAX 3.35MG,10,230,2300,0,2300,98,980,1320
Cam Norte,21148,2020-05-30,LEIVICLOX 250MG SUS,30,180,5400,0,5400,68,2040,3360
Cam Norte,21562,2020-05-30,FENTIN 10mg/ml,20,2995,59900,0,59900,842.5,16850,43050
Cam Norte,21560,2020-05-30,DIFLOSID 75MG/3ML,10,1200,12000,0,12000,119.59,1195.94,10804.06
Cam Norte,21554,2020-05-30,LEIVICLOX 250MG SUS,6,270,1620,0,1620,68,408,1212
Cam Norte,21554,2020-05-30,RESPINAL 500MG,5,1500,7500,0,7500,425.78,2128.9,5371.1
Cam Norte,21554,2020-05-30,LACTAMOX 250MG/62.5MG/5ML,12,310,3720,0,3720,129.7,1556.4,2163.6
Cam Norte,21554,2020-05-30,METMIC 500MG,2,750,1500,0,1500,227.5,455,1045
Cam Norte,21554,2020-05-30,TRIVASC 35MG MR,2,1425,2850,0,2850,490,980,1870
Cam Norte,21554,2020-05-30,DOLO JAGA 500MG/50MG/100MG/100MCG,1,1600,1600,0,1600,615,615,985
Cam Norte,21572,2020-05-30,BUPIRIGHT 1'S VIALS,14,464.29,6500,0,6500,209,2926,3574
Cam Norte,21573,2020-05-30,DULAX 3.35MG,5,230,1150,0,1150,98,490,660
Cam Norte,21574,2020-05-30,BUPIRIGHT 1'S VIALS,14,464.29,6500,0,6500,209,2926,3574
Cam Norte,21571,2020-05-30,DOLO JAGA 500MG/50MG/100MG/100MCG,1,1600,1600,0,1600,615,615,985
Cam Norte,21565,2020-05-30,BUPIRIGHT 1'S VIALS,7,650,4550,455,4095,209,1463,2632
Cam Norte,21579,2020-05-30,EVAPROST 250MCG/ML,3,5500,16500,0,16500,3575,10725,5775
Cam Norte,21578,2020-05-30,SOLUNATE 84MG/ML (8.4%),0.2,12000,2400,0,2400,5203.57,1040.71,1359.29
Cam Norte,21581,2020-05-30,AMPI-1,2,1215,2430,0,2430,103.18,206.35,2223.65
Cam Norte,21580,2020-05-30,ISORANE 100% V/V 100ML,6,6250,37500,0,37500,1250,7500,30000
Cam Norte,21553,2020-05-30,BROADMETZ 500MG,3,1080,3240,0,3240,319,957,2283
Cam Norte,21150,2020-05-30,JAGAPLEX TAB,4,1185,4740,0,4740,345.63,1382.5,3357.5
Cam Norte,21559,2020-05-30,EVAPROST 250MCG/ML,2,5500,11000,0,11000,3575,7150,3850
Cam Norte,16092,2020-03-14,AGLOTAC 25MG/ML (50MG/2ML),2,800,1600,0,1600,58.07,116.13,1483.87
Cam Norte,PULL2260,2020-03-14,MULTI GROW 120ML,-20,240,-4800,0,-4800,83.33,-1666.67,-3133.33
Cam Norte,PULL2259,2020-03-14,LACTAMOX 500MG/125MG TAB,-2,2800,-5600,0,-5600,1173.5,-2347,-3253
Cam Norte,PULL2259,2020-03-14,EUROXIME 250MG/5ML,-1,440,-440,0,-440,,,-440
Cam Norte,PULL2259,2020-03-14,LACTAMOX 125MG/31.25MG/5ML,-1,190,-190,0,-190,93.63,-93.63,-96.37
Cam Norte,PULL2259,2020-03-14,BERCEF 50MG/ML DROPS,-2,175,-350,0,-350,42,-84,-266
Cam Norte,PULL2259,2020-03-14,FLUIFORT-M 100MG/5ML,-8,92,-736,0,-736,26.95,-215.6,-520.4
Cam Norte,PULL2259,2020-03-14,ZETIFEN 125MG/5ML SYR,-7,68,-476,0,-476,33.95,-237.65,-238.35
Cam Norte,PULL2259,2020-03-14,FLUIFORT-M 50MG,-2,78,-156,0,-156,28.98,-57.97,-98.03
Cam Norte,PULL2259,2020-03-14,VOXOLL 15MG/5ML SYR,-5,74,-370,0,-370,23,-115,-255
Cam Norte,PULL2259,2020-03-14,BROADMETZ 125MG/5ML,-6,79,-474,0,-474,36,-216,-258
Cam Norte,PULL2258,2020-03-14,MONILIASOL 125MG/5ML,-17,75,-1275,0,-1275,36.76,-624.96,-650.04
Cam Norte,21149,2020-02-22,MULTI GROW 30ML DROPS,30,116.67,3500,0,3500,63,1890,1610
Cam Norte,21139,2020-02-22,MULTI GROW 120ML,30,160,4800,0,4800,83.33,2500,2300
Cam Norte,21551,2020-02-22,TRIVASC 35MG MR,3,1425,4275,0,4275,490,1470,2805
Cam Norte,21551,2020-02-22,CONSILOSE 3.35G/5ML,5,230,1150,0,1150,99,495,655
Cam Norte,21551,2020-02-22,DOLO JAGA 500MG/50MG/100MG/100MCG,1,1600,1600,0,1600,615,615,985
Cam Norte,21552,2020-02-22,JAGAPLEX TAB,4,1185,4740,0,4740,345.63,1382.5,3357.5
Cam Norte,21146,2020-02-22,BUPIRIGHT 1'S VIALS,14,464.29,6500,0,6500,209,2926,3574
Cam Norte,21147,2020-02-22,SOLUNATE 84MG/ML (8.4%),0.2,12000,2400,0,2400,5203.57,1040.71,1359.29
Cam Norte,21145,2020-02-22,ISORANE 100% V/V 100ML,2,3000,6000,0,6000,1250,2500,3500
Cam Norte,21123,2020-02-22,HISTARIL 1MG/50MG/5ML SYR,12,80,960,0,960,24.47,293.64,666.36
Cam Norte,21123,2020-02-22,RESPINAL 125MG/5ML,12,120,1440,0,1440,40.26,483.12,956.88
Cam Norte,21123,2020-02-22,VONWELT TRANEXAMIC ACID,2,1500,3000,0,3000,320,640,2360
Cam Norte,21123,2020-02-22,HISTARIL 2MG/100MG CAP,2,800,1600,0,1600,225,450,1150
Cam Norte,21123,2020-02-22,RESPINAL 500MG,2,1500,3000,0,3000,425.78,851.56,2148.44
Cam Norte,21123,2020-02-22,METMIC 500MG,2,750,1500,0,1500,227.5,455,1045
Cam Norte,21123,2020-02-22,DOLO JAGA 500MG/50MG/100MG/100MCG,1,1600,1600,0,1600,615,615,985
Cam Norte,21137,2020-02-22,RESPINAL 500MG,10,1500,15000,0,15000,425.78,4257.8,10742.2
Cam Norte,21137,2020-02-22,METMIC 500MG,4,750,3000,0,3000,227.5,910,2090
Cam Norte,21137,2020-02-22,DOLO JAGA 500MG/50MG/100MG/100MCG,1,1600,1600,0,1600,615,615,985
Cam Norte,21137,2020-02-22,JAGA 300MG/100MG/100MCG,1,1200,1200,0,1200,530,530,670
Cam Norte,21137,2020-02-22,ANGEL-50 50MG,7,400,2800,0,2800,117.2,820.4,1979.6
Cam Norte,21137,2020-02-22,HISTARIL 2MG/100MG CAP,3,800,2400,0,2400,225,675,1725
Cam Norte,21137,2020-02-22,BROADMETZ 500MG,2,1070,2140,0,2140,319,638,1502
Cam Norte,21137,2020-02-22,RESPINAL 125MG/5ML,12,120,1440,0,1440,40.26,483.12,956.88
Cam Norte,21137,2020-02-22,RESPINAL 250MG/5ML,12,190,2280,0,2280,53.08,636.96,1643.04
Cam Norte,21137,2020-02-22,HISTARIL 1MG/50MG/5ML SYR,12,80,960,0,960,24.47,293.64,666.36
Cam Norte,21138,2020-02-22,SPEEDA,100,1500,150000,0,150000,820,82000,68000
Cam Norte,21144,2020-02-15,HYPRO 10MG/20ML,15,825,12375,0,12375,185,2775,9600
Cam Norte,21143,2020-02-15,SOLUNATE 84MG/ML (8.4%),1,12500,12500,0,12500,5203.57,5203.57,7296.43
Cam Norte,21141,2020-02-15,ZEGECEF 250MG/5ML SUS,4,400,1600,0,1600,139.45,557.8,1042.2
Cam Norte,21140,2020-02-15,MONILIASOL 125MG/5ML,6,75,450,0,450,36.76,220.58,229.42
Cam Norte,21142,2020-02-15,DULAX 3.35MG,10,230,2300,0,2300,98,980,1320
Cam Norte,21136,2020-01-31,EVAPROST 125MCG/ML,1,3200,3200,0,3200,1872,1872,1328
Cam Norte,21135,2020-01-31,EVAPROST 125MCG/ML,1,3200,3200,0,3200,1872,1872,1328
Cam Norte,21119,2020-01-31,BUPIRIGHT 1'S VIALS,30,775,23250,0,23250,209,6270,16980
Cam Norte,21118,2020-01-31,DIFLOSID 75MG/3ML,10,1200,12000,0,12000,119.59,1195.94,10804.06
Cam Norte,21117,2020-01-31,CEFZIME 750MG,2,3000,6000,0,6000,780,1560,4440
Cam Norte,21126,2020-01-31,AMPI-1,2,1215,2430,0,2430,103.18,206.35,2223.65
Cam Norte,21133,2020-01-31,EVAPROST 250MCG/ML,2,5500,11000,0,11000,3575,7150,3850
Cam Norte,21134,2020-01-31,EVAPROST 125MCG/ML,1,2880,2880,0,2880,1872,1872,1008
Cam Norte,21132,2020-01-31,BUPIRIGHT 1'S VIALS,14,464.29,6500,0,6500,209,2926,3574
Cam Norte,21129,2020-01-31,BUPIRIGHT 1'S VIALS,14,464.29,6500,0,6500,209,2926,3574
Cam Norte,21128,2020-01-31,AMPI-1,30,121.5,3645,0,3645,103.18,3095.25,549.75
Cam Norte,21121,2020-01-31,SOLUNATE 84MG/ML (8.4%),0.2,12000,2400,0,2400,5203.57,1040.71,1359.29
Cam Norte,21122,2020-01-31,BUPIRIGHT 1'S VIALS,14,464.29,6500,0,6500,209,2926,3574
Cam Norte,21125,2020-01-31,DULAX 3.35MG,8,230,1840,0,1840,98,784,1056
Cam Norte,21124,2020-01-31,SOLUNATE 84MG/ML (8.4%),0.2,12000,2400,0,2400,5203.57,1040.71,1359.29
Cam Norte,21130,2020-01-31,DOLO JAGA 500MG/50MG/100MG/100MCG,1,1600,1600,0,1600,615,615,985
Cam Norte,21130,2020-01-31,VONWELT TRANEXAMIC ACID,1,1500,1500,0,1500,320,320,1180
Cam Norte,21130,2020-01-31,RESPINAL 500MG,1,1500,1500,0,1500,425.78,425.78,1074.22
Cam Norte,21130,2020-01-31,CINNABLOC 25MG,2,500,1000,0,1000,133,266,734
Cam Norte,21130,2020-01-31,HISTARIL 2MG/100MG CAP,1,800,800,0,800,225,225,575
Cam Norte,21130,2020-01-31,METMIC 500MG,2,750,1500,0,1500,227.5,455,1045
Cam Norte,21130,2020-01-31,JAGA 300MG/100MG/100MCG,1,1400,1400,0,1400,530,530,870
Cam Norte,21130,2020-01-31,JAGAPLEX TAB,4,1185,4740,0,4740,345.63,1382.5,3357.5
Cam Norte,21131,2020-01-31,RESPINAL 500MG,4,1500,6000,0,6000,425.78,1703.12,4296.88
Cam Norte,21131,2020-01-31,METMIC 500MG,3,750,2250,0,2250,227.5,682.5,1567.5
Cam Norte,21131,2020-01-31,VONWELT TRANEXAMIC ACID,2,1500,3000,0,3000,320,640,2360
Cam Norte,21131,2020-01-31,MONILIASOL 125MG/5ML,6,75,450,0,450,36.76,220.58,229.42
Cam Norte,21127,2020-01-30,SOLUNATE 84MG/ML (8.4%),0.2,12000,2400,0,2400,5203.57,1040.71,1359.29
Cam Norte,21113,2020-01-18,SOLUNATE 84MG/ML (8.4%),0.2,12000,2400,0,2400,5203.57,1040.71,1359.29
Cam Norte,21114,2020-01-18,EVAPROST 250MCG/ML,2,5500,11000,0,11000,3575,7150,3850
Cam Norte,21116,2020-01-18,BUPIRIGHT 1'S VIALS,14,464.29,6500,0,6500,209,2926,3574
Cam Norte,21115,2020-01-18,DULAX 3.35MG,10,230,2300,0,2300,98,980,1320
Cam Norte,21111,2020-01-18,EVAPROST 125MCG/ML,0.5,3200,1600,0,1600,1872,936,664
Cam Norte,21112,2020-01-18,JAGA 300MG/100MG/100MCG,1,1400,1400,0,1400,530,530,870
Cam Norte,21112,2020-01-18,CINNABLOC 25MG,3,500,1500,0,1500,133,399,1101
Cam Norte,21108,2020-01-18,JAGAPLEX TAB,4,1185,4740,0,4740,345.63,1382.5,3357.5
Cam Norte,21109,2020-01-18,EVAPROST 250MCG/ML,5,5760,28800,0,28800,3575,17875,10925
Cam Norte,21110,2020-01-18,EVAPROST 125MCG/ML,0.5,3200,1600,0,1600,1872,936,664
Cam Sur,14084,2020-12-20,METMIC 500MG,2,550,1100,0,1100,227.5,455,645
Cam Sur,14084,2020-12-20,ZELEX 200MG,1,3250,3250,0,3250,750,750,2500
Cam Sur,14084,2020-12-20,AZICARE 500MG TAB,1,2100,2100,0,2100,523.33,523.33,1576.67
Cam Sur,14084,2020-12-20,CEFUSAPH,2,595,1190,0,1190,156.92,313.83,876.1700000000001
Cam Sur,14084,2020-12-20,EUROXONE 1G,10,400,4000,0,4000,73,730,3270
Cam Sur,14085,2020-12-20,CONSILOSE 3.35G/5ML,7,595,4165,0,4165,99,693,3472
Cam Sur,14085,2020-12-20,AXIMEED 200mg,1,2000,2000,0,2000,493,493,1507
Cam Sur,14085,2020-12-20,DANOXIME 750MG,10,250,2500,0,2500,30.5,305,2195
Cam Sur,14083,2020-12-20,HISTARIL 1MG/50MG/5ML SYR,12,88,1056,0,1056,24.47,293.64,762.36
Cam Sur,14083,2020-12-20,COZOLE 200MG/40MG/5ML,12,108,1296,0,1296,32.4,388.8,907.2
Cam Sur,14083,2020-12-20,CEPROTRON 500MG,1,1750,1750,0,1750,533.33,533.33,1216.67
Cam Sur,14083,2020-12-20,ANEROCIN 300MG,1,3900,3900,0,3900,919.67,919.67,2980.33
Cam Sur,14083,2020-12-20,HISTARIL 2MG/100MG CAP,2,800,1600,0,1600,225,450,1150
Cam Sur,14083,2020-12-20,CENDALEX 500MG CAP,1,900,900,0,900,211.65,211.65,688.35
Cam Sur,14082,2020-12-04,DOLO JAGA 500MG/50MG/100MG/100MCG,10,1100,11000,0,11000,615,6150,4850
Cam Sur,PULL 2320,2020-10-30,NERVAPLEX 500MG,-1.46,1650,-2409,0,-2409,615,-897.9,-1511.1
Cam Sur,PULL 2320,2020-10-30,BERCEF 250MG/5ML SUS,-4,350,-1400,0,-1400,148,-592,-808
Cam Sur,PULL 2320,2020-10-30,LACTAMOX 125MG/31.25MG/5ML,-7,245,-1715,0,-1715,93.63,-655.43,-1059.5700000000002
Cam Sur,PULL 2320,2020-10-30,MULTI GROW 30ML DROPS,-4,180,-720,0,-720,63,-252,-468
Cam Sur,PULL 2320,2020-10-30,HISTARIL 1MG/50MG/5ML SYR,-7,88,-616,0,-616,24.47,-171.29,-444.71000000000004
Cam Sur,PULL 2319,2020-10-30,ZETIFEN 250MG/5ML SYR,-8,120,-960,0,-960,35.12,-280.92,-679.0799999999999
Cam Sur,PULL 2319,2020-10-30,ZETIFEN 125MG/5ML SYR,-4,105,-420,0,-420,33.95,-135.8,-284.2
Cam Sur,PULL 2319,2020-10-30,ZETIFEN 100MG/ML DROPS,-5,90,-450,0,-450,29.45,-147.27,-302.73
Cam Sur,PULL 2319,2020-10-30,LACTAMOX 125MG/31.25MG/5ML,-4,250,-1000,0,-1000,93.63,-374.53,-625.47
Cam Sur,PULL 2319,2020-10-30,LACTAMOX 500MG/125MG TAB,-0.65,2700,-1755,0,-1755,1173.5,-762.78,-992.22
Cam Sur,PULL 2318,2020-10-30,CEFUSAPH,-4,595,-2380,0,-2380,156.92,-627.67,-1752.33
Cam Sur,PULL 2318,2020-10-30,CEEPRAZOL 20MG,-3,3300,-9900,0,-9900,590,-1770,-8130
Cam Sur,PULL 2318,2020-10-30,ZEGECEF 250MG/5ML SUS,-12,400,-4800,0,-4800,139.45,-1673.4,-3126.6
Cam Sur,PULL 1924,2020-10-30,BICOTEX,-1.4,600,-840,0,-840,125,-175,-665
Cam Sur,PULL 1924,2020-10-30,INHIBITA 40MG,-1,1120,-1120,0,-1120,89.05,-89.05,-1030.95
Cam Sur,PULL 1924,2020-10-30,AMOLTEX 2MG TAB,-1,550,-550,0,-550,85,-85,-465
Cam Sur,PULL 2316,2020-10-30,BICOTEX,-2,600,-1200,0,-1200,125,-250,-950
Cam Sur,PULL 2316,2020-10-30,KLARITHIX 500MG TAB,-1.13,1260,-1428,0,-1428,225,-255,-1173
Cam Sur,PULL 2316,2020-10-30,BROADMETZ 500MG,-25,98,-2450,0,-2450,319,-7975,5525
Cam Sur,PULL 2316,2020-10-30,ZETIFEN 250MG/5ML SYR,-8,98,-784,0,-784,35.12,-280.92,-503.08
Cam Sur,PULL 2316,2020-10-30,CEFZIME 750MG,-1,4000,-4000,0,-4000,780,-780,-3220
Cam Sur,PULL 2316,2020-10-30,BROADMETZ 125MG/5ML,-12,78,-936,0,-936,36,-432,-504
Cam Sur,PULL 2316,2020-10-30,MULTI GROW 120ML,-11,250,-2750,0,-2750,83.33,-916.67,-1833.33
Cam Sur,PULL 2316,2020-10-30,LEIVICLOX 250MG SUS,-7,282,-1974,0,-1974,68,-476,-1498
Cam Sur,PULL 2316,2020-10-30,BERCEF 50MG/ML DROPS,-3,175,-525,0,-525,42,-126,-399
Cam Sur,PULL 2316,2020-10-30,NERVAPLEX 500MG,-25,1800,-45000,0,-45000,615,-15375,-29625
Cam Sur,PULL 2317,2020-10-30,SUSTACHLOR 125MG/5ML,-1,120,-120,0,-120,46.79,-46.79,-73.21000000000001
Cam Sur,PULL 2317,2020-10-30,BERCEF 250MG/5ML SUS,-20,400,-8000,0,-8000,148,-2960,-5040
Cam Sur,PULL 2317,2020-10-30,XELOR 125MG/5ML SUS,-1,175,-175,0,-175,89.54,-89.54,-85.46
Cam Sur,21346,2020-10-30,CEPROTRON 500MG,5,1750,8750,0,8750,533.33,2666.67,6083.33
Cam Sur,21346,2020-10-30,MONILIASOL 500MG,2,750,1500,0,1500,240,480,1020
Cam Sur,21346,2020-10-30,BROADMETZ 500MG,2,1050,2100,0,2100,319,638,1462
Cam Sur,21346,2020-10-30,MONILIASOL 125MG/5ML,10,80,800,0,800,36.76,367.63,432.37
Cam Sur,21347,2020-10-30,HISTARIL 1MG/50MG/5ML SYR,2,800,1600,0,1600,24.47,48.94,1551.06
Cam Sur,14081,2020-10-26,DOLO JAGA 500MG/50MG/100MG/100MCG,10,1100,11000,0,11000,615,6150,4850
Cam Sur,21339,2020-10-26,DOLO JAGA 500MG/50MG/100MG/100MCG,5,1100,5500,0,5500,615,3075,2425
Cam Sur,21340,2020-10-26,DOLO JAGA 500MG/50MG/100MG/100MCG,12,1100,13200,0,13200,615,7380,5820
Cam Sur,21341,2020-10-26,HISTARIL 1MG/50MG/5ML SYR,10,88,880,0,880,24.47,244.7,635.3
Cam Sur,21341,2020-10-26,MONILIASOL 125MG/5ML,10,75,750,0,750,36.76,367.63,382.37
Cam Sur,21341,2020-10-26,COZOLE 200MG/40MG/5ML,10,108,1080,0,1080,32.4,324,756
Cam Sur,21341,2020-10-26,SOLVASC 5MG,2,750,1500,0,1500,383.95,767.89,732.11
Cam Sur,21341,2020-10-26,FLUCYSTEINE 200MG,1,405,405,0,405,85,85,320
Cam Sur,21341,2020-10-26,PLENACYL 600MG,1,720,720,0,720,90,90,630
Cam Sur,21342,2020-10-26,HISTARIL 1MG/50MG/5ML SYR,10,88,880,0,880,24.47,244.7,635.3
Cam Sur,21343,2020-10-26,DOLO JAGA 500MG/50MG/100MG/100MCG,3,1800,5400,1620,3780,615,1845,1935
Cam Sur,21344,2020-10-26,EPIX BY 10'S,1,990,990,0,990,211.7,211.7,778.3
Cam Sur,21345,2020-10-26,HISTARIL 1MG/50MG/5ML SYR,7,88,616,0,616,24.47,171.29,444.71000000000004
Cam Sur,21338,2020-08-21,LACTAMOX 500MG/125MG TAB,5,3000,15000,0,15000,1173.5,5867.5,9132.5
Cam Sur,21338,2020-08-21,MONILIASOL 125MG/5ML,12,80,960,0,960,36.76,441.15,518.85
Cam Sur,21338,2020-08-21,ANGEL-50 50MG,2,500,1000,0,1000,117.2,234.4,765.6
Cam Sur,21338,2020-08-21,CLOVAS 75MG,2,975,1950,0,1950,403.2,806.4,1143.6
Cam Sur,21338,2020-08-21,AMLOTEC 5MG,1,540,540,0,540,18,18,522
Cam Sur,14079,2020-08-21,SAPHLOPID 75MG,1,2200,2200,0,2200,133.33,133.33,2066.67
Cam Sur,14079,2020-08-21,ANEROCIN 300MG,1,3900,3900,0,3900,919.67,919.67,2980.33
Cam Sur,14078,2020-08-21,LACTAMOX 250MG/62.5MG/5ML,10,450,4500,0,4500,129.7,1297,3203
Cam Sur,14078,2020-08-21,RANIREX 25MG/ML,1,780,780,0,780,31.5,31.5,748.5
Cam Sur,14078,2020-08-21,METMIC 500MG,4,550,2200,0,2200,227.5,910,1290
Cam Sur,14078,2020-08-21,MONILIASOL 500MG,2,800,1600,0,1600,240,480,1120
Cam Sur,14078,2020-08-21,DOLO JAGA 500MG/50MG/100MG/100MCG,2,1600,3200,0,3200,615,1230,1970
Cam Sur,14078,2020-08-21,ZELEX 200MG,1,3250,3250,0,3250,750,750,2500
Cam Sur,14077,2020-08-21,CENDALEX 250MG/5ML SUS,10,125,1250,0,1250,59.57,595.67,654.33
Cam Sur,14077,2020-08-21,CENDALEX 125MG/5ML SUS,10,98,980,0,980,35,350,630
Cam Sur,14077,2020-08-21,MONILIASOL 125MG/5ML,10,80,800,0,800,36.76,367.63,432.37
Cam Sur,14077,2020-08-21,COZOLE 200MG/40MG/5ML,10,80,800,0,800,32.4,324,476
Cam Sur,14077,2020-08-21,HISTARIL 1MG/50MG/5ML SYR,10,80,800,0,800,24.47,244.7,555.3
Cam Sur,14077,2020-08-21,LACTAMOX 125MG/31.25MG/5ML,10,310,3100,0,3100,93.63,936.33,2163.67
Cam Sur,14075,2020-07-25,DOLO JAGA 500MG/50MG/100MG/100MCG,16,1100,17600,0,17600,615,9840,7760
Cam Sur,21337,2020-07-25,DOLO JAGA 500MG/50MG/100MG/100MCG,18,1100,19800,0,19800,615,11070,8730
Cam Sur,21336,2020-03-14,DOLO JAGA 500MG/50MG/100MG/100MCG,5,1100,5500,0,5500,615,3075,2425
Cam Sur,21335,2020-03-14,DOLO JAGA 500MG/50MG/100MG/100MCG,10,1100,11000,0,11000,615,6150,4850
Cam Sur,21334,2020-03-14,DOLO JAGA 500MG/50MG/100MG/100MCG,10,1100,11000,0,11000,615,6150,4850
Cam Sur,21333,2020-03-14,ATOVAS 20MG,2,975,1950,0,1950,183.46,366.92,1583.08
Cam Sur,21332,2020-03-14,MONILIASOL 125MG/5ML,10,75,750,0,750,36.76,367.63,382.37
Cam Sur,21332,2020-03-14,CENDALEX 250MG/5ML SUS,12,125,1500,0,1500,59.57,714.8,785.2
Cam Sur,21332,2020-03-14,COZOLE 200MG/40MG/5ML,10,108,1080,0,1080,32.4,324,756
Cam Sur,21332,2020-03-14,SOLVASC 5MG,2,750,1500,0,1500,383.95,767.89,732.11
Cam Sur,21332,2020-03-14,ANGEL-50 50MG,2,500,1000,0,1000,117.2,234.4,765.6
Cam Sur,21332,2020-03-14,BUTADIL 2MG/5ML,15,85,1275,0,1275,25.14,377.03,897.97
Cam Sur,PULL2304,2020-03-14,LACTAMOX 125MG/31.25MG/5ML,-15,310,-4650,0,-4650,93.63,-1404.5,-3245.5
Cam Sur,PULL2304,2020-03-14,LACTAMOX 125MG/31.25MG/5ML,-15,450,-6750,0,-6750,93.63,-1404.5,-5345.5
Cam Sur,PULL2304,2020-03-14,LACTAMOX 500MG/125MG TAB,-3.42,3000,-10249.98,0,-10249.98,1173.5,-4009.45,-6240.53
Cam Sur,PULL2304,2020-03-14,HISTARIL 1MG/50MG/5ML SYR,-18,88,-1584,0,-1584,24.47,-440.46,-1143.54
Cam Sur,PULL2304,2020-03-14,HISTARIL 2MG/100MG CAP,-2.42,800,-1936,0,-1936,225,-544.5,-1391.5
Cam Sur,PULL2304,2020-03-14,COZOLE 200MG/40MG/5ML,-5,98,-490,0,-490,32.4,-162,-328
Cam Sur,PULL2304,2020-03-14,ZETIFEN 250MG/5ML SYR,-8,98,-784,0,-784,35.12,-280.92,-503.08
Cam Sur,PULL2304,2020-03-14,ZETIFEN 125MG/5ML SYR,-3,98,-294,0,-294,33.95,-101.85,-192.15
Cam Sur,PULL2304,2020-03-14,MONILIASOL 500MG,-0.59,750,-442.5,0,-442.5,240,-141.6,-300.9
Cam Sur,PULL2304,2020-03-14,DOLO JAGA 500MG/50MG/100MG/100MCG,-2.33,18,-41.94,0,-41.94,615,-1432.95,1391.01
Cam Sur,PULL2311,2020-03-14,SURITRAM,-2.54,1980,-5029.2,0,-5029.2,135,-342.9,-4686.3
Cam Sur,PULL2311,2020-03-14,CEFZOX 1G VIAL W/ DILUENT,-200,35,-7000,0,-7000,22.5,-4500,-2500
Cam Sur,PULL2308,2020-03-14,XELOR 125MG/5ML SUS,-30,175,-5250,0,-5250,89.54,-2686.2,-2563.8
Cam Sur,PULL2308,2020-03-14,AMOLTEX 2MG TAB,-1.78,550,-979,0,-979,85,-151.3,-827.7
Cam Sur,PULL2308,2020-03-14,CENDALEX 100MG/ML DROPS,-22,88,-1936,0,-1936,23.25,-511.5,-1424.5
Cam Sur,PULL2308,2020-03-14,CAPSUGEN FORTE,-0.75,1600,-1200,0,-1200,,,-1200
Cam Sur,PULL2308,2020-03-14,RANIREX 25MG/ML,-1,780,-780,0,-780,31.5,-31.5,-748.5
Cam Sur,PULL2308,2020-03-14,PHYTOMET 10MG,-0.6,800,-480,0,-480,164.64,-98.78,-381.22
Cam Sur,PULL2308,2020-03-14,FEVERCARE 300MG/2ML,-5,485,-2425,0,-2425,39.8,-199,-2226
Cam Sur,PULL2308,2020-03-14,SPASMOSON 10MG,-1.4,1200,-1680,0,-1680,155.82,-218.15,-1461.85
Cam Sur,PULL2308,2020-03-14,BICOTEX,-3.4,600,-2040,0,-2040,125,-425,-1615
Cam Sur,PULL2308,2020-03-14,DULAX 3.35MG,-2,285,-570,0,-570,98,-196,-374
Cam Sur,PULL2306,2020-03-14,LEIVICLOX 250MG SUS,-7,282,-1974,0,-1974,68,-476,-1498
Cam Sur,PULL2306,2020-03-14,MONILIASOL 125MG/5ML,-17,75,-1275,0,-1275,36.76,-624.96,-650.04
Cam Sur,PULL2306,2020-03-14,ZETIFEN 100MG/ML DROPS,-25,68,-1700,0,-1700,29.45,-736.33,-963.67
Cam Sur,PULL2306,2020-03-14,ENERGEL SOFTGEL,-1.28,1950,-2502.49,0,-2502.49,565.13,-725.25,-1777.2399999999998
Cam Sur,PULL2306,2020-03-14,INTRAPLEM 100MG/5ML,-8,68,-544,0,-544,30.76,-246.08,-297.91999999999996
Cam Sur,PULL2306,2020-03-14,BERCEF 250MG/5ML SUS,-11,175,-1925,0,-1925,148,-1628,-297
Cam Sur,PULL2306,2020-03-14,LOZAK 100MG TAB,-1.36,850,-1156,0,-1156,,,-1156
Cam Sur,PULL2306,2020-03-14,ANEROCIN 300MG,-0.7,3900,-2730,0,-2730,919.67,-643.77,-2086.23
Cam Sur,PULL2306,2020-03-14,GIAN ZINC 120ML SYR,-10,175,-1750,0,-1750,80.83,-808.33,-941.67
Cam Sur,PULL2303,2020-03-14,LACTAMOX 250MG/62.5MG/5ML,-1,450,-450,0,-450,129.7,-129.7,-320.3
Cam Sur,PULL2303,2020-03-14,BERCEF 50MG/ML DROPS,-1,175,-175,0,-175,42,-42,-133
Cam Sur,PULL2307,2020-03-14,GIAN ZINC 30ML DROPS,-3,125,-375,0,-375,61.67,-185,-190
Cam Sur,PULL2307,2020-03-14,CINNABLOC 75MG,-0.16,50,-8,0,-8,40,-6.4,-1.5999999999999996
Cam Sur,PULL2307,2020-03-14,PROPHALAN,-0.2,850,-170,0,-170,365,-73,-97
Cam Sur,PULL2307,2020-03-14,CORSTAPH 500MG,-2.89,1800,-5202,0,-5202,435,-1257.15,-3944.85
Cam Sur,PULL2307,2020-03-14,NERVAPLEX 500MG,-0.36,1800,-648,0,-648,615,-221.4,-426.6
Cam Sur,PULL2307,2020-03-14,ORNEXIN 325MG/10MG/5MG,-3,135,-405,0,-405,53.05,-159.15,-245.85
Cam Sur,PULL2307,2020-03-14,CEPROTRON 500MG,-1.64,1750,-2870,0,-2870,533.33,-874.67,-1995.33
Cam Sur,PULL2307,2020-03-14,SUSTACHLOR 125MG/5ML,-9,120,-1080,0,-1080,46.79,-421.11,-658.89
Cam Sur,PULL2307,2020-03-14,MULTI GROW OB PLUS,-0.99,1050,-1039.5,0,-1039.5,487.5,-482.63,-556.87
Cam Sur,PULL2307,2020-03-14,BERCEF 250MG/5ML SUS,-25,400,-10000,0,-10000,148,-3700,-6300
Cam Sur,PULL2301,2020-03-14,LACTAMOX 250MG/62.5MG/5ML,-4,450,-1800,0,-1800,129.7,-518.8,-1281.2
Cam Sur,PULL2301,2020-03-14,ZETIFEN 250MG/5ML SYR,-5,98,-490,0,-490,35.12,-175.58,-314.41999999999996
Cam Sur,PULL2301,2020-03-14,ZETIFEN 125MG/5ML SYR,-7,88,-616,0,-616,33.95,-237.65,-378.35
Cam Sur,PULL2301,2020-03-14,MONILIASOL 500MG,-0.82,750,-615,0,-615,240,-196.8,-418.2
Cam Sur,PULL2301,2020-03-14,ENERGEL SOFTGEL,-0.78,1950,-1527.49,0,-1527.49,565.13,-442.68,-1084.81
Cam Sur,PULL2301,2020-03-14,LACTAMOX 500MG/125MG TAB,-0.23,3000,-699.99,0,-699.99,1173.5,-273.81,-426.18
Cam Sur,PULL2305,2020-03-14,FORTIPLEX,-0.11,1050,-115.5,0,-115.5,395,-43.45,-72.05
Cam Sur,PULL2305,2020-03-14,CEFZIME 750MG,-1.5,4000,-6000,0,-6000,780,-1170,-4830
Cam Sur,PULL2305,2020-03-14,EUROGYL 5MG/ML (500MG/100ML),-6,120,-720,0,-720,23,-138,-582
Cam Sur,PULL2305,2020-03-14,BROADMETZ 125MG/5ML,-11,78,-858,0,-858,36,-396,-462
Cam Sur,PULL2305,2020-03-14,MULTI GROW 120ML,-12,250,-3000,0,-3000,83.33,-1000,-2000
Cam Sur,PULL2305,2020-03-14,JAGA 300MG/100MG/100MCG,-2.98,1600,-4768,0,-4768,530,-1579.4,-3188.6
Cam Sur,PULL2305,2020-03-14,CENDALEX 125MG/5ML SUS,-15,100,-1500,0,-1500,35,-525,-975
Cam Sur,PULL2305,2020-03-14,CENDALEX 250MG/5ML SUS,-1,125,-125,0,-125,59.57,-59.57,-65.43
Cam Sur,PULL2305,2020-03-14,CENDALEX 500MG CAP,-0.9,900,-810,0,-810,211.65,-190.49,-619.51
Cam Sur,PULL2305,2020-03-14,CENDALEX 100MG/ML DROPS,-22,88,-1936,0,-1936,23.25,-511.5,-1424.5
Cam Sur,PULL2312,2020-03-14,MONILIASOL 500MG,-0.53,750,-397.5,0,-397.5,240,-127.2,-270.3
Cam Sur,PULL2312,2020-03-14,BROADMETZ 500MG,-0.69,1050,-724.5,0,-724.5,319,-220.11,-504.39
Cam Sur,PULL2313,2020-03-14,LACTAMOX 250MG/62.5MG/5ML,-19,450,-8550,0,-8550,129.7,-2464.3,-6085.7
Cam Sur,PULL2313,2020-03-14,LACTAMOX 125MG/31.25MG/5ML,-16,300,-4800,0,-4800,93.63,-1498.13,-3301.87
Cam Sur,PULL2313,2020-03-14,ZETIFEN 250MG/5ML SYR,-4,98,-392,0,-392,35.12,-140.46,-251.54
Cam Sur,PULL2313,2020-03-14,CEFZIME 750MG,-0.2,4000,-800,0,-800,780,-156,-644
Cam Sur,PULL2313,2020-03-14,ZETIFEN 100MG/ML DROPS,-7,68,-476,0,-476,29.45,-206.17,-269.83000000000004
Cam Sur,PULL2309,2020-03-14,BROADMETZ 100MG/ML,-18,60,-1080,0,-1080,31.06,-559.08,-520.92
Cam Sur,PULL2309,2020-03-14,KLARITHIX 500MG TAB,-1.13,1260,-1428,0,-1428,225,-255,-1173
Cam Sur,PULL2309,2020-03-14,STEEROMETZ 5MG,-0.88,400,-352,0,-352,104.5,-91.96,-260.04
Cam Sur,PULL2309,2020-03-14,VOXOLL 15MG/5ML SYR,-8,95,-760,0,-760,23,-184,-576
Cam Sur,PULL2309,2020-03-14,COUXIN 30MG,-11,65,-715,0,-715,12.5,-137.5,-577.5
Cam Sur,PULL2309,2020-03-14,INHIBITA 40MG,-1.7,1120,-1904,0,-1904,89.05,-151.39,-1752.6100000000001
Cam Sur,PULL2309,2020-03-14,ZETIFEN 500MG,-1.76,550,-968,0,-968,104.58,-184.06,-783.94
Cam Sur,PULL2309,2020-03-14,CEFUSAPH,-11.9,595,-7080.5,0,-7080.5,156.92,-1867.31,-5213.1900000000005
Cam Sur,PULL2309,2020-03-14,METSIL 10MG,-9.8,500,-4900,0,-4900,35,-343,-4557
Cam Sur,PULL2309,2020-03-14,CLOVAS 75MG,-0.97,975,-942.5,0,-942.5,403.2,-389.76,-552.74
Cam Sur,PULL2310,2020-03-14,METREX 10MG,-1,500,-500,0,-500,35,-35,-465
Cam Sur,PULL2310,2020-03-14,MEDRIZINE 2.5MG/ML Drops,-10,112,-1120,0,-1120,22.65,-226.5,-893.5
Cam Sur,PULL2310,2020-03-14,CEEPRAZOL 20MG,-4.5,3300,-14850,0,-14850,590,-2655,-12195
Cam Sur,PULL2310,2020-03-14,ANGEL-50 50MG,-0.28,400,-112,0,-112,117.2,-32.82,-79.18
Cam Sur,PULL2310,2020-03-14,INTRAPLEM 500MG,-1,1800,-1800,0,-1800,280,-280,-1520
Cam Sur,PULL2310,2020-03-14,SOLVASC 5MG,-1.03,750,-772.5,0,-772.5,383.95,-395.47,-377.03
Cam Sur,PULL2310,2020-03-14,CLOMEP 75MG TAB,-0.8,1350,-1080,0,-1080,112,-89.6,-990.4
Cam Sur,PULL2310,2020-03-14,ZEGECEF 250MG/5ML SUS,-19,400,-7600,0,-7600,139.45,-2649.55,-4950.45
Cam Sur,PULL2310,2020-03-14,GLOVEDOL 6.25MG,-8.3,585,-4855.5,0,-4855.5,83.5,-693.05,-4162.45
Cam Sur,PULL2310,2020-03-14,SUSTACHLOR 125MG/5ML,-1.78,650,-1157,0,-1157,46.79,-83.29,-1073.71
Cam Sur,21329,2020-03-07,EUROXONE 1G,10,400,4000,0,4000,73,730,3270
Cam Sur,21330,2020-03-07,LACTAMOX 500MG/125MG TAB,5,2880,14400,4320,10080,1173.5,5867.5,4212.5
Cam Sur,21331,2020-03-07,SUSTACHLOR 125MG/5ML,2,955,1910,0,1910,46.79,93.58,1816.42
Cam Sur,21324,2020-02-29,DOLO JAGA 500MG/50MG/100MG/100MCG,4,1250,5000,0,5000,615,2460,2540
Cam Sur,21326,2020-02-29,DOLO JAGA 500MG/50MG/100MG/100MCG,2,1800,3600,1080,2520,615,1230,1290
Cam Sur,21328,2020-02-29,DOLO JAGA 500MG/50MG/100MG/100MCG,2,1100,2200,0,2200,615,1230,970
Cam Sur,21311,2020-02-15,LACTAMOX 125MG/31.25MG/5ML,15,310,4650,0,4650,93.63,1404.5,3245.5
Cam Sur,21311,2020-02-15,LACTAMOX 250MG/62.5MG/5ML,15,450,6750,0,6750,129.7,1945.5,4804.5
Cam Sur,21311,2020-02-15,LACTAMOX 500MG/125MG TAB,3.42,3000,10250,0,10250,1173.5,4009.46,6240.54
Cam Sur,21311,2020-02-15,HISTARIL 1MG/50MG/5ML SYR,18,88,1584,0,1584,24.47,440.46,1143.54
Cam Sur,21311,2020-02-15,HISTARIL 2MG/100MG CAP,2.42,800,1936,0,1936,225,544.5,1391.5
Cam Sur,21311,2020-02-15,COZOLE 200MG/40MG/5ML,5,108,540,0,540,32.4,162,378
Cam Sur,21311,2020-02-15,ZETIFEN 250MG/5ML SYR,8,98,784,0,784,35.12,280.92,503.08
Cam Sur,21311,2020-02-15,MONILIASOL 500MG,0.59,800,472,0,472,240,141.6,330.4
Cam Sur,21311,2020-02-15,DOLO JAGA 500MG/50MG/100MG/100MCG,2.33,1800,4194,0,4194,615,1432.95,2761.05
Cam Sur,21311,2020-02-15,CEFZIME 750MG,1.5,4000,6000,0,6000,780,1170,4830
Cam Sur,21311,2020-02-15,EUROGYL 5MG/ML (500MG/100ML),6,120,720,0,720,23,138,582
Cam Sur,21311,2020-02-15,BROADMETZ 125MG/5ML,11,78,858,0,858,36,396,462
Cam Sur,21312,2020-02-15,MULTI GROW 120ML,12,250,3000,0,3000,83.33,1000,2000
Cam Sur,21312,2020-02-15,JAGA 300MG/100MG/100MCG,0.98,1600,1568,0,1568,530,519.4,1048.6
Cam Sur,21312,2020-02-15,CENDALEX 125MG/5ML SUS,15,98,1470,0,1470,35,525,945
Cam Sur,21312,2020-02-15,CENDALEX 250MG/5ML SUS,1,125,125,0,125,59.57,59.57,65.43
Cam Sur,21312,2020-02-15,CENDALEX 500MG CAP,0.9,900,810,0,810,211.65,190.49,619.51
Cam Sur,21312,2020-02-15,CENDALEX 100MG/ML DROPS,22,88,1936,0,1936,23.25,511.5,1424.5
Cam Sur,21312,2020-02-15,LEIVICLOX 250MG SUS,7,282,1974,0,1974,68,476,1498
Cam Sur,21312,2020-02-15,MONILIASOL 125MG/5ML,17,80,1360,0,1360,36.76,624.96,735.04
Cam Sur,21312,2020-02-15,ZETIFEN 100MG/ML DROPS,25,68,1700,0,1700,29.45,736.33,963.67
Cam Sur,21312,2020-02-15,ENERGEL SOFTGEL,1.28,1950,2502.5,0,2502.5,565.13,725.25,1777.25
Cam Sur,21312,2020-02-15,BERCEF 50MG/ML DROPS,11,175,1925,0,1925,42,462,1463
Cam Sur,21313,2020-02-15,CINNABLOC 25MG,0.16,500,80,0,80,133,21.28,58.72
Cam Sur,21313,2020-02-15,CORSTAPH 500MG,2.89,1800,5202,0,5202,435,1257.15,3944.85
Cam Sur,21313,2020-02-15,NERVAPLEX 500MG,0.36,1800,648,0,648,615,221.4,426.6
Cam Sur,21313,2020-02-15,ORNEXIN 325MG/10MG/5MG,3,135,405,0,405,53.05,159.15,245.85
Cam Sur,21313,2020-02-15,CEPROTRON 500MG,1.64,1750,2870,0,2870,533.33,874.67,1995.33
Cam Sur,21313,2020-02-15,SUSTACHLOR 125MG/5ML,9,120,1080,0,1080,46.79,421.11,658.89
Cam Sur,21313,2020-02-15,BERCEF 250MG/5ML SUS,25,400,10000,0,10000,148,3700,6300
Cam Sur,21313,2020-02-15,XELOR 125MG/5ML SUS,30,175,5250,0,5250,89.54,2686.2,2563.8
Cam Sur,21313,2020-02-15,AMOLTEX 2MG TAB,1.78,550,979,0,979,85,151.3,827.7
Cam Sur,21313,2020-02-15,CENDALEX 100MG/ML DROPS,22,75,1650,0,1650,23.25,511.5,1138.5
Cam Sur,21313,2020-02-15,RANIREX 25MG/ML,10,78,780,0,780,31.5,315,465
Cam Sur,21314,2020-02-15,PHYTOMET 10MG,0.6,800,480,0,480,164.64,98.78,381.22
Cam Sur,21314,2020-02-15,FEVERCARE 300MG/2ML,5,485,2425,0,2425,39.8,199,2226
Cam Sur,21314,2020-02-15,BICOTEX,3.4,600,2040,0,2040,125,425,1615
Cam Sur,21314,2020-02-15,DULAX 3.35MG,2,285,570,0,570,98,196,374
Cam Sur,21314,2020-02-15,BROADMETZ 100MG/ML,18,60,1080,0,1080,31.06,559.08,520.92
Cam Sur,21314,2020-02-15,KLARITHIX 500MG TAB,1.13,1260,1428,0,1428,225,255,1173
Cam Sur,21314,2020-02-15,STEEROMETZ 5MG,0.88,400,352,0,352,104.5,91.96,260.04
Cam Sur,21314,2020-02-15,VOXOLL 15MG/5ML SYR,8,95,760,0,760,23,184,576
Cam Sur,21314,2020-02-15,INHIBITA 40MG,1.7,1120,1904,0,1904,89.05,151.39,1752.6100000000001
Cam Sur,21314,2020-02-15,ZETIFEN 500MG,1.76,550,968,0,968,104.58,184.06,783.94
Cam Sur,21314,2020-02-15,CEFUSAPH,1.19,5950,7080.5,0,7080.5,156.92,186.73,6893.77
Cam Sur,21315,2020-02-15,METSIL 10MG,9.8,500,4900,0,4900,35,343,4557
Cam Sur,21315,2020-02-15,CLOVAS 75MG,0.97,975,942.49,0,942.49,403.2,389.76,552.73
Cam Sur,21315,2020-02-15,METREX 10MG,1,500,500,0,500,35,35,465
Cam Sur,21315,2020-02-15,CEEPRAZOL 20MG,4.5,3300,14850,0,14850,590,2655,12195
Cam Sur,21315,2020-02-15,ANGEL-50 50MG,0.28,400,112,0,112,117.2,32.82,79.18
Cam Sur,21315,2020-02-15,INTRAPLEM 500MG,1,1800,1800,0,1800,280,280,1520
Cam Sur,21315,2020-02-15,SOLVASC 5MG,1.03,750,772.5,0,772.5,383.95,395.47,377.03
Cam Sur,21315,2020-02-15,CLOMEP 75MG TAB,0.8,1350,1080,0,1080,112,89.6,990.4
Cam Sur,21315,2020-02-15,ZEGECEF 250MG/5ML SUS,19,400,7600,0,7600,139.45,2649.55,4950.45
Cam Sur,21315,2020-02-15,GLOVEDOL 6.25MG,8.3,576,4780.8,0,4780.8,83.5,693.05,4087.75
Cam Sur,21316,2020-02-15,SURITRAM,2.54,1980,5029.2,0,5029.2,135,342.9,4686.3
Cam Sur,21318,2020-02-15,ANGEL-50 50MG,3,550,1650,0,1650,117.2,351.6,1298.4
Cam Sur,21318,2020-02-15,ZELEX 200MG,2,3250,6500,0,6500,750,1500,5000
Cam Sur,21318,2020-02-15,METMIC 500MG,1,550,550,0,550,227.5,227.5,322.5
Cam Sur,21318,2020-02-15,CENDALEX 125MG/5ML SUS,12,100,1200,0,1200,35,420,780
Cam Sur,21318,2020-02-15,CENDALEX 250MG/5ML SUS,12,125,1500,0,1500,59.57,714.8,785.2
Cam Sur,21319,2020-02-15,ANGEL-50 50MG,2,550,1100,0,1100,117.2,234.4,865.6
Cam Sur,21319,2020-02-15,CLOVAS 75MG,2,975,1950,0,1950,403.2,806.4,1143.6
Cam Sur,21323,2020-02-15,POPICIN,1,1200,1200,0,1200,75,75,1125
Cam Sur,21320,2020-02-15,JAGA 300MG/100MG/100MCG,3,1600,4800,1440,3360,530,1590,1770
Cam Sur,21321,2020-02-15,HEMOBAS 500MG/5ML,0.5,700,350,0,350,207.5,103.75,246.25
Cam Sur,21322,2020-02-15,SANTON 50MG,1,5990,5990,0,5990,3000,3000,2990
Cam Sur,21315,2020-02-15,SUSTACHLOR 500MG,1.78,650,1157,0,1157,447.5,796.55,360.45000000000005
Cam Sur,21321,2020-02-15,HYPHEN 50mg,1,1200,1200,0,1200,150.89,150.89,1049.1100000000001
Cam Sur,21321,2020-02-15,AMPICARE 500MG/250MG,1,5750,5750,0,5750,350,350,5400
Cam Sur,21321,2020-02-15,PHYTOMEN 10MG/ML,1,655,655,0,655,183,183,472
Cam Sur,21317,2020-02-08,DOLO JAGA 500MG/50MG/100MG/100MCG,6,1100,6600,0,6600,615,3690,2910
Cam Sur,21309,2020-02-08,LACTAMOX 500MG/125MG TAB,3,2880,8640,2592,6048,1173.5,3520.5,2527.5
Cam Sur,21306,2020-02-08,ZEGECEF 250MG/5ML SUS,24,450,10800,0,10800,139.45,3346.8,7453.2
Cam Sur,21310,2020-02-08,LACTAMOX 500MG/125MG TAB,2,2880,5760,0,5760,1173.5,2347,3413
Cam Sur,21308,2020-02-08,BUTADIL 2MG/5ML,15,85,1275,0,1275,25.14,377.03,897.97
Cam Sur,16091,2020-02-08,JAGAPLEX SYR 120ML,5,175,875,0,875,35.9,179.5,695.5
Cam Sur,21304,2020-01-31,HISTARIL 1MG/50MG/5ML SYR,20,88,1760,0,1760,24.47,489.4,1270.6
Cam Sur,21304,2020-01-31,HISTARIL 2MG/100MG CAP,2,800,1600,0,1600,225,450,1150
Cam Sur,21305,2020-01-31,NERVAPLEX 500MG,2,1800,3600,0,3600,615,1230,2370
Cam Sur,21307,2020-01-31,DOLO JAGA 500MG/50MG/100MG/100MCG,4,1100,4400,0,4400,615,2460,1940
Cam Sur,21303,2020-01-18,LACTAMOX 500MG/125MG TAB,2,3000,6000,0,6000,1173.5,2347,3653
Cam Sur,21303,2020-01-18,CENDALEX 500MG CAP,1,900,900,0,900,211.65,211.65,688.35
Cam Sur,21303,2020-01-18,FEVERCARE 300MG/2ML,5,485,2425,0,2425,39.8,199,2226
Cam Sur,21302,2020-01-18,MONILIASOL 125MG/5ML,20,75,1500,0,1500,36.76,735.25,764.75
Cam Sur,21302,2020-01-18,HISTARIL 2MG/100MG CAP,2,800,1600,0,1600,225,450,1150
Cam Sur,21302,2020-01-18,ZETIFEN 500MG,2,550,1100,0,1100,104.58,209.16,890.84
Cam Sur,21302,2020-01-18,CENDALEX 250MG/5ML SUS,12,125,1500,0,1500,59.57,714.8,785.2
Cam Sur,21302,2020-01-18,BROADMETZ 250MG/5ML,12,98,1176,0,1176,40.25,483.04,692.96
Cam Sur,21302,2020-01-18,SOLVASC 5MG,2,750,1500,0,1500,383.95,767.89,732.11
Cam Sur,21302,2020-01-18,HISTARIL 1MG/50MG/5ML SYR,20,88,1760,0,1760,24.47,489.4,1270.6
Cam Sur,21302,2020-01-18,ENERGEL SOFTGEL,1,1950,1950,0,1950,565.13,565.13,1384.87
Cam Sur,21302,2020-01-18,ANGEL-50 50MG,2,550,1100,0,1100,117.2,234.4,865.6
Cam Sur,21302,2020-01-18,LACTAMOX 125MG/31.25MG/5ML,12,310,3720,0,3720,93.63,1123.6,2596.4
Cam Sur,21302,2020-01-18,CEPROTRON 500MG,2,1750,3500,0,3500,533.33,1066.67,2433.33
Cam Sur,21302,2020-01-18,METSIL 10MG,10,500,5000,0,5000,35,350,4650
Cam Sur,21301,2020-01-18,DOLO JAGA 500MG/50MG/100MG/100MCG,8,1100,8800,0,8800,615,4920,3880
Cavite,22032,2020-12-16,HYCLENS WOUND SPRAY 60ML.,12,229.32,2751.84,0,2751.84,137.15,1645.82,1106.0200000000002
Cavite,22033,2020-12-16,AZICARE 500MG TAB,0.33,6412.5,2137.29,0,2137.29,523.33,174.43,1962.86
Cavite,22033,2020-12-16,SAPHLECOX 200MG,2,1395,2790,0,2790,180.5,361,2429
Cavite,22033,2020-12-16,CORBAL 100MG,10,900,9000,0,9000,187.4,1874.02,7125.98
Cavite,22031,2020-12-16,MERAZOL 40MG,5,1800,9000,0,9000,260,1300,7700
Cavite,22026,2020-12-16,VONWELT Hyoscine Methbro,1,1500,1500,0,1500,295,295,1205
Cavite,22023,2020-11-30,SITIXON 1G,40,380,15200,3800,11400,26.6,1064,10336
Cavite,22021,2020-11-30,ANTIZOAL 5MG/ML,50,90,4500,0,4500,22.19,1109.67,3390.33
Cavite,22021,2020-11-30,SAPHLECOX 200MG,2,1395,2790,0,2790,180.5,361,2429
Cavite,22025,2020-11-30,HYPHEN 50mg,2,937.5,1875,0,1875,150.89,301.79,1573.21
Cavite,22025,2020-11-30,CARDIZAR 50MG,2,350,700,0,700,142.86,285.72,414.28
Cavite,22025,2020-11-30,CATAMED 75MCG TAB,2,731.25,1462.5,0,1462.5,463,926,536.5
Cavite,22020,2020-11-13,HYCLENS WOUND SPRAY 60ML.,24,229.32,5503.68,0,5503.68,137.15,3291.65,2212.03
Cavite,22019,2020-11-13,MERAZOL 40MG,5,1800,9000,0,9000,260,1300,7700
Cavite,22018,2020-11-07,HYCLENS WOUND SPRAY 60ML.,12,229.32,2751.84,0,2751.84,137.15,1645.82,1106.0200000000002
Cavite,22016,2020-10-30,TERMAGEN 100MG/ML,24,85.5,2052,0,2052,67.09,1610.16,441.8399999999999
Cavite,22012,2020-10-26,ATOVAS 80MG,5,900,4500,0,4500,241.58,1207.88,3292.12
Cavite,22015,2020-10-26,CORBAL 100MG,10,900,9000,0,9000,187.4,1874.02,7125.98
Cavite,22014,2020-10-26,CATAMED 75MCG TAB,1,731.25,731.25,0,731.25,463,463,268.25
Cavite,22014,2020-10-26,MONILIASOL 500MG,2,585,1170,0,1170,240,480,690
Cavite,22014,2020-10-26,DOPNAX 40mg,10,551.25,5512.5,0,5512.5,320,3200,2312.5
Cavite,22009,2020-10-20,MERAZOL 40MG,5,1800,9000,0,9000,260,1300,7700
Cavite,22007,2020-10-20,SAPHLECOX 200MG,1,1395,1395,0,1395,180.5,180.5,1214.5
Cavite,22007,2020-10-20,DEXAMAX 4MG,5,688.12,3440.6,0,3440.6,71,355,3085.6
Cavite,22003,2020-10-12,ANTIZOAL 5MG/ML,50,90,4500,0,4500,22.19,1109.67,3390.33
Cavite,22002,2020-10-12,RENOKET 600MG,9,4800,43200,0,43200,2269.25,20423.25,22776.75
Cavite,22005,2020-10-12,HYCLENS GARGLE 120ML,12,202.4,2428.8,0,2428.8,88,1056,1372.8000000000002
Cavite,22001,2020-10-02,MERAZOL 40MG,5,1800,9000,0,9000,260,1300,7700
Cavite,21999,2020-10-02,VONWELT Hyoscine Methbro,1,1500,1500,0,1500,295,295,1205
Cavite,21999,2020-10-02,CINNABLOC 25MG,1,225,225,0,225,133,133,92
Cavite,21999,2020-10-02,PROMETIN,2,337.5,675,0,675,55.25,110.5,564.5
Cavite,21999,2020-10-02,DOPABAS 40MG/ML,2,1102.5,2205,0,2205,510,1020,1185
Cavite,21995,2020-09-28,HYCLENS WOUND SPRAY 1Gallon,1,2948.4,2948.4,0,2948.4,1474.2,1474.2,1474.2
Cavite,21995,2020-09-28,HYCLENS GARGLE 120ML,10,176,1760,0,1760,88,880,880
Cavite,21998,2020-09-28,MERAZOL 40MG,3,1800,5400,0,5400,260,780,4620
Cavite,21994,2020-09-28,SITIXON 1G,40,380,15200,3800,11400,26.6,1064,10336
Cavite,21993,2020-09-28,SAPHLECOX 200MG,2,1395,2790,0,2790,180.5,361,2429
Cavite,21993,2020-09-28,CARDIZAR 50MG,2,350,700,0,700,142.86,285.72,414.28
Cavite,21993,2020-09-28,ANTIZOAL 5MG/ML,50,90,4500,0,4500,22.19,1109.67,3390.33
Cavite,21992,2020-09-28,SITIXON 1G,50,80,4000,0,4000,26.6,1330,2670
Cavite,21992,2020-09-28,ESSPRIN ADULT 20ML,20,420,8400,0,8400,210,4200,4200
Cavite,21991,2020-09-28,CORBAL 100MG,10,900,9000,0,9000,187.4,1874.02,7125.98
Cavite,21988,2020-09-11,ANTITET 1500iu,10,1873.5,18735,0,18735,580,5800,12935
Cavite,21987,2020-09-11,ANTIZOAL 5MG/ML,50,90,4500,0,4500,22.19,1109.67,3390.33
Cavite,21987,2020-09-11,MERAZOL 40MG,5,1800,9000,0,9000,260,1300,7700
Cavite,21990,2020-09-11,AZICARE 500MG TAB,1,2150,2150,0,2150,523.33,523.33,1626.67
Cavite,21989,2020-09-11,MONILIASOL 125MG/5ML,12,84,1008,0,1008,36.76,441.15,566.85
Cavite,21983,2020-09-07,METSIL 10MG,2,187.5,375,0,375,35,70,305
Cavite,21983,2020-09-07,AZICARE 500MG TAB,0.33,6412.5,2137.5,0,2137.5,523.33,174.44,1963.06
Cavite,21983,2020-09-07,ANTITET 1500iu,10,1837.5,18375,0,18375,580,5800,12575
Cavite,21985,2020-09-07,LIFERZIN 250MG,2,900,1800,0,1800,120,240,1560
Cavite,21978,2020-08-21,CARDOWIN 1MG,15,970,14550,0,14550,270.71,4060.71,10489.29
Cavite,21982,2020-08-21,SITIXON 1G,40,380,15200,3800,11400,26.6,1064,10336
Cavite,21977,2020-08-17,CARDOWIN 1MG,15,970,14550,0,14550,270.71,4060.71,10489.29
Cavite,21959,2020-08-17,ZINACARE 750MG W/O DILUENT,40,280,11200,0,11200,15.25,610,10590
Cavite,21965,2020-08-17,MERAZOL 40MG,2,2300,4600,0,4600,260,520,4080
Cavite,21971,2020-08-17,CEFZOX 1G VIAL W/ DILUENT,30,150,4500,0,4500,22.5,675,3825
Cavite,21974,2020-08-17,GYNE-TOCIN 10IU/ML,10,750,7500,0,7500,83.21,832.11,6667.89
Cavite,21974,2020-08-17,ANTITET 1500iu,10,1837.5,18375,0,18375,580,5800,12575
Cavite,21976,2020-08-17,MERAZOL 40MG,5,1800,9000,0,9000,260,1300,7700
Cavite,21975,2020-08-17,CEFOPTI 750MG,5,700,3500,0,3500,155,775,2725
Cavite,21975,2020-08-17,CORBAL 100MG,10,900,9000,0,9000,187.4,1874.02,7125.98
Cavite,21972,2020-08-17,SITIXON 1G,50,285,14250,0,14250,26.6,1330,12920
Cavite,21969,2020-08-17,METMIC 500MG,3,570,1710,0,1710,227.5,682.5,1027.5
Cavite,21969,2020-08-17,MERAZOL 40MG,5,1800,9000,0,9000,260,1300,7700
Cavite,21963,2020-08-17,SITIXON 1G,50,80,4000,0,4000,26.6,1330,2670
Cavite,21964,2020-08-17,SITIXON 1G,50,80,4000,0,4000,26.6,1330,2670
Cavite,21973,2020-08-17,BUPIRIGHT 1'S VIALS,20,450,9000,0,9000,209,4180,4820
Cavite,21957,2020-07-31,ANTIZOAL 5MG/ML,50,90,4500,0,4500,22.19,1109.67,3390.33
Cavite,21957,2020-07-31,CYFROX 500MG,2,1312.5,2625,0,2625,205.33,410.67,2214.33
Cavite,21958,2020-07-31,MERAZOL 40MG,5,1800,9000,0,9000,260,1300,7700
Cavite,21958,2020-07-31,CORBAL 100MG,10,900,9000,0,9000,187.4,1874.02,7125.98
Cavite,21955,2020-07-31,GYNE-TOCIN 10IU/ML,5,750,3750,0,3750,83.21,416.06,3333.94
Cavite,21953,2020-07-31,DEXAMAX 4MG,3,688.12,2064.36,0,2064.36,71,213,1851.3600000000001
Cavite,21953,2020-07-31,SAPHLECOX 200MG,2,1395,2790,0,2790,180.5,361,2429
Cavite,21952,2020-07-31,ANTITET 1500iu,10,1837.5,18375,0,18375,580,5800,12575
Cavite,21954,2020-07-31,LACTAMOX 500MG/125MG TAB,6,3500,21000,0,21000,1173.5,7041,13959
Cavite,21968,2020-07-31,HYCLENS WOUND SPRAY 1Gallon,2,2948.4,5896.8,0,5896.8,1474.2,2948.4,2948.4
Cavite,21962,2020-07-31,BUDESON 250MCG/ML (500MCG/2ML),1,4245,4245,0,4245,692.5,692.5,3552.5
Cavite,21962,2020-07-31,SALRESP,1,1050,1050,0,1050,448.89,448.89,601.11
Cavite,21700,2020-07-18,MERAZOL 40MG,4,2300,9200,0,9200,260,1040,8160
Cavite,21692,2020-07-18,METMIC 500MG,3,570,1710,0,1710,227.5,682.5,1027.5
Cavite,21692,2020-07-18,CORSTAPH 500MG,5,1050,5250,0,5250,435,2175,3075
Cavite,21951,2020-07-18,PHYTOMEN 10MG/ML,2,585,1170,0,1170,183,366,804
Cavite,21951,2020-07-18,FUROXIDE 10MG/2ML,5,280,1400,0,1400,64.5,322.5,1077.5
Cavite,21951,2020-07-18,DOPABAS 40MG/ML,5,1102.5,5512.5,0,5512.5,510,2550,2962.5
Cavite,21695,2020-07-18,ZINACARE 750MG W/O DILUENT,20,180,3600,0,3600,15.25,305,3295
Cavite,21696,2020-07-18,ANTIZOAL 5MG/ML,50,90,4500,0,4500,22.19,1109.67,3390.33
Cavite,21689,2020-07-18,AZICARE 500MG TAB,1,2137.5,2137.5,0,2137.5,523.33,523.33,1614.17
Cavite,21694,2020-07-18,MERAZOL 40MG,5,1800,9000,0,9000,260,1300,7700
Cavite,21698,2020-07-18,CYFROX 500MG,1,1750,1750,437.5,1312.5,205.33,205.33,1107.17
Cavite,21956,2020-07-18,SITIXON 1G,20,380,7600,1900,5700,26.6,532,5168
Cavite,21684,2020-06-30,SHARJVAX,9,900,8100,0,8100,543.43,4890.86,3209.1400000000003
Cavite,21686,2020-06-30,COMOX 625MG,1,3900,3900,975,2925,1173.6,1173.6,1751.4
Cavite,21688,2020-06-30,SITIXON 1G,20,380,7600,1900,5700,26.6,532,5168
Cavite,21685,2020-06-30,ALPHARES 75MCG,3,2068.88,6206.64,0,6206.64,885,2655,3551.6400000000003
Cavite,21681,2020-06-20,HYCLENS OB WASH ANTISEPTIC,10,277.2,2772,0,2772,138.6,1386,1386
Cavite,21681,2020-06-20,HYCLENS 0.12% GARGLE 60ML,10,176,1760,0,1760,65,650,1110
Cavite,21678,2020-06-20,GLOTREX 500MG/5ML,10,262.5,2625,0,2625,125,1250,1375
Cavite,21678,2020-06-20,CORBAL 100MG,10,900,9000,0,9000,187.4,1874.02,7125.98
Cavite,21677,2020-06-20,SITIXON 1G,20,380,7600,1900,5700,26.6,532,5168
Cavite,21683,2020-06-20,CORBAL 100MG,1,900,900,0,900,187.4,187.4,712.6
Cavite,21683,2020-06-20,CORBAL 100MG,1,1200,1200,0,1200,187.4,187.4,1012.6
Cavite,21680,2020-06-20,HYCLENS WOUND SPRAY 1Gallon,1,2948.4,2948.4,0,2948.4,1474.2,1474.2,1474.2
Cavite,21662,2020-06-06,FUROXIDE 10MG/2ML,5,280,1400,0,1400,64.5,322.5,1077.5
Cavite,21662,2020-06-06,MECID 500MG,3,570,1710,0,1710,77,231,1479
Cavite,21669,2020-06-06,DOXOFAR 400MG TAB,1,900,900,0,900,320,320,580
Cavite,21669,2020-06-06,SITIXON 1G,50,285,14250,0,14250,26.6,1330,12920
Cavite,21668,2020-06-06,HYCLENS WOUND SPRAY 1Gallon,1,2948.4,2948.4,0,2948.4,1474.2,1474.2,1474.2
Cavite,21674,2020-06-06,ZINACARE 750MG W/O DILUENT,20,180,3600,0,3600,15.25,305,3295
Cavite,21674,2020-06-06,MERAZOL 40MG,2,2300,4600,0,4600,260,520,4080
Cavite,21674,2020-06-06,HYCLENS WOUND SPRAY 60ML.,6,269.79,1618.74,0,1618.74,137.15,822.91,795.83
Cavite,21665,2020-06-06,ANEROCIN 300MG,2,3000,6000,0,6000,919.67,1839.33,4160.67
Cavite,21671,2020-06-06,SITIXON 1G,50,80,4000,0,4000,26.6,1330,2670
Cavite,21672,2020-06-06,SITIXON 1G,50,80,4000,0,4000,26.6,1330,2670
Cavite,21663,2020-05-23,CEPROTRON 500MG,1,1750,1750,437.5,1312.5,533.33,533.33,779.17
Cavite,21663,2020-05-23,COMOX 625MG,1,3900,3900,975,2925,1173.6,1173.6,1751.4
Cavite,21653,2020-05-23,TRIVASC 35MG MR,2,1425,2850,0,2850,490,980,1870
Cavite,21657,2020-05-23,ESSPRIN ADULT 20ML,50,420,21000,0,21000,210,10500,10500
Cavite,21661,2020-05-23,MERAZOL 40MG,5,1800,9000,0,9000,260,1300,7700
Cavite,21661,2020-05-23,CORBAL 100MG,100,90,9000,0,9000,187.4,18740.16,-9740.16
Cavite,21659,2020-05-23,PHYTOMEN 10MG/ML,2,585,1170,0,1170,183,366,804
Cavite,21660,2020-05-23,PHYTOMEN 10MG/ML,3,585,1755,0,1755,183,549,1206
Cavite,21660,2020-05-23,METREX 10MG,5,187.5,937.5,0,937.5,35,175,762.5
Cavite,21660,2020-05-23,DOLO JAGA 500MG/50MG/100MG/100MCG,1,1500,1500,0,1500,615,615,885
Cavite,21664,2020-05-23,HYCLENS WOUND SPRAY 1Gallon,1,2948.4,2948.4,0,2948.4,1474.2,1474.2,1474.2
Cavite,21664,2020-05-23,TEGUTECT DIGLUCONATE W/70% ALCOHOL 1GL,2,4690,9380,0,9380,2345,4690,4690
Cavite,21658,2020-05-09,SITIXON 1G,20,380,7600,1900,5700,26.6,532,5168
Cavite,21639,2020-05-09,VICEPHRIN 100MG/ML,15,80,1200,0,1200,34.24,513.53,686.47
Cavite,21639,2020-05-09,AMICARE 125MG/ML (250MG/2ML),3,1350,4050,0,4050,230,690,3360
Cavite,21639,2020-05-09,AMBIDOL 50MG/ML (100MG/2ML),4,900,3600,0,3600,142,568,3032
Cavite,21639,2020-05-09,ANEROCIN 300MG,1,2800,2800,0,2800,919.67,919.67,1880.33
Cavite,21615,2020-05-09,VONWELT CINNARIZINE 25MG,1,225,225,0,225,41.5,41.5,183.5
Cavite,21615,2020-05-09,DEXAMAX 4MG,1,688.12,688.12,0,688.12,71,71,617.12
Cavite,21615,2020-05-09,FEVERCARE 300MG/2ML,10,363.75,3637.5,0,3637.5,39.8,398,3239.5
Cavite,21620,2020-05-09,ANTIZOAL 5MG/ML,50,90,4500,0,4500,22.19,1109.67,3390.33
Cavite,21622,2020-05-09,FLACOXTO 200MG,2,1395,2790,0,2790,218.5,437,2353
Cavite,21622,2020-05-09,SAPHLOPID 75MG,1,723.21,723.21,0,723.21,133.33,133.33,589.88
Cavite,21626,2020-05-09,HYPHEN 50mg,5,937.5,4687.5,0,4687.5,150.89,754.46,3933.04
Cavite,21632,2020-05-09,SALRESP,5,1050,5250,0,5250,448.89,2244.44,3005.56
Cavite,21632,2020-05-09,MERAZOL 40MG,5,1800,9000,0,9000,260,1300,7700
Cavite,21640,2020-05-09,CORBAL 100MG,10,900,9000,0,9000,187.4,1874.02,7125.98
Cavite,21640,2020-05-09,CORSTAPH 500MG,2,1050,2100,0,2100,435,870,1230
Cavite,21645,2020-05-09,GYNE-TOCIN 10IU/ML,5,750,3750,0,3750,83.21,416.06,3333.94
Cavite,21652,2020-05-09,CYFROX 500MG,3,1312.5,3937.5,0,3937.5,205.33,616,3321.5
Cavite,21652,2020-05-09,CARDIZAR 50MG,3,350,1050,0,1050,142.86,428.58,621.4200000000001
Cavite,21655,2020-05-09,MERAZOL 40MG,5,1800,9000,0,9000,260,1300,7700
Cavite,21643,2020-04-30,AZICARE 500MG TAB,1,2150,2150,0,2150,523.33,523.33,1626.67
Cavite,21643,2020-04-30,HYCLENS 0.12% GARGLE 60ML,10,130,1300,0,1300,65,650,650
Cavite,21633,2020-04-30,HYCLENS 0.12% GARGLE 60ML,8,152.94,1223.52,0,1223.52,65,520,703.52
Cavite,21633,2020-04-30,HYCLENS GARGLE 120ML,2,202.4,404.8,0,404.8,88,176,228.8
Cavite,21651,2020-04-30,CARDOWIN 1MG,20,972,19440,0,19440,270.71,5414.29,14025.71
Cavite,21651,2020-04-30,INHIBITA 40MG,4,800,3200,0,3200,89.05,356.2,2843.8
Cavite,21644,2020-04-30,HYCLENS 0.12% GARGLE 60ML,20,152.94,3058.8,0,3058.8,65,1300,1758.8000000000002
Cavite,21644,2020-04-30,HYCLENS GARGLE 120ML,12,202.4,2428.8,0,2428.8,88,1056,1372.8000000000002
Cavite,21621,2020-03-28,LACTAMOX 250MG/62.5MG/5ML,15,247.5,3712.5,0,3712.5,129.7,1945.5,1767
Cavite,21618,2020-03-28,DEXAMAX 4MG,5,688.12,3440.6,0,3440.6,71,355,3085.6
Cavite,21617,2020-03-28,HYCLENS WOUND SPRAY 1Gallon,1,2948.4,2948.4,0,2948.4,1474.2,1474.2,1474.2
Cavite,21616,2020-03-28,SITIXON 1G,20,380,7600,1900,5700,26.6,532,5168
Cavite,21611,2020-03-28,AZICARE 500MG TAB,1,2137.5,2137.5,0,2137.5,523.33,523.33,1614.17
Cavite,21611,2020-03-28,METOCLOR 5MG/ML,7,187.5,1312.5,0,1312.5,4.5,31.5,1281
Cavite,21613,2020-03-28,MERAZOL 40MG,5,1800,9000,0,9000,260,1300,7700
Cavite,21613,2020-03-28,CORBAL 100MG,5,900,4500,0,4500,187.4,937.01,3562.99
Cavite,21610,2020-03-28,ANEROCIN 300MG,3,3800,11400,3420,7980,919.67,2759,5221
Cavite,21610,2020-03-28,MAXXIVIT PLUS,3,1400,4200,1260,2940,517.33,1552,1388
Cavite,21623,2020-03-28,BUDESON 250MCG/ML (500MCG/2ML),1,4245,4245,0,4245,692.5,692.5,3552.5
Cavite,21612,2020-03-28,LACTAMOX 500MG/125MG TAB,6,3000,18000,0,18000,1173.5,7041,10959
Cavite,21624,2020-03-28,ESSPRIN ADULT 20ML,12,420,5040,0,5040,210,2520,2520
Cavite,21637,2020-03-28,MERAZOL 40MG,5,1580,7900,0,7900,260,1300,6600
Cavite,21637,2020-03-28,SITIXON 1G,50,80,4000,0,4000,26.6,1330,2670
Cavite,21637,2020-03-28,DALAMYCIN 150 MG,5,3000,15000,0,15000,1007.5,5037.5,9962.5
Cavite,21635,2020-03-28,ESSPRIN ADULT 20ML,8,420,3360,0,3360,210,1680,1680
Cavite,21635,2020-03-28,ESSPRIN PEDIA 20ML,19,430,8170,0,8170,215,4085,4085
Cavite,21635,2020-03-28,HYCLENS WOUND SPRAY 60ML.,12,229.32,2751.84,0,2751.84,137.15,1645.82,1106.0200000000002
Cavite,21636,2020-03-28,MERAZOL 40MG,5,1580,7900,0,7900,260,1300,6600
Cavite,21636,2020-03-28,SITIXON 1G,5,800,4000,0,4000,26.6,133,3867
Cavite,21636,2020-03-28,METREX 10MG,3,234,702,0,702,35,105,597
Cavite,21638,2020-03-28,CARDOWIN 1MG,30,850,25500,0,25500,270.71,8121.43,17378.57
Cavite,21609,2020-03-07,NERVIN PLUS,4,1800,7200,2160,5040,450,1800,3240
Cavite,21607,2020-03-07,SITIXON 1G,50,80,4000,0,4000,26.6,1330,2670
Cavite,21606,2020-03-07,SITIXON 1G,50,80,4000,0,4000,26.6,1330,2670
Cavite,20942,2020-03-07,ANTIZOAL 5MG/ML,20,90,1800,0,1800,22.19,443.87,1356.13
Cavite,21603,2020-03-07,HYPRO 10MG/20ML,5,720,3600,0,3600,185,925,2675
Cavite,21604,2020-03-07,SITIXON 1G,10,380,3800,950,2850,26.6,266,2584
Cavite,21604,2020-03-07,AMPI-1,1,665,665,166.25,498.75,103.18,103.18,395.57
Cavite,21605,2020-03-07,HYCLENS GARGLE 120ML,3,176,528,0,528,88,264,264
Cavite,21602,2020-03-07,CORBAL 100MG,10,900,9000,0,9000,187.4,1874.02,7125.98
Cavite,20950,2020-03-07,CEPROTRON 500MG,2,1312.5,2625,0,2625,533.33,1066.67,1558.33
Cavite,21608,2020-03-07,ZETIFEN 100MG/ML DROPS,15,80,1200,0,1200,29.45,441.8,758.2
Cavite,20938,2020-02-15,CORBAL 100MG,10,900,9000,0,9000,187.4,1874.02,7125.98
Cavite,20947,2020-02-15,MERAZOL 40MG,5,1800,9000,0,9000,260,1300,7700
Cavite,20947,2020-02-15,FEVERCARE 300MG/2ML,9,363.75,3273.75,0,3273.75,39.8,358.2,2915.55
Cavite,20940,2020-02-15,GLOTREX 500MG/5ML,18,300,5400,0,5400,125,2250,3150
Cavite,20948,2020-02-15,LIFERZIN 250MG,50,360,18000,0,18000,120,6000,12000
Cavite,20949,2020-02-15,MERAZOL 40MG,5,2300,11500,0,11500,260,1300,10200
Cavite,20941,2020-02-15,HYCLENS WOUND SPRAY 1Gallon,1,2948.4,2948.4,0,2948.4,1474.2,1474.2,1474.2
Cavite,20945,2020-02-15,MULTI GROW OB PLUS,5,1450,7250,0,7250,487.5,2437.5,4812.5
Cavite,20944,2020-02-15,ANTIZOAL 5MG/ML,20,120,2400,0,2400,22.19,443.87,1956.13
Cavite,20923,2020-01-31,ZEGECEF 250MG/5ML SUS,21,250,5250,0,5250,139.45,2928.45,2321.55
Cavite,20920,2020-01-31,BUDESON 250MCG/ML (500MCG/2ML),3,3850,11550,0,11550,692.5,2077.5,9472.5
Cavite,20928,2020-01-31,MERAZOL 40MG,10,1800,18000,0,18000,260,2600,15400
Cavite,20928,2020-01-31,ANTIZOAL 5MG/ML,100,90,9000,0,9000,22.19,2219.33,6780.67
Cavite,20929,2020-01-31,MONILIASOL 125MG/5ML,25,112,2800,0,2800,36.76,919.06,1880.94
Cavite,20929,2020-01-31,CORBAL 100MG,10,900,9000,0,9000,187.4,1874.02,7125.98
Cavite,20934,2020-01-31,FUROXIDE 10MG/2ML,5,280,1400,0,1400,64.5,322.5,1077.5
Cavite,20922,2020-01-31,CEPROTRON 500MG,1,1312.5,1312.5,0,1312.5,533.33,533.33,779.17
Cavite,20922,2020-01-31,HYPHEN 50mg,3,937.5,2812.5,0,2812.5,150.89,452.68,2359.82
Cavite,20922,2020-01-31,CATAMED 75MCG TAB,3,731.25,2193.75,0,2193.75,463,1389,804.75
Cavite,20919,2020-01-31,CORBAL 100MG,5,900,4500,0,4500,187.4,937.01,3562.99
Cavite,20919,2020-01-31,MERAZOL 40MG,5,1800,9000,0,9000,260,1300,7700
Cavite,20921,2020-01-31,EXEL 100MG,10,1540,15400,0,15400,116.88,1168.75,14231.25
Cavite,20927,2020-01-31,TOSYLAM 750MG TAB,6,3500,21000,0,21000,1265,7590,13410
Cavite,20933,2020-01-31,GLOTREX 500MG/5ML,20,300,6000,0,6000,125,2500,3500
Cavite,20926,2020-01-31,MERAZOL 40MG,5,1580,7900,0,7900,260,1300,6600
Cavite,20930,2020-01-30,HYCLENS WOUND SPRAY 60ML.,12,229.32,2751.84,0,2751.84,137.15,1645.82,1106.0200000000002
Equipment,MS00611,2020-08-17,UV LIGHT CZYD-ZW60WYKW 60w,1,65000,65000,0,65000,11999.75,11999.75,53000.25
Equipment,22053,2020-08-14,UV LIGHT POCKET STERILIZER,3,2200,6600,0,6600,1799.75,5399.25,1200.75
Equipment,22054,2020-08-14,UV LIGHT CZYD-ZW60WYKW 60w,1,65000,65000,0,65000,11999.75,11999.75,53000.25
Equipment,20598,2020-05-09,UV LIGHT,4,65000,260000,0,260000,25333.25,101333,158667
Equipment,20579,2020-02-08,IM 70 PATIENT MONITOR TOUCH SCREEN,1,340000,340000,0,340000,210000,210000,130000
Government,MS00689,2020-12-22,AMICARE 125MG/ML (250MG/2ML),10,1346,13460,0,13460,230,2300,11160
Government,MS00689,2020-12-22,ASCORGEN 500mg,50,500,25000,0,25000,245,12250,12750
Government,MS00689,2020-12-22,ATREX 1MG/ML,5,480,2400,0,2400,103.75,518.75,1881.25
Government,MS00689,2020-12-22,BUPIRIGHT 1'S VIALS,200,423,84600,0,84600,209,41800,42800
Government,MS00689,2020-12-22,EXEL 500MG CAP,50,1300,65000,0,65000,233.97,11698.57,53301.43
Government,MS00689,2020-12-22,AXIMEED 200mg,16.67,2430,40500,0,40500,493,8216.67,32283.33
Government,MS00689,2020-12-22,GENERIC CEFIXIME 20mg DROPS,72,250,18000,0,18000,60,4320,13680
Government,MS00689,2020-12-22,SQCEF 125MG,144,235,33840,0,33840,93,13392,20448
Government,MS00689,2020-12-22,REAX DROPS,72,158,11376,0,11376,22.17,1596,9780
Government,MS00689,2020-12-22,MEDRIZINE 5MG/5ML Syrup,144,245,35280,0,35280,25.5,3672,31608
Government,MS00689,2020-12-22,CLISTANEX 500mg,16.67,1680,28000,0,28000,340,5666.67,22333.33
Government,MS00689,2020-12-22,RAHMACIN 250mg,72,676.25,48690,0,48690,245,17640,31050
Government,MS00689,2020-12-22,CORSIN 300mg/2ml,150,470.25,70537.5,0,70537.5,109,16350,54187.5
Government,MS00689,2020-12-22,DALAMYCIN 150 MG,15,4702.5,70537.5,0,70537.5,1007.5,15112.5,55425
Government,MS00689,2020-12-22,SYDOGREL 75mg,40,2875,115000,0,115000,258,10320,104680
Government,MS00689,2020-12-22,HISTAMOX 50mg,5,300,1500,0,1500,110,550,950
Government,MS00689,2020-12-22,HYPHEN 50mg,420,174,73080,0,73080,150.89,63375,9705
Government,MS00689,2020-12-22,ACCEDOME 1MG/ML,144,140,20160,0,20160,45,6480,13680
Government,MS00689,2020-12-22,FEFOSAPH 300mg/250mg,46,375,17250,0,17250,44,2024,15226
Government,MS00689,2020-12-22,AMECIRON TABLET,4,375,1500,0,1500,65,260,1240
Government,MS00689,2020-12-22,SORBANCE 5MG,16.67,345,5750,0,5750,105,1750,4000
Government,MS00689,2020-12-22,NITROFIX SR 30MG,5,2225,11125,0,11125,470,2350,8775
Government,MS00689,2020-12-22,ZEYCO FD VIAL,2,1400,2800,0,2800,810,1620,1180
Government,MS00689,2020-12-22,GENERIC MEBENDAZOLE 100MG,36,65,2340,0,2340,18.5,666,1674
Government,MS00689,2020-12-22,MECID 500MG,50,1450,72500,0,72500,77,3850,68650
Government,MS00689,2020-12-22,CETHERGO 200MCG,10,4212.5,42125,0,42125,1250,12500,29625
Government,MS00689,2020-12-22,ERGON 125MCG,5,1000,5000,0,5000,138.04,690.2,4309.8
Government,MS00690,2020-12-22,MIROCID 5g,50,250,12500,0,12500,66.5,3325,9175
Government,MS00690,2020-12-22,OMEBLOC 20mg,10,2500,25000,0,25000,74.5,745,24255
Government,MS00690,2020-12-22,DEHYDROSOL 250ML,20,287.5,5750,0,5750,56,1120,4630
Government,MS00690,2020-12-22,AMBTOCYN 10iu,100,1000,100000,0,100000,68,6800,93200
Government,MS00701,2020-12-22,EXEL 100MG,10,1302.6,13026,0,13026,116.88,1168.75,11857.25
Government,MS00690,2020-12-22,BECOME PLEX,30,800,24000,0,24000,126,3780,20220
Government,MS00690,2020-12-22,SAPHORMIN 500MG,50,500,25000,0,25000,53.43,2671.43,22328.57
Government,MS00690,2020-12-22,PHILSTAT 20MG,30,1000,30000,0,30000,96,2880,27120
Government,MS00690,2020-12-22,ZEBET 80mg,5,900,4500,0,4500,230,1150,3350
Government,MS00690,2020-12-22,ANGEL-50 50MG,50,1300,65000,0,65000,117.2,5860,59140
Government,MS00688,2020-12-04,"BENEHEART R3, ECG MACHINE",1,180000,180000,0,180000,60000,60000,120000
Government,MS00663,2020-12-01,DUPHASTON 10mg,200,384,76800,0,76800,72.42,14484.5,62315.5
Government,MS00663,2020-12-01,EVAPROST 125MCG/ML,4,4800,19200,0,19200,1872,7488,11712
Government,MS00663,2020-12-01,GORIZINE 25mg,15,300,4500,0,4500,78,1170,3330
Government,MS00663,2020-12-01,CYFROX 500MG,4,1590,6360,0,6360,205.33,821.33,5538.67
Government,MS00663,2020-12-01,ZINACARE 750MG WITH DILUENT,1000,380,380000,0,380000,24,24000,356000
Government,MS00663,2020-12-01,DEXAMAX 4MG,10,1140,11400,0,11400,71,710,10690
Government,MS00663,2020-12-01,DOPABAS 40MG/ML,1,1500,1500,0,1500,510,510,990
Government,MS00663,2020-12-01,EPIX BY 10'S,10,860,8600,0,8600,211.7,2117,6483
Government,MS00663,2020-12-01,SOLVAPRINE 10MG,15,880,13200,0,13200,146.8,2202,10998
Government,MS00663,2020-12-01,LOCAINE 50ML,100,85,8500,0,8500,34.31,3431.06,5068.9400000000005
Government,MS00663,2020-12-01,BIOMEF 500MG TAB,10,1440,14400,0,14400,70,700,13700
Government,MS00663,2020-12-01,ANALMIN 500MG,6,1440,8640,0,8640,96,576,8064
Government,MS00663,2020-12-01,FULVIT 120ml,144,127,18288,0,18288,25,3600,14688
Government,MS00663,2020-12-01,GYNE-TOCIN 10IU/ML,10,1000,10000,0,10000,83.21,832.11,9167.89
Government,MS00663,2020-12-01,RANIREX 25MG/ML,50,750,37500,0,37500,31.5,1575,35925
Government,MS00663,2020-12-01,AGLOTAC 25MG/ML (50MG/2ML),50,150,7500,0,7500,58.07,2903.33,4596.67
Government,MS00663,2020-12-01,GLOVEDOL 6.25MG,3,1098,3294,0,3294,83.5,250.5,3043.5
Government,MS00663,2020-12-01,FENOFAST 200MG,10,999,9990,0,9990,270,2700,7290
Government,MS00686,2020-12-01,CEFZOX 1G VIAL W/ DILUENT,200,375,75000,0,75000,22.5,4500,70500
Government,MS00686,2020-12-01,CO-AMOXISAPH 250MG,1,24900,24900,0,24900,86.5,86.5,24813.5
Government,MS00686,2020-12-01,MEGYXAN 500MG CAP,60,650,39000,0,39000,82.75,4965,34035
Government,MS00686,2020-12-01,ZOLNEVAR 40mg,600,625,375000,0,375000,34,20400,354600
Government,MS00686,2020-12-01,PARASAPH 500MG,25,349,8725,0,8725,38.75,968.75,7756.25
Government,MS00674,2020-11-23,MERAZOL 40MG,70,3400,238000,0,238000,260,18200,219800
Government,MS00674,2020-11-23,EXEL 250MG/5ML SUS,288,80,23040,0,23040,24.25,6984,16056
Government,MS00674,2020-11-23,UNICLOX 500mg,100,798,79800,0,79800,218,21800,58000
Government,MS00674,2020-11-23,DEXAMAX 4MG,10,917,9170,0,9170,71,710,8460
Government,MS00674,2020-11-23,EPIX BY 10'S,10,860,8600,0,8600,211.7,2117,6483
Government,MS00674,2020-11-23,MIROCID 5g,240,250,60000,0,60000,66.5,15960,44040
Government,MS00674,2020-11-23,MUROPHAR,260,250,65000,0,65000,65,16900,48100
Government,MS00674,2020-11-23,BUPIRIGHT 1'S VIALS,10,3999,39990,0,39990,209,2090,37900
Government,MS00674,2020-11-23,GYNE-TOCIN 10IU/ML,80,999,79920,0,79920,83.21,6656.89,73263.11
Government,MS00674,2020-11-23,SILVEDEX 10mg,100,225,22500,0,22500,60.33,6033.33,16466.67
Government,MS00674,2020-11-23,GENTAM 40MG,80,496,39680,0,39680,50.42,4033.94,35646.06
Government,MS00674,2020-11-23,MECID 500MG,30,1449,43470,0,43470,77,2310,41160
Government,MS00674,2020-11-23,PLENACYL 600MG,17,358.16,6088.74,0,6088.74,90,1530,4558.74
Government,MS00674,2020-11-23,ULTREINAC 200mg,70,358.16,25071.26,0,25071.26,80,5600,19471.26
Government,MS00674,2020-11-23,CATAMED 75MCG TAB,20,2299,45980,0,45980,463,9260,36720
Government,MS00674,2020-11-23,FUROSE 10MG/ML,50,479,23950,0,23950,74.67,3733.33,20216.67
Government,MS00674,2020-11-23,CARDOWIN 1MG,108,1134,122472,0,122472,270.71,29237.14,93234.86
Government,MS00684,2020-11-21,PPE LAB.,600,1200,720000,0,720000,500,300000,420000
Government,MS00684,2020-11-21,DISPOSABLE GOWN,50,360,18000,0,18000,80,4000,14000
Government,MS00659,2020-11-21,BUPIRIGHT 1'S VIALS,30,799,23970,0,23970,209,6270,17700
Government,MS00659,2020-11-21,PHILCLOX 500MG,30,799,23970,0,23970,247.47,7424,16546
Government,MS00659,2020-11-21,DIACEF 250mg,144,80,11520,0,11520,26,3744,7776
Government,MS00659,2020-11-21,GORIZINE 25mg,3,300,900,0,900,78,234,666
Government,MS00659,2020-11-21,VERTEX 25mg,7,300,2100,0,2100,90,630,1470
Government,MS00659,2020-11-21,DEXAMAX 4MG,50,917,45850,0,45850,71,3550,42300
Government,MS00659,2020-11-21,EPIX BY 10'S,10,860,8600,0,8600,211.7,2117,6483
Government,MS00659,2020-11-21,METO 10mg,10,4680,46800,0,46800,332.5,3325,43475
Government,MS00659,2020-11-21,MICROSCOT 20mg,290,250,72500,0,72500,68.92,19985.83,52514.17
Government,MS00659,2020-11-21,MIROCID 5g,210,250,52500,0,52500,66.5,13965,38535
Government,MS00659,2020-11-21,FUROSE 10MG/ML,50,478,23900,0,23900,74.67,3733.33,20166.67
Government,MS00659,2020-11-21,CATAMED 75MCG TAB,10,2299,22990,0,22990,463,4630,18360
Government,MS00677,2020-11-21,AZICARE 500MG TAB,8,781.25,6250,0,6250,523.33,4186.67,2063.33
Government,MS00677,2020-11-21,MOXYLOR 250/5ML,82,85,6970,0,6970,16.5,1353,5617
Government,MS00677,2020-11-21,AXMEL 250MG/ML SUSP,17,85,1445,0,1445,15.25,259.25,1185.75
Government,MS00677,2020-11-21,TEMPAID 500mg,40,205,8200,0,8200,75,3000,5200
Government,MS00677,2020-11-21,BIOGIC 100MG DROPS,170,55,9350,0,9350,10.47,1779.33,7570.67
Government,MS00677,2020-11-21,MYREMOL 100mg DROPS,144,55,7920,0,7920,19,2736,5184
Government,MS00677,2020-11-21,AZICARE 500MG TAB,10,1125,11250,0,11250,523.33,5233.33,6016.67
Government,MS00677,2020-11-21,AZICARE 500MG TAB,10,650,6500,0,6500,523.33,5233.33,1266.67
Government,MS00677,2020-11-21,XOLFATRIM 400MG,10,85,850,0,850,20.75,207.5,642.5
Government,MS00677,2020-11-21,CLIN-GEN 300mg,20,345,6900,0,6900,360,7200,-300
Government,MS00677,2020-11-21,MONPHEVIN 200MG,21,150,3150,0,3150,35,735,2415
Government,MS00677,2020-11-21,IBUFEN 400MG TAB,7,285,1995,0,1995,64.17,449.19,1545.81
Government,MS00677,2020-11-21,INHIBITA 40MG,10,395,3950,0,3950,89.05,890.5,3059.5
Government,MS00677,2020-11-21,DEHYDROSOL 250ML,12,275,3300,0,3300,56,672,2628
Government,MS00677,2020-11-21,MULTILIVE,20,325,6500,0,6500,120,2400,4100
Government,MS00677,2020-11-21,MULTILEM 60ml,100,74,7400,0,7400,19,1900,5500
Government,MS00677,2020-11-21,APCEE 100MG/5ML,50,75,3750,0,3750,23.03,1151.67,2598.33
Government,MS00677,2020-11-21,FEFOSAPH 300mg/250mg,10,325,3250,0,3250,44,440,2810
Government,MS00677,2020-11-21,PYRAMIN 250MG SUS,34,130,4420,0,4420,68.5,2329,2091
Government,MS00677,2020-11-21,QUADMAX,14,1090,15260,0,15260,824,11536,3724
Government,MS00677,2020-11-21,SALRESP,3,1400,4200,0,4200,448.89,1346.67,2853.33
Government,MS00677,2020-11-21,NOBUTOL 2MG,40,60,2400,0,2400,12,480,1920
Government,MS00677,2020-11-21,AEROVENT 1MG/ML,4.67,1290,6020,0,6020,216.75,1011.5,5008.5
Government,MS00677,2020-11-21,MEDRIZINE 5MG/5ML Syrup,15,150,2250,0,2250,25.5,382.5,1867.5
Government,MS00677,2020-11-21,COTENACE 50mg,10,700,7000,0,7000,95,950,6050
Government,MS00677,2020-11-21,LOSARTRIXX 100mg,10,1145,11450,0,11450,230,2300,9150
Government,MS00678,2020-11-21,LODIPEX 10MG,15,650,9750,0,9750,56.75,851.25,8898.75
Government,MS00678,2020-11-21,PROMETIN,10,600,6000,0,6000,55.25,552.5,5447.5
Government,MS00678,2020-11-21,ATORSAPH 10MG,4,1100,4400,0,4400,25,100,4300
Government,MS00678,2020-11-21,SAPHORMIN 500MG,100,230,23000,0,23000,53.43,5342.86,17657.14
Government,MS00678,2020-11-21,GLIMIDE 5MG,15,160,2400,0,2400,30,450,1950
Government,MS00678,2020-11-21,ZEBET 80mg,9,1025,9225,0,9225,230,2070,7155
Government,180,2020-11-19,"42"" SMART / LED TV - PO G62680",2,33800,67600,0,67600,16999,33998,33602
Government,180,2020-11-19,DIGITAL CAMERA - 24.1 MP CANON,1,46750,46750,0,46750,15995,15995,30755
Government,180,2020-11-19,EVAPORATIVE AIR COOLER - IWATA JET 1200B POG62680,1,62850,62850,0,62850,39000,39000,23850
Government,180,2020-11-19,"42"" SMART / LED TV - PO G62680",1,33800,33800,0,33800,16999,16999,16801
Government,180,2020-11-19,4 BURNER ELECTRIC OVEN - PO G2680,1,48200,48200,0,48200,10640,10640,37560
Government,181,2020-11-19,ELECTRIC RICE COOKER - PO G62680,1,7700,7700,0,7700,3795,3795,3905
Government,181,2020-11-19,STEEL LADDER 16FT,1,7995,7995,0,7995,3600,3600,4395
Government,181,2020-11-19,HEAVY DUTY STOVE - PO G2680,2,2350,4700,0,4700,3475,6950,-2250
Government,181,2020-11-19,WELDING MACHINE DUAL,1,13200,13200,0,13200,4000,4000,9200
Government,181,2020-11-19,SALA SET - 311 SOFA WITH CENTER TABLE,4,36100,144400,0,144400,21500,86000,58400
Government,181,2020-11-19,DINNING SET (6 SEATER) - POG62680,3,32800,98400,0,98400,21650,64950,33450
Government,181,2020-11-19,PLASTIC CHAIR - PO G2680,120,695,83400,0,83400,299,35880,47520
Government,181,2020-11-19,PLASCTIC URATEX CHAIR - PO G2680,20,695,13900,0,13900,299,5980,7920
Government,181,2020-11-19,TABLES 38IN X63IN - POG62680,5,3450,17250,0,17250,2800,14000,3250
Government,182,2020-11-19,DESKTOP WITH PRINTER - PO G62680,1,79950,79950,0,79950,42865,42865,37085
Government,182,2020-11-19,STEEL FILING CABINET - PO G2680,5,14475,72375,0,72375,7999,39995,32380
Government,180,2020-11-19,ARNIS FLOOR MAT PUZZLE,29,2090,60610,0,60610,1204.5,34930.5,25679.5
Government,MS 00654,2020-11-03,SHARJVAX,5,1100,5500,0,5500,543.43,2717.14,2782.86
Government,MS 00654,2020-11-03,AMBIMOX 500MG,30,750,22500,0,22500,125.17,3755,18745
Government,MS 00654,2020-11-03,LIFERZIN 250MG,20,500,10000,0,10000,120,2400,7600
Government,MS 00654,2020-11-03,PHYTOBAS 10mg/ml,20,650,13000,0,13000,130,2600,10400
Government,MS 00654,2020-11-03,COMXICLA 625MG,50,600,30000,0,30000,166.5,8325,21675
Government,MS 00654,2020-11-03,BIOLAC 120ml,100,280,28000,0,28000,105,10500,17500
Government,MS 00654,2020-11-03,REAX 5mg Syrup,288,110,31680,0,31680,24.5,7056,24624
Government,MS 00654,2020-11-03,GENERIC CEFIXIME 20mg DROPS,199,51,10149,0,10149,60,11940,-1791
Government,MS 00654,2020-11-03,DICYCLOVERINE 10MG/5ML SYR GENERIC/LUMAR,20,65,1300,0,1300,11.25,225,1075
Government,MS 00654,2020-11-03,JAGA 300MG/100MG/100MCG,10,1000,10000,0,10000,530,5300,4700
Government,MS 00654,2020-11-03,ZINC VITA DROPS,100,80,8000,0,8000,18.5,1850,6150
Government,MS 00654,2020-11-03,GOZEDINE 35mg,13,1800,23400,0,23400,450,5850,17550
Government,MS 00654,2020-11-03,TRIVASC 35MG MR,22,1800,39600,0,39600,490,10780,28820
Government,MS 00654,2020-11-03,AWANAY FORTE 500mg,5,800,4000,0,4000,365,1825,2175
Government,MS 00654,2020-11-03,EROXIME 500MG,6,300,1800,0,1800,115,690,1110
Government,MS 00654,2020-11-03,AEROX 500mg,84,300,25200,0,25200,280,23520,1680
Government,MS 00654,2020-11-03,AMLOTHIX 5mg,9,950,8550,0,8550,63,567,7983
Government,MS 00654,2020-11-03,SAPHORMIN 500MG,24,500,12000,0,12000,53.43,1282.29,10717.71
Government,MS 00654,2020-11-03,FUROXIDE 10MG/2ML,10,420,4200,0,4200,64.5,645,3555
Government,MS00672,2020-11-03,MERAZOL 40MG,10,624.2,6242,0,6242,260,2600,3642
Government,MS00662,2020-10-23,ZEFTACARE 1G,40,440,17600,0,17600,39,1560,16040
Government,MS00653,2020-10-23,BUPIRIGHT 1'S VIALS,20,795,15900,0,15900,209,4180,11720
Government,MS00653,2020-10-23,DEXAMAX 4MG,3,910,2730,0,2730,71,213,2517
Government,MS00653,2020-10-23,CORBAL 100MG,20,1200,24000,0,24000,187.4,3748.03,20251.97
Government,MS00653,2020-10-23,GYNE-TOCIN 10IU/ML,6,1000,6000,0,6000,83.21,499.27,5500.73
Government,MS00653,2020-10-23,IMATET,50,1181.4,59070,0,59070,665,33250,25820
Government,MS00653,2020-10-23,PHYTOMEN 10MG/ML,10,450,4500,0,4500,183,1830,2670
Government,MS00651,2020-10-05,FOLEY BALLOON CATHETER SILICONE COATED 2 WAY FR.16 - SIMPLEX,20,105,2100,0,2100,32.5,650,1450
Government,MS00645,2020-10-02,AMPICARE 500MG/250MG,35,5750,201250,0,201250,350,12250,189000
Government,MS00645,2020-10-02,APCEE 100MG/5ML,3,500,1500,0,1500,23.03,69.1,1430.9
Government,MS00645,2020-10-02,CEFUSAPH,50,591,29550,0,29550,156.92,7845.83,21704.17
Government,MS00645,2020-10-02,DALAMYCIN 150 MG,15,9220,138300,0,138300,1007.5,15112.5,123187.5
Government,MS00645,2020-10-02,ACRESIL 150mg,2,1500,3000,0,3000,385,770,2230
Government,MS00645,2020-10-02,CLOXANE 500MG CAP,2,800,1600,0,1600,195,390,1210
Government,MS00645,2020-10-02,GENTAM 40MG,5,490,2450,0,2450,50.42,252.12,2197.88
Government,MS00645,2020-10-02,AMBOXIL 500MG,5,1900,9500,0,9500,0,0,9500
Government,MS00645,2020-10-02,GYNE-TOCIN 10IU/ML,10,1000,10000,0,10000,83.21,832.11,9167.89
Government,MS00645,2020-10-02,CO-AMOXICARE 500MG/125MG,25,890,22250,0,22250,185.94,4648.56,17601.44
Government,MS00645,2020-10-02,HYPHEN 50mg,3,1740,5220,0,5220,150.89,452.68,4767.32
Government,MS00645,2020-10-02,EPIX BY 10'S,2,860,1720,0,1720,211.7,423.4,1296.6
Government,MS00645,2020-10-02,KETROM 30MG/ML,4,600,2400,0,2400,80,320,2080
Government,MS00645,2020-10-02,OFPLEMED 300MG SYRUP 60ML,20,98,1960,0,1960,61.69,1233.89,726.1099999999999
Government,MS00645,2020-10-02,MICROSCOT 20mg,10,250,2500,0,2500,68.92,689.17,1810.83
Government,MS00645,2020-10-02,DEHYDROSOL 250ML,10,287,2870,0,2870,56,560,2310
Government,MS00645,2020-10-02,TEMPAID 500mg,5,349,1745,0,1745,75,375,1370
Government,MS00645,2020-10-02,RANITEIN 150MG,1,660,660,0,660,79.28,79.28,580.72
Government,MS00645,2020-10-02,KOVENT 250mcg,5,714,3570,0,3570,320,1600,1970
Government,MS00645,2020-10-02,AMBIDOL 50MG/ML (100MG/2ML),5,1020,5100,0,5100,142,710,4390
Government,MS00645,2020-10-02,ASFLEM 600mg,1,600,600,0,600,194,194,406
Government,MS00645,2020-10-02,TRACEN 10MG,1,2172,2172,0,2172,59,59,2113
Government,MS00645,2020-10-02,HEMOSTAP 500mg,1,2800,2800,0,2800,371.67,371.67,2428.33
Government,MS00645,2020-10-02,GOZEDINE 35mg,2,1800,3600,0,3600,450,900,2700
Government,MS00645,2020-10-02,METHYLCORT 16mg,0.3,5500,1650,0,1650,1008,302.4,1347.6
Government,MS00645,2020-10-02,AMLOTHIX 5mg,10,955,9550,0,9550,63,630,8920
Government,MS00645,2020-10-02,AMLOPURE 10MG,5,1508,7540,0,7540,125.5,627.5,6912.5
Government,MS00645,2020-10-02,FULVAST 40mg,1,2200,2200,0,2200,292,292,1908
Government,MS00644,2020-10-02,GIRAN 16mg,3.33,900,3000,0,3000,252,840,2160
Government,MS00644,2020-10-02,CATAMED 75MCG TAB,5,2299,11495,0,11495,463,2315,9180
Government,MS00644,2020-10-02,ANGEL-50 50MG,10,1300,13000,0,13000,117.2,1172,11828
Government,MS00644,2020-10-02,NATRASOL 100MG,3,1800,5400,0,5400,205.67,617,4783
Government,MS00646,2020-10-02,BUPIRIGHT 1'S VIALS,100,799,79900,0,79900,209,20900,59000
Government,MS00646,2020-10-02,CEFZOX 1G VIAL W/ DILUENT,418,380,158840,0,158840,22.5,9405,149435
Government,MS00646,2020-10-02,SITIXON 1G,582,380,221160,0,221160,26.6,15481.2,205678.8
Government,MS00646,2020-10-02,ALLERIGHT 50MG,20,1740,34800,0,34800,280,5600,29200
Government,MS00646,2020-10-02,BIOMEF 500MG TAB,10,1400,14000,0,14000,70,700,13300
Government,MS00646,2020-10-02,GYNE-TOCIN 10IU/ML,20,1000,20000,0,20000,83.21,1664.22,18335.78
Government,MS00646,2020-10-02,CARDOWIN 1MG,118,1133,133694,0,133694,270.71,31944.29,101749.70999999999
Government,MS00644,2020-10-02,MICOR 40mg,1,1900,1900,0,1900,320,320,1580
Government,MS00646,2020-10-02,CETHERGO 200MCG,4,4200,16800,0,16800,1250,5000,11800
Government,MS00646,2020-10-02,METO 10mg,2,4700,9400,0,9400,332.5,665,8735
Government,MS00600,2020-09-21,ANMUM PLAIN,1200,249,298800,0,298800,196.5,235800,63000
Government,MS00634,2020-09-14,SPINAL NEEDLE G.25 - TOP,5,3300,16500,0,16500,1042.42,5212.12,11287.880000000001
Government,MS00634,2020-09-14,SUCTION SET POOLE ABDOMINAL DRAIN - SIMPLEX,100,660,66000,0,66000,220,22000,44000
Government,MS00637,2020-09-14,ABDOMINAL BINDER,400,300,120000,0,120000,150,60000,60000
Government,MS00626,2020-09-01,AUTOCLAVE MACHINE - 50 LTRS,1,229500,229500,0,229500,65000,65000,164500
Government,MS00623,2020-09-01,PULSE OXIMETER,30,5500,165000,0,165000,1500,45000,120000
Government,MS00623,2020-09-01,ABDOMINAL BINDER,100,300,30000,0,30000,150,15000,15000
Government,MS00623,2020-09-01,CORD CLAMP - SIMPLEX,5,600,3000,0,3000,350,1750,1250
Government,MS00604,2020-08-17,APCEE 500MG,10,500,5000,0,5000,245,2450,2550
Government,MS00604,2020-08-17,BIOMEF 500MG TAB,20,1200,24000,0,24000,70,1400,22600
Government,MS00604,2020-08-17,ANTICOF SR 50mg,5,1850,9250,0,9250,690,3450,5800
Government,MS00604,2020-08-17,AZICARE 500MG TAB,35,315,11025,0,11025,523.33,18316.67,-7291.669999999998
Government,MS00604,2020-08-17,CYFROX 500MG,11,1600,17600,0,17600,205.33,2258.67,15341.33
Government,MS00604,2020-08-17,CLOXANE 500MG CAP,10,800,8000,0,8000,195,1950,6050
Government,MS00604,2020-08-17,CEFUSAPH,20,595,11900,0,11900,156.92,3138.33,8761.67
Government,MS00604,2020-08-17,PROMEP 40MG,200,339,67800,0,67800,40,8000,59800
Government,MS00604,2020-08-17,COTENACE 50mg,5,1295,6475,0,6475,95,475,6000
Government,MS00604,2020-08-17,LOSAAR 100mg,5,1795,8975,0,8975,254.4,1272,7703
Government,MS00604,2020-08-17,CARDOWIN 1MG,50,960,48000,0,48000,270.71,13535.71,34464.29
Government,MS00593,2020-08-17,ANTITET 1500iu,100,1200,120000,0,120000,580,58000,62000
Government,MS00593,2020-08-17,ZEFTACARE 1G,50,330,16500,0,16500,39,1950,14550
Government,MS00593,2020-08-17,DALAMYCIN 150 MG,10,9230,92300,0,92300,1007.5,10075,82225
Government,MS00593,2020-08-17,DOPABAS 40MG/ML,4,1490,5960,0,5960,510,2040,3920
Government,MS00593,2020-08-17,AMBOXIL 500MG,3,1880,5640,0,5640,0,0,5640
Government,MS00494,2020-08-14,RED CANE VINEGAR - DEL MONTE,24,126,3024,0,3024,79.5,1908,1116
Government,MS00494,2020-08-14,"WOODEN APPLICATOR 6""",2,349,698,0,698,166.67,333.33,364.67
Government,MS00494,2020-08-14,ZONROX 1GALLON,24,149,3576,0,3576,116.14,2787.4,788.5999999999999
Government,MS00494,2020-08-14,GLOVES (M) - GLOMED,35,350,12250,0,12250,147.5,5162.5,7087.5
Government,MS00494,2020-08-14,GREEN CROSS ALCOHOL 500ML,36,85,3060,0,3060,62.95,2266.24,793.7600000000002
Government,MS00494,2020-08-14,COTTON ROLL 400G - UNIMEX,24,214,5136,0,5136,150,3600,1536
Government,MS00494,2020-08-14,COTTON TIPPED APPLICATOR,5,714,3570,0,3570,150,750,2820
Government,MS00494,2020-08-14,DENTAL SHEET,5,300,1500,0,1500,5,25,1475
Government,MS00494,2020-08-14,FACE MASK EARLOOP,16,494,7904,0,7904,45,720,7184
Government,MS00583,2020-07-25,PULSE OXIMETER,3,4040,12120,0,12120,1500,4500,7620
Government,MS00583,2020-07-25,DIGITAL BP - OMRON,1,7960,7960,0,7960,3500,3500,4460
Government,MS00583,2020-07-25,PORTABLE NEBULIZER,3,5648,16944,0,16944,3500,10500,6444
Government,MS00583,2020-07-25,TRACEN 10MG,12,1494,17928,0,17928,59,708,17220
Government,MS00583,2020-07-25,MEDRIZINE 5MG/5ML Syrup,150,149,22350,0,22350,25.5,3825,18525
Government,MS00583,2020-07-25,BRODIX 2.5/2.5ML NEB,15,1000,15000,0,15000,240,3600,11400
Government,MS00583,2020-07-25,NEBULIZER KIT (ADULT ) 10CC - SURGITECH,65,180,11700,0,11700,46.67,3033.33,8666.67
Government,MS00583,2020-07-25,NEBULIZER KIT Pedia,65,180,11700,0,11700,65,4225,7475
Government,MS00583,2020-07-25,FACE MASK,10,810,8100,0,8100,514.44,5144.44,2955.5600000000004
Government,MS00583,2020-07-25,GLOVES (M) - INDOPLAS,6,890,5340,0,5340,360,2160,3180
Government,MS00585,2020-07-25,VDRL-SYPHILIS RAPID TEST STRIP - RIGHT SIGN,300,99,29700,0,29700,50,15000,14700
Government,MS00585,2020-07-25,CAPILLARY TUBE,10,295,2950,0,2950,150,1500,1450
Government,MS00585,2020-07-25,HEMAQUICK STAIN - MEDIC,2,9430,18860,0,18860,3705,7410,11450
Government,MS00585,2020-07-25,WBC DILLUTING FLUID,1,643,643,0,643,172.8,172.8,470.2
Government,MS00585,2020-07-25,HBSAG - SD,300,99.95,29985,0,29985,67.22,20166.67,9818.330000000002
Government,MS00585,2020-07-25,PREGNANCY TEST SUREGUARD,2,2450,4900,0,4900,500,1000,3900
Government,MS00584,2020-07-25,ACCU CHECK GLUCOSE STRIPS,1,1425,1425,0,1425,840,840,585
Government,MS00584,2020-07-25,GLUCOMETER BLOOD LANCETS - SURGITECH,3,389,1167,0,1167,180,540,627
Government,MS00584,2020-07-25,LUBRICATING JELLY 150G,12,324,3888,0,3888,150,1800,2088
Government,MS00584,2020-07-25,URINE CUP,10,250,2500,0,2500,2,20,2480
Government,MS00584,2020-07-25,FACE MASK,6,405,2430,0,2430,514.44,3086.67,-656.6700000000001
Government,MS00584,2020-07-25,COTTON BALLS -300'S - UNIMEX,6,78,468,0,468,65.56,393.33,74.67000000000002
Government,MS00584,2020-07-25,ALCOHOL 70% ISOPROPYL 500ml,25,168,4200,0,4200,90,2250,1950
Government,MS00584,2020-07-25,TISSUE PAPER,6,175,1050,0,1050,93,558,492
Government,MS00587,2020-07-25,PULSE OXIMETER,3,4040,12120,0,12120,1500,4500,7620
Government,MS00587,2020-07-25,DIGITAL BP - OMRON,1,7962.6,7962.6,0,7962.6,3500,3500,4462.6
Government,MS00587,2020-07-25,PORTABLE NEBULIZER,3,5650,16950,0,16950,3500,10500,6450
Government,MS00587,2020-07-25,FACE MASK,52,1300,67600,0,67600,514.44,26751.11,40848.89
Government,MS00587,2020-07-25,ALCOHOL 70% ISOPROPYL 500ml,50,170,8500,0,8500,90,4500,4000
Government,MS00587,2020-07-25,GAUZE ROLL 3x6,37,40,1480,0,1480,19.12,707.44,772.56
Government,MS00587,2020-07-25,GAUZE PAD 4X4 - SURGITECH,10,440,4400,0,4400,200,2000,2400
Government,MS00587,2020-07-25,"TRANSPORE 1"" - 3M",6,775,4650,0,4650,673.33,4040,610
Government,MS00587,2020-07-25,"ELASTIC BANDAGE 4""X5Y - SURGITECH",20,80,1600,0,1600,40,800,800
Government,MS00587,2020-07-25,BETADINE POVIDONE IODINE 10% GAL,2,1350,2700,0,2700,600,1200,1500
Government,MS00587,2020-07-25,HOT & COLD BAG,10,370,3700,0,3700,160,1600,2100
Government,MS00587,2020-07-25,TRIANGULAR BANDAGE,50,150,7500,0,7500,60,3000,4500
Government,MS00587,2020-07-25,AEROVENT 1MG/ML,5,1000,5000,0,5000,216.75,1083.75,3916.25
Government,MS00587,2020-07-25,NEBULIZER KIT (ADULT ) 10CC - SURGITECH,30,180,5400,0,5400,46.67,1400,4000
Government,MS00587,2020-07-25,NEBULIZER KIT Pedia,30,180,5400,0,5400,65,1950,3450
Government,21875,2020-06-30,XTRACEE PLUS,19,650,12350,0,12350,490,9310,3040
Government,MS00574,2020-06-27,DEHYDROSOL 250ML,10,287,2870,0,2870,56,560,2310
Government,MS00574,2020-06-27,SHARJVAX,28,1180,33040,0,33040,543.43,15216,17824
Government,MS00574,2020-06-27,ARTAL-H 50MG/12.5MG,10,2050,20500,0,20500,105.95,1059.5,19440.5
Government,163,2020-06-27,LAPTOP LENOVO S145-141WL,1,59850,59850,0,59850,29250,29250,30600
Government,163,2020-06-27,PRINTER EPSON L3110,2,14715,29430,0,29430,7595,15190,14240
Government,MS00559,2020-06-27,EXEL 500MG CAP,20,420,8400,0,8400,233.97,4679.43,3720.5699999999997
Government,MS00559,2020-06-27,ZEFTACARE 1G,50,330,16500,0,16500,39,1950,14550
Government,MS00559,2020-06-27,SITIXON 1G,300,380,114000,0,114000,26.6,7980,106020
Government,MS00559,2020-06-27,DANOXIME 750MG,300,225,67500,0,67500,30.5,9150,58350
Government,MS00559,2020-06-27,CYFROX 500MG,6,1600,9600,0,9600,205.33,1232,8368
Government,MS00559,2020-06-27,ACRESIL 300MG,4,1500,6000,0,6000,402.83,1611.33,4388.67
Government,MS00559,2020-06-27,GENTAM 40MG,10,420,4200,0,4200,50.42,504.24,3695.76
Government,MS00559,2020-06-27,FLAGEX 500MG,5,500,2500,0,2500,84,420,2080
Government,MS00559,2020-06-27,AEROVENT 1MG/ML,1,483,483,0,483,216.75,216.75,266.25
Government,MS00559,2020-06-27,BRODIX 2.5/2.5ML NEB,2,483,966,0,966,240,480,486
Government,MS00559,2020-06-27,HEMOBAS 500MG/5ML,20,1290,25800,0,25800,207.5,4150,21650
Government,MS00574,2020-06-27,APCEE 500MG,10,500,5000,0,5000,245,2450,2550
Government,MS00574,2020-06-27,CEFUSAPH,50,593,29650,0,29650,156.92,7845.83,21804.17
Government,MS00574,2020-06-27,ALLECUR 10MG,5,2172.3,10861.5,0,10861.5,28,140,10721.5
Government,MS00574,2020-06-27,REAX DROPS,40,158,6320,0,6320,22.17,886.67,5433.33
Government,MS00574,2020-06-27,ACRESIL 300MG,5,1500,7500,0,7500,402.83,2014.17,5485.83
Government,MS00574,2020-06-27,DIXIN 250MCG,1,599,599,0,599,1025,1025,-426
Government,MS00574,2020-06-27,ALLERIGHT 50MG,5,1740,8700,0,8700,280,1400,7300
Government,MS00574,2020-06-27,APULDON 10mg,3,997,2991,0,2991,95,285,2706
Government,MS00574,2020-06-27,FENOFAST 200MG,10,999,9990,0,9990,270,2700,7290
Government,MS00574,2020-06-27,AUROHEX 4MG,1,2030,2030,0,2030,274.88,274.88,1755.12
Government,MS00574,2020-06-27,MULTIVIT PLUS,10,1099,10990,0,10990,220,2200,8790
Government,MS00574,2020-06-27,MIROCID 5g,20,250,5000,0,5000,66.5,1330,3670
Government,MS00574,2020-06-27,CO-AMOXICARE 500MG/125MG,60,218,13080,0,13080,185.94,11156.54,1923.4599999999991
Government,MS00574,2020-06-27,"FUNGISTAT 100,000iu",10,88,880,0,880,91,910,-30
Government,MS00575,2020-06-20,GORIZINE 25mg,2,300,600,0,600,78,156,444
Government,MS00575,2020-06-20,SAPHLECOX 200MG,20,2500,50000,0,50000,180.5,3610,46390
Government,MS00575,2020-06-20,PROMEP 40MG,300,624.81,187443,0,187443,40,12000,175443
Government,MS00575,2020-06-20,CORBAL 250MG,60,1700,102000,0,102000,508.33,30500,71500
Government,MS00575,2020-06-20,LIFERZIN 500MG,10,2500,25000,0,25000,538.5,5385,19615
Government,MS00575,2020-06-20,NUEVALIN 500mg,10,2500,25000,0,25000,13.5,135,24865
Government,MS00575,2020-06-20,AMLOTHIX 5mg,20,956,19120,0,19120,63,1260,17860
Government,MS00575,2020-06-20,LOSMAC 50mg,50,1300,65000,0,65000,150,7500,57500
Government,MS00575,2020-06-20,FLUCYSTEINE 200MG,150,190,28500,0,28500,85,12750,15750
Government,MS00575,2020-06-20,EXEL 500MG CAP,25,1300,32500,0,32500,233.97,5849.29,26650.71
Government,MS00575,2020-06-20,ACRESIL 300MG,10,1500,15000,0,15000,402.83,4028.33,10971.67
Government,MS00575,2020-06-20,JAGA 300MG/100MG/100MCG,11,2450,26950,0,26950,530,5830,21120
Government,MS00575,2020-06-20,OXEED 250mg,150,70,10500,0,10500,31,4650,5850
Government,MS00575,2020-06-20,AGENTAM AMPULE,30,490,14700,0,14700,55,1650,13050
Government,MS00575,2020-06-20,MECID 500MG,62,1449.5,89869,0,89869,77,4774,85095
Government,MS00575,2020-06-20,OMEBLOC 20mg,20,2499.9,49998,0,49998,74.5,1490,48508
Government,MS00575,2020-06-20,DEHYDROSOL 250ML,20,287.75,5755,0,5755,56,1120,4635
Government,MS00575,2020-06-20,BETZIDINE 35mg,66.67,565.5,37700,0,37700,180,12000,25700
Government,MS00575,2020-06-20,BECOME PLEX,50,374.4,18720,0,18720,126,6300,12420
Government,MS00575,2020-06-20,PREVENA,10,699,6990,0,6990,167.5,1675,5315
Government,MS00575,2020-06-20,ZITHROBBAS 50mg,250,420,105000,0,105000,121,30250,74750
Government,MS00575,2020-06-20,VONWELT CINNARIZINE 25MG,18,300,5400,0,5400,41.5,747,4653
Government,MS00575,2020-06-20,"FUNGISTAT 100,000iu",30,88,2640,0,2640,91,2730,-90
Government,MS00575,2020-06-20,SYDOGREL 75mg,10,258,2580,0,2580,258,2580,0
Government,MS00569,2020-06-06,APCEE 500MG,400,600,240000,0,240000,245,98000,142000
Government,MS00569,2020-06-06,NATRASOL 50MG,100,699,69900,0,69900,143.5,14350,55550
Government,MS00569,2020-06-06,NATRASOL 100MG,50,1145,57250,0,57250,205.67,10283.33,46966.67
Government,MS00569,2020-06-06,AMLOPURE 10MG,75,650,48750,0,48750,125.5,9412.5,39337.5
Government,MS00569,2020-06-06,PROMETIN,50,600,30000,0,30000,55.25,2762.5,27237.5
Government,MS00569,2020-06-06,ATORSAPH 20MG TAB,10,1095,10950,0,10950,28.43,284.33,10665.67
Government,MS00569,2020-06-06,SAPHORMIN 500MG,300,230,69000,0,69000,53.43,16028.57,52971.43
Government,MS00569,2020-06-06,GLIMIDE 5MG,75,160,12000,0,12000,30,2250,9750
Government,MS00569,2020-06-06,ZEBET 80mg,25,1000,25000,0,25000,230,5750,19250
Government,MS00569,2020-06-06,PREVENA,22,2792,61424,0,61424,167.5,3685,57739
Government,MS00569,2020-06-06,MYREVIT-B COMPLEX,100,118,11800,0,11800,118,11800,0
Government,MS00551,2020-05-30,AMIPHIL 25MG/ML AMP,5,590,2950,0,2950,150,750,2200
Government,MS00551,2020-05-30,AMBIMOX 500MG,3,750,2250,0,2250,125.17,375.5,1874.5
Government,MS00551,2020-05-30,AZICARE 500MG TAB,3.33,3150,10489.5,0,10489.5,523.33,1742.7,8746.8
Government,MS00551,2020-05-30,SAPHLECOX 200MG,10,2500,25000,0,25000,180.5,1805,23195
Government,MS00551,2020-05-30,ACRESIL 300MG,3,1500,4500,0,4500,402.83,1208.5,3291.5
Government,MS00551,2020-05-30,RANICLAV 625MG,19,588,11172,0,11172,106.67,2026.67,9145.33
Government,MS00551,2020-05-30,HYPHEN 50mg,2,1740,3480,0,3480,150.89,301.79,3178.21
Government,MS00551,2020-05-30,CORBAL 100MG,15,1200,18000,0,18000,187.4,2811.02,15188.98
Government,MS00551,2020-05-30,CORBAL 250MG,10,1700,17000,0,17000,508.33,5083.33,11916.67
Government,MS00551,2020-05-30,INHIBITA 40MG,10,899,8990,0,8990,89.05,890.5,8099.5
Government,MS00551,2020-05-30,GYNE-TOCIN 10IU/ML,10,1000,10000,0,10000,83.21,832.11,9167.89
Government,MS00551,2020-05-30,FEVERCARE 300MG/2ML,6,480,2880,0,2880,39.8,238.8,2641.2
Government,MS00551,2020-05-30,FENTIN 10mg/ml,4,5405,21620,0,21620,842.5,3370,18250
Government,MS00551,2020-05-30,PHYTOMEN 10MG/ML,5,650,3250,0,3250,183,915,2335
Government,MS00551,2020-05-30,SALBUMIN INHALER,10,303,3030,0,3030,92.8,928,2102
Government,MS00551,2020-05-30,GLOTREK 100MG/5ML AMP,24,650,15600,0,15600,272.2,6532.8,9067.2
Government,MS00551,2020-05-30,NEUROBE TAB,0.5,9000,4500,0,4500,150,75,4425
Government,MS00551,2020-05-30,ZINC VITA DROPS,9,85,765,0,765,18.5,166.5,598.5
Government,MS00551,2020-05-30,COMXICLA 625MG,5,840,4200,0,4200,166.5,832.5,3367.5
Government,MS00552,2020-05-30,BLOCOPAST 5MG,1,900,900,0,900,55.75,55.75,844.25
Government,MS00552,2020-05-30,ATORSAPH 20MG TAB,5,350,1750,0,1750,28.43,142.17,1607.83
Government,MS00552,2020-05-30,MELZIN 150mcg,90,204,18360,0,18360,160.5,14445,3915
Government,MS00552,2020-05-30,CLODIN 75MG TAB,3,2640,7920,0,7920,470,1410,6510
Government,MS00552,2020-05-30,NATRASOL 100MG,2,1000,2000,0,2000,205.67,411.33,1588.67
Government,MS00552,2020-05-30,ANGEL-50 50MG,1,1200,1200,0,1200,117.2,117.2,1082.8
Government,MS00553,2020-05-30,AMPICARE 500MG/250MG,5,3490,17450,0,17450,350,1750,15700
Government,MS00553,2020-05-30,ASCOPHIL 500MG,1,300,300,0,300,58,58,242
Government,MS00553,2020-05-30,SCHEEPRIN 80MG,1,300,300,0,300,79.5,79.5,220.5
Government,MS00553,2020-05-30,BUDESON 250MCG/ML (500MCG/2ML),4.57,3150,14400,0,14400,692.5,3165.71,11234.29
Government,MS00553,2020-05-30,CEFUSAPH,20,550,11000,0,11000,156.92,3138.33,7861.67
Government,MS00553,2020-05-30,MEDRIZINE 2.5MG/ML Drops,10,242,2420,0,2420,22.65,226.5,2193.5
Government,MS00553,2020-05-30,MEDRIZINE 5MG/5ML Syrup,214,242,51788,0,51788,25.5,5457,46331
Government,MS00553,2020-05-30,VONWELT CINNARIZINE 25MG,5,300,1500,0,1500,41.5,207.5,1292.5
Government,MS00553,2020-05-30,ACIPRO 2MG,100,200,20000,0,20000,20.95,2095,17905
Government,MS00553,2020-05-30,CLOXANE 500MG CAP,3,800,2400,0,2400,195,585,1815
Government,MS00553,2020-05-30,DIXIN 250MCG,1,600,600,0,600,1025,1025,-425
Government,MS00553,2020-05-30,ANIFER 190MG,1,500,500,0,500,65,65,435
Government,MS00553,2020-05-30,MOTIREX 2mg,1,750,750,0,750,35,35,715
Government,MS00554,2020-05-30,E-DOL 50MG CAP,1,1000,1000,0,1000,80,80,920
Government,MS00554,2020-05-30,AUROHEX 4MG,1,220,220,0,220,274.88,274.88,-54.879999999999995
Government,MS00554,2020-05-30,TOBRASON 3mg/ml,5,145,725,0,725,145,725,0
Government,MS00552,2020-05-30,AMLOPURE 10MG,1,1113,1113,0,1113,125.5,125.5,987.5
Government,MS00552,2020-05-30,CATAMED 75MCG TAB,3,5700,17100,0,17100,463,1389,15711
Government,MS00551,2020-05-30,SPEEDA,30,800,24000,0,24000,820,24600,-600
Government,MS00551,2020-05-30,EUROMYCIN 150mg/ml,50,72.8,3640,0,3640,728,36400,-32760
Government,MS00551,2020-05-30,OXEED 250mg,10,310,3100,0,3100,31,310,2790
Government,MS00551,2020-05-30,MULTILEM 100MG-DROPS,10,185,1850,0,1850,15,150,1700
Government,MS00551,2020-05-30,MULTILEM 120ML,20,190,3800,0,3800,54.5,1090,2710
Government,MS00551,2020-05-30,KDICEF 250mg,60,185,11100,0,11100,18.5,1110,9990
Government,MS00551,2020-05-30,CONTRACID 150mg,100,8,800,0,800,80,8000,-7200
Government,MS00551,2020-05-30,IMATET,90,73.5,6615,0,6615,665,59850,-53235
Government,MS00551,2020-05-30,ZINC VITA DROPS,11,85,935,0,935,18.5,203.5,731.5
Government,MS00551,2020-05-30,ZINC VITA SYRUP,10,22,220,0,220,20.15,201.5,18.5
Government,MS00555,2020-05-23,SCHEEPRIN 80MG,6,299,1794,0,1794,79.5,477,1317
Government,MS00555,2020-05-23,SANIX 200MG,0.33,1217.7,405.9,0,405.9,142.67,47.56,358.34
Government,MS00555,2020-05-23,SAPHIXIME 200MG,3,1217.7,3653.1,0,3653.1,135,405,3248.1
Government,MS00555,2020-05-23,AXIMEED 200mg,15,2435.4,36531,0,36531,493,7395,29136
Government,MS00555,2020-05-23,DANOXIME 750MG,1000,255,255000,0,255000,30.5,30500,224500
Government,MS00555,2020-05-23,SAPHLECOX 200MG,20,2500,50000,0,50000,180.5,3610,46390
Government,MS00555,2020-05-23,VONWELT CINNARIZINE 25MG,6,300,1800,0,1800,41.5,249,1551
Government,MS00555,2020-05-23,ANIFER 190MG,20,500,10000,0,10000,65,1300,8700
Government,MS00555,2020-05-23,MYRENTYL 10MG,144,65,9360,0,9360,,,9360
Government,MS00555,2020-05-23,KIDICOT 250MG,24,124,2976,0,2976,,,2976
Government,MS00555,2020-05-23,BIOGIC 250MG SUS,120,124,14880,0,14880,11.13,1335,13545
Government,MS00555,2020-05-23,AMLOPURE 10MG,10,1508,15080,0,15080,125.5,1255,13825
Government,MS00555,2020-05-23,BLOCOPAST 5MG,9,955.5,8599.5,0,8599.5,55.75,501.75,8097.75
Government,MS00555,2020-05-23,FUROSE 10MG/ML,10,480,4800,0,4800,74.67,746.67,4053.33
Government,MS00555,2020-05-23,ANGEL-50 50MG,28,1250,35000,0,35000,117.2,3281.6,31718.4
Government,MS00547,2020-05-23,"MICROPORE 1"" - 3M",100,959,95900,0,95900,380,38000,57900
Government,MS00547,2020-05-23,ASEPTO SIMPLEX,50,62,3100,0,3100,35,1750,1350
Government,MS00547,2020-05-23,BOUFFAN CAP,20,336,6720,0,6720,140,2800,3920
Government,MS00547,2020-05-23,FOLEY CATHETER LATEX SILICON COATED FR. 16,25,1000,25000,0,25000,25,625,24375
Government,MS00547,2020-05-23,METRICIDE,20,2640,52800,0,52800,1252.38,25047.62,27752.38
Government,MS00547,2020-05-23,GLOVES (MD) HCD,200,288,57600,0,57600,150,30000,27600
Government,MS00547,2020-05-23,GLOVES (SML) HCD,200,288,57600,0,57600,150,30000,27600
Government,MS00547,2020-05-23,ID TAG PEDIA ( BLUE & PINK ),10,700,7000,0,7000,300,3000,4000
Government,MS00547,2020-05-23,IV CANNULA G18 B.BRAUN,2,13750,27500,0,27500,6500,13000,14500
Government,MS00547,2020-05-23,"IV CANNULA G.20 X 1"" INTROCAN SAFETY - B BRAUN",2,13750,27500,0,27500,2200,4400,23100
Government,MS00547,2020-05-23,"IV CANNULA G.22 X 1"" INTROCAN - B BRAUN",2,13750,27500,0,27500,4350,8700,18800
Government,MS00547,2020-05-23,NEBULIZER KIT ORMED,10,4800,48000,0,48000,2750,27500,20500
Government,MS00547,2020-05-23,DISPOSABLE NEEDLE G19 TERUMO,30,504,15120,0,15120,250,7500,7620
Government,MS00547,2020-05-23,DISPOSABLE NEEDLE G23 TERUMO,30,504,15120,0,15120,250,7500,7620
Government,MS00547,2020-05-23,DISPOSABLE NEEDLE G25 TERUMO,30,504,15120,0,15120,250,7500,7620
Government,MS00547,2020-05-23,SUCTION SET POOLE ABDOMINAL DRAIN - SIMPLEX,100,249,24900,0,24900,220,22000,2900
Government,MS00547,2020-05-23,SOLUSET UNIMEX,100,250,25000,0,25000,100,10000,15000
Government,MS00547,2020-05-23,SPINAL NEEDLE G.25 - TOP,5,3099,15495,0,15495,1042.42,5212.12,10282.880000000001
Government,MS00547,2020-05-23,SUCTION CATHETER F.8 - SURGITECH,500,24,12000,0,12000,8,4000,8000
Government,MS00549,2020-05-23,BUPIRIGHT 1'S VIALS,50,454,22700,0,22700,209,10450,12250
Government,MS00549,2020-05-23,DANOXIME 750MG,1000,225,225000,0,225000,30.5,30500,194500
Government,MS00549,2020-05-23,STERILE WATER 50ML PARENTERAL,100,58,5800,0,5800,27.5,2750,3050
Government,MS00549,2020-05-23,DOBUMEAN 12.5MG,45,650,29250,0,29250,128.67,5790,23460
Government,MS00549,2020-05-23,CORBAL 100MG,200,1200,240000,0,240000,187.4,37480.32,202519.68
Government,MS00549,2020-05-23,SALRESP,28.57,1330,37998.1,0,37998.1,448.89,12824.76,25173.339999999997
Government,MS00549,2020-05-23,LOCAINE 50ML,500,84.99,42495,0,42495,34.31,17155.3,25339.7
Government,MS00549,2020-05-23,AUROHEX 4MG,10,2000,20000,0,20000,274.88,2748.75,17251.25
Government,MS00549,2020-05-23,AUROHEX 5MG,10,2300,23000,0,23000,360,3600,19400
Government,MS00549,2020-05-23,MICROSCOT 20mg,100,250,25000,0,25000,68.92,6891.67,18108.33
Government,MS00549,2020-05-23,DEHYDROSOL 250ML,42,287,12054,0,12054,56,2352,9702
Government,MS00549,2020-05-23,K-LYTE 600MG,5,2900.3,14501.5,0,14501.5,895.25,4476.25,10025.25
Government,MS00549,2020-05-23,AEROVENT 1MG/ML,33.33,480,15998.4,0,15998.4,216.75,7224.28,8774.119999999999
Government,MS00549,2020-05-23,GLYCINORM 80MG TAB,4,900,3600,0,3600,189.88,759.5,2840.5
Government,MS00549,2020-05-23,AZICARE 500MG TAB,5.3,3150,16695,0,16695,523.33,2773.67,13921.33
Government,MS00549,2020-05-23,FUNGINIL 20MG,50,155,7750,0,7750,45.5,2275,5475
Government,MS00549,2020-05-23,LAXFREE 120ML,72,279,20088,0,20088,109.75,7902,12186
Government,MS00549,2020-05-23,BETZIDINE 35mg,66.67,565.5,37701.89,0,37701.89,180,12000.6,25701.29
Government,MS00549,2020-05-23,NATRASOL 100MG,100,1300,130000,0,130000,205.67,20566.67,109433.33
Government,MS00549,2020-05-23,ZEYCO FD VIAL,2,1400,2800,0,2800,810,1620,1180
Government,MS00549,2020-05-23,SILVERDOX,50,225,11250,0,11250,,,11250
Government,MS00550,2020-05-23,SAPHORMIN 500MG,100,501,50100,0,50100,53.43,5342.86,44757.14
Government,MS00550,2020-05-23,CALCIGARD 5MG,10,501,5010,0,5010,172.76,1727.6,3282.4
Government,MS00546,2020-05-23,AZICARE 500MG TAB,10,3150,31500,0,31500,523.33,5233.33,26266.67
Government,MS00546,2020-05-23,BUPIRIGHT 1'S VIALS,250,799,199750,0,199750,209,52250,147500
Government,MS00546,2020-05-23,MEDRIZINE 5MG/5ML Syrup,144,245,35280,0,35280,25.5,3672,31608
Government,MS00546,2020-05-23,VONWELT CINNARIZINE 25MG,7,300,2100,0,2100,41.5,290.5,1809.5
Government,MS00546,2020-05-23,FUROXIDE 10MG/2ML,30,480,14400,0,14400,64.5,1935,12465
Government,MS00546,2020-05-23,SPASBASCINE,50,820,41000,0,41000,194.72,9736.11,31263.89
Government,MS00546,2020-05-23,MICROSCOT 20mg,75,250,18750,0,18750,68.92,5168.75,13581.25
Government,MS00546,2020-05-23,SYLVITE 2MEQ/ML,10,760,7600,0,7600,270.9,2709,4891
Government,MS00546,2020-05-23,BRODIX 2.5/2.5ML NEB,20,483,9660,0,9660,240,4800,4860
Government,MS00546,2020-05-23,CARDOWIN 1MG,50,1340,67000,0,67000,270.71,13535.71,53464.29
Government,MS00546,2020-05-23,ANGEL-50 50MG,28,1300,36400,0,36400,117.2,3281.6,33118.4
Government,MS00546,2020-05-23,ALLERIGHT 50MG,30,1740,52200,0,52200,280,8400,43800
Government,MS00546,2020-05-23,OFPLEMED 300MG SYRUP 60ML,144,98,14112,0,14112,61.69,8884,5228
Government,MS00546,2020-05-23,BLOCOPAST 5MG,20,956,19120,0,19120,55.75,1115,18005
Government,MS00490,2020-05-23,DISPOSABLE SYRINGE 3CC - SURE GUARD,12,1325,15900,0,15900,160,1920,13980
Government,MS00490,2020-05-23,COTTON ROLL 400G - UNIMEX,12,215,2580,0,2580,150,1800,780
Government,MS00490,2020-05-23,BP BAXTEL,2,4225,8450,0,8450,1433.33,2866.67,5583.33
Government,MS00490,2020-05-23,GLUCOMETER - ACCUCHECK,2,3500,7000,0,7000,0,0,7000
Government,MS00490,2020-05-23,ACCU-CHECK INSTANT 100STRIPS,5,1949,9745,0,9745,1560,7800,1945
Government,MS00490,2020-05-23,GLUCOMETER BLOOD LANCETS - SURGITECH,3,1430,4290,0,4290,180,540,3750
Government,MS00490,2020-05-23,BETADINE POVIDONE IODINE 10% GAL,1,856,856,0,856,600,600,256
Government,MS00490,2020-05-23,GAUZE PAD 4X4 - SURGITECH,2,300,600,0,600,200,400,200
Government,MS00490,2020-05-23,COTTON BALLS -300'S - UNIMEX,25,113,2825,0,2825,65.56,1638.89,1186.11
Government,MS00490,2020-05-23,DISPOSABLE SYRINGE 1CC - SUREGUARD,2,1325,2650,0,2650,150,300,2350
Government,MS00490,2020-05-23,DISPOSABLE SYRINGE 5CC - SUREGUARD,5,1320,6600,0,6600,170,850,5750
Government,MS00490,2020-05-23,DISPOSABLE SYRINGE 1CC - TERUMO,24,700,16800,0,16800,276.67,6640,10160
Government,MS00490,2020-05-23,LYSOL 1GAL,1,2340,2340,0,2340,2000,2000,340
Government,MS00497,2020-05-23,VDRL-SYPHILIS RAPID TEST STRIP - RIGHT SIGN,300,99.95,29985,0,29985,50,15000,14985
Government,MS00497,2020-05-23,HBSAG - SD,300,99,29700,0,29700,67.22,20166.67,9533.330000000002
Government,MS00497,2020-05-23,GREEN CROSS ALCOHOL 500ML,10,105,1050,0,1050,62.95,629.51,420.49
Government,MS00497,2020-05-23,COTTON ROLL 400G - UNIMEX,5,214,1070,0,1070,150,750,320
Government,MS00497,2020-05-23,DISPOSABLE SYRINGE 3CC - PROHEALTH,10,419,4190,0,4190,160,1600,2590
Government,MS00497,2020-05-23,APPLICATOR STICK,2,250,500,0,500,150,300,200
Government,MS00497,2020-05-23,GLASS SLIDES CAT NO. 7102,6,400,2400,0,2400,50,300,2100
Government,MS00497,2020-05-23,ABSOLUTE WATER 6000ML,5,150,750,0,750,64,320,430
Government,MS00547,2020-05-23,SURGICAL BLADES #20,3,552,1656,0,1656,280,840,816
Government,MS00547,2020-05-23,Gauze Roll 28x24 - SURGITECH,20,1967,39340,0,39340,900,18000,21340
Government,MS00547,2020-05-23,GLOVES 6.5 PROTEXIS,24,2699,64776,0,64776,1800,43200,21576
Government,MS00547,2020-05-23,GLOVES GREAT LOVE 6.5,1,2699,2699,0,2699,450,450,2249
Government,MS00547,2020-05-23,DISPOSABLE SYRINGE 3CC - COSMED,100,996,99600,0,99600,250,25000,74600
Government,MS00547,2020-05-23,DISPOSABLE SYRINGE 5CC - SUREGUARD,73,1116,81468,0,81468,170,12410,69058
Government,MS00547,2020-05-23,INSULIN SYRINGE 1CC-SUREGUARD,20,1440,28800,0,28800,170,3400,25400
Government,MS00497,2020-05-23,HIV -RAPID TEST CASSETTE - RIGHT SIGN,100,99.95,9995,0,9995,80,8000,1995
Government,MS00497,2020-05-23,GLOVES (L) - GLOMED,8,353,2824,0,2824,140,1120,1704
Government,MS00490,2020-05-23,KN95 FACE MASK,6,1125,6750,0,6750,105,630,6120
Government,MS00490,2020-05-23,GYNE-TOCIN 10IU/ML,1,90,90,0,90,83.21,83.21,6.790000000000006
Government,MS00497,2020-05-23,FACE MASK - SHIELD,1,310,310,0,310,,,310
Government,MS00555,2020-05-23,FENOFAST 200MG,20,270,5400,0,5400,270,5400,0
Government,MS00547,2020-05-23,ALCOHOL 70% ISOPROPYL 500ml,500,95,47500,0,47500,90,45000,2500
Government,MS00547,2020-05-23,FACE MASK,100,310,31000,0,31000,514.44,51444.44,-20444.440000000002
Government,MS00546,2020-05-23,TEMPAID 500mg,1,7500,7500,0,7500,75,75,7425
Government,MS00541,2020-05-16,AMPICARE 500MG/250MG,94,3500,329000,0,329000,350,32900,296100
Government,MS00541,2020-05-16,BUPIRIGHT 1'S VIALS,300,423,126900,0,126900,209,62700,64200
Government,MS00541,2020-05-16,EVAPROST 125MCG/ML,5,4800,24000,0,24000,1872,9360,14640
Government,MS00541,2020-05-16,EVAPROST 250MCG/ML,5,9600,48000,0,48000,3575,17875,30125
Government,MS00541,2020-05-16,DANOXIME 750MG,950,225,213750,0,213750,30.5,28975,184775
Government,MS00541,2020-05-16,CORBAL 100MG,100,1200,120000,0,120000,187.4,18740.16,101259.84
Government,MS00541,2020-05-16,FUROSE 10MG/ML,100,385,38500,0,38500,74.67,7466.67,31033.33
Government,MS00541,2020-05-16,CARDOWIN 1MG,50,1134,56700,0,56700,270.71,13535.71,43164.29
Government,MS00540,2020-05-16,SAPHORMIN 500MG,10,501,5010,0,5010,53.43,534.29,4475.71
Government,MS00540,2020-05-16,AMBIMOX 500MG,40,750,30000,0,30000,125.17,5006.67,24993.33
Government,MS00540,2020-05-16,EVAPROST 125MCG/ML,5,4800,24000,0,24000,1872,9360,14640
Government,MS00540,2020-05-16,EVAPROST 250MCG/ML,5,9600,48000,0,48000,3575,17875,30125
Government,MS00540,2020-05-16,SITIXON 1G,1064,350,372400,0,372400,26.6,28302.4,344097.6
Government,MS00540,2020-05-16,CORBAL 100MG,100,1200,120000,0,120000,187.4,18740.16,101259.84
Government,MS00540,2020-05-16,LOCAINE 50ML,72,84,6048,0,6048,34.31,2470.36,3577.64
Government,MS00540,2020-05-16,MICROSCOT 20mg,50,230,11500,0,11500,68.92,3445.83,8054.17
Government,MS00540,2020-05-16,MERAZOL 40MG,50,3500,175000,0,175000,260,13000,162000
Government,MS00517,2020-05-16,EROXIME 500MG,10,595,5950,0,5950,115,1150,4800
Government,MS00517,2020-05-16,ZINACARE 750MG W/O DILUENT,500,120,60000,0,60000,15.25,7625,52375
Government,MS00517,2020-05-16,CINNABLOC 75MG,50,120,6000,0,6000,40,2000,4000
Government,MS00517,2020-05-16,GENTAM 40MG,10,410,4100,0,4100,50.42,504.24,3595.76
Government,MS00517,2020-05-16,CATAMED 75MCG TAB,3,690,2070,0,2070,463,1389,681
Government,MS00514,2020-05-16,SCHEEPRIN 80MG,6,300,1800,0,1800,79.5,477,1323
Government,MS00514,2020-05-16,AZICARE 500MG TAB,5,3150,15750,0,15750,523.33,2616.67,13133.33
Government,MS00514,2020-05-16,SAPHIXIME 200MG,66.66,1217.82,81180,0,81180,135,8999.1,72180.9
Government,MS00514,2020-05-16,SITIXON 1G,500,225,112500,0,112500,26.6,13300,99200
Government,MS00514,2020-05-16,SAPHLECOX 200MG,20,2499.9,49998,0,49998,180.5,3610,46388
Government,MS00514,2020-05-16,CYFROX 500MG,5,1600,8000,0,8000,205.33,1026.67,6973.33
Government,MS00514,2020-05-16,PHILCLOX 500MG,20,800,16000,0,16000,247.47,4949.33,11050.67
Government,MS00514,2020-05-16,RESPOSAL-1,58.33,1139.21,66450,0,66450,295,17207.35,49242.65
Government,MS00514,2020-05-16,MERAZOL 40MG,25,6240,156000,0,156000,260,6500,149500
Government,MS00514,2020-05-16,BIOGIC 100MG DROPS,144,65,9360,0,9360,10.47,1507.2,7852.8
Government,MS00514,2020-05-16,BIOGIC 250MG SUS,72,124,8928,0,8928,11.13,801,8127
Government,MS00514,2020-05-16,LODIPEX 10MG,10,1508,15080,0,15080,56.75,567.5,14512.5
Government,MS00514,2020-05-16,AMLOPURE 5MG,10,955,9550,0,9550,55,550,9000
Government,MS00514,2020-05-16,FENOFAST 200MG,40,999,39960,0,39960,270,10800,29160
Government,MS00514,2020-05-16,ANGEL-50 50MG,15,1250,18750,0,18750,117.2,1758,16992
Government,MS00514,2020-05-16,SAPHORMIN 500MG,5,500.5,2502.5,0,2502.5,53.43,267.14,2235.36
Government,MS00496,2020-05-16,ALLUJEN 300MG,40,1797,71880,0,71880,125,5000,66880
Government,MS00496,2020-05-16,AXMEL 100MG DROPS,40,72,2880,0,2880,,,2880
Government,MS00496,2020-05-16,BUPIRIGHT 1'S VIALS,50,528,26400,0,26400,209,10450,15950
Government,MS00496,2020-05-16,MEFECOD 50MG,2,1846,3692,0,3692,730.63,1461.25,2230.75
Government,MS00496,2020-05-16,EROXIME 500MG,300,594,178200,0,178200,115,34500,143700
Government,MS00496,2020-05-16,MEDRIZINE 2.5MG/ML Drops,144,158,22752,0,22752,22.65,3261.6,19490.4
Government,MS00496,2020-05-16,MEDRIZINE 5MG/5ML Syrup,200,98,19600,0,19600,25.5,5100,14500
Government,MS00496,2020-05-16,CIPRODIN 500MG,20,1600,32000,0,32000,,,32000
Government,MS00496,2020-05-16,ACRESIL 300MG,5,1500,7500,0,7500,402.83,2014.17,5485.83
Government,MS00496,2020-05-16,RANICLAV 625MG,142.86,593.73,84820,0,84820,106.67,15238.4,69581.6
Government,MS00496,2020-05-16,ACCEDOME 1MG/ML,144,140,20160,0,20160,45,6480,13680
Government,MS00496,2020-05-16,SOLVAPRINE 10MG,5,878,4390,0,4390,146.8,734,3656
Government,MS00496,2020-05-16,MEGYXAN 500MG CAP,3,1448,4344,0,4344,82.75,248.25,4095.75
Government,MS00496,2020-05-16,DEHYDROSOL 250ML,2,275,550,0,550,56,112,438
Government,MS00496,2020-05-16,BIOGIC 100MG DROPS,144,65,9360,0,9360,10.47,1507.2,7852.8
Government,MS00496,2020-05-16,PHYTOMEN 10MG/ML,15,650,9750,0,9750,183,2745,7005
Government,MS00496,2020-05-16,BRODIX 2.5/2.5ML NEB,30,482,14460,0,14460,240,7200,7260
Government,MS00536,2020-05-16,FLUCYSTEINE 200MG,100,190,19000,0,19000,85,8500,10500
Government,MS00536,2020-05-16,LIFERZIN 250MG,100,390,39000,0,39000,120,12000,27000
Government,MS00536,2020-05-16,LIFERZIN 500MG,20,2500,50000,0,50000,538.5,10770,39230
Government,MS00536,2020-05-16,CYFROX 500MG,10,1600.3,16003,0,16003,205.33,2053.33,13949.67
Government,MS00536,2020-05-16,CLINDAGOLD 300MG,15,1500,22500,0,22500,387.5,5812.5,16687.5
Government,MS00536,2020-05-16,SAPHLOPID 75MG,10,2875,28750,0,28750,133.33,1333.33,27416.67
Government,MS00536,2020-05-16,MYRECLOX 250MG SUSPENSION 60ML,144,70,10080,0,10080,23,3312,6768
Government,MS00536,2020-05-16,CLOXANE 500MG CAP,10,800,8000,0,8000,195,1950,6050
Government,MS00536,2020-05-16,COMXICLA 625MG,50,848.2,42410,0,42410,166.5,8325,34085
Government,MS00536,2020-05-16,DEXAMAX 4MG,5,917.54,4587.7,0,4587.7,71,355,4232.7
Government,MS00536,2020-05-16,GENTAM 40MG,30,497.5,14925,0,14925,50.42,1512.73,13412.27
Government,MS00536,2020-05-16,CORBAL 100MG,100,1200.03,120003,0,120003,187.4,18740.16,101262.84
Government,MS00536,2020-05-16,CORBAL 250MG,100,1700,170000,0,170000,508.33,50833.33,119166.67
Government,MS00536,2020-05-16,KETROM 30MG/ML,60,600.02,36001.2,0,36001.2,80,4800,31201.199999999997
Government,MS00536,2020-05-16,ANALMIN 500MG,10,1449.5,14495,0,14495,96,960,13535
Government,MS00536,2020-05-16,INHIBITA 40MG,25,899,22475,0,22475,89.05,2226.25,20248.75
Government,MS00536,2020-05-16,TRIVASC 35MG MR,10,1885,18850,0,18850,490,4900,13950
Government,MS00496,2020-05-16,GENERIC AMLODIPINE 5MG,40,950,38000,0,38000,17,680,37320
Government,MS00496,2020-05-16,CARDOWIN 1MG,15,1133,16995,0,16995,270.71,4060.71,12934.29
Government,MS00536,2020-05-16,GENERIC AMLODIPINE 5MG,3,995,2985,0,2985,17,51,2934
Government,MS00536,2020-05-16,SAPHORMIN 500MG,20,500.5,10010,0,10010,53.43,1068.57,8941.43
Government,157,2020-05-16,DR#0157 SI 0181,1,7933995,7933995,0,7933995,,,7933995
Government,154,2020-05-16,"DR#0154,0155,0156 Terms",1,973652,973652,0,973652,,,973652
Government,MS00542,2020-05-16,FEVERCARE 300MG/2ML,10,275,2750,0,2750,39.8,398,2352
Government,MS00542,2020-05-16,BIOGIC 250MG SUS,80,125,10000,0,10000,11.13,890,9110
Government,MS00542,2020-05-16,OFPLEMED 300MG TABLET,3,450,1350,0,1350,107.25,321.75,1028.25
Government,MS00542,2020-05-16,OFPLEMED 300MG SYRUP 60ML,80,142.5,11400,0,11400,61.69,4935.56,6464.44
Government,MS00542,2020-05-16,APCEE 500MG,100,1199,119900,0,119900,245,24500,95400
Government,MS00542,2020-05-16,VITAKIDS 120ML,72,260,18720,0,18720,48.65,3502.8,15217.2
Government,MS00542,2020-05-16,MULTILEM 120ML,58,280,16240,0,16240,54.5,3161,13079
Government,MS00542,2020-05-16,SALRESP,5,2250,11250,0,11250,448.89,2244.44,9005.56
Government,MS00542,2020-05-16,AEROVENT 1MG/ML,15,1250,18750,0,18750,216.75,3251.25,15498.75
Government,MS00542,2020-05-16,MEFECOD 50MG,2,3525,7050,0,7050,730.63,1461.25,5588.75
Government,MS00542,2020-05-16,COFMED 7.5mg/5ml SYUP,14,425,5950,0,5950,90.33,1264.67,4685.33
Government,MS00542,2020-05-16,CORBAL 100MG,5,1325,6625,0,6625,187.4,937.01,5687.99
Government,MS00542,2020-05-16,CORBAL 250MG,5,2750,13750,0,13750,508.33,2541.67,11208.33
Government,MS00542,2020-05-16,DEHYDROSOL 250ML,2,275,550,0,550,56,112,438
Government,MS00542,2020-05-16,MOTIREX 2mg,1,225,225,0,225,35,35,190
Government,MS00542,2020-05-16,VEXIL 2MG,1,225,225,0,225,45,45,180
Government,MS00542,2020-05-16,EPIX BY 10'S,5,1350,6750,0,6750,211.7,1058.5,5691.5
Government,MS00542,2020-05-16,AZICARE 500MG TAB,4,1750,7000,0,7000,523.33,2093.33,4906.67
Government,MS00543,2020-05-16,DIGITAL BP - OMRON,5,8025,40125,0,40125,3500,17500,22625
Government,MS00543,2020-05-16,Sphygmomanometer,5,3000,15000,0,15000,1000,5000,10000
Government,MS00543,2020-05-16,STETHOSCOPE - ADULT,5,2250,11250,0,11250,550,2750,8500
Government,MS00543,2020-05-16,NEBULIZER ROSS MAX,5,6000,30000,0,30000,2750,13750,16250
Government,MS00543,2020-05-16,PORTABLE NEBULIZER,5,11200,56000,0,56000,3500,17500,38500
Government,MS00543,2020-05-16,PULSE OXIMETER,5,4800,24000,0,24000,1500,7500,16500
Government,MS00543,2020-05-16,SUCTION MACHINE,2,14500,29000,0,29000,4500,9000,20000
Government,MS00543,2020-05-16,OXYGEN TANK 15lbs,5,12000,60000,0,60000,3200,16000,44000
Government,MS00543,2020-05-16,OXYGEN TANK 25lbs,5,15000,75000,0,75000,5500,27500,47500
Government,MS00543,2020-05-16,OXYGEN REGULATOR - FUJIKAWA,10,3300,33000,0,33000,1516.67,15166.67,17833.33
Government,MS00543,2020-05-16,EAR THERMOMETER,10,9540,95400,0,95400,2090,20900,74500
Government,MS00543,2020-05-16,LARYNGOSCOPE ADULT,1,32000,32000,0,32000,8000,8000,24000
Government,MS00543,2020-05-16,OXYGEN CANNULA (ADULT) - SURGITECH,200,104,20800,0,20800,35,7000,13800
Government,MS00543,2020-05-16,OXYGEN CANNULA Pedia - Ormed,100,104,10400,0,10400,35,3500,6900
Government,MS00543,2020-05-16,BAG VALVE MASK ADULT,10,6900,69000,0,69000,2300,23000,46000
Government,MS00543,2020-05-16,BAG VALVE MASK PEDIA,10,6900,69000,0,69000,2300,23000,46000
Government,MS00543,2020-05-16,Intravenous Set,50,600,30000,0,30000,200,10000,20000
Government,MS00543,2020-05-16,DISPOSABLE SYRINGE 1CC - TERUMO,3,750,2250,0,2250,276.67,830,1420
Government,MS00543,2020-05-16,DISPOSABLE SYRINGE 3CC - PROHEALTH,3,750,2250,0,2250,160,480,1770
Government,MS00543,2020-05-16,DISPOSABLE SYRINGE 5CC - TERUMO,3,750,2250,0,2250,420,1260,990
Government,MS00543,2020-05-16,DISPOSABLE SYRINGE 1CC - TERUMO,3,1200,3600,0,3600,276.67,830,2770
Government,MS00543,2020-05-16,DISPOSABLE SYRINGE 30CC - TERUMO,3,2250,6750,0,6750,750,2250,4500
Government,MS00543,2020-05-16,COTTON BALLS -300'S - UNIMEX,30,210,6300,0,6300,65.56,1966.67,4333.33
Government,MS00543,2020-05-16,NEEDLES G.22,2,750,1500,0,1500,250,500,1000
Government,MS00543,2020-05-16,ASSORTED MICROPORE,4,1140,4560,0,4560,450,1800,2760
Government,MS00544,2020-05-16,GAUZE PAD 4X4 PROHEALTH CARE,8,750,6000,0,6000,250,2000,4000
Government,MS00544,2020-05-16,ASSORTED STERILE GLOVES,5,2850,14250,0,14250,950,4750,9500
Government,MS00544,2020-05-16,GLOVES (M) SUNSHINE,7,750,5250,0,5250,350,2450,2800
Government,MS00544,2020-05-16,Tongue Depressor,10,450,4500,0,4500,150,1500,3000
Government,MS00544,2020-05-16,Sterile Cotton Swab,10,450,4500,0,4500,150,1500,3000
Government,MS00544,2020-05-16,Tourniquet,15,75,1125,0,1125,25,375,750
Government,MS00544,2020-05-16,ALCOHOL 70% ISOPROPYL 500ml,300,120,36000,0,36000,90,27000,9000
Government,MS00544,2020-05-16,FACE MASK,30,2940,88200,0,88200,514.44,15433.33,72766.67
Government,MS00544,2020-05-16,IV STAND,5,4500,22500,0,22500,1500,7500,15000
Government,MS00544,2020-05-16,UV LIGHT,1,111000,111000,0,111000,25333.25,25333.25,85666.75
Government,MS00544,2020-05-16,WHEEL CHAIR ADULT,2,10500,21000,0,21000,3500,7000,14000
Government,MS00544,2020-05-16,WHEEL CHAIR PEDIA,1,11400,11400,0,11400,3800,3800,7600
Government,MS00544,2020-05-16,COVER ALL SUIT,180,2889,520020,0,520020,910,163800,356220
Government,MS00517,2020-05-16,CINTADOR 250mg,10,1690,16900,0,16900,520,5200,11700
Government,MS00517,2020-05-16,DULAX 3.35MG,20,279,5580,0,5580,98,1960,3620
Government,MS00517,2020-05-16,LOCAINE 50ML,50,85,4250,0,4250,34.31,1715.53,2534.4700000000003
Government,MS00517,2020-05-16,PROMEP 40MG,100,340,34000,0,34000,40,4000,30000
Government,MS00540,2020-05-16,TOLLMAN 20mg,100,67,6700,0,6700,67,6700,0
Government,MS00540,2020-05-16,CEFUSAPH,100,24.1,2410,0,2410,156.92,15691.67,-13281.67
Government,MS00517,2020-05-16,"FUNGISTAT 100,000iu",20,88,1760,0,1760,91,1820,-60
Government,MS00517,2020-05-16,IMATET,20,735,14700,0,14700,665,13300,1400
Government,MS00536,2020-05-16,AXIMEED 200mg,16.67,8210,136833.28,0,136833.28,493,8216.66,128616.62
Government,MS00536,2020-05-16,CEFUSAPH,15,241,3615,0,3615,156.92,2353.75,1261.25
Government,MS00536,2020-05-16,TOGESIC 30MG,20,170,3400,0,3400,168,3360,40
Government,MS00536,2020-05-16,VONWELT ASCORBIC ACID 500MG,3,995.5,2986.5,0,2986.5,59,177,2809.5
Government,MS00536,2020-05-16,AMLOTHIX 5mg,10,63,630,0,630,63,630,0
Government,MS00542,2020-05-16,TEMPAID 500mg,10,750,7500,0,7500,75,750,6750
Government,MS00542,2020-05-16,IBUFEN 400MG TAB,2,660,1320,0,1320,64.17,128.34,1191.66
Government,MS00542,2020-05-16,ASFLEM 600mg,5,1940,9700,0,9700,194,970,8730
Government,MS00542,2020-05-16,APCEE 100MG/5ML,308,300,92400,0,92400,23.03,7094.27,85305.73
Government,MS00542,2020-05-16,EURIVIT 120ml,242,39,9438,0,9438,39,9438,0
Government,MS00542,2020-05-16,MULTIVITA,50,220,11000,0,11000,62,3100,7900
Government,MS00542,2020-05-16,CATAMED 75MCG TAB,2,570,1140,0,1140,463,926,214
Government,MS00542,2020-05-16,HITRO 200mg/5ml,100,58,5800,0,5800,58,5800,0
Government,MS00512,2020-04-30,SITIXON 1G,300,420,126000,0,126000,26.6,7980,118020
Government,MS00512,2020-04-30,DANOXIME 750MG,300,250,75000,0,75000,30.5,9150,65850
Government,MS00512,2020-04-30,ZEFTACARE 1G,50,440,22000,0,22000,39,1950,20050
Government,MS00512,2020-04-30,HEMOBAS 500MG/5ML,20,1300,26000,0,26000,207.5,4150,21850
Government,MS00512,2020-04-30,CYFROX 500MG,6,1600.3,9601.8,0,9601.8,205.33,1232,8369.8
Government,MS00512,2020-04-30,ACRESIL 300MG,4,1500.2,6000.8,0,6000.8,402.83,1611.33,4389.47
Government,MS00512,2020-04-30,EXEL 500MG CAP,20,1302.6,26052,0,26052,233.97,4679.43,21372.57
Government,MS00512,2020-04-30,FLAGEX 500MG,5,500.5,2502.5,0,2502.5,84,420,2082.5
Government,MS00512,2020-04-30,GENTAM 40MG,10,497.5,4975,0,4975,50.42,504.24,4470.76
Government,MS00512,2020-04-30,BRODIX 2.5/2.5ML NEB,2,483.6,967.2,0,967.2,240,480,487.20000000000005
Government,MS00512,2020-04-30,AEROVENT 1MG/ML,1,483.6,483.6,0,483.6,216.75,216.75,266.85
Government,MS00506,2020-03-14,ALLUJEN 100MG TAB,7,899.6,6297.2,0,6297.2,75,525,5772.2
Government,MS00506,2020-03-14,MICROSCOT 20mg,75,250,18750.23,0,18750.23,68.92,5168.75,13581.48
Government,MS00466,2020-03-14,SHARJVAX,80,1100,88000,0,88000,543.43,43474.29,44525.71
Government,MS00466,2020-03-14,AXALAV 625mg,100,890,89000,0,89000,231,23100,65900
Government,MS00466,2020-03-14,KATHREX 800/160MG,5,462,2310,0,2310,132.67,663.33,1646.67
Government,MS00466,2020-03-14,GASAIDE 10MG,10,150,1500,0,1500,20,200,1300
Government,MS00466,2020-03-14,ANIFER 190MG,35,500,17500,0,17500,65,2275,15225
Government,MS00466,2020-03-14,VONWELT Hyoscine Methbro,10,799,7990,0,7990,295,2950,5040
Government,MS00466,2020-03-14,OFPLEMED 300MG SYRUP 60ML,360,98,35280,0,35280,61.69,22210,13070
Government,MS00466,2020-03-14,OFPLEMED 300MG TABLET,50,349,17450,0,17450,107.25,5362.5,12087.5
Government,MS00466,2020-03-14,MAGNESIUM SULFATE 250MG,20,74,1480,0,1480,55,1100,380
Government,MS00466,2020-03-14,METSIL 10MG,20,470,9400,0,9400,35,700,8700
Government,MS00466,2020-03-14,OMEBLOC 20mg,5,2499,12495,0,12495,74.5,372.5,12122.5
Government,MS00466,2020-03-14,PROMEP 40MG,250,624,156000,0,156000,40,10000,146000
Government,MS00466,2020-03-14,BIOGIC 100MG DROPS,144,65,9360,0,9360,10.47,1507.2,7852.8
Government,MS00466,2020-03-14,BIOGIC 250MG SUS,288,124.44,35838.72,0,35838.72,11.13,3204,32634.72
Government,MS00466,2020-03-14,PHYTOMEN 10MG/ML,40,650,26000,0,26000,183,7320,18680
Government,MS00466,2020-03-14,SHARJVAX,50,1200,60000,0,60000,543.43,27171.43,32828.57
Government,MS00466,2020-03-14,FUROSE 10MG/ML,30,480,14400,0,14400,74.67,2240,12160
Government,MS00507,2020-03-14,AZICARE 500MG TAB,10,3150.03,31500.3,0,31500.3,523.33,5233.33,26266.97
Government,MS00482,2020-03-14,HYPOSOL,496,159,78864,0,78864,78,38688,40176
Government,MS00495,2020-03-14,GLOVES (M) - GLOMED,12,350,4200,0,4200,147.5,1770,2430
Government,MS00495,2020-03-14,GREEN CROSS ALCOHOL 500ML,14,84,1176,0,1176,62.95,881.32,294.67999999999995
Government,MS00491,2020-03-14,AMBIMOX 500MG,45,625,28125,0,28125,125.17,5632.5,22492.5
Government,MS00491,2020-03-14,MOXYLOR 250/5ML,200,85,17000,0,17000,16.5,3300,13700
Government,MS00491,2020-03-14,PARASAPH 500MG,80,205,16400,0,16400,38.75,3100,13300
Government,MS00491,2020-03-14,BIOGIC 100MG DROPS,200,55,11000,0,11000,10.47,2093.33,8906.67
Government,MS00491,2020-03-14,KATHREX 800/160MG,20,650,13000,0,13000,132.67,2653.33,10346.67
Government,MS00491,2020-03-14,ACRESIL 300MG,50,345,17250,0,17250,402.83,20141.67,-2891.6699999999983
Government,MS00491,2020-03-14,IBUFEN 400MG TAB,80,285,22800,0,22800,64.17,5133.6,17666.4
Government,MS00491,2020-03-14,INHIBITA 40MG,10,395,3950,0,3950,89.05,890.5,3059.5
Government,MS00491,2020-03-14,DEHYDROSOL 250ML,24,275,6600,0,6600,56,1344,5256
Government,MS00491,2020-03-14,MULTIVITA,40,325,13000,0,13000,62,2480,10520
Government,MS00491,2020-03-14,REGIVIT 60ML,150,74,11100,0,11100,17.5,2625,8475
Government,MS00491,2020-03-14,APCEE 100MG/5ML,75,75,5625,0,5625,23.03,1727.5,3897.5
Government,MS00491,2020-03-14,ANIFER 190MG,21,325,6825,0,6825,65,1365,5460
Government,MS00491,2020-03-14,QUADMAX,8,1090,8720,0,8720,824,6592,2128
Government,MS00491,2020-03-14,SALRESP,6,1400,8400,0,8400,448.89,2693.33,5706.67
Government,MS00491,2020-03-14,BIOXAL 2MG,20,100,2000,0,2000,16.5,330,1670
Government,MS00491,2020-03-14,NOBUTOL 2MG,80,60,4800,0,4800,12,960,3840
Government,MS00493,2020-03-14,MEDRIZINE 5MG/5ML Syrup,30,150,4500,0,4500,25.5,765,3735
Government,MS00493,2020-03-14,ALLECUR 10MG,2,1600,3200,0,3200,28,56,3144
Government,MS00493,2020-03-14,PARTEN 50G,45,700,31500,0,31500,105,4725,26775
Government,MS00493,2020-03-14,VONWELT LOSARTAN 100MG,20,1145,22900,0,22900,190,3800,19100
Government,MS00493,2020-03-14,PHILVASC 10MG,30,650,19500,0,19500,48,1440,18060
Government,MS00493,2020-03-14,PROMETIN,20,600,12000,0,12000,55.25,1105,10895
Government,MS00493,2020-03-14,BRIELVASTIN 20MG TAB,8,1100,8800,0,8800,155,1240,7560
Government,MS00493,2020-03-14,SAPHORMIN 500MG,100,230,23000,0,23000,53.43,5342.86,17657.14
Government,MS00493,2020-03-14,GLYCINORM 80MG TAB,8,1025,8200,0,8200,189.88,1519,6681
Government,MS00493,2020-03-14,AMBIMOX 500MG,25,625,15625,0,15625,125.17,3129.17,12495.83
Government,MS00493,2020-03-14,MEGYXAN 500MG CAP,20,550,11000,0,11000,82.75,1655,9345
Government,MS00493,2020-03-14,MOXYLOR 250/5ML,50,85,4250,0,4250,16.5,825,3425
Government,MS00493,2020-03-14,BIOGIC 250MG SUS,20,65,1300,0,1300,11.13,222.5,1077.5
Government,MS00489,2020-03-14,TOOTH BRUSH - COLGATE CLASSIC CHILD,650,39.5,25675,0,25675,10.9,7085.4,18589.6
Government,MS00489,2020-03-14,TOOTHPASTE 50ML/66G - COLGATE,650,56,36400,0,36400,42.75,27787.5,8612.5
Government,MS00491,2020-03-14,AEROVENT 1MG/ML,6,1290,7740,0,7740,216.75,1300.5,6439.5
Government,MS00466,2020-03-14,MAGNESIUM SULFATE 250MG,20,74,1480,0,1480,55,1100,380
Government,MS00466,2020-03-14,SILVEDEX 10mg,30,71,2130,0,2130,60.33,1810,320
Government,MS00495,2020-03-14,FACE MASK,10,310,3100,0,3100,514.44,5144.44,-2044.4399999999996
Government,MS00491,2020-03-14,XOLFATRIM 400MG,70,19.5,1365,0,1365,20.75,1452.5,-87.5
Government,MS00491,2020-03-14,MONPHEVIN 200MG,40,28,1120,0,1120,35,1400,-280
Government,MS00491,2020-03-14,FAMTRICIN FORTE 200MG SUS,50,198,9900,0,9900,211,10550,-650
Government,MS00491,2020-03-14,PYRAMIN 250MG SUS,40,63,2520,0,2520,68.5,2740,-220
Government,MS00480,2020-03-07,LIFERZIN 250MG,20,700,14000,0,14000,120,2400,11600
Government,MS00480,2020-03-07,AMPICARE 500MG/250MG,5,3500,17500,0,17500,350,1750,15750
Government,MS00480,2020-03-07,DANOXIME 750MG,600,225,135000,0,135000,30.5,18300,116700
Government,MS00480,2020-03-07,ANIFER 190MG,8,500,4000,0,4000,65,520,3480
Government,MS00480,2020-03-07,LUCAZT 10MG,3,2650,7950,0,7950,295,885,7065
Government,MS00480,2020-03-07,PROMEP 40MG,200,363,72600,0,72600,40,8000,64600
Government,MS00468,2020-03-07,SITIXON 1G,2000,250,500000,0,500000,26.6,53200,446800
Government,MS00468,2020-03-07,RANIREX 25MG/ML,80,750,60000,0,60000,31.5,2520,57480
Government,MS00468,2020-03-07,AEROVENT 1MG/ML,100,300,30000,0,30000,216.75,21675,8325
Government,MS00468,2020-03-07,RESPOSAL-1,50,1140,57000,0,57000,295,14750,42250
Government,MS00477,2020-03-07,CLINDEX 150mg/ml,10,3250,32500,0,32500,580,5800,26700
Government,MS00478,2020-03-07,SHARJVAX,100,1092.5,109250,0,109250,543.43,54342.86,54907.14
Government,MS00487,2020-03-07,ANALMIN 500MG,10,1449.5,14495,0,14495,96,960,13535
Government,MS00487,2020-03-07,SAPHLOPID 75MG,5,2875.6,14378,0,14378,133.33,666.67,13711.33
Government,MS00487,2020-03-07,MERAZOL 40MG,30,6248.06,187441.8,0,187441.8,260,7800,179641.8
Government,MS00477,2020-03-07,NEUROBE TAB,3,8900,26700,0,26700,150,450,26250
Government,MS00477,2020-03-07,IMATET,28,735,20580,0,20580,665,18620,1960
Government,MS00391,2020-02-29,BIOGESIC 500MG,25,11,275,0,275,4,100,175
Government,MS00391,2020-02-29,MEFENAMIC ACID 500MG - RITEMED,40,19,760,0,760,4.35,174,586
Government,MS00391,2020-02-29,METOPROLOL 500MG - RITEMED,40,30,1200,0,1200,3.25,130,1070
Government,MS00391,2020-02-29,VHELLOX 250MG,40,20,800,0,800,2.2,88,712
Government,MS00391,2020-02-29,BROADMETZ 500MG,0.4,2500,1000,0,1000,319,127.6,872.4
Government,MS00391,2020-02-29,AGUA OXIGENADA,5,30,150,0,150,14.63,73.15,76.85
Government,MS00391,2020-02-29,WHITE FLOWER OIL,10,89,890,0,890,62.15,621.5,268.5
Government,MS00391,2020-02-29,GREEN METHYL SALICYLATE,3,75,225,0,225,25.08,75.24,149.76
Government,MS00391,2020-02-29,GREEN CROSS ALCOHOL 500ML,10,99,990,0,990,62.95,629.51,360.49
Government,MS00391,2020-02-29,HAPPY COTTON 40G,5,40,200,0,200,19.75,98.75,101.25
Government,MS00391,2020-02-29,GAUZE PAD 4X4 - SURGITECH,0.2,2000,400,0,400,200,40,360
Government,MS00391,2020-02-29,MICROPORE 1/2 IN - 3M,0.21,1680,350,0,350,372.5,77.6,272.4
Government,MS00391,2020-02-29,"ELASTIC BANDAGE 4""X5Y - SURGITECH",8,109,872,0,872,40,320,552
Government,MS00391,2020-02-29,OMEGA 30ML,12,85,1020,0,1020,32.39,388.68,631.3199999999999
Government,MS00479,2020-02-29,CORBAL 250MG,60,1700.01,102000.6,0,102000.6,508.33,30500,71500.6
Government,MS00479,2020-02-29,GENERIC AMLODIPINE 5MG,3,955.5,2866.5,0,2866.5,17,51,2815.5
Government,MS00479,2020-02-29,FLUCYSTEINE 200MG,6,190.06,1140.36,0,1140.36,85,510,630.3599999999999
Government,MS00479,2020-02-29,LIFERZIN 500MG,20,2500,50000,0,50000,538.5,10770,39230
Government,MS00473,2020-02-22,BUPIRIGHT 1'S VIALS,100,799.99,79999,0,79999,209,20900,59099
Government,MS00473,2020-02-22,HYPHEN 50mg,20,1740.05,34801,0,34801,150.89,3017.86,31783.14
Government,MS00473,2020-02-22,ACCU-CHECK INSTANT 100STRIPS,9,3500,31500,0,31500,1560,14040,17460
Government,MS00453,2020-02-22,FLUCYSTEINE 200MG,8,190,1520,0,1520,85,680,840
Government,MS00453,2020-02-22,AMBIMOX 500MG,3,750,2250,0,2250,125.17,375.5,1874.5
Government,MS00453,2020-02-22,SHARJVAX,20,1100,22000,0,22000,543.43,10868.57,11131.43
Government,MS00453,2020-02-22,TROPIN 1MG/ML,1,480,480,0,480,110,110,370
Government,MS00453,2020-02-22,BENZYLPENICILLIN,4,2500,10000,0,10000,800,3200,6800
Government,MS00453,2020-02-22,PHIZOLIN 1g,100,163.15,16315,0,16315,195,19500,-3185
Government,MS00453,2020-02-22,EROXIME 500MG,50,590,29500,0,29500,115,5750,23750
Government,MS00453,2020-02-22,DANOXIME 750MG,100,250,25000,0,25000,30.5,3050,21950
Government,MS00453,2020-02-22,ALLECUR 10MG,2,2100,4200,0,4200,28,56,4144
Government,MS00453,2020-02-22,VONWELT CINNARIZINE 25MG,3,300,900,0,900,41.5,124.5,775.5
Government,MS00453,2020-02-22,CYFROX 500MG,2,1600,3200,0,3200,205.33,410.67,2789.33
Government,MS00453,2020-02-22,ACRESIL 300MG,2,1500,3000,0,3000,402.83,805.67,2194.33
Government,MS00453,2020-02-22,CLINDEX 150mg/ml,5,4703,23515,0,23515,580,2900,20615
Government,MS00453,2020-02-22,COMXICLA 625MG,25,840,21000,0,21000,166.5,4162.5,16837.5
Government,MS00453,2020-02-22,HYPHEN 50mg,3,1740,5220,0,5220,150.89,452.68,4767.32
Government,MS00453,2020-02-22,EPIX BY 10'S,5,860,4300,0,4300,211.7,1058.5,3241.5
Government,MS00453,2020-02-22,CORBAL 100MG,10,1200,12000,0,12000,187.4,1874.02,10125.98
Government,MS00453,2020-02-22,ADUSCINE 20MG/ML,15,820,12300,0,12300,180,2700,9600
Government,MS00453,2020-02-22,EUROGYL 5MG/ML (500MG/100ML),200,120,24000,0,24000,23,4600,19400
Government,MS00453,2020-02-22,AUROHEX 4MG,1,2000,2000,0,2000,274.88,274.88,1725.12
Government,MS00453,2020-02-22,MDVIT DROPS,20,65,1300,0,1300,12,240,1060
Government,MS00453,2020-02-22,MULTIVITA,5,1100,5500,0,5500,62,310,5190
Government,MS00453,2020-02-22,MICROSCOT 20mg,15,250,3750,0,3750,68.92,1033.75,2716.25
Government,MS00453,2020-02-22,DEHYDROSOL 250ML,8,275,2200,0,2200,56,448,1752
Government,MS00453,2020-02-22,RANIREX 25MG/ML,10,750,7500,0,7500,31.5,315,7185
Government,MS00454,2020-02-22,RANITEIN 150MG,1,660,660,0,660,79.28,79.28,580.72
Government,MS00454,2020-02-22,BRODIX 2.5/2.5ML NEB,10,450,4500,0,4500,240,2400,2100
Government,MS00454,2020-02-22,E-DOL 50MG CAP,1,1000,1000,0,1000,80,80,920
Government,MS00454,2020-02-22,HEMOBAS 500MG/5ML,3,1300,3900,0,3900,207.5,622.5,3277.5
Government,MS00454,2020-02-22,VITACORE 100MG,5,900,4500,0,4500,200,1000,3500
Government,MS00454,2020-02-22,REVITAPLEX TAB,10,374,3740,0,3740,99.75,997.5,2742.5
Government,MS00464,2020-02-22,DANOXIME 750MG,2000,250,500000,0,500000,30.5,61000,439000
Government,MS00464,2020-02-22,VONWELT Hyoscine Methbro,5,799,3995,0,3995,295,1475,2520
Government,MS00464,2020-02-22,KETERO 30MG,120,600,72000,0,72000,95,11400,60600
Government,MS00464,2020-02-22,OFPLEMED 300MG TABLET,10,349,3490,0,3490,107.25,1072.5,2417.5
Government,MS00464,2020-02-22,MICROSCOT 20mg,100,248,24800,0,24800,68.92,6891.67,17908.33
Government,MS00464,2020-02-22,RESPOSAL-1,116.67,1139.14,132900,0,132900,295,34416.67,98483.33
Government,MS00464,2020-02-22,TRIVASC 35MG MR,5,1885,9425,0,9425,490,2450,6975
Government,MS00464,2020-02-22,ARTAL-H 50MG/12.5MG,20,615,12300,0,12300,105.95,2119,10181
Government,MS00464,43883,ANGEL-50 50MG,20,1300,26000,0,26000,117.2,2344,23656
Government,MS00452,43876,DANOXIME 750MG,1500,225,337500,0,337500,30.5,45750,291750
Government,MS00452,43876,FUROXIDE 10MG/2ML,100,480,48000,0,48000,64.5,6450,41550
Government,MS00452,43876,CORBAL 100MG,100,1200,120000,0,120000,187.4,18740.16,101259.84
Government,MS00452,43876,CINTADOR 250mg,50,1700,85000,0,85000,520,26000,59000
Government,MS00452,43876,NITROFIX SR 30MG,5,1200,6000,0,6000,470,2350,3650
Government,MS00452,43876,SOLVAPRINE 10MG,25,880,22000,0,22000,146.8,3670,18330
Government,MS00452,43876,KETOPAIN 30mg,120,600,72000,0,72000,64.5,7740,64260
Government,MS00452,43876,LUCAZT 10MG,10,3400,34000,0,34000,295,2950,31050
Government,MS00452,43876,POPICIN,100,1000,100000,0,100000,75,7500,92500
Government,MS00452,43876,BIOGIC 250MG SUS,288,124,35712,0,35712,11.13,3204,32508
Government,MS00452,43876,PARASAPH 500MG,10,350,3500,0,3500,38.75,387.5,3112.5
Government,MS00452,43876,NOBUTOL 2MG,72,70,5040,0,5040,12,864,4176
Government,MS00452,43876,AEROVENT 1MG/ML,83.33,480,40000,0,40000,216.75,18062.5,21937.5
Government,MS00452,43876,AMBIDOL 50MG/ML (100MG/2ML),50,1100,55000,0,55000,142,7100,47900
Government,MS00455,43869,BUPIRIGHT 1'S VIALS,100,799.99,79999,0,79999,209,20900,59099
Government,MS00395,43869,AMIPHIL 25MG/ML AMP,2,589,1178,0,1178,150,300,878
Government,MS00395,43869,SHARJVAX,5,1100,5500,0,5500,543.43,2717.14,2782.86
Government,MS00395,43869,MEDRIZINE 5MG/5ML Syrup,50,110,5500,0,5500,25.5,1275,4225
Government,MS00395,43869,PHILCLOX 500MG,29,800,23200,0,23200,247.47,7176.53,16023.470000000001
Government,MS00395,43869,LUVMOX 250MG,100,249,24900,0,24900,100,10000,14900
Government,MS00395,43869,IMATET,5,1100,5500,0,5500,665,3325,2175
Government,MS00395,43869,NATRASOL 50MG,30,1140,34200,0,34200,143.5,4305,29895
Government,133,43869,PR 1011A-110,1,1606105,1606105,0,1606105,767130,767130,838975
Government,MS00399,43855,CARDOWIN 1MG,50,1340.11,67005.5,0,67005.5,270.71,13535.71,53469.79
Government,MS00397,43855,CARDOWIN 1MG,50,1340.11,67005.5,0,67005.5,270.71,13535.71,53469.79
Government,MS00398,43855,MEDRIZINE 2.5MG/ML Drops,144,245,35280,0,35280,22.65,3261.6,32018.4
Government,MS00400,43855,AMPICARE 500MG/250MG,50,5755,287750,0,287750,350,17500,270250
Government,MS00377,43848,AC-LYTE 200MG,16.67,570,9500,0,9500,220,3666.67,5833.33
Government,MS00377,43848,XYCLOVIRAX 200MG,1,1200,1200,0,1200,295,295,905
Government,MS00377,43848,MEDALEM SYRUP,20,53,1060,0,1060,13.75,275,785
Government,MS00377,43848,AMIPHIL 25MG/ML AMP,2,580,1160,0,1160,150,300,860
Government,MS00377,43848,TROPIN 1MG/ML,2,480,960,0,960,110,220,740
Government,MS00377,43848,VERTIKIND,1,1716,1716,0,1716,120,120,1596
Government,MS00377,43848,SAPHLECOX 200MG,3,2500,7500,0,7500,180.5,541.5,6958.5
Government,MS00377,43848,VONWELT CINNARIZINE 25MG,3,300,900,0,900,41.5,124.5,775.5
Government,MS00377,43848,CLINDAGOLD 300MG,2,1500,3000,0,3000,387.5,775,2225
Government,MS00377,43848,DIALOX 250MG/5ML,10,70,700,0,700,25,250,450
Government,MS00377,43848,DICYCLOVERINE 10MG/5ML SYR GENERIC/LUMAR,10,65,650,0,650,11.25,112.5,537.5
Government,MS00377,43848,GASAIDE 10MG,1,150,150,0,150,20,20,130
Government,MS00377,43848,GENERIC DOXYCYCLINE 100MG,1,2200,2200,0,2200,90,90,2110
Government,MS00377,43848,FEROLEM 75MG,10,49,490,0,490,12.77,127.73,362.27
Government,MS00377,43848,CORBAL 250MG,5,1700,8500,0,8500,508.33,2541.67,5958.33
Government,MS00377,43848,SORBANCE 5MG,3.33,345,1150,0,1150,105,350,800
Government,MS00377,43848,NITROFIX SR 30MG,3,1600,4800,0,4800,470,1410,3390
Government,MS00377,43848,CONSILOSE 3.35G/5ML,10,279,2790,0,2790,99,990,1800
Government,MS00377,43848,GENERIC MEBENDAZOLE 100MG,10,35,350,0,350,18.5,185,165
Government,MS00377,43848,MEFESAPH 250MG,2,400,800,0,800,63,126,674
Government,MS00377,43848,MOTILLEX 5ML/5ML,10,40,400,0,400,13.8,138,262
Government,MS00377,43848,METROZOLE 125MG,1,45,45,0,45,14.5,14.5,30.5
Government,MS00377,43848,AMBIDAZOL 125MG SUS,19,45,855,0,855,16.33,310.33,544.6700000000001
Government,MS00377,43848,MOCAST 10MG,0.9,3396.67,3057,0,3057,350,315,2742
Government,MS00378,43848,AUROHEX 4MG,3,609,1827,0,1827,274.88,824.63,1002.37
Government,MS00378,43848,REGIVIT DROPS 15ML,10,68,680,0,680,12.75,127.5,552.5
Government,MS00378,43848,PHYTOMEN 10MG/ML,3,650,1950,0,1950,183,549,1401
Government,MS00378,43848,HYPRO 10MG/20ML,20,640,12800,0,12800,185,3700,9100
Government,MS00378,43848,BRODIX 2.5/2.5ML NEB,20,483,9660,0,9660,240,4800,4860
Government,MS00378,43848,SALRESP,5,1329,6645,0,6645,448.89,2244.44,4400.5599999999995
Government,MS00378,43848,VONWELT TRANEXAMIC ACID,1,1800,1800,0,1800,320,320,1480
Government,MS00378,43848,ENERZINC DROPS,6,80,480,0,480,25.5,153,327
Government,MS00378,43848,ZINC VITA DROPS,18,80,1440,0,1440,18.5,333,1107
Government,MS00378,43848,ZINC VITA SYRUP,25,90,2250,0,2250,20.15,503.75,1746.25
Government,MS00379,43848,LODIPEX 10MG,10,1500,15000,0,15000,56.75,567.5,14432.5
Government,MS00379,43848,CATAMED 75MCG TAB,2,2299,4598,0,4598,463,926,3672
Government,MS00379,43848,GENERIC FUROSEMIDE 20MG,1,200,200,0,200,42,42,158
Government,MS00379,43848,GLYCINORM 80MG TAB,2,899,1798,0,1798,189.88,379.75,1418.25
Government,MS00379,43848,HYLAZINE 20MG,3,3020,9060,0,9060,275,825,8235
Government,MS00379,43848,LOSAGAN 50MG,10,1300,13000,0,13000,107,1070,11930
Government,MS00379,43848,ADIAC 500MG,5,499,2495,0,2495,61,305,2190
Government,MS00379,43848,BP LOW 250MG TAB,1,1340,1340,0,1340,340,340,1000
Government,MS00379,43848,PROMETIN,10,399,3990,0,3990,55.25,552.5,3437.5
Government,MS00379,43848,CARDOWIN 1MG,20,1130,22600,0,22600,270.71,5414.29,17185.71
Government,MS00379,43848,PHILSTAT 20MG,8,998,7984,0,7984,96,768,7216
Government,MS00379,43848,DIASTATIN 40MG,1,1584,1584,0,1584,186.5,186.5,1397.5
Government,MS00383,43848,MOXYLOR 250/5ML,100,122,12200,0,12200,16.5,1650,10550
Government,MS00383,43848,AMPI-1,25,500,12500,0,12500,103.18,2579.38,9920.619999999999
Government,MS00383,43848,LIFERZIN 250MG,50,500,25000,0,25000,120,6000,19000
Government,MS00383,43848,ASCOPHIL 500MG,10,498,4980,0,4980,58,580,4400
Government,MS00383,43848,TROPIN 1MG/ML,5,485,2425,0,2425,110,550,1875
Government,MS00383,43848,ACCEXIME 125MG,50,310,15500,0,15500,82,4100,11400
Government,MS00383,43848,CEFUROX 125MG,5,310,1550,0,1550,70,350,1200
Government,MS00383,43848,IMPEXUR 750MG,60,1200,72000,0,72000,155,9300,62700
Government,MS00383,43848,PHILCLOX 500MG,12,800,9600,0,9600,247.47,2969.6,6630.4
Government,MS00383,43848,OFPLEMED 300MG SYRUP 60ML,50,95,4750,0,4750,61.69,3084.72,1665.2800000000002
Government,MS00383,43848,LOCAINE 50ML,108,85,9180,0,9180,34.31,3705.55,5474.45
Government,MS00383,43848,MULTIMEED 60ML,50,94,4700,0,4700,14,700,4000
Government,MS00383,43848,MERAZOL 40MG,10,3390,33900,0,33900,260,2600,31300
Government,MS00383,43848,DEHYDROSOL 250ML,30,373,11190,0,11190,56,1680,9510
Government,MS00383,43848,BIOGIC 100MG DROPS,52,66,3432,0,3432,10.47,544.27,2887.73
Government,MS00383,43848,BIOGIC 250MG SUS,100,125,12500,0,12500,11.13,1112.5,11387.5
Government,MS00383,43848,BIOGIC 500MG,15,349,5235,0,5235,34.75,521.25,4713.75
Government,MS00383,43848,BRODIX 2.5/2.5ML NEB,100,483,48300,0,48300,240,24000,24300
Government,MS00383,43848,FUROXIDE 10MG/2ML,10,483,4830,0,4830,64.5,645,4185
Government,MS00369,43848,EXEL 500MG CAP,50,1302,65100,0,65100,233.97,11698.57,53401.43
Government,MS00369,43848,SPASBASCINE,200,820,164000,0,164000,194.72,38944.44,125055.56
Government,MS00369,43848,OFPLEMED 300MG TABLET,100,349,34900,0,34900,107.25,10725,24175
Government,MS00369,43848,MYREFEN 500MG,20,1449,28980,0,28980,80,1600,27380
Government,MS00369,43848,MICROSCOT 20mg,100,250,25000,0,25000,68.92,6891.67,18108.33
Government,MS00369,43848,BIOGIC 250MG SUS,432,123,53136,0,53136,11.13,4806,48330
Government,MS00369,43848,AGLOTAC 25MG/ML (50MG/2ML),200,750,150000,0,150000,58.07,11613.33,138386.67
Government,MS00369,43848,SALRESP,220,1329,292380,0,292380,448.89,98755.56,193624.44
Government,MS00369,43848,REVITAPLEX TAB,40,374,14960,0,14960,99.75,3990,10970
Government,MS00369,43848,ARTAL-H 50MG/12.5MG,50,2049,102450,0,102450,105.95,5297.5,97152.5
Government,MS00369,43848,ANGEL-50 50MG,50,1299,64950,0,64950,117.2,5860,59090
Government,MS00393,43848,GLOVES VINYL MEDIUM - DR. CARE,5,494,2470,0,2470,180,900,1570
Government,MS00393,43848,GREEN CROSS ALCOHOL 500ML,9,85,765,0,765,62.95,566.56,198.44000000000005
Government,MS00393,43848,FACE MASK,2,148,296,0,296,514.44,1028.89,-732.8900000000001
Government,MS00393,43848,COTTON BALLS -300'S - UNIMEX,10,114,1140,0,1140,65.56,655.56,484.44000000000005
Government,MS00393,43848,DOMEX 1LITER,1,439,439,0,439,154.95,154.95,284.05
Government,MS00393,43848,MOUTH MIRROR,13,38,494,0,494,150,1950,-1456
Government,MS00393,43848,"AUTOCLAVE TAPE 3/4""",1,500,500,0,500,100,100,400
Government,MS00393,43848,HANDSOAP 500ML,2,150,300,0,300,78.75,157.5,142.5
Government,MS00393,43848,WHITE TOWEL,1,200,200,0,200,116.67,116.67,83.33
Government,MS00393,43848,GAUZE PAD 4X4 - SURGITECH,16,300,4800,0,4800,200,3200,1600
Government,MS00393,43848,GLOVES (M) - GLOMED,15,299,4485,0,4485,147.5,2212.5,2272.5
Government,MS00393,43848,GREEN CROSS ALCOHOL 500ML,72,84,6048,0,6048,62.95,4532.48,1515.5200000000004
Government,MS00393,43848,COTTON ROLL 400G - UNIMEX,64,214,13696,0,13696,150,9600,4096
Government,MS00393,43848,DISPOSABLE SYRINGE 3CC - SURE GUARD,2,420,840,0,840,160,320,520
Government,MS00393,43848,DISPOSABLE SYRINGE 1CC - SUREGUARD,2,700,1400,0,1400,150,300,1100
Government,MS00393,43848,CHROMIC 3-0 CUTTING TUDOR,16,450,7200,0,7200,250,4000,3200
Government,MS00393,43848,SILK CUTTING 2-0 - TUDOR,6,450,2700,0,2700,250,1500,1200
Government,MS00393,43848,LOCAINE 50ML,16,48,768,0,768,34.31,548.97,219.02999999999997
Government,MS00393,43848,"MICROPORE 1"" - 3M",3,480,1440,0,1440,380,1140,300
Government,MS00393,43848,SURGICAL BLADES - SURGITECH,2,74,148,0,148,50,100,48
Government,MS00393,43848,ZONROX 1GALLON,2,149,298,0,298,116.14,232.28,65.72
Government,MS00393,43848,INSULIN SYRINGE G30X1/2CC / G30X1CC - TERUMO,2,799,1598,0,1598,700,1400,198
Government,MS00393,43848,GLOVES SIZE 7.5 - DR. KELLY,5,2698,13490,0,13490,1400,7000,6490
Government,MS00377,43848,TRIADONE 200mg TAB,1.11,677.7,752.99,0,752.99,667,741.1,11.889999999999986
Government,MS00377,43848,DRUGMAKER GUAIFENESIN 100MG CAP,1,295,295,0,295,250,250,45
Government,MS00378,43848,ZINC VITA DROPS,25,80,2000,0,2000,18.5,462.5,1537.5
Government,MS00386,43841,EXEL 500MG CAP,35,1302,45570,0,45570,233.97,8189,37381
Government,MS00386,43841,AXMEL 500MG,35,350,12250,0,12250,117,4095,8155
Government,MS00386,43841,MECID 500MG,35,1450,50750,0,50750,77,2695,48055
Government,MS00386,43841,LIFERZIN 250MG,10,380,3800,0,3800,120,1200,2600
Government,MS00386,43841,LIFERZIN 500MG,1,4000,4000,0,4000,538.5,538.5,3461.5
Government,MS00386,43841,AMPI-1,2.6,490,1274,0,1274,103.18,268.26,1005.74
Government,MS00386,43841,GENTAM 40MG,5,490,2450,0,2450,50.42,252.12,2197.88
Government,MS00386,43841,HYLAZINE 20MG,2.5,3010,7525,0,7525,275,687.5,6837.5
Government,MS00386,43841,DEXAMAX 4MG,2,910,1820,0,1820,71,142,1678
Government,MS00386,43841,EPIX BY 10'S,0.5,860,430,0,430,211.7,105.85,324.15
Government,MS00386,43841,MAGNESIUM SULFATE 250MG,20,450,9000,0,9000,55,1100,7900
Government,MS00386,43841,HEMOBAS 500MG/5ML,2,1300,2600,0,2600,207.5,415,2185
Government,MS00386,43841,HYPHEN 50mg,0.7,1740,1218,0,1218,150.89,105.63,1112.37
Government,MS00386,43841,ATREX 1MG/ML,1.3,480,624,0,624,103.75,134.88,489.12
Government,MS00386,43841,PHYTOMEN 10MG/ML,5,1330,6650,0,6650,183,915,5735
Government,MS00386,43841,POPICIN,12.5,1000,12500,0,12500,75,937.5,11562.5
Government,MS00386,43841,D5LR 1000ML,48,135,6480,0,6480,51.5,2472,4008
Government,MS00386,43841,PNSS 1LITER 0.9%,25,135,3375,0,3375,62.5,1562.5,1812.5
Government,MS00389,43841,VDRL-SYPHILIS RAPID TEST STRIP - RIGHT SIGN,243,99.95,24287.85,0,24287.85,50,12150,12137.849999999999
Government,MS00389,43841,HBSAG - SD,243,99.5,24178.5,0,24178.5,67.22,16335,7843.5
Government,MS00389,43841,HIV -RAPID TEST CASSETTE - RIGHT SIGN,125,99.25,12406.25,0,12406.25,80,10000,2406.25
Government,MS00389,43841,GREEN CROSS ISOPROPHY ALCOHOL 70% 60ML BOT,2,85,170,0,170,15.54,31.09,138.91
Government,MS00389,43841,COTTON ROLL 400G - UNIMEX,1,215,215,0,215,150,150,65
Government,MS00396,43841,EMECIN 25MG,7,300.3,2102.1,0,2102.1,58,406,1696.1
Government,MS00389,43841,DISPOSABLE SYRINGE 3CC - PROHEALTH,2,420,840,0,840,160,320,520
Government,MS00389,43841,GLOVES (S) - DR. CHOICE,5,353,1765,0,1765,130,650,1115
Government,MS00389,43841,GLASS SLIDES CAT NO. 7102,1,399,399,0,399,50,50,349
Government,MS00389,43841,ABSOLUTE WATER 6000ML,1,749,749,0,749,64,64,685
Government,MS00389,43841,INDUSTRIAL GOGGLES,1,325,325,0,325,98.33,98.33,226.67000000000002
Government,MS00389,43841,FACE MASK,1,150,150,0,150,514.44,514.44,-364.44000000000005
Government,MS00389,43841,SPECULUM (M),2,1349,2698,0,2698,450,900,1798
Government,MS00389,43841,SPECULUM (L),2,1350,2700,0,2700,450,900,1800
Government,MS00389,43841,LUBRICATING JELLY 150G - UNIMEX,1,600,600,0,600,150,150,450
Government,MS00387,43841,GREEN CROSS ALCOHOL 500ML,25,182,4550,0,4550,62.95,1573.78,2976.2200000000003
Government,MS00387,43841,MICROPORE 1/2 IN - 3M,2,1080,2160,0,2160,372.5,745,1415
Government,MS00387,43841,GLOVES (M) - GLOMED,25,449,11225,0,11225,147.5,3687.5,7537.5
Government,MS00387,43841,COTTON BALLS -300'S - UNIMEX,25,120,3000,0,3000,65.56,1638.89,1361.11
Government,MS00387,43841,UNDERPAD,15,390,5850,0,5850,100,1500,4350
Government,MS00387,43841,CORD CLAMP - SIMPLEX,1,2000,2000,0,2000,350,350,1650
Government,MS00387,43841,COTTON ROLL 400G - UNIMEX,3,390,1170,0,1170,150,450,720
Government,MS00387,43841,Gauze Roll 28x24 - SURGITECH,3,2700,8100,0,8100,900,2700,5400
Government,MS00387,43841,GLOVES 7 PROTEXIS,2,4200,8400,0,8400,1400,2800,5600
Government,MS00387,43841,GLOVES SIZE 7.5 - DR. KELLY,1,4200,4200,0,4200,1400,1400,2800
Government,MS00387,43841,GLOVES 6.5 PROTEXIS,1,4200,4200,0,4200,1800,1800,2400
Government,MS00387,43841,DISPOSABLE SYRINGE 1CC - TERUMO,4,1700,6800,0,6800,276.67,1106.67,5693.33
Government,MS00387,43841,DISPOSABLE SYRINGE 3CC - TERUMO,1,1700,1700,0,1700,416.67,416.67,1283.33
Government,MS00387,43841,DISPOSABLE SYRINGE 10CC - TERUMO,23,17,391,0,391,203.25,4674.75,-4283.75
Government,MS00387,43841,DISPOSABLE SYRINGE 20CC - TERUMO,22,17,374,0,374,13,286,88
Government,MS00387,43841,BETADINE POVIDONE IODINE 10% GAL,2,1799,3598,0,3598,600,1200,2398
Government,MS00387,43841,CHROMIC 2-0 CUTTING NEEDLE - TUDOR,3,840,2520,0,2520,250,750,1770
Government,MS00387,43841,LUBRICATING JELLY 150G - UNIMEX,14,450,6300,0,6300,150,2100,4200
Government,MS00387,43841,IV CATHETER G.18 - BIOFLON,40,132,5280,0,5280,0,0,5280
Government,MS00387,43841,IV CATHETER G.20 - BIOFLON,40,132,5280,0,5280,0,0,5280
Government,MS00387,43841,IV SET (ADULT) COSMED,27,53,1431,0,1431,17,459,972
Government,MS00387,43841,IV SET (PEDIA) COSMED,3,53,159,0,159,17,51,108
Government,MS00387,43841,MATERNITY PAD - SANITEX,50,390,19500,0,19500,85,4250,15250
Government,MS00387,43841,DIGITAL THERMOMETER - SURGITECH,5,180,900,0,900,55,275,625
Government,MS00388,43841,ULTRASOUND GEL (GALLON),3,1800,5400,0,5400,600,1800,3600
Government,MS00388,43841,FACE MASK,1,150,150,0,150,514.44,514.44,-364.44000000000005
Government,MS00388,43841,NASAL OXYGEN CANNULA 2M (ADULT) - ORMED,10,105,1050,0,1050,35,350,700
Government,MS00388,43841,OXYGEN CANNULA NEONATE-SURGITECH,5,210,1050,0,1050,60,300,750
Government,MS00388,43841,FOLDING BED,2,2750,5500,0,5500,3500,7000,-1500
Government,MS00388,43841,BP APPARATUS WITH STAND BAXTEL,2,9600,19200,0,19200,7500,15000,4200
Government,MS00388,43841,EAR THERMOMETER,2,3000,6000,0,6000,2090,4180,1820
Government,MS00389,43841,GYNE-TOCIN 10IU/ML,5,90,450,0,450,83.21,416.06,33.94
Government,MS00389,43841,PHYTOMEN 10MG/ML,5,190,950,0,950,183,915,35
Government,MS00389,43841,CORD CLAMP - SIMPLEX,3,300,900,0,900,350,1050,-150
Hospital,MS00691,2020-12-20,DIFLOSID 75MG/3ML,5,750,3750,0,3750,119.59,597.97,3152.0299999999997
Hospital,MS00691,2020-12-20,EVAPROST 125MCG/ML,3,3960,11880,0,11880,1872,5616,6264
Hospital,MS00691,2020-12-20,EVAPROST 250MCG/ML,2,9600,19200,0,19200,3575,7150,12050
Hospital,MS00691,2020-12-20,DOLO JAGA 500MG/50MG/100MG/100MCG,3,1550,4650,0,4650,615,1845,2805
Hospital,MS00691,2020-12-20,LACTAMOX 500MG/125MG TAB,3,2800,8400,0,8400,1173.5,3520.5,4879.5
Hospital,MS00691,2020-12-20,SODAMPEN 1G IM/IV,30,128,3840,0,3840,43,1290,2550
Hospital,MS00691,2020-12-20,SODAMPEN 250MG VIAL,2,420,840,0,840,120,240,600
Hospital,MS00691,2020-12-20,AGLOTAC 25MG/ML (50MG/2ML),4,800,3200,0,3200,58.07,232.27,2967.73
Hospital,MS00691,2020-12-20,PHYTOMEN 10MG/ML,2,800,1600,0,1600,183,366,1234
Hospital,MS00691,2020-12-20,ENOCEE 500mg,3,1200,3600,0,3600,85,255,3345
Hospital,MS00691,2020-12-20,EPIX BY 10'S,15,1200,18000,0,18000,211.7,3175.5,14824.5
Hospital,MS00691,2020-12-20,AMBIDOL 50MG/ML (100MG/2ML),2,1200,2400,0,2400,142,284,2116
Hospital,MS00696,2020-12-20,ANTIZOAL 5MG/ML,100,120,12000,0,12000,22.19,2219.33,9780.67
Hospital,MS00694,2020-12-20,CIMEX 500MG,10,2900,29000,0,29000,1100,11000,18000
Hospital,MS00695,2020-12-20,GYNE-TOCIN 10IU/ML,100,900,90000,0,90000,83.21,8321.11,81678.89
Hospital,MS00693,2020-12-20,BACTIV 625MG,23,529.2,12171.6,0,12171.6,283.05,6510.1,5661.5
Hospital,MS00685,2020-12-03,DOPAMET 250MG TAB,25,640,16000,0,16000,196.63,4915.63,11084.369999999999
Hospital,MS00685,2020-12-03,TERMAGEN 500MG,20,500,10000,0,10000,104.9,2097.9,7902.1
Hospital,MS00685,2020-12-03,DEXAMAX 4MG,30,917.5,27525,0,27525,71,2130,25395
Hospital,MS00685,2020-12-03,EVAPROST 250MCG/ML,10,9600,96000,0,96000,3575,35750,60250
Hospital,MS00685,2020-12-03,CIMEX 500MG,10,2900,29000,0,29000,1100,11000,18000
Hospital,MS00682,2020-12-03,ALL SILICONE DUODENAL TUBE F.16 - UNIMEX,30,221,6630,0,6630,193.33,5800,830
Hospital,MS00681,2020-12-03,BUPIRIGHT 1'S VIALS,80,620,49600,0,49600,209,16720,32880
Hospital,MS00681,2020-12-03,METMIC 500MG,2,780,1560,0,1560,227.5,455,1105
Hospital,MS00681,2020-12-03,ZINACARE 750MG W/O DILUENT,30,300,9000,0,9000,15.25,457.5,8542.5
Hospital,MS00681,2020-12-03,CEPROTRON 500MG,2,1750,3500,0,3500,533.33,1066.67,2433.33
Hospital,MS00681,2020-12-03,DIFLOSID 75MG/3ML,10,750,7500,0,7500,119.59,1195.94,6304.0599999999995
Hospital,MS00681,2020-12-03,ERGON 125MCG,1,2000,2000,0,2000,138.04,138.04,1861.96
Hospital,MS00681,2020-12-03,EVAPROST 125MCG/ML,5,3960,19800,0,19800,1872,9360,10440
Hospital,MS00681,2020-12-03,EVAPROST 250MCG/ML,3,9600,28800,0,28800,3575,10725,18075
Hospital,MS00681,2020-12-03,LACTAMOX 500MG/125MG TAB,5,2800,14000,0,14000,1173.5,5867.5,8132.5
Hospital,MS00681,2020-12-03,MAXIFER 20MG/ML,3,2490,7470,0,7470,1088.9,3266.7,4203.3
Hospital,MS00681,2020-12-03,DOLO JAGA 500MG/50MG/100MG/100MCG,4,1550,6200,0,6200,615,2460,3740
Hospital,MS00681,2020-12-03,AGLOTAC 25MG/ML (50MG/2ML),10,800,8000,0,8000,58.07,580.67,7419.33
Hospital,MS00681,2020-12-03,SODAMPEN 1G IM/IV,30,128,3840,0,3840,43,1290,2550
Hospital,MS00681,2020-12-03,EPIX BY 10'S,5,1200,6000,0,6000,211.7,1058.5,4941.5
Hospital,MS00681,2020-12-03,ATREX 1MG/ML,3,580,1740,0,1740,103.75,311.25,1428.75
Hospital,MS00681,2020-12-03,ENOCEE 500mg,7,1200,8400,0,8400,85,595,7805
Hospital,MS00683,2020-12-03,SORBIFER 310MG,30,1400,42000,0,42000,725.7,21771.14,20228.86
Hospital,MS00679,2020-11-21,SPASBASCINE,100,750,75000,0,75000,194.72,19472.22,55527.78
Hospital,MS00679,2020-11-21,FLACOXTO 200MG,10,2500,25000,0,25000,218.5,2185,22815
Hospital,MS00675,2020-11-13,ENOCEE 500mg,7,1200,8400,0,8400,85,595,7805
Hospital,MS00673,2020-11-07,CIMEX 500MG,10,2900,29000,0,29000,1100,11000,18000
Hospital,MS00671,2020-11-07,ZEFXON 40MG,200,533.4,106680,0,106680,282.15,56429.36,50250.64
Hospital,MS00667,2020-11-03,BUPIRIGHT 1'S VIALS,50,620,31000,0,31000,209,10450,20550
Hospital,MS00667,2020-11-03,METMIC 500MG,2,780,1560,0,1560,227.5,455,1105
Hospital,MS00667,2020-11-03,CEPROTRON 500MG,2,1750,3500,0,3500,533.33,1066.67,2433.33
Hospital,MS00667,2020-11-03,DIFLOSID 75MG/3ML,10,750,7500,0,7500,119.59,1195.94,6304.0599999999995
Hospital,MS00667,2020-11-03,EVAPROST 125MCG/ML,3,3960,11880,0,11880,1872,5616,6264
Hospital,MS00667,2020-11-03,EVAPROST 250MCG/ML,3,9600,28800,0,28800,3575,10725,18075
Hospital,MS00667,2020-11-03,EUROXONE 1G,50,480,24000,0,24000,73,3650,20350
Hospital,MS00667,2020-11-03,LACTAMOX 500MG/125MG TAB,5,2800,14000,0,14000,1173.5,5867.5,8132.5
Hospital,MS00667,2020-11-03,AGLOTAC 25MG/ML (50MG/2ML),10,800,8000,0,8000,58.07,580.67,7419.33
Hospital,MS00667,2020-11-03,SODAMPEN 1G IM/IV,30,128,3840,0,3840,43,1290,2550
Hospital,MS00667,2020-11-03,EPIX BY 10'S,3,1200,3600,0,3600,211.7,635.1,2964.9
Hospital,MS00667,2020-11-03,ATREX 1MG/ML,3,580,1740,0,1740,103.75,311.25,1428.75
Hospital,MS00667,2020-11-03,ENOCEE 500mg,6,1200,7200,0,7200,85,510,6690
Hospital,MS00669,2020-11-03,MAXIFER 20MG/ML,60,2450,147000,0,147000,1088.9,65334.09,81665.91
Hospital,MS00669,2020-11-03,SORBIFER 310MG,20,1400,28000,0,28000,725.7,14514.09,13485.91
Hospital,MS00669,2020-11-03,EVAPROST 125MCG/ML,10,4800,48000,0,48000,1872,18720,29280
Hospital,MS00669,2020-11-03,EUROXONE 1G,300,380,114000,0,114000,73,21900,92100
Hospital,MS00669,2020-11-03,DOPAMET 250MG TAB,25,640,16000,0,16000,196.63,4915.63,11084.369999999999
Hospital,MS00666,2020-11-03,ANTIZOAL 5MG/ML,300,120,36000,0,36000,22.19,6658,29342
Hospital,MS00665,2020-11-03,CIMEX 500MG,10,2900,29000,0,29000,1100,11000,18000
Hospital,MS00664,2020-11-03,DEXAMAX 4MG,50,917.5,45875,0,45875,71,3550,42325
Hospital,MS00658,2020-10-23,HYCLENS 0.12% GARGLE 60ML,1440,280,403200,0,403200,65,93600,309600
Hospital,MS00657,2020-10-23,BUPIRIGHT 1'S VIALS,20,620,12400,0,12400,209,4180,8220
Hospital,MS00657,2020-10-23,CEPROTRON 500MG,4,1750,7000,0,7000,533.33,2133.33,4866.67
Hospital,MS00657,2020-10-23,DIFLOSID 75MG/3ML,10,750,7500,0,7500,119.59,1195.94,6304.0599999999995
Hospital,MS00657,2020-10-23,EVAPROST 125MCG/ML,3,3960,11880,0,11880,1872,5616,6264
Hospital,MS00657,2020-10-23,EVAPROST 250MCG/ML,1,9600,9600,0,9600,3575,3575,6025
Hospital,MS00657,2020-10-23,AGLOTAC 25MG/ML (50MG/2ML),5,800,4000,0,4000,58.07,290.33,3709.67
Hospital,MS00657,2020-10-23,PHYTOMEN 10MG/ML,5,800,4000,0,4000,183,915,3085
Hospital,MS00657,2020-10-23,ATREX 1MG/ML,3,580,1740,0,1740,103.75,311.25,1428.75
Hospital,MS00656,2020-10-23,ENOCEE 500mg,5,1200,6000,0,6000,85,425,5575
Hospital,MS00647,2020-10-12,MAXIFER 20MG/ML,60,2450,147000,0,147000,1088.9,65334.09,81665.91
Hospital,MS00648,2020-10-05,CEPROTRON 500MG,4,1750,7000,0,7000,533.33,2133.33,4866.67
Hospital,MS00650,2020-10-05,PHYTOMEN 10MG/ML,10,900,9000,0,9000,183,1830,7170
Hospital,PULL 2354,2020-10-05,ONZET 2MG,30,-6300,-189000,0,-189000,3301.8,99054,-288054
Hospital,MS00652,2020-10-05,SORBIFER 310MG,20,1400,28000,0,28000,725.7,14514.09,13485.91
Hospital,MS00652,2020-10-05,SPASBASCINE,100,750,75000,0,75000,194.72,19472.22,55527.78
Hospital,MS00649,2020-10-05,EPIX BY 10'S,3,1200,3600,0,3600,211.7,635.1,2964.9
Hospital,MS00649,2020-10-05,EVAPROST 125MCG/ML,3,3960,11880,0,11880,1872,5616,6264
Hospital,MS00649,2020-10-05,EVAPROST 250MCG/ML,1,9600,9600,0,9600,3575,3575,6025
Hospital,MS00649,2020-10-05,ANTIZOAL 5MG/ML,20,80,1600,0,1600,22.19,443.87,1156.13
Hospital,MS00649,2020-10-05,BUPIRIGHT 1'S VIALS,30,620,18600,0,18600,209,6270,12330
Hospital,MS00649,2020-10-05,METMIC 500MG,2,780,1560,0,1560,227.5,455,1105
Hospital,MS00649,2020-10-05,ZINACARE 750MG W/O DILUENT,30,300,9000,0,9000,15.25,457.5,8542.5
Hospital,MS00649,2020-10-05,DIFLOSID 75MG/3ML,5,750,3750,0,3750,119.59,597.97,3152.0299999999997
Hospital,MS00649,2020-10-05,LACTAMOX 500MG/125MG TAB,5,2800,14000,0,14000,1173.5,5867.5,8132.5
Hospital,MS00649,2020-10-05,DOLO JAGA 500MG/50MG/100MG/100MCG,3,1550,4650,0,4650,615,1845,2805
Hospital,MS00649,2020-10-05,AGLOTAC 25MG/ML (50MG/2ML),10,800,8000,0,8000,58.07,580.67,7419.33
Hospital,MS00649,2020-10-05,SODAMPEN 1G IM/IV,30,128,3840,0,3840,43,1290,2550
Hospital,MS00649,2020-10-05,APCEE 500MG,2,1200,2400,0,2400,245,490,1910
Hospital,MS00638,2020-09-28,BUPIRIGHT 1'S VIALS,50,620,31000,0,31000,209,10450,20550
Hospital,MS00638,2020-09-28,METMIC 500MG,2,780,1560,0,1560,227.5,455,1105
Hospital,MS00638,2020-09-28,ZINACARE 750MG W/O DILUENT,100,300,30000,0,30000,15.25,1525,28475
Hospital,MS00638,2020-09-28,DIFLOSID 75MG/3ML,10,750,7500,0,7500,119.59,1195.94,6304.0599999999995
Hospital,MS00638,2020-09-28,ERGON 125MCG,1,2000,2000,0,2000,138.04,138.04,1861.96
Hospital,MS00638,2020-09-28,EVAPROST 125MCG/ML,4,3960,15840,0,15840,1872,7488,8352
Hospital,MS00638,2020-09-28,EVAPROST 250MCG/ML,2,9600,19200,0,19200,3575,7150,12050
Hospital,MS00638,2020-09-28,EUROXONE 1G,30,480,14400,0,14400,73,2190,12210
Hospital,MS00638,2020-09-28,LACTAMOX 500MG/125MG TAB,5,2800,14000,0,14000,1173.5,5867.5,8132.5
Hospital,MS00638,2020-09-28,DOLO JAGA 500MG/50MG/100MG/100MCG,3,1550,4650,0,4650,615,1845,2805
Hospital,MS00638,2020-09-28,AGLOTAC 25MG/ML (50MG/2ML),15,800,12000,0,12000,58.07,871,11129
Hospital,MS00638,2020-09-28,SODAMPEN 1G IM/IV,100,128,12800,0,12800,43,4300,8500
Hospital,MS00638,2020-09-28,SODAMPEN 250MG VIAL,10,420,4200,0,4200,120,1200,3000
Hospital,MS00638,2020-09-28,AMBIDOL 50MG/ML (100MG/2ML),5,1200,6000,0,6000,142,710,5290
Hospital,MS00638,2020-09-28,GENTAM 40MG,2,420,840,0,840,50.42,100.85,739.15
Hospital,MS00638,2020-09-28,APCEE 500MG,5,1200,6000,0,6000,245,1225,4775
Hospital,MS00638,2020-09-28,EPIX BY 10'S,5,1200,6000,0,6000,211.7,1058.5,4941.5
Hospital,MS00638,2020-09-28,ATREX 1MG/ML,2,580,1160,0,1160,103.75,207.5,952.5
Hospital,MS00635,2020-09-28,ANTIZOAL 5MG/ML,200,120,24000,0,24000,22.19,4438.67,19561.33
Hospital,MS00641,2020-09-28,GYNE-TOCIN 10IU/ML,5,1000,5000,0,5000,83.21,416.06,4583.94
Hospital,MS00629,2020-09-07,SORBIFER 310MG,10,1400,14000,0,14000,725.7,7257.05,6742.95
Hospital,MS00628,2020-09-07,FLACOXTO 200MG,10,2500,25000,0,25000,218.5,2185,22815
Hospital,MS00632,2020-09-07,ANTIZOAL 5MG/ML,40,90,3600,0,3600,22.19,887.73,2712.27
Hospital,MS00632,2020-09-07,BUPIRIGHT 1'S VIALS,30,620,18600,0,18600,209,6270,12330
Hospital,MS00632,2020-09-07,METMIC 500MG,1,780,780,0,780,227.5,227.5,552.5
Hospital,MS00632,2020-09-07,ERGON 125MCG,1,2000,2000,0,2000,138.04,138.04,1861.96
Hospital,MS00632,2020-09-07,EVAPROST 125MCG/ML,7,3960,27720,0,27720,1872,13104,14616
Hospital,MS00632,2020-09-07,AGLOTAC 25MG/ML (50MG/2ML),5,800,4000,0,4000,58.07,290.33,3709.67
Hospital,MS00632,2020-09-07,SODAMPEN 1G IM/IV,30,128,3840,0,3840,43,1290,2550
Hospital,MS00632,2020-09-07,GENTAM 40MG,3,420,1260,0,1260,50.42,151.27,1108.73
Hospital,MS00632,2020-09-07,EPIX BY 10'S,4,1200,4800,0,4800,211.7,846.8,3953.2
Hospital,MS00632,2020-09-07,ATREX 1MG/ML,2,580,1160,0,1160,103.75,207.5,952.5
Hospital,MS00632,2020-09-07,APCEE 500MG,3,1200,3600,0,3600,245,735,2865
Hospital,MS00617,2020-08-31,BUPIRIGHT 1'S VIALS,70,620,43400,0,43400,209,14630,28770
Hospital,MS00617,2020-08-31,METMIC 500MG,1,780,780,0,780,227.5,227.5,552.5
Hospital,MS00617,2020-08-31,DIFLOSID 75MG/3ML,10,750,7500,0,7500,119.59,1195.94,6304.0599999999995
Hospital,MS00617,2020-08-31,EVAPROST 125MCG/ML,4,3960,15840,0,15840,1872,7488,8352
Hospital,MS00617,2020-08-31,EVAPROST 250MCG/ML,2,9600,19200,0,19200,3575,7150,12050
Hospital,MS00617,2020-08-31,LACTAMOX 500MG/125MG TAB,4,2800,11200,0,11200,1173.5,4694,6506
Hospital,MS00617,2020-08-31,AGLOTAC 25MG/ML (50MG/2ML),10,800,8000,0,8000,58.07,580.67,7419.33
Hospital,MS00617,2020-08-31,SODAMPEN 1G IM/IV,50,128,6400,0,6400,43,2150,4250
Hospital,MS00617,2020-08-31,EPIX BY 10'S,5,1200,6000,0,6000,211.7,1058.5,4941.5
Hospital,MS00617,2020-08-31,APCEE 500MG,2,1200,2400,0,2400,245,490,1910
Hospital,MS00619,2020-08-31,DOLO JAGA 500MG/50MG/100MG/100MCG,2,1550,3100,0,3100,615,1230,1870
Hospital,MS00601,2020-08-31,SORBIFER 310MG,40,1400,56000,0,56000,725.7,29028.18,26971.82
Hospital,MS00608,2020-08-24,CATAMED 75MCG TAB,20,2800,56000,0,56000,463,9260,46740
Hospital,MS00609,2020-08-24,EVAPROST 125MCG/ML,5,3960,19800,0,19800,1872,9360,10440
Hospital,MS00610,2020-08-24,SODAMPEN 250MG VIAL,10,420,4200,0,4200,120,1200,3000
Hospital,MS00614,2020-08-24,ANTIZOAL 5MG/ML,100,120,12000,0,12000,22.19,2219.33,9780.67
Hospital,MS00599,2020-08-03,SODAMPEN 1G IM/IV,300,128,38400,0,38400,43,12900,25500
Hospital,MS00599,2020-08-03,CATAMED 75MCG TAB,10,2800,28000,0,28000,463,4630,23370
Hospital,MS00599,2020-08-03,DEXAMAX 4MG,30,917.5,27525,0,27525,71,2130,25395
Hospital,MS00581,2020-08-03,FLACOXTO 200MG,8,2500,20000,0,20000,218.5,1748,18252
Hospital,MS00581,2020-08-03,CATAMED 75MCG TAB,10,2800,28000,0,28000,463,4630,23370
Hospital,MS00581,2020-08-03,E-Dol Ampule,30,1660,49800,0,49800,,,49800
Hospital,MS00582,2020-08-03,DEXAMAX 4MG,20,917.5,18350,0,18350,71,1420,16930
Hospital,MS00592,2020-08-03,HYCLENS WOUND SPRAY 60ML.,1080,280,302400,0,302400,137.15,148124.16,154275.84
Hospital,MS00597,2020-08-03,BUPIRIGHT 1'S VIALS,30,620,18600,0,18600,209,6270,12330
Hospital,MS00597,2020-08-03,DIFLOSID 75MG/3ML,10,750,7500,0,7500,119.59,1195.94,6304.0599999999995
Hospital,MS00597,2020-08-03,EVAPROST 125MCG/ML,2,3960,7920,0,7920,1872,3744,4176
Hospital,MS00597,2020-08-03,EUROXONE 1G,30,480,14400,0,14400,73,2190,12210
Hospital,MS00597,2020-08-03,LACTAMOX 500MG/125MG TAB,5,2800,14000,0,14000,1173.5,5867.5,8132.5
Hospital,MS00597,2020-08-03,AGLOTAC 25MG/ML (50MG/2ML),10,800,8000,0,8000,58.07,580.67,7419.33
Hospital,MS00597,2020-08-03,SODAMPEN 1G IM/IV,50,128,6400,0,6400,43,2150,4250
Hospital,MS00597,2020-08-03,APCEE 500MG,2,1200,2400,0,2400,245,490,1910
Hospital,MS00591,2020-08-03,ANTIZOAL 5MG/ML,30,90,2700,0,2700,22.19,665.8,2034.2
Hospital,MS00591,2020-08-03,BUPIRIGHT 1'S VIALS,70,620,43400,0,43400,209,14630,28770
Hospital,MS00591,2020-08-03,METMIC 500MG,2,780,1560,0,1560,227.5,455,1105
Hospital,MS00591,2020-08-03,CEPROTRON 500MG,1,1750,1750,0,1750,533.33,533.33,1216.67
Hospital,MS00591,2020-08-03,DIFLOSID 75MG/3ML,15,750,11250,0,11250,119.59,1793.91,9456.09
Hospital,MS00591,2020-08-03,EVAPROST 250MCG/ML,1,9600,9600,0,9600,3575,3575,6025
Hospital,MS00591,2020-08-03,LACTAMOX 500MG/125MG TAB,4,2800,11200,0,11200,1173.5,4694,6506
Hospital,MS00591,2020-08-03,AGLOTAC 25MG/ML (50MG/2ML),5,800,4000,0,4000,58.07,290.33,3709.67
Hospital,MS00591,2020-08-03,SODAMPEN 1G IM/IV,50,128,6400,0,6400,43,2150,4250
Hospital,MS00591,2020-08-03,PHYTOMEN 10MG/ML,3,800,2400,0,2400,183,549,1851
Hospital,MS00591,2020-08-03,APCEE 500MG,2,1200,2400,0,2400,245,490,1910
Hospital,MS00588,2020-08-03,BUPIRIGHT 1'S VIALS,30,620,18600,0,18600,209,6270,12330
Hospital,MS00588,2020-08-03,METMIC 500MG,1,780,780,0,780,227.5,227.5,552.5
Hospital,MS00588,2020-08-03,DIFLOSID 75MG/3ML,5,750,3750,0,3750,119.59,597.97,3152.0299999999997
Hospital,MS00588,2020-08-03,EVAPROST 125MCG/ML,4,3960,15840,0,15840,1872,7488,8352
Hospital,MS00588,2020-08-03,EVAPROST 250MCG/ML,1,9600,9600,0,9600,3575,3575,6025
Hospital,MS00588,2020-08-03,LACTAMOX 500MG/125MG TAB,3,2800,8400,0,8400,1173.5,3520.5,4879.5
Hospital,MS00590,2020-08-03,EVAPROST 125MCG/ML,2,3960,7920,0,7920,1872,3744,4176
Hospital,MS00590,2020-08-03,EVAPROST 250MCG/ML,3,9600,28800,0,28800,3575,10725,18075
Hospital,MS00594,2020-08-03,ANTIZOAL 5MG/ML,100,120,12000,0,12000,22.19,2219.33,9780.67
Hospital,MS00589,2020-08-03,ALL SILICONE DUODENAL TUBE F.16 - UNIMEX,25,221,5525,0,5525,193.33,4833.33,691.6700000000001
Hospital,MS00598,2020-08-03,ALL SILICONE DUODENAL TUBE F.16 - UNIMEX,15,221,3315,0,3315,193.33,2900,415
Hospital,MS00602,2020-08-03,ANTIZOAL 5MG/ML,20,90,1800,0,1800,22.19,443.87,1356.13
Hospital,MS00602,2020-08-03,BUPIRIGHT 1'S VIALS,50,620,31000,0,31000,209,10450,20550
Hospital,MS00602,2020-08-03,METMIC 500MG,1,780,780,0,780,227.5,227.5,552.5
Hospital,MS00602,2020-08-03,DIFLOSID 75MG/3ML,10,750,7500,0,7500,119.59,1195.94,6304.0599999999995
Hospital,MS00602,2020-08-03,EVAPROST 250MCG/ML,1,9600,9600,0,9600,3575,3575,6025
Hospital,MS00602,2020-08-03,EVAPROST 125MCG/ML,4,3960,15840,0,15840,1872,7488,8352
Hospital,MS00602,2020-08-03,EUROXONE 1G,20,480,9600,0,9600,73,1460,8140
Hospital,MS00602,2020-08-03,LACTAMOX 500MG/125MG TAB,4,2800,11200,0,11200,1173.5,4694,6506
Hospital,MS00602,2020-08-03,AGLOTAC 25MG/ML (50MG/2ML),10,800,8000,0,8000,58.07,580.67,7419.33
Hospital,MS00602,2020-08-03,SODAMPEN 1G IM/IV,50,128,6400,0,6400,43,2150,4250
Hospital,MS00602,2020-08-03,ATREX 1MG/ML,2,580,1160,0,1160,103.75,207.5,952.5
Hospital,MS00603,2020-08-03,ALL SILICONE DUODENAL TUBE F.16 - UNIMEX,30,221,6630,0,6630,193.33,5800,830
Hospital,MS00576,2020-06-27,HYCLENS WOUND SPRAY 60ML.,20,275,5500,0,5500,137.15,2743.04,2756.96
Hospital,MS00577,2020-06-27,ANTIZOAL 5MG/ML,100,120,12000,0,12000,22.19,2219.33,9780.67
Hospital,MS00572,2020-06-27,ANTIZOAL 5MG/ML,30,80,2400,0,2400,22.19,665.8,1734.2
Hospital,MS00572,2020-06-27,BUPIRIGHT 1'S VIALS,30,620,18600,0,18600,209,6270,12330
Hospital,MS00572,2020-06-27,METMIC 500MG,1,780,780,0,780,227.5,227.5,552.5
Hospital,MS00572,2020-06-27,ZINACARE 750MG W/O DILUENT,100,300,30000,0,30000,15.25,1525,28475
Hospital,MS00572,2020-06-27,EVAPROST 250MCG/ML,2,9600,19200,0,19200,3575,7150,12050
Hospital,MS00572,2020-06-27,JAGAPLEX TAB,3,1185,3555,0,3555,345.63,1036.88,2518.12
Hospital,MS00572,2020-06-27,DOLO JAGA 500MG/50MG/100MG/100MCG,7,1550,10850,0,10850,615,4305,6545
Hospital,MS00572,2020-06-27,AGLOTAC 25MG/ML (50MG/2ML),5,800,4000,0,4000,58.07,290.33,3709.67
Hospital,MS00572,2020-06-27,SODAMPEN 1G IM/IV,50,128,6400,0,6400,43,2150,4250
Hospital,MS00572,2020-06-27,AMBIDOL 50MG/ML (100MG/2ML),10,1200,12000,0,12000,142,1420,10580
Hospital,MS00572,2020-06-27,ATREX 1MG/ML,2,580,1160,0,1160,103.75,207.5,952.5
Hospital,MS00572,2020-06-27,APCEE 100MG/5ML,5,1200,6000,0,6000,23.03,115.17,5884.83
Hospital,MS00567,2020-06-20,SODAMPEN 1G IM/IV,50,128,6400,0,6400,43,2150,4250
Hospital,MS00566,2020-06-20,SODAMPEN 1G IM/IV,400,128,51200,0,51200,43,17200,34000
Hospital,MS00566,2020-06-20,SYLVITE 2MEQ/ML,50,920,46000,0,46000,270.9,13545,32455
Hospital,MS00565,2020-06-20,DEXAMAX 4MG,300,91.75,27525,0,27525,71,21300,6225
Hospital,MS00556,2020-06-06,ANTIZOAL 5MG/ML,100,120,12000,0,12000,22.19,2219.33,9780.67
Hospital,MS00557,2020-06-06,HYCLENS WOUND SPRAY 60ML.,1440,280,403200,0,403200,137.15,197498.88,205701.12
Hospital,MS00557,2020-06-06,HYCLENS SKIN CLEANSER 60ml,720,280,201600,0,201600,113.4,81648,119952
Hospital,MS00558,2020-06-06,DEXAMAX 4MG,30,917.5,27525,0,27525,71,2130,25395
Hospital,MS00558,2020-06-06,MONOWEL 1G,300,834.12,250236,0,250236,442.39,132716.44,117519.56
Hospital,MS00537,2020-05-16,BUPIRIGHT 1'S VIALS,70,620,43400,0,43400,209,14630,28770
Hospital,MS00537,2020-05-16,METMIC 500MG,2,780,1560,0,1560,227.5,455,1105
Hospital,MS00537,2020-05-16,ZINACARE 750MG W/O DILUENT,100,300,30000,0,30000,15.25,1525,28475
Hospital,MS00537,2020-05-16,CEPROTRON 500MG,1,1750,1750,0,1750,533.33,533.33,1216.67
Hospital,MS00537,2020-05-16,DIFLOSID 75MG/3ML,10,750,7500,0,7500,119.59,1195.94,6304.0599999999995
Hospital,MS00537,2020-05-16,ERGON 125MCG,3,2000,6000,0,6000,138.04,414.12,5585.88
Hospital,MS00537,2020-05-16,EVAPROST 125MCG/ML,4,3960,15840,0,15840,1872,7488,8352
Hospital,MS00537,2020-05-16,EVAPROST 250MCG/ML,2,9600,19200,0,19200,3575,7150,12050
Hospital,MS00537,2020-05-16,EUROXONE 1G,30,480,14400,0,14400,73,2190,12210
Hospital,MS00537,2020-05-16,LACTAMOX 500MG/125MG TAB,3,2800,8400,0,8400,1173.5,3520.5,4879.5
Hospital,MS00537,2020-05-16,MAXIFER 20MG/ML,6,2490,14940,0,14940,1088.9,6533.41,8406.59
Hospital,MS00537,2020-05-16,DOLO JAGA 500MG/50MG/100MG/100MCG,3,1550,4650,0,4650,615,1845,2805
Hospital,MS00537,2020-05-16,AGLOTAC 25MG/ML (50MG/2ML),10,800,8000,0,8000,58.07,580.67,7419.33
Hospital,MS00537,2020-05-16,PHYTOMEN 10MG/ML,5,800,4000,0,4000,183,915,3085
Hospital,MS00545,2020-05-16,APCEE 500MG,5,1200,6000,0,6000,245,1225,4775
Hospital,MS00548,2020-05-16,BUPIRIGHT 1'S VIALS,80,620,49600,0,49600,209,16720,32880
Hospital,MS00548,2020-05-16,METMIC 500MG,2,780,1560,0,1560,227.5,455,1105
Hospital,MS00548,2020-05-16,ZINACARE 750MG W/O DILUENT,150,300,45000,0,45000,15.25,2287.5,42712.5
Hospital,MS00548,2020-05-16,CEPROTRON 500MG,2,1750,3500,0,3500,533.33,1066.67,2433.33
Hospital,MS00548,2020-05-16,DIFLOSID 75MG/3ML,10,750,7500,0,7500,119.59,1195.94,6304.0599999999995
Hospital,MS00548,2020-05-16,ERGON 125MCG,2,2000,4000,0,4000,138.04,276.08,3723.92
Hospital,MS00548,2020-05-16,EVAPROST 125MCG/ML,5,3960,19800,0,19800,1872,9360,10440
Hospital,MS00548,2020-05-16,EVAPROST 250MCG/ML,2,9600,19200,0,19200,3575,7150,12050
Hospital,MS00548,2020-05-16,LACTAMOX 500MG/125MG TAB,5,2800,14000,0,14000,1173.5,5867.5,8132.5
Hospital,MS00548,2020-05-16,DOLO JAGA 500MG/50MG/100MG/100MCG,4,1550,6200,0,6200,615,2460,3740
Hospital,MS00548,2020-05-16,AGLOTAC 25MG/ML (50MG/2ML),10,800,8000,0,8000,58.07,580.67,7419.33
Hospital,MS00534,2020-04-30,ANTIZOAL 5MG/ML,100,120,12000,0,12000,22.19,2219.33,9780.67
Hospital,MS00535,2020-04-30,SYLVITE 2MEQ/ML,43,920,39560,0,39560,270.9,11648.7,27911.3
Hospital,MS00535,2020-04-30,ALKALINSE 1.080G,11,435,4785,0,4785,151.43,1665.73,3119.27
Hospital,MS00532,2020-04-30,SORBIFER 310MG,10,1400,14000,0,14000,725.7,7257.05,6742.95
Hospital,MS00532,2020-04-30,FLACOXTO 200MG,10,2500,25000,0,25000,218.5,2185,22815
Hospital,MS00532,2020-04-30,CATAMED 75MCG TAB,10,2800,28000,0,28000,463,4630,23370
Hospital,MS00527,2020-04-30,APCEE 500MG,3,1200,3600,0,3600,245,735,2865
Hospital,MS00527,2020-04-30,LACTAMOX 500MG/125MG TAB,6,2800,16800,0,16800,1173.5,7041,9759
Hospital,MS00527,2020-04-30,DOLO JAGA 500MG/50MG/100MG/100MCG,4,1550,6200,0,6200,615,2460,3740
Hospital,MS00527,2020-04-30,JAGAPLEX TAB,2,1185,2370,0,2370,345.63,691.25,1678.75
Hospital,MS00527,2020-04-30,DIFLOSID 75MG/3ML,10,750,7500,0,7500,119.59,1195.94,6304.0599999999995
Hospital,MS00527,2020-04-30,PHYTOMEN 10MG/ML,5,800,4000,0,4000,183,915,3085
Hospital,MS00527,2020-04-30,ZINACARE 750MG W/O DILUENT,20,300,6000,0,6000,15.25,305,5695
Hospital,MS00527,2020-04-30,METMIC 500MG,3,780,2340,0,2340,227.5,682.5,1657.5
Hospital,MS00527,2020-04-30,CEPROTRON 500MG,3,1750,5250,0,5250,533.33,1600,3650
Hospital,MS00527,2020-04-30,ERGON 125MCG,1,2000,2000,0,2000,138.04,138.04,1861.96
Hospital,MS00527,2020-04-30,EVAPROST 125MCG/ML,1,3960,3960,0,3960,1872,1872,2088
Hospital,MS00515,2020-04-30,EVAPROST 125MCG/ML,1,3960,3960,0,3960,1872,1872,2088
Hospital,MS00515,2020-04-30,MYOCARD 40mg/ml (200mg/5ml),1,2900,2900,0,2900,,,2900
Hospital,MS00515,2020-04-30,ATREX 1MG/ML,2,580,1160,0,1160,103.75,207.5,952.5
Hospital,MS00515,2020-04-30,GENTAM 40MG,3,420,1260,0,1260,50.42,151.27,1108.73
Hospital,MS00515,2020-04-30,DOLO JAGA 500MG/50MG/100MG/100MCG,2,1550,3100,0,3100,615,1230,1870
Hospital,MS00515,2020-04-30,DIFLOSID 75MG/3ML,5,750,3750,0,3750,119.59,597.97,3152.0299999999997
Hospital,MS00515,2020-04-30,AGLOTAC 25MG/ML (50MG/2ML),10,800,8000,0,8000,58.07,580.67,7419.33
Hospital,MS00515,2020-04-30,ACIPRO 2MG,12,280,3360,0,3360,20.95,251.4,3108.6
Hospital,MS00515,2020-04-30,EPIX BY 10'S,10,1200,12000,0,12000,211.7,2117,9883
Hospital,21857,2020-04-30,JAGAPLEX TAB,5,1185,5925,0,5925,345.63,1728.13,4196.87
Hospital,21857,2020-04-30,GIAN ZINC 120ML SYR,20,195,3900,0,3900,80.83,1616.67,2283.33
Hospital,21857,2020-04-30,GIAN ZINC 30ML DROPS,10,150,1500,0,1500,61.67,616.67,883.33
Hospital,21857,2020-04-30,MULTI GROW 120ML,20,240,4800,0,4800,83.33,1666.67,3133.33
Hospital,21857,2020-04-30,MULTI GROW 30ML DROPS,5,180,900,0,900,63,315,585
Hospital,MS00508,2020-04-30,BUPIRIGHT 1'S VIALS,30,620,18600,0,18600,209,6270,12330
Hospital,MS00508,2020-04-30,METMIC 500MG,2,780,1560,0,1560,227.5,455,1105
Hospital,MS00508,2020-04-30,ZINACARE 750MG W/O DILUENT,100,300,30000,0,30000,15.25,1525,28475
Hospital,MS00508,2020-04-30,CEPROTRON 500MG,2,1750,3500,0,3500,533.33,1066.67,2433.33
Hospital,MS00508,2020-04-30,DIFLOSID 75MG/3ML,5,750,3750,0,3750,119.59,597.97,3152.0299999999997
Hospital,MS00508,2020-04-30,EVAPROST 125MCG/ML,1,3960,3960,0,3960,1872,1872,2088
Hospital,MS00508,2020-04-30,EVAPROST 250MCG/ML,1,9600,9600,0,9600,3575,3575,6025
Hospital,MS00508,2020-04-30,EUROXONE 1G,30,480,14400,0,14400,73,2190,12210
Hospital,MS00508,2020-04-30,LACTAMOX 500MG/125MG TAB,7,2800,19600,0,19600,1173.5,8214.5,11385.5
Hospital,MS00508,2020-04-30,MAXIFER 20MG/ML,3,2450,7350,0,7350,1088.9,3266.7,4083.3
Hospital,MS00508,2020-04-30,DOLO JAGA 500MG/50MG/100MG/100MCG,8,1550,12400,0,12400,615,4920,7480
Hospital,MS00508,2020-04-30,AGLOTAC 25MG/ML (50MG/2ML),5,800,4000,0,4000,58.07,290.33,3709.67
Hospital,MS00508,2020-04-30,PHYTOMEN 10MG/ML,3,800,2400,0,2400,183,549,1851
Hospital,MS00508,2020-04-30,GENTAM 40MG,2,420,840,0,840,50.42,100.85,739.15
Hospital,MS00508,2020-04-30,EPIX BY 10'S,5,1200,6000,0,6000,211.7,1058.5,4941.5
Hospital,MS00508,2020-04-30,MYOCARD 40mg/ml (200mg/5ml),5,2900,14500,0,14500,,,14500
Hospital,MS00525,2020-04-11,BUPIRIGHT 1'S VIALS,20,620,12400,0,12400,209,4180,8220
Hospital,MS00525,2020-04-11,DIFLOSID 75MG/3ML,3,750,2250,0,2250,119.59,358.78,1891.22
Hospital,MS00525,2020-04-11,EVAPROST 125MCG/ML,3,3960,11880,0,11880,1872,5616,6264
Hospital,MS00525,2020-04-11,LACTAMOX 500MG/125MG TAB,5,2800,14000,0,14000,1173.5,5867.5,8132.5
Hospital,MS00525,2020-04-11,MAXIFER 20MG/ML,3,2490,7470,0,7470,1088.9,3266.7,4203.3
Hospital,MS00525,2020-04-11,JAGAPLEX TAB,2,1185,2370,0,2370,345.63,691.25,1678.75
Hospital,MS00509,2020-03-28,PROFUREX 750MG ,1000,377.44,377440,0,377440,198.56,198556.19,178883.81
Hospital,MS00509,2020-03-28,ZEFXON 40MG,300,533.4,160020,0,160020,282.15,84644.04,75375.96
Hospital,MS00524,2020-03-28,CATAMED 75MCG TAB,10,2800,28000,0,28000,463,4630,23370
Hospital,MS00524,2020-03-28,GYNE-TOCIN 10IU/ML,200,900,180000,0,180000,83.21,16642.22,163357.78
Hospital,MS00521,2020-03-28,SORBIFER 310MG,30,1400,42000,0,42000,725.7,21771.14,20228.86
Hospital,MS00523,2020-03-28,EVAPROST 250MCG/ML,30,9600,288000,0,288000,3575,107250,180750
Hospital,MS00523,2020-03-28,EVAPROST 125MCG/ML,30,4800,144000,0,144000,1872,56160,87840
Hospital,MS00523,2020-03-28,CIMEX 500MG,60,2900,174000,0,174000,1100,66000,108000
Hospital,MS00523,2020-03-28,PROFUREX 750MG ,1000,377.44,377440,0,377440,198.56,198556.19,178883.81
Hospital,MS00522,2020-03-28,SPASBASCINE,200,750,150000,0,150000,194.72,38944.44,111055.56
Hospital,MS00522,2020-03-28,FLACOXTO 200MG,10,2500,25000,0,25000,218.5,2185,22815
Hospital,MS00522,2020-03-28,ANTIZOAL 5MG/ML,600,120,72000,0,72000,22.19,13316,58684
Hospital,MS00488,2020-03-14,CEPROTRON 500MG,2,1750,3500,0,3500,533.33,1066.67,2433.33
Hospital,MS00488,2020-03-14,DIFLOSID 75MG/3ML,5,750,3750,0,3750,119.59,597.97,3152.0299999999997
Hospital,MS00488,2020-03-14,EVAPROST 125MCG/ML,2,3960,7920,0,7920,1872,3744,4176
Hospital,MS00488,2020-03-14,EUROXONE 1G,30,480,14400,0,14400,73,2190,12210
Hospital,MS00488,2020-03-14,LACTAMOX 500MG/125MG TAB,5,2800,14000,0,14000,1173.5,5867.5,8132.5
Hospital,MS00488,2020-03-14,MYOCARD 40mg/ml (200mg/5ml),5,2900,14500,0,14500,,,14500
Hospital,MS00481,2020-03-14,AMBIDOL 50MG/ML (100MG/2ML),10,1200,12000,0,12000,142,1420,10580
Hospital,MS00484,2020-03-14,BACTIV 625MG,50,529.2,26460,0,26460,283.05,14152.39,12307.61
Hospital,MS00485,2020-03-14,EVAPROST 250MCG/ML,20,9600,192000,0,192000,3575,71500,120500
Hospital,MS00485,2020-03-14,CIMEX 500MG,20,2900,58000,0,58000,1100,22000,36000
Hospital,MS00486,2020-03-14,MONOWEL 1G,124,834.12,103430.88,0,103430.88,442.39,54856.13,48574.75000000001
Hospital,MS00486,2020-03-14,SORBIFER 310MG,30,1400,42000,0,42000,725.7,21771.14,20228.86
Hospital,MS00483,2020-03-14,MONOWEL 1G,176,834.12,146805.12,0,146805.12,442.39,77860.31,68944.81
Hospital,MS00505,2020-03-14,HYCLENS WOUND SPRAY 60ML.,648,280,181440,0,181440,137.15,88874.5,92565.5
Hospital,MS00502,2020-03-14,ANTIZOAL 5MG/ML,300,120,36000,0,36000,22.19,6658,29342
Hospital,MS00498,2020-03-14,EUROXONE 1G,600,380,228000,0,228000,73,43800,184200
Hospital,MS00498,2020-03-14,MAXIFER 20MG/ML,60,2450,147000,0,147000,1088.9,65334.09,81665.91
Hospital,MS00499,2020-03-14,DEXAMAX 4MG,30,917.5,27525,0,27525,71,2130,25395
Hospital,MS00499,2020-03-14,TERMAGEN 500MG,30,500,15000,0,15000,104.9,3146.85,11853.15
Hospital,MS00469,2020-02-29,MAXIFER 20MG/ML,60,2450,147000,0,147000,1088.9,65334.09,81665.91
Hospital,MS00471,2020-02-29,SPASBASCINE,10,750,7500,0,7500,194.72,1947.22,5552.78
Hospital,MS00472,2020-02-29,DEXAMAX 4MG,30,917.5,27525,0,27525,71,2130,25395
Hospital,MS00474,2020-02-29,BUPIRIGHT 1'S VIALS,30,620,18600,0,18600,209,6270,12330
Hospital,MS00474,2020-02-29,METMIC 500MG,1,780,780,0,780,227.5,227.5,552.5
Hospital,MS00474,2020-02-29,CEPROTRON 500MG,2,1750,3500,0,3500,533.33,1066.67,2433.33
Hospital,MS00474,2020-02-29,ERGON 125MCG,2,2000,4000,0,4000,138.04,276.08,3723.92
Hospital,MS00474,2020-02-29,EVAPROST 125MCG/ML,2,3960,7920,0,7920,1872,3744,4176
Hospital,MS00474,2020-02-29,LACTAMOX 500MG/125MG TAB,2,2800,5600,0,5600,1173.5,2347,3253
Hospital,MS00474,2020-02-29,MAXIFER 20MG/ML,2,2450,4900,0,4900,1088.9,2177.8,2722.2
Hospital,MS00474,2020-02-29,AGLOTAC 25MG/ML (50MG/2ML),3,800,2400,0,2400,58.07,174.2,2225.8
Hospital,MS00474,2020-02-29,PHYTOMEN 10MG/ML,5,800,4000,0,4000,183,915,3085
Hospital,MS00474,2020-02-29,EPIX BY 10'S,5,1200,6000,0,6000,211.7,1058.5,4941.5
Hospital,MS00476,2020-02-29,DOLO JAGA 500MG/50MG/100MG/100MCG,3,1550,4650,0,4650,615,1845,2805
Hospital,MS00461,2020-02-15,ZINACARE 750MG W/O DILUENT,50,300,15000,0,15000,15.25,762.5,14237.5
Hospital,MS00461,2020-02-15,PHYTOMEN 10MG/ML,10,800,8000,0,8000,183,1830,6170
Hospital,MS00461,2020-02-15,EPIX BY 10'S,10,1200,12000,0,12000,211.7,2117,9883
Hospital,MS00461,2020-02-15,LACTAMOX 500MG/125MG TAB,5,2800,14000,0,14000,1173.5,5867.5,8132.5
Hospital,MS00461,2020-02-15,MAXIFER 20MG/ML,2,2450,4900,0,4900,1088.9,2177.8,2722.2
Hospital,MS00461,2020-02-15,CEPROTRON 500MG,2,1750,3500,0,3500,533.33,1066.67,2433.33
Hospital,MS00461,2020-02-15,DIFLOSID 75MG/3ML,5,750,3750,0,3750,119.59,597.97,3152.0299999999997
Hospital,MS00461,2020-02-15,METMIC 500MG,1,780,780,0,780,227.5,227.5,552.5
Hospital,MS00461,2020-02-15,EVAPROST 125MCG/ML,2,3960,7920,0,7920,1872,3744,4176
Hospital,MS00465,2020-02-15,SANDINE,5.4,8400,45360,0,45360,3500,18900,26460
Hospital,MS00441,2020-01-31,ERGON 125MCG,2,2000,4000,0,4000,138.04,276.08,3723.92
Hospital,MS00441,2020-01-31,EVAPROST 125MCG/ML,1,3960,3960,0,3960,1872,1872,2088
Hospital,MS00441,2020-01-31,EVAPROST 250MCG/ML,1,9600,9600,0,9600,3575,3575,6025
Hospital,MS00441,2020-01-31,LACTAMOX 500MG/125MG TAB,8,2800,22400,0,22400,1173.5,9388,13012
Hospital,MS00441,2020-01-31,MAXIFER 20MG/ML,3,2450,7350,0,7350,1088.9,3266.7,4083.3
Hospital,MS00441,2020-01-31,NERVAPLEX 500MG,5,1550,7750,0,7750,615,3075,4675
Hospital,MS00441,2020-01-31,SODAMPEN 1G IM/IV,30,128,3840,0,3840,43,1290,2550
Hospital,MS00439,2020-01-31,ZINACARE 750MG W/O DILUENT,50,300,15000,0,15000,15.25,762.5,14237.5
Hospital,MS00439,2020-01-31,FUROXIDE 10MG/2ML,10,480,4800,0,4800,64.5,645,4155
Hospital,MS00448,2020-01-31,ZINACARE 750MG W/O DILUENT,100,300,30000,0,30000,15.25,1525,28475
Hospital,MS00446,2020-01-31,ANTIZOAL 5MG/ML,100,120,12000,0,12000,22.19,2219.33,9780.67
Hospital,MS00446,2020-01-31,PHYTOMEN 10MG/ML,10,900,9000,0,9000,183,1830,7170
Hospital,MS00427,2020-01-31,GYNE-TOCIN 10IU/ML,200,900,180000,0,180000,83.21,16642.22,163357.78
Hospital,MS00440,2020-01-31,DEXAMAX 4MG,8,917.5,7340,0,7340,71,568,6772
Hospital,MS00442,2020-01-31,HYCLENS WOUND SPRAY 60ML.,1080,280,302400,0,302400,137.15,148124.16,154275.84
Hospital,MS00443,2020-01-31,ANTIZOAL 5MG/ML,300,120,36000,0,36000,22.19,6658,29342
Hospital,MS00444,2020-01-31,MAXIFER 20MG/ML,60,2450,147000,0,147000,1088.9,65334.09,81665.91
Hospital,MS00444,2020-01-31,PROFUREX 750MG ,1500,377.44,566160,0,566160,198.56,297834.28,268325.72
Hospital,MS00444,2020-01-31,SODAMPEN 1G IM/IV,389,128,49792,0,49792,43,16727,33065
Hospital,MS00444,2020-01-31,EUROXONE 1G,300,380,114000,0,114000,73,21900,92100
Hospital,MS00445,2020-01-31,SORBIFER 310MG,30,1400,42000,0,42000,725.7,21771.14,20228.86
Hospital,MS00445,2020-01-31,CIMEX 500MG,30,2900,87000,0,87000,1100,33000,54000
Hospital,MS00445,2020-01-31,MONOWEL 1G,124,834.12,103430.88,0,103430.88,442.39,54856.13,48574.75000000001
Hospital,MS00445,2020-01-31,SPASBASCINE,190,750,142500,0,142500,194.72,36997.22,105502.78
Hospital,MS00441,2020-01-31,CEPROTRON 500MG,2,1750,3500,0,3500,533.33,1066.67,2433.33
Hospital,MS00434,2020-01-18,GYNE-TOCIN 10IU/ML,20,900,18000,0,18000,83.21,1664.22,16335.78
Hospital,MS00435,2020-01-18,HYCLENS WOUND SPRAY 60ML.,720,280,201600,0,201600,137.15,98749.44,102850.56
Hospital,MS00436,2020-01-18,EVAPROST 250MCG/ML,30,9600,288000,0,288000,3575,107250,180750
Hospital,MS00436,2020-01-18,MAXIFER 20MG/ML,40,2450,98000,0,98000,1088.9,43556.06,54443.94
Hospital,MS00437,2020-01-18,SORBIFER 310MG,30,1400,42000,0,42000,725.7,21771.14,20228.86
Hospital,MS00429,2020-01-11,LACTAMOX 500MG/125MG TAB,5,2800,14000,0,14000,1173.5,5867.5,8132.5
Hospital,MS00429,2020-01-11,METMIC 500MG,1,780,780,0,780,227.5,227.5,552.5
Hospital,MS00429,2020-01-11,CEPROTRON 500MG,1,1750,1750,0,1750,533.33,533.33,1216.67
Hospital,MS00429,2020-01-11,ERGON 125MCG,1,2000,2000,0,2000,138.04,138.04,1861.96
Hospital,MS00429,2020-01-11,DIFLOSID 75MG/3ML,5,750,3750,0,3750,119.59,597.97,3152.0299999999997
Hospital,MS00429,2020-01-11,UNIDOL 50MG/ML,1,6000,6000,0,6000,1300,1300,4700
Hospital,MS00429,2020-01-11,SODAMPEN 1G IM/IV,20,128,2560,0,2560,43,860,1700
Hospital,MS00429,2020-01-11,EPIX BY 10'S,7,1200,8400,0,8400,211.7,1481.9,6918.1
Hospital,MS00429,2020-01-11,ATREX 1MG/ML,5,580,2900,0,2900,103.75,518.75,2381.25
Hospital,MS00430,2020-01-11,ALKALINSE 1.080G,10,435,4350,0,4350,151.43,1514.3,2835.7
Hospital,MS00430,2020-01-11,GYNE-TOCIN 10IU/ML,180,900,162000,0,162000,83.21,14978,147022
Hospital,MS00431,2020-01-11,SORBIFER 310MG,40,1400,56000,0,56000,725.7,29028.18,26971.82
Hospital,MS00431,2020-01-11,MAXIFER 20MG/ML,60,2450,147000,0,147000,1088.9,65334.09,81665.91
Hospital,MS00431,2020-01-11,SPASBASCINE,200,750,150000,0,150000,194.72,38944.44,111055.56
Laguna,21272,2020-11-21,ENCLOXIL 500MG,2,1800,3600,0,3600,715,1430,2170
Laguna,21272,2020-11-21,COMOX 625MG,1,1920,1920,0,1920,1173.6,1173.6,746.4000000000001
Laguna,21272,2020-11-21,ROSULIP 20MG,2,330,660,0,660,260,520,140
Laguna,21273,2020-11-21,ENCLOXIL 500MG,4,1800,7200,0,7200,715,2860,4340
Laguna,21273,2020-11-21,COMOX 625MG,2,1920,3840,0,3840,1173.6,2347.2,1492.8000000000002
Laguna,21273,2020-11-21,EROXIME 500MG,1,280,280,0,280,115,115,165
Laguna,PULL 2401,2020-10-21,PLENACYL 600MG,-7.7,360,-2772,0,-2772,90,-693,-2079
Laguna,PULL 2401,2020-10-21,ALLUJEN 100MG TAB,-0.74,300,-222,0,-222,75,-55.5,-166.5
Laguna,PULL 2401,2020-10-21,ALLUJEN 300MG,-0.99,1100,-1089,0,-1089,125,-123.75,-965.25
Laguna,PULL 2401,2020-10-21,AMICARE 125MG/ML (250MG/2ML),-5.5,1000,-5500,0,-5500,230,-1265,-4235
Laguna,PULL 2401,2020-10-21,TRIADONE 200mg TAB,-0.92,677.7,-624.99,0,-624.99,667,-615.12,-9.870000000000005
Laguna,PULL 2401,2020-10-21,LODIPEX 10MG,-0.56,500,-280,0,-280,56.75,-31.78,-248.22
Laguna,PULL 2401,2020-10-21,JOHNVASC 5MG,-0.93,200,-186,0,-186,41.5,-38.6,-147.4
Laguna,PULL 2401,2020-10-21,AMBIMOX 500MG,-1,200,-200,0,-200,125.17,-125.17,-74.83
Laguna,PULL 2401,2020-10-21,BROADMETZ 500MG,-0.08,400,-32,0,-32,319,-25.52,-6.48
Laguna,PULL 2406,2020-10-21,HYPHEN 50mg,-7.4,1200,-8880,0,-8880,150.89,-1116.61,-7763.39
Laguna,PULL 2406,2020-10-21,ABDOPEN,-1,1000,-1000,0,-1000,112,-112,-888
Laguna,PULL 2406,2020-10-21,DOPNAX 40mg,-18,240,-4320,0,-4320,320,-5760,1440
Laguna,PULL 2406,2020-10-21,EPIBBAS ,-40,79,-3160,0,-3160,220,-8800,5640
Laguna,PULL 2406,2020-10-21,EVEROSE 1000MG CAP,-6.2,690,-4278,0,-4278,381,-2362.2,-1915.8000000000002
Laguna,PULL 2406,2020-10-21,PRIMENOFAST 200MG,-0.84,2800,-2352,0,-2352,280,-235.2,-2116.8
Laguna,PULL 2406,2020-10-21,BRISOFER 250MG,-3.35,300,-1005,0,-1005,105,-351.75,-653.25
Laguna,PULL 2401,2020-10-21,FLUIMUCIL 100MG,-2,3000,-6000,0,-6000,131,-262,-5738
Laguna,PULL 2406,2020-10-21,PREVENA,-0.89,600,-534,0,-534,167.5,-149.08,-384.91999999999996
Laguna,PULL 2406,2020-10-21,FUROSE 10MG/ML,-20.6,380,-7828,0,-7828,74.67,-1538.13,-6289.87
Laguna,PULL 2406,2020-10-21,GENERIC FUROSEMIDE 20MG,-0.82,200,-164,0,-164,42,-34.44,-129.56
Laguna,PULL 2411,2020-10-21,PHYTOMEN 10MG/ML,-1.9,480,-912,0,-912,183,-347.7,-564.3
Laguna,PULL 2411,2020-10-21,PIPTASEA 250MG,-10,380,-3800,0,-3800,125,-1250,-2550
Laguna,PULL 2411,2020-10-21,PIPTASEA 4.5G/500V,-25,420,-10500,0,-10500,132.3,-3307.5,-7192.5
Laguna,PULL 2411,2020-10-21,SYLVITE 2MEQ/ML,-2.1,950,-1995,0,-1995,270.9,-568.89,-1426.1100000000001
Laguna,PULL 2411,2020-10-21,K-LYTE 600MG,-1.27,1500,-1905,0,-1905,895.25,-1136.97,-768.03
Laguna,PULL 2411,2020-10-21,PROMEZIN,-0.9,1000,-900,0,-900,,,-900
Laguna,PULL 2411,2020-10-21,PYRAZUER 500mg,-1,107,-107,0,-107,,,-107
Laguna,PULL 2411,2020-10-21,RANIREX 25MG/ML,-3,320,-960,0,-960,31.5,-94.5,-865.5
Laguna,PULL 2411,2020-10-21,AGLOTAC 25MG/ML (50MG/2ML),-3,450,-1350,0,-1350,58.07,-174.2,-1175.8
Laguna,PULL 2411,2020-10-21,ROST-20 20MGTAB,-1.55,1500,-2325,0,-2325,650,-1007.5,-1317.5
Laguna,PULL 2403,2020-10-20,AZEEMYCIN 500MG,-22,750,-16500,0,-16500,230,-5060,-11440
Laguna,PULL 2403,2020-10-20,BIOPHEN 1M,-4.1,225.5,-924.55,0,-924.55,5.5,-22.55,-902
Laguna,PULL 2403,2020-10-20,PRELAX 5MG,-0.96,500,-480,0,-480,48.33,-46.4,-433.6
Laguna,PULL 2403,2020-10-20,BUDESON 250MCG/ML (500MCG/2ML),-3.46,1925,-6654.99,0,-6654.99,692.5,-2394.07,-4260.92
Laguna,PULL 2403,2020-10-20,BIOPRIL 25MG,-1.9,600,-1140,0,-1140,50,-95,-1045
Laguna,PULL 2403,2020-10-20,SAPHIXIME 200MG,-1.63,2640,-4311.91,0,-4311.91,135,-220.5,-4091.41
Laguna,PULL 2403,2020-10-20,CEFOLAN 1G,-66,200,-13200,0,-13200,30,-1980,-11220
Laguna,PULL 2403,2020-10-20,ZEFTACARE 1G,-150,170,-25500,0,-25500,39,-5850,-19650
Laguna,PULL 2403,2020-10-20,CEFZOX 1G VIAL W/ DILUENT,-192,170,-32640,0,-32640,22.5,-4320,-28320
Laguna,PULL 2403,2020-10-20,GAVIXONE 1G WITH DILUENT,-50,180,-9000,0,-9000,28,-1400,-7600
Laguna,PULL 2405,2020-10-20,ACRESIL 300MG,-0.88,338.8,-298.14,0,-298.14,402.83,-354.49,56.35000000000002
Laguna,PULL 2405,2020-10-20,DALAMYCIN 150 MG,-15.4,4000,-61600,0,-61600,1007.5,-15515.5,-46084.5
Laguna,PULL 2405,2020-10-20,CLODIN 75MG TAB,-0.78,600,-468,0,-468,470,-366.6,-101.39999999999998
Laguna,PULL 2405,2020-10-20,CLOMEP 75MG TAB,-1.81,3300,-5973,0,-5973,112,-202.72,-5770.28
Laguna,PULL 2405,2020-10-20,CLOXANE 500MG CAP,-0.46,500,-230,0,-230,195,-89.7,-140.3
Laguna,PULL 2405,2020-10-20,ACLAV 1.2G,-1,420,-420,0,-420,80,-80,-340
Laguna,PULL 2405,2020-10-20,RAPICLAV 625mg,-0.76,198.24,-151.04,0,-151.04,79.72,-60.74,-90.29999999999998
Laguna,PULL 2405,2020-10-20,CO-AMOXICARE 500MG/125MG,-1,987,-987,0,-987,185.94,-185.94,-801.06
Laguna,PULL 2405,2020-10-20,DEXAMAX 4MG,-2.6,740,-1924,0,-1924,71,-184.6,-1739.4
Laguna,PULL 2405,2020-10-20,DIXIN 250MCG,-7,1800,-12600,0,-12600,1025,-7175,-5425
Laguna,PULL 2402,2020-10-16,AMPICELO 500MG,-1,520,-520,0,-520,123.25,-123.25,-396.75
Laguna,PULL 2402,2020-10-16,AMPI-1,-5.5,980,-5390,0,-5390,103.18,-567.46,-4822.54
Laguna,PULL 2402,2020-10-16,LIFERZIN 250MG,-10.3,360,-3708,0,-3708,120,-1236,-2472
Laguna,PULL 2402,2020-10-16,CEVIT 500MG,-0.39,300,-117,0,-117,0,0,-117
Laguna,PULL 2402,2020-10-16,ASCOPHIL 500MG,-1,200,-200,0,-200,58,-58,-142
Laguna,PULL 2402,2020-10-16,SCHEEPRIN 80MG,-1,300,-300,0,-300,79.5,-79.5,-220.5
Laguna,PULL 2402,2020-10-16,ATORSAPH 10MG,-8,320,-2560,0,-2560,25,-200,-2360
Laguna,PULL 2402,2020-10-16,STALIP 40MG,-1.5,1440,-2160,0,-2160,255,-382.5,-1777.5
Laguna,PULL 2402,2020-10-16,AZICARE 500MG TAB,-2.3,2040,-4692,0,-4692,523.33,-1203.67,-3488.33
Laguna,PULL 2404,2020-10-16,SITIXON 1G,-10,264,-2640,0,-2640,26.6,-266,-2374
Laguna,PULL 2404,2020-10-16,ZURENIX 500MG,-7,490,-3430,0,-3430,91.5,-640.5,-2789.5
Laguna,PULL 2404,2020-10-16,CEFUSAPH,-0.2,330,-66,0,-66,156.92,-31.38,-34.620000000000005
Laguna,PULL 2404,2020-10-16,ZINACARE 750MG W/O DILUENT,-198,95,-18810,0,-18810,15.25,-3019.5,-15790.5
Laguna,PULL 2404,2020-10-16,SAPHLECOX 200MG,-1.24,1000,-1240,0,-1240,180.5,-223.82,-1016.1800000000001
Laguna,PULL 2404,2020-10-16,SAPHZINE 10MG,-0.83,300,-249,0,-249,49,-40.67,-208.32999999999998
Laguna,PULL 2404,2020-10-16,MEDRIZINE 2.5MG/ML Drops,-0.03,1000,-30,0,-30,22.65,-0.68,-29.32
Laguna,PULL 2404,2020-10-16,HYCLENS OB WASH ANTISEPTIC,-9,348,-3132,0,-3132,138.6,-1247.4,-1884.6
Laguna,PULL 2404,2020-10-16,ACIPRO 2MG,-70,880,-61600,0,-61600,20.95,-1466.5,-60133.5
Laguna,PULL 2404,2020-10-16,CEPROTRON 500MG,-0.14,1750,-245,0,-245,533.33,-74.67,-170.32999999999998
Laguna,PULL 2407,2020-10-16,GENTAM 40MG,-1.1,30,-33,0,-33,50.42,-55.47,22.47
Laguna,PULL 2407,2020-10-16,CORBAL 100MG,-5.5,950,-5225,0,-5225,187.4,-1030.71,-4194.29
Laguna,PULL 2407,2020-10-16,DOCOR 250MG VIAL,-4,2700,-10800,0,-10800,,,-10800
Laguna,PULL 2407,2020-10-16,ADUSCINE 20MG/ML,-5,750,-3750,0,-3750,180,-900,-2850
Laguna,PULL 2407,2020-10-16,SPASBASCINE,-7,750,-5250,0,-5250,194.72,-1363.06,-3886.94
Laguna,PULL 2407,2020-10-16,FEVRAL 200MG,-1,300,-300,0,-300,85,-85,-215
Laguna,PULL 2407,2020-10-16,MAXIFER 20MG/ML,-9,2200,-19800,0,-19800,1088.9,-9800.11,-9999.89
Laguna,PULL 2407,2020-10-16,SORBANCE 5MG,-1.6,390,-624,0,-624,105,-168,-456
Laguna,PULL 2407,2020-10-16,NITROFIX SR 30MG,-0.5,1300,-650,0,-650,470,-235,-415
Laguna,PULL 2408,2020-10-16,KETROM 30MG/ML,-21.6,500,-10800,0,-10800,80,-1728,-9072
Laguna,PULL 2408,2020-10-16,CONSILOSE 3.35G/5ML,-12,162,-1944,0,-1944,99,-1188,-756
Laguna,PULL 2408,2020-10-16,LEVOCIN 500MG,-1,2500,-2500,0,-2500,105,-105,-2395
Laguna,PULL 2408,2020-10-16,VONWELT LOSARTAN 100MG,-0.85,700,-595,0,-595,190,-161.5,-433.5
Laguna,PULL 2408,2020-10-16,ANGEL-50 50MG,-1.65,400,-660,0,-660,117.2,-193.38,-466.62
Laguna,PULL 2408,2020-10-16,RENIMAX 200MG/ML,-5,160,-800,0,-800,165,-825,25
Laguna,PULL 2408,2020-10-16,MECID 500MG,-2.56,300,-768,0,-768,77,-197.12,-570.88
Laguna,PULL 2408,2020-10-16,MEROSEA 1G,-12,960,-11520,0,-11520,219.67,-2636,-8884
Laguna,PULL 2408,2020-10-16,ADIAC 500MG,-1,300,-300,0,-300,61,-61,-239
Laguna,PULL 2408,2020-10-16,METSIL 10MG,-8,400,-3200,0,-3200,35,-280,-2920
Laguna,PULL 2409,2020-10-16,PROMETIN,-0.68,300,-204,0,-204,55.25,-37.57,-166.43
Laguna,PULL 2409,2020-10-16,MONILIASOL 500MG,-0.63,300,-189,0,-189,240,-151.2,-37.80000000000001
Laguna,PULL 2409,2020-10-16,EUROMET,-30,56.25,-1687.5,0,-1687.5,23,-690,-997.5
Laguna,PULL 2409,2020-10-16,ANTIZOAL 5MG/ML,-5,157,-785,0,-785,22.19,-110.97,-674.03
Laguna,PULL 2409,2020-10-16,MULTICAPS,-0.11,200,-22,0,-22,66.5,-7.32,-14.68
Laguna,PULL 2409,2020-10-16,CARDOWIN 1MG,-28,950,-26600,0,-26600,270.71,-7580,-19020
Laguna,PULL 2409,2020-10-16,NITROFURANTOIN 100MG,-1.41,1000,-1410,0,-1410,10.12,-14.27,-1395.73
Laguna,PULL 2409,2020-10-16,PROMEP 40MG,-186,95,-17670,0,-17670,40,-7440,-10230
Laguna,PULL 2409,2020-10-16,OMCARE 40MG,-0.1,3800,-380,0,-380,391.3,-39.13,-340.87
Laguna,PULL 2409,2020-10-16,INHIBITA 40MG,-2.15,400,-860,0,-860,89.05,-191.46,-668.54
Laguna,PULL 2410,2020-10-16,AMBOXIL 500MG,-1,1400,-1400,0,-1400,0,0,-1400
Laguna,PULL 2410,2020-10-16,OXAN 500MG,-6.2,700,-4340,0,-4340,120.8,-748.96,-3591.04
Laguna,PULL 2410,2020-10-16,POPICIN,-4.4,500,-2200,0,-2200,75,-330,-1870
Laguna,PULL 2410,2020-10-16,TERMAGEN 100MG/ML,-3,35,-105,0,-105,67.09,-201.27,96.27000000000001
Laguna,PULL 2410,2020-10-16,AMCETAM 150MG/2ML,-0.3,200,-60,0,-60,41.7,-12.51,-47.49
Laguna,PULL 2410,2020-10-16,FEVERCARE 300MG/2ML,-13.3,200,-2660,0,-2660,39.8,-529.34,-2130.66
Laguna,PULL 2410,2020-10-16,NAHALGESIC 500MG,-0.44,300,-132,0,-132,41,-18.04,-113.96000000000001
Laguna,PULL 2410,2020-10-16,ZETIFEN 250MG/5ML SYR,-3,42,-126,0,-126,35.12,-105.35,-20.650000000000006
Laguna,PULL 2410,2020-10-16,PARASAPH 500MG,-0.11,300,-33,0,-33,38.75,-4.26,-28.740000000000002
Laguna,PULL 2410,2020-10-16,LANTIDIN 50MG,-0.1,18000,-1800,0,-1800,662.81,-66.28,-1733.72
Laguna,PULL 2412,2020-10-16,SALRESP,-9.29,910,-8449.99,0,-8449.99,448.89,-4168.25,-4281.74
Laguna,PULL 2412,2020-10-16,BRODIX 2.5/2.5ML NEB,-6.13,360,-2207.99,0,-2207.99,240,-1471.99,-735.9999999999998
Laguna,PULL 2412,2020-10-16,SOLUNATE 84MG/ML (8.4%),-0.26,7400,-1924,0,-1924,5203.57,-1352.93,-571.0699999999999
Laguna,PULL 2412,2020-10-16,SPITONE 25MG,-4,840,-3360,0,-3360,175,-700,-2660
Laguna,PULL 2412,2020-10-16,E-DOL 50MG CAP,-1.24,1000,-1240,0,-1240,80,-99.2,-1140.8
Laguna,PULL 2412,2020-10-16,UNIDOL 50MG/ML,-1.38,3250,-4485,0,-4485,1300,-1794,-2691
Laguna,PULL 2412,2020-10-16,HEMOBAS 500MG/5ML,-6.4,800,-5120,0,-5120,207.5,-1328,-3792
Laguna,PULL 2412,2020-10-16,VONWELT CEFALEXIN 500MG,-1,900,-900,0,-900,225,-225,-675
Laguna,PULL 2412,2020-10-16,VITACORE 100MG,-2,1200,-2400,0,-2400,200,-400,-2000
Laguna,PULL 2412,2020-10-16,REVITAPLEX TAB,-0.67,1000,-670,0,-670,99.75,-66.83,-603.17
Laguna,PULL 2407,2020-10-16,GENERIC GLICLAZIDE 30MG TAB,-6.6,120,-792,0,-792,230,-1518,726
Laguna,21268,2020-03-14,RANICLAV 625MG,4.29,448,1920,0,1920,106.67,457.14,1462.8600000000001
Laguna,21268,2020-03-14,CORSTAPH 500MG,4,1800,7200,0,7200,435,1740,5460
Laguna,21268,2020-03-14,ROST-20 20MGTAB,3,1100,3300,0,3300,650,1950,1350
Laguna,21269,2020-03-14,SAPHROXOL 75MG,10,1000,10000,0,10000,373.33,3733.33,6266.67
Laguna,21270,2020-03-14,FUROSE 10MG/ML,2,824,1648,0,1648,74.67,149.33,1498.67
Laguna,21270,2020-03-14,AMBIDOL 50MG/ML (100MG/2ML),1,1400,1400,0,1400,142,142,1258
Laguna,21267,2020-02-22,RANICLAV 625MG,2,448,896,0,896,106.67,213.33,682.67
Laguna,21266,2020-02-22,FEVERCARE 300MG/2ML,2,220,440,0,440,39.8,79.6,360.4
Laguna,21266,2020-02-22,FUROXIDE 10MG/2ML,2,380,760,0,760,64.5,129,631
Laguna,21264,2020-02-08,CORBAL 250MG,5,1800,9000,0,9000,508.33,2541.67,6458.33
Laguna,21264,2020-02-08,BRODIX 2.5/2.5ML NEB,2,360,720,0,720,240,480,240
Laguna,21264,2020-02-08,AZICARE 500MG TAB,1,2040,2040,0,2040,523.33,523.33,1516.67
Laguna,21264,2020-02-08,DOBUMEAN 12.5MG,10,480,4800,0,4800,128.67,1286.67,3513.33
Laguna,21504,2020-02-08,EVAPROST 125MCG/ML,2,4800,9600,0,9600,1872,3744,5856
Laguna,21265,2020-02-08,SAPHROXOL 75MG,3,1000,3000,0,3000,373.33,1120,1880
Laguna,PULL 1611,2020-02-06,BROADMETZ 500MG,-1,800,-800,0,-800,319,-319,-481
Laguna,PULL 1611,2020-02-06,SCHEEPRIN 80MG,-1,200,-200,0,-200,79.5,-79.5,-120.5
Laguna,PULL 1611,2020-02-06,PARTEN 50G,-1,400,-400,0,-400,105,-105,-295
Laguna,PULL 1611,2020-02-06,BUDESON 250MCG/ML (500MCG/2ML),-1,3850,-3850,0,-3850,692.5,-692.5,-3157.5
Laguna,PULL 1611,2020-02-06,HYDROBET 250MG,-4.1,2400,-9840,0,-9840,525.74,-2155.53,-7684.469999999999
Laguna,PULL 1611,2020-02-06,SPASMOSON 10MG,-3,800,-2400,0,-2400,155.82,-467.46,-1932.54
Laguna,PULL 1611,2020-02-06,CAPTOR 25G,-1,380,-380,0,-380,95,-95,-285
Laguna,PULL 1611,2020-02-06,SODAMPEN 1G IM/IV,-24,110,-2640,0,-2640,43,-1032,-1608
Laguna,PULL 1611,2020-02-06,DOBUMEAN 12.5MG,-20,450,-9000,0,-9000,128.67,-2573.33,-6426.67
Laguna,21263,2020-01-18,ZINACARE 750MG W/O DILUENT,50,95,4750,0,4750,15.25,762.5,3987.5
Laguna,21261,2020-01-18,ZEFTACARE 1G,20,320,6400,0,6400,39,780,5620
Laguna,21261,2020-01-18,PROMEP 40MG,10,180,1800,0,1800,40,400,1400
Laguna,21261,2020-01-18,FEVERCARE 300MG/2ML,2,220,440,0,440,39.8,79.6,360.4
Laguna,21261,2020-01-18,CEFZOX 1G VIAL W/ DILUENT,10,160,1600,0,1600,22.5,225,1375
Laguna,21261,2020-01-18,PLENACYL 600MG,2,360,720,0,720,90,180,540
Laguna,21262,2020-01-18,ROSULIP 20MG,6,1100,6600,0,6600,260,1560,5040
Laguna,21262,2020-01-18,CORSTAPH 500MG,2,1800,3600,0,3600,435,870,2730
Laguna,21260,2020-01-11,MAXIFER 20MG/ML,6,2200,13200,0,13200,1088.9,6533.41,6666.59
Laguna,21259,2020-01-11,MAXIFER 20MG/ML,4,2200,8800,0,8800,1088.9,4355.61,4444.39
Laguna,21256,2020-01-11,OMCARE 40MG,2.2,950,2090,0,2090,391.3,860.86,1229.1399999999999
Laguna,21258,2020-01-11,ZEFTACARE 1G,150,170,25500,0,25500,39,5850,19650
Laguna,21258,2020-01-11,PROMEP 40MG,50,95,4750,0,4750,40,2000,2750
Laguna,21258,2020-01-11,SALRESP,3,910,2730,0,2730,448.89,1346.67,1383.33
Laguna,21258,2020-01-11,ZURENIX 500MG,7,280,1960,0,1960,91.5,640.5,1319.5
Laguna,21258,2020-01-11,MICROSCOT 20mg,5,190,950,0,950,68.92,344.58,605.4200000000001
Laguna,21258,2020-01-11,SPASBASCINE,5,750,3750,0,3750,194.72,973.61,2776.39
Laguna,21258,2020-01-11,ACRESIL 300MG,1,1000,1000,0,1000,402.83,402.83,597.1700000000001
Laguna,21258,2020-01-11,AMPI-1,2,980,1960,0,1960,103.18,206.35,1753.65
Laguna,21258,2020-01-11,ASCOPHIL 500MG,1,200,200,0,200,58,58,142
Laguna,21257,2020-01-11,OMRAZ 40MG,11,255,2805,0,2805,51.82,570.02,2234.98
Laguna,21255,2020-01-11,TRAMAN 50MG/ML,1,1400,1400,0,1400,220,220,1180
Laguna,21255,2020-01-11,FUROSE 10MG/ML,3,824,2472,0,2472,74.67,224,2248
Laguna,21254,2020-01-11,EVAPROST 125MCG/ML,1,4800,4800,0,4800,1872,1872,2928
Losses,22150,2020-09-18,ERGON 125MCG,2,2000,4000,0,4000,138.04,276.08,3723.92
Losses,MS00636,2020-09-11,EXEL 250MG/5ML SUS,10,80,800.02,0,800.02,24.25,242.5,557.52
Losses,MS00636,2020-09-11,CATAMED 75MCG TAB,5,2299.7,11498.5,0,11498.5,463,2315,9183.5
Losses,MS00636,2020-09-11,CLOXANE 500MG CAP,10,799.5,7995,0,7995,195,1950,6045
Losses,MS00636,2020-09-11,DEXAMAX 4MG,5,917.54,4587.7,0,4587.7,71,355,4232.7
Losses,MS00636,2020-09-11,FUROXIDE 10MG/2ML,10,479.96,4799.6,0,4799.6,64.5,645,4154.6
Losses,PULL1923,2020-08-06,FORTIPLEX,-4,,,0,,395,-1580,1580
Losses,PULL1923,2020-08-06,MONILIASOL 500MG,-2,,,0,,240,-480,480
Losses,21852,2020-03-14,HAV C 500MG,5,0,0,0,0,122.5,612.5,-612.5
Losses,21852,2020-03-14,ISOPROPHYL ALCOHOL 500ML - GUARDIAN,3,0,0,0,0,60,180,-180
Losses,PULL2260A,2020-03-14,LEIVICLOX 250MG SUS,-30,0,0,0,0,68,-2040,2040
Losses,21490,2020-02-29,AGLOTAC 25MG/ML (50MG/2ML),0.3,0,0,0,0,58.07,17.42,-17.42
Losses,21501,2020-01-30,FACE MASK,1,0,0,0,0,514.44,514.44,-514.44
Losses,MS00447,2020-01-25,"MICROPORE 1"" - 3M",3,,,0,,380,1140,-1140
Losses,MS00451,2020-01-25,FACE MASK,5,,,0,,514.44,2572.22,-2572.22
Lower Cavite,PULL 1984,2020-12-28,SANDINE,-3,9500,-28500,0,-28500,3500,-10500,-18000
Lower Cavite,22029,2020-12-16,GYNE-TOCIN 10IU/ML,10,800,8000,0,8000,83.21,832.11,7167.89
Lower Cavite,22028,2020-12-16,SANDINE,6,9500,57000,0,57000,3500,21000,36000
Lower Cavite,22030,2020-12-16,MERAZOL 40MG,10,2300,23000,0,23000,260,2600,20400
Lower Cavite,22027,2020-12-16,HYCLENS WOUND SPRAY 60ML.,12,290,3480,522,2958,137.15,1645.82,1312.18
Lower Cavite,22024,2020-11-30,GYNE-TOCIN 10IU/ML,10,800,8000,0,8000,83.21,832.11,7167.89
Lower Cavite,22017,2020-10-30,GYNE-TOCIN 10IU/ML,10,800,8000,0,8000,83.21,832.11,7167.89
Lower Cavite,22011,2020-10-26,SODAMPEN 1G IM/IV,50,115.2,5760,0,5760,43,2150,3610
Lower Cavite,22010,2020-10-20,MERAZOL 40MG,5,2300,11500,0,11500,260,1300,10200
Lower Cavite,22006,2020-10-20,SODAMPEN 1G IM/IV,50,115.2,5760,0,5760,43,2150,3610
Lower Cavite,22000,2020-10-12,AMBIDOL 50MG/ML (100MG/2ML),5,1080,5400,0,5400,142,710,4690
Lower Cavite,22004,2020-10-12,GYNE-TOCIN 10IU/ML,10,800,8000,0,8000,83.21,832.11,7167.89
Lower Cavite,21970,2020-10-12,MERAZOL 40MG,5,2300,11500,0,11500,260,1300,10200
Lower Cavite,21970,2020-10-12,HYCLENS GARGLE 120ML,5,176,880,0,880,88,440,440
Lower Cavite,21996,2020-09-28,GLOTREX 500MG/5ML,10,325,3250,0,3250,125,1250,2000
Lower Cavite,21996,2020-09-28,SODAMPEN 1G IM/IV,100,115.2,11520,0,11520,43,4300,7220
Lower Cavite,21997,2020-09-28,GYNE-TOCIN 10IU/ML,10,800,8000,0,8000,83.21,832.11,7167.89
Lower Cavite,21984,2020-09-11,SANDINE,5,9500,47500,0,47500,3500,17500,30000
Lower Cavite,21986,2020-09-07,GYNE-TOCIN 10IU/ML,10,800,8000,0,8000,83.21,832.11,7167.89
Lower Cavite,21979,2020-08-21,GENTAM 40MG,5,378,1890,0,1890,50.42,252.12,1637.88
Lower Cavite,21980,2020-08-21,METREX 10MG,5,250,1250,0,1250,35,175,1075
Lower Cavite,21967,2020-08-17,SODAMPEN 1G IM/IV,100,115.2,11520,0,11520,43,4300,7220
Lower Cavite,21966,2020-08-17,SANDINE,4,9500,38000,0,38000,3500,14000,24000
Lower Cavite,21960,2020-07-31,GYNE-TOCIN 10IU/ML,20,800,16000,0,16000,83.21,1664.22,14335.78
Lower Cavite,21697,2020-07-31,HYCLENS WOUND SPRAY 60ML.,12,290,3480,0,3480,137.15,1645.82,1834.18
Lower Cavite,21693,2020-07-31,SODAMPEN 1G IM/IV,50,115.2,5760,0,5760,43,2150,3610
Lower Cavite,21679,2020-07-31,SODAMPEN 1G IM/IV,50,115.2,5760,0,5760,43,2150,3610
Lower Cavite,21690,2020-07-18,GYNE-TOCIN 10IU/ML,10,800,8000,0,8000,83.21,832.11,7167.89
Lower Cavite,21699,2020-07-18,HYCLENS WOUND SPRAY 60ML.,12,229.32,2751.84,0,2751.84,137.15,1645.82,1106.0200000000002
Lower Cavite,21673,2020-06-30,HYCLENS 0.12% GARGLE 60ML,6,185,1110,0,1110,65,390,720
Lower Cavite,21675,2020-06-30,AMBIDOL 50MG/ML (100MG/2ML),5,1080,5400,0,5400,142,710,4690
Lower Cavite,21687,2020-06-30,GYNE-TOCIN 10IU/ML,5,1080,5400,0,5400,83.21,416.06,4983.94
Lower Cavite,21670,2020-06-20,MERAZOL 40MG,5,2300,11500,0,11500,260,1300,10200
Lower Cavite,21666,2020-06-20,SALRESP,3,1260,3780,0,3780,448.89,1346.67,2433.33
Lower Cavite,21666,2020-06-20,GLOTREK 100MG/5ML AMP,10,325,3250,0,3250,272.2,2722,528
Lower Cavite,21676,2020-06-20,GYNE-TOCIN 10IU/ML,10,800,8000,0,8000,83.21,832.11,7167.89
Lower Cavite,21667,2020-06-06,GYNE-TOCIN 10IU/ML,10,800,8000,0,8000,83.21,832.11,7167.89
Lower Cavite,21656,2020-05-09,TEGUTECT DIGLUCONATE W/70% ALCOHOL 1GL,10,280,2800,0,2800,2345,23450,-20650
Lower Cavite,21654,2020-05-09,ESSPRIN ADULT 20ML,5,420,2100,0,2100,210,1050,1050
Lower Cavite,21654,2020-05-09,ESSPRIN PEDIA 20ML,5,430,2150,0,2150,215,1075,1075
Lower Cavite,21625,2020-04-30,HYCLENS OB WASH ANTISEPTIC,20,277.2,5544,0,5544,138.6,2772,2772
Lower Cavite,21634,2020-04-30,SANDINE,5,10500,52500,10500,42000,3500,17500,24500
Lower Cavite,21646,2020-04-30,SANDINE,5,10500,52500,10500,42000,3500,17500,24500
Lower Cavite,21646,2020-04-30,GYNE-TOCIN 10IU/ML,10,800,8000,0,8000,83.21,832.11,7167.89
Lower Cavite,21628,2020-04-30,MERAZOL 40MG,10,2300,23000,0,23000,260,2600,20400
Lower Cavite,21647,2020-04-30,SODAMPEN 1G IM/IV,100,115.2,11520,0,11520,43,4300,7220
Lower Cavite,21647,2020-04-30,GYNE-TOCIN 10IU/ML,5,1080,5400,0,5400,83.21,416.06,4983.94
Lower Cavite,21641,2020-03-28,GENTAM 40MG,5,378,1890,0,1890,50.42,252.12,1637.88
Lower Cavite,21641,2020-03-28,SPASBASCINE,5,1080,5400,0,5400,194.72,973.61,4426.39
Lower Cavite,21641,2020-03-28,BRODIX 2.5/2.5ML NEB,5,771.3,3856.5,0,3856.5,240,1200,2656.5
Lower Cavite,21629,2020-03-28,GENTAM 40MG,5,378,1890,0,1890,50.42,252.12,1637.88
Lower Cavite,21629,2020-03-28,BRODIX 2.5/2.5ML NEB,3,771.3,2313.9,0,2313.9,240,720,1593.9
Lower Cavite,21630,2020-03-28,SPASBASCINE,5,1080,5400,0,5400,194.72,973.61,4426.39
Lower Cavite,21614,2020-03-28,GYNE-TOCIN 10IU/ML,10,800,8000,0,8000,83.21,832.11,7167.89
Lower Cavite,21601,2020-03-07,SALRESP,3,1260,3780,0,3780,448.89,1346.67,2433.33
Lower Cavite,20946,2020-02-15,METOCLOR 5MG/ML,3,125,375,0,375,4.5,13.5,361.5
Lower Cavite,20946,2020-02-15,CARDOWIN 1MG,30,972.2,29166,0,29166,270.71,8121.43,21044.57
Lower Cavite,20939,2020-02-15,GLOTREX 500MG/5ML,10,325,3250,0,3250,125,1250,2000
Lower Cavite,20939,2020-02-15,SODAMPEN 1G IM/IV,50,115.2,5760,0,5760,43,2150,3610
Lower Cavite,20931,2020-02-15,CORBAL 100MG,2,1200,2400,0,2400,187.4,374.8,2025.2
Lower Cavite,20931,2020-02-15,CORBAL 250MG,2,2400,4800,0,4800,508.33,1016.67,3783.33
Lower Cavite,20931,2020-02-15,HYCLENS 0.12% GARGLE 60ML,6,185,1110,0,1110,65,390,720
Lower Cavite,20936,2020-02-15,GYNE-TOCIN 10IU/ML,10,800,8000,0,8000,83.21,832.11,7167.89
Lower Cavite,20943,2020-02-15,HYCLENS WOUND SPRAY 60ML.,12,229.32,2751.84,0,2751.84,137.15,1645.82,1106.0200000000002
Lower Cavite,20925,2020-01-31,MERAZOL 40MG,10,2300,23000,0,23000,260,2600,20400
Lower Cavite,20924,2020-01-31,HYCLENS WOUND SPRAY 60ML.,24,290,6960,1044,5916,137.15,3291.65,2624.35
Lower Cavite,20935,2020-01-31,HYCLENS WOUND SPRAY 60ML.,12,290,3480,0,3480,137.15,1645.82,1834.18
Lower Cavite,20932,2020-01-31,SPASBASCINE,5,1080,5400,0,5400,194.72,973.61,4426.39
Lower Cavite,20932,2020-01-31,SALRESP,3,1260,3780,0,3780,448.89,1346.67,2433.33
Marinduque,22528,2020-12-03,SPASCLOMIN 10MG/5ML,24,112.5,2700,0,2700,45,1080,1620
Marinduque,22527,2020-12-03,HISTARIL 1MG/50MG/5ML SYR,24,118,2832,0,2832,24.47,587.28,2244.7200000000003
Marinduque,22527,2020-12-03,HISTARIL 2MG/100MG CAP,5,800,4000,0,4000,225,1125,2875
Marinduque,22527,2020-12-03,VOXOLL 15MG/5ML SYR,5,650,3250,0,3250,23,115,3135
Marinduque,22527,2020-12-03,CINNABLOC 25MG,4,500,2000,0,2000,133,532,1468
Marinduque,22527,2020-12-03,MONILIASOL 125MG/5ML,5,780,3900,0,3900,36.76,183.81,3716.19
Marinduque,22527,2020-12-03,HEMOSTAP 500mg,5,700,3500,0,3500,371.67,1858.33,1641.67
Marinduque,22526,2020-12-03,MONILIASOL 125MG/5ML,12,62.5,750,0,750,36.76,441.15,308.85
Marinduque,22525,2020-12-03,HYCLENS 0.12% GARGLE 60ML,12,153,1836,183.6,1652.4,65,780,872.4000000000001
Marinduque,22525,2020-12-03,HYCLENS GARGLE 120ML,6,208,1248,124.8,1123.2,88,528,595.2
Marinduque,22524,2020-12-03,BENERVA FORTE,15,1540,23100,6930,16170,525,7875,8295
Marinduque,22516,2020-11-21,HYCLENS WOUND SPRAY 60ML.,12,170,2040,0,2040,137.15,1645.82,394.18000000000006
Marinduque,22516,2020-11-21,DOLO JAGA 500MG/50MG/100MG/100MCG,10,2000,20000,0,20000,615,6150,13850
Marinduque,22516,2020-11-21,SUSTACHLOR 125MG/5ML,12,150,1800,0,1800,46.79,561.48,1238.52
Marinduque,22515,2020-11-21,SUSTACHLOR 125MG/5ML,12,150,1800,0,1800,46.79,561.48,1238.52
Marinduque,22515,2020-11-21,CEPROTRON 500MG,5,1750,8750,0,8750,533.33,2666.67,6083.33
Marinduque,22515,2020-11-21,FERGLOBIN 250MG,5,1100,5500,0,5500,257.5,1287.5,4212.5
Marinduque,22515,2020-11-21,HYCLENS 0.12% GARGLE 60ML,12,153,1836,0,1836,65,780,1056
Marinduque,22515,2020-11-21,DOLO JAGA 500MG/50MG/100MG/100MCG,3,2000,6000,0,6000,615,1845,4155
Marinduque,22514,2020-11-21,DOLO JAGA 500MG/50MG/100MG/100MCG,18,2000,36000,10800,25200,615,11070,14130
Marinduque,22514,2020-11-21,JAGA 300MG/100MG/100MCG,2,1540,3080,924,2156,530,1060,1096
Marinduque,22365,2020-09-28,BUFEN 200MG/ML,24,114.58,2750,0,2750,35,840,1910
Marinduque,22365,2020-09-28,MONILIASOL 500MG,2,780,1560,0,1560,240,480,1080
Marinduque,22365,2020-09-28,DOLO JAGA 500MG/50MG/100MG/100MCG,3,2000,6000,0,6000,615,1845,4155
Marinduque,22365,2020-09-28,JAGA 300MG/100MG/100MCG,3,1540,4620,0,4620,530,1590,3030
Marinduque,22365,2020-09-28,TOSYLAM 750MG TAB,1,4115,4115,0,4115,1265,1265,2850
Marinduque,22366,2020-09-28,TRIZINE SYRUP,38,305,11590,0,11590,195,7410,4180
Marinduque,22366,2020-09-28,HYCLENS WOUND SPRAY 60ML.,12,270,3240,0,3240,137.15,1645.82,1594.18
Marinduque,22366,2020-09-28,JAGA 300MG/100MG/100MCG,10,1540,15400,0,15400,530,5300,10100
Marinduque,22367,2020-09-28,BENERVA FORTE,10,1540,15400,4620,10780,525,5250,5530
Marinduque,22368,2020-09-28,HYCLENS GARGLE 120ML,12,152.94,1835.28,183.53,1651.75,88,1056,595.75
Marinduque,22369,2020-09-28,DOLO JAGA 500MG/50MG/100MG/100MCG,5,2000,10000,3000,7000,615,3075,3925
Marinduque,22369,2020-09-28,JAGA 300MG/100MG/100MCG,2,1540,3080,924,2156,530,1060,1096
Marinduque,22126,2020-08-24,BENERVA FORTE,10,1540,15400,4620,10780,525,5250,5530
Marinduque,22127,2020-08-24,HYCLENS 0.12% GARGLE 60ML,12,152.94,1835.28,183.53,1651.75,65,780,871.75
Marinduque,22128,2020-08-24,TOSYLAM 750MG TAB,5,4115,20575,0,20575,1265,6325,14250
Marinduque,22128,2020-08-24,GIAN ZINC 120ML SYR,12,180,2160,0,2160,80.83,970,1190
Marinduque,22128,2020-08-24,MULTI GROW 30ML DROPS,12,180,2160,0,2160,63,756,1404
Marinduque,22129,2020-08-24,DOLO JAGA 500MG/50MG/100MG/100MCG,11,2000,22000,6600,15400,615,6765,8635
Marinduque,22129,2020-08-24,JAGA 300MG/100MG/100MCG,11,1540,16940,5082,11858,530,5830,6028
Marinduque,22130,2020-08-24,MONILIASOL 500MG,5,780,3900,0,3900,240,1200,2700
Marinduque,22130,2020-08-24,CINNABLOC 25MG,5,500,2500,0,2500,133,665,1835
Marinduque,22130,2020-08-24,VOXOLL 30MG TAB,2,650,1300,0,1300,167,334,966
Marinduque,22130,2020-08-24,MONILIASOL 125MG/5ML,24,125,3000,0,3000,36.76,882.3,2117.7
Marinduque,22130,2020-08-24,SPASMOCIN 20MG/1ML AMP,24,175,4200,0,4200,19,456,3744
Marinduque,22130,2020-08-24,HEMOSTAP 500mg,1,770,770,0,770,371.67,371.67,398.33
Marinduque,22131,2020-08-24,VICOLAX 50MG/1MG/5ML SYR,12,58.67,704,0,704,36.78,441.36,262.64
Marinduque,22132,2020-08-24,VITACORE 100MG,5,900,4500,0,4500,200,1000,3500
Marinduque,22132,2020-08-24,DALAMYCIN 150 MG,3,7100,21300,0,21300,1007.5,3022.5,18277.5
Marinduque,22132,2020-08-24,DOLO JAGA 500MG/50MG/100MG/100MCG,1,2000,2000,0,2000,615,615,1385
Marinduque,22132,2020-08-24,JAGA 300MG/100MG/100MCG,1,1540,1540,0,1540,530,530,1010
Marinduque,22110,2020-08-03,DOLO JAGA 500MG/50MG/100MG/100MCG,4,2000,8000,2400,5600,615,2460,3140
Marinduque,22110,2020-08-03,JAGA 300MG/100MG/100MCG,4,1540,6160,1848,4312,530,2120,2192
Marinduque,22109,2020-08-03,ANEROCIN 300MG,2,3800,7600,0,7600,919.67,1839.33,5760.67
Marinduque,22109,2020-08-03,MONILIASOL 125MG/5ML,2,780,1560,0,1560,36.76,73.53,1486.47
Marinduque,21847,2020-07-18,DOLO JAGA 500MG/50MG/100MG/100MCG,10,2000,20000,0,20000,615,6150,13850
Marinduque,21847,2020-07-18,JAGA 300MG/100MG/100MCG,5,1600,8000,0,8000,530,2650,5350
Marinduque,21847,2020-07-18,TRIZINE SYRUP,50,310,15500,0,15500,195,9750,5750
Marinduque,21847,2020-07-18,SUSTACHLOR 125MG/5ML,30,150,4500,0,4500,46.79,1403.7,3096.3
Marinduque,21847,2020-07-18,HYCLENS WOUND SPRAY 60ML.,24,270,6480,0,6480,137.15,3291.65,3188.35
Marinduque,21847,2020-07-18,BENERVA FORTE,1,1600,1600,0,1600,525,525,1075
Marinduque,21848,2020-07-18,TOSYLAM 750MG TAB,2,4115,8230,0,8230,1265,2530,5700
Marinduque,21848,2020-07-18,DOLO JAGA 500MG/50MG/100MG/100MCG,3,2000,6000,0,6000,615,1845,4155
Marinduque,21848,2020-07-18,JAGA 300MG/100MG/100MCG,3,1600,4800,0,4800,530,1590,3210
Marinduque,21848,2020-07-18,TRIZINE SYRUP,24,310,7440,0,7440,195,4680,2760
Marinduque,21849,2020-07-18,BENERVA FORTE,10,1540,15400,4620,10780,525,5250,5530
Marinduque,21850,2020-07-18,HYCLENS GARGLE 120ML,12,152.94,1835.28,183.53,1651.75,88,1056,595.75
Marinduque,22101,2020-07-18,MULTI GROW 30ML DROPS,22,180,3960,1188,2772,63,1386,1386
Marinduque,22102,2020-07-18,PARADOX TAB,3,750,2250,675,1575,230,690,885
Marinduque,22102,2020-07-18,FERGLOBIN 250MG,1,725,725,217.5,507.5,257.5,257.5,250
Marinduque,22102,2020-07-18,FOLACID 5MG,1,615,615,184.5,430.5,196.88,196.88,233.62
Marinduque,22102,2020-07-18,ANEROCIN 300MG,1,3800,3800,1140,2660,919.67,919.67,1740.33
Marinduque,22102,2020-07-18,JAGA 300MG/100MG/100MCG,1,1600,1600,480,1120,530,530,590
Marinduque,21813,2020-06-20,TRIZINE SYRUP,15,305,4575,0,4575,195,2925,1650
Marinduque,21813,2020-06-20,PARADOX TAB,10,750,7500,0,7500,230,2300,5200
Marinduque,21814,2020-06-20,TRIZINE SYRUP,15,305,4575,0,4575,195,2925,1650
Marinduque,21814,2020-06-20,TOSYLAM 750MG TAB,3,4115,12345,0,12345,1265,3795,8550
Marinduque,21814,2020-06-20,JAGA 300MG/100MG/100MCG,3,1540,4620,0,4620,530,1590,3030
Marinduque,21814,2020-06-20,DOLO JAGA 500MG/50MG/100MG/100MCG,4,2000,8000,0,8000,615,2460,5540
Marinduque,21814,2020-06-20,MULTI GROW 120ML,12,240,2880,0,2880,83.33,1000,1880
Marinduque,21814,2020-06-20,GIAN ZINC 120ML SYR,12,180,2160,0,2160,80.83,970,1190
Marinduque,21814,2020-06-20,GIAN ZINC 30ML DROPS,12,155,1860,0,1860,61.67,740,1120
Marinduque,21815,2020-06-20,BENERVA FORTE,2,1540,3080,616,2464,525,1050,1414
Marinduque,21815,2020-06-20,BENERVA PLUS TAB,2,2000,4000,800,3200,550,1100,2100
Marinduque,21816,2020-06-20,SUSTACHLOR 125MG/5ML,24,150,3600,0,3600,46.79,1122.96,2477.04
Marinduque,21817,2020-06-20,SUSTACHLOR 125MG/5ML,12,150,1800,0,1800,46.79,561.48,1238.52
Marinduque,21817,2020-06-20,CEPROTRON 500MG,4,1750,7000,0,7000,533.33,2133.33,4866.67
Marinduque,21817,2020-06-20,DOLO JAGA 500MG/50MG/100MG/100MCG,3,2000,6000,0,6000,615,1845,4155
Marinduque,21820,2020-06-20,BENERVA FORTE,10,1540,15400,4620,10780,525,5250,5530
Marinduque,21821,2020-06-20,HYCLENS 0.12% GARGLE 60ML,12,152.94,1835.28,183.53,1651.75,65,780,871.75
Marinduque,21821,2020-06-20,TEGUTECT DIGLUCONATE W/70% ALCOHOL 1GL,12,329.41,3952.92,395.29,3557.63,2345,28140,-24582.37
Marinduque,21500,2020-03-07,SUSTACHLOR 500MG,2,900,1800,540,1260,447.5,895,365
Marinduque,21500,2020-03-07,HISTARIL 2MG/100MG CAP,2,880,1760,528,1232,225,450,782
Marinduque,21500,2020-03-07,VOXOLL 30MG TAB,1,650,650,195,455,167,167,288
Marinduque,21500,2020-03-07,DOLO JAGA 500MG/50MG/100MG/100MCG,1,2000,2000,600,1400,615,615,785
Marinduque,21499,2020-03-07,TOSYLAM 750MG TAB,1,3900,3900,780,3120,1265,1265,1855
Marinduque,21499,2020-03-07,INTRAPLEM 100MG/5ML,6,100,600,120,480,30.76,184.56,295.44
Marinduque,21498,2020-03-07,BERCEF 50MG/ML DROPS,30,175,5250,0,5250,42,1260,3990
Marinduque,21498,2020-03-07,BERCEF 250MG/5ML SUS,30,450,13500,0,13500,148,4440,9060
Marinduque,21497,2020-03-07,BUFEN 200MG/ML,10,113,1130,0,1130,35,350,780
Marinduque,21497,2020-03-07,ZUDEM 200MG,1,5200,5200,0,5200,1600,1600,3600
Marinduque,21497,2020-03-07,MONILIASOL 125MG/5ML,12,125,1500,0,1500,36.76,441.15,1058.85
Marinduque,21497,2020-03-07,GIAN ZINC 30ML DROPS,12,155,1860,0,1860,61.67,740,1120
Marinduque,21497,2020-03-07,ANEROCIN 300MG,2,3800,7600,0,7600,919.67,1839.33,5760.67
Marinduque,21497,2020-03-07,HYCLENS WOUND SPRAY 60ML.,12,270,3240,0,3240,137.15,1645.82,1594.18
Marinduque,21496,2020-03-07,DOLO JAGA 500MG/50MG/100MG/100MCG,4,2000,8000,0,8000,615,2460,5540
Marinduque,21496,2020-03-07,ZUDEM 200MG,3,5200,15600,0,15600,1600,4800,10800
Marinduque,21500,2020-03-07,INTRAPLEM 100MG/5ML,16,100,1600,480,1120,30.76,492.16,627.8399999999999
Marinduque,21500,2020-03-07,FLUIFORT-M 50MG,20,88,1760,528,1232,28.98,579.67,652.33
Marinduque,21465,2020-02-15,HYCLENS 0.12% GARGLE 60ML,12,152.94,1835.28,183.53,1651.75,65,780,871.75
Marinduque,21465,2020-02-15,HYCLENS SKIN CLEASER 1L,1,1297.06,1297.06,129.71,1167.35,551.25,551.25,616.0999999999999
Marinduque,21466,2020-02-15,BENERVA FORTE,10,1540,15400,4620,10780,525,5250,5530
Marinduque,21463,2020-02-15,HISTARIL 1MG/50MG/5ML SYR,24,200,4800,0,4800,24.47,587.28,4212.72
Marinduque,21463,2020-02-15,BUFEN 200MG/ML,24,113,2712,0,2712,35,840,1872
Marinduque,21463,2020-02-15,JAGA 300MG/100MG/100MCG,2,1540,3080,0,3080,530,1060,2020
Marinduque,21467,2020-02-15,TOSYLAM 750MG TAB,4,4115,16460,0,16460,1265,5060,11400
Marinduque,21464,2020-02-15,INTRAPLEM 50MG/ML - DROPS,22,88,1936,0,1936,29.95,658.9,1277.1
Marinduque,21468,2020-02-15,INTRAPLEM 100MG/5ML,50,100,5000,0,5000,30.76,1538,3462
Marinduque,21468,2020-02-15,INTRAPLEM 50MG/ML - DROPS,50,88,4400,0,4400,29.95,1497.5,2902.5
Marinduque,21470,2020-02-15,DOLO JAGA 500MG/50MG/100MG/100MCG,6,2000,12000,3600,8400,615,3690,4710
Marinduque,21471,2020-02-15,HISTARIL 2MG/100MG CAP,3,800,2400,0,2400,225,675,1725
Marinduque,21471,2020-02-15,ANEROCIN 300MG,3,3800,11400,0,11400,919.67,2759,8641
Marinduque,21471,2020-02-15,CINNABLOC 75MG,10,160,1600,0,1600,40,400,1200
Marinduque,21471,2020-02-15,ZETIFEN 250MG/5ML SYR,24,115,2760,0,2760,35.12,842.76,1917.24
Marinduque,21471,2020-02-15,SPASCLOMIN 10MG/5ML,24,155,3720,0,3720,45,1080,2640
Marinduque,21100,2020-01-31,ANEROCIN 300MG,1,3000,3000,0,3000,919.67,919.67,2080.33
Marinduque,21100,2020-01-31,MONILIASOL 125MG/5ML,24,125,3000,0,3000,36.76,882.3,2117.7
Marinduque,21100,2020-01-31,BUFEN 200MG/ML,12,115,1380,0,1380,35,420,960
Marinduque,21100,2020-01-31,DOLO JAGA 500MG/50MG/100MG/100MCG,9,2000,18000,0,18000,615,5535,12465
Marinduque,21250,2020-01-31,ZETIFEN 100MG/ML DROPS,12,95,1140,0,1140,29.45,353.44,786.56
Marinduque,21250,2020-01-31,SUSTACHLOR 125MG/5ML,12,150,1800,0,1800,46.79,561.48,1238.52
Marinduque,21250,2020-01-31,BUFEN 200MG/ML,12,99,1188,0,1188,35,420,768
Marinduque,21250,2020-01-31,TRIZINE SYRUP,12,305,3660,0,3660,195,2340,1320
Marinduque,21250,2020-01-31,GIAN ZINC 30ML DROPS,6,155,930,0,930,61.67,370,560
Marinduque,21249,2020-01-31,MULTI GROW 120ML,12,240,2880,0,2880,83.33,1000,1880
Marinduque,21249,2020-01-31,MULTI GROW 30ML DROPS,12,180,2160,0,2160,63,756,1404
Marinduque,21249,2020-01-31,GIAN ZINC 120ML SYR,12,195,2340,0,2340,80.83,970,1370
Marinduque,21098,2020-01-31,INTRAPLEM 100MG/5ML,50,100,5000,0,5000,30.76,1538,3462
Marinduque,21098,2020-01-31,INTRAPLEM 50MG/ML - DROPS,50,88,4400,0,4400,29.95,1497.5,2902.5
Marinduque,21098,2020-01-31,DOLO JAGA 500MG/50MG/100MG/100MCG,1,2000,2000,0,2000,615,615,1385
Marinduque,21232,2020-01-18,MONILIASOL 125MG/5ML,24,125,3000,0,3000,36.76,882.3,2117.7
Marinduque,21232,2020-01-18,ZETIFEN 100MG/ML DROPS,12,95,1140,0,1140,29.45,353.44,786.56
Marinduque,21232,2020-01-18,MONILIASOL 500MG,3,780,2340,0,2340,240,720,1620
Marinduque,21232,2020-01-18,CEPROTRON 500MG,2,1750,3500,0,3500,533.33,1066.67,2433.33
Marinduque,21231,2020-01-18,MULTI GROW 120ML,24,240,5760,0,5760,83.33,2000,3760
Marinduque,21231,2020-01-18,MULTI GROW 30ML DROPS,24,180,4320,0,4320,63,1512,2808
Marinduque,21234,2020-01-18,DOLO JAGA 500MG/50MG/100MG/100MCG,10,2000,20000,6000,14000,615,6150,7850
Marinduque,21237,2020-01-18,JAGA 300MG/100MG/100MCG,10,1540,15400,4620,10780,530,5300,5480
Marinduque,21237,2020-01-18,CINNABLOC 25MG,3,500,1500,450,1050,133,399,651
Marinduque,21236,2020-01-18,MONILIASOL 500MG,5,780,3900,0,3900,240,1200,2700
Marinduque,21236,2020-01-18,MONILIASOL 125MG/5ML,24,125,3000,0,3000,36.76,882.3,2117.7
Marinduque,21236,2020-01-18,ZETIFEN 250MG/5ML SYR,24,115,2760,0,2760,35.12,842.76,1917.24
Marinduque,21236,2020-01-18,ZETIFEN 100MG/ML DROPS,24,90,2160,0,2160,29.45,706.88,1453.12
Marinduque,21236,2020-01-18,HISTARIL 2MG/100MG CAP,5,800,4000,0,4000,225,1125,2875
Marinduque,21236,2020-01-18,CINNABLOC 25MG,10,500,5000,0,5000,133,1330,3670
Marinduque,21236,2020-01-18,SPASCLOMIN 10MG/5ML,24,155,3720,0,3720,45,1080,2640
Marinduque,21236,2020-01-18,VOXOLL 15MG/5ML SYR,20,75,1500,0,1500,23,460,1040
Marinduque,21236,2020-01-18,VOXOLL 30MG TAB,1,650,650,0,650,167,167,483
Marinduque,21235,2020-01-18,SPASCLOMIN 10MG/5ML,12,155,1860,0,1860,45,540,1320
Marinduque,21235,2020-01-18,HISTARIL 2MG/100MG CAP,5,800,4000,0,4000,225,1125,2875
Marinduque,21237,2020-01-18,VONWELT TRANEXAMIC ACID,2,660,1320,0,1320,320,640,680
Marinduque,21233,2020-01-18,BENERVA FORTE,10,1540,15400,4620,10780,525,5250,5530
Marinduque,21232,2020-01-18,TRIZINE SYRUP,30,305,9150,0,9150,195,5850,3300
Marinduque,21232,2020-01-18,MULTI GROW 30ML DROPS,24,180,4320,0,4320,63,1512,2808
Marinduque,21232,2020-01-18,BUFEN 200MG/ML,24,113,2712,0,2712,35,840,1872
Marinduque,21235,2020-01-18,HYCLENS WOUND SPRAY 60ML.,6,270,1620,0,1620,137.15,822.91,797.09
Marinduque,21235,2020-01-18,ANEROCIN 300MG,1,3000,3000,0,3000,919.67,919.67,2080.33
Marinduque,21235,2020-01-18,CINNABLOC 75MG,5,160,800,0,800,40,200,600
Marinduque,21235,2020-01-18,VONWELT Hyoscine Methbro,5,800,4000,0,4000,295,1475,2525
Mindoro,22328,2020-11-13,CENDALEX 100MG/ML DROPS,70,57.5,4025,0,4025,23.25,1627.5,2397.5
Mindoro,22328,2020-11-13,HISTARIL 1MG/50MG/5ML SYR,144,40,5760,0,5760,24.47,3523.68,2236.32
Mindoro,21892,2020-08-24,CENDALEX 100MG/ML DROPS,70,57.5,4025,0,4025,23.25,1627.5,2397.5
Mindoro,21892,2020-08-24,ZELEX 200MG,4,1400,5600,0,5600,750,3000,2600
Mindoro,21536,2020-03-14,AMOLTEX 2MG TAB,288,35,10080,0,10080,85,24480,-14400
Mindoro,21536,2020-03-14,ZELEX 200MG,2,1400,2800,0,2800,750,1500,1300
Mindoro,21432,2020-02-15,VOXOLL 30MG TAB,15,325,4875,0,4875,167,2505,2370
Mindoro,21432,2020-02-15,CENDALEX 100MG/ML DROPS,50,57.5,2875,0,2875,23.25,1162.5,1712.5
Mindoro,21432,2020-02-15,HISTARIL 1MG/50MG/5ML SYR,100,40,4000,0,4000,24.47,2447,1553
Personal,21197,2020-03-14,ROSULIP 20MG,1,288.25,288.25,0,288.25,260,260,28.25
Personal,21197,2020-03-14,MONTESUR 10MG,1,163,163,0,163,95,95,68
Personal,21197,2020-03-14,SALRESP,2.11,787.5,1665,0,1665,448.89,949.08,715.92
Personal,21197,2020-03-14,LACTAMOX 250MG/62.5MG/5ML,4,185.5,742,0,742,129.7,518.8,223.20000000000005
Personal,21197,2020-03-14,HISTARIL 1MG/50MG/5ML SYR,2,35,70,0,70,24.47,48.94,21.060000000000002
Personal,21199,2020-03-14,FACE MASK N95 PARTICULATE RESPIRATOR,2,140,280,0,280,145,290,-10
Personal,21549,2020-03-14,ANGEL-50 50MG,4,169,676,0,676,117.2,468.8,207.2
Personal,21549,2020-03-14,VONWELT TRANEXAMIC ACID,1,416,416,0,416,320,320,96
Personal,21549,2020-03-14,CLODIN 75MG TAB,1,780,780,0,780,470,470,310
Personal,21549,2020-03-14,DIGITAL THERMOMETER - SURGITECH,1,65,65,0,65,55,55,10
Personal,21549,2020-03-14,SOLVAPRINE 10MG,0.5,190,95,0,95,146.8,73.4,21.599999999999994
Personal,21549,2020-03-14,CATAMED 75MCG TAB,1,845,845,0,845,463,463,382
Personal,21549,2020-03-14,MICROSCOT 20mg,1,91,91,0,91,68.92,68.92,22.08
Personal,21550,2020-03-14,FERGLOBIN 250MG,0.5,300,150,0,150,257.5,128.75,21.25
Personal,21550,2020-03-14,SAPHORMIN 500MG,1,65,65,0,65,53.43,53.43,11.57
Personal,21200,2020-03-14,ANGEL-50 50MG,2,169,338,0,338,117.2,234.4,103.6
Personal,21200,2020-03-14,CLOVAS 75MG,1,576.5,576.5,0,576.5,403.2,403.2,173.3
Personal,21200,2020-03-14,FACE MASK N95 PARTICULATE RESPIRATOR,3,157.5,472.5,0,472.5,145,435,37.5
Personal,21200,2020-03-14,TRIVASC 35MG MR,1,701,701,0,701,490,490,211
Personal,21200,2020-03-14,SOLVASC 5MG,1,550,550,0,550,383.95,383.95,166.05
Personal,21198,2020-03-14,ERGON 125MCG,0.06,250,15,0,15,138.04,8.28,6.720000000000001
Personal,21198,2020-03-14,ALGICAP 500MG CAP,0.1,350,35,0,35,227.5,22.75,12.25
Personal,21198,2020-03-14,SAPHZINE 10MG,0.01,75,0.75,0,0.75,49,0.49,0.26
Personal,21198,2020-03-14,ANGEL-50 50MG,1,169,169,0,169,117.2,117.2,51.8
Personal,21193,2020-03-14,FACE MASK,1,75,75,0,75,514.44,514.44,-439.44000000000005
Personal,21851,2020-03-14,PHILVASC 5MG,1,50,50,0,50,33,33,17
Personal,21851,2020-03-14,HAV C 500MG,1,90,90,0,90,122.5,122.5,-32.5
Personal,21851,2020-03-14,ARTAL-H 50MG/12.5MG,3,240,720,0,720,105.95,317.85,402.15
Personal,21851,2020-03-14,JAGA 300MG/100MG/100MCG,1,760,760,0,760,530,530,230
Personal,21196,2020-03-14,FACE MASK NONE WOVE EARLOOP OF 3 PLY BLUE -SURGITECH,5,75,375,0,375,45,225,150
Personal,21196,2020-03-14,FACE MASK,5,75,375,0,375,514.44,2572.22,-2197.22
Personal,21196,2020-03-14,FOLACID 5MG,1,281.5,281.5,0,281.5,196.88,196.88,84.62
Personal,21195,2020-03-14,PARASAPH 500MG,5,53,265,0,265,38.75,193.75,71.25
Personal,21195,2020-03-14,ASCOPHIL 500MG,5,93,465,0,465,58,290,175
Personal,21195,2020-03-14,ALLUJEN 100MG TAB,1,107.25,107.25,0,107.25,75,75,32.25
Personal,21195,2020-03-14,SUSTACHLOR 125MG/5ML,3,68,204,0,204,46.79,140.37,63.629999999999995
Personal,21540,2020-03-14,MYREVIT-C 500MG,6,85,510,0,510,58,348,162
Pharma,22057,2020-08-21,APREZAL 20MG/ML AMP,4,3900,15600,0,15600,1231.31,4925.25,10674.75
Pharma,MS00613,2020-08-21,AGLOTAC 25MG/ML (50MG/2ML),15,650,9750,0,9750,58.07,871,8879
Pharma,22052,2020-08-14,APREZAL 20MG/ML AMP,3,3900,11700,0,11700,1231.31,3693.94,8006.0599999999995
Pharma,21882,2020-07-18,AGLOTAC 25MG/ML (50MG/2ML),15,650,9750,0,9750,58.07,871,8879
Pharma,20599,2020-06-20,APREZAL 20MG/ML AMP,3,3900,11700,0,11700,1231.31,3693.94,8006.0599999999995
Pharma,21861,2020-03-28,AGLOTAC 25MG/ML (50MG/2ML),30,650,19500,0,19500,58.07,1742,17758
Pharma,20595,2020-03-28,HYLAZINE 20MG,10,3900,39000,0,39000,275,2750,36250
Pharma,20593,2020-03-07,HYDRA ZL 20MG/ML,3,3900,11700,0,11700,150,450,11250
Pharma,20589,2020-02-08,SOLUNATE 84MG/ML (8.4%),2,14500,29000,0,29000,5203.57,10407.14,18592.86
Pharma,20589,2020-02-08,APREZAL 20MG/ML AMP,7,3900,27300,0,27300,1231.31,8619.19,18680.809999999998
Pharma,20587,2020-01-31,APREZAL 20MG/ML AMP,3,3900,11700,0,11700,1231.31,3693.94,8006.0599999999995
Pharma,20576,2020-01-11,SOLUNATE 84MG/ML (8.4%),3,14500,43500,0,43500,5203.57,15610.71,27889.29
Pharma,20576,2020-01-11,APREZAL 20MG/ML AMP,8,3900,31200,0,31200,1231.31,9850.51,21349.489999999998
Quezon,22550,2020-12-28,PHYTOMEN 10MG/ML,30,780,23400,0,23400,183,5490,17910
Quezon,22550,2020-12-28,EPIX BY 10'S,20,780,15600,0,15600,211.7,4234,11366
Quezon,22548,2020-12-20,TRIVASC 35MG MR,10,1350,13500,4725,8775,490,4900,3875
Quezon,22547,2020-12-20,MAXXIVIT PLUS,10,1400,14000,0,14000,517.33,5173.33,8826.67
Quezon,22539,2020-12-16,FOLACID 5MG,3,615,1845,553.5,1291.5,196.88,590.64,700.86
Quezon,22538,2020-12-16,TRIVASC 35MG MR,10,1350,13500,4725,8775,490,4900,3875
Quezon,22537,2020-12-16,BUFEN 200MG/ML,15,113.75,1706.25,0,1706.25,35,525,1181.25
Quezon,22541,2020-12-16,FOLACID 5MG,5,615,3075,0,3075,196.88,984.4,2090.6
Quezon,22541,2020-12-16,SOLVAPRINE 10MG,5,1100,5500,0,5500,146.8,734,4766
Quezon,22540,2020-12-16,PHYTOMEN 10MG/ML,30,780,23400,0,23400,183,5490,17910
Quezon,22540,2020-12-16,ERGON 125MCG,2,1000,2000,0,2000,138.04,276.08,1723.92
Quezon,22540,2020-12-16,EPIX BY 10'S,20,780,15600,0,15600,211.7,4234,11366
Quezon,22546,2020-12-16,PARADOX TAB,4,750,3000,0,3000,230,920,2080
Quezon,22545,2020-12-16,DOLO JAGA 500MG/50MG/100MG/100MCG,3,2000,6000,0,6000,615,1845,4155
Quezon,22545,2020-12-16,TOSYLAM 750MG TAB,2,3800,7600,0,7600,1265,2530,5070
Quezon,22545,2020-12-16,FERGLOBIN 250MG,3,615,1845,0,1845,257.5,772.5,1072.5
Quezon,22544,2020-12-16,VOXOLL 30MG TAB,2,650,1300,0,1300,167,334,966
Quezon,22544,2020-12-16,DOLO JAGA 500MG/50MG/100MG/100MCG,5,2000,10000,0,10000,615,3075,6925
Quezon,22544,2020-12-16,TRIVASC 35MG MR,7,1350,9450,0,9450,490,3430,6020
Quezon,22544,2020-12-16,CINNABLOC 75MG,10,160,1600,0,1600,40,400,1200
Quezon,22543,2020-12-16,HYCLENS WOUND SPRAY 60ML.,36,269.79,9712.44,0,9712.44,137.15,4937.47,4774.97
Quezon,22542,2020-12-16,HYCLENS WOUND SPRAY 60ML.,26,249.04,6474.96,0,6474.96,137.15,3565.95,2909.01
Quezon,22549,2020-12-16,TRIVASC 35MG MR,10,1350,13500,4725,8775,490,4900,3875
Quezon,22536,2020-12-03,XYNETRIX CHEWABLE TABLET,1,1200,1200,360,840,410.42,410.42,429.58
Quezon,22535,2020-12-03,PARADOX TAB,10,750,7500,0,7500,230,2300,5200
Quezon,22534,2020-12-03,BENERVA FORTE,10,1200,12000,0,12000,525,5250,6750
Quezon,22534,2020-12-03,JAGA 300MG/100MG/100MCG,6,1078,6468,0,6468,530,3180,3288
Quezon,22533,2020-12-03,TRIVASC 35MG MR,10,1350,13500,4725,8775,490,4900,3875
Quezon,22532,2020-12-03,FERGLOBIN 250MG,5,725,3625,1087.5,2537.5,257.5,1287.5,1250
Quezon,22532,2020-12-03,XYNETRIX CHEWABLE TABLET,5,1200,6000,1800,4200,410.42,2052.08,2147.92
Quezon,22531,2020-12-03,FOLACID 5MG,3,615,1845,553.5,1291.5,196.88,590.64,700.86
Quezon,22530,2020-12-03,FOLACID 5MG,1,615,615,184.5,430.5,196.88,196.88,233.62
Quezon,22529,2020-12-03,FOLACID 5MG,4,615,2460,738,1722,196.88,787.52,934.48
Quezon,22522,2020-11-28,ATOVAS 20MG,13,692.31,9000,0,9000,183.46,2385,6615
Quezon,22522,2020-11-28,XYNETRIX CHEWABLE TABLET,13,1107.69,14400,0,14400,410.42,5335.42,9064.58
Quezon,22521,2020-11-28,CENDALEX 100MG/ML DROPS,15,115,1725,0,1725,23.25,348.75,1376.25
Quezon,22520,2020-11-28,DOLO JAGA 500MG/50MG/100MG/100MCG,1,2000,2000,600,1400,615,615,785
Quezon,22520,2020-11-28,SOLVAPRINE 10MG,2,1100,2200,660,1540,146.8,293.6,1246.4
Quezon,22520,2020-11-28,METMIC 500MG,1,770,770,231,539,227.5,227.5,311.5
Quezon,22523,2020-11-28,TRIVASC 35MG MR,10,1350,13500,4725,8775,490,4900,3875
Quezon,22519,2020-11-28,JAGA 300MG/100MG/100MCG,1,1540,1540,462,1078,530,530,548
Quezon,22519,2020-11-28,VOXOLL 30MG TAB,1,650,650,195,455,167,167,288
Quezon,22518,2020-11-21,FOLACID 5MG,2,615,1230,369,861,196.88,393.76,467.24
Quezon,22518,2020-11-21,JAGA 300MG/100MG/100MCG,1,1540,1540,462,1078,530,530,548
Quezon,22517,2020-11-21,FOLACID 5MG,2,615,1230,369,861,196.88,393.76,467.24
Quezon,22513,2020-11-21,TRIVASC 35MG MR,10,1350,13500,4725,8775,490,4900,3875
Quezon,22510,2020-11-21,DOLO JAGA 500MG/50MG/100MG/100MCG,2,2000,4000,0,4000,615,1230,2770
Quezon,22509,2020-11-21,MULTI GROW 120ML,15,240,3600,1080,2520,83.33,1250,1270
Quezon,22509,2020-11-21,MULTI GROW 30ML DROPS,15,185,2775,832.5,1942.5,63,945,997.5
Quezon,22511,2020-11-21,MULTI GROW OB PLUS,5,1450,7250,0,7250,487.5,2437.5,4812.5
Quezon,22511,2020-11-21,XYNETRIX CHEWABLE TABLET,5,1200,6000,0,6000,410.42,2052.08,3947.92
Quezon,PULL 2413,2020-11-16,LACTAMOX 500MG/125MG TAB,-8,3815,-30520,0,-30520,1173.5,-9388,-21132
Quezon,22508,2020-11-13,XYNETRIX CHEWABLE TABLET,1,1200,1200,360,840,410.42,410.42,429.58
Quezon,22508,2020-11-13,FERGLOBIN FA 60MG/400MCG,1,1100,1100,330,770,273.89,273.89,496.11
Quezon,22507,2020-11-13,MULTI GROW OB PLUS,1,1450,1450,435,1015,487.5,487.5,527.5
Quezon,22506,2020-11-13,TRIVASC 35MG MR,10,1350,13500,4725,8775,490,4900,3875
Quezon,22504,2020-11-07,EVEROSE 1000MG CAP,14,342.86,4800,0,4800,381,5334,-534
Quezon,22503,2020-11-07,EVEROSE 1000MG CAP,8,200,1600,0,1600,381,3048,-1448
Quezon,22501,2020-11-07,ATOVAS 20MG,13,692.31,9000,0,9000,183.46,2385,6615
Quezon,22505,2020-11-07,LACTAMOX 500MG/125MG TAB,2,3815,7630,2289,5341,1173.5,2347,2994
Quezon,22397,2020-11-07,ERGON 125MCG,2,1000,2000,0,2000,138.04,276.08,1723.92
Quezon,22399,2020-11-07,TRIVASC 35MG MR,10,1350,13500,4725,8775,490,4900,3875
Quezon,22502,2020-11-07,BENERVA PLUS TAB,10,1200,12000,0,12000,550,5500,6500
Quezon,22502,2020-11-07,JAGA 300MG/100MG/100MCG,6,1078,6468,0,6468,530,3180,3288
Quezon,22400,2020-11-07,TRIVASC 35MG MR,15,1350,20250,0,20250,490,7350,12900
Quezon,22400,2020-11-07,FERGLOBIN 250MG,5,725,3625,0,3625,257.5,1287.5,2337.5
Quezon,22400,2020-11-07,CINNABLOC 75MG,5,160,800,0,800,40,200,600
Quezon,22398,2020-10-30,XYNETRIX CHEWABLE TABLET,2,1200,2400,720,1680,410.42,820.83,859.17
Quezon,22398,2020-10-30,MULTI GROW OB PLUS,2,1450,2900,870,2030,487.5,975,1055
Quezon,22390,2020-10-26,TRIVASC 35MG MR,10,1350,13500,4725,8775,490,4900,3875
Quezon,22396,2020-10-26,PARADOX TAB,10,750,7500,2250,5250,230,2300,2950
Quezon,22396,2020-10-26,JAGA 300MG/100MG/100MCG,6,1540,9240,2772,6468,530,3180,3288
Quezon,22395,2020-10-26,CINNABLOC 25MG,5,500,2500,750,1750,133,665,1085
Quezon,22395,2020-10-26,MONILIASOL 125MG/5ML,12,125,1500,450,1050,36.76,441.15,608.85
Quezon,22394,2020-10-26,LACTAMOX 500MG/125MG TAB,1,3815,3815,1144.5,2670.5,1173.5,1173.5,1497
Quezon,22393,2020-10-26,DOLO JAGA 500MG/50MG/100MG/100MCG,1,2000,2000,600,1400,615,615,785
Quezon,22391,2020-10-26,AGLOTAC 25MG/ML (50MG/2ML),10,600,6000,0,6000,58.07,580.67,5419.33
Quezon,22391,2020-10-26,EPIX BY 10'S,20,780,15600,0,15600,211.7,4234,11366
Quezon,22384,2020-10-23,JAGA 300MG/100MG/100MCG,1,1540,1540,462,1078,530,530,548
Quezon,22384,2020-10-23,MULTI GROW OB PLUS,1,1450,1450,435,1015,487.5,487.5,527.5
Quezon,22384,2020-10-23,CEPROTRON 500MG,1,1750,1750,525,1225,533.33,533.33,691.67
Quezon,22385,2020-10-23,CEFUSAPH,5,624,3120,0,3120,156.92,784.58,2335.42
Quezon,22382,2020-10-23,EVEROSE 1000MG CAP,20,400,8000,0,8000,381,7620,380
Quezon,22388,2020-10-23,MAXXIVIT PLUS,10,1400,14000,0,14000,517.33,5173.33,8826.67
Quezon,22389,2020-10-23,CINNABLOC 75MG,20,160,3200,0,3200,40,800,2400
Quezon,22383,2020-10-23,TRIVASC 35MG MR,10,1350,13500,4725,8775,490,4900,3875
Quezon,22386,2020-10-23,EVEROSE 1000MG CAP,20,400,8000,0,8000,381,7620,380
Quezon,22387,2020-10-23,ATOVAS 20MG,13,692.31,9000,0,9000,183.46,2385,6615
Quezon,22387,2020-10-23,GLOVEDOL 6.25MG,13,458.77,5964,0,5964,83.5,1085.5,4878.5
Quezon,22377,2020-10-12,TRIVASC 35MG MR,10,1350,13500,4725,8775,490,4900,3875
Quezon,22378,2020-10-12,JAGA 300MG/100MG/100MCG,1,1078,1078,0,1078,530,530,548
Quezon,22379,2020-10-12,MONILIASOL 500MG,2,780,1560,0,1560,240,480,1080
Quezon,22379,2020-10-12,DOLO JAGA 500MG/50MG/100MG/100MCG,2,2000,4000,0,4000,615,1230,2770
Quezon,22380,2020-10-12,XYNETRIX CHEWABLE TABLET,3,1200,3600,0,3600,410.42,1231.25,2368.75
Quezon,22381,2020-10-12,FERGLOBIN 250MG,2,725,1450,435,1015,257.5,515,500
Quezon,22381,2020-10-12,JAGA 300MG/100MG/100MCG,1,1540,1540,462,1078,530,530,548
Quezon,22374,2020-10-05,PHYTOMEN 10MG/ML,40,780,31200,0,31200,183,7320,23880
Quezon,22375,2020-10-05,TRIVASC 35MG MR,13,1246.15,16200,0,16200,490,6370,9830
Quezon,22376,2020-10-05,FERGLOBIN 250MG,3,725,2175,652.5,1522.5,257.5,772.5,750
Quezon,22373,2020-10-02,LACTAMOX 500MG/125MG TAB,2,3815,7630,2289,5341,1173.5,2347,2994
Quezon,22372,2020-10-02,TRIVASC 35MG MR,10,1350,13500,4725,8775,490,4900,3875
Quezon,22371,2020-10-02,TRIVASC 35MG MR,10,1350,13500,4725,8775,490,4900,3875
Quezon,22370,2020-10-02,BENERVA FORTE,10,1200,12000,0,12000,525,5250,6750
Quezon,22370,2020-10-02,JAGA 300MG/100MG/100MCG,6,1078,6468,0,6468,530,3180,3288
Quezon,22358,2020-09-28,EVEROSE 1000MG CAP,3,400,1200,0,1200,381,1143,57
Quezon,22359,2020-09-28,EVEROSE 1000MG CAP,13,400,5200,0,5200,381,4953,247
Quezon,22356,2020-09-21,EPIX BY 10'S,40,780,31200,0,31200,211.7,8468,22732
Quezon,22356,2020-09-21,ATREX 1MG/ML,10,580,5800,0,5800,103.75,1037.5,4762.5
Quezon,22357,2020-09-21,FERGLOBIN 250MG,2,715,1430,429,1001,257.5,515,486
Quezon,22357,2020-09-21,MONILIASOL 500MG,1,780,780,234,546,240,240,306
Quezon,22360,2020-09-21,FOLACID 5MG,5,615,3075,922.5,2152.5,196.88,984.4,1168.1
Quezon,22361,2020-09-21,MAXXIVIT PLUS,10,1400,14000,0,14000,517.33,5173.33,8826.67
Quezon,22362,2020-09-21,EVEROSE 1000MG CAP,10,400,4000,0,4000,381,3810,190
Quezon,22363,2020-09-21,EVEROSE 1000MG CAP,19,400,7600,0,7600,381,7239,361
Quezon,22364,2020-09-21,MULTI GROW OB PLUS,1,1450,1450,435,1015,487.5,487.5,527.5
Quezon,22364,2020-09-21,EVEROSE 1000MG CAP,1,400,400,0,400,381,381,19
Quezon,22351,2020-09-18,ATREX 1MG/ML,1,580,580,0,580,103.75,103.75,476.25
Quezon,22351,2020-09-18,EPIX BY 10'S,3,780,2340,0,2340,211.7,635.1,1704.9
Quezon,22352,2020-09-18,ATOVAS 20MG,13,692.31,9000,0,9000,183.46,2385,6615
Quezon,22353,2020-09-18,FOLACID 5MG,3,615,1845,553.5,1291.5,196.88,590.64,700.86
Quezon,22354,2020-09-18,FERGLOBIN 250MG,3,725,2175,652.5,1522.5,257.5,772.5,750
Quezon,22146,2020-09-14,HYCLENS WOUND SPRAY 60ML.,26,249.23,6480,0,6480,137.15,3565.95,2914.05
Quezon,22147,2020-09-14,ATOVAS 20MG,13,692.31,9000,0,9000,183.46,2385,6615
Quezon,22148,2020-09-14,CINNABLOC 25MG,5,550,2750,825,1925,133,665,1260
Quezon,22149,2020-09-14,DOLO JAGA 500MG/50MG/100MG/100MCG,2,2000,4000,1200,2800,615,1230,1570
Quezon,22149,2020-09-14,XYNETRIX CHEWABLE TABLET,2,1200,2400,360,2040,410.42,820.83,1219.17
Quezon,22145,2020-09-11,LACTAMOX 500MG/125MG TAB,2,3815,7630,2289,5341,1173.5,2347,2994
Quezon,22139,2020-09-07,MAXXIVIT PLUS,10,1400,14000,0,14000,517.33,5173.33,8826.67
Quezon,22140,2020-09-07,BENERVA FORTE,10,1200,12000,0,12000,525,5250,6750
Quezon,22141,2020-09-07,JAGA 300MG/100MG/100MCG,2,1540,3080,924,2156,530,1060,1096
Quezon,22141,2020-09-07,FERGLOBIN 250MG,2,725,1450,435,1015,257.5,515,500
Quezon,22143,2020-09-07,HYCLENS WOUND SPRAY 60ML.,12,270,3240,0,3240,137.15,1645.82,1594.18
Quezon,22144,2020-09-07,TRIVASC 35MG MR,3,1600,4800,0,4800,490,1470,3330
Quezon,22144,2020-09-07,DOLO JAGA 500MG/50MG/100MG/100MCG,5,2000,10000,0,10000,615,3075,6925
Quezon,22144,2020-09-07,CINNABLOC 75MG,2,160,320,0,320,40,80,240
Quezon,22144,2020-09-07,FERGLOBIN 250MG,3,725,2175,0,2175,257.5,772.5,1402.5
Quezon,22144,2020-09-07,MONILIASOL 500MG,3,780,2340,0,2340,240,720,1620
Quezon,22144,2020-09-07,SOLVAPRINE 10MG,10,1100,11000,0,11000,146.8,1468,9532
Quezon,22144,2020-09-07,DOPAMET 250MG TAB,3,700,2100,0,2100,196.63,589.88,1510.12
Quezon,22144,2020-09-07,BUFEN 200MG/ML,24,113.75,2730,0,2730,35,840,1890
Quezon,22138,2020-09-01,SYNERMED 200MG/40MG/5ML,12,52.5,630,0,630,32.4,388.8,241.2
Quezon,22137,2020-09-01,JAGA 300MG/100MG/100MCG,6,1078,6468,0,6468,530,3180,3288
Quezon,22136,2020-09-01,TRIVASC 35MG MR,10,1350,13500,4725,8775,490,4900,3875
Quezon,22121,2020-08-24,MAXXIVIT PLUS,10,1400,14000,0,14000,517.33,5173.33,8826.67
Quezon,22122,2020-08-24,BROADMETZ 500MG,10,1078,10780,0,10780,319,3190,7590
Quezon,22123,2020-08-24,TRIVASC 35MG MR,3,1350,4050,202.5,3847.5,490,1470,2377.5
Quezon,22133,2020-08-24,ERGON 125MCG,2,1000,2000,0,2000,138.04,276.08,1723.92
Quezon,22134,2020-08-24,XYNETRIX CHEWABLE TABLET,1,1200,1200,197,1003,410.42,410.42,592.5799999999999
Quezon,22134,2020-08-24,SOLVAPRINE 10MG,2,660,1320,197,1123,146.8,293.6,829.4
Quezon,22134,2020-08-24,METMIC 500MG,1,770,770,197,573,227.5,227.5,345.5
Quezon,22118,2020-08-14,AGLOTAC 25MG/ML (50MG/2ML),10,600,6000,0,6000,58.07,580.67,5419.33
Quezon,22119,2020-08-14,DOLO JAGA 500MG/50MG/100MG/100MCG,6,1078,6468,0,6468,615,3690,2778
Quezon,22120,2020-08-14,FERGLOBIN 250MG,1,725,725,217.5,507.5,257.5,257.5,250
Quezon,PULL2148,2020-08-06,BERCEF 250MG/5ML SUS,-3,480,-1440,0,-1440,148,-444,-996
Quezon,PULL2148,2020-08-06,BERCEF 50MG/ML DROPS,-6,175,-1050,0,-1050,42,-252,-798
Quezon,22112,2020-08-03,FOLACID 5MG,1,615,615,0,615,196.88,196.88,418.12
Quezon,22113,2020-08-03,MULTI GROW OB PLUS,9,1475,13275,0,13275,487.5,4387.5,8887.5
Quezon,22114,2020-08-03,MULTI GROW OB PLUS,9,1450,13050,0,13050,487.5,4387.5,8662.5
Quezon,22115,2020-08-03,DOLO JAGA 500MG/50MG/100MG/100MCG,3,2000,6000,1800,4200,615,1845,2355
Quezon,22116,2020-08-03,PARADOX TAB,6,750,4500,0,4500,230,1380,3120
Quezon,22117,2020-08-03,DOLO JAGA 500MG/50MG/100MG/100MCG,2,2000,4000,1200,2800,615,1230,1570
Quezon,22107,2020-08-03,LACTAMOX 500MG/125MG TAB,2,3815,7630,2289,5341,1173.5,2347,2994
Quezon,22108,2020-08-03,SOLVAPRINE 10MG,2,660,1320,0,1320,146.8,293.6,1026.4
Quezon,22111,2020-08-03,CLAVIC 500MG/125MG,13,2934.62,38150,0,38150,1189.86,15468.18,22681.82
Quezon,22112,2020-08-03,MULTI GROW OB PLUS,3,1475,4425,0,4425,487.5,1462.5,2962.5
Quezon,22112,2020-08-03,CINNABLOC 75MG,10,160,1600,0,1600,40,400,1200
Quezon,22103,2020-07-25,JAGA 300MG/100MG/100MCG,1,1078,1078,0,1078,530,530,548
Quezon,22103,2020-07-25,BENERVA FORTE,1,1078,1078,0,1078,525,525,553
Quezon,22104,2020-07-25,DOLO JAGA 500MG/50MG/100MG/100MCG,2,2000,4000,1200,2800,615,1230,1570
Quezon,22104,2020-07-25,JAGA 300MG/100MG/100MCG,1,1540,1540,462,1078,530,530,548
Quezon,22105,2020-07-25,XYNETRIX CHEWABLE TABLET,5,1200,6000,0,6000,410.42,2052.08,3947.92
Quezon,22105,2020-07-25,FOLACID 5MG,5,615,3075,0,3075,196.88,984.4,2090.6
Quezon,22106,2020-07-25,CINNABLOC 75MG,5,160,800,0,800,40,200,600
Quezon,22106,2020-07-25,ANEROCIN 300MG,1,3800,3800,0,3800,919.67,919.67,2880.33
Quezon,21845,2020-07-18,XYNETRIX CHEWABLE TABLET,10,1200,12000,0,12000,410.42,4104.17,7895.83
Quezon,21841,2020-07-18,ANEROCIN 300MG,2,3800,7600,2280,5320,919.67,1839.33,3480.67
Quezon,21842,2020-07-18,BENERVA PLUS TAB,10,1200,12000,0,12000,550,5500,6500
Quezon,21846,2020-07-18,JAGA 300MG/100MG/100MCG,6,1078,6468,0,6468,530,3180,3288
Quezon,21843,2020-07-18,MULTI GROW 120ML,24,240,5760,1728,4032,83.33,2000,2032
Quezon,21843,2020-07-18,MULTI GROW 30ML DROPS,24,180,4320,1296,3024,63,1512,1512
Quezon,21843,2020-07-18,AMOLTEX 2MG TAB,20,70,1400,420,980,85,1700,-720
Quezon,21837,2020-07-11,JAGA 300MG/100MG/100MCG,6,1540,9240,2772,6468,530,3180,3288
Quezon,21838,2020-07-11,HYCLENS WOUND SPRAY 60ML.,24,269.79,6474.96,0,6474.96,137.15,3291.65,3183.31
Quezon,21839,2020-07-11,MULTI GROW OB PLUS,3,1450,4350,0,4350,487.5,1462.5,2887.5
Quezon,21839,2020-07-11,FOLACID 5MG,1,675,675,0,675,196.88,196.88,478.12
Quezon,21839,2020-07-11,XYNETRIX CHEWABLE TABLET,2,1200,2400,0,2400,410.42,820.83,1579.17
Quezon,21836,2020-07-11,VOXOLL 15MG/5ML SYR,12,75,900,270,630,23,276,354
Quezon,21836,2020-07-11,VOXOLL 30MG TAB,1,650,650,195,455,167,167,288
Quezon,21830,2020-06-30,MULTI GROW OB PLUS,10,1450,14500,0,14500,487.5,4875,9625
Quezon,21830,2020-06-30,XYNETRIX CHEWABLE TABLET,5,1200,6000,0,6000,410.42,2052.08,3947.92
Quezon,21830,2020-06-30,JAGA 300MG/100MG/100MCG,2,1540,3080,0,3080,530,1060,2020
Quezon,21830,2020-06-30,FERGLOBIN 250MG,5,725,3625,0,3625,257.5,1287.5,2337.5
Quezon,21830,2020-06-30,MONILIASOL 500MG,5,780,3900,0,3900,240,1200,2700
Quezon,21830,2020-06-30,DOPAMET 250MG TAB,5,700,3500,0,3500,196.63,983.13,2516.87
Quezon,21830,2020-06-30,VOXOLL 30MG TAB,5,650,3250,0,3250,167,835,2415
Quezon,21830,2020-06-30,BUFEN 200MG/ML,36,113,4068,0,4068,35,1260,2808
Quezon,21830,2020-06-30,VOXOLL 15MG/5ML SYR,36,75,2700,0,2700,23,828,1872
Quezon,21828,2020-06-30,PHYTOMEN 10MG/ML,30,780,23400,0,23400,183,5490,17910
Quezon,21828,2020-06-30,ERGON 125MCG,2,1000,2000,0,2000,138.04,276.08,1723.92
Quezon,21831,2020-06-30,BROADMETZ 500MG,5,1070,5350,0,5350,319,1595,3755
Quezon,21833,2020-06-30,FOLACID 5MG,1,615,615,184.5,430.5,196.88,196.88,233.62
Quezon,21834,2020-06-30,MULTI GROW OB PLUS,3,1450,4350,1305,3045,487.5,1462.5,1582.5
Quezon,21835,2020-06-30,CYFROX 500MG,1,875,875,175,700,205.33,205.33,494.66999999999996
Quezon,21825,2020-06-20,AGLOTAC 25MG/ML (50MG/2ML),10,800,8000,0,8000,58.07,580.67,7419.33
Quezon,21826,2020-06-20,FOLACID 5MG,2,650,1300,390,910,196.88,393.76,516.24
Quezon,21827,2020-06-20,FERGLOBIN 250MG,16,725,11600,0,11600,257.5,4120,7480
Quezon,21824,2020-06-20,XYNETRIX CHEWABLE TABLET,2,1200,2400,720,1680,410.42,820.83,859.17
Quezon,21824,2020-06-20,JAGA 300MG/100MG/100MCG,2,1540,3080,924,2156,530,1060,1096
Quezon,21824,2020-06-20,DOLO JAGA 500MG/50MG/100MG/100MCG,1,2000,2000,600,1400,615,615,785
Quezon,21824,2020-06-20,ANEROCIN 300MG,1,3800,3800,1140,2660,919.67,919.67,1740.33
Quezon,21824,2020-06-20,MONILIASOL 500MG,1,780,780,234,546,240,240,306
Quezon,21811,2020-06-20,CENDALEX 100MG/ML DROPS,6,115,690,0,690,23.25,139.5,550.5
Quezon,21811,2020-06-20,CENDALEX 250MG/5ML SUS,6,215,1290,0,1290,59.57,357.4,932.6
Quezon,21811,2020-06-20,ZELEX 200MG,1,2800,2800,0,2800,750,750,2050
Quezon,21811,2020-06-20,CEEPRAZOL 20MG,1,1800,1800,0,1800,590,590,1210
Quezon,21811,2020-06-20,BENERVA FORTE,1,1540,1540,0,1540,525,525,1015
Quezon,21811,2020-06-20,LACTAMOX 125MG/31.25MG/5ML,6,245,1470,0,1470,93.63,561.8,908.2
Quezon,21811,2020-06-20,CENDALEX 500MG CAP,2,980,1960,0,1960,211.65,423.3,1536.7
Quezon,21811,2020-06-20,VOXOLL 15MG/5ML SYR,12,75,900,0,900,23,276,624
Quezon,21811,2020-06-20,SYNERMED 200MG/40MG/5ML,12,105,1260,0,1260,32.4,388.8,871.2
Quezon,21811,2020-06-20,MULTI GROW 30ML DROPS,10,180,1800,0,1800,63,630,1170
Quezon,21812,2020-06-20,MAXXIVIT PLUS,10,1400,14000,0,14000,517.33,5173.33,8826.67
Quezon,21818,2020-06-20,MAXXIVIT PLUS,10,1400,14000,0,14000,517.33,5173.33,8826.67
Quezon,21819,2020-06-20,BENERVA PLUS TAB,10,2000,20000,0,20000,550,5500,14500
Quezon,21819,2020-06-20,XYNETRIX CHEWABLE TABLET,10,1200,12000,0,12000,410.42,4104.17,7895.83
Quezon,21819,2020-06-20,FERGLOBIN 250MG,10,725,7250,0,7250,257.5,2575,4675
Quezon,21822,2020-06-20,CINNABLOC 75MG,13,160,2080,0,2080,40,520,1560
Quezon,21822,2020-06-20,TOSYLAM 750MG TAB,1,4125,4125,0,4125,1265,1265,2860
Quezon,21822,2020-06-20,DOLO JAGA 500MG/50MG/100MG/100MCG,1,2000,2000,0,2000,615,615,1385
Quezon,21823,2020-06-20,MAXXIVIT PLUS,20,1400,28000,0,28000,517.33,10346.67,17653.33
Quezon,21944,2020-06-20,PHYTOMEN 10MG/ML,30,780,23400,0,23400,183,5490,17910
Quezon,21944,2020-06-20,EPIX BY 10'S,20,675,13500,0,13500,211.7,4234,9266
Quezon,21923,2020-06-20,PHYTOMEN 10MG/ML,30,780,23400,0,23400,183,5490,17910
Quezon,21923,2020-06-20,ERGON 125MCG,2,1000,2000,0,2000,138.04,276.08,1723.92
Quezon,21923,2020-06-20,EPIX BY 10'S,20,675,13500,0,13500,211.7,4234,9266
Quezon,21921,2020-06-20,EXEL 500MG CAP,6,550,3300,0,3300,233.97,1403.83,1896.17
Quezon,21921,2020-06-20,DOPAMET 250MG TAB,6,1000,6000,0,6000,196.63,1179.75,4820.25
Quezon,21867,2020-06-06,TRIVASC 35MG MR,5,1350,6750,0,6750,490,2450,4300
Quezon,21858,2020-04-30,AGLOTAC 25MG/ML (50MG/2ML),10,600,6000,0,6000,58.07,580.67,5419.33
Quezon,MS00519,2020-04-25,TRIVASC 35MG MR,10,1350,13500,0,13500,490,4900,8600
Quezon,21864,2020-04-25,EPIX BY 10'S,20,675,13500,0,13500,211.7,4234,9266
Quezon,21864,2020-04-25,PHYTOMEN 10MG/ML,10,780,7800,0,7800,183,1830,5970
Quezon,21862,2020-04-25,MAXXIVIT PLUS,20,1400,28000,0,28000,517.33,10346.67,17653.33
Quezon,21914,2020-04-25,TRIVASC 35MG MR,20,1350,27000,0,27000,490,9800,17200
Quezon,MS00520,2020-04-25,XYNETRIX CHEWABLE TABLET,10,1200,12000,0,12000,410.42,4104.17,7895.83
Quezon,MS00520,2020-04-25,FERGLOBIN 250MG,10,650,6500,0,6500,257.5,2575,3925
Quezon,21808,2020-03-14,JAGA 300MG/100MG/100MCG,14,1100,15400,0,15400,530,7420,7980
Quezon,21810,2020-03-14,TOSYLAM 750MG TAB,2,4115,8230,0,8230,1265,2530,5700
Quezon,21810,2020-03-14,CLAVIC 500MG/125MG,2,3250,6500,0,6500,1189.86,2379.72,4120.280000000001
Quezon,21810,2020-03-14,FERGLOBIN 250MG,2,650,1300,0,1300,257.5,515,785
Quezon,21809,2020-03-14,SOLVAPRINE 10MG,10,1000,10000,0,10000,146.8,1468,8532
Quezon,21546,2020-03-14,EPIX BY 10'S,20,675,13500,0,13500,211.7,4234,9266
Quezon,21546,2020-03-14,PHYTOMEN 10MG/ML,30,780,23400,0,23400,183,5490,17910
Quezon,21546,2020-03-14,ATREX 1MG/ML,10,580,5800,0,5800,103.75,1037.5,4762.5
Quezon,21801,2020-03-14,TRIVASC 35MG MR,10,1350,13500,4725,8775,490,4900,3875
Quezon,21806,2020-03-14,TRIVASC 35MG MR,10,1350,13500,4725,8775,490,4900,3875
Quezon,21805,2020-03-14,BERCEF 250MG/5ML SUS,36,480,17280,0,17280,148,5328,11952
Quezon,21802,2020-03-14,HYCLENS WOUND SPRAY 60ML.,10,270,2700,0,2700,137.15,1371.52,1328.48
Quezon,21807,2020-03-14,VOXOLL 15MG/5ML SYR,12,75,900,270,630,23,276,354
Quezon,21494,2020-03-07,ATOVAS 20MG,24,750,18000,1928.57,16071.43,183.46,4403.07,11668.36
Quezon,21493,2020-03-07,ENERGEL SOFTGEL,10,1815,18150,0,18150,565.13,5651.3,12498.7
Quezon,21492,2020-03-07,TRIVASC 35MG MR,5,1350,6750,2362.5,4387.5,490,2450,1937.5
Quezon,21491,2020-03-07,CINNABLOC 75MG,10,160,1600,0,1600,40,400,1200
Quezon,21491,2020-03-07,CENDALEX 100MG/ML DROPS,6,115,690,0,690,23.25,139.5,550.5
Quezon,21487,2020-02-29,CEFUSAPH,10,528,5280,1584,3696,156.92,1569.17,2126.83
Quezon,21477,2020-02-29,FOLACID 5MG,3,650,1950,0,1950,196.88,590.64,1359.3600000000001
Quezon,21477,2020-02-29,SOLVAPRINE 10MG,3,1000,3000,0,3000,146.8,440.4,2559.6
Quezon,21477,2020-02-29,METMIC 500MG,3,760,2280,0,2280,227.5,682.5,1597.5
Quezon,21477,2020-02-29,ANEROCIN 300MG,3,3800,11400,0,11400,919.67,2759,8641
Quezon,21477,2020-02-29,BENERVA FORTE,3,1540,4620,0,4620,525,1575,3045
Quezon,21477,2020-02-29,MULTI GROW OB PLUS,5,1450,7250,0,7250,487.5,2437.5,4812.5
Quezon,21477,2020-02-29,CEEPRAZOL 20MG,0.63,1800,1140,0,1140,590,373.67,766.3299999999999
Quezon,21476,2020-02-29,MULTI GROW 120ML,20,240,4800,0,4800,83.33,1666.67,3133.33
Quezon,21474,2020-02-29,TRIVASC 35MG MR,5,1350,6750,2362.5,4387.5,490,2450,1937.5
Quezon,21473,2020-02-29,TRIVASC 35MG MR,10,1350,13500,4725,8775,490,4900,3875
Quezon,21479,2020-02-29,CLAVIC 500MG/125MG,3,3815,11445,0,11445,1189.86,3569.58,7875.42
Quezon,21479,2020-02-29,DOLO JAGA 500MG/50MG/100MG/100MCG,2,2000,4000,0,4000,615,1230,2770
Quezon,21488,2020-02-29,SOLVASC 5MG,5,1150,5750,0,5750,383.95,1919.73,3830.27
Quezon,21488,2020-02-29,GLOVEDOL 6.25MG,9,586,5274,0,5274,83.5,751.5,4522.5
Quezon,21489,2020-02-29,ATREX 1MG/ML,10,580,5800,0,5800,103.75,1037.5,4762.5
Quezon,21486,2020-02-29,SYNERMED 200MG/40MG/5ML,12,105,1260,0,1260,32.4,388.8,871.2
Quezon,21486,2020-02-29,PARADOX TAB,10,750,7500,0,7500,230,2300,5200
Quezon,21486,2020-02-29,CLAVIC 500MG/125MG,2,3815,7630,0,7630,1189.86,2379.72,5250.280000000001
Quezon,21485,2020-02-29,CLAVIC 500MG/125MG,4,2861.25,11445,0,11445,1189.86,4759.44,6685.56
Quezon,21484,2020-02-29,SURITRAM,5,910,4550,0,4550,135,675,3875
Quezon,21483,2020-02-29,MULTILEM 100MG-DROPS,20,180,3600,0,3600,15,300,3300
Quezon,21483,2020-02-29,GIAN ZINC 30ML DROPS,20,155,3100,0,3100,61.67,1233.33,1866.67
Quezon,21482,2020-02-29,BERCEF 250MG/5ML SUS,20,480,9600,2880,6720,148,2960,3760
Quezon,21480,2020-02-29,JAGA 300MG/100MG/100MCG,2,1540,3080,924,2156,530,1060,1096
Quezon,21480,2020-02-29,MULTI GROW OB PLUS,2,1450,2900,870,2030,487.5,975,1055
Quezon,21454,2020-02-15,MULTI GROW 30ML DROPS,24,180,4320,0,4320,63,1512,2808
Quezon,21454,2020-02-15,BUFEN 200MG/ML,12,99,1188,0,1188,35,420,768
Quezon,21454,2020-02-15,VOXOLL 15MG/5ML SYR,24,75,1800,0,1800,23,552,1248
Quezon,21454,2020-02-15,TRIVASC 35MG MR,3,1350,4050,0,4050,490,1470,2580
Quezon,21454,2020-02-15,DOPAMET 250MG TAB,5,700,3500,0,3500,196.63,983.13,2516.87
Quezon,21454,2020-02-15,MULTI GROW OB PLUS,3,1450,4350,0,4350,487.5,1462.5,2887.5
Quezon,21454,2020-02-15,SOLZINC 29.27MG DROPS,12,85,1020,0,1020,26,312,708
Quezon,21454,2020-02-15,HISTAMED 10MG,1,1800,1800,0,1800,680,680,1120
Quezon,21475,2020-02-15,MAXXIVIT PLUS,10,1400,14000,0,14000,517.33,5173.33,8826.67
Quezon,21462,2020-02-15,AMOLTEX 2MG/5ML SYR,24,70,1680,0,1680,20.56,493.5,1186.5
Quezon,21461,2020-02-15,SUSTACHLOR 500MG,3,1000,3000,900,2100,447.5,1342.5,757.5
Quezon,21461,2020-02-15,VOXOLL 30MG TAB,1,650,650,195,455,167,167,288
Quezon,21461,2020-02-15,VOXOLL 15MG/5ML SYR,12,75,900,270,630,23,276,354
Quezon,21455,2020-02-15,HISTARIL 2MG/100MG CAP,6,800,4800,0,4800,225,1350,3450
Quezon,21457,2020-02-15,VOXOLL 30MG TAB,3,650,1950,0,1950,167,501,1449
Quezon,21457,2020-02-15,TOSYLAM 750MG TAB,3,4115,12345,0,12345,1265,3795,8550
Quezon,21457,2020-02-15,AMOLTEX 2MG/5ML SYR,24,70,1680,0,1680,20.56,493.5,1186.5
Quezon,21456,2020-02-15,CENDALEX 100MG/ML DROPS,36,115,4140,0,4140,23.25,837,3303
Quezon,21453,2020-02-15,GIAN ZINC 120ML SYR,12,180,2160,0,2160,80.83,970,1190
Quezon,21453,2020-02-15,SUSTACHLOR 125MG/5ML,12,150,1800,0,1800,46.79,561.48,1238.52
Quezon,21453,2020-02-15,BERCEF 250MG/5ML SUS,12,480,5760,0,5760,148,1776,3984
Quezon,21472,2020-02-15,TRIVASC 35MG MR,10,1350,13500,4725,8775,490,4900,3875
Quezon,21458,2020-02-15,MULTI GROW 30ML DROPS,6,180,1080,0,1080,63,378,702
Quezon,21458,2020-02-15,NERVAPLEX 500MG,1,1650,1650,0,1650,615,615,1035
Quezon,21458,2020-02-15,LACTAMOX 500MG/125MG TAB,1,3815,3815,0,3815,1173.5,1173.5,2641.5
Quezon,21460,2020-02-15,INTRAPLEM 500MG,1,980,980,0,980,280,280,700
Quezon,21460,2020-02-15,BENERVA FORTE,1,1540,1540,0,1540,525,525,1015
Quezon,21459,2020-02-15,CEEPRAZOL 20MG,2,1800,3600,0,3600,590,1180,2420
Quezon,21459,2020-02-15,VOXOLL 15MG/5ML SYR,12,75,900,0,900,23,276,624
Quezon,21459,2020-02-15,SYNERMED 200MG/40MG/5ML,12,105,1260,0,1260,32.4,388.8,871.2
Quezon,21459,2020-02-15,HISTARIL 1MG/50MG/5ML SYR,6,88,528,0,528,24.47,146.82,381.18
Quezon,21459,2020-02-15,CENDALEX 250MG/5ML SUS,10,215,2150,0,2150,59.57,595.67,1554.33
Quezon,21459,2020-02-15,INTRAPLEM 100MG/5ML,6,100,600,0,600,30.76,184.56,415.44
Quezon,21459,2020-02-15,CENDALEX 500MG CAP,1,1250,1250,0,1250,211.65,211.65,1038.35
Quezon,21459,2020-02-15,BERCEF 50MG/ML DROPS,3,175,525,0,525,42,126,399
Quezon,21459,2020-02-15,LACTAMOX 125MG/31.25MG/5ML,12,245,2940,0,2940,93.63,1123.6,1816.4
Quezon,21459,2020-02-15,LACTAMOX 250MG/62.5MG/5ML,10,420,4200,0,4200,129.7,1297,2903
Quezon,21459,2020-02-15,VOXOLL 30MG TAB,1,650,650,0,650,167,167,483
Quezon,21459,2020-02-15,HISTARIL 2MG/100MG CAP,1,880,880,0,880,225,225,655
Quezon,21520,2020-02-15,PHYTOMEN 10MG/ML,30,780,23400,0,23400,183,5490,17910
Quezon,21520,2020-02-15,EPIX BY 10'S,15,675,10125,0,10125,211.7,3175.5,6949.5
Quezon,21092,2020-01-31,PARADOX TAB,5,750,3750,0,3750,230,1150,2600
Quezon,21092,2020-01-31,CLAVIC 500MG/125MG,5,3815,19075,0,19075,1189.86,5949.3,13125.7
Quezon,21097,2020-01-31,CINNABLOC 25MG,5,525,2625,787.5,1837.5,133,665,1172.5
Quezon,21097,2020-01-31,BUFEN 200MG/ML,30,115,3450,1035,2415,35,1050,1365
Quezon,21095,2020-01-31,TRIVASC 35MG MR,10,1350,13500,4725,8775,490,4900,3875
Quezon,21245,2020-01-31,SURITRAM,2,1290,2580,774,1806,135,270,1536
Quezon,21245,2020-01-31,CINNABLOC 75MG,3,160,480,144,336,40,120,216
Quezon,21242,2020-01-31,ZETIFEN 250MG/5ML SYR,12,115,1380,0,1380,35.12,421.38,958.62
Quezon,21242,2020-01-31,ZETIFEN 100MG/ML DROPS,12,90,1080,0,1080,29.45,353.44,726.56
Quezon,21242,2020-01-31,VICOLAX 50MG/1MG/5ML SYR,12,88,1056,0,1056,36.78,441.36,614.64
Quezon,21242,2020-01-31,AMOLTEX 2MG/5ML SYR,12,70,840,0,840,20.56,246.75,593.25
Quezon,21242,2020-01-31,MONILIASOL 125MG/5ML,12,125,1500,0,1500,36.76,441.15,1058.85
Quezon,21242,2020-01-31,MULTI GROW 30ML DROPS,12,180,2160,0,2160,63,756,1404
Quezon,21242,2020-01-31,MULTI GROW 120ML,10,240,2400,0,2400,83.33,833.33,1566.67
Quezon,21242,2020-01-31,VISTREP 100MG/ML,12,100,1200,0,1200,31.12,373.44,826.56
Quezon,21242,2020-01-31,BERCEF 50MG/ML DROPS,12,180,2160,0,2160,42,504,1656
Quezon,21241,2020-01-31,MULTI GROW OB PLUS,3,1450,4350,1305,3045,487.5,1462.5,1582.5
Quezon,21241,2020-01-31,FOLACID 5MG,3,650,1950,585,1365,196.88,590.64,774.36
Quezon,21239,2020-01-31,BERCEF 250MG/5ML SUS,12,480,5760,0,5760,148,1776,3984
Quezon,21247,2020-01-31,HYCLENS WOUND SPRAY 60ML.,20,270,5400,810,4590,137.15,2743.04,1846.96
Quezon,21246,2020-01-31,CINNABLOC 75MG,17,160,2720,0,2720,40,680,2040
Quezon,21246,2020-01-31,FERGLOBIN 250MG,3,725,2175,0,2175,257.5,772.5,1402.5
Quezon,21243,2020-01-31,FERGLOBIN 250MG,10,725,7250,0,7250,257.5,2575,4675
Quezon,21243,2020-01-31,BROADMETZ 500MG,10,1078,10780,0,10780,319,3190,7590
Quezon,21452,2020-01-31,FERGLOBIN 250MG,3,725,2175,652.5,1522.5,257.5,772.5,750
Quezon,21091,2020-01-31,TRIVASC 35MG MR,5,1205.36,6026.79,0,6026.79,490,2450,3576.79
Quezon,21091,2020-01-31,CLOVAS 75MG,20,1205.36,24107.14,0,24107.14,403.2,8064,16043.14
Quezon,21238,2020-01-31,ATOVAS 20MG,20,669.64,13392.86,0,13392.86,183.46,3669.23,9723.630000000001
Quezon,21093,2020-01-31,NERVAPLEX 500MG,1,1650,1650,0,1650,615,615,1035
Quezon,21094,2020-01-31,INTRAPLEM 100MG/5ML,6,100,600,0,600,30.76,184.56,415.44
Quezon,21094,2020-01-31,INTRAPLEM 50MG/ML - DROPS,6,88,528,0,528,29.95,179.7,348.3
Quezon,21094,2020-01-31,CENDALEX 500MG CAP,1,980,980,0,980,211.65,211.65,768.35
Quezon,21094,2020-01-31,CENDALEX 250MG/5ML SUS,10,215,2150,0,2150,59.57,595.67,1554.33
Quezon,21094,2020-01-31,CENDALEX 100MG/ML DROPS,10,115,1150,0,1150,23.25,232.5,917.5
Quezon,21094,2020-01-31,VOXOLL 15MG/5ML SYR,10,75,750,0,750,23,230,520
Quezon,21094,2020-01-31,BENERVA FORTE,2,1540,3080,0,3080,525,1050,2030
Quezon,21451,2020-01-31,BENERVA FORTE,2,1650,3300,0,3300,525,1050,2250
Quezon,21451,2020-01-31,CENDALEX 500MG CAP,2,1250,2500,0,2500,211.65,423.3,2076.7
Quezon,21451,2020-01-31,HISTARIL 2MG/100MG CAP,1,800,800,0,800,225,225,575
Quezon,21451,2020-01-31,VICOLAX 50MG/1MG/5ML SYR,3,88,264,0,264,36.78,110.34,153.66
Quezon,21451,2020-01-31,CENDALEX 100MG/ML DROPS,3,115,345,0,345,23.25,69.75,275.25
Quezon,21451,2020-01-31,CINNABLOC 75MG,3,160,480,0,480,40,120,360
Quezon,21248,2020-01-31,EPIX BY 10'S,20,675,13500,0,13500,211.7,4234,9266
Quezon,21244,2020-01-31,PHYTOMEN 10MG/ML,30,780,23400,0,23400,183,5490,17910
Quezon,21224,2020-01-18,CEEPRAZOL 20MG,1,1800,1800,0,1800,590,590,1210
Quezon,21224,2020-01-18,HISTARIL 2MG/100MG CAP,1,800,800,0,800,225,225,575
Quezon,21224,2020-01-18,HISTARIL 1MG/50MG/5ML SYR,10,80,800,0,800,24.47,244.7,555.3
Quezon,21224,2020-01-18,MULTI GROW 30ML DROPS,6,180,1080,0,1080,63,378,702
Quezon,21224,2020-01-18,NERVAPLEX 500MG,1,1650,1650,0,1650,615,615,1035
Quezon,21225,2020-01-18,SOLVAPRINE 10MG,5,1100,5500,1650,3850,146.8,734,3116
Quezon,21225,2020-01-18,METMIC 500MG,1,800,800,240,560,227.5,227.5,332.5
Quezon,21223,2020-01-18,BENERVA PLUS TAB,2,2000,4000,0,4000,550,1100,2900
Quezon,21223,2020-01-18,MULTI GROW OB PLUS,5,1450,7250,0,7250,487.5,2437.5,4812.5
Quezon,21226,2020-01-18,TRIVASC 35MG MR,10,1350,13500,4725,8775,490,4900,3875
Quezon,21227,2020-01-18,TRIVASC 35MG MR,10,1350,13500,4725,8775,490,4900,3875
Quezon,21228,2020-01-18,TRIVASC 35MG MR,10,1350,13500,4725,8775,490,4900,3875
Quezon,21229,2020-01-18,TRIVASC 35MG MR,10,1350,13500,4725,8775,490,4900,3875
Quezon,21230,2020-01-18,TRIVASC 35MG MR,10,1350,13500,4725,8775,490,4900,3875
Quezon,21202,2020-01-11,PHYTOMEN 10MG/ML,30,780,23400,0,23400,183,5490,17910
Quezon,21212,2020-01-11,ZELEX 200MG,1,2800,2800,0,2800,750,750,2050
Quezon,21212,2020-01-11,SYNERMED 200MG/40MG/5ML,10,105,1050,0,1050,32.4,324,726
Quezon,21212,2020-01-11,HISTARIL 1MG/50MG/5ML SYR,6,88,528,0,528,24.47,146.82,381.18
Quezon,21212,2020-01-11,LACTAMOX 250MG/62.5MG/5ML,12,420,5040,0,5040,129.7,1556.4,3483.6
Quezon,21212,2020-01-11,LACTAMOX 125MG/31.25MG/5ML,6,245,1470,0,1470,93.63,561.8,908.2
Quezon,21212,2020-01-11,CENDALEX 500MG CAP,2,1000,2000,0,2000,211.65,423.3,1576.7
Quezon,21212,2020-01-11,NERVAPLEX 500MG,1,1650,1650,0,1650,615,615,1035
Quezon,21212,2020-01-11,BENERVA PLUS TAB,1,1540,1540,0,1540,550,550,990
Quezon,21212,2020-01-11,CENDALEX 100MG/ML DROPS,6,115,690,0,690,23.25,139.5,550.5
Quezon,21217,2020-01-11,SURITRAM,1,1290,1290,387,903,135,135,768
Quezon,21217,2020-01-11,PARADOX TAB,20,750,15000,4500,10500,230,4600,5900
Quezon,21217,2020-01-11,JAGA 300MG/100MG/100MCG,10,1700,17000,5100,11900,530,5300,6600
Quezon,21205,2020-01-11,TRIVASC 35MG MR,8,1350,10800,3780,7020,490,3920,3100
Quezon,21219,2020-01-11,TRIVASC 35MG MR,10,1350,13500,4725,8775,490,4900,3875
Quezon,21218,2020-01-11,TRIVASC 35MG MR,10,1350,13500,4725,8775,490,4900,3875
Quezon,21215,2020-01-11,VICOLAX 100MG/2MG TAB,10,800,8000,2400,5600,225,2250,3350
Quezon,21214,2020-01-11,FERGLOBIN 250MG,10,700,7000,0,7000,257.5,2575,4425
Quezon,21203,2020-01-11,MAXXIVIT PLUS,10,1400,14000,0,14000,517.33,5173.33,8826.67
Quezon,21207,2020-01-11,JAGA 300MG/100MG/100MCG,2,1540,3080,924,2156,530,1060,1096
Quezon,21207,2020-01-11,VOXOLL 30MG TAB,1,650,650,195,455,167,167,288
Quezon,21207,2020-01-11,VOXOLL 15MG/5ML SYR,12,75,900,270,630,23,276,354
Quezon,21209,2020-01-11,MONILIASOL 125MG/5ML,12,125,1500,450,1050,36.76,441.15,608.85
Quezon,21209,2020-01-11,MONILIASOL 500MG,2,725,1450,435,1015,240,480,535
Quezon,21208,2020-01-11,MONILIASOL 125MG/5ML,45,83.33,3750,0,3750,36.76,1654.31,2095.69
Quezon,21208,2020-01-11,MONILIASOL 500MG,15,483.33,7250,0,7250,240,3600,3650
Quezon,21206,2020-01-11,BERCEF 250MG/5ML SUS,45,300,13500,0,13500,148,6660,6840
Quezon,21221,2020-01-11,DOPAMET 250MG TAB,10,700,7000,0,7000,196.63,1966.25,5033.75
Quezon,21221,2020-01-11,MONILIASOL 125MG/5ML,24,125,3000,0,3000,36.76,882.3,2117.7
Quezon,21221,2020-01-11,ZETIFEN 250MG/5ML SYR,24,110,2640,0,2640,35.12,842.76,1797.24
Quezon,21221,2020-01-11,ZETIFEN 100MG/ML DROPS,24,95,2280,0,2280,29.45,706.88,1573.12
Quezon,21220,2020-01-11,MULTI GROW 120ML,24,240,5760,0,5760,83.33,2000,3760
Quezon,21220,2020-01-11,MULTI GROW 30ML DROPS,24,180,4320,0,4320,63,1512,2808
Quezon,21220,2020-01-11,AMOLTEX 2MG/5ML SYR,24,70,1680,0,1680,20.56,493.5,1186.5
Quezon,21204,2020-01-11,FOLACID 5MG,3,800,2400,720,1680,196.88,590.64,1089.3600000000001
Quezon,21211,2020-01-11,COMOX 625MG,2,3250,6500,1950,4550,1173.6,2347.2,2202.8
Quezon,21210,2020-01-11,BERCEF 250MG/5ML SUS,12,450,5400,0,5400,148,1776,3624
Quezon,21210,2020-01-11,BROADMETZ 100MG/ML,12,110,1320,0,1320,31.06,372.72,947.28
Quezon,21210,2020-01-11,SUSTACHLOR 125MG/5ML,14,150,2100,0,2100,46.79,655.06,1444.94
Quezon,21222,2020-01-11,LACTAMOX 250MG/62.5MG/5ML,12,420,5040,0,5040,129.7,1556.4,3483.6
Quezon,21222,2020-01-11,MONILIASOL 125MG/5ML,12,125,1500,0,1500,36.76,441.15,1058.85
Quezon,21222,2020-01-11,ZEGECEF 250MG/5ML SUS,12,455,5460,0,5460,139.45,1673.4,3786.6
Quezon,21213,2020-01-11,VICOLAX 50MG/1MG/5ML SYR,12,88,1056,0,1056,36.78,441.36,614.64
Quezon,21213,2020-01-11,MULTI GROW 30ML DROPS,18,180,3240,0,3240,63,1134,2106
Quezon,21213,2020-01-11,GIAN ZINC 30ML DROPS,18,155,2790,0,2790,61.67,1110,1680
Supplies,MS00668,2020-11-03,ALL SILICONE DUODENAL TUBE F.16 - UNIMEX,20,221,4420,0,4420,193.33,3866.67,553.3299999999999
Supplies,MS00639,2020-09-28,DUODENAL TUBE NGT. FR.16 - SIMPLEX,30,221,6630,0,6630,180,5400,1230
Supplies,MS00618,2020-09-07,DUODENAL TUBE NGT. FR.16 - SIMPLEX,20,221,4420,0,4420,180,3600,820
Supplies,MS00631,2020-09-07,DUODENAL TUBE NGT. FR.16 - SIMPLEX,20,221,4420,0,4420,180,3600,820
Supplies,22060,2020-09-01,"LEUKOPLAST 2"" (5CMX5M)",1,3600,3600,0,3600,295,295,3305
Supplies,22060,2020-09-01,LUBRICATING JELLY 3G SACHET - SURGITECH,4,1700,6800,0,6800,750,3000,3800
Supplies,22060,2020-09-01,SPINAL NEEDLE G.25 - TOP,1,2200,2200,0,2200,1042.42,1042.42,1157.58
Supplies,22060,2020-09-01,YANKAUER - INDOPLAS,50,260,13000,0,13000,143.33,7166.67,5833.33
Supplies,22059,2020-08-31,SUCTION CONNECTING TUBE - SIMPLEX,100,300,30000,0,30000,145,14500,15500
Supplies,22059,2020-08-31,METRICIDE,3,2400,7200,0,7200,1252.38,3757.14,3442.86
Supplies,22059,2020-08-31,Gauze Roll 28x24 - SURGITECH,10,1800,18000,0,18000,900,9000,9000
Supplies,22059,2020-08-31,THORACIC CATHETER FR 32 - UNIMEX,3,800,2400,0,2400,416.67,1250,1150
Supplies,22058,2020-08-21,COTTON ROLL 400G - UNIMEX,10,300,3000,0,3000,150,1500,1500
Supplies,22058,2020-08-21,AIDEX 5Litres,1,2400,2400,0,2400,1200,1200,1200
Supplies,22055,2020-08-21,SKIN STAPLER,5,800,4000,0,4000,350,1750,2250
Supplies,22055,2020-08-21,"LEUKOPLAST 1"" (2.5CMX5M)",12,300,3600,0,3600,213.33,2560,1040
Supplies,22055,2020-08-21,AIDEX 5Litres,3,2400,7200,0,7200,1200,3600,3600
Supplies,22055,2020-08-21,SPINAL NEEDLE G.25 - TOP,1,2200,2200,0,2200,1042.42,1042.42,1157.58
Supplies,22056,2020-08-21,NIPPLE & CUT CONNECTOR,3,800,2400,0,2400,400,1200,1200
Supplies,MS00612,2020-08-21,Thermal Paper,3,4200,12600,0,12600,2000,6000,6600
Supplies,22051,2020-08-03,INSULIN SYRINGE 1/2 CC G29 TERUMO,5,1450,7250,0,7250,700,3500,3750
Supplies,22051,2020-08-03,"MICROPORE 2"" - 3M",5,800,4000,0,4000,415,2075,1925
Supplies,22051,2020-08-03,YANKAUER - INDOPLAS,20,260,5200,0,5200,143.33,2866.67,2333.33
Supplies,22051,2020-08-03,METRICIDE,1,2400,2400,0,2400,1252.38,1252.38,1147.62
Supplies,20600,2020-06-27,Gauze Roll 28x24 - SURGITECH,10,1800,18000,0,18000,900,9000,9000
Supplies,20600,2020-06-27,THORACIC CATHETER FR 28 - UNIMEX,2,800,1600,0,1600,400,800,800
Supplies,20600,2020-06-27,LUBRICATING JELLY 3G SACHET - SURGITECH,3,1700,5100,0,5100,750,2250,2850
Supplies,20600,2020-06-27,"MICROPORE 2"" - 3M",5,800,4000,0,4000,415,2075,1925
Supplies,20600,2020-06-27,INSULIN SYRINGE 1/2 CC G29 TERUMO,1,1450,1450,0,1450,700,700,750
Supplies,20600,2020-06-27,OXYGEN MASK (ADULT) - SURGITECH,1,4500,4500,0,4500,45,45,4455
Supplies,20600,2020-06-27,INSULIN SYRINGE 1CC-SUREGUARD,1,725,725,0,725,170,170,555
Supplies,MS00573,2020-06-27,DUODENAL TUBE NGT. FR.16 - SIMPLEX,30,221,6630,0,6630,180,5400,1230
Supplies,MS00528,2020-06-20,ALL SILICONE DUODENAL TUBE F.16 - UNIMEX,30,221,6630,0,6630,193.33,5800,830
Supplies,MS00516,2020-06-20,ALL SILICONE DUODENAL TUBE F.16 - UNIMEX,25,221,5525,0,5525,193.33,4833.33,691.6700000000001
Supplies,MS00570,2020-06-20,ETHOX 500ML,1,6250,6250,0,6250,2500,2500,3750
Supplies,MS00570,2020-06-20,Thermal Paper,2,4200,8400,0,8400,2000,4000,4400
Supplies,MS00538,2020-05-16,ALL SILICONE DUODENAL TUBE F.16 - UNIMEX,30,221,6630,0,6630,193.33,5800,830
Supplies,20596,2020-04-30,INSULIN SYRINGE 1/2 CC G29 TERUMO,5,1450,7250,0,7250,700,3500,3750
Supplies,20596,2020-04-30,COTTON ROLL 400G - UNIMEX,10,300,3000,0,3000,150,1500,1500
Supplies,20596,2020-04-30,"YANKAUER W/ CONNECTING TUBE 1/4"" X 2.0M",20,260,5200,0,5200,130,2600,2600
Supplies,20596,2020-04-30,"MICROPORE 2"" - 3M",2,800,1600,0,1600,415,830,770
Supplies,20596,2020-04-30,THORACIC CATHETER FR 32 - UNIMEX,2,800,1600,0,1600,416.67,833.33,766.67
Supplies,20596,2020-04-30,METRICIDE,10,2400,24000,0,24000,1252.38,12523.81,11476.19
Supplies,20596,2020-04-30,POVIDONE IODINE 10% - MEDICROSS,8,1200,9600,0,9600,666.67,5333.33,4266.67
Supplies,20597,2020-04-30,INFRARED THERMOMETER,14,8000,112000,0,112000,2750,38500,73500
Supplies,MS00526,2020-04-11,DUODENAL TUBE NGT. FR.16 - SIMPLEX,20,221,4420,0,4420,180,3600,820
Supplies,MS00475,2020-03-14,ALL SILICONE DUODENAL TUBE F.16 - UNIMEX,20,221,4420,0,4420,193.33,3866.67,553.3299999999999
Supplies,20594,2020-03-07,DISPOSABLE SKIN STAPLER,5,800,4000,0,4000,245,1225,2775
Supplies,20594,2020-03-07,SUCTION CONNECTING TUBE - SIMPLEX,37,260,9620,0,9620,145,5365,4255
Supplies,20594,2020-03-07,SUCTION CONNECTING TUBE - SIMPLEX,1,260,260,0,260,145,145,115
Supplies,20592,2020-03-07,STOOL CUP,200,12,2400,0,2400,46.5,9300,-6900
Supplies,MS00462,2020-02-15,NGT SILICONE NASOGASTRIC TUBE F.16 - SURGITECH,2,3315,6630,0,6630,1440,2880,3750
Supplies,20591,2020-02-15,DIGITAL THERMOMETER - SURGITECH,100,100,10000,0,10000,55,5500,4500
Supplies,20590,2020-02-08,CHROMIC 2-0 ROUND NEEDLE - TUDOR,1,540,540,0,540,250,250,290
Supplies,20590,2020-02-08,CHROMIC 2-0 CUTTING NEEDLE - TUDOR,1,540,540,0,540,250,250,290
Supplies,20590,2020-02-08,CHROMIC 3-0 ROUND NEEDLE - TUDOR,1,540,540,0,540,250,250,290
Supplies,20590,2020-02-08,CHROMIC 3-0 CURVED NEEDLE - TUDOR,1,540,540,0,540,250,250,290
Supplies,20590,2020-02-08,SILK CUTTING 2-0 - TUDOR,1,600,600,0,600,250,250,350
Supplies,20590,2020-02-08,SILK CUTTING 2-0 CURVED NEEDLE - TUDOR,1,600,600,0,600,250,250,350
Supplies,20590,2020-02-08,SILK CUTTING 3-0 ROUND NEEDLE - TUDOR,1,600,600,0,600,250,250,350
Supplies,20588,2020-01-31,FORMALIN,2,2200,4400,0,4400,522.5,1045,3355
Supplies,20588,2020-01-31,STERILLIUM,8,2600,20800,0,20800,1300,10400,10400
Supplies,20588,2020-01-31,SKIN STAPLER,3,700,2100,0,2100,350,1050,1050
Supplies,20586,2020-01-25,Gauze Roll 28x24 - SURGITECH,10,1800,18000,0,18000,900,9000,9000
Supplies,20584,2020-01-25,COTTON ROLL 400G - UNIMEX,10,300,3000,0,3000,150,1500,1500
Supplies,20580,2020-01-18,POVIDONE IODINE 10% - MEDICROSS,5,1200,6000,0,6000,666.67,3333.33,2666.67
Supplies,20580,2020-01-18,"LEUKOPLAST 1"" (2.5CMX5M)",12,600,7200,0,7200,213.33,2560,4640
Supplies,20580,2020-01-18,IV EXTENSION TUBE,20,100,2000,0,2000,50,1000,1000
Supplies,20580,2020-01-18,FOLEY CATHETER LATEX SILICONE COATED FR.12 - SURGITECH,5,56,280,0,280,11,55,225
Supplies,20582,2020-01-18,LUBRICATING JELLY 3G SACHET - SURGITECH,3,1500,4500,0,4500,750,2250,2250
Supplies,20578,2020-01-11,"LEUKOPLAST 2"" (5CMX5M)",12,560,6720,0,6720,295,3540,3180
Supplies,20573,2020-01-11,FACE MASK,200,100,20000,0,20000,514.44,102888.89,-82888.89
Supplies,20573,2020-01-11,"MICROPORE 1"" - 3M",30,760,22800,0,22800,380,11400,11400
Supplies,20573,2020-01-11,"MICROPORE 2"" - 3M",6,800,4800,0,4800,415,2490,2310
Supplies,20573,2020-01-11,TRANSPORE 1/2 INCH,6,1300,7800,0,7800,650,3900,3900
Supplies,20573,2020-01-11,"TRANSPORE 1"" - 3M",30,1300,39000,0,39000,673.33,20200,18800
Supplies,20573,2020-01-11,CONDOM CATHETER 25MM SMALL,5,70,350,0,350,23.33,116.67,233.32999999999998
Supplies,20573,2020-01-11,CONDOM CATHETER 30MM MEDIUM,5,70,350,0,350,35,175,175
Supplies,20573,2020-01-11,"YANKAUER W/ CONNECTING TUBE 1/4"" X 2.0M",100,260,26000,0,26000,130,13000,13000
Supplies,20573,2020-01-11,ARMSLING (M) - LONGBONE,10,500,5000,0,5000,250,2500,2500
Supplies,20573,2020-01-11,DIGITAL THERMOMETER - SURGITECH,150,100,15000,0,15000,55,8250,6750
Supplies,20573,2020-01-11,SKIN STAPLER,2,700,1400,0,1400,350,700,700
Supplies,20573,2020-01-11,TEGADERM FILM (2x2)-SMALL,0.5,5000,2500,0,2500,444.17,222.08,2277.92
Supplies,20574,2020-01-11,TEGADERM - MEDIUM,50,90,4500,0,4500,45,2250,2250
Supplies,20574,2020-01-11,METRICIDE,14,2400,33600,0,33600,1252.38,17533.33,16066.669999999998
Supplies,20574,2020-01-11,SPINAL NEEDLE G.25 - TOP,5,2200,11000,0,11000,1042.42,5212.12,5787.88
Supplies,20574,2020-01-11,SUCTION CONNECTING TUBE - SIMPLEX,50,260,13000,0,13000,145,7250,5750
Supplies,20575,2020-01-11,ETHOX 500ML,1,6250,6250,0,6250,2500,2500,3750
Supplies,20577,2020-01-11,Thermal Paper,4,4200,16800,0,16800,2000,8000,8800
Supplies,MS00428,2020-01-11,NGT SILICONE NASOGASTRIC TUBE F.16 - SURGITECH,1.33,3315,4420,0,4420,1440,1920,2500
,,,,,,,,,,,
,,,,,,,,,,,
,,,,,,,,,,,
,,,,,,,,,,,
,,,,,,,,,,,
,,,,,,,,,,,
,,,,,,,,,,,
,,,,,,,,,,,
,,,,,,,,,,,
,,,,,,,,,,,
,,,,,,,,,,,
,,,,,,,,,,,
,,,,,,,,,,,
,,,,,,,,,,,
,,,,,,,,,,,
,,,,,,,,,,,
,,,,,,,,,,,
,,,,,,,,,,,
,,,,,,,,,,,
,,,,,,,,,,,
,,,,,,,,,,,
,,,,,,,,,,,
,,,,,,,,,,,
,,,,,,,,,,,
,,,,,,,,,,,
,,,,,,,,,,,
,,,,,,,,,,,
,,,,,,,,,,,
,,,,,,,,,,,
,,,,,,,,,,,
,,,,,,,,,,,
,,,,,,,,,,,
,,,,,,,,,,,
,,,,,,,,,,,
,,,,,,,,,,,
,,,,,,,,,,,
,,,,,,,,,,,
,,,,,,,,,,,
,,,,,,,,,,,
,,,,,,,,,,,
,,,,,,,,,,,
,,,,,,,,,,,
,,,,,,,,,,,
,,,,,,,,,,,
,,,,,16900141.929999985,64050598.04000002,444196.61000000004,63606401.430000015,2982086.6299999836,17429916.299999993,46176485.13000016
