MEDSHIELD PHARMA CORP,,,,,,,,,,,,
SALES SUMMARY REPORT,,,,,,,,,,,,
AS OF DEC  2021,,,,,,,,,,,,
,,,,,,,,,,,,
,,,,,,,,,,,,
Area,DR Number,Date Delivered,Product, Qty , CP , Total CP , Disc , Net CP , TP/UNIT , TOTAL TP , Net Income ,%
Admin,DR 023184,20/12/2021,XYNETRIX CHEWABLE TABLET, 7.00 , 678.57 ," 4,749.99 ", -   ," 4,749.99 ", 450.00 ," 3,150.00 "," 1,599.99 ",34%
Admin,DR 023184,20/12/2021,MAXXIVIT PLUS, 7.00 , 857.14 ," 6,000.00 ", -   ," 6,000.00 ", 560.00 ," 3,920.00 "," 2,080.00 ",35%
Admin,DR 023184,20/12/2021,FERGLOBIN 250MG, 7.00 , 517.86 ," 3,625.00 ", -   ," 3,625.00 ", 325.00 ," 2,275.00 "," 1,350.00 ",37%
Admin,DR 023184,20/12/2021,CIXTOR-Z 500mg, 7.00 , 450.00 ," 3,150.00 ", -   ," 3,150.00 ", 210.00 ," 1,470.00 "," 1,680.00 ",53%
Admin,DR 023183,14/12/2021,FERGLOBIN 250MG, 7.00 , 517.86 ," 3,625.02 ", -   ," 3,625.02 ", 325.00 ," 2,275.00 "," 1,350.02 ",37%
Admin,DR 023183,14/12/2021,SOLVAPRINE 10MG, 14.00 , 671.43 ," 9,400.02 ", -   ," 9,400.02 ", 146.80 ," 2,055.20 "," 7,344.82 ",78%
Admin,DR 023183,14/12/2021,CIXTOR-Z 500mg, 14.00 , 630.00 ," 8,820.00 ", -   ," 8,820.00 ", 210.00 ," 2,940.00 "," 5,880.00 ",67%
Admin,DR 023183,14/12/2021,HEMOSTAP 500mg, 3.00 ," 2,100.00 "," 6,300.00 ", -   ," 6,300.00 ", 420.00 ," 1,260.00 "," 5,040.00 ",80%
Admin,DR 023178,13/12/2021,XYNETRIX CHEWABLE TABLET, 7.00 , 678.57 ," 4,749.99 ", -   ," 4,749.99 ", 450.00 ," 3,150.00 "," 1,599.99 ",34%
Admin,DR 023178,13/12/2021,FOLACID 5MG, 7.00 , 464.29 ," 3,250.03 ", -   ," 3,250.03 ", 196.88 ," 1,378.16 "," 1,871.87 ",58%
Admin,DR 023178,13/12/2021,EVENING PRIMEROSE OIL 1000mg, 7.00 ," 1,000.00 "," 7,000.00 ", -   ," 7,000.00 ", 357.00 ," 2,499.00 "," 4,501.00 ",64%
Admin,DR 023178,13/12/2021,GLOVES (M), 3.00 , 450.00 ," 1,350.00 ", -   ," 1,350.00 ", 600.00 ," 1,800.00 ", (450.00),-33%
Admin,DR 023178,13/12/2021,HYCLENS WOUND SPRAY (60ML), 10.00 , 229.32 ," 2,293.20 ", -   ," 2,293.20 ", 114.66 ," 1,146.60 "," 1,146.60 ",50%
Admin,DR MS 001090,05/12/2021,LEVEFLOX 500MG, 0.10 ," 1,500.00 ", 150.00 , -   , 150.00 , 724.00 , 72.40 , 77.60 ,52%
Admin,DR MS 001090,05/12/2021,CEFUSAPH, 0.10 ," 2,200.00 ", 220.00 , -   , 220.00 , 112.00 , 11.20 , 208.80 ,95%
Admin,DR MS 001090,05/12/2021,FUROSE 10MG/ML, 0.10 ," 1,000.00 ", 100.00 , -   , 100.00 , 80.00 , 8.00 , 92.00 ,92%
Admin,DR 023310,29/11/2021,XYNETRIX CHEWABLE TABLET, 7.00 , 678.57 ," 4,750.00 ", -   ," 4,750.00 ", 450.00 ," 3,150.00 "," 1,600.00 ",34%
Admin,DR 023310,29/11/2021,MAXXIVIT PLUS, 7.00 , 857.14 ," 6,000.00 ", -   ," 6,000.00 ", 560.00 ," 3,920.00 "," 2,080.00 ",35%
Admin,DR 023310,29/11/2021,SOLVAPRINE 10MG, 14.00 , 671.43 ," 9,400.00 ", -   ," 9,400.00 ", 146.80 ," 2,055.20 "," 7,344.80 ",78%
Admin,DR 023309,24/11/2021,CIXTOR-Z 500mg, 14.00 , 450.00 ," 6,300.00 ", -   ," 6,300.00 ", 210.00 ," 2,940.00 "," 3,360.00 ",53%
Admin,DR 023309,24/11/2021,APCELAC 500MG HERBAL FOOD SUPPLEMENT, 10.00 , 655.00 ," 6,550.00 ", -   ," 6,550.00 ", 400.00 ," 4,000.00 "," 2,550.00 ",39%
Admin,DR 023309,24/11/2021,MAXXIVIT PLUS, 7.00 , 857.14 ," 6,000.00 ", -   ," 6,000.00 ", 560.00 ," 3,920.00 "," 2,080.00 ",35%
Admin,DR 023309,24/11/2021,XYNETRIX CHEWABLE TABLET, 7.00 , 678.57 ," 4,750.00 ", -   ," 4,750.00 ", 450.00 ," 3,150.00 "," 1,600.00 ",34%
Admin,DR 023309,24/11/2021,SOLVAPRINE 10MG, 7.00 , 671.43 ," 4,700.00 ", -   ," 4,700.00 ", 146.80 ," 1,027.60 "," 3,672.40 ",78%
Admin,DR 023308,15/11/2021,ENCLOXIL 500MG, 7.00 ," 1,392.86 "," 9,750.02 ", -   ," 9,750.02 ", 780.00 ," 5,460.00 "," 4,290.02 ",44%
Admin,DR 023308,15/11/2021,FERGLOBIN 250MG, 7.00 , 517.86 ," 3,625.02 ", -   ," 3,625.02 ", 325.00 ," 2,275.00 "," 1,350.02 ",37%
Admin,DR 023308,15/11/2021,"MICROPORE 1"" - 1530-1 - 3M", 1.00 ," 1,080.00 "," 1,080.00 ", -   ," 1,080.00 ", 380.00 , 380.00 , 700.00 ,65%
Admin,DR 023306,15/11/2021,"MICROPORE 1"" - 1530-1 - 3M", 2.00 , 570.00 ," 1,140.00 ", -   ," 1,140.00 ", 380.00 , 760.00 , 380.00 ,33%
Admin,DR 023306,15/11/2021,PREGNANCY TEST - PARTNERS, 0.20 ," 2,000.00 ", 400.00 , -   , 400.00 ," 1,040.00 ", 208.00 , 192.00 ,48%
Admin,DR 023306,15/11/2021,INHIBITA 40MG, 1.00 , 180.00 , 180.00 , -   , 180.00 , 90.00 , 90.00 , 90.00 ,50%
Admin,DR 023305,10/11/2021,"MICROPORE 1"" - 1530-1 - 3M", 2.00 , 570.00 ," 1,140.00 ", -   ," 1,140.00 ", 380.00 , 760.00 , 380.00 ,33%
Admin,DR 023305,10/11/2021,PREGNANCY TEST - PARTNERS, 0.20 ," 2,000.00 ", 400.00 , -   , 400.00 ," 1,040.00 ", 208.00 , 192.00 ,48%
Admin,DR 023305,10/11/2021,INHIBITA 40MG, 1.00 , 180.00 , 180.00 , -   , 180.00 , 90.00 , 90.00 , 90.00 ,50%
Admin,DR 023175,08/11/2021,APCELAC 500MG HERBAL FOOD SUPPLEMENT, 15.00 , 655.00 ," 9,825.00 ", -   ," 9,825.00 ", 400.00 ," 6,000.00 "," 3,825.00 ",39%
Admin,DR 023174,08/11/2021,HYCLENS WOUND SPRAY (60ML), 72.00 , 229.32 ," 16,511.04 ", -   ," 16,511.04 ", 114.66 ," 8,255.52 "," 8,255.52 ",50%
Admin,DR 023176,08/11/2021,XYNETRIX CHEWABLE TABLET, 7.00 , 678.57 ," 4,750.00 ", -   ," 4,750.00 ", 450.00 ," 3,150.00 "," 1,600.00 ",34%
Admin,DR 023176,08/11/2021,MAXXIVIT PLUS, 7.00 , 857.14 ," 6,000.00 ", -   ," 6,000.00 ", 560.00 ," 3,920.00 "," 2,080.00 ",35%
Admin,DR 023176,08/11/2021,DOPAMET 250MG TAB, 7.00 , 607.14 ," 4,250.00 ", -   ," 4,250.00 ", 195.00 ," 1,365.00 "," 2,885.00 ",68%
Admin,DR 023176,08/11/2021,SOLVAPRINE 10MG, 14.00 , 671.43 ," 9,400.00 ", -   ," 9,400.00 ", 146.80 ," 2,055.20 "," 7,344.80 ",78%
Admin,DR 023176,08/11/2021,CIXTOR-Z 500mg, 14.00 , 450.00 ," 6,300.00 ", -   ," 6,300.00 ", 210.00 ," 2,940.00 "," 3,360.00 ",53%
Admin,DR 023176,08/11/2021,BENERVA PLUS TAB, 3.00 ," 1,708.00 "," 5,124.00 "," 1,537.20 "," 3,586.80 ", 550.00 ," 1,650.00 "," 1,936.80 ",38%
Admin,DR 023303,31/10/2021,IVERMECTIN15MG DR ZENS, 5.00 ," 3,000.00 "," 15,000.00 ", -   ," 15,000.00 "," 2,700.00 "," 13,500.00 "," 1,500.00 ",10%
Admin,DR 023172,31/10/2021,XYNETRIX CHEWABLE TABLET, 1.00 , 950.00 , 950.00 , -   , 950.00 , 450.00 , 450.00 , 500.00 ,53%
Admin,DR 023168,31/10/2021,FORMET 500MG, 5.00 , 155.00 , 775.00 , -   , 775.00 , 76.00 , 380.00 , 395.00 ,51%
Admin,DR 023168,31/10/2021,CINNABLOC 25MG, 2.00 , 160.00 , 320.00 , -   , 320.00 , 133.00 , 266.00 , 54.00 ,17%
Admin,DR 023168,31/10/2021,ALLECUR 10MG, 10.00 , 42.00 , 420.00 , -   , 420.00 , 28.00 , 280.00 , 140.00 ,33%
Admin,DR 023168,31/10/2021,ATORSAPH - 10MG, 3.00 , 150.00 , 450.00 , -   , 450.00 , 25.00 , 75.00 , 375.00 ,83%
Admin,DR 023173,31/10/2021,XYNETRIX CHEWABLE TABLET, 7.00 , 678.57 ," 4,750.00 ", -   ," 4,750.00 ", 450.00 ," 3,150.00 "," 1,600.00 ",34%
Admin,DR 023173,31/10/2021,MAXXIVIT PLUS, 7.00 , 857.14 ," 6,000.00 ", -   ," 6,000.00 ", 560.00 ," 3,920.00 "," 2,080.00 ",35%
Admin,DR 023173,31/10/2021,DOPAMET 250MG TAB, 7.00 , 607.14 ," 4,250.00 ", -   ," 4,250.00 ", 195.00 ," 1,365.00 "," 2,885.00 ",68%
Admin,DR 023173,31/10/2021,CIXTOR-Z 500mg, 14.00 , 450.00 ," 6,300.00 ", -   ," 6,300.00 ", 210.00 ," 2,940.00 "," 3,360.00 ",53%
Admin,DR 023173,31/10/2021,SOLVAPRINE 10MG, 14.00 , 671.43 ," 9,400.00 ", -   ," 9,400.00 ", 146.80 ," 2,055.20 "," 7,344.80 ",78%
Admin,DR 023173,31/10/2021,BENERVA PLUS TAB, 3.00 ," 1,708.00 "," 5,124.00 "," 1,537.20 "," 3,586.80 ", 550.00 ," 1,650.00 "," 1,936.80 ",38%
Admin,DR 023173,31/10/2021,CEPROTRON 500MG, 3.00 ," 1,750.00 "," 5,250.00 "," 1,575.00 "," 3,675.00 ", 550.00 ," 1,650.00 "," 2,025.00 ",39%
Admin,DR 023169,31/10/2021,CIXTOR-Z 500mg, 7.00 , 450.00 ," 3,150.00 ", -   ," 3,150.00 ", 210.00 ," 1,470.00 "," 1,680.00 ",53%
Admin,DR 023169,31/10/2021,XYNETRIX CHEWABLE TABLET, 7.00 , 678.57 ," 4,750.00 ", -   ," 4,750.00 ", 450.00 ," 3,150.00 "," 1,600.00 ",34%
Admin,DR 023169,31/10/2021,MAXXIVIT PLUS, 7.00 , 857.14 ," 6,000.00 ", -   ," 6,000.00 ", 560.00 ," 3,920.00 "," 2,080.00 ",35%
Admin,DR 023169,31/10/2021,FOLACID 5MG, 7.00 , 464.29 ," 3,250.00 ", -   ," 3,250.00 ", 196.88 ," 1,378.16 "," 1,871.84 ",58%
Admin,DR 023169,31/10/2021,HEMOSTAP 500mg, 3.00 ," 2,100.00 "," 6,300.00 "," 1,890.00 "," 4,410.00 ", 420.00 ," 1,260.00 "," 3,150.00 ",50%
Admin,DR 023170,25/10/2021,ENCLOXIL 500MG, 7.00 ," 1,071.43 "," 7,500.00 ", -   ," 7,500.00 ", 780.00 ," 5,460.00 "," 2,040.00 ",27%
Admin,DR 023170,25/10/2021,XYNETRIX CHEWABLE TABLET, 7.00 , 678.57 ," 4,750.00 ", -   ," 4,750.00 ", 450.00 ," 3,150.00 "," 1,600.00 ",34%
Admin,DR 023170,25/10/2021,GLOVES BLUE VINYL/NITRILE BLEND (MEDIUM), 3.00 , 630.00 ," 1,890.00 ", -   ," 1,890.00 ", 255.00 , 765.00 ," 1,125.00 ",60%
Admin,DR 023171,25/10/2021,ZELEX 200MG, 7.00 ," 2,000.00 "," 14,000.00 ", -   ," 14,000.00 ", 750.00 ," 5,250.00 "," 8,750.00 ",63%
Admin,DR 023171,25/10/2021,AFENAX 100MG, 3.00 ," 1,900.00 "," 5,700.00 "," 1,710.00 "," 3,990.00 ", 595.00 ," 1,785.00 "," 2,205.00 ",39%
Admin,DR 023165,18/10/2021,ERGON 125MCG, 7.00 , 714.29 ," 5,000.00 ", -   ," 5,000.00 ", 133.33 , 933.31 ," 4,066.69 ",81%
Admin,DR 023165,18/10/2021,SOLVAPRINE 10MG, 14.00 , 671.43 ," 9,400.00 ", -   ," 9,400.00 ", 146.80 ," 2,055.20 "," 7,344.80 ",78%
Admin,DR 023165,18/10/2021,ENOCEE 500mg, 14.00 , 214.29 ," 3,000.00 ", -   ," 3,000.00 ", 48.00 , 672.00 ," 2,328.00 ",78%
Admin,DR 023165,18/10/2021,APCELAC 500MG HERBAL FOOD SUPPLEMENT, 10.00 , 655.00 ," 6,550.00 ", -   ," 6,550.00 ", 400.00 ," 4,000.00 "," 2,550.00 ",39%
Admin,DR 023167,18/10/2021,XYNETRIX CHEWABLE TABLET, 7.00 , 678.57 ," 4,750.00 ", -   ," 4,750.00 ", 450.00 ," 3,150.00 "," 1,600.00 ",34%
Admin,DR 023167,18/10/2021,MAXXIVIT PLUS, 7.00 , 857.14 ," 6,000.00 ", -   ," 6,000.00 ", 560.00 ," 3,920.00 "," 2,080.00 ",35%
Admin,DR 023167,18/10/2021,FERGLOBIN 250MG, 7.00 , 517.86 ," 3,625.00 ", -   ," 3,625.00 ", 325.00 ," 2,275.00 "," 1,350.00 ",37%
Admin,DR 023167,18/10/2021,CIXTOR-Z 500mg, 14.00 , 450.00 ," 6,300.00 ", -   ," 6,300.00 ", 210.00 ," 2,940.00 "," 3,360.00 ",53%
Admin,DR 023159,18/10/2021,XYNETRIX CHEWABLE TABLET, 7.00 , 678.57 ," 4,750.00 ", -   ," 4,750.00 ", 450.00 ," 3,150.00 "," 1,600.00 ",34%
Admin,DR 023159,18/10/2021,MAXXIVIT PLUS, 7.00 , 857.14 ," 6,000.00 ", -   ," 6,000.00 ", 560.00 ," 3,920.00 "," 2,080.00 ",35%
Admin,DR 023159,18/10/2021,SOLVAPRINE 10MG, 14.00 , 671.43 ," 9,400.00 ", -   ," 9,400.00 ", 146.80 ," 2,055.20 "," 7,344.80 ",78%
Admin,DR 023159,18/10/2021,HEMOSTAP 500mg, 1.00 ," 2,100.00 "," 2,100.00 ", 630.00 ," 1,470.00 ", 420.00 , 420.00 ," 1,050.00 ",50%
Admin,DR 023165,18/10/2021,ENCLOXIL 500MG, 7.00 ," 1,071.43 "," 7,500.00 ", -   ," 7,500.00 ", 780.00 ," 5,460.00 "," 2,040.00 ",27%
Admin,DR 023165,18/10/2021,ZELEX 200MG, 7.00 ," 2,000.00 "," 14,000.00 ", -   ," 14,000.00 ", 750.00 ," 5,250.00 "," 8,750.00 ",63%
Admin,DR 023165,18/10/2021,LACTAMOX 500MG/125MG TAB, 7.00 ," 2,000.00 "," 14,000.00 ", -   ," 14,000.00 "," 1,047.86 "," 7,335.02 "," 6,664.98 ",48%
Admin,DR 023165,18/10/2021,FERGLOBIN 250MG, 7.00 , 517.86 ," 3,625.00 ", -   ," 3,625.00 ", 325.00 ," 2,275.00 "," 1,350.00 ",37%
Admin,DR MS 00990,11/10/2021,OXYGEN TANK REGULATOR - YR88, 1.00 ," 1,500.00 "," 1,500.00 ", -   ," 1,500.00 "," 1,300.00 "," 1,300.00 ", 200.00 ,13%
Admin,DR 023166,11/10/2021,GIAN ZINC 120ML SYR, 12.00 , 120.00 ," 1,440.00 ", -   ," 1,440.00 ", 85.00 ," 1,020.00 ", 420.00 ,29%
Admin,DR 023166,11/10/2021,INSULIN SYRINGE WITH NEEDLE 1CC 29GX1/2 TERUMO, 1.00 ," 1,250.00 "," 1,250.00 ", -   ," 1,250.00 ", 750.00 , 750.00 , 500.00 ,40%
Admin,DR 023166,11/10/2021,INSULIN SYRINGE 1/2 CC G29 TERUMO, 1.00 ," 1,250.00 "," 1,250.00 ", -   ," 1,250.00 ", 850.00 , 850.00 , 400.00 ,32%
Admin,DR 023163,30/09/2021,XYNETRIX CHEWABLE TABLET, 7.00 , 678.57 ," 4,750.00 ", -   ," 4,750.00 ", 450.00 ," 3,150.00 "," 1,600.00 ",34%
Admin,DR 023163,30/09/2021,MAXXIVIT PLUS, 7.00 , 857.14 ," 6,000.00 ", -   ," 6,000.00 ", 560.00 ," 3,920.00 "," 2,080.00 ",35%
Admin,DR 023163,30/09/2021,RUCEF, 7.00 ," 2,485.71 "," 17,400.00 ", -   ," 17,400.00 "," 1,160.00 "," 8,120.00 "," 9,280.00 ",53%
Admin,DR 023163,30/09/2021,EVENING PRIMEROSE OIL 1000mg, 7.00 ," 1,000.00 "," 7,000.00 ", -   ," 7,000.00 ", 357.00 ," 2,499.00 "," 4,501.00 ",64%
Admin,DR 023163,30/09/2021,ENOCEE 500mg, 14.00 , 214.29 ," 3,000.00 ", -   ," 3,000.00 ", 48.00 , 672.00 ," 2,328.00 ",78%
Admin,DR 023161,27/09/2021,XYNETRIX CHEWABLE TABLET, 7.00 , 678.57 ," 4,750.00 ", -   ," 4,750.00 ", 450.00 ," 3,150.00 "," 1,600.00 ",34%
Admin,DR 023161,27/09/2021,MAXXIVIT PLUS, 7.00 , 857.14 ," 6,000.00 ", -   ," 6,000.00 ", 560.00 ," 3,920.00 "," 2,080.00 ",35%
Admin,DR 023161,27/09/2021,FERGLOBIN 250MG, 7.00 , 517.86 ," 3,625.00 ", -   ," 3,625.00 ", 325.00 ," 2,275.00 "," 1,350.00 ",37%
Admin,DR 023161,27/09/2021,CIXTOR-Z 500mg, 7.00 , 450.00 ," 3,150.00 ", -   ," 3,150.00 ", 210.00 ," 1,470.00 "," 1,680.00 ",53%
Admin,DR 023161,27/09/2021,DOPAMET 250MG TAB, 7.00 , 607.14 ," 4,250.00 ", -   ," 4,250.00 ", 195.00 ," 1,365.00 "," 2,885.00 ",68%
Admin,DR 023161,27/09/2021,HEMOSTAP 500mg, 2.00 ," 2,100.00 "," 4,200.00 "," 1,260.00 "," 2,940.00 ", 420.00 , 840.00 ," 2,100.00 ",50%
Admin,DR 023161,27/09/2021,LACTAMOX 500MG/125MG TAB, 2.00 ," 2,800.00 "," 5,600.00 "," 1,680.00 "," 3,920.00 "," 1,047.86 "," 2,095.72 "," 1,824.28 ",33%
Admin,DR 023162,27/09/2021,APCELAC 500MG HERBAL FOOD SUPPLEMENT, 15.00 , 655.00 ," 9,825.00 ", -   ," 9,825.00 ", 400.00 ," 6,000.00 "," 3,825.00 ",39%
Admin,DR 023162,27/09/2021,FOLACID 5MG, 7.00 , 464.29 ," 3,250.00 ", -   ," 3,250.00 ", 196.88 ," 1,378.16 "," 1,871.84 ",58%
Admin,DR 023162,27/09/2021,ANEROCIN 300MG, 2.00 ," 3,800.00 "," 7,600.00 "," 2,280.00 "," 5,320.00 ", 979.00 ," 1,958.00 "," 3,362.00 ",44%
Admin,DR MS 00982,22/09/2021,IVERMECTIN15MG DR ZENS, 10.00 ," 3,000.00 "," 30,000.00 ", -   ," 30,000.00 "," 2,700.00 "," 27,000.00 "," 3,000.00 ",10%
Admin,DR 023160,20/09/2021,DIGITAL THERMOMETER - ADVAN, 20.00 , 80.00 ," 1,600.00 ", -   ," 1,600.00 ", 58.00 ," 1,160.00 ", 440.00 ,28%
Admin,DR 023160,20/09/2021,STOOL CUP 40ml, 20.00 , 6.00 , 120.00 , -   , 120.00 , 5.00 , 100.00 , 20.00 ,17%
Admin,DR 023160,20/09/2021,PREGNANCY TEST - PARTNERS, 0.05 ," 2,000.00 ", 100.00 , -   , 100.00 ," 1,040.00 ", 52.00 , 48.00 ,48%
Admin,DR 023160,20/09/2021,GLOVES BLUE VINYL/NITRILE BLEND (MEDIUM), 2.00 , 300.00 , 600.00 , -   , 600.00 , 255.00 , 510.00 , 90.00 ,15%
Admin,DR 023156,13/09/2021,MAXXIVIT PLUS, 7.00 , 857.14 ," 6,000.00 ", -   ," 6,000.00 ", 560.00 ," 3,920.00 "," 2,080.00 ",35%
Admin,DR 023156,13/09/2021,HYCLENS WOUND SPRAY (60ML), 72.00 , 229.32 ," 16,511.04 ", -   ," 16,511.04 ", 114.66 ," 8,255.52 "," 8,255.52 ",50%
Admin,DR 023157,13/09/2021,HYCLENS GARGLE (60ML), 12.00 , 60.00 , 720.00 , -   , 720.00 , 65.00 , 780.00 , (60.00),-8%
Admin,DR 023157,13/09/2021,HYCLENS GARGLE (120ML), 12.00 , 100.00 ," 1,200.00 ", -   ," 1,200.00 ", 88.00 ," 1,056.00 ", 144.00 ,12%
Admin,DR 023157,13/09/2021,MULTI GROW 120ML, 1.00 , 96.00 , 96.00 , -   , 96.00 , 90.00 , 90.00 , 6.00 ,6%
Admin,DR 023158,13/09/2021,XYNETRIX CHEWABLE TABLET, 7.00 , 678.57 ," 4,750.00 ", -   ," 4,750.00 ", 450.00 ," 3,150.00 "," 1,600.00 ",34%
Admin,DR 023158,13/09/2021,ZELEX 200MG, 7.00 ," 2,000.00 "," 14,000.00 ", -   ," 14,000.00 ", 750.00 ," 5,250.00 "," 8,750.00 ",63%
Admin,DR 023158,13/09/2021,NITROFURANTOIN 100MG, 2.00 , 714.29 ," 1,428.58 ", 428.57 ," 1,000.01 ", 10.12 , 20.24 , 979.77 ,69%
Admin,DR 023158,13/09/2021,GLOVES BLUE VINYL/NITRILE BLEND (MEDIUM), 3.00 , 450.00 ," 1,350.00 ", -   ," 1,350.00 ", 255.00 , 765.00 , 585.00 ,43%
Admin,DR 023154,06/09/2021,ENOCEE 500mg, 14.00 , 214.29 ," 3,000.00 ", -   ," 3,000.00 ", 48.00 , 672.00 ," 2,328.00 ",78%
Admin,DR 023154,06/09/2021,SOLVAPRINE 10MG, 14.00 , 671.43 ," 9,400.00 ", -   ," 9,400.00 ", 146.80 ," 2,055.20 "," 7,344.80 ",78%
Admin,DR 023154,06/09/2021,BENERVA PLUS TAB, 2.00 ," 1,708.00 "," 3,416.00 "," 1,024.80 "," 2,391.20 ", 550.00 ," 1,100.00 "," 1,291.20 ",38%
Admin,DR 023154,06/09/2021,FLAGEX 500MG, 2.00 , 680.00 ," 1,360.00 ", 408.00 , 952.00 , 98.00 , 196.00 , 756.00 ,56%
Admin,DR 023154,06/09/2021,LACTAMOX 500MG/125MG TAB, 3.00 ," 2,800.00 "," 8,400.00 "," 2,520.00 "," 5,880.00 "," 1,047.86 "," 3,143.58 "," 2,736.42 ",33%
Admin,DR 023154,06/09/2021,ERGON 125MCG, 3.00 ," 1,000.00 "," 3,000.00 ", 900.00 ," 2,100.00 ", 133.33 , 399.99 ," 1,700.01 ",57%
Admin,DR 023154,06/09/2021,APCELAC 500MG HERBAL FOOD SUPPLEMENT, 10.00 , 655.00 ," 6,550.00 ", -   ," 6,550.00 ", 400.00 ," 4,000.00 "," 2,550.00 ",39%
Admin,DR 023155,06/09/2021,EVENING PRIMEROSE OIL 1000mg, 7.00 ," 1,000.00 "," 7,000.00 ", -   ," 7,000.00 ", 357.00 ," 2,499.00 "," 4,501.00 ",64%
Admin,DR MS 00923,06/09/2021,RAPID-C PLUS, 25.00 , 400.00 ," 10,000.00 ", -   ," 10,000.00 ", 170.00 ," 4,250.00 "," 5,750.00 ",58%
Admin,DR 023153,06/09/2021,XYNETRIX CHEWABLE TABLET, 7.00 , 678.57 ," 4,750.00 ", -   ," 4,750.00 ", 450.00 ," 3,150.00 "," 1,600.00 ",34%
Admin,DR 023153,06/09/2021,MAXXIVIT PLUS, 7.00 , 857.14 ," 6,000.00 ", -   ," 6,000.00 ", 560.00 ," 3,920.00 "," 2,080.00 ",35%
Admin,DR 023153,06/09/2021,FERGLOBIN 250MG, 14.00 , 517.86 ," 7,250.00 ", -   ," 7,250.00 ", 325.00 ," 4,550.00 "," 2,700.00 ",37%
Admin,DR MS 00925,01/09/2021,FACE SHIELD, 50.00 , 10.00 , 500.00 , -   , 500.00 , 8.00 , 400.00 , 100.00 ,20%
Admin,DR 023152,31/08/2021,ENCLOXIL 500MG, 7.00 ," 1,071.43 "," 7,500.00 ", -   ," 7,500.00 ", 780.00 ," 5,460.00 "," 2,040.00 ",27%
Admin,DR 023152,31/08/2021,ENOCEE 500mg, 14.00 , 214.29 ," 3,000.00 ", -   ," 3,000.00 ", 48.00 , 672.00 ," 2,328.00 ",78%
Admin,DR 023152,31/08/2021,APCELAC 500MG HERBAL FOOD SUPPLEMENT, 10.00 , 655.00 ," 6,550.00 ", -   ," 6,550.00 ", 400.00 ," 4,000.00 "," 2,550.00 ",39%
Admin,DR 023151,31/08/2021,XYNETRIX CHEWABLE TABLET, 7.00 , 678.57 ," 4,750.00 ", -   ," 4,750.00 ", 450.00 ," 3,150.00 "," 1,600.00 ",34%
Admin,DR 023151,31/08/2021,MAXXIVIT PLUS, 7.00 , 857.14 ," 6,000.00 ", -   ," 6,000.00 ", 560.00 ," 3,920.00 "," 2,080.00 ",35%
Admin,DR 023151,31/08/2021,FOLACID 5MG, 7.00 , 517.86 ," 3,625.00 ", -   ," 3,625.00 ", 196.88 ," 1,378.16 "," 2,246.84 ",62%
Admin,DR 023151,31/08/2021,SOLVAPRINE 10MG, 14.00 , 671.43 ," 9,400.00 ", -   ," 9,400.00 ", 146.80 ," 2,055.20 "," 7,344.80 ",78%
Admin,DR MS 00890,23/08/2021,IVERMECTIN15MG DR ZENS, 1.00 ," 2,700.00 "," 2,700.00 ", -   ," 2,700.00 "," 2,700.00 "," 2,700.00 ", -   ,0%
Admin,DR 024250,16/08/2021,ATORSAPH 20MG TAB, 3.00 , 150.00 , 450.00 , -   , 450.00 , 28.00 , 84.00 , 366.00 ,81%
Admin,DR 024250,16/08/2021,HYCLENS WOUND CARE SOLUTION 60ML, 6.00 , 75.00 , 450.00 , -   , 450.00 , 72.45 , 434.70 , 15.30 ,3%
Admin,DR 024250,16/08/2021,"MICROPORE 1"" - 1530-1 - 3M", 2.00 , 570.00 ," 1,140.00 ", -   ," 1,140.00 ", 380.00 , 760.00 , 380.00 ,33%
Admin,DR 024246,16/08/2021,ENOCEE 500mg, 14.00 , 214.29 ," 3,000.00 ", -   ," 3,000.00 ", 48.00 , 672.00 ," 2,328.00 ",78%
Admin,DR 024248,16/08/2021,SOLVAPRINE 10MG, 14.00 , 671.43 ," 9,400.00 ", -   ," 9,400.00 ", 146.80 ," 2,055.20 "," 7,344.80 ",78%
Admin,DR 024248,16/08/2021,MAXXIVIT PLUS, 7.00 , 857.14 ," 6,000.00 ", -   ," 6,000.00 ", 560.00 ," 3,920.00 "," 2,080.00 ",35%
Admin,DR 024248,16/08/2021,XYNETRIX CHEWABLE TABLET, 7.00 , 678.57 ," 4,750.00 ", -   ," 4,750.00 ", 450.00 ," 3,150.00 "," 1,600.00 ",34%
Admin,DR 024248,16/08/2021,BENERVA PLUS TAB, 3.00 ," 1,708.00 "," 5,124.00 "," 1,537.20 "," 3,586.80 ", 550.00 ," 1,650.00 "," 1,936.80 ",38%
Admin,DR 024248,16/08/2021,CEPROTRON 500MG, 3.00 ," 1,750.00 "," 5,250.00 "," 1,575.00 "," 3,675.00 ", 550.00 ," 1,650.00 "," 2,025.00 ",39%
Admin,DR 024248,16/08/2021,HEMOSTAP 500mg, 3.00 ," 2,100.00 "," 6,300.00 "," 1,890.00 "," 4,410.00 ", 420.00 ," 1,260.00 "," 3,150.00 ",50%
Admin,DR MS 00887,09/08/2021,IVERMECTIN15MG DR ZENS, 0.20 ," 2,900.00 ", 580.00 , -   , 580.00 ," 2,700.00 ", 540.00 , 40.00 ,7%
Admin,DR 024245,09/08/2021,CIXTOR-Z 500mg, 2.00 , 461.50 , 923.00 , -   , 923.00 , 210.00 , 420.00 , 503.00 ,54%
Admin,DR 024244,05/08/2021,SOLVAPRINE 10MG, 14.00 , 671.43 ," 9,400.00 ", -   ," 9,400.00 ", 146.80 ," 2,055.20 "," 7,344.80 ",78%
Admin,DR 024244,05/08/2021,MAXXIVIT PLUS, 7.00 , 857.14 ," 6,000.00 ", -   ," 6,000.00 ", 560.00 ," 3,920.00 "," 2,080.00 ",35%
Admin,DR 024244,05/08/2021,XYNETRIX CHEWABLE TABLET, 7.00 , 678.57 ," 4,750.00 ", -   ," 4,750.00 ", 450.00 ," 3,150.00 "," 1,600.00 ",34%
Admin,DR 024244,05/08/2021,FERGLOBIN 250MG, 7.00 , 517.86 ," 3,625.00 ", -   ," 3,625.00 ", 325.00 ," 2,275.00 "," 1,350.00 ",37%
Admin,DR 024244,05/08/2021,LACTAMOX 125MG/31.25MG/5ML, 4.00 ," 2,800.00 "," 11,200.00 "," 3,360.00 "," 7,840.00 ", 93.63 , 374.52 ," 7,465.48 ",67%
Admin,DR 024244,05/08/2021,BENERVA PLUS TAB, 4.00 , 850.00 ," 3,400.00 "," 1,020.00 "," 2,380.00 ", 550.00 ," 2,200.00 ", 180.00 ,5%
Admin,DR 024243,03/08/2021,CIXTOR-Z 500mg, 3.00 , 630.00 ," 1,890.00 ", 567.00 ," 1,323.00 ", 210.00 , 630.00 , 693.00 ,37%
Admin,DR 024243,03/08/2021,VOXOLL 30MG TAB, 1.00 , 756.00 , 756.00 , 226.80 , 529.20 , 168.00 , 168.00 , 361.20 ,48%
Admin,DR 024242,29/07/2021,PHILCLOX 500MG, 0.42 ," 1,500.00 ", 630.00 , 189.00 , 441.00 , 220.00 , 92.40 , 348.60 ,55%
Admin,DR 024242,29/07/2021,ERGON 125MCG, 0.15 ," 1,000.00 ", 150.00 , 45.00 , 105.00 , 133.33 , 20.00 , 85.00 ,57%
Admin,DR 024242,29/07/2021,SAPHLECOX 200MG, 0.14 , 840.00 , 117.60 , 35.28 , 82.32 , 166.00 , 23.24 , 59.08 ,50%
Admin,DR 024242,29/07/2021,FERGLOBIN 250MG, 0.60 , 725.00 , 435.00 , 130.50 , 304.50 , 325.00 , 195.00 , 109.50 ,25%
Admin,DR 024242,29/07/2021,APCELAC 500MG HERBAL FOOD SUPPLEMENT, 0.60 ," 1,310.00 ", 786.00 , 235.80 , 550.20 , 400.00 , 240.00 , 310.20 ,39%
Admin,DR 024241,29/07/2021,XYNETRIX CHEWABLE TABLET, 7.00 , 678.57 ," 4,750.00 ", -   ," 4,750.00 ", 450.00 ," 3,150.00 "," 1,600.00 ",34%
Admin,DR 024241,29/07/2021,MAXXIVIT PLUS, 7.00 , 857.14 ," 6,000.00 ", -   ," 6,000.00 ", 560.00 ," 3,920.00 "," 2,080.00 ",35%
Admin,DR 024241,29/07/2021,FERGLOBIN FA 60MG/400MCG, 7.00 ," 2,240.00 "," 15,680.00 ", -   ," 15,680.00 ", 325.00 ," 2,275.00 "," 13,405.00 ",85%
Admin,DR 024241,29/07/2021,EVENING PRIMEROSE OIL 1000mg, 7.00 , 642.86 ," 4,500.00 ", -   ," 4,500.00 ", 357.00 ," 2,499.00 "," 2,001.00 ",44%
Admin,DR 024239,29/07/2021,RAPID-C PLUS, 7.00 , 375.00 ," 2,625.00 ", -   ," 2,625.00 ", 170.00 ," 1,190.00 "," 1,435.00 ",55%
Admin,DR 024240,29/07/2021,ATORSAPH - 10MG, 3.00 , 150.00 , 450.00 , -   , 450.00 , 25.00 , 75.00 , 375.00 ,83%
Admin,DR 024238,23/07/2021,CEPROTRON 500MG, 1.00 ," 1,750.00 "," 1,750.00 ", 525.00 ," 1,225.00 ", 550.00 , 550.00 , 675.00 ,39%
Admin,DR 024235,23/07/2021,SOLVAPRINE 10MG, 14.00 , 671.43 ," 9,400.00 ", -   ," 9,400.00 ", 146.80 ," 2,055.20 "," 7,344.80 ",78%
Admin,DR 024235,23/07/2021,ERGON 125MCG, 7.00 , 357.14 ," 2,500.00 ", -   ," 2,500.00 ", 133.33 , 933.31 ," 1,566.69 ",63%
Admin,DR 024235,23/07/2021,XYNETRIX CHEWABLE TABLET, 7.00 , 678.57 ," 4,750.00 ", -   ," 4,750.00 ", 450.00 ," 3,150.00 "," 1,600.00 ",34%
Admin,DR 024235,23/07/2021,MAXXIVIT PLUS, 7.00 , 857.14 ," 6,000.00 ", -   ," 6,000.00 ", 560.00 ," 3,920.00 "," 2,080.00 ",35%
Admin,DR 024235,23/07/2021,EVENING PRIMEROSE OIL 1000mg, 7.00 ," 2,240.00 "," 15,680.00 ", -   ," 15,680.00 ", 357.00 ," 2,499.00 "," 13,181.00 ",84%
Admin,DR 024235,23/07/2021,HYCLENS WOUND SPRAY (60ML), 72.00 , 229.32 ," 16,511.04 ", -   ," 16,511.04 ", 114.66 ," 8,255.52 "," 8,255.52 ",50%
Admin,DR 024232,23/07/2021,XYNETRIX CHEWABLE TABLET, 7.00 , 678.57 ," 4,750.00 ", -   ," 4,750.00 ", 450.00 ," 3,150.00 "," 1,600.00 ",34%
Admin,DR 024232,23/07/2021,FOLACID 5MG, 7.00 , 464.29 ," 3,250.00 ", -   ," 3,250.00 ", 196.88 ," 1,378.16 "," 1,871.84 ",58%
Admin,DR 024232,23/07/2021,FERGLOBIN 250MG, 7.00 , 517.86 ," 3,625.00 ", -   ," 3,625.00 ", 325.00 ," 2,275.00 "," 1,350.00 ",37%
Admin,DR 024232,23/07/2021,DOPAMET 250MG TAB, 7.00 , 607.14 ," 4,250.00 ", -   ," 4,250.00 ", 195.00 ," 1,365.00 "," 2,885.00 ",68%
Admin,DR 024232,23/07/2021,ENOCEE 500mg, 7.00 , 214.29 ," 1,500.00 ", -   ," 1,500.00 ", 48.00 , 336.00 ," 1,164.00 ",78%
Admin,DR 024232,23/07/2021,HEMOSTAP 500mg, 2.00 ," 2,100.00 "," 4,200.00 ", 630.00 ," 3,570.00 ", 420.00 , 840.00 ," 2,730.00 ",65%
Admin,DR 024232,23/07/2021,ACCELAC 3.35G/5ML, 10.00 , 655.00 ," 6,550.00 ", -   ," 6,550.00 ", 126.50 ," 1,265.00 "," 5,285.00 ",81%
Admin,DR 024236,23/07/2021,ZETIFEN 125MG/5ML SYR, 24.00 , 43.00 ," 1,032.00 ", -   ," 1,032.00 ", 35.00 , 840.00 , 192.00 ,19%
Admin,DR 024237,23/07/2021,MAXXIVIT PLUS, 7.00 , 857.14 ," 6,000.00 ", -   ," 6,000.00 ", 560.00 ," 3,920.00 "," 2,080.00 ",35%
Admin,DR 024237,23/07/2021,XYNETRIX CHEWABLE TABLET, 7.00 , 678.57 ," 4,750.00 ", -   ," 4,750.00 ", 450.00 ," 3,150.00 "," 1,600.00 ",34%
Admin,DR 024238,23/07/2021,LACTAMOX 500MG/125MG TAB, 3.00 ," 2,800.00 "," 8,400.00 "," 2,520.00 "," 5,880.00 "," 1,047.86 "," 3,143.58 "," 2,736.42 ",33%
Admin,DR 024238,23/07/2021,HEMOSTAP 500mg, 3.00 ," 1,500.00 "," 4,500.00 "," 1,350.00 "," 3,150.00 ", 420.00 ," 1,260.00 "," 1,890.00 ",42%
Admin,DR 024238,23/07/2021,HYCLENS WOUND SPRAY (60ML), 10.00 , 229.30 ," 2,293.00 ", 687.90 ," 1,605.10 ", 114.66 ," 1,146.60 ", 458.50 ,20%
Admin,DR 024238,23/07/2021,BENERVA FORTE CAP, 2.00 ," 1,708.00 "," 3,416.00 "," 1,024.80 "," 2,391.20 ", 525.00 ," 1,050.00 "," 1,341.20 ",39%
Admin,DR 024238,23/07/2021,GLOVES BLUE VINYL/NITRILE BLEND (MEDIUM), 2.00 , 450.00 , 900.00 , 270.00 , 630.00 , 255.00 , 510.00 , 120.00 ,13%
Admin,DR 024234,15/07/2021,PARASAPH 500MG, 5.00 , 61.50 , 307.50 , -   , 307.50 , 42.00 , 210.00 , 97.50 ,32%
Admin,DR 024230,12/07/2021,TRIVASC 35MG MR, 3.00 , 588.00 ," 1,764.00 ", -   ," 1,764.00 ", 437.50 ," 1,312.50 ", 451.50 ,26%
Admin,DR 024230,12/07/2021,GIAN ZINC 120ML SYR, 6.00 , 120.00 , 720.00 , -   , 720.00 , 85.00 , 510.00 , 210.00 ,29%
Admin,DR 024230,12/07/2021,"MICROPORE 1/2"" 1530-0 - 3M", 2.00 , 540.00 ," 1,080.00 ", -   ," 1,080.00 ", 380.00 , 760.00 , 320.00 ,30%
Admin,DR 024233,12/07/2021,ZETIFEN 125MG/5ML SYR, 20.00 , 43.00 , 860.00 , -   , 860.00 , 35.00 , 700.00 , 160.00 ,19%
Admin,DR 024231,12/07/2021,CIXTOR-Z 500mg, 5.00 , 315.00 ," 1,575.00 ", -   ," 1,575.00 ", 210.00 ," 1,050.00 ", 525.00 ,33%
Admin,DR 024231,12/07/2021,PREGNANCY TEST - PARTNERS, 1.00 ," 2,000.00 "," 2,000.00 ", -   ," 2,000.00 "," 1,040.00 "," 1,040.00 ", 960.00 ,48%
Admin,DR 024227,01/07/2021,MAXXIVIT PLUS, 7.00 , 857.14 ," 6,000.00 ", -   ," 6,000.00 ", 560.00 ," 3,920.00 "," 2,080.00 ",35%
Admin,DR 024227,01/07/2021,XYNETRIX CHEWABLE TABLET, 7.00 , 678.57 ," 4,750.00 ", -   ," 4,750.00 ", 450.00 ," 3,150.00 "," 1,600.00 ",34%
Admin,DR 024227,01/07/2021,SOLVAPRINE 10MG, 14.00 , 671.43 ," 9,400.00 ", -   ," 9,400.00 ", 146.80 ," 2,055.20 "," 7,344.80 ",78%
Admin,DR 024228,01/07/2021,FERGLOBIN 250MG, 7.00 , 517.86 ," 3,625.00 ", -   ," 3,625.00 ", 325.00 ," 2,275.00 "," 1,350.00 ",37%
Admin,DR 024228,01/07/2021,ZELEX 200MG, 7.00 ," 2,000.00 "," 14,000.00 ", -   ," 14,000.00 ", 750.00 ," 5,250.00 "," 8,750.00 ",63%
Admin,DR 024228,01/07/2021,ENOCEE 500mg, 14.00 , 214.29 ," 3,000.00 ", -   ," 3,000.00 ", 48.00 , 672.00 ," 2,328.00 ",78%
Admin,DR 024228,01/07/2021,APCELAC 500MG HERBAL FOOD SUPPLEMENT, 10.00 , 655.00 ," 6,550.00 ", -   ," 6,550.00 ", 400.00 ," 4,000.00 "," 2,550.00 ",39%
Admin,DR 024229,01/07/2021,XYNETRIX CHEWABLE TABLET, 7.00 , 678.57 ," 4,750.00 ", -   ," 4,750.00 ", 450.00 ," 3,150.00 "," 1,600.00 ",34%
Admin,DR 024229,01/07/2021,MAXXIVIT PLUS, 7.00 , 857.14 ," 6,000.00 ", -   ," 6,000.00 ", 560.00 ," 3,920.00 "," 2,080.00 ",35%
Admin,DR 024229,01/07/2021,ZELEX 200MG, 7.00 ," 2,000.00 "," 14,000.00 ", -   ," 14,000.00 ", 750.00 ," 5,250.00 "," 8,750.00 ",63%
Admin,DR 024229,01/07/2021,APCEE 100/5ml 60ml, 5.00 , 655.00 ," 3,275.00 ", -   ," 3,275.00 ", 14.00 , 70.00 ," 3,205.00 ",98%
Admin,DR 024226,25/06/2021,MAXXIVIT PLUS, 7.00 , 857.14 ," 6,000.00 ", -   ," 6,000.00 ", 560.00 ," 3,920.00 "," 2,080.00 ",35%
Admin,DR 024226,25/06/2021,XYNETRIX CHEWABLE TABLET, 7.00 , 678.57 ," 4,750.00 ", -   ," 4,750.00 ", 450.00 ," 3,150.00 "," 1,600.00 ",34%
Admin,DR 024226,25/06/2021,SOLVAPRINE 10MG, 7.00 , 607.14 ," 4,250.00 ", -   ," 4,250.00 ", 146.80 ," 1,027.60 "," 3,222.40 ",76%
Admin,DR 024226,25/06/2021,CIXTOR-Z 500mg, 7.00 , 450.00 ," 3,150.00 ", -   ," 3,150.00 ", 210.00 ," 1,470.00 "," 1,680.00 ",53%
Admin,DR 024226,25/06/2021,EVENING PRIMEROSE OIL 1000mg, 7.00 , 714.29 ," 5,000.00 ", -   ," 5,000.00 ", 357.00 ," 2,499.00 "," 2,501.00 ",50%
Admin,DR 024226,25/06/2021,GLOVES (M), 3.00 , 450.00 ," 1,350.00 ", -   ," 1,350.00 ", 600.00 ," 1,800.00 ", (450.00),-33%
Admin,DR 024223,14/06/2021,BENERVA PLUS TAB, 3.00 ," 1,708.00 "," 5,124.00 "," 1,537.00 "," 3,587.00 ", 550.00 ," 1,650.00 "," 1,937.00 ",38%
Admin,DR 024222,14/06/2021,MAXXIVIT PLUS, 7.00 , 857.14 ," 6,000.00 ", -   ," 6,000.00 ", 560.00 ," 3,920.00 "," 2,080.00 ",35%
Admin,DR 024222,14/06/2021,XYNETRIX CHEWABLE TABLET, 7.00 , 678.57 ," 4,750.00 ", -   ," 4,750.00 ", 450.00 ," 3,150.00 "," 1,600.00 ",34%
Admin,DR 024222,14/06/2021,DUOTRAM 325MG/37.5MG, 7.00 ," 1,414.29 "," 9,900.00 ", -   ," 9,900.00 ", 520.00 ," 3,640.00 "," 6,260.00 ",63%
Admin,DR 024222,14/06/2021,FOLACID 5MG, 7.00 , 517.86 ," 3,625.00 ", -   ," 3,625.00 ", 196.88 ," 1,378.16 "," 2,246.84 ",62%
Admin,DR 024222,14/06/2021,ERGON 125MCG, 7.00 , 714.29 ," 5,000.00 ", -   ," 5,000.00 ", 133.33 , 933.31 ," 4,066.69 ",81%
Admin,DR 024222,14/06/2021,ENCLOXIL 500MG, 7.00 ," 1,071.43 "," 7,500.00 ", -   ," 7,500.00 ", 780.00 ," 5,460.00 "," 2,040.00 ",27%
Admin,DR 024224,14/06/2021,FACE MASK, 2.00 , 80.00 , 160.00 , -   , 160.00 , 50.00 , 100.00 , 60.00 ,38%
Admin,DR 024224,14/06/2021,ALCOHOL - ALCOPLUS ETHYL ALCOHOL, 4.00 , 95.00 , 380.00 , -   , 380.00 , 95.00 , 380.00 , -   ,0%
Admin,DR 024225,14/06/2021,ENCLOXIL 500MG, 7.00 ," 1,071.43 "," 7,500.00 ", -   ," 7,500.00 ", 780.00 ," 5,460.00 "," 2,040.00 ",27%
Admin,DR 024225,14/06/2021,FERGLOBIN 250MG, 7.00 , 517.86 ," 3,625.00 ", -   ," 3,625.00 ", 325.00 ," 2,275.00 "," 1,350.00 ",37%
Admin,DR 024225,14/06/2021,MAXXIVIT PLUS, 7.00 , 857.14 ," 6,000.00 ", -   ," 6,000.00 ", 560.00 ," 3,920.00 "," 2,080.00 ",35%
Admin,DR 024225,14/06/2021,XYNETRIX CHEWABLE TABLET, 7.00 , 678.57 ," 4,750.00 ", -   ," 4,750.00 ", 450.00 ," 3,150.00 "," 1,600.00 ",34%
Admin,DR 024225,14/06/2021,SOLVAPRINE 10MG, 14.00 , 671.43 ," 9,400.00 ", -   ," 9,400.00 ", 146.80 ," 2,055.20 "," 7,344.80 ",78%
Admin,DR 024225,14/06/2021,APCELAC 500MG HERBAL FOOD SUPPLEMENT, 10.00 , 655.00 ," 6,550.00 ", -   ," 6,550.00 ", 400.00 ," 4,000.00 "," 2,550.00 ",39%
Admin,DR 024225,14/06/2021,ALVICA INTENSE SPRAY 70ML, 5.00 , 470.00 ," 2,350.00 ", -   ," 2,350.00 ", 235.00 ," 1,175.00 "," 1,175.00 ",50%
Admin,DR MS 00820,14/06/2021,IVERMECTIN15MG DR ZENS, 0.30 ," 2,700.00 ", 810.00 , -   , 810.00 ," 2,700.00 ", 810.00 , -   ,0%
Admin,DR MS 00800,14/06/2021,IVERMECTIN15MG DR ZENS, 1.00 ," 2,700.00 "," 2,700.00 ", -   ," 2,700.00 "," 2,700.00 "," 2,700.00 ", -   ,0%
Admin,DR MS 00799,14/06/2021,IVERMECTIN15MG DR ZENS, 4.00 ," 2,700.00 "," 10,800.00 ", -   ," 10,800.00 "," 2,700.00 "," 10,800.00 ", -   ,0%
Admin,DR 024221,07/06/2021,MINERAL WATER ABSOLUTE 8L, 10.00 , 67.50 , 675.00 , -   , 675.00 , 67.50 , 675.00 , -   ,0%
Admin,DR 024220,01/06/2021,HYCLENS GARGLE (120ML), 6.00 , 100.00 , 600.00 , -   , 600.00 , 88.00 , 528.00 , 72.00 ,12%
Admin,DR 024220,01/06/2021,HYCLENS GARGLE (60ML), 6.00 , 75.00 , 450.00 , -   , 450.00 , 65.00 , 390.00 , 60.00 ,13%
Admin,DR 024220,01/06/2021,HYCLENS WOUND SPRAY (60ML), 3.00 , 289.18 , 867.54 , -   , 867.54 , 114.66 , 343.98 , 523.56 ,60%
Admin,DR 024220,01/06/2021,APTRADOL 50MG, 1.00 , 390.00 , 390.00 , -   , 390.00 , 345.00 , 345.00 , 45.00 ,12%
Admin,DR 024220,01/06/2021,CINNABLOC 25MG, 2.00 , 160.00 , 320.00 , -   , 320.00 , 133.00 , 266.00 , 54.00 ,17%
Admin,DR 024219,01/06/2021,MAXXIVIT PLUS, 7.00 , 857.14 ," 6,000.00 ", -   ," 6,000.00 ", 560.00 ," 3,920.00 "," 2,080.00 ",35%
Admin,DR 024219,01/06/2021,XYNETRIX CHEWABLE TABLET, 7.00 , 678.57 ," 4,750.00 ", -   ," 4,750.00 ", 450.00 ," 3,150.00 "," 1,600.00 ",34%
Admin,DR 024219,01/06/2021,ENOCEE 500mg, 7.00 , 214.29 ," 1,500.00 ", -   ," 1,500.00 ", 48.00 , 336.00 ," 1,164.00 ",78%
Admin,DR MS 00810,01/06/2021,IVERMECTIN15MG DR ZENS, 1.00 ," 2,700.00 "," 2,700.00 ", -   ," 2,700.00 "," 2,700.00 "," 2,700.00 ", -   ,0%
Admin,DR 024217,31/05/2021,HYCLENS WOUND SPRAY (60ML), 30.00 , 229.32 ," 6,879.60 ", -   ," 6,879.60 ", 114.66 ," 3,439.80 "," 3,439.80 ",50%
Admin,DR MS 00802,31/05/2021,IVERMECTIN15MG DR ZENS, 3.00 ," 2,700.00 "," 8,100.00 ", -   ," 8,100.00 "," 2,700.00 "," 8,100.00 ", -   ,0%
Admin,DR MS 00804,31/05/2021,IVERMECTIN15MG DR ZENS, 1.00 ," 2,700.00 "," 2,700.00 ", -   ," 2,700.00 "," 2,700.00 "," 2,700.00 ", -   ,0%
Admin,DR 024216,26/05/2021,MAXXIVIT PLUS, 7.00 , 857.14 ," 6,000.00 ", -   ," 6,000.00 ", 560.00 ," 3,920.00 "," 2,080.00 ",35%
Admin,DR 024216,26/05/2021,XYNETRIX CHEWABLE TABLET, 7.00 , 678.57 ," 4,750.00 ", -   ," 4,750.00 ", 450.00 ," 3,150.00 "," 1,600.00 ",34%
Admin,DR 024216,26/05/2021,RUCEF, 7.00 ," 2,485.71 "," 17,400.00 ", -   ," 17,400.00 "," 1,160.00 "," 8,120.00 "," 9,280.00 ",53%
Admin,DR 024216,26/05/2021,APCELAC 500MG HERBAL FOOD SUPPLEMENT, 10.00 , 655.00 ," 6,550.00 ", -   ," 6,550.00 ", 400.00 ," 4,000.00 "," 2,550.00 ",39%
Admin,DR 024216,26/05/2021,ENOCEE 500mg, 14.00 , 214.29 ," 3,000.00 ", -   ," 3,000.00 ", 48.00 , 672.00 ," 2,328.00 ",78%
Admin,DR 024215,24/05/2021,SOLVAPRINE 10MG, 14.00 , 671.43 ," 9,400.00 ", -   ," 9,400.00 ", 146.80 ," 2,055.20 "," 7,344.80 ",78%
Admin,DR 024215,24/05/2021,XYNETRIX CHEWABLE TABLET, 7.00 , 678.57 ," 4,750.00 ", -   ," 4,750.00 ", 450.00 ," 3,150.00 "," 1,600.00 ",34%
Admin,DR 024215,24/05/2021,ERGON 125MCG, 7.00 , 714.29 ," 5,000.00 ", -   ," 5,000.00 ", 133.33 , 933.31 ," 4,066.69 ",81%
Admin,DR 024212,17/05/2021,MAXXIVIT PLUS, 7.00 , 857.14 ," 6,000.00 ", -   ," 6,000.00 ", 560.00 ," 3,920.00 "," 2,080.00 ",35%
Admin,DR 024212,17/05/2021,XYNETRIX CHEWABLE TABLET, 7.00 , 678.57 ," 4,750.00 ", -   ," 4,750.00 ", 450.00 ," 3,150.00 "," 1,600.00 ",34%
Admin,DR 024212,17/05/2021,SOLVAPRINE 10MG, 7.00 , 607.14 ," 4,250.00 ", -   ," 4,250.00 ", 146.80 ," 1,027.60 "," 3,222.40 ",76%
Admin,DR 024212,17/05/2021,APCELAC 500MG HERBAL FOOD SUPPLEMENT, 10.00 , 655.00 ," 6,550.00 ", -   ," 6,550.00 ", 400.00 ," 4,000.00 "," 2,550.00 ",39%
Admin,DR 024211,17/05/2021,INTRAPLEM 500MG, 1.00 , 560.00 , 560.00 , -   , 560.00 , 280.00 , 280.00 , 280.00 ,50%
Admin,DR 024211,17/05/2021,VOXOLL 15MG/5ML SYR, 6.00 , 46.00 , 276.00 , -   , 276.00 , 23.00 , 138.00 , 138.00 ,50%
Admin,DR 024211,17/05/2021,XYNETRIX CHEWABLE TABLET, 1.00 , 900.00 , 900.00 , -   , 900.00 , 450.00 , 450.00 , 450.00 ,50%
Admin,DR 024211,17/05/2021,DISPOSABLE SYRINGE 3CC - TERUMO, 1.00 , 600.00 , 600.00 , -   , 600.00 , 500.00 , 500.00 , 100.00 ,17%
Admin,DR 024211,17/05/2021,"MICROPORE 1"" - 1530-1 - 3M", 2.00 , 760.00 ," 1,520.00 ", -   ," 1,520.00 ", 380.00 , 760.00 , 760.00 ,50%
Admin,DR 024211,17/05/2021,LOSAAR 100mg, 2.00 , 420.00 , 840.00 , -   , 840.00 , 250.00 , 500.00 , 340.00 ,40%
Admin,DR 024211,17/05/2021,ARTAL-H 50MG/12.5MG, 1.00 , 334.00 , 334.00 , -   , 334.00 , 151.82 , 151.82 , 182.18 ,55%
Admin,DR 024211,17/05/2021,COMOX 625MG, 5.00 , 340.00 ," 1,700.00 ", -   ," 1,700.00 "," 1,173.60 "," 5,868.00 "," (4,168.00)",-245%
Admin,DR 024211,17/05/2021,ZETIFEN 125MG/5ML SYR, 12.00 , 70.00 , 840.00 , -   , 840.00 , 35.00 , 420.00 , 420.00 ,50%
Admin,DR 024211,17/05/2021,GAUZE PAD 4X4 PROHEALTH CARE, 1.00 , 500.00 , 500.00 , -   , 500.00 , 250.00 , 250.00 , 250.00 ,50%
Admin,DR 024213,17/05/2021,CIXTOR-Z 500mg, 14.00 , 450.00 ," 6,300.00 ", -   ," 6,300.00 ", 210.00 ," 2,940.00 "," 3,360.00 ",53%
Admin,DR 024213,17/05/2021,FERGLOBIN FA 60MG/400MCG, 14.00 , 678.57 ," 9,500.00 ", -   ," 9,500.00 ", 325.00 ," 4,550.00 "," 4,950.00 ",52%
Admin,DR 024213,17/05/2021,MAXXIVIT PLUS, 7.00 , 857.14 ," 6,000.00 ", -   ," 6,000.00 ", 560.00 ," 3,920.00 "," 2,080.00 ",35%
Admin,DR 024213,17/05/2021,CLOXANE 500MG CAP, 7.00 ," 1,071.43 "," 7,500.00 ", -   ," 7,500.00 ", 224.25 ," 1,569.75 "," 5,930.25 ",79%
Admin,DR 024214,17/05/2021,LACTAMOX 500MG/125MG TAB, 3.00 ," 2,800.00 "," 8,400.00 "," 2,520.00 "," 5,880.00 "," 1,047.86 "," 3,143.58 "," 2,736.42 ",33%
Admin,DR 024214,17/05/2021,HEMOCLOT, 3.00 ," 2,100.00 "," 6,300.00 "," 1,890.00 "," 4,410.00 "," 1,175.00 "," 3,525.00 ", 885.00 ,14%
Admin,DR 024214,17/05/2021,BENERVA PLUS TAB, 3.00 ," 1,708.00 "," 5,124.00 "," 1,537.20 "," 3,586.80 ", 550.00 ," 1,650.00 "," 1,936.80 ",38%
Admin,DR 024214,17/05/2021,CEPROTRON 500MG, 3.00 ," 1,750.00 "," 5,250.00 "," 1,575.00 "," 3,675.00 ", 550.00 ," 1,650.00 "," 2,025.00 ",39%
Admin,DR 024208,30/04/2021,MAXXIVIT PLUS, 7.00 , 857.14 ," 6,000.00 ", -   ," 6,000.00 ", 560.00 ," 3,920.00 "," 2,080.00 ",35%
Admin,DR 024208,30/04/2021,XYNETRIX CHEWABLE TABLET, 7.00 , 678.57 ," 4,750.00 ", -   ," 4,750.00 ", 450.00 ," 3,150.00 "," 1,600.00 ",34%
Admin,DR 024208,30/04/2021,CIXTOR-Z 500mg, 14.00 , 450.00 ," 6,300.00 ", -   ," 6,300.00 ", 210.00 ," 2,940.00 "," 3,360.00 ",53%
Admin,DR 024209,30/04/2021,MAXXIVIT PLUS, 7.00 , 857.14 ," 6,000.00 ", -   ," 6,000.00 ", 560.00 ," 3,920.00 "," 2,080.00 ",35%
Admin,DR 024209,30/04/2021,XYNETRIX CHEWABLE TABLET, 7.00 , 678.57 ," 4,750.00 ", -   ," 4,750.00 ", 450.00 ," 3,150.00 "," 1,600.00 ",34%
Admin,DR 024209,30/04/2021,FERGLOBIN 250MG, 7.00 , 517.86 ," 3,625.00 ", -   ," 3,625.00 ", 325.00 ," 2,275.00 "," 1,350.00 ",37%
Admin,DR 024209,30/04/2021,DOPAMET 250MG TAB, 7.00 , 607.14 ," 4,250.00 ", -   ," 4,250.00 ", 195.00 ," 1,365.00 "," 2,885.00 ",68%
Admin,DR 024209,30/04/2021,CIXTOR-Z 500mg, 7.00 , 450.00 ," 3,150.00 ", -   ," 3,150.00 ", 210.00 ," 1,470.00 "," 1,680.00 ",53%
Admin,DR 024209,30/04/2021,CLOXANE 500MG CAP, 7.00 ," 1,071.43 "," 7,500.00 ", -   ," 7,500.00 ", 224.25 ," 1,569.75 "," 5,930.25 ",79%
Admin,DR 024210,30/04/2021,MAXXIVIT PLUS, 7.00 , 857.14 ," 6,000.00 ", -   ," 6,000.00 ", 560.00 ," 3,920.00 "," 2,080.00 ",35%
Admin,DR 024210,30/04/2021,XYNETRIX CHEWABLE TABLET, 7.00 , 678.57 ," 4,750.00 ", -   ," 4,750.00 ", 450.00 ," 3,150.00 "," 1,600.00 ",34%
Admin,DR 024210,30/04/2021,SOLVAPRINE 10MG, 7.00 , 607.14 ," 4,250.00 ", -   ," 4,250.00 ", 146.80 ," 1,027.60 "," 3,222.40 ",76%
Admin,DR 024210,30/04/2021,"MICROPORE 1"" - 1530-1 - 3M", 1.00 ," 1,080.00 "," 1,080.00 ", -   ," 1,080.00 ", 380.00 , 380.00 , 700.00 ,65%
Admin,DR 024207,20/04/2021,MAXXIVIT PLUS, 7.00 , 857.14 ," 6,000.00 ", -   ," 6,000.00 ", 560.00 ," 3,920.00 "," 2,080.00 ",35%
Admin,DR 024207,20/04/2021,FOLACID 5MG, 7.00 , 517.86 ," 3,625.00 ", -   ," 3,625.00 ", 196.88 ," 1,378.16 "," 2,246.84 ",62%
Admin,DR 024207,20/04/2021,XYNETRIX CHEWABLE TABLET, 7.00 , 678.57 ," 4,750.00 ", -   ," 4,750.00 ", 450.00 ," 3,150.00 "," 1,600.00 ",34%
Admin,DR 024207,20/04/2021,ENOCEE 500mg, 7.00 , 214.29 ," 1,500.00 ", -   ," 1,500.00 ", 48.00 , 336.00 ," 1,164.00 ",78%
Admin,DR MS 00773,20/04/2021,FACE MASK, 2.00 , 80.00 , 160.00 , -   , 160.00 , 50.00 , 100.00 , 60.00 ,38%
Admin,DR MS 00779,20/04/2021,VAXIGRIP TETRA INFLUENZA VACCINE, 8.00 , 950.00 ," 7,600.00 ", -   ," 7,600.00 ", 700.00 ," 5,600.00 "," 2,000.00 ",26%
Admin,DR 024206,17/04/2021,MAXXIVIT PLUS, 7.00 , 857.14 ," 6,000.00 ", -   ," 6,000.00 ", 560.00 ," 3,920.00 "," 2,080.00 ",35%
Admin,DR 024206,17/04/2021,FOLACID 5MG, 7.00 , 517.86 ," 3,625.00 ", -   ," 3,625.00 ", 196.88 ," 1,378.16 "," 2,246.84 ",62%
Admin,DR 024206,17/04/2021,SOLVAPRINE 10MG, 14.00 , 671.43 ," 9,400.00 ", -   ," 9,400.00 ", 146.80 ," 2,055.20 "," 7,344.80 ",78%
Admin,DR 024206,17/04/2021,XYNETRIX CHEWABLE TABLET, 7.00 , 678.57 ," 4,750.00 ", -   ," 4,750.00 ", 450.00 ," 3,150.00 "," 1,600.00 ",34%
Admin,DR 024206,17/04/2021,RUCEF, 14.00 ," 2,485.71 "," 34,800.00 ", -   ," 34,800.00 "," 1,160.00 "," 16,240.00 "," 18,560.00 ",53%
Admin,DR 024206,17/04/2021,ENOCEE 500mg, 14.00 , 214.29 ," 3,000.00 ", -   ," 3,000.00 ", 48.00 , 672.00 ," 2,328.00 ",78%
Admin,DR 024204,16/04/2021,LACTAMOX 500MG/125MG TAB, 7.00 ," 2,000.00 "," 14,000.00 ", -   ," 14,000.00 "," 1,047.86 "," 7,335.02 "," 6,664.98 ",48%
Admin,DR 024203,10/04/2021,MAXXIVIT PLUS, 7.00 , 857.14 ," 6,000.00 ", -   ," 6,000.00 ", 560.00 ," 3,920.00 "," 2,080.00 ",35%
Admin,DR 024203,10/04/2021,NITROFURANTOIN 100MG, 7.00 , 714.29 ," 5,000.00 ", -   ," 5,000.00 ", 10.12 , 70.84 ," 4,929.16 ",99%
Admin,DR 024203,10/04/2021,AFENAX 100MG, 7.00 ," 1,357.14 "," 9,500.00 ", -   ," 9,500.00 ", 595.00 ," 4,165.00 "," 5,335.00 ",56%
Admin,DR 024203,10/04/2021,FERGLOBIN 250MG, 7.00 , 517.86 ," 3,625.00 ", -   ," 3,625.00 ", 325.00 ," 2,275.00 "," 1,350.00 ",37%
Admin,DR 024203,10/04/2021,EVENING PRIMEROSE OIL 1000mg, 7.00 ," 1,000.00 "," 7,000.00 ", -   ," 7,000.00 ", 357.00 ," 2,499.00 "," 4,501.00 ",64%
Admin,DR 024203,10/04/2021,SOLVAPRINE 10MG, 7.00 , 479.59 ," 3,357.15 ", -   ," 3,357.15 ", 146.80 ," 1,027.60 "," 2,329.55 ",69%
Admin,DR 024203,10/04/2021,CIXTOR-Z 500mg, 5.00 , 630.00 ," 3,150.00 ", -   ," 3,150.00 ", 210.00 ," 1,050.00 "," 2,100.00 ",67%
Admin,DR MS 00768,07/04/2021,FACE MASK, 2.00 , 80.00 , 160.00 , -   , 160.00 , 50.00 , 100.00 , 60.00 ,38%
Admin,24201,29/03/2021,FOLACID 5MG, 7.00 , 464.29 ," 3,250.00 ", -   ," 3,250.00 ", 196.88 ," 1,378.16 "," 1,871.84 ",58%
Admin,24201,29/03/2021,XYNETRIX CHEWABLE TABLET, 7.00 , 678.57 ," 4,750.00 ", -   ," 4,750.00 ", 450.00 ," 3,150.00 "," 1,600.00 ",34%
Admin,24201,29/03/2021,ENOCEE 500mg, 7.00 , 214.29 ," 1,500.00 ", -   ," 1,500.00 ", 48.00 , 336.00 ," 1,164.00 ",78%
Admin,24201,29/03/2021,AFENAX 100MG, 7.00 ," 1,357.14 "," 9,500.00 ", -   ," 9,500.00 ", 595.00 ," 4,165.00 "," 5,335.00 ",56%
Admin,22450,25/03/2021,MAXXIVIT PLUS, 7.00 , 857.14 ," 6,000.00 ", -   ," 6,000.00 ", 560.00 ," 3,920.00 "," 2,080.00 ",35%
Admin,22450,25/03/2021,XYNETRIX CHEWABLE TABLET, 7.00 , 678.57 ," 4,750.00 ", -   ," 4,750.00 ", 450.00 ," 3,150.00 "," 1,600.00 ",34%
Admin,22450,25/03/2021,SOLVAPRINE 10MG, 7.00 , 671.43 ," 4,700.00 ", -   ," 4,700.00 ", 146.80 ," 1,027.60 "," 3,672.40 ",78%
Admin,22450,25/03/2021,FERGLOBIN 250MG, 7.00 , 517.86 ," 3,625.00 ", -   ," 3,625.00 ", 325.00 ," 2,275.00 "," 1,350.00 ",37%
Admin,22448,22/03/2021,XYNETRIX CHEWABLE TABLET, 7.00 , 678.57 ," 4,750.00 ", -   ," 4,750.00 ", 450.00 ," 3,150.00 "," 1,600.00 ",34%
Admin,22448,22/03/2021,SOLVAPRINE 10MG, 7.00 , 671.43 ," 4,700.00 ", -   ," 4,700.00 ", 146.80 ," 1,027.60 "," 3,672.40 ",78%
Admin,22448,22/03/2021,MAXXIVIT PLUS, 7.00 , 857.14 ," 6,000.00 ", -   ," 6,000.00 ", 560.00 ," 3,920.00 "," 2,080.00 ",35%
Admin,22448,22/03/2021,EROXIME 500MG, 14.00 , 678.57 ," 9,500.00 ", -   ," 9,500.00 ", 115.00 ," 1,610.00 "," 7,890.00 ",83%
Admin,22449,22/03/2021,ANEROCIN 300MG, 3.00 ," 3,800.00 "," 11,400.00 ", -   ," 11,400.00 ", 979.00 ," 2,937.00 "," 8,463.00 ",74%
Admin,22446,15/03/2021,HYCLENS WOUND SPRAY (60ML), 72.00 , 229.32 ," 16,511.04 ", -   ," 16,511.04 ", 114.66 ," 8,255.52 "," 8,255.52 ",50%
Admin,22447,15/03/2021,MAXXIVIT PLUS, 7.00 , 857.14 ," 6,000.00 ", -   ," 6,000.00 ", 560.00 ," 3,920.00 "," 2,080.00 ",35%
Admin,22447,15/03/2021,XYNETRIX CHEWABLE TABLET, 7.00 , 678.57 ," 4,750.00 ", -   ," 4,750.00 ", 450.00 ," 3,150.00 "," 1,600.00 ",34%
Admin,22447,15/03/2021,FOLACID 5MG, 7.00 , 464.29 ," 3,250.00 ", -   ," 3,250.00 ", 196.88 ," 1,378.16 "," 1,871.84 ",58%
Admin,22442,15/03/2021,BENERVA PLUS TAB, 7.00 ," 1,220.00 "," 8,540.00 ", -   ," 8,540.00 ", 550.00 ," 3,850.00 "," 4,690.00 ",55%
Admin,22442,15/03/2021,MAXXIVIT PLUS, 7.00 , 857.14 ," 6,000.00 ", -   ," 6,000.00 ", 560.00 ," 3,920.00 "," 2,080.00 ",35%
Admin,22442,15/03/2021,MULTI GROW OB PLUS, 7.00 , 803.57 ," 5,625.00 ", -   ," 5,625.00 ", 525.00 ," 3,675.00 "," 1,950.00 ",35%
Admin,22442,15/03/2021,XYNETRIX CHEWABLE TABLET, 14.00 , 678.57 ," 9,500.00 ", -   ," 9,500.00 ", 450.00 ," 6,300.00 "," 3,200.00 ",34%
Admin,22444,15/03/2021,CEFUSAPH, 6.00 , 600.00 ," 3,600.00 ", 720.00 ," 2,880.00 ", 112.00 , 672.00 ," 2,208.00 ",61%
Admin,22443,15/03/2021,FERGLOBIN 250MG, 7.00 , 517.86 ," 3,625.00 ", -   ," 3,625.00 ", 325.00 ," 2,275.00 "," 1,350.00 ",37%
Admin,22443,15/03/2021,ENCLOXIL 500MG, 7.00 ," 1,071.43 "," 7,500.00 ", -   ," 7,500.00 ", 780.00 ," 5,460.00 "," 2,040.00 ",27%
Admin,22443,15/03/2021,SOLVAPRINE 10MG, 14.00 , 671.43 ," 9,400.00 ", -   ," 9,400.00 ", 146.80 ," 2,055.20 "," 7,344.80 ",78%
Admin,22443,15/03/2021,ZELEX 200MG, 7.00 ," 2,000.00 "," 14,000.00 ", -   ," 14,000.00 ", 750.00 ," 5,250.00 "," 8,750.00 ",63%
Admin,22441,15/03/2021,SOLVAPRINE 10MG, 14.00 , 671.43 ," 9,400.00 ", -   ," 9,400.00 ", 146.80 ," 2,055.20 "," 7,344.80 ",78%
Admin,MS00744,15/03/2021,FACE MASK EARLOOP - NOT THIS, 1.00 , 80.00 , 80.00 , -   , 80.00 , 100.00 , 100.00 , (20.00),-25%
Admin,22445,15/03/2021,FERGLOBIN 250MG, 2.00 , 487.50 , 975.00 , -   , 975.00 , 325.00 , 650.00 , 325.00 ,33%
Admin,22445,15/03/2021,INHIBITA 40MG, 2.00 , 180.00 , 360.00 , -   , 360.00 , 90.00 , 180.00 , 180.00 ,50%
Admin,22445,15/03/2021,MEDRIZINE 2.5MG/ML Drops, 5.00 , 56.00 , 280.00 , -   , 280.00 , 28.00 , 140.00 , 140.00 ,50%
Admin,22445,15/03/2021,"MICROPORE 1/2"" 1530-0 - 3M", 2.00 , 570.00 ," 1,140.00 ", -   ," 1,140.00 ", 380.00 , 760.00 , 380.00 ,33%
Admin,22439,26/02/2021,MAXXIVIT PLUS, 7.00 , 857.14 ," 6,000.00 ", -   ," 6,000.00 ", 560.00 ," 3,920.00 "," 2,080.00 ",35%
Admin,22439,26/02/2021,XYNETRIX CHEWABLE TABLET, 7.00 , 678.57 ," 4,750.00 ", -   ," 4,750.00 ", 450.00 ," 3,150.00 "," 1,600.00 ",34%
Admin,22439,26/02/2021,ENOCEE 500mg, 7.00 , 214.29 ," 1,500.00 ", -   ," 1,500.00 ", 48.00 , 336.00 ," 1,164.00 ",78%
Admin,22440,26/02/2021,SOLVAPRINE 10MG, 2.00 , 940.00 ," 1,880.00 ", 564.00 ," 1,316.00 ", 146.80 , 293.60 ," 1,022.40 ",54%
Admin,22438,20/02/2021,MAXXIVIT PLUS, 7.00 , 857.14 ," 6,000.00 ", -   ," 6,000.00 ", 560.00 ," 3,920.00 "," 2,080.00 ",35%
Admin,22438,20/02/2021,FERGLOBIN 250MG, 7.00 , 517.86 ," 3,625.00 ", -   ," 3,625.00 ", 325.00 ," 2,275.00 "," 1,350.00 ",37%
Admin,22438,20/02/2021,FOLACID 5MG, 7.00 , 464.29 ," 3,250.00 ", -   ," 3,250.00 ", 196.88 ," 1,378.16 "," 1,871.84 ",58%
Admin,22438,20/02/2021,DOPAMET 250MG TAB, 7.00 , 607.14 ," 4,250.00 ", -   ," 4,250.00 ", 195.00 ," 1,365.00 "," 2,885.00 ",68%
Admin,22435,13/02/2021,MAXXIVIT PLUS, 2.00 , 840.00 ," 1,680.00 ", -   ," 1,680.00 ", 560.00 ," 1,120.00 ", 560.00 ,33%
Admin,22435,13/02/2021,INHIBITA 40MG, 3.00 , 177.20 , 531.60 , -   , 531.60 , 90.00 , 270.00 , 261.60 ,49%
Admin,22435,13/02/2021,REAX 5mg Syrup, 6.00 , 54.00 , 324.00 , -   , 324.00 , 27.00 , 162.00 , 162.00 ,50%
Admin,22435,13/02/2021,SAPHZINE 10MG, 10.00 , 90.00 , 900.00 , -   , 900.00 , 42.00 , 420.00 , 480.00 ,53%
Admin,22437,13/02/2021,XYNETRIX CHEWABLE TABLET, 7.00 , 678.57 ," 4,750.00 ", -   ," 4,750.00 ", 450.00 ," 3,150.00 "," 1,600.00 ",34%
Admin,22437,13/02/2021,AFENAX 100MG, 7.00 ," 1,357.14 "," 9,500.00 ", -   ," 9,500.00 ", 595.00 ," 4,165.00 "," 5,335.00 ",56%
Admin,22434,13/02/2021,CEPROTRON 500MG, 7.00 ," 1,250.00 "," 8,750.00 ", -   ," 8,750.00 ", 550.00 ," 3,850.00 "," 4,900.00 ",56%
Admin,22436,13/02/2021,MAXXIVIT PLUS, 7.00 , 857.14 ," 6,000.00 ", -   ," 6,000.00 ", 560.00 ," 3,920.00 "," 2,080.00 ",35%
Admin,22436,13/02/2021,HEMOSTAP 500mg, 7.00 ," 1,500.00 "," 10,500.00 ", -   ," 10,500.00 ", 420.00 ," 2,940.00 "," 7,560.00 ",72%
Admin,22436,13/02/2021,XYNETRIX CHEWABLE TABLET, 7.00 , 678.57 ," 4,750.00 ", -   ," 4,750.00 ", 450.00 ," 3,150.00 "," 1,600.00 ",34%
Admin,22436,13/02/2021,SOLVAPRINE 10MG, 7.00 , 671.43 ," 4,700.00 ", -   ," 4,700.00 ", 146.80 ," 1,027.60 "," 3,672.40 ",78%
Admin,22436,13/02/2021,CEFUSAPH, 24.00 , 550.00 ," 13,200.00 ", -   ," 13,200.00 ", 112.00 ," 2,688.00 "," 10,512.00 ",80%
Admin,22432,13/02/2021,MAXXIVIT PLUS, 7.00 , 857.14 ," 6,000.00 ", -   ," 6,000.00 ", 560.00 ," 3,920.00 "," 2,080.00 ",35%
Admin,22432,13/02/2021,XYNETRIX CHEWABLE TABLET, 7.00 , 678.57 ," 4,750.00 ", -   ," 4,750.00 ", 450.00 ," 3,150.00 "," 1,600.00 ",34%
Admin,22432,13/02/2021,SOLVAPRINE 10MG, 14.00 , 671.43 ," 9,400.00 ", -   ," 9,400.00 ", 146.80 ," 2,055.20 "," 7,344.80 ",78%
Admin,22433,01/02/2021,FOLACID 5MG, 7.00 , 464.29 ," 3,250.00 ", -   ," 3,250.00 ", 196.88 ," 1,378.16 "," 1,871.84 ",58%
Admin,22433,01/02/2021,XYNETRIX CHEWABLE TABLET, 7.00 , 678.57 ," 4,750.00 ", -   ," 4,750.00 ", 450.00 ," 3,150.00 "," 1,600.00 ",34%
Admin,22433,01/02/2021,MAXXIVIT PLUS, 7.00 , 857.14 ," 6,000.00 ", -   ," 6,000.00 ", 560.00 ," 3,920.00 "," 2,080.00 ",35%
Admin,22433,01/02/2021,ERGON 125MCG, 14.00 , 357.14 ," 5,000.00 ", -   ," 5,000.00 ", 133.33 ," 1,866.62 "," 3,133.38 ",63%
Admin,22433,01/02/2021,FERGLOBIN 250MG, 7.00 , 517.86 ," 3,625.00 ", -   ," 3,625.00 ", 325.00 ," 2,275.00 "," 1,350.00 ",37%
Admin,22433,01/02/2021,APCEE 500MG, 7.00 , 214.29 ," 1,500.00 ", -   ," 1,500.00 ", 245.00 ," 1,715.00 ", (215.00),-14%
Admin,22433,01/02/2021,EVEBEU 500 CAP 100, 10.00 , 900.00 ," 9,000.00 ", -   ," 9,000.00 ", 200.00 ," 2,000.00 "," 7,000.00 ",78%
Admin,22429,14/01/2021,ERGON 125MCG, 7.00 , 714.29 ," 5,000.00 ", -   ," 5,000.00 ", 133.33 , 933.31 ," 4,066.69 ",81%
Admin,22429,14/01/2021,XYNETRIX CHEWABLE TABLET, 7.00 , 678.57 ," 4,750.00 ", -   ," 4,750.00 ", 450.00 ," 3,150.00 "," 1,600.00 ",34%
Admin,22431,14/01/2021,CORSTAPH 500MG, 14.00 ," 1,071.43 "," 15,000.00 ", -   ," 15,000.00 ", 435.00 ," 6,090.00 "," 8,910.00 ",59%
Admin,22431,14/01/2021,MAXXIVIT PLUS, 7.00 , 857.14 ," 6,000.00 ", -   ," 6,000.00 ", 560.00 ," 3,920.00 "," 2,080.00 ",35%
Admin,22431,14/01/2021,XYNETRIX CHEWABLE TABLET, 7.00 , 678.57 ," 4,750.00 ", -   ," 4,750.00 ", 450.00 ," 3,150.00 "," 1,600.00 ",34%
Admin,22431,14/01/2021,FOLACID 5MG, 7.00 , 464.29 ," 3,250.00 ", -   ," 3,250.00 ", 196.88 ," 1,378.16 "," 1,871.84 ",58%
Admin,22431,14/01/2021,CEFUSAPH, 14.00 , 471.43 ," 6,600.00 ", -   ," 6,600.00 ", 112.00 ," 1,568.00 "," 5,032.00 ",76%
Admin,22431,14/01/2021,MALUNGGAY CAPSULE, 50.00 , 650.00 ," 32,500.00 ", -   ," 32,500.00 ", 400.00 ," 20,000.00 "," 12,500.00 ",38%
Admin,22431,14/01/2021,SOLVAPRINE 10MG, 1.00 , 940.00 , 940.00 , -   , 940.00 , 146.80 , 146.80 , 793.20 ,84%
Admin,22428,14/01/2021,GLOVES (M) - INDOPLAS, 3.00 , 500.00 ," 1,500.00 ", -   ," 1,500.00 ", 360.00 ," 1,080.00 ", 420.00 ,28%
Admin,22428,14/01/2021,ULTRASOUND GEL (GALLON), 1.00 ," 1,800.00 "," 1,800.00 ", -   ," 1,800.00 ", 600.00 , 600.00 ," 1,200.00 ",67%
Admin,22430,14/01/2021,MAXXIVIT PLUS, 7.00 , 857.14 ," 6,000.00 ", -   ," 6,000.00 ", 560.00 ," 3,920.00 "," 2,080.00 ",35%
Admin,22430,14/01/2021,SOLVAPRINE 10MG, 14.00 , 671.43 ," 9,400.00 ", -   ," 9,400.00 ", 146.80 ," 2,055.20 "," 7,344.80 ",78%
Admin,22430,14/01/2021,ENERGEL SOFTGEL, 14.00 ," 1,594.29 "," 22,320.00 ", -   ," 22,320.00 ", 565.13 ," 7,911.82 "," 14,408.18 ",65%
Admin,22427,14/01/2021,MECID 500MG, 3.00 , 188.00 , 564.00 , -   , 564.00 , 71.00 , 213.00 , 351.00 ,62%
Admin,22427,14/01/2021,GLYCINORM 80MG TAB, 2.00 , 416.00 , 832.00 , -   , 832.00 , 189.00 , 378.00 , 454.00 ,55%
Admin,22427,14/01/2021,BIOGIC 250MG SUS, 20.00 , 20.50 , 410.00 , -   , 410.00 , 12.00 , 240.00 , 170.00 ,41%
Admin,22427,14/01/2021,GLOVEDOL 6.25MG, 1.00 , 304.00 , 304.00 , -   , 304.00 , 37.00 , 37.00 , 267.00 ,88%
Admin,22429,14/01/2021,SOLVAPRINE 10MG, 14.00 , 671.43 ," 9,400.00 ", -   ," 9,400.00 ", 146.80 ," 2,055.20 "," 7,344.80 ",78%
Admin,22429,14/01/2021,MAXXIVIT PLUS, 7.00 , 857.14 ," 6,000.00 ", -   ," 6,000.00 ", 560.00 ," 3,920.00 "," 2,080.00 ",35%
Admin,22427,14/01/2021,MULTI GROW OB PLUS, 1.00 , 787.50 , 787.50 , -   , 787.50 , 525.00 , 525.00 , 262.50 ,33%
Admin,22427,14/01/2021,MONPHEVIN 500 MG, 1.00 , 560.00 , 560.00 , -   , 560.00 , 28.00 , 28.00 , 532.00 ,95%
Admin,22427,14/01/2021,INTRAPLEM 500MG, 1.00 , 420.00 , 420.00 , -   , 420.00 , 280.00 , 280.00 , 140.00 ,33%
Albay,DR 16798,30/09/2021,SUSTACHLOR 125MG/5ML, 17.00 , 166.25 ," 2,826.25 ", 847.88 ," 1,978.37 ", 47.50 , 807.50 ," 1,170.87 ",41%
Albay,DR 16790,09/08/2021,ANGEL-50 50MG, 250.00 , 230.00 ," 57,500.00 ", -   ," 57,500.00 ", 145.00 ," 36,250.00 "," 21,250.00 ",37%
Albay,DR 16790,09/08/2021,LOSAAR 100mg, 400.00 , 709.00 ," 283,600.00 ", -   ," 283,600.00 ", 250.00 ," 100,000.00 "," 183,600.00 ",65%
Albay,DR 16790,09/08/2021,LODIPEX - 10MG, 400.00 , 365.00 ," 146,000.00 ", -   ," 146,000.00 ", 60.00 ," 24,000.00 "," 122,000.00 ",84%
Albay,DR 16775,30/04/2021,HISTARIL 1MG/50MG/5ML SYR, 12.00 , 88.00 ," 1,056.00 ", -   ," 1,056.00 ", 22.30 , 267.60 , 788.40 ,75%
Albay,16757,26/02/2021,JAGAPLEX SYR 120ML, 10.00 , 87.50 , 875.00 , -   , 875.00 , 53.85 , 538.50 , 336.50 ,38%
Albay,14091,13/02/2021,AMLOTHIX 5mg, 4.00 , 441.00 ," 1,764.00 ", 352.80 ," 1,411.20 ", 38.00 , 152.00 ," 1,259.20 ",71%
Albay,14090,13/02/2021,BROADMETZ 500MG CAP, 4.00 ," 1,070.00 "," 4,280.00 ", 856.00 ," 3,424.00 ", 319.00 ," 1,276.00 "," 2,148.00 ",50%
Batangas,DR 023368,31/12/2021,TRIZEF 100MG, 5.00 ," 5,400.00 "," 27,000.00 ", -   ," 27,000.00 "," 1,272.73 "," 6,363.65 "," 20,636.35 ",76%
Batangas,DR 023369,31/12/2021,AFENAX 100MG, 5.00 ," 1,980.00 "," 9,900.00 ", -   ," 9,900.00 ", 595.00 ," 2,975.00 "," 6,925.00 ",70%
Batangas,DR 023369,31/12/2021,METMIC 500MG, 2.00 , 715.00 ," 1,430.00 ", -   ," 1,430.00 ", 227.50 , 455.00 , 975.00 ,68%
Batangas,DR 023365,20/12/2021,DOLO JAGA 500MG/50MG/100MG/100MCG, 5.00 ," 1,800.00 "," 9,000.00 ", -   ," 9,000.00 ", 615.00 ," 3,075.00 "," 5,925.00 ",66%
Batangas,DR 023365,20/12/2021,CINNABLOC 75MG, 10.00 , 176.00 ," 1,760.00 ", -   ," 1,760.00 ", 40.00 , 400.00 ," 1,360.00 ",77%
Batangas,DR 023366,20/12/2021,CEPROTRON 500MG, 5.00 ," 1,925.00 "," 9,625.00 ", -   ," 9,625.00 ", 550.00 ," 2,750.00 "," 6,875.00 ",71%
Batangas,DR 023366,20/12/2021,LOCETIN 5MG, 3.00 ," 2,800.00 "," 8,400.00 ", -   ," 8,400.00 ", 260.00 , 780.00 ," 7,620.00 ",91%
Batangas,DR 023367,20/12/2021,AFENAX 100MG, 5.00 ," 1,980.00 "," 9,900.00 ", -   ," 9,900.00 ", 595.00 ," 2,975.00 "," 6,925.00 ",70%
Batangas,DR 023457,20/12/2021,LACTAMOX 500MG/125MG TAB, 1.00 ," 3,815.00 "," 3,815.00 "," 1,144.50 "," 2,670.50 "," 1,047.86 "," 1,047.86 "," 1,622.64 ",43%
Batangas,DR 023363,13/12/2021,XYNETRIX CHEWABLE TABLET, 5.00 , 990.00 ," 4,950.00 ", -   ," 4,950.00 ", 450.00 ," 2,250.00 "," 2,700.00 ",55%
Batangas,DR 023362,13/12/2021,DOLO JAGA 500MG/50MG/100MG/100MCG, 5.00 ," 1,800.00 "," 9,000.00 ", -   ," 9,000.00 ", 615.00 ," 3,075.00 "," 5,925.00 ",66%
Batangas,DR 023360,06/12/2021,HYCLENS WOUND SPRAY (60ML), 12.00 , 286.00 ," 3,432.00 ", -   ," 3,432.00 ", 114.66 ," 1,375.92 "," 2,056.08 ",60%
Batangas,DR 023359,05/12/2021,CEPROTRON 500MG, 5.00 ," 1,925.00 "," 9,625.00 ", -   ," 9,625.00 ", 550.00 ," 2,750.00 "," 6,875.00 ",71%
Batangas,DR 023358,05/12/2021,DOLO JAGA 500MG/50MG/100MG/100MCG, 5.00 ," 1,800.00 "," 9,000.00 ", -   ," 9,000.00 ", 615.00 ," 3,075.00 "," 5,925.00 ",66%
Batangas,DR 023358,05/12/2021,ANEROCIN 300MG, 3.00 ," 3,400.00 "," 10,200.00 ", -   ," 10,200.00 ", 979.00 ," 2,937.00 "," 7,263.00 ",71%
Batangas,DR 023361,05/12/2021,HYCLENS GARGLE (120ML), 12.00 , 190.00 ," 2,280.00 ", -   ," 2,280.00 ", 88.00 ," 1,056.00 "," 1,224.00 ",54%
Batangas,DR 023356,29/11/2021,DOLO JAGA 500MG/50MG/100MG/100MCG, 5.00 ," 1,800.00 "," 9,000.00 ", -   ," 9,000.00 ", 615.00 ," 3,075.00 "," 5,925.00 ",66%
Batangas,DR 023356,29/11/2021,METMIC 500MG, 3.00 , 715.00 ," 2,145.00 ", -   ," 2,145.00 ", 227.50 , 682.50 ," 1,462.50 ",68%
Batangas,DR 023357,29/11/2021,AFENAX 100MG, 5.00 ," 1,980.00 "," 9,900.00 ", -   ," 9,900.00 ", 595.00 ," 2,975.00 "," 6,925.00 ",70%
Batangas,DR 023354,22/11/2021,JAGA 300MG/100MG/100MCG, 5.00 ," 1,590.00 "," 7,950.00 ", -   ," 7,950.00 ", 530.00 ," 2,650.00 "," 5,300.00 ",67%
Batangas,DR 023355,22/11/2021,LOCETIN 5MG, 3.00 ," 2,800.00 "," 8,400.00 ", -   ," 8,400.00 ", 260.00 , 780.00 ," 7,620.00 ",91%
Batangas,DR 023353,15/11/2021,CINNABLOC 75MG, 10.00 , 176.00 ," 1,760.00 ", -   ," 1,760.00 ", 40.00 , 400.00 ," 1,360.00 ",77%
Batangas,DR 023353,15/11/2021,GIAN ZINC 120ML SYR, 10.00 , 187.00 ," 1,870.00 ", -   ," 1,870.00 ", 85.00 , 850.00 ," 1,020.00 ",55%
Batangas,DR 023352,15/11/2021,AFENAX 100MG, 5.00 ," 1,980.00 "," 9,900.00 ", -   ," 9,900.00 ", 595.00 ," 2,975.00 "," 6,925.00 ",70%
Batangas,DR 023352,15/11/2021,CINNABLOC 25MG, 5.00 , 550.00 ," 2,750.00 ", -   ," 2,750.00 ", 133.00 , 665.00 ," 2,085.00 ",76%
Batangas,DR 023352,15/11/2021,TERMAGEN 500MG, 5.00 , 220.00 ," 1,100.00 ", -   ," 1,100.00 ", 105.00 , 525.00 , 575.00 ,52%
Batangas,DR 023351,15/11/2021,DOLO JAGA 500MG/50MG/100MG/100MCG, 5.00 ," 1,800.00 "," 9,000.00 ", -   ," 9,000.00 ", 615.00 ," 3,075.00 "," 5,925.00 ",66%
Batangas,DR 022900,08/11/2021,CEPROTRON 500MG, 5.00 ," 1,925.00 "," 9,625.00 ", -   ," 9,625.00 ", 550.00 ," 2,750.00 "," 6,875.00 ",71%
Batangas,DR 022900,08/11/2021,VOXOLL 30MG TAB, 5.00 , 750.00 ," 3,750.00 ", -   ," 3,750.00 ", 168.00 , 840.00 ," 2,910.00 ",78%
Batangas,DR 022899,08/11/2021,ANEROCIN 300MG, 3.00 ," 3,800.00 "," 11,400.00 ", -   ," 11,400.00 ", 979.00 ," 2,937.00 "," 8,463.00 ",74%
Batangas,DR 022898,31/10/2021,JAGA 300MG/100MG/100MCG, 5.00 ," 1,590.00 "," 7,950.00 ", -   ," 7,950.00 ", 530.00 ," 2,650.00 "," 5,300.00 ",67%
Batangas,DR 022898,31/10/2021,AFENAX 100MG, 5.00 ," 1,980.00 "," 9,900.00 ", -   ," 9,900.00 ", 595.00 ," 2,975.00 "," 6,925.00 ",70%
Batangas,DR 022897,31/10/2021,DOLO JAGA 500MG/50MG/100MG/100MCG, 5.00 ," 1,800.00 "," 9,000.00 ", -   ," 9,000.00 ", 615.00 ," 3,075.00 "," 5,925.00 ",66%
Batangas,DR 022896,25/10/2021,XYNETRIX CHEWABLE TABLET, 5.00 , 960.00 ," 4,800.00 ", -   ," 4,800.00 ", 450.00 ," 2,250.00 "," 2,550.00 ",53%
Batangas,DR 022896,25/10/2021,CINNABLOC 25MG, 5.00 , 550.00 ," 2,750.00 ", -   ," 2,750.00 ", 133.00 , 665.00 ," 2,085.00 ",76%
Batangas,DR 022895,25/10/2021,CEPROTRON 500MG, 5.00 ," 1,925.00 "," 9,625.00 ", -   ," 9,625.00 ", 550.00 ," 2,750.00 "," 6,875.00 ",71%
Batangas,DR 022894,25/10/2021,TRIZEF 100MG, 5.00 ," 5,400.00 "," 27,000.00 ", -   ," 27,000.00 "," 1,272.73 "," 6,363.65 "," 20,636.35 ",76%
Batangas,DR 022888,18/10/2021,LACTAMOX 500MG/125MG TAB, 5.00 ," 3,000.00 "," 15,000.00 ", -   ," 15,000.00 "," 1,047.86 "," 5,239.30 "," 9,760.70 ",65%
Batangas,DR 022891,18/10/2021,TRIZEF 100MG, 5.00 ," 5,400.00 "," 27,000.00 ", -   ," 27,000.00 "," 1,272.73 "," 6,363.65 "," 20,636.35 ",76%
Batangas,DR 022890,18/10/2021,EUROXONE 1G, 20.00 , 320.00 ," 6,400.00 ", -   ," 6,400.00 ", 73.00 ," 1,460.00 "," 4,940.00 ",77%
Batangas,DR 022887,18/10/2021,CEPROTRON 500MG, 5.00 ," 1,925.00 "," 9,625.00 ", -   ," 9,625.00 ", 550.00 ," 2,750.00 "," 6,875.00 ",71%
Batangas,DR 022887,18/10/2021,VOXOLL 30MG TAB, 5.00 , 750.00 ," 3,750.00 ", -   ," 3,750.00 ", 168.00 , 840.00 ," 2,910.00 ",78%
Batangas,DR 022893,18/10/2021,LOCETIN 5MG, 5.00 ," 2,800.00 "," 14,000.00 ", -   ," 14,000.00 ", 260.00 ," 1,300.00 "," 12,700.00 ",91%
Batangas,DR 022892,18/10/2021,DOLO JAGA 500MG/50MG/100MG/100MCG, 5.00 ," 1,800.00 "," 9,000.00 ", -   ," 9,000.00 ", 615.00 ," 3,075.00 "," 5,925.00 ",66%
Batangas,DR 022892,18/10/2021,GIAN ZINC 120ML SYR, 12.00 , 187.00 ," 2,244.00 ", -   ," 2,244.00 ", 85.00 ," 1,020.00 "," 1,224.00 ",55%
Batangas,DR 022889,11/10/2021,DOLO JAGA 500MG/50MG/100MG/100MCG, 5.00 ," 1,800.00 "," 9,000.00 ", -   ," 9,000.00 ", 615.00 ," 3,075.00 "," 5,925.00 ",66%
Batangas,DR 022886,30/09/2021,HYCLENS WOUND SPRAY (60ML), 12.00 , 286.00 ," 3,432.00 ", -   ," 3,432.00 ", 114.66 ," 1,375.92 "," 2,056.08 ",60%
Batangas,DR 022885,30/09/2021,LACTAMOX 500MG/125MG TAB, 5.00 ," 3,000.00 "," 15,000.00 ", -   ," 15,000.00 "," 1,047.86 "," 5,239.30 "," 9,760.70 ",65%
Batangas,DR 022885,30/09/2021,TERMAGEN 500MG, 5.00 , 300.00 ," 1,500.00 ", -   ," 1,500.00 ", 105.00 , 525.00 , 975.00 ,65%
Batangas,DR 022885,30/09/2021,GIAN ZINC 120ML SYR, 10.00 , 187.00 ," 1,870.00 ", -   ," 1,870.00 ", 85.00 , 850.00 ," 1,020.00 ",55%
Batangas,DR 022884,30/09/2021,TRIZEF 100MG, 5.00 ," 5,400.00 "," 27,000.00 ", -   ," 27,000.00 "," 1,272.73 "," 6,363.65 "," 20,636.35 ",76%
Batangas,DR 022883,30/09/2021,CEPROTRON 500MG, 2.00 ," 1,925.00 "," 3,850.00 ", -   ," 3,850.00 ", 550.00 ," 1,100.00 "," 2,750.00 ",71%
Batangas,DR 022882,30/09/2021,VOXOLL 30MG TAB, 5.00 , 750.00 ," 3,750.00 ", -   ," 3,750.00 ", 168.00 , 840.00 ," 2,910.00 ",78%
Batangas,DR 022882,30/09/2021,DOLO JAGA 500MG/50MG/100MG/100MCG, 5.00 ," 1,800.00 "," 9,000.00 ", -   ," 9,000.00 ", 615.00 ," 3,075.00 "," 5,925.00 ",66%
Batangas,DR 022881,30/09/2021,XYNETRIX CHEWABLE TABLET, 5.00 , 960.00 ," 4,800.00 ", -   ," 4,800.00 ", 450.00 ," 2,250.00 "," 2,550.00 ",53%
Batangas,DR 022881,30/09/2021,AFENAX 100MG, 5.00 ," 1,980.00 "," 9,900.00 ", -   ," 9,900.00 ", 595.00 ," 2,975.00 "," 6,925.00 ",70%
Batangas,DR 022877,27/09/2021,HYCLENS WOUND SPRAY (60ML), 12.00 , 286.00 ," 3,432.00 ", -   ," 3,432.00 ", 114.66 ," 1,375.92 "," 2,056.08 ",60%
Batangas,DR 022880,27/09/2021,HYCLENS GARGLE (60ML), 10.00 , 152.00 ," 1,520.00 ", -   ," 1,520.00 ", 65.00 , 650.00 , 870.00 ,57%
Batangas,DR 022879,27/09/2021,TRIZEF 100MG, 5.00 ," 5,400.00 "," 27,000.00 ", -   ," 27,000.00 "," 1,272.73 "," 6,363.65 "," 20,636.35 ",76%
Batangas,DR 022878,27/09/2021,EUROXONE 1G, 12.00 , 320.00 ," 3,840.00 ", -   ," 3,840.00 ", 73.00 , 876.00 ," 2,964.00 ",77%
Batangas,DR 022878,27/09/2021,CEPROTRON 500MG, 3.00 ," 1,925.00 "," 5,775.00 ", -   ," 5,775.00 ", 550.00 ," 1,650.00 "," 4,125.00 ",71%
Batangas,DR 022878,27/09/2021,CINNABLOC 75MG, 10.00 , 176.00 ," 1,760.00 ", -   ," 1,760.00 ", 40.00 , 400.00 ," 1,360.00 ",77%
Batangas,DR 022873,14/09/2021,DOLO JAGA 500MG/50MG/100MG/100MCG, 5.00 ," 1,800.00 "," 9,000.00 ", -   ," 9,000.00 ", 615.00 ," 3,075.00 "," 5,925.00 ",66%
Batangas,DR 022873,14/09/2021,TERMAGEN 500MG, 2.00 , 300.00 , 600.00 , -   , 600.00 , 105.00 , 210.00 , 390.00 ,65%
Batangas,DR 022876,13/09/2021,AFENAX 100MG, 5.00 ," 1,980.00 "," 9,900.00 ", -   ," 9,900.00 ", 595.00 ," 2,975.00 "," 6,925.00 ",70%
Batangas,DR 022875,13/09/2021,TRIZEF 100MG, 5.00 ," 5,400.00 "," 27,000.00 ", -   ," 27,000.00 "," 1,272.73 "," 6,363.65 "," 20,636.35 ",76%
Batangas,DR 022874,13/09/2021,LACTAMOX 500MG/125MG TAB, 4.00 ," 3,000.00 "," 12,000.00 ", -   ," 12,000.00 "," 1,047.86 "," 4,191.44 "," 7,808.56 ",65%
Batangas,DR 022868,13/09/2021,VOXOLL 30MG TAB, 10.00 , 750.00 ," 7,500.00 ", -   ," 7,500.00 ", 168.00 ," 1,680.00 "," 5,820.00 ",78%
Batangas,DR 022872,06/09/2021,ANEROCIN 300MG, 2.00 ," 3,800.00 "," 7,600.00 ", -   ," 7,600.00 ", 979.00 ," 1,958.00 "," 5,642.00 ",74%
Batangas,DR 022872,06/09/2021,JAGA 300MG/100MG/100MCG, 4.00 ," 1,590.00 "," 6,360.00 ", -   ," 6,360.00 ", 530.00 ," 2,120.00 "," 4,240.00 ",67%
Batangas,DR 022872,06/09/2021,AFENAX 100MG, 2.00 ," 1,980.00 "," 3,960.00 ", -   ," 3,960.00 ", 595.00 ," 1,190.00 "," 2,770.00 ",70%
Batangas,DR 022871,06/09/2021,HISTARIL 1MG/50MG/5ML SYR, 12.00 , 96.00 ," 1,152.00 ", -   ," 1,152.00 ", 22.30 , 267.60 , 884.40 ,77%
Batangas,DR 022871,06/09/2021,CEPROTRON 500MG, 5.00 ," 1,925.00 "," 9,625.00 ", -   ," 9,625.00 ", 550.00 ," 2,750.00 "," 6,875.00 ",71%
Batangas,DR 022867,31/08/2021,EUROXONE 1G, 11.00 , 320.00 ," 3,520.00 ", -   ," 3,520.00 ", 73.00 , 803.00 ," 2,717.00 ",77%
Batangas,DR 022865,23/08/2021,AFENAX 100MG, 3.00 ," 1,980.00 "," 5,940.00 ", -   ," 5,940.00 ", 595.00 ," 1,785.00 "," 4,155.00 ",70%
Batangas,DR 022865,23/08/2021,LOCETIN 5MG, 2.00 ," 2,800.00 "," 5,600.00 ", -   ," 5,600.00 ", 260.00 , 520.00 ," 5,080.00 ",91%
Batangas,DR 022866,23/08/2021,GIAN ZINC 120ML SYR, 12.00 , 187.00 ," 2,244.00 ", -   ," 2,244.00 ", 85.00 ," 1,020.00 "," 1,224.00 ",55%
Batangas,DR 022866,23/08/2021,CEPROTRON 500MG, 2.00 ," 1,925.00 "," 3,850.00 ", -   ," 3,850.00 ", 550.00 ," 1,100.00 "," 2,750.00 ",71%
Batangas,DR 022864,23/08/2021,DOLO JAGA 500MG/50MG/100MG/100MCG, 5.00 ," 1,800.00 "," 9,000.00 ", -   ," 9,000.00 ", 615.00 ," 3,075.00 "," 5,925.00 ",66%
Batangas,DR 022861,23/08/2021,DOLO JAGA 500MG/50MG/100MG/100MCG, 2.00 ," 1,800.00 "," 3,600.00 ", -   ," 3,600.00 ", 615.00 ," 1,230.00 "," 2,370.00 ",66%
Batangas,DR 022861,23/08/2021,XYNETRIX CHEWABLE TABLET, 3.00 , 960.00 ," 2,880.00 ", -   ," 2,880.00 ", 450.00 ," 1,350.00 "," 1,530.00 ",53%
Batangas,DR 022861,23/08/2021,CEPROTRON 500MG, 1.00 ," 1,925.00 "," 1,925.00 ", -   ," 1,925.00 ", 550.00 , 550.00 ," 1,375.00 ",71%
Batangas,DR 022861,23/08/2021,CINNABLOC 75MG, 10.00 , 176.00 ," 1,760.00 ", -   ," 1,760.00 ", 40.00 , 400.00 ," 1,360.00 ",77%
Batangas,DR 022862,23/08/2021,JAGA 300MG/100MG/100MCG, 3.00 ," 1,590.00 "," 4,770.00 ", -   ," 4,770.00 ", 530.00 ," 1,590.00 "," 3,180.00 ",67%
Batangas,DR 022862,23/08/2021,FERGLOBIN FA 60MG/400MCG, 3.00 ," 1,050.00 "," 3,150.00 ", -   ," 3,150.00 ", 325.00 , 975.00 ," 2,175.00 ",69%
Batangas,DR 022862,23/08/2021,VOXOLL 30MG TAB, 3.00 , 750.00 ," 2,250.00 ", -   ," 2,250.00 ", 168.00 , 504.00 ," 1,746.00 ",78%
Batangas,DR 022863,23/08/2021,HISTARIL 1MG/50MG/5ML SYR, 5.00 , 96.00 , 480.00 , -   , 480.00 , 22.30 , 111.50 , 368.50 ,77%
Batangas,DR 022863,23/08/2021,VOXOLL 15MG/5ML SYR, 5.00 , 75.00 , 375.00 , -   , 375.00 , 23.00 , 115.00 , 260.00 ,69%
Batangas,DR 022863,23/08/2021,MULTI GROW 30ML DROPS, 5.00 , 150.00 , 750.00 , -   , 750.00 , 70.00 , 350.00 , 400.00 ,53%
Batangas,DR 022860,09/08/2021,METMIC 500MG, 3.00 , 715.00 ," 2,145.00 ", -   ," 2,145.00 ", 227.50 , 682.50 ," 1,462.50 ",68%
Batangas,DR 022859,31/07/2021,HYCLENS WOUND SPRAY (60ML), 10.00 , 286.00 ," 2,860.00 ", -   ," 2,860.00 ", 114.66 ," 1,146.60 "," 1,713.40 ",60%
Batangas,DR 022858,31/07/2021,TERMAGEN 500MG, 3.00 , 300.00 , 900.00 , -   , 900.00 , 105.00 , 315.00 , 585.00 ,65%
Batangas,DR 022858,31/07/2021,TERMAGEN 100MG/ML, 10.00 , 52.00 , 520.00 , -   , 520.00 , 29.18 , 291.80 , 228.20 ,44%
Batangas,DR 022858,31/07/2021,VICEPHRIN 250MG/5ML, 10.00 , 165.00 ," 1,650.00 ", -   ," 1,650.00 ", 53.03 , 530.30 ," 1,119.70 ",68%
Batangas,DR 022857,31/07/2021,LOCETIN 5MG, 3.00 ," 2,800.00 "," 8,400.00 ", -   ," 8,400.00 ", 260.00 , 780.00 ," 7,620.00 ",91%
Batangas,DR 022857,31/07/2021,CENDALEX 500MG CAP, 3.00 , 990.00 ," 2,970.00 ", -   ," 2,970.00 ", 211.65 , 634.95 ," 2,335.05 ",79%
Batangas,DR 022857,31/07/2021,CINNABLOC 25MG, 3.00 , 550.00 ," 1,650.00 ", -   ," 1,650.00 ", 133.00 , 399.00 ," 1,251.00 ",76%
Batangas,DR 022856,31/07/2021,DOLO JAGA 500MG/50MG/100MG/100MCG, 5.00 ," 1,800.00 "," 9,000.00 ", -   ," 9,000.00 ", 615.00 ," 3,075.00 "," 5,925.00 ",66%
Batangas,DR 022855,31/07/2021,TRIZEF 100MG, 4.00 ," 5,400.00 "," 21,600.00 ", -   ," 21,600.00 "," 1,272.73 "," 5,090.92 "," 16,509.08 ",76%
Batangas,DR 022854,31/07/2021,HYCLENS GARGLE (60ML), 12.00 , 152.00 ," 1,824.00 ", -   ," 1,824.00 ", 65.00 , 780.00 ," 1,044.00 ",57%
Batangas,DR 022853,31/07/2021,CEPROTRON 500MG, 5.00 ," 1,925.00 "," 9,625.00 ", -   ," 9,625.00 ", 550.00 ," 2,750.00 "," 6,875.00 ",71%
Batangas,DR 022852,31/07/2021,ZETIFEN 250MG/5ML SYR, 20.00 , 73.00 ," 1,460.00 ", -   ," 1,460.00 ", 35.12 , 702.40 , 757.60 ,52%
Batangas,DR 022852,31/07/2021,AFENAX 100MG, 6.00 ," 1,980.00 "," 11,880.00 ", -   ," 11,880.00 ", 595.00 ," 3,570.00 "," 8,310.00 ",70%
Batangas,DR 022851,31/07/2021,TRIZEF 100MG, 5.00 ," 5,400.00 "," 27,000.00 ", -   ," 27,000.00 "," 1,272.73 "," 6,363.65 "," 20,636.35 ",76%
Batangas,DR 22641,21/07/2021,LOCETIN 5MG, 2.00 ," 3,000.00 "," 6,000.00 ", -   ," 6,000.00 ", 260.00 , 520.00 ," 5,480.00 ",91%
Batangas,DR 22640,21/07/2021,DOLO JAGA 500MG/50MG/100MG/100MCG, 3.00 ," 1,800.00 "," 5,400.00 ", -   ," 5,400.00 ", 615.00 ," 1,845.00 "," 3,555.00 ",66%
Batangas,DR 22640,21/07/2021,XYNETRIX CHEWABLE TABLET, 4.00 , 960.00 ," 3,840.00 ", -   ," 3,840.00 ", 450.00 ," 1,800.00 "," 2,040.00 ",53%
Batangas,DR 22639,15/07/2021,CEPROTRON 500MG, 3.00 ," 1,925.00 "," 5,775.00 ", -   ," 5,775.00 ", 550.00 ," 1,650.00 "," 4,125.00 ",71%
Batangas,DR 22638,15/07/2021,ANEROCIN 300MG, 2.00 ," 3,400.00 "," 6,800.00 ", -   ," 6,800.00 ", 979.00 ," 1,958.00 "," 4,842.00 ",71%
Batangas,DR 22638,15/07/2021,CENDALEX 500MG CAP, 2.00 , 990.00 ," 1,980.00 ", -   ," 1,980.00 ", 211.65 , 423.30 ," 1,556.70 ",79%
Batangas,DR 22636,05/07/2021,LACTAMOX 500MG/125MG TAB, 3.00 ," 3,000.00 "," 9,000.00 ", -   ," 9,000.00 "," 1,047.86 "," 3,143.58 "," 5,856.42 ",65%
Batangas,DR 22637,05/07/2021,TRIZEF 100MG, 3.00 ," 5,400.00 "," 16,200.00 ", -   ," 16,200.00 "," 1,272.73 "," 3,818.19 "," 12,381.81 ",76%
Batangas,DR 22637,05/07/2021,GIAN ZINC 120ML SYR, 10.00 , 187.00 ," 1,870.00 ", -   ," 1,870.00 ", 85.00 , 850.00 ," 1,020.00 ",55%
Batangas,DR 22635,28/06/2021,AFENAX 100MG, 10.00 , -   , -   , -   , -   , 595.00 ," 5,950.00 "," (5,950.00)",#DIV/0!
Batangas,DR 22634,28/06/2021,DOLO JAGA 500MG/50MG/100MG/100MCG, 3.00 ," 1,800.00 "," 5,400.00 ", -   ," 5,400.00 ", 615.00 ," 1,845.00 "," 3,555.00 ",66%
Batangas,DR 22633,28/06/2021,LACTAMOX 500MG/125MG TAB, 0.98 ," 3,360.00 "," 3,303.89 ", -   ," 3,303.89 "," 1,047.86 "," 1,026.90 "," 2,276.99 ",69%
Batangas,DR 22632,25/06/2021,LACTAMOX 500MG/125MG TAB, 1.00 ," 3,360.00 "," 3,360.00 ", -   ," 3,360.00 "," 1,047.86 "," 1,047.86 "," 2,312.14 ",69%
Batangas,DR 22631,25/06/2021,CEPROTRON 500MG, 6.00 ," 1,925.00 "," 11,550.00 ", -   ," 11,550.00 ", 550.00 ," 3,300.00 "," 8,250.00 ",71%
Batangas,DR 22630,25/06/2021,LACTAMOX 500MG/125MG TAB, 3.00 ," 3,000.00 "," 9,000.00 ", -   ," 9,000.00 "," 1,047.86 "," 3,143.58 "," 5,856.42 ",65%
Batangas,DR 22629,14/06/2021,JAGAPLEX SYR 120ML, 10.00 , 176.00 ," 1,760.00 ", -   ," 1,760.00 ", 53.85 , 538.50 ," 1,221.50 ",69%
Batangas,DR 22629,14/06/2021,LACTAMOX 500MG/125MG TAB, 2.00 ," 3,000.00 "," 6,000.00 ", -   ," 6,000.00 "," 1,047.86 "," 2,095.72 "," 3,904.28 ",65%
Batangas,DR 22628,14/06/2021,DOLO JAGA 500MG/50MG/100MG/100MCG, 4.00 ," 1,800.00 "," 7,200.00 ", -   ," 7,200.00 ", 615.00 ," 2,460.00 "," 4,740.00 ",66%
Batangas,DR 22628,14/06/2021,GIAN ZINC 120ML SYR, 10.00 , 187.00 ," 1,870.00 ", -   ," 1,870.00 ", 85.00 , 850.00 ," 1,020.00 ",55%
Batangas,DR 22627,07/06/2021,HYCLENS WOUND SPRAY (60ML), 20.00 , 286.00 ," 5,720.00 ", -   ," 5,720.00 ", 114.66 ," 2,293.20 "," 3,426.80 ",60%
Batangas,DR 22623,07/06/2021,DOLO JAGA 500MG/50MG/100MG/100MCG, 5.00 ," 1,800.00 "," 9,000.00 ", -   ," 9,000.00 ", 615.00 ," 3,075.00 "," 5,925.00 ",66%
Batangas,DR 22624,07/06/2021,XYNETRIX CHEWABLE TABLET, 3.00 , 990.00 ," 2,970.00 ", -   ," 2,970.00 ", 450.00 ," 1,350.00 "," 1,620.00 ",55%
Batangas,DR 22624,07/06/2021,METMIC 500MG, 3.00 , 750.00 ," 2,250.00 ", -   ," 2,250.00 ", 227.50 , 682.50 ," 1,567.50 ",70%
Batangas,DR 22624,07/06/2021,CINNABLOC 25MG, 3.00 , 550.00 ," 1,650.00 ", -   ," 1,650.00 ", 133.00 , 399.00 ," 1,251.00 ",76%
Batangas,DR 22625,07/06/2021,CEPROTRON 500MG, 3.00 ," 1,925.00 "," 5,775.00 ", -   ," 5,775.00 ", 550.00 ," 1,650.00 "," 4,125.00 ",71%
Batangas,DR 22626,07/06/2021,AFENAX 100MG, 1.00 ," 1,980.00 "," 1,980.00 ", -   ," 1,980.00 ", 595.00 , 595.00 ," 1,385.00 ",70%
Batangas,DR 22626,07/06/2021,CINNABLOC 75MG, 10.00 , 176.00 ," 1,760.00 ", -   ," 1,760.00 ", 40.00 , 400.00 ," 1,360.00 ",77%
Batangas,DR 22621,01/06/2021,TRIZEF 100MG, 3.00 ," 5,400.00 "," 16,200.00 ", -   ," 16,200.00 "," 1,272.73 "," 3,818.19 "," 12,381.81 ",76%
Batangas,DR 22622,01/06/2021,CEPROTRON 500MG, 4.00 ," 1,925.00 "," 7,700.00 ", -   ," 7,700.00 ", 550.00 ," 2,200.00 "," 5,500.00 ",71%
Batangas,DR 22620,21/05/2021,CEPROTRON 500MG, 5.00 ," 1,925.00 "," 9,625.00 ", -   ," 9,625.00 ", 550.00 ," 2,750.00 "," 6,875.00 ",71%
Batangas,DR 22620,21/05/2021,AFENAX 100MG, 2.00 ," 1,980.00 "," 3,960.00 ", -   ," 3,960.00 ", 595.00 ," 1,190.00 "," 2,770.00 ",70%
Batangas,DR 22619,21/05/2021,DOLO JAGA 500MG/50MG/100MG/100MCG, 5.00 ," 1,800.00 "," 9,000.00 ", -   ," 9,000.00 ", 615.00 ," 3,075.00 "," 5,925.00 ",66%
Batangas,DR 22619,21/05/2021,CINNABLOC 25MG, 3.00 , 550.00 ," 1,650.00 ", -   ," 1,650.00 ", 133.00 , 399.00 ," 1,251.00 ",76%
Batangas,DR 22616,30/04/2021,EUROXONE 1G, 30.00 , 320.00 ," 9,600.00 ", -   ," 9,600.00 ", 73.00 ," 2,190.00 "," 7,410.00 ",77%
Batangas,DR 22617,30/04/2021,TRIZEF 100MG, 2.00 ," 5,400.00 "," 10,800.00 ", -   ," 10,800.00 "," 1,272.73 "," 2,545.46 "," 8,254.54 ",76%
Batangas,DR 22617,30/04/2021,GIAN ZINC 120ML SYR, 10.00 , 180.00 ," 1,800.00 ", -   ," 1,800.00 ", 85.00 , 850.00 , 950.00 ,53%
Batangas,DR 22618,30/04/2021,DOLO JAGA 500MG/50MG/100MG/100MCG, 2.00 ," 1,800.00 "," 3,600.00 ", -   ," 3,600.00 ", 615.00 ," 1,230.00 "," 2,370.00 ",66%
Batangas,DR 22614,20/04/2021,CEPROTRON 500MG, 4.00 ," 1,925.00 "," 7,700.00 ", -   ," 7,700.00 ", 550.00 ," 2,200.00 "," 5,500.00 ",71%
Batangas,DR 22614,20/04/2021,DOLO JAGA 500MG/50MG/100MG/100MCG, 3.00 ," 1,800.00 "," 5,400.00 ", -   ," 5,400.00 ", 615.00 ," 1,845.00 "," 3,555.00 ",66%
Batangas,DR 22615,20/04/2021,ANEROCIN 300MG, 2.00 ," 3,400.00 "," 6,800.00 ", -   ," 6,800.00 ", 979.00 ," 1,958.00 "," 4,842.00 ",71%
Batangas,DR 22613,31/03/2021,LOCETIN 5MG, 2.00 ," 2,800.00 "," 5,600.00 ", -   ," 5,600.00 ", 260.00 , 520.00 ," 5,080.00 ",91%
Batangas,DR 22613,31/03/2021,TRIZEF 100MG, 2.00 ," 5,400.00 "," 10,800.00 ", -   ," 10,800.00 "," 1,272.73 "," 2,545.46 "," 8,254.54 ",76%
Batangas,22612,29/03/2021,DOLO JAGA 500MG/50MG/100MG/100MCG, 3.00 ," 1,800.00 "," 5,400.00 ", -   ," 5,400.00 ", 615.00 ," 1,845.00 "," 3,555.00 ",66%
Batangas,22612,29/03/2021,XYNETRIX CHEWABLE TABLET, 3.00 , 960.00 ," 2,880.00 ", -   ," 2,880.00 ", 450.00 ," 1,350.00 "," 1,530.00 ",53%
Batangas,22611,22/03/2021,HYCLENS GARGLE (60ML), 20.00 , 153.00 ," 3,060.00 ", -   ," 3,060.00 ", 65.00 ," 1,300.00 "," 1,760.00 ",58%
Batangas,22610,22/03/2021,ANEROCIN 300MG, 3.00 ," 3,400.00 "," 10,200.00 ", -   ," 10,200.00 ", 979.00 ," 2,937.00 "," 7,263.00 ",71%
Batangas,22610,22/03/2021,VICEPHRIN 250MG/5ML, 20.00 , 176.00 ," 3,520.00 ", -   ," 3,520.00 ", 53.03 ," 1,060.60 "," 2,459.40 ",70%
Batangas,22609,22/03/2021,DOLO JAGA 500MG/50MG/100MG/100MCG, 3.00 ," 1,800.00 "," 5,400.00 ", -   ," 5,400.00 ", 615.00 ," 1,845.00 "," 3,555.00 ",66%
Batangas,22609,22/03/2021,CINNABLOC 25MG, 3.00 , 550.00 ," 1,650.00 ", -   ," 1,650.00 ", 133.00 , 399.00 ," 1,251.00 ",76%
Batangas,22609,22/03/2021,AFENAX 100MG, 3.00 ," 1,980.00 "," 5,940.00 ", -   ," 5,940.00 ", 595.00 ," 1,785.00 "," 4,155.00 ",70%
Batangas,22606,15/03/2021,DOLO JAGA 500MG/50MG/100MG/100MCG, 2.00 ," 1,800.00 "," 3,600.00 ", -   ," 3,600.00 ", 615.00 ," 1,230.00 "," 2,370.00 ",66%
Batangas,22606,15/03/2021,TERMAGEN 100MG/ML, 10.00 , 53.00 , 530.00 , -   , 530.00 , 29.18 , 291.80 , 238.20 ,45%
Batangas,22606,15/03/2021,TRIZEF 100MG, 3.00 ," 5,400.00 "," 16,200.00 ", -   ," 16,200.00 "," 1,272.73 "," 3,818.19 "," 12,381.81 ",76%
Batangas,22607,15/03/2021,PROMEP 40MG, 36.00 , 280.00 ," 10,080.00 ", -   ," 10,080.00 ", 40.00 ," 1,440.00 "," 8,640.00 ",86%
Batangas,22608,15/03/2021,HYCLENS WOUND SPRAY (60ML), 20.00 , 286.00 ," 5,720.00 ", -   ," 5,720.00 ", 114.66 ," 2,293.20 "," 3,426.80 ",60%
Batangas,22604,26/02/2021,CEPROTRON 500MG, 4.00 ," 1,925.00 "," 7,700.00 ", -   ," 7,700.00 ", 550.00 ," 2,200.00 "," 5,500.00 ",71%
Batangas,22604,26/02/2021,METMIC 500MG, 3.00 , 750.00 ," 2,250.00 ", -   ," 2,250.00 ", 227.50 , 682.50 ," 1,567.50 ",70%
Batangas,22605,26/02/2021,CINNABLOC 25MG, 2.00 , 550.00 ," 1,100.00 ", -   ," 1,100.00 ", 133.00 , 266.00 , 834.00 ,76%
Batangas,22605,26/02/2021,LOCETIN 5MG, 2.00 ," 2,800.00 "," 5,600.00 ", -   ," 5,600.00 ", 260.00 , 520.00 ," 5,080.00 ",91%
Batangas,22605,26/02/2021,TRIZEF 100MG, 3.00 ," 5,400.00 "," 16,200.00 ", -   ," 16,200.00 "," 1,272.73 "," 3,818.19 "," 12,381.81 ",76%
Batangas,22602,13/02/2021,TRIZEF 100MG, 2.00 ," 5,900.00 "," 11,800.00 ", -   ," 11,800.00 "," 1,272.73 "," 2,545.46 "," 9,254.54 ",78%
Batangas,22601,13/02/2021,CEPROTRON 500MG, 5.00 ," 1,925.00 "," 9,625.00 ", -   ," 9,625.00 ", 550.00 ," 2,750.00 "," 6,875.00 ",71%
Batangas,22348,13/02/2021,ENERGEL SOFTGEL, 4.00 ," 1,680.00 "," 6,720.00 ", -   ," 6,720.00 ", 565.13 ," 2,260.52 "," 4,459.48 ",66%
Batangas,22348,13/02/2021,CINNABLOC 25MG, 3.00 , 550.00 ," 1,650.00 ", -   ," 1,650.00 ", 133.00 , 399.00 ," 1,251.00 ",76%
Batangas,22348,13/02/2021,LACTAMOX 500MG/125MG TAB, 1.00 ," 3,000.00 "," 3,000.00 ", -   ," 3,000.00 "," 1,047.86 "," 1,047.86 "," 1,952.14 ",65%
Batangas,22347,13/02/2021,ANEROCIN 300MG, 3.00 ," 4,200.00 "," 12,600.00 ", -   ," 12,600.00 ", 979.00 ," 2,937.00 "," 9,663.00 ",77%
Batangas,22350,13/02/2021,XYNETRIX CHEWABLE TABLET, 5.00 , 950.00 ," 4,750.00 ", -   ," 4,750.00 ", 450.00 ," 2,250.00 "," 2,500.00 ",53%
Batangas,22350,13/02/2021,DOLO JAGA 500MG/50MG/100MG/100MCG, 3.00 ," 1,800.00 "," 5,400.00 ", -   ," 5,400.00 ", 615.00 ," 1,845.00 "," 3,555.00 ",66%
Batangas,22350,13/02/2021,AFENAX 100MG, 3.00 ," 1,980.00 "," 5,940.00 ", -   ," 5,940.00 ", 595.00 ," 1,785.00 "," 4,155.00 ",70%
Batangas,22350,13/02/2021,ENERGEL SOFTGEL, 2.00 ," 1,680.00 "," 3,360.00 ", -   ," 3,360.00 ", 565.13 ," 1,130.26 "," 2,229.74 ",66%
Batangas,22349,13/02/2021,LACTAMOX 500MG/125MG TAB, 4.00 ," 3,000.00 "," 12,000.00 ", -   ," 12,000.00 "," 1,047.86 "," 4,191.44 "," 7,808.56 ",65%
Batangas,22603,13/02/2021,DOLO JAGA 500MG/50MG/100MG/100MCG, 4.00 ," 1,800.00 "," 7,200.00 ", -   ," 7,200.00 ", 615.00 ," 2,460.00 "," 4,740.00 ",66%
Batangas,PULL 2076,31/01/2021,BERCEF 250MG/5ML SUS, 25.00 , (350.00)," (8,750.00)", -   ," (8,750.00)", 134.89 ," 3,372.25 "," (12,122.25)",139%
Batangas,PULL 2076,31/01/2021,ZEGECEF 250MG/5ML SUS, 13.00 , (266.67)," (3,466.71)", -   ," (3,466.71)", 139.45 ," 1,812.85 "," (5,279.56)",152%
Batangas,PULL 2076,31/01/2021,HISTAMED 1MG/ML ORAL SOLUTION, 16.00 , (160.00)," (2,560.00)", -   ," (2,560.00)", 60.00 , 960.00 ," (3,520.00)",138%
Batangas,PULL 2076,31/01/2021,MULTI GROW 30ML DROPS, 25.00 , (241.50)," (6,037.50)", -   ," (6,037.50)", 70.00 ," 1,750.00 "," (7,787.50)",129%
Batangas,PULL 2076,31/01/2021,TRIVASC 35MG MR, 1.00 ," (1,600.00)"," (1,600.00)", -   ," (1,600.00)", 437.50 , 437.50 ," (2,037.50)",127%
Batangas,PULL 2076,31/01/2021,AFENAX 100MG, 3.46 ," (1,980.00)"," (6,850.80)", -   ," (6,850.80)", 595.00 ," 2,058.70 "," (8,909.50)",130%
Batangas,PULL 2076,31/01/2021,OMEPZOL 20MG, 5.00 ," (3,000.00)"," (15,000.00)", -   ," (15,000.00)", 96.00 , 480.00 ," (15,480.00)",103%
Batangas,22346,18/01/2021,ENERGEL SOFTGEL, 5.00 ," 1,680.00 "," 8,400.00 ", -   ," 8,400.00 ", 565.13 ," 2,825.65 "," 5,574.35 ",66%
Batangas,22346,18/01/2021,METMIC 500MG, 2.00 , 700.00 ," 1,400.00 ", -   ," 1,400.00 ", 227.50 , 455.00 , 945.00 ,68%
Batangas,22346,18/01/2021,XYNETRIX CHEWABLE TABLET, 1.00 , 950.00 , 950.00 , -   , 950.00 , 450.00 , 450.00 , 500.00 ,53%
Batangas,22340,14/01/2021,DOLO JAGA 500MG/50MG/100MG/100MCG, 5.00 ," 1,800.00 "," 9,000.00 ", -   ," 9,000.00 ", 615.00 ," 3,075.00 "," 5,925.00 ",66%
Batangas,22340,14/01/2021,CINNABLOC 25MG, 3.00 , 550.00 ," 1,650.00 ", -   ," 1,650.00 ", 133.00 , 399.00 ," 1,251.00 ",76%
Batangas,22339,14/01/2021,CINNABLOC 75MG, 9.00 , 176.00 ," 1,584.00 ", -   ," 1,584.00 ", 40.00 , 360.00 ," 1,224.00 ",77%
Batangas,22341,14/01/2021,CEPROTRON 500MG, 6.00 ," 1,925.00 "," 11,550.00 ", -   ," 11,550.00 ", 550.00 ," 3,300.00 "," 8,250.00 ",71%
Batangas,22342,14/01/2021,LACTAMOX 500MG/125MG TAB, 2.00 ," 3,000.00 "," 6,000.00 ", -   ," 6,000.00 "," 1,047.86 "," 2,095.72 "," 3,904.28 ",65%
Batangas,22342,14/01/2021,AFENAX 100MG, 4.00 ," 1,980.00 "," 7,920.00 ", -   ," 7,920.00 ", 595.00 ," 2,380.00 "," 5,540.00 ",70%
Batangas,22343,14/01/2021,DOLO JAGA 500MG/50MG/100MG/100MCG, 5.00 ," 1,800.00 "," 9,000.00 ", -   ," 9,000.00 ", 615.00 ," 3,075.00 "," 5,925.00 ",66%
Batangas,22344,14/01/2021,CEPROTRON 500MG, 6.00 ," 1,925.00 "," 11,550.00 ", -   ," 11,550.00 ", 550.00 ," 3,300.00 "," 8,250.00 ",71%
Batangas,22345,14/01/2021,TRIZEF 100MG, 3.00 ," 5,400.00 "," 16,200.00 ", -   ," 16,200.00 "," 1,272.73 "," 3,818.19 "," 12,381.81 ",76%
Cam Norte,DR 023106,31/12/2021,ISORANE 100% V/V 100ML, 6.00 ," 6,000.00 "," 36,000.00 ", -   ," 36,000.00 "," 1,700.00 "," 10,200.00 "," 25,800.00 ",72%
Cam Norte,DR 023104,31/12/2021,SOLUNATE 84MG/ML (8.4%), 0.60 ," 5,650.00 "," 3,390.00 ", -   ," 3,390.00 "," 4,600.00 "," 2,760.00 ", 630.00 ,19%
Cam Norte,DR 023103,31/12/2021,ACCELAC 3.35G/5ML, 20.00 , 230.00 ," 4,600.00 ", -   ," 4,600.00 ", 126.50 ," 2,530.00 "," 2,070.00 ",45%
Cam Norte,DR 023108,31/12/2021,EVAPROST 250MCG/ML, 2.00 ," 5,500.00 "," 11,000.00 ", -   ," 11,000.00 "," 3,575.00 "," 7,150.00 "," 3,850.00 ",35%
Cam Norte,DR 023107,31/12/2021,HYCLENS GARGLE (60ML), 22.00 , 94.00 ," 2,068.00 ", -   ," 2,068.00 ", 65.00 ," 1,430.00 ", 638.00 ,31%
Cam Norte,DR 023102,31/12/2021,BUPIRIGHT AMPULE, 28.00 , 464.29 ," 13,000.00 ", -   ," 13,000.00 ", 185.00 ," 5,180.00 "," 7,820.00 ",60%
Cam Norte,DR 023105,31/12/2021,HYCLENS GARGLE (60ML), 50.00 , 94.00 ," 4,700.00 ", -   ," 4,700.00 ", 65.00 ," 3,250.00 "," 1,450.00 ",31%
Cam Norte,DR 023101,31/12/2021,HYCLENS GARGLE (60ML), 27.00 , 94.00 ," 2,538.00 ", -   ," 2,538.00 ", 65.00 ," 1,755.00 ", 783.00 ,31%
Cam Norte,DR 023098,31/12/2021,BUPIRIGHT AMPULE, 14.00 , 464.29 ," 6,500.00 ", -   ," 6,500.00 ", 185.00 ," 2,590.00 "," 3,910.00 ",60%
Cam Norte,DR 023096,31/12/2021,ACCELAC 3.35G/5ML, 5.00 , 230.00 ," 1,150.00 ", -   ," 1,150.00 ", 126.50 , 632.50 , 517.50 ,45%
Cam Norte,DR 023097,31/12/2021,ISORANE 100% V/V 100ML, 2.00 ," 3,800.00 "," 7,600.00 ", -   ," 7,600.00 "," 1,700.00 "," 3,400.00 "," 4,200.00 ",55%
Cam Norte,DR 023100,31/12/2021,EVAPROST 250MCG/ML, 3.00 ," 5,500.00 "," 16,500.00 ", -   ," 16,500.00 "," 3,575.00 "," 10,725.00 "," 5,775.00 ",35%
Cam Norte,DR 023099,31/12/2021,BUPIRIGHT AMPULE, 14.00 , 464.29 ," 6,500.00 ", -   ," 6,500.00 ", 185.00 ," 2,590.00 "," 3,910.00 ",60%
Cam Norte,DR 023091,30/11/2021,BUPIRIGHT AMPULE, 20.00 , 775.00 ," 15,500.00 ", -   ," 15,500.00 ", 185.00 ," 3,700.00 "," 11,800.00 ",76%
Cam Norte,DR 023092,30/11/2021,CETHERGO 200MCG, 1.00 ," 3,400.00 "," 3,400.00 ", -   ," 3,400.00 "," 1,250.00 "," 1,250.00 "," 2,150.00 ",63%
Cam Norte,DR 023090,30/11/2021,BUPIRIGHT AMPULE, 50.00 , 715.00 ," 35,750.00 ", -   ," 35,750.00 ", 185.00 ," 9,250.00 "," 26,500.00 ",74%
Cam Norte,DR 023086,30/11/2021,BUPIRIGHT AMPULE, 28.00 , 464.29 ," 13,000.00 ", -   ," 13,000.00 ", 185.00 ," 5,180.00 "," 7,820.00 ",60%
Cam Norte,DR 023088,30/11/2021,HYCLENS GARGLE (60ML), 30.00 , 94.00 ," 2,820.00 ", -   ," 2,820.00 ", 65.00 ," 1,950.00 ", 870.00 ,31%
Cam Norte,DR 023087,30/11/2021,AMPI-1, 2.00 , 250.00 , 500.00 , -   , 500.00 , 125.00 , 250.00 , 250.00 ,50%
Cam Norte,DR 023089,30/11/2021,EVAPROST 250MCG/ML, 2.00 ," 5,500.00 "," 11,000.00 ", -   ," 11,000.00 "," 3,575.00 "," 7,150.00 "," 3,850.00 ",35%
Cam Norte,DR 023094,30/11/2021,SOLUNATE 84MG/ML (8.4%), 0.40 ," 5,850.00 "," 2,340.00 ", -   ," 2,340.00 "," 4,600.00 "," 1,840.00 ", 500.00 ,21%
Cam Norte,DR 023093,30/11/2021,CINNABLOC 25MG, 2.00 , 500.00 ," 1,000.00 ", -   ," 1,000.00 ", 133.00 , 266.00 , 734.00 ,73%
Cam Norte,DR 023069,15/11/2021,BUPIRIGHT AMPULE, 10.00 , 650.00 ," 6,500.00 ", -   ," 6,500.00 ", 185.00 ," 1,850.00 "," 4,650.00 ",72%
Cam Norte,DR 023078,15/11/2021,CINNABLOC 25MG, 2.00 , 500.00 ," 1,000.00 ", -   ," 1,000.00 ", 133.00 , 266.00 , 734.00 ,73%
Cam Norte,DR 023078,15/11/2021,CLOXANE 500MG CAP, 1.00 ," 1,800.00 "," 1,800.00 ", -   ," 1,800.00 ", 224.25 , 224.25 ," 1,575.75 ",88%
Cam Norte,DR 023078,15/11/2021,RESPINAL 500MG, 6.00 ," 1,500.00 "," 9,000.00 ", -   ," 9,000.00 ", 425.00 ," 2,550.00 "," 6,450.00 ",72%
Cam Norte,DR 023078,15/11/2021,HEMOSTAP 500mg, 3.00 , 835.00 ," 2,505.00 ", -   ," 2,505.00 ", 420.00 ," 1,260.00 "," 1,245.00 ",50%
Cam Norte,DR 023078,15/11/2021,METMIC 500MG, 6.00 , 750.00 ," 4,500.00 ", -   ," 4,500.00 ", 227.50 ," 1,365.00 "," 3,135.00 ",70%
Cam Norte,DR 023078,15/11/2021,DOLO JAGA 500MG/50MG/100MG/100MCG, 2.00 ," 1,600.00 "," 3,200.00 ", -   ," 3,200.00 ", 615.00 ," 1,230.00 "," 1,970.00 ",62%
Cam Norte,DR 023078,15/11/2021,HISTARIL 1MG/50MG/5ML SYR, 6.00 , 80.00 , 480.00 , -   , 480.00 , 22.30 , 133.80 , 346.20 ,72%
Cam Norte,DR 023078,15/11/2021,BROADMETZ 125MG/5ML SUS, 6.00 , 79.00 , 474.00 , -   , 474.00 , 36.00 , 216.00 , 258.00 ,54%
Cam Norte,DR 023085,15/11/2021,BUPIRIGHT AMPULE, 20.00 , 775.00 ," 15,500.00 ", -   ," 15,500.00 ", 185.00 ," 3,700.00 "," 11,800.00 ",76%
Cam Norte,DR 023084,08/11/2021,HYCLENS GARGLE (60ML), 16.00 , 100.00 ," 1,600.00 ", -   ," 1,600.00 ", 65.00 ," 1,040.00 ", 560.00 ,35%
Cam Norte,DR 023083,08/11/2021,BUPIRIGHT AMPULE, 14.00 , 464.29 ," 6,500.00 ", -   ," 6,500.00 ", 185.00 ," 2,590.00 "," 3,910.00 ",60%
Cam Norte,DR 023079,08/11/2021,BUPIRIGHT AMPULE, 14.00 , 464.29 ," 6,500.00 ", -   ," 6,500.00 ", 185.00 ," 2,590.00 "," 3,910.00 ",60%
Cam Norte,DR 023080,08/11/2021,HYCLENS GARGLE (60ML), 20.00 , 100.00 ," 2,000.00 ", -   ," 2,000.00 ", 65.00 ," 1,300.00 ", 700.00 ,35%
Cam Norte,DR 023081,08/11/2021,CETHERGO 200MCG, 0.40 ," 3,400.00 "," 1,360.00 ", -   ," 1,360.00 "," 1,250.00 ", 500.00 , 860.00 ,63%
Cam Norte,DR 023082,08/11/2021,BUPIRIGHT AMPULE, 50.00 , 775.00 ," 38,750.00 ", -   ," 38,750.00 ", 185.00 ," 9,250.00 "," 29,500.00 ",76%
Cam Norte,DR 023077,30/09/2021,CLOXANE 500MG CAP, 2.00 ," 1,800.00 "," 3,600.00 ", -   ," 3,600.00 ", 224.25 , 448.50 ," 3,151.50 ",88%
Cam Norte,DR 023074,30/09/2021,ERGON 125MCG, 2.00 , 450.00 , 900.00 , -   , 900.00 , 133.33 , 266.66 , 633.34 ,70%
Cam Norte,DR 023075,30/09/2021,BUPIRIGHT AMPULE, 10.00 , 775.00 ," 7,750.00 ", -   ," 7,750.00 ", 185.00 ," 1,850.00 "," 5,900.00 ",76%
Cam Norte,DR 023061,30/09/2021,EVAPROST 250MCG/ML, 3.00 ," 5,500.00 "," 16,500.00 ", -   ," 16,500.00 "," 3,575.00 "," 10,725.00 "," 5,775.00 ",35%
Cam Norte,DR 023062,30/09/2021,HYCLENS GARGLE (60ML), 10.00 , 100.00 ," 1,000.00 ", -   ," 1,000.00 ", 65.00 , 650.00 , 350.00 ,35%
Cam Norte,DR 023063,30/09/2021,ISORANE 100% V/V 100ML, 2.00 ," 3,800.00 "," 7,600.00 ", -   ," 7,600.00 "," 1,700.00 "," 3,400.00 "," 4,200.00 ",55%
Cam Norte,DR 023076,30/09/2021,HYCLENS GARGLE (60ML), 20.00 , 100.00 ," 2,000.00 ", -   ," 2,000.00 ", 65.00 ," 1,300.00 ", 700.00 ,35%
Cam Norte,DR 023070,30/09/2021,BUPIRIGHT AMPULE, 14.00 , 464.29 ," 6,500.00 ", -   ," 6,500.00 ", 185.00 ," 2,590.00 "," 3,910.00 ",60%
Cam Norte,DR 023068,30/09/2021,HYCLENS GARGLE (60ML), 12.00 , 100.00 ," 1,200.00 ", -   ," 1,200.00 ", 65.00 , 780.00 , 420.00 ,35%
Cam Norte,DR 023073,30/09/2021,JAGAPLEX TAB, 2.00 ," 1,180.00 "," 2,360.00 ", -   ," 2,360.00 ", 395.00 , 790.00 ," 1,570.00 ",67%
Cam Norte,DR 023073,30/09/2021,DOLO JAGA 500MG/50MG/100MG/100MCG, 2.00 ," 1,600.00 "," 3,200.00 ", -   ," 3,200.00 ", 615.00 ," 1,230.00 "," 1,970.00 ",62%
Cam Norte,DR 023073,30/09/2021,RESPINAL 500MG, 1.00 ," 1,500.00 "," 1,500.00 ", -   ," 1,500.00 ", 425.00 , 425.00 ," 1,075.00 ",72%
Cam Norte,DR 023073,30/09/2021,METMIC 500MG, 2.00 , 750.00 ," 1,500.00 ", -   ," 1,500.00 ", 227.50 , 455.00 ," 1,045.00 ",70%
Cam Norte,DR 023073,30/09/2021,BROADMETZ 100MG/ML DROPS, 2.00 ," 1,080.00 "," 2,160.00 ", -   ," 2,160.00 ", 31.06 , 62.12 ," 2,097.88 ",97%
Cam Norte,DR 023072,30/09/2021,CINNABLOC 25MG, 2.00 , 500.00 ," 1,000.00 ", -   ," 1,000.00 ", 133.00 , 266.00 , 734.00 ,73%
Cam Norte,DR 023071,30/09/2021,BUPIRIGHT AMPULE, 10.00 , 775.00 ," 7,750.00 ", -   ," 7,750.00 ", 185.00 ," 1,850.00 "," 5,900.00 ",76%
Cam Norte,DR 023067,30/09/2021,BUPIRIGHT AMPULE, 50.00 , 775.00 ," 38,750.00 ", -   ," 38,750.00 ", 185.00 ," 9,250.00 "," 29,500.00 ",76%
Cam Norte,DR 023066,30/09/2021,AMPI-1, 3.00 , 250.00 , 750.00 , -   , 750.00 , 125.00 , 375.00 , 375.00 ,50%
Cam Norte,DR 023065,30/09/2021,CETHERGO 200MCG, 0.20 ," 3,400.00 ", 680.00 , -   , 680.00 ," 1,250.00 ", 250.00 , 430.00 ,63%
Cam Norte,DR 023064,30/09/2021,ACCELAC 3.35G/5ML, 15.00 , 230.00 ," 3,450.00 ", -   ," 3,450.00 ", 126.50 ," 1,897.50 "," 1,552.50 ",45%
Cam Norte,DR 023058,06/09/2021,CETHERGO 200MCG, 0.20 ," 3,400.00 ", 680.00 , -   , 680.00 ," 1,250.00 ", 250.00 , 430.00 ,63%
Cam Norte,DR 023056,06/09/2021,AMPI-1, 0.10 ," 2,500.00 ", 250.00 , -   , 250.00 , 125.00 , 12.50 , 237.50 ,95%
Cam Norte,DR 023057,06/09/2021,HYCLENS GARGLE (60ML), 30.00 , 100.00 ," 3,000.00 ", -   ," 3,000.00 ", 65.00 ," 1,950.00 "," 1,050.00 ",35%
Cam Norte,DR 023055,06/09/2021,ISORANE 100% V/V 100ML, 2.00 ," 3,800.00 "," 7,600.00 ", -   ," 7,600.00 "," 1,700.00 "," 3,400.00 "," 4,200.00 ",55%
Cam Norte,DR 023054,06/09/2021,BUPIRIGHT AMPULE, 14.00 , 464.29 ," 6,500.00 ", -   ," 6,500.00 ", 185.00 ," 2,590.00 "," 3,910.00 ",60%
Cam Norte,DR 023053,06/09/2021,BUPIRIGHT AMPULE, 14.00 , 464.29 ," 6,500.00 ", -   ," 6,500.00 ", 185.00 ," 2,590.00 "," 3,910.00 ",60%
Cam Norte,DR 023052,31/08/2021,BUPIRIGHT AMPULE, 14.00 , 464.29 ," 6,500.00 ", -   ," 6,500.00 ", 185.00 ," 2,590.00 "," 3,910.00 ",60%
Cam Norte,DR 22300,31/08/2021,BUPIRIGHT AMPULE, 14.00 , 464.29 ," 6,500.00 ", -   ," 6,500.00 ", 185.00 ," 2,590.00 "," 3,910.00 ",60%
Cam Norte,DR 023051,31/08/2021,HYCLENS GARGLE (60ML), 20.00 , 100.00 ," 2,000.00 ", -   ," 2,000.00 ", 65.00 ," 1,300.00 ", 700.00 ,35%
Cam Norte,DR 22298,31/08/2021,CETHERGO 200MCG, 0.20 ," 3,400.00 ", 680.00 , -   , 680.00 ," 1,250.00 ", 250.00 , 430.00 ,63%
Cam Norte,DR 22299,31/08/2021,CINNABLOC 25MG, 1.00 , 500.00 , 500.00 , -   , 500.00 , 133.00 , 133.00 , 367.00 ,73%
Cam Norte,DR 22297,31/08/2021,BUPIRIGHT AMPULE, 50.00 , 775.00 ," 38,750.00 ", -   ," 38,750.00 ", 185.00 ," 9,250.00 "," 29,500.00 ",76%
Cam Norte,DR 22293,31/08/2021,ISORANE 100% V/V 100ML, 3.00 ," 6,250.00 "," 18,750.00 ", -   ," 18,750.00 "," 1,700.00 "," 5,100.00 "," 13,650.00 ",73%
Cam Norte,DR 22294,31/08/2021,BUPIRIGHT AMPULE, 15.00 , 775.00 ," 11,625.00 ", -   ," 11,625.00 ", 185.00 ," 2,775.00 "," 8,850.00 ",76%
Cam Norte,DR 22295,31/08/2021,ISORANE 100% V/V 100ML, 2.00 ," 3,800.00 "," 7,600.00 ", -   ," 7,600.00 "," 1,700.00 "," 3,400.00 "," 4,200.00 ",55%
Cam Norte,DR 22296,31/08/2021,MULTI GROW 30ML DROPS, 30.00 , 116.67 ," 3,500.00 ", -   ," 3,500.00 ", 70.00 ," 2,100.00 "," 1,400.00 ",40%
Cam Norte,DR 023060,31/08/2021,EVAPROST 250MCG/ML, 3.00 ," 5,760.00 "," 17,280.00 ", -   ," 17,280.00 "," 3,575.00 "," 10,725.00 "," 6,555.00 ",38%
Cam Norte,DR 023059,31/08/2021,ISORANE 100% V/V 100ML, 6.00 ," 6,250.00 "," 37,500.00 ", -   ," 37,500.00 "," 1,700.00 "," 10,200.00 "," 27,300.00 ",73%
Cam Norte,DR 22283,31/07/2021,BUPIRIGHT AMPULE, 50.00 , 775.00 ," 38,750.00 ", -   ," 38,750.00 ", 185.00 ," 9,250.00 "," 29,500.00 ",76%
Cam Norte,DR 22292,31/07/2021,MIXCLAV 250mg, 11.00 , 350.00 ," 3,850.00 ", -   ," 3,850.00 ", 90.00 , 990.00 ," 2,860.00 ",74%
Cam Norte,DR 22292,31/07/2021,RESPINAL 500MG, 2.00 ," 1,500.00 "," 3,000.00 ", -   ," 3,000.00 ", 425.00 , 850.00 ," 2,150.00 ",72%
Cam Norte,DR 22291,31/07/2021,DOLO JAGA 500MG/50MG/100MG/100MCG, 1.00 ," 1,600.00 "," 1,600.00 ", -   ," 1,600.00 ", 615.00 , 615.00 , 985.00 ,62%
Cam Norte,DR 22291,31/07/2021,METMIC 500MG, 2.00 , 750.00 ," 1,500.00 ", -   ," 1,500.00 ", 227.50 , 455.00 ," 1,045.00 ",70%
Cam Norte,DR 22291,31/07/2021,BROADMETZ 500MG CAP, 1.00 ," 1,080.00 "," 1,080.00 ", -   ," 1,080.00 ", 319.00 , 319.00 , 761.00 ,70%
Cam Norte,DR 22291,31/07/2021,CINNABLOC 25MG, 1.00 , 500.00 , 500.00 , -   , 500.00 , 133.00 , 133.00 , 367.00 ,73%
Cam Norte,DR 22288,31/07/2021,DULAX 3.35MG, 13.00 , 230.00 ," 2,990.00 ", -   ," 2,990.00 ", 95.00 ," 1,235.00 "," 1,755.00 ",59%
Cam Norte,DR 22290,31/07/2021,EVAPROST 250MCG/ML, 3.00 ," 5,500.00 "," 16,500.00 ", -   ," 16,500.00 "," 3,575.00 "," 10,725.00 "," 5,775.00 ",35%
Cam Norte,DR 22287,31/07/2021,BUPIRIGHT AMPULE, 28.00 , 464.29 ," 13,000.00 ", -   ," 13,000.00 ", 185.00 ," 5,180.00 "," 7,820.00 ",60%
Cam Norte,DR 22271,31/07/2021,BUPIRIGHT AMPULE, 14.00 , 464.29 ," 6,500.00 ", -   ," 6,500.00 ", 185.00 ," 2,590.00 "," 3,910.00 ",60%
Cam Norte,DR 22289,31/07/2021,AMPI-1, 2.00 , 250.00 , 500.00 , -   , 500.00 , 125.00 , 250.00 , 250.00 ,50%
Cam Norte,DR 22286,31/07/2021,ISORANE 100% V/V 100ML, 2.00 ," 3,800.00 "," 7,600.00 ", -   ," 7,600.00 "," 1,700.00 "," 3,400.00 "," 4,200.00 ",55%
Cam Norte,DR 22285,31/07/2021,BUPIRIGHT AMPULE, 14.00 , 464.29 ," 6,500.00 ", -   ," 6,500.00 ", 185.00 ," 2,590.00 "," 3,910.00 ",60%
Cam Norte,DR 22284,31/07/2021,HEMOSTAP 500mg, 4.00 ," 1,800.00 "," 7,200.00 ", -   ," 7,200.00 ", 420.00 ," 1,680.00 "," 5,520.00 ",77%
Cam Norte,DR 22284,31/07/2021,METMIC 500MG, 6.00 , 750.00 ," 4,500.00 ", -   ," 4,500.00 ", 227.50 ," 1,365.00 "," 3,135.00 ",70%
Cam Norte,DR 22284,31/07/2021,BROADMETZ 500MG CAP, 2.00 ," 1,070.00 "," 2,140.00 ", -   ," 2,140.00 ", 319.00 , 638.00 ," 1,502.00 ",70%
Cam Norte,DR 22284,31/07/2021,RESPINAL 500MG, 6.00 ," 1,500.00 "," 9,000.00 ", -   ," 9,000.00 ", 425.00 ," 2,550.00 "," 6,450.00 ",72%
Cam Norte,DR 22284,31/07/2021,DOLO JAGA 500MG/50MG/100MG/100MCG, 1.00 ," 1,600.00 "," 1,600.00 ", -   ," 1,600.00 ", 615.00 , 615.00 , 985.00 ,62%
Cam Norte,PULL 2276,16/07/2021,BUPIRIGHT AMPULE, 8.00 , 464.29 ," 3,714.32 ", -   ," 3,714.32 ", 185.00 ," 1,480.00 "," 2,234.32 ",60%
Cam Norte,DR 22269,15/07/2021,SOLUNATE 84MG/ML (8.4%), 0.40 ," 12,000.00 "," 4,800.00 ", -   ," 4,800.00 "," 4,600.00 "," 1,840.00 "," 2,960.00 ",62%
Cam Norte,DR 22278,05/07/2021,ISORANE 100% V/V 100ML, 2.00 ," 3,800.00 "," 7,600.00 ", -   ," 7,600.00 "," 1,700.00 "," 3,400.00 "," 4,200.00 ",55%
Cam Norte,DR 22270,05/07/2021,ZINACARE 750MG W/O DILUENT, 10.00 , 250.00 ," 2,500.00 ", -   ," 2,500.00 ", 15.00 , 150.00 ," 2,350.00 ",94%
Cam Norte,DR 22268,05/07/2021,DULAX 3.35MG, 10.00 , 230.00 ," 2,300.00 ", -   ," 2,300.00 ", 95.00 , 950.00 ," 1,350.00 ",59%
Cam Norte,DR 22277,05/07/2021,DULAX 3.35MG, 20.00 , 230.00 ," 4,600.00 ", -   ," 4,600.00 ", 95.00 ," 1,900.00 "," 2,700.00 ",59%
Cam Norte,DR 22280,05/07/2021,EVAPROST 250MCG/ML, 2.00 ," 5,500.00 "," 11,000.00 ", -   ," 11,000.00 "," 3,575.00 "," 7,150.00 "," 3,850.00 ",35%
Cam Norte,DR 22279,05/07/2021,ISORANE 100% V/V 100ML, 2.00 ," 3,800.00 "," 7,600.00 ", -   ," 7,600.00 "," 1,700.00 "," 3,400.00 "," 4,200.00 ",55%
Cam Norte,DR 22273,05/07/2021,ZINACARE 750MG W/O DILUENT, 20.00 , 250.00 ," 5,000.00 ", -   ," 5,000.00 ", 15.00 , 300.00 ," 4,700.00 ",94%
Cam Norte,DR 22272,05/07/2021,HISTARIL 1MG/50MG/5ML SYR, 12.00 , 80.00 , 960.00 , -   , 960.00 , 22.30 , 267.60 , 692.40 ,72%
Cam Norte,DR 22274,05/07/2021,BUPIRIGHT AMPULE, 14.00 , 464.29 ," 6,500.00 ", -   ," 6,500.00 ", 185.00 ," 2,590.00 "," 3,910.00 ",60%
Cam Norte,DR 22282,05/07/2021,BUPIRIGHT AMPULE, 30.00 , 775.00 ," 23,250.00 ", -   ," 23,250.00 ", 185.00 ," 5,550.00 "," 17,700.00 ",76%
Cam Norte,DR 22281,05/07/2021,ISORANE 100% V/V 100ML, 6.00 ," 6,250.00 "," 37,500.00 ", -   ," 37,500.00 "," 1,700.00 "," 10,200.00 "," 27,300.00 ",73%
Cam Norte,DR 22276,05/07/2021,EVAPROST 250MCG/ML, 3.00 ," 5,760.00 "," 17,280.00 ", -   ," 17,280.00 "," 3,575.00 "," 10,725.00 "," 6,555.00 ",38%
Cam Norte,DR 22275,05/07/2021,BUPIRIGHT AMPULE, 30.00 , 775.00 ," 23,250.00 ", -   ," 23,250.00 ", 185.00 ," 5,550.00 "," 17,700.00 ",76%
Cam Norte,DR 22267,05/07/2021,BUPIRIGHT AMPULE, 17.00 , 775.00 ," 13,175.00 ", -   ," 13,175.00 ", 185.00 ," 3,145.00 "," 10,030.00 ",76%
Cam Norte,DR 22193,05/07/2021,SOLUNATE 84MG/ML (8.4%), 0.40 ," 12,000.00 "," 4,800.00 ", -   ," 4,800.00 "," 4,600.00 "," 1,840.00 "," 2,960.00 ",62%
Cam Norte,DR 22194,05/07/2021,BUPIRIGHT AMPULE, 28.00 , 464.29 ," 13,000.00 ", -   ," 13,000.00 ", 185.00 ," 5,180.00 "," 7,820.00 ",60%
Cam Norte,DR 22264,10/05/2021,ISORANE 100% V/V 100ML, 4.00 ," 6,250.00 "," 25,000.00 ", -   ," 25,000.00 "," 1,700.00 "," 6,800.00 "," 18,200.00 ",73%
Cam Norte,44323,10/05/2021,BUPIRIGHT AMPULE, 14.00 , 464.29 ," 6,500.00 ", -   ," 6,500.00 ", 185.00 ," 2,590.00 "," 3,910.00 ",60%
Cam Norte,DR 22266,10/05/2021,SOLUNATE 84MG/ML (8.4%), 0.20 ," 12,000.00 "," 2,400.00 ", -   ," 2,400.00 "," 4,600.00 ", 920.00 ," 1,480.00 ",62%
Cam Norte,DR 22265,10/05/2021,BUPIRIGHT AMPULE, 14.00 , 464.29 ," 6,500.00 ", -   ," 6,500.00 ", 185.00 ," 2,590.00 "," 3,910.00 ",60%
Cam Norte,DR 22192,30/04/2021,MULTI GROW 30ML DROPS, 30.00 , 116.67 ," 3,500.00 ", -   ," 3,500.00 ", 70.00 ," 2,100.00 "," 1,400.00 ",40%
Cam Norte,DR 22195,30/04/2021,HEMOSTAP 500mg, 4.00 ," 1,500.00 "," 6,000.00 ", -   ," 6,000.00 ", 420.00 ," 1,680.00 "," 4,320.00 ",72%
Cam Norte,DR 22195,30/04/2021,METMIC 500MG, 3.00 , 750.00 ," 2,250.00 ", -   ," 2,250.00 ", 227.50 , 682.50 ," 1,567.50 ",70%
Cam Norte,DR 22199,30/04/2021,BUPIRIGHT AMPULE, 30.00 , 775.00 ," 23,250.00 ", -   ," 23,250.00 ", 185.00 ," 5,550.00 "," 17,700.00 ",76%
Cam Norte,DR 22188,30/04/2021,EVAPROST 250MCG/ML, 2.00 ," 5,500.00 "," 11,000.00 ", -   ," 11,000.00 "," 3,575.00 "," 7,150.00 "," 3,850.00 ",35%
Cam Norte,DR 22191,30/04/2021,DULAX 3.35MG, 20.00 , 230.00 ," 4,600.00 ", -   ," 4,600.00 ", 95.00 ," 1,900.00 "," 2,700.00 ",59%
Cam Norte,DR 22200,30/04/2021,DOLO JAGA 500MG/50MG/100MG/100MCG, 1.00 ," 1,600.00 "," 1,600.00 ", -   ," 1,600.00 ", 615.00 , 615.00 , 985.00 ,62%
Cam Norte,DR 22200,30/04/2021,JAGA 300MG/100MG/100MCG, 1.00 ," 1,200.00 "," 1,200.00 ", -   ," 1,200.00 ", 530.00 , 530.00 , 670.00 ,56%
Cam Norte,DR 22200,30/04/2021,JAGAPLEX TAB, 3.00 ," 1,185.00 "," 3,555.00 ", -   ," 3,555.00 ", 395.00 ," 1,185.00 "," 2,370.00 ",67%
Cam Norte,DR 22200,30/04/2021,CINNABLOC 25MG, 1.00 , 500.00 , 500.00 , -   , 500.00 , 133.00 , 133.00 , 367.00 ,73%
Cam Norte,DR 22200,30/04/2021,BROADMETZ 500MG CAP, 1.00 ," 1,080.00 "," 1,080.00 ", -   ," 1,080.00 ", 319.00 , 319.00 , 761.00 ,70%
Cam Norte,DR 22200,30/04/2021,METMIC 500MG, 2.00 , 750.00 ," 1,500.00 ", -   ," 1,500.00 ", 227.50 , 455.00 ," 1,045.00 ",70%
Cam Norte,DR 22200,30/04/2021,RESPINAL 500MG, 2.00 ," 1,800.00 "," 3,600.00 ", -   ," 3,600.00 ", 425.00 , 850.00 ," 2,750.00 ",76%
Cam Norte,DR 22200,30/04/2021,CLOXANE 500MG CAP, 1.00 ," 1,800.00 "," 1,800.00 ", -   ," 1,800.00 ", 224.25 , 224.25 ," 1,575.75 ",88%
Cam Norte,DR 22197,30/04/2021,ZINACARE 750MG W/O DILUENT, 20.00 , 250.00 ," 5,000.00 ", -   ," 5,000.00 ", 15.00 , 300.00 ," 4,700.00 ",94%
Cam Norte,DR 22198,30/04/2021,GENTACARE 40MG, 2.00 ," 4,200.00 "," 8,400.00 ", -   ," 8,400.00 ", 50.00 , 100.00 ," 8,300.00 ",99%
Cam Norte,DR 22196,30/04/2021,BUPIRIGHT AMPULE, 28.00 , 464.29 ," 13,000.00 ", -   ," 13,000.00 ", 185.00 ," 5,180.00 "," 7,820.00 ",60%
Cam Norte,DR 22263,30/04/2021,TERMAGEN 100MG/ML, 6.00 , 105.00 , 630.00 , -   , 630.00 , 29.18 , 175.08 , 454.92 ,72%
Cam Norte,DR 22263,30/04/2021,HISTARIL 2MG/100MG CAP, 2.00 , 800.00 ," 1,600.00 ", -   ," 1,600.00 ", 225.00 , 450.00 ," 1,150.00 ",72%
Cam Norte,DR 22263,30/04/2021,HISTARIL 1MG/50MG/5ML SYR, 6.00 , 80.00 , 480.00 , -   , 480.00 , 22.30 , 133.80 , 346.20 ,72%
Cam Norte,DR 22263,30/04/2021,DOLO JAGA 500MG/50MG/100MG/100MCG, 1.00 ," 1,600.00 "," 1,600.00 ", -   ," 1,600.00 ", 615.00 , 615.00 , 985.00 ,62%
Cam Norte,DR 22263,30/04/2021,BROADMETZ 100MG/ML DROPS, 6.00 , 101.00 , 606.00 , -   , 606.00 , 31.06 , 186.36 , 419.64 ,69%
Cam Norte,DR 22263,30/04/2021,RESPINAL 500MG, 5.00 ," 1,500.00 "," 7,500.00 ", -   ," 7,500.00 ", 425.00 ," 2,125.00 "," 5,375.00 ",72%
Cam Norte,DR 22263,30/04/2021,METMIC 500MG, 3.00 , 750.00 ," 2,250.00 ", -   ," 2,250.00 ", 227.50 , 682.50 ," 1,567.50 ",70%
Cam Norte,DR 22262,30/04/2021,DULAX 3.35MG, 20.00 , 230.00 ," 4,600.00 ", -   ," 4,600.00 ", 95.00 ," 1,900.00 "," 2,700.00 ",59%
Cam Norte,DR 22259,30/04/2021,SOLUNATE 84MG/ML (8.4%), 0.40 ," 12,000.00 "," 4,800.00 ", -   ," 4,800.00 "," 4,600.00 "," 1,840.00 "," 2,960.00 ",62%
Cam Norte,DR 22260,30/04/2021,AMPI-1, 1.00 ," 1,215.00 "," 1,215.00 ", -   ," 1,215.00 ", 125.00 , 125.00 ," 1,090.00 ",90%
Cam Norte,DR 22261,30/04/2021,BUPIRIGHT AMPULE, 28.00 , 464.29 ," 13,000.00 ", -   ," 13,000.00 ", 185.00 ," 5,180.00 "," 7,820.00 ",60%
Cam Norte,DR 22258,30/04/2021,EVAPROST 250MCG/ML, 2.00 ," 5,500.00 "," 11,000.00 ", -   ," 11,000.00 "," 3,575.00 "," 7,150.00 "," 3,850.00 ",35%
Cam Norte,22183,23/03/2021,BUPIRIGHT AMPULE, 14.00 , 464.29 ," 6,500.00 ", -   ," 6,500.00 ", 185.00 ," 2,590.00 "," 3,910.00 ",60%
Cam Norte,22190,23/03/2021,BUPIRIGHT AMPULE, 25.00 , 775.00 ," 19,375.00 ", -   ," 19,375.00 ", 185.00 ," 4,625.00 "," 14,750.00 ",76%
Cam Norte,22180,22/03/2021,BUPIRIGHT AMPULE, 14.00 , 464.29 ," 6,500.00 ", -   ," 6,500.00 ", 185.00 ," 2,590.00 "," 3,910.00 ",60%
Cam Norte,22187,22/03/2021,SOLVAPRINE 10MG, 10.00 , 240.00 ," 2,400.00 ", -   ," 2,400.00 ", 146.80 ," 1,468.00 ", 932.00 ,39%
Cam Norte,22181,22/03/2021,ISORANE 100% V/V 100ML, 2.00 ," 3,000.00 "," 6,000.00 ", -   ," 6,000.00 "," 1,700.00 "," 3,400.00 "," 2,600.00 ",43%
Cam Norte,22186,22/03/2021,SOLUNATE 84MG/ML (8.4%), 0.20 ," 12,000.00 "," 2,400.00 ", -   ," 2,400.00 "," 4,600.00 ", 920.00 ," 1,480.00 ",62%
Cam Norte,22185,22/03/2021,SOLUNATE 84MG/ML (8.4%), 0.20 ," 12,000.00 "," 2,400.00 ", -   ," 2,400.00 "," 4,600.00 ", 920.00 ," 1,480.00 ",62%
Cam Norte,22182,22/03/2021,ISORANE 100% V/V 100ML, 2.00 ," 3,000.00 "," 6,000.00 ", -   ," 6,000.00 "," 1,700.00 "," 3,400.00 "," 2,600.00 ",43%
Cam Norte,22184,22/03/2021,BUPIRIGHT AMPULE, 14.00 , 464.29 ," 6,500.00 ", -   ," 6,500.00 ", 185.00 ," 2,590.00 "," 3,910.00 ",60%
Cam Norte,22257,26/02/2021,ISORANE 100% V/V 100ML, 6.00 ," 6,250.00 "," 37,500.00 ", -   ," 37,500.00 "," 1,700.00 "," 10,200.00 "," 27,300.00 ",73%
Cam Norte,22176,26/02/2021,BROADMETZ 500MG CAP, 7.00 ," 1,070.00 "," 7,490.00 ", -   ," 7,490.00 ", 319.00 ," 2,233.00 "," 5,257.00 ",70%
Cam Norte,22176,26/02/2021,METMIC 500MG, 9.00 , 750.00 ," 6,750.00 ", -   ," 6,750.00 ", 227.50 ," 2,047.50 "," 4,702.50 ",70%
Cam Norte,22176,26/02/2021,RESPINAL 500MG, 7.00 ," 1,500.00 "," 10,500.00 ", -   ," 10,500.00 ", 425.00 ," 2,975.00 "," 7,525.00 ",72%
Cam Norte,22176,26/02/2021,DOLO JAGA 500MG/50MG/100MG/100MCG, 3.00 ," 1,600.00 "," 4,800.00 ", -   ," 4,800.00 ", 615.00 ," 1,845.00 "," 2,955.00 ",62%
Cam Norte,22176,26/02/2021,JAGA 300MG/100MG/100MCG, 2.00 ," 1,200.00 "," 2,400.00 ", -   ," 2,400.00 ", 530.00 ," 1,060.00 "," 1,340.00 ",56%
Cam Norte,22176,26/02/2021,CINNABLOC 25MG, 3.00 , 500.00 ," 1,500.00 ", -   ," 1,500.00 ", 133.00 , 399.00 ," 1,101.00 ",73%
Cam Norte,22176,26/02/2021,BROADMETZ 250MG/5ML SUS, 10.00 , 105.00 ," 1,050.00 ", -   ," 1,050.00 ", 40.25 , 402.50 , 647.50 ,62%
Cam Norte,22176,26/02/2021,RESPINAL 125MG/5ML, 5.00 , 120.00 , 600.00 , -   , 600.00 , 40.26 , 201.30 , 398.70 ,66%
Cam Norte,22178,26/02/2021,SOLUNATE 84MG/ML (8.4%), 0.20 ," 12,000.00 "," 2,400.00 ", -   ," 2,400.00 "," 4,600.00 ", 920.00 ," 1,480.00 ",62%
Cam Norte,22179,26/02/2021,BUPIRIGHT AMPULE, 14.00 , 464.29 ," 6,500.00 ", -   ," 6,500.00 ", 185.00 ," 2,590.00 "," 3,910.00 ",60%
Cam Norte,22255,26/02/2021,SOLUNATE 84MG/ML (8.4%), 0.30 ," 12,000.00 "," 3,600.00 ", -   ," 3,600.00 "," 4,600.00 "," 1,380.00 "," 2,220.00 ",62%
Cam Norte,22254,26/02/2021,SOLUNATE 84MG/ML (8.4%), 0.30 ," 12,000.00 "," 3,600.00 ", -   ," 3,600.00 "," 4,600.00 "," 1,380.00 "," 2,220.00 ",62%
Cam Norte,22253,26/02/2021,AMPI-1, 2.00 ," 1,215.00 "," 2,430.00 ", -   ," 2,430.00 ", 125.00 , 250.00 ," 2,180.00 ",90%
Cam Norte,22252,26/02/2021,DULAX 3.35MG, 10.00 , 230.00 ," 2,300.00 ", -   ," 2,300.00 ", 95.00 , 950.00 ," 1,350.00 ",59%
Cam Norte,22256,26/02/2021,BUPIRIGHT AMPULE, 14.00 , 464.29 ," 6,500.00 ", -   ," 6,500.00 ", 185.00 ," 2,590.00 "," 3,910.00 ",60%
Cam Norte,22251,26/02/2021,DULAX 3.35MG, 10.00 , 230.00 ," 2,300.00 ", -   ," 2,300.00 ", 95.00 , 950.00 ," 1,350.00 ",59%
Cam Norte,22177,26/02/2021,ISORANE 100% V/V 100ML, 2.00 ," 3,000.00 "," 6,000.00 ", -   ," 6,000.00 "," 1,700.00 "," 3,400.00 "," 2,600.00 ",43%
Cam Norte,22172,31/01/2021,BUPIRIGHT AMPULE, 30.00 , 775.00 ," 23,250.00 ", -   ," 23,250.00 ", 185.00 ," 5,550.00 "," 17,700.00 ",76%
Cam Norte,22175,28/01/2021,SOLUNATE 84MG/ML (8.4%), 0.20 ," 12,000.00 "," 2,400.00 ", -   ," 2,400.00 "," 4,600.00 ", 920.00 ," 1,480.00 ",62%
Cam Norte,22160,28/01/2021,ISORANE 100% V/V 100ML, 6.00 ," 6,250.00 "," 37,500.00 ", -   ," 37,500.00 "," 1,700.00 "," 10,200.00 "," 27,300.00 ",73%
Cam Norte,22161,18/01/2021,DOLO JAGA 500MG/50MG/100MG/100MCG, 1.00 ," 1,800.00 "," 1,800.00 ", -   ," 1,800.00 ", 615.00 , 615.00 ," 1,185.00 ",66%
Cam Norte,22161,18/01/2021,METMIC 500MG, 2.00 , 750.00 ," 1,500.00 ", -   ," 1,500.00 ", 227.50 , 455.00 ," 1,045.00 ",70%
Cam Norte,22161,18/01/2021,ANGEL-50 50MG, 1.00 , 600.00 , 600.00 , -   , 600.00 , 145.00 , 145.00 , 455.00 ,76%
Cam Norte,22161,18/01/2021,RESPINAL 250MG/5ML, 6.00 , 190.00 ," 1,140.00 ", -   ," 1,140.00 ", 53.08 , 318.48 , 821.52 ,72%
Cam Norte,22161,18/01/2021,RESPINAL 125MG/5ML, 6.00 , 120.00 , 720.00 , -   , 720.00 , 40.26 , 241.56 , 478.44 ,66%
Cam Norte,22169,14/01/2021,SOLUNATE 84MG/ML (8.4%), 0.40 ," 12,000.00 "," 4,800.00 ", -   ," 4,800.00 "," 4,600.00 "," 1,840.00 "," 2,960.00 ",62%
Cam Norte,22165,14/01/2021,BUPIRIGHT AMPULE, 30.00 , 775.00 ," 23,250.00 ", -   ," 23,250.00 ", 185.00 ," 5,550.00 "," 17,700.00 ",76%
Cam Norte,22163,14/01/2021,BUPIRIGHT AMPULE, 14.00 , 464.29 ," 6,500.00 ", -   ," 6,500.00 ", 185.00 ," 2,590.00 "," 3,910.00 ",60%
Cam Norte,22162,14/01/2021,BUPIRIGHT AMPULE, 14.00 , 464.29 ," 6,500.00 ", -   ," 6,500.00 ", 185.00 ," 2,590.00 "," 3,910.00 ",60%
Cam Norte,22164,14/01/2021,ISORANE 100% V/V 100ML, 2.00 ," 3,000.00 "," 6,000.00 ", -   ," 6,000.00 "," 1,700.00 "," 3,400.00 "," 2,600.00 ",43%
Cam Norte,22208,14/01/2021,SOLUNATE 84MG/ML (8.4%), 0.20 ," 12,000.00 "," 2,400.00 ", -   ," 2,400.00 "," 4,600.00 ", 920.00 ," 1,480.00 ",62%
Cam Norte,22168,14/01/2021,SOLUNATE 84MG/ML (8.4%), 0.20 ," 12,000.00 "," 2,400.00 ", -   ," 2,400.00 "," 4,600.00 ", 920.00 ," 1,480.00 ",62%
Cam Norte,22166,14/01/2021,BUPIRIGHT AMPULE, 14.00 , 464.29 ," 6,500.00 ", -   ," 6,500.00 ", 185.00 ," 2,590.00 "," 3,910.00 ",60%
Cam Norte,22167,14/01/2021,LAXFREE 120ML, 5.00 , 230.00 ," 1,150.00 ", -   ," 1,150.00 ", 109.75 , 548.75 , 601.25 ,52%
Cam Norte,22174,14/01/2021,BUPIRIGHT AMPULE, 14.00 , 464.29 ," 6,500.00 ", -   ," 6,500.00 ", 185.00 ," 2,590.00 "," 3,910.00 ",60%
Cam Norte,22173,14/01/2021,EVAPROST 250MCG/ML, 2.00 ," 5,500.00 "," 11,000.00 ", -   ," 11,000.00 "," 3,575.00 "," 7,150.00 "," 3,850.00 ",35%
Cam Norte,21584,14/01/2021,BUPIRIGHT AMPULE, 14.00 , 464.29 ," 6,500.00 ", -   ," 6,500.00 ", 185.00 ," 2,590.00 "," 3,910.00 ",60%
Cam Norte,22171,14/01/2021,SOLUNATE 84MG/ML (8.4%), 1.00 ," 12,500.00 "," 12,500.00 ", -   ," 12,500.00 "," 4,600.00 "," 4,600.00 "," 7,900.00 ",63%
Cam Norte,22238,14/01/2021,BUPIRIGHT AMPULE, 20.00 , 775.00 ," 15,500.00 ", -   ," 15,500.00 ", 185.00 ," 3,700.00 "," 11,800.00 ",76%
Cam Norte,22170,14/01/2021,EVAPROST 250MCG/ML, 3.00 ," 5,760.00 "," 17,280.00 ", -   ," 17,280.00 "," 3,575.00 "," 10,725.00 "," 6,555.00 ",38%
Cam Sur,DR 023213,20/12/2021,DOLO JAGA 500MG/50MG/100MG/100MCG, 2.00 ," 1,100.00 "," 2,200.00 ", -   ," 2,200.00 ", 615.00 ," 1,230.00 ", 970.00 ,44%
Cam Sur,DR 023214,20/12/2021,JAGA 300MG/100MG/100MCG, 2.00 ," 1,600.00 "," 3,200.00 ", -   ," 3,200.00 ", 530.00 ," 1,060.00 "," 2,140.00 ",67%
Cam Sur,DR 023215,20/12/2021,HISTARIL 1MG/50MG/5ML SYR, 12.00 , 88.00 ," 1,056.00 ", -   ," 1,056.00 ", 22.30 , 267.60 , 788.40 ,75%
Cam Sur,DR 023212,13/12/2021,BROXIL-M 15MG/5ML SYR, 15.00 , 105.00 ," 1,575.00 ", -   ," 1,575.00 ", 31.00 , 465.00 ," 1,110.00 ",70%
Cam Sur,DR 023212,13/12/2021,BROADMETZ 100MG/ML DROPS, 15.00 , 101.00 ," 1,515.00 ", -   ," 1,515.00 ", 31.06 , 465.90 ," 1,049.10 ",69%
Cam Sur,DR 023212,13/12/2021,CEPROTRON 500MG, 4.00 ," 1,750.00 "," 7,000.00 ", -   ," 7,000.00 ", 550.00 ," 2,200.00 "," 4,800.00 ",69%
Cam Sur,DR 023212,13/12/2021,EUROZINE 20MG, 5.00 ," 1,200.00 "," 6,000.00 ", -   ," 6,000.00 ", 190.00 , 950.00 ," 5,050.00 ",84%
Cam Sur,DR 023212,13/12/2021,CARDOWIN 1MG, 10.00 ," 1,340.00 "," 13,400.00 ", -   ," 13,400.00 ", 280.00 ," 2,800.00 "," 10,600.00 ",79%
Cam Sur,DR 023211,29/11/2021,MULTI GROW 120ML, 12.00 , 315.00 ," 3,780.00 ", -   ," 3,780.00 ", 90.00 ," 1,080.00 "," 2,700.00 ",71%
Cam Sur,DR 023211,29/11/2021,MULTI GROW 30ML DROPS, 12.00 , 241.50 ," 2,898.00 ", -   ," 2,898.00 ", 70.00 , 840.00 ," 2,058.00 ",71%
Cam Sur,DR 023207,22/11/2021,DOLO JAGA 500MG/50MG/100MG/100MCG, 10.00 ," 1,100.00 "," 11,000.00 ", -   ," 11,000.00 ", 615.00 ," 6,150.00 "," 4,850.00 ",44%
Cam Sur,DR 023208,22/11/2021,CEPROTRON 500MG, 3.00 ," 1,750.00 "," 5,250.00 ", -   ," 5,250.00 ", 550.00 ," 1,650.00 "," 3,600.00 ",69%
Cam Sur,DR 023208,22/11/2021,EUROXONE 1G, 10.00 , 400.00 ," 4,000.00 ", -   ," 4,000.00 ", 73.00 , 730.00 ," 3,270.00 ",82%
Cam Sur,DR 023208,22/11/2021,MERAZOL 40MG, 1.00 ," 1,300.00 "," 1,300.00 ", -   ," 1,300.00 ", 250.00 , 250.00 ," 1,050.00 ",81%
Cam Sur,DR 023208,22/11/2021,BUFEN 200MG/ML, 12.00 , 113.75 ," 1,365.00 ", -   ," 1,365.00 ", 35.00 , 420.00 , 945.00 ,69%
Cam Sur,DR 023208,22/11/2021,AMINOSOL 25MG/ML , 1.00 , 665.00 , 665.00 , -   , 665.00 , 132.30 , 132.30 , 532.70 ,80%
Cam Sur,DR 023208,22/11/2021,GENTAM 40MG, 1.00 , 420.00 , 420.00 , -   , 420.00 , 50.00 , 50.00 , 370.00 ,88%
Cam Sur,DR 023209,22/11/2021,AMPICARE 500MG/250MG, 1.00 ," 2,800.00 "," 2,800.00 ", -   ," 2,800.00 ", 280.00 , 280.00 ," 2,520.00 ",90%
Cam Sur,DR 023209,22/11/2021,BROXIL-M 15MG/5ML SYR, 12.00 , 105.00 ," 1,260.00 ", -   ," 1,260.00 ", 31.00 , 372.00 , 888.00 ,70%
Cam Sur,DR 023209,22/11/2021,METMIC 500MG, 2.00 , 550.00 ," 1,100.00 ", -   ," 1,100.00 ", 227.50 , 455.00 , 645.00 ,59%
Cam Sur,DR 023210,22/11/2021,JAGA 300MG/100MG/100MCG, 3.00 ," 1,600.00 "," 4,800.00 ", -   ," 4,800.00 ", 530.00 ," 1,590.00 "," 3,210.00 ",67%
Cam Sur,DR 023210,22/11/2021,ENCLOXIL 500MG, 2.00 ," 2,650.00 "," 5,300.00 ", -   ," 5,300.00 ", 780.00 ," 1,560.00 "," 3,740.00 ",71%
Cam Sur,PULL 1934,10/11/2021,CIXTOR-Z 500mg, (1.00), 735.00 , (735.00), -   , (735.00), 210.00 , (210.00), (525.00),71%
Cam Sur,DR 023205,31/10/2021,CIXTOR-Z 500mg, 5.00 , 735.00 ," 3,675.00 ", -   ," 3,675.00 ", 210.00 ," 1,050.00 "," 2,625.00 ",71%
Cam Sur,DR 023206,31/10/2021,ZETIFEN 250MG/5ML SYR, 12.00 , 110.00 ," 1,320.00 ", -   ," 1,320.00 ", 35.12 , 421.44 , 898.56 ,68%
Cam Sur,DR 023203,25/10/2021,EUROXONE 1G, 20.00 , 400.00 ," 8,000.00 ", -   ," 8,000.00 ", 73.00 ," 1,460.00 "," 6,540.00 ",82%
Cam Sur,DR 023204,25/10/2021,DOLO JAGA 500MG/50MG/100MG/100MCG, 3.00 ," 1,680.00 "," 5,040.00 ", -   ," 5,040.00 ", 615.00 ," 1,845.00 "," 3,195.00 ",63%
Cam Sur,DR 16800,18/10/2021,DOLO JAGA 500MG/50MG/100MG/100MCG, 10.00 ," 1,100.00 "," 11,000.00 ", -   ," 11,000.00 ", 615.00 ," 6,150.00 "," 4,850.00 ",44%
Cam Sur,DR 023202,18/10/2021,DOLO JAGA 500MG/50MG/100MG/100MCG, 3.00 ," 1,800.00 "," 5,400.00 ", -   ," 5,400.00 ", 615.00 ," 1,845.00 "," 3,555.00 ",66%
Cam Sur,DR 023202,18/10/2021,CIXTOR-Z 500mg, 3.00 , 735.00 ," 2,205.00 ", -   ," 2,205.00 ", 210.00 , 630.00 ," 1,575.00 ",71%
Cam Sur,DR 023201,18/10/2021,DUOTRAM 325MG/37.5MG, 5.00 ," 1,560.00 "," 7,800.00 ", -   ," 7,800.00 ", 520.00 ," 2,600.00 "," 5,200.00 ",67%
Cam Sur,DR 023201,18/10/2021,CEPROTRON 500MG, 5.00 ," 1,750.00 "," 8,750.00 ", -   ," 8,750.00 ", 550.00 ," 2,750.00 "," 6,000.00 ",69%
Cam Sur,DR 023201,18/10/2021,CIXTOR-Z 500mg, 7.00 , 735.00 ," 5,145.00 ", -   ," 5,145.00 ", 210.00 ," 1,470.00 "," 3,675.00 ",71%
Cam Sur,DR 023201,18/10/2021,BROADMETZ 100MG/ML DROPS, 14.00 , 101.00 ," 1,414.00 ", -   ," 1,414.00 ", 31.06 , 434.84 , 979.16 ,69%
Cam Sur,DR 16799,30/09/2021,EUROXONE 1G, 10.00 , 400.00 ," 4,000.00 ", -   ," 4,000.00 ", 73.00 , 730.00 ," 3,270.00 ",82%
Cam Sur,DR 16799,30/09/2021,ENCLOXIL 500MG, 2.00 ," 2,650.00 "," 5,300.00 ", -   ," 5,300.00 ", 780.00 ," 1,560.00 "," 3,740.00 ",71%
Cam Sur,DR 16799,30/09/2021,HYPHEN 50mg, 5.00 ," 2,400.00 "," 12,000.00 ", -   ," 12,000.00 ", 227.27 ," 1,136.35 "," 10,863.65 ",91%
Cam Sur,PULL 1933,10/09/2021,HISTARIL 2MG/100MG CAP, (1.24), 800.00 , (992.00), -   , (992.00), 225.00 , (279.00), (713.00),72%
Cam Sur,PULL 1933,10/09/2021,MONILIASOL 125MG/5ML, (0.71), 800.00 , (568.00), -   , (568.00), 36.76 , (26.10), (541.90),95%
Cam Sur,PULL 1933,10/09/2021,BUTADIL 2MG/5ML, (20.00), 42.50 , (850.00), -   , (850.00), 25.14 , (502.80), (347.20),41%
Cam Sur,PULL 1933,10/09/2021,JAGAPLEX SYR 120ML, (18.00), 87.50 ," (1,575.00)", -   ," (1,575.00)", 53.85 , (969.30), (605.70),38%
Cam Sur,DR 16795,06/09/2021,SUSTACHLOR 500MG, 5.00 ," 1,850.00 "," 9,250.00 ", -   ," 9,250.00 ", 447.50 ," 2,237.50 "," 7,012.50 ",76%
Cam Sur,DR 16795,06/09/2021,BROADMETZ 500MG CAP, 4.00 ," 1,070.00 "," 4,280.00 ", -   ," 4,280.00 ", 319.00 ," 1,276.00 "," 3,004.00 ",70%
Cam Sur,DR 16796,06/09/2021,DOLO JAGA 500MG/50MG/100MG/100MCG, 3.00 ," 1,800.00 "," 5,400.00 ", -   ," 5,400.00 ", 615.00 ," 1,845.00 "," 3,555.00 ",66%
Cam Sur,DR 16796,06/09/2021,JAGA 300MG/100MG/100MCG, 2.00 ," 1,600.00 "," 3,200.00 ", -   ," 3,200.00 ", 530.00 ," 1,060.00 "," 2,140.00 ",67%
Cam Sur,DR 16796,06/09/2021,BROADMETZ 500MG CAP, 1.00 ," 1,070.00 "," 1,070.00 ", -   ," 1,070.00 ", 319.00 , 319.00 , 751.00 ,70%
Cam Sur,DR 16796,06/09/2021,HISTARIL 1MG/50MG/5ML SYR, 24.00 , 88.00 ," 2,112.00 ", -   ," 2,112.00 ", 22.30 , 535.20 ," 1,576.80 ",75%
Cam Sur,DR 16796,06/09/2021,CIXTOR-Z 500mg, 1.00 , 735.00 , 735.00 , -   , 735.00 , 210.00 , 210.00 , 525.00 ,71%
Cam Sur,DR 16797,06/09/2021,DOLO JAGA 500MG/50MG/100MG/100MCG, 10.00 ," 1,100.00 "," 11,000.00 ", -   ," 11,000.00 ", 615.00 ," 6,150.00 "," 4,850.00 ",44%
Cam Sur,DR 16792,31/08/2021,HISTARIL 1MG/50MG/5ML SYR, 24.00 , 88.00 ," 2,112.00 ", -   ," 2,112.00 ", 22.30 , 535.20 ," 1,576.80 ",75%
Cam Sur,DR 16793,31/08/2021,VOXOLL 15MG/5ML SYR, 24.00 , 95.00 ," 2,280.00 ", -   ," 2,280.00 ", 23.00 , 552.00 ," 1,728.00 ",76%
Cam Sur,DR 16793,31/08/2021,JAGA 300MG/100MG/100MCG, 3.00 ," 1,600.00 "," 4,800.00 ", -   ," 4,800.00 ", 530.00 ," 1,590.00 "," 3,210.00 ",67%
Cam Sur,DR 16793,31/08/2021,DOLO JAGA 500MG/50MG/100MG/100MCG, 3.00 ," 1,800.00 "," 5,400.00 ", -   ," 5,400.00 ", 615.00 ," 1,845.00 "," 3,555.00 ",66%
Cam Sur,DR 16793,31/08/2021,BROADMETZ 250MG/5ML SUS, 24.00 , 95.00 ," 2,280.00 ", -   ," 2,280.00 ", 40.25 , 966.00 ," 1,314.00 ",58%
Cam Sur,DR 16793,31/08/2021,MULTIVITA, 3.00 ," 1,100.00 "," 3,300.00 ", -   ," 3,300.00 ", 75.00 , 225.00 ," 3,075.00 ",93%
Cam Sur,DR 16793,31/08/2021,BROXIL-M 15MG/5ML SYR, 12.00 , 105.00 ," 1,260.00 ", -   ," 1,260.00 ", 31.00 , 372.00 , 888.00 ,70%
Cam Sur,DR 16794,31/08/2021,DUOTRAM 325MG/37.5MG, 5.00 ," 1,560.00 "," 7,800.00 ", -   ," 7,800.00 ", 520.00 ," 2,600.00 "," 5,200.00 ",67%
Cam Sur,DR 16794,31/08/2021,METMIC 500MG, 1.00 , 550.00 , 550.00 , -   , 550.00 , 227.50 , 227.50 , 322.50 ,59%
Cam Sur,DR 16791,09/08/2021,CIXTOR-Z 500mg, 2.00 , 735.00 ," 1,470.00 ", -   ," 1,470.00 ", 210.00 , 420.00 ," 1,050.00 ",71%
Cam Sur,DR 16787,26/07/2021,DOLO JAGA 500MG/50MG/100MG/100MCG, 3.00 ," 1,680.00 "," 5,040.00 ", -   ," 5,040.00 ", 615.00 ," 1,845.00 "," 3,195.00 ",63%
Cam Sur,DR 16788,26/07/2021,EUROXONE 1G, 10.00 , 400.00 ," 4,000.00 ", -   ," 4,000.00 ", 73.00 , 730.00 ," 3,270.00 ",82%
Cam Sur,DR 16788,26/07/2021,METMIC 500MG, 2.00 , 550.00 ," 1,100.00 ", -   ," 1,100.00 ", 227.50 , 455.00 , 645.00 ,59%
Cam Sur,DR 16788,26/07/2021,CEPROTRON 500MG, 3.00 ," 1,750.00 "," 5,250.00 ", -   ," 5,250.00 ", 550.00 ," 1,650.00 "," 3,600.00 ",69%
Cam Sur,PULL 1931,16/07/2021,MONILIASOL 125MG/5ML, 0.61 , 750.00 , 457.50 , -   , 457.50 , 36.76 , 22.42 , 435.08 ,95%
Cam Sur,PULL 1930,16/07/2021,HISTARIL 2MG/100MG CAP, 3.00 , 800.00 ," 2,400.00 ", -   ," 2,400.00 ", 225.00 , 675.00 ," 1,725.00 ",72%
Cam Sur,DR 16782,12/07/2021,DOLO JAGA 500MG/50MG/100MG/100MCG, 10.00 ," 1,100.00 "," 11,000.00 ", -   ," 11,000.00 ", 615.00 ," 6,150.00 "," 4,850.00 ",44%
Cam Sur,DR 16784,12/07/2021,LACTAMOX 500MG/125MG TAB, 5.00 ," 3,000.00 "," 15,000.00 ", -   ," 15,000.00 "," 1,047.86 "," 5,239.30 "," 9,760.70 ",65%
Cam Sur,DR 16784,12/07/2021,CENDALEX 250MG/5ML SUS, 24.00 , 125.00 ," 3,000.00 ", -   ," 3,000.00 ", 59.50 ," 1,428.00 "," 1,572.00 ",52%
Cam Sur,DR 16784,12/07/2021,ZEGECEF 250MG/5ML SUS, 24.00 , 475.00 ," 11,400.00 ", -   ," 11,400.00 ", 139.45 ," 3,346.80 "," 8,053.20 ",71%
Cam Sur,DR 16784,12/07/2021,INTRAPLEM 500MG, 5.00 , 980.00 ," 4,900.00 ", -   ," 4,900.00 ", 280.00 ," 1,400.00 "," 3,500.00 ",71%
Cam Sur,DR 16785,12/07/2021,DOLO JAGA 500MG/50MG/100MG/100MCG, 3.00 ," 1,800.00 "," 5,400.00 ", -   ," 5,400.00 ", 615.00 ," 1,845.00 "," 3,555.00 ",66%
Cam Sur,DR 16781,01/06/2021,INTRAPLEM 500MG, 6.00 , 980.00 ," 5,880.00 ", -   ," 5,880.00 ", 280.00 ," 1,680.00 "," 4,200.00 ",71%
Cam Sur,DR 16781,01/06/2021,METMIC 500MG, 2.00 , 550.00 ," 1,100.00 ", -   ," 1,100.00 ", 227.50 , 455.00 , 645.00 ,59%
Cam Sur,DR 16781,01/06/2021,EUROGYL 5MG/ML (500MG/100ML), 10.00 , 120.00 ," 1,200.00 ", -   ," 1,200.00 ", 23.00 , 230.00 , 970.00 ,81%
Cam Sur,DR 16781,01/06/2021,HISTARIL 1MG/50MG/5ML SYR, 11.00 , 88.00 , 968.00 , -   , 968.00 , 22.30 , 245.30 , 722.70 ,75%
Cam Sur,DR 16780,31/05/2021,CINNABLOC 25MG, 4.00 , 500.00 ," 2,000.00 ", -   ," 2,000.00 ", 133.00 , 532.00 ," 1,468.00 ",73%
Cam Sur,DR 16780,31/05/2021,DOLO JAGA 500MG/50MG/100MG/100MCG, 5.00 ," 1,680.00 "," 8,400.00 ", -   ," 8,400.00 ", 615.00 ," 3,075.00 "," 5,325.00 ",63%
Cam Sur,PO 1927,25/05/2021,LACTAMOX 250MG/62.5MG/5ML, (19.00), 225.00 ," (4,275.00)", -   ," (4,275.00)", 129.70 ," (2,464.30)"," (1,810.70)",42%
Cam Sur,PO 1927,25/05/2021,LACTAMOX 125MG/31.25MG/5ML, (17.00), 155.00 ," (2,635.00)", -   ," (2,635.00)", 93.63 ," (1,591.71)"," (1,043.29)",40%
Cam Sur,PULL 1928,21/05/2021,LACTAMOX 125MG/31.25MG/5ML, (7.00), 310.00 ," (2,170.00)", -   ," (2,170.00)", 93.63 , (655.41)," (1,514.59)",70%
Cam Sur,DR 16777,10/05/2021,JAGA 300MG/100MG/100MCG, 1.00 ," 1,600.00 "," 1,600.00 ", -   ," 1,600.00 ", 530.00 , 530.00 ," 1,070.00 ",67%
Cam Sur,DR 16777,10/05/2021,HISTARIL 2MG/100MG CAP, 1.00 , 800.00 , 800.00 , -   , 800.00 , 225.00 , 225.00 , 575.00 ,72%
Cam Sur,DR 16777,10/05/2021,HISTARIL 1MG/50MG/5ML SYR, 6.00 , 88.00 , 528.00 , -   , 528.00 , 22.30 , 133.80 , 394.20 ,75%
Cam Sur,DR 16777,10/05/2021,LACTAMOX 500MG/125MG TAB, 1.00 ," 3,815.00 "," 3,815.00 ", -   ," 3,815.00 "," 1,047.86 "," 1,047.86 "," 2,767.14 ",73%
Cam Sur,DR 16776,10/05/2021,DOLO JAGA 500MG/50MG/100MG/100MCG, 8.00 ," 1,680.00 "," 13,440.00 ", -   ," 13,440.00 ", 615.00 ," 4,920.00 "," 8,520.00 ",63%
Cam Sur,DR 16776,10/05/2021,JAGAPLEX SYR 120ML, 42.00 , 175.00 ," 7,350.00 ", -   ," 7,350.00 ", 53.85 ," 2,261.70 "," 5,088.30 ",69%
Cam Sur,DR 16776,10/05/2021,CIXTOR-Z 97.5MG /9MG/5ML SYRUP, 30.00 , 116.00 ," 3,480.00 ", -   ," 3,480.00 ", 35.50 ," 1,065.00 "," 2,415.00 ",69%
Cam Sur,DR 16779,10/05/2021,JAGA 300MG/100MG/100MCG, 2.00 ," 1,600.00 "," 3,200.00 ", -   ," 3,200.00 ", 530.00 ," 1,060.00 "," 2,140.00 ",67%
Cam Sur,DR 16779,10/05/2021,DOLO JAGA 500MG/50MG/100MG/100MCG, 2.00 ," 1,680.00 "," 3,360.00 ", -   ," 3,360.00 ", 615.00 ," 1,230.00 "," 2,130.00 ",63%
Cam Sur,DR 16678,10/05/2021,DOLO JAGA 500MG/50MG/100MG/100MCG, 5.00 ," 1,100.00 "," 5,500.00 ", -   ," 5,500.00 ", 615.00 ," 3,075.00 "," 2,425.00 ",44%
Cam Sur,DR 16778,10/05/2021,DOLO JAGA 500MG/50MG/100MG/100MCG, 5.00 ," 1,100.00 "," 5,500.00 ", -   ," 5,500.00 ", 615.00 ," 3,075.00 "," 2,425.00 ",44%
Cam Sur,DR 16774,30/04/2021,JAGAPLEX SYR 120ML, 10.00 , 175.00 ," 1,750.00 ", -   ," 1,750.00 ", 53.85 , 538.50 ," 1,211.50 ",69%
Cam Sur,DR 16772,20/04/2021,DOLO JAGA 500MG/50MG/100MG/100MCG, 5.00 ," 1,100.00 "," 5,500.00 ", -   ," 5,500.00 ", 615.00 ," 3,075.00 "," 2,425.00 ",44%
Cam Sur,DR 16771,20/04/2021,ZEGECEF 250MG/5ML SUS, 10.00 , 400.00 ," 4,000.00 ", -   ," 4,000.00 ", 139.45 ," 1,394.50 "," 2,605.50 ",65%
Cam Sur,DR 16771,20/04/2021,EUROGYL 5MG/ML (500MG/100ML), 5.00 , 120.00 , 600.00 , -   , 600.00 , 23.00 , 115.00 , 485.00 ,81%
Cam Sur,DR 16770,20/04/2021,HISTARIL 1MG/50MG/5ML SYR, 12.00 , 88.00 ," 1,056.00 ", -   ," 1,056.00 ", 22.30 , 267.60 , 788.40 ,75%
Cam Sur,DR 16773,20/04/2021,INTRAPLEM 500MG, 2.00 , 980.00 ," 1,960.00 ", -   ," 1,960.00 ", 280.00 , 560.00 ," 1,400.00 ",71%
Cam Sur,DR 16773,20/04/2021,HISTARIL 2MG/100MG CAP, 1.00 , 800.00 , 800.00 , -   , 800.00 , 225.00 , 225.00 , 575.00 ,72%
Cam Sur,DR 16773,20/04/2021,MONILIASOL 500MG, 1.00 , 800.00 , 800.00 , -   , 800.00 , 240.00 , 240.00 , 560.00 ,70%
Cam Sur,DR 16764,10/04/2021,HISTARIL 1MG/50MG/5ML SYR, 24.00 , 88.00 ," 2,112.00 ", -   ," 2,112.00 ", 22.30 , 535.20 ," 1,576.80 ",75%
Cam Sur,DR 16764,10/04/2021,HISTARIL 2MG/100MG CAP, 5.00 , 800.00 ," 4,000.00 ", -   ," 4,000.00 ", 225.00 ," 1,125.00 "," 2,875.00 ",72%
Cam Sur,DR 16764,10/04/2021,INTRAPLEM 500MG, 5.00 , 980.00 ," 4,900.00 ", -   ," 4,900.00 ", 280.00 ," 1,400.00 "," 3,500.00 ",71%
Cam Sur,DR 16764,10/04/2021,CEPROTRON 500MG, 5.00 ," 1,750.00 "," 8,750.00 ", -   ," 8,750.00 ", 550.00 ," 2,750.00 "," 6,000.00 ",69%
Cam Sur,DR 16764,10/04/2021,COZOLE 200MG/40MG/5ML, 24.00 , 108.00 ," 2,592.00 ", -   ," 2,592.00 ", 32.40 , 777.60 ," 1,814.40 ",70%
Cam Sur,DR 16765,10/04/2021,HISTARIL 1MG/50MG/5ML SYR, 24.00 , 88.00 ," 2,112.00 ", -   ," 2,112.00 ", 22.30 , 535.20 ," 1,576.80 ",75%
Cam Sur,DR 16766,10/04/2021,HISTARIL 1MG/50MG/5ML SYR, 12.00 , 88.00 ," 1,056.00 ", -   ," 1,056.00 ", 22.30 , 267.60 , 788.40 ,75%
Cam Sur,DR 16766,10/04/2021,HISTARIL 2MG/100MG CAP, 1.00 , 800.00 , 800.00 , -   , 800.00 , 225.00 , 225.00 , 575.00 ,72%
Cam Sur,DR 16767,10/04/2021,HISTARIL 2MG/100MG CAP, 1.00 , 800.00 , 800.00 , -   , 800.00 , 225.00 , 225.00 , 575.00 ,72%
Cam Sur,DR 16768,10/04/2021,LACTAMOX 500MG/125MG TAB, 1.00 ," 3,815.00 "," 3,815.00 ", -   ," 3,815.00 "," 1,047.86 "," 1,047.86 "," 2,767.14 ",73%
Cam Sur,DR 16769,10/04/2021,MONILIASOL 500MG, 1.00 , 750.00 , 750.00 , -   , 750.00 , 240.00 , 240.00 , 510.00 ,68%
Cam Sur,16760,22/03/2021,DOLO JAGA 500MG/50MG/100MG/100MCG, 5.00 ," 1,100.00 "," 5,500.00 ", -   ," 5,500.00 ", 615.00 ," 3,075.00 "," 2,425.00 ",44%
Cam Sur,16761,22/03/2021,MONILIASOL 500MG, 5.00 , 800.00 ," 4,000.00 ", -   ," 4,000.00 ", 240.00 ," 1,200.00 "," 2,800.00 ",70%
Cam Sur,16761,22/03/2021,INTRAPLEM 500MG, 3.00 , 980.00 ," 2,940.00 ", -   ," 2,940.00 ", 280.00 , 840.00 ," 2,100.00 ",71%
Cam Sur,16761,22/03/2021,JAGA 300MG/100MG/100MCG, 2.00 ," 1,600.00 "," 3,200.00 ", -   ," 3,200.00 ", 530.00 ," 1,060.00 "," 2,140.00 ",67%
Cam Sur,16761,22/03/2021,AZICARE 500MG TAB, 3.00 ," 2,100.00 "," 6,300.00 ", -   ," 6,300.00 ", 540.00 ," 1,620.00 "," 4,680.00 ",74%
Cam Sur,16761,22/03/2021,CEFUSAPH, 3.00 , 595.00 ," 1,785.00 ", -   ," 1,785.00 ", 112.00 , 336.00 ," 1,449.00 ",81%
Cam Sur,16761,22/03/2021,COZOLE 200MG/40MG/5ML, 12.00 , 108.00 ," 1,296.00 ", -   ," 1,296.00 ", 32.40 , 388.80 , 907.20 ,70%
Cam Sur,16762,22/03/2021,BROADMETZ 250MG/5ML SUS, 24.00 , 95.00 ," 2,280.00 ", -   ," 2,280.00 ", 40.25 , 966.00 ," 1,314.00 ",58%
Cam Sur,16762,22/03/2021,VOXOLL 15MG/5ML SYR, 24.00 , 95.00 ," 2,280.00 ", -   ," 2,280.00 ", 23.00 , 552.00 ," 1,728.00 ",76%
Cam Sur,16763,22/03/2021,DOLO JAGA 500MG/50MG/100MG/100MCG, 2.00 ," 1,800.00 "," 3,600.00 ", -   ," 3,600.00 ", 615.00 ," 1,230.00 "," 2,370.00 ",66%
Cam Sur,16763,22/03/2021,INTRAPLEM 500MG, 2.00 , 980.00 ," 1,960.00 ", -   ," 1,960.00 ", 280.00 , 560.00 ," 1,400.00 ",71%
Cam Sur,16763,22/03/2021,JAGA 300MG/100MG/100MCG, 1.00 ," 1,600.00 "," 1,600.00 ", -   ," 1,600.00 ", 530.00 , 530.00 ," 1,070.00 ",67%
Cam Sur,16756,26/02/2021,DOLO JAGA 500MG/50MG/100MG/100MCG, 5.00 ," 1,100.00 "," 5,500.00 ", -   ," 5,500.00 ", 615.00 ," 3,075.00 "," 2,425.00 ",44%
Cam Sur,16759,26/02/2021,JAGAPLEX SYR 120ML, 40.00 , 75.00 ," 3,000.00 ", -   ," 3,000.00 ", 53.85 ," 2,154.00 ", 846.00 ,28%
Cam Sur,14099,13/02/2021,LACTAMOX 250MG/62.5MG/5ML, 24.00 , 225.00 ," 5,400.00 ", -   ," 5,400.00 ", 129.70 ," 3,112.80 "," 2,287.20 ",42%
Cam Sur,14098,13/02/2021,LACTAMOX 125MG/31.25MG/5ML, 24.00 , 155.00 ," 3,720.00 ", -   ," 3,720.00 ", 93.63 ," 2,247.12 "," 1,472.88 ",40%
Cam Sur,14097,13/02/2021,LACTAMOX 500MG/125MG TAB, 2.00 ," 3,815.00 "," 7,630.00 ", -   ," 7,630.00 "," 1,047.86 "," 2,095.72 "," 5,534.28 ",73%
Cam Sur,14093,13/02/2021,JAGA 300MG/100MG/100MCG, 2.00 ," 1,600.00 "," 3,200.00 ", -   ," 3,200.00 ", 530.00 ," 1,060.00 "," 2,140.00 ",67%
Cam Sur,14095,13/02/2021,MONILIASOL 500MG, 2.00 , 750.00 ," 1,500.00 ", -   ," 1,500.00 ", 240.00 , 480.00 ," 1,020.00 ",68%
Cam Sur,14096,13/02/2021,HISTARIL 1MG/50MG/5ML SYR, 2.00 , 800.00 ," 1,600.00 ", -   ," 1,600.00 ", 22.30 , 44.60 ," 1,555.40 ",97%
Cam Sur,16755,13/02/2021,BROADMETZ 250MG/5ML SUS, 12.00 , 130.00 ," 1,560.00 ", 468.00 ," 1,092.00 ", 40.25 , 483.00 , 609.00 ,39%
Cam Sur,16755,13/02/2021,BROADMETZ 100MG/ML DROPS, 12.00 , 100.00 ," 1,200.00 ", 600.00 , 600.00 , 31.06 , 372.72 , 227.28 ,19%
Cam Sur,14100,13/02/2021,JAGAPLEX SYR 120ML, 24.00 , 87.50 ," 2,100.00 ", -   ," 2,100.00 ", 53.85 ," 1,292.40 ", 807.60 ,38%
Cam Sur,14100,13/02/2021,BUTADIL 2MG/5ML, 24.00 , 42.50 ," 1,020.00 ", -   ," 1,020.00 ", 25.14 , 603.36 , 416.64 ,41%
Cam Sur,14092,13/02/2021,BUTADIL 2MG/5ML, 20.00 , 42.50 , 850.00 , -   , 850.00 , 25.14 , 502.80 , 347.20 ,41%
Cam Sur,14092,13/02/2021,JAGAPLEX SYR 120ML, 20.00 , 87.50 ," 1,750.00 ", -   ," 1,750.00 ", 53.85 ," 1,077.00 ", 673.00 ,38%
Cam Sur,14086,14/01/2021,INTRAPLEM 100MG/5ML, 15.00 , 110.00 ," 1,650.00 ", -   ," 1,650.00 ", 30.76 , 461.40 ," 1,188.60 ",72%
Cam Sur,14086,14/01/2021,CENDALEX 125MG/5ML SUS, 15.00 , 100.00 ," 1,500.00 ", -   ," 1,500.00 ", 35.00 , 525.00 , 975.00 ,65%
Cam Sur,14086,14/01/2021,LACTAMOX 125MG/31.25MG/5ML, 15.00 , 310.00 ," 4,650.00 ", -   ," 4,650.00 ", 93.63 ," 1,404.45 "," 3,245.55 ",70%
Cam Sur,14086,14/01/2021,LACTAMOX 250MG/62.5MG/5ML, 15.00 , 450.00 ," 6,750.00 ", -   ," 6,750.00 ", 129.70 ," 1,945.50 "," 4,804.50 ",71%
Cam Sur,14086,14/01/2021,INTRAPLEM 500MG, 2.00 , 980.00 ," 1,960.00 ", -   ," 1,960.00 ", 280.00 , 560.00 ," 1,400.00 ",71%
Cam Sur,14086,14/01/2021,LACTAMOX 125MG/31.25MG/5ML, 4.00 ," 3,000.00 "," 12,000.00 ", -   ," 12,000.00 ", 93.63 , 374.52 ," 11,625.48 ",97%
Cam Sur,14087,14/01/2021,CEPROTRON 500MG, 2.00 ," 1,750.00 "," 3,500.00 ", -   ," 3,500.00 ", 550.00 ," 1,100.00 "," 2,400.00 ",69%
Cam Sur,14087,14/01/2021,METMIC 500MG, 4.00 , 550.00 ," 2,200.00 ", -   ," 2,200.00 ", 227.50 , 910.00 ," 1,290.00 ",59%
Cam Sur,14087,14/01/2021,MONILIASOL 500MG, 2.00 , 800.00 ," 1,600.00 ", -   ," 1,600.00 ", 240.00 , 480.00 ," 1,120.00 ",70%
Cam Sur,14087,14/01/2021,ZELEX 200MG, 2.00 ," 3,250.00 "," 6,500.00 ", -   ," 6,500.00 ", 750.00 ," 1,500.00 "," 5,000.00 ",77%
Cam Sur,14088,14/01/2021,DOLO JAGA 500MG/50MG/100MG/100MCG, 5.00 ," 1,100.00 "," 5,500.00 ", -   ," 5,500.00 ", 615.00 ," 3,075.00 "," 2,425.00 ",44%
Cam Sur,14089,14/01/2021,DOLO JAGA 500MG/50MG/100MG/100MCG, 5.00 ," 1,800.00 "," 9,000.00 ", -   ," 9,000.00 ", 615.00 ," 3,075.00 "," 5,925.00 ",66%
Cam Sur,14089,14/01/2021,EUROXONE 1G, 20.00 , 400.00 ," 8,000.00 ", -   ," 8,000.00 ", 73.00 ," 1,460.00 "," 6,540.00 ",82%
Cam Sur,14089,14/01/2021,DANOXIME 750MG, 10.00 , 250.00 ," 2,500.00 ", -   ," 2,500.00 ", 30.50 , 305.00 ," 2,195.00 ",88%
Cam Sur,14089,14/01/2021,ANEROCIN 300MG, 4.00 ," 3,900.00 "," 15,600.00 ", -   ," 15,600.00 ", 979.00 ," 3,916.00 "," 11,684.00 ",75%
Cavite,DR 022935,20/12/2021,DEXAMAX 4MG, 5.00 , 688.12 ," 3,440.60 ", -   ," 3,440.60 ", 290.00 ," 1,450.00 "," 1,990.60 ",58%
Cavite,DR 022935,20/12/2021,CORBAL 100MG, 5.00 ," 1,800.00 "," 9,000.00 ", -   ," 9,000.00 ", 210.00 ," 1,050.00 "," 7,950.00 ",88%
Cavite,DR 022935,20/12/2021,EDECAR 10mg, 2.00 , 280.00 , 560.00 , -   , 560.00 , 70.00 , 140.00 , 420.00 ,75%
Cavite,DR 022936,20/12/2021,MECLOP 5MG\ML, 5.00 , 375.00 ," 1,875.00 ", -   ," 1,875.00 ", 36.00 , 180.00 ," 1,695.00 ",90%
Cavite,DR 022936,20/12/2021,ANTIZOAL 5MG/ML, 50.00 , 90.00 ," 4,500.00 ", -   ," 4,500.00 ", 21.00 ," 1,050.00 "," 3,450.00 ",77%
Cavite,DR 022936,20/12/2021,AMBIDOL 50MG/ML (100MG/2ML), 5.00 , 468.70 ," 2,343.50 ", -   ," 2,343.50 ", 56.00 , 280.00 ," 2,063.50 ",88%
Cavite,DR 022933,20/12/2021,EPIX BY 10'S, 10.00 , 860.00 ," 8,600.00 ", -   ," 8,600.00 ", 175.00 ," 1,750.00 "," 6,850.00 ",80%
Cavite,DR 022933,20/12/2021,HYPHEN 50mg, 5.00 , 720.00 ," 3,600.00 ", -   ," 3,600.00 ", 227.27 ," 1,136.35 "," 2,463.65 ",68%
Cavite,DR 022932,13/12/2021,DEXAMAK 4MG/ML (8MG/2ML), 3.00 , 688.12 ," 2,064.36 ", -   ," 2,064.36 ", 380.00 ," 1,140.00 ", 924.36 ,45%
Cavite,DR 022929,29/11/2021,CORBAL 100MG, 5.00 ," 1,800.00 "," 9,000.00 ", -   ," 9,000.00 ", 210.00 ," 1,050.00 "," 7,950.00 ",88%
Cavite,DR 022929,29/11/2021,ANTIZOAL 5MG/ML, 50.00 , 90.00 ," 4,500.00 ", -   ," 4,500.00 ", 21.00 ," 1,050.00 "," 3,450.00 ",77%
Cavite,DR 022929,29/11/2021,MECLOP 5MG\ML, 2.00 , 375.00 , 750.00 , -   , 750.00 , 36.00 , 72.00 , 678.00 ,90%
Cavite,DR 022930,29/11/2021,CARDIZAR 50MG, 2.00 , 350.00 , 700.00 , -   , 700.00 , 142.86 , 285.72 , 414.28 ,59%
Cavite,DR 022931,29/11/2021,SAPHLECOX 200MG, 3.00 ," 1,395.00 "," 4,185.00 ", -   ," 4,185.00 ", 166.00 , 498.00 ," 3,687.00 ",88%
Cavite,DR 022928,29/11/2021,MAYOR 40mg, 5.00 , 800.00 ," 4,000.00 ", -   ," 4,000.00 ", 280.00 ," 1,400.00 "," 2,600.00 ",65%
Cavite,DR 022928,29/11/2021,TRIVASC 35MG MR, 5.00 ," 1,425.00 "," 7,125.00 ", -   ," 7,125.00 ", 437.50 ," 2,187.50 "," 4,937.50 ",69%
Cavite,DR 022928,29/11/2021,SAPHLOPID 75MG, 3.00 ," 1,200.00 "," 3,600.00 ", -   ," 3,600.00 ", 190.00 , 570.00 ," 3,030.00 ",84%
Cavite,DR 022924,15/11/2021,ZINACARE 750MG W/O DILUENT, 50.00 , 70.00 ," 3,500.00 ", -   ," 3,500.00 ", 15.00 , 750.00 ," 2,750.00 ",79%
Cavite,DR 022924,15/11/2021,CORBAL 250MG, 3.00 ," 1,800.00 "," 5,400.00 ", -   ," 5,400.00 ", 500.00 ," 1,500.00 "," 3,900.00 ",72%
Cavite,DR 022921,08/11/2021,MERAZOL 40MG, 3.00 ," 1,800.00 "," 5,400.00 ", -   ," 5,400.00 ", 250.00 , 750.00 ," 4,650.00 ",86%
Cavite,DR 022921,08/11/2021,CORBAL 100MG, 5.00 , 900.00 ," 4,500.00 ", -   ," 4,500.00 ", 210.00 ," 1,050.00 "," 3,450.00 ",77%
Cavite,DR 022922,08/11/2021,CEFZOX 1G VIAL W/ DILUENT, 40.00 , 285.00 ," 11,400.00 ", -   ," 11,400.00 ", 24.00 , 960.00 ," 10,440.00 ",92%
Cavite,DR 022923,08/11/2021,MECLOP 5MG\ML, 3.00 , 375.00 ," 1,125.00 ", -   ," 1,125.00 ", 36.00 , 108.00 ," 1,017.00 ",90%
Cavite,DR 022923,08/11/2021,PHYTOMEN 10MG/ML, 2.00 , 585.00 ," 1,170.00 ", -   ," 1,170.00 ", 145.00 , 290.00 , 880.00 ,75%
Cavite,DR 022923,08/11/2021,EDECAR 10mg, 3.00 , 280.00 , 840.00 , -   , 840.00 , 70.00 , 210.00 , 630.00 ,75%
Cavite,DR 022920,08/11/2021,HYCLENS WOUND SPRAY 1Gallon, 6.00 ," 2,948.00 "," 17,688.00 ", -   ," 17,688.00 "," 1,474.20 "," 8,845.20 "," 8,842.80 ",50%
Cavite,DR 022916,31/10/2021,HYCLENS GARGLE (60ML), 30.00 , 130.00 ," 3,900.00 ", -   ," 3,900.00 ", 65.00 ," 1,950.00 "," 1,950.00 ",50%
Cavite,DR 022915,31/10/2021,SITIXON 1G, 50.00 , 285.00 ," 14,250.00 ", -   ," 14,250.00 ", 30.00 ," 1,500.00 "," 12,750.00 ",89%
Cavite,DR 022915,31/10/2021,CORBAL 100MG, 5.00 , 900.00 ," 4,500.00 ", -   ," 4,500.00 ", 210.00 ," 1,050.00 "," 3,450.00 ",77%
Cavite,DR 022918,31/10/2021,RANIREX 25MG/ML, 2.00 , 600.00 ," 1,200.00 ", -   ," 1,200.00 ", 30.20 , 60.40 ," 1,139.60 ",95%
Cavite,DR 022918,31/10/2021,MECLOP 5MG\ML, 5.00 , 375.00 ," 1,875.00 ", -   ," 1,875.00 ", 36.00 , 180.00 ," 1,695.00 ",90%
Cavite,DR 022918,31/10/2021,AMBIDOL 50MG/ML (100MG/2ML), 5.00 , 468.70 ," 2,343.50 ", -   ," 2,343.50 ", 56.00 , 280.00 ," 2,063.50 ",88%
Cavite,DR 022919,31/10/2021,CLOXANE 500MG CAP, 2.00 ," 1,350.00 "," 2,700.00 ", -   ," 2,700.00 ", 224.25 , 448.50 ," 2,251.50 ",83%
Cavite,DR 022912,25/10/2021,EPIX BY 10'S, 10.00 , 860.00 ," 8,600.00 ", -   ," 8,600.00 ", 175.00 ," 1,750.00 "," 6,850.00 ",80%
Cavite,DR 022914,25/10/2021,TRAXAN 100MG, 6.00 , 262.50 ," 1,575.00 ", -   ," 1,575.00 ", 200.00 ," 1,200.00 ", 375.00 ,24%
Cavite,DR 022913,25/10/2021,RANIREX 25MG/ML, 5.00 , 600.00 ," 3,000.00 ", -   ," 3,000.00 ", 30.20 , 151.00 ," 2,849.00 ",95%
Cavite,DR 22748,18/10/2021,SITIXON 1G, 50.00 , 285.00 ," 14,250.00 ", -   ," 14,250.00 ", 30.00 ," 1,500.00 "," 12,750.00 ",89%
Cavite,DR 22748,18/10/2021,SAPHLOPID 75MG, 2.00 , 723.21 ," 1,446.42 ", -   ," 1,446.42 ", 190.00 , 380.00 ," 1,066.42 ",74%
Cavite,DR 22749,18/10/2021,AZCORE 500mg, 5.00 , 213.75 ," 1,068.75 ", -   ," 1,068.75 ", 455.00 ," 2,275.00 "," (1,206.25)",-113%
Cavite,DR 22750,18/10/2021,CLOXANE 500MG CAP, 1.00 ," 1,350.00 "," 1,350.00 ", -   ," 1,350.00 ", 224.25 , 224.25 ," 1,125.75 ",83%
Cavite,DR 22750,18/10/2021,CYFROX 500MG, 1.00 ," 1,500.00 "," 1,500.00 ", -   ," 1,500.00 ", 149.00 , 149.00 ," 1,351.00 ",90%
Cavite,DR 22750,18/10/2021,INHIBITA 40MG, 10.00 , 843.75 ," 8,437.50 ", -   ," 8,437.50 ", 90.00 , 900.00 ," 7,537.50 ",89%
Cavite,DR 022901,18/10/2021,DOPNAX 40mg, 2.00 , 551.25 ," 1,102.50 ", -   ," 1,102.50 ", 265.00 , 530.00 , 572.50 ,52%
Cavite,DR 022906,18/10/2021,ANTIZOAL 5MG/ML, 50.00 , 90.00 ," 4,500.00 ", -   ," 4,500.00 ", 21.00 ," 1,050.00 "," 3,450.00 ",77%
Cavite,DR 022906,18/10/2021,MERAZOL 40MG, 5.00 ," 1,800.00 "," 9,000.00 ", -   ," 9,000.00 ", 250.00 ," 1,250.00 "," 7,750.00 ",86%
Cavite,DR 022902,18/10/2021,DOPNAX 40mg, 4.00 , 551.25 ," 2,205.00 ", -   ," 2,205.00 ", 265.00 ," 1,060.00 "," 1,145.00 ",52%
Cavite,DR 022904,18/10/2021,BETZINE 16MG, 1.00 ," 1,334.50 "," 1,334.50 ", -   ," 1,334.50 ", 390.00 , 390.00 , 944.50 ,71%
Cavite,DR 022904,18/10/2021,RANZOLE - 20, 1.00 ," 1,592.50 "," 1,592.50 ", -   ," 1,592.50 ", 80.00 , 80.00 ," 1,512.50 ",95%
Cavite,DR 022908,18/10/2021,PARASAPH 500MG, 2.00 , 342.00 , 684.00 , -   , 684.00 , 42.00 , 84.00 , 600.00 ,88%
Cavite,DR 022911,18/10/2021,HEMOSTAP 500mg, 1.00 , 825.00 , 825.00 , -   , 825.00 , 420.00 , 420.00 , 405.00 ,49%
Cavite,DR 022911,18/10/2021,MECLOP 5MG\ML, 5.00 , 375.00 ," 1,875.00 ", -   ," 1,875.00 ", 36.00 , 180.00 ," 1,695.00 ",90%
Cavite,DR 22744,27/09/2021,LEUKOREX 10mg, 1.00 , 780.50 , 780.50 , -   , 780.50 , 330.00 , 330.00 , 450.50 ,58%
Cavite,DR 22744,27/09/2021,MERAZOL 40MG, 5.00 ," 1,800.00 "," 9,000.00 ", -   ," 9,000.00 ", 250.00 ," 1,250.00 "," 7,750.00 ",86%
Cavite,DR 22743,27/09/2021,TERMAGEN 100MG/ML, 20.00 , 71.25 ," 1,425.00 ", -   ," 1,425.00 ", 29.18 , 583.60 , 841.40 ,59%
Cavite,DR 22743,27/09/2021,ZETIFEN 125MG/5ML SYR, 20.00 , 77.00 ," 1,540.00 ", -   ," 1,540.00 ", 35.00 , 700.00 , 840.00 ,55%
Cavite,DR 22743,27/09/2021,APULDON 10mg, 2.00 , 450.00 , 900.00 , -   , 900.00 , 80.00 , 160.00 , 740.00 ,82%
Cavite,DR 22743,27/09/2021,LEUKOREX 10mg, 1.00 , 780.50 , 780.50 , -   , 780.50 , 330.00 , 330.00 , 450.50 ,58%
Cavite,DR 22743,27/09/2021,AMINOSOL 25MG/ML , 2.00 , 498.70 , 997.40 , -   , 997.40 , 132.30 , 264.60 , 732.80 ,73%
Cavite,DR 22746,27/09/2021,HYCLENS GARGLE (60ML), 12.00 , 130.00 ," 1,560.00 ", -   ," 1,560.00 ", 65.00 , 780.00 , 780.00 ,50%
Cavite,DR 22746,27/09/2021,HYCLENS WOUND SPRAY 1Gallon, 1.00 ," 2,948.40 "," 2,948.40 ", -   ," 2,948.40 "," 1,474.20 "," 1,474.20 "," 1,474.20 ",50%
Cavite,DR 22745,27/09/2021,CARDIZAR 50MG, 2.00 , 350.00 , 700.00 , -   , 700.00 , 142.86 , 285.72 , 414.28 ,59%
Cavite,DR 22744,27/09/2021,SITIXON 1G, 20.00 , 285.00 ," 5,700.00 ", -   ," 5,700.00 ", 30.00 , 600.00 ," 5,100.00 ",89%
Cavite,DR 22740,06/09/2021,CORBAL 100MG, 5.00 , 900.00 ," 4,500.00 ", -   ," 4,500.00 ", 210.00 ," 1,050.00 "," 3,450.00 ",77%
Cavite,DR 22740,06/09/2021,ZITHROBBAS 50mg, 5.00 , 285.00 ," 1,425.00 ", -   ," 1,425.00 ", 121.00 , 605.00 , 820.00 ,58%
Cavite,DR 22736,23/08/2021,HYCLENS GARGLE (60ML), 24.00 , 130.00 ," 3,120.00 ", -   ," 3,120.00 ", 65.00 ," 1,560.00 "," 1,560.00 ",50%
Cavite,DR 22733,23/08/2021,ALLECUR 10MG, 1.00 , 175.00 , 175.00 , -   , 175.00 , 28.00 , 28.00 , 147.00 ,84%
Cavite,DR 22733,23/08/2021,FLACOXTO 200MG, 2.00 ," 1,395.00 "," 2,790.00 ", -   ," 2,790.00 ", 220.00 , 440.00 ," 2,350.00 ",84%
Cavite,DR 22735,23/08/2021,ANTIZOAL 5MG/ML, 60.00 , 90.00 ," 5,400.00 ", -   ," 5,400.00 ", 21.00 ," 1,260.00 "," 4,140.00 ",77%
Cavite,DR 22732,23/08/2021,MERAZOL 40MG, 5.00 ," 1,800.00 "," 9,000.00 ", -   ," 9,000.00 ", 250.00 ," 1,250.00 "," 7,750.00 ",86%
Cavite,DR 22731,23/08/2021,ANTIZOAL 5MG/ML, 3.00 , 900.00 ," 2,700.00 ", -   ," 2,700.00 ", 21.00 , 63.00 ," 2,637.00 ",98%
Cavite,DR 22731,23/08/2021,CORBAL 100MG, 5.00 , 900.00 ," 4,500.00 ", -   ," 4,500.00 ", 210.00 ," 1,050.00 "," 3,450.00 ",77%
Cavite,DR 22731,23/08/2021,ENCLOXIL 500MG, 2.00 ," 1,350.00 "," 2,700.00 ", -   ," 2,700.00 ", 780.00 ," 1,560.00 "," 1,140.00 ",42%
Cavite,DR 22731,23/08/2021,CARDIZAR 50MG, 4.00 , 350.00 ," 1,400.00 ", -   ," 1,400.00 ", 142.86 , 571.44 , 828.56 ,59%
Cavite,DR 22730,23/08/2021,HYCLENS WOUND SPRAY (60ML), 24.00 , 229.32 ," 5,503.68 ", -   ," 5,503.68 ", 114.66 ," 2,751.84 "," 2,751.84 ",50%
Cavite,DR 22727,23/08/2021,LODIPEX - 10MG, 2.00 ," 1,508.00 "," 3,016.00 ", -   ," 3,016.00 ", 60.00 , 120.00 ," 2,896.00 ",96%
Cavite,DR 22717,09/08/2021,SANIX 200MG, 2.00 , 290.70 , 581.40 , -   , 581.40 , 135.00 , 270.00 , 311.40 ,54%
Cavite,DR 22717,09/08/2021,BIOGIC 250MG SUS, 10.00 , 80.00 , 800.00 , -   , 800.00 , 12.00 , 120.00 , 680.00 ,85%
Cavite,DR 22717,09/08/2021,CONSILOSE 3.35G/5ML, 5.00 , 183.75 , 918.75 , -   , 918.75 , 99.00 , 495.00 , 423.75 ,46%
Cavite,DR 22724,09/08/2021,SPASBASCINE, 5.00 , 525.00 ," 2,625.00 ", -   ," 2,625.00 ", 180.00 , 900.00 ," 1,725.00 ",66%
Cavite,DR 22724,09/08/2021,EPIX BY 10'S, 10.00 , 860.00 ," 8,600.00 ", -   ," 8,600.00 ", 175.00 ," 1,750.00 "," 6,850.00 ",80%
Cavite,DR 22724,09/08/2021,HIVENT 1MG/2.5ML, 4.00 , 787.50 ," 3,150.00 ", -   ," 3,150.00 ", 287.00 ," 1,148.00 "," 2,002.00 ",64%
Cavite,DR 22725,09/08/2021,FLOXA 200mg, 1.00 , 215.63 , 215.63 , -   , 215.63 , 180.00 , 180.00 , 35.63 ,17%
Cavite,DR 22725,09/08/2021,NITROFURANTOIN 100MG, 1.00 , 356.25 , 356.25 , -   , 356.25 , 10.12 , 10.12 , 346.13 ,97%
Cavite,DR 22725,09/08/2021,CLIN-GEN 300mg, 1.00 , 753.75 , 753.75 , -   , 753.75 , 350.00 , 350.00 , 403.75 ,54%
Cavite,DR 22725,09/08/2021,SQCEF 250MG, 10.00 , 243.75 ," 2,437.50 ", -   ," 2,437.50 ", 73.00 , 730.00 ," 1,707.50 ",70%
Cavite,DR 22725,09/08/2021,CATAMED 75MCG TAB, 3.00 , 731.25 ," 2,193.75 ", -   ," 2,193.75 ", 499.00 ," 1,497.00 ", 696.75 ,32%
Cavite,DR 22726,09/08/2021,HYCLENS GARGLE (60ML), 12.00 , 130.00 ," 1,560.00 ", -   ," 1,560.00 ", 65.00 , 780.00 , 780.00 ,50%
Cavite,DR 22721,09/08/2021,DALAMYCIN 150 MG, 7.00 ," 3,500.00 "," 24,500.00 ", -   ," 24,500.00 "," 1,083.33 "," 7,583.31 "," 16,916.69 ",69%
Cavite,DR 22717,09/08/2021,AZCORE 500mg, 1.00 ," 2,137.50 "," 2,137.50 ", -   ," 2,137.50 ", 455.00 , 455.00 ," 1,682.50 ",79%
Cavite,DR 22718,31/07/2021,HYCLENS WOUND SPRAY (60ML), 12.00 , 229.32 ," 2,751.84 ", -   ," 2,751.84 ", 114.66 ," 1,375.92 "," 1,375.92 ",50%
Cavite,DR 22719,31/07/2021,ANTIZOAL 5MG/ML, 30.00 , 90.00 ," 2,700.00 ", -   ," 2,700.00 ", 21.00 , 630.00 ," 2,070.00 ",77%
Cavite,DR 22719,31/07/2021,CORBAL 100MG, 3.00 , 900.00 ," 2,700.00 ", -   ," 2,700.00 ", 210.00 , 630.00 ," 2,070.00 ",77%
Cavite,DR 22719,31/07/2021,HIVENT 1MG/2.5ML, 1.00 , 787.50 , 787.50 , -   , 787.50 , 287.00 , 287.00 , 500.50 ,64%
Cavite,DR 22710,31/07/2021,DALAMYCIN 150 MG, 26.00 ," 3,500.00 "," 91,000.00 ", -   ," 91,000.00 "," 1,083.33 "," 28,166.58 "," 62,833.42 ",69%
Cavite,DR 22711,15/07/2021,CARDIZAR 50MG, 2.00 , 350.00 , 700.00 , -   , 700.00 , 142.86 , 285.72 , 414.28 ,59%
Cavite,DR 22713,15/07/2021,MERAZOL 40MG, 3.00 ," 1,800.00 "," 5,400.00 ", -   ," 5,400.00 ", 250.00 , 750.00 ," 4,650.00 ",86%
Cavite,DR 22714,06/07/2021,BETZINE 16MG, 1.00 ," 1,354.50 "," 1,354.50 ", -   ," 1,354.50 ", 390.00 , 390.00 , 964.50 ,71%
Cavite,DR 22714,06/07/2021,ATORSAPH 20MG TAB, 1.00 , 73.13 , 73.13 , -   , 73.13 , 28.00 , 28.00 , 45.13 ,62%
Cavite,DR 22707,28/06/2021,MECLOP 5MG\ML, 50.00 , 37.50 ," 1,875.00 ", -   ," 1,875.00 ", 36.00 ," 1,800.00 ", 75.00 ,4%
Cavite,DR 22707,28/06/2021,JOHNVASC 5MG, 1.00 , 200.00 , 200.00 , -   , 200.00 , 38.00 , 38.00 , 162.00 ,81%
Cavite,DR 22707,28/06/2021,AZICARE 500MG TAB, 1.00 ," 2,137.50 "," 2,137.50 ", -   ," 2,137.50 ", 540.00 , 540.00 ," 1,597.50 ",75%
Cavite,DR 22707,28/06/2021,ENCLOXIL 500MG, 1.00 ," 1,350.00 "," 1,350.00 ", -   ," 1,350.00 ", 780.00 , 780.00 , 570.00 ,42%
Cavite,DR 22708,28/06/2021,JOHNVASC 5MG, 2.00 , 113.00 , 226.00 , -   , 226.00 , 38.00 , 76.00 , 150.00 ,66%
Cavite,DR 22704,25/06/2021,AZICARE 500MG TAB, 1.00 ," 2,850.00 "," 2,850.00 ", -   ," 2,850.00 ", 540.00 , 540.00 ," 2,310.00 ",81%
Cavite,DR 22704,25/06/2021,LODIPEX - 10MG, 2.00 , 245.00 , 490.00 , -   , 490.00 , 60.00 , 120.00 , 370.00 ,76%
Cavite,DR 22705,25/06/2021,ANTIZOAL 5MG/ML, 30.00 , 90.00 ," 2,700.00 ", -   ," 2,700.00 ", 21.00 , 630.00 ," 2,070.00 ",77%
Cavite,DR 22703,14/06/2021,DALAMYCIN 150 MG, 7.00 ," 3,500.00 "," 24,500.00 ", -   ," 24,500.00 "," 1,083.33 "," 7,583.31 "," 16,916.69 ",69%
Cavite,DR 22700,01/06/2021,MERAZOL 40MG, 5.00 ," 1,800.00 "," 9,000.00 ", -   ," 9,000.00 ", 250.00 ," 1,250.00 "," 7,750.00 ",86%
Cavite,DR 22698,01/06/2021,BIOGIC 100MG DROPS, 10.00 , 80.00 , 800.00 , -   , 800.00 , 14.00 , 140.00 , 660.00 ,83%
Cavite,DR 22698,01/06/2021,TERMAGEN 100MG/ML, 10.00 , 71.25 , 712.50 , -   , 712.50 , 29.18 , 291.80 , 420.70 ,59%
Cavite,DR 22699,01/06/2021,HEMOBAS 500MG/5ML, 5.00 , 525.00 ," 2,625.00 ", -   ," 2,625.00 ", 280.00 ," 1,400.00 "," 1,225.00 ",47%
Cavite,DR 22699,01/06/2021,PHYTOMEN 10MG/ML, 5.00 , 585.00 ," 2,925.00 ", -   ," 2,925.00 ", 145.00 , 725.00 ," 2,200.00 ",75%
Cavite,DR 22699,01/06/2021,SPASBASCINE, 5.00 , 525.00 ," 2,625.00 ", -   ," 2,625.00 ", 180.00 , 900.00 ," 1,725.00 ",66%
Cavite,DR 22699,01/06/2021,HYPHEN 50mg, 5.00 , 937.50 ," 4,687.50 ", -   ," 4,687.50 ", 227.27 ," 1,136.35 "," 3,551.15 ",76%
Cavite,DR 22695,31/05/2021,MERAZOL 40MG, 5.00 ," 1,800.00 "," 9,000.00 ", -   ," 9,000.00 ", 250.00 ," 1,250.00 "," 7,750.00 ",86%
Cavite,DR 22695,31/05/2021,CORBAL 100MG, 5.00 , 900.00 ," 4,500.00 ", -   ," 4,500.00 ", 210.00 ," 1,050.00 "," 3,450.00 ",77%
Cavite,DR 22697,31/05/2021,PHYTOMEN 10MG/ML, 2.00 , 585.00 ," 1,170.00 ", -   ," 1,170.00 ", 145.00 , 290.00 , 880.00 ,75%
Cavite,DR 22696,31/05/2021,HYCLENS OB WASH ANTISEPTIC, 6.00 , 277.26 ," 1,663.56 ", -   ," 1,663.56 ", 138.60 , 831.60 , 831.96 ,50%
Cavite,DR 22692,31/05/2021,HYCLENS WOUND SPRAY (60ML), 4.00 ," 2,948.40 "," 11,793.60 ", -   ," 11,793.60 ", 114.66 , 458.64 ," 11,334.96 ",96%
Cavite,DR 22693,31/05/2021,METMIC 500MG, 1.00 , 570.00 , 570.00 , -   , 570.00 , 227.50 , 227.50 , 342.50 ,60%
Cavite,DR 22693,31/05/2021,CORBAL 100MG, 5.00 , 900.00 ," 4,500.00 ", -   ," 4,500.00 ", 210.00 ," 1,050.00 "," 3,450.00 ",77%
Cavite,DR 22694,31/05/2021,AZICARE 500MG TAB, 10.00 , 213.75 ," 2,137.50 ", -   ," 2,137.50 ", 540.00 ," 5,400.00 "," (3,262.50)",-153%
Cavite,DR 22694,31/05/2021,FLACOXTO 200MG, 3.00 ," 1,395.00 "," 4,185.00 ", -   ," 4,185.00 ", 220.00 , 660.00 ," 3,525.00 ",84%
Cavite,DR 22694,31/05/2021,CATAMED 75MCG TAB, 3.00 , 731.25 ," 2,193.75 ", -   ," 2,193.75 ", 499.00 ," 1,497.00 ", 696.75 ,32%
Cavite,DR 22694,31/05/2021,RANIREX 25MG/ML, 5.00 , 600.00 ," 3,000.00 ", -   ," 3,000.00 ", 30.20 , 151.00 ," 2,849.00 ",95%
Cavite,DR 22689,30/04/2021,HYCLENS GARGLE (120ML), 12.00 , 176.00 ," 2,112.00 ", -   ," 2,112.00 ", 88.00 ," 1,056.00 "," 1,056.00 ",50%
Cavite,DR 22689,30/04/2021,HYCLENS WOUND SPRAY (60ML), 1.00 ," 2,948.40 "," 2,948.40 ", -   ," 2,948.40 ", 114.66 , 114.66 ," 2,833.74 ",96%
Cavite,DR 22690,30/04/2021,EDECAR 10mg, 10.00 , 280.00 ," 2,800.00 ", -   ," 2,800.00 ", 70.00 , 700.00 ," 2,100.00 ",75%
Cavite,DR 22672,17/04/2021,TRIVASC 35MG MR, 5.00 ," 1,425.00 "," 7,125.00 ", -   ," 7,125.00 ", 437.50 ," 2,187.50 "," 4,937.50 ",69%
Cavite,DR 22672,17/04/2021,SAPHLOPID 75MG, 5.00 ," 1,200.00 "," 6,000.00 ", -   ," 6,000.00 ", 190.00 , 950.00 ," 5,050.00 ",84%
Cavite,DR 22672,17/04/2021,LODIPEX - 10MG, 5.00 ," 1,800.00 "," 9,000.00 ", -   ," 9,000.00 ", 60.00 , 300.00 ," 8,700.00 ",97%
Cavite,DR 22673,17/04/2021,TOSYLAM 750MG TAB, 1.00 ," 3,500.00 "," 3,500.00 ", -   ," 3,500.00 "," 1,265.00 "," 1,265.00 "," 2,235.00 ",64%
Cavite,DR 22673,17/04/2021,LACTAMOX 500MG/125MG TAB, 3.00 ," 3,500.00 "," 10,500.00 ", -   ," 10,500.00 "," 1,047.86 "," 3,143.58 "," 7,356.42 ",70%
Cavite,DR 22674,17/04/2021,EDECAR 10mg, 5.00 , 280.00 ," 1,400.00 ", -   ," 1,400.00 ", 70.00 , 350.00 ," 1,050.00 ",75%
Cavite,DR 22678,17/04/2021,HYPHEN 50mg, 3.00 , 937.50 ," 2,812.50 ", -   ," 2,812.50 ", 227.27 , 681.81 ," 2,130.69 ",76%
Cavite,DR 22676,17/04/2021,HYCLENS WOUND SPRAY (60ML), 12.00 , 229.32 ," 2,751.84 ", -   ," 2,751.84 ", 114.66 ," 1,375.92 "," 1,375.92 ",50%
Cavite,DR 22677,17/04/2021,HYCLENS GARGLE (120ML), 12.00 , 176.00 ," 2,112.00 ", -   ," 2,112.00 ", 88.00 ," 1,056.00 "," 1,056.00 ",50%
Cavite,DR 22679,17/04/2021,CORBAL 100MG, 5.00 , 900.00 ," 4,500.00 ", -   ," 4,500.00 ", 210.00 ," 1,050.00 "," 3,450.00 ",77%
Cavite,DR 22684,17/04/2021,DALAMYCIN 150 MG, 10.00 ," 3,500.00 "," 35,000.00 ", -   ," 35,000.00 "," 1,083.33 "," 10,833.30 "," 24,166.70 ",69%
Cavite,PULL 1996,14/04/2021,GLOTREX 500MG/5ML, (14.40)," 1,500.00 "," (21,600.00)", -   ," (21,600.00)", 125.00 ," (1,800.00)"," (19,800.00)",92%
Cavite,DR 22687,10/04/2021,CARDIZAR 50MG, 2.00 , 350.00 , 700.00 , -   , 700.00 , 142.86 , 285.72 , 414.28 ,59%
Cavite,DR 22686,10/04/2021,DALAMYCIN 150 MG, 30.00 ," 3,500.00 "," 105,000.00 ", -   ," 105,000.00 "," 1,083.33 "," 32,499.90 "," 72,500.10 ",69%
Cavite,DR 22683,10/04/2021,HEMOBAS 500MG/5ML, 3.00 , 525.00 ," 1,575.00 ", -   ," 1,575.00 ", 280.00 , 840.00 , 735.00 ,47%
Cavite,DR 22682,10/04/2021,HYCLENS WOUND SPRAY 1Gallon, 1.00 ," 2,948.40 "," 2,948.40 ", -   ," 2,948.40 "," 1,474.20 "," 1,474.20 "," 1,474.20 ",50%
Cavite,DR 22688,10/04/2021,MERAZOL 40MG, 5.00 ," 1,800.00 "," 9,000.00 ", -   ," 9,000.00 ", 250.00 ," 1,250.00 "," 7,750.00 ",86%
Cavite,22668,22/03/2021,CATAMED 75MCG TAB, 3.00 , 731.25 ," 2,193.75 ", -   ," 2,193.75 ", 499.00 ," 1,497.00 ", 696.75 ,32%
Cavite,22671,22/03/2021,ENCLOXIL 500MG, 2.00 ," 1,350.00 "," 2,700.00 ", -   ," 2,700.00 ", 780.00 ," 1,560.00 "," 1,140.00 ",42%
Cavite,22670,15/03/2021,TERMAGEN 100MG/ML, 24.00 , 85.50 ," 2,052.00 ", -   ," 2,052.00 ", 29.18 , 700.32 ," 1,351.68 ",66%
Cavite,22667,26/02/2021,EPIX BY 10'S, 10.00 , 860.00 ," 8,600.00 ", -   ," 8,600.00 ", 175.00 ," 1,750.00 "," 6,850.00 ",80%
Cavite,22663,26/02/2021,CORBAL 100MG, 5.00 , 900.00 ," 4,500.00 ", -   ," 4,500.00 ", 210.00 ," 1,050.00 "," 3,450.00 ",77%
Cavite,22665,20/02/2021,HYCLENS WOUND SPRAY 1Gallon, 4.00 ," 2,948.40 "," 11,793.60 ", -   ," 11,793.60 "," 1,474.20 "," 5,896.80 "," 5,896.80 ",50%
Cavite,22661,20/02/2021,SAPHLECOX 200MG, 3.00 ," 1,395.00 "," 4,185.00 ", -   ," 4,185.00 ", 166.00 , 498.00 ," 3,687.00 ",88%
Cavite,22655,20/02/2021,ATOVAS 20MG, 5.00 , 900.00 ," 4,500.00 ", -   ," 4,500.00 ", 180.00 , 900.00 ," 3,600.00 ",80%
Cavite,PULL 1990,15/02/2021,HISTARIL 1MG/50MG/5ML SYR, 19.00 , (118.00)," (2,242.00)", -   ," (2,242.00)", 22.30 , 423.70 ," (2,665.70)",119%
Cavite,PULL 1990,15/02/2021,MONILIASOL 125MG/5ML, 6.00 , (725.00)," (4,350.00)", -   ," (4,350.00)", 36.76 , 220.56 ," (4,570.56)",105%
Cavite,22660,13/02/2021,HYCLENS OB WASH ANTISEPTIC, 6.00 , 277.20 ," 1,663.20 ", -   ," 1,663.20 ", 138.60 , 831.60 , 831.60 ,50%
Cavite,22652,13/02/2021,CARDIZAR 50MG, 2.00 , 350.00 , 700.00 , -   , 700.00 , 142.86 , 285.72 , 414.28 ,59%
Cavite,22659,13/02/2021,MERAZOL 40MG, 5.00 ," 1,800.00 "," 9,000.00 ", -   ," 9,000.00 ", 250.00 ," 1,250.00 "," 7,750.00 ",86%
Cavite,22659,13/02/2021,HIVENT 1MG/2.5ML, 1.00 , 787.50 , 787.50 , -   , 787.50 , 287.00 , 287.00 , 500.50 ,64%
Cavite,22659,13/02/2021,BUDESON 250MCG/ML (500MCG/2ML), 2.00 ," 3,850.00 "," 7,700.00 ", -   ," 7,700.00 ", 692.50 ," 1,385.00 "," 6,315.00 ",82%
Cavite,22651,13/02/2021,MERAZOL 40MG, 5.00 ," 1,800.00 "," 9,000.00 ", -   ," 9,000.00 ", 250.00 ," 1,250.00 "," 7,750.00 ",86%
Cavite,22651,13/02/2021,ANTIZOAL 5MG/ML, 50.00 , 90.00 ," 4,500.00 ", -   ," 4,500.00 ", 21.00 ," 1,050.00 "," 3,450.00 ",77%
Cavite,22651,13/02/2021,APULDON 10mg, 1.00 , 450.00 , 450.00 , -   , 450.00 , 80.00 , 80.00 , 370.00 ,82%
Cavite,22654,13/02/2021,HYPHEN 50mg, 3.00 , 937.50 ," 2,812.50 ", -   ," 2,812.50 ", 227.27 , 681.81 ," 2,130.69 ",76%
Cavite,22654,13/02/2021,CORBAL 100MG, 5.00 , 900.00 ," 4,500.00 ", -   ," 4,500.00 ", 210.00 ," 1,050.00 "," 3,450.00 ",77%
Cavite,22044,13/02/2021,SITIXON 1G, 40.00 , 380.00 ," 15,200.00 "," 3,800.00 "," 11,400.00 ", 30.00 ," 1,200.00 "," 10,200.00 ",67%
Cavite,22046,13/02/2021,ATORSAPH 20MG TAB, 5.00 , 500.00 ," 2,500.00 ", -   ," 2,500.00 ", 28.00 , 140.00 ," 2,360.00 ",94%
Cavite,22050,13/02/2021,HYCLENS WOUND SPRAY 1Gallon, 4.00 ," 2,948.40 "," 11,793.60 ", -   ," 11,793.60 "," 1,474.20 "," 5,896.80 "," 5,896.80 ",50%
Cavite,22048,13/02/2021,ANTIZOAL 5MG/ML, 50.00 , 90.00 ," 4,500.00 ", -   ," 4,500.00 ", 21.00 ," 1,050.00 "," 3,450.00 ",77%
Cavite,22045,13/02/2021,CARDIZAR 50MG, 2.00 , 350.00 , 700.00 , -   , 700.00 , 142.86 , 285.72 , 414.28 ,59%
Cavite,22045,13/02/2021,ENCLOXIL 500MG, 2.00 ," 1,350.00 "," 2,700.00 ", -   ," 2,700.00 ", 780.00 ," 1,560.00 "," 1,140.00 ",42%
Cavite,22040,18/01/2021,CARDIZAR 50MG, 2.00 , 350.00 , 700.00 , -   , 700.00 , 142.86 , 285.72 , 414.28 ,59%
Cavite,22038,11/01/2021,INHIBITA 40MG, 2.00 , 843.75 ," 1,687.50 ", -   ," 1,687.50 ", 90.00 , 180.00 ," 1,507.50 ",89%
Cavite,22038,11/01/2021,CEEPRAZOL 20MG, 3.00 ," 1,350.00 "," 4,050.00 ", -   ," 4,050.00 ", 610.00 ," 1,830.00 "," 2,220.00 ",55%
Cavite,22037,11/01/2021,EPIX BY 10'S, 5.00 , 860.00 ," 4,300.00 ", -   ," 4,300.00 ", 175.00 , 875.00 ," 3,425.00 ",80%
Cavite,22037,11/01/2021,MERAZOL 40MG, 5.00 ," 1,800.00 "," 9,000.00 ", -   ," 9,000.00 ", 250.00 ," 1,250.00 "," 7,750.00 ",86%
Cavite,22043,11/01/2021,HYCLENS WOUND SPRAY (60ML), 72.00 , 229.32 ," 16,511.04 ", -   ," 16,511.04 ", 114.66 ," 8,255.52 "," 8,255.52 ",50%
Cavite,22042,11/01/2021,HYCLENS GARGLE (120ML), 12.00 , 176.00 ," 2,112.00 ", -   ," 2,112.00 ", 88.00 ," 1,056.00 "," 1,056.00 ",50%
Cavite,22041,11/01/2021,CARDIZAR 50MG, 1.00 , 350.00 , 350.00 , -   , 350.00 , 142.86 , 142.86 , 207.14 ,59%
Cavite,22035,11/01/2021,LACTAMOX 500MG/125MG TAB, 6.00 ," 3,500.00 "," 21,000.00 ", -   ," 21,000.00 "," 1,047.86 "," 6,287.16 "," 14,712.84 ",70%
Cavite,22035,11/01/2021,CARDOWIN 1MG, 20.00 , 970.00 ," 19,400.00 ", -   ," 19,400.00 ", 280.00 ," 5,600.00 "," 13,800.00 ",71%
Equipment,DR 024300,22/11/2021,EVAPROST 125MCG/ML, 3.00 ," 4,800.00 "," 14,400.00 ", -   ," 14,400.00 "," 1,872.00 "," 5,616.00 "," 8,784.00 ",61%
Equipment,DR MS 001035,31/10/2021,KN95 FACEMASK (PIECE)," 1,000.00 ", 68.00 ," 68,000.00 ", -   ," 68,000.00 ", 130.00 ," 130,000.00 "," (62,000.00)",-91%
Equipment,DR MS 001036,25/10/2021,GLOVES BLUE VINYL/NITRILE BLEND (SMALL), 100.00 , 550.00 ," 55,000.00 ", -   ," 55,000.00 ", 255.00 ," 25,500.00 "," 29,500.00 ",54%
Equipment,DR MS 001036,25/10/2021,GLOVES BLUE VINYL/NITRILE BLEND (MEDIUM), 50.00 , 550.00 ," 27,500.00 ", -   ," 27,500.00 ", 255.00 ," 12,750.00 "," 14,750.00 ",54%
Equipment,DR MS 001036,25/10/2021,GLOVES BLUE VINYL/NITRILE BLEND (MEDIUM), 50.00 , 550.00 ," 27,500.00 ", -   ," 27,500.00 ", 255.00 ," 12,750.00 "," 14,750.00 ",54%
Equipment,DR MS 001036,25/10/2021,FACE MASK," 1,000.00 ", 350.00 ," 350,000.00 ", -   ," 350,000.00 ", 50.00 ," 50,000.00 "," 300,000.00 ",86%
Equipment,DR MS 001036,25/10/2021,ALCOHOL ETHYL 70% - ALCORADE, 200.00 , 800.00 ," 160,000.00 ", -   ," 160,000.00 ", 330.00 ," 66,000.00 "," 94,000.00 ",59%
Equipment,DR MS 001013,18/10/2021,ISOLATION GOWN, 400.00 , 180.00 ," 72,000.00 ", -   ," 72,000.00 ", 60.00 ," 24,000.00 "," 48,000.00 ",67%
Equipment,DR MS 001024,18/10/2021,ISOLATION GOWN, 600.00 , 180.00 ," 108,000.00 ", -   ," 108,000.00 ", 60.00 ," 36,000.00 "," 72,000.00 ",67%
Equipment,DR MS 001024,18/10/2021,GLOVES BLUE VINYL/NITRILE BLEND (SMALL), 60.00 , 550.00 ," 33,000.00 ", -   ," 33,000.00 ", 255.00 ," 15,300.00 "," 17,700.00 ",54%
Equipment,DR MS 001024,18/10/2021,GLOVES BLUE VINYL/NITRILE BLEND (MEDIUM), 90.00 , 550.00 ," 49,500.00 ", -   ," 49,500.00 ", 255.00 ," 22,950.00 "," 26,550.00 ",54%
Equipment,DR MS 001024,18/10/2021,GLOVES BLUE VINYL/NITRILE BLEND (LARGE), 100.00 , 550.00 ," 55,000.00 ", -   ," 55,000.00 ", 255.00 ," 25,500.00 "," 29,500.00 ",54%
Equipment,DR MS 001024,18/10/2021,BOUFFANT CAP, 9.00 , 800.00 ," 7,200.00 ", -   ," 7,200.00 ", 170.00 ," 1,530.00 "," 5,670.00 ",79%
Equipment,DR MS 001006,18/10/2021,GLOVES BLUE VINYL/NITRILE BLEND (SMALL), 40.00 , 550.00 ," 22,000.00 ", -   ," 22,000.00 ", 255.00 ," 10,200.00 "," 11,800.00 ",54%
Equipment,DR MS 001006,18/10/2021,GLOVES BLUE VINYL/NITRILE BLEND (MEDIUM), 1.00 , 550.00 , 550.00 , -   , 550.00 , 255.00 , 255.00 , 295.00 ,54%
Equipment,DR 024295,30/09/2021,UV LIGHT CZYD-ZW60WYKW 60w, 1.00 ," 55,716.11 "," 55,716.11 ", -   ," 55,716.11 "," 11,999.75 "," 11,999.75 "," 43,716.36 ",78%
Equipment,DR 024295,30/09/2021,UV LIGHT GERMICIDAL BULB T530WG13UV LANDLITE, 2.00 ," 4,641.95 "," 9,283.89 ", -   ," 9,283.89 ", 999.75 ," 1,999.50 "," 7,284.39 ",78%
Equipment,DR MS 00989,30/09/2021,ALCOHOL ETHYL 70% - ALCORADE, 28.00 , 800.00 ," 22,400.00 ", -   ," 22,400.00 ", 330.00 ," 9,240.00 "," 13,160.00 ",59%
Equipment,DR MS 00994,30/09/2021,ALCOHOL ETHYL 70% - ALCORADE, 472.00 , 800.00 ," 377,600.00 ", -   ," 377,600.00 ", 330.00 ," 155,760.00 "," 221,840.00 ",59%
Equipment,DR MS 00994,30/09/2021,SURGICAL GOWN - DISPOSABLE STERILE, 300.00 , 380.00 ," 114,000.00 ", -   ," 114,000.00 ", 130.00 ," 39,000.00 "," 75,000.00 ",66%
Equipment,DR MS 00981,30/09/2021,GLOVES BLUE VINYL/NITRILE BLEND (SMALL), 100.00 , 550.00 ," 55,000.00 ", -   ," 55,000.00 ", 255.00 ," 25,500.00 "," 29,500.00 ",54%
Equipment,DR MS 00981,30/09/2021,GLOVES BLUE VINYL/NITRILE BLEND (MEDIUM), 100.00 , 550.00 ," 55,000.00 ", -   ," 55,000.00 ", 255.00 ," 25,500.00 "," 29,500.00 ",54%
Equipment,DR MS 00981,30/09/2021,GLOVES BLUE VINYL/NITRILE BLEND (LARGE), 100.00 , 550.00 ," 55,000.00 ", -   ," 55,000.00 ", 255.00 ," 25,500.00 "," 29,500.00 ",54%
Equipment,DR MS 00981,30/09/2021,BETASOL 7.5MG/ML POVIDONE IODINE, 20.00 ," 1,300.00 "," 26,000.00 ", -   ," 26,000.00 ", 700.00 ," 14,000.00 "," 12,000.00 ",46%
Equipment,DR MS 00981,30/09/2021,BETASOL 10% SOLUTION ANTISEPTIC, 20.00 ," 1,300.00 "," 26,000.00 ", -   ," 26,000.00 ", 680.00 ," 13,600.00 "," 12,400.00 ",48%
Equipment,DR MS 00981,30/09/2021,ISOLATION GOWN," 1,000.00 ", 180.00 ," 180,000.00 ", -   ," 180,000.00 ", 60.00 ," 60,000.00 "," 120,000.00 ",67%
Equipment,DR MS 00981,30/09/2021,FACESHIELD - GARTERIZED (HENG-DE)," 1,000.00 ", 28.80 ," 28,800.00 ", -   ," 28,800.00 ", 8.00 ," 8,000.00 "," 20,800.00 ",72%
Equipment,DR MS 00979,27/09/2021,PPE - ALCOLUXX," 1,000.00 ", 650.00 ," 650,000.00 ", -   ," 650,000.00 ", 160.00 ," 160,000.00 "," 490,000.00 ",75%
Equipment,DR MS 00978,27/09/2021,FACE MASK, 169.00 , 350.00 ," 59,150.00 ", -   ," 59,150.00 ", 50.00 ," 8,450.00 "," 50,700.00 ",86%
Equipment,DR MS 00939,20/09/2021,ALCOHOL ETHYL 70% - ALCORADE, 464.00 , 800.00 ," 371,200.00 ", -   ," 371,200.00 ", 330.00 ," 153,120.00 "," 218,080.00 ",59%
Equipment,DR MS 00970,20/09/2021,FACE MASK, 831.00 , 350.00 ," 290,850.00 ", -   ," 290,850.00 ", 50.00 ," 41,550.00 "," 249,300.00 ",86%
Equipment,DR MS 00970,20/09/2021,KN95 FACEMASK (PIECE)," 3,000.00 ", 90.00 ," 270,000.00 ", -   ," 270,000.00 ", 130.00 ," 390,000.00 "," (120,000.00)",-44%
Equipment,DR MS 00930,13/09/2021,ALCOHOL ETHYL 70% - ALCORADE, 36.00 , 800.00 ," 28,800.00 ", -   ," 28,800.00 ", 330.00 ," 11,880.00 "," 16,920.00 ",59%
Equipment,DR MS 00920,06/09/2021,FACE MASK," 1,000.00 ", 600.00 ," 600,000.00 ", -   ," 600,000.00 ", 50.00 ," 50,000.00 "," 550,000.00 ",92%
Equipment,DR MS 00908,31/08/2021,AIDEX 5Litres, 14.00 ," 3,600.00 "," 50,400.00 ", -   ," 50,400.00 "," 1,500.00 "," 21,000.00 "," 29,400.00 ",58%
Equipment,DR 024288,31/08/2021,UV LIGHT CZYD-ZW60WYKW 60w, 1.00 ," 65,000.00 "," 65,000.00 ", -   ," 65,000.00 "," 11,999.75 "," 11,999.75 "," 53,000.25 ",82%
Equipment,DR MS 00913,31/08/2021,KN95 FACEMASK - CHRISTINE," 1,000.00 ", 90.00 ," 90,000.00 ", -   ," 90,000.00 ", 7.00 ," 7,000.00 "," 83,000.00 ",92%
Equipment,DR MS 00913,31/08/2021,KN95 FACEMASK (PIECE), 500.00 , 90.00 ," 45,000.00 ", -   ," 45,000.00 ", 130.00 ," 65,000.00 "," (20,000.00)",-44%
Equipment,DR MS 00915,31/08/2021,"WOODEN APPLICATOR STICK 6""- PARTNERS", 50.00 , 600.00 ," 30,000.00 ", -   ," 30,000.00 ", 125.00 ," 6,250.00 "," 23,750.00 ",79%
Equipment,DR MS 00915,31/08/2021,BP - CUFF - GENERIC, 20.00 , 480.00 ," 9,600.00 ", -   ," 9,600.00 ", 150.00 ," 3,000.00 "," 6,600.00 ",69%
Equipment,DR MS 00915,31/08/2021,BP - INFLATION BAG, 20.00 , 480.00 ," 9,600.00 ", -   ," 9,600.00 ", 150.00 ," 3,000.00 "," 6,600.00 ",69%
Equipment,DR MS 00915,31/08/2021,BP - BULB, 20.00 , 550.00 ," 11,000.00 ", -   ," 11,000.00 ", 150.00 ," 3,000.00 "," 8,000.00 ",73%
Equipment,DR MS 00915,31/08/2021,"MICROPORE 1"" - 1530-1 - 3M", 200.00 , 760.00 ," 152,000.00 ", -   ," 152,000.00 ", 380.00 ," 76,000.00 "," 76,000.00 ",50%
Equipment,DR MS 00915,31/08/2021,AIDEX 5Litres, 6.00 ," 3,600.00 "," 21,600.00 ", -   ," 21,600.00 "," 1,500.00 "," 9,000.00 "," 12,600.00 ",58%
Equipment,DR MS 00915,31/08/2021,TOUNGE CLIP STERILE - UNIMEX, 50.00 , 480.00 ," 24,000.00 ", -   ," 24,000.00 ", 150.00 ," 7,500.00 "," 16,500.00 ",69%
Equipment,DR MS 00915,31/08/2021,TORNIQUET FLAT, 50.00 , 80.00 ," 4,000.00 ", -   ," 4,000.00 ", 20.00 ," 1,000.00 "," 3,000.00 ",75%
Equipment,DR MS 00910,31/08/2021,(S) DISPOSABLE GLOVES VINYL AIEL, 230.00 , 650.00 ," 149,500.00 ", -   ," 149,500.00 ", 280.00 ," 64,400.00 "," 85,100.00 ",57%
Equipment,DR MS 00910,31/08/2021,(M) DISPOSABLE GLOVES VINYL AIEL, 250.00 , 650.00 ," 162,500.00 ", -   ," 162,500.00 ", 280.00 ," 70,000.00 "," 92,500.00 ",57%
Equipment,DR MS 00913,31/08/2021,ISOLATION GOWN STERILE (GDR)," 1,500.00 ", 380.00 ," 570,000.00 ", -   ," 570,000.00 ", 120.00 ," 180,000.00 "," 390,000.00 ",68%
Equipment,DR MS 00912,31/08/2021,ISOLATION GOWN - RHYCOM," 1,500.00 ", 180.00 ," 270,000.00 ", -   ," 270,000.00 ", 60.00 ," 90,000.00 "," 180,000.00 ",67%
Equipment,DR MS 00911,31/08/2021,PPE (S) WEI BANG, 300.00 , 399.51 ," 119,852.49 ", -   ," 119,852.49 ", 200.00 ," 60,000.00 "," 59,852.49 ",50%
Equipment,DR MS 00911,31/08/2021,PPE - MEDIUM (GDR), 400.00 , 309.62 ," 123,847.56 ", -   ," 123,847.56 ", 155.00 ," 62,000.00 "," 61,847.56 ",50%
Equipment,DR MS 00911,31/08/2021,PPE - LARGE (GDR), 400.00 , 309.62 ," 123,847.56 ", -   ," 123,847.56 ", 155.00 ," 62,000.00 "," 61,847.56 ",50%
Equipment,DR MS 00911,31/08/2021,PPE - XTRA LARGE (GDR), 400.00 , 309.62 ," 123,847.56 ", -   ," 123,847.56 ", 155.00 ," 62,000.00 "," 61,847.56 ",50%
Equipment,DR MS 00911,31/08/2021,ISOLATION GOWN STERILE (GDR)," 1,500.00 ", 239.70 ," 359,557.47 ", -   ," 359,557.47 ", 120.00 ," 180,000.00 "," 179,557.47 ",50%
Equipment,DR MS 00911,31/08/2021,KN95 FACEMASK (PIECE)," 1,500.00 ", 13.98 ," 20,974.05 ", -   ," 20,974.05 ", 130.00 ," 195,000.00 "," (174,025.95)",-830%
Equipment,DR MS 00911,31/08/2021,FACE SHIELD," 1,500.00 ", 17.98 ," 26,966.70 ", -   ," 26,966.70 ", 8.00 ," 12,000.00 "," 14,966.70 ",56%
Equipment,DR MS 00911,31/08/2021,GLOVES BLUE VINYL/NITRILE BLEND (MEDIUM), 10.00 , 559.31 ," 5,593.12 ", -   ," 5,593.12 ", 255.00 ," 2,550.00 "," 3,043.12 ",54%
Equipment,DR MS 00911,31/08/2021,GLOVES BLUE VINYL/NITRILE BLEND (XL), 10.00 , 559.31 ," 5,593.12 ", -   ," 5,593.12 ", 280.00 ," 2,800.00 "," 2,793.12 ",50%
Equipment,DR MS 00911,31/08/2021,GLOVES BLUE VINYL/NITRILE BLEND (SMALL), 10.00 , 559.31 ," 5,593.12 ", -   ," 5,593.12 ", 255.00 ," 2,550.00 "," 3,043.12 ",54%
Equipment,DR MS 00911,31/08/2021,SHOE COVER, 60.00 , 899.89 ," 53,993.62 ", -   ," 53,993.62 ", 280.00 ," 16,800.00 "," 37,193.62 ",69%
Equipment,DR MS 00911,31/08/2021,BOUFFANT CAP, 15.00 , 359.56 ," 5,393.36 ", -   ," 5,393.36 ", 170.00 ," 2,550.00 "," 2,843.36 ",53%
Equipment,DR MS 00919,31/08/2021,PPE - COLORED (GDR)," 1,500.00 ", 590.00 ," 885,000.00 ", -   ," 885,000.00 ", 250.00 ," 375,000.00 "," 510,000.00 ",58%
Equipment,DR MS 00900,23/08/2021,GLOVES BLUE VINYL/NITRILE BLEND (SMALL), 20.00 , 650.00 ," 13,000.00 ", -   ," 13,000.00 ", 255.00 ," 5,100.00 "," 7,900.00 ",61%
Equipment,DR MS 00900,23/08/2021,GLOVES BLUE VINYL/NITRILE BLEND (MEDIUM), 250.00 , 650.00 ," 162,500.00 ", -   ," 162,500.00 ", 255.00 ," 63,750.00 "," 98,750.00 ",61%
Equipment,DR MS 00900,23/08/2021,GLOVES BLUE VINYL/NITRILE BLEND (LARGE), 250.00 , 650.00 ," 162,500.00 ", -   ," 162,500.00 ", 255.00 ," 63,750.00 "," 98,750.00 ",61%
Equipment,DR MS 00899.,23/08/2021,ALCOHOL ETHYL 70% - ALCORADE, 480.00 , 800.00 ," 384,000.00 ", -   ," 384,000.00 ", 330.00 ," 158,400.00 "," 225,600.00 ",59%
Equipment,DR MS 00898,23/08/2021,ALCOHOL ISOPROPHYL 70% - ANGEL, 20.00 , 800.00 ," 16,000.00 ", -   ," 16,000.00 ", 405.00 ," 8,100.00 "," 7,900.00 ",49%
Equipment,DR MS 00892,16/08/2021,AIDEX 5Litres, 10.00 ," 3,600.00 "," 36,000.00 ", -   ," 36,000.00 "," 1,500.00 "," 15,000.00 "," 21,000.00 ",58%
Equipment,DR MS 00891,16/08/2021,GLOVES BLUE VINYL/NITRILE BLEND (SMALL), 250.00 , 650.00 ," 162,500.00 ", -   ," 162,500.00 ", 255.00 ," 63,750.00 "," 98,750.00 ",61%
Equipment,DR MS 00891,16/08/2021,GLOVES BLUE VINYL/NITRILE BLEND (MEDIUM), 250.00 , 650.00 ," 162,500.00 ", -   ," 162,500.00 ", 255.00 ," 63,750.00 "," 98,750.00 ",61%
Equipment,DR MS 00891,16/08/2021,GLOVES BLUE VINYL/NITRILE BLEND (XL), 250.00 , 650.00 ," 162,500.00 ", -   ," 162,500.00 ", 280.00 ," 70,000.00 "," 92,500.00 ",57%
Equipment,DR MS 00891,16/08/2021,GLOVES BLUE VINYL/NITRILE BLEND (LARGE), 250.00 , 650.00 ," 162,500.00 ", -   ," 162,500.00 ", 255.00 ," 63,750.00 "," 98,750.00 ",61%
Equipment,DR MS 00877,04/08/2021,PPE SET," 1,000.00 ", 650.00 ," 650,000.00 ", -   ," 650,000.00 ", 390.00 ," 390,000.00 "," 260,000.00 ",40%
Equipment,DR MS 00876,03/08/2021,KN95 FACEMASK (PIECE), 250.00 , 90.00 ," 22,500.00 ", -   ," 22,500.00 ", 130.00 ," 32,500.00 "," (10,000.00)",-44%
Equipment,DR MS 00876,03/08/2021,GLOVES BLUE VINYL/NITRILE BLEND (XL), 100.00 , 650.00 ," 65,000.00 ", -   ," 65,000.00 ", 280.00 ," 28,000.00 "," 37,000.00 ",57%
Equipment,DR MS 00863,31/07/2021,PPE SET, 760.00 , 650.00 ," 494,000.00 ", -   ," 494,000.00 ", 390.00 ," 296,400.00 "," 197,600.00 ",40%
Equipment,DR MS 00871,31/07/2021,GLOVES BLUE VINYL/NITRILE BLEND (MEDIUM), 90.00 , 650.00 ," 58,500.00 ", -   ," 58,500.00 ", 255.00 ," 22,950.00 "," 35,550.00 ",61%
Equipment,DR MS 00871,31/07/2021,GLOVES BLUE VINYL/NITRILE BLEND (LARGE), 90.00 , 650.00 ," 58,500.00 ", -   ," 58,500.00 ", 255.00 ," 22,950.00 "," 35,550.00 ",61%
Equipment,DR MS 00871,31/07/2021,GLOVES BLUE VINYL/NITRILE BLEND (SMALL), 100.00 , 650.00 ," 65,000.00 ", -   ," 65,000.00 ", 255.00 ," 25,500.00 "," 39,500.00 ",61%
Equipment,DR MS 00872,31/07/2021,KN95 FACEMASK (PIECE), 750.00 , 90.00 ," 67,500.00 ", -   ," 67,500.00 ", 130.00 ," 97,500.00 "," (30,000.00)",-44%
Equipment,DR MS 00872,31/07/2021,FACE MASK, 500.00 , 650.00 ," 325,000.00 ", -   ," 325,000.00 ", 50.00 ," 25,000.00 "," 300,000.00 ",92%
Equipment,DR MS 00870,29/07/2021,GLOVES (M), 2.00 , 650.00 ," 1,300.00 ", -   ," 1,300.00 ", 600.00 ," 1,200.00 ", 100.00 ,8%
Equipment,DR MS 00870,29/07/2021,GLOVES BLUE VINYL/NITRILE BLEND (MEDIUM), 8.00 , 650.00 ," 5,200.00 ", -   ," 5,200.00 ", 255.00 ," 2,040.00 "," 3,160.00 ",61%
Equipment,DR MS 00870,29/07/2021,FACE MASK, 149.00 , 600.00 ," 89,400.00 ", -   ," 89,400.00 ", 50.00 ," 7,450.00 "," 81,950.00 ",92%
Equipment,DR MS 00870,29/07/2021,GLOVES (L) - GLOMED, 10.00 , 650.00 ," 6,500.00 ", -   ," 6,500.00 ", 650.00 ," 6,500.00 ", -   ,0%
Equipment,DR MS 00829,23/07/2021,GLOVES BLUE VINYL/NITRILE BLEND (MEDIUM), 200.00 , 650.00 ," 130,000.00 ", -   ," 130,000.00 ", 255.00 ," 51,000.00 "," 79,000.00 ",61%
Equipment,DR MS 00829,23/07/2021,GLOVES BLUE VINYL/NITRILE BLEND (SMALL), 200.00 , 650.00 ," 130,000.00 ", -   ," 130,000.00 ", 255.00 ," 51,000.00 "," 79,000.00 ",61%
Equipment,DR MS 00829,23/07/2021,GLOVES BLUE VINYL/NITRILE BLEND (LARGE), 200.00 , 650.00 ," 130,000.00 ", -   ," 130,000.00 ", 255.00 ," 51,000.00 "," 79,000.00 ",61%
Equipment,DR MS 00829,23/07/2021,COTTON ROLL 400G - TENDERSOFT, 240.00 , 300.00 ," 72,000.00 ", -   ," 72,000.00 ", 150.00 ," 36,000.00 "," 36,000.00 ",50%
Equipment,DR MS 00826,01/07/2021,ALCOHOL - VELVETCARE ISOPROPYL 70%, 480.00 , 800.00 ," 384,000.00 ", -   ," 384,000.00 ", 300.00 ," 144,000.00 "," 240,000.00 ",63%
Equipment,DR MS 00827,01/07/2021,AUTOCLAVE ORMED TAPE 2CM, 100.00 , 360.00 ," 36,000.00 ", -   ," 36,000.00 ", 210.00 ," 21,000.00 "," 15,000.00 ",42%
Equipment,DR MS 00827,01/07/2021,POVIDONE IODINE 10% - MEDICROSS, 30.00 ," 1,300.00 "," 39,000.00 ", -   ," 39,000.00 ", 600.00 ," 18,000.00 "," 21,000.00 ",54%
Equipment,DR MS 00827,01/07/2021,POVIDONE IODINE 7.5% - MEDICROSS, 30.00 ," 1,300.00 "," 39,000.00 ", -   ," 39,000.00 ", 650.00 ," 19,500.00 "," 19,500.00 ",50%
Equipment,DR MS 00827,01/07/2021,KN95 FACEMASK - CHRISTINE, 100.00 , 900.00 ," 90,000.00 ", -   ," 90,000.00 ", 7.00 , 700.00 ," 89,300.00 ",99%
Equipment,DR MS 00827,01/07/2021,"MICROPORE 1"" - 1530-1 - 3M", 200.00 , 760.00 ," 152,000.00 ", -   ," 152,000.00 ", 380.00 ," 76,000.00 "," 76,000.00 ",50%
Equipment,MS00724,18/01/2021,IM70 PATIENT MONITOR W/ CAPNOGRAPH, 1.00 ," 450,000.00 "," 450,000.00 ", -   ," 450,000.00 "," 280,000.00 "," 280,000.00 "," 170,000.00 ",38%
Government,DR MS 001116,31/12/2021,ZINLUM 60ML, 20.00 , 90.78 ," 1,815.60 ", -   ," 1,815.60 ", 20.00 , 400.00 ," 1,415.60 ",78%
Government,DR MS 001116,31/12/2021,ERGOMET 200 MCG/ML, 20.00 , 84.50 ," 1,690.00 ", -   ," 1,690.00 ", 205.00 ," 4,100.00 "," (2,410.00)",-143%
Government,DR MS 001116,31/12/2021,AMBILIN 500, 100.00 , 80.00 ," 8,000.00 ", -   ," 8,000.00 ", 75.00 ," 7,500.00 ", 500.00 ,6%
Government,DR MS 001116,31/12/2021,OPTRYL EYE OINTMENT, 5.00 , 230.00 ," 1,150.00 ", -   ," 1,150.00 ", 98.00 , 490.00 , 660.00 ,57%
Government,DR MS 001092,13/12/2021,PHYTOBAS 10mg/ml, 5.00 , 650.00 ," 3,250.00 ", -   ," 3,250.00 ", 135.00 , 675.00 ," 2,575.00 ",79%
Government,DR MS 001092,13/12/2021,BUPIRIGHT AMPULE, 10.00 , 799.99 ," 7,999.90 ", -   ," 7,999.90 ", 185.00 ," 1,850.00 "," 6,149.90 ",77%
Government,DR MS 001092,13/12/2021,ANTIZOAL 5MG/ML, 50.00 , 120.00 ," 6,000.00 ", -   ," 6,000.00 ", 21.00 ," 1,050.00 "," 4,950.00 ",83%
Government,DR MS 001092,13/12/2021,FERRICORE 325MG, 10.00 , 500.00 ," 5,000.00 ", -   ," 5,000.00 ", 68.00 , 680.00 ," 4,320.00 ",86%
Government,DR MS 001055,05/12/2021,AXMEL 500MG, 15.00 , 750.00 ," 11,250.00 ", -   ," 11,250.00 ", 112.00 ," 1,680.00 "," 9,570.00 ",85%
Government,DR MS 001055,05/12/2021,MOXYLOR 125MG/5ML, 80.00 , 123.00 ," 9,840.00 ", -   ," 9,840.00 ", 14.00 ," 1,120.00 "," 8,720.00 ",89%
Government,DR MS 001055,05/12/2021,PARASAPH 500MG, 30.00 , 349.00 ," 10,470.00 ", -   ," 10,470.00 ", 42.00 ," 1,260.00 "," 9,210.00 ",88%
Government,DR MS 001055,05/12/2021,BIOGIC 100MG DROPS, 50.00 , 65.00 ," 3,250.00 ", -   ," 3,250.00 ", 14.00 , 700.00 ," 2,550.00 ",78%
Government,DR MS 001055,05/12/2021,BIOGIC 250MG SUS, 75.00 , 124.00 ," 9,300.00 ", -   ," 9,300.00 ", 12.00 , 900.00 ," 8,400.00 ",90%
Government,DR MS 001055,05/12/2021,CEFUSAPH, 1.00 ," 1,205.00 "," 1,205.00 ", -   ," 1,205.00 ", 112.00 , 112.00 ," 1,093.00 ",91%
Government,DR MS 001055,05/12/2021,EXEL 500MG CAP, 25.00 ," 1,300.00 "," 32,500.00 ", -   ," 32,500.00 ", 253.00 ," 6,325.00 "," 26,175.00 ",81%
Government,DR MS 001055,05/12/2021,RANICLAV 625MG, 178.57 , 693.00 ," 123,749.01 ", -   ," 123,749.01 ", 198.00 ," 35,356.86 "," 88,392.15 ",71%
Government,DR MS 001055,05/12/2021,KATHREX 800/160MG, 5.00 , 775.00 ," 3,875.00 ", -   ," 3,875.00 ", 120.00 , 600.00 ," 3,275.00 ",85%
Government,DR MS 001055,05/12/2021,CLIN-GEN 300mg, 25.00 ," 2,015.00 "," 50,375.00 ", -   ," 50,375.00 ", 350.00 ," 8,750.00 "," 41,625.00 ",83%
Government,DR MS 001055,05/12/2021,MONPHEVIN 200MG, 10.00 , 160.00 ," 1,600.00 ", -   ," 1,600.00 ", 50.00 , 500.00 ," 1,100.00 ",69%
Government,DR MS 001055,05/12/2021,INFAMIX 500MG, 25.00 ," 1,445.00 "," 36,125.00 ", -   ," 36,125.00 ", 55.00 ," 1,375.00 "," 34,750.00 ",96%
Government,DR MS 001055,05/12/2021,RANZOLE 40MG, 2.00 ," 4,495.00 "," 8,990.00 ", -   ," 8,990.00 ", 400.00 , 800.00 ," 8,190.00 ",91%
Government,DR MS 001055,05/12/2021,DEHYDROSOL 250ML, 10.00 , 350.00 ," 3,500.00 ", -   ," 3,500.00 ", 52.00 , 520.00 ," 2,980.00 ",85%
Government,DR MS 001055,05/12/2021,MULTIVITA, 25.00 ," 1,100.00 "," 27,500.00 ", -   ," 27,500.00 ", 75.00 ," 1,875.00 "," 25,625.00 ",93%
Government,DR MS 001055,05/12/2021,MULTILEM 60ml, 100.00 , 95.00 ," 9,500.00 ", -   ," 9,500.00 ", 16.00 ," 1,600.00 "," 7,900.00 ",83%
Government,DR MS 001055,05/12/2021,ENOCEE 500mg, 25.00 ," 1,825.00 "," 45,625.00 ", -   ," 45,625.00 ", 48.00 ," 1,200.00 "," 44,425.00 ",97%
Government,DR MS 001055,05/12/2021,APCEE 100/5ml 60ml, 50.00 , 75.00 ," 3,750.00 ", -   ," 3,750.00 ", 14.00 , 700.00 ," 3,050.00 ",81%
Government,DR MS 001055,05/12/2021,APCEE 100/5ml 60ml, 25.00 , 75.00 ," 1,875.00 ", -   ," 1,875.00 ", 14.00 , 350.00 ," 1,525.00 ",81%
Government,DR MS 001055,05/12/2021,ENOCEE 500mg, 5.00 ," 1,825.00 "," 9,125.00 ", -   ," 9,125.00 ", 48.00 , 240.00 ," 8,885.00 ",97%
Government,DR MS 001055,05/12/2021,MULTICAPS, 5.00 ," 1,100.00 "," 5,500.00 ", -   ," 5,500.00 ", 68.00 , 340.00 ," 5,160.00 ",94%
Government,DR MS 001055,05/12/2021,CETICIT 10MG, 1.00 ," 1,600.00 "," 1,600.00 ", -   ," 1,600.00 ", 40.00 , 40.00 ," 1,560.00 ",98%
Government,DR MS 001055,05/12/2021,NERVESAPH, 2.00 , 590.00 ," 1,180.00 ", -   ," 1,180.00 ", 64.00 , 128.00 ," 1,052.00 ",89%
Government,DR MS 001055,05/12/2021,QUADMAX, 5.00 ," 5,220.00 "," 26,100.00 ", -   ," 26,100.00 ", 860.00 ," 4,300.00 "," 21,800.00 ",84%
Government,DR MS 001055,05/12/2021,RESPOSAL-1, 1.00 ," 1,400.00 "," 1,400.00 ", -   ," 1,400.00 ", 250.00 , 250.00 ," 1,150.00 ",82%
Government,DR MS 001055,05/12/2021,BIOXAL 2MG, 5.00 , 200.00 ," 1,000.00 ", -   ," 1,000.00 ", 20.00 , 100.00 , 900.00 ,90%
Government,DR MS 001055,05/12/2021,VN2 2/5ml 60ml, 25.00 , 70.00 ," 1,750.00 ", -   ," 1,750.00 ", 8.50 , 212.50 ," 1,537.50 ",88%
Government,DR MS 001055,05/12/2021,HIVENT 1MG/2.5ML, 4.17 ," 1,290.00 "," 5,374.91 ", -   ," 5,374.91 ", 287.00 ," 1,196.79 "," 4,178.12 ",78%
Government,DR MS 001056,05/12/2021,ALLECUR 5MG, 15.00 , 150.00 ," 2,250.00 ", -   ," 2,250.00 ", 17.50 , 262.50 ," 1,987.50 ",88%
Government,DR MS 001056,05/12/2021,CETICIT 10MG, 3.00 ," 1,600.00 "," 4,800.00 ", -   ," 4,800.00 ", 40.00 , 120.00 ," 4,680.00 ",98%
Government,DR MS 001056,05/12/2021,ANGEL-50 50MG, 50.00 , 700.00 ," 35,000.00 ", -   ," 35,000.00 ", 145.00 ," 7,250.00 "," 27,750.00 ",79%
Government,DR MS 001056,05/12/2021,LOSAAR 100mg, 15.00 ," 1,800.00 "," 27,000.00 ", -   ," 27,000.00 ", 250.00 ," 3,750.00 "," 23,250.00 ",86%
Government,DR MS 001056,05/12/2021,LODIPEX - 10MG, 15.00 ," 1,505.00 "," 22,575.00 ", -   ," 22,575.00 ", 60.00 , 900.00 ," 21,675.00 ",96%
Government,DR MS 001056,05/12/2021,PROMETIN, 5.00 , 600.00 ," 3,000.00 ", -   ," 3,000.00 ", 63.00 , 315.00 ," 2,685.00 ",90%
Government,DR MS 001056,05/12/2021,ATORSAPH 20MG TAB, 15.00 , 220.00 ," 3,300.00 ", -   ," 3,300.00 ", 28.00 , 420.00 ," 2,880.00 ",87%
Government,DR MS 001056,05/12/2021,DOPAMET 250MG TAB, 1.00 ," 2,600.00 "," 2,600.00 ", -   ," 2,600.00 ", 195.00 , 195.00 ," 2,405.00 ",93%
Government,DR MS 001056,05/12/2021,FORMET 500MG, 42.00 , 500.00 ," 21,000.00 ", -   ," 21,000.00 ", 76.00 ," 3,192.00 "," 17,808.00 ",85%
Government,DR MS 001056,05/12/2021,GLIMIDE 5MG, 5.00 , 225.00 ," 1,125.00 ", -   ," 1,125.00 ", 23.00 , 115.00 ," 1,010.00 ",90%
Government,DR MS 001056,05/12/2021,ZEBET 80mg, 3.00 ," 1,150.00 "," 3,450.00 ", -   ," 3,450.00 ", 210.00 , 630.00 ," 2,820.00 ",82%
Government,DR MS 001056,05/12/2021,RANICLAV 625MG, 3.00 ," 4,950.00 "," 14,850.00 ", -   ," 14,850.00 ", 198.00 , 594.00 ," 14,256.00 ",96%
Government,DR MS 001056,05/12/2021,MEGYXAN 500MG CAP, 5.00 ," 1,445.00 "," 7,225.00 ", -   ," 7,225.00 ", 69.00 , 345.00 ," 6,880.00 ",95%
Government,DR MS 001056,05/12/2021,EXEL 100MG, 3.00 ," 1,300.00 "," 3,900.00 ", -   ," 3,900.00 ", 220.00 , 660.00 ," 3,240.00 ",83%
Government,DR MS 001056,05/12/2021,AXMEL 250MG/ML SUSP, 15.00 , 120.00 ," 1,800.00 ", -   ," 1,800.00 ", 14.85 , 222.75 ," 1,577.25 ",88%
Government,DR MS 001056,05/12/2021,BIOGIC 250MG SUS, 10.00 , 120.00 ," 1,200.00 ", -   ," 1,200.00 ", 12.00 , 120.00 ," 1,080.00 ",90%
Government,DR MS 001089,05/12/2021,CLOXASAPH - 250, 150.00 , 70.01 ," 10,501.50 ", -   ," 10,501.50 ", 27.00 ," 4,050.00 "," 6,451.50 ",61%
Government,DR MS 001089,05/12/2021,ATREX 1MG/ML, 5.00 , 482.56 ," 2,412.80 ", -   ," 2,412.80 ", 130.00 , 650.00 ," 1,762.80 ",73%
Government,DR MS 001089,05/12/2021,AMPICARE 500MG/250MG, 50.00 ," 5,754.97 "," 287,748.50 ", -   ," 287,748.50 ", 280.00 ," 14,000.00 "," 273,748.50 ",95%
Government,DR MS 001089,05/12/2021,FENOFAST 200MG, 10.00 , 999.70 ," 9,997.00 ", -   ," 9,997.00 ", 270.00 ," 2,700.00 "," 7,297.00 ",73%
Government,DR MS 001089,05/12/2021,PHYTOMEN 10MG/ML, 20.00 , 650.00 ," 13,000.00 ", -   ," 13,000.00 ", 145.00 ," 2,900.00 "," 10,100.00 ",78%
Government,DR MS 001071,29/11/2021,TRIVASC 35MG MR, 2.00 ," 1,885.00 "," 3,770.00 ", -   ," 3,770.00 ", 437.50 , 875.00 ," 2,895.00 ",77%
Government,DR MS 001071,29/11/2021,VITACORE 100MG, 10.00 , 90.00 , 900.00 , -   , 900.00 , 115.00 ," 1,150.00 ", (250.00),-28%
Government,DR MS 001071,29/11/2021,AROFLO 250, 10.00 , 714.00 ," 7,140.00 ", -   ," 7,140.00 ", 408.00 ," 4,080.00 "," 3,060.00 ",43%
Government,DR MS 001071,29/11/2021,DEXAMAX 4MG, 20.00 , 91.75 ," 1,835.00 ", -   ," 1,835.00 ", 290.00 ," 5,800.00 "," (3,965.00)",-216%
Government,DR MS 001071,29/11/2021,MOHSIDEX 4mg/ml, 20.00 , 91.75 ," 1,835.00 ", -   ," 1,835.00 ", 103.50 ," 2,070.00 ", (235.00),-13%
Government,DR MS 001071,29/11/2021,SPEEDA, 6.00 ," 6,250.00 "," 37,500.00 ", -   ," 37,500.00 ", 730.00 ," 4,380.00 "," 33,120.00 ",88%
Government,DR MS 001071,29/11/2021,SULTAM 200 MCG, 1.00 ," 3,839.00 "," 3,839.00 ", -   ," 3,839.00 ", 575.00 , 575.00 ," 3,264.00 ",85%
Government,DR MS 001071,29/11/2021,AXMEL 100MG DROPS, 300.00 , 7.50 ," 2,250.00 ", -   ," 2,250.00 ",, -   ," 2,250.00 ",100%
Government,DR MS 001071,29/11/2021,APCEE 100/5ml 60ml, 10.00 , 58.15 , 581.50 , -   , 581.50 , 14.00 , 140.00 , 441.50 ,76%
Government,DR MS 001071,29/11/2021,CONSAC 5MG/ML, 10.00 , 290.00 ," 2,900.00 ", -   ," 2,900.00 ", 107.00 ," 1,070.00 "," 1,830.00 ",63%
Government,DR MS 001071,29/11/2021,RAMTREX, 6.00 , 290.00 ," 1,740.00 ", -   ," 1,740.00 ", 92.00 , 552.00 ," 1,188.00 ",68%
Government,DR MS 001071,29/11/2021,HEMOSTAP 500mg, 2.00 ," 1,801.00 "," 3,602.00 ", -   ," 3,602.00 ", 420.00 , 840.00 ," 2,762.00 ",77%
Government,DR MS 001071,29/11/2021,APULDON 10mg, 1.00 ," 1,000.00 "," 1,000.00 ", -   ," 1,000.00 ", 80.00 , 80.00 , 920.00 ,92%
Government,DR MS 001071,29/11/2021,ALLUPREX 300mg, 1.00 ," 1,797.00 "," 1,797.00 ", -   ," 1,797.00 ", 140.00 , 140.00 ," 1,657.00 ",92%
Government,DR MS 001071,29/11/2021,ALLUPREX 100MG, 1.00 , 900.00 , 900.00 , -   , 900.00 , 70.00 , 70.00 , 830.00 ,92%
Government,DR MS 001071,29/11/2021,SITIXON 1G, 50.00 , 380.00 ," 19,000.00 ", -   ," 19,000.00 ", 30.00 ," 1,500.00 "," 17,500.00 ",92%
Government,DR MS 001071,29/11/2021,MERAZOL 40MG, 10.00 ," 6,240.00 "," 62,400.00 ", -   ," 62,400.00 ", 250.00 ," 2,500.00 "," 59,900.00 ",96%
Government,DR MS 001071,29/11/2021,KEEF - 125 125MG/5ML, 10.00 , 310.00 ," 3,100.00 ", -   ," 3,100.00 ", 92.00 , 920.00 ," 2,180.00 ",70%
Government,DR MS 001071,29/11/2021,SAPHLEXIN - 250 250MG/5ML, 10.00 , 70.00 , 700.00 , -   , 700.00 , 23.00 , 230.00 , 470.00 ,67%
Government,DR MS 001071,29/11/2021,ANIFER 190MG, 10.00 , 500.00 ," 5,000.00 ", -   ," 5,000.00 ", 68.00 , 680.00 ," 4,320.00 ",86%
Government,DR MS 001071,29/11/2021,ZINLUM 60ML, 10.00 , 90.00 , 900.00 , -   , 900.00 , 20.00 , 200.00 , 700.00 ,78%
Government,DR MS 001071,29/11/2021,ZINLUM 10MG/ML SYRUP (ORAL DROPS), 10.00 , 85.00 , 850.00 , -   , 850.00 , 22.00 , 220.00 , 630.00 ,74%
Government,DR MS 001071,29/11/2021,DEHYDROSOL 250ML, 5.00 , 287.00 ," 1,435.00 ", -   ," 1,435.00 ", 52.00 , 260.00 ," 1,175.00 ",82%
Government,DR MS 001071,29/11/2021,ATREX 1MG/ML, 1.00 , 480.00 , 480.00 , -   , 480.00 , 130.00 , 130.00 , 350.00 ,73%
Government,DR MS 001071,29/11/2021,VITACORE 100MG, 1.00 , 900.00 , 900.00 , -   , 900.00 , 115.00 , 115.00 , 785.00 ,87%
Government,DR MS 001071,29/11/2021,APTRADOL 50MG, 1.00 ," 1,000.00 "," 1,000.00 ", -   ," 1,000.00 ", 345.00 , 345.00 , 655.00 ,66%
Government,DR MS 001072,29/11/2021,RENALEAF 500MG, 1.00 , 850.00 , 850.00 , -   , 850.00 , 290.00 , 290.00 , 560.00 ,66%
Government,DR MS 001072,29/11/2021,ATORSAPH - 10MG, 1.00 ," 1,500.00 "," 1,500.00 ", -   ," 1,500.00 ", 25.00 , 25.00 ," 1,475.00 ",98%
Government,DR MS 001072,29/11/2021,ATORSAPH 20MG TAB, 5.00 ," 1,999.00 "," 9,995.00 ", -   ," 9,995.00 ", 28.00 , 140.00 ," 9,855.00 ",99%
Government,DR MS 001072,29/11/2021,MAYOR 40mg, 3.00 ," 1,999.00 "," 5,997.00 ", -   ," 5,997.00 ", 280.00 , 840.00 ," 5,157.00 ",86%
Government,DR MS 001072,29/11/2021,GIRAN-16 16MG, 15.00 , 985.50 ," 14,782.50 ", -   ," 14,782.50 ", 250.00 ," 3,750.00 "," 11,032.50 ",75%
Government,DR MS 001072,29/11/2021,GIRAN-8 8MG, 16.00 , 690.00 ," 11,040.00 ", -   ," 11,040.00 ", 130.00 ," 2,080.00 "," 8,960.00 ",81%
Government,DR MS 001072,29/11/2021,CATAMED 75MCG TAB, 3.00 ," 2,024.00 "," 6,072.00 ", -   ," 6,072.00 ", 499.00 ," 1,497.00 "," 4,575.00 ",75%
Government,DR MS 001072,29/11/2021,LOSAAR 100mg, 4.00 ," 1,800.00 "," 7,200.00 ", -   ," 7,200.00 ", 250.00 ," 1,000.00 "," 6,200.00 ",86%
Government,DR MS 001072,29/11/2021,ANGEL-50 50MG, 5.00 ," 1,300.00 "," 6,500.00 ", -   ," 6,500.00 ", 145.00 , 725.00 ," 5,775.00 ",89%
Government,DR MS 001072,29/11/2021,LOSARTRIXX 50mg, 5.00 ," 1,300.00 "," 6,500.00 ", -   ," 6,500.00 ", 95.00 , 475.00 ," 6,025.00 ",93%
Government,DR MS 001072,29/11/2021,LODIPEX - 10MG, 5.00 ," 1,508.00 "," 7,540.00 ", -   ," 7,540.00 ", 60.00 , 300.00 ," 7,240.00 ",96%
Government,DR MS 001072,29/11/2021,JOHNVASC 5MG, 6.00 , 956.00 ," 5,736.00 ", -   ," 5,736.00 ", 38.00 , 228.00 ," 5,508.00 ",96%
Government,DR MS 001072,29/11/2021,LODIPEX - 5MG, 4.00 , 956.00 ," 3,824.00 ", -   ," 3,824.00 ", 38.00 , 152.00 ," 3,672.00 ",96%
Government,DR MS 001072,29/11/2021,GLOVEDOL 6.25MG, 3.00 , 329.00 , 987.00 , -   , 987.00 , 37.00 , 111.00 , 876.00 ,89%
Government,DR MS 001072,29/11/2021,PROMETIN, 2.00 , 400.00 , 800.00 , -   , 800.00 , 63.00 , 126.00 , 674.00 ,84%
Government,DR MS 001072,29/11/2021,TELMISARTAN 40MG, 1.00 ," 1,416.00 "," 1,416.00 ", -   ," 1,416.00 ", 110.00 , 110.00 ," 1,306.00 ",92%
Government,DR MS 001072,29/11/2021,AGLIC MR- 30MG, 1.00 , 850.00 , 850.00 , -   , 850.00 , 60.00 , 60.00 , 790.00 ,93%
Government,DR MS 001067,29/11/2021,RANICLAV 625MG, 3.00 ," 4,241.00 "," 12,723.00 ", -   ," 12,723.00 ", 198.00 , 594.00 ," 12,129.00 ",95%
Government,DR MS 001067,29/11/2021,AXMEL 500MG, 3.00 , 750.00 ," 2,250.00 ", -   ," 2,250.00 ", 112.00 , 336.00 ," 1,914.00 ",85%
Government,DR MS 001067,29/11/2021,MULTIVITA, 1.00 ," 1,100.00 "," 1,100.00 ", -   ," 1,100.00 ", 75.00 , 75.00 ," 1,025.00 ",93%
Government,DR MS 001067,29/11/2021,MULTICAPS, 2.00 ," 1,100.00 "," 2,200.00 ", -   ," 2,200.00 ", 68.00 , 136.00 ," 2,064.00 ",94%
Government,DR MS 001067,29/11/2021,PARASAPH 500MG, 5.00 , 350.00 ," 1,750.00 ", -   ," 1,750.00 ", 42.00 , 210.00 ," 1,540.00 ",88%
Government,DR MS 001067,29/11/2021,DIACYSTEINE 600mg, 3.00 ," 1,000.00 "," 3,000.00 ", -   ," 3,000.00 ", 187.00 , 561.00 ," 2,439.00 ",81%
Government,DR MS 001067,29/11/2021,HYOSAPH 10MG TAB, 1.00 , 800.00 , 800.00 , -   , 800.00 , 395.00 , 395.00 , 405.00 ,51%
Government,DR MS 001067,29/11/2021,SAPHLOPID 75MG, 2.00 ," 2,876.00 "," 5,752.00 ", -   ," 5,752.00 ", 190.00 , 380.00 ," 5,372.00 ",93%
Government,DR MS 001067,29/11/2021,LORAREX 10MG, 1.00 ," 2,160.00 "," 2,160.00 ", -   ," 2,160.00 ", 135.00 , 135.00 ," 2,025.00 ",94%
Government,DR MS 001067,29/11/2021,ENOCEE 500mg, 2.00 , 501.00 ," 1,002.00 ", -   ," 1,002.00 ", 48.00 , 96.00 , 906.00 ,90%
Government,DR MS 001067,29/11/2021,CLIN-GEN 300mg, 1.00 ," 1,500.00 "," 1,500.00 ", -   ," 1,500.00 ", 350.00 , 350.00 ," 1,150.00 ",77%
Government,DR MS 001067,29/11/2021,GENTAM 40MG, 3.00 , 497.50 ," 1,492.50 ", -   ," 1,492.50 ", 50.00 , 150.00 ," 1,342.50 ",90%
Government,DR MS 001067,29/11/2021,AMINOSOL 25MG/ML , 3.00 , 589.90 ," 1,769.70 ", -   ," 1,769.70 ", 132.30 , 396.90 ," 1,372.80 ",78%
Government,DR MS 001067,29/11/2021,PARASAPH 500MG, 3.00 , 350.00 ," 1,050.00 ", -   ," 1,050.00 ", 42.00 , 126.00 , 924.00 ,88%
Government,DR MS 001067,29/11/2021,MUPIDERM, 10.00 , 250.00 ," 2,500.00 ", -   ," 2,500.00 ", 62.67 , 626.70 ," 1,873.30 ",75%
Government,DR MS 001067,29/11/2021,INFAMIX 500MG, 10.00 ," 1,450.00 "," 14,500.00 ", -   ," 14,500.00 ", 55.00 , 550.00 ," 13,950.00 ",96%
Government,DR MS 001067,29/11/2021,MECLOP 5MG\ML, 3.00 , 370.00 ," 1,110.00 ", -   ," 1,110.00 ", 36.00 , 108.00 ," 1,002.00 ",90%
Government,DR MS 001067,29/11/2021,DIACEF 100MG, 300.00 , 45.01 ," 13,503.00 ", -   ," 13,503.00 ", 15.00 ," 4,500.00 "," 9,003.00 ",67%
Government,DR MS 001067,29/11/2021,FEROLEM 150MG, 10.00 , 49.00 , 490.00 , -   , 490.00 , 15.00 , 150.00 , 340.00 ,69%
Government,DR MS 001067,29/11/2021,MULTIVITA, 10.00 , 127.24 ," 1,272.40 ", -   ," 1,272.40 ", 75.00 , 750.00 , 522.40 ,41%
Government,DR MS 001067,29/11/2021,DIXIN 250MCG, 1.00 , 600.00 , 600.00 , -   , 600.00 , 250.00 , 250.00 , 350.00 ,58%
Government,DR MS 001067,29/11/2021,AZCORE 500mg, 1.00 , 850.00 , 850.00 , -   , 850.00 , 455.00 , 455.00 , 395.00 ,46%
Government,DR MS 001067,29/11/2021,DEHYDROSOL 250ML, 1.00 , 115.00 , 115.00 , -   , 115.00 , 52.00 , 52.00 , 63.00 ,55%
Government,DR MS 001067,29/11/2021,SILVEDEX 10mg, 10.00 , 185.00 ," 1,850.00 ", -   ," 1,850.00 ", 54.33 , 543.30 ," 1,306.70 ",71%
Government,DR MS 001067,29/11/2021,TRIVASC 35MG MR, 1.00 ," 1,885.00 "," 1,885.00 ", -   ," 1,885.00 ", 437.50 , 437.50 ," 1,447.50 ",77%
Government,DR MS 001068,29/11/2021,BIO TT 40iu, 2.00 ," 1,181.40 "," 2,362.80 ", -   ," 2,362.80 ", 700.00 ," 1,400.00 ", 962.80 ,41%
Government,DR MS 001068,29/11/2021,VITACORE 100MG, 1.00 , 900.00 , 900.00 , -   , 900.00 , 115.00 , 115.00 , 785.00 ,87%
Government,DR MS 001068,29/11/2021,DERPSON 5MG, 1.00 , 250.00 , 250.00 , -   , 250.00 , 52.00 , 52.00 , 198.00 ,79%
Government,DR MS 001068,29/11/2021,DEXAMAX 4MG, 4.00 , 917.50 ," 3,670.00 ", -   ," 3,670.00 ", 290.00 ," 1,160.00 "," 2,510.00 ",68%
Government,DR MS 001068,29/11/2021,HYPHEN 50mg, 3.00 ," 1,740.10 "," 5,220.30 ", -   ," 5,220.30 ", 227.27 , 681.81 ," 4,538.49 ",87%
Government,DR MS 001068,29/11/2021,NOREPHIMED 1MG/ML, 2.00 ," 1,400.00 "," 2,800.00 ", -   ," 2,800.00 ", 935.00 ," 1,870.00 ", 930.00 ,33%
Government,DR MS 001068,29/11/2021,AXMEL 500MG, 3.00 , 750.00 ," 2,250.00 ", -   ," 2,250.00 ", 112.00 , 336.00 ," 1,914.00 ",85%
Government,DR MS 001068,29/11/2021,APCEE 100/5ml 60ml, 10.00 , 58.15 , 581.50 , -   , 581.50 , 14.00 , 140.00 , 441.50 ,76%
Government,DR MS 001068,29/11/2021,TRAXAN 100MG, 4.00 , 650.00 ," 2,600.00 ", -   ," 2,600.00 ", 200.00 , 800.00 ," 1,800.00 ",69%
Government,DR MS 001068,29/11/2021,HAEMOREX 500mg, 1.00 ," 1,801.00 "," 1,801.00 ", -   ," 1,801.00 ", 450.00 , 450.00 ," 1,351.00 ",75%
Government,DR MS 001068,29/11/2021,APCEE 100/5ml 60ml, 10.00 , 58.15 , 581.50 , -   , 581.50 , 14.00 , 140.00 , 441.50 ,76%
Government,DR MS 001068,29/11/2021,VITCEE ASCORBIC ACID 100MG DROPS, 10.00 , 73.00 , 730.00 , -   , 730.00 , 15.00 , 150.00 , 580.00 ,79%
Government,DR MS 001068,29/11/2021,KETOROBAS 30MG, 1.00 ," 1,200.00 "," 1,200.00 ", -   ," 1,200.00 ", 170.00 , 170.00 ," 1,030.00 ",86%
Government,DR MS 001068,29/11/2021,SITIXON 1G, 100.00 , 380.00 ," 38,000.00 ", -   ," 38,000.00 ", 30.00 ," 3,000.00 "," 35,000.00 ",92%
Government,DR MS 001068,29/11/2021,MERAZOL 40MG, 6.00 ," 6,248.10 "," 37,488.60 ", -   ," 37,488.60 ", 250.00 ," 1,500.00 "," 35,988.60 ",96%
Government,DR MS 001068,29/11/2021,KEEF - 250 250MG/5ML, 10.00 , 310.00 ," 3,100.00 ", -   ," 3,100.00 ", 105.00 ," 1,050.00 "," 2,050.00 ",66%
Government,DR MS 001068,29/11/2021,KEEF - 125 125MG/5ML, 10.00 , 235.00 ," 2,350.00 ", -   ," 2,350.00 ", 92.00 , 920.00 ," 1,430.00 ",61%
Government,DR MS 001068,29/11/2021,PHYTOBAS 10mg/ml, 1.00 , 650.00 , 650.00 , -   , 650.00 , 135.00 , 135.00 , 515.00 ,79%
Government,DR MS 001068,29/11/2021,DEHYDROSOL 250ML, 5.00 , 287.63 ," 1,438.15 ", -   ," 1,438.15 ", 52.00 , 260.00 ," 1,178.15 ",82%
Government,DR MS 001068,29/11/2021,ATREX 1MG/ML, 1.00 , 482.60 , 482.60 , -   , 482.60 , 130.00 , 130.00 , 352.60 ,73%
Government,DR MS 001068,29/11/2021,VITACORE 100MG, 2.00 , 900.00 ," 1,800.00 ", -   ," 1,800.00 ", 115.00 , 230.00 ," 1,570.00 ",87%
Government,DR MS 001068,29/11/2021,APTRADOL 50MG, 1.00 ," 1,000.00 "," 1,000.00 ", -   ," 1,000.00 ", 345.00 , 345.00 , 655.00 ,66%
Government,DR MS 001068,29/11/2021,SAPHLECOX 200MG, 2.00 ," 2,500.00 "," 5,000.00 ", -   ," 5,000.00 ", 166.00 , 332.00 ," 4,668.00 ",93%
Government,DR MS 001068,29/11/2021,AMPICARE 500MG/250MG, 8.00 ," 5,755.00 "," 46,040.00 ", -   ," 46,040.00 ", 280.00 ," 2,240.00 "," 43,800.00 ",95%
Government,DR MS 001068,29/11/2021,RANZOLE 40MG, 1.00 ," 4,495.00 "," 4,495.00 ", -   ," 4,495.00 ", 400.00 , 400.00 ," 4,095.00 ",91%
Government,DR MS 001069,29/11/2021,ALLECUR 10MG, 2.00 ," 2,172.00 "," 4,344.00 ", -   ," 4,344.00 ", 28.00 , 56.00 ," 4,288.00 ",99%
Government,DR MS 001069,29/11/2021,CETICIT 10MG, 1.00 ," 2,172.00 "," 2,172.00 ", -   ," 2,172.00 ", 40.00 , 40.00 ," 2,132.00 ",98%
Government,DR MS 001069,29/11/2021,CEFUSAPH, 50.00 , 593.97 ," 29,698.50 ", -   ," 29,698.50 ", 112.00 ," 5,600.00 "," 24,098.50 ",81%
Government,DR MS 001069,29/11/2021,VERTEX 25mg, 1.00 , 300.00 , 300.00 , -   , 300.00 , 68.00 , 68.00 , 232.00 ,77%
Government,DR MS 001069,29/11/2021,TRIVASC 35MG MR, 1.00 ," 1,800.00 "," 1,800.00 ", -   ," 1,800.00 ", 437.50 , 437.50 ," 1,362.50 ",76%
Government,DR MS 001069,29/11/2021,EPIX BY 10'S, 5.00 ," 1,490.00 "," 7,450.00 ", -   ," 7,450.00 ", 175.00 , 875.00 ," 6,575.00 ",88%
Government,DR MS 001069,29/11/2021,ATORSAPH - 10MG, 1.00 ," 1,500.00 "," 1,500.00 ", -   ," 1,500.00 ", 25.00 , 25.00 ," 1,475.00 ",98%
Government,DR MS 001069,29/11/2021,ATORSAPH 20MG TAB, 1.00 ," 1,900.00 "," 1,900.00 ", -   ," 1,900.00 ", 28.00 , 28.00 ," 1,872.00 ",99%
Government,DR MS 001069,29/11/2021,MAYOR 40mg, 1.00 ," 1,900.00 "," 1,900.00 ", -   ," 1,900.00 ", 280.00 , 280.00 ," 1,620.00 ",85%
Government,DR MS 001069,29/11/2021,GIRAN-16 16MG, 1.00 ," 3,285.00 "," 3,285.00 ", -   ," 3,285.00 ", 250.00 , 250.00 ," 3,035.00 ",92%
Government,DR MS 001069,29/11/2021,GIRAN-8 8MG, 1.00 ," 2,300.00 "," 2,300.00 ", -   ," 2,300.00 ", 130.00 , 130.00 ," 2,170.00 ",94%
Government,DR MS 001069,29/11/2021,LOSAAR 100mg, 4.00 ," 1,801.00 "," 7,204.00 ", -   ," 7,204.00 ", 250.00 ," 1,000.00 "," 6,204.00 ",86%
Government,DR MS 001069,29/11/2021,LOSARTRIXX 100mg, 10.00 ," 1,300.00 "," 13,000.00 ", -   ," 13,000.00 ", 205.00 ," 2,050.00 "," 10,950.00 ",84%
Government,DR MS 001069,29/11/2021,LODIPEX - 10MG, 5.00 ," 1,508.00 "," 7,540.00 ", -   ," 7,540.00 ", 60.00 , 300.00 ," 7,240.00 ",96%
Government,DR MS 001069,29/11/2021,LODIPEX - 5MG, 8.00 , 956.00 ," 7,648.00 ", -   ," 7,648.00 ", 38.00 , 304.00 ," 7,344.00 ",96%
Government,DR MS 001069,29/11/2021,FORMET 500MG, 1.00 , 501.00 , 501.00 , -   , 501.00 , 76.00 , 76.00 , 425.00 ,85%
Government,DR MS 001069,29/11/2021,PROMETIN, 1.00 , 400.00 , 400.00 , -   , 400.00 , 63.00 , 63.00 , 337.00 ,84%
Government,DR MS 001069,29/11/2021,GLYCINORM 80MG TAB, 1.00 , 792.00 , 792.00 , -   , 792.00 , 189.00 , 189.00 , 603.00 ,76%
Government,DR MS 001069,29/11/2021,AGLIC MR- 30MG, 1.00 , 800.00 , 800.00 , -   , 800.00 , 60.00 , 60.00 , 740.00 ,93%
Government,DR MS 001075,29/11/2021,PHYTOMEN 10MG/ML, 50.00 , 650.00 ," 32,500.00 ", -   ," 32,500.00 ", 145.00 ," 7,250.00 "," 25,250.00 ",78%
Government,DR MS 001073,29/11/2021,RABAPHEN 50MG/ML, 10.00 ," 1,740.00 "," 17,400.00 ", -   ," 17,400.00 ", 178.00 ," 1,780.00 "," 15,620.00 ",90%
Government,DR MS 001073,29/11/2021,TRAXAN 100MG, 20.00 , 650.00 ," 13,000.00 ", -   ," 13,000.00 ", 200.00 ," 4,000.00 "," 9,000.00 ",69%
Government,DR MS 001073,29/11/2021,BETZINE 16MG, 2.00 ," 2,050.00 "," 4,100.00 ", -   ," 4,100.00 ", 390.00 , 780.00 ," 3,320.00 ",81%
Government,DR MS 001073,29/11/2021,CLOXANE 500MG CAP, 10.00 , 800.00 ," 8,000.00 ", -   ," 8,000.00 ", 224.25 ," 2,242.50 "," 5,757.50 ",72%
Government,DR MS 001073,29/11/2021,METHYLCORT 16mg, 2.00 ," 5,500.00 "," 11,000.00 ", -   ," 11,000.00 ", 850.00 ," 1,700.00 "," 9,300.00 ",85%
Government,DR MS 001073,29/11/2021,AUROHEX 4MG, 1.00 ," 2,000.00 "," 2,000.00 ", -   ," 2,000.00 ", 238.00 , 238.00 ," 1,762.00 ",88%
Government,DR MS 001073,29/11/2021,MOCAST 10MG, 5.00 ," 3,400.00 "," 17,000.00 ", -   ," 17,000.00 ", 330.00 ," 1,650.00 "," 15,350.00 ",90%
Government,DR MS 001073,29/11/2021,MUPIDERM, 200.00 , 250.00 ," 50,000.00 ", -   ," 50,000.00 ", 62.67 ," 12,534.00 "," 37,466.00 ",75%
Government,DR MS 001073,29/11/2021,TEMPAID 500mg, 40.00 , 350.00 ," 14,000.00 ", -   ," 14,000.00 ", 75.00 ," 3,000.00 "," 11,000.00 ",79%
Government,DR MS 001073,29/11/2021,APTRADOL 50MG, 5.00 ," 1,000.00 "," 5,000.00 ", -   ," 5,000.00 ", 345.00 ," 1,725.00 "," 3,275.00 ",66%
Government,DR MS 001073,29/11/2021,ZINLUM 60ML, 288.00 , 90.00 ," 25,920.00 ", -   ," 25,920.00 ", 20.00 ," 5,760.00 "," 20,160.00 ",78%
Government,DR MS 001073,29/11/2021,OFPLEMED 300MG SYRUP 60ML, 144.00 , 98.00 ," 14,112.00 ", -   ," 14,112.00 ", 30.00 ," 4,320.00 "," 9,792.00 ",69%
Government,DR MS 001073,29/11/2021,ENOCEE 500mg, 30.00 , 500.00 ," 15,000.00 ", -   ," 15,000.00 ", 48.00 ," 1,440.00 "," 13,560.00 ",90%
Government,DR MS 001073,29/11/2021,NERVESAPH, 20.00 , 374.00 ," 7,480.00 ", -   ," 7,480.00 ", 64.00 ," 1,280.00 "," 6,200.00 ",83%
Government,DR MS 001073,29/11/2021,AROFLO 250, 93.00 , 714.00 ," 66,402.00 ", -   ," 66,402.00 ", 408.00 ," 37,944.00 "," 28,458.00 ",43%
Government,DR MS 001073,29/11/2021,BIOGIC 100MG DROPS, 144.00 , 65.00 ," 9,360.00 ", -   ," 9,360.00 ", 14.00 ," 2,016.00 "," 7,344.00 ",78%
Government,DR MS 001073,29/11/2021,NOVAMOL 100MG, 144.00 , 18.00 ," 2,592.00 ", -   ," 2,592.00 ", 12.00 ," 1,728.00 ", 864.00 ,33%
Government,DR MS 001073,29/11/2021,DEHYDROSOL 250ML, 20.00 , 287.75 ," 5,755.00 ", -   ," 5,755.00 ", 52.00 ," 1,040.00 "," 4,715.00 ",82%
Government,DR MS 001073,29/11/2021,BIO TT 40iu, 20.00 ," 1,180.00 "," 23,600.00 ", -   ," 23,600.00 ", 700.00 ," 14,000.00 "," 9,600.00 ",41%
Government,DR MS 001073,29/11/2021,BIOGIC 100MG DROPS, 144.00 , 124.00 ," 17,856.00 ", -   ," 17,856.00 ", 14.00 ," 2,016.00 "," 15,840.00 ",89%
Government,DR MS 001073,29/11/2021,MERAZOL 40MG, 100.00 , 624.81 ," 62,481.00 ", -   ," 62,481.00 ", 250.00 ," 25,000.00 "," 37,481.00 ",60%
Government,DR MS 001073,29/11/2021,MOXYLOR 100MG/ML, 100.00 , 65.00 ," 6,500.00 ", -   ," 6,500.00 ", 17.00 ," 1,700.00 "," 4,800.00 ",74%
Government,DR MS 001073,29/11/2021,SCHEEPRIN 80MG, 5.00 , 268.00 ," 1,340.00 ", -   ," 1,340.00 ", 70.00 , 350.00 , 990.00 ,74%
Government,DR MS 001074,29/11/2021,DEXAMAX 4MG, 150.00 , 820.00 ," 123,000.00 ", -   ," 123,000.00 ", 290.00 ," 43,500.00 "," 79,500.00 ",65%
Government,DR MS 001074,29/11/2021,CEFUSAPH, 200.00 , 530.00 ," 106,000.00 ", -   ," 106,000.00 ", 112.00 ," 22,400.00 "," 83,600.00 ",79%
Government,DR MS 001074,29/11/2021,ZEBET 80mg, 10.00 , 800.00 ," 8,000.00 ", -   ," 8,000.00 ", 210.00 ," 2,100.00 "," 5,900.00 ",74%
Government,DR MS 001074,29/11/2021,MAYOR 40mg, 15.00 ," 1,999.00 "," 29,985.00 ", -   ," 29,985.00 ", 280.00 ," 4,200.00 "," 25,785.00 ",86%
Government,DR MS 001074,29/11/2021,ZACZIN 20MG/ML, 50.00 , 270.00 ," 13,500.00 ", -   ," 13,500.00 ", 37.00 ," 1,850.00 "," 11,650.00 ",86%
Government,DR MS 001074,29/11/2021,TRIVASC 35MG MR, 30.00 ," 1,683.00 "," 50,490.00 ", -   ," 50,490.00 ", 437.50 ," 13,125.00 "," 37,365.00 ",74%
Government,DR MS 001079,29/11/2021,NEEDLE TERUMO AGANI - 25G X 5/8 (16MM), 30.00 , 750.00 ," 22,500.00 ", -   ," 22,500.00 ", 290.00 ," 8,700.00 "," 13,800.00 ",61%
Government,DR MS 001079,29/11/2021,REFRIGERATOR THERMOMETER, 1.00 , 750.00 , 750.00 , -   , 750.00 , 250.00 , 250.00 , 500.00 ,67%
Government,DR MS 001057,22/11/2021,AMINOSOL 25MG/ML , 2.00 , 589.00 ," 1,178.00 ", -   ," 1,178.00 ", 132.30 , 264.60 , 913.40 ,78%
Government,DR MS 001057,22/11/2021,NERVESAPH, 10.00 , 373.00 ," 3,730.00 ", -   ," 3,730.00 ", 64.00 , 640.00 ," 3,090.00 ",83%
Government,DR MS 001057,22/11/2021,ANTICOF SR 50mg, 10.00 , 725.00 ," 7,250.00 ", -   ," 7,250.00 ", 725.00 ," 7,250.00 ", -   ,0%
Government,DR MS 001057,22/11/2021,EXEL 100MG, 5.00 ," 1,300.00 "," 6,500.00 ", -   ," 6,500.00 ", 220.00 ," 1,100.00 "," 5,400.00 ",83%
Government,DR MS 001057,22/11/2021,ALLECUR 10MG, 5.00 ," 2,172.00 "," 10,860.00 ", -   ," 10,860.00 ", 28.00 , 140.00 ," 10,720.00 ",99%
Government,DR MS 001057,22/11/2021,CIPROFED 500MG, 10.00 ," 1,600.00 "," 16,000.00 ", -   ," 16,000.00 ", 140.00 ," 1,400.00 "," 14,600.00 ",91%
Government,DR MS 001057,22/11/2021,ACRESIL - 300 300MG, 5.00 ," 1,500.00 "," 7,500.00 ", -   ," 7,500.00 ", 360.00 ," 1,800.00 "," 5,700.00 ",76%
Government,DR MS 001057,22/11/2021,CLOXASAPH - 250, 20.00 , 70.00 ," 1,400.00 ", -   ," 1,400.00 ", 27.00 , 540.00 , 860.00 ,61%
Government,DR MS 001057,22/11/2021,CLOXANE 500MG CAP, 10.00 , 799.00 ," 7,990.00 ", -   ," 7,990.00 ", 224.25 ," 2,242.50 "," 5,747.50 ",72%
Government,DR MS 001057,22/11/2021,RABAPHEN 50MG/ML, 5.00 ," 1,740.00 "," 8,700.00 ", -   ," 8,700.00 ", 178.00 , 890.00 ," 7,810.00 ",90%
Government,DR MS 001057,22/11/2021,EPIX BY 10'S, 3.00 , 860.00 ," 2,580.00 ", -   ," 2,580.00 ", 175.00 , 525.00 ," 2,055.00 ",80%
Government,DR MS 001057,22/11/2021,GENTACARE 40MG, 10.00 , 497.00 ," 4,970.00 ", -   ," 4,970.00 ", 50.00 , 500.00 ," 4,470.00 ",90%
Government,DR MS 001057,22/11/2021,FUNGINIL 20MG, 10.00 , 101.00 ," 1,010.00 ", -   ," 1,010.00 ", 43.00 , 430.00 , 580.00 ,57%
Government,DR MS 001057,22/11/2021,MUROPHAR, 26.00 , 249.00 ," 6,474.00 ", -   ," 6,474.00 ", 65.00 ," 1,690.00 "," 4,784.00 ",74%
Government,DR MS 001057,22/11/2021,MUPIDERM, 4.00 , 249.00 , 996.00 , -   , 996.00 , 62.67 , 250.68 , 745.32 ,75%
Government,DR MS 001057,22/11/2021,INHIBITA 40MG, 10.00 , 899.00 ," 8,990.00 ", -   ," 8,990.00 ", 90.00 , 900.00 ," 8,090.00 ",90%
Government,DR MS 001057,22/11/2021,GYNE-TOCIN 10IU/ML, 5.00 , 999.00 ," 4,995.00 ", -   ," 4,995.00 ", 74.00 , 370.00 ," 4,625.00 ",93%
Government,DR MS 001057,22/11/2021,RESPOSAL-1, 20.00 ," 1,139.00 "," 22,780.00 ", -   ," 22,780.00 ", 250.00 ," 5,000.00 "," 17,780.00 ",78%
Government,DR MS 001057,22/11/2021,HIVENT 1MG/2.5ML, 15.00 , 483.00 ," 7,245.00 ", -   ," 7,245.00 ", 287.00 ," 4,305.00 "," 2,940.00 ",41%
Government,DR MS 001057,22/11/2021,AZCORE 500mg, 10.00 ," 2,800.00 "," 28,000.00 ", -   ," 28,000.00 ", 455.00 ," 4,550.00 "," 23,450.00 ",84%
Government,DR MS 001057,22/11/2021,SCHEEPRIN 80MG, 3.00 , 268.00 , 804.00 , -   , 804.00 , 70.00 , 210.00 , 594.00 ,74%
Government,DR MS 001057,22/11/2021,HYPERSTOP 25MG, 3.00 , 446.00 ," 1,338.00 ", -   ," 1,338.00 ", 34.00 , 102.00 ," 1,236.00 ",92%
Government,DR MS 001057,22/11/2021,RANICLAV 625MG, 50.00 , 529.00 ," 26,450.00 ", -   ," 26,450.00 ", 198.00 ," 9,900.00 "," 16,550.00 ",63%
Government,DR MS 001057,22/11/2021,ZEBET 80mg, 3.00 , 803.00 ," 2,409.00 ", -   ," 2,409.00 ", 210.00 , 630.00 ," 1,779.00 ",74%
Government,DR MS 001057,22/11/2021,FORMET 500MG, 10.00 , 446.00 ," 4,460.00 ", -   ," 4,460.00 ", 76.00 , 760.00 ," 3,700.00 ",83%
Government,DR MS 001064,22/11/2021,COTTON BALLS - HAPPY 150BALLS, 144.00 , 200.00 ," 28,800.00 ", -   ," 28,800.00 ", 28.50 ," 4,104.00 "," 24,696.00 ",86%
Government,DR MS 001070,22/11/2021,RANICLAV 625MG, 71.50 , 593.15 ," 42,410.00 ", -   ," 42,410.00 ", 198.00 ," 14,157.00 "," 28,253.00 ",67%
Government,DR MS 001070,22/11/2021,ACIPRO 2MG, 30.00 , 200.00 ," 6,000.00 ", -   ," 6,000.00 ", 26.00 , 780.00 ," 5,220.00 ",87%
Government,DR MS 001070,22/11/2021,AXMEL 500MG, 4.00 , 750.00 ," 3,000.00 ", -   ," 3,000.00 ", 112.00 , 448.00 ," 2,552.00 ",85%
Government,DR MS 001070,22/11/2021,MULTIVITA, 5.00 ," 1,050.00 "," 5,250.00 ", -   ," 5,250.00 ", 75.00 , 375.00 ," 4,875.00 ",93%
Government,DR MS 001070,22/11/2021,PARASAPH 500MG, 8.00 , 350.00 ," 2,800.00 ", -   ," 2,800.00 ", 42.00 , 336.00 ," 2,464.00 ",88%
Government,DR MS 001070,22/11/2021,FLUCYSTEINE 600MG, 5.00 ," 1,000.00 "," 5,000.00 ", -   ," 5,000.00 ", 120.00 , 600.00 ," 4,400.00 ",88%
Government,DR MS 001070,22/11/2021,HYOSAPH 10MG TAB, 3.00 , 800.00 ," 2,400.00 ", -   ," 2,400.00 ", 395.00 ," 1,185.00 "," 1,215.00 ",51%
Government,DR MS 001070,22/11/2021,SAPHLOPID 75MG, 2.00 ," 2,876.00 "," 5,752.00 ", -   ," 5,752.00 ", 190.00 , 380.00 ," 5,372.00 ",93%
Government,DR MS 001070,22/11/2021,PREVAHIST 10mg, 2.00 ," 2,160.00 "," 4,320.00 ", -   ," 4,320.00 ", 137.00 , 274.00 ," 4,046.00 ",94%
Government,DR MS 001070,22/11/2021,ENOCEE 500mg, 2.00 , 501.00 ," 1,002.00 ", -   ," 1,002.00 ", 48.00 , 96.00 , 906.00 ,90%
Government,DR MS 001070,22/11/2021,CLIN-GEN 300mg, 4.00 ," 1,500.00 "," 6,000.00 ", -   ," 6,000.00 ", 350.00 ," 1,400.00 "," 4,600.00 ",77%
Government,DR MS 001070,22/11/2021,GENTAM 40MG, 5.00 , 497.50 ," 2,487.50 ", -   ," 2,487.50 ", 50.00 , 250.00 ," 2,237.50 ",90%
Government,DR MS 001070,22/11/2021,NITROFIX SR 30MG, 1.00 ," 1,600.00 "," 1,600.00 ", -   ," 1,600.00 ", 570.00 , 570.00 ," 1,030.00 ",64%
Government,DR MS 001070,22/11/2021,VASOTRATE-60 OD, 1.00 ," 1,650.00 "," 1,650.00 ", -   ," 1,650.00 ", 410.00 , 410.00 ," 1,240.00 ",75%
Government,DR MS 001070,22/11/2021,TORILAT 200MG, 1.00 , 750.00 , 750.00 , -   , 750.00 , 110.00 , 110.00 , 640.00 ,85%
Government,DR MS 001070,22/11/2021,PARASAPH 500MG, 5.00 , 350.00 ," 1,750.00 ", -   ," 1,750.00 ", 42.00 , 210.00 ," 1,540.00 ",88%
Government,DR MS 001070,22/11/2021,MUROPHAR, 15.00 , 250.00 ," 3,750.00 ", -   ," 3,750.00 ", 65.00 , 975.00 ," 2,775.00 ",74%
Government,DR MS 001070,22/11/2021,MIROCID 5g, 5.00 , 250.00 ," 1,250.00 ", -   ," 1,250.00 ", 65.00 , 325.00 , 925.00 ,74%
Government,DR MS 001070,22/11/2021,MECID 500MG, 5.00 ," 1,450.00 "," 7,250.00 ", -   ," 7,250.00 ", 71.00 , 355.00 ," 6,895.00 ",95%
Government,DR MS 001070,22/11/2021,MECLOP 5MG\ML, 8.00 , 370.00 ," 2,960.00 ", -   ," 2,960.00 ", 36.00 , 288.00 ," 2,672.00 ",90%
Government,DR MS 001070,22/11/2021,DIACEF 100MG, 310.00 , 45.01 ," 13,953.10 ", -   ," 13,953.10 ", 15.00 ," 4,650.00 "," 9,303.10 ",67%
Government,DR MS 001070,22/11/2021,SANIX 200MG, 3.33 ," 1,219.19 "," 4,059.90 ", -   ," 4,059.90 ", 135.00 , 449.55 ," 3,610.35 ",89%
Government,DR MS 001070,22/11/2021,SILVEDEX 10mg, 20.00 , 185.00 ," 3,700.00 ", -   ," 3,700.00 ", 54.33 ," 1,086.60 "," 2,613.40 ",71%
Government,DR MS 001044,15/11/2021,AMBIMOX 500MG, 5.00 , 750.00 ," 3,750.00 ", -   ," 3,750.00 ", 118.00 , 590.00 ," 3,160.00 ",84%
Government,DR MS 001044,15/11/2021,AZCORE 500mg, 40.00 , 315.00 ," 12,600.00 ", -   ," 12,600.00 ", 455.00 ," 18,200.00 "," (5,600.00)",-44%
Government,DR MS 001044,15/11/2021,AMPICARE 500MG/250MG, 5.00 ," 5,755.00 "," 28,775.00 ", -   ," 28,775.00 ", 280.00 ," 1,400.00 "," 27,375.00 ",95%
Government,DR MS 001044,15/11/2021,ENOCEE 500mg, 12.00 , 200.00 ," 2,400.00 ", -   ," 2,400.00 ", 48.00 , 576.00 ," 1,824.00 ",76%
Government,DR MS 001044,15/11/2021,CEFUSAPH, 20.00 , 593.75 ," 11,875.00 ", -   ," 11,875.00 ", 112.00 ," 2,240.00 "," 9,635.00 ",81%
Government,DR MS 001044,15/11/2021,CLOXANE 500MG CAP, 2.00 , 800.00 ," 1,600.00 ", -   ," 1,600.00 ", 224.25 , 448.50 ," 1,151.50 ",72%
Government,DR MS 001044,15/11/2021,EXEL 250MG/5ML SUS, 20.00 , 80.00 ," 1,600.00 ", -   ," 1,600.00 ", 19.80 , 396.00 ," 1,204.00 ",75%
Government,DR MS 001044,15/11/2021,EXEL 500MG CAP, 3.00 ," 1,300.00 "," 3,900.00 ", -   ," 3,900.00 ", 253.00 , 759.00 ," 3,141.00 ",81%
Government,DR MS 001044,15/11/2021,HYPHEN 50mg, 5.00 ," 1,740.00 "," 8,700.00 ", -   ," 8,700.00 ", 227.27 ," 1,136.35 "," 7,563.65 ",87%
Government,DR MS 001044,15/11/2021,EPIX BY 10'S, 3.00 , 860.00 ," 2,580.00 ", -   ," 2,580.00 ", 175.00 , 525.00 ," 2,055.00 ",80%
Government,DR MS 001044,15/11/2021,FEVRAL 200MG, 2.00 , 800.00 ," 1,600.00 ", -   ," 1,600.00 ", 75.00 , 150.00 ," 1,450.00 ",91%
Government,DR MS 001044,15/11/2021,IBUFEN 400MG TAB, 2.00 , 850.00 ," 1,700.00 ", -   ," 1,700.00 ", 59.00 , 118.00 ," 1,582.00 ",93%
Government,DR MS 001044,15/11/2021,HYOSAPH 10MG TAB, 1.00 , 800.00 , 800.00 , -   , 800.00 , 395.00 , 395.00 , 405.00 ,51%
Government,DR MS 001044,15/11/2021,INFAMIX 500MG, 6.00 , 650.00 ," 3,900.00 ", -   ," 3,900.00 ", 55.00 , 330.00 ," 3,570.00 ",92%
Government,DR MS 001044,15/11/2021,MECLOP 5MG\ML, 5.00 , 370.00 ," 1,850.00 ", -   ," 1,850.00 ", 36.00 , 180.00 ," 1,670.00 ",90%
Government,DR MS 001044,15/11/2021,MUROPHAR, 15.00 , 250.00 ," 3,750.00 ", -   ," 3,750.00 ", 65.00 , 975.00 ," 2,775.00 ",74%
Government,DR MS 001044,15/11/2021,INHIBITA 40MG, 10.00 , 895.00 ," 8,950.00 ", -   ," 8,950.00 ", 90.00 , 900.00 ," 8,050.00 ",90%
Government,DR MS 001044,15/11/2021,GENTACARE 3MG/ML EYE DROPS, 5.00 , 497.50 ," 2,487.50 ", -   ," 2,487.50 ", 70.00 , 350.00 ," 2,137.50 ",86%
Government,DR MS 001044,15/11/2021,TRAXAN 100MG, 10.00 , 650.00 ," 6,500.00 ", -   ," 6,500.00 ", 200.00 ," 2,000.00 "," 4,500.00 ",69%
Government,DR MS 001044,15/11/2021,TRIVASC 35MG MR, 2.00 ," 1,885.00 "," 3,770.00 ", -   ," 3,770.00 ", 437.50 , 875.00 ," 2,895.00 ",77%
Government,DR MS 001044,15/11/2021,LEUKOREX 10mg, 3.00 ," 3,400.00 "," 10,200.00 ", -   ," 10,200.00 ", 330.00 , 990.00 ," 9,210.00 ",90%
Government,DR MS 001044,15/11/2021,AUROHEX 4MG, 1.00 ," 2,030.00 "," 2,030.00 ", -   ," 2,030.00 ", 238.00 , 238.00 ," 1,792.00 ",88%
Government,DR MS 001044,15/11/2021,BIO TT 40iu, 12.00 ," 1,180.00 "," 14,160.00 ", -   ," 14,160.00 ", 700.00 ," 8,400.00 "," 5,760.00 ",41%
Government,DR MS 001044,15/11/2021,KEEF - 125 125MG/5ML, 10.00 , 235.00 ," 2,350.00 ", -   ," 2,350.00 ", 92.00 , 920.00 ," 1,430.00 ",61%
Government,DR MS 001044,15/11/2021,COMXICLA 625MG TAB, 30.00 , 890.50 ," 26,715.00 ", -   ," 26,715.00 ", 170.00 ," 5,100.00 "," 21,615.00 ",81%
Government,DR MS 001045,15/11/2021,ALLECUR 10MG, 2.00 ," 2,150.00 "," 4,300.00 ", -   ," 4,300.00 ", 28.00 , 56.00 ," 4,244.00 ",99%
Government,DR MS 001045,15/11/2021,CLIN-GEN 300mg, 2.00 ," 1,500.00 "," 3,000.00 ", -   ," 3,000.00 ", 350.00 , 700.00 ," 2,300.00 ",77%
Government,DR MS 001045,15/11/2021,BETZINE 16MG, 2.00 ," 1,700.00 "," 3,400.00 ", -   ," 3,400.00 ", 390.00 , 780.00 ," 2,620.00 ",77%
Government,DR MS 001045,15/11/2021,BECOME PLEX, 8.00 , 350.00 ," 2,800.00 ", -   ," 2,800.00 ", 126.00 ," 1,008.00 "," 1,792.00 ",64%
Government,DR MS 001045,15/11/2021,OPTRYL EYE OINTMENT, 3.00 , 230.00 , 690.00 , -   , 690.00 , 98.00 , 294.00 , 396.00 ,57%
Government,DR MS 001045,15/11/2021,VASOTRATE-60 OD, 1.40 ," 1,178.57 "," 1,650.00 ", -   ," 1,650.00 ", 410.00 , 574.00 ," 1,076.00 ",65%
Government,DR MS 001045,15/11/2021,MULTICAPS, 6.00 ," 1,100.00 "," 6,600.00 ", -   ," 6,600.00 ", 68.00 , 408.00 ," 6,192.00 ",94%
Government,DR MS 001045,15/11/2021,MULTILEM 60ml, 15.00 , 68.50 ," 1,027.50 ", -   ," 1,027.50 ", 16.00 , 240.00 , 787.50 ,77%
Government,DR MS 001045,15/11/2021,PREVAHIST 10mg, 3.00 ," 2,150.00 "," 6,450.00 ", -   ," 6,450.00 ", 137.00 , 411.00 ," 6,039.00 ",94%
Government,DR MS 001045,15/11/2021,TEMPAID 500mg, 5.00 , 350.00 ," 1,750.00 ", -   ," 1,750.00 ", 75.00 , 375.00 ," 1,375.00 ",79%
Government,DR MS 001045,15/11/2021,TRAXAN 100MG, 10.00 , 650.00 ," 6,500.00 ", -   ," 6,500.00 ", 200.00 ," 2,000.00 "," 4,500.00 ",69%
Government,DR MS 001045,15/11/2021,KETOROBAS 30MG, 3.00 ," 1,200.00 "," 3,600.00 ", -   ," 3,600.00 ", 170.00 , 510.00 ," 3,090.00 ",86%
Government,DR MS 001045,15/11/2021,SALRESP, 1.72 ," 1,325.58 "," 2,280.00 ", -   ," 2,280.00 ", 364.00 , 626.08 ," 1,653.92 ",73%
Government,DR MS 001045,15/11/2021,SAPHLOPID 75MG, 2.00 ," 2,875.00 "," 5,750.00 ", -   ," 5,750.00 ", 190.00 , 380.00 ," 5,370.00 ",93%
Government,DR MS 001045,15/11/2021,SILVEDEX 10mg, 10.00 , 185.00 ," 1,850.00 ", -   ," 1,850.00 ", 54.33 , 543.30 ," 1,306.70 ",71%
Government,DR MS 001045,15/11/2021,BIOXAL 2MG, 2.00 , 200.00 , 400.00 , -   , 400.00 , 20.00 , 40.00 , 360.00 ,90%
Government,DR MS 001045,15/11/2021,NEUROBE 100MG AMP, 10.00 , 90.00 , 900.00 , -   , 900.00 , 110.00 ," 1,100.00 ", (200.00),-22%
Government,DR MS 001045,15/11/2021,DANOXIME 750MG, 50.00 , 250.00 ," 12,500.00 ", -   ," 12,500.00 ", 30.50 ," 1,525.00 "," 10,975.00 ",88%
Government,DR MS 001045,15/11/2021,SITIXON 1G, 50.00 , 380.00 ," 19,000.00 ", -   ," 19,000.00 ", 30.00 ," 1,500.00 "," 17,500.00 ",92%
Government,DR MS 001045,15/11/2021,MERAZOL 40MG, 2.00 ," 6,247.50 "," 12,495.00 ", -   ," 12,495.00 ", 250.00 , 500.00 ," 11,995.00 ",96%
Government,DR MS 001045,15/11/2021,ANTITET 1500iu, 10.00 ," 1,100.00 "," 11,000.00 ", -   ," 11,000.00 ", 515.00 ," 5,150.00 "," 5,850.00 ",53%
Government,DR MS 001045,15/11/2021,SHARJVAX 1500 I.U. / 0.7ML, 2.00 ," 1,100.00 "," 2,200.00 ", -   ," 2,200.00 ", 590.00 ," 1,180.00 "," 1,020.00 ",46%
Government,DR MS 001045,15/11/2021,AMBIDOL 50MG/ML (100MG/2ML), 1.00 ," 1,020.00 "," 1,020.00 ", -   ," 1,020.00 ", 56.00 , 56.00 , 964.00 ,95%
Government,DR MS 001045,15/11/2021,ATORSAPH 20MG TAB, 50.00 , 39.50 ," 1,975.00 ", -   ," 1,975.00 ", 28.00 ," 1,400.00 ", 575.00 ,29%
Government,DR MS 001045,15/11/2021,FULVAST 40mg, 1.00 ," 2,500.00 "," 2,500.00 ", -   ," 2,500.00 ", 292.00 , 292.00 ," 2,208.00 ",88%
Government,DR MS 001045,15/11/2021,GLIMIDE 5MG, 1.00 , 250.00 , 250.00 , -   , 250.00 , 23.00 , 23.00 , 227.00 ,91%
Government,DR MS 001047,15/11/2021,ANGEL-50 50MG, 5.00 ," 1,300.00 "," 6,500.00 ", -   ," 6,500.00 ", 145.00 , 725.00 ," 5,775.00 ",89%
Government,DR MS 001047,15/11/2021,LOSAAR 100mg, 1.00 ," 1,800.00 "," 1,800.00 ", -   ," 1,800.00 ", 250.00 , 250.00 ," 1,550.00 ",86%
Government,DR MS 001047,15/11/2021,LODIPEX - 10MG, 5.00 ," 1,500.00 "," 7,500.00 ", -   ," 7,500.00 ", 60.00 , 300.00 ," 7,200.00 ",96%
Government,DR MS 001047,15/11/2021,AMLOTHIX 5mg, 8.00 , 950.00 ," 7,600.00 ", -   ," 7,600.00 ", 38.00 , 304.00 ," 7,296.00 ",96%
Government,DR MS 001047,15/11/2021,GIRAN-16 16MG, 5.00 ," 3,285.00 "," 16,425.00 ", -   ," 16,425.00 ", 250.00 ," 1,250.00 "," 15,175.00 ",92%
Government,DR MS 001047,15/11/2021,GIRAN-8 8MG, 5.00 ," 1,900.00 "," 9,500.00 ", -   ," 9,500.00 ", 130.00 , 650.00 ," 8,850.00 ",93%
Government,DR MS 001047,15/11/2021,CARDOWIN 1MG, 10.00 , 450.00 ," 4,500.00 ", -   ," 4,500.00 ", 280.00 ," 2,800.00 "," 1,700.00 ",38%
Government,DR MS 001047,15/11/2021,ZACZIN 20MG/ML, 20.00 , 302.50 ," 6,050.00 ", -   ," 6,050.00 ", 37.00 , 740.00 ," 5,310.00 ",88%
Government,DR MS 001047,15/11/2021,GLYCINORM 80MG TAB, 1.00 , 900.00 , 900.00 , -   , 900.00 , 189.00 , 189.00 , 711.00 ,79%
Government,DR MS 001047,15/11/2021,FORMET 500MG, 3.00 , 500.00 ," 1,500.00 ", -   ," 1,500.00 ", 76.00 , 228.00 ," 1,272.00 ",85%
Government,DR MS 001058,15/11/2021,MEDRIZINE 2.5MG/ML Drops, 288.00 , 245.00 ," 70,560.00 ", -   ," 70,560.00 ", 28.00 ," 8,064.00 "," 62,496.00 ",89%
Government,DR MS 001058,15/11/2021,SILVEDEX 10mg, 30.00 , 225.00 ," 6,750.00 ", -   ," 6,750.00 ", 54.33 ," 1,629.90 "," 5,120.10 ",76%
Government,DR MS 001058,15/11/2021,MERAZOL 40MG, 30.00 ," 6,240.00 "," 187,200.00 ", -   ," 187,200.00 ", 250.00 ," 7,500.00 "," 179,700.00 ",96%
Government,DR MS 001058,15/11/2021,CARDOWIN 1MG, 32.00 ," 1,340.11 "," 42,883.52 ", -   ," 42,883.52 ", 280.00 ," 8,960.00 "," 33,923.52 ",79%
Government,DR MS 001058,15/11/2021,CLOXANE 500MG CAP, 30.00 , 799.50 ," 23,985.00 ", -   ," 23,985.00 ", 224.25 ," 6,727.50 "," 17,257.50 ",72%
Government,DR MS 001058,15/11/2021,PHILCLOX 500MG, 20.00 , 799.50 ," 15,990.00 ", -   ," 15,990.00 ", 220.00 ," 4,400.00 "," 11,590.00 ",72%
Government,DR MS 001058,15/11/2021,EPIX BY 10'S, 20.00 , 861.00 ," 17,220.00 ", -   ," 17,220.00 ", 175.00 ," 3,500.00 "," 13,720.00 ",80%
Government,DR MS 001058,15/11/2021,ULTREINAC 200mg, 30.00 , 380.00 ," 11,400.00 ", -   ," 11,400.00 ", 80.00 ," 2,400.00 "," 9,000.00 ",79%
Government,DR MS 001058,15/11/2021,CIMEX 500MG, 10.00 ," 2,970.00 "," 29,700.00 ", -   ," 29,700.00 "," 1,100.00 "," 11,000.00 "," 18,700.00 ",63%
Government,DR MS 001058,15/11/2021,CEFUSAPH, 200.00 , 594.00 ," 118,800.00 ", -   ," 118,800.00 ", 112.00 ," 22,400.00 "," 96,400.00 ",81%
Government,DR MS 001058,15/11/2021,GENTAM 40MG, 50.00 , 490.00 ," 24,500.00 ", -   ," 24,500.00 ", 50.00 ," 2,500.00 "," 22,000.00 ",90%
Government,DR MS 001058,15/11/2021,BIOGIC 100MG DROPS, 1.00 ," 12,444.00 "," 12,444.00 ", -   ," 12,444.00 ", 14.00 , 14.00 ," 12,430.00 ",100%
Government,DR MS 001058,15/11/2021,COMXICLA 625MG TAB, 5.00 ," 4,241.00 "," 21,205.00 ", -   ," 21,205.00 ", 170.00 , 850.00 ," 20,355.00 ",96%
Government,DR MS 001058,15/11/2021,ASICLAV 625mg, 42.86 , 593.74 ," 25,447.70 ", -   ," 25,447.70 ", 121.00 ," 5,186.06 "," 20,261.64 ",80%
Government,DR MS 001058,15/11/2021,PHYTOMEN 10MG/ML, 10.00 , 650.00 ," 6,500.00 ", -   ," 6,500.00 ", 145.00 ," 1,450.00 "," 5,050.00 ",78%
Government,DR MS 001058,15/11/2021,VITACORE 100MG, 50.00 , 900.00 ," 45,000.00 ", -   ," 45,000.00 ", 115.00 ," 5,750.00 "," 39,250.00 ",87%
Government,DR MS 001060,15/11/2021,ALCOHOL ETHYL 70% - ALCORADE, 76.00 , 850.00 ," 64,600.00 ", -   ," 64,600.00 ", 330.00 ," 25,080.00 "," 39,520.00 ",61%
Government,DR MS 001060,15/11/2021,BOUFFANT CAP, 30.00 , 335.00 ," 10,050.00 ", -   ," 10,050.00 ", 170.00 ," 5,100.00 "," 4,950.00 ",49%
Government,DR MS 001060,15/11/2021,STERILE LATEX - SURGICAL GLOVES, 10.00 ," 2,700.00 "," 27,000.00 ", -   ," 27,000.00 ", 850.00 ," 8,500.00 "," 18,500.00 ",69%
Government,DR MS 001058,15/11/2021,SAPHLECOX 200MG, 20.00 ," 2,500.00 "," 50,000.00 ", -   ," 50,000.00 ", 166.00 ," 3,320.00 "," 46,680.00 ",93%
Government,DR MS 001058,15/11/2021,MECID 500MG, 30.00 ," 1,450.00 "," 43,500.00 ", -   ," 43,500.00 ", 71.00 ," 2,130.00 "," 41,370.00 ",95%
Government,DR MS 001058,15/11/2021,INFAMIX 500MG, 10.00 ," 1,450.00 "," 14,500.00 ", -   ," 14,500.00 ", 55.00 , 550.00 ," 13,950.00 ",96%
Government,DR MS 001058,15/11/2021,REGIVIT 120ml, 60.00 , 127.24 ," 7,634.40 ", -   ," 7,634.40 ", 27.00 ," 1,620.00 "," 6,014.40 ",79%
Government,DR MS 001058,15/11/2021,EURIVIT 120ml, 40.00 , 127.24 ," 5,089.60 ", -   ," 5,089.60 ", 39.00 ," 1,560.00 "," 3,529.60 ",69%
Government,DR MS 001058,15/11/2021,MYREVIT - SYRUP VITAMINS, 100.00 , 127.24 ," 12,724.00 ", -   ," 12,724.00 ", 21.50 ," 2,150.00 "," 10,574.00 ",83%
Government,DR MS 001058,15/11/2021,ORALIME 100mg, 100.00 , 669.60 ," 66,960.00 ", -   ," 66,960.00 ", 70.00 ," 7,000.00 "," 59,960.00 ",90%
Government,DR MS 001058,15/11/2021,DEXAMAK 4MG/ML (8MG/2ML), 30.00 , 917.50 ," 27,525.00 ", -   ," 27,525.00 ", 380.00 ," 11,400.00 "," 16,125.00 ",59%
Government,DR MS 001058,15/11/2021,DIALOX 125mg, 100.00 , 70.01 ," 7,001.00 ", -   ," 7,001.00 ", 17.00 ," 1,700.00 "," 5,301.00 ",76%
Government,DR MS 001058,15/11/2021,ZINLUM 60ML, 100.00 , 90.78 ," 9,078.00 ", -   ," 9,078.00 ", 20.00 ," 2,000.00 "," 7,078.00 ",78%
Government,DR MS 001058,15/11/2021,ZINC VITA DROPS, 50.00 , 85.63 ," 4,281.50 ", -   ," 4,281.50 ", 20.00 ," 1,000.00 "," 3,281.50 ",77%
Government,DR MS 001058,15/11/2021,ROZTIN 20mg, 5.00 ," 2,785.00 "," 13,925.00 ", -   ," 13,925.00 ", 212.00 ," 1,060.00 "," 12,865.00 ",92%
Government,DR MS 001061,15/11/2021,BUPIRIGHT AMPULE, 30.00 , 799.00 ," 23,970.00 ", -   ," 23,970.00 ", 185.00 ," 5,550.00 "," 18,420.00 ",77%
Government,DR MS 001061,15/11/2021,EXEL 250MG/5ML SUS, 150.00 , 80.00 ," 12,000.00 ", -   ," 12,000.00 ", 19.80 ," 2,970.00 "," 9,030.00 ",75%
Government,DR MS 001061,15/11/2021,SANIX 200MG, 33.33 ," 1,200.12 "," 40,000.00 ", -   ," 40,000.00 ", 135.00 ," 4,499.55 "," 35,500.45 ",89%
Government,DR MS 001061,15/11/2021,SAPHLECOX 200MG, 30.00 ," 2,500.00 "," 75,000.00 ", -   ," 75,000.00 ", 166.00 ," 4,980.00 "," 70,020.00 ",93%
Government,DR MS 001061,15/11/2021,ACRESIL - 300 300MG, 10.00 ," 1,500.00 "," 15,000.00 ", -   ," 15,000.00 ", 360.00 ," 3,600.00 "," 11,400.00 ",76%
Government,DR MS 001061,15/11/2021,DIALOX 125mg, 288.00 , 70.00 ," 20,160.00 ", -   ," 20,160.00 ", 17.00 ," 4,896.00 "," 15,264.00 ",76%
Government,DR MS 001061,15/11/2021,CLOXANE 500MG CAP, 40.00 , 800.00 ," 32,000.00 ", -   ," 32,000.00 ", 224.25 ," 8,970.00 "," 23,030.00 ",72%
Government,DR MS 001061,15/11/2021,APULDON 10mg, 5.00 ," 1,000.00 "," 5,000.00 ", -   ," 5,000.00 ", 80.00 , 400.00 ," 4,600.00 ",92%
Government,DR MS 001061,15/11/2021,EPIX BY 10'S, 10.00 , 860.00 ," 8,600.00 ", -   ," 8,600.00 ", 175.00 ," 1,750.00 "," 6,850.00 ",80%
Government,DR MS 001061,15/11/2021,MUROPHAR, 700.00 , 250.00 ," 175,000.00 ", -   ," 175,000.00 ", 65.00 ," 45,500.00 "," 129,500.00 ",74%
Government,DR MS 001061,15/11/2021,JAGA 300MG/100MG/100MCG, 50.00 ," 1,925.00 "," 96,250.00 ", -   ," 96,250.00 ", 530.00 ," 26,500.00 "," 69,750.00 ",72%
Government,DR MS 001061,15/11/2021,POPICIN, 100.00 ," 1,000.00 "," 100,000.00 ", -   ," 100,000.00 ", 100.00 ," 10,000.00 "," 90,000.00 ",90%
Government,DR MS 001061,15/11/2021,VITACORE 100MG, 7.00 ," 9,000.00 "," 63,000.00 ", -   ," 63,000.00 ", 115.00 , 805.00 ," 62,195.00 ",99%
Government,DR MS 001061,15/11/2021,CAPXIBB-400 400MG, 100.00 , 896.00 ," 89,600.00 ", -   ," 89,600.00 ", 135.00 ," 13,500.00 "," 76,100.00 ",85%
Government,DR MS 001061,15/11/2021,LIFERZIN 250MG, 100.00 , 340.00 ," 34,000.00 ", -   ," 34,000.00 ", 120.00 ," 12,000.00 "," 22,000.00 ",65%
Government,DR MS 001061,15/11/2021,RANICLAV 625MG, 214.28 , 530.19 ," 113,609.99 ", -   ," 113,609.99 ", 198.00 ," 42,427.44 "," 71,182.55 ",63%
Government,DR MS 001061,15/11/2021,DEXAMAX 4MG, 50.00 , 819.20 ," 40,960.00 ", -   ," 40,960.00 ", 290.00 ," 14,500.00 "," 26,460.00 ",65%
Government,DR MS 001061,15/11/2021,ANTIZOAL 5MG/ML, 600.00 , 107.14 ," 64,284.00 ", -   ," 64,284.00 ", 21.00 ," 12,600.00 "," 51,684.00 ",80%
Government,DR MS 001060,15/11/2021,"MICROPORE 1"" - 1530-1 - 3M", 60.00 , 910.00 ," 54,600.00 ", -   ," 54,600.00 ", 380.00 ," 22,800.00 "," 31,800.00 ",58%
Government,DR MS 001060,15/11/2021,SHOE COVER, 30.00 , 790.00 ," 23,700.00 ", -   ," 23,700.00 ", 280.00 ," 8,400.00 "," 15,300.00 ",65%
Government,DR MS 001060,15/11/2021,"AUTOCLAVE TAPE 3/4""", 20.00 ," 1,320.00 "," 26,400.00 ", -   ," 26,400.00 ", 180.00 ," 3,600.00 "," 22,800.00 ",86%
Government,DR MS 001060,15/11/2021,HEPARIN LOCKS, 1.00 ," 31,000.00 "," 31,000.00 ", -   ," 31,000.00 "," 1,500.00 "," 1,500.00 "," 29,500.00 ",95%
Government,DR MS 001060,15/11/2021,SPINAL NEEDLE G.25 - TOP, 10.00 ," 3,100.00 "," 31,000.00 ", -   ," 31,000.00 "," 1,300.00 "," 13,000.00 "," 18,000.00 ",58%
Government,DR MS 001060,15/11/2021,CORD CLAMP - SIMPLEX, 10.00 , 800.00 ," 8,000.00 ", -   ," 8,000.00 ", 400.00 ," 4,000.00 "," 4,000.00 ",50%
Government,DR MS 001060,15/11/2021,LUBRICATING JELLY - SURGITECH 150G, 20.00 , 264.00 ," 5,280.00 ", -   ," 5,280.00 ", 160.00 ," 3,200.00 "," 2,080.00 ",39%
Government,DR MS 001060,15/11/2021,URINE BAG 2000ML - SURE-GUARD, 100.00 , 36.00 ," 3,600.00 ", -   ," 3,600.00 ", 18.00 ," 1,800.00 "," 1,800.00 ",50%
Government,DR MS 001060,15/11/2021,STOMACH TUBE - PARTNERS NGT FR16, 30.00 , 25.00 , 750.00 , -   , 750.00 , 15.00 , 450.00 , 300.00 ,40%
Government,DR MS 001060,15/11/2021,ABDOMINAL BINDER, 100.00 , 240.00 ," 24,000.00 ", -   ," 24,000.00 ", 120.00 ," 12,000.00 "," 12,000.00 ",50%
Government,DR MS 001060,15/11/2021,VOLUMETRIC SOLUTION INFUSION SET, 100.00 , 225.00 ," 22,500.00 ", -   ," 22,500.00 ", 160.00 ," 16,000.00 "," 6,500.00 ",29%
Government,DR MS 001060,15/11/2021,FOLEY CATHETER LATEX SILICON COATED FR. 16, 5.00 ," 1,000.00 "," 5,000.00 ", -   ," 5,000.00 ", 700.00 ," 3,500.00 "," 1,500.00 ",30%
Government,DR MS 001060,15/11/2021,INSULIN SYRINGE 1/2 CC G29 TERUMO, 5.00 ," 1,440.00 "," 7,200.00 ", -   ," 7,200.00 ", 850.00 ," 4,250.00 "," 2,950.00 ",41%
Government,DR MS 001060,15/11/2021,SUCTION CATHETER - SURGITECH - FR#8, 100.00 , 25.00 ," 2,500.00 ", -   ," 2,500.00 ", 15.00 ," 1,500.00 "," 1,000.00 ",40%
Government,DR MS 001060,15/11/2021,SUCTION CATHETER - SURGITECH - FR#5, 10.00 , 25.00 , 250.00 , -   , 250.00 , 15.00 , 150.00 , 100.00 ,40%
Government,DR MS 001060,15/11/2021,NEEDLE TERUMO AGANI - 25G X 5/8 (16MM), 27.00 , 504.00 ," 13,608.00 ", -   ," 13,608.00 ", 290.00 ," 7,830.00 "," 5,778.00 ",42%
Government,DR MS 001060,15/11/2021,ALCOHOL ETHYL 70% - ALCORADE, 76.00 , 850.00 ," 64,600.00 ", -   ," 64,600.00 ", 330.00 ," 25,080.00 "," 39,520.00 ",61%
Government,DR MS 001060,15/11/2021,FACE MASK, 150.00 , 170.00 ," 25,500.00 ", -   ," 25,500.00 ", 50.00 ," 7,500.00 "," 18,000.00 ",71%
Government,DR MS 001060,15/11/2021,ASEPTO IRRIGATING BULB - SIMPLEX, 50.00 , 60.00 ," 3,000.00 ", -   ," 3,000.00 ", 50.00 ," 2,500.00 ", 500.00 ,17%
Government,DR MS 001018,08/11/2021,BOUFFANT CAP, 4.00 , 400.00 ," 1,600.00 ", -   ," 1,600.00 ", 170.00 , 680.00 , 920.00 ,58%
Government,DR MS 001018,08/11/2021,SPUTUM CUP, 7.00 ," 1,095.00 "," 7,665.00 ", -   ," 7,665.00 ", 250.00 ," 1,750.00 "," 5,915.00 ",77%
Government,DR MS 001018,08/11/2021,FACE MASK, 60.00 , 250.00 ," 15,000.00 ", -   ," 15,000.00 ", 50.00 ," 3,000.00 "," 12,000.00 ",80%
Government,DR MS 001018,08/11/2021,GLOVES BLUE VINYL/NITRILE BLEND (MEDIUM), 30.00 ," 1,499.00 "," 44,970.00 ", -   ," 44,970.00 ", 255.00 ," 7,650.00 "," 37,320.00 ",83%
Government,DR MS 001018,08/11/2021,"MICROPORE 1"" - 1530-1 - 3M", 5.00 ," 1,135.00 "," 5,675.00 ", -   ," 5,675.00 ", 380.00 ," 1,900.00 "," 3,775.00 ",67%
Government,DR MS 001018,08/11/2021,BLOOD LANCETS - KING MED, 5.00 , 445.00 ," 2,225.00 ", -   ," 2,225.00 ", 100.00 , 500.00 ," 1,725.00 ",78%
Government,DR MS 001018,08/11/2021,URINE STRIPS - INSIGHT, 30.00 , 899.00 ," 26,970.00 ", -   ," 26,970.00 ", 300.00 ," 9,000.00 "," 17,970.00 ",67%
Government,DR MS 001016,31/10/2021,FERN-D 120's, 123.00 ," 2,512.00 "," 308,976.00 ", -   ," 308,976.00 ", 680.00 ," 83,640.00 "," 225,336.00 ",73%
Government,DR RT 0260,31/10/2021,RICE 3KG, 100.00 , 188.02 ," 18,802.00 ", -   ," 18,802.00 ", 108.00 ," 10,800.00 "," 8,002.00 ",43%
Government,DR RT 0260,31/10/2021,ENOCEE 500mg, 30.00 , 83.56 ," 2,506.80 ", -   ," 2,506.80 ", 48.00 ," 1,440.00 "," 1,066.80 ",43%
Government,DR RT 0260,31/10/2021,PARASAPH 500MG, 30.00 , 73.12 ," 2,193.60 ", -   ," 2,193.60 ", 42.00 ," 1,260.00 ", 933.60 ,43%
Government,DR RT 0260,31/10/2021,ECO BAG (M), 100.00 , 6.96 , 696.00 , -   , 696.00 , 4.00 , 400.00 , 296.00 ,43%
Government,DR RT 0260,31/10/2021,BEAR BRAND 320 G, 100.00 , 178.02 ," 17,802.00 ", -   ," 17,802.00 ", 102.26 ," 10,226.00 "," 7,576.00 ",43%
Government,DR MS 001041,31/10/2021,ALCOHOL ETHYL 70% - ALCORADE, 60.00 , 850.00 ," 51,000.00 ", -   ," 51,000.00 ", 330.00 ," 19,800.00 "," 31,200.00 ",61%
Government,DR MS 001041,31/10/2021,ALCOHOL ETHYL 70% - ALCORADE 500ml, 576.00 , 130.00 ," 74,880.00 ", -   ," 74,880.00 ", 65.00 ," 37,440.00 "," 37,440.00 ",50%
Government,DR MS 001041,31/10/2021,DIGITAL THERMOMETER - ADVAN, 200.00 , 165.00 ," 33,000.00 ", -   ," 33,000.00 ", 58.00 ," 11,600.00 "," 21,400.00 ",65%
Government,DR MS 001041,31/10/2021,FACE MASK, 300.00 , 280.00 ," 84,000.00 ", -   ," 84,000.00 ", 50.00 ," 15,000.00 "," 69,000.00 ",82%
Government,DR MS 001041,31/10/2021,GLOVES BLUE VINYL/NITRILE BLEND (LARGE), 52.00 , 750.00 ," 39,000.00 ", -   ," 39,000.00 ", 255.00 ," 13,260.00 "," 25,740.00 ",66%
Government,DR MS 001017,31/10/2021,GAUZE PAD 4X4X8 PLY 28X24 MESH, 64.00 , 660.00 ," 42,240.00 ", -   ," 42,240.00 ", 250.00 ," 16,000.00 "," 26,240.00 ",62%
Government,DR MS 001017,31/10/2021,SILK BLACK BRAIDED NON ABSORBABLE SUTURE 3-0 CURVED CUTTING - TUDOR 75CM, 15.00 , 747.00 ," 11,205.00 ", -   ," 11,205.00 ", 250.00 ," 3,750.00 "," 7,455.00 ",67%
Government,DR MS 001017,31/10/2021,CHROMIC BROWN CATOUT ABSORBABLE SUTURE 3-0 CURVED CUTTING - TUDOR 75CM, 30.00 , 749.00 ," 22,470.00 ", -   ," 22,470.00 ", 300.00 ," 9,000.00 "," 13,470.00 ",60%
Government,DR MS 001017,31/10/2021,CHROMIC BROWN CATOUT ABSORBABLE SUTURE 2-0 CURVED CUTTING TUDOR 75CM, 30.00 , 749.00 ," 22,470.00 ", -   ," 22,470.00 ", 300.00 ," 9,000.00 "," 13,470.00 ",60%
Government,DR MS 001017,31/10/2021,LOCAINE 50ML, 64.00 , 118.50 ," 7,584.00 ", -   ," 7,584.00 ", 70.00 ," 4,480.00 "," 3,104.00 ",41%
Government,DR MS 001017,31/10/2021,BETASOL 10% SOLUTION ANTISEPTIC, 2.00 ," 2,095.00 "," 4,190.00 ", -   ," 4,190.00 ", 680.00 ," 1,360.00 "," 2,830.00 ",68%
Government,DR MS 001017,31/10/2021,DISPOSABLE SYRINGE - 3CC PRIME, 8.00 , 595.00 ," 4,760.00 ", -   ," 4,760.00 ", 250.00 ," 2,000.00 "," 2,760.00 ",58%
Government,DR MS 001017,31/10/2021,GLOVES 7.5 ( STERILE / POWDERED) - DR. CARE, 20.00 ," 2,397.00 "," 47,940.00 ", -   ," 47,940.00 ", 850.00 ," 17,000.00 "," 30,940.00 ",65%
Government,DR MS 001017,31/10/2021,MAYO STAND WITH TRAY, 1.00 ," 10,495.00 "," 10,495.00 ", -   ," 10,495.00 "," 3,000.00 "," 3,000.00 "," 7,495.00 ",71%
Government,DR MS 001017,31/10/2021,MOSQUITO FORECEP 5 1/2, 4.00 ," 1,945.00 "," 7,780.00 ", -   ," 7,780.00 ", 90.00 , 360.00 ," 7,420.00 ",95%
Government,DR MS 001017,31/10/2021,TOSSURE FORCEP - 5 1/2, 4.00 ," 1,045.00 "," 4,180.00 ", -   ," 4,180.00 ", 70.00 , 280.00 ," 3,900.00 ",93%
Government,DR MS 001017,31/10/2021,"NEEDLE HOLDER - 5""", 4.00 ," 1,645.00 "," 6,580.00 ", -   ," 6,580.00 ", 150.00 , 600.00 ," 5,980.00 ",91%
Government,DR MS 001017,31/10/2021,SURGICAL SCISSOR - STRAIGHT, 4.00 ," 1,195.00 "," 4,780.00 ", -   ," 4,780.00 ", 85.00 , 340.00 ," 4,440.00 ",93%
Government,DR MS 001017,31/10/2021,INSTRUMENT TRAY WITH COVER, 1.00 ," 3,595.00 "," 3,595.00 ", -   ," 3,595.00 "," 1,500.00 "," 1,500.00 "," 2,095.00 ",58%
Government,DR MS 001017,31/10/2021,GLOVES BLUE VINYL/NITRILE BLEND (MEDIUM), 20.00 , 492.00 ," 9,840.00 ", -   ," 9,840.00 ", 255.00 ," 5,100.00 "," 4,740.00 ",48%
Government,DR MS 001017,31/10/2021,GLOVES BLUE VINYL/NITRILE BLEND (MEDIUM), 60.00 ," 1,200.00 "," 72,000.00 ", -   ," 72,000.00 ", 255.00 ," 15,300.00 "," 56,700.00 ",79%
Government,DR MS 001017,31/10/2021,"MICROPORE 1"" - 1530-1 - 3M", 12.00 ," 1,137.00 "," 13,644.00 ", -   ," 13,644.00 ", 380.00 ," 4,560.00 "," 9,084.00 ",67%
Government,DR MS 001017,31/10/2021,SHARJVAX 1500 I.U. / 0.7ML, 37.00 ," 2,000.00 "," 74,000.00 ", -   ," 74,000.00 ", 590.00 ," 21,830.00 "," 52,170.00 ",71%
Government,DR MS 001017,31/10/2021,IMATET, 10.00 ," 2,600.00 "," 26,000.00 ", -   ," 26,000.00 ", 667.00 ," 6,670.00 "," 19,330.00 ",74%
Government,DR MS 001017,31/10/2021,INSULIN SYRINGE 1/2 CC G29 TERUMO, 8.00 ," 2,245.00 "," 17,960.00 ", -   ," 17,960.00 ", 850.00 ," 6,800.00 "," 11,160.00 ",62%
Government,DR MS 001017,31/10/2021,FACE MASK, 12.00 , 247.00 ," 2,964.00 ", -   ," 2,964.00 ", 50.00 , 600.00 ," 2,364.00 ",80%
Government,DR MS 001017,31/10/2021,DISPOSABLE SYRINGE - 1CC PRIME, 8.00 , 505.00 ," 4,040.00 ", -   ," 4,040.00 ", 250.00 ," 2,000.00 "," 2,040.00 ",50%
Government,DR MS 001017,31/10/2021,GLOVES (M) - LATEX SURE GUARD, 7.00 ," 1,194.29 "," 8,360.00 ", -   ," 8,360.00 ", 320.00 ," 2,240.00 "," 6,120.00 ",73%
Government,DR MS 001019,31/10/2021,DISPOSABLE SYRINGE - 5CC PRIME, 4.00 ," 1,495.00 "," 5,980.00 ", -   ," 5,980.00 ", 270.00 ," 1,080.00 "," 4,900.00 ",82%
Government,DR MS 001019,31/10/2021,Tourniquet, 5.00 , 70.00 , 350.00 , -   , 350.00 , 25.00 , 125.00 , 225.00 ,64%
Government,DR MS 001019,31/10/2021,CAPILLARY TUBE, 4.00 ," 4,490.00 "," 17,960.00 ", -   ," 17,960.00 "," 1,500.00 "," 6,000.00 "," 11,960.00 ",67%
Government,DR MS 001019,31/10/2021,LAVANDER TAC 5ML - KINGMED, 5.00 ," 1,495.00 "," 7,475.00 ", -   ," 7,475.00 ", 450.00 ," 2,250.00 "," 5,225.00 ",70%
Government,DR MS 001019,31/10/2021,LYSOL 1GALLON, 4.00 ," 5,987.00 "," 23,948.00 ", -   ," 23,948.00 "," 2,727.27 "," 10,909.08 "," 13,038.92 ",54%
Government,DR MS 001019,31/10/2021,"REAGENT ANTI A,B,D", 2.00 ," 8,689.00 "," 17,378.00 ", -   ," 17,378.00 ", 750.00 ," 1,500.00 "," 15,878.00 ",91%
Government,DR MS 001019,31/10/2021,DENATURED ALCOHOL, 6.00 ," 1,045.00 "," 6,270.00 ", -   ," 6,270.00 ", 380.00 ," 2,280.00 "," 3,990.00 ",64%
Government,DR MS 001019,31/10/2021,LYSOL 510g, 3.00 , 993.00 ," 2,979.00 ", -   ," 2,979.00 ", 516.00 ," 1,548.00 "," 1,431.00 ",48%
Government,DR MS 001041,31/10/2021,FACE MASK N95 PARTICULATE RESPIRATOR SURGICAL MASK (3M), 50.00 ," 6,400.00 "," 320,000.00 ", -   ," 320,000.00 ", 540.00 ," 27,000.00 "," 293,000.00 ",92%
Government,DR MS 001020,30/10/2021,RESPOSAL-1, 20.00 ," 1,139.97 "," 22,799.40 ", -   ," 22,799.40 ", 250.00 ," 5,000.00 "," 17,799.40 ",78%
Government,DR MS 001020,30/10/2021,ENOX 6000 ANTI-XA IU/0.6ML (KULANIMA HAZIR ENJEKTOR) STERIL - ENOKSAPARIN SODIUM, 150.00 ," 2,000.00 "," 300,000.00 ", -   ," 300,000.00 ", 410.00 ," 61,500.00 "," 238,500.00 ",80%
Government,DR MS 001027,18/10/2021,OFPLEMED 300MG SYRUP 60ML, 50.00 , 80.00 ," 4,000.00 ", -   ," 4,000.00 ", 30.00 ," 1,500.00 "," 2,500.00 ",63%
Government,DR MS 001027,18/10/2021,ALLECUR 10MG, 50.00 , 85.00 ," 4,250.00 ", -   ," 4,250.00 ", 28.00 ," 1,400.00 "," 2,850.00 ",67%
Government,DR MS 001027,18/10/2021,AMADOL 150MG, 30.00 , 500.00 ," 15,000.00 ", -   ," 15,000.00 ", 38.00 ," 1,140.00 "," 13,860.00 ",92%
Government,DR MS 001027,18/10/2021,SANIX 200MG, 3.33 ," 1,500.00 "," 4,995.00 ", -   ," 4,995.00 ", 135.00 , 449.55 ," 4,545.45 ",91%
Government,DR MS 001027,18/10/2021,TRAXAN 100MG, 20.00 , 650.00 ," 13,000.00 ", -   ," 13,000.00 ", 200.00 ," 4,000.00 "," 9,000.00 ",69%
Government,DR MS 001027,18/10/2021,GYNE-TOCIN 10IU/ML, 10.00 , 600.00 ," 6,000.00 ", -   ," 6,000.00 ", 74.00 , 740.00 ," 5,260.00 ",88%
Government,DR MS 001027,18/10/2021,SHARJVAX 1500 I.U. / 0.7ML, 20.00 ," 1,100.00 "," 22,000.00 ", -   ," 22,000.00 ", 590.00 ," 11,800.00 "," 10,200.00 ",46%
Government,DR MS 001027,18/10/2021,APTRADOL 50MG, 5.00 , 769.00 ," 3,845.00 ", -   ," 3,845.00 ", 345.00 ," 1,725.00 "," 2,120.00 ",55%
Government,DR MS 001029,18/10/2021,CARDOWIN 1MG, 100.00 ," 1,340.11 "," 134,011.00 ", -   ," 134,011.00 ", 280.00 ," 28,000.00 "," 106,011.00 ",79%
Government,DR MS 001029,18/10/2021,PHYTOMEN 10MG/ML, 3.00 , 650.00 ," 1,950.00 ", -   ," 1,950.00 ", 145.00 , 435.00 ," 1,515.00 ",78%
Government,DR MS 001029,18/10/2021,TRIVASC 35MG MR, 10.00 ," 1,885.00 "," 18,850.00 ", -   ," 18,850.00 ", 437.50 ," 4,375.00 "," 14,475.00 ",77%
Government,DR MS 001029,18/10/2021,ALLUPREX 100MG, 5.00 , 900.00 ," 4,500.00 ", -   ," 4,500.00 ", 70.00 , 350.00 ," 4,150.00 ",92%
Government,DR MS 001029,18/10/2021,RESPOSAL-1, 200.00 ," 1,139.97 "," 227,994.00 ", -   ," 227,994.00 ", 250.00 ," 50,000.00 "," 177,994.00 ",78%
Government,DR MS 001029,18/10/2021,FERRICORE 325MG, 10.00 , 350.00 ," 3,500.00 ", -   ," 3,500.00 ", 68.00 , 680.00 ," 2,820.00 ",81%
Government,DR MS 001029,18/10/2021,ENOX 4000 ANTI-XA IU/0.4ML (KULANIMA HAZIR ENJEKTOR) STERIL - ENOKSAPARIN SODIUM, 20.00 ," 19,500.00 "," 390,000.00 ", -   ," 390,000.00 ", 310.00 ," 6,200.00 "," 383,800.00 ",98%
Government,DR MS 001029,18/10/2021,ENOX 6000 ANTI-XA IU/0.6ML (KULANIMA HAZIR ENJEKTOR) STERIL - ENOKSAPARIN SODIUM, 100.00 ," 2,240.00 "," 224,000.00 ", -   ," 224,000.00 ", 410.00 ," 41,000.00 "," 183,000.00 ",82%
Government,DR MS 00933,11/10/2021,SHARJVAX 3000 I.U. / 0.95ML, 150.00 ," 2,850.00 "," 427,500.00 ", -   ," 427,500.00 "," 1,200.00 "," 180,000.00 "," 247,500.00 ",58%
Government,DR MS 00933,11/10/2021,DOPAMAINE 250MG, 10.00 ," 1,495.00 "," 14,950.00 ", -   ," 14,950.00 ", 386.00 ," 3,860.00 "," 11,090.00 ",74%
Government,DR MS 001004,11/10/2021,SHARJVAX 1500 I.U. / 0.7ML, 110.00 ," 1,100.00 "," 121,000.00 ", -   ," 121,000.00 ", 590.00 ," 64,900.00 "," 56,100.00 ",46%
Government,DR MS 001004,11/10/2021,AMINOSOL 25MG/ML , 5.00 , 580.00 ," 2,900.00 ", -   ," 2,900.00 ", 132.30 , 661.50 ," 2,238.50 ",77%
Government,DR MS 001004,11/10/2021,AZCORE 500mg, 90.00 , 350.00 ," 31,500.00 ", -   ," 31,500.00 ", 455.00 ," 40,950.00 "," (9,450.00)",-30%
Government,DR MS 001004,11/10/2021,SAPHZINE 10MG, 10.00 ," 2,172.00 "," 21,720.00 ", -   ," 21,720.00 ", 42.00 , 420.00 ," 21,300.00 ",98%
Government,DR MS 001004,11/10/2021,GENTACARE 3MG/ML EYE DROPS, 400.00 , 49.00 ," 19,600.00 ", -   ," 19,600.00 ", 70.00 ," 28,000.00 "," (8,400.00)",-43%
Government,DR MS 001004,11/10/2021,HYOSAPH 10MG TAB, 4.00 , 799.00 ," 3,196.00 ", -   ," 3,196.00 ", 395.00 ," 1,580.00 "," 1,616.00 ",51%
Government,DR MS 001004,11/10/2021,LOCAINE 50ML, 50.00 , 84.00 ," 4,200.00 ", -   ," 4,200.00 ", 70.00 ," 3,500.00 ", 700.00 ,17%
Government,DR MS 001004,11/10/2021,MECLOP 5MG\ML, 40.00 , 470.00 ," 18,800.00 ", -   ," 18,800.00 ", 36.00 ," 1,440.00 "," 17,360.00 ",92%
Government,DR MS 001004,11/10/2021,MULTICAPS, 4.00 ," 1,099.00 "," 4,396.00 ", -   ," 4,396.00 ", 68.00 , 272.00 ," 4,124.00 ",94%
Government,DR MS 001004,11/10/2021,PHYTOMEN 10MG/ML, 30.00 , 650.00 ," 19,500.00 ", -   ," 19,500.00 ", 145.00 ," 4,350.00 "," 15,150.00 ",78%
Government,DR MS 001004,11/10/2021,BIO TT 40iu, 40.00 ," 1,180.00 "," 47,200.00 ", -   ," 47,200.00 ", 700.00 ," 28,000.00 "," 19,200.00 ",41%
Government,DR MS 001004,11/10/2021,ATORSAPH - 10MG, 20.00 , 300.00 ," 6,000.00 ", -   ," 6,000.00 ", 25.00 , 500.00 ," 5,500.00 ",92%
Government,DR MS 001004,11/10/2021,HYPERSTOP 25MG, 20.00 , 500.00 ," 10,000.00 ", -   ," 10,000.00 ", 34.00 , 680.00 ," 9,320.00 ",93%
Government,DR MS 001004,11/10/2021,ZACZIN 20MG/ML, 200.00 , 295.00 ," 59,000.00 ", -   ," 59,000.00 ", 37.00 ," 7,400.00 "," 51,600.00 ",87%
Government,DR MS 001004,11/10/2021,CARDOWIN 1MG, 20.00 ," 1,134.00 "," 22,680.00 ", -   ," 22,680.00 ", 280.00 ," 5,600.00 "," 17,080.00 ",75%
Government,DR MS 001004,11/10/2021,ACIPRO 2MG, 250.00 , 390.00 ," 97,500.00 ", -   ," 97,500.00 ", 26.00 ," 6,500.00 "," 91,000.00 ",93%
Government,DR MS 00935,11/10/2021,FLUCYSTEINE 200MG, 2.00 , 190.00 , 380.00 , -   , 380.00 , 80.00 , 160.00 , 220.00 ,58%
Government,DR MS 00935,11/10/2021,ULTREINAC 200mg, 20.00 , 380.00 ," 7,600.00 ", -   ," 7,600.00 ", 80.00 ," 1,600.00 "," 6,000.00 ",79%
Government,DR MS 00935,11/10/2021,ALLUJEN 100MG TAB, 7.00 , 899.00 ," 6,293.00 ", -   ," 6,293.00 ", 75.00 , 525.00 ," 5,768.00 ",92%
Government,DR MS 00935,11/10/2021,AMBIMOX 500MG, 15.00 , 750.00 ," 11,250.00 ", -   ," 11,250.00 ", 118.00 ," 1,770.00 "," 9,480.00 ",84%
Government,DR MS 00935,11/10/2021,EUROXONE 1G, 300.00 , 380.00 ," 114,000.00 ", -   ," 114,000.00 ", 73.00 ," 21,900.00 "," 92,100.00 ",81%
Government,DR MS 00935,11/10/2021,MEDRIZINE 2.5MG/ML Drops, 144.00 , 245.00 ," 35,280.00 ", -   ," 35,280.00 ", 28.00 ," 4,032.00 "," 31,248.00 ",89%
Government,DR MS 00935,11/10/2021,ENOCLEX 60MG, 15.00 ," 2,240.00 "," 33,600.00 ", -   ," 33,600.00 "," 1,800.00 "," 27,000.00 "," 6,600.00 ",20%
Government,DR MS 00935,11/10/2021,GENTACARE 40MG, 40.00 , 490.00 ," 19,600.00 ", -   ," 19,600.00 ", 50.00 ," 2,000.00 "," 17,600.00 ",90%
Government,DR MS 00935,11/10/2021,CORBAL 100MG, 40.00 ," 1,200.00 "," 48,000.00 ", -   ," 48,000.00 ", 210.00 ," 8,400.00 "," 39,600.00 ",83%
Government,DR MS 00935,11/10/2021,KETOROBAS 30MG, 10.00 ," 1,190.00 "," 11,900.00 ", -   ," 11,900.00 ", 170.00 ," 1,700.00 "," 10,200.00 ",86%
Government,DR MS 00935,11/10/2021,MECLOP 5MG\ML, 40.00 , 470.00 ," 18,800.00 ", -   ," 18,800.00 ", 36.00 ," 1,440.00 "," 17,360.00 ",92%
Government,DR MS 00935,11/10/2021,ANTIZOAL 5MG/ML, 100.00 , 120.00 ," 12,000.00 ", -   ," 12,000.00 ", 21.00 ," 2,100.00 "," 9,900.00 ",83%
Government,DR MS 00935,11/10/2021,MERAZOL 40MG, 20.00 ," 6,240.00 "," 124,800.00 ", -   ," 124,800.00 ", 250.00 ," 5,000.00 "," 119,800.00 ",96%
Government,DR MS 00935,11/10/2021,NOVAMOL 100MG, 144.00 , 65.00 ," 9,360.00 ", -   ," 9,360.00 ", 12.00 ," 1,728.00 "," 7,632.00 ",82%
Government,DR MS 00935,11/10/2021,AMBIDOL 50MG/ML (100MG/2ML), 40.00 ," 1,020.00 "," 40,800.00 ", -   ," 40,800.00 ", 56.00 ," 2,240.00 "," 38,560.00 ",95%
Government,DR MS 00926,11/10/2021,ZEFTACARE 1G, 40.00 , 330.00 ," 13,200.00 ", -   ," 13,200.00 ", 41.00 ," 1,640.00 "," 11,560.00 ",88%
Government,DR MS 00926,11/10/2021,SANIX 200MG, 6.67 ," 1,199.41 "," 7,995.99 ", -   ," 7,995.99 ", 135.00 , 900.45 ," 7,095.54 ",89%
Government,DR MS 00926,11/10/2021,COMXICLA 625MG TAB, 20.50 , 827.51 ," 16,964.00 ", -   ," 16,964.00 ", 170.00 ," 3,485.00 "," 13,479.00 ",79%
Government,DR MS 00934,11/10/2021,AZIMIN 500MG, 20.00 ," 3,150.00 "," 63,000.00 ", -   ," 63,000.00 ", 32.00 , 640.00 ," 62,360.00 ",99%
Government,DR MS 00934,11/10/2021,CEFUSAPH, 20.00 ," 5,930.00 "," 118,600.00 ", -   ," 118,600.00 ", 112.00 ," 2,240.00 "," 116,360.00 ",98%
Government,DR MS 00934,11/10/2021,CIPROSAN 500MG, 20.00 ," 1,600.00 "," 32,000.00 ", -   ," 32,000.00 ", 165.00 ," 3,300.00 "," 28,700.00 ",90%
Government,DR MS 00933,11/10/2021,MEDALEM, 72.00 , 52.00 ," 3,744.00 ", -   ," 3,744.00 ",, -   ," 3,744.00 ",100%
Government,DR MS 00933,11/10/2021,FERRICORE 325MG, 20.00 , 350.00 ," 7,000.00 ", -   ," 7,000.00 ", 68.00 ," 1,360.00 "," 5,640.00 ",81%
Government,DR MS 00933,11/10/2021,APTRADOL 50MG, 10.00 , 769.00 ," 7,690.00 ", -   ," 7,690.00 ", 345.00 ," 3,450.00 "," 4,240.00 ",55%
Government,DR MS 00933,11/10/2021,SHARJVAX 1500 I.U. / 0.7ML, 200.00 ," 1,100.00 "," 220,000.00 ", -   ," 220,000.00 ", 590.00 ," 118,000.00 "," 102,000.00 ",46%
Government,DR MS 001014,11/10/2021,BOUFFANT CAP, 6.00 ," 1,379.94 "," 8,279.64 ", -   ," 8,279.64 ", 170.00 ," 1,020.00 "," 7,259.64 ",88%
Government,DR MS 001014,11/10/2021,GLOVES BLUE VINYL/NITRILE BLEND (LARGE), 10.00 ," 1,954.92 "," 19,549.21 ", -   ," 19,549.21 ", 255.00 ," 2,550.00 "," 16,999.21 ",87%
Government,DR MS 001014,11/10/2021,KN95 FACEMASK (PIECE), 600.00 , 49.83 ," 29,898.78 ", -   ," 29,898.78 ", 130.00 ," 78,000.00 "," (48,101.22)",-161%
Government,DR MS 001014,11/10/2021,FACE SHIELD, 600.00 , 69.00 ," 41,398.34 ", -   ," 41,398.34 ", 8.00 ," 4,800.00 "," 36,598.34 ",88%
Government,DR MS 001014,11/10/2021,GLOVES BLUE VINYL/NITRILE BLEND (MEDIUM), 40.00 ," 1,954.92 "," 78,196.87 ", -   ," 78,196.87 ", 255.00 ," 10,200.00 "," 67,996.87 ",87%
Government,DR MS 001014,11/10/2021,ISOLATION GOWN STERILE (GDR), 600.00 , 919.96 ," 551,977.92 ", -   ," 551,977.92 ", 120.00 ," 72,000.00 "," 479,977.92 ",87%
Government,DR MS 001014,11/10/2021,SHOE COVER, 6.00 ," 3,449.86 "," 20,699.16 ", -   ," 20,699.16 ", 280.00 ," 1,680.00 "," 19,019.16 ",92%
Government,DR MS 00926,11/10/2021,RANICLAV 625MG, 0.72 ," 1,178.06 ", 848.20 , -   , 848.20 , 198.00 , 142.56 , 705.64 ,83%
Government,DR MS 00926,11/10/2021,DEXARIL, 4.00 ," 4,587.50 "," 18,350.00 ", -   ," 18,350.00 ", 750.00 ," 3,000.00 "," 15,350.00 ",84%
Government,DR MS 00926,11/10/2021,DIXIN 250MCG, 1.00 , 600.00 , 600.00 , -   , 600.00 , 250.00 , 250.00 , 350.00 ,58%
Government,DR MS 00926,11/10/2021,EPIX BY 10'S, 10.00 , 861.00 ," 8,610.00 ", -   ," 8,610.00 ", 175.00 ," 1,750.00 "," 6,860.00 ",80%
Government,DR MS 00926,11/10/2021,GENTAM 40MG, 30.00 , 490.00 ," 14,700.00 ", -   ," 14,700.00 ", 50.00 ," 1,500.00 "," 13,200.00 ",90%
Government,DR MS 00926,11/10/2021,OXAN 500MG, 40.00 , 950.00 ," 38,000.00 ", -   ," 38,000.00 ", 190.00 ," 7,600.00 "," 30,400.00 ",80%
Government,DR MS 00926,11/10/2021,GYNE-TOCIN 10IU/ML, 5.00 ," 1,000.00 "," 5,000.00 ", -   ," 5,000.00 ", 74.00 , 370.00 ," 4,630.00 ",93%
Government,DR MS 00926,11/10/2021,ALKALINSE 1.080G, 3.00 , 450.00 ," 1,350.00 ", -   ," 1,350.00 ", 118.45 , 355.35 , 994.65 ,74%
Government,DR MS 00926,11/10/2021,SALRESP, 10.00 ," 1,330.00 "," 13,300.00 ", -   ," 13,300.00 ", 364.00 ," 3,640.00 "," 9,660.00 ",73%
Government,DR MS 00926,11/10/2021,CONSAC 5MG/ML, 5.00 , 290.00 ," 1,450.00 ", -   ," 1,450.00 ", 107.00 , 535.00 , 915.00 ,63%
Government,DR MS 00926,11/10/2021,AMBIDOL 50MG/ML (100MG/2ML), 20.00 ," 1,020.00 "," 20,400.00 ", -   ," 20,400.00 ", 56.00 ," 1,120.00 "," 19,280.00 ",95%
Government,DR MS 00926,11/10/2021,TRIVASC 35MG MR, 6.00 ," 1,885.00 "," 11,310.00 ", -   ," 11,310.00 ", 437.50 ," 2,625.00 "," 8,685.00 ",77%
Government,DR MS 00926,11/10/2021,VITACORE 100MG, 15.00 , 900.00 ," 13,500.00 ", -   ," 13,500.00 ", 115.00 ," 1,725.00 "," 11,775.00 ",87%
Government,DR MS 00926,11/10/2021,PHYTOBAS 10mg/ml, 20.00 , 650.00 ," 13,000.00 ", -   ," 13,000.00 ", 135.00 ," 2,700.00 "," 10,300.00 ",79%
Government,DR MS 00934,11/10/2021,DIFLOSID 75MG/3ML, 30.00 , 748.00 ," 22,440.00 ", -   ," 22,440.00 ", 100.00 ," 3,000.00 "," 19,440.00 ",87%
Government,DR MS 00934,11/10/2021,INOXIN 250MG, 10.00 , 600.00 ," 6,000.00 ", -   ," 6,000.00 ", 281.00 ," 2,810.00 "," 3,190.00 ",53%
Government,DR MS 00934,11/10/2021,DIXIN 250MCG, 5.00 , 600.00 ," 3,000.00 ", -   ," 3,000.00 ", 250.00 ," 1,250.00 "," 1,750.00 ",58%
Government,DR MS 00934,11/10/2021,EPIX BY 10'S, 20.00 , 860.00 ," 17,200.00 ", -   ," 17,200.00 ", 175.00 ," 3,500.00 "," 13,700.00 ",80%
Government,DR MS 00934,11/10/2021,DIALOX 125mg, 144.00 , 70.00 ," 10,080.00 ", -   ," 10,080.00 ", 17.00 ," 2,448.00 "," 7,632.00 ",76%
Government,DR MS 00934,11/10/2021,ANIFER 190MG, 50.00 , 500.00 ," 25,000.00 ", -   ," 25,000.00 ", 68.00 ," 3,400.00 "," 21,600.00 ",86%
Government,DR MS 00934,11/10/2021,CORBAL 250MG, 3.00 ," 17,000.00 "," 51,000.00 ", -   ," 51,000.00 ", 500.00 ," 1,500.00 "," 49,500.00 ",97%
Government,DR MS 00934,11/10/2021,INFAMIX 500MG, 20.00 ," 1,448.00 "," 28,960.00 ", -   ," 28,960.00 ", 55.00 ," 1,100.00 "," 27,860.00 ",96%
Government,DR MS 00934,11/10/2021,ERGON 125MCG, 10.00 ," 2,000.00 "," 20,000.00 ", -   ," 20,000.00 ", 133.33 ," 1,333.30 "," 18,666.70 ",93%
Government,DR MS 00934,11/10/2021,SAPHROXEN 550MG, 5.00 ," 2,174.00 "," 10,870.00 ", -   ," 10,870.00 ", 445.00 ," 2,225.00 "," 8,645.00 ",80%
Government,DR MS 00934,11/10/2021,RANITEIN 150MG, 5.00 , 660.00 ," 3,300.00 ", -   ," 3,300.00 ", 138.00 , 690.00 ," 2,610.00 ",79%
Government,DR MS 00934,11/10/2021,BIO TT 40iu, 50.00 ," 1,181.00 "," 59,050.00 ", -   ," 59,050.00 ", 700.00 ," 35,000.00 "," 24,050.00 ",41%
Government,DR MS 00934,11/10/2021,TRAXAN 100MG, 20.00 , 650.00 ," 13,000.00 ", -   ," 13,000.00 ", 200.00 ," 4,000.00 "," 9,000.00 ",69%
Government,DR MS 00934,11/10/2021,HEMOSTAP 500mg, 5.00 ," 1,800.00 "," 9,000.00 ", -   ," 9,000.00 ", 420.00 ," 2,100.00 "," 6,900.00 ",77%
Government,DR MS 00934,11/10/2021,ZACZIN 20MG/ML, 20.00 ," 3,024.00 "," 60,480.00 ", -   ," 60,480.00 ", 37.00 , 740.00 ," 59,740.00 ",99%
Government,DR MS 00933,11/10/2021,GLOVEDOL 6.25MG, 33.33 , 330.03 ," 11,000.00 ", -   ," 11,000.00 ", 37.00 ," 1,233.21 "," 9,766.79 ",89%
Government,DR MS 00933,11/10/2021,ANGEL-50 50MG, 5.00 ," 13,000.00 "," 65,000.00 ", -   ," 65,000.00 ", 145.00 , 725.00 ," 64,275.00 ",99%
Government,DR MS 00959,30/09/2021,FR 16 FOLEY BALLOON CATHETER SILKY GOLD (RIBBEL STERILE), 400.00 , 135.00 ," 54,000.00 ", -   ," 54,000.00 ", 40.00 ," 16,000.00 "," 38,000.00 ",70%
Government,DR MS 00959,30/09/2021,UMBILICAL CORD CLAMP STERILE DISPOSABLE, 10.00 ," 1,050.00 "," 10,500.00 ", -   ," 10,500.00 ", 400.00 ," 4,000.00 "," 6,500.00 ",62%
Government,DR MS 00959,30/09/2021,"MICROPORE 1"" - 1530-1 - 3M", 100.00 ," 1,140.00 "," 114,000.00 ", -   ," 114,000.00 ", 380.00 ," 38,000.00 "," 76,000.00 ",67%
Government,DR MS 00959,30/09/2021,OXYGEN MASK WITH TUBE - HEXACARE (XL), 162.00 , 135.00 ," 21,870.00 ", -   ," 21,870.00 ", 60.00 ," 9,720.00 "," 12,150.00 ",56%
Government,DR MS 00959,30/09/2021,OXYGEN MASK WITH TUBE - SOLITAIRE (L), 36.00 , 135.00 ," 4,860.00 ", -   ," 4,860.00 ", 60.00 ," 2,160.00 "," 2,700.00 ",56%
Government,DR MS 00959,30/09/2021,GLOVES STERILE LATEX (7.5) SURE-GUARD, 15.00 ," 2,400.00 "," 36,000.00 ", -   ," 36,000.00 ", 800.00 ," 12,000.00 "," 24,000.00 ",67%
Government,DR MS 00959,30/09/2021,GLOVES STERILE LATEX (6.5) SURE-GUARD, 15.00 ," 2,400.00 "," 36,000.00 ", -   ," 36,000.00 ", 800.00 ," 12,000.00 "," 24,000.00 ",67%
Government,DR MS 00959,30/09/2021,CHROMIC BROWN COATED CATOUT ABSORBABLE SUTURE 2-0 C - TUDOR 75CM, 10.00 , 750.00 ," 7,500.00 ", -   ," 7,500.00 ", 280.00 ," 2,800.00 "," 4,700.00 ",63%
Government,DR MS 00959,30/09/2021,FACE MASK N95 PARTICULATE RESPIRATOR SURGICAL MASK (3M), 20.00 ," 3,400.00 "," 68,000.00 ", -   ," 68,000.00 ", 540.00 ," 10,800.00 "," 57,200.00 ",84%
Government,DR MS 00962,20/09/2021,DEXAMAX 4MG, 100.00 , 917.50 ," 91,750.00 ", -   ," 91,750.00 ", 290.00 ," 29,000.00 "," 62,750.00 ",68%
Government,DR MS 00962,20/09/2021,CETICIT 10MG, 10.00 ," 2,172.30 "," 21,723.00 ", -   ," 21,723.00 ", 40.00 , 400.00 ," 21,323.00 ",98%
Government,DR MS 00962,20/09/2021,EXEL 100MG, 20.00 ," 1,302.60 "," 26,052.00 ", -   ," 26,052.00 ", 220.00 ," 4,400.00 "," 21,652.00 ",83%
Government,DR MS 00962,20/09/2021,PARASAPH 500MG, 10.00 , 349.70 ," 3,497.00 ", -   ," 3,497.00 ", 42.00 , 420.00 ," 3,077.00 ",88%
Government,DR MS 00962,20/09/2021,CEFUSAPH, 100.00 , 593.97 ," 59,397.00 ", -   ," 59,397.00 ", 112.00 ," 11,200.00 "," 48,197.00 ",81%
Government,DR MS 00962,20/09/2021,AZIMIN 500MG, 264.00 , 105.00 ," 27,720.00 ", -   ," 27,720.00 ", 32.00 ," 8,448.00 "," 19,272.00 ",70%
Government,DR MS 00962,20/09/2021,AZISAPH 500 MG, 30.00 , 105.00 ," 3,150.00 ", -   ," 3,150.00 ", 34.50 ," 1,035.00 "," 2,115.00 ",67%
Government,DR MS 00962,20/09/2021,CLOXANE 500MG CAP, 20.00 , 799.50 ," 15,990.00 ", -   ," 15,990.00 ", 224.25 ," 4,485.00 "," 11,505.00 ",72%
Government,DR MS 00963,20/09/2021,ACIPRO 2MG, 100.00 , 390.00 ," 39,000.00 ", -   ," 39,000.00 ", 26.00 ," 2,600.00 "," 36,400.00 ",93%
Government,DR MS 00963,20/09/2021,MEFECOD 50MG, 1.00 ," 1,848.60 "," 1,848.60 ", -   ," 1,848.60 ", 720.00 , 720.00 ," 1,128.60 ",61%
Government,DR MS 00963,20/09/2021,DALAMYCIN 150 MG, 10.00 ," 9,242.09 "," 92,420.90 ", -   ," 92,420.90 "," 1,083.33 "," 10,833.30 "," 81,587.60 ",88%
Government,DR MS 00963,20/09/2021,AMCETAM 150MG/2ML, 50.00 , 482.56 ," 24,128.00 ", -   ," 24,128.00 ", 40.00 ," 2,000.00 "," 22,128.00 ",92%
Government,DR MS 00963,20/09/2021,FERRICORE 325MG, 10.00 , 500.00 ," 5,000.00 ", -   ," 5,000.00 ", 68.00 , 680.00 ," 4,320.00 ",86%
Government,DR MS 00963,20/09/2021,FENOFAST 200MG, 5.00 , 999.70 ," 4,998.50 ", -   ," 4,998.50 ", 270.00 ," 1,350.00 "," 3,648.50 ",73%
Government,DR MS 00963,20/09/2021,KEEF - 250 250MG/5ML, 100.00 , 310.00 ," 31,000.00 ", -   ," 31,000.00 ", 105.00 ," 10,500.00 "," 20,500.00 ",66%
Government,DR MS 00952,20/09/2021,VAXIGRIP TETRA INFLUENZA VACCINE, 700.00 ," 1,285.18 "," 899,624.95 ", -   ," 899,624.95 ", 700.00 ," 490,000.00 "," 409,624.95 ",46%
Government,DR MS 00952,20/09/2021,FLUARIX TETRA SH2021, 700.00 ," 1,285.18 "," 899,624.95 ", -   ," 899,624.95 ", 600.00 ," 420,000.00 "," 479,624.95 ",53%
Government,DR MS 00948,20/09/2021,EUROXONE 1G, 500.00 , 380.00 ," 190,000.00 ", -   ," 190,000.00 ", 73.00 ," 36,500.00 "," 153,500.00 ",81%
Government,DR MS 00948,20/09/2021,RANICLAV 625MG, 71.43 , 593.73 ," 42,410.00 ", -   ," 42,410.00 ", 198.00 ," 14,143.14 "," 28,266.86 ",67%
Government,DR MS 00937,13/09/2021,HYPHEN 50mg, 5.00 ," 1,740.10 "," 8,700.50 ", -   ," 8,700.50 ", 227.27 ," 1,136.35 "," 7,564.15 ",87%
Government,DR MS 00937,13/09/2021,DEXAMAX 4MG, 5.00 , 917.50 ," 4,587.50 ", -   ," 4,587.50 ", 290.00 ," 1,450.00 "," 3,137.50 ",68%
Government,DR MS 00937,13/09/2021,AMCETAM 150MG/2ML, 3.00 , 482.60 ," 1,447.80 ", -   ," 1,447.80 ", 40.00 , 120.00 ," 1,327.80 ",92%
Government,DR MS 00937,13/09/2021,ACIPRO 2MG, 30.00 , 390.00 ," 11,700.00 ", -   ," 11,700.00 ", 26.00 , 780.00 ," 10,920.00 ",93%
Government,DR MS 00937,13/09/2021,BIOGIC 250MG SUS, 50.00 , 124.44 ," 6,222.00 ", -   ," 6,222.00 ", 12.00 , 600.00 ," 5,622.00 ",90%
Government,DR MS 00937,13/09/2021,APULDON 10mg, 1.00 , 999.70 , 999.70 , -   , 999.70 , 80.00 , 80.00 , 919.70 ,92%
Government,DR MS 00937,13/09/2021,TRIVASC 35MG MR, 1.00 ," 1,885.00 "," 1,885.00 ", -   ," 1,885.00 ", 437.50 , 437.50 ," 1,447.50 ",77%
Government,DR MS 00937,13/09/2021,AZISAPH 500 MG, 10.00 , 315.00 ," 3,150.00 ", -   ," 3,150.00 ", 34.50 , 345.00 ," 2,805.00 ",89%
Government,DR MS 00937,13/09/2021,PARASAPH 500MG, 5.00 , 349.70 ," 1,748.50 ", -   ," 1,748.50 ", 42.00 , 210.00 ," 1,538.50 ",88%
Government,DR MS 00927,13/09/2021,LOSARTRIXX 100mg, 30.00 ," 1,300.00 "," 39,000.00 ", -   ," 39,000.00 ", 205.00 ," 6,150.00 "," 32,850.00 ",84%
Government,DR MS 00927,13/09/2021,HYPHEN 50mg, 10.00 ," 1,740.10 "," 17,401.00 ", -   ," 17,401.00 ", 227.27 ," 2,272.70 "," 15,128.30 ",87%
Government,DR MS 00943,13/09/2021,ENOCEE 500mg, 20.00 , 132.00 ," 2,640.00 ", -   ," 2,640.00 ", 48.00 , 960.00 ," 1,680.00 ",64%
Government,DR MS 00943,13/09/2021,AMINOSOL 25MG/ML , 10.00 , 580.00 ," 5,800.00 ", -   ," 5,800.00 ", 132.30 ," 1,323.00 "," 4,477.00 ",77%
Government,DR MS 00943,13/09/2021,VITCEE 100MG, 73.00 , 100.00 ," 7,300.00 ", -   ," 7,300.00 ", 14.00 ," 1,022.00 "," 6,278.00 ",86%
Government,DR MS 00943,13/09/2021,ATREX 1MG/ML, 5.00 , 480.00 ," 2,400.00 ", -   ," 2,400.00 ", 130.00 , 650.00 ," 1,750.00 ",73%
Government,DR MS 00943,13/09/2021,DIACEF 100MG, 100.00 , 45.00 ," 4,500.00 ", -   ," 4,500.00 ", 15.00 ," 1,500.00 "," 3,000.00 ",67%
Government,DR MS 00943,13/09/2021,GOUTSAPH 500MCG, 5.00 , 400.00 ," 2,000.00 ", -   ," 2,000.00 ", 120.00 , 600.00 ," 1,400.00 ",70%
Government,DR MS 00943,13/09/2021,HYPHEN 50mg, 5.00 ," 1,740.00 "," 8,700.00 ", -   ," 8,700.00 ", 227.27 ," 1,136.35 "," 7,563.65 ",87%
Government,DR MS 00943,13/09/2021,APULDON 10mg, 2.00 ," 1,000.00 "," 2,000.00 ", -   ," 2,000.00 ", 80.00 , 160.00 ," 1,840.00 ",92%
Government,DR MS 00943,13/09/2021,EPIX BY 10'S, 5.00 , 860.00 ," 4,300.00 ", -   ," 4,300.00 ", 175.00 , 875.00 ," 3,425.00 ",80%
Government,DR MS 00943,13/09/2021,OPTRYL EYE OINTMENT, 50.00 , 230.00 ," 11,500.00 ", -   ," 11,500.00 ", 98.00 ," 4,900.00 "," 6,600.00 ",57%
Government,DR MS 00943,13/09/2021,FERRICORE 325MG, 45.00 , 500.00 ," 22,500.00 ", -   ," 22,500.00 ", 68.00 ," 3,060.00 "," 19,440.00 ",86%
Government,DR MS 00943,13/09/2021,HEMOVIT 325mg, 5.00 , 500.00 ," 2,500.00 ", -   ," 2,500.00 ", 95.00 , 475.00 ," 2,025.00 ",81%
Government,DR MS 00943,13/09/2021,DRUGMAKER GUAIFENESIN 100MG CAP, 50.00 , 35.00 ," 1,750.00 ", -   ," 1,750.00 ", 250.00 ," 12,500.00 "," (10,750.00)",-614%
Government,DR MS 00943,13/09/2021,MECLOP 5MG\ML, 10.00 , 470.00 ," 4,700.00 ", -   ," 4,700.00 ", 36.00 , 360.00 ," 4,340.00 ",92%
Government,DR MS 00943,13/09/2021,MUROPHAR, 100.00 , 250.00 ," 25,000.00 ", -   ," 25,000.00 ", 65.00 ," 6,500.00 "," 18,500.00 ",74%
Government,DR MS 00943,13/09/2021,"NYSAPH 100,000 IU SUS", 100.00 , 250.00 ," 25,000.00 ", -   ," 25,000.00 ", 50.00 ," 5,000.00 "," 20,000.00 ",80%
Government,DR MS 00943,13/09/2021,NOVAMOL 100MG, 100.00 , 65.00 ," 6,500.00 ", -   ," 6,500.00 ", 12.00 ," 1,200.00 "," 5,300.00 ",82%
Government,DR MS 00943,13/09/2021,ALKALINSE 1.080G, 16.67 , 449.91 ," 7,498.51 ", -   ," 7,498.51 ", 118.45 ," 1,974.56 "," 5,523.95 ",74%
Government,DR MS 00943,13/09/2021,AGORAM 50MG, 2.00 ," 1,000.00 "," 2,000.00 ", -   ," 2,000.00 ", 135.00 , 270.00 ," 1,730.00 ",87%
Government,DR MS 00943,13/09/2021,APTRADOL 50MG, 3.00 ," 1,000.00 "," 3,000.00 ", -   ," 3,000.00 ", 345.00 ," 1,035.00 "," 1,965.00 ",66%
Government,DR MS 00943,13/09/2021,NERVESAPH, 5.00 ," 3,740.00 "," 18,700.00 ", -   ," 18,700.00 ", 64.00 , 320.00 ," 18,380.00 ",98%
Government,DR MS 00943,13/09/2021,VITACORE 100MG, 10.00 , 900.00 ," 9,000.00 ", -   ," 9,000.00 ", 115.00 ," 1,150.00 "," 7,850.00 ",87%
Government,DR MS 00943,13/09/2021,ZINLUM 60ML, 288.00 , 90.00 ," 25,920.00 ", -   ," 25,920.00 ", 20.00 ," 5,760.00 "," 20,160.00 ",78%
Government,DR MS 00943,13/09/2021,ZINLUM 10MG/ML SYRUP (ORAL DROPS), 144.00 , 85.63 ," 12,330.72 ", -   ," 12,330.72 ", 22.00 ," 3,168.00 "," 9,162.72 ",74%
Government,DR MS 00943,13/09/2021,HYCLENS GARGLE (60ML), 100.00 , 152.00 ," 15,200.00 ", -   ," 15,200.00 ", 65.00 ," 6,500.00 "," 8,700.00 ",57%
Government,DR MS 00943,13/09/2021,ATORSAPH - 10MG, 100.00 , 399.80 ," 39,980.00 ", -   ," 39,980.00 ", 25.00 ," 2,500.00 "," 37,480.00 ",94%
Government,DR MS 00943,13/09/2021,FULVAST 40mg, 20.00 ," 1,999.00 "," 39,980.00 ", -   ," 39,980.00 ", 292.00 ," 5,840.00 "," 34,140.00 ",85%
Government,DR MS 00943,13/09/2021,CEFUSAPH, 200.00 , 594.00 ," 118,800.00 ", -   ," 118,800.00 ", 112.00 ," 22,400.00 "," 96,400.00 ",81%
Government,DR MS 00944,13/09/2021,HYPERSTOP 25MG, 2.00 , 501.00 ," 1,002.00 ", -   ," 1,002.00 ", 34.00 , 68.00 , 934.00 ,93%
Government,DR MS 00944,13/09/2021,GENERIC FUROSEMIDE 20MG, 5.00 , 300.00 ," 1,500.00 ", -   ," 1,500.00 ", 39.00 , 195.00 ," 1,305.00 ",87%
Government,DR MS 00944,13/09/2021,DOPAMET 250MG TAB, 5.00 ," 1,500.00 "," 7,500.00 ", -   ," 7,500.00 ", 195.00 , 975.00 ," 6,525.00 ",87%
Government,DR MS 00944,13/09/2021,FORMET 500MG, 30.00 , 501.00 ," 15,030.00 ", -   ," 15,030.00 ", 76.00 ," 2,280.00 "," 12,750.00 ",85%
Government,DR MS 00944,13/09/2021,PROMETIN, 5.00 , 400.00 ," 2,000.00 ", -   ," 2,000.00 ", 63.00 , 315.00 ," 1,685.00 ",84%
Government,DR MS 00944,13/09/2021,AGLIC MR- 30MG, 3.00 , 850.00 ," 2,550.00 ", -   ," 2,550.00 ", 60.00 , 180.00 ," 2,370.00 ",93%
Government,DR MS 00944,13/09/2021,ANTIZOAL 5MG/ML, 288.00 , 120.00 ," 34,560.00 ", -   ," 34,560.00 ", 21.00 ," 6,048.00 "," 28,512.00 ",83%
Government,DR MS 00944,13/09/2021,TELMISARTAN 40MG, 6.00 , 424.80 ," 2,548.81 ", -   ," 2,548.81 ", 110.00 , 660.00 ," 1,888.81 ",74%
Government,DR RT 0246,31/08/2021,"SAMSUNG UHD 50"" TV", 17.00 ," 53,825.00 "," 915,025.00 ", -   ," 915,025.00 "," 27,000.00 "," 459,000.00 "," 456,025.00 ",50%
Government,DR RT 0246,31/08/2021,LAMINATING MACHINE, 11.00 ," 6,400.00 "," 70,400.00 ", -   ," 70,400.00 "," 4,500.00 "," 49,500.00 "," 20,900.00 ",30%
Government,DR RT 0246,31/08/2021,STEEL FILING CABINET - PO G2680, 10.00 ," 14,875.00 "," 148,750.00 ", -   ," 148,750.00 "," 7,999.00 "," 79,990.00 "," 68,760.00 ",46%
Government,DR RT 0246,31/08/2021,ACER ASPIRE DESKTOP TC1650, 2.00 ," 66,544.99 "," 133,089.98 ", -   ," 133,089.98 "," 49,990.00 "," 99,980.00 "," 33,109.98 ",25%
Government,DR RT 0246,31/08/2021,EPSON PRINTER L3210, 2.00 ," 13,305.01 "," 26,610.02 ", -   ," 26,610.02 "," 9,995.00 "," 19,990.00 "," 6,620.02 ",25%
Government,DR MS 00889,16/08/2021,BUPIRIGHT AMPULE, 200.00 , 799.99 ," 159,998.00 ", -   ," 159,998.00 ", 185.00 ," 37,000.00 "," 122,998.00 ",77%
Government,DR MS 00889,16/08/2021,DIACYSTEINE 600mg, 30.00 , 380.00 ," 11,400.00 ", -   ," 11,400.00 ", 187.00 ," 5,610.00 "," 5,790.00 ",51%
Government,DR MS 00889,16/08/2021,RANZOLE - 20, 5.00 ," 2,499.90 "," 12,499.50 ", -   ," 12,499.50 ", 80.00 , 400.00 ," 12,099.50 ",97%
Government,DR MS 00889,16/08/2021,PROMETIN, 3.00 , 400.40 ," 1,201.20 ", -   ," 1,201.20 ", 63.00 , 189.00 ," 1,012.20 ",84%
Government,DR MS 00886,09/08/2021,CLOXANE 500MG CAP, 3.00 , 800.00 ," 2,400.00 ", -   ," 2,400.00 ", 224.25 , 672.75 ," 1,727.25 ",72%
Government,DR MS 00886,09/08/2021,MIXCLAV 250mg, 8.00 , 250.00 ," 2,000.00 ", -   ," 2,000.00 ", 90.00 , 720.00 ," 1,280.00 ",64%
Government,DR MS 00886,09/08/2021,VONWELT COLCHICINE 500mcg, 1.00 , 400.00 , 400.00 , -   , 400.00 , 114.00 , 114.00 , 286.00 ,72%
Government,DR MS 00886,09/08/2021,PARASAPH 500MG, 6.00 , 350.00 ," 2,100.00 ", -   ," 2,100.00 ", 42.00 , 252.00 ," 1,848.00 ",88%
Government,DR MS 00886,09/08/2021,LOSAAR 100mg, 6.00 ," 1,801.00 "," 10,806.00 ", -   ," 10,806.00 ", 250.00 ," 1,500.00 "," 9,306.00 ",86%
Government,DR MS 00886,09/08/2021,DIACYSTEINE 600mg, 20.00 , 380.00 ," 7,600.00 ", -   ," 7,600.00 ", 187.00 ," 3,740.00 "," 3,860.00 ",51%
Government,DR MS 00886,09/08/2021,ENOCEE 500mg, 5.00 , 500.00 ," 2,500.00 ", -   ," 2,500.00 ", 48.00 , 240.00 ," 2,260.00 ",90%
Government,DR MS 00886,09/08/2021,MUROPHAR, 15.00 , 25.00 , 375.00 , -   , 375.00 , 65.00 , 975.00 , (600.00),-160%
Government,DR MS 00886,09/08/2021,GENTAM 40MG, 5.00 , 497.50 ," 2,487.50 ", -   ," 2,487.50 ", 50.00 , 250.00 ," 2,237.50 ",90%
Government,DR MS 00886,09/08/2021,BETZINE 16MG, 2.00 ," 1,716.00 "," 3,432.00 ", -   ," 3,432.00 ", 390.00 , 780.00 ," 2,652.00 ",77%
Government,DR MS 00886,09/08/2021,OPTRYL EYE OINTMENT, 3.00 , 230.00 , 690.00 , -   , 690.00 , 98.00 , 294.00 , 396.00 ,57%
Government,DR MS 00886,09/08/2021,MULTIVITA, 6.00 ," 1,100.00 "," 6,600.00 ", -   ," 6,600.00 ", 75.00 , 450.00 ," 6,150.00 ",93%
Government,DR MS 00886,09/08/2021,SALRESP, 1.71 ," 1,330.00 "," 2,279.89 ", -   ," 2,279.89 ", 364.00 , 622.44 ," 1,657.45 ",73%
Government,DR MS 00886,09/08/2021,SILVEDEX 10mg, 1.00 , 185.00 , 185.00 , -   , 185.00 , 54.33 , 54.33 , 130.67 ,71%
Government,DR MS 00886,09/08/2021,LOSARTRIXX 50mg, 5.00 ," 1,300.00 "," 6,500.00 ", -   ," 6,500.00 ", 95.00 , 475.00 ," 6,025.00 ",93%
Government,DR MS 00886,09/08/2021,LODIPEX - 10MG, 6.00 ," 1,508.00 "," 9,048.00 ", -   ," 9,048.00 ", 60.00 , 360.00 ," 8,688.00 ",96%
Government,DR MS 00886,09/08/2021,JOHNVASC 5MG, 6.00 , 956.00 ," 5,736.00 ", -   ," 5,736.00 ", 38.00 , 228.00 ," 5,508.00 ",96%
Government,DR MS 00886,09/08/2021,MOHSIDEX 4mg/ml, 2.00 , 917.50 ," 1,835.00 ", -   ," 1,835.00 ", 103.50 , 207.00 ," 1,628.00 ",89%
Government,DR MS 00781,09/08/2021,VDRL-SYPHILIS RAPID TEST STRIP - RIGHT SIGN, 100.00 , 99.50 ," 9,950.00 ", -   ," 9,950.00 ", 70.20 ," 7,020.00 "," 2,930.00 ",29%
Government,DR MS 00781,09/08/2021,PREGNANCY TEST - PARTNERS, 0.99 ," 5,000.00 "," 4,950.00 ", -   ," 4,950.00 "," 1,040.00 "," 1,029.60 "," 3,920.40 ",79%
Government,DR MS 00781,09/08/2021,LAVANDER TAC 5ML - SUREGUARD, 3.00 , 285.00 , 855.00 , -   , 855.00 , 400.00 ," 1,200.00 ", (345.00),-40%
Government,DR MS 00781,09/08/2021,CAPILLARY TUBE, 5.00 , 295.00 ," 1,475.00 ", -   ," 1,475.00 "," 1,500.00 "," 7,500.00 "," (6,025.00)",-408%
Government,DR MS 00781,09/08/2021,HEMAQUICK STAIN - MEDIC, 1.00 ," 9,440.00 "," 9,440.00 ", -   ," 9,440.00 "," 4,200.00 "," 4,200.00 "," 5,240.00 ",56%
Government,DR MS 00780,09/08/2021,ACCU-CHECK INSTANT 100STRIPS, 0.50 ," 2,860.00 "," 1,430.00 ", -   ," 1,430.00 "," 1,560.00 ", 780.00 , 650.00 ,45%
Government,DR MS 00780,09/08/2021,GLUCOMETER BLOOD LANCETS - SURGITECH, 3.00 , 390.00 ," 1,170.00 ", -   ," 1,170.00 ", 180.00 , 540.00 , 630.00 ,54%
Government,DR MS 00780,09/08/2021,FACE MASK, 11.00 , 995.00 ," 10,945.00 ", -   ," 10,945.00 ", 50.00 , 550.00 ," 10,395.00 ",95%
Government,DR MS 00780,09/08/2021,ISOPROPYL ALCOHOL 500ml - ALCO-AID, 50.00 , 84.00 ," 4,200.00 ", -   ," 4,200.00 ", 72.00 ," 3,600.00 ", 600.00 ,14%
Government,DR MS 00780,09/08/2021,COTTON BALLS -300'S - UNIMEX, 5.00 , 78.00 , 390.00 , -   , 390.00 , 70.00 , 350.00 , 40.00 ,10%
Government,DR MS 00780,09/08/2021,TISSUE PAPER, 3.00 , 180.00 , 540.00 , -   , 540.00 , 76.66 , 229.98 , 310.02 ,57%
Government,DR MS 00875,03/08/2021,LUPINSULIN 30:70, 10.00 , 957.50 ," 9,575.00 ", -   ," 9,575.00 ", 430.00 ," 4,300.00 "," 5,275.00 ",55%
Government,DR MS 00867,28/07/2021,LUPINSULIN 30:70, 10.00 , 813.00 ," 8,130.00 ", -   ," 8,130.00 ", 430.00 ," 4,300.00 "," 3,830.00 ",47%
Government,DR MS 00867,28/07/2021,SALRESP, 8.57 ," 1,330.19 "," 11,399.70 ", -   ," 11,399.70 ", 364.00 ," 3,119.48 "," 8,280.22 ",73%
Government,DR 0242,23/07/2021,T SHIRT WITH PRINT, 250.00 , 349.00 ," 87,250.00 ", -   ," 87,250.00 ", 99.20 ," 24,800.00 "," 62,450.00 ",72%
Government,DR 0242,23/07/2021,TARPAULIN, 1.00 ," 1,650.00 "," 1,650.00 ", -   ," 1,650.00 ", 532.00 , 532.00 ," 1,118.00 ",68%
Government,DR 0242,23/07/2021,TRASH BAG - LARGE, 60.00 , 200.00 ," 12,000.00 ", -   ," 12,000.00 ", 45.00 ," 2,700.00 "," 9,300.00 ",78%
Government,DR MS 00862,23/07/2021,PHYTOMEN 10MG/ML, 2.00 , 650.00 ," 1,300.00 ", -   ," 1,300.00 ", 145.00 , 290.00 ," 1,010.00 ",78%
Government,DR MS 00862,23/07/2021,HYPHEN 50mg, 1.00 ," 1,740.05 "," 1,740.05 ", -   ," 1,740.05 ", 227.27 , 227.27 ," 1,512.78 ",87%
Government,DR MS 00862,23/07/2021,MOHSIDEX 4mg/ml, 1.00 , 917.50 , 917.50 , -   , 917.50 , 103.50 , 103.50 , 814.00 ,89%
Government,DR MS 00862,23/07/2021,EPIX BY 10'S, 1.00 , 861.00 , 861.00 , -   , 861.00 , 175.00 , 175.00 , 686.00 ,80%
Government,DR MS 00862,23/07/2021,TRAXAN 100MG, 1.00 , 650.00 , 650.00 , -   , 650.00 , 200.00 , 200.00 , 450.00 ,69%
Government,DR MS 00862,23/07/2021,SPASBASCINE, 1.00 , 820.00 , 820.00 , -   , 820.00 , 180.00 , 180.00 , 640.00 ,78%
Government,DR MS 00848,19/07/2021,ALLUPREX 100MG, 10.00 , 900.00 ," 9,000.00 ", -   ," 9,000.00 ", 70.00 , 700.00 ," 8,300.00 ",92%
Government,DR MS 00848,19/07/2021,ALLUPREX 300mg, 3.00 ," 1,700.00 "," 5,100.00 ", -   ," 5,100.00 ", 140.00 , 420.00 ," 4,680.00 ",92%
Government,DR MS 00848,19/07/2021,ANTITET 1500iu, 100.00 ," 1,100.10 "," 110,010.00 ", -   ," 110,010.00 ", 515.00 ," 51,500.00 "," 58,510.00 ",53%
Government,DR MS 00848,19/07/2021,BETZINE 8MG, 45.00 ," 2,050.00 "," 92,250.00 ", -   ," 92,250.00 ", 395.00 ," 17,775.00 "," 74,475.00 ",81%
Government,DR MS 00848,19/07/2021,SAPHLECOX 200MG, 10.00 ," 2,500.00 "," 25,000.00 ", -   ," 25,000.00 ", 166.00 ," 1,660.00 "," 23,340.00 ",93%
Government,DR MS 00848,19/07/2021,BUFEN 200MG/ML, 72.00 , 137.62 ," 9,908.64 ", -   ," 9,908.64 ", 35.00 ," 2,520.00 "," 7,388.64 ",75%
Government,DR MS 00848,19/07/2021,DULAX 3.35MG, 70.00 , 279.99 ," 19,599.30 ", -   ," 19,599.30 ", 95.00 ," 6,650.00 "," 12,949.30 ",66%
Government,DR MS 00848,19/07/2021,MERAZOL 40MG, 40.00 ," 6,248.10 "," 249,924.00 ", -   ," 249,924.00 ", 250.00 ," 10,000.00 "," 239,924.00 ",96%
Government,DR MS 00848,19/07/2021,CEFUSAPH, 362.00 , 594.00 ," 215,028.00 ", -   ," 215,028.00 ", 112.00 ," 40,544.00 "," 174,484.00 ",81%
Government,DR MS 00848,19/07/2021,COMXICLA 625MG TAB, 175.00 , 862.74 ," 150,979.59 ", -   ," 150,979.59 ", 170.00 ," 29,750.00 "," 121,229.59 ",80%
Government,DR MS 00848,19/07/2021,ROZITAN 200MG/5ML SUS, 30.00 , 427.00 ," 12,810.00 ", -   ," 12,810.00 ", 54.00 ," 1,620.00 "," 11,190.00 ",87%
Government,DR MS 00846,12/07/2021,MUROPHAR, 30.00 , 250.00 ," 7,500.00 ", -   ," 7,500.00 ", 65.00 ," 1,950.00 "," 5,550.00 ",74%
Government,DR MS 00846,12/07/2021,FUROXIDE 10MG/2ML, 10.00 , 480.00 ," 4,800.00 ", -   ," 4,800.00 ", 60.00 , 600.00 ," 4,200.00 ",88%
Government,DR MS 00846,12/07/2021,IBUFEN 400MG TAB, 6.00 , 850.20 ," 5,101.20 ", -   ," 5,101.20 ", 59.00 , 354.00 ," 4,747.20 ",93%
Government,DR MS 00846,12/07/2021,ATORSAPH 20MG TAB, 25.00 , 399.88 ," 9,997.00 ", -   ," 9,997.00 ", 28.00 , 700.00 ," 9,297.00 ",93%
Government,DR MS 00847,12/07/2021,NASAL OXYGEN CANNULA 2M (ADULT) - ORMED, 492.00 , 105.00 ," 51,660.00 ", -   ," 51,660.00 ", 35.00 ," 17,220.00 "," 34,440.00 ",67%
Government,DR MS 00847,12/07/2021,NASAL OXYGEN CANNULA (PEDIA) 6542 - ORMED, 105.00 , 180.00 ," 18,900.00 ", -   ," 18,900.00 ", 35.00 ," 3,675.00 "," 15,225.00 ",81%
Government,DR 0235-1,01/07/2021,BUTANE GAS GEM 250G, 1.00 , 132.90 , 132.90 , -   , 132.90 , 84.75 , 84.75 , 48.15 ,36%
Government,DR 0235-1,01/07/2021,PORTABLE BUTANE STOVE 101 GEM, 1.00 ," 1,401.98 "," 1,401.98 ", -   ," 1,401.98 ", 894.00 , 894.00 , 507.98 ,36%
Government,DR 0235-1,01/07/2021,WOK ASD CHEF CLASSIC 32CM, 1.00 ," 2,751.60 "," 2,751.60 ", -   ," 2,751.60 "," 1,375.80 "," 1,375.80 "," 1,375.80 ",50%
Government,DR MS 00836,01/07/2021,BUPIRIGHT AMPULE, 200.00 , 799.00 ," 159,800.00 ", -   ," 159,800.00 ", 185.00 ," 37,000.00 "," 122,800.00 ",77%
Government,DR MS 00836,01/07/2021,EXEL 100MG, 30.00 ," 1,302.00 "," 39,060.00 ", -   ," 39,060.00 ", 220.00 ," 6,600.00 "," 32,460.00 ",83%
Government,DR MS 00836,01/07/2021,SITIXON 1G, 484.00 , 434.78 ," 210,434.78 ", -   ," 210,434.78 ", 30.00 ," 14,520.00 "," 195,914.78 ",93%
Government,DR MS 00836,01/07/2021,PHILCLOX 500MG, 30.00 , 799.00 ," 23,970.00 ", -   ," 23,970.00 ", 220.00 ," 6,600.00 "," 17,370.00 ",72%
Government,DR MS 00836,01/07/2021,GYNE-TOCIN 10IU/ML, 50.00 ," 1,000.00 "," 50,000.00 ", -   ," 50,000.00 ", 74.00 ," 3,700.00 "," 46,300.00 ",93%
Government,DR MS 00836,01/07/2021,TRIVASC 35MG MR, 15.00 ," 1,885.00 "," 28,275.00 ", -   ," 28,275.00 ", 437.50 ," 6,562.50 "," 21,712.50 ",77%
Government,DR MS 00837,01/07/2021,SITIXON 1G, 500.00 , 380.00 ," 190,000.00 ", -   ," 190,000.00 ", 30.00 ," 15,000.00 "," 175,000.00 ",92%
Government,DR MS 00836,01/07/2021,CEFZOX 1G VIAL W/ DILUENT, 390.00 , 434.78 ," 169,564.20 ", -   ," 169,564.20 ", 24.00 ," 9,360.00 "," 160,204.20 ",94%
Government,DR MS 00837,01/07/2021,EUROXONE 1G, 200.00 , 380.00 ," 76,000.00 ", -   ," 76,000.00 ", 73.00 ," 14,600.00 "," 61,400.00 ",81%
Government,DR MS 00837,01/07/2021,CEFUSAPH, 100.00 , 594.00 ," 59,400.00 ", -   ," 59,400.00 ", 112.00 ," 11,200.00 "," 48,200.00 ",81%
Government,DR MS 00837,01/07/2021,ALLECUR 10MG, 20.00 ," 2,172.00 "," 43,440.00 ", -   ," 43,440.00 ", 28.00 , 560.00 ," 42,880.00 ",99%
Government,DR MS 00837,01/07/2021,CYFROX 500MG, 7.00 ," 1,600.00 "," 11,200.00 ", -   ," 11,200.00 ", 149.00 ," 1,043.00 "," 10,157.00 ",91%
Government,DR MS 00837,01/07/2021,LORAREX 10MG, 15.00 ," 2,160.00 "," 32,400.00 ", -   ," 32,400.00 ", 135.00 ," 2,025.00 "," 30,375.00 ",94%
Government,DR MS 00837,01/07/2021,MECID 500MG, 40.00 ," 1,449.50 "," 57,980.00 ", -   ," 57,980.00 ", 71.00 ," 2,840.00 "," 55,140.00 ",95%
Government,DR MS 00837,01/07/2021,ERGOMET 200 MCG/ML, 50.00 , 840.00 ," 42,000.00 ", -   ," 42,000.00 ", 205.00 ," 10,250.00 "," 31,750.00 ",76%
Government,DR MS 00837,01/07/2021,GYNE-TOCIN 10IU/ML, 70.00 ," 1,000.00 "," 70,000.00 ", -   ," 70,000.00 ", 74.00 ," 5,180.00 "," 64,820.00 ",93%
Government,DR MS 00754,01/07/2021,EXEL 100MG, 50.00 ," 1,301.00 "," 65,050.00 ", -   ," 65,050.00 ", 220.00 ," 11,000.00 "," 54,050.00 ",83%
Government,DR MS 00754,01/07/2021,APCEE 100MG/5ML 120ml, 200.00 , 122.00 ," 24,400.00 ", -   ," 24,400.00 ", 16.50 ," 3,300.00 "," 21,100.00 ",86%
Government,DR MS 00754,01/07/2021,MULTIVIT PLUS, 40.00 ," 1,099.00 "," 43,960.00 ", -   ," 43,960.00 ", 62.00 ," 2,480.00 "," 41,480.00 ",94%
Government,DR MS 00754,01/07/2021,ENOCEE 500mg, 31.00 , 500.00 ," 15,500.00 ", -   ," 15,500.00 ", 48.00 ," 1,488.00 "," 14,012.00 ",90%
Government,DR MS 00754,01/07/2021,SAPHLECOX 200MG, 40.00 ," 2,498.00 "," 99,920.00 ", -   ," 99,920.00 ", 166.00 ," 6,640.00 "," 93,280.00 ",93%
Government,DR MS 00754,01/07/2021,XELIC 400MG, 34.00 ," 4,479.00 "," 152,286.00 ", -   ," 152,286.00 ", 625.00 ," 21,250.00 "," 131,036.00 ",86%
Government,DR MS 00754,01/07/2021,NURAMINE FORTE 100MG/100MG/1MG SOL FOR I.V, 50.00 , 900.00 ," 45,000.00 ", -   ," 45,000.00 ", 98.00 ," 4,900.00 "," 40,100.00 ",89%
Government,DR MS 00754,01/07/2021,MECID 500MG, 41.00 ," 1,450.00 "," 59,450.00 ", -   ," 59,450.00 ", 71.00 ," 2,911.00 "," 56,539.00 ",95%
Government,DR MS 00754,01/07/2021,GYNE-TOCIN 10IU/ML, 100.00 ," 1,000.00 "," 100,000.00 ", -   ," 100,000.00 ", 74.00 ," 7,400.00 "," 92,600.00 ",93%
Government,DR MS 00754,01/07/2021,OPTRYL EYE OINTMENT, 52.00 , 230.00 ," 11,960.00 ", -   ," 11,960.00 ", 98.00 ," 5,096.00 "," 6,864.00 ",57%
Government,DR MS 00754,01/07/2021,REGIVIT 120ml, 300.00 , 127.00 ," 38,100.00 ", -   ," 38,100.00 ", 27.00 ," 8,100.00 "," 30,000.00 ",79%
Government,DR MS 00754,01/07/2021,AZMONT 10MG, 10.00 ," 3,399.00 "," 33,990.00 ", -   ," 33,990.00 ", 325.00 ," 3,250.00 "," 30,740.00 ",90%
Government,DR MS 00754,01/07/2021,BRODIX 2.5/2.5ML NEB, 10.00 , 483.00 ," 4,830.00 ", -   ," 4,830.00 ", 220.00 ," 2,200.00 "," 2,630.00 ",54%
Government,DR MS 00754,01/07/2021,ANTIZOAL 5MG/ML, 800.00 , 120.00 ," 96,000.00 ", -   ," 96,000.00 ", 21.00 ," 16,800.00 "," 79,200.00 ",83%
Government,DR MS 00754,01/07/2021,LIFERZIN 250MG, 100.00 , 390.00 ," 39,000.00 ", -   ," 39,000.00 ", 120.00 ," 12,000.00 "," 27,000.00 ",69%
Government,DR MS 00754,01/07/2021,JAGA 300MG/100MG/100MCG, 40.00 ," 1,925.00 "," 77,000.00 ", -   ," 77,000.00 ", 530.00 ," 21,200.00 "," 55,800.00 ",72%
Government,DR MS 00754,01/07/2021,HEMOSTAP 500mg, 10.00 ," 2,800.00 "," 28,000.00 ", -   ," 28,000.00 ", 420.00 ," 4,200.00 "," 23,800.00 ",85%
Government,DR MS 00754,01/07/2021,ANEPTIL 500MG/5ML (I.M/I.V), 98.00 , 656.57 ," 64,343.43 ", -   ," 64,343.43 ", 62.50 ," 6,125.00 "," 58,218.43 ",90%
Government,DR MS 00754,01/07/2021,HEMOBAS 500MG/5ML, 1.00 , 656.57 , 656.57 , -   , 656.57 , 280.00 , 280.00 , 376.57 ,57%
Government,DR MS 00814,28/06/2021,AMBIMOX 500MG, 5.00 , 700.00 ," 3,500.00 ", -   ," 3,500.00 ", 118.00 , 590.00 ," 2,910.00 ",83%
Government,DR MS 00814,28/06/2021,SHARJVAX 1500 I.U. / 0.7ML, 21.00 ," 1,100.00 "," 23,100.00 ", -   ," 23,100.00 ", 590.00 ," 12,390.00 "," 10,710.00 ",46%
Government,DR MS 00814,28/06/2021,AZIMIN 500MG, 26.66 , 315.08 ," 8,400.00 ", -   ," 8,400.00 ", 32.00 , 853.12 ," 7,546.88 ",90%
Government,DR MS 00814,28/06/2021,ZITHROBBAS 50mg, 10.00 , 420.00 ," 4,200.00 ", -   ," 4,200.00 ", 121.00 ," 1,210.00 "," 2,990.00 ",71%
Government,DR MS 00814,28/06/2021,BETZINE 16MG, 1.00 ," 2,400.00 "," 2,400.00 ", -   ," 2,400.00 ", 390.00 , 390.00 ," 2,010.00 ",84%
Government,DR MS 00814,28/06/2021,BETZINE 8MG, 1.00 ," 2,050.00 "," 2,050.00 ", -   ," 2,050.00 ", 395.00 , 395.00 ," 1,655.00 ",81%
Government,DR MS 00814,28/06/2021,EXEL 100MG, 3.00 , 645.00 ," 1,935.00 ", -   ," 1,935.00 ", 220.00 , 660.00 ," 1,275.00 ",66%
Government,DR MS 00814,28/06/2021,SAPHLECOX 200MG, 3.00 ," 2,500.00 "," 7,500.00 ", -   ," 7,500.00 ", 166.00 , 498.00 ," 7,002.00 ",93%
Government,DR MS 00814,28/06/2021,SAPHZINE 10MG, 5.00 ," 2,172.00 "," 10,860.00 ", -   ," 10,860.00 ", 42.00 , 210.00 ," 10,650.00 ",98%
Government,DR MS 00814,28/06/2021,ACCEDOME 1MG/ML, 3.00 , 343.00 ," 1,029.00 ", -   ," 1,029.00 ", 48.00 , 144.00 , 885.00 ,86%
Government,DR MS 00814,28/06/2021,RAHMACIN 250mg, 3.00 , 975.00 ," 2,925.00 ", -   ," 2,925.00 ", 240.00 , 720.00 ," 2,205.00 ",75%
Government,DR MS 00814,28/06/2021,RAHMACIN 500MG, 1.00 ," 2,880.00 "," 2,880.00 ", -   ," 2,880.00 ", 587.00 , 587.00 ," 2,293.00 ",80%
Government,DR MS 00814,28/06/2021,DALAMYCIN 150 MG, 10.00 ," 9,240.00 "," 92,400.00 ", -   ," 92,400.00 "," 1,083.33 "," 10,833.30 "," 81,566.70 ",88%
Government,DR MS 00814,28/06/2021,CLIN-GEN 300mg, 2.00 ," 1,500.00 "," 3,000.00 ", -   ," 3,000.00 ", 350.00 , 700.00 ," 2,300.00 ",77%
Government,DR MS 00814,28/06/2021,PHILCLOX 500MG, 2.00 , 800.00 ," 1,600.00 ", -   ," 1,600.00 ", 220.00 , 440.00 ," 1,160.00 ",73%
Government,DR MS 00814,28/06/2021,RANICLAV 625MG, 45.00 , 593.33 ," 26,700.00 ", -   ," 26,700.00 ", 198.00 ," 8,910.00 "," 17,790.00 ",67%
Government,DR MS 00814,28/06/2021,VONWELT COLCHICINE 500mcg, 1.00 , 400.00 , 400.00 , -   , 400.00 , 114.00 , 114.00 , 286.00 ,72%
Government,DR MS 00814,28/06/2021,ALLERIGHT 50MG, 5.00 ," 1,740.00 "," 8,700.00 ", -   ," 8,700.00 ", 280.00 ," 1,400.00 "," 7,300.00 ",84%
Government,DR MS 00814,28/06/2021,DOBUMEAN 12.5MG, 10.00 , 650.00 ," 6,500.00 ", -   ," 6,500.00 ", 196.00 ," 1,960.00 "," 4,540.00 ",70%
Government,DR MS 00814,28/06/2021,DOPNAX 40mg, 2.00 , 745.00 ," 1,490.00 ", -   ," 1,490.00 ", 265.00 , 530.00 , 960.00 ,64%
Government,DR MS 00814,28/06/2021,EPIX BY 10'S, 2.00 , 860.00 ," 1,720.00 ", -   ," 1,720.00 ", 175.00 , 350.00 ," 1,370.00 ",80%
Government,DR MS 00814,28/06/2021,ANIFER 190MG, 5.00 , 500.00 ," 2,500.00 ", -   ," 2,500.00 ", 68.00 , 340.00 ," 2,160.00 ",86%
Government,DR MS 00814,28/06/2021,FINAPROS 5MG, 1.00 ," 2,000.00 "," 2,000.00 ", -   ," 2,000.00 ", 490.00 , 490.00 ," 1,510.00 ",76%
Government,DR MS 00814,28/06/2021,FORAIR 250 25MCG/250MCG, 5.00 , 440.00 ," 2,200.00 ", -   ," 2,200.00 ", 305.00 ," 1,525.00 ", 675.00 ,31%
Government,DR MS 00814,28/06/2021,CORBAL 100MG, 5.00 ," 1,200.00 "," 6,000.00 ", -   ," 6,000.00 ", 210.00 ," 1,050.00 "," 4,950.00 ",83%
Government,DR MS 00815,28/06/2021,NITROFIX SR 30MG, 1.00 ," 1,600.00 "," 1,600.00 ", -   ," 1,600.00 ", 570.00 , 570.00 ," 1,030.00 ",64%
Government,DR MS 00815,28/06/2021,SOLVAPRINE 10MG, 2.50 , 640.00 ," 1,600.00 ", -   ," 1,600.00 ", 146.80 , 367.00 ," 1,233.00 ",77%
Government,DR MS 00815,28/06/2021,KETOROBAS 30MG, 3.00 ," 1,200.00 "," 3,600.00 ", -   ," 3,600.00 ", 170.00 , 510.00 ," 3,090.00 ",86%
Government,DR MS 00815,28/06/2021,LORAREX 10MG, 1.00 ," 2,161.00 "," 2,161.00 ", -   ," 2,161.00 ", 135.00 , 135.00 ," 2,026.00 ",94%
Government,DR MS 00815,28/06/2021,MECID 500MG, 10.00 ," 1,450.00 "," 14,500.00 ", -   ," 14,500.00 ", 71.00 , 710.00 ," 13,790.00 ",95%
Government,DR MS 00815,28/06/2021,METO 10mg, 0.50 ," 4,700.00 "," 2,350.00 ", -   ," 2,350.00 ", 80.00 , 40.00 ," 2,310.00 ",98%
Government,DR MS 00815,28/06/2021,MICROSCOT 20mg, 15.00 , 250.00 ," 3,750.00 ", -   ," 3,750.00 ", 88.00 ," 1,320.00 "," 2,430.00 ",65%
Government,DR MS 00815,28/06/2021,MUROPHAR, 15.00 , 250.00 ," 3,750.00 ", -   ," 3,750.00 ", 65.00 , 975.00 ," 2,775.00 ",74%
Government,DR MS 00815,28/06/2021,FLUCYSTEINE 200MG, 10.00 , 380.00 ," 3,800.00 ", -   ," 3,800.00 ", 80.00 , 800.00 ," 3,000.00 ",79%
Government,DR MS 00815,28/06/2021,NOREPHIMED 1MG/ML, 4.00 ," 1,400.00 "," 5,600.00 ", -   ," 5,600.00 ", 935.00 ," 3,740.00 "," 1,860.00 ",33%
Government,DR MS 00815,28/06/2021,INHIBITA 40MG, 5.00 , 899.00 ," 4,495.00 ", -   ," 4,495.00 ", 90.00 , 450.00 ," 4,045.00 ",90%
Government,DR MS 00815,28/06/2021,FEVERCARE 300MG/2ML, 5.00 , 480.00 ," 2,400.00 ", -   ," 2,400.00 ", 39.80 , 199.00 ," 2,201.00 ",92%
Government,DR MS 00815,28/06/2021,TEMPAID 500mg, 1.00 , 350.00 , 350.00 , -   , 350.00 , 75.00 , 75.00 , 275.00 ,79%
Government,DR MS 00815,28/06/2021,ALKALINSE 1.080G, 3.00 , 464.00 ," 1,392.00 ", -   ," 1,392.00 ", 118.45 , 355.35 ," 1,036.65 ",74%
Government,DR MS 00815,28/06/2021,VN2 2/5ml 60ml, 10.00 , 27.00 , 270.00 , -   , 270.00 , 8.50 , 85.00 , 185.00 ,69%
Government,DR MS 00815,28/06/2021,BIOXAL 2MG, 1.00 , 303.00 , 303.00 , -   , 303.00 , 20.00 , 20.00 , 283.00 ,93%
Government,DR MS 00815,28/06/2021,HIVENT 1MG/2.5ML, 50.00 , 303.00 ," 15,150.00 ", -   ," 15,150.00 ", 287.00 ," 14,350.00 ", 800.00 ,5%
Government,DR MS 00815,28/06/2021,AWANAY FORTE 500mg, 1.00 , 850.00 , 850.00 , -   , 850.00 , 295.00 , 295.00 , 555.00 ,65%
Government,DR MS 00815,28/06/2021,SILVEDEX 10mg, 10.00 , 185.00 ," 1,850.00 ", -   ," 1,850.00 ", 54.33 , 543.30 ," 1,306.70 ",71%
Government,DR MS 00815,28/06/2021,SULTAM 400 MCG, 1.00 ," 3,849.00 "," 3,849.00 ", -   ," 3,849.00 ", 695.00 , 695.00 ," 3,154.00 ",82%
Government,DR MS 00815,28/06/2021,IMATET, 10.00 ," 1,100.00 "," 11,000.00 ", -   ," 11,000.00 ", 667.00 ," 6,670.00 "," 4,330.00 ",39%
Government,DR MS 00815,28/06/2021,HEMOBAS 500MG/5ML, 5.00 ," 1,300.00 "," 6,500.00 ", -   ," 6,500.00 ", 280.00 ," 1,400.00 "," 5,100.00 ",78%
Government,DR MS 00815,28/06/2021,BECOME PLEX, 10.00 , 375.00 ," 3,750.00 ", -   ," 3,750.00 ", 126.00 ," 1,260.00 "," 2,490.00 ",66%
Government,DR MS 00815,28/06/2021,LODIPEX - 10MG, 2.00 ," 1,450.00 "," 2,900.00 ", -   ," 2,900.00 ", 60.00 , 120.00 ," 2,780.00 ",96%
Government,DR MS 00815,28/06/2021,AMLOTHIX 5mg, 2.00 , 900.00 ," 1,800.00 ", -   ," 1,800.00 ", 38.00 , 76.00 ," 1,724.00 ",96%
Government,DR MS 00815,28/06/2021,GIRAN 16mg - NOT THIS, 10.00 , 864.00 ," 8,640.00 ", -   ," 8,640.00 ", 252.00 ," 2,520.00 "," 6,120.00 ",71%
Government,DR MS 00815,28/06/2021,KARVIDOL 25mg, 1.00 , 750.00 , 750.00 , -   , 750.00 , 285.00 , 285.00 , 465.00 ,62%
Government,DR MS 00815,28/06/2021,GLYCINORM 80MG TAB, 5.00 , 900.00 ," 4,500.00 ", -   ," 4,500.00 ", 189.00 , 945.00 ," 3,555.00 ",79%
Government,DR MS 00815,28/06/2021,ZACZIN 20MG/ML, 30.00 , 302.50 ," 9,075.00 ", -   ," 9,075.00 ", 37.00 ," 1,110.00 "," 7,965.00 ",88%
Government,DR MS 00815,28/06/2021,NATRASOL 50MG, 3.00 ," 1,800.00 "," 5,400.00 ", -   ," 5,400.00 ", 112.00 , 336.00 ," 5,064.00 ",94%
Government,DR MS 00816,28/06/2021,ANGEL-50 50MG, 8.00 ," 1,300.00 "," 10,400.00 ", -   ," 10,400.00 ", 145.00 ," 1,160.00 "," 9,240.00 ",89%
Government,DR MS 00816,28/06/2021,MYMET 500mg, 5.00 , 501.00 ," 2,505.00 ", -   ," 2,505.00 ", 55.00 , 275.00 ," 2,230.00 ",89%
Government,DR MS 00816,28/06/2021,PROMETIN, 1.00 , 300.00 , 300.00 , -   , 300.00 , 63.00 , 63.00 , 237.00 ,79%
Government,DR MS 00816,28/06/2021,NICARDIMED 1MG/ML (10MG/ML), 2.00 ," 1,340.00 "," 2,680.00 ", -   ," 2,680.00 ", 605.00 ," 1,210.00 "," 1,470.00 ",55%
Government,DR MS 00816,28/06/2021,CARDOWIN 1MG, 30.00 ," 1,133.00 "," 33,990.00 ", -   ," 33,990.00 ", 280.00 ," 8,400.00 "," 25,590.00 ",75%
Government,DR MS 00816,28/06/2021,NICARDIA 10mg, 1.00 , 600.00 , 600.00 , -   , 600.00 , 295.00 , 295.00 , 305.00 ,51%
Government,DR MS 00816,28/06/2021,CALCIGARD 10MG, 1.00 , 501.00 , 501.00 , -   , 501.00 , 215.00 , 215.00 , 286.00 ,57%
Government,DR MS 00816,28/06/2021,ROZTIN 20mg, 33.33 , 114.01 ," 3,800.33 ", -   ," 3,800.33 ", 212.00 ," 7,065.96 "," (3,265.63)",-86%
Government,DR MS 00816,28/06/2021,AURORA 10MG, 1.00 ," 2,785.00 "," 2,785.00 ", -   ," 2,785.00 ", 422.00 , 422.00 ," 2,363.00 ",85%
Government,DR MS 00816,28/06/2021,MICOR 40mg, 1.00 ," 2,000.00 "," 2,000.00 ", -   ," 2,000.00 ", 320.00 , 320.00 ," 1,680.00 ",84%
Government,DR MS 00831,28/06/2021,LYSOL 510g, 24.00 ," 1,508.16 "," 36,195.84 ", -   ," 36,195.84 ", 516.00 ," 12,384.00 "," 23,811.84 ",66%
Government,DR MS 00832,28/06/2021,UV LIGHT GERMICIDAL STERILIZER - TROLLEY, 3.00 ," 120,000.00 "," 360,000.00 ", -   ," 360,000.00 "," 4,989.00 "," 14,967.00 "," 345,033.00 ",96%
Government,DR MS 00833,28/06/2021,INSULIN SYRINGE 1/2 CC G29 TERUMO, 5.00 ," 1,300.00 "," 6,500.00 ", -   ," 6,500.00 ", 850.00 ," 4,250.00 "," 2,250.00 ",35%
Government,DR MS 00833,28/06/2021,SUCTION SET POOLE ABDOMINAL DRAIN - SIMPLEX, 100.00 , 300.00 ," 30,000.00 ", -   ," 30,000.00 ", 230.00 ," 23,000.00 "," 7,000.00 ",23%
Government,DR MS 00838,28/06/2021,EUROXONE 1G, 600.00 , 380.00 ," 228,000.00 ", -   ," 228,000.00 ", 73.00 ," 43,800.00 "," 184,200.00 ",81%
Government,DR MS 00838,28/06/2021,SITIXON 1G, 400.00 , 380.00 ," 152,000.00 ", -   ," 152,000.00 ", 30.00 ," 12,000.00 "," 140,000.00 ",92%
Government,DR 0217,21/06/2021,SAFEGUARD 130g, 400.00 , 52.75 ," 21,100.00 ", -   ," 21,100.00 ", 36.82 ," 14,728.00 "," 6,372.00 ",30%
Government,DR 0217,21/06/2021,TOOTHPASTE CLOSE-UP GREEN 50ML, 258.00 , 76.50 ," 19,737.00 ", -   ," 19,737.00 ", 45.75 ," 11,803.50 "," 7,933.50 ",40%
Government,DR 0217,21/06/2021,TOOTHPASTE CLOSE-UP GREEN 50ML, 192.00 , 76.50 ," 14,688.00 ", -   ," 14,688.00 ", 45.75 ," 8,784.00 "," 5,904.00 ",40%
Government,DR 0217,21/06/2021,TOOTHBRUSH COLGATE ADULT," 1,200.00 ", 44.97 ," 53,962.44 ", -   ," 53,962.44 ", 11.81 ," 14,172.00 "," 39,790.44 ",74%
Government,DR 0217,21/06/2021,ALCOHOL ADAMSON ISOPROPYL 70%, 400.00 , 87.00 ," 34,800.00 ", -   ," 34,800.00 ", 42.00 ," 16,800.00 "," 18,000.00 ",52%
Government,DR 0217,21/06/2021,DIGITAL THERMOMETER - ADVAN," 1,000.00 ", 350.00 ," 350,000.00 ", -   ," 350,000.00 ", 58.00 ," 58,000.00 "," 292,000.00 ",83%
Government,DR 0217,21/06/2021,TELABAG (LARGE), 890.00 , 10.00 ," 8,900.00 ", -   ," 8,900.00 ", 6.00 ," 5,340.00 "," 3,560.00 ",40%
Government,DR 0217,21/06/2021,ENOCEE 500mg, 700.00 , 98.48 ," 68,934.53 ", -   ," 68,934.53 ", 48.00 ," 33,600.00 "," 35,334.53 ",51%
Government,DR 0217,21/06/2021,NERVESAPH, 400.00 , 121.65 ," 48,659.68 ", -   ," 48,659.68 ", 64.00 ," 25,600.00 "," 23,059.68 ",47%
Government,DR 0217,21/06/2021,OSCIVIT CALCIUM TABLET, 60.00 , 415.15 ," 24,909.13 ", -   ," 24,909.13 ", 215.00 ," 12,900.00 "," 12,009.13 ",48%
Government,DR 0217,21/06/2021,CIXTOR-Z 97.5MG /9MG/5ML SYRUP," 1,139.00 ", 68.55 ," 78,076.63 ", -   ," 78,076.63 ", 35.50 ," 40,434.50 "," 37,642.13 ",48%
Government,DR 0217,21/06/2021,MULTILEM 100MG-DROPS," 1,000.00 ", 30.90 ," 30,895.00 ", -   ," 30,895.00 ", 18.50 ," 18,500.00 "," 12,395.00 ",40%
Government,DR 0217,21/06/2021,RAINCOAT WITH PRINT," 1,000.00 "," 1,469.63 "," 1,469,632.50 ", -   ," 1,469,632.50 ", 350.00 ," 350,000.00 "," 1,119,632.50 ",76%
Government,DR MS 00778,21/06/2021,CARDINAL THERMOMETER, 100.00 , 254.44 ," 25,443.94 ", -   ," 25,443.94 ", 70.00 ," 7,000.00 "," 18,443.94 ",72%
Government,DR MS 00778,21/06/2021,FOOD KEEPER, 100.00 , 152.66 ," 15,266.36 ", -   ," 15,266.36 ", 35.00 ," 3,500.00 "," 11,766.36 ",77%
Government,DR MS 00778,21/06/2021,ALCOHOL - ALCOPLUS ETHYL ALCOHOL, 11.00 , 229.00 ," 2,518.95 ", -   ," 2,518.95 ", 95.00 ," 1,045.00 "," 1,473.95 ",59%
Government,DR MS 00778,21/06/2021,SPRAY BOTTLE, 100.00 , 47.71 ," 4,770.74 ", -   ," 4,770.74 ", 15.00 ," 1,500.00 "," 3,270.74 ",69%
Government,DR MS 00778,21/06/2021,BP BAXTEL, 2.00 ," 4,500.00 "," 9,000.00 ", -   ," 9,000.00 "," 1,800.00 "," 3,600.00 "," 5,400.00 ",60%
Government,DR MS 00790,21/05/2021,ANMUM MATERNA CHOCO 180G X 24, 447.00 , 279.50 ," 124,936.50 ", -   ," 124,936.50 ", 191.00 ," 85,377.00 "," 39,559.50 ",32%
Government,DR MS 00790,21/05/2021,ANMUM MATERNA PLAIN 180G X 24, 624.00 , 279.50 ," 174,408.00 ", -   ," 174,408.00 ", 191.00 ," 119,184.00 "," 55,224.00 ",32%
Government,DR MS 00774,10/05/2021,SPEEDA, 5.00 ," 2,219.79 "," 11,098.97 ", -   ," 11,098.97 ", 730.00 ," 3,650.00 "," 7,448.97 ",67%
Government,DR MS 00774,10/05/2021,BIO TT 40iu, 0.50 ," 1,448.71 ", 724.35 , -   , 724.35 , 700.00 , 350.00 , 374.35 ,52%
Government,DR MS 00774,10/05/2021,ANTITET 1500iu, 0.50 ," 1,203.36 ", 601.68 , -   , 601.68 , 515.00 , 257.50 , 344.18 ,57%
Government,DR 0218,10/05/2021,TRASH BAG - LARGE, 4.00 ," 1,990.00 "," 7,960.00 ", -   ," 7,960.00 ", 45.00 , 180.00 ," 7,780.00 ",98%
Government,DR 0218,10/05/2021,DETERGENT POWDER, 8.00 , 165.00 ," 1,320.00 ", -   ," 1,320.00 ", 85.75 , 686.00 , 634.00 ,48%
Government,DR 0218,10/05/2021,TISSUE PAPER, 4.00 , 180.00 , 720.00 , -   , 720.00 , 76.66 , 306.64 , 413.36 ,57%
Government,DR 0218,10/05/2021,SAFEGUARD 130g, 13.00 , 50.00 , 650.00 , -   , 650.00 , 36.82 , 478.66 , 171.34 ,26%
Government,DR 0218,10/05/2021,DISTILLED WATER - 1 LTR, 315.00 , 30.10 ," 9,480.02 ", -   ," 9,480.02 ", 15.13 ," 4,765.95 "," 4,714.07 ",50%
Government,DR 0218,10/05/2021,PALE, 4.00 , 200.00 , 800.00 , -   , 800.00 , 35.00 , 140.00 , 660.00 ,83%
Government,DR 0218,10/05/2021,BASIN, 4.00 , 200.00 , 800.00 , -   , 800.00 , 65.00 , 260.00 , 540.00 ,68%
Government,DR 0218,10/05/2021,BEDDINGS, 5.00 , 300.00 ," 1,500.00 ", -   ," 1,500.00 ", 150.00 , 750.00 , 750.00 ,50%
Government,DR 0218,10/05/2021,PREGNANCY SKIRT, 5.00 , 300.00 ," 1,500.00 ", -   ," 1,500.00 ", 200.00 ," 1,000.00 ", 500.00 ,33%
Government,DR MS 00783,01/05/2021,BETZINE 16MG, 3.00 ," 1,716.00 "," 5,148.00 ", -   ," 5,148.00 ", 390.00 ," 1,170.00 "," 3,978.00 ",77%
Government,DR MS 00783,01/05/2021,ZEFTACARE 1G, 40.00 , 330.00 ," 13,200.00 ", -   ," 13,200.00 ", 41.00 ," 1,640.00 "," 11,560.00 ",88%
Government,DR MS 00783,01/05/2021,ACRESIL 150mg, 10.00 ," 1,500.00 "," 15,000.00 ", -   ," 15,000.00 ", 385.00 ," 3,850.00 "," 11,150.00 ",74%
Government,DR MS 00783,01/05/2021,DIXIN 250MCG, 4.00 , 600.00 ," 2,400.00 ", -   ," 2,400.00 ", 250.00 ," 1,000.00 "," 1,400.00 ",58%
Government,DR MS 00783,01/05/2021,HYPHEN 50mg, 10.00 ," 1,740.00 "," 17,400.00 ", -   ," 17,400.00 ", 227.27 ," 2,272.70 "," 15,127.30 ",87%
Government,DR MS 00783,01/05/2021,DOPAN 200mg/5ml, 12.00 , 750.00 ," 9,000.00 ", -   ," 9,000.00 ", 210.00 ," 2,520.00 "," 6,480.00 ",72%
Government,DR MS 00783,01/05/2021,OFPLEMED 300MG TABLET, 5.00 , 600.00 ," 3,000.00 ", -   ," 3,000.00 ", 110.00 , 550.00 ," 2,450.00 ",82%
Government,DR MS 00783,01/05/2021,MECLOP 5MG\ML, 6.00 , 460.00 ," 2,760.00 ", -   ," 2,760.00 ", 36.00 , 216.00 ," 2,544.00 ",92%
Government,DR MS 00783,01/05/2021,GYNE-TOCIN 10IU/ML, 20.00 ," 1,000.00 "," 20,000.00 ", -   ," 20,000.00 ", 74.00 ," 1,480.00 "," 18,520.00 ",93%
Government,DR MS 00783,01/05/2021,SALRESP, 40.00 ," 1,329.00 "," 53,160.00 ", -   ," 53,160.00 ", 364.00 ," 14,560.00 "," 38,600.00 ",73%
Government,DR MS 00783,01/05/2021,PHYTOMEN 10MG/ML, 20.00 , 650.00 ," 13,000.00 ", -   ," 13,000.00 ", 145.00 ," 2,900.00 "," 10,100.00 ",78%
Government,DR MS 00782,01/05/2021,TOOTHBRUSH - COLGATE CLASSIC CHILD, 500.00 , 47.40 ," 23,700.00 ", -   ," 23,700.00 ", 10.13 ," 5,065.00 "," 18,635.00 ",79%
Government,DR MS 00782,01/05/2021,TOOTHPASTE CLOSE-UP GREEN 50ML, 200.00 , 67.32 ," 13,464.00 ", -   ," 13,464.00 ", 45.75 ," 9,150.00 "," 4,314.00 ",32%
Government,DR MS 00782,01/05/2021,TOOTHPASTE CLOSE-UP RED 50ML, 300.00 , 67.32 ," 20,196.00 ", -   ," 20,196.00 ", 45.50 ," 13,650.00 "," 6,546.00 ",32%
Government,DR MS 00753,30/04/2021,PPE WHITE W/ BLUE STRIPES - M/L/XL, 650.00 ," 1,065.12 "," 692,325.60 ", -   ," 692,325.60 ", 400.00 ," 260,000.00 "," 432,325.60 ",62%
Government,DR MS 00753,30/04/2021,GLOVES (M) - SHIP TO NON STERILE AMBIDEXTROUS DISPOSABLE GLOVES, 13.00 ," 1,863.95 "," 24,231.39 ", -   ," 24,231.39 ", 675.00 ," 8,775.00 "," 15,456.39 ",64%
Government,DR MS 00753,30/04/2021,KN95 FACE MASK (BOX), 65.00 , 239.65 ," 15,577.32 ", -   ," 15,577.32 ", 9.00 , 585.00 ," 14,992.32 ",96%
Government,DR MS 00753,30/04/2021,FACE SHIELD 6php, 650.00 , 18.64 ," 12,116.00 ", -   ," 12,116.00 ", 6.00 ," 3,900.00 "," 8,216.00 ",68%
Government,DR MS 00769,20/04/2021,METSOBET 5G, 10.00 , 180.00 ," 1,800.00 ", -   ," 1,800.00 ", 36.00 , 360.00 ," 1,440.00 ",80%
Government,DR MS 00769,20/04/2021,TOLLMAN 20mg, 80.00 , 250.00 ," 20,000.00 ", -   ," 20,000.00 ", 67.00 ," 5,360.00 "," 14,640.00 ",73%
Government,DR MS 00769,20/04/2021,ACIPRO 2MG, 90.00 , 239.00 ," 21,510.00 ", -   ," 21,510.00 ", 26.00 ," 2,340.00 "," 19,170.00 ",89%
Government,DR MS 00769,20/04/2021,CO-AMOXISAPH 125 MG/31.25MG PER 5ML, 90.00 , 240.00 ," 21,600.00 ", -   ," 21,600.00 ", 68.00 ," 6,120.00 "," 15,480.00 ",72%
Government,DR MS 00769,20/04/2021,ANIFER 190MG, 5.79 , 200.00 ," 1,158.00 ", -   ," 1,158.00 ", 68.00 , 393.72 , 764.28 ,66%
Government,DR MS 00769,20/04/2021,KETORAN 30MG/ML, 30.00 ," 1,200.00 "," 36,000.00 ", -   ," 36,000.00 ", 200.00 ," 6,000.00 "," 30,000.00 ",83%
Government,DR MS 00769,20/04/2021,ARTAL-H 50MG/12.5MG, 3.00 ," 2,050.00 "," 6,150.00 ", -   ," 6,150.00 ", 151.82 , 455.46 ," 5,694.54 ",93%
Government,DR MS 00769,20/04/2021,VESTFLO-20 20MG, 40.00 ," 1,050.00 "," 42,000.00 ", -   ," 42,000.00 ", 198.00 ," 7,920.00 "," 34,080.00 ",81%
Government,DR MS 00707,17/04/2021,VAXIGRIP TETRA INFLUENZA VACCINE, 700.00 ," 2,168.00 "," 1,517,600.00 ", -   ," 1,517,600.00 ", 700.00 ," 490,000.00 "," 1,027,600.00 ",68%
Government,DR MS 00750,17/04/2021,SITIXON 1G, 560.00 , 379.00 ," 212,240.00 ", -   ," 212,240.00 ", 30.00 ," 16,800.00 "," 195,440.00 ",92%
Government,DR MS 00755,07/04/2021,AC-LYTE 200MG, 15.00 , 570.00 ," 8,550.00 ", -   ," 8,550.00 ", 198.00 ," 2,970.00 "," 5,580.00 ",65%
Government,DR MS 00755,07/04/2021,AXMEL 500MG, 20.00 , 749.00 ," 14,980.00 ", -   ," 14,980.00 ", 112.00 ," 2,240.00 "," 12,740.00 ",85%
Government,DR MS 00755,07/04/2021,ATREX 1MG/ML, 10.00 , 500.00 ," 5,000.00 ", -   ," 5,000.00 ", 130.00 ," 1,300.00 "," 3,700.00 ",74%
Government,DR MS 00755,07/04/2021,EXEL 250MG/5ML SUS, 50.00 , 80.00 ," 4,000.00 ", -   ," 4,000.00 ", 19.80 , 990.00 ," 3,010.00 ",75%
Government,DR MS 00755,07/04/2021,SQCEF 250MG, 50.00 , 310.00 ," 15,500.00 ", -   ," 15,500.00 ", 73.00 ," 3,650.00 "," 11,850.00 ",76%
Government,DR MS 00755,07/04/2021,SAPHLECOX 200MG, 15.00 ," 2,494.00 "," 37,410.00 ", -   ," 37,410.00 ", 166.00 ," 2,490.00 "," 34,920.00 ",93%
Government,DR MS 00755,07/04/2021,REAX 5mg Syrup, 30.00 , 129.00 ," 3,870.00 ", -   ," 3,870.00 ", 27.00 , 810.00 ," 3,060.00 ",79%
Government,DR MS 00755,07/04/2021,CO-AMOXISAPH 125 MG/31.25MG PER 5ML, 66.00 , 249.00 ," 16,434.00 ", -   ," 16,434.00 ", 68.00 ," 4,488.00 "," 11,946.00 ",73%
Government,DR MS 00755,07/04/2021,MIXCLAV 250mg, 11.00 , 249.00 ," 2,739.00 ", -   ," 2,739.00 ", 90.00 , 990.00 ," 1,749.00 ",64%
Government,DR MS 00755,07/04/2021,EPIX BY 10'S, 10.00 , 860.00 ," 8,600.00 ", -   ," 8,600.00 ", 175.00 ," 1,750.00 "," 6,850.00 ",80%
Government,DR MS 00755,07/04/2021,SPASBASCINE, 10.00 , 820.00 ," 8,200.00 ", -   ," 8,200.00 ", 180.00 ," 1,800.00 "," 6,400.00 ",78%
Government,DR MS 00755,07/04/2021,OFPLEMED 300MG SYRUP 60ML, 10.00 , 599.00 ," 5,990.00 ", -   ," 5,990.00 ", 30.00 , 300.00 ," 5,690.00 ",95%
Government,DR MS 00755,07/04/2021,SALRESP, 30.00 ," 1,329.00 "," 39,870.00 ", -   ," 39,870.00 ", 364.00 ," 10,920.00 "," 28,950.00 ",73%
Government,DR MS 00755,07/04/2021,LOSAAR 100mg, 5.00 ," 1,790.00 "," 8,950.00 ", -   ," 8,950.00 ", 250.00 ," 1,250.00 "," 7,700.00 ",86%
Government,DR MS 00755,07/04/2021,DIALOX 125mg, 126.00 , 44.00 ," 5,544.00 ", -   ," 5,544.00 ", 17.00 ," 2,142.00 "," 3,402.00 ",61%
Government,DR MS 00760,07/04/2021,AXMEL 500MG, 20.00 , 750.00 ," 15,000.00 ", -   ," 15,000.00 ", 112.00 ," 2,240.00 "," 12,760.00 ",85%
Government,DR MS 00760,07/04/2021,AXMEL 250MG/ML SUSP, 90.00 , 123.00 ," 11,070.00 ", -   ," 11,070.00 ", 14.85 ," 1,336.50 "," 9,733.50 ",88%
Government,DR MS 00760,07/04/2021,PARASAPH 500MG, 40.00 , 345.00 ," 13,800.00 ", -   ," 13,800.00 ", 42.00 ," 1,680.00 "," 12,120.00 ",88%
Government,DR MS 00760,07/04/2021,BIOGIC 100MG DROPS, 50.00 , 65.00 ," 3,250.00 ", -   ," 3,250.00 ", 14.00 , 700.00 ," 2,550.00 ",78%
Government,DR MS 00760,07/04/2021,TEMPMED 250mg/5ml, 75.00 , 120.00 ," 9,000.00 ", -   ," 9,000.00 ", 14.00 ," 1,050.00 "," 7,950.00 ",88%
Government,DR MS 00760,07/04/2021,EXEL 100MG, 25.00 ," 1,300.00 "," 32,500.00 ", -   ," 32,500.00 ", 220.00 ," 5,500.00 "," 27,000.00 ",83%
Government,DR MS 00760,07/04/2021,RAPICLAV 625mg, 55.00 ," 2,250.00 "," 123,750.00 ", -   ," 123,750.00 ", 150.00 ," 8,250.00 "," 115,500.00 ",93%
Government,DR MS 00760,07/04/2021,KATHREX 800/160MG, 10.00 , 770.00 ," 7,700.00 ", -   ," 7,700.00 ", 120.00 ," 1,200.00 "," 6,500.00 ",84%
Government,DR MS 00760,07/04/2021,CLINDAGOLD 300MG, 25.00 ," 2,015.00 "," 50,375.00 ", -   ," 50,375.00 ", 385.00 ," 9,625.00 "," 40,750.00 ",81%
Government,DR MS 00760,07/04/2021,MONPHEVIN 200MG, 20.00 , 160.00 ," 3,200.00 ", -   ," 3,200.00 ", 50.00 ," 1,000.00 "," 2,200.00 ",69%
Government,DR MS 00760,07/04/2021,MECID 500MG, 50.00 ," 1,449.00 "," 72,450.00 ", -   ," 72,450.00 ", 71.00 ," 3,550.00 "," 68,900.00 ",95%
Government,DR MS 00760,07/04/2021,INHIBITA 40MG, 20.00 , 898.00 ," 17,960.00 ", -   ," 17,960.00 ", 90.00 ," 1,800.00 "," 16,160.00 ",90%
Government,DR MS 00760,07/04/2021,DEHYDROSOL 250ML, 10.00 , 350.00 ," 3,500.00 ", -   ," 3,500.00 ", 52.00 , 520.00 ," 2,980.00 ",85%
Government,DR MS 00760,07/04/2021,MULTIVIT PLUS, 25.00 ," 1,100.00 "," 27,500.00 ", -   ," 27,500.00 ", 62.00 ," 1,550.00 "," 25,950.00 ",94%
Government,DR MS 00760,07/04/2021,REGIVIT 60ML, 100.00 , 95.00 ," 9,500.00 ", -   ," 9,500.00 ", 15.85 ," 1,585.00 "," 7,915.00 ",83%
Government,DR MS 00760,07/04/2021,ENOCEE 500mg, 25.00 ," 1,825.00 "," 45,625.00 ", -   ," 45,625.00 ", 48.00 ," 1,200.00 "," 44,425.00 ",97%
Government,DR MS 00760,07/04/2021,APCEE 100MG/5ML 120ml, 50.00 , 75.00 ," 3,750.00 ", -   ," 3,750.00 ", 16.50 , 825.00 ," 2,925.00 ",78%
Government,DR MS 00760,07/04/2021,ANIFER 190MG, 10.00 , 500.00 ," 5,000.00 ", -   ," 5,000.00 ", 68.00 , 680.00 ," 4,320.00 ",86%
Government,DR MS 00760,07/04/2021,APCEE 100/5ml 60ml, 25.00 , 75.00 ," 1,875.00 ", -   ," 1,875.00 ", 14.00 , 350.00 ," 1,525.00 ",81%
Government,DR MS 00760,07/04/2021,ENOCEE 500mg, 5.00 ," 1,820.00 "," 9,100.00 ", -   ," 9,100.00 ", 48.00 , 240.00 ," 8,860.00 ",97%
Government,DR MS 00760,07/04/2021,MULTIVIT PLUS, 5.00 ," 1,100.00 "," 5,500.00 ", -   ," 5,500.00 ", 62.00 , 310.00 ," 5,190.00 ",94%
Government,DR MS 00760,07/04/2021,ALLECUR 10MG, 1.00 ," 1,600.00 "," 1,600.00 ", -   ," 1,600.00 ", 28.00 , 28.00 ," 1,572.00 ",98%
Government,DR MS 00760,07/04/2021,BECOME PLEX, 4.00 , 590.00 ," 2,360.00 ", -   ," 2,360.00 ", 126.00 , 504.00 ," 1,856.00 ",79%
Government,DR MS 00762,07/04/2021,QUADMAX, 5.00 ," 5,220.00 "," 26,100.00 ", -   ," 26,100.00 ", 860.00 ," 4,300.00 "," 21,800.00 ",84%
Government,DR MS 00762,07/04/2021,SALRESP, 6.00 ," 1,400.00 "," 8,400.00 ", -   ," 8,400.00 ", 364.00 ," 2,184.00 "," 6,216.00 ",74%
Government,DR MS 00762,07/04/2021,ENOCEE 500mg, 10.00 , 200.00 ," 2,000.00 ", -   ," 2,000.00 ", 48.00 , 480.00 ," 1,520.00 ",76%
Government,DR MS 00762,07/04/2021,VITCEE 100MG, 25.00 , 70.00 ," 1,750.00 ", -   ," 1,750.00 ", 14.00 , 350.00 ," 1,400.00 ",80%
Government,DR MS 00762,07/04/2021,AEROVENT 1MG/ML, 125.00 , 43.00 ," 5,375.00 ", -   ," 5,375.00 ", 250.00 ," 31,250.00 "," (25,875.00)",-481%
Government,DR MS 00762,07/04/2021,MEDRIZINE 2.5MG/ML Drops, 20.00 , 150.00 ," 3,000.00 ", -   ," 3,000.00 ", 28.00 , 560.00 ," 2,440.00 ",81%
Government,DR MS 00762,07/04/2021,ALLECUR 10MG, 4.00 ," 1,600.00 "," 6,400.00 ", -   ," 6,400.00 ", 28.00 , 112.00 ," 6,288.00 ",98%
Government,DR MS 00762,07/04/2021,LOSAAR 100mg, 20.00 ," 1,800.00 "," 36,000.00 ", -   ," 36,000.00 ", 250.00 ," 5,000.00 "," 31,000.00 ",86%
Government,DR MS 00762,07/04/2021,LODIPEX - 10MG, 20.00 ," 1,508.00 "," 30,160.00 ", -   ," 30,160.00 ", 60.00 ," 1,200.00 "," 28,960.00 ",96%
Government,DR MS 00762,07/04/2021,PROMETIN, 5.00 , 600.00 ," 3,000.00 ", -   ," 3,000.00 ", 63.00 , 315.00 ," 2,685.00 ",90%
Government,DR MS 00762,07/04/2021,ATORSAPH - 10MG, 4.00 ," 1,100.00 "," 4,400.00 ", -   ," 4,400.00 ", 25.00 , 100.00 ," 4,300.00 ",98%
Government,DR MS 00762,07/04/2021,DOPAMET 250MG TAB, 2.00 ," 2,600.00 "," 5,200.00 ", -   ," 5,200.00 ", 195.00 , 390.00 ," 4,810.00 ",93%
Government,DR MS 00762,07/04/2021,FORMET 500MG, 50.00 , 500.00 ," 25,000.00 ", -   ," 25,000.00 ", 76.00 ," 3,800.00 "," 21,200.00 ",85%
Government,DR MS 00762,07/04/2021,GLIMIDE 5MG, 10.00 , 220.00 ," 2,200.00 ", -   ," 2,200.00 ", 23.00 , 230.00 ," 1,970.00 ",90%
Government,DR MS 00762,07/04/2021,GLYCINORM 80MG TAB, 4.00 ," 1,150.00 "," 4,600.00 ", -   ," 4,600.00 ", 189.00 , 756.00 ," 3,844.00 ",84%
Government,DR MS 00762,07/04/2021,MECID 500MG, 5.00 ," 1,445.00 "," 7,225.00 ", -   ," 7,225.00 ", 71.00 , 355.00 ," 6,870.00 ",95%
Government,DR MS 00762,07/04/2021,EXEL 100MG, 3.00 ," 1,300.00 "," 3,900.00 ", -   ," 3,900.00 ", 220.00 , 660.00 ," 3,240.00 ",83%
Government,DR MS 00762,07/04/2021,MOXYLOR 125MG/5ML, 15.00 , 120.00 ," 1,800.00 ", -   ," 1,800.00 ", 14.00 , 210.00 ," 1,590.00 ",88%
Government,DR MS 00762,07/04/2021,BIOGIC 100MG DROPS, 10.00 , 120.00 ," 1,200.00 ", -   ," 1,200.00 ", 14.00 , 140.00 ," 1,060.00 ",88%
Government,DR MS 00762,07/04/2021,ARA 50mg, 50.00 , 700.00 ," 35,000.00 ", -   ," 35,000.00 ", 100.00 ," 5,000.00 "," 30,000.00 ",86%
Government,MS00748,22/03/2021,EXEL 100MG, 5.00 ," 1,302.00 "," 6,510.00 ", -   ," 6,510.00 ", 220.00 ," 1,100.00 "," 5,410.00 ",83%
Government,MS00748,22/03/2021,CORSIN 300mg/2ml, 20.00 , 470.00 ," 9,400.00 ", -   ," 9,400.00 ", 84.50 ," 1,690.00 "," 7,710.00 ",82%
Government,MS00748,22/03/2021,PHILCLOX 500MG, 5.00 , 799.00 ," 3,995.00 ", -   ," 3,995.00 ", 220.00 ," 1,100.00 "," 2,895.00 ",72%
Government,MS00748,22/03/2021,MOHSIDEX 4mg/ml, 5.00 , 91.00 , 455.00 , -   , 455.00 , 103.50 , 517.50 , (62.50),-14%
Government,MS00748,22/03/2021,APULDON 10mg, 5.00 , 999.00 ," 4,995.00 ", -   ," 4,995.00 ", 80.00 , 400.00 ," 4,595.00 ",92%
Government,MS00748,22/03/2021,DOPAN 200mg/5ml, 1.00 ," 1,499.00 "," 1,499.00 ", -   ," 1,499.00 ", 210.00 , 210.00 ," 1,289.00 ",86%
Government,MS00748,22/03/2021,METO 10mg, 5.00 , 469.00 ," 2,345.00 ", -   ," 2,345.00 ", 80.00 , 400.00 ," 1,945.00 ",83%
Government,MS00748,22/03/2021,MUROPHAR, 10.00 , 249.00 ," 2,490.00 ", -   ," 2,490.00 ", 65.00 , 650.00 ," 1,840.00 ",74%
Government,MS00748,22/03/2021,OMEBLOC 20mg, 5.00 ," 2,495.00 "," 12,475.00 ", -   ," 12,475.00 ", 85.00 , 425.00 ," 12,050.00 ",97%
Government,MS00748,22/03/2021,INHIBITA 40MG, 5.00 , 899.00 ," 4,495.00 ", -   ," 4,495.00 ", 90.00 , 450.00 ," 4,045.00 ",90%
Government,MS00748,22/03/2021,GYNE-TOCIN 10IU/ML, 3.00 , 999.00 ," 2,997.00 ", -   ," 2,997.00 ", 74.00 , 222.00 ," 2,775.00 ",93%
Government,MS00748,22/03/2021,CONTRACID 150mg, 5.00 , 660.00 ," 3,300.00 ", -   ," 3,300.00 ", 103.50 , 517.50 ," 2,782.50 ",84%
Government,MS00748,22/03/2021,BRODIX 2.5/2.5ML NEB, 5.00 , 483.00 ," 2,415.00 ", -   ," 2,415.00 ", 220.00 ," 1,100.00 "," 1,315.00 ",54%
Government,MS00748,22/03/2021,SALRESP, 3.00 ," 1,139.00 "," 3,417.00 ", -   ," 3,417.00 ", 364.00 ," 1,092.00 "," 2,325.00 ",68%
Government,MS00748,22/03/2021,SHARJVAX 1500 I.U. / 0.7ML, 10.00 ," 1,190.00 "," 11,900.00 ", -   ," 11,900.00 ", 590.00 ," 5,900.00 "," 6,000.00 ",50%
Government,MS00748,22/03/2021,IMATET, 5.00 ," 1,200.00 "," 6,000.00 ", -   ," 6,000.00 ", 667.00 ," 3,335.00 "," 2,665.00 ",44%
Government,MS00748,22/03/2021,BECOME PLEX, 5.00 , 374.00 ," 1,870.00 ", -   ," 1,870.00 ", 126.00 , 630.00 ," 1,240.00 ",66%
Government,MS00748,22/03/2021,JOHNVASC 5MG, 5.00 , 950.00 ," 4,750.00 ", -   ," 4,750.00 ", 38.00 , 190.00 ," 4,560.00 ",96%
Government,MS00748,22/03/2021,GLYCINORM 80MG TAB, 2.00 , 899.00 ," 1,798.00 ", -   ," 1,798.00 ", 189.00 , 378.00 ," 1,420.00 ",79%
Government,MS 00745,15/03/2021,ALLECUR 10MG, 5.00 ," 2,172.30 "," 10,861.50 ", -   ," 10,861.50 ", 28.00 , 140.00 ," 10,721.50 ",99%
Government,MS 00743,15/03/2021,ACCU-CHECK INSTANT 100STRIPS, 4.00 ," 3,500.00 "," 14,000.00 ", -   ," 14,000.00 "," 1,560.00 "," 6,240.00 "," 7,760.00 ",55%
Government,MS00728,15/03/2021,ENOCEE 500mg, 75.00 , 385.00 ," 28,875.00 ", -   ," 28,875.00 ", 48.00 ," 3,600.00 "," 25,275.00 ",88%
Government,MS00728,15/03/2021,AZICARE 500MG TAB, 35.00 ," 3,150.00 "," 110,250.00 ", -   ," 110,250.00 ", 540.00 ," 18,900.00 "," 91,350.00 ",83%
Government,MS00728,15/03/2021,CEFZOX 1G VIAL W/ DILUENT, 300.00 , 262.50 ," 78,750.00 ", -   ," 78,750.00 ", 24.00 ," 7,200.00 "," 71,550.00 ",91%
Government,MS00728,15/03/2021,SITIXON 1G, 100.00 , 262.50 ," 26,250.00 ", -   ," 26,250.00 ", 30.00 ," 3,000.00 "," 23,250.00 ",89%
Government,MS00728,15/03/2021,CEFUSAPH, 200.00 , 594.00 ," 118,800.00 ", -   ," 118,800.00 ", 112.00 ," 22,400.00 "," 96,400.00 ",81%
Government,MS00728,15/03/2021,CO-AMOXICARE 500MG/125MG, 10.00 , 594.00 ," 5,940.00 ", -   ," 5,940.00 ", 198.18 ," 1,981.80 "," 3,958.20 ",67%
Government,MS00728,15/03/2021,RAPICLAV 625mg, 90.00 , 594.00 ," 53,460.00 ", -   ," 53,460.00 ", 150.00 ," 13,500.00 "," 39,960.00 ",75%
Government,MS00728,15/03/2021,CORBAL 100MG, 46.00 ," 1,194.78 "," 54,960.00 ", -   ," 54,960.00 ", 210.00 ," 9,660.00 "," 45,300.00 ",82%
Government,MS00728,15/03/2021,HIVENT 1MG/2.5ML, 5.00 , 450.00 ," 2,250.00 ", -   ," 2,250.00 ", 287.00 ," 1,435.00 ", 815.00 ,36%
Government,MS00728,15/03/2021,AEROVENT 1MG/ML, 45.00 , 450.00 ," 20,250.00 ", -   ," 20,250.00 ", 250.00 ," 11,250.00 "," 9,000.00 ",44%
Government,MS00718,20/02/2021,PPE LAB., 600.00 ," 1,199.00 "," 719,400.00 ", -   ," 719,400.00 ", 650.00 ," 390,000.00 "," 329,400.00 ",46%
Government,MS00738,20/02/2021,EXEL 500MG CAP, 5.00 ," 1,302.60 "," 6,513.00 ", -   ," 6,513.00 ", 253.00 ," 1,265.00 "," 5,248.00 ",81%
Government,MS00742,20/02/2021,EXEL 100MG, 10.00 ," 1,302.60 "," 13,026.00 ", -   ," 13,026.00 ", 220.00 ," 2,200.00 "," 10,826.00 ",83%
Government,MS00742,20/02/2021,GYNE-TOCIN 10IU/ML, 10.00 ," 1,000.00 "," 10,000.00 ", -   ," 10,000.00 ", 74.00 , 740.00 ," 9,260.00 ",93%
Government,MS00742,20/02/2021,SAPHLECOX 200MG, 10.00 ," 2,499.50 "," 24,995.00 ", -   ," 24,995.00 ", 166.00 ," 1,660.00 "," 23,335.00 ",93%
Government,DR 0037,08/02/2021,LUNCHEONMEAT - LIBERTY, 166.67 ," 2,220.00 "," 370,000.00 ", -   ," 370,000.00 "," 1,399.92 "," 233,324.67 "," 136,675.33 ",37%
Government,DR 0037,08/02/2021,KING CUP SARDINES," 6,000.00 ", 23.50 ," 141,000.00 ", -   ," 141,000.00 ", 15.20 ," 91,200.00 "," 49,800.00 ",35%
Government,DR 0037,08/02/2021,VIENA SAUSAGE 260GMS," 2,000.00 ", 54.90 ," 109,800.00 ", -   ," 109,800.00 ", 41.75 ," 83,500.00 "," 26,300.00 ",24%
Government,DR 0037,08/02/2021,COFFEE GREAT TASTE PREMIUM 25G," 2,000.00 ", 21.85 ," 43,700.00 ", -   ," 43,700.00 ", 17.00 ," 34,000.00 "," 9,700.00 ",22%
Government,MS00704,18/01/2021,COTTON SWAB, 7.00 , 272.00 ," 1,904.00 ", -   ," 1,904.00 ", 150.00 ," 1,050.00 ", 854.00 ,45%
Government,MS00704,18/01/2021,D5LR 1000ML, 300.00 , 140.00 ," 42,000.00 ", -   ," 42,000.00 ", 60.00 ," 18,000.00 "," 24,000.00 ",57%
Government,MS00704,18/01/2021,DENATURED ALCOHOL, 1.00 , 800.00 , 800.00 , -   , 800.00 , 380.00 , 380.00 , 420.00 ,53%
Government,MS00704,18/01/2021,DENTAL NEEDLE 30G X 13/16 GREEN LABEL SHORT - TERUMO, 18.00 ," 1,062.00 "," 19,116.00 ", -   ," 19,116.00 ", 300.00 ," 5,400.00 "," 13,716.00 ",72%
Government,MS00704,18/01/2021,DIAPER LARGE - ADULT, 37.50 , 680.00 ," 25,500.00 ", -   ," 25,500.00 ", 180.00 ," 6,750.00 "," 18,750.00 ",74%
Government,MS00704,18/01/2021,DIGITAL THERMOMETER - SURGITECH, 96.00 , 177.00 ," 16,992.00 ", -   ," 16,992.00 ", 80.00 ," 7,680.00 "," 9,312.00 ",55%
Government,MS00704,18/01/2021,FACE MASK, 13.00 , 900.00 ," 11,700.00 ", -   ," 11,700.00 ", 50.00 , 650.00 ," 11,050.00 ",94%
Government,MS00704,18/01/2021,GAUZE PAD 4X4 - SURGITECH, 5.00 , 505.00 ," 2,525.00 ", -   ," 2,525.00 ", 250.00 ," 1,250.00 "," 1,275.00 ",50%
Government,MS00704,18/01/2021,GAUZE ROLL 28X24 - INDOPLAS, 4.00 ," 1,180.00 "," 4,720.00 ", -   ," 4,720.00 ", 900.00 ," 3,600.00 "," 1,120.00 ",24%
Government,MS00704,18/01/2021,GLOVES (M), 20.00 , 830.00 ," 16,600.00 ", -   ," 16,600.00 ", 600.00 ," 12,000.00 "," 4,600.00 ",28%
Government,MS00705,18/01/2021,GLOVES (M), 12.00 ," 1,341.67 "," 16,100.04 ", -   ," 16,100.04 ", 600.00 ," 7,200.00 "," 8,900.04 ",55%
Government,MS00705,18/01/2021,HEMAQUICK STAIN - MEDIC, 1.00 ," 6,490.00 "," 6,490.00 ", -   ," 6,490.00 "," 4,200.00 "," 4,200.00 "," 2,290.00 ",35%
Government,MS00705,18/01/2021,HEPA B CASSETTE - RIGHT SIGN, 48.00 ," 2,065.00 "," 99,120.00 ", -   ," 99,120.00 "," 1,350.00 "," 64,800.00 "," 34,320.00 ",35%
Government,MS00705,18/01/2021,HYDROGEN SOLUTION - 1LITER, 5.00 , 175.00 , 875.00 , -   , 875.00 , 90.00 , 450.00 , 425.00 ,49%
Government,MS00705,18/01/2021,METRICIDE, 5.00 ," 3,000.00 "," 15,000.00 ", -   ," 15,000.00 "," 1,300.00 "," 6,500.00 "," 8,500.00 ",57%
Government,MS00705,18/01/2021,HYPOSOL, 8.00 , 420.00 ," 3,360.00 ", -   ," 3,360.00 ", 78.00 , 624.00 ," 2,736.00 ",81%
Government,MS00705,18/01/2021,IMMERSION OIL 30cc, 1.00 ," 2,665.00 "," 2,665.00 ", -   ," 2,665.00 "," 1,800.00 "," 1,800.00 ", 865.00 ,32%
Government,MS00705,18/01/2021,INSULIN SYRINGE SIMPLEX, 42.00 ," 1,820.00 "," 76,440.00 ", -   ," 76,440.00 ", 450.00 ," 18,900.00 "," 57,540.00 ",75%
Government,MS00705,18/01/2021,ISOPROPYL ALCOHOL 500ml - ALCO-AID, 291.00 , 123.00 ," 35,793.00 ", -   ," 35,793.00 ", 72.00 ," 20,952.00 "," 14,841.00 ",41%
Government,MS00705,18/01/2021,LUBRICATING JELLY 150G - UNIMEX, 19.00 , 320.00 ," 6,080.00 ", -   ," 6,080.00 ", 150.00 ," 2,850.00 "," 3,230.00 ",53%
Government,MS00705,18/01/2021,"MICROPORE 1"" - 1530-1 - 3M", 25.00 , 850.00 ," 21,250.00 ", -   ," 21,250.00 ", 380.00 ," 9,500.00 "," 11,750.00 ",55%
Government,MS00705,18/01/2021,FACE MASK N95 PARTICULATE RESPIRATOR, 76.00 , 230.00 ," 17,480.00 ", -   ," 17,480.00 ", 145.00 ," 11,020.00 "," 6,460.00 ",37%
Government,MS00705,18/01/2021,PAPER CUPS 50's, 42.00 , 90.00 ," 3,780.00 ", -   ," 3,780.00 ", 38.00 ," 1,596.00 "," 2,184.00 ",58%
Government,MS00705,18/01/2021,PARATULLE, 2.00 , 605.00 ," 1,210.00 ", -   ," 1,210.00 ", 300.00 , 600.00 , 610.00 ,50%
Government,MS00705,18/01/2021,PNSS 500ML, 20.00 , 120.00 ," 2,400.00 ", -   ," 2,400.00 ", 80.00 ," 1,600.00 ", 800.00 ,33%
Government,MS00705,18/01/2021,POVIDONE IODINE 10% - MEDICROSS, 7.00 ," 1,550.00 "," 10,850.00 ", -   ," 10,850.00 ", 600.00 ," 4,200.00 "," 6,650.00 ",61%
Government,MS00705,18/01/2021,POVIDONE IODINE 7.5% - MEDICROSS, 12.00 ," 1,075.00 "," 12,900.00 ", -   ," 12,900.00 ", 650.00 ," 7,800.00 "," 5,100.00 ",40%
Government,MS00705,18/01/2021,PREGNANCY TEST - PARTNERS, 0.80 ," 3,250.00 "," 2,600.00 ", -   ," 2,600.00 "," 1,040.00 ", 832.00 ," 1,768.00 ",68%
Government,MS00706,18/01/2021,"GLASS SLIDES FROSTED END CAT NO. 7105 (1"" X 3"")", 50.00 , 200.60 ," 10,030.00 ", -   ," 10,030.00 ", 60.00 ," 3,000.00 "," 7,030.00 ",70%
Government,MS00706,18/01/2021,STOOL CUP 40ml," 2,250.00 ", 10.50 ," 23,625.00 ", -   ," 23,625.00 ", 5.00 ," 11,250.00 "," 12,375.00 ",52%
Government,MS00706,18/01/2021,STOOL CUP (Sauce Cup Size), 44.00 , 250.00 ," 11,000.00 ", -   ," 11,000.00 ", 100.00 ," 4,400.00 "," 6,600.00 ",60%
Government,MS00706,18/01/2021,STAINLESS SURGICAL KIT, 5.00 ," 7,080.00 "," 35,400.00 ", -   ," 35,400.00 "," 7,200.00 "," 36,000.00 ", (600.00),-2%
Government,MS00706,18/01/2021,Tongue Depressor, 14.00 , 250.00 ," 3,500.00 ", -   ," 3,500.00 ", 144.00 ," 2,016.00 "," 1,484.00 ",42%
Government,MS00706,18/01/2021,SYRINGE WITH NEEDLE TERRUMO - 1CC/ML, 33.00 ," 1,400.00 "," 46,200.00 ", -   ," 46,200.00 ", 700.00 ," 23,100.00 "," 23,100.00 ",50%
Government,MS00706,18/01/2021,URINE STRIPS - INSIGHT, 35.00 ," 1,500.00 "," 52,500.00 ", -   ," 52,500.00 ", 300.00 ," 10,500.00 "," 42,000.00 ",80%
Government,MS00706,18/01/2021,CALMOSEPTINE, 1.00 ," 1,140.00 "," 1,140.00 ", -   ," 1,140.00 ", 620.00 , 620.00 , 520.00 ,46%
Government,MS00704,18/01/2021,SYRINGE WITH NEEDLE TERRUMO - 1CC/ML, 13.00 ," 1,300.00 "," 16,900.00 ", -   ," 16,900.00 ", 700.00 ," 9,100.00 "," 7,800.00 ",46%
Government,MS00704,18/01/2021,DISPOSABLE SYRINGE 3CC - TERUMO, 50.00 ," 1,058.00 "," 52,900.00 ", -   ," 52,900.00 ", 500.00 ," 25,000.00 "," 27,900.00 ",53%
Government,MS00704,18/01/2021,DISPOSABLE SYRINGE 5CC - TERUMO, 28.00 ," 1,177.00 "," 32,956.00 ", -   ," 32,956.00 ", 600.00 ," 16,800.00 "," 16,156.00 ",49%
Government,MS00704,18/01/2021,ACETIC ACID 5%, 3.00 , 702.00 ," 2,106.00 ", -   ," 2,106.00 ", 270.75 , 812.25 ," 1,293.75 ",61%
Government,MS00704,18/01/2021,TYPING SERA, 4.00 ," 2,690.00 "," 10,760.00 ", -   ," 10,760.00 ", 900.00 ," 3,600.00 "," 7,160.00 ",67%
Government,MS00704,18/01/2021,ALCOHOL SWAB, 2.00 , 250.00 , 500.00 , -   , 500.00 , 100.00 , 200.00 , 300.00 ,60%
Government,MS00704,18/01/2021,APPLICATOR STICK, 6.00 , 250.00 ," 1,500.00 ", -   ," 1,500.00 ", 150.00 , 900.00 , 600.00 ,40%
Government,MS00704,18/01/2021,BANTAM PLASTIC STRIPS, 15.00 , 75.00 ," 1,125.00 ", -   ," 1,125.00 ", 50.00 , 750.00 , 375.00 ,33%
Government,MS00704,18/01/2021,"AUTOCLAVE TAPE 3/4""", 27.00 , 400.00 ," 10,800.00 ", -   ," 10,800.00 ", 180.00 ," 4,860.00 "," 5,940.00 ",55%
Government,MS00704,18/01/2021,BIOHAZARD NEEDLE CONTAINER, 40.00 , 450.00 ," 18,000.00 ", -   ," 18,000.00 ", 350.00 ," 14,000.00 "," 4,000.00 ",22%
Government,MS00704,18/01/2021,BLOOD LANCET - SURGITECH, 10.00 , 260.00 ," 2,600.00 ", -   ," 2,600.00 ", 180.00 ," 1,800.00 ", 800.00 ,31%
Government,MS00704,18/01/2021,CAPILLARY TUBE, 3.00 , 435.00 ," 1,305.00 ", -   ," 1,305.00 "," 1,500.00 "," 4,500.00 "," (3,195.00)",-245%
Government,MS00720,14/01/2021,UV LIGHT GERMICIDAL BULB T530WG13UV LANDLITE, 6.00 ," 3,500.00 "," 21,000.00 ", -   ," 21,000.00 ", 999.75 ," 5,998.50 "," 15,001.50 ",71%
Government,MS00721,14/01/2021,UV LIGHT GERMICIDAL BULB T530WG13UV LANDLITE, 4.00 ," 3,500.00 "," 14,000.00 ", -   ," 14,000.00 ", 999.75 ," 3,999.00 "," 10,001.00 ",71%
Government,MS00710,14/01/2021,BUPIRIGHT AMPULE, 200.00 , 799.99 ," 159,998.00 ", -   ," 159,998.00 ", 185.00 ," 37,000.00 "," 122,998.00 ",77%
Government,MS00717,14/01/2021,PHYTOBAS 10mg/ml, 5.00 , 650.00 ," 3,250.00 ", -   ," 3,250.00 ", 135.00 , 675.00 ," 2,575.00 ",79%
Government,MS00717,14/01/2021,GYNE-TOCIN 10IU/ML, 5.00 ," 1,000.00 "," 5,000.00 ", -   ," 5,000.00 ", 74.00 , 370.00 ," 4,630.00 ",93%
Government,MS00717,14/01/2021,HYPHEN 50mg, 3.00 ," 1,740.05 "," 5,220.15 ", -   ," 5,220.15 ", 227.27 , 681.81 ," 4,538.34 ",87%
Government,MS00717,14/01/2021,DOPNAX 40mg, 4.00 , 749.97 ," 2,999.88 ", -   ," 2,999.88 ", 265.00 ," 1,060.00 "," 1,939.88 ",65%
Government,MS00719,14/01/2021,EUROXONE 1G, 390.00 , 380.00 ," 148,200.00 ", -   ," 148,200.00 ", 73.00 ," 28,470.00 "," 119,730.00 ",81%
Government,MS00719,14/01/2021,SITIXON 1G, 484.00 , 380.00 ," 183,920.00 ", -   ," 183,920.00 ", 30.00 ," 14,520.00 "," 169,400.00 ",92%
Government,MS00719,14/01/2021,PHILCLOX 500MG, 30.00 , 799.50 ," 23,985.00 ", -   ," 23,985.00 ", 220.00 ," 6,600.00 "," 17,385.00 ",72%
Government,MS00719,14/01/2021,EXEL 100MG, 30.00 ," 1,302.60 "," 39,078.00 ", -   ," 39,078.00 ", 220.00 ," 6,600.00 "," 32,478.00 ",83%
Government,MS00719,14/01/2021,GYNE-TOCIN 10IU/ML, 7.00 ," 1,000.00 "," 7,000.00 ", -   ," 7,000.00 ", 74.00 , 518.00 ," 6,482.00 ",93%
Government,MS00719,14/01/2021,AMBTOCYN 10iu, 43.00 ," 1,000.00 "," 43,000.00 ", -   ," 43,000.00 ", 68.00 ," 2,924.00 "," 40,076.00 ",93%
Government,MS00719,14/01/2021,BUPIRIGHT AMPULE, 200.00 , 799.99 ," 159,998.00 ", -   ," 159,998.00 ", 185.00 ," 37,000.00 "," 122,998.00 ",77%
Government,MS00719,14/01/2021,TRIVASC 35MG MR, 15.00 ," 1,885.00 "," 28,275.00 ", -   ," 28,275.00 ", 437.50 ," 6,562.50 "," 21,712.50 ",77%
Government,MS00697,14/01/2021,EXEL 100MG, 50.00 ," 1,300.00 "," 65,000.00 ", -   ," 65,000.00 ", 220.00 ," 11,000.00 "," 54,000.00 ",83%
Government,MS00697,14/01/2021,CORBAL 100MG, 40.00 ," 1,200.00 "," 48,000.00 ", -   ," 48,000.00 ", 210.00 ," 8,400.00 "," 39,600.00 ",83%
Government,MS00697,14/01/2021,CETHERGO 200MCG, 10.00 ," 4,200.00 "," 42,000.00 ", -   ," 42,000.00 "," 1,250.00 "," 12,500.00 "," 29,500.00 ",70%
Government,MS00697,14/01/2021,PROMEP 40MG, 300.00 , 625.00 ," 187,500.00 ", -   ," 187,500.00 ", 40.00 ," 12,000.00 "," 175,500.00 ",94%
Government,MS00697,14/01/2021,SHARJVAX 1500 I.U. / 0.7ML, 60.00 ," 1,100.00 "," 66,000.00 ", -   ," 66,000.00 ", 590.00 ," 35,400.00 "," 30,600.00 ",46%
Government,MS00697,14/01/2021,BIO TT 40iu, 40.00 ," 1,180.00 "," 47,200.00 ", -   ," 47,200.00 ", 700.00 ," 28,000.00 "," 19,200.00 ",41%
Government,MS00697,14/01/2021,PHYTOMEN 10MG/ML, 40.00 , 650.00 ," 26,000.00 ", -   ," 26,000.00 ", 145.00 ," 5,800.00 "," 20,200.00 ",78%
Government,MS00698,14/01/2021,DISPOSABLE GOWN, 385.00 , 208.50 ," 80,272.50 ", -   ," 80,272.50 ", 80.00 ," 30,800.00 "," 49,472.50 ",62%
Government,MS00698,14/01/2021,FACE SHIELD 150php, 385.00 , 150.00 ," 57,750.00 ", -   ," 57,750.00 ", 25.00 ," 9,625.00 "," 48,125.00 ",83%
Government,MS00680,14/01/2021,ECG MACHINE EDAN SINGLE CHANNEL, 1.00 ," 119,500.00 "," 119,500.00 ", -   ," 119,500.00 "," 19,000.00 "," 19,000.00 "," 100,500.00 ",84%
Government,MS00709,14/01/2021,EPIX BY 10'S, 5.00 , 890.00 ," 4,450.00 ", -   ," 4,450.00 ", 175.00 , 875.00 ," 3,575.00 ",80%
Government,MS00723,14/01/2021,SITIXON 1G, 126.00 , 380.00 ," 47,880.00 ", -   ," 47,880.00 ", 30.00 ," 3,780.00 "," 44,100.00 ",92%
Hospital,DR MS 001105,31/12/2021,TERMAGEN 500MG, 15.00 , 500.00 ," 7,500.00 ", -   ," 7,500.00 ", 105.00 ," 1,575.00 "," 5,925.00 ",79%
Hospital,DR MS 001105,31/12/2021,CIMEX 500MG, 20.00 ," 2,900.00 "," 58,000.00 ", -   ," 58,000.00 "," 1,100.00 "," 22,000.00 "," 36,000.00 ",62%
Hospital,DR MS 001105,31/12/2021,SORBIFER 310MG, 50.00 ," 1,400.00 "," 70,000.00 ", -   ," 70,000.00 ", 700.00 ," 35,000.00 "," 35,000.00 ",50%
Hospital,DR MS 001105,31/12/2021,SORBIFER 310MG, 50.00 ," 1,400.00 "," 70,000.00 ", -   ," 70,000.00 ", 700.00 ," 35,000.00 "," 35,000.00 ",50%
Hospital,DR MS 001106,31/12/2021,EVAPROST 250MCG/ML, 38.00 ," 9,600.00 "," 364,800.00 ", -   ," 364,800.00 "," 3,575.00 "," 135,850.00 "," 228,950.00 ",63%
Hospital,DR MS 001109,31/12/2021,DEXAMAX 4MG, 100.00 , 819.20 ," 81,920.00 ", -   ," 81,920.00 ", 290.00 ," 29,000.00 "," 52,920.00 ",65%
Hospital,DR MS 001109,31/12/2021,EVAPROST 125MCG/ML, 7.00 ," 4,800.00 "," 33,600.00 ", -   ," 33,600.00 "," 1,872.00 "," 13,104.00 "," 20,496.00 ",61%
Hospital,DR MS 001109,31/12/2021,EVAPROST 125MCG/ML, 30.00 ," 4,800.00 "," 144,000.00 ", -   ," 144,000.00 "," 1,872.00 "," 56,160.00 "," 87,840.00 ",61%
Hospital,DR MS 001109,31/12/2021,EUROXONE 1G, 500.00 , 380.00 ," 190,000.00 ", -   ," 190,000.00 ", 73.00 ," 36,500.00 "," 153,500.00 ",81%
Hospital,DR MS 001108,31/12/2021,PROFUREX 750MG , 500.00 , 377.44 ," 188,720.00 ", -   ," 188,720.00 ", 185.35 ," 92,675.00 "," 96,045.00 ",51%
Hospital,DR MS 001107,31/12/2021,SPASBASCINE, 40.00 , 750.00 ," 30,000.00 ", -   ," 30,000.00 ", 180.00 ," 7,200.00 "," 22,800.00 ",76%
Hospital,DR MS 001107,31/12/2021,SODAMPEN 1G IM/IV, 300.00 , 128.00 ," 38,400.00 ", -   ," 38,400.00 ", 43.00 ," 12,900.00 "," 25,500.00 ",66%
Hospital,DR MS 001107,31/12/2021,TRAXAN 100MG, 114.00 , 575.00 ," 65,550.00 ", -   ," 65,550.00 ", 200.00 ," 22,800.00 "," 42,750.00 ",65%
Hospital,DR MS 001103,31/12/2021,LUPINSULIN 30:70, 65.00 , 754.47 ," 49,040.55 ", -   ," 49,040.55 ", 430.00 ," 27,950.00 "," 21,090.55 ",43%
Hospital,DR MS 001102,31/12/2021,MAXIFER 20MG/ML, 100.00 ," 2,450.00 "," 245,000.00 ", -   ," 245,000.00 ", 880.91 ," 88,091.00 "," 156,909.00 ",64%
Hospital,DR MS 001102,31/12/2021,FLACOXTO 200MG, 5.00 ," 2,500.00 "," 12,500.00 ", -   ," 12,500.00 ", 220.00 ," 1,100.00 "," 11,400.00 ",91%
Hospital,DR MS 001102,31/12/2021,ANTIZOAL 5MG/ML, 200.00 , 120.00 ," 24,000.00 ", -   ," 24,000.00 ", 21.00 ," 4,200.00 "," 19,800.00 ",83%
Hospital,DR MS 001098,31/12/2021,BUPIRIGHT AMPULE, 40.00 , 620.00 ," 24,800.00 ", -   ," 24,800.00 ", 185.00 ," 7,400.00 "," 17,400.00 ",70%
Hospital,DR MS 001098,31/12/2021,METMIC 500MG, 1.00 , 780.00 , 780.00 , -   , 780.00 , 227.50 , 227.50 , 552.50 ,71%
Hospital,DR MS 001098,31/12/2021,CEPROTRON 500MG, 1.00 ," 1,750.00 "," 1,750.00 ", -   ," 1,750.00 ", 550.00 , 550.00 ," 1,200.00 ",69%
Hospital,DR MS 001098,31/12/2021,GOFENAC 75MG/3ML, 10.00 , 375.00 ," 3,750.00 ", -   ," 3,750.00 ", 37.50 , 375.00 ," 3,375.00 ",90%
Hospital,DR MS 001098,31/12/2021,ERGON 125MCG, 1.00 ," 2,000.00 "," 2,000.00 ", -   ," 2,000.00 ", 133.33 , 133.33 ," 1,866.67 ",93%
Hospital,DR MS 001098,31/12/2021,EVAPROST 125MCG/ML, 2.00 ," 3,960.00 "," 7,920.00 ", -   ," 7,920.00 "," 1,872.00 "," 3,744.00 "," 4,176.00 ",53%
Hospital,DR MS 001098,31/12/2021,EVAPROST 250MCG/ML, 1.00 ," 9,600.00 "," 9,600.00 ", -   ," 9,600.00 "," 3,575.00 "," 3,575.00 "," 6,025.00 ",63%
Hospital,DR MS 001098,31/12/2021,MAXIFER 20MG/ML, 4.00 ," 2,450.00 "," 9,800.00 ", -   ," 9,800.00 ", 880.91 ," 3,523.64 "," 6,276.36 ",64%
Hospital,DR MS 001098,31/12/2021,DOLO JAGA 500MG/50MG/100MG/100MCG, 2.00 ," 1,550.00 "," 3,100.00 ", -   ," 3,100.00 ", 615.00 ," 1,230.00 "," 1,870.00 ",60%
Hospital,DR MS 001098,31/12/2021,ATREX 1MG/ML, 3.00 , 580.00 ," 1,740.00 ", -   ," 1,740.00 ", 130.00 , 390.00 ," 1,350.00 ",78%
Hospital,DR MS 001099,31/12/2021,ANTIZOAL 5MG/ML, 30.00 , 90.00 ," 2,700.00 ", -   ," 2,700.00 ", 21.00 , 630.00 ," 2,070.00 ",77%
Hospital,DR MS 001099,31/12/2021,SODAMPEN 1G IM/IV, 20.00 , 128.00 ," 2,560.00 ", -   ," 2,560.00 ", 43.00 , 860.00 ," 1,700.00 ",66%
Hospital,DR MS 001088,13/12/2021,BACTIV 625MG, 46.67 , 529.16 ," 24,694.25 ", -   ," 24,694.25 ", 259.88 ," 12,128.60 "," 12,565.65 ",51%
Hospital,DR MS 001088,13/12/2021,ZEFXON 40MG, 400.00 , 533.40 ," 213,360.00 ", -   ," 213,360.00 ", 293.37 ," 117,348.00 "," 96,012.00 ",45%
Hospital,DR MS 001087,13/12/2021,SOLUNATE 84MG/ML (8.4%), 0.90 ," 13,500.00 "," 12,150.00 ", -   ," 12,150.00 "," 4,600.00 "," 4,140.00 "," 8,010.00 ",66%
Hospital,DR MS 001085,05/12/2021,IRBIN 150mg, 1.00 , 940.00 , 940.00 , -   , 940.00 , 207.27 , 207.27 , 732.73 ,78%
Hospital,DR MS 001085,05/12/2021,EUROXONE 1G, 20.00 , 480.00 ," 9,600.00 ", -   ," 9,600.00 ", 73.00 ," 1,460.00 "," 8,140.00 ",85%
Hospital,DR MS 001085,05/12/2021,SODAMPEN 1G IM/IV, 50.00 , 128.00 ," 6,400.00 ", -   ," 6,400.00 ", 43.00 ," 2,150.00 "," 4,250.00 ",66%
Hospital,DR MS 001086,05/12/2021,BUPIRIGHT AMPULE, 50.00 , 620.00 ," 31,000.00 ", -   ," 31,000.00 ", 185.00 ," 9,250.00 "," 21,750.00 ",70%
Hospital,DR MS 001086,05/12/2021,METMIC 500MG, 2.00 , 780.00 ," 1,560.00 ", -   ," 1,560.00 ", 227.50 , 455.00 ," 1,105.00 ",71%
Hospital,DR MS 001086,05/12/2021,ZINACARE 750MG W/O DILUENT, 50.00 , 300.00 ," 15,000.00 ", -   ," 15,000.00 ", 15.00 , 750.00 ," 14,250.00 ",95%
Hospital,DR MS 001086,05/12/2021,CEPROTRON 500MG, 1.00 ," 1,750.00 "," 1,750.00 ", -   ," 1,750.00 ", 550.00 , 550.00 ," 1,200.00 ",69%
Hospital,DR MS 001086,05/12/2021,GOFENAC 75MG/3ML, 20.00 , 375.00 ," 7,500.00 ", -   ," 7,500.00 ", 37.50 , 750.00 ," 6,750.00 ",90%
Hospital,DR MS 001086,05/12/2021,ERGON 125MCG, 2.00 ," 2,000.00 "," 4,000.00 ", -   ," 4,000.00 ", 133.33 , 266.66 ," 3,733.34 ",93%
Hospital,DR MS 001086,05/12/2021,EVAPROST 125MCG/ML, 3.00 ," 3,960.00 "," 11,880.00 ", -   ," 11,880.00 "," 1,872.00 "," 5,616.00 "," 6,264.00 ",53%
Hospital,DR MS 001086,05/12/2021,EVAPROST 250MCG/ML, 1.00 ," 9,600.00 "," 9,600.00 ", -   ," 9,600.00 "," 3,575.00 "," 3,575.00 "," 6,025.00 ",63%
Hospital,DR MS 001086,05/12/2021,LACTAMOX 500MG/125MG TAB, 5.00 ," 2,800.00 "," 14,000.00 ", -   ," 14,000.00 "," 1,047.86 "," 5,239.30 "," 8,760.70 ",63%
Hospital,DR MS 001086,05/12/2021,MAXIFER 20MG/ML, 6.00 ," 2,450.00 "," 14,700.00 ", -   ," 14,700.00 ", 880.91 ," 5,285.46 "," 9,414.54 ",64%
Hospital,DR MS 001086,05/12/2021,DOLO JAGA 500MG/50MG/100MG/100MCG, 4.00 ," 1,550.00 "," 6,200.00 ", -   ," 6,200.00 ", 615.00 ," 2,460.00 "," 3,740.00 ",60%
Hospital,DR MS 001086,05/12/2021,AMBIDOL 50MG/ML (100MG/2ML), 10.00 ," 1,200.00 "," 12,000.00 ", -   ," 12,000.00 ", 56.00 , 560.00 ," 11,440.00 ",95%
Hospital,DR MS 001086,05/12/2021,PHYTOMEN 10MG/ML, 3.00 , 800.00 ," 2,400.00 ", -   ," 2,400.00 ", 145.00 , 435.00 ," 1,965.00 ",82%
Hospital,DR MS 001086,05/12/2021,GENTAM 40MG, 2.00 , 420.00 , 840.00 , -   , 840.00 , 50.00 , 100.00 , 740.00 ,88%
Hospital,DR MS 001086,05/12/2021,EPIX BY 10'S, 4.00 ," 1,200.00 "," 4,800.00 ", -   ," 4,800.00 ", 175.00 , 700.00 ," 4,100.00 ",85%
Hospital,DR MS 001076,05/12/2021,TRAXAN 100MG, 60.00 , 575.00 ," 34,500.00 ", -   ," 34,500.00 ", 200.00 ," 12,000.00 "," 22,500.00 ",65%
Hospital,DR MS 001077,05/12/2021,TERMAGEN 500MG, 15.00 , 500.00 ," 7,500.00 ", -   ," 7,500.00 ", 105.00 ," 1,575.00 "," 5,925.00 ",79%
Hospital,DR MS 001077,05/12/2021,CIMEX 500MG, 20.00 ," 5,800.00 "," 116,000.00 ", -   ," 116,000.00 "," 1,100.00 "," 22,000.00 "," 94,000.00 ",81%
Hospital,DR MS 001077,05/12/2021,CATAMED 75MCG TAB, 15.00 ," 2,800.00 "," 42,000.00 ", -   ," 42,000.00 ", 499.00 ," 7,485.00 "," 34,515.00 ",82%
Hospital,DR MS 001078,05/12/2021,BACTIV 625MG, 20.00 , 529.20 ," 10,584.00 ", -   ," 10,584.00 ", 259.88 ," 5,197.60 "," 5,386.40 ",51%
Hospital,DR MS 001078,05/12/2021,ZEFXON 40MG, 100.00 , 533.40 ," 53,340.00 ", -   ," 53,340.00 ", 293.37 ," 29,337.00 "," 24,003.00 ",45%
Hospital,DR MS 001080,29/11/2021,PHYTOMEN 10MG/ML, 10.00 , 900.00 ," 9,000.00 ", -   ," 9,000.00 ", 145.00 ," 1,450.00 "," 7,550.00 ",84%
Hospital,DR MS 001081,29/11/2021,ENOX 4000 ANTI-XA IU/0.4ML (KULANIMA HAZIR ENJEKTOR) STERIL - ENOKSAPARIN SODIUM, 500.00 , 624.90 ," 312,450.00 ", -   ," 312,450.00 ", 310.00 ," 155,000.00 "," 157,450.00 ",50%
Hospital,DR MS 001081,29/11/2021,ENOX 6000 ANTI-XA IU/0.6ML (KULANIMA HAZIR ENJEKTOR) STERIL - ENOKSAPARIN SODIUM, 450.00 , 524.80 ," 236,160.00 ", -   ," 236,160.00 ", 410.00 ," 184,500.00 "," 51,660.00 ",22%
Hospital,DR MS 001065,22/11/2021,GYNE-TOCIN 10IU/ML, 200.00 , 900.00 ," 180,000.00 ", -   ," 180,000.00 ", 74.00 ," 14,800.00 "," 165,200.00 ",92%
Hospital,DR MS 001065,22/11/2021,TRAXAN 100MG, 40.00 , 575.00 ," 23,000.00 ", -   ," 23,000.00 ", 200.00 ," 8,000.00 "," 15,000.00 ",65%
Hospital,DR MS 001066,22/11/2021,ANTIZOAL 5MG/ML, 100.00 , 120.00 ," 12,000.00 ", -   ," 12,000.00 ", 21.00 ," 2,100.00 "," 9,900.00 ",83%
Hospital,DR MS 001063,15/11/2021,ANTIZOAL 5MG/ML, 30.00 , 90.00 ," 2,700.00 ", -   ," 2,700.00 ", 21.00 , 630.00 ," 2,070.00 ",77%
Hospital,DR MS 001063,15/11/2021,IRBIN 150mg, 2.00 , 940.00 ," 1,880.00 ", -   ," 1,880.00 ", 207.27 , 414.54 ," 1,465.46 ",78%
Hospital,DR MS 001063,15/11/2021,BUPIRIGHT AMPULE, 35.00 , 620.00 ," 21,700.00 ", -   ," 21,700.00 ", 185.00 ," 6,475.00 "," 15,225.00 ",70%
Hospital,DR MS 001063,15/11/2021,METMIC 500MG, 2.00 , 780.00 ," 1,560.00 ", -   ," 1,560.00 ", 227.50 , 455.00 ," 1,105.00 ",71%
Hospital,DR MS 001063,15/11/2021,ZINACARE 750MG W/O DILUENT, 30.00 , 300.00 ," 9,000.00 ", -   ," 9,000.00 ", 15.00 , 450.00 ," 8,550.00 ",95%
Hospital,DR MS 001063,15/11/2021,GOFENAC 75MG/3ML, 30.00 , 375.00 ," 11,250.00 ", -   ," 11,250.00 ", 37.50 ," 1,125.00 "," 10,125.00 ",90%
Hospital,DR MS 001063,15/11/2021,ERGON 125MCG, 1.00 ," 2,000.00 "," 2,000.00 ", -   ," 2,000.00 ", 133.33 , 133.33 ," 1,866.67 ",93%
Hospital,DR MS 001063,15/11/2021,EVAPROST 125MCG/ML, 2.00 ," 3,960.00 "," 7,920.00 ", -   ," 7,920.00 "," 1,872.00 "," 3,744.00 "," 4,176.00 ",53%
Hospital,DR MS 001063,15/11/2021,EVAPROST 250MCG/ML, 1.00 ," 9,600.00 "," 9,600.00 ", -   ," 9,600.00 "," 3,575.00 "," 3,575.00 "," 6,025.00 ",63%
Hospital,DR MS 001063,15/11/2021,EUROXONE 1G, 30.00 , 480.00 ," 14,400.00 ", -   ," 14,400.00 ", 73.00 ," 2,190.00 "," 12,210.00 ",85%
Hospital,DR MS 001063,15/11/2021,LACTAMOX 500MG/125MG TAB, 3.00 ," 2,800.00 "," 8,400.00 ", -   ," 8,400.00 "," 1,047.86 "," 3,143.58 "," 5,256.42 ",63%
Hospital,DR MS 001063,15/11/2021,MAXIFER 20MG/ML, 3.00 ," 2,450.00 "," 7,350.00 ", -   ," 7,350.00 ", 880.91 ," 2,642.73 "," 4,707.27 ",64%
Hospital,DR MS 001063,15/11/2021,RANITEIN 150MG, 10.00 ," 1,100.00 "," 11,000.00 ", -   ," 11,000.00 ", 138.00 ," 1,380.00 "," 9,620.00 ",87%
Hospital,DR MS 001063,15/11/2021,AMBIDOL 50MG/ML (100MG/2ML), 3.00 ," 1,200.00 "," 3,600.00 ", -   ," 3,600.00 ", 56.00 , 168.00 ," 3,432.00 ",95%
Hospital,DR MS 001063,15/11/2021,ENOCEE 500mg, 3.00 , 900.00 ," 2,700.00 ", -   ," 2,700.00 ", 48.00 , 144.00 ," 2,556.00 ",95%
Hospital,DR MS 001054,08/11/2021,LUPINSULIN 30:70, 100.00 , 845.00 ," 84,500.00 ", -   ," 84,500.00 ", 430.00 ," 43,000.00 "," 41,500.00 ",49%
Hospital,DR MS 001051,08/11/2021,PROFUREX 750MG , 500.00 , 377.44 ," 188,720.00 ", -   ," 188,720.00 ", 185.35 ," 92,675.00 "," 96,045.00 ",51%
Hospital,DR MS 001053,08/11/2021,ANTIZOAL 5MG/ML, 100.00 , 120.00 ," 12,000.00 ", -   ," 12,000.00 ", 21.00 ," 2,100.00 "," 9,900.00 ",83%
Hospital,DR MS 001043,08/11/2021,HYCLENS WOUND SPRAY (60ML), 720.00 , 280.00 ," 201,600.00 ", -   ," 201,600.00 ", 114.66 ," 82,555.20 "," 119,044.80 ",59%
Hospital,DR MS 001037,31/10/2021,HYCLENS SKIN CLEANSER (60ML), 720.00 , 280.00 ," 201,600.00 ", -   ," 201,600.00 ", 113.40 ," 81,648.00 "," 119,952.00 ",60%
Hospital,DR MS 001038,31/10/2021,EUROXONE 1G, 300.00 , 380.00 ," 114,000.00 ", -   ," 114,000.00 ", 73.00 ," 21,900.00 "," 92,100.00 ",81%
Hospital,DR MS 001039,31/10/2021,EVAPROST 250MCG/ML, 30.00 ," 9,600.00 "," 288,000.00 ", -   ," 288,000.00 "," 3,575.00 "," 107,250.00 "," 180,750.00 ",63%
Hospital,DR MS 001039,31/10/2021,EVAPROST 125MCG/ML, 20.00 ," 4,800.00 "," 96,000.00 ", -   ," 96,000.00 "," 1,872.00 "," 37,440.00 "," 58,560.00 ",61%
Hospital,DR MS 001039,31/10/2021,DEXAMAX 4MG, 50.00 , 819.20 ," 40,960.00 ", -   ," 40,960.00 ", 290.00 ," 14,500.00 "," 26,460.00 ",65%
Hospital,DR MS 001010,31/10/2021,SODAMPEN 1G IM/IV, 300.00 , 128.00 ," 38,400.00 ", -   ," 38,400.00 ", 43.00 ," 12,900.00 "," 25,500.00 ",66%
Hospital,DR MS 001010,31/10/2021,ZEFXON 40MG, 200.00 , 533.40 ," 106,680.00 ", -   ," 106,680.00 ", 293.37 ," 58,674.00 "," 48,006.00 ",45%
Hospital,DR MS 001042,31/10/2021,GOFENAC 75MG/3ML, 8.00 , 375.00 ," 3,000.00 ", -   ," 3,000.00 ", 37.50 , 300.00 ," 2,700.00 ",90%
Hospital,DR MS 001042,31/10/2021,ANTIZOAL 5MG/ML, 40.00 , 90.00 ," 3,600.00 ", -   ," 3,600.00 ", 21.00 , 840.00 ," 2,760.00 ",77%
Hospital,DR MS 001042,31/10/2021,BUPIRIGHT AMPULE, 50.00 , 620.00 ," 31,000.00 ", -   ," 31,000.00 ", 185.00 ," 9,250.00 "," 21,750.00 ",70%
Hospital,DR MS 001042,31/10/2021,METMIC 500MG, 1.00 , 780.00 , 780.00 , -   , 780.00 , 227.50 , 227.50 , 552.50 ,71%
Hospital,DR MS 001042,31/10/2021,ZINACARE 750MG W/O DILUENT, 70.00 , 300.00 ," 21,000.00 ", -   ," 21,000.00 ", 15.00 ," 1,050.00 "," 19,950.00 ",95%
Hospital,DR MS 001042,31/10/2021,CEPROTRON 500MG, 2.00 ," 1,750.00 "," 3,500.00 ", -   ," 3,500.00 ", 550.00 ," 1,100.00 "," 2,400.00 ",69%
Hospital,DR MS 001042,31/10/2021,ERGON 125MCG, 2.00 ," 2,000.00 "," 4,000.00 ", -   ," 4,000.00 ", 133.33 , 266.66 ," 3,733.34 ",93%
Hospital,DR MS 001042,31/10/2021,EVAPROST 125MCG/ML, 4.00 ," 3,960.00 "," 15,840.00 ", -   ," 15,840.00 "," 1,872.00 "," 7,488.00 "," 8,352.00 ",53%
Hospital,DR MS 001042,31/10/2021,EVAPROST 250MCG/ML, 1.00 ," 9,600.00 "," 9,600.00 ", -   ," 9,600.00 "," 3,575.00 "," 3,575.00 "," 6,025.00 ",63%
Hospital,DR MS 001042,31/10/2021,LACTAMOX 500MG/125MG TAB, 3.00 ," 2,800.00 "," 8,400.00 ", -   ," 8,400.00 "," 1,047.86 "," 3,143.58 "," 5,256.42 ",63%
Hospital,DR MS 001042,31/10/2021,MAXIFER 20MG/ML, 5.00 ," 2,450.00 "," 12,250.00 ", -   ," 12,250.00 ", 880.91 ," 4,404.55 "," 7,845.45 ",64%
Hospital,DR MS 001042,31/10/2021,DOLO JAGA 500MG/50MG/100MG/100MCG, 3.00 ," 1,550.00 "," 4,650.00 ", -   ," 4,650.00 ", 615.00 ," 1,845.00 "," 2,805.00 ",60%
Hospital,DR MS 001042,31/10/2021,SODAMPEN 1G IM/IV, 40.00 , 128.00 ," 5,120.00 ", -   ," 5,120.00 ", 43.00 ," 1,720.00 "," 3,400.00 ",66%
Hospital,DR MS 001042,31/10/2021,AMBIDOL 50MG/ML (100MG/2ML), 3.00 ," 1,200.00 "," 3,600.00 ", -   ," 3,600.00 ", 56.00 , 168.00 ," 3,432.00 ",95%
Hospital,DR MS 001042,31/10/2021,PHYTOMEN 10MG/ML, 2.00 , 800.00 ," 1,600.00 ", -   ," 1,600.00 ", 145.00 , 290.00 ," 1,310.00 ",82%
Hospital,DR MS 001042,31/10/2021,GENTAM 40MG, 2.00 , 420.00 , 840.00 , -   , 840.00 , 50.00 , 100.00 , 740.00 ,88%
Hospital,DR MS 001042,31/10/2021,ENOCEE 500mg, 3.00 , 900.00 ," 2,700.00 ", -   ," 2,700.00 ", 48.00 , 144.00 ," 2,556.00 ",95%
Hospital,DR MS 001026,31/10/2021,ANTIZOAL 5MG/ML, 100.00 , 120.00 ," 12,000.00 ", -   ," 12,000.00 ", 21.00 ," 2,100.00 "," 9,900.00 ",83%
Hospital,DR MS 001034,25/10/2021,GOFENAC 75MG/3ML, 10.00 , 375.00 ," 3,750.00 ", -   ," 3,750.00 ", 37.50 , 375.00 ," 3,375.00 ",90%
Hospital,DR MS 001028,25/10/2021,SPASBASCINE, 200.00 , 750.00 ," 150,000.00 ", -   ," 150,000.00 ", 180.00 ," 36,000.00 "," 114,000.00 ",76%
Hospital,DR MS 001028,25/10/2021,SYLVITE 2MEQ/ML, 29.00 , 920.00 ," 26,680.00 ", -   ," 26,680.00 ", 289.66 ," 8,400.14 "," 18,279.86 ",69%
Hospital,DR MS 001030,25/10/2021,MAXIFER 20MG/ML, 100.00 ," 2,450.00 "," 245,000.00 ", -   ," 245,000.00 ", 880.91 ," 88,091.00 "," 156,909.00 ",64%
Hospital,DR MS 001031,25/10/2021,ZEFXON 40MG, 100.00 , 533.40 ," 53,340.00 ", -   ," 53,340.00 ", 293.37 ," 29,337.00 "," 24,003.00 ",45%
Hospital,DR MS 001005,18/10/2021,MAXIFER 20MG/ML, 5.00 ," 2,450.00 "," 12,250.00 ", -   ," 12,250.00 ", 880.91 ," 4,404.55 "," 7,845.45 ",64%
Hospital,DR MS 001022,18/10/2021,GOFENAC 75MG/3ML, 20.00 , 375.00 ," 7,500.00 ", -   ," 7,500.00 ", 37.50 , 750.00 ," 6,750.00 ",90%
Hospital,DR MS 001021,18/10/2021,EVAPROST 125MCG/ML, 3.00 ," 3,960.00 "," 11,880.00 ", -   ," 11,880.00 "," 1,872.00 "," 5,616.00 "," 6,264.00 ",53%
Hospital,DR MS 001021,18/10/2021,EVAPROST 250MCG/ML, 1.00 ," 9,600.00 "," 9,600.00 ", -   ," 9,600.00 "," 3,575.00 "," 3,575.00 "," 6,025.00 ",63%
Hospital,DR MS 001021,18/10/2021,EUROXONE 1G, 40.00 , 480.00 ," 19,200.00 ", -   ," 19,200.00 ", 73.00 ," 2,920.00 "," 16,280.00 ",85%
Hospital,DR MS 001007,18/10/2021,FLACOXTO 200MG, 5.00 ," 2,500.00 "," 12,500.00 ", -   ," 12,500.00 ", 220.00 ," 1,100.00 "," 11,400.00 ",91%
Hospital,DR MS 001007,18/10/2021,BACTIV 625MG, 20.00 , 529.20 ," 10,584.00 ", -   ," 10,584.00 ", 259.88 ," 5,197.60 "," 5,386.40 ",51%
Hospital,DR MS 001008,18/10/2021,JUBI -R 100MG, 500.00 ," 6,750.00 "," 3,375,000.00 ", -   ," 3,375,000.00 "," 3,800.00 "," 1,900,000.00 "," 1,475,000.00 ",44%
Hospital,DR MS 001009,18/10/2021,SYVIR 200MG, 25.00 ," 14,800.00 "," 370,000.00 ", -   ," 370,000.00 "," 7,200.00 "," 180,000.00 "," 190,000.00 ",51%
Hospital,DR MS 001012,18/10/2021,TERMAGEN 500MG, 15.00 , 500.00 ," 7,500.00 ", -   ," 7,500.00 ", 105.00 ," 1,575.00 "," 5,925.00 ",79%
Hospital,DR MS 001012,18/10/2021,CIMEX 500MG, 40.00 ," 2,900.00 "," 116,000.00 ", -   ," 116,000.00 "," 1,100.00 "," 44,000.00 "," 72,000.00 ",62%
Hospital,DR MS 001011,18/10/2021,LUPINSULIN 30:70, 50.00 , 845.00 ," 42,250.00 ", -   ," 42,250.00 ", 430.00 ," 21,500.00 "," 20,750.00 ",49%
Hospital,DR MS 001012,18/10/2021,SORBIFER 310MG, 40.00 ," 1,400.00 "," 56,000.00 ", -   ," 56,000.00 ", 700.00 ," 28,000.00 "," 28,000.00 ",50%
Hospital,DR MS 00995,11/10/2021,ANTIZOAL 5MG/ML, 20.00 , 90.00 ," 1,800.00 ", -   ," 1,800.00 ", 21.00 , 420.00 ," 1,380.00 ",77%
Hospital,DR MS 00995,11/10/2021,BUPIRIGHT AMPULE, 40.00 , 620.00 ," 24,800.00 ", -   ," 24,800.00 ", 185.00 ," 7,400.00 "," 17,400.00 ",70%
Hospital,DR MS 00995,11/10/2021,METMIC 500MG, 2.00 , 780.00 ," 1,560.00 ", -   ," 1,560.00 ", 227.50 , 455.00 ," 1,105.00 ",71%
Hospital,DR MS 00995,11/10/2021,ZINACARE 750MG W/O DILUENT, 20.00 , 300.00 ," 6,000.00 ", -   ," 6,000.00 ", 15.00 , 300.00 ," 5,700.00 ",95%
Hospital,DR MS 00995,11/10/2021,CEPROTRON 500MG, 2.00 ," 1,750.00 "," 3,500.00 ", -   ," 3,500.00 ", 550.00 ," 1,100.00 "," 2,400.00 ",69%
Hospital,DR MS 00995,11/10/2021,ERGON 125MCG, 2.00 ," 2,000.00 "," 4,000.00 ", -   ," 4,000.00 ", 133.33 , 266.66 ," 3,733.34 ",93%
Hospital,DR MS 00995,11/10/2021,EVAPROST 125MCG/ML, 5.00 ," 3,960.00 "," 19,800.00 ", -   ," 19,800.00 "," 1,872.00 "," 9,360.00 "," 10,440.00 ",53%
Hospital,DR MS 00995,11/10/2021,EVAPROST 250MCG/ML, 2.00 ," 9,600.00 "," 19,200.00 ", -   ," 19,200.00 "," 3,575.00 "," 7,150.00 "," 12,050.00 ",63%
Hospital,DR MS 00995,11/10/2021,EUROXONE 1G, 30.00 , 480.00 ," 14,400.00 ", -   ," 14,400.00 ", 73.00 ," 2,190.00 "," 12,210.00 ",85%
Hospital,DR MS 00995,11/10/2021,LACTAMOX 500MG/125MG TAB, 3.00 ," 2,800.00 "," 8,400.00 ", -   ," 8,400.00 "," 1,047.86 "," 3,143.58 "," 5,256.42 ",63%
Hospital,DR MS 00995,11/10/2021,DOLO JAGA 500MG/50MG/100MG/100MCG, 5.00 ," 1,550.00 "," 7,750.00 ", -   ," 7,750.00 ", 615.00 ," 3,075.00 "," 4,675.00 ",60%
Hospital,DR MS 00995,11/10/2021,SODAMPEN 1G IM/IV, 30.00 , 128.00 ," 3,840.00 ", -   ," 3,840.00 ", 43.00 ," 1,290.00 "," 2,550.00 ",66%
Hospital,DR MS 00995,11/10/2021,ENOCEE 500mg, 5.00 ," 1,200.00 "," 6,000.00 ", -   ," 6,000.00 ", 48.00 , 240.00 ," 5,760.00 ",96%
Hospital,DR MS 00995,11/10/2021,DOPAN 200mg/5ml, 5.00 ," 1,450.00 "," 7,250.00 ", -   ," 7,250.00 ", 210.00 ," 1,050.00 "," 6,200.00 ",86%
Hospital,DR MS 00997,11/10/2021,HYCLENS WOUND SPRAY (60ML), 36.00 , 275.00 ," 9,900.00 ", -   ," 9,900.00 ", 114.66 ," 4,127.76 "," 5,772.24 ",58%
Hospital,DR MS 00987,11/10/2021,DEXAMAK 4MG/ML (8MG/2ML), 100.00 , 819.20 ," 81,920.00 ", -   ," 81,920.00 ", 380.00 ," 38,000.00 "," 43,920.00 ",54%
Hospital,DR MS 00954,11/10/2021,ZEFXON 40MG, 100.00 , 533.40 ," 53,340.00 ", -   ," 53,340.00 ", 293.37 ," 29,337.00 "," 24,003.00 ",45%
Hospital,DR MS 00998,11/10/2021,PHYTOMEN 10MG/ML, 10.00 , 900.00 ," 9,000.00 ", -   ," 9,000.00 ", 145.00 ," 1,450.00 "," 7,550.00 ",84%
Hospital,DR MS 00960,30/09/2021,DOPAN 200mg/5ml, 10.00 ," 1,450.00 "," 14,500.00 ", -   ," 14,500.00 ", 210.00 ," 2,100.00 "," 12,400.00 ",86%
Hospital,DR MS 00951,30/09/2021,EVAPROST 250MCG/ML, 19.00 ," 9,600.00 "," 182,400.00 ", -   ," 182,400.00 "," 3,575.00 "," 67,925.00 "," 114,475.00 ",63%
Hospital,DR MS 00951,30/09/2021,EVAPROST 125MCG/ML, 20.00 ," 4,800.00 "," 96,000.00 ", -   ," 96,000.00 "," 1,872.00 "," 37,440.00 "," 58,560.00 ",61%
Hospital,DR MS 00956,30/09/2021,BUPIRIGHT AMPULE, 50.00 , 620.00 ," 31,000.00 ", -   ," 31,000.00 ", 185.00 ," 9,250.00 "," 21,750.00 ",70%
Hospital,DR MS 00956,30/09/2021,METMIC 500MG, 1.00 , 780.00 , 780.00 , -   , 780.00 , 227.50 , 227.50 , 552.50 ,71%
Hospital,DR MS 00956,30/09/2021,ZINACARE 750MG W/O DILUENT, 50.00 , 300.00 ," 15,000.00 ", -   ," 15,000.00 ", 15.00 , 750.00 ," 14,250.00 ",95%
Hospital,DR MS 00956,30/09/2021,CEPROTRON 500MG, 2.00 ," 1,750.00 "," 3,500.00 ", -   ," 3,500.00 ", 550.00 ," 1,100.00 "," 2,400.00 ",69%
Hospital,DR MS 00956,30/09/2021,ERGON 125MCG, 2.00 ," 2,000.00 "," 4,000.00 ", -   ," 4,000.00 ", 133.33 , 266.66 ," 3,733.34 ",93%
Hospital,DR MS 00956,30/09/2021,EVAPROST 125MCG/ML, 2.00 ," 3,960.00 "," 7,920.00 ", -   ," 7,920.00 "," 1,872.00 "," 3,744.00 "," 4,176.00 ",53%
Hospital,DR MS 00956,30/09/2021,EVAPROST 250MCG/ML, 1.00 ," 3,960.00 "," 3,960.00 ", -   ," 3,960.00 "," 3,575.00 "," 3,575.00 ", 385.00 ,10%
Hospital,DR MS 00956,30/09/2021,EUROXONE 1G, 20.00 , 480.00 ," 9,600.00 ", -   ," 9,600.00 ", 73.00 ," 1,460.00 "," 8,140.00 ",85%
Hospital,DR MS 00956,30/09/2021,LACTAMOX 500MG/125MG TAB, 4.00 ," 2,800.00 "," 11,200.00 ", -   ," 11,200.00 "," 1,047.86 "," 4,191.44 "," 7,008.56 ",63%
Hospital,DR MS 00956,30/09/2021,SODAMPEN 250MG VIAL, 1.00 , 420.00 , 420.00 , -   , 420.00 , 120.00 , 120.00 , 300.00 ,71%
Hospital,DR MS 00956,30/09/2021,SODAMPEN 1G IM/IV, 20.00 , 128.00 ," 2,560.00 ", -   ," 2,560.00 ", 43.00 , 860.00 ," 1,700.00 ",66%
Hospital,DR MS 00956,30/09/2021,AMBIDOL 50MG/ML (100MG/2ML), 3.00 ," 1,200.00 "," 3,600.00 ", -   ," 3,600.00 ", 56.00 , 168.00 ," 3,432.00 ",95%
Hospital,DR MS 00956,30/09/2021,PHYTOMEN 10MG/ML, 3.00 , 800.00 ," 2,400.00 ", -   ," 2,400.00 ", 145.00 , 435.00 ," 1,965.00 ",82%
Hospital,DR MS 00956,30/09/2021,ENOCEE 500mg, 7.00 , 900.00 ," 6,300.00 ", -   ," 6,300.00 ", 48.00 , 336.00 ," 5,964.00 ",95%
Hospital,DR MS 00945,20/09/2021,CETHERGO 200MCG, 2.00 ," 4,375.00 "," 8,750.00 ", -   ," 8,750.00 "," 1,250.00 "," 2,500.00 "," 6,250.00 ",71%
Hospital,DR MS 00938,20/09/2021,SPASBASCINE, 150.00 , 750.00 ," 112,500.00 ", -   ," 112,500.00 ", 180.00 ," 27,000.00 "," 85,500.00 ",76%
Hospital,DR MS 00893,31/08/2021,ANTIZOAL 5MG/ML, 50.00 , 90.00 ," 4,500.00 ", -   ," 4,500.00 ", 21.00 ," 1,050.00 "," 3,450.00 ",77%
Hospital,DR MS 00893,31/08/2021,BUPIRIGHT AMPULE, 30.00 , 620.00 ," 18,600.00 ", -   ," 18,600.00 ", 185.00 ," 5,550.00 "," 13,050.00 ",70%
Hospital,DR MS 00893,31/08/2021,METMIC 500MG, 2.00 , 780.00 ," 1,560.00 ", -   ," 1,560.00 ", 227.50 , 455.00 ," 1,105.00 ",71%
Hospital,DR MS 00893,31/08/2021,ZINACARE 750MG W/O DILUENT, 30.00 , 300.00 ," 9,000.00 ", -   ," 9,000.00 ", 15.00 , 450.00 ," 8,550.00 ",95%
Hospital,DR MS 00893,31/08/2021,CEPROTRON 500MG, 2.00 ," 1,750.00 "," 3,500.00 ", -   ," 3,500.00 ", 550.00 ," 1,100.00 "," 2,400.00 ",69%
Hospital,DR MS 00893,31/08/2021,DIFLOSID 75MG/3ML, 7.00 , 750.00 ," 5,250.00 ", -   ," 5,250.00 ", 100.00 , 700.00 ," 4,550.00 ",87%
Hospital,DR MS 00893,31/08/2021,ERGON 125MCG, 2.00 ," 2,000.00 "," 4,000.00 ", -   ," 4,000.00 ", 133.33 , 266.66 ," 3,733.34 ",93%
Hospital,DR MS 00893,31/08/2021,EVAPROST 250MCG/ML, 1.00 ," 9,600.00 "," 9,600.00 ", -   ," 9,600.00 "," 3,575.00 "," 3,575.00 "," 6,025.00 ",63%
Hospital,DR MS 00893,31/08/2021,EUROXONE 1G, 40.00 , 480.00 ," 19,200.00 ", -   ," 19,200.00 ", 73.00 ," 2,920.00 "," 16,280.00 ",85%
Hospital,DR MS 00893,31/08/2021,LACTAMOX 500MG/125MG TAB, 6.00 ," 2,800.00 "," 16,800.00 ", -   ," 16,800.00 "," 1,047.86 "," 6,287.16 "," 10,512.84 ",63%
Hospital,DR MS 00893,31/08/2021,DOLO JAGA 500MG/50MG/100MG/100MCG, 4.00 ," 1,550.00 "," 6,200.00 ", -   ," 6,200.00 ", 615.00 ," 2,460.00 "," 3,740.00 ",60%
Hospital,DR MS 00893,31/08/2021,RANIREX 25MG/ML, 1.00 , 800.00 , 800.00 , -   , 800.00 , 30.20 , 30.20 , 769.80 ,96%
Hospital,DR MS 00893,31/08/2021,SODAMPEN 1G IM/IV, 50.00 , 128.00 ," 6,400.00 ", -   ," 6,400.00 ", 43.00 ," 2,150.00 "," 4,250.00 ",66%
Hospital,DR MS 00893,31/08/2021,SODAMPEN 250MG VIAL, 5.00 , 580.00 ," 2,900.00 ", -   ," 2,900.00 ", 120.00 , 600.00 ," 2,300.00 ",79%
Hospital,DR MS 00893,31/08/2021,PHYTOMEN 10MG/ML, 3.00 , 800.00 ," 2,400.00 ", -   ," 2,400.00 ", 145.00 , 435.00 ," 1,965.00 ",82%
Hospital,DR MS 00893,31/08/2021,EPIX BY 10'S, 10.00 ," 1,200.00 "," 12,000.00 ", -   ," 12,000.00 ", 175.00 ," 1,750.00 "," 10,250.00 ",85%
Hospital,DR MS 00893,31/08/2021,ATREX 1MG/ML, 3.00 , 420.00 ," 1,260.00 ", -   ," 1,260.00 ", 130.00 , 390.00 , 870.00 ,69%
Hospital,DR MS 00893,31/08/2021,ENOCEE 500mg, 2.00 , 900.00 ," 1,800.00 ", -   ," 1,800.00 ", 48.00 , 96.00 ," 1,704.00 ",95%
Hospital,DR MS 00888,31/08/2021,MAXIFER 20MG/ML, 40.00 ," 2,450.00 "," 98,000.00 ", -   ," 98,000.00 ", 880.91 ," 35,236.40 "," 62,763.60 ",64%
Hospital,DR MS 00888,31/08/2021,SPASBASCINE, 96.00 , 750.00 ," 72,000.00 ", -   ," 72,000.00 ", 180.00 ," 17,280.00 "," 54,720.00 ",76%
Hospital,DR MS 00888,31/08/2021,SORBIFER 310MG, 30.00 ," 1,400.00 "," 42,000.00 ", -   ," 42,000.00 ", 700.00 ," 21,000.00 "," 21,000.00 ",50%
Hospital,DR MS 00902,31/08/2021,HYCLENS SKIN CLEANSER (60ML), 576.00 , 280.00 ," 161,280.00 ", -   ," 161,280.00 ", 113.40 ," 65,318.40 "," 95,961.60 ",60%
Hospital,DR MS 00903,31/08/2021,EVAPROST 250MCG/ML, 14.00 ," 9,600.00 "," 134,400.00 ", -   ," 134,400.00 "," 3,575.00 "," 50,050.00 "," 84,350.00 ",63%
Hospital,DR MS 00903,31/08/2021,TERMAGEN 500MG, 20.00 , 500.00 ," 10,000.00 ", -   ," 10,000.00 ", 105.00 ," 2,100.00 "," 7,900.00 ",79%
Hospital,DR MS 00903,31/08/2021,GYNE-TOCIN 10IU/ML, 100.00 , 900.00 ," 90,000.00 ", -   ," 90,000.00 ", 74.00 ," 7,400.00 "," 82,600.00 ",92%
Hospital,DR MS 00903,31/08/2021,CIMEX 500MG, 40.00 ," 2,900.00 "," 116,000.00 ", -   ," 116,000.00 "," 1,100.00 "," 44,000.00 "," 72,000.00 ",62%
Hospital,DR MS 00903,31/08/2021,TRAXAN 100MG, 93.00 , 600.00 ," 55,800.00 ", -   ," 55,800.00 ", 200.00 ," 18,600.00 "," 37,200.00 ",67%
Hospital,DR MS 00918,31/08/2021,SORBIFER 310MG, 30.00 ," 1,400.00 "," 42,000.00 ", -   ," 42,000.00 ", 700.00 ," 21,000.00 "," 21,000.00 ",50%
Hospital,DR MS 00918,31/08/2021,EUROXONE 1G, 300.00 , 380.00 ," 114,000.00 ", -   ," 114,000.00 ", 73.00 ," 21,900.00 "," 92,100.00 ",81%
Hospital,DR MS 00918,31/08/2021,ANTIZOAL 5MG/ML, 300.00 , 120.00 ," 36,000.00 ", -   ," 36,000.00 ", 21.00 ," 6,300.00 "," 29,700.00 ",83%
Hospital,DR MS 00906,31/08/2021,PROFUREX 750MG , 500.00 , 377.44 ," 188,720.00 ", -   ," 188,720.00 ", 185.35 ," 92,675.00 "," 96,045.00 ",51%
Hospital,DR MS 00895,31/08/2021,PHYTOMEN 10MG/ML, 10.00 , 900.00 ," 9,000.00 ", -   ," 9,000.00 ", 145.00 ," 1,450.00 "," 7,550.00 ",84%
Hospital,DR MS 00901,31/08/2021,RANIREX 25MG/ML, 9.00 , 800.00 ," 7,200.00 ", -   ," 7,200.00 ", 30.20 , 271.80 ," 6,928.20 ",96%
Hospital,DR MS 00914,31/08/2021,ANTIZOAL 5MG/ML, 50.00 , 90.00 ," 4,500.00 ", -   ," 4,500.00 ", 21.00 ," 1,050.00 "," 3,450.00 ",77%
Hospital,DR MS 00914,31/08/2021,ZINACARE 750MG W/O DILUENT, 30.00 , 300.00 ," 9,000.00 ", -   ," 9,000.00 ", 15.00 , 450.00 ," 8,550.00 ",95%
Hospital,DR MS 00914,31/08/2021,ERGON 125MCG, 1.00 ," 2,000.00 "," 2,000.00 ", -   ," 2,000.00 ", 133.33 , 133.33 ," 1,866.67 ",93%
Hospital,DR MS 00914,31/08/2021,EVAPROST 250MCG/ML, 1.00 ," 9,600.00 "," 9,600.00 ", -   ," 9,600.00 "," 3,575.00 "," 3,575.00 "," 6,025.00 ",63%
Hospital,DR MS 00914,31/08/2021,EUROXONE 1G, 30.00 , 480.00 ," 14,400.00 ", -   ," 14,400.00 ", 73.00 ," 2,190.00 "," 12,210.00 ",85%
Hospital,DR MS 00914,31/08/2021,LACTAMOX 250MG/62.5MG/5ML, 2.00 ," 2,800.00 "," 5,600.00 ", -   ," 5,600.00 ", 129.70 , 259.40 ," 5,340.60 ",95%
Hospital,DR MS 00914,31/08/2021,RANIREX 25MG/ML, 10.00 , 800.00 ," 8,000.00 ", -   ," 8,000.00 ", 30.20 , 302.00 ," 7,698.00 ",96%
Hospital,DR MS 00914,31/08/2021,PHYTOMEN 10MG/ML, 3.00 , 800.00 ," 2,400.00 ", -   ," 2,400.00 ", 145.00 , 435.00 ," 1,965.00 ",82%
Hospital,DR MS 00914,31/08/2021,GENTAM 40MG, 2.00 , 420.00 , 840.00 , -   , 840.00 , 50.00 , 100.00 , 740.00 ,88%
Hospital,DR MS 00914,31/08/2021,EPIX BY 10'S, 5.00 ," 1,200.00 "," 6,000.00 ", -   ," 6,000.00 ", 175.00 , 875.00 ," 5,125.00 ",85%
Hospital,DR MS 00914,31/08/2021,ENOCEE 500mg, 5.00 , 900.00 ," 4,500.00 ", -   ," 4,500.00 ", 48.00 , 240.00 ," 4,260.00 ",95%
Hospital,DR MS 00879,05/08/2021,ANTIZOAL 5MG/ML, 100.00 , 120.00 ," 12,000.00 ", -   ," 12,000.00 ", 21.00 ," 2,100.00 "," 9,900.00 ",83%
Hospital,DR MS 00874,03/08/2021,CIMEX 500MG, 20.00 ," 2,900.00 "," 58,000.00 ", -   ," 58,000.00 "," 1,100.00 "," 22,000.00 "," 36,000.00 ",62%
Hospital,DR MS 00874,03/08/2021,EVAPROST 125MCG/ML, 10.00 ," 4,800.00 "," 48,000.00 ", -   ," 48,000.00 "," 1,872.00 "," 18,720.00 "," 29,280.00 ",61%
Hospital,DR MS 00873,03/08/2021,ANTIZOAL 5MG/ML, 200.00 , 120.00 ," 24,000.00 ", -   ," 24,000.00 ", 21.00 ," 4,200.00 "," 19,800.00 ",83%
Hospital,DR MS 00868,31/07/2021,RANIREX 25MG/ML, 10.00 , 800.00 ," 8,000.00 ", -   ," 8,000.00 ", 30.20 , 302.00 ," 7,698.00 ",96%
Hospital,DR MS 00859,26/07/2021,ANTIZOAL 5MG/ML, 20.00 , 90.00 ," 1,800.00 ", -   ," 1,800.00 ", 21.00 , 420.00 ," 1,380.00 ",77%
Hospital,DR MS 00859,26/07/2021,BUPIRIGHT AMPULE, 35.00 , 620.00 ," 21,700.00 ", -   ," 21,700.00 ", 185.00 ," 6,475.00 "," 15,225.00 ",70%
Hospital,DR MS 00859,26/07/2021,BUPIRIGHT AMPULE, 15.00 , 620.00 ," 9,300.00 ", -   ," 9,300.00 ", 185.00 ," 2,775.00 "," 6,525.00 ",70%
Hospital,DR MS 00859,26/07/2021,METMIC 500MG, 1.00 , 780.00 , 780.00 , -   , 780.00 , 227.50 , 227.50 , 552.50 ,71%
Hospital,DR MS 00859,26/07/2021,ZINACARE 750MG W/O DILUENT, 30.00 , 300.00 ," 9,000.00 ", -   ," 9,000.00 ", 15.00 , 450.00 ," 8,550.00 ",95%
Hospital,DR MS 00859,26/07/2021,CEPROTRON 500MG, 1.00 ," 1,750.00 "," 1,750.00 ", -   ," 1,750.00 ", 550.00 , 550.00 ," 1,200.00 ",69%
Hospital,DR MS 00859,26/07/2021,DIFLOSID 75MG/3ML, 7.00 , 750.00 ," 5,250.00 ", -   ," 5,250.00 ", 100.00 , 700.00 ," 4,550.00 ",87%
Hospital,DR MS 00859,26/07/2021,EVAPROST 125MCG/ML, 4.00 ," 3,960.00 "," 15,840.00 ", -   ," 15,840.00 "," 1,872.00 "," 7,488.00 "," 8,352.00 ",53%
Hospital,DR MS 00859,26/07/2021,LACTAMOX 500MG/125MG TAB, 8.00 ," 2,800.00 "," 22,400.00 ", -   ," 22,400.00 "," 1,047.86 "," 8,382.88 "," 14,017.12 ",63%
Hospital,DR MS 00859,26/07/2021,MAXIFER 20MG/ML, 5.00 ," 2,450.00 "," 12,250.00 ", -   ," 12,250.00 ", 880.91 ," 4,404.55 "," 7,845.45 ",64%
Hospital,DR MS 00859,26/07/2021,DOLO JAGA 500MG/50MG/100MG/100MCG, 4.00 ," 1,550.00 "," 6,200.00 ", -   ," 6,200.00 ", 615.00 ," 2,460.00 "," 3,740.00 ",60%
Hospital,DR MS 00859,26/07/2021,SODAMPEN 1G IM/IV, 50.00 , 128.00 ," 6,400.00 ", -   ," 6,400.00 ", 43.00 ," 2,150.00 "," 4,250.00 ",66%
Hospital,DR MS 00859,26/07/2021,AMBIDOL 50MG/ML (100MG/2ML), 5.00 ," 1,200.00 "," 6,000.00 ", -   ," 6,000.00 ", 56.00 , 280.00 ," 5,720.00 ",95%
Hospital,DR MS 00854,26/07/2021,DOPAN 200mg/5ml, 10.00 ," 1,450.00 "," 14,500.00 ", -   ," 14,500.00 ", 210.00 ," 2,100.00 "," 12,400.00 ",86%
Hospital,DR MS 00854,26/07/2021,ENOCEE 500mg, 5.00 , 900.00 ," 4,500.00 ", -   ," 4,500.00 ", 48.00 , 240.00 ," 4,260.00 ",95%
Hospital,DR MS 00834,21/07/2021,PHYTOMEN 10MG/ML, 15.00 , 900.00 ," 13,500.00 ", -   ," 13,500.00 ", 145.00 ," 2,175.00 "," 11,325.00 ",84%
Hospital,DR MS 00844,21/07/2021,BUPIRIGHT AMPULE, 60.00 , 620.00 ," 37,200.00 ", -   ," 37,200.00 ", 185.00 ," 11,100.00 "," 26,100.00 ",70%
Hospital,DR MS 00844,21/07/2021,METMIC 500MG, 2.00 , 780.00 ," 1,560.00 ", -   ," 1,560.00 ", 227.50 , 455.00 ," 1,105.00 ",71%
Hospital,DR MS 00844,21/07/2021,ZINACARE 750MG WITH DILUENT, 50.00 , 300.00 ," 15,000.00 ", -   ," 15,000.00 ", 26.00 ," 1,300.00 "," 13,700.00 ",91%
Hospital,DR MS 00844,21/07/2021,CEPROTRON 500MG, 1.00 ," 1,750.00 "," 1,750.00 ", -   ," 1,750.00 ", 550.00 , 550.00 ," 1,200.00 ",69%
Hospital,DR MS 00844,21/07/2021,DIFLOSID 75MG/3ML, 10.00 ," 2,000.00 "," 20,000.00 ", -   ," 20,000.00 ", 100.00 ," 1,000.00 "," 19,000.00 ",95%
Hospital,DR MS 00844,21/07/2021,ERGON 125MCG, 2.00 ," 2,000.00 "," 4,000.00 ", -   ," 4,000.00 ", 133.33 , 266.66 ," 3,733.34 ",93%
Hospital,DR MS 00844,21/07/2021,EVAPROST 125MCG/ML, 3.00 ," 3,960.00 "," 11,880.00 ", -   ," 11,880.00 "," 1,872.00 "," 5,616.00 "," 6,264.00 ",53%
Hospital,DR MS 00844,21/07/2021,EVAPROST 250MCG/ML, 1.00 ," 9,600.00 "," 9,600.00 ", -   ," 9,600.00 "," 3,575.00 "," 3,575.00 "," 6,025.00 ",63%
Hospital,DR MS 00844,21/07/2021,EUROXONE 1G, 50.00 , 480.00 ," 24,000.00 ", -   ," 24,000.00 ", 73.00 ," 3,650.00 "," 20,350.00 ",85%
Hospital,DR MS 00844,21/07/2021,LACTAMOX 500MG/125MG TAB, 7.00 ," 2,800.00 "," 19,600.00 ", -   ," 19,600.00 "," 1,047.86 "," 7,335.02 "," 12,264.98 ",63%
Hospital,DR MS 00844,21/07/2021,MAXIFER 20MG/ML, 3.00 ," 2,490.00 "," 7,470.00 ", -   ," 7,470.00 ", 880.91 ," 2,642.73 "," 4,827.27 ",65%
Hospital,DR MS 00844,21/07/2021,DOLO JAGA 500MG/50MG/100MG/100MCG, 3.00 ," 1,550.00 "," 4,650.00 ", -   ," 4,650.00 ", 615.00 ," 1,845.00 "," 2,805.00 ",60%
Hospital,DR MS 00844,21/07/2021,SODAMPEN 1G IM/IV, 50.00 , 128.00 ," 6,400.00 ", -   ," 6,400.00 ", 43.00 ," 2,150.00 "," 4,250.00 ",66%
Hospital,DR MS 00844,21/07/2021,SODAMPEN 250MG VIAL, 2.00 , 420.00 , 840.00 , -   , 840.00 , 120.00 , 240.00 , 600.00 ,71%
Hospital,DR MS 00844,21/07/2021,AMBIDOL 50MG/ML (100MG/2ML), 5.00 ," 1,200.00 "," 6,000.00 ", -   ," 6,000.00 ", 56.00 , 280.00 ," 5,720.00 ",95%
Hospital,DR MS 00844,21/07/2021,GENTAM 40MG, 2.00 , 420.00 , 840.00 , -   , 840.00 , 50.00 , 100.00 , 740.00 ,88%
Hospital,DR MS 00844,21/07/2021,EPIX BY 10'S, 5.00 ," 1,200.00 "," 6,000.00 ", -   ," 6,000.00 ", 175.00 , 875.00 ," 5,125.00 ",85%
Hospital,DR MS 00844,21/07/2021,ENOCEE 500mg, 5.00 , 900.00 ," 4,500.00 ", -   ," 4,500.00 ", 48.00 , 240.00 ," 4,260.00 ",95%
Hospital,DR MS 00851,15/07/2021,HYCLENS WOUND SPRAY (60ML), 432.00 , 280.00 ," 120,960.00 ", -   ," 120,960.00 ", 114.66 ," 49,533.12 "," 71,426.88 ",59%
Hospital,DR MS 00841,05/07/2021,SPASBASCINE, 100.00 , 750.00 ," 75,000.00 ", -   ," 75,000.00 ", 180.00 ," 18,000.00 "," 57,000.00 ",76%
Hospital,DR MS 00841,05/07/2021,SODAMPEN 1G IM/IV, 976.00 , 128.00 ," 124,928.00 ", -   ," 124,928.00 ", 43.00 ," 41,968.00 "," 82,960.00 ",66%
Hospital,DR MS 00841,05/07/2021,ANTIZOAL 5MG/ML, 300.00 , 120.00 ," 36,000.00 ", -   ," 36,000.00 ", 21.00 ," 6,300.00 "," 29,700.00 ",83%
Hospital,DR MS 00840,05/07/2021,CIMEX 500MG, 20.00 ," 2,900.00 "," 58,000.00 ", -   ," 58,000.00 "," 1,100.00 "," 22,000.00 "," 36,000.00 ",62%
Hospital,DR MS 00840,05/07/2021,SORBIFER 310MG, 30.00 ," 1,400.00 "," 42,000.00 ", -   ," 42,000.00 ", 700.00 ," 21,000.00 "," 21,000.00 ",50%
Hospital,DR MS 00840,05/07/2021,EVAPROST 250MCG/ML, 20.00 ," 9,600.00 "," 192,000.00 ", -   ," 192,000.00 "," 3,575.00 "," 71,500.00 "," 120,500.00 ",63%
Hospital,DR MS 00840,05/07/2021,EUROXONE 1G, 400.00 , 380.00 ," 152,000.00 ", -   ," 152,000.00 ", 73.00 ," 29,200.00 "," 122,800.00 ",81%
Hospital,DR MS 00839,05/07/2021,LUPINSULIN 30:70, 45.00 , 845.00 ," 38,025.00 ", -   ," 38,025.00 ", 430.00 ," 19,350.00 "," 18,675.00 ",49%
Hospital,DR MS 00843,05/07/2021,SYVIR 400, 200.00 ," 6,200.00 "," 1,240,000.00 ", -   ," 1,240,000.00 "," 2,000.00 "," 400,000.00 "," 840,000.00 ",68%
Hospital,DR MS 00823,28/06/2021,BUPIRIGHT AMPULE, 10.00 , 620.00 ," 6,200.00 ", -   ," 6,200.00 ", 185.00 ," 1,850.00 "," 4,350.00 ",70%
Hospital,DR MS 00823,28/06/2021,CEPROTRON 500MG, 1.00 ," 1,750.00 "," 1,750.00 ", -   ," 1,750.00 ", 550.00 , 550.00 ," 1,200.00 ",69%
Hospital,DR MS 00823,28/06/2021,DIFLOSID 75MG/3ML, 10.00 , 750.00 ," 7,500.00 ", -   ," 7,500.00 ", 100.00 ," 1,000.00 "," 6,500.00 ",87%
Hospital,DR MS 00823,28/06/2021,ERGON 125MCG, 1.00 ," 2,000.00 "," 2,000.00 ", -   ," 2,000.00 ", 133.33 , 133.33 ," 1,866.67 ",93%
Hospital,DR MS 00823,28/06/2021,LACTAMOX 500MG/125MG TAB, 6.00 ," 2,800.00 "," 16,800.00 ", -   ," 16,800.00 "," 1,047.86 "," 6,287.16 "," 10,512.84 ",63%
Hospital,DR MS 00823,28/06/2021,MAXIFER 20MG/ML, 1.00 ," 2,490.00 "," 2,490.00 ", -   ," 2,490.00 ", 880.91 , 880.91 ," 1,609.09 ",65%
Hospital,DR MS 00823,28/06/2021,EPIX BY 10'S, 5.00 ," 1,200.00 "," 6,000.00 ", -   ," 6,000.00 ", 175.00 , 875.00 ," 5,125.00 ",85%
Hospital,DR MS 00823,28/06/2021,ENOCEE 500mg, 5.00 , 900.00 ," 4,500.00 ", -   ," 4,500.00 ", 48.00 , 240.00 ," 4,260.00 ",95%
Hospital,DR MS 00823,28/06/2021,SODAMPEN 1G IM/IV, 30.00 , 128.00 ," 3,840.00 ", -   ," 3,840.00 ", 43.00 ," 1,290.00 "," 2,550.00 ",66%
Hospital,DR MS 00823,28/06/2021,ATREX 1MG/ML, 2.00 , 580.00 ," 1,160.00 ", -   ," 1,160.00 ", 130.00 , 260.00 , 900.00 ,78%
Hospital,DR MS 00825,28/06/2021,RANIREX 25MG/ML, 10.00 , 800.00 ," 8,000.00 ", -   ," 8,000.00 ", 30.20 , 302.00 ," 7,698.00 ",96%
Hospital,DR MS 00824,28/06/2021,ALL SILICONE DUODENAL TUBE F.16 - UNIMEX, 20.00 , 221.00 ," 4,420.00 ", -   ," 4,420.00 ", 200.00 ," 4,000.00 ", 420.00 ,10%
Hospital,DR MS 00817,21/06/2021,ANTIZOAL 5MG/ML, 200.00 , 120.00 ," 24,000.00 ", -   ," 24,000.00 ", 21.00 ," 4,200.00 "," 19,800.00 ",83%
Hospital,DR MS 00811,21/06/2021,CIMEX 500MG, 10.00 ," 2,900.00 "," 29,000.00 ", -   ," 29,000.00 "," 1,100.00 "," 11,000.00 "," 18,000.00 ",62%
Hospital,DR MS 00812,21/06/2021,LUPINSULIN 30:70, 30.00 , 845.00 ," 25,350.00 ", -   ," 25,350.00 ", 430.00 ," 12,900.00 "," 12,450.00 ",49%
Hospital,DR MS 00813,21/06/2021,TRAXAN 100MG, 30.00 ," 1,150.00 "," 34,500.00 ", -   ," 34,500.00 ", 200.00 ," 6,000.00 "," 28,500.00 ",83%
Hospital,DR MS 00818,21/06/2021,TRAXAN 100MG, 60.00 , 575.00 ," 34,500.00 ", -   ," 34,500.00 ", 200.00 ," 12,000.00 "," 22,500.00 ",65%
Hospital,DR MS 00818,21/06/2021,SPASBASCINE, 50.00 , 750.00 ," 37,500.00 ", -   ," 37,500.00 ", 180.00 ," 9,000.00 "," 28,500.00 ",76%
Hospital,DR MS 00818,21/06/2021,EUROXONE 1G, 200.00 , 380.00 ," 76,000.00 ", -   ," 76,000.00 ", 73.00 ," 14,600.00 "," 61,400.00 ",81%
Hospital,DR MS 00818,21/06/2021,TERMAGEN 500MG, 10.00 , 500.00 ," 5,000.00 ", -   ," 5,000.00 ", 105.00 ," 1,050.00 "," 3,950.00 ",79%
Hospital,DR MS 00818,21/06/2021,SORBIFER 310MG, 30.00 ," 1,400.00 "," 42,000.00 ", -   ," 42,000.00 ", 700.00 ," 21,000.00 "," 21,000.00 ",50%
Hospital,DR MS 00793,07/06/2021,PROFUREX 750MG ," 1,000.00 ", 377.44 ," 377,440.00 ", -   ," 377,440.00 ", 185.35 ," 185,350.00 "," 192,090.00 ",51%
Hospital,DR MS 00807,07/06/2021,ANTIZOAL 5MG/ML, 300.00 , 120.00 ," 36,000.00 ", -   ," 36,000.00 ", 21.00 ," 6,300.00 "," 29,700.00 ",83%
Hospital,DR MS 00806,07/06/2021,GYNE-TOCIN 10IU/ML, 100.00 , 900.00 ," 90,000.00 ", -   ," 90,000.00 ", 74.00 ," 7,400.00 "," 82,600.00 ",92%
Hospital,DR MS 00806,07/06/2021,TERMAGEN 500MG, 20.00 , 500.00 ," 10,000.00 ", -   ," 10,000.00 ", 105.00 ," 2,100.00 "," 7,900.00 ",79%
Hospital,DR MS 00806,07/06/2021,SORBIFER 310MG, 30.00 ," 1,400.00 "," 42,000.00 ", -   ," 42,000.00 ", 700.00 ," 21,000.00 "," 21,000.00 ",50%
Hospital,DR MS 00806,07/06/2021,CATAMED 75MCG TAB, 10.00 ," 2,800.00 "," 28,000.00 ", -   ," 28,000.00 ", 499.00 ," 4,990.00 "," 23,010.00 ",82%
Hospital,DR MS 00808,07/06/2021,CIMEX 500MG, 20.00 ," 2,900.00 "," 58,000.00 ", -   ," 58,000.00 "," 1,100.00 "," 22,000.00 "," 36,000.00 ",62%
Hospital,DR MS 00808,07/06/2021,SODAMPEN 1G IM/IV, 500.00 , 128.00 ," 64,000.00 ", -   ," 64,000.00 ", 43.00 ," 21,500.00 "," 42,500.00 ",66%
Hospital,DR MS 00803,07/06/2021,BACTIV 625MG, 11.00 , 529.20 ," 5,821.20 ", -   ," 5,821.20 ", 259.88 ," 2,858.68 "," 2,962.52 ",51%
Hospital,DR MS 00798,07/06/2021,ANTIZOAL 5MG/ML, 20.00 , 80.00 ," 1,600.00 ", -   ," 1,600.00 ", 21.00 , 420.00 ," 1,180.00 ",74%
Hospital,DR MS 00798,07/06/2021,BUPIRIGHT AMPULE, 30.00 , 620.00 ," 18,600.00 ", -   ," 18,600.00 ", 185.00 ," 5,550.00 "," 13,050.00 ",70%
Hospital,DR MS 00798,07/06/2021,METMIC 500MG, 2.00 , 780.00 ," 1,560.00 ", -   ," 1,560.00 ", 227.50 , 455.00 ," 1,105.00 ",71%
Hospital,DR MS 00798,07/06/2021,ZINACARE 750MG W/O DILUENT, 50.00 , 300.00 ," 15,000.00 ", -   ," 15,000.00 ", 15.00 , 750.00 ," 14,250.00 ",95%
Hospital,DR MS 00798,07/06/2021,CEPROTRON 500MG, 1.00 ," 1,750.00 "," 1,750.00 ", -   ," 1,750.00 ", 550.00 , 550.00 ," 1,200.00 ",69%
Hospital,DR MS 00798,07/06/2021,DIFLOSID 75MG/3ML, 5.00 , 750.00 ," 3,750.00 ", -   ," 3,750.00 ", 100.00 , 500.00 ," 3,250.00 ",87%
Hospital,DR MS 00798,07/06/2021,ERGON 125MCG, 2.00 ," 2,000.00 "," 4,000.00 ", -   ," 4,000.00 ", 133.33 , 266.66 ," 3,733.34 ",93%
Hospital,DR MS 00798,07/06/2021,EVAPROST 125MCG/ML, 2.00 ," 3,960.00 "," 7,920.00 ", -   ," 7,920.00 "," 1,872.00 "," 3,744.00 "," 4,176.00 ",53%
Hospital,DR MS 00798,07/06/2021,EVAPROST 250MCG/ML, 1.00 ," 9,600.00 "," 9,600.00 ", -   ," 9,600.00 "," 3,575.00 "," 3,575.00 "," 6,025.00 ",63%
Hospital,DR MS 00798,07/06/2021,LACTAMOX 500MG/125MG TAB, 3.00 ," 2,800.00 "," 8,400.00 ", -   ," 8,400.00 "," 1,047.86 "," 3,143.58 "," 5,256.42 ",63%
Hospital,DR MS 00798,07/06/2021,MAXIFER 20MG/ML, 3.00 ," 2,450.00 "," 7,350.00 ", -   ," 7,350.00 ", 880.91 ," 2,642.73 "," 4,707.27 ",64%
Hospital,DR MS 00798,07/06/2021,DOLO JAGA 500MG/50MG/100MG/100MCG, 2.00 ," 1,550.00 "," 3,100.00 ", -   ," 3,100.00 ", 615.00 ," 1,230.00 "," 1,870.00 ",60%
Hospital,DR MS 00798,07/06/2021,AGLOTAC 25MG/ML (50MG/2ML), 4.00 , 800.00 ," 3,200.00 ", -   ," 3,200.00 ", 60.00 , 240.00 ," 2,960.00 ",93%
Hospital,DR MS 00798,07/06/2021,AMBIDOL 50MG/ML (100MG/2ML), 3.00 ," 1,200.00 "," 3,600.00 ", -   ," 3,600.00 ", 56.00 , 168.00 ," 3,432.00 ",95%
Hospital,DR MS 00798,07/06/2021,EPIX BY 10'S, 5.00 ," 1,200.00 "," 6,000.00 ", -   ," 6,000.00 ", 175.00 , 875.00 ," 5,125.00 ",85%
Hospital,DR MS 00798,07/06/2021,ATREX 1MG/ML, 2.00 , 580.00 ," 1,160.00 ", -   ," 1,160.00 ", 130.00 , 260.00 , 900.00 ,78%
Hospital,DR MS 00798,07/06/2021,ENOCEE 500mg, 5.00 , 900.00 ," 4,500.00 ", -   ," 4,500.00 ", 48.00 , 240.00 ," 4,260.00 ",95%
Hospital,DR MS 00809,07/06/2021,PHYTOMEN 10MG/ML, 10.00 , 900.00 ," 9,000.00 ", -   ," 9,000.00 ", 145.00 ," 1,450.00 "," 7,550.00 ",84%
Hospital,DR MS 00791,31/05/2021,BACTIV 625MG, 5.00 , 529.20 ," 2,646.00 ", -   ," 2,646.00 ", 259.88 ," 1,299.40 "," 1,346.60 ",51%
Hospital,DR MS 00791,31/05/2021,MAXIFER 20MG/ML, 100.00 ," 2,450.00 "," 245,000.00 ", -   ," 245,000.00 ", 880.91 ," 88,091.00 "," 156,909.00 ",64%
Hospital,DR MS 00791,31/05/2021,CIMEX 500MG, 20.00 ," 2,900.00 "," 58,000.00 ", -   ," 58,000.00 "," 1,100.00 "," 22,000.00 "," 36,000.00 ",62%
Hospital,DR MS 00791,31/05/2021,TERMAGEN 500MG, 10.00 , 500.00 ," 5,000.00 ", -   ," 5,000.00 ", 105.00 ," 1,050.00 "," 3,950.00 ",79%
Hospital,DR MS 00791,31/05/2021,SORBIFER 310MG, 20.00 ," 1,400.00 "," 28,000.00 ", -   ," 28,000.00 ", 700.00 ," 14,000.00 "," 14,000.00 ",50%
Hospital,DR MS 00792,31/05/2021,DOLO JAGA 500MG/50MG/100MG/100MCG, 2.00 ," 1,550.00 "," 3,100.00 ", -   ," 3,100.00 ", 615.00 ," 1,230.00 "," 1,870.00 ",60%
Hospital,DR MS 00789,10/05/2021,BUPIRIGHT AMPULE, 50.00 , 620.00 ," 31,000.00 ", -   ," 31,000.00 ", 185.00 ," 9,250.00 "," 21,750.00 ",70%
Hospital,DR MS 00789,10/05/2021,METMIC 500MG, 1.00 , 780.00 , 780.00 , -   , 780.00 , 227.50 , 227.50 , 552.50 ,71%
Hospital,DR MS 00789,10/05/2021,CEPROTRON 500MG, 2.00 ," 1,750.00 "," 3,500.00 ", -   ," 3,500.00 ", 550.00 ," 1,100.00 "," 2,400.00 ",69%
Hospital,DR MS 00789,10/05/2021,DIFLOSID 75MG/3ML, 10.00 , 750.00 ," 7,500.00 ", -   ," 7,500.00 ", 100.00 ," 1,000.00 "," 6,500.00 ",87%
Hospital,DR MS 00789,10/05/2021,ERGON 125MCG, 1.00 ," 2,000.00 "," 2,000.00 ", -   ," 2,000.00 ", 133.33 , 133.33 ," 1,866.67 ",93%
Hospital,DR MS 00789,10/05/2021,EVAPROST 125MCG/ML, 2.00 ," 3,960.00 "," 7,920.00 ", -   ," 7,920.00 "," 1,872.00 "," 3,744.00 "," 4,176.00 ",53%
Hospital,DR MS 00789,10/05/2021,EVAPROST 250MCG/ML, 2.00 ," 9,600.00 "," 19,200.00 ", -   ," 19,200.00 "," 3,575.00 "," 7,150.00 "," 12,050.00 ",63%
Hospital,DR MS 00789,10/05/2021,LACTAMOX 500MG/125MG TAB, 5.00 ," 2,800.00 "," 14,000.00 ", -   ," 14,000.00 "," 1,047.86 "," 5,239.30 "," 8,760.70 ",63%
Hospital,DR MS 00789,10/05/2021,MAXIFER 20MG/ML, 2.00 ," 2,490.00 "," 4,980.00 ", -   ," 4,980.00 ", 880.91 ," 1,761.82 "," 3,218.18 ",65%
Hospital,DR MS 00789,10/05/2021,AGLOTAC 25MG/ML (50MG/2ML), 10.00 , 800.00 ," 8,000.00 ", -   ," 8,000.00 ", 60.00 , 600.00 ," 7,400.00 ",93%
Hospital,DR MS 00789,10/05/2021,EPIX BY 10'S, 5.00 ," 1,200.00 "," 6,000.00 ", -   ," 6,000.00 ", 175.00 , 875.00 ," 5,125.00 ",85%
Hospital,DR MS 00789,10/05/2021,ENOCEE 500mg, 6.00 , 900.00 ," 5,400.00 ", -   ," 5,400.00 ", 48.00 , 288.00 ," 5,112.00 ",95%
Hospital,DR MS 00770,20/04/2021,BUPIRIGHT AMPULE, 40.00 , 620.00 ," 24,800.00 ", -   ," 24,800.00 ", 185.00 ," 7,400.00 "," 17,400.00 ",70%
Hospital,DR MS 00770,20/04/2021,ZINACARE 750MG W/O DILUENT, 30.00 , 300.00 ," 9,000.00 ", -   ," 9,000.00 ", 15.00 , 450.00 ," 8,550.00 ",95%
Hospital,DR MS 00770,20/04/2021,DIFLOSID 75MG/3ML, 5.00 , 750.00 ," 3,750.00 ", -   ," 3,750.00 ", 100.00 , 500.00 ," 3,250.00 ",87%
Hospital,DR MS 00770,20/04/2021,EVAPROST 125MCG/ML, 2.00 ," 3,960.00 "," 7,920.00 ", -   ," 7,920.00 "," 1,872.00 "," 3,744.00 "," 4,176.00 ",53%
Hospital,DR MS 00770,20/04/2021,EVAPROST 250MCG/ML, 1.00 ," 9,600.00 "," 9,600.00 ", -   ," 9,600.00 "," 3,575.00 "," 3,575.00 "," 6,025.00 ",63%
Hospital,DR MS 00770,20/04/2021,LACTAMOX 500MG/125MG TAB, 3.00 ," 2,800.00 "," 8,400.00 ", -   ," 8,400.00 "," 1,047.86 "," 3,143.58 "," 5,256.42 ",63%
Hospital,DR MS 00770,20/04/2021,DOLO JAGA 500MG/50MG/100MG/100MCG, 1.00 ," 1,550.00 "," 1,550.00 ", -   ," 1,550.00 ", 615.00 , 615.00 , 935.00 ,60%
Hospital,DR MS 00770,20/04/2021,RANIREX 25MG/ML, 10.00 , 800.00 ," 8,000.00 ", -   ," 8,000.00 ", 30.20 , 302.00 ," 7,698.00 ",96%
Hospital,DR MS 00770,20/04/2021,SODAMPEN 1G IM/IV, 20.00 , 128.00 ," 2,560.00 ", -   ," 2,560.00 ", 43.00 , 860.00 ," 1,700.00 ",66%
Hospital,DR MS 00770,20/04/2021,SODAMPEN 250MG VIAL, 3.00 , 420.00 ," 1,260.00 ", -   ," 1,260.00 ", 120.00 , 360.00 , 900.00 ,71%
Hospital,DR MS 00770,20/04/2021,GENTACARE 3MG/ML EYE DROPS, 3.00 , 420.00 ," 1,260.00 ", -   ," 1,260.00 ", 70.00 , 210.00 ," 1,050.00 ",83%
Hospital,DR MS 00770,20/04/2021,EPIX BY 10'S, 3.00 ," 1,200.00 "," 3,600.00 ", -   ," 3,600.00 ", 175.00 , 525.00 ," 3,075.00 ",85%
Hospital,DR MS 00770,20/04/2021,ENOCEE 500mg, 6.00 , 900.00 ," 5,400.00 ", -   ," 5,400.00 ", 48.00 , 288.00 ," 5,112.00 ",95%
Hospital,DR MS 00772,20/04/2021,ZEFXON 40MG, 200.00 , 533.40 ," 106,680.00 ", -   ," 106,680.00 ", 293.37 ," 58,674.00 "," 48,006.00 ",45%
Hospital,DR MS 00776,20/04/2021,FLACOXTO 200MG, 10.00 ," 2,500.00 "," 25,000.00 ", -   ," 25,000.00 ", 220.00 ," 2,200.00 "," 22,800.00 ",91%
Hospital,DR MS 00776,20/04/2021,BACTIV 625MG, 16.00 , 529.20 ," 8,467.20 ", -   ," 8,467.20 ", 259.88 ," 4,158.08 "," 4,309.12 ",51%
Hospital,DR MS 00776,20/04/2021,CIMEX 500MG, 10.00 ," 2,900.00 "," 29,000.00 ", -   ," 29,000.00 "," 1,100.00 "," 11,000.00 "," 18,000.00 ",62%
Hospital,DR MS 00776,20/04/2021,TERMAGEN 500MG, 10.00 , 500.00 ," 5,000.00 ", -   ," 5,000.00 ", 105.00 ," 1,050.00 "," 3,950.00 ",79%
Hospital,DR MS 00776,20/04/2021,SORBIFER 310MG, 30.00 ," 1,400.00 "," 42,000.00 ", -   ," 42,000.00 ", 700.00 ," 21,000.00 "," 21,000.00 ",50%
Hospital,DR MS 00776,20/04/2021,SODAMPEN 1G IM/IV, 300.00 , 128.00 ," 38,400.00 ", -   ," 38,400.00 ", 43.00 ," 12,900.00 "," 25,500.00 ",66%
Hospital,DR MS 00777,20/04/2021,ANTIZOAL 5MG/ML, 200.00 , 120.00 ," 24,000.00 ", -   ," 24,000.00 ", 21.00 ," 4,200.00 "," 19,800.00 ",83%
Hospital,DR 024205,14/04/2021,ANTIZOAL 5MG/ML, 200.00 , 120.00 ," 24,000.00 ", -   ," 24,000.00 ", 21.00 ," 4,200.00 "," 19,800.00 ",83%
Hospital,DR 024205,14/04/2021,PHYTOMEN 10MG/ML, 10.00 , 900.00 ," 9,000.00 ", -   ," 9,000.00 ", 145.00 ," 1,450.00 "," 7,550.00 ",84%
Hospital,MS00765,31/03/2021,EUROXONE 1G, 300.00 , 380.00 ," 114,000.00 ", -   ," 114,000.00 ", 73.00 ," 21,900.00 "," 92,100.00 ",81%
Hospital,MS00764,31/03/2021,ANTIZOAL 5MG/ML, 200.00 , 120.00 ," 24,000.00 ", -   ," 24,000.00 ", 21.00 ," 4,200.00 "," 19,800.00 ",83%
Hospital,MS 00757,31/03/2021,GYNE-TOCIN 10IU/ML, 100.00 , 900.00 ," 90,000.00 ", -   ," 90,000.00 ", 74.00 ," 7,400.00 "," 82,600.00 ",92%
Hospital,MS 00767,31/03/2021,ANTIZOAL 5MG/ML, 40.00 , 80.00 ," 3,200.00 ", -   ," 3,200.00 ", 21.00 , 840.00 ," 2,360.00 ",74%
Hospital,MS 00767,31/03/2021,BUPIRIGHT AMPULE, 40.00 , 620.00 ," 24,800.00 ", -   ," 24,800.00 ", 185.00 ," 7,400.00 "," 17,400.00 ",70%
Hospital,MS 00767,31/03/2021,METMIC 500MG, 2.00 , 780.00 ," 1,560.00 ", -   ," 1,560.00 ", 227.50 , 455.00 ," 1,105.00 ",71%
Hospital,MS 00767,31/03/2021,ZINACARE 750MG W/O DILUENT, 80.00 , 300.00 ," 24,000.00 ", -   ," 24,000.00 ", 15.00 ," 1,200.00 "," 22,800.00 ",95%
Hospital,MS 00767,31/03/2021,CEPROTRON 500MG, 2.00 ," 1,750.00 "," 3,500.00 ", -   ," 3,500.00 ", 550.00 ," 1,100.00 "," 2,400.00 ",69%
Hospital,MS 00767,31/03/2021,DIFLOSID 75MG/3ML, 10.00 , 750.00 ," 7,500.00 ", -   ," 7,500.00 ", 100.00 ," 1,000.00 "," 6,500.00 ",87%
Hospital,MS 00767,31/03/2021,EVAPROST 125MCG/ML, 2.00 ," 3,960.00 "," 7,920.00 ", -   ," 7,920.00 "," 1,872.00 "," 3,744.00 "," 4,176.00 ",53%
Hospital,MS 00767,31/03/2021,EUROXONE 1G, 40.00 , 480.00 ," 19,200.00 ", -   ," 19,200.00 ", 73.00 ," 2,920.00 "," 16,280.00 ",85%
Hospital,MS 00767,31/03/2021,LACTAMOX 500MG/125MG TAB, 3.00 ," 2,800.00 "," 8,400.00 ", -   ," 8,400.00 "," 1,047.86 "," 3,143.58 "," 5,256.42 ",63%
Hospital,MS 00767,31/03/2021,MAXIFER 20MG/ML, 2.00 ," 2,450.00 "," 4,900.00 ", -   ," 4,900.00 ", 880.91 ," 1,761.82 "," 3,138.18 ",64%
Hospital,MS 00767,31/03/2021,DOLO JAGA 500MG/50MG/100MG/100MCG, 5.00 ," 1,550.00 "," 7,750.00 ", -   ," 7,750.00 ", 615.00 ," 3,075.00 "," 4,675.00 ",60%
Hospital,MS 00767,31/03/2021,RANIREX 25MG/ML, 5.00 , 800.00 ," 4,000.00 ", -   ," 4,000.00 ", 30.20 , 151.00 ," 3,849.00 ",96%
Hospital,MS 00767,31/03/2021,SODAMPEN 1G IM/IV, 50.00 , 128.00 ," 6,400.00 ", -   ," 6,400.00 ", 43.00 ," 2,150.00 "," 4,250.00 ",66%
Hospital,MS 00767,31/03/2021,SODAMPEN 250MG VIAL, 5.00 , 420.00 ," 2,100.00 ", -   ," 2,100.00 ", 120.00 , 600.00 ," 1,500.00 ",71%
Hospital,MS 00767,31/03/2021,GENTACARE 3MG/ML EYE DROPS, 7.00 , 420.00 ," 2,940.00 ", -   ," 2,940.00 ", 70.00 , 490.00 ," 2,450.00 ",83%
Hospital,MS 00767,31/03/2021,EPIX BY 10'S, 1.00 ," 12,000.00 "," 12,000.00 ", -   ," 12,000.00 ", 175.00 , 175.00 ," 11,825.00 ",99%
Hospital,MS 00767,31/03/2021,ENOCEE 500mg, 5.00 ," 1,200.00 "," 6,000.00 ", -   ," 6,000.00 ", 48.00 , 240.00 ," 5,760.00 ",96%
Hospital,MS 00767,31/03/2021,DOPAN 200mg/5ml, 6.00 ," 1,450.00 "," 8,700.00 ", -   ," 8,700.00 ", 210.00 ," 1,260.00 "," 7,440.00 ",86%
Hospital,MS 00763,30/03/2021,CIMEX 500MG, 20.00 ," 2,900.00 "," 58,000.00 ", -   ," 58,000.00 "," 1,100.00 "," 22,000.00 "," 36,000.00 ",62%
Hospital,MS 00763,30/03/2021,EVAPROST 250MCG/ML, 40.00 ," 4,800.00 "," 192,000.00 ", -   ," 192,000.00 "," 3,575.00 "," 143,000.00 "," 49,000.00 ",26%
Hospital,MS 00749,29/03/2021,ANTIZOAL 5MG/ML, 60.00 , 80.00 ," 4,800.00 ", -   ," 4,800.00 ", 21.00 ," 1,260.00 "," 3,540.00 ",74%
Hospital,MS 00749,29/03/2021,BUPIRIGHT AMPULE, 25.00 , 620.00 ," 15,500.00 ", -   ," 15,500.00 ", 185.00 ," 4,625.00 "," 10,875.00 ",70%
Hospital,MS 00749,29/03/2021,METMIC 500MG, 2.00 , 780.00 ," 1,560.00 ", -   ," 1,560.00 ", 227.50 , 455.00 ," 1,105.00 ",71%
Hospital,MS 00749,29/03/2021,ZINACARE 750MG W/O DILUENT, 30.00 , 300.00 ," 9,000.00 ", -   ," 9,000.00 ", 15.00 , 450.00 ," 8,550.00 ",95%
Hospital,MS 00749,29/03/2021,EVAPROST 125MCG/ML, 2.00 ," 3,960.00 "," 7,920.00 ", -   ," 7,920.00 "," 1,872.00 "," 3,744.00 "," 4,176.00 ",53%
Hospital,MS 00749,29/03/2021,LACTAMOX 500MG/125MG TAB, 4.00 ," 2,800.00 "," 11,200.00 ", -   ," 11,200.00 "," 1,047.86 "," 4,191.44 "," 7,008.56 ",63%
Hospital,MS 00749,29/03/2021,DOLO JAGA 500MG/50MG/100MG/100MCG, 4.00 ," 1,550.00 "," 6,200.00 ", -   ," 6,200.00 ", 615.00 ," 2,460.00 "," 3,740.00 ",60%
Hospital,MS 00749,29/03/2021,RANIREX 25MG/ML, 10.00 , 800.00 ," 8,000.00 ", -   ," 8,000.00 ", 30.20 , 302.00 ," 7,698.00 ",96%
Hospital,MS 00749,29/03/2021,SODAMPEN 1G IM/IV, 30.00 , 128.00 ," 3,840.00 ", -   ," 3,840.00 ", 43.00 ," 1,290.00 "," 2,550.00 ",66%
Hospital,MS 00749,29/03/2021,AMBIDOL 50MG/ML (100MG/2ML), 5.00 ," 1,200.00 "," 6,000.00 ", -   ," 6,000.00 ", 56.00 , 280.00 ," 5,720.00 ",95%
Hospital,MS 00749,29/03/2021,DIFLOSID 75MG/3ML, 5.00 , 750.00 ," 3,750.00 ", -   ," 3,750.00 ", 100.00 , 500.00 ," 3,250.00 ",87%
Hospital,MS 00749,29/03/2021,PHYTOMEN 10MG/ML, 2.00 , 800.00 ," 1,600.00 ", -   ," 1,600.00 ", 145.00 , 290.00 ," 1,310.00 ",82%
Hospital,MS 00749,29/03/2021,GENTACARE 40MG, 2.00 , 420.00 , 840.00 , -   , 840.00 , 50.00 , 100.00 , 740.00 ,88%
Hospital,MS 00749,29/03/2021,ATREX 1MG/ML, 2.00 , 580.00 ," 1,160.00 ", -   ," 1,160.00 ", 130.00 , 260.00 , 900.00 ,78%
Hospital,MS00756,26/03/2021,DOPAN 200mg/5ml, 6.00 ," 1,450.00 "," 8,700.00 ", -   ," 8,700.00 ", 210.00 ," 1,260.00 "," 7,440.00 ",86%
Hospital,MS00752,22/03/2021,CIMEX 500MG, 20.00 ," 2,900.00 "," 58,000.00 ", -   ," 58,000.00 "," 1,100.00 "," 22,000.00 "," 36,000.00 ",62%
Hospital,MS00752,22/03/2021,SORBIFER 310MG, 30.00 ," 1,400.00 "," 42,000.00 ", -   ," 42,000.00 ", 700.00 ," 21,000.00 "," 21,000.00 ",50%
Hospital,MS00751,22/03/2021,HYCLENS SKIN CLEANSER (60ML), 720.00 , 280.00 ," 201,600.00 ", -   ," 201,600.00 ", 113.40 ," 81,648.00 "," 119,952.00 ",60%
Hospital,MS00746,12/03/2021,DOPAN 200mg/5ml, 10.00 ," 1,450.00 "," 14,500.00 ", -   ," 14,500.00 ", 210.00 ," 2,100.00 "," 12,400.00 ",86%
Hospital,MS00715,20/02/2021,ZEFXON 40MG, 100.00 , 533.40 ," 53,340.00 ", -   ," 53,340.00 ", 293.37 ," 29,337.00 "," 24,003.00 ",45%
Hospital,MS00713,20/02/2021,ANTIZOAL 5MG/ML, 300.00 , 120.00 ," 36,000.00 ", -   ," 36,000.00 ", 21.00 ," 6,300.00 "," 29,700.00 ",83%
Hospital,MS00714,20/02/2021,SORBIFER 310MG, 30.00 ," 1,400.00 "," 42,000.00 ", -   ," 42,000.00 ", 700.00 ," 21,000.00 "," 21,000.00 ",50%
Hospital,MS00714,20/02/2021,DEXAMAX 4MG, 55.00 , 917.50 ," 50,462.50 ", -   ," 50,462.50 ", 290.00 ," 15,950.00 "," 34,512.50 ",68%
Hospital,MS00714,20/02/2021,SODAMPEN 1G IM/IV, 500.00 , 128.00 ," 64,000.00 ", -   ," 64,000.00 ", 43.00 ," 21,500.00 "," 42,500.00 ",66%
Hospital,MS00714,20/02/2021,MAXIFER 20MG/ML, 100.00 ," 2,450.00 "," 245,000.00 ", -   ," 245,000.00 ", 880.91 ," 88,091.00 "," 156,909.00 ",64%
Hospital,MS00714,20/02/2021,EUROXONE 1G, 300.00 , 380.00 ," 114,000.00 ", -   ," 114,000.00 ", 73.00 ," 21,900.00 "," 92,100.00 ",81%
Hospital,MS00722,20/02/2021,SPASBASCINE, 100.00 , 750.00 ," 75,000.00 ", -   ," 75,000.00 ", 180.00 ," 18,000.00 "," 57,000.00 ",76%
Hospital,MS00725,20/02/2021,BACTIV 625MG, 20.00 , 529.20 ," 10,584.00 ", -   ," 10,584.00 ", 259.88 ," 5,197.60 "," 5,386.40 ",51%
Hospital,MS00716,20/02/2021,HYCLENS SKIN CLEANSER (60ML), 720.00 , 280.00 ," 201,600.00 ", -   ," 201,600.00 ", 113.40 ," 81,648.00 "," 119,952.00 ",60%
Hospital,MS00727,20/02/2021,IRBIN 150mg, 1.00 , 940.00 , 940.00 , -   , 940.00 , 207.27 , 207.27 , 732.73 ,78%
Hospital,MS00727,20/02/2021,METMIC 500MG, 1.00 , 780.00 , 780.00 , -   , 780.00 , 227.50 , 227.50 , 552.50 ,71%
Hospital,MS00727,20/02/2021,CEPROTRON 500MG, 2.00 ," 1,750.00 "," 3,500.00 ", -   ," 3,500.00 ", 550.00 ," 1,100.00 "," 2,400.00 ",69%
Hospital,MS00727,20/02/2021,DIFLOSID 75MG/3ML, 15.00 , 750.00 ," 11,250.00 ", -   ," 11,250.00 ", 100.00 ," 1,500.00 "," 9,750.00 ",87%
Hospital,MS00727,20/02/2021,EVAPROST 125MCG/ML, 5.00 ," 3,960.00 "," 19,800.00 ", -   ," 19,800.00 "," 1,872.00 "," 9,360.00 "," 10,440.00 ",53%
Hospital,MS00727,20/02/2021,LACTAMOX 500MG/125MG TAB, 5.00 ," 2,800.00 "," 14,000.00 ", -   ," 14,000.00 "," 1,047.86 "," 5,239.30 "," 8,760.70 ",63%
Hospital,MS00727,20/02/2021,MAXIFER 20MG/ML, 5.00 ," 2,450.00 "," 12,250.00 ", -   ," 12,250.00 ", 880.91 ," 4,404.55 "," 7,845.45 ",64%
Hospital,MS00727,20/02/2021,RANIREX 25MG/ML, 10.00 , 800.00 ," 8,000.00 ", -   ," 8,000.00 ", 30.20 , 302.00 ," 7,698.00 ",96%
Hospital,MS00727,20/02/2021,SODAMPEN 1G IM/IV, 60.00 , 128.00 ," 7,680.00 ", -   ," 7,680.00 ", 43.00 ," 2,580.00 "," 5,100.00 ",66%
Hospital,MS00727,20/02/2021,AMBIDOL 50MG/ML (100MG/2ML), 10.00 ," 1,200.00 "," 12,000.00 ", -   ," 12,000.00 ", 56.00 , 560.00 ," 11,440.00 ",95%
Hospital,MS00727,20/02/2021,EPIX BY 10'S, 10.00 ," 1,200.00 "," 12,000.00 ", -   ," 12,000.00 ", 175.00 ," 1,750.00 "," 10,250.00 ",85%
Hospital,MS00727,20/02/2021,ENOCEE 500mg, 3.00 ," 1,200.00 "," 3,600.00 ", -   ," 3,600.00 ", 48.00 , 144.00 ," 3,456.00 ",96%
Hospital,MS00727,20/02/2021,ATREX 1MG/ML, 3.00 , 580.00 ," 1,740.00 ", -   ," 1,740.00 ", 130.00 , 390.00 ," 1,350.00 ",78%
Hospital,MS00732,20/02/2021,BUPIRIGHT AMPULE, 30.00 , 620.00 ," 18,600.00 ", -   ," 18,600.00 ", 185.00 ," 5,550.00 "," 13,050.00 ",70%
Hospital,MS00732,20/02/2021,METMIC 500MG, 1.00 , 780.00 , 780.00 , -   , 780.00 , 227.50 , 227.50 , 552.50 ,71%
Hospital,MS00732,20/02/2021,CEPROTRON 500MG, 3.00 ," 1,750.00 "," 5,250.00 ", -   ," 5,250.00 ", 550.00 ," 1,650.00 "," 3,600.00 ",69%
Hospital,MS00732,20/02/2021,EVAPROST 125MCG/ML, 3.00 ," 3,960.00 "," 11,880.00 ", -   ," 11,880.00 "," 1,872.00 "," 5,616.00 "," 6,264.00 ",53%
Hospital,MS00732,20/02/2021,EUROXONE 1G, 20.00 , 420.00 ," 8,400.00 ", -   ," 8,400.00 ", 73.00 ," 1,460.00 "," 6,940.00 ",83%
Hospital,MS00732,20/02/2021,LACTAMOX 500MG/125MG TAB, 4.00 ," 2,800.00 "," 11,200.00 ", -   ," 11,200.00 "," 1,047.86 "," 4,191.44 "," 7,008.56 ",63%
Hospital,MS00732,20/02/2021,MAXIFER 20MG/ML, 3.00 ," 2,490.00 "," 7,470.00 ", -   ," 7,470.00 ", 880.91 ," 2,642.73 "," 4,827.27 ",65%
Hospital,MS00732,20/02/2021,DOLO JAGA 500MG/50MG/100MG/100MCG, 2.00 ," 1,550.00 "," 3,100.00 ", -   ," 3,100.00 ", 615.00 ," 1,230.00 "," 1,870.00 ",60%
Hospital,MS00732,20/02/2021,RANIREX 25MG/ML, 6.00 , 800.00 ," 4,800.00 ", -   ," 4,800.00 ", 30.20 , 181.20 ," 4,618.80 ",96%
Hospital,MS00732,20/02/2021,AMBIDOL 50MG/ML (100MG/2ML), 2.00 ," 1,200.00 "," 2,400.00 ", -   ," 2,400.00 ", 56.00 , 112.00 ," 2,288.00 ",95%
Hospital,MS00732,20/02/2021,GENTACARE 40MG, 2.00 , 420.00 , 840.00 , -   , 840.00 , 50.00 , 100.00 , 740.00 ,88%
Hospital,MS00732,20/02/2021,EPIX BY 10'S, 10.00 ," 1,200.00 "," 12,000.00 ", -   ," 12,000.00 ", 175.00 ," 1,750.00 "," 10,250.00 ",85%
Hospital,MS00732,20/02/2021,ATREX 1MG/ML, 3.00 , 580.00 ," 1,740.00 ", -   ," 1,740.00 ", 130.00 , 390.00 ," 1,350.00 ",78%
Hospital,MS00732,20/02/2021,ENOCEE 500mg, 2.00 ," 1,200.00 "," 2,400.00 ", -   ," 2,400.00 ", 48.00 , 96.00 ," 2,304.00 ",96%
Hospital,MS00737,20/02/2021,ANTIZOAL 5MG/ML, 200.00 , 120.00 ," 24,000.00 ", -   ," 24,000.00 ", 21.00 ," 4,200.00 "," 19,800.00 ",83%
Hospital,MS00730,20/02/2021,TERMAGEN 500MG, 10.00 , 500.00 ," 5,000.00 ", -   ," 5,000.00 ", 105.00 ," 1,050.00 "," 3,950.00 ",79%
Hospital,MS00729,20/02/2021,CIMEX 500MG, 20.00 ," 2,900.00 "," 58,000.00 ", -   ," 58,000.00 "," 1,100.00 "," 22,000.00 "," 36,000.00 ",62%
Hospital,MS00731,20/02/2021,HYCLENS WOUND SPRAY (60ML), 720.00 , 280.00 ," 201,600.00 ", -   ," 201,600.00 ", 114.66 ," 82,555.20 "," 119,044.80 ",59%
Hospital,MS00740,20/02/2021,SORBIFER 310MG, 20.00 ," 1,400.00 "," 28,000.00 ", -   ," 28,000.00 ", 700.00 ," 14,000.00 "," 14,000.00 ",50%
Hospital,MS00735,20/02/2021,DIFLOSID 75MG/3ML, 5.00 , 750.00 ," 3,750.00 ", -   ," 3,750.00 ", 100.00 , 500.00 ," 3,250.00 ",87%
Hospital,MS00735,20/02/2021,SODAMPEN 1G IM/IV, 30.00 , 128.00 ," 3,840.00 ", -   ," 3,840.00 ", 43.00 ," 1,290.00 "," 2,550.00 ",66%
Hospital,MS00739,15/02/2021,DIFLOSID 75MG/3ML, 5.00 , 750.00 ," 3,750.00 ", -   ," 3,750.00 ", 100.00 , 500.00 ," 3,250.00 ",87%
Hospital,MS00712,14/01/2021,EVAPROST 125MCG/ML, 20.00 ," 4,800.00 "," 96,000.00 ", -   ," 96,000.00 "," 1,872.00 "," 37,440.00 "," 58,560.00 ",61%
Hospital,MS00711,14/01/2021,GYNE-TOCIN 10IU/ML, 100.00 , 900.00 ," 90,000.00 ", -   ," 90,000.00 ", 74.00 ," 7,400.00 "," 82,600.00 ",92%
Hospital,MS00692,14/01/2021,HYCLENS WOUND SPRAY (60ML)," 1,080.00 ", 280.00 ," 302,400.00 ", -   ," 302,400.00 ", 114.66 ," 123,832.80 "," 178,567.20 ",59%
Hospital,MS00699,14/01/2021,TERMAGEN 500MG, 10.00 , 500.00 ," 5,000.00 ", -   ," 5,000.00 ", 105.00 ," 1,050.00 "," 3,950.00 ",79%
Hospital,MS00699,14/01/2021,ANTIZOAL 5MG/ML, 300.00 , 120.00 ," 36,000.00 ", -   ," 36,000.00 ", 21.00 ," 6,300.00 "," 29,700.00 ",83%
Hospital,MS00700,14/01/2021,SORBIFER 310MG, 50.00 ," 1,400.00 "," 70,000.00 ", -   ," 70,000.00 ", 700.00 ," 35,000.00 "," 35,000.00 ",50%
Hospital,MS00700,14/01/2021,CIMEX 500MG, 10.00 ," 2,900.00 "," 29,000.00 ", -   ," 29,000.00 "," 1,100.00 "," 11,000.00 "," 18,000.00 ",62%
Hospital,MS00700,14/01/2021,DEXAMAX 4MG, 30.00 , 917.50 ," 27,525.00 ", -   ," 27,525.00 ", 290.00 ," 8,700.00 "," 18,825.00 ",68%
Hospital,MS00700,14/01/2021,EVAPROST 250MCG/ML, 10.00 ," 9,600.00 "," 96,000.00 ", -   ," 96,000.00 "," 3,575.00 "," 35,750.00 "," 60,250.00 ",63%
Hospital,MS00700,14/01/2021,SODAMPEN 1G IM/IV, 500.00 , 128.00 ," 64,000.00 ", -   ," 64,000.00 ", 43.00 ," 21,500.00 "," 42,500.00 ",66%
Hospital,MS00700,14/01/2021,MAXIFER 20MG/ML, 84.00 ," 2,450.00 "," 205,800.00 ", -   ," 205,800.00 ", 880.91 ," 73,996.44 "," 131,803.56 ",64%
Hospital,MS00700,14/01/2021,EUROXONE 1G, 500.00 , 380.00 ," 190,000.00 ", -   ," 190,000.00 ", 73.00 ," 36,500.00 "," 153,500.00 ",81%
Hospital,MS00700,14/01/2021,ZEFXON 40MG, 100.00 , 533.40 ," 53,340.00 ", -   ," 53,340.00 ", 293.37 ," 29,337.00 "," 24,003.00 ",45%
Hospital,MS00703,14/01/2021,BUPIRIGHT AMPULE, 80.00 , 620.00 ," 49,600.00 ", -   ," 49,600.00 ", 185.00 ," 14,800.00 "," 34,800.00 ",70%
Hospital,MS00703,14/01/2021,METMIC 500MG, 2.00 , 780.00 ," 1,560.00 ", -   ," 1,560.00 ", 227.50 , 455.00 ," 1,105.00 ",71%
Hospital,MS00703,14/01/2021,ZINACARE 750MG W/O DILUENT, 30.00 , 300.00 ," 9,000.00 ", -   ," 9,000.00 ", 15.00 , 450.00 ," 8,550.00 ",95%
Hospital,MS00703,14/01/2021,CEPROTRON 500MG, 2.00 ," 1,750.00 "," 3,500.00 ", -   ," 3,500.00 ", 550.00 ," 1,100.00 "," 2,400.00 ",69%
Hospital,MS00703,14/01/2021,ERGON 125MCG, 1.00 ," 2,000.00 "," 2,000.00 ", -   ," 2,000.00 ", 133.33 , 133.33 ," 1,866.67 ",93%
Hospital,MS00703,14/01/2021,EVAPROST 125MCG/ML, 7.00 ," 3,960.00 "," 27,720.00 ", -   ," 27,720.00 "," 1,872.00 "," 13,104.00 "," 14,616.00 ",53%
Hospital,MS00703,14/01/2021,EVAPROST 250MCG/ML, 2.00 ," 9,600.00 "," 19,200.00 ", -   ," 19,200.00 "," 3,575.00 "," 7,150.00 "," 12,050.00 ",63%
Hospital,MS00703,14/01/2021,EUROXONE 1G, 60.00 , 480.00 ," 28,800.00 ", -   ," 28,800.00 ", 73.00 ," 4,380.00 "," 24,420.00 ",85%
Hospital,MS00703,14/01/2021,LACTAMOX 500MG/125MG TAB, 2.00 ," 2,800.00 "," 5,600.00 ", -   ," 5,600.00 "," 1,047.86 "," 2,095.72 "," 3,504.28 ",63%
Hospital,MS00703,14/01/2021,DOLO JAGA 500MG/50MG/100MG/100MCG, 4.00 ," 1,550.00 "," 6,200.00 ", -   ," 6,200.00 ", 615.00 ," 2,460.00 "," 3,740.00 ",60%
Hospital,MS00703,14/01/2021,RANIREX 25MG/ML, 15.00 , 800.00 ," 12,000.00 ", -   ," 12,000.00 ", 30.20 , 453.00 ," 11,547.00 ",96%
Hospital,MS00703,14/01/2021,SODAMPEN 1G IM/IV, 50.00 , 128.00 ," 6,400.00 ", -   ," 6,400.00 ", 43.00 ," 2,150.00 "," 4,250.00 ",66%
Hospital,MS00703,14/01/2021,GENTAM 40MG, 3.00 , 420.00 ," 1,260.00 ", -   ," 1,260.00 ", 50.00 , 150.00 ," 1,110.00 ",88%
Hospital,MS00703,14/01/2021,EPIX BY 10'S, 5.00 ," 1,200.00 "," 6,000.00 ", -   ," 6,000.00 ", 175.00 , 875.00 ," 5,125.00 ",85%
Hospital,MS00703,14/01/2021,ENOCEE 500mg, 3.00 ," 1,200.00 "," 3,600.00 ", -   ," 3,600.00 ", 48.00 , 144.00 ," 3,456.00 ",96%
Hospital,MS00703,14/01/2021,DIFLOSID 75MG/3ML, 10.00 , 750.00 ," 7,500.00 ", -   ," 7,500.00 ", 100.00 ," 1,000.00 "," 6,500.00 ",87%
Hospital,MS00708,14/01/2021,PHYTOMEN 10MG/ML, 10.00 , 900.00 ," 9,000.00 ", -   ," 9,000.00 ", 145.00 ," 1,450.00 "," 7,550.00 ",84%
Hospital,MS00702,14/01/2021,ALL SILICONE DUODENAL TUBE F.16 - UNIMEX, 30.00 , 221.00 ," 6,630.00 ", -   ," 6,630.00 ", 200.00 ," 6,000.00 ", 630.00 ,10%
Laguna,DR MS 001093,20/12/2021,DIGITAL THERMOMETER - SURGITECH, 7.00 , 120.00 , 840.00 , -   , 840.00 , 80.00 , 560.00 , 280.00 ,33%
Laguna,DR MS 001093,20/12/2021,ALCOHOL ETHYL 70% - ALCORADE, 10.00 , 600.00 ," 6,000.00 ", -   ," 6,000.00 ", 330.00 ," 3,300.00 "," 2,700.00 ",45%
Laguna,DR MS 001093,20/12/2021,FACE MASK, 10.00 , 85.00 , 850.00 , -   , 850.00 , 50.00 , 500.00 , 350.00 ,41%
Laguna,DR MS 001025,31/10/2021,ZONROX COLOR SAFE 900ML, 460.00 , 112.00 ," 51,520.00 ", -   ," 51,520.00 ", 58.00 ," 26,680.00 "," 24,840.00 ",48%
Laguna,DR MS 001025,31/10/2021,ZONROX ORIGINAL 1/2 GALON, 460.00 , 110.00 ," 50,600.00 ", -   ," 50,600.00 ", 69.64 ," 32,034.40 "," 18,565.60 ",37%
Laguna,DR MS 001025,31/10/2021,PAPER TOWEL - JADE," 2,000.00 ", 95.00 ," 190,000.00 ", -   ," 190,000.00 ", 44.75 ," 89,500.00 "," 100,500.00 ",53%
Laguna,DR MS 001025,31/10/2021,MOP - ORDINARY, 96.00 , 495.00 ," 47,520.00 ", -   ," 47,520.00 ", 155.00 ," 14,880.00 "," 32,640.00 ",69%
Laguna,DR MS 001025,31/10/2021,LIQUID HAND SOAP - FLORAL PINK, 168.00 , 118.00 ," 19,824.00 ", -   ," 19,824.00 ", 73.50 ," 12,348.00 "," 7,476.00 ",38%
Laguna,DR MS 001025,31/10/2021,CHLORINE - SUPER CHLOR, 6.00 ," 6,000.00 "," 36,000.00 ", -   ," 36,000.00 "," 3,700.00 "," 22,200.00 "," 13,800.00 ",38%
Laguna,DR MS 00996,18/10/2021,AIR PURIFIER - KAISA VILLA, 1.00 ," 2,500.00 "," 2,500.00 ", -   ," 2,500.00 "," 1,200.00 "," 1,200.00 "," 1,300.00 ",52%
Laguna,DR MS 00996,18/10/2021,FACE MASK, 28.00 , 150.00 ," 4,200.00 ", -   ," 4,200.00 ", 50.00 ," 1,400.00 "," 2,800.00 ",67%
Laguna,DR MS 001015,18/10/2021,LYSOL PROFESSIONAL DISINFECTANT LIQUID 5L, 150.00 ," 3,320.00 "," 498,000.00 ", -   ," 498,000.00 "," 2,727.27 "," 409,090.50 "," 88,909.50 ",18%
Laguna,DR MS 001015,18/10/2021,LYSOL 340G, 600.00 , 690.00 ," 414,000.00 ", -   ," 414,000.00 ", 372.73 ," 223,638.00 "," 190,362.00 ",46%
Laguna,DR MS 00996,18/10/2021,BOTTLE SPRAYER, 54.00 , 98.00 ," 5,292.00 ", -   ," 5,292.00 ", 27.00 ," 1,458.00 "," 3,834.00 ",72%
Laguna,DR MS 00996,18/10/2021,WALIS TAMBO, 8.00 , 240.00 ," 1,920.00 ", -   ," 1,920.00 ", 90.00 , 720.00 ," 1,200.00 ",63%
Laguna,DR MS 00996,18/10/2021,TOILET TISSUE, 14.00 , 135.00 ," 1,890.00 ", -   ," 1,890.00 ", 89.50 ," 1,253.00 ", 637.00 ,34%
Laguna,DR MS 00996,18/10/2021,JAGAPLEX TAB, 16.00 ," 1,032.00 "," 16,512.00 ", -   ," 16,512.00 ", 395.00 ," 6,320.00 "," 10,192.00 ",62%
Laguna,DR 21283,19/07/2021,ENCLOXIL 500MG, 4.00 ," 1,800.00 "," 7,200.00 ", -   ," 7,200.00 ", 780.00 ," 3,120.00 "," 4,080.00 ",57%
Laguna,DR 21283,19/07/2021,CEFUSAPH, 30.00 , 280.00 ," 8,400.00 ", -   ," 8,400.00 ", 112.00 ," 3,360.00 "," 5,040.00 ",60%
Laguna,DR 21283,19/07/2021,ROZTIN 20mg, 30.00 , 420.00 ," 12,600.00 ", -   ," 12,600.00 ", 212.00 ," 6,360.00 "," 6,240.00 ",50%
Laguna,DR 21283,19/07/2021,ASICLAV 625mg, 10.00 , 448.00 ," 4,480.00 ", -   ," 4,480.00 ", 121.00 ," 1,210.00 "," 3,270.00 ",73%
Laguna,DR 21283,19/07/2021,RANICLAV 625MG, 10.00 , 448.00 ," 4,480.00 ", -   ," 4,480.00 ", 198.00 ," 1,980.00 "," 2,500.00 ",56%
Laguna,21281,15/03/2021,ROZTIN 20mg, 20.00 , 420.00 ," 8,400.00 ", -   ," 8,400.00 ", 212.00 ," 4,240.00 "," 4,160.00 ",50%
Laguna,21281,15/03/2021,RAPICLAV 625mg, 19.00 , 672.00 ," 12,768.00 ", -   ," 12,768.00 ", 150.00 ," 2,850.00 "," 9,918.00 ",78%
Laguna,21278,26/02/2021,CEFUSAPH, 30.00 , 280.00 ," 8,400.00 ", -   ," 8,400.00 ", 112.00 ," 3,360.00 "," 5,040.00 ",60%
Laguna,21278,26/02/2021,RANICLAV 625MG, 4.00 , 672.00 ," 2,688.00 ", -   ," 2,688.00 ", 198.00 , 792.00 ," 1,896.00 ",71%
Laguna,21278,26/02/2021,RANICLAV 625MG, 7.00 , 448.00 ," 3,136.00 ", -   ," 3,136.00 ", 198.00 ," 1,386.00 "," 1,750.00 ",56%
Laguna,21278,26/02/2021,ROST-20 20MGTAB, 10.00 , 420.00 ," 4,200.00 ", -   ," 4,200.00 ", 650.00 ," 6,500.00 "," (2,300.00)",-55%
Laguna,21280,26/02/2021,ENCLOXIL 500MG, 4.00 ," 1,800.00 "," 7,200.00 ", -   ," 7,200.00 ", 780.00 ," 3,120.00 "," 4,080.00 ",57%
Laguna,21280,26/02/2021,CEFUSAPH, 20.00 , 280.00 ," 5,600.00 ", -   ," 5,600.00 ", 112.00 ," 2,240.00 "," 3,360.00 ",60%
Laguna,21279,26/02/2021,EVAPROST 125MCG/ML, 1.00 ," 4,800.00 "," 4,800.00 ", -   ," 4,800.00 "," 1,872.00 "," 1,872.00 "," 2,928.00 ",61%
Laguna,21276,28/01/2021,CO-AMOXICARE 500MG/125MG, 10.00 , 672.00 ," 6,720.00 ", -   ," 6,720.00 ", 198.18 ," 1,981.80 "," 4,738.20 ",71%
Laguna,21275,14/01/2021,CEFUSAPH, 10.00 , 280.00 ," 2,800.00 ", -   ," 2,800.00 ", 112.00 ," 1,120.00 "," 1,680.00 ",60%
Laguna,21275,14/01/2021,ROST-20 20MGTAB, 15.00 , 420.00 ," 6,300.00 ", -   ," 6,300.00 ", 650.00 ," 9,750.00 "," (3,450.00)",-55%
Laguna,21275,14/01/2021,CO-AMOXICARE 500MG/125MG, 2.00 ," 1,920.00 "," 3,840.00 ", -   ," 3,840.00 ", 198.18 , 396.36 ," 3,443.64 ",90%
Laguna,21275,14/01/2021,CLOXANE 500MG CAP, 2.00 ," 1,800.00 "," 3,600.00 ", -   ," 3,600.00 ", 224.25 , 448.50 ," 3,151.50 ",88%
Laguna,21275,14/01/2021,ULTREINAC 600mg, 3.00 , 360.00 ," 1,080.00 ", -   ," 1,080.00 ", 115.00 , 345.00 , 735.00 ,68%
Laguna,21274,14/01/2021,ENCLOXIL 500MG, 3.00 ," 1,800.00 "," 5,400.00 ", -   ," 5,400.00 ", 780.00 ," 2,340.00 "," 3,060.00 ",57%
Laguna,21274,14/01/2021,AEROX 500mg, 16.00 , 280.00 ," 4,480.00 ", -   ," 4,480.00 ", 280.00 ," 4,480.00 ", -   ,0%
Laguna,21274,14/01/2021,CO-AMOXICARE 500MG/125MG, 2.00 ," 1,920.00 "," 3,840.00 ", -   ," 3,840.00 ", 198.18 , 396.36 ," 3,443.64 ",90%
Laguna,21274,14/01/2021,ROST-20 20MGTAB, 10.00 , 420.00 ," 4,200.00 ", -   ," 4,200.00 ", 650.00 ," 6,500.00 "," (2,300.00)",-55%
Laguna,21274,14/01/2021,PLENACYL 600MG, 1.00 , 360.00 , 360.00 , -   , 360.00 , 90.00 , 90.00 , 270.00 ,75%
Losses,PULL 1991,04/03/2021,SALRESP, 2.00 , (444.16), (888.32), -   , (888.32), 364.00 , 728.00 ," (1,616.32)",182%
Losses,22592,01/02/2021,MONILIASOL 125MG/5ML, 2.00 , -   , -   , -   , -   , 36.76 , 73.52 , (73.52),#DIV/0!
Losses,22590,01/02/2021,MONILIASOL 125MG/5ML, -   , -   , -   , -   , -   , 36.76 , -   , -   ,#DIV/0!
Losses,22593,01/02/2021,PARADOX TAB, 10.00 , -   , -   , -   , -   , 230.00 ," 2,300.00 "," (2,300.00)",#DIV/0!
Losses,22593,01/02/2021,MONILIASOL 125MG/5ML, 3.00 , -   , -   , -   , -   , 36.76 , 110.28 , (110.28),#DIV/0!
Lower Cavite,DR 0223939,31/12/2021,GYNE-TOCIN 10IU/ML, 10.00 , 800.00 ," 8,000.00 ", -   ," 8,000.00 ", 74.00 , 740.00 ," 7,260.00 ",91%
Lower Cavite,DR 022925,15/11/2021,GYNE-TOCIN 10IU/ML, 10.00 , 800.00 ," 8,000.00 ", -   ," 8,000.00 ", 74.00 , 740.00 ," 7,260.00 ",91%
Lower Cavite,DR 022927,15/11/2021,ANTIZOAL 5MG/ML, 30.00 , 90.00 ," 2,700.00 ", -   ," 2,700.00 ", 21.00 , 630.00 ," 2,070.00 ",77%
Lower Cavite,DR 022926,15/11/2021,HYCLENS WOUND SPRAY (60ML), 6.00 , 290.00 ," 1,740.00 ", 261.00 ," 1,479.00 ", 114.66 , 687.96 , 791.04 ,45%
Lower Cavite,PULL 2854,10/11/2021,BRODIX 2.5/2.5ML NEB, (1.00), 771.00 , (771.00), -   , (771.00), 220.00 , (220.00), (551.00),71%
Lower Cavite,PULL 2852,02/11/2021,HYCLENS GARGLE (60ML), (12.00), 290.00 ," (3,480.00)", (522.00)," (2,958.00)", 65.00 , (780.00)," (2,178.00)",63%
Lower Cavite,DR 022910,31/10/2021,GENTACARE 40MG, 2.00 , 378.00 , 756.00 , -   , 756.00 , 50.00 , 100.00 , 656.00 ,87%
Lower Cavite,DR 022910,31/10/2021,TRAXAN 100MG, 4.00 , 315.00 ," 1,260.00 ", -   ," 1,260.00 ", 200.00 , 800.00 , 460.00 ,37%
Lower Cavite,DR 022907,18/10/2021,GYNE-TOCIN 10IU/ML, 10.00 , 800.00 ," 8,000.00 ", -   ," 8,000.00 ", 74.00 , 740.00 ," 7,260.00 ",91%
Lower Cavite,DR 022909,18/10/2021,HYCLENS WOUND SPRAY (60ML), 6.00 , 290.00 ," 1,740.00 ", 261.00 ," 1,479.00 ", 114.66 , 687.96 , 791.04 ,45%
Lower Cavite,DR 22742,27/09/2021,HYCLENS WOUND SPRAY (60ML), 6.00 , 269.79 ," 1,618.74 ", -   ," 1,618.74 ", 114.66 , 687.96 , 930.78 ,58%
Lower Cavite,DR 22742,27/09/2021,GENTAM 40MG, 2.00 , 378.00 , 756.00 , -   , 756.00 , 50.00 , 100.00 , 656.00 ,87%
Lower Cavite,DR 22742,27/09/2021,TRAXAN 100MG, 4.00 , 315.00 ," 1,260.00 ", -   ," 1,260.00 ", 200.00 , 800.00 , 460.00 ,37%
Lower Cavite,DR 22747,27/09/2021,TRAXAN 100MG, 6.00 , 315.00 ," 1,890.00 ", -   ," 1,890.00 ", 200.00 ," 1,200.00 ", 690.00 ,37%
Lower Cavite,DR 22737,06/09/2021,HYCLENS WOUND SPRAY (60ML), 12.00 , 290.00 ," 3,480.00 ", 522.00 ," 2,958.00 ", 114.66 ," 1,375.92 "," 1,582.08 ",45%
Lower Cavite,DR 22734,23/08/2021,SALRESP, 2.00 ," 1,260.00 "," 2,520.00 ", -   ," 2,520.00 ", 364.00 , 728.00 ," 1,792.00 ",71%
Lower Cavite,DR 22729,23/08/2021,HYCLENS WOUND SPRAY (60ML), 12.00 , 290.00 ," 3,480.00 ", -   ," 3,480.00 ", 114.66 ," 1,375.92 "," 2,104.08 ",60%
Lower Cavite,DR 22728,23/08/2021,GENTAM 40MG, 3.00 , 378.00 ," 1,134.00 ", -   ," 1,134.00 ", 50.00 , 150.00 , 984.00 ,87%
Lower Cavite,DR 22728,23/08/2021,TRAXAN 100MG, 3.00 , 630.00 ," 1,890.00 ", -   ," 1,890.00 ", 200.00 , 600.00 ," 1,290.00 ",68%
Lower Cavite,DR 22720,09/08/2021,HYCLENS GARGLE (60ML), 7.00 , 185.00 ," 1,295.00 ", -   ," 1,295.00 ", 65.00 , 455.00 , 840.00 ,65%
Lower Cavite,DR 22715,26/07/2021,GYNE-TOCIN 10IU/ML, 10.00 , 800.00 ," 8,000.00 ", -   ," 8,000.00 ", 74.00 , 740.00 ," 7,260.00 ",91%
Lower Cavite,DR 22712,15/07/2021,HYCLENS WOUND SPRAY (60ML), 23.00 , 290.00 ," 6,670.00 "," 1,000.50 "," 5,669.50 ", 114.66 ," 2,637.18 "," 3,032.32 ",45%
Lower Cavite,DR 22702,14/06/2021,HYCLENS GARGLE (60ML), 12.00 , 290.00 ," 3,480.00 ", 522.00 ," 2,958.00 ", 65.00 , 780.00 ," 2,178.00 ",63%
Lower Cavite,DR 22701,07/06/2021,GYNE-TOCIN 10IU/ML, 10.00 , 800.00 ," 8,000.00 ", -   ," 8,000.00 ", 74.00 , 740.00 ," 7,260.00 ",91%
Lower Cavite,PULL 1997,19/05/2021,CARDOWIN 1MG, (10.00), 972.20 ," (9,722.00)", -   ," (9,722.00)", 280.00 ," (2,800.00)"," (6,922.00)",71%
Lower Cavite,DR 22691,30/04/2021,GYNE-TOCIN 10IU/ML, 10.00 , 800.00 ," 8,000.00 ", -   ," 8,000.00 ", 74.00 , 740.00 ," 7,260.00 ",91%
Lower Cavite,DR 22685,17/04/2021,HYCLENS WOUND SPRAY (60ML), 12.00 , 290.00 ," 3,480.00 ", -   ," 3,480.00 ", 114.66 ," 1,375.92 "," 2,104.08 ",60%
Lower Cavite,DR 22681,17/04/2021,HYCLENS WOUND SPRAY (60ML), 12.00 , 290.00 ," 3,480.00 ", 522.00 ," 2,958.00 ", 114.66 ," 1,375.92 "," 1,582.08 ",45%
Lower Cavite,22669,15/03/2021,GENTAM 40MG, 3.00 , 378.00 ," 1,134.00 ", -   ," 1,134.00 ", 50.00 , 150.00 , 984.00 ,87%
Lower Cavite,22666,26/02/2021,HYCLENS GARGLE (60ML), 6.00 , 185.00 ," 1,110.00 ", -   ," 1,110.00 ", 65.00 , 390.00 , 720.00 ,65%
Lower Cavite,22664,20/02/2021,CORBAL 100MG, 1.00 ," 1,200.00 "," 1,200.00 ", -   ," 1,200.00 ", 210.00 , 210.00 , 990.00 ,83%
Lower Cavite,22664,20/02/2021,CORBAL 250MG, 1.00 ," 2,400.00 "," 2,400.00 ", -   ," 2,400.00 ", 500.00 , 500.00 ," 1,900.00 ",79%
Lower Cavite,22662,20/02/2021,MERAZOL 40MG, 2.00 ," 2,300.00 "," 4,600.00 ", -   ," 4,600.00 ", 250.00 , 500.00 ," 4,100.00 ",89%
Lower Cavite,22658,13/02/2021,MERAZOL 40MG, 5.00 ," 2,300.00 "," 11,500.00 ", -   ," 11,500.00 ", 250.00 ," 1,250.00 "," 10,250.00 ",89%
Lower Cavite,22047,13/02/2021,SANDINE, 1.00 ," 10,500.00 "," 10,500.00 "," 2,100.00 "," 8,400.00 "," 3,500.00 "," 3,500.00 "," 4,900.00 ",47%
Lower Cavite,22049,13/02/2021,SANDINE, 2.00 ," 10,500.00 "," 21,000.00 "," 4,200.00 "," 16,800.00 "," 3,500.00 "," 7,000.00 "," 9,800.00 ",47%
Lower Cavite,22036,14/01/2021,MERAZOL 40MG, 10.00 ," 2,300.00 "," 23,000.00 ", -   ," 23,000.00 ", 250.00 ," 2,500.00 "," 20,500.00 ",89%
Lower Cavite,22039,14/01/2021,GYNE-TOCIN 10IU/ML, 20.00 , 800.00 ," 16,000.00 ", -   ," 16,000.00 ", 74.00 ," 1,480.00 "," 14,520.00 ",91%
Marinduque,DR 023283,29/11/2021,HYCLENS WOUND SPRAY (60ML), 5.00 , 280.00 ," 1,400.00 ", 140.00 ," 1,260.00 ", 114.66 , 573.30 , 686.70 ,49%
Marinduque,DR 023285,29/11/2021,DOLO JAGA 500MG/50MG/100MG/100MCG, 15.00 ," 2,000.00 "," 30,000.00 "," 9,000.00 "," 21,000.00 ", 615.00 ," 9,225.00 "," 11,775.00 ",39%
Marinduque,DR 023286,29/11/2021,BENERVA FORTE CAP, 30.00 ," 1,540.00 "," 46,200.00 "," 13,860.00 "," 32,340.00 ", 525.00 ," 15,750.00 "," 16,590.00 ",36%
Marinduque,DR 023278,22/11/2021,HYCLENS WOUND SPRAY (60ML), 12.00 , 280.00 ," 3,360.00 ", -   ," 3,360.00 ", 114.66 ," 1,375.92 "," 1,984.08 ",59%
Marinduque,DR 023278,22/11/2021,VITACORE 100MG, 20.00 , 900.00 ," 18,000.00 ", -   ," 18,000.00 ", 115.00 ," 2,300.00 "," 15,700.00 ",87%
Marinduque,DR 023278,22/11/2021,SUSTACHLOR 125MG/5ML, 12.00 , 185.00 ," 2,220.00 ", -   ," 2,220.00 ", 47.50 , 570.00 ," 1,650.00 ",74%
Marinduque,DR 023256,31/10/2021,DOLO JAGA 500MG/50MG/100MG/100MCG, 10.00 ," 2,000.00 "," 20,000.00 "," 6,000.00 "," 14,000.00 ", 615.00 ," 6,150.00 "," 7,850.00 ",39%
Marinduque,DR 023257,31/10/2021,TOSYLAM 750MG TAB, 3.00 ," 4,427.50 "," 13,282.50 ", -   ," 13,282.50 "," 1,265.00 "," 3,795.00 "," 9,487.50 ",71%
Marinduque,DR 023257,31/10/2021,DOLO JAGA 500MG/50MG/100MG/100MCG, 5.00 ," 2,000.00 "," 10,000.00 ", -   ," 10,000.00 ", 615.00 ," 3,075.00 "," 6,925.00 ",69%
Marinduque,DR 023257,31/10/2021,HYCLENS WOUND SPRAY (60ML), 12.00 , 280.00 ," 3,360.00 ", -   ," 3,360.00 ", 114.66 ," 1,375.92 "," 1,984.08 ",59%
Marinduque,DR 023258,31/10/2021,DOLO JAGA 500MG/50MG/100MG/100MCG, 5.00 ," 2,000.00 "," 10,000.00 ", -   ," 10,000.00 ", 615.00 ," 3,075.00 "," 6,925.00 ",69%
Marinduque,DR 023258,31/10/2021,VITACORE 100MG, 10.00 , 900.00 ," 9,000.00 ", -   ," 9,000.00 ", 115.00 ," 1,150.00 "," 7,850.00 ",87%
Marinduque,DR 023258,31/10/2021,TOSYLAM 750MG TAB, 2.00 ," 4,427.50 "," 8,855.00 ", -   ," 8,855.00 "," 1,265.00 "," 2,530.00 "," 6,325.00 ",71%
Marinduque,DR 023258,31/10/2021,BUFEN 200MG/ML, 12.00 , 56.88 , 682.50 , -   , 682.50 , 35.00 , 420.00 , 262.50 ,38%
Marinduque,PULL 2424,10/09/2021,BERCEF 50MG/ML DROPS, (21.00), 175.00 ," (3,675.00)", -   ," (3,675.00)", 38.28 , (803.88)," (2,871.12)",78%
Marinduque,DR 023005,16/08/2021,PROMETIN, 50.00 , 298.00 ," 14,900.00 ", -   ," 14,900.00 ", 63.00 ," 3,150.00 "," 11,750.00 ",79%
Marinduque,DR 023005,16/08/2021,ANIN 50, 250.00 , 298.00 ," 74,500.00 ", -   ," 74,500.00 ", 85.00 ," 21,250.00 "," 53,250.00 ",71%
Marinduque,DR 023005,16/08/2021,LODIPEX - 10MG, 250.00 , 348.00 ," 87,000.00 ", -   ," 87,000.00 ", 60.00 ," 15,000.00 "," 72,000.00 ",83%
Marinduque,DR 023005,16/08/2021,DIAMIR 30MG, 167.00 , 104.19 ," 17,400.00 ", -   ," 17,400.00 ", 69.00 ," 11,523.00 "," 5,877.00 ",34%
Marinduque,DR 023005,16/08/2021,AMLOTHIX 5mg, 100.00 , 248.00 ," 24,800.00 ", -   ," 24,800.00 ", 38.00 ," 3,800.00 "," 21,000.00 ",85%
Marinduque,DR 023011,16/08/2021,TRIZINE SYRUP, 50.00 , 310.00 ," 15,500.00 ", -   ," 15,500.00 ", 195.00 ," 9,750.00 "," 5,750.00 ",37%
Marinduque,DR 023012,16/08/2021,SUSTACHLOR 125MG/5ML, 12.00 , 128.00 ," 1,536.00 ", -   ," 1,536.00 ", 47.50 , 570.00 , 966.00 ,63%
Marinduque,DR 023012,16/08/2021,BUFEN 200MG/ML, 12.00 , 113.75 ," 1,365.00 ", -   ," 1,365.00 ", 35.00 , 420.00 , 945.00 ,69%
Marinduque,DR 023012,16/08/2021,HISTARIL 1MG/50MG/5ML SYR, 28.00 , 118.00 ," 3,304.00 ", -   ," 3,304.00 ", 22.30 , 624.40 ," 2,679.60 ",81%
Marinduque,DR 023012,16/08/2021,BERCEF 250MG/5ML SUS, 24.00 , 482.00 ," 11,568.00 ", -   ," 11,568.00 ", 134.89 ," 3,237.36 "," 8,330.64 ",72%
Marinduque,DR 023012,16/08/2021,TRIZINE SYRUP, 34.00 , 310.00 ," 10,540.00 ", -   ," 10,540.00 ", 195.00 ," 6,630.00 "," 3,910.00 ",37%
Marinduque,DR 023012,16/08/2021,AFENAX 100MG, 4.00 ," 1,935.00 "," 7,740.00 ", -   ," 7,740.00 ", 595.00 ," 2,380.00 "," 5,360.00 ",69%
Marinduque,DR 023012,16/08/2021,HISTAMED 10MG, 4.00 ," 2,500.00 "," 10,000.00 ", -   ," 10,000.00 ", 523.08 ," 2,092.32 "," 7,907.68 ",79%
Marinduque,DR 023013,16/08/2021,HYCLENS WOUND SPRAY (60ML), 12.00 , 280.00 ," 3,360.00 ", -   ," 3,360.00 ", 114.66 ," 1,375.92 "," 1,984.08 ",59%
Marinduque,DR 023014,16/08/2021,BENERVA FORTE CAP, 30.00 ," 1,540.00 "," 46,200.00 "," 13,860.00 "," 32,340.00 ", 525.00 ," 15,750.00 "," 16,590.00 ",36%
Marinduque,DR 023015,16/08/2021,DOLO JAGA 500MG/50MG/100MG/100MCG, 10.00 ," 2,000.00 "," 20,000.00 "," 6,000.00 "," 14,000.00 ", 615.00 ," 6,150.00 "," 7,850.00 ",39%
Marinduque,DR 023015,16/08/2021,JAGA 300MG/100MG/100MCG, 9.00 ," 1,540.00 "," 13,860.00 "," 4,158.00 "," 9,702.00 ", 530.00 ," 4,770.00 "," 4,932.00 ",36%
Marinduque,DR 22475,21/07/2021,ENCLOXIL 500MG, 1.00 ," 2,650.00 "," 2,650.00 ", -   ," 2,650.00 ", 780.00 , 780.00 ," 1,870.00 ",71%
Marinduque,DR 22475,21/07/2021,TOSYLAM 750MG TAB, 4.00 ," 4,427.50 "," 17,710.00 ", -   ," 17,710.00 "," 1,265.00 "," 5,060.00 "," 12,650.00 ",71%
Marinduque,DR 22475,21/07/2021,ANEROCIN 300MG, 4.00 ," 3,800.00 "," 15,200.00 ", -   ," 15,200.00 ", 979.00 ," 3,916.00 "," 11,284.00 ",74%
Marinduque,DR 22475,21/07/2021,TRIZINE SYRUP, 6.00 , 310.00 ," 1,860.00 ", -   ," 1,860.00 ", 195.00 ," 1,170.00 ", 690.00 ,37%
Marinduque,DR 22474,21/07/2021,HYCLENS WOUND SPRAY (60ML), 19.00 , 280.00 ," 5,320.00 ", -   ," 5,320.00 ", 114.66 ," 2,178.54 "," 3,141.46 ",59%
Marinduque,DR 22473,21/07/2021,HYCLENS WOUND SPRAY (60ML), 24.00 , 280.00 ," 6,720.00 ", -   ," 6,720.00 ", 114.66 ," 2,751.84 "," 3,968.16 ",59%
Marinduque,DR 22472,21/07/2021,TOSYLAM 750MG TAB, 4.00 ," 4,427.50 "," 17,710.00 ", -   ," 17,710.00 "," 1,265.00 "," 5,060.00 "," 12,650.00 ",71%
Marinduque,DR 22472,21/07/2021,SUSTACHLOR 125MG/5ML, 30.00 , 190.00 ," 5,700.00 ", -   ," 5,700.00 ", 47.50 ," 1,425.00 "," 4,275.00 ",75%
Marinduque,DR 22472,21/07/2021,TRIZINE SYRUP, 30.00 , 310.00 ," 9,300.00 ", -   ," 9,300.00 ", 195.00 ," 5,850.00 "," 3,450.00 ",37%
Marinduque,DR 22466,19/07/2021,HYCLENS WOUND SPRAY (60ML), 3.00 , 280.00 , 840.00 , 84.00 , 756.00 , 114.66 , 343.98 , 412.02 ,49%
Marinduque,DR 022849,21/06/2021,BENERVA FORTE CAP, 20.00 ," 1,540.00 "," 30,800.00 "," 9,240.00 "," 21,560.00 ", 525.00 ," 10,500.00 "," 11,060.00 ",36%
Marinduque,PULL 2415,17/06/2021,ALVICA INTENSE SPRAY 70ML, (1.00), 555.00 , (555.00), -   , (555.00), 235.00 , (235.00), (320.00),58%
Marinduque,PULL 2415,17/06/2021,HYCLENS WOUND SPRAY (60ML), (1.00), 270.00 , (270.00), -   , (270.00), 114.66 , (114.66), (155.34),58%
Marinduque,DR 022828,31/05/2021,BENERVA FORTE CAP, 3.00 ," 1,540.00 "," 4,620.00 ", -   ," 4,620.00 ", 525.00 ," 1,575.00 "," 3,045.00 ",66%
Marinduque,DR 022823,31/05/2021,HYCLENS GARGLE (120ML), 20.00 , 208.00 ," 4,160.00 ", 416.00 ," 3,744.00 ", 88.00 ," 1,760.00 "," 1,984.00 ",48%
Marinduque,DR 022823,31/05/2021,HYCLENS GARGLE (60ML), 20.00 , 153.00 ," 3,060.00 ", 306.00 ," 2,754.00 ", 65.00 ," 1,300.00 "," 1,454.00 ",48%
Marinduque,DR 022823,31/05/2021,ALVICA INTENSE SPRAY 70ML, 20.00 , 555.00 ," 11,100.00 "," 1,110.00 "," 9,990.00 ", 235.00 ," 4,700.00 "," 5,290.00 ",48%
Marinduque,DR 022822,31/05/2021,BENERVA FORTE CAP, 20.00 ," 1,540.00 "," 30,800.00 "," 9,240.00 "," 21,560.00 ", 525.00 ," 10,500.00 "," 11,060.00 ",36%
Marinduque,DR 022821,31/05/2021,INTRAPLEM 100MG/5ML, 24.00 , 110.00 ," 2,640.00 ", 792.00 ," 1,848.00 ", 30.76 , 738.24 ," 1,109.76 ",42%
Marinduque,DR 022820,31/05/2021,DOLO JAGA 500MG/50MG/100MG/100MCG, 10.00 ," 2,000.00 "," 20,000.00 ", -   ," 20,000.00 ", 615.00 ," 6,150.00 "," 13,850.00 ",69%
Marinduque,DR 022820,31/05/2021,JAGA 300MG/100MG/100MCG, 5.00 ," 1,540.00 "," 7,700.00 ", -   ," 7,700.00 ", 530.00 ," 2,650.00 "," 5,050.00 ",66%
Marinduque,DR 022819,31/05/2021,DOLO JAGA 500MG/50MG/100MG/100MCG, 10.00 ," 2,000.00 "," 20,000.00 "," 6,000.00 "," 14,000.00 ", 615.00 ," 6,150.00 "," 7,850.00 ",39%
Marinduque,DR 022801,31/05/2021,BENERVA FORTE CAP, 10.00 ," 1,540.00 "," 15,400.00 ", -   ," 15,400.00 ", 525.00 ," 5,250.00 "," 10,150.00 ",66%
Marinduque,PO 2414,25/05/2021,MULTI GROW 120ML, (6.00), 240.00 ," (1,440.00)", -   ," (1,440.00)", 90.00 , (540.00), (900.00),63%
Marinduque,PO 2414,25/05/2021,GIAN ZINC 120ML SYR, (3.00), 195.00 , (585.00), -   , (585.00), 85.00 , (255.00), (330.00),56%
Marinduque,PO 2414,25/05/2021,GIAN ZINC 30ML DROPS, (3.00), 155.00 , (465.00), -   , (465.00), 65.00 , (195.00), (270.00),58%
Marinduque,PO 2414,25/05/2021,MULTI GROW 30ML DROPS, (3.00), 180.00 , (540.00), -   , (540.00), 70.00 , (210.00), (330.00),61%
Marinduque,PO 2414,25/05/2021,MONILIASOL 125MG/5ML, (2.00), 125.00 , (250.00), -   , (250.00), 36.76 , (73.52), (176.48),71%
Marinduque,PO 2414,25/05/2021,BERCEF 250MG/5ML SUS, (6.00), 300.00 ," (1,800.00)", -   ," (1,800.00)", 134.89 , (809.34), (990.66),55%
Marinduque,PO 2414,25/05/2021,BERCEF 50MG/ML DROPS, (9.00), 180.00 ," (1,620.00)", -   ," (1,620.00)", 38.28 , (344.52)," (1,275.48)",79%
Marinduque,DR 022785,10/05/2021,MULTI GROW 120ML, 12.00 , 240.00 ," 2,880.00 ", -   ," 2,880.00 ", 90.00 ," 1,080.00 "," 1,800.00 ",63%
Marinduque,DR 022785,10/05/2021,GIAN ZINC 120ML SYR, 10.00 , 210.00 ," 2,100.00 ", -   ," 2,100.00 ", 85.00 , 850.00 ," 1,250.00 ",60%
Marinduque,DR 022785,10/05/2021,HYCLENS WOUND SPRAY (60ML), 12.00 , 280.00 ," 3,360.00 ", -   ," 3,360.00 ", 114.66 ," 1,375.92 "," 1,984.08 ",59%
Marinduque,DR 022785,10/05/2021,HYCLENS GARGLE (60ML), 12.00 , 155.00 ," 1,860.00 ", -   ," 1,860.00 ", 65.00 , 780.00 ," 1,080.00 ",58%
Marinduque,DR 022786,10/05/2021,HYCLENS WOUND SPRAY (60ML), 24.00 , 280.00 ," 6,720.00 ", -   ," 6,720.00 ", 114.66 ," 2,751.84 "," 3,968.16 ",59%
Marinduque,DR 022786,10/05/2021,GIAN ZINC 30ML DROPS, 24.00 , 185.00 ," 4,440.00 ", -   ," 4,440.00 ", 65.00 ," 1,560.00 "," 2,880.00 ",65%
Marinduque,DR 022787,10/05/2021,HYCLENS WOUND SPRAY (60ML), 24.00 , 280.00 ," 6,720.00 ", -   ," 6,720.00 ", 114.66 ," 2,751.84 "," 3,968.16 ",59%
Marinduque,DR 022787,10/05/2021,CINNABLOC 25MG, 10.00 , 500.00 ," 5,000.00 ", -   ," 5,000.00 ", 133.00 ," 1,330.00 "," 3,670.00 ",73%
Marinduque,DR 022787,10/05/2021,ANEROCIN 300MG, 10.00 ," 3,800.00 "," 38,000.00 ", -   ," 38,000.00 ", 979.00 ," 9,790.00 "," 28,210.00 ",74%
Marinduque,DR 022788,10/05/2021,JAGA 300MG/100MG/100MCG, 3.00 ," 1,540.00 "," 4,620.00 "," 1,386.00 "," 3,234.00 ", 530.00 ," 1,590.00 "," 1,644.00 ",36%
Marinduque,DR 022789,10/05/2021,HISTARIL 2MG/100MG CAP, 2.00 , 400.00 , 800.00 , -   , 800.00 , 225.00 , 450.00 , 350.00 ,44%
Marinduque,DR 022784,10/05/2021,COVID-19 AG STANDARD Q BIOSENSOR TEST KIT, 10.00 ," 16,250.00 "," 162,500.00 ", -   ," 162,500.00 "," 15,000.00 "," 150,000.00 "," 12,500.00 ",8%
Marinduque,DR 022782,10/05/2021,FOLACID 5MG, 1.00 , 615.00 , 615.00 , 184.00 , 431.00 , 196.88 , 196.88 , 234.12 ,38%
Marinduque,23545,24/03/2021,VOXOLL 15MG/5ML SYR, 12.00 , 75.00 , 900.00 , -   , 900.00 , 23.00 , 276.00 , 624.00 ,69%
Marinduque,23545,24/03/2021,ANEROCIN 300MG, 3.00 ," 3,800.00 "," 11,400.00 ", -   ," 11,400.00 ", 979.00 ," 2,937.00 "," 8,463.00 ",74%
Marinduque,23545,24/03/2021,HISTARIL 1MG/50MG/5ML SYR, 3.00 , 800.00 ," 2,400.00 ", -   ," 2,400.00 ", 22.30 , 66.90 ," 2,333.10 ",97%
Marinduque,23545,24/03/2021,CINNABLOC 25MG, 3.00 , 500.00 ," 1,500.00 ", -   ," 1,500.00 ", 133.00 , 399.00 ," 1,101.00 ",73%
Marinduque,23544,24/03/2021,CEPROTRON 500MG, 2.00 ," 1,800.00 "," 3,600.00 ", -   ," 3,600.00 ", 550.00 ," 1,100.00 "," 2,500.00 ",69%
Marinduque,23544,24/03/2021,FERGLOBIN 250MG, 3.00 , 725.00 ," 2,175.00 ", -   ," 2,175.00 ", 325.00 , 975.00 ," 1,200.00 ",55%
Marinduque,23544,24/03/2021,SUSTACHLOR 125MG/5ML, 12.00 , 185.00 ," 2,220.00 ", -   ," 2,220.00 ", 47.50 , 570.00 ," 1,650.00 ",74%
Marinduque,23543,24/03/2021,DOLO JAGA 500MG/50MG/100MG/100MCG, 10.00 ," 2,000.00 "," 20,000.00 "," 6,000.00 "," 14,000.00 ", 615.00 ," 6,150.00 "," 7,850.00 ",39%
Marinduque,23542,24/03/2021,ALVICA INTENSE SPRAY 70ML, 10.00 , 550.00 ," 5,500.00 ", 550.00 ," 4,950.00 ", 235.00 ," 2,350.00 "," 2,600.00 ",47%
Marinduque,23540,24/03/2021,BENERVA FORTE CAP, 6.00 ," 1,540.00 "," 9,240.00 "," 2,772.00 "," 6,468.00 ", 525.00 ," 3,150.00 "," 3,318.00 ",36%
Marinduque,23539,24/03/2021,BENERVA FORTE CAP, 6.00 ," 1,026.67 "," 6,160.00 ", -   ," 6,160.00 ", 525.00 ," 3,150.00 "," 3,010.00 ",49%
Marinduque,23522,15/03/2021,BENERVA FORTE CAP, 20.00 ," 1,540.00 "," 30,800.00 "," 9,240.00 "," 21,560.00 ", 525.00 ," 10,500.00 "," 11,060.00 ",36%
Marinduque,22589,30/01/2021,BENERVA FORTE CAP, 10.00 ," 1,540.00 "," 15,400.00 "," 4,620.00 "," 10,780.00 ", 525.00 ," 5,250.00 "," 5,530.00 ",36%
Marinduque,22584,28/01/2021,DOLO JAGA 500MG/50MG/100MG/100MCG, 10.00 ," 2,000.00 "," 20,000.00 "," 6,000.00 "," 14,000.00 ", 615.00 ," 6,150.00 "," 7,850.00 ",39%
Marinduque,22584,28/01/2021,JAGA 300MG/100MG/100MCG, 10.00 ," 1,540.00 "," 15,400.00 "," 4,620.00 "," 10,780.00 ", 530.00 ," 5,300.00 "," 5,480.00 ",36%
Marinduque,22585,28/01/2021,HYCLENS WOUND CARE SOLUTION - 15ML, 216.00 , 71.15 ," 15,369.04 "," 1,536.90 "," 13,832.14 ", 30.24 ," 6,531.84 "," 7,300.30 ",48%
Marinduque,22587,28/01/2021,HYCLENS WOUND SPRAY (60ML), 10.00 , 269.79 ," 2,697.90 ", 269.79 ," 2,428.11 ", 114.66 ," 1,146.60 "," 1,281.51 ",48%
Marinduque,22588,28/01/2021,JAGA 300MG/100MG/100MCG, 3.00 , 513.33 ," 1,540.00 ", 462.00 ," 1,078.00 ", 530.00 ," 1,590.00 ", (512.00),-33%
Marinduque,22588,28/01/2021,EXEL 500MG CAP, 1.00 , 500.00 , 500.00 , -   , 500.00 , 253.00 , 253.00 , 247.00 ,49%
Marinduque,22561,14/01/2021,HYCLENS GARGLE (120ML), 12.00 , 208.00 ," 2,496.00 ", 249.60 ," 2,246.40 ", 88.00 ," 1,056.00 "," 1,190.40 ",48%
Marinduque,22561,14/01/2021,HYCLENS WOUND SPRAY (60ML), 6.00 , 270.00 ," 1,620.00 ", 162.00 ," 1,458.00 ", 114.66 , 687.96 , 770.04 ,48%
Marinduque,22560,14/01/2021,BENERVA FORTE CAP, 10.00 ," 1,540.00 "," 15,400.00 "," 4,620.00 "," 10,780.00 ", 525.00 ," 5,250.00 "," 5,530.00 ",36%
Marinduque,22556,14/01/2021,TRIZINE SYRUP, 30.00 , 310.00 ," 9,300.00 ", -   ," 9,300.00 ", 195.00 ," 5,850.00 "," 3,450.00 ",37%
Marinduque,22556,14/01/2021,DOLO JAGA 500MG/50MG/100MG/100MCG, 3.00 ," 2,000.00 "," 6,000.00 ", -   ," 6,000.00 ", 615.00 ," 1,845.00 "," 4,155.00 ",69%
Marinduque,22556,14/01/2021,HYCLENS WOUND SPRAY (60ML), 12.00 , 270.00 ," 3,240.00 ", -   ," 3,240.00 ", 114.66 ," 1,375.92 "," 1,864.08 ",58%
Marinduque,22555,14/01/2021,DOLO JAGA 500MG/50MG/100MG/100MCG, 10.00 ," 2,000.00 "," 20,000.00 ", -   ," 20,000.00 ", 615.00 ," 6,150.00 "," 13,850.00 ",69%
Marinduque,22555,14/01/2021,SUSTACHLOR 125MG/5ML, 30.00 , 155.00 ," 4,650.00 ", -   ," 4,650.00 ", 47.50 ," 1,425.00 "," 3,225.00 ",69%
Marinduque,22555,14/01/2021,TRIZINE SYRUP, 30.00 , 310.00 ," 9,300.00 ", -   ," 9,300.00 ", 195.00 ," 5,850.00 "," 3,450.00 ",37%
Marinduque,22555,14/01/2021,HYCLENS WOUND SPRAY (60ML), 24.00 , 270.00 ," 6,480.00 ", -   ," 6,480.00 ", 114.66 ," 2,751.84 "," 3,728.16 ",58%
Personal,DR 023307,15/11/2021,FACE MASK, 1.00 , 42.00 , 42.00 , -   , 42.00 , 50.00 , 50.00 , (8.00),-19%
Personal,DR 023304,09/11/2021,RAPID-C PLUS, 1.00 , 170.00 , 170.00 , -   , 170.00 , 170.00 , 170.00 , -   ,0%
Pharma,DR 023406,13/12/2021,APREZAL 20MG/ML AMP, 1.00 ," 3,900.00 "," 3,900.00 ", -   ," 3,900.00 ", 862.17 , 862.17 ," 3,037.83 ",78%
Pharma,DR 023401,22/11/2021,CATAMED 75MCG TAB, 2.00 ," 2,100.00 "," 4,200.00 ", -   ," 4,200.00 ", 499.00 , 998.00 ," 3,202.00 ",76%
Pharma,DR 024293,27/09/2021,CETHERGO 200MCG, 1.00 ," 4,225.00 "," 4,225.00 ", -   ," 4,225.00 "," 1,250.00 "," 1,250.00 "," 2,975.00 ",70%
Pharma,DR 024290,23/08/2021,APREZAL 20MG/ML AMP, 2.00 ," 3,900.00 "," 7,800.00 ", -   ," 7,800.00 ", 862.17 ," 1,724.34 "," 6,075.66 ",78%
Pharma,DR 024285,30/07/2021,AMINOSOL 25MG/ML , 5.00 , 660.00 ," 3,300.00 ", -   ," 3,300.00 ", 132.30 , 661.50 ," 2,638.50 ",80%
Pharma,DR 024257,17/04/2021,RANIREX 25MG/ML, 2.00 , 650.00 ," 1,300.00 ", -   ," 1,300.00 ", 30.20 , 60.40 ," 1,239.60 ",95%
Pharma,DR 024255,31/03/2021,APREZAL 20MG/ML AMP, 3.00 ," 3,900.00 "," 11,700.00 ", -   ," 11,700.00 ", 862.17 ," 2,586.51 "," 9,113.49 ",78%
Pharma,DR 024255,31/03/2021,RANIREX 25MG/ML, 10.00 , 650.00 ," 6,500.00 ", -   ," 6,500.00 ", 30.20 , 302.00 ," 6,198.00 ",95%
Quezon,DR 023188,31/12/2021,LACTAMOX 500MG/125MG TAB, 2.00 ," 3,815.00 "," 7,630.00 "," 2,289.00 "," 5,341.00 "," 1,047.86 "," 2,095.72 "," 3,245.28 ",43%
Quezon,DR 023188,31/12/2021,RUCEF, 2.00 ," 3,760.00 "," 7,520.00 "," 2,256.00 "," 5,264.00 "," 1,160.00 "," 2,320.00 "," 2,944.00 ",39%
Quezon,DR 023188,31/12/2021,MULTI GROW 120ML, 20.00 , 120.00 ," 2,400.00 ", 720.00 ," 1,680.00 ", 90.00 ," 1,800.00 ", (120.00),-5%
Quezon,DR 023185,27/12/2021,HEMOBAS 500MG/5ML, 9.00 ," 1,150.00 "," 10,350.00 ", -   ," 10,350.00 ", 280.00 ," 2,520.00 "," 7,830.00 ",76%
Quezon,DR 023185,27/12/2021,ATREX 1MG/ML, 10.00 , 580.00 ," 5,800.00 ", -   ," 5,800.00 ", 130.00 ," 1,300.00 "," 4,500.00 ",78%
Quezon,DR 023458,27/12/2021,MAXXIVIT PLUS, 5.00 ," 1,400.00 "," 7,000.00 ", -   ," 7,000.00 ", 560.00 ," 2,800.00 "," 4,200.00 ",60%
Quezon,DR 023459,27/12/2021,XYNETRIX CHEWABLE TABLET, 3.00 ," 1,300.00 "," 3,900.00 "," 1,170.00 "," 2,730.00 ", 450.00 ," 1,350.00 "," 1,380.00 ",35%
Quezon,DR 023454,20/12/2021,DOLO JAGA 500MG/50MG/100MG/100MCG, 5.00 ," 2,000.00 "," 10,000.00 ", -   ," 10,000.00 ", 615.00 ," 3,075.00 "," 6,925.00 ",69%
Quezon,DR 023182,20/12/2021,SPASBASCINE, 10.00 , 840.00 ," 8,400.00 ", -   ," 8,400.00 ", 180.00 ," 1,800.00 "," 6,600.00 ",79%
Quezon,DR 023179,20/12/2021,ZACZIN 20MG/ML, 20.00 , 137.00 ," 2,740.00 ", -   ," 2,740.00 ", 37.00 , 740.00 ," 2,000.00 ",73%
Quezon,DR 023179,20/12/2021,EPIX BY 10'S, 30.00 , 675.00 ," 20,250.00 ", -   ," 20,250.00 ", 175.00 ," 5,250.00 "," 15,000.00 ",74%
Quezon,DR 023179,20/12/2021,GOFENAC 75MG/3ML, 10.00 , 375.00 ," 3,750.00 ", -   ," 3,750.00 ", 37.50 , 375.00 ," 3,375.00 ",90%
Quezon,DR 023179,20/12/2021,CETHERGO 200MCG, 1.00 ," 4,375.00 "," 4,375.00 ", -   ," 4,375.00 "," 1,250.00 "," 1,250.00 "," 3,125.00 ",71%
Quezon,DR 023179,20/12/2021,PHYTOMEN 10MG/ML, 10.00 , 780.00 ," 7,800.00 ", -   ," 7,800.00 ", 145.00 ," 1,450.00 "," 6,350.00 ",81%
Quezon,DR 023453,20/12/2021,MULTI GROW 30ML DROPS, 36.00 , 190.00 ," 6,840.00 "," 2,052.00 "," 4,788.00 ", 70.00 ," 2,520.00 "," 2,268.00 ",33%
Quezon,DR 023455,20/12/2021,FERGLOBIN 250MG, 2.00 , 750.00 ," 1,500.00 ", 450.00 ," 1,050.00 ", 325.00 , 650.00 , 400.00 ,27%
Quezon,DR 023456,20/12/2021,TRIVASC 35MG MR, 10.00 ," 1,350.00 "," 13,500.00 "," 4,725.00 "," 8,775.00 ", 437.50 ," 4,375.00 "," 4,400.00 ",33%
Quezon,DR 023451,13/12/2021,XYNETRIX CHEWABLE TABLET, 2.00 ," 1,300.00 "," 2,600.00 ", 780.00 ," 1,820.00 ", 450.00 , 900.00 , 920.00 ,35%
Quezon,DR 023452,13/12/2021,TRIVASC 35MG MR, 10.00 ," 1,350.00 "," 13,500.00 "," 4,725.00 "," 8,775.00 ", 437.50 ," 4,375.00 "," 4,400.00 ",33%
Quezon,DR 023298,13/12/2021,IRBIN 150mg, 50.00 , 940.00 ," 47,000.00 ", -   ," 47,000.00 ", 207.27 ," 10,363.50 "," 36,636.50 ",78%
Quezon,DR 023298,13/12/2021,GLOVEDOL 6.25MG, 50.00 , 417.00 ," 20,850.00 ", -   ," 20,850.00 ", 37.00 ," 1,850.00 "," 19,000.00 ",91%
Quezon,DR 023299,13/12/2021,FERGLOBIN 250MG, 10.00 , 750.00 ," 7,500.00 "," 2,250.00 "," 5,250.00 ", 325.00 ," 3,250.00 "," 2,000.00 ",27%
Quezon,DR 023300,13/12/2021,CENDALEX 100MG/ML DROPS, 12.00 , 115.00 ," 1,380.00 ", -   ," 1,380.00 ", 31.00 , 372.00 ," 1,008.00 ",73%
Quezon,DR 023292,05/12/2021,CINNABLOC 25MG, 5.00 , 550.00 ," 2,750.00 ", 825.00 ," 1,925.00 ", 133.00 , 665.00 ," 1,260.00 ",46%
Quezon,DR 023293,05/12/2021,ATOVAS 20MG, 26.00 , 692.31 ," 18,000.00 ", -   ," 18,000.00 ", 180.00 ," 4,680.00 "," 13,320.00 ",74%
Quezon,DR 023293,05/12/2021,GLOVEDOL 6.25MG, 26.00 , 458.77 ," 11,928.00 ", -   ," 11,928.00 ", 37.00 , 962.00 ," 10,966.00 ",92%
Quezon,DR 023293,05/12/2021,IRBIN 150mg, 13.00 , 867.69 ," 11,280.00 ", -   ," 11,280.00 ", 207.27 ," 2,694.51 "," 8,585.49 ",76%
Quezon,DR 023293,05/12/2021,CLOVAS 75MG, 13.00 ," 1,246.15 "," 16,200.00 ", -   ," 16,200.00 ", 345.00 ," 4,485.00 "," 11,715.00 ",72%
Quezon,DR 023293,05/12/2021,TRIVASC 35MG MR, 13.00 ," 1,246.15 "," 16,199.95 ", -   ," 16,199.95 ", 437.50 ," 5,687.50 "," 10,512.45 ",65%
Quezon,DR 023294,05/12/2021,AMINOSOL 25MG/ML , 5.00 , 665.00 ," 3,325.00 ", -   ," 3,325.00 ", 132.30 , 661.50 ," 2,663.50 ",80%
Quezon,DR 023295,05/12/2021,MULTI GROW 30ML DROPS, 20.00 , 185.00 ," 3,700.00 "," 1,110.00 "," 2,590.00 ", 70.00 ," 1,400.00 "," 1,190.00 ",32%
Quezon,DR 023296,05/12/2021,TRIVASC 35MG MR, 10.00 ," 1,350.00 "," 13,500.00 "," 4,725.00 "," 8,775.00 ", 437.50 ," 4,375.00 "," 4,400.00 ",33%
Quezon,DR 023297,05/12/2021,FOLACID 5MG, 2.00 , 615.00 ," 1,230.00 ", 369.00 , 861.00 , 196.88 , 393.76 , 467.24 ,38%
Quezon,DR 023282,29/11/2021,FERGLOBIN 250MG, 7.00 , 725.00 ," 5,075.00 "," 1,522.50 "," 3,552.50 ", 325.00 ," 2,275.00 "," 1,277.50 ",25%
Quezon,DR 023284,29/11/2021,HYCLENS WOUND SPRAY (60ML), 5.00 , 280.00 ," 1,400.00 ", -   ," 1,400.00 ", 114.66 , 573.30 , 826.70 ,59%
Quezon,DR 023284,29/11/2021,FOLACID 5MG, 2.00 , 650.00 ," 1,300.00 ", -   ," 1,300.00 ", 196.88 , 393.76 , 906.24 ,70%
Quezon,DR 023287,29/11/2021,HYCLENS WOUND SPRAY (60ML), 13.00 , 258.46 ," 3,360.00 ", -   ," 3,360.00 ", 114.66 ," 1,490.58 "," 1,869.42 ",56%
Quezon,DR 023288,29/11/2021,MULTI GROW 120ML, 36.00 , 240.00 ," 8,640.00 "," 2,592.00 "," 6,048.00 ", 90.00 ," 3,240.00 "," 2,808.00 ",33%
Quezon,DR 023289,29/11/2021,TRIVASC 35MG MR, 10.00 ," 1,350.00 "," 13,500.00 "," 4,725.00 "," 8,775.00 ", 437.50 ," 4,375.00 "," 4,400.00 ",33%
Quezon,DR 023290,29/11/2021,BENERVA PLUS TAB, 5.00 ," 1,200.00 "," 6,000.00 ", -   ," 6,000.00 ", 550.00 ," 2,750.00 "," 3,250.00 ",54%
Quezon,DR 023290,29/11/2021,JAGA 300MG/100MG/100MCG, 5.00 ," 1,078.00 "," 5,390.00 ", -   ," 5,390.00 ", 530.00 ," 2,650.00 "," 2,740.00 ",51%
Quezon,DR 023291,29/11/2021,TRIVASC 35MG MR, 10.00 ," 1,350.00 "," 13,500.00 "," 4,725.00 "," 8,775.00 ", 437.50 ," 4,375.00 "," 4,400.00 ",33%
Quezon,DR 023279,22/11/2021,TRIVASC 35MG MR, 10.00 ," 1,350.00 "," 13,500.00 "," 4,725.00 "," 8,775.00 ", 437.50 ," 4,375.00 "," 4,400.00 ",33%
Quezon,DR 023280,22/11/2021,LACTAMOX 500MG/125MG TAB, 1.00 ," 3,817.00 "," 3,817.00 "," 1,145.10 "," 2,671.90 "," 1,047.86 "," 1,047.86 "," 1,624.04 ",43%
Quezon,DR 023280,22/11/2021,DOLO JAGA 500MG/50MG/100MG/100MCG, 1.00 ," 2,000.00 "," 2,000.00 ", 600.00 ," 1,400.00 ", 615.00 , 615.00 , 785.00 ,39%
Quezon,DR 023280,22/11/2021,FLAGEX 500MG, 1.00 , 480.00 , 480.00 , -   , 480.00 , 98.00 , 98.00 , 382.00 ,80%
Quezon,DR 023281,22/11/2021,MAXXIVIT PLUS, 10.00 ," 1,400.00 "," 14,000.00 ", -   ," 14,000.00 ", 560.00 ," 5,600.00 "," 8,400.00 ",60%
Quezon,DR 023275,15/11/2021,PHYTOMEN 10MG/ML, 30.00 , 780.00 ," 23,400.00 ", -   ," 23,400.00 ", 145.00 ," 4,350.00 "," 19,050.00 ",81%
Quezon,DR 023276,15/11/2021,TRIVASC 35MG MR, 10.00 ," 1,350.00 "," 13,500.00 "," 4,725.00 "," 8,775.00 ", 437.50 ," 4,375.00 "," 4,400.00 ",33%
Quezon,DR 023277,15/11/2021,ENCLOXIL 500MG, 2.00 ," 2,550.00 "," 5,100.00 "," 1,530.00 "," 3,570.00 ", 780.00 ," 1,560.00 "," 2,010.00 ",39%
Quezon,DR 023270,15/11/2021,JAGA 300MG/100MG/100MCG, 2.00 ," 1,078.00 "," 2,156.00 ", -   ," 2,156.00 ", 530.00 ," 1,060.00 "," 1,096.00 ",51%
Quezon,DR 023271,15/11/2021,CIXTOR-Z 500mg, 4.00 , 735.00 ," 2,940.00 ", 882.00 ," 2,058.00 ", 210.00 , 840.00 ," 1,218.00 ",41%
Quezon,DR 023273,15/11/2021,JAGAPLEX TAB, 5.00 ," 1,190.00 "," 5,950.00 "," 1,785.00 "," 4,165.00 ", 395.00 ," 1,975.00 "," 2,190.00 ",37%
Quezon,DR 023274,15/11/2021,MULTI GROW 30ML DROPS, 20.00 , 185.00 ," 3,700.00 "," 1,110.00 "," 2,590.00 ", 70.00 ," 1,400.00 "," 1,190.00 ",32%
Quezon,DR 023268,08/11/2021,MULTI GROW OB PLUS, 1.00 ," 1,450.00 "," 1,450.00 ", 435.00 ," 1,015.00 ", 525.00 , 525.00 , 490.00 ,34%
Quezon,DR 023268,08/11/2021,ANEROCIN 300MG, 1.00 ," 3,800.00 "," 3,800.00 "," 1,140.00 "," 2,660.00 ", 979.00 , 979.00 ," 1,681.00 ",44%
Quezon,DR 023267,08/11/2021,DOLO JAGA 500MG/50MG/100MG/100MCG, 1.00 ," 2,000.00 "," 2,000.00 ", -   ," 2,000.00 ", 615.00 , 615.00 ," 1,385.00 ",69%
Quezon,DR 023262,08/11/2021,EPIX BY 10'S, 30.00 , 675.00 ," 20,250.00 ", -   ," 20,250.00 ", 175.00 ," 5,250.00 "," 15,000.00 ",74%
Quezon,DR 023263,08/11/2021,GOFENAC 75MG/3ML, 10.00 , 75.00 , 750.00 , -   , 750.00 , 37.50 , 375.00 , 375.00 ,50%
Quezon,DR 023264,08/11/2021,FERGLOBIN 250MG, 10.00 , 725.00 ," 7,250.00 "," 2,175.00 "," 5,075.00 ", 325.00 ," 3,250.00 "," 1,825.00 ",25%
Quezon,DR 023265,08/11/2021,HYCLENS WOUND SPRAY (60ML), 5.00 , 280.00 ," 1,400.00 ", 140.00 ," 1,260.00 ", 114.66 , 573.30 , 686.70 ,49%
Quezon,DR 023266,08/11/2021,IRBIN 150mg, 13.00 , 867.69 ," 11,280.00 ", -   ," 11,280.00 ", 207.27 ," 2,694.51 "," 8,585.49 ",76%
Quezon,DR 023266,08/11/2021,GLOVEDOL 6.25MG, 13.00 , 458.77 ," 5,964.00 ", -   ," 5,964.00 ", 37.00 , 481.00 ," 5,483.00 ",92%
Quezon,DR 023269,08/11/2021,TRIVASC 35MG MR, 10.00 ," 1,350.00 "," 13,500.00 "," 4,725.00 "," 8,775.00 ", 437.50 ," 4,375.00 "," 4,400.00 ",33%
Quezon,DR 023272,08/11/2021,TRIVASC 35MG MR, 10.00 ," 1,350.00 "," 13,500.00 "," 4,725.00 "," 8,775.00 ", 437.50 ," 4,375.00 "," 4,400.00 ",33%
Quezon,DR 023255,31/10/2021,ATOVAS 20MG, 13.00 , 692.31 ," 9,000.00 ", -   ," 9,000.00 ", 180.00 ," 2,340.00 "," 6,660.00 ",74%
Quezon,DR 023251,31/10/2021,JAGA 300MG/100MG/100MCG, 2.00 ," 1,540.00 "," 3,080.00 ", 924.00 ," 2,156.00 ", 530.00 ," 1,060.00 "," 1,096.00 ",36%
Quezon,DR 023252,31/10/2021,TRIVASC 35MG MR, 10.00 ," 1,350.00 "," 13,500.00 "," 4,725.00 "," 8,775.00 ", 437.50 ," 4,375.00 "," 4,400.00 ",33%
Quezon,DR 023253,31/10/2021,METMIC 500MG, 2.00 , 385.00 , 770.00 , -   , 770.00 , 227.50 , 455.00 , 315.00 ,41%
Quezon,DR 023254,31/10/2021,FERGLOBIN 250MG, 2.00 , 725.00 ," 1,450.00 ", 435.00 ," 1,015.00 ", 325.00 , 650.00 , 365.00 ,25%
Quezon,DR 023254,31/10/2021,DOLO JAGA 500MG/50MG/100MG/100MCG, 1.00 ," 2,000.00 "," 2,000.00 ", 600.00 ," 1,400.00 ", 615.00 , 615.00 , 785.00 ,39%
Quezon,DR 023046,31/10/2021,CIXTOR-Z 500mg, 1.00 , 735.00 , 735.00 , -   , 735.00 , 210.00 , 210.00 , 525.00 ,71%
Quezon,DR 023046,31/10/2021,FERGLOBIN 250MG, 1.00 , 750.00 , 750.00 , -   , 750.00 , 325.00 , 325.00 , 425.00 ,57%
Quezon,DR 023047,31/10/2021,HYCLENS GARGLE (120ML), 12.00 , 208.00 ," 2,496.00 ", -   ," 2,496.00 ", 88.00 ," 1,056.00 "," 1,440.00 ",58%
Quezon,DR 023048,31/10/2021,MULTI GROW 30ML DROPS, 20.00 , 185.00 ," 3,700.00 "," 1,110.00 "," 2,590.00 ", 70.00 ," 1,400.00 "," 1,190.00 ",32%
Quezon,DR 023049,31/10/2021,VOXOLL 15MG/5ML SYR, 3.00 , 650.00 ," 1,950.00 ", -   ," 1,950.00 ", 23.00 , 69.00 ," 1,881.00 ",96%
Quezon,DR 023049,31/10/2021,DOLO JAGA 500MG/50MG/100MG/100MCG, 2.00 ," 2,000.00 "," 4,000.00 ", -   ," 4,000.00 ", 615.00 ," 1,230.00 "," 2,770.00 ",69%
Quezon,DR 023050,31/10/2021,VOXOLL 15MG/5ML SYR, 4.00 , 650.00 ," 2,600.00 ", -   ," 2,600.00 ", 23.00 , 92.00 ," 2,508.00 ",96%
Quezon,DR 023050,31/10/2021,DOLO JAGA 500MG/50MG/100MG/100MCG, 3.00 ," 2,000.00 "," 6,000.00 ", -   ," 6,000.00 ", 615.00 ," 1,845.00 "," 4,155.00 ",69%
Quezon,DR 023050,31/10/2021,JAGA 300MG/100MG/100MCG, 3.00 ," 1,540.00 "," 4,620.00 ", -   ," 4,620.00 ", 530.00 ," 1,590.00 "," 3,030.00 ",66%
Quezon,DR 023050,31/10/2021,TOSYLAM 750MG TAB, 3.00 ," 3,850.00 "," 11,550.00 ", -   ," 11,550.00 "," 1,265.00 "," 3,795.00 "," 7,755.00 ",67%
Quezon,DR 023259,25/10/2021,GLOVEDOL 6.25MG, 50.00 , 497.00 ," 24,850.00 ", -   ," 24,850.00 ", 37.00 ," 1,850.00 "," 23,000.00 ",93%
Quezon,DR 023259,25/10/2021,CLOVAS 75MG, 41.00 ," 1,350.00 "," 55,350.00 ", -   ," 55,350.00 ", 345.00 ," 14,145.00 "," 41,205.00 ",74%
Quezon,DR 023260,25/10/2021,XYNETRIX CHEWABLE TABLET, 2.00 ," 1,200.00 "," 2,400.00 ", 720.00 ," 1,680.00 ", 450.00 , 900.00 , 780.00 ,33%
Quezon,DR 023260,25/10/2021,MULTI GROW OB PLUS, 1.00 ," 1,450.00 "," 1,450.00 ", 435.00 ," 1,015.00 ", 525.00 , 525.00 , 490.00 ,34%
Quezon,DR 023261,25/10/2021,BROADMETZ 250MG/5ML SUS, 12.00 , 90.00 ," 1,080.00 ", -   ," 1,080.00 ", 40.25 , 483.00 , 597.00 ,55%
Quezon,DR 023039,18/10/2021,TRIVASC 35MG MR, 10.00 ," 1,350.00 "," 13,500.00 "," 4,725.00 "," 8,775.00 ", 437.50 ," 4,375.00 "," 4,400.00 ",33%
Quezon,DR 023040,18/10/2021,FLUIFORT-M 50MG DROPS, 12.00 , 98.00 ," 1,176.00 ", 352.80 , 823.20 , 30.00 , 360.00 , 463.20 ,39%
Quezon,DR 023041,18/10/2021,VOXOLL 15MG/5ML SYR, 12.00 , 75.00 , 900.00 , 270.00 , 630.00 , 23.00 , 276.00 , 354.00 ,39%
Quezon,DR 023042,18/10/2021,TRIVASC 35MG MR, 10.00 ," 1,350.00 "," 13,500.00 "," 4,725.00 "," 8,775.00 ", 437.50 ," 4,375.00 "," 4,400.00 ",33%
Quezon,DR 023043,18/10/2021,BENERVA PLUS TAB, 6.00 ," 1,200.00 "," 7,200.00 ", -   ," 7,200.00 ", 550.00 ," 3,300.00 "," 3,900.00 ",54%
Quezon,DR 023044,18/10/2021,MAXXIVIT PLUS, 5.00 ," 1,400.00 "," 7,000.00 ", -   ," 7,000.00 ", 560.00 ," 2,800.00 "," 4,200.00 ",60%
Quezon,DR 023045,18/10/2021,CIXTOR-Z 500mg, 2.00 , 735.00 ," 1,470.00 ", 441.00 ," 1,029.00 ", 210.00 , 420.00 , 609.00 ,41%
Quezon,DR 023037,11/10/2021,ATOVAS 20MG, 100.00 , 750.00 ," 75,000.00 ", -   ," 75,000.00 ", 180.00 ," 18,000.00 "," 57,000.00 ",76%
Quezon,DR 023037,11/10/2021,SOLVASC 5MG, 20.00 ," 1,350.00 "," 27,000.00 ", -   ," 27,000.00 ", 349.03 ," 6,980.60 "," 20,019.40 ",74%
Quezon,DR 023038,11/10/2021,CIXTOR-Z 500mg, 4.00 , 735.00 ," 2,940.00 ", 882.00 ," 2,058.00 ", 210.00 , 840.00 ," 1,218.00 ",41%
Quezon,DR 023036,11/10/2021,BERCEF 250MG/5ML SUS, 24.00 , 225.00 ," 5,400.00 ", -   ," 5,400.00 ", 134.89 ," 3,237.36 "," 2,162.64 ",40%
Quezon,DR 023033,11/10/2021,FERGLOBIN 250MG, 10.00 , 725.00 ," 7,250.00 "," 2,175.00 "," 5,075.00 ", 325.00 ," 3,250.00 "," 1,825.00 ",25%
Quezon,DR 023034,11/10/2021,TRIVASC 35MG MR, 10.00 ," 1,350.00 "," 13,500.00 "," 4,725.00 "," 8,775.00 ", 437.50 ," 4,375.00 "," 4,400.00 ",33%
Quezon,DR 023035,11/10/2021,FOLACID 5MG, 2.00 , 615.00 ," 1,230.00 ", 369.00 , 861.00 , 196.88 , 393.76 , 467.24 ,38%
Quezon,DR 023035,11/10/2021,MULTI GROW OB PLUS, 1.00 ," 1,450.00 "," 1,450.00 ", 435.00 ," 1,015.00 ", 525.00 , 525.00 , 490.00 ,34%
Quezon,DR 023035,11/10/2021,LACTAMOX 500MG/125MG TAB, 1.00 ," 3,815.00 "," 3,815.00 "," 1,144.50 "," 2,670.50 "," 1,047.86 "," 1,047.86 "," 1,622.64 ",43%
Quezon,DR MS 001003,11/10/2021,PHYTOMEN 10MG/ML, 3.00 ," 7,800.00 "," 23,400.00 ", -   ," 23,400.00 ", 145.00 , 435.00 ," 22,965.00 ",98%
Quezon,DR MS 001003,11/10/2021,EPIX BY 10'S, 3.00 ," 6,750.00 "," 20,250.00 ", -   ," 20,250.00 ", 175.00 , 525.00 ," 19,725.00 ",97%
Quezon,DR MS 00999,11/10/2021,GLOVEDOL 6.25MG, 13.00 , 458.77 ," 5,964.00 ", -   ," 5,964.00 ", 37.00 , 481.00 ," 5,483.00 ",92%
Quezon,DR MS 01000,11/10/2021,HYCLENS WOUND SPRAY (60ML), 36.00 , 258.46 ," 9,304.56 ", -   ," 9,304.56 ", 114.66 ," 4,127.76 "," 5,176.80 ",56%
Quezon,DR MS 00953,30/09/2021,DOLO JAGA 500MG/50MG/100MG/100MCG, 2.00 ," 2,000.00 "," 4,000.00 "," 1,200.00 "," 2,800.00 ", 615.00 ," 1,230.00 "," 1,570.00 ",39%
Quezon,DR MS 00953,30/09/2021,FERGLOBIN 250MG, 2.00 , 725.00 ," 1,450.00 ", 435.00 ," 1,015.00 ", 325.00 , 650.00 , 365.00 ,25%
Quezon,DR MS 00953,30/09/2021,XYNETRIX CHEWABLE TABLET, 2.00 ," 1,200.00 "," 2,400.00 ", 720.00 ," 1,680.00 ", 450.00 , 900.00 , 780.00 ,33%
Quezon,DR 023029,30/09/2021,JAGA 300MG/100MG/100MCG, 1.00 ," 1,540.00 "," 1,540.00 ", 462.00 ," 1,078.00 ", 530.00 , 530.00 , 548.00 ,36%
Quezon,DR 023030,30/09/2021,BUFEN 200MG/ML, 12.00 , 56.88 , 682.50 , -   , 682.50 , 35.00 , 420.00 , 262.50 ,38%
Quezon,DR 023031,30/09/2021,BERCEF 50MG/ML DROPS, 12.00 , 160.00 ," 1,920.00 ", -   ," 1,920.00 ", 38.28 , 459.36 ," 1,460.64 ",76%
Quezon,DR 023032,30/09/2021,JAGA 300MG/100MG/100MCG, 5.00 ," 1,078.00 "," 5,390.00 ", -   ," 5,390.00 ", 530.00 ," 2,650.00 "," 2,740.00 ",51%
Quezon,DR 023032,30/09/2021,BENERVA PLUS TAB, 6.00 ," 1,200.00 "," 7,200.00 ", -   ," 7,200.00 ", 550.00 ," 3,300.00 "," 3,900.00 ",54%
Quezon,DR MS 00965,30/09/2021,TRIVASC 35MG MR, 20.00 ," 1,350.00 "," 27,000.00 ", -   ," 27,000.00 ", 437.50 ," 8,750.00 "," 18,250.00 ",68%
Quezon,DR MS 00967,30/09/2021,CYFROX 500MG, 3.00 , 875.00 ," 2,625.00 ", -   ," 2,625.00 ", 149.00 , 447.00 ," 2,178.00 ",83%
Quezon,DR MS 00966,30/09/2021,MAXXIVIT PLUS, 8.00 ," 1,400.00 "," 11,200.00 ", -   ," 11,200.00 ", 560.00 ," 4,480.00 "," 6,720.00 ",60%
Quezon,DR MS 00961,30/09/2021,GLOVEDOL 6.25MG, 13.00 , 458.77 ," 5,964.00 ", -   ," 5,964.00 ", 37.00 , 481.00 ," 5,483.00 ",92%
Quezon,DR MS 00968,30/09/2021,PHYTOMEN 10MG/ML, 30.00 , 780.00 ," 23,400.00 ", -   ," 23,400.00 ", 145.00 ," 4,350.00 "," 19,050.00 ",81%
Quezon,DR MS 00968,30/09/2021,DOPNAX 40mg, 20.00 , 630.00 ," 12,600.00 ", -   ," 12,600.00 ", 265.00 ," 5,300.00 "," 7,300.00 ",58%
Quezon,DR 023031,30/09/2021,CENDALEX 100MG/ML DROPS, 24.00 , 115.00 ," 2,760.00 ", -   ," 2,760.00 ", 31.00 , 744.00 ," 2,016.00 ",73%
Quezon,DR 023026,27/09/2021,DEXARIL, 1.00 ," 3,250.00 "," 3,250.00 ", -   ," 3,250.00 ", 750.00 , 750.00 ," 2,500.00 ",77%
Quezon,DR 023027,27/09/2021,MAXXIVIT PLUS, 5.00 ," 1,400.00 "," 7,000.00 ", -   ," 7,000.00 ", 560.00 ," 2,800.00 "," 4,200.00 ",60%
Quezon,DR 023028,27/09/2021,TRIVASC 35MG MR, 10.00 ," 1,350.00 "," 13,500.00 "," 4,725.00 "," 8,775.00 ", 437.50 ," 4,375.00 "," 4,400.00 ",33%
Quezon,DR MS 00971,27/09/2021,IRBIN 150mg, 50.00 , 980.00 ," 49,000.00 ", -   ," 49,000.00 ", 207.27 ," 10,363.50 "," 38,636.50 ",79%
Quezon,DR MS 00971,27/09/2021,GLOVEDOL 6.25MG, 30.00 , 497.00 ," 14,910.00 ", -   ," 14,910.00 ", 37.00 ," 1,110.00 "," 13,800.00 ",93%
Quezon,DR MS 00972,27/09/2021,CLOVAS 75MG, 13.00 ," 1,246.15 "," 16,200.00 ", -   ," 16,200.00 ", 345.00 ," 4,485.00 "," 11,715.00 ",72%
Quezon,DR MS 00972,27/09/2021,ATOVAS 20MG, 13.00 , 692.31 ," 9,000.00 ", -   ," 9,000.00 ", 180.00 ," 2,340.00 "," 6,660.00 ",74%
Quezon,DR MS 00972,27/09/2021,TRIVASC 35MG MR, 13.00 ," 1,246.15 "," 16,200.00 ", -   ," 16,200.00 ", 437.50 ," 5,687.50 "," 10,512.50 ",65%
Quezon,DR MS 00957,20/09/2021,GLOVEDOL 6.25MG, 13.00 , 771.69 ," 10,032.00 ", -   ," 10,032.00 ", 37.00 , 481.00 ," 9,551.00 ",95%
Quezon,DR 024292,20/09/2021,XYNETRIX CHEWABLE TABLET, 1.00 ," 1,200.00 "," 1,200.00 ", -   ," 1,200.00 ", 450.00 , 450.00 , 750.00 ,63%
Quezon,DR 024292,20/09/2021,MULTI GROW OB PLUS, 2.00 ," 1,450.00 "," 2,900.00 ", -   ," 2,900.00 ", 525.00 ," 1,050.00 "," 1,850.00 ",64%
Quezon,DR MS 00947,13/09/2021,ATREX 1MG/ML, 2.00 ," 5,800.00 "," 11,600.00 ", -   ," 11,600.00 ", 130.00 , 260.00 ," 11,340.00 ",98%
Quezon,DR MS 00940,13/09/2021,ATOVAS 20MG, 13.00 , 692.31 ," 9,000.00 ", -   ," 9,000.00 ", 180.00 ," 2,340.00 "," 6,660.00 ",74%
Quezon,DR MS 00940,13/09/2021,IRBIN 150mg, 13.00 , 867.69 ," 11,280.00 ", -   ," 11,280.00 ", 207.27 ," 2,694.51 "," 8,585.49 ",76%
Quezon,DR MS 00942,13/09/2021,EPIX BY 10'S, 3.00 ," 7,800.00 "," 23,400.00 ", -   ," 23,400.00 ", 175.00 , 525.00 ," 22,875.00 ",98%
Quezon,DR MS 00942,13/09/2021,CETHERGO 200MCG, 1.00 ," 4,375.00 "," 4,375.00 ", -   ," 4,375.00 "," 1,250.00 "," 1,250.00 "," 3,125.00 ",71%
Quezon,DR 023022,31/08/2021,INTRAPLEM 100MG/5ML, 30.00 , 110.00 ," 3,300.00 ", 990.00 ," 2,310.00 ", 30.76 , 922.80 ," 1,387.20 ",42%
Quezon,DR 023022,31/08/2021,JAGA 300MG/100MG/100MCG, 2.00 ," 1,078.00 "," 2,156.00 ", -   ," 2,156.00 ", 530.00 ," 1,060.00 "," 1,096.00 ",51%
Quezon,DR 023023,31/08/2021,HYCLENS WOUND SPRAY (60ML), 36.00 , 280.00 ," 10,080.00 ", -   ," 10,080.00 ", 114.66 ," 4,127.76 "," 5,952.24 ",59%
Quezon,DR 023024,31/08/2021,DOLO JAGA 500MG/50MG/100MG/100MCG, 10.00 ," 2,000.00 "," 20,000.00 ", -   ," 20,000.00 ", 615.00 ," 6,150.00 "," 13,850.00 ",69%
Quezon,DR 023024,31/08/2021,SOLVAPRINE 10MG, 10.00 ," 1,100.00 "," 11,000.00 ", -   ," 11,000.00 ", 146.80 ," 1,468.00 "," 9,532.00 ",87%
Quezon,DR 023024,31/08/2021,DOPAMET 250MG TAB, 5.00 , 700.00 ," 3,500.00 ", -   ," 3,500.00 ", 195.00 , 975.00 ," 2,525.00 ",72%
Quezon,DR 023016,23/08/2021,TRIVASC 35MG MR, 10.00 ," 1,350.00 "," 13,500.00 "," 4,725.00 "," 8,775.00 ", 437.50 ," 4,375.00 "," 4,400.00 ",33%
Quezon,DR 023017,23/08/2021,TRIVASC 35MG MR, 10.00 ," 1,350.00 "," 13,500.00 "," 4,725.00 "," 8,775.00 ", 437.50 ," 4,375.00 "," 4,400.00 ",33%
Quezon,DR 023018,23/08/2021,CENDALEX 100MG/ML DROPS, 12.00 , 115.00 ," 1,380.00 ", 414.00 , 966.00 , 31.00 , 372.00 , 594.00 ,43%
Quezon,DR 023018,23/08/2021,VOXOLL 15MG/5ML SYR, 12.00 , 75.00 , 900.00 , 270.00 , 630.00 , 23.00 , 276.00 , 354.00 ,39%
Quezon,DR 023019,23/08/2021,FLUIFORT-M 50MG DROPS, 12.00 , 80.00 , 960.00 , 288.00 , 672.00 , 30.00 , 360.00 , 312.00 ,33%
Quezon,DR 023020,23/08/2021,CEFUSAPH, 5.00 , 780.00 ," 3,900.00 "," 1,170.00 "," 2,730.00 ", 112.00 , 560.00 ," 2,170.00 ",56%
Quezon,DR 023021,23/08/2021,CIXTOR-Z 500mg, 2.00 , 735.00 ," 1,470.00 ", 441.00 ," 1,029.00 ", 210.00 , 420.00 , 609.00 ,41%
Quezon,DR 22500,16/08/2021,PHYTOMEN 10MG/ML, 30.00 , 780.00 ," 23,400.00 ", -   ," 23,400.00 ", 145.00 ," 4,350.00 "," 19,050.00 ",81%
Quezon,DR 22500,16/08/2021,EPIX BY 10'S, 20.00 , 780.00 ," 15,600.00 ", -   ," 15,600.00 ", 175.00 ," 3,500.00 "," 12,100.00 ",78%
Quezon,DR 023006,16/08/2021,CEFUSAPH, 5.00 , 780.00 ," 3,900.00 "," 1,170.00 "," 2,730.00 ", 112.00 , 560.00 ," 2,170.00 ",56%
Quezon,DR 023006,16/08/2021,FOLACID 5MG, 2.00 , 615.00 ," 1,230.00 ", 369.00 , 861.00 , 196.88 , 393.76 , 467.24 ,38%
Quezon,DR 023007,16/08/2021,TRIVASC 35MG MR, 10.00 ," 1,350.00 "," 13,500.00 "," 4,725.00 "," 8,775.00 ", 437.50 ," 4,375.00 "," 4,400.00 ",33%
Quezon,DR 023008,16/08/2021,HYCLENS WOUND SPRAY (60ML), 5.00 , 280.00 ," 1,400.00 ", 140.00 ," 1,260.00 ", 114.66 , 573.30 , 686.70 ,49%
Quezon,DR 023008,16/08/2021,FOLACID 5MG, 1.00 , 615.00 , 615.00 , 184.50 , 430.50 , 196.88 , 196.88 , 233.62 ,38%
Quezon,DR 023009,16/08/2021,JAGA 300MG/100MG/100MCG, 1.00 ," 1,540.00 "," 1,540.00 ", 462.00 ," 1,078.00 ", 530.00 , 530.00 , 548.00 ,36%
Quezon,DR 023010,16/08/2021,BENERVA FORTE CAP, 1.00 ," 1,540.00 "," 1,540.00 ", 462.00 ," 1,078.00 ", 525.00 , 525.00 , 553.00 ,36%
Quezon,DR MS 00896,16/08/2021,DOPAN 200mg/5ml, 10.00 , 630.00 ," 6,300.00 ", -   ," 6,300.00 ", 210.00 ," 2,100.00 "," 4,200.00 ",67%
Quezon,DR 023001,09/08/2021,AMINOSOL 25MG/ML , 5.00 , 665.00 ," 3,325.00 ", -   ," 3,325.00 ", 132.30 , 661.50 ," 2,663.50 ",80%
Quezon,DR 023002,09/08/2021,CENDALEX 125MG/5ML SUS, 24.00 , 115.00 ," 2,760.00 ", -   ," 2,760.00 ", 35.00 , 840.00 ," 1,920.00 ",70%
Quezon,DR 023003,09/08/2021,MULTI GROW 30ML DROPS, 20.00 , 185.00 ," 3,700.00 "," 1,110.00 "," 2,590.00 ", 70.00 ," 1,400.00 "," 1,190.00 ",32%
Quezon,DR 023003,09/08/2021,MULTI GROW 120ML, 12.00 , 120.00 ," 1,440.00 ", -   ," 1,440.00 ", 90.00 ," 1,080.00 ", 360.00 ,25%
Quezon,DR 22496,09/08/2021,TRIVASC 35MG MR, 6.00 ," 1,350.00 "," 8,100.00 "," 2,835.00 "," 5,265.00 ", 437.50 ," 2,625.00 "," 2,640.00 ",33%
Quezon,DR 22497,09/08/2021,HYCLENS WOUND SPRAY (60ML), 12.00 , 280.00 ," 3,360.00 ", -   ," 3,360.00 ", 114.66 ," 1,375.92 "," 1,984.08 ",59%
Quezon,DR 22498,09/08/2021,FOLACID 5MG, 2.00 , 615.00 ," 1,230.00 ", -   ," 1,230.00 ", 196.88 , 393.76 , 836.24 ,68%
Quezon,DR 22499,09/08/2021,TRIVASC 35MG MR, 10.00 ," 1,350.00 "," 13,500.00 "," 4,725.00 "," 8,775.00 ", 437.50 ," 4,375.00 "," 4,400.00 ",33%
Quezon,DR 22489,03/08/2021,ATOVAS 20MG, 13.00 , 692.31 ," 9,000.00 ", -   ," 9,000.00 ", 180.00 ," 2,340.00 "," 6,660.00 ",74%
Quezon,DR 22489,03/08/2021,GLOVEDOL 6.25MG, 13.00 , 458.77 ," 5,964.00 ", -   ," 5,964.00 ", 37.00 , 481.00 ," 5,483.00 ",92%
Quezon,DR 22489,03/08/2021,CLOVAS 75MG, 13.00 ," 1,246.15 "," 16,200.00 ", -   ," 16,200.00 ", 345.00 ," 4,485.00 "," 11,715.00 ",72%
Quezon,DR 22490,03/08/2021,GLOVEDOL 6.25MG, 50.00 , 497.00 ," 24,850.00 ", -   ," 24,850.00 ", 37.00 ," 1,850.00 "," 23,000.00 ",93%
Quezon,DR 22491,03/08/2021,MAXXIVIT PLUS, 5.00 ," 1,400.00 "," 7,000.00 ", -   ," 7,000.00 ", 560.00 ," 2,800.00 "," 4,200.00 ",60%
Quezon,DR 22492,03/08/2021,TRIVASC 35MG MR, 10.00 ," 1,350.00 "," 13,500.00 "," 4,725.00 "," 8,775.00 ", 437.50 ," 4,375.00 "," 4,400.00 ",33%
Quezon,DR 22493,03/08/2021,MULTI GROW OB PLUS, 1.00 ," 1,450.00 "," 1,450.00 ", 435.00 ," 1,015.00 ", 525.00 , 525.00 , 490.00 ,34%
Quezon,DR 22493,03/08/2021,DOLO JAGA 500MG/50MG/100MG/100MCG, 2.00 ," 2,000.00 "," 4,000.00 "," 1,200.00 "," 2,800.00 ", 615.00 ," 1,230.00 "," 1,570.00 ",39%
Quezon,DR 22493,03/08/2021,FLAGEX 500MG, 1.00 , 650.00 , 650.00 , 195.00 , 455.00 , 98.00 , 98.00 , 357.00 ,55%
Quezon,DR 22494,03/08/2021,ANEROCIN 300MG, 1.00 ," 3,800.00 "," 3,800.00 "," 1,140.00 "," 2,660.00 ", 979.00 , 979.00 ," 1,681.00 ",44%
Quezon,DR 22494,03/08/2021,FERGLOBIN 250MG, 2.00 , 725.00 ," 1,450.00 ", 435.00 ," 1,015.00 ", 325.00 , 650.00 , 365.00 ,25%
Quezon,DR 22494,03/08/2021,JAGA 300MG/100MG/100MCG, 1.00 ," 1,540.00 "," 1,540.00 ", 462.00 ," 1,078.00 ", 530.00 , 530.00 , 548.00 ,36%
Quezon,DR 22495,03/08/2021,JAGA 300MG/100MG/100MCG, 1.00 ," 1,540.00 "," 1,540.00 ", 462.00 ," 1,078.00 ", 530.00 , 530.00 , 548.00 ,36%
Quezon,DR 22495,03/08/2021,VOXOLL 15MG/5ML SYR, 20.00 , 75.00 ," 1,500.00 ", 450.00 ," 1,050.00 ", 23.00 , 460.00 , 590.00 ,39%
Quezon,DR 22495,03/08/2021,COZOLE 200MG/40MG/5ML, 10.00 , 90.00 , 900.00 , 270.00 , 630.00 , 32.40 , 324.00 , 306.00 ,34%
Quezon,DR 22487,02/08/2021,TRIVASC 35MG MR, 13.00 ," 1,246.15 "," 16,200.00 ", -   ," 16,200.00 ", 437.50 ," 5,687.50 "," 10,512.50 ",65%
Quezon,DR 22488,02/08/2021,TRIVASC 35MG MR, 50.00 ," 1,350.00 "," 67,500.00 ", -   ," 67,500.00 ", 437.50 ," 21,875.00 "," 45,625.00 ",68%
Quezon,DR 22486,31/07/2021,IRBIN 150mg, 13.00 , 867.69 ," 11,280.00 ", -   ," 11,280.00 ", 207.27 ," 2,694.51 "," 8,585.49 ",76%
Quezon,DR 22486,31/07/2021,HYCLENS WOUND SPRAY (60ML), 26.00 , 258.46 ," 6,720.00 ", -   ," 6,720.00 ", 114.66 ," 2,981.16 "," 3,738.84 ",56%
Quezon,DR 22485,31/07/2021,AMINOSOL 25MG/ML , 3.00 , 665.00 ," 1,995.00 ", -   ," 1,995.00 ", 132.30 , 396.90 ," 1,598.10 ",80%
Quezon,DR 22481,29/07/2021,FLUIFORT-M 50MG DROPS, 20.00 , 98.00 ," 1,960.00 ", 588.00 ," 1,372.00 ", 30.00 , 600.00 , 772.00 ,39%
Quezon,DR 22481,29/07/2021,FLUIFORT-M 250MG SUS, 20.00 , 110.00 ," 2,200.00 ", 660.00 ," 1,540.00 ", 35.00 , 700.00 , 840.00 ,38%
Quezon,DR 22481,29/07/2021,BROADMETZ 100MG/ML DROPS, 20.00 , 101.00 ," 2,020.00 ", 606.00 ," 1,414.00 ", 31.06 , 621.20 , 792.80 ,39%
Quezon,DR 22481,29/07/2021,BROADMETZ 250MG/5ML SUS, 20.00 , 125.00 ," 2,500.00 ", 750.00 ," 1,750.00 ", 40.25 , 805.00 , 945.00 ,38%
Quezon,DR 22481,29/07/2021,SUSTACHLOR 125MG/5ML, 20.00 , 120.00 ," 2,400.00 ", 720.00 ," 1,680.00 ", 47.50 , 950.00 , 730.00 ,30%
Quezon,DR 22482,29/07/2021,MULTI GROW 30ML DROPS, 20.00 , 185.00 ," 3,700.00 "," 1,110.00 "," 2,590.00 ", 70.00 ," 1,400.00 "," 1,190.00 ",32%
Quezon,DR 22483,29/07/2021,JAGAPLEX SYR 120ML, 20.00 , 175.00 ," 3,500.00 ", -   ," 3,500.00 ", 53.85 ," 1,077.00 "," 2,423.00 ",69%
Quezon,DR 22483,29/07/2021,VOXOLL 30MG TAB, 4.00 , 650.00 ," 2,600.00 ", -   ," 2,600.00 ", 168.00 , 672.00 ," 1,928.00 ",74%
Quezon,DR 22484,29/07/2021,HYCLENS WOUND SPRAY (60ML), 10.00 , 280.00 ," 2,800.00 ", -   ," 2,800.00 ", 114.66 ," 1,146.60 "," 1,653.40 ",59%
Quezon,DR 22480,26/07/2021,FOLACID 5MG, 1.00 , 615.00 , 615.00 , 184.50 , 430.50 , 196.88 , 196.88 , 233.62 ,38%
Quezon,DR 22479,26/07/2021,ARTAL-H 50MG/12.5MG, 18.00 ," 1,200.00 "," 21,600.00 ", -   ," 21,600.00 ", 151.82 ," 2,732.76 "," 18,867.24 ",87%
Quezon,DR 22478,21/07/2021,TRIVASC 35MG MR, 10.00 ," 1,350.00 "," 13,500.00 "," 4,725.00 "," 8,775.00 ", 437.50 ," 4,375.00 "," 4,400.00 ",33%
Quezon,DR 22477,21/07/2021,XYNETRIX CHEWABLE TABLET, 2.00 ," 1,400.00 "," 2,800.00 ", 840.00 ," 1,960.00 ", 450.00 , 900.00 ," 1,060.00 ",38%
Quezon,DR 22477,21/07/2021,FERGLOBIN 250MG, 2.00 , 725.00 ," 1,450.00 ", 435.00 ," 1,015.00 ", 325.00 , 650.00 , 365.00 ,25%
Quezon,DR 22476,21/07/2021,METMIC 500MG, 1.00 , 770.00 , 770.00 , 231.00 , 539.00 , 227.50 , 227.50 , 311.50 ,40%
Quezon,DR 22476,21/07/2021,FOLACID 5MG, 1.00 , 650.00 , 650.00 , 195.00 , 455.00 , 196.88 , 196.88 , 258.12 ,40%
Quezon,DR 22476,21/07/2021,DOLO JAGA 500MG/50MG/100MG/100MCG, 1.00 ," 2,000.00 "," 2,000.00 ", 600.00 ," 1,400.00 ", 615.00 , 615.00 , 785.00 ,39%
Quezon,DR 22476,21/07/2021,CEFUSAPH, 5.00 , 780.00 ," 3,900.00 "," 1,170.00 "," 2,730.00 ", 112.00 , 560.00 ," 2,170.00 ",56%
Quezon,DR 22471,21/07/2021,ATOVAS 20MG, 100.00 , 750.00 ," 75,000.00 ", -   ," 75,000.00 ", 180.00 ," 18,000.00 "," 57,000.00 ",76%
Quezon,DR 22470,19/07/2021,LACTAMOX 500MG/125MG TAB, 2.00 ," 3,815.00 "," 7,630.00 "," 2,289.00 "," 5,341.00 "," 1,047.86 "," 2,095.72 "," 3,245.28 ",43%
Quezon,DR 22469,19/07/2021,TRIVASC 35MG MR, 10.00 ," 1,350.00 "," 13,500.00 "," 4,725.00 "," 8,775.00 ", 437.50 ," 4,375.00 "," 4,400.00 ",33%
Quezon,DR 22468,19/07/2021,MAXXIVIT PLUS, 5.00 ," 1,400.00 "," 7,000.00 ", -   ," 7,000.00 ", 560.00 ," 2,800.00 "," 4,200.00 ",60%
Quezon,DR 22467,19/07/2021,JAGA 300MG/100MG/100MCG, 2.00 ," 1,540.00 "," 3,080.00 ", -   ," 3,080.00 ", 530.00 ," 1,060.00 "," 2,020.00 ",66%
Quezon,DR 22467,19/07/2021,TOSYLAM 750MG TAB, 2.00 ," 3,850.00 "," 7,700.00 ", -   ," 7,700.00 "," 1,265.00 "," 2,530.00 "," 5,170.00 ",67%
Quezon,DR 22467,19/07/2021,VOXOLL 15MG/5ML SYR, 2.00 , 650.00 ," 1,300.00 ", -   ," 1,300.00 ", 23.00 , 46.00 ," 1,254.00 ",96%
Quezon,DR 22465,19/07/2021,FOLACID 5MG, 4.00 , 615.00 ," 2,460.00 ", 738.00 ," 1,722.00 ", 196.88 , 787.52 , 934.48 ,38%
Quezon,DR 22464,19/07/2021,MULTI GROW 30ML DROPS, 15.00 , 185.00 ," 2,775.00 ", 832.50 ," 1,942.50 ", 70.00 ," 1,050.00 ", 892.50 ,32%
Quezon,DR 22463,19/07/2021,CINNABLOC 25MG, 5.00 , 550.00 ," 2,750.00 ", 825.00 ," 1,925.00 ", 133.00 , 665.00 ," 1,260.00 ",46%
Quezon,DR 22461,19/07/2021,HYCLENS WOUND SPRAY (60ML), 5.00 , 280.00 ," 1,400.00 ", 140.00 ," 1,260.00 ", 114.66 , 573.30 , 686.70 ,49%
Quezon,DR 22461,19/07/2021,FOLACID 5MG, 1.00 , 615.00 , 615.00 , 184.50 , 430.50 , 196.88 , 196.88 , 233.62 ,38%
Quezon,DR 22460,19/07/2021,PHYTOMEN 10MG/ML, 30.00 , 780.00 ," 23,400.00 ", -   ," 23,400.00 ", 145.00 ," 4,350.00 "," 19,050.00 ",81%
Quezon,DR 22460,19/07/2021,EPIX BY 10'S, 20.00 , 780.00 ," 15,600.00 ", -   ," 15,600.00 ", 175.00 ," 3,500.00 "," 12,100.00 ",78%
Quezon,DR 22460,19/07/2021,ATREX 1MG/ML, 10.00 , 580.00 ," 5,800.00 ", -   ," 5,800.00 ", 130.00 ," 1,300.00 "," 4,500.00 ",78%
Quezon,DR 22462,19/07/2021,FOLACID 5MG, 1.00 , 615.00 , 615.00 , 184.00 , 431.00 , 196.88 , 196.88 , 234.12 ,38%
Quezon,PULL 2418,16/07/2021,BERCEF 250MG/5ML SUS, (2.00), 420.00 , (840.00), -   , (840.00), 134.89 , (269.78), (570.22),68%
Quezon,PULL 2419,16/07/2021,BENERVA FORTE CAP, (0.60)," 1,540.00 ", (924.00), -   , (924.00), 525.00 , (315.00), (609.00),66%
Quezon,PULL 2419,16/07/2021,LACTAMOX 125MG/31.25MG/5ML, (1.00), 245.00 , (245.00), -   , (245.00), 93.63 , (93.63), (151.37),62%
Quezon,PULL 2419,16/07/2021,SOLVAPRINE 10MG, (1.00)," 1,100.00 "," (1,100.00)", -   ," (1,100.00)", 146.80 , (146.80), (953.20),87%
Quezon,PULL 2420,16/07/2021,HYCLENS WOUND SPRAY (60ML), (1.00), 258.46 , (258.46), -   , (258.46), 114.66 , (114.66), (143.80),56%
Quezon,DR 22459,15/07/2021,TRIVASC 35MG MR, 10.00 ," 1,350.00 "," 13,500.00 "," 4,725.00 "," 8,775.00 ", 437.50 ," 4,375.00 "," 4,400.00 ",33%
Quezon,DR 22455,12/07/2021,TRIVASC 35MG MR, 10.00 ," 1,350.00 "," 13,500.00 "," 4,725.00 "," 8,775.00 ", 437.50 ," 4,375.00 "," 4,400.00 ",33%
Quezon,DR 22456,12/07/2021,CENDALEX 100MG/ML DROPS, 12.00 , 115.00 ," 1,380.00 ", 414.00 , 966.00 , 31.00 , 372.00 , 594.00 ,43%
Quezon,DR 22456,12/07/2021,FLUIFORT-M 50MG DROPS, 12.00 , 98.00 ," 1,176.00 ", 352.80 , 823.20 , 30.00 , 360.00 , 463.20 ,39%
Quezon,DR 22454,12/07/2021,HYCLENS WOUND SPRAY (60ML), 26.00 , 258.46 ," 6,720.00 ", -   ," 6,720.00 ", 114.66 ," 2,981.16 "," 3,738.84 ",56%
Quezon,DR 22458,12/07/2021,JAGA 300MG/100MG/100MCG, 2.00 ," 1,540.00 "," 3,080.00 ", 924.00 ," 2,156.00 ", 530.00 ," 1,060.00 "," 1,096.00 ",36%
Quezon,DR 22458,12/07/2021,RIBER 500 MG TABLET, 2.00 , 342.00 , 684.00 , 205.20 , 478.80 , 90.00 , 180.00 , 298.80 ,44%
Quezon,DR 22458,12/07/2021,FLUIFORT-M 50MG DROPS, 12.00 , 98.00 ," 1,176.00 ", 352.80 , 823.20 , 30.00 , 360.00 , 463.20 ,39%
Quezon,DR 22458,12/07/2021,BROADMETZ 100MG/ML DROPS, 10.00 , 125.00 ," 1,250.00 ", 375.00 , 875.00 , 31.06 , 310.60 , 564.40 ,45%
Quezon,DR 22451,08/07/2021,FOLACID 5MG, 3.00 , 615.00 ," 1,845.00 ", 553.50 ," 1,291.50 ", 196.88 , 590.64 , 700.86 ,38%
Quezon,DR 022850,08/07/2021,CIXTOR-Z 500mg, 1.00 , 735.00 , 735.00 , 220.50 , 514.50 , 210.00 , 210.00 , 304.50 ,41%
Quezon,DR 22453,05/07/2021,CIXTOR-Z 500mg, 3.00 , 735.00 ," 2,205.00 ", 661.50 ," 1,543.50 ", 210.00 , 630.00 , 913.50 ,41%
Quezon,DR 22452,01/07/2021,CIXTOR-Z 500mg, 1.00 , 735.00 , 735.00 , -   , 735.00 , 210.00 , 210.00 , 525.00 ,71%
Quezon,DR 024282,01/07/2021,MULTI GROW 120ML, 5.00 ," 1,450.00 "," 7,250.00 ", -   ," 7,250.00 ", 90.00 , 450.00 ," 6,800.00 ",94%
Quezon,DR 024282,01/07/2021,XYNETRIX CHEWABLE TABLET, 3.00 ," 1,200.00 "," 3,600.00 ", -   ," 3,600.00 ", 450.00 ," 1,350.00 "," 2,250.00 ",63%
Quezon,DR 22452,01/07/2021,HYCLENS WOUND SPRAY (60ML), 6.00 , 280.00 ," 1,680.00 ", 369.00 ," 1,311.00 ", 114.66 , 687.96 , 623.04 ,37%
Quezon,DR 22452,01/07/2021,FOLACID 5MG, 2.00 , 615.00 ," 1,230.00 ", 220.00 ," 1,010.00 ", 196.88 , 393.76 , 616.24 ,50%
Quezon,DR 022799,21/06/2021,TRIVASC 35MG MR, 10.00 ," 1,350.00 "," 13,500.00 "," 4,725.00 "," 8,775.00 ", 437.50 ," 4,375.00 "," 4,400.00 ",33%
Quezon,DR 022836,21/06/2021,MULTI GROW 120ML, 6.00 , 120.00 , 720.00 , -   , 720.00 , 90.00 , 540.00 , 180.00 ,25%
Quezon,DR 022842,21/06/2021,FERGLOBIN 250MG, 5.00 , 850.00 ," 4,250.00 ", -   ," 4,250.00 ", 325.00 ," 1,625.00 "," 2,625.00 ",62%
Quezon,DR 022842,21/06/2021,DOLO JAGA 500MG/50MG/100MG/100MCG, 3.00 ," 2,000.00 "," 6,000.00 ", -   ," 6,000.00 ", 615.00 ," 1,845.00 "," 4,155.00 ",69%
Quezon,DR 022842,21/06/2021,SOLVAPRINE 10MG, 3.00 ," 1,100.00 "," 3,300.00 ", -   ," 3,300.00 ", 146.80 , 440.40 ," 2,859.60 ",87%
Quezon,DR 022841,21/06/2021,CIXTOR-Z 500mg, 1.00 , 735.00 , 735.00 , 220.50 , 514.50 , 210.00 , 210.00 , 304.50 ,41%
Quezon,DR 022841,21/06/2021,FOLACID 5MG, 1.00 , 615.00 , 615.00 , 184.50 , 430.50 , 196.88 , 196.88 , 233.62 ,38%
Quezon,DR 022840,21/06/2021,CIXTOR-Z 500mg, 1.00 , 735.00 , 735.00 , 220.50 , 514.50 , 210.00 , 210.00 , 304.50 ,41%
Quezon,DR 022839,21/06/2021,DOLO JAGA 500MG/50MG/100MG/100MCG, 3.00 ," 2,000.00 "," 6,000.00 ", -   ," 6,000.00 ", 615.00 ," 1,845.00 "," 4,155.00 ",69%
Quezon,DR 022839,21/06/2021,VOXOLL 15MG/5ML SYR, 3.00 , 650.00 ," 1,950.00 ", -   ," 1,950.00 ", 23.00 , 69.00 ," 1,881.00 ",96%
Quezon,DR 022838,21/06/2021,MULTI GROW 120ML, 36.00 , 120.00 ," 4,320.00 ", -   ," 4,320.00 ", 90.00 ," 3,240.00 "," 1,080.00 ",25%
Quezon,DR 022844,21/06/2021,TRIVASC 35MG MR, 10.00 ," 1,350.00 "," 13,500.00 "," 4,725.00 "," 8,775.00 ", 437.50 ," 4,375.00 "," 4,400.00 ",33%
Quezon,DR 022845,21/06/2021,HYCLENS WOUND SPRAY (60ML), 3.00 , 280.00 , 840.00 , 84.00 , 756.00 , 114.66 , 343.98 , 412.02 ,49%
Quezon,DR 022848,21/06/2021,TRIVASC 35MG MR, 10.00 ," 1,350.00 "," 13,500.00 "," 4,725.00 "," 8,775.00 ", 437.50 ," 4,375.00 "," 4,400.00 ",33%
Quezon,DR 022847,21/06/2021,MULTI GROW OB PLUS, 1.00 ," 1,450.00 "," 1,450.00 ", 435.00 ," 1,015.00 ", 525.00 , 525.00 , 490.00 ,34%
Quezon,DR 022846,21/06/2021,MAXXIVIT PLUS, 5.00 ," 1,400.00 "," 7,000.00 ", -   ," 7,000.00 ", 560.00 ," 2,800.00 "," 4,200.00 ",60%
Quezon,DR 022843,21/06/2021,PHYTOMEN 10MG/ML, 30.00 , 780.00 ," 23,400.00 ", -   ," 23,400.00 ", 145.00 ," 4,350.00 "," 19,050.00 ",81%
Quezon,DR 022843,21/06/2021,EPIX BY 10'S, 20.00 , 780.00 ," 15,600.00 ", -   ," 15,600.00 ", 175.00 ," 3,500.00 "," 12,100.00 ",78%
Quezon,DR 022843,21/06/2021,ERGON 125MCG, 2.00 ," 1,000.00 "," 2,000.00 ", -   ," 2,000.00 ", 133.33 , 266.66 ," 1,733.34 ",87%
Quezon,DR 022837,21/06/2021,SALMOGEN 500MG, 2.00 , 500.00 ," 1,000.00 ", -   ," 1,000.00 ", 330.00 , 660.00 , 340.00 ,34%
Quezon,DR 022837,21/06/2021,SALMOGEN 125MG/5ML, 4.00 , 45.00 , 180.00 , -   , 180.00 , 46.08 , 184.32 , (4.32),-2%
Quezon,PULL OUT 2410,17/06/2021,CLOVAS 75MG, 25.00 , 675.00 ," 16,875.00 ", -   ," 16,875.00 ", 345.00 ," 8,625.00 "," 8,250.00 ",49%
Quezon,DR 022835,14/06/2021,FOLACID 5MG, 2.00 , 431.50 , 863.00 , -   , 863.00 , 196.88 , 393.76 , 469.24 ,54%
Quezon,DR 022835,14/06/2021,HYCLENS WOUND CARE SOLUTION - 15ML, 3.00 , 252.00 , 756.00 , -   , 756.00 , 30.24 , 90.72 , 665.28 ,88%
Quezon,DR 022830,11/06/2021,BENERVA PLUS TAB, 5.00 ," 1,400.00 "," 7,000.00 ", -   ," 7,000.00 ", 550.00 ," 2,750.00 "," 4,250.00 ",61%
Quezon,DR 022831,11/06/2021,ATOVAS 20MG, 26.00 , 692.31 ," 18,000.00 ", -   ," 18,000.00 ", 180.00 ," 4,680.00 "," 13,320.00 ",74%
Quezon,DR 022831,11/06/2021,GLOVEDOL 6.25MG, 26.00 , 458.77 ," 11,928.00 ", -   ," 11,928.00 ", 37.00 , 962.00 ," 10,966.00 ",92%
Quezon,DR 022832,11/06/2021,JAGA 300MG/100MG/100MCG, 1.00 ," 1,540.00 "," 1,540.00 ", 462.00 ," 1,078.00 ", 530.00 , 530.00 , 548.00 ,36%
Quezon,DR 022832,11/06/2021,VOXOLL 30MG TAB, 2.00 , 650.00 ," 1,300.00 ", 390.00 , 910.00 , 168.00 , 336.00 , 574.00 ,44%
Quezon,DR 022833,11/06/2021,TRIVASC 35MG MR, 10.00 ," 1,350.00 "," 13,500.00 "," 4,725.00 "," 8,775.00 ", 437.50 ," 4,375.00 "," 4,400.00 ",33%
Quezon,DR 022834,11/06/2021,LACTAMOX 500MG/125MG TAB, 1.00 ," 3,815.00 "," 3,815.00 "," 1,144.50 "," 2,670.50 "," 1,047.86 "," 1,047.86 "," 1,622.64 ",43%
Quezon,DR 022834,11/06/2021,DOLO JAGA 500MG/50MG/100MG/100MCG, 1.00 ," 2,000.00 "," 2,000.00 ", 600.00 ," 1,400.00 ", 615.00 , 615.00 , 785.00 ,39%
Quezon,DR 022827,01/06/2021,BENERVA FORTE CAP, 1.00 ," 1,540.00 "," 1,540.00 ", 462.00 ," 1,078.00 ", 525.00 , 525.00 , 553.00 ,36%
Quezon,DR 022826,01/06/2021,HYCLENS WOUND SPRAY (60ML), 6.00 , 270.00 ," 1,620.00 ", 162.00 ," 1,458.00 ", 114.66 , 687.96 , 770.04 ,48%
Quezon,DR 022826,01/06/2021,FOLACID 5MG, 2.00 , 615.00 ," 1,230.00 ", 369.00 , 861.00 , 196.88 , 393.76 , 467.24 ,38%
Quezon,DR 022825,01/06/2021,BERCEF 250MG/5ML SUS, 10.00 , 210.00 ," 2,100.00 ", -   ," 2,100.00 ", 134.89 ," 1,348.90 ", 751.10 ,36%
Quezon,DR 022817,31/05/2021,TRIVASC 35MG MR, 10.00 ," 1,350.00 "," 13,500.00 "," 4,725.00 "," 8,775.00 ", 437.50 ," 4,375.00 "," 4,400.00 ",33%
Quezon,DR 022816,31/05/2021,MAXXIVIT PLUS, 5.00 ," 1,400.00 "," 7,000.00 ", -   ," 7,000.00 ", 560.00 ," 2,800.00 "," 4,200.00 ",60%
Quezon,DR 022815,31/05/2021,GLOVEDOL 6.25MG, 50.00 , 497.00 ," 24,850.00 ", -   ," 24,850.00 ", 37.00 ," 1,850.00 "," 23,000.00 ",93%
Quezon,DR 022815,31/05/2021,IRBIN 150mg, 50.00 , 980.00 ," 49,000.00 ", -   ," 49,000.00 ", 207.27 ," 10,363.50 "," 38,636.50 ",79%
Quezon,DR 022814,31/05/2021,IRBIN 150mg, 13.00 , 904.62 ," 11,760.00 ", -   ," 11,760.00 ", 207.27 ," 2,694.51 "," 9,065.49 ",77%
Quezon,DR 022813,31/05/2021,HYCLENS WOUND SPRAY (60ML), 3.00 , 270.00 , 810.00 , 81.00 , 729.00 , 114.66 , 343.98 , 385.02 ,48%
Quezon,DR 022812,31/05/2021,XYNETRIX CHEWABLE TABLET, 2.00 ," 1,200.00 "," 2,400.00 ", 720.00 ," 1,680.00 ", 450.00 , 900.00 , 780.00 ,33%
Quezon,DR 022812,31/05/2021,DOLO JAGA 500MG/50MG/100MG/100MCG, 1.00 ," 2,000.00 "," 2,000.00 ", 600.00 ," 1,400.00 ", 615.00 , 615.00 , 785.00 ,39%
Quezon,DR 022811,31/05/2021,CENDALEX 100MG/ML DROPS, 12.00 , 115.00 ," 1,380.00 ", 414.00 , 966.00 , 31.00 , 372.00 , 594.00 ,43%
Quezon,DR 024218,31/05/2021,PHYTOMEN 10MG/ML, 30.00 , 780.00 ," 23,400.00 ", -   ," 23,400.00 ", 145.00 ," 4,350.00 "," 19,050.00 ",81%
Quezon,DR 022818,31/05/2021,BENERVA FORTE CAP, 5.00 ," 1,540.00 "," 7,700.00 "," 2,695.00 "," 5,005.00 ", 525.00 ," 2,625.00 "," 2,380.00 ",31%
Quezon,DR 022824,27/05/2021,CLOVAS 75MG, 13.00 ," 1,246.15 "," 16,200.00 ", -   ," 16,200.00 ", 345.00 ," 4,485.00 "," 11,715.00 ",72%
Quezon,DR 022807,24/05/2021,EPIX BY 10'S, 20.00 , 780.00 ," 15,600.00 ", -   ," 15,600.00 ", 175.00 ," 3,500.00 "," 12,100.00 ",78%
Quezon,DR 022808,24/05/2021,CENDALEX 100MG/ML DROPS, 12.00 , 115.00 ," 1,380.00 ", -   ," 1,380.00 ", 31.00 , 372.00 ," 1,008.00 ",73%
Quezon,DR 022808,24/05/2021,HYCLENS GARGLE (120ML), 6.00 , 153.00 , 918.00 , -   , 918.00 , 88.00 , 528.00 , 390.00 ,42%
Quezon,DR 022808,24/05/2021,HYCLENS GARGLE (60ML), 6.00 , 208.00 ," 1,248.00 ", -   ," 1,248.00 ", 65.00 , 390.00 , 858.00 ,69%
Quezon,DR 022809,24/05/2021,CIXTOR-Z 500mg, 2.00 , 735.00 ," 1,470.00 ", 441.00 ," 1,029.00 ", 210.00 , 420.00 , 609.00 ,41%
Quezon,DR 022809,24/05/2021,FOLACID 5MG, 2.00 , 615.00 ," 1,230.00 ", 369.00 , 861.00 , 196.88 , 393.76 , 467.24 ,38%
Quezon,DR 022810,24/05/2021,TRIVASC 35MG MR, 10.00 ," 1,350.00 "," 13,500.00 "," 4,725.00 "," 8,775.00 ", 437.50 ," 4,375.00 "," 4,400.00 ",33%
Quezon,DR 022806,21/05/2021,LACTAMOX 500MG/125MG TAB, 1.00 ," 3,800.00 "," 3,800.00 "," 1,140.00 "," 2,660.00 "," 1,047.86 "," 1,047.86 "," 1,612.14 ",42%
Quezon,DR 022805,21/05/2021,MULTI GROW 30ML DROPS, 12.00 , 185.00 ," 2,220.00 ", 666.00 ," 1,554.00 ", 70.00 , 840.00 , 714.00 ,32%
Quezon,DR 022804,21/05/2021,ATOVAS 20MG, 50.00 , 750.00 ," 37,500.00 ", -   ," 37,500.00 ", 180.00 ," 9,000.00 "," 28,500.00 ",76%
Quezon,DR 022804,21/05/2021,CLOVAS 75MG, 50.00 ," 1,350.00 "," 67,500.00 ", -   ," 67,500.00 ", 345.00 ," 17,250.00 "," 50,250.00 ",74%
Quezon,DR 022803,21/05/2021,TRIVASC 35MG MR, 10.00 ," 1,350.00 "," 13,500.00 "," 4,725.00 "," 8,775.00 ", 437.50 ," 4,375.00 "," 4,400.00 ",33%
Quezon,DR 022802,21/05/2021,ATOVAS 20MG, 13.00 , 692.31 ," 9,000.00 ", -   ," 9,000.00 ", 180.00 ," 2,340.00 "," 6,660.00 ",74%
Quezon,DR 022790,17/05/2021,FERGLOBIN 250MG, 5.00 , 850.00 ," 4,250.00 ", -   ," 4,250.00 ", 325.00 ," 1,625.00 "," 2,625.00 ",62%
Quezon,DR 022792,17/05/2021,TRIVASC 35MG MR, 10.00 ," 1,350.00 "," 13,500.00 "," 4,725.00 "," 8,775.00 ", 437.50 ," 4,375.00 "," 4,400.00 ",33%
Quezon,DR 022791,17/05/2021,FOLACID 5MG, 2.00 , 615.00 ," 1,230.00 ", 369.00 , 861.00 , 196.88 , 393.76 , 467.24 ,38%
Quezon,DR 022800,17/05/2021,TRIVASC 35MG MR, 10.00 ," 1,350.00 "," 13,500.00 "," 4,725.00 "," 8,775.00 ", 437.50 ," 4,375.00 "," 4,400.00 ",33%
Quezon,DR 022798,17/05/2021,FOLACID 5MG, 2.00 , 615.00 ," 1,230.00 ", 369.00 , 861.00 , 196.88 , 393.76 , 467.24 ,38%
Quezon,DR 022797,17/05/2021,JAGA 300MG/100MG/100MCG, 1.00 ," 1,540.00 "," 1,540.00 ", 462.00 ," 1,078.00 ", 530.00 , 530.00 , 548.00 ,36%
Quezon,DR 022797,17/05/2021,CIXTOR-Z 500mg, 1.00 , 735.00 , 735.00 , 220.50 , 514.50 , 210.00 , 210.00 , 304.50 ,41%
Quezon,DR 022797,17/05/2021,FOLACID 5MG, 1.00 , 615.00 , 615.00 , 184.50 , 430.50 , 196.88 , 196.88 , 233.62 ,38%
Quezon,DR 022796,17/05/2021,CIXTOR-Z 500mg, 3.00 , 735.00 ," 2,205.00 ", 661.50 ," 1,543.50 ", 210.00 , 630.00 , 913.50 ,41%
Quezon,DR 022795,17/05/2021,SOLVAPRINE 10MG, 2.00 ," 1,100.00 "," 2,200.00 ", 660.00 ," 1,540.00 ", 146.80 , 293.60 ," 1,246.40 ",57%
Quezon,DR 022794,17/05/2021,JAGA 300MG/100MG/100MCG, 6.00 ," 1,078.00 "," 6,468.00 ", -   ," 6,468.00 ", 530.00 ," 3,180.00 "," 3,288.00 ",51%
Quezon,DR 022793,17/05/2021,TRIVASC 35MG MR, 24.00 ," 1,350.00 "," 32,400.00 ", -   ," 32,400.00 ", 437.50 ," 10,500.00 "," 21,900.00 ",68%
Quezon,DR 022781,30/04/2021,XYNETRIX CHEWABLE TABLET, 2.00 ," 1,200.00 "," 2,400.00 ", 720.00 ," 1,680.00 ", 450.00 , 900.00 , 780.00 ,33%
Quezon,DR 022781,30/04/2021,SOLVAPRINE 10MG, 2.00 ," 1,100.00 "," 2,200.00 ", 660.00 ," 1,540.00 ", 146.80 , 293.60 ," 1,246.40 ",57%
Quezon,DR 022781,30/04/2021,DOLO JAGA 500MG/50MG/100MG/100MCG, 1.00 ," 2,000.00 "," 2,000.00 ", 600.00 ," 1,400.00 ", 615.00 , 615.00 , 785.00 ,39%
Quezon,DR 022780,30/04/2021,PHYTOMEN 10MG/ML, 30.00 , 780.00 ," 23,400.00 ", -   ," 23,400.00 ", 145.00 ," 4,350.00 "," 19,050.00 ",81%
Quezon,DR 022775,30/04/2021,TRIVASC 35MG MR, 10.00 ," 1,350.00 "," 13,500.00 "," 4,725.00 "," 8,775.00 ", 437.50 ," 4,375.00 "," 4,400.00 ",33%
Quezon,DR 022776,30/04/2021,MULTI GROW 120ML, 30.00 , 185.00 ," 5,550.00 "," 1,665.00 "," 3,885.00 ", 90.00 ," 2,700.00 "," 1,185.00 ",21%
Quezon,DR 022777,30/04/2021,DOLO JAGA 500MG/50MG/100MG/100MCG, 2.00 ," 2,000.00 "," 4,000.00 ", -   ," 4,000.00 ", 615.00 ," 1,230.00 "," 2,770.00 ",69%
Quezon,DR 022777,30/04/2021,VOXOLL 30MG TAB, 2.00 , 650.00 ," 1,300.00 ", -   ," 1,300.00 ", 168.00 , 336.00 , 964.00 ,74%
Quezon,DR 022777,30/04/2021,CINNABLOC 75MG, 10.00 , 160.00 ," 1,600.00 ", -   ," 1,600.00 ", 40.00 , 400.00 ," 1,200.00 ",75%
Quezon,DR 022778,30/04/2021,HYCLENS WOUND SPRAY (60ML), 4.00 , 270.00 ," 1,080.00 ", 108.00 , 972.00 , 114.66 , 458.64 , 513.36 ,48%
Quezon,DR 022779,30/04/2021,FERGLOBIN 250MG, 5.00 , 850.00 ," 4,250.00 ", -   ," 4,250.00 ", 325.00 ," 1,625.00 "," 2,625.00 ",62%
Quezon,DR 022774,23/04/2021,CIXTOR-Z 500mg, 2.00 , 735.00 ," 1,470.00 ", 441.00 ," 1,029.00 ", 210.00 , 420.00 , 609.00 ,41%
Quezon,DR 022774,23/04/2021,FOLACID 5MG, 2.00 , 615.00 ," 1,230.00 ", 369.00 , 861.00 , 196.88 , 393.76 , 467.24 ,38%
Quezon,DR 022773,23/04/2021,CENDALEX 100MG/ML DROPS, 15.00 , 115.00 ," 1,725.00 ", -   ," 1,725.00 ", 31.00 , 465.00 ," 1,260.00 ",73%
Quezon,DR 022773,23/04/2021,HYCLENS GARGLE (60ML), 10.00 , 270.00 ," 2,700.00 ", -   ," 2,700.00 ", 65.00 , 650.00 ," 2,050.00 ",76%
Quezon,DR 022772,23/04/2021,PHYTOMEN 10MG/ML, 30.00 , 780.00 ," 23,400.00 ", -   ," 23,400.00 ", 145.00 ," 4,350.00 "," 19,050.00 ",81%
Quezon,DR 022772,23/04/2021,EPIX BY 10'S, 20.00 , 780.00 ," 15,600.00 ", -   ," 15,600.00 ", 175.00 ," 3,500.00 "," 12,100.00 ",78%
Quezon,DR 022771,20/04/2021,CIXTOR-Z 500mg, 2.00 , 735.00 ," 1,470.00 ", 441.00 ," 1,029.00 ", 210.00 , 420.00 , 609.00 ,41%
Quezon,DR 022770,20/04/2021,JAGA 300MG/100MG/100MCG, 5.00 ," 1,078.00 "," 5,390.00 ", -   ," 5,390.00 ", 530.00 ," 2,650.00 "," 2,740.00 ",51%
Quezon,DR 022769,20/04/2021,TRIVASC 35MG MR, 13.00 ," 1,350.00 "," 17,550.00 "," 6,142.50 "," 11,407.50 ", 437.50 ," 5,687.50 "," 5,720.00 ",33%
Quezon,DR 022768,20/04/2021,FORMET 500MG, 5.00 , 250.00 ," 1,250.00 ", -   ," 1,250.00 ", 76.00 , 380.00 , 870.00 ,70%
Quezon,DR 022767,20/04/2021,IRBIN 150mg, 13.00 , 904.62 ," 11,760.00 ", -   ," 11,760.00 ", 207.27 ," 2,694.51 "," 9,065.49 ",77%
Quezon,DR 022767,20/04/2021,GLOVEDOL 6.25MG, 13.00 , 458.77 ," 5,964.00 ", -   ," 5,964.00 ", 37.00 , 481.00 ," 5,483.00 ",92%
Quezon,DR 022765,20/04/2021,TRIVASC 35MG MR, 10.00 ," 1,350.00 "," 13,500.00 "," 4,725.00 "," 8,775.00 ", 437.50 ," 4,375.00 "," 4,400.00 ",33%
Quezon,DR 022766,16/04/2021,FOLACID 5MG, 7.00 , 615.00 ," 4,305.00 ", -   ," 4,305.00 ", 196.88 ," 1,378.16 "," 2,926.84 ",68%
Quezon,DR 022764,10/04/2021,SOLVASC 5MG, 30.00 ," 1,350.00 "," 40,500.00 ", -   ," 40,500.00 ", 349.03 ," 10,470.90 "," 30,029.10 ",74%
Quezon,DR 022762,10/04/2021,CLOVAS 75MG, 13.00 ," 1,246.15 "," 16,200.00 ", -   ," 16,200.00 ", 345.00 ," 4,485.00 "," 11,715.00 ",72%
Quezon,DR 022756,10/04/2021,HYCLENS WOUND SPRAY (60ML), 24.00 , 270.00 ," 6,480.00 ", 648.00 ," 5,832.00 ", 114.66 ," 2,751.84 "," 3,080.16 ",48%
Quezon,DR 022760,10/04/2021,FOLACID 5MG, 2.00 , 615.00 ," 1,230.00 ", 369.00 , 861.00 , 196.88 , 393.76 , 467.24 ,38%
Quezon,DR 022761,10/04/2021,FOLACID 5MG, 1.00 , 615.00 , 615.00 , 184.50 , 430.50 , 196.88 , 196.88 , 233.62 ,38%
Quezon,DR 022758,10/04/2021,CIXTOR-Z 500mg, 2.00 , 735.00 ," 1,470.00 ", 441.00 ," 1,029.00 ", 210.00 , 420.00 , 609.00 ,41%
Quezon,DR 022757,10/04/2021,TRIVASC 35MG MR, 10.00 ," 1,350.00 "," 13,500.00 "," 4,725.00 "," 8,775.00 ", 437.50 ," 4,375.00 "," 4,400.00 ",33%
Quezon,DR 022755,10/04/2021,TRIVASC 35MG MR, 13.00 ," 1,246.15 "," 16,200.00 ", -   ," 16,200.00 ", 437.50 ," 5,687.50 "," 10,512.50 ",65%
Quezon,DR 022759,10/04/2021,HYCLENS WOUND SPRAY (60ML), 12.00 , 270.00 ," 3,240.00 ", 324.00 ," 2,916.00 ", 114.66 ," 1,375.92 "," 1,540.08 ",48%
Quezon,DR 022759,10/04/2021,FOLACID 5MG, 2.00 , 615.00 ," 1,230.00 ", 369.00 , 861.00 , 196.88 , 393.76 , 467.24 ,38%
Quezon,DR 024202,05/04/2021,EPIX BY 10'S, 30.00 , 780.00 ," 23,400.00 ", -   ," 23,400.00 ", 175.00 ," 5,250.00 "," 18,150.00 ",78%
Quezon,22754,31/03/2021,TRIVASC 35MG MR, 10.00 ," 1,350.00 "," 13,500.00 "," 4,725.00 "," 8,775.00 ", 437.50 ," 4,375.00 "," 4,400.00 ",33%
Quezon,22753,31/03/2021,JAGA 300MG/100MG/100MCG, 2.00 ," 1,078.00 "," 2,156.00 ", -   ," 2,156.00 ", 530.00 ," 1,060.00 "," 1,096.00 ",51%
Quezon,22753,31/03/2021,ALVICA INTENSE SPRAY 70ML, 1.00 , 495.00 , 495.00 , -   , 495.00 , 235.00 , 235.00 , 260.00 ,53%
Quezon,22752,31/03/2021,AGLOTAC 25MG/ML (50MG/2ML), 8.00 , 600.00 ," 4,800.00 ", -   ," 4,800.00 ", 60.00 , 480.00 ," 4,320.00 ",90%
Quezon,22751,31/03/2021,TRIVASC 35MG MR, 10.00 ," 1,350.00 "," 13,500.00 ", -   ," 13,500.00 ", 437.50 ," 4,375.00 "," 9,125.00 ",68%
Quezon,22751,31/03/2021,ARTAL-H 50MG/12.5MG, 10.00 ," 1,200.00 "," 12,000.00 ", -   ," 12,000.00 ", 151.82 ," 1,518.20 "," 10,481.80 ",87%
Quezon,PULL 2409A,29/03/2021,PARADOX TAB, 5.00 , (750.00)," (3,750.00)", -   ," (3,750.00)", 230.00 ," 1,150.00 "," (4,900.00)",131%
Quezon,PULL 2409A,29/03/2021,SURITRAM, 2.10 ," (1,290.00)"," (2,709.00)", -   ," (2,709.00)", 135.00 , 283.50 ," (2,992.50)",110%
Quezon,PULL 2409A,29/03/2021,JAGA 300MG/100MG/100MCG, 5.00 ," (1,700.00)"," (8,500.00)", -   ," (8,500.00)", 530.00 ," 2,650.00 "," (11,150.00)",131%
Quezon,23550,25/03/2021,CIXTOR-Z 500mg, 1.00 , 735.00 , 735.00 , 220.50 , 514.50 , 210.00 , 210.00 , 304.50 ,41%
Quezon,23549,24/03/2021,CIXTOR-Z 500mg, 1.00 , 735.00 , 735.00 , 220.50 , 514.50 , 210.00 , 210.00 , 304.50 ,41%
Quezon,23548,24/03/2021,JAGA 300MG/100MG/100MCG, 1.00 ," 1,540.00 "," 1,540.00 ", 462.00 ," 1,078.00 ", 530.00 , 530.00 , 548.00 ,36%
Quezon,23548,24/03/2021,CIXTOR-Z 500mg, 1.00 , 735.00 , 735.00 , 220.50 , 514.50 , 210.00 , 210.00 , 304.50 ,41%
Quezon,23547,24/03/2021,CIXTOR-Z 500mg, 1.00 , 735.00 , 735.00 , 220.50 , 514.50 , 210.00 , 210.00 , 304.50 ,41%
Quezon,23546,24/03/2021,JAGA 300MG/100MG/100MCG, 2.00 ," 1,540.00 "," 3,080.00 ", 385.00 ," 2,695.00 ", 530.00 ," 1,060.00 "," 1,635.00 ",53%
Quezon,23541,23/03/2021,DOLO JAGA 500MG/50MG/100MG/100MCG, 2.00 ," 2,000.00 "," 4,000.00 "," 1,200.00 "," 2,800.00 ", 615.00 ," 1,230.00 "," 1,570.00 ",39%
Quezon,23525,22/03/2021,JAGA 300MG/100MG/100MCG, 1.00 ," 1,540.00 "," 1,540.00 ", 462.00 ," 1,078.00 ", 530.00 , 530.00 , 548.00 ,36%
Quezon,23537,22/03/2021,HYCLENS WOUND SPRAY (60ML), 24.00 , 270.00 ," 6,480.00 ", 648.00 ," 5,832.00 ", 114.66 ," 2,751.84 "," 3,080.16 ",48%
Quezon,23536,22/03/2021,BENERVA PLUS TAB, 5.00 ," 1,200.00 "," 6,000.00 ", -   ," 6,000.00 ", 550.00 ," 2,750.00 "," 3,250.00 ",54%
Quezon,23534,22/03/2021,MAXXIVIT PLUS, 10.00 ," 1,400.00 "," 14,000.00 ", -   ," 14,000.00 ", 560.00 ," 5,600.00 "," 8,400.00 ",60%
Quezon,23538,22/03/2021,EPIX BY 10'S, 20.00 , 780.00 ," 15,600.00 ", -   ," 15,600.00 ", 175.00 ," 3,500.00 "," 12,100.00 ",78%
Quezon,23538,22/03/2021,PHYTOMEN 10MG/ML, 30.00 , 780.00 ," 23,400.00 ", -   ," 23,400.00 ", 145.00 ," 4,350.00 "," 19,050.00 ",81%
Quezon,23538,22/03/2021,ERGON 125MCG, 2.00 ," 1,000.00 "," 2,000.00 ", -   ," 2,000.00 ", 133.33 , 266.66 ," 1,733.34 ",87%
Quezon,23535,22/03/2021,TRIVASC 35MG MR, 10.00 ," 1,350.00 "," 13,500.00 "," 4,725.00 "," 8,775.00 ", 437.50 ," 4,375.00 "," 4,400.00 ",33%
Quezon,23520,15/03/2021,TRIVASC 35MG MR, 10.00 ," 1,350.00 "," 13,500.00 "," 4,725.00 "," 8,775.00 ", 437.50 ," 4,375.00 "," 4,400.00 ",33%
Quezon,22599,15/03/2021,MONILIASOL 125MG/5ML, 2.00 , -   , -   , -   , -   , 36.76 , 73.52 , (73.52),#DIV/0!
Quezon,23523,15/03/2021,XYNETRIX CHEWABLE TABLET, 2.00 ," 1,200.00 "," 2,400.00 ", 720.00 ," 1,680.00 ", 450.00 , 900.00 , 780.00 ,33%
Quezon,23523,15/03/2021,FOLACID 5MG, 2.00 , 650.00 ," 1,300.00 ", 390.00 , 910.00 , 196.88 , 393.76 , 516.24 ,40%
Quezon,23524,15/03/2021,TRIVASC 35MG MR, 10.00 ," 1,350.00 "," 13,500.00 "," 4,725.00 "," 8,775.00 ", 437.50 ," 4,375.00 "," 4,400.00 ",33%
Quezon,23526,15/03/2021,FOLACID 5MG, 2.00 , 615.00 ," 1,230.00 ", 369.00 , 861.00 , 196.88 , 393.76 , 467.24 ,38%
Quezon,23528,15/03/2021,JAGA 300MG/100MG/100MCG, 1.00 ," 1,540.00 "," 1,540.00 ", 385.00 ," 1,155.00 ", 530.00 , 530.00 , 625.00 ,41%
Quezon,23529,15/03/2021,FOLACID 5MG, 2.00 , 615.00 ," 1,230.00 ", 307.50 , 922.50 , 196.88 , 393.76 , 528.74 ,43%
Quezon,23530,15/03/2021,BUFEN 200MG/ML, 6.00 , 56.88 , 341.25 , -   , 341.25 , 35.00 , 210.00 , 131.25 ,38%
Quezon,23531,15/03/2021,MULTI GROW 30ML DROPS, 20.00 , 185.00 ," 3,700.00 "," 1,110.00 "," 2,590.00 ", 70.00 ," 1,400.00 "," 1,190.00 ",32%
Quezon,23532,15/03/2021,DOLO JAGA 500MG/50MG/100MG/100MCG, 2.00 ," 2,000.00 "," 4,000.00 ", -   ," 4,000.00 ", 615.00 ," 1,230.00 "," 2,770.00 ",69%
Quezon,23532,15/03/2021,CINNABLOC 75MG, 10.00 , 160.00 ," 1,600.00 ", -   ," 1,600.00 ", 40.00 , 400.00 ," 1,200.00 ",75%
Quezon,23532,15/03/2021,VOXOLL 15MG/5ML SYR, 2.00 , 650.00 ," 1,300.00 ", -   ," 1,300.00 ", 23.00 , 46.00 ," 1,254.00 ",96%
Quezon,23533,15/03/2021,TRIVASC 35MG MR, 10.00 ," 1,350.00 "," 13,500.00 "," 4,725.00 "," 8,775.00 ", 437.50 ," 4,375.00 "," 4,400.00 ",33%
Quezon,23521,15/03/2021,CINNABLOC 25MG, 5.00 , 500.00 ," 2,500.00 ", 750.00 ," 1,750.00 ", 133.00 , 665.00 ," 1,085.00 ",43%
Quezon,23527,15/03/2021,FOLACID 5MG, 2.00 , 615.00 ," 1,230.00 ", 369.00 , 861.00 , 196.88 , 393.76 , 467.24 ,38%
Quezon,22097,02/03/2021,MULTI GROW OB PLUS, 3.00 ," 1,450.00 "," 4,350.00 ", -   ," 4,350.00 ", 525.00 ," 1,575.00 "," 2,775.00 ",64%
Quezon,23513,26/02/2021,EPIX BY 10'S, 20.00 , 780.00 ," 15,600.00 ", -   ," 15,600.00 ", 175.00 ," 3,500.00 "," 12,100.00 ",78%
Quezon,23513,26/02/2021,ATREX 1MG/ML, 10.00 , 580.00 ," 5,800.00 ", -   ," 5,800.00 ", 130.00 ," 1,300.00 "," 4,500.00 ",78%
Quezon,23514,26/02/2021,BROADMETZ 100MG/ML DROPS, 12.00 , 128.00 ," 1,536.00 ", 460.80 ," 1,075.20 ", 31.06 , 372.72 , 702.48 ,46%
Quezon,23517,26/02/2021,TRIVASC 35MG MR, 10.00 ," 1,350.00 "," 13,500.00 "," 4,725.00 "," 8,775.00 ", 437.50 ," 4,375.00 "," 4,400.00 ",33%
Quezon,23519,26/02/2021,TRIVASC 35MG MR, 10.00 ," 1,350.00 "," 13,500.00 "," 4,725.00 "," 8,775.00 ", 437.50 ," 4,375.00 "," 4,400.00 ",33%
Quezon,23516,20/02/2021,GLOVEDOL 6.25MG, 36.00 , 497.00 ," 17,892.00 ", -   ," 17,892.00 ", 37.00 ," 1,332.00 "," 16,560.00 ",93%
Quezon,23515,20/02/2021,CLOVAS 75MG, 36.00 , 675.00 ," 24,300.00 ", -   ," 24,300.00 ", 345.00 ," 12,420.00 "," 11,880.00 ",49%
Quezon,23518,20/02/2021,CINNABLOC 25MG, 2.00 , 500.00 ," 1,000.00 ", 300.00 , 700.00 , 133.00 , 266.00 , 434.00 ,43%
Quezon,23518,20/02/2021,CINNABLOC 75MG, 10.00 , 160.00 ," 1,600.00 ", 480.00 ," 1,120.00 ", 40.00 , 400.00 , 720.00 ,45%
Quezon,23508,13/02/2021,TRIVASC 35MG MR, 10.00 ," 1,350.00 "," 13,500.00 "," 4,725.00 "," 8,775.00 ", 437.50 ," 4,375.00 "," 4,400.00 ",33%
Quezon,23509,13/02/2021,XYNETRIX CHEWABLE TABLET, 2.00 ," 1,200.00 "," 2,400.00 ", 720.00 ," 1,680.00 ", 450.00 , 900.00 , 780.00 ,33%
Quezon,23510,13/02/2021,CENDALEX 100MG/ML DROPS, 24.00 , 115.00 ," 2,760.00 ", -   ," 2,760.00 ", 31.00 , 744.00 ," 2,016.00 ",73%
Quezon,23511,13/02/2021,FOLACID 5MG, 2.00 , 431.50 , 863.00 , -   , 863.00 , 196.88 , 393.76 , 469.24 ,54%
Quezon,23501,13/02/2021,TRIVASC 35MG MR, 10.00 ," 1,350.00 "," 13,500.00 "," 4,725.00 "," 8,775.00 ", 437.50 ," 4,375.00 "," 4,400.00 ",33%
Quezon,23502,13/02/2021,DOLO JAGA 500MG/50MG/100MG/100MCG, 2.00 ," 2,000.00 "," 4,000.00 "," 1,200.00 "," 2,800.00 ", 615.00 ," 1,230.00 "," 1,570.00 ",39%
Quezon,23502,13/02/2021,CEPROTRON 500MG, 2.00 ," 1,750.00 "," 3,500.00 "," 1,050.00 "," 2,450.00 ", 550.00 ," 1,100.00 "," 1,350.00 ",39%
Quezon,22598,13/02/2021,BERCEF 250MG/5ML SUS, 30.00 , 225.00 ," 6,750.00 ", -   ," 6,750.00 ", 134.89 ," 4,046.70 "," 2,703.30 ",40%
Quezon,22598,13/02/2021,MONILIASOL 500MG, 4.00 , 390.00 ," 1,560.00 ", -   ," 1,560.00 ", 240.00 , 960.00 , 600.00 ,38%
Quezon,22600,13/02/2021,MAXXIVIT PLUS, 10.00 ," 1,400.00 "," 14,000.00 ", -   ," 14,000.00 ", 560.00 ," 5,600.00 "," 8,400.00 ",60%
Quezon,23507,13/02/2021,MULTI GROW 120ML, 20.00 , 240.00 ," 4,800.00 "," 1,440.00 "," 3,360.00 ", 90.00 ," 1,800.00 "," 1,560.00 ",33%
Quezon,23506,13/02/2021,TRIVASC 35MG MR, 20.00 ," 1,350.00 "," 27,000.00 ", -   ," 27,000.00 ", 437.50 ," 8,750.00 "," 18,250.00 ",68%
Quezon,23506,13/02/2021,VOXOLL 15MG/5ML SYR, 3.00 , 650.00 ," 1,950.00 ", -   ," 1,950.00 ", 23.00 , 69.00 ," 1,881.00 ",96%
Quezon,23506,13/02/2021,FERGLOBIN 250MG, 5.00 , 725.00 ," 3,625.00 ", -   ," 3,625.00 ", 325.00 ," 1,625.00 "," 2,000.00 ",55%
Quezon,23505,13/02/2021,CENDALEX 100MG/ML DROPS, 15.00 , 115.00 ," 1,725.00 ", -   ," 1,725.00 ", 31.00 , 465.00 ," 1,260.00 ",73%
Quezon,23504,13/02/2021,HYCLENS WOUND SPRAY (60ML), 6.00 , 269.79 ," 1,618.74 ", -   ," 1,618.74 ", 114.66 , 687.96 , 930.78 ,58%
Quezon,23504,13/02/2021,HYCLENS GARGLE (60ML), 6.00 , 152.94 , 917.64 , -   , 917.64 , 65.00 , 390.00 , 527.64 ,57%
Quezon,23504,13/02/2021,HYCLENS GARGLE (120ML), 6.00 , 207.06 ," 1,242.36 ", -   ," 1,242.36 ", 88.00 , 528.00 , 714.36 ,58%
Quezon,23503,13/02/2021,GLOVEDOL 6.25MG, 26.00 , 458.77 ," 11,928.00 ", -   ," 11,928.00 ", 37.00 , 962.00 ," 10,966.00 ",92%
Quezon,22591,01/02/2021,JAGA 300MG/100MG/100MCG, 2.00 ," 1,540.00 "," 3,080.00 ", 924.00 ," 2,156.00 ", 530.00 ," 1,060.00 "," 1,096.00 ",36%
Quezon,22597,01/02/2021,MULTI GROW OB PLUS, 1.00 , 942.50 , 942.50 , -   , 942.50 , 525.00 , 525.00 , 417.50 ,44%
Quezon,22597,01/02/2021,FERGLOBIN FA 60MG/400MCG, 1.00 , 577.00 , 577.00 , -   , 577.00 , 325.00 , 325.00 , 252.00 ,44%
Quezon,22596,01/02/2021,JAGA 300MG/100MG/100MCG, 6.00 ," 1,078.00 "," 6,468.00 ", -   ," 6,468.00 ", 530.00 ," 3,180.00 "," 3,288.00 ",51%
Quezon,22595,01/02/2021,ANEROCIN 300MG, 1.00 ," 3,800.00 "," 3,800.00 "," 1,140.00 "," 2,660.00 ", 979.00 , 979.00 ," 1,681.00 ",44%
Quezon,22594,01/02/2021,TRIVASC 35MG MR, 10.00 ," 1,350.00 "," 13,500.00 "," 4,725.00 "," 8,775.00 ", 437.50 ," 4,375.00 "," 4,400.00 ",33%
Quezon,22563,28/01/2021,BROADMETZ 500MG CAP, 10.00 ," 1,078.00 "," 10,780.00 ", -   ," 10,780.00 ", 319.00 ," 3,190.00 "," 7,590.00 ",70%
Quezon,22579,28/01/2021,IRBIN 150mg, 50.00 , 980.00 ," 49,000.00 ", -   ," 49,000.00 ", 207.27 ," 10,363.50 "," 38,636.50 ",79%
Quezon,22581,28/01/2021,IRBIN 150mg, 13.00 , 904.62 ," 11,760.00 ", -   ," 11,760.00 ", 207.27 ," 2,694.51 "," 9,065.49 ",77%
Quezon,22582,28/01/2021,CEFUSAPH, 12.00 , 585.00 ," 7,020.00 ", -   ," 7,020.00 ", 112.00 ," 1,344.00 "," 5,676.00 ",81%
Quezon,22583,28/01/2021,TRIVASC 35MG MR, 10.00 ," 1,350.00 "," 13,500.00 "," 4,725.00 "," 8,775.00 ", 437.50 ," 4,375.00 "," 4,400.00 ",33%
Quezon,22580,18/01/2021,AGLOTAC 25MG/ML (50MG/2ML), 2.00 , 600.00 ," 1,200.00 ", -   ," 1,200.00 ", 60.00 , 120.00 ," 1,080.00 ",90%
Quezon,22578,18/01/2021,ERGON 125MCG, 2.00 ," 1,000.00 "," 2,000.00 ", -   ," 2,000.00 ", 133.33 , 266.66 ," 1,733.34 ",87%
Quezon,22578,18/01/2021,EPIX BY 10'S, 20.00 , 780.00 ," 15,600.00 ", -   ," 15,600.00 ", 175.00 ," 3,500.00 "," 12,100.00 ",78%
Quezon,22577,18/01/2021,FOLACID 5MG, 1.00 , 615.00 , 615.00 , 184.50 , 430.50 , 196.88 , 196.88 , 233.62 ,38%
Quezon,22575,18/01/2021,FOLACID 5MG, 2.00 , 615.00 ," 1,230.00 ", 369.00 , 861.00 , 196.88 , 393.76 , 467.24 ,38%
Quezon,22576,18/01/2021,FOLACID 5MG, 1.00 , 615.00 , 615.00 , 184.50 , 430.50 , 196.88 , 196.88 , 233.62 ,38%
Quezon,22574,14/01/2021,SOLVAPRINE 10MG, 3.00 ," 1,100.00 "," 3,300.00 "," 1,155.00 "," 2,145.00 ", 146.80 , 440.40 ," 1,704.60 ",52%
Quezon,22573,14/01/2021,TRIVASC 35MG MR, 10.00 ," 1,350.00 "," 13,500.00 "," 4,725.00 "," 8,775.00 ", 437.50 ," 4,375.00 "," 4,400.00 ",33%
Quezon,22572,14/01/2021,TRIVASC 35MG MR, 10.00 ," 1,350.00 "," 13,500.00 ", -   ," 13,500.00 ", 437.50 ," 4,375.00 "," 9,125.00 ",68%
Quezon,22571,14/01/2021,CINNABLOC 75MG, 20.00 , 160.00 ," 3,200.00 ", -   ," 3,200.00 ", 40.00 , 800.00 ," 2,400.00 ",75%
Quezon,22559,14/01/2021,TRIVASC 35MG MR, 10.00 ," 1,350.00 "," 13,500.00 "," 4,725.00 "," 8,775.00 ", 437.50 ," 4,375.00 "," 4,400.00 ",33%
Quezon,22558,14/01/2021,MAXXIVIT PLUS, 10.00 ," 1,400.00 "," 14,000.00 ", -   ," 14,000.00 ", 560.00 ," 5,600.00 "," 8,400.00 ",60%
Quezon,22565,14/01/2021,FERGLOBIN FA 60MG/400MCG, 1.00 , 825.00 , 825.00 , 247.50 , 577.50 , 325.00 , 325.00 , 252.50 ,31%
Quezon,22553,14/01/2021,DOLO JAGA 500MG/50MG/100MG/100MCG, 2.00 ," 2,000.00 "," 4,000.00 "," 1,200.00 "," 2,800.00 ", 615.00 ," 1,230.00 "," 1,570.00 ",39%
Quezon,22552,14/01/2021,TRIVASC 35MG MR, 10.00 ," 1,350.00 "," 13,500.00 "," 4,725.00 "," 8,775.00 ", 437.50 ," 4,375.00 "," 4,400.00 ",33%
Quezon,22551,14/01/2021,JAGA 300MG/100MG/100MCG, 2.00 ," 1,540.00 "," 3,080.00 ", 924.00 ," 2,156.00 ", 530.00 ," 1,060.00 "," 1,096.00 ",36%
Quezon,22551,14/01/2021,VOXOLL 15MG/5ML SYR, 2.00 , 650.00 ," 1,300.00 ", 390.00 , 910.00 , 23.00 , 46.00 , 864.00 ,66%
Quezon,22570,14/01/2021,FERGLOBIN FA 60MG/400MCG, 3.00 , 825.00 ," 2,475.00 ", 742.50 ," 1,732.50 ", 325.00 , 975.00 , 757.50 ,31%
Quezon,22569,14/01/2021,JAGA 300MG/100MG/100MCG, 1.00 ," 1,078.00 "," 1,078.00 ", -   ," 1,078.00 ", 530.00 , 530.00 , 548.00 ,51%
Quezon,22568,14/01/2021,JAGA 300MG/100MG/100MCG, 6.00 ," 1,078.00 "," 6,468.00 ", -   ," 6,468.00 ", 530.00 ," 3,180.00 "," 3,288.00 ",51%
Quezon,22567,14/01/2021,ATOVAS 20MG, 32.00 , 750.00 ," 24,000.00 ", -   ," 24,000.00 ", 180.00 ," 5,760.00 "," 18,240.00 ",76%
Quezon,22566,14/01/2021,ATOVAS 20MG, 10.00 , 750.00 ," 7,500.00 ", -   ," 7,500.00 ", 180.00 ," 1,800.00 "," 5,700.00 ",76%
Quezon,22554,14/01/2021,JAGA 300MG/100MG/100MCG, 6.00 ," 1,078.00 "," 6,468.00 ", -   ," 6,468.00 ", 530.00 ," 3,180.00 "," 3,288.00 ",51%
Quezon,22562,11/01/2021,CLOVAS 75MG, 11.00 ," 1,227.27 "," 13,500.00 ", -   ," 13,500.00 ", 345.00 ," 3,795.00 "," 9,705.00 ",72%
Quezon,22562,11/01/2021,GLOVEDOL 6.25MG, 11.00 , 451.82 ," 4,970.00 ", -   ," 4,970.00 ", 37.00 , 407.00 ," 4,563.00 ",92%
Quezon,22564,11/01/2021,TRIVASC 35MG MR, 10.00 ," 1,350.00 "," 13,500.00 "," 4,725.00 "," 8,775.00 ", 437.50 ," 4,375.00 "," 4,400.00 ",33%
Supplies,DR 023405,05/12/2021,MULTI GROW OB PLUS, 3.00 ," 1,450.00 "," 4,350.00 ", -   ," 4,350.00 ", 525.00 ," 1,575.00 "," 2,775.00 ",64%
Supplies,DR 023405,05/12/2021,XYNETRIX CHEWABLE TABLET, 3.00 ," 1,200.00 "," 3,600.00 ", -   ," 3,600.00 ", 450.00 ," 1,350.00 "," 2,250.00 ",63%
Supplies,DR 023404,05/12/2021,"MICROPORE 1"" - 1530-1 - 3M", 10.00 , 780.00 ," 7,800.00 ", -   ," 7,800.00 ", 380.00 ," 3,800.00 "," 4,000.00 ",51%
Supplies,DR 023404,05/12/2021,TEGADERM FILM (2x2)-SMALL, 1.00 ," 5,000.00 "," 5,000.00 ", -   ," 5,000.00 ", 25.00 , 25.00 ," 4,975.00 ",100%
Supplies,DR 023403,29/11/2021,THERMAL PAPER, 3.00 ," 4,200.00 "," 12,600.00 ", -   ," 12,600.00 "," 6,000.00 "," 18,000.00 "," (5,400.00)",-43%
Supplies,DR 023402,22/11/2021,THORACIC CATHETER FR 32 - UNIMEX, 3.00 , 800.00 ," 2,400.00 ", -   ," 2,400.00 ", 400.00 ," 1,200.00 "," 1,200.00 ",50%
Supplies,DR 023402,22/11/2021,TRANSPORE 3M 1527-1, 3.00 ," 1,300.00 "," 3,900.00 ", -   ," 3,900.00 ", 800.00 ," 2,400.00 "," 1,500.00 ",38%
Supplies,DR 023402,22/11/2021,"MICROPORE 2""1530-2 3M", 5.00 , 800.00 ," 4,000.00 ", -   ," 4,000.00 ", 450.00 ," 2,250.00 "," 1,750.00 ",44%
Supplies,DR 023402,22/11/2021,SKIN STAPLER 35 - SURGITECH, 10.00 , 800.00 ," 8,000.00 ", -   ," 8,000.00 ", 380.00 ," 3,800.00 "," 4,200.00 ",53%
Supplies,DR 023402,22/11/2021,DIGITAL THERMOMETER - ADVAN, 60.00 , 100.00 ," 6,000.00 ", -   ," 6,000.00 ", 58.00 ," 3,480.00 "," 2,520.00 ",42%
Supplies,DR 023402,22/11/2021,"MICROPORE 1"" - 1530-1 - 3M", 5.00 , 780.00 ," 3,900.00 ", -   ," 3,900.00 ", 380.00 ," 1,900.00 "," 2,000.00 ",51%
Supplies,DR 024296,15/11/2021,UV LIGHT GERMICIDAL BULB T530WG13UV LANDLITE, 8.00 ," 3,500.00 "," 28,000.00 ", -   ," 28,000.00 ", 999.75 ," 7,998.00 "," 20,002.00 ",71%
Supplies,DR 024299,15/11/2021,CATAMED 75MCG TAB, 2.00 ," 2,100.00 "," 4,200.00 ", -   ," 4,200.00 ", 499.00 , 998.00 ," 3,202.00 ",76%
Supplies,DR 024298,08/11/2021,STARTER LIGHT, 10.00 , 40.00 , 400.00 , -   , 400.00 , 15.00 , 150.00 , 250.00 ,63%
Supplies,DR 024297,31/10/2021,SUCTION CONNECTING TUBE - SIMPLEX, 20.00 , 260.00 ," 5,200.00 ", -   ," 5,200.00 ", 150.00 ," 3,000.00 "," 2,200.00 ",42%
Supplies,DR 024297,31/10/2021,INSULIN SYRINGE 1/2 CC G29 TERUMO, 5.00 ," 1,450.00 "," 7,250.00 ", -   ," 7,250.00 ", 850.00 ," 4,250.00 "," 3,000.00 ",41%
Supplies,DR 024297,31/10/2021,"MICROPORE 1"" - 1530-1 - 3M", 5.00 , 780.00 ," 3,900.00 ", -   ," 3,900.00 ", 380.00 ," 1,900.00 "," 2,000.00 ",51%
Supplies,DR 024297,31/10/2021,"MICROPORE 2""1530-2 3M", 10.00 , 800.00 ," 8,000.00 ", -   ," 8,000.00 ", 450.00 ," 4,500.00 "," 3,500.00 ",44%
Supplies,DR 024294,30/09/2021,SUCTION CONNECTING TUBE - SIMPLEX, 50.00 , 260.00 ," 13,000.00 ", -   ," 13,000.00 ", 150.00 ," 7,500.00 "," 5,500.00 ",42%
Supplies,DR 024294,30/09/2021,"MICROPORE 1"" - 1530-1 - 3M", 10.00 , 780.00 ," 7,800.00 ", -   ," 7,800.00 ", 380.00 ," 3,800.00 "," 4,000.00 ",51%
Supplies,DR 024294,30/09/2021,"MICROPORE 2""1530-2 3M", 10.00 , 800.00 ," 8,000.00 ", -   ," 8,000.00 ", 450.00 ," 4,500.00 "," 3,500.00 ",44%
Supplies,DR 024294,30/09/2021,SKIN STAPLER 35 - SURGITECH, 5.00 , 800.00 ," 4,000.00 ", -   ," 4,000.00 ", 380.00 ," 1,900.00 "," 2,100.00 ",53%
Supplies,DR 024294,30/09/2021,"LEUKOPLAST 2"" (5CMX5M) 01524-0", 2.00 ," 3,600.00 "," 7,200.00 ", -   ," 7,200.00 ", 300.00 , 600.00 ," 6,600.00 ",92%
Supplies,DR 024294,30/09/2021,"LEUKOPLAST 1"" (2.5CMX5M)", 3.00 ," 3,600.00 "," 10,800.00 ", -   ," 10,800.00 ", 280.00 , 840.00 ," 9,960.00 ",92%
Supplies,DR 024291,20/09/2021,"MICROPORE 2""1530-2 3M", 2.00 , 800.00 ," 1,600.00 ", -   ," 1,600.00 ", 450.00 , 900.00 , 700.00 ,44%
Supplies,DR 024291,20/09/2021,LUBRICATING JELLY 3G SACHET - SURGITECH, 3.00 ," 1,700.00 "," 5,100.00 ", -   ," 5,100.00 ", 750.00 ," 2,250.00 "," 2,850.00 ",56%
Supplies,DR 024291,20/09/2021,INSULIN SYRINGE 1/2 CC G29 TERUMO, 2.00 ," 1,450.00 "," 2,900.00 ", -   ," 2,900.00 ", 850.00 ," 1,700.00 "," 1,200.00 ",41%
Supplies,DR 024291,20/09/2021,DIGITAL THERMOMETER - SURGITECH, 40.00 , 100.00 ," 4,000.00 ", -   ," 4,000.00 ", 80.00 ," 3,200.00 ", 800.00 ,20%
Supplies,DR 024291,20/09/2021,TRANSPORE 3M 1527-1, 15.00 ," 1,300.00 "," 19,500.00 ", -   ," 19,500.00 ", 800.00 ," 12,000.00 "," 7,500.00 ",38%
Supplies,DR MS 00894,31/08/2021,ALL SILICONE DUODENAL TUBE F.16 - UNIMEX, 30.00 , 221.00 ," 6,630.00 ", -   ," 6,630.00 ", 200.00 ," 6,000.00 ", 630.00 ,10%
Supplies,DR 024287,23/08/2021,YANKAUER HANDLE W/ CONTROL - SIMPLEX, 40.00 , 260.00 ," 10,400.00 ", -   ," 10,400.00 ", 130.00 ," 5,200.00 "," 5,200.00 ",50%
Supplies,DR 024287,23/08/2021,TRANSPORE 3M 1527-1, 5.00 ," 1,300.00 "," 6,500.00 ", -   ," 6,500.00 ", 800.00 ," 4,000.00 "," 2,500.00 ",38%
Supplies,DR 024287,23/08/2021,"LEUKOPLAST 2"" (5CMX5M) 01524-0", 2.00 ," 3,600.00 "," 7,200.00 ", -   ," 7,200.00 ", 300.00 , 600.00 ," 6,600.00 ",92%
Supplies,DR 024287,23/08/2021,SKIN STAPLER, 5.00 , 800.00 ," 4,000.00 ", -   ," 4,000.00 ", 450.00 ," 2,250.00 "," 1,750.00 ",44%
Supplies,DR 024287,23/08/2021,DIGITAL THERMOMETER - SURGITECH, 20.00 , 100.00 ," 2,000.00 ", -   ," 2,000.00 ", 80.00 ," 1,600.00 ", 400.00 ,20%
Supplies,DR 024289,23/08/2021,AIDEX 5Litres, 8.00 ," 3,600.00 "," 28,800.00 ", -   ," 28,800.00 "," 1,500.00 "," 12,000.00 "," 16,800.00 ",58%
Supplies,DR 024289,23/08/2021,STERILLIUM, 8.00 ," 3,600.00 "," 28,800.00 ", -   ," 28,800.00 "," 1,800.00 "," 14,400.00 "," 14,400.00 ",50%
Supplies,DR 024289,23/08/2021,GAUZE ROLL 28 X 24 PRO HEALTH CARE, 10.00 ," 1,800.00 "," 18,000.00 ", -   ," 18,000.00 ", 850.00 ," 8,500.00 "," 9,500.00 ",53%
Supplies,DR 024286,04/08/2021,AMINOSOL 25MG/ML , 5.00 , 660.00 ," 3,300.00 ", -   ," 3,300.00 ", 132.30 , 661.50 ," 2,638.50 ",80%
Supplies,DR MS 00860,26/07/2021,ALL SILICONE DUODENAL TUBE F.16 - UNIMEX, 30.00 , 221.00 ," 6,630.00 ", -   ," 6,630.00 ", 200.00 ," 6,000.00 ", 630.00 ,10%
Supplies,DR 024283,23/07/2021,UV LIGHT CZYD-ZW60WYKW 60w, 1.00 ," 65,000.00 "," 65,000.00 ", -   ," 65,000.00 "," 11,999.75 "," 11,999.75 "," 53,000.25 ",82%
Supplies,DR 024284,23/07/2021,METRICIDE, 4.00 ," 2,400.00 "," 9,600.00 ", -   ," 9,600.00 "," 1,300.00 "," 5,200.00 "," 4,400.00 ",46%
Supplies,DR 024284,23/07/2021,COTTON ROLL 400G - UNIMEX, 10.00 , 300.00 ," 3,000.00 ", -   ," 3,000.00 ", 150.00 ," 1,500.00 "," 1,500.00 ",50%
Supplies,DR MS 00845,21/07/2021,ALL SILICONE DUODENAL TUBE F.16 - UNIMEX, 25.00 , 221.00 ," 5,525.00 ", -   ," 5,525.00 ", 200.00 ," 5,000.00 ", 525.00 ,10%
Supplies,DR MS 00788,10/05/2021,ALL SILICONE DUODENAL TUBE F.16 - UNIMEX, 20.00 , 221.00 ," 4,420.00 ", -   ," 4,420.00 ", 200.00 ," 4,000.00 ", 420.00 ,10%
Supplies,DR 024259,23/04/2021,THORACIC CATHETER FR 28 - UNIMEX, 5.00 , 800.00 ," 4,000.00 ", -   ," 4,000.00 ", 400.00 ," 2,000.00 "," 2,000.00 ",50%
Supplies,DR 024259,23/04/2021,"YANKAUER W/ CONNECTING TUBE 1/4"" X 2.0M", 50.00 , 260.00 ," 13,000.00 ", -   ," 13,000.00 ", 130.00 ," 6,500.00 "," 6,500.00 ",50%
Supplies,DR 024258,22/04/2021,MULTI GROW OB PLUS, 5.00 ," 1,450.00 "," 7,250.00 ", -   ," 7,250.00 ", 525.00 ," 2,625.00 "," 4,625.00 ",64%
Supplies,DR 024258,22/04/2021,BENERVA FORTE CAP, 5.00 ," 2,500.00 "," 12,500.00 ", -   ," 12,500.00 ", 525.00 ," 2,625.00 "," 9,875.00 ",79%
Supplies,DR MS 00771,20/04/2021,ALL SILICONE DUODENAL TUBE F.16 - UNIMEX, 25.00 , 221.00 ," 5,525.00 ", -   ," 5,525.00 ", 200.00 ," 5,000.00 ", 525.00 ,10%
Supplies,DR 024262,20/04/2021,BLOOD PUMP - ETHOX 1000ML INFUSION BAG, 1.00 ," 4,800.00 "," 4,800.00 ", -   ," 4,800.00 "," 3,500.00 "," 3,500.00 "," 1,300.00 ",27%
Supplies,DR 024260,20/04/2021,"MICROPORE 1"" - 1530-1 - 3M", 15.00 , 760.00 ," 11,400.00 ", -   ," 11,400.00 ", 380.00 ," 5,700.00 "," 5,700.00 ",50%
Supplies,DR 024260,20/04/2021,GAUZE ROLL 28X24 - SURGITECH, 10.00 ," 1,800.00 "," 18,000.00 ", -   ," 18,000.00 ", 900.00 ," 9,000.00 "," 9,000.00 ",50%
Supplies,DR 024260,20/04/2021,METRICIDE, 4.00 ," 2,400.00 "," 9,600.00 ", -   ," 9,600.00 "," 1,300.00 "," 5,200.00 "," 4,400.00 ",46%
Supplies,DR 024260,20/04/2021,TRANSPORE 3M 1527-1, 10.00 ," 1,300.00 "," 13,000.00 ", -   ," 13,000.00 ", 800.00 ," 8,000.00 "," 5,000.00 ",38%
Supplies,DR 024256,17/04/2021,FORMALIN, 1.00 ," 2,200.00 "," 2,200.00 ", -   ," 2,200.00 ", 495.00 , 495.00 ," 1,705.00 ",78%
Supplies,DR 024256,17/04/2021,INSULIN SYRINGE 1/2 CC G29 TERUMO, 10.00 ," 1,500.00 "," 15,000.00 ", -   ," 15,000.00 ", 850.00 ," 8,500.00 "," 6,500.00 ",43%
Supplies,DR 024256,17/04/2021,METRICIDE, 4.00 ," 2,400.00 "," 9,600.00 ", -   ," 9,600.00 "," 1,300.00 "," 5,200.00 "," 4,400.00 ",46%
Supplies,MS 00766,31/03/2021,ALL SILICONE DUODENAL TUBE F.16 - UNIMEX, 30.00 , 221.00 ," 6,630.00 ", -   ," 6,630.00 ", 200.00 ," 6,000.00 ", 630.00 ,10%
Supplies,DR 024254,31/03/2021,SUCTION CATHETER FR.10 - SURGITECH, 10.00 , 16.00 , 160.00 , -   , 160.00 , 8.00 , 80.00 , 80.00 ,50%
Supplies,DR 024254,31/03/2021,"MICROPORE 1"" - 1530-1 - 3M", 2.00 , 760.00 ," 1,520.00 ", -   ," 1,520.00 ", 380.00 , 760.00 , 760.00 ,50%
Supplies,DR 024254,31/03/2021,TEGADERM FILM (2x2)-SMALL, 100.00 , 50.00 ," 5,000.00 ", -   ," 5,000.00 ", 25.00 ," 2,500.00 "," 2,500.00 ",50%
Supplies,MS00726,20/02/2021,ALL SILICONE DUODENAL TUBE F.16 - UNIMEX, 30.00 , 221.00 ," 6,630.00 ", -   ," 6,630.00 ", 200.00 ," 6,000.00 ", 630.00 ,10%
Supplies,MS00734,20/02/2021,ALL SILICONE DUODENAL TUBE F.16 - UNIMEX, 30.00 , 221.00 ," 6,630.00 ", -   ," 6,630.00 ", 200.00 ," 6,000.00 ", 630.00 ,10%
,,,,,,,,,,,,
,,,,,,,,,,,,
,,,,,,,,,,,,
,,,,,,,,,,,,
,,,,,,,,,,,,
,,,,,,,,,,,,
,,,,,,,,,,,,
,,,,,,,,,,,,
,,,,,,,,,,,,
,,,,,,,,,,,,
,,,,,,,,,,,,
,,,,,,,,,,,,
,,,,,,,,,,,,
,,,,,,,,,,,,
,,,,,,,,,,,,
,,,,,,,,,,,,
,,,,,,,,,,,,
,,,,,,,,,,,,
,,,,,,,,,,,,
,,,,,,,,,,,,
,,,,,,,,,,,,
,,,,,,,,,,,,
,,,,,,,,,,,,
,,,,,,,,,,,,
,,,,,,,,,,,,
,,,,,,,,,,,,
,,,,,,,,,,,,
,,,,,,,,,,,,
,,,,,,,,,,,,
,,,,,,,,,,,,
,,,,,,,,,,,,
,,,,,,,,,,,,
,,,,,,,,,,,,
,,,,,,,,,,,,
,,,,,,,,,,,,
,,,,,,,,,,,,
,,,,,,,,,,,,
,,,,,,,,,,,,
,,,,,,,,,,,,
,,,,,,,,,,,,
,,,,,,,,,,,,
,,,,,,,,,,,,
,,,,,,,,,,,,
,,,,,,,,,,,,
,,,,,,,,,,,,
,,,,,,,,,,,,
,,,,,,,,,,,,
,,,,,,,,,,,,
,,,,,,,,,,,,
,,,,,,,,,,,,
,,,,,,,,,,,,
,,,,,,,,,,,,
,,,,,,,,,,,,
,,,,,,,,,,,,
,,,,,,,,,,,,
,,,,,,,,,,,,
,,,,,,,,,,,,
,,,,,,,,,,,,
,,,,,,,,,,,,
,,,,,,,,,,,,
,,,,,,,,,,,,
,,,,,,,,,,,,
,,,,,,,,,,,,
,,,,,,,,,,,,
,,,,,,,,,,,,
,,,,,,,,,,,,
,,,,,,,,,,,,
,,,,,,,,,,,,
,,,,,,,,,,,,
,,,,,,,,,,,,
,,,,,,,,,,,,
,,,,,,,,,,,,
,,,,,,,,,,,,
,,,,,,,,,,,,
,,,,,,,,,,,,
,,,,,,,,,,,,
,,,,,,,,,,,,
,,,,,,,,,,,,
,,,,,,,,,,,,
,,,,,,,,,,,,
,,,,,,,,,,,,
,,,,,,,,,,,,
,,,,,,,,,,,,
,,,,,,,,,,,,
,,,,,,,,,,,,
,,,,,,,,,,,,
,,,,,,,,,,,,
,,,,,,,,,,,,
,,,,,,,,,,,,
,,,,,,,,,,,,
,,,,,,,,,,,,
,,,,,,,,,,,,
,,,,,,,,,,,,
,,,,,,,,,,,,
,,,,,,,,,,,,
,,,,,,,,,,,,
,,,,,,,,,,,,
,,,,,,,,,,,,
,,,,,,,,,,,,
,,,,,,,,,,,,
,,,,,,,,,,,,
,,,,,,,,,,,,
,,,,,,,,,,,,
,,,,,,,,,,,,
,,,,,,,,,,,,
,,,,,,,,,,,,
,,,,,,,,,,,,
,,,,,,,,,,,,
,,,,,,,,,,,,
,,,,,,,,,,,,
,,,,,,,,,,,,
,,,,,,,,,,,,
,,,,,,,,,,,,
,,,,,,,,,,,,
,,,,,,,,,,,,
,,,,,,,,,,,,
,,,,,,,,,,,,
,,,,,,,,,,,,
,,,,,,,,,,,,
,,,,,,,,,,,,
,,,,,,,,,,,,
,,,,,,,,,,,,
,,,,,,,,,,,,
,,,,,,,,,,,,
,,,,,,,,,,,,
,,,,,,,,,,,,
,,,,,,,,,,,,
,,,,,,,,,,,,
,,,,,,,,,,,,
,,,,,,,,,,,,
,,,,,,,,,,,,
,,,,,,,,,,,,
,,,,,,,,,,,,
,,,,,,,,,,,,
,,,,,,,,,,,,
,,,,,,,,,,,,
,,,,,,,,,,,,
,,,,,,,,,,,,
,,,,,,,,,,,,
,,,,,,,,,,,,
,,,,,,,,,,,,
,,,,,,,,,,,,
,,,,,,,,,,,,
,,,,,,,,,,,,
,,,,,,,,,,,,
,,,,,,,,,,,,
,,,,,,,,,,,,
,,,,,,,,,,,,
,,,,,,,,,,,,
,,,,,,,,,,,,
,,,,,,,,,,,,
,,,,,,,,,,,,
,,,,,,,,,,,,
,,,,,,,,,,,,
,,,,,,,,,,,,
,,,,,,,,,,,,
,,,,,,,,,,,,
,,,,,,,,,,,,
,,,,,,,,,,,,
,,,,,,,,,,,,
,,,,,,,,,,,,
,,,,,,,,,,,,
,,,,,,,,,,,,
,,,,,,,,,,,,
,,,,,,,,,,,,
,,,,,,,,,,,,
,,,,,,,,,,,,
,,,,,,,,,,,,
,,,,,,,,,,,,
,,,,,,,,,,,,
,,,,,,,,,,,,
,,,,,,,,,,,,
,,,,,,,,,,,,
,,,,,,,,,,,,
,,,,,,,,,,,,
,,,,,,,,,,,,
,,,,,,,,,,,,
,,,,,,,,,,,,
,,,,,,,,,,,,
,,,,,,,,,,,,
,,,,,,,,,,,,
,,,,,,,,,,,,
,,,,,,,,,,,,
,,,,,,,,,,,,
,,,,,,,,,,,,
,,,,,,,,,,,,
,,,,,,,,,,,,
,,,,,,,,,,,,
,,,,,,,,,,,,
,,,,,,,,,,,,
,,,,,,,,,,,,
,,,,,,,,,,,,
,,,,,,,,,,,,
,,,,,,,,,,,,
,,,,,,,,,,,,
,,,,,,,,,,,,
,,,,,,,,,,,,
,,,,,,,,,,,,
,,,,,,,,,,,,
,,,,,,,,,,,,
,,,,,,,,,,,,
,,,,,,,,,,,,
,,,,,,,,,,,,
,,,,,,,,,,,,
,,,,,,,,,,,,
,,,,,,,,,,,,
,,,,,,,,,,,,
,,,,,,,,,,,,
,,,,,,,,,,,,
,,,,,,,,,,,,
,,,,,,,,,,,,
,,,,,,,,,,,,
,,,,,,,,,,,,
,,,,,,,,,,,,
,,,,,,,,,,,,
,,,,,,,,,,,,
,,,,,,,,,,,,
,,,,,,,,,,,,
,,,,,,,,,,,,
,,,,,,,,,,,,
,,,,,,,,,,,,
,,,,,,,,,,,,
,,,,,,,,,,,,
,,,,,,,,,,,,
,,,,,,,,,,,,
,,,,,,,,,,,,
,,,,,,,,,,,,
,,,,,,,,,,,,
,,,,,,,,,,,,
,,,,,,,,,,,,
,,,,,,,,,,,,
,,,,,,,,,,,,
,,,,,,,,,,,,
,,,,,,,,,,,,
,,,,,,,,,,,,
,,,,,,,,,,,,
,,,,,,,,,,,,
,,,,,,,,,,,,
,,,,,,,,,,,,
,,,,,,,,,,,,
,,,,,,,,,,,,
,,,,,,,,,,,,
,,,,,,,,,,,,
,,,,,,,,,,,,
,,,,,,,,,,,,
,,,,,,,,,,,,
,,,,,,,,,,,,
,,,,,,,,,,,,
,,,,,,,,,,,,
,,,,,,,,,,,,
,,,,,,,,,,,,
,,,,,,,,,,,,
,,,,,,,,,,,,
,,,,,,,,,,,,
,,,,,,,,,,,,
,,,,,,,,,,,,
,,,,,,,,,,,,
,,,,,,,,,,,,
,,,,,,,,,,,,
,,,,,,,,,,,,
,,,,,,,,,,,,
,,,,,,,,,,,,
,,,,,,,,,,,,
,,,,,,,,,,,,
,,,,,,,,,,,,
,,,,,,,,,,,,
,,,,,,,,,,,,
,,,,,,,,,,,,
,,,,,,,,,,,,
,,,,,,,,,,,,
,,,,,,,,,,,,
,,,,,,,,,,,,
,,,,,,,,,,,,
,,,,,,,,,,,,
,,,,,,,,,,,,
,,,,,,,,,,,,
,,,,,,,,,,,,
,,,,,,,,,,,,
,,,,,,,,,,,,
,,,,,,,,,,,,
,,,,,,,,,,,,
,,,,,,,,,,,,
,,,,,,,,,,,,
,,,,,,,,,,,,
,,,,,,,,,,,,
,,,,,,,,,,,,
,,,,,,,,,,,,
,,,,,,,,,,,,
,,,,,,,,,,,,
,,,,,,,,,,,,
,,,,,,,,,,,,
,,,,,,,,,,,,
,,,,,,,,,,,,
,,,,,,,,,,,,
,,,,,,,,,,,,
,,,,,,,,,,,,
,,,,,,,,,,,,
,,,,,,,,,,,,
,,,,,,,,,,,,
,,,,,,,,,,,,
,,,,,,,,,,,,
,,,,,,,,,,,,
,,,,,,,,,,,,
,,,,,,,,,,,,
,,,,,,,,,,,,
,,,,,,,,,,,,
,,,,,,,,,,,,
,,,,,,,,,,,,
,,,,,,,,,,,,
,,,,,,,,,,,,
,,,,,,,,,,,,
,,,,,,,,,,,,
,,,,,,,,,,,,
,,,,,,,,,,,,
,,,,,,,,,,,,
,,,,,,,,,,,,
,,,,,,,,,,,,
,,,,,,,,,,,,
,,,,,,,,,,,,
,,,,,,,,,,,,
,,,,,,,,,,,,
,,,,,,,,,,,,
,,,,,,,,,,,,
,,,,,,,,,,,,
,,,,,,,,,,,,
,,,,,,,,,,,,
,,,,,,,,,,,,
,,,,,,,,,,,,
,,,,,,,,,,,,
,,,,,,,,,,,,
,,,,,,,,,,,,
,,,,,,,,,,,,
,,,,,,,,,,,,
,,,,,,,,,,,,
,,,,,,,,,,,,
,,,,,,,,,,,,
,,,,,,,,,,,,
,,,,,,,,,,,,
,,,,,,,,,,,,
,,,,,,,,,,,,
,,,,,,,,,,,,
,,,,,,,,,,,,
,,,,,,,,,,,,
,,,,,,,,,,,,
,,,,,,,,,,,,
,,,,,,,,,,,,
,,,,,,,,,,,,
,,,,,,,,,,,,
,,,,,,,,,,,,
,,,,,,,,,,,,
,,,,,,,,,,,,
,,,,,,,,,,,,
,,,,,,,,,,,,
,,,,,,,,,,,,
,,,,,,,,,,,,
,,,,,,,,,,,,
,,,,,,,,,,,,
,,,,,,,,,,,,
,,,,,,,,,,,,
,,,,,,,,,,,,
,,,,,,,,,,,,
,,,,,,,,,,,,
,,,,,,,,,,,,
,,,,,,,,,,,,
,,,,,,,,,,,,
,,,,,,,,,,,,
,,,,,,,,,,,,
,,,,,,,,,,,,
,,,,,,,,,,,,
,,,,,,,,,,,,
,,,,,,,,,,,,
,,,,,,,,,,,,
,,,,,,,,,,,,
,,,,,,,,,,,,
,,,,,,,,,,,,
,,,,,,,,,,,,
,,,,,,,,,,,,
,,,,,,,,,,,,
,,,,,,,,,,,,
,,,,,,,,,,,,
,,,,,,,,,,,,
,,,,,,,,,,,,
,,,,,,,,,,,,
,,,,,,,,,,,,
,,,,,,,,,,,,
,,,,,,,,,,,,
,,,,,,,,,,,,
,,,,,,,,,,,,
,,,,,,,,,,,,
,,,,,,,,,,,,
,,,,,,,,,,,,
,,,,,,,,,,,,
,,,,,,,,,,,,
,,,,,,,,,,,,
,,,,,,,,,,,,
,,,,,,,,,,,,
,,,,,,,,,,,,
,,,,,,,,,,,,
,,,,,,,,,,,,
,,,,,,,,,,,,
,,,,,,,,,,,,
,,,,,,,,,,,,
,,,,,,,,,,,,
,,,,,,,,,,,,
,,,,,,,,,,,,
,,,,,,,,,,,,
,,,,,,,,,,,,
,,,,,,,,,,,,
,,,,,,,,,,,,
,,,,,,,,,,,,
,,,,,,,,,,,,
,,,,,,,,,,,,
,,,,,,,,,,,,
,,,,,,,,,,,,
,,,,,,,,,,,,
,,,,,,,,,,,,
,,,,,,,,,,,,
,,,,,,,,,,,,
,,,,,,,,,,,,
,,,,,,,,,,,,
,,,,,,,,,,,,
,,,,,,,,,,,,
,,,,,,,,,,,,
,,,,,,,,,,,,
,,,,,,,,,,,,
,,,,,,,,,,,,
,,,,,,,,,,,,
,,,,,,,,,,,,
,,,,,,,,,,,,
,,,,,,,,,,,,
,,,,,,,,,,,,
,,,,,,,,,,,,
,,,,,,,,,,,,
,,,,,,,,,,,,
,,,,,,,,,,,,
,,,,,,,,,,,,
,,,,,,,,,,,,
,,,,,,,,,,,,
,,,,,,,,,,,,
,,,,,,,,,,,,
,,,,,,,,,,,,
,,,,,,,,,,,,
,,,,,,,,,,,,
,,,,,,,,,,,,
,,,,,,,,,,,,
,,,,,,,,,,,,
,,,,,,,,,,,,
,,,,,,,,,,,,
,,,,,,,,,,,,
,,,,,,,,,,,,
,,,,,,,,,,,,
,,,,,,,,,,,,
,,,,,,,,,,,,
,,,,,,,,,,,,
,,,,,,,,,,,,
,,,,,,,,,,,,
,,,,,,,,,,,,
,,,,,,,,,,,,
,,,,,,,,,,,,
,,,,,,,,,,,,
,,,,,,,,,,,,
,,,,,,,,,,,,
,,,,,,,,,,,,
,,,,,,,,,,,,
,,,,,,,,,,,,
,,,,,,,,,,,,
,,,,,,,,,,,,
,,,,,,,,,,,,
,,,,,,,,,,,,
,,,,,,,,,,,,
,,,,,,,,,,,,
,,,,,,,,,,,,
,,,,,,,,,,,,
,,,,,,,,,,,,
,,,,,,,,,,,,
,,,,,,,,,,,,
,,,,,,,,,,,,
,,,,,,,,,,,,
,,,,,,,,,,,,
,,,,,,,,,,,,
,,,,,,,,,,,,
,,,,,,,,,,,,
,,,,,,,,,,,,
,,,,,,,,,,,,
,,,,,,,,,,,,
,,,,,,,,,,,,
,,,,,,,,,,,,
,,,,,,,,,,,,
,,,,,,,,,,,,
,,,,,,,,,,,,
,,,,,,,,,,,,
,,,,,,,,,,,,
,,,,,,,,,,,,
,,,,,,,,,,,,
,,,,,,,,,,,,
,,,,,,,,,,,,
,,,,,,,,,,,,
,,,,,,,,,,,,
,,,,,,,,,,,,
,,,,,,,,,,,,
,,,,,,,,,,,,
,,,,,,,,,,,,
,,,,,,,,,,,,
,,,,,,,,,,,,
,,,,,,,,,,,,
,,,,,,,,,,,,
,,,,,,,,,,,,
,,,,,,,,,,,,
,,,,,,,,,,,,
,,,,,,,,,,,,
,,,,,,,,,,,,
,,,,,,,,,,,,
,,,,,,,,,,,,
,,,,,,,,,,,,
,,,,,,,,,,,,
,,,,,,,,,,,,
,,,,,,,,,,,,
,,,,,,,,,,,,
,,,,,,,,,,,,
,,,,,,,,,,,,
,,,,,,,,,,,,
,,,,,,,,,,,,
,,,,,,,,,,,,
,,,,,,,,,,,,
,,,,,,,,,,,,
,,,,,,,,,,,,
,,,,,,,,,,,,
,,,,,,,,,,,,
,,,,,,,,,,,,
,,,,,,,,,,,,
,,,,,,,,,,,,
,,,,,,,,,,,,
,,,,,,,,,,,,
,,,,,,,,,,,,
,,,,,,,,,,,,
,,,,,,,,,,,,
,,,,,,,,,,,,
,,,,,,,,,,,,
,,,,,,,,,,,,
,,,,,,,,,,,,
,,,,,,,,,,,,
,,,,,,,,,,,,
,,,,,,,,,,,,
,,,,,,,,,,,,
,,,,,,,,,,,,
,,,,,,,,,,,,
,,,,,,,,,,,,
,,,,,,,,,,,,
,,,,,,,,,,,,
,,,,,,,,,,,,
,,,,,,,,,,,,
,,,,,,,,,,,,
,,,,,,,,,,,,
,,,,,,,,,,,,
,,,,,,,,,,,,
,,,,,,,,,,,,
,,,,,,,,,,,,
,,,,,,,,,,,,
,,,,,,,,,,,,
,,,,,,,,,,,,
,,,,,,,,,,,,
,,,,,,,,,,,,
,,,,,,,,,,,,
,,,,,,,,,,,,
,,,,,,,,,,,,
,,,,,,,,,,,,
,,,,,,,,,,,,
,,,,,,,,,,,,
,,,,,,,,,,,,
,,,,,,,,,,,,
,,,,,,,,,,,,
,,,,,,,,,,,,
,,,,,,,,,,,,
,,,,,,,,,,,,
,,,,,,,,,,,,
,,,,,,,,,,,,
,,,,,,,,,,,,
,,,,,,,,,,,,
,,,,,,,,,,,,
,,,,,,,,,,,,
,,,,,,,,,,,,
,,,,,,,,,,,,
,,,,,,,,,,,,
,,,,,,,,,,,,
,,,,,,,,,,,,
,,,,,,,,,,,,
,,,,,,,,,,,,
,,,,,,,,,,,,
,,,,,,,,,,,,
,,,,,,,,,,,,
,,,,,,,,,,,,
,,,,,,,,,,,,
,,,,,,,,,,,,
,,,,,,,,,,,,
,,,,,,,,,,,,
,,,,,,,,,,,,
,,,,,,,,,,,,
,,,,,,,,,,,,
,,,,,,,,,,,,
,,,,,,,,,,,,
,,,,,,,,,,,,
,,,,,,,,,,,,
,,,,,,,,,,,,
,,,,,,,,,,,,
,,,,,,,,,,,,
,,,,,,,,,,,,
,,,,,,,,,,,,
,,,,,,,,,,,,
,,,,,,,,,,,,
,,,,,,,,,,,,
,,,,,,,,,,,,
,,,,,,,,,,,,
,,,,,,,,,,,,
,,,,,,,,,,,,
,,,,,,,,,,,,
,,,,,,,,,,,,
,,,,,,,,,,,,
,,,,,,,,,,,,
,,,,,,,,,,,,
,,,,,,,,,,,,
,,,,,,,,,,,,
,,,,,,,,,,,,
,,,,,,,,,,,,
,,,,,,,,,,,,
,,,,,,,,,,,,
,,,,,,,,,,,,
,,,,,,,,,,,,
,,,,,,,,,,,,
,,,,,,,,,,,,
,,,,,,,,,,,,
,,,,,,,,,,,,
,,,,,,,,,,,,
,,,,,,,,,,,,
,,,,,,,,,,,,
,,,,,,,,,,,,
,,,,,,,,,,,,
,,,,,,,,,,,,
,,,,,,,,,,,,
,,,,,,,,,,,,
,,,,,,,,,,,,
,,,,,,,,,,,,
,,,,,,,,,,,,
,,,,,,,,,,,,
,,,,,,,,,,,,
,,,,,,,,,,,,
,,,,,,,,,,,,
,,,,,,,,,,,,
,,,,,,,,,,,,
,,,,,,,,,,,,
,,,,,,,,,,,,
,,,,,,,,,,,,
,,,,,,,,,,,,
,,,,,,,,,,,,
,,,,,,,,,,,,
,,,,,,,,,,,,
,,,,,,,,,,,,
,,,,,,,,,,,,
,,,,,,,,,,,,
,,,,,,,,,,,,
,,,,,,,,,,,,
,,,,,,,,,,,,
,,,,,,,,,,,,
,,,,,,,,,,,,
,,,,,,,,,,,,
,,,,,,,,,,,,
,,,,,,,,,,,,
,,,,,,,,,,,,
,,,,,,,,,,,,
,,,,,,,,,,,,
,,,,,,,,,,,,
,,,,,,,,,,,,
,,,,,,,,,,,,
,,,,,,,,,,,,
,,,,,,,,,,,,
,,,,,,,,,,,,
,,,,,,,,,,,,
,,,,,,,,,,,,
,,,,,,,,,,,,
,,,,,,,,,,,,
,,,,,,,,,,,,
,,,,,,,,,,,,
,,,,,,,,,,,,
,,,,,,,,,,,,
,,,,,,,,,,,,
,,,,,,,,,,,,
,,,,,,,,,,,,
,,,,,,,,,,,,
,,,,,,,,,,,,
,,,,,,,,,,,,
,,,,,,,,,,,,
,,,,,,,,,,,,
,,,,,,,,,,,,
,,,,,,,,,,,,
,,,,,,,,,,,,
,,,,,,,,,,,,
,,,,,,,,,,,,
,,,,,,,,,,,,
,,,,,,,,,,,,
,,,,,,,,,,,,
,,,,,,,,,,,,
,,,,,,,,,,,,
,,,,,,,,,,,,
,,,,,,,,,,,,
,,,,,,,,,,,,
,,,,,,,,,,,,
,,,,,,,,,,,,
,,,,,,,,,,,,
,,,,,,,,,,,,
,,,,,,,,,,,,
,,,,,,,,,,,,
,,,,,,,,,,,,
,,,,,,,,,,,,
,,,,,,,,,,,,
,,,,,,,,,,,,
,,,,,,,,,,,,
,,,,,,,,,,,,
,,,,,,,,,,,,
,,,,,,,,,,,,
,,,,,,,,,,,,
,,,,,,,,,,,,
,,,,,,,,,,,,
,,,,,,,,,,,,
,,,,,,,,,,,,
,,,,,,,,,,,,
,,,,,,,,,,,,
,,,,,,,,,,,,
,,,,,,,,,,,,
,,,,,,,,,,,,
,,,,,,,,,,,,
,,,,,,,,,,,,
,,,,,,,,,,,,
,,,,,,,,,,,,
,,,,,,,,,,,,
,,,,,,,,,,,,
,,,,,,,,,,,,
,,,,,,,,,,,,
,,,,,,,,,,,,
,,,,,,,,,,,,
,,,,,,,,,,,,
,,,,,,,,,,,,
,,,,,,,,,,,,
,,,,,,,,,,,,
,,,,,,,,,,,,
,,,,,,,,,,,,
,,,,,,,,,,,,
,,,,,,,,,,,,
,,,,,,,,,,,,
,,,,,,,,,,,,
,,,,,,,,,,,,
,,,,,,,,,,,,
,,,,,,,,,,,,
,,,,,,,,,,,,
,,,,,,,,,,,,
,,,,,,,,,,,,
,,,,,,,,,,,,
,,,,,,,,,,,,
,,,,,,,,,,,,
,,,,,,,,,,,,
,,,,,,,,,,,,
,,,,,,,,,,,,
,,,,,,,,,,,,
,,,,,,,,,,,,
,,,,,,,,,,,,
,,,,,,,,,,,,
,,,,,,,,,,,,
,,,,,,,,,,,,
,,,,,,,,,,,,
,,,,,,,,,,,,
,,,,,,,,,,,,
,,,,,,,,,,,,
,,,,,,,,,,,,
,,,,,,,,,,,,
,,,,,,,,,,,,
,,,,,,,,,,,,
,,,,,,,,,,,,
,,,,,,,,,,,,
,,,,,,,,,,,,
,,,,,,,,,,,,
,,,,,,,,,,,,
,,,,,,,,,,,,
,,,,,,,,,,,,
,,,,,,,,,,,,
,,,,,,,,,,,,
,,,,,,,,,,,,
,,,,,,,,,,,,
,,,,,,,,,,,,
,,,,,,,,,,,,
,,,,,,,,,,,,
,,,,,,,,,,,,
,,,,,,,,,,,,
,,,,,,,,,,,,
,,,,,,,,,,,,
,,,,,,,,,,,,
,,,,,,,,,,,,
,,,,,,,,,,,,
,,,,,,,,,,,,
,,,,,,,,,,,,
,,,,,,,,,,,,
,,,,,,,,,,,,
,,,,,,,,,,,,
,,,,,,,,,,,,
,,,,,,,,,,,,
,,,,,,,,,,,,
,,,,,,,,,,,,
,,,,,,,,,,,,
,,,,,,,,,,,,
,,,,,,,,,,,,
,,,,,,,,,,,,
,,,,,,,,,,,,
,,,,,,,,,,,,
,,,,,,,,,,,,
,,,,,,,,,,,,
,,,,,,,,,,,,
,,,,,,,,,,,,
,,,,,,,,,,,,
,,,,,,,,,,,,
,,,,,,,,,,,,
,,,,,,,,,,,,
,,,,,,,,,,,,
,,,,,,,,,,,,
,,,,,,,,,,,,
,,,,,,,,,,,,
,,,,,,,,,,,,
,,,,,,,,,,,,
,,,,,,,,,,,,
,,,,,,,,,,,,
,,,,,,,,,,,,
,,,,,,,,,,,,
,,,,,,,,,,,,
,,,,,,,,,,,,
,,,,,,,,,,,,
,,,,,,,,,,,,
,,,,,,,,,,,,
,,,,,,,,,,,,
,,,,,,,,,,,,
,,,,,,,,,,,,
,,,,,,,,,,,,
,,,,,,,,,,,,
,,,,,,,,,,,,
,,,,,,,,,,,,
,,,,,,,,,,,,
,,,,,,,,,,,,
,,,,,,,,,,,,
,,,,,,,,,,,,
,,,,,,,,,,,,
,,,,,,,,,,,,
,,,,,,,,,,,,
,,,,,,,,,,,,
,,,,,,,,,,,,
,,,,,,,,,,,,
,,,,,,,,,,,,
,,,,,,,,,,,,
,,,,,,,,,,,,
,,,,,,,,,,,,
,,,,,,,,,,,,
,,,,,,,,,,,,
,,,,,,,,,,,,
,,,,,,,,,,,,
,,,,,,,,,,,,
,,,,,,,,,,,,
,,,,,,,,,,,,
,,,,,,,,,,,,
,,,,,,,,,,,,
,,,,,,,,,,,,
,,,,,,,,,,,,
,,,,,,,,,,,,
,,,,,,,,,,,,
,,,,,,,,,,,,
,,,,,,,,,,,,
,,,,,,,,,,,,
,,,,,,,,,,,,
,,,,,,,,,,,,
,,,,,,,,,,,,
,,,,,,,,,,,,
,,,,,,,,,,,,
,,,,,,,,,,,,
,,,,,,,,,,,,
,,,,,,,,,,,,
,,,,,,,,,,,,
,,,,,,,,,,,,
,,,,,,,,,,,,
,,,,,,,,,,,,
,,,,,,,,,,,,
,,,,,,,,,,,,
,,,,,,,,,,,,
,,,,,,,,,,,,
,,,,,,,,,,,,
,,,,,,,,,,,,
,,,,,,,,,,,,
,,,,,,,,,,,,
,,,,,,,,,,,,
,,,,,,,,,,,,
,,,,,,,,,,,,
,,,,,,,,,,,,
,,,,,,,,,,,,
,,,,,,,,,,,,
,,,,,,,,,,,,
,,,,,,,,,,,,
,,,,,,,,,,,,
,,,,,,,,,,,,
,,,,,,,,,,,,
,,,,,,,,,,,,
,,,,,,,,,,,,
,,,,,,,,,,,,
,,,,,,,,,,,,
,,,,,,,,,,,,
,,,,,,,,,,,,
,,,,,,,,,,,,
,,,,,,,,,,,,
,,,,,,,,,,,,
,,,,,,,,,,,,
,,,,,,,,,,,,
,,,,,,,,,,,,
,,,,,,,,,,,,
,,,,,,,,,,,,
,,,,,,,,,,,,
,,,,,,,,,,,,
,,,,,,,,,,,,
,,,,,,,,,,,,
,,,,,,,,,,,,
,,,,,,,,,,,,
,,,,,,,,,,,,
,,,,,,,,,,,,
,,,,,,,,,,,,
,,,,,,,,,,,,
,,,,,,,,,,,,
,,,,,,,,,,,,
,,,,,,,,,,,,
,,,,,,,,,,,,
,,,,,,,,,,,,
,,,,,,,,,,,,
,,,,,,,,,,,,
,,,,,,,,,,,,
,,,,,,,,,,,,
,,,,,,,,,,,,
,,,,,,,,,,,,
,,,,,,,,,,,,
,,,,,,,,,,,,
,,,,,,,,,,,,
,,,,,,,,,,,,
,,,,,,,,,,,,
,,,,,,,,,,,,
,,,,,,,,,,,,
,,,,,,,,,,,,
,,,,,,,,,,,,
,,,,,,,,,,,,
,,,,,,,,,,,,
,,,,,,,,,,,,
,,,,,,,,,,,,
,,,,,,,,,,,,
,,,,,,,,,,,,
,,,,,,,,,,,,
,,,,,,,,,,,,
,,,,,,,,,,,,
,,,,,,,,,,,,
,,,,,,,,,,,,
,,,,,,,,,,,,
,,,,,,,,,,,,
,,,,,,,,,,,,
,,,,,,,,,,,,
,,,,,,,,,,,,
,,,,,,,,,,,,
,,,,,,,,,,,,
,,,,,,,,,,,,
,,,,,,,,,,,,
,,,,,,,,,,,,
,,,,,,,,,,,,
,,,,,,,,,,,,
,,,,,,,,,,,,
,,,,,,,,,,,,
,,,,,,,,,,,,
,,,,,,,,,,,,
,,,,,,,,,,,,
,,,,,,,,,,,,
,,,,,,,,,,,,
,,,,,,,,,,,,
,,,,,,,,,,,,
,,,,,,,,,,,,
,,,,,,,,,,,,
,,,,,,,,,,,,
,,,,,,,,,,,,
,,,,,,,,,,,,
,,,,,,,,,,,,
,,,,,,,,,,,,
,,,,,,,,,,,,
,,,,,,,,,,,,
,,,,,,,,,,,,
,,,,,,,,,,,,
,,,,,,,,,,,,
,,,,,,,,,,,,
,,,,,,,,,,,,
,,,,,,,,,,,,
,,,,,,,,,,,,
,,,,,,,,,,,,
,,,,,,,,,,,,
,,,,,,,,,,,,
,,,,,,,,,,,,
,,,,,,,,,,,,
,,,,,,,,,,,,
,,,,,,,,,,,,
,,,,,,,,,,,,
,,,,,,,,,,,,
,,,,,,,,,,,,
,,,,,,,,,,,,
,,,,,,,,,,,,
,,,,,,,,,,,,
,,,,,,,,,,,,
,,,,,,,,,,,,
,,,,,,,,,,,,
,,,,,,,,,,,,
,,,,,,,,,,,,
,,,,,,,,,,,,
,,,,,,,,,,,,
,,,,,,,,,,,,
,,,,,,,,,,,,
,,,,,,,,,,,,
,,,,,,,,,,,,
,,,,,,,,,,,,
,,,,,,,,,,,,
,,,,,,,,,,,,
,,,,,,,,,,,,
,,,,,,,,,,,,
,,,,,,,,,,,,
,,,,,,,,,,,,
,,,,,,,,,,,,
,,,,,,,,,,,,
,,,,,,,,,,,,
,,,,,,,,,,,,
,,,,,,,,,,,,
,,,,,,,,,,,,
,,,,,,,,,,,,
,,,,,,,,,,,,
,,,,,,,,,,,,
,,,,,,,,,,,,
,,,,,,,,,,,,
,,,,,,,,,,,,
,,,,,,,,,,,,
,,,,,,,,,,,,
,,,,,,,,,,,,
,,,,,,,,,,,,
,,,,,,,,,,,,
,,,,,,,,,,,,
,,,,,,,,,,,,
,,,,,,,,,,,,
,,,,,,,,,,,,
,,,,,,,,,,,,
,,,,,,,,,,,,
,,,,,,,,,,,,
,,,,,,,,,,,,
,,,,,,,,,,,,
,,,,,,,,,,,,
,,,,,,,,,,,,
,,,,,,,,,,,,
,,,,,,,,,,,,
,,,,,,,,,,,,
,,,,,,,,,,,,
,,,,,,,,,,,,
,,,,,,,,,,,,
,,,,,,,,,,,,
,,,,,,,,,,,,
,,,,,,,,,,,,
,,,,,,,,,,,,
,,,,,,,,,,,,
,,,,,,,,,,,,
,,,,,,,,,,,,
,,,,,,,,,,,,
,,,,,,,,,,,,
,,,,,,,,,,,,
,,,,,,,,,,,,
,,,,,,,,,,,,
,,,,,,,,,,,,
,,,,,,,,,,,,
,,,,,,,,,,,,
,,,,,,,,,,,,
,,,,,,,,,,,,
,,,,,,,,,,,,
,,,,,,,,,,,,
,,,,,,,,,,,,
,,,,,,,,,,,,
,,,,,,,,,,,,
,,,,,,,,,,,,
,,,,,,,,,,,,
,,,,,,,,,,,,
,,,,,,,,,,,,
,,,,,,,,,,,,
,,,,,,,,,,,,
,,,,,,,,,,,,
,,,,,,,,,,,,
,,,,,,,,,,,,
,,,,,,,,,,,,
,,,,,,,,,,,,
,,,,,,,,,,,,
,,,,,,,,,,,,
,,,,,,,,,,,,
,,,,,,,,,,,,
,,,,,,,,,,,,
,,,,,,,,,,,,
,,,,,,,,,,,,
,,,,,,,,,,,,
,,,,,,,,,,,,
,,,,,,,,,,,,
,,,,,,,,,,,,
,,,,,,,,,,,,
,,,,,,,,,,,,
,,,,,,,,,,,,
,,,,,,,,,,,,
,,,,,,,,,,,,
,,,,,,,,,,,,
,,,,,,,,,,,,
,,,,,,,,,,,,
,,,,,,,,,,,,
,,,,,,,,,,,,
,,,,,,,,,,,,
,,,,,,,,,,,,
,,,,,,,,,,,,
,,,,,,,,,,,,
,,,,,,,,,,,,
,,,,,,,,,,,,
,,,,,,,,,,,,
,,,,,,,,,,,,
,,,,,,,,,,,,
,,,,,,,,,,,,
,,,,,,,,,,,,
,,,,,,,,,,,,
,,,,,,,,,,,,
,,,,,,,,,,,,
,,,,,,,,,,,,
,,,,,,,,,,,,
,,,,,,,,,,,,
,,,,,,,,,,,,
,,,,,,,,,,,,
,,,,,,,,,,,,
,,,,,,,,,,,,
,,,,,,,,,,,,
,,,,,,,,,,,,
,,,,,,,,,,,,
,,,,,,,,,,,,
,,,,,,,,,,,,
,,,,,,,,,,,,
,,,,,,,,,,,,
,,,,,,,,,,,,
,,,,,,,,,,,,
,,,,,,,,,,,,
,,,,,,,,,,,,
,,,,,,,,,,,,
,,,,,,,,,,,,
,,,,,,,,,,,,
,,,,,,,,,,,,
,,,,,,,,,,,,
,,,,,,,,,,,,
,,,,,,,,,,,,
,,,,,,,,,,,,
,,,,,,,,,,,,
,,,,,,,,,,,,
,,,,,,,,,,,,
,,,,,,,,,,,,
,,,,,,,,,,,,
,,,,,,,,,,,,
,,,,,,,,,,,,
,,,,,,,,,,,,
,,,,,,,,,,,,
,,,,,,,,,,,,
,,,,,,,,,,,,
,,,,,,,,,,,,
,,,,,,,,,,,,
,,,,,,,,,,,,
,,,,,,,,,,,,
,,,,,,,,,,,,
,,,,,,,,,,,,
,,,,,,,,,,,,
,,,,,,,,,,,,
,,,,,,,,,,,,
,,,,,,,,,,,,
,,,,,,,,,,,,
,,,,,,,,,,,,
,,,,,,,,,,,,
,,,,,,,,,,,,
,,,,,,,,,,,,
,,,,,,,,,,,,
,,,,,,,,,,,,
,,,,,,,,,,,,
,,,,,,,,,,,,
,,,,,,,,,,,,
,,,,,,,,,,,,
,,,,,,,,,,,,
,,,,,,,,,,,,
,,,,,,,,,,,,
,,,,,,,,,,,,
,,,,,,,,,,,,
,,,,,,,,,,,,
,,,,,,,,,,,,
,,,,,,,,,,,,
,,,,,,,,,,,,
,,,,,,,,,,,,
,,,,,,,,,,,,
,,,,,,,,,,,,
,,,,,,,,,,,,
,,,,,,,,,,,,
,,,,,,,,,,,,
,,,,,,,,,,,,
,,,,,,,,,,,,
,,,,,,,,,,,,
,,,,,,,,,,,,
,,,,,,,,,,,,
,,,,,,,,,,,,
,,,,,,,,,,,,
,,,,,,,,,,,,
,,,,,,,,,,,,
,,,,,,,,,,,,
,,,,,,,,,,,,
,,,,,,,,,,,,
,,,,,,,,,,,,
,,,,,,,,,,,,
,,,,,,,,,,,,
,,,,,,,,,,,,
,,,,,,,,,,,,
,,,,,,,,,,,,
,,,,,,,,,,,,
,,,,,,,,,,,,
,,,,,,,,,,,,
,,,,,,,,,,,,
,,,,,,,,,,,,
,,,,,,,,,,,,
,,,,,,,,,,,,
,,,,,,,,,,,,
,,,,,,,,,,,,
,,,,,,,,,,,,
,,,,,,,,,,,,
,,,,,,,,,,,,
,,,,,,,,,,,,
,,,,,,,,,,,,
,,,,,,,,,,,,
,,,,,,,,,,,,
,,,,,,,,,,,,
,,,,,,,,,,,,
,,,,,,,,,,,,
,,,,,,,,,,,,
,,,,,,,,,,,,
,,,,,,,,,,,,
,,,,,,,,,,,,
,,,,,,,,,,,,
,,,,,,,,,,,,
,,,,,,,,,,,,
,,,,,,,,,,,,
,,,,,,,,,,,,
,,,,,,,,,,,,
,,,,,,,,,,,,
,,,,,,,,,,,,
,,,,,,,,,,,,
,,,,,,,,,,,,
,,,,,,,,,,,,
,,,,,,,,,,,,
,,,,,,,,,,,,
,,,,,,,,,,,,
,,,,,,,,,,,,
,,,,,,,,,,,,
,,,,,,,,,,,,
,,,,,,,,,,,,
,,,,,,,,,,,,
,,,,,,,,,,,,
,,,,,,,,,,,,
,,,,,,,,,,,,
,,,,,,,,,,,,
,,,,,,,,,,,,
,,,,,,,,,,,,
,,,,,,,,,,,,
,,,,,,,,,,,,
,,,,,,,,,,,,
,,,,,,,,,,,,
,,,,,,,,,,,,
,,,,,,,,,,,,
,,,,,,,,,,,,
,,,,,,,,,,,,
,,,,,,,,,,,,
,,,,,,,,,,,,
,,,,,,,,,,,,
,,,,,,,,,,,,
,,,,,,,,,,,,
,,,,,,,,,,,,
,,,,,,,,,,,,
,,,,,,,,,,,,
,,,,,,,,,,,,
,,,,,,,,,,,,
,,,,,,,,,,,,
,,,,,,,,,,,,
,,,,,,,,,,,,
,,,,,,,,,,,,
,,,,,,,,,,,,
,,,,,,,,,,,,
,,,,,,,,,,,,
,,,,,,,,,,,,
,,,,,,,,,,,,
,,,,,,,,,,,,
,,,,,,,,,,,,
,,,,,,,,,,,,
,,,,,,,,,,,,
,,,,,,,,,,,,
,,,,,,,,,,,,
,,,,,,,,,,,,
,,,,,,,,,,,,
,,,,,,,,,,,,
,,,,,,,,,,,,
,,,,,,,,,,,,
,,,,,,,,,,,,
,,,,,,,,,,,,
,,,,,,,,,,,,
,,,,,,,,,,,,
,,,,,,,,,,,,
,,,,,,,,,,,,
,,,,,,,,,,,,
,,,,,,,,,,,,
,,,,,,,,,,,,
,,,,,,,,,,,,
,,,,,,,,,,,,
,,,,,,,,,,,,
,,,,,,,,,,,,
,,,,,,,,,,,,
,,,,,,,,,,,,
,,,,,,,,,,,,
,,,,,,,,,,,,
,,,,,,,,,,,,
,,,,,,,,,,,,
,,,,,,,,,,,,
,,,,,,,,,,,,
,,,,,,,,,,,,
,,,,,,,,,,,,
,,,,,,,,,,,,
,,,,,,,,,,,,
,,,,,,,,,,,,
,,,,,,,,,,,,
,,,,,,,,,,,,
,,,,,,,,,,,,
,,,,,,,,,,,,
,,,,,,,,,,,,
,,,,,,,,,,,,
,,,,,,,,,,,,
,,,,,,,,,,,,
,,,,,," 78,734,719.48 ",," 78,185,569.26 ",," 27,587,888.65 "," 50,597,680.61 ",
,,,,,,,,,,,,
