product,quantity,revenue,gross_margin,row_count,active_months,rank,revenue_share,cumulative_revenue_share,abc_class,model_code,model_version,review_status
MONOWEL 1G IV,12600.0,5780546.0,2331189.0,11,7,1,0.033409,0.033409,A,ABC_PARETO,sales_only_v1,draft
EVAPROST 250MCG/ML,1192.2947,4587511.68,4542500.5,116,35,2,0.026514,0.059924,A,ABC_PARETO,sales_only_v1,draft
SORBIFER 310MG,3845.6297,3200473.28,3067153.49,35,23,3,0.018498,0.078421,A,ABC_PARETO,sales_only_v1,draft
SHARJVAX 1500 I.U. / 0.7ML,2617.361,2529112.56,1859704.19,33,15,4,0.014617,0.093039,A,ABC_PARETO,sales_only_v1,draft
EVAPROST 125MCG/0.5ML,1089.4216,2389652.52,1937676.85,63,24,5,0.013811,0.10685,A,ABC_PARETO,sales_only_v1,draft
JUBI -R 100MG,750.0,2375000.0,2217500.0,5,4,6,0.013727,0.120577,A,ABC_PARETO,sales_only_v1,draft
SPEEDA 2.5IU/0.5ML,425.0,2004500.0,970810.0,5,5,7,0.011585,0.132162,A,ABC_PARETO,sales_only_v1,draft
BUPIRIGHT AMPULE,7553.8986,1948969.01,3770355.26,196,39,8,0.011264,0.143426,A,ABC_PARETO,sales_only_v1,draft
ANTITET 1500IU/0.7ML,1448.5902,1856413.99,2143819.5,20,5,9,0.010729,0.154156,A,ABC_PARETO,sales_only_v1,draft
"MICROPORE 1"" - 1530-1 - 3M",1751.8816,1631166.63,1488763.79,79,32,10,0.009428,0.163583,A,ABC_PARETO,sales_only_v1,draft
EVAPROST 250MCG/ML IV,287.6221,1570479.09,1020618.99,57,23,11,0.009077,0.17266,A,ABC_PARETO,sales_only_v1,draft
BUPIRIGHT 5MG/ML 0.5% IN 8% 4ML,7933.5703,1494974.36,1907522.03,54,24,12,0.00864,0.1813,A,ABC_PARETO,sales_only_v1,draft
RANICLAV 625MG,4037.6382,1483348.57,1294942.17,57,26,13,0.008573,0.189874,A,ABC_PARETO,sales_only_v1,draft
HAIXONE WITH DILUENT 1G,53614.3374,1425484.65,1362364.87,27,5,14,0.008239,0.198112,A,ABC_PARETO,sales_only_v1,draft
ALBUMINAR-20 20% 50ML,1000.0,1400000.0,1297000.0,1,1,15,0.008091,0.206204,A,ABC_PARETO,sales_only_v1,draft
ENOXAGET-40 40MG/0.4ML,2145.0,1372800.0,1285798.8,10,4,16,0.007934,0.214138,A,ABC_PARETO,sales_only_v1,draft
LACTAMOX 500MG/125MG,553.064,1299511.32,1366309.63,155,24,17,0.007511,0.221649,A,ABC_PARETO,sales_only_v1,draft
CETHERGO 200MCG/ML,881.6,1234240.0,1241115.0,22,7,18,0.007133,0.228782,A,ABC_PARETO,sales_only_v1,draft
MERAZOL 40MG,744.9632,1209762.98,2663361.48,58,26,19,0.006992,0.235774,A,ABC_PARETO,sales_only_v1,draft
SITIXON 1G,11332.3538,1153586.1,2984717.75,42,23,20,0.006667,0.242442,A,ABC_PARETO,sales_only_v1,draft
ZINACARE 750MG W/ DILUENT,42100.147,1128912.57,990936.48,20,6,21,0.006525,0.248966,A,ABC_PARETO,sales_only_v1,draft
TROYNOXA-60 60MG/0.6ML,2770.0,1119080.0,1767952.5,4,3,22,0.006468,0.255434,A,ABC_PARETO,sales_only_v1,draft
VOLUMETRIC SOLUTION INFUSION SET 150ML (POLYVOL),7200.0,1116000.0,405144.0,12,1,23,0.00645,0.261884,A,ABC_PARETO,sales_only_v1,draft
ANTIZOAL 5MG/ML,22857.9662,1081485.98,2258862.75,143,37,24,0.006251,0.268135,A,ABC_PARETO,sales_only_v1,draft
TRIVASC 35MG MR,2345.9449,1076497.06,1614963.12,207,36,25,0.006222,0.274357,A,ABC_PARETO,sales_only_v1,draft
EVAPROST 125MCG/ML,448.2676,1046316.0,1098422.27,81,35,26,0.006047,0.280404,A,ABC_PARETO,sales_only_v1,draft
HIVENT PLUS,2691.3196,1037916.48,1100643.51,41,18,27,0.005999,0.286403,A,ABC_PARETO,sales_only_v1,draft
CLIN-GEN 300MG,3062.0,1026295.0,1077183.75,16,10,28,0.005932,0.292334,A,ABC_PARETO,sales_only_v1,draft
KN95 FACEMASK (PIECE),8553.0,995624.0,550778.05,12,8,29,0.005754,0.298089,A,ABC_PARETO,sales_only_v1,draft
VAXIGRIP TETRA INFLUENZA VACCINE,1408.0,985600.0,1439224.95,3,2,30,0.005696,0.303785,A,ABC_PARETO,sales_only_v1,draft
PPE SET,2510.0,978900.0,1101850.0,3,3,31,0.005658,0.309443,A,ABC_PARETO,sales_only_v1,draft
HYCLENS SKIN CLEANSER (60ML),8535.0,967869.0,1382262.6,16,12,32,0.005594,0.315037,A,ABC_PARETO,sales_only_v1,draft
HYCLENS WOUND SPRAY (60ML),7872.6313,923944.64,1205538.22,250,46,33,0.00534,0.320377,A,ABC_PARETO,sales_only_v1,draft
PROFUREX 750MG,4760.0,882266.0,914348.4,8,7,34,0.005099,0.325476,A,ABC_PARETO,sales_only_v1,draft
MATERNITY PADS 8S (MAXIFREE),14258.0,863360.0,431471.2,15,6,35,0.00499,0.330466,A,ABC_PARETO,sales_only_v1,draft
ENDOPROST 250MCG/ML,646.0,855950.0,784750.0,9,4,36,0.004947,0.335413,A,ABC_PARETO,sales_only_v1,draft
LUPINSULIN 30:70,1821.0,816272.0,632878.53,20,16,37,0.004718,0.340131,A,ABC_PARETO,sales_only_v1,draft
NUTRIBOARD WITHOUT BAG,102.7037,809655.54,298890.81,13,3,38,0.00468,0.34481,A,ABC_PARETO,sales_only_v1,draft
ABHAY-TOX 40IU/0.5ML VIAL,829.4228,803341.88,326664.49,26,6,39,0.004643,0.349453,A,ABC_PARETO,sales_only_v1,draft
ZEFXON 40MG,2700.0,792102.92,648077.08,14,10,40,0.004578,0.354031,A,ABC_PARETO,sales_only_v1,draft
MAXIFER 20MG/ML,742.6066,791645.83,1498759.06,46,29,41,0.004575,0.358607,A,ABC_PARETO,sales_only_v1,draft
ANTITET 1500IU,762.5,766507.5,351744.18,15,13,42,0.00443,0.363037,A,ABC_PARETO,sales_only_v1,draft
GIOZOLE 40MG W/ DILUENT,14611.2336,762806.66,416022.58,16,7,43,0.004409,0.367446,A,ABC_PARETO,sales_only_v1,draft
PHYTOMEN 10MG/ML,1249.0891,750934.28,1101612.26,94,34,44,0.00434,0.371786,A,ABC_PARETO,sales_only_v1,draft
PROHAB 10MG/ML 20ML,500.0,750000.0,1360000.0,1,1,45,0.004335,0.376121,A,ABC_PARETO,sales_only_v1,draft
"HEPA B 10MCG/0.5ML MULTIDOSE, PEDIATRIC",4.0,750000.0,649400.0,2,2,46,0.004335,0.380455,A,ABC_PARETO,sales_only_v1,draft
DOLO JAGA 500MG/50MG/100MG/100MCG,1088.6398,748948.32,1098336.97,253,36,47,0.004329,0.384784,A,ABC_PARETO,sales_only_v1,draft
HYCLENS WOUND SPRAY 2% 60ML,3750.0433,739848.77,812067.23,189,27,48,0.004276,0.38906,A,ABC_PARETO,sales_only_v1,draft
AEROX 500MG,7561.0,721255.0,877384.0,12,5,49,0.004169,0.393229,A,ABC_PARETO,sales_only_v1,draft
LACTAMOX 500MG/125MG TAB,566.1712,715893.94,1050281.59,167,41,50,0.004138,0.397366,A,ABC_PARETO,sales_only_v1,draft
CANCARE IV CANNULA G24,700.0,714000.0,606000.0,2,1,51,0.004127,0.401493,A,ABC_PARETO,sales_only_v1,draft
EUROXONE 1G,8968.8814,709327.71,2778891.13,81,32,52,0.0041,0.405593,A,ABC_PARETO,sales_only_v1,draft
JACKIE DISINFECT SPRAY 500ML,48.399,696693.32,1116397.85,16,8,53,0.004027,0.409619,A,ABC_PARETO,sales_only_v1,draft
MONOWEL 1G,1550.0,696354.0,574820.0,7,4,54,0.004025,0.413644,A,ABC_PARETO,sales_only_v1,draft
ANTIZOAL 5MG/ML (500MG/100ML) 100ML,25893.6381,694417.68,1068054.47,110,26,55,0.004013,0.417657,A,ABC_PARETO,sales_only_v1,draft
LOMOH-60 60MG/0.6ML,1750.0,691250.0,1132687.5,4,2,56,0.003995,0.421653,A,ABC_PARETO,sales_only_v1,draft
EPOGEN 4000IU/0.4ML,1905.0,685800.0,441102.75,5,1,57,0.003964,0.425616,A,ABC_PARETO,sales_only_v1,draft
MODULAR TENT 79X17X79,150.0,675000.0,742425.0,1,1,58,0.003901,0.429518,A,ABC_PARETO,sales_only_v1,draft
CARDOWIN 1MG,934.8963,672653.5,1058664.53,25,14,59,0.003888,0.433405,A,ABC_PARETO,sales_only_v1,draft
DOCOR 250MG VIAL,838.0,666720.0,338820.0,5,5,60,0.003853,0.437259,A,ABC_PARETO,sales_only_v1,draft
CEFUSAPH,3760.9968,641166.13,1259244.49,63,25,61,0.003706,0.440964,A,ABC_PARETO,sales_only_v1,draft
TRIOPHIL 35MG,2043.3,637509.6,665686.4,10,3,62,0.003685,0.444649,A,ABC_PARETO,sales_only_v1,draft
ALCOHOL ETHYL 70% - ALCORADE,1912.0,630960.0,903740.0,11,6,63,0.003647,0.448296,A,ABC_PARETO,sales_only_v1,draft
KOVENT SF 25MCG/250MCG MDI,1955.0,625500.0,359720.0,13,8,64,0.003615,0.451911,A,ABC_PARETO,sales_only_v1,draft
EPIX BY 10'S,1150.1858,580423.13,1040848.54,79,26,65,0.003355,0.455265,A,ABC_PARETO,sales_only_v1,draft
AEROVENT 1MG 30'S,2185.85,579249.19,553061.42,16,7,66,0.003348,0.458613,A,ABC_PARETO,sales_only_v1,draft
ZEFTACARE 1G IV,12930.0,569100.0,245335.5,18,7,67,0.003289,0.461903,A,ABC_PARETO,sales_only_v1,draft
OPREX 40MG IV,2981.2143,560803.01,593583.58,31,16,68,0.003241,0.465144,A,ABC_PARETO,sales_only_v1,draft
"GENVAC-B 10MCG/0.5ML MONODOSE, PEDIATRIC",28.6,559990.0,655860.0,5,4,69,0.003237,0.46838,A,ABC_PARETO,sales_only_v1,draft
CIMEX 500MG,490.394,557891.31,958667.68,25,19,70,0.003224,0.471605,A,ABC_PARETO,sales_only_v1,draft
AZCORE 500MG,2297.87,544100.77,863363.1,20,9,71,0.003145,0.474749,A,ABC_PARETO,sales_only_v1,draft
MORNEM 500MG,3300.0,528000.0,340700.0,6,3,72,0.003052,0.477801,A,ABC_PARETO,sales_only_v1,draft
SPIROCARE-25 25MG,2005.0,525310.0,529770.0,3,1,73,0.003036,0.480837,A,ABC_PARETO,sales_only_v1,draft
MICROPORE 1X10 2.5CMX9.1M (3M),657.5653,521755.38,296143.01,36,8,74,0.003016,0.483853,A,ABC_PARETO,sales_only_v1,draft
"QMC 787,170",1.0,514720.0,228640.0,1,1,75,0.002975,0.486828,A,ABC_PARETO,sales_only_v1,draft
EXEL 100MG,331.203,512250.6,471172.57,25,17,76,0.002961,0.489788,A,ABC_PARETO,sales_only_v1,draft
CANCARE IV CANNULA G22,500.5,510510.0,451140.0,2,2,77,0.002951,0.492739,A,ABC_PARETO,sales_only_v1,draft
LOMOH-40 40MG/0.4ML,1550.0,496000.0,464566.0,4,3,78,0.002867,0.495606,A,ABC_PARETO,sales_only_v1,draft
AMBIDOL 50MG/ML (100MG/2ML) 2ML,325.4192,494209.1,588557.33,55,23,79,0.002856,0.498462,A,ABC_PARETO,sales_only_v1,draft
NYSECOD 50MG,854.0,484260.0,481105.0,8,6,80,0.002799,0.501261,A,ABC_PARETO,sales_only_v1,draft
SAPHLECOX 200MG,479.1308,482520.57,817208.09,47,23,81,0.002789,0.50405,A,ABC_PARETO,sales_only_v1,draft
DOLO-JAGA 500MG/50MG/100MG/100MCG,540.0402,475536.31,659074.22,149,25,82,0.002748,0.506798,A,ABC_PARETO,sales_only_v1,draft
ISORANE 100% V/V 100ML,259.0,470300.0,596300.0,39,19,83,0.002718,0.509516,A,ABC_PARETO,sales_only_v1,draft
MYGEL BLACK,76.6115,469185.17,315618.41,23,13,84,0.002712,0.512228,A,ABC_PARETO,sales_only_v1,draft
NITROFIX SR 30MG,854.0,444180.0,454530.0,17,11,85,0.002567,0.514795,A,ABC_PARETO,sales_only_v1,draft
ANGEL-50 50MG,625.6701,436544.28,464573.27,36,19,86,0.002523,0.517318,A,ABC_PARETO,sales_only_v1,draft
HYTRIX 100MG,1345.88,436442.01,323447.03,25,12,87,0.002522,0.519841,A,ABC_PARETO,sales_only_v1,draft
DIFLOSID 25MG/ML 3ML,388.3913,434075.59,488254.97,73,22,88,0.002509,0.522349,A,ABC_PARETO,sales_only_v1,draft
ISOLATION GOWN STERILE (GDR),3600.0,432000.0,1049535.39,3,2,89,0.002497,0.524846,A,ABC_PARETO,sales_only_v1,draft
PPE COVER ALL SET,2013.0,422730.0,1448933.5,3,2,90,0.002443,0.527289,A,ABC_PARETO,sales_only_v1,draft
FLUARIX TETRA SH2021,700.0,420000.0,479624.95,1,1,91,0.002427,0.529717,A,ABC_PARETO,sales_only_v1,draft
ATROPINE,50.5,417130.0,413245.0,3,2,92,0.002411,0.532128,A,ABC_PARETO,sales_only_v1,draft
KZIDINE 35MG,679.1378,412057.82,351756.21,57,14,93,0.002382,0.534509,A,ABC_PARETO,sales_only_v1,draft
IV CANNULA WITH WINGS & INJECTION VALVE G20 1.1X32MM (CATHULA),187.2,411840.0,220896.0,7,3,94,0.00238,0.53689,A,ABC_PARETO,sales_only_v1,draft
GENTAM 40MG,620.214,410176.75,383272.84,60,31,95,0.002371,0.53926,A,ABC_PARETO,sales_only_v1,draft
LYSOL PROFESSIONAL DISINFECTANT LIQUID 5L,150.0,409090.5,88909.5,1,1,96,0.002364,0.541625,A,ABC_PARETO,sales_only_v1,draft
EXECORE 500MG TAB,5223.0,408138.0,550047.0,40,17,97,0.002359,0.543984,A,ABC_PARETO,sales_only_v1,draft
VESSEL COMPARATOR,203.0,406000.0,253710.0,3,3,98,0.002347,0.54633,A,ABC_PARETO,sales_only_v1,draft
SYVIR 400,200.0,400000.0,840000.0,1,1,99,0.002312,0.548642,A,ABC_PARETO,sales_only_v1,draft
CORSIN-300 150MG/ML (300MG/2ML) 2ML,6660.2413,392637.67,549831.44,14,7,100,0.002269,0.550911,A,ABC_PARETO,sales_only_v1,draft
PPE LAB.,600.0,390000.0,329400.0,1,1,101,0.002254,0.553165,A,ABC_PARETO,sales_only_v1,draft
SMACK LABORATORY GOWN,2600.0,390000.0,517400.0,2,2,102,0.002254,0.555419,A,ABC_PARETO,sales_only_v1,draft
GYNE-TOCIN 10IU/ML,2535.0775,389846.34,1552387.15,57,26,103,0.002253,0.557673,A,ABC_PARETO,sales_only_v1,draft
GLOVES BLUE VINYL/NITRILE BLEND (MEDIUM),1534.0,389795.0,806007.07,28,9,104,0.002253,0.559925,A,ABC_PARETO,sales_only_v1,draft
HYDROCORTIBAS 100MG VIAL,1470.0,376320.0,144736.0,12,5,105,0.002175,0.5621,A,ABC_PARETO,sales_only_v1,draft
PPE - COLORED (GDR),1500.0,375000.0,510000.0,1,1,106,0.002167,0.564268,A,ABC_PARETO,sales_only_v1,draft
MECID 500MG,335.9437,372929.65,456368.55,26,14,107,0.002155,0.566423,A,ABC_PARETO,sales_only_v1,draft
IV CANNULA WITH INJECTION PORT LUER LOCK G24 0.7X19MM (CATHULA),156.18,367632.0,160256.4,11,4,108,0.002125,0.568548,A,ABC_PARETO,sales_only_v1,draft
IV CANNULA WITH WINGS LUER LOCK G18 1.5X38MM (CATHULA),166.2,365640.0,197596.0,10,5,109,0.002113,0.570661,A,ABC_PARETO,sales_only_v1,draft
UNDERPADS ANTIBACTERIAL X-LARGE (HEXACARE),3460.0,363418.98,367679.02,6,2,110,0.0021,0.572762,A,ABC_PARETO,sales_only_v1,draft
FACE MASK,5153.3443,362685.16,1707922.16,35,19,111,0.002096,0.574858,A,ABC_PARETO,sales_only_v1,draft
ISOLATION GOWN,3852.0,360760.0,1252308.6,9,5,112,0.002085,0.576943,A,ABC_PARETO,sales_only_v1,draft
SII-TO-VAC 0.5ML,650.0,357500.0,140750.0,2,2,113,0.002066,0.579009,A,ABC_PARETO,sales_only_v1,draft
CUROXIM 750MG WITH DILUENT,13200.0,356400.0,294360.0,9,2,114,0.00206,0.581069,A,ABC_PARETO,sales_only_v1,draft
SANOMAX - FA,633.0,354480.0,230819.34,97,32,115,0.002049,0.583118,A,ABC_PARETO,sales_only_v1,draft
BICARBISAPH 84MG/ML,62.0,351900.0,61900.0,3,3,116,0.002034,0.585152,A,ABC_PARETO,sales_only_v1,draft
CORPILYN 500MG,25770.0,348777.0,238836.5,31,13,117,0.002016,0.587167,A,ABC_PARETO,sales_only_v1,draft
CHROMOGENIC ENZYME SUBSTRATE TEST (COLIKAT RAPID),12.0,345600.0,138790.0,4,3,118,0.001997,0.589165,A,ABC_PARETO,sales_only_v1,draft
MERAZOL-40 40MG,1651.0,330200.0,291306.0,7,5,119,0.001908,0.591073,A,ABC_PARETO,sales_only_v1,draft
BUNNY SUIT MICROFIBER,1200.0,330000.0,268200.0,2,2,120,0.001907,0.592981,A,ABC_PARETO,sales_only_v1,draft
D5W 250ML (EUROMED),3000.0,330000.0,330000.0,1,1,121,0.001907,0.594888,A,ABC_PARETO,sales_only_v1,draft
ENOX 6000 ANTI-XA IU/0.6ML (KULANIMA HAZIR ENJEKTOR) STERIL - ENOKSAPARIN SODIUM,800.0,328000.0,655760.0,4,3,122,0.001896,0.596784,A,ABC_PARETO,sales_only_v1,draft
K-LYTE 600MG TABLET,290.0,324800.0,44950.0,4,1,123,0.001877,0.598661,A,ABC_PARETO,sales_only_v1,draft
PHIZOLIN 1G,1798.0,322172.5,326952.5,13,8,124,0.001862,0.600523,A,ABC_PARETO,sales_only_v1,draft
HBW SCISSORS,44.7286,320256.48,-177822.2,9,7,125,0.001851,0.602374,A,ABC_PARETO,sales_only_v1,draft
ENOCEE 500MG,1466.4684,317648.96,534128.0,60,21,126,0.001836,0.60421,A,ABC_PARETO,sales_only_v1,draft
ENHAMOX 500MG/125MG,264.8912,317085.95,536001.66,70,6,127,0.001833,0.606042,A,ABC_PARETO,sales_only_v1,draft
DISPOSABLE DIAPER ADULT XL (HEXACARE),1554.0,315546.26,58029.74,7,5,128,0.001824,0.607866,A,ABC_PARETO,sales_only_v1,draft
JAGA 300MG/100MG/100MCG,589.44,312403.2,557607.8,162,34,129,0.001806,0.609672,A,ABC_PARETO,sales_only_v1,draft
RENITE XL,1000.0,308000.0,308470.0,3,2,130,0.00178,0.611452,A,ABC_PARETO,sales_only_v1,draft
TRIZEF 100MG,222.0,303163.8,805436.2,56,26,131,0.001752,0.613204,A,ABC_PARETO,sales_only_v1,draft
X-RAY FILM 14X14 (FUJI),10.2309,299494.58,-79023.55,4,1,132,0.001731,0.614935,A,ABC_PARETO,sales_only_v1,draft
SPASBASCINE,1584.0,295090.0,710035.0,28,19,133,0.001706,0.61664,A,ABC_PARETO,sales_only_v1,draft
RELAXSAPH 500MCG+2.5MG/2.5ML,428.4946,294261.92,177644.46,6,4,134,0.001701,0.618341,A,ABC_PARETO,sales_only_v1,draft
IV CANNULA WITH WINGS LUER LOCK G22 .8X25MM (CATHULA),132.2,290840.0,155996.0,8,3,135,0.001681,0.620022,A,ABC_PARETO,sales_only_v1,draft
HEPABIG 100I.U/0.5ML IV,100.0,290000.0,67300.0,3,2,136,0.001676,0.621698,A,ABC_PARETO,sales_only_v1,draft
AMCETAM 150MG/2ML,566.3293,288944.98,538645.51,22,11,137,0.00167,0.623368,A,ABC_PARETO,sales_only_v1,draft
GLOVES BLUE VINYL/NITRILE BLEND (LARGE),1130.0,287760.0,441754.27,12,8,138,0.001663,0.625031,A,ABC_PARETO,sales_only_v1,draft
CIUMADE,629.0,283050.0,165159.61,107,33,139,0.001636,0.626667,A,ABC_PARETO,sales_only_v1,draft
ZINACARE 750MG WITH DILUENT,10495.126,278652.29,836290.33,14,10,140,0.001611,0.628278,A,ABC_PARETO,sales_only_v1,draft
GLOVES BLUE VINYL/NITRILE BLEND (SMALL),1090.0,276900.0,527025.12,13,7,141,0.0016,0.629878,A,ABC_PARETO,sales_only_v1,draft
OLXARIN 6000IU/0.6ML 60MG/0.6ML,355.0,276900.0,463104.5,2,1,142,0.0016,0.631479,A,ABC_PARETO,sales_only_v1,draft
PHYTOBAS 10MG/ML IV,1031.4749,276433.47,809587.21,65,18,143,0.001598,0.633076,A,ABC_PARETO,sales_only_v1,draft
DEXAMAX 4MG/ML (8MG/2ML) 2ML,219.1108,276084.52,305259.88,35,18,144,0.001596,0.634672,A,ABC_PARETO,sales_only_v1,draft
XRAY FILM 11X14 (FUJI),7.3872,272848.29,-73355.74,5,1,145,0.001577,0.636249,A,ABC_PARETO,sales_only_v1,draft
PPE WHITE W/ BLUE STRIPES - M/L/XL,705.0,272100.0,432435.6,2,2,146,0.001573,0.637822,A,ABC_PARETO,sales_only_v1,draft
BENERVA FORTE CAP,517.6,271740.0,319398.2,54,25,147,0.001571,0.639392,A,ABC_PARETO,sales_only_v1,draft
TRIVASC 35MG,589.337,269077.75,416445.16,51,16,148,0.001555,0.640947,A,ABC_PARETO,sales_only_v1,draft
X-RAY FIXER: POWDER MANUAL FUJI,16.378,268954.62,-80441.44,5,1,149,0.001554,0.642502,A,ABC_PARETO,sales_only_v1,draft
OMCARE 40MG WITH DILUENT,8050.0,265650.0,129104.5,7,3,150,0.001535,0.644037,A,ABC_PARETO,sales_only_v1,draft
ENOX 4000 ANTI-XA IU/0.4ML (KULANIMA HAZIR ENJEKTOR) STERIL - ENOKSAPARIN SODIUM,840.0,260400.0,910250.0,4,4,151,0.001505,0.645542,A,ABC_PARETO,sales_only_v1,draft
CIXTOR-Z 500MG,1215.0768,257813.81,635401.92,134,35,152,0.00149,0.647032,A,ABC_PARETO,sales_only_v1,draft
MAXXIVIT PLUS,453.97,254223.2,185311.58,67,17,153,0.001469,0.648502,A,ABC_PARETO,sales_only_v1,draft
SODAMPEN 1G IM/IV,5596.6683,254059.1,482129.13,39,21,154,0.001468,0.64997,A,ABC_PARETO,sales_only_v1,draft
LIFERZIN 250MG,814.5249,249533.6,244933.42,24,15,155,0.001442,0.651412,A,ABC_PARETO,sales_only_v1,draft
LUNCHEONMEAT - LIBERTY,166.67,233324.67,136675.33,1,1,156,0.001349,0.652761,A,ABC_PARETO,sales_only_v1,draft
SANOMAX-FA,416.0,232960.0,166059.36,66,21,157,0.001346,0.654107,A,ABC_PARETO,sales_only_v1,draft
LYSOL 340G,624.0,232758.0,198666.0,3,3,158,0.001345,0.655452,A,ABC_PARETO,sales_only_v1,draft
DANOXIME 750MG W/ DILUENT,1600.1691,232622.89,32658.56,3,1,159,0.001344,0.656797,A,ABC_PARETO,sales_only_v1,draft
OLXARIN 4000IU/0.4ML (40MG/0.4ML),375.0,232500.0,232290.0,3,2,160,0.001344,0.658141,A,ABC_PARETO,sales_only_v1,draft
OPTRYL EYE OINTMENT 0.5% 5G,2162.0,231334.0,332210.0,7,5,161,0.001337,0.659478,A,ABC_PARETO,sales_only_v1,draft
RAXIDINE 25MG/ML 2ML,810.8551,229720.88,539527.96,54,23,162,0.001328,0.660805,A,ABC_PARETO,sales_only_v1,draft
ATORSAPH 20MG TAB,2290.0,228805.0,249778.13,20,14,163,0.001322,0.662128,A,ABC_PARETO,sales_only_v1,draft
HYPHEN 50MG,745.5361,223790.73,412915.2,42,22,164,0.001293,0.663421,A,ABC_PARETO,sales_only_v1,draft
NINGBO DAVID STAND ALONE PHOTOTHERAPY,2.0,220000.0,224842.0,2,2,165,0.001272,0.664693,A,ABC_PARETO,sales_only_v1,draft
EMLOR PLUS 5MG/50MG,1017.0,219672.0,378989.5,132,24,166,0.00127,0.665962,A,ABC_PARETO,sales_only_v1,draft
CLOXANE 500MG,390.7188,219458.79,113715.21,18,7,167,0.001268,0.667231,A,ABC_PARETO,sales_only_v1,draft
AFENAX 100MG TAB,280.5836,217295.7,413883.01,87,25,168,0.001256,0.668487,A,ABC_PARETO,sales_only_v1,draft
MECLOP 5MG\ML,689.5539,215865.43,224414.51,37,23,169,0.001248,0.669734,A,ABC_PARETO,sales_only_v1,draft
DEXAMAX 4MG,897.8,214330.0,430282.6,17,10,170,0.001239,0.670973,A,ABC_PARETO,sales_only_v1,draft
EUROXONE 1G IV,1010.4445,213841.3,311163.98,28,17,171,0.001236,0.672209,A,ABC_PARETO,sales_only_v1,draft
SUCTION SET POOLE ABDOMINAL DRAIN - SIMPLEX,1200.0,213500.0,83100.0,6,5,172,0.001234,0.673443,A,ABC_PARETO,sales_only_v1,draft
BP APPARATUS ANEROID SPHYGMOMANOMETER (BAXTEL),86.1115,212965.21,41691.79,13,8,173,0.001231,0.674674,A,ABC_PARETO,sales_only_v1,draft
SITIXON 1G 10ML,3253.185,212807.41,214538.35,27,13,174,0.00123,0.675904,A,ABC_PARETO,sales_only_v1,draft
FERGLOBIN 250MG,654.6,212745.0,141032.51,103,32,175,0.00123,0.677133,A,ABC_PARETO,sales_only_v1,draft
URINE BAG 2000ML ADULT PIECE,11130.0,211600.0,105670.0,3,2,176,0.001223,0.678356,A,ABC_PARETO,sales_only_v1,draft
ERGON 125MCG,164.7462,210449.47,271950.08,58,25,177,0.001216,0.679573,A,ABC_PARETO,sales_only_v1,draft
TRIDEN 160MG TAB,292.0,210240.0,497324.0,88,25,178,0.001215,0.680788,A,ABC_PARETO,sales_only_v1,draft
XYNETRIX CHEWABLE TABLET,464.0,208800.0,126599.96,81,18,179,0.001207,0.681994,A,ABC_PARETO,sales_only_v1,draft
ALLECUR 10MG,408.1282,207311.82,447883.95,29,17,180,0.001198,0.683193,A,ABC_PARETO,sales_only_v1,draft
AMBILIN 500,865.5451,204824.08,421695.76,19,11,181,0.001184,0.684376,A,ABC_PARETO,sales_only_v1,draft
IV CANNULA WITHOUT INJECTION PORT LUER LOCK G26 0.6X19MM (CATHULA),88.22,204528.0,93655.6,6,4,182,0.001182,0.685559,A,ABC_PARETO,sales_only_v1,draft
LUPINSULIN R,440.0,204010.0,145415.5,6,5,183,0.001179,0.686738,A,ABC_PARETO,sales_only_v1,draft
DEHYDROSOL 250ML,259.7037,202768.48,158286.76,24,16,184,0.001172,0.68791,A,ABC_PARETO,sales_only_v1,draft
DESKTOP PCX LFH,5.0,201475.0,198500.0,1,1,185,0.001164,0.689074,A,ABC_PARETO,sales_only_v1,draft
BENERVA PLUS 500MG/50MG/100MG/100MCG,328.0,199770.0,293516.0,82,18,186,0.001155,0.690229,A,ABC_PARETO,sales_only_v1,draft
AHBAY-TOX 40IU/0.5ML IM,264.5117,197986.94,112603.04,9,5,187,0.001144,0.691373,A,ABC_PARETO,sales_only_v1,draft
BCG VACCINE 500MG/ML+1ML DILUENT IN AMPULE,6.68,197060.0,176926.0,2,1,188,0.001139,0.692512,A,ABC_PARETO,sales_only_v1,draft
METMIC 500MG,193.5315,197025.4,184718.49,83,30,189,0.001139,0.693651,A,ABC_PARETO,sales_only_v1,draft
ANMUM MATERNA PLAIN 180G,1000.0,196750.0,82250.0,1,1,190,0.001137,0.694788,A,ABC_PARETO,sales_only_v1,draft
NAXCIL-600 600MG,1060.0,196100.0,167710.8,4,4,191,0.001133,0.695921,A,ABC_PARETO,sales_only_v1,draft
DIUFED 10MG/ML (20MG/2ML) 2ML,4053.0,194544.0,140782.1,10,5,192,0.001124,0.697045,A,ABC_PARETO,sales_only_v1,draft
AMCETAM 150MG/ML 2ML,1944.301,192198.14,151361.23,25,14,193,0.001111,0.698156,A,ABC_PARETO,sales_only_v1,draft
MUCORIGHT 600MG,220.5922,191206.53,61758.33,8,3,194,0.001105,0.699261,A,ABC_PARETO,sales_only_v1,draft
ATOVAS 20MG,1045.726,191155.74,587065.74,40,20,195,0.001105,0.700366,A,ABC_PARETO,sales_only_v1,draft
EROXIME 750MG IV,242.4202,190937.47,443537.57,49,22,196,0.001104,0.70147,A,ABC_PARETO,sales_only_v1,draft
FERGLOBIN 250MG CAP,567.0,184275.0,119440.49,87,25,197,0.001065,0.702535,A,ABC_PARETO,sales_only_v1,draft
"EPOKINE 10,000IU/1ML",100.0,182000.0,384500.0,1,1,198,0.001052,0.703587,A,ABC_PARETO,sales_only_v1,draft
CIUMADE TAB,402.0,180900.0,164578.27,86,22,199,0.001046,0.704632,A,ABC_PARETO,sales_only_v1,draft
RIBER 500 MG TABLET,2005.0,180450.0,179878.8,7,4,200,0.001043,0.705675,A,ABC_PARETO,sales_only_v1,draft
ELECTAB 600MG,493.33,180066.67,20800.83,5,2,201,0.001041,0.706716,A,ABC_PARETO,sales_only_v1,draft
SYVIR 200MG,25.0,180000.0,190000.0,1,1,202,0.00104,0.707756,A,ABC_PARETO,sales_only_v1,draft
SHARJVAX 3000 I.U. / 0.95ML,150.0,180000.0,247500.0,1,1,203,0.00104,0.708797,A,ABC_PARETO,sales_only_v1,draft
DALINC 150MG/ML (600MG/4ML) 4ML,720.0,180000.0,250992.0,4,2,204,0.00104,0.709837,A,ABC_PARETO,sales_only_v1,draft
CORPILYN 250MG,15220.0,179596.0,220279.1,13,6,205,0.001038,0.710875,A,ABC_PARETO,sales_only_v1,draft
JAGA 300MG/100MG/100MCG CAP,338.0,179140.0,285262.5,127,25,206,0.001035,0.71191,A,ABC_PARETO,sales_only_v1,draft
ZELEX 200MG CAP,193.0,178525.0,334725.0,70,24,207,0.001032,0.712942,A,ABC_PARETO,sales_only_v1,draft
AMTRIX WITH DILUENT 1G,6850.0,178100.0,169195.0,3,2,208,0.001029,0.713971,A,ABC_PARETO,sales_only_v1,draft
GREEN CROSS ALCOHOL 500ML,2387.0,177698.79,88638.21,6,3,209,0.001027,0.714998,A,ABC_PARETO,sales_only_v1,draft
CLOVAS 75MG,508.7873,177542.19,447983.82,29,19,210,0.001026,0.716025,A,ABC_PARETO,sales_only_v1,draft
AFENAX 100MG,296.46,176393.7,355099.5,78,31,211,0.001019,0.717044,A,ABC_PARETO,sales_only_v1,draft
NITRILE EXAMINATION GLOVES LARGE,705.0,176250.0,168350.0,5,3,212,0.001019,0.718063,A,ABC_PARETO,sales_only_v1,draft
LAZICARE 10MG/ML (20MG/2ML) 2ML,3186.0,175080.0,98450.0,15,7,213,0.001012,0.719075,A,ABC_PARETO,sales_only_v1,draft
AEROVENT 1MG/ML,678.34,173033.34,148941.66,12,10,214,0.001,0.720075,A,ABC_PARETO,sales_only_v1,draft
BLOOD GLUCOSE TEST STRIPS (EASYTOUCH),217.0,172450.0,22289.0,2,2,215,0.000997,0.721071,A,ABC_PARETO,sales_only_v1,draft
PHYTOMEN 10MG/ML IV,394.3314,171994.68,330773.77,33,16,216,0.000994,0.722066,A,ABC_PARETO,sales_only_v1,draft
DULXATIVE 10MG,472.0,171336.0,139684.0,10,5,217,0.00099,0.723056,A,ABC_PARETO,sales_only_v1,draft
GITOR-40 40MG,195.0,170625.0,528975.0,9,9,218,0.000986,0.724042,A,ABC_PARETO,sales_only_v1,draft
EQUIRAB 200IU/ML (1000IU/5ML) 5ML,100.0,170000.0,49500.0,1,1,219,0.000983,0.725024,A,ABC_PARETO,sales_only_v1,draft
LINDELL 50MG/ML (5%),600.0,169800.0,100.0,2,1,220,0.000981,0.726006,A,ABC_PARETO,sales_only_v1,draft
SOLUTION FOR IV INFUSION LACTATED RINGERS SOLUTION,240.0,168000.0,151440.0,1,1,221,0.000971,0.726977,A,ABC_PARETO,sales_only_v1,draft
POVIDONE IODINE 10% 120ML (ZETADONE),2400.0,168000.0,28800.0,1,1,222,0.000971,0.727948,A,ABC_PARETO,sales_only_v1,draft
ECG MACHINE 3 CHANNEL (MEDX),3.0,165000.0,131100.0,2,2,223,0.000954,0.728901,A,ABC_PARETO,sales_only_v1,draft
CLINDATEC 150MG/ML (300MG/2ML) 2ML,3000.0,165000.0,96960.0,1,1,224,0.000954,0.729855,A,ABC_PARETO,sales_only_v1,draft
VELON 6.25MG,2290.13,164890.08,252073.08,15,7,225,0.000953,0.730808,A,ABC_PARETO,sales_only_v1,draft
RECORMON 5000IU/0.3ML,20.0,164500.0,75500.0,1,1,226,0.000951,0.731759,A,ABC_PARETO,sales_only_v1,draft
IMATET 40IU/0.5ML,293.6,163604.0,192553.2,10,8,227,0.000946,0.732704,A,ABC_PARETO,sales_only_v1,draft
DIFLOSID 75MG/3ML,586.3338,162890.78,215472.02,29,20,228,0.000941,0.733646,A,ABC_PARETO,sales_only_v1,draft
PHOTOCOPIER (TASKALFA 32121),1.0,160020.0,88980.0,1,1,229,0.000925,0.734571,A,ABC_PARETO,sales_only_v1,draft
PPE - ALCOLUXX,1000.0,160000.0,490000.0,1,1,230,0.000925,0.735495,A,ABC_PARETO,sales_only_v1,draft
EMZART-80 80MG,605.0,159720.0,361298.0,65,23,231,0.000923,0.736419,A,ABC_PARETO,sales_only_v1,draft
APCELAC 500MG HERBAL FOOD SUPPLEMENT,397.6,159040.0,102725.2,45,26,232,0.000919,0.737338,A,ABC_PARETO,sales_only_v1,draft
SPASMOCIN 20MG/1ML AMP,1059.0,158850.0,201210.0,5,4,233,0.000918,0.738256,A,ABC_PARETO,sales_only_v1,draft
LED LAMP,100.6029,158253.22,66039.53,4,2,234,0.000915,0.739171,A,ABC_PARETO,sales_only_v1,draft
IRBIN 150MG,713.0,156448.65,503775.79,49,24,235,0.000904,0.740075,A,ABC_PARETO,sales_only_v1,draft
"SONOTRAX BASIC A, ULTRASOUND POCKET DOPPLER",12.0,156000.0,664850.0,3,2,236,0.000902,0.740976,A,ABC_PARETO,sales_only_v1,draft
MINOR SURGERY SET 37'S (OLTEN),10.0,155070.0,154930.0,1,1,237,0.000896,0.741873,A,ABC_PARETO,sales_only_v1,draft
PORFEVER 150MG/ML (300MG/2ML) 2ML,1439.0353,152389.12,44234.33,12,5,238,0.000881,0.742753,A,ABC_PARETO,sales_only_v1,draft
BIO TT 40IU,223.5,151460.0,117534.15,10,6,239,0.000875,0.743629,A,ABC_PARETO,sales_only_v1,draft
VICRYL 1-0 ROUND NEEDLE ETHICON,32.0,150528.0,44982.0,2,2,240,0.00087,0.744499,A,ABC_PARETO,sales_only_v1,draft
COVID-19 AG STANDARD Q BIOSENSOR TEST KIT,10.0,150000.0,12500.0,1,1,241,0.000867,0.745366,A,ABC_PARETO,sales_only_v1,draft
BLOOD PRESSURE W/WHEELS / ROLL BY - BAXTEL SPHYGMOMANOMETER,20.0,150000.0,90100.0,1,1,242,0.000867,0.746233,A,ABC_PARETO,sales_only_v1,draft
CHLORINE - SUPER CHLOR,13.6223,149023.18,95350.26,5,5,243,0.000861,0.747094,A,ABC_PARETO,sales_only_v1,draft
BLESOFOXITIN 1G IV,1150.0,148450.0,120620.0,6,6,244,0.000858,0.747952,A,ABC_PARETO,sales_only_v1,draft
MUCOLIFAR 500MG,164.0,147760.0,410040.0,62,25,245,0.000854,0.748806,A,ABC_PARETO,sales_only_v1,draft
MATTRESS 2X36X75,200.1659,147392.05,268735.05,2,2,246,0.000852,0.749658,A,ABC_PARETO,sales_only_v1,draft
SOLVAPRINE 10MG,990.5,147383.0,515991.55,110,34,247,0.000852,0.75051,A,ABC_PARETO,sales_only_v1,draft
BIOLAC 3.33G/5ML,1400.0,147000.0,22582.0,7,3,248,0.00085,0.751359,A,ABC_PARETO,sales_only_v1,draft
BIOGIC 100MG DROPS,914.2877,146725.98,172971.88,19,13,249,0.000848,0.752207,A,ABC_PARETO,sales_only_v1,draft
HAIXONNE 1G POWDER,4080.0,145880.0,245740.0,3,3,250,0.000843,0.75305,A,ABC_PARETO,sales_only_v1,draft
FLUCYSTEINE 200MG 30'S,318.5188,145325.83,95285.76,11,5,251,0.00084,0.75389,A,ABC_PARETO,sales_only_v1,draft
ALCOHOL - VELVETCARE ISOPROPYL 70%,480.0,144000.0,240000.0,1,1,252,0.000832,0.754723,A,ABC_PARETO,sales_only_v1,draft
AGYNAPIN 1MG/ML,239.0,143400.0,83152.1,2,1,253,0.000829,0.755551,A,ABC_PARETO,sales_only_v1,draft
CENDALEX 500MG,498.0,143175.0,380170.0,107,25,254,0.000828,0.756379,A,ABC_PARETO,sales_only_v1,draft
CLINDASAPH 600 150MG/ML (600MG/4ML) 4ML,220.0,142780.0,120604.0,2,1,255,0.000825,0.757204,A,ABC_PARETO,sales_only_v1,draft
MUCOLIFAR 500MG TAB,125.1777,142060.25,275556.03,52,18,256,0.000821,0.758025,A,ABC_PARETO,sales_only_v1,draft
ENCLOXIL 500MG,174.05,140015.0,104290.26,33,20,257,0.000809,0.758834,A,ABC_PARETO,sales_only_v1,draft
AMINOSOL 25MG/ML,786.0,136716.8,141477.2,31,20,258,0.00079,0.759625,A,ABC_PARETO,sales_only_v1,draft
IVERMECTIN15MG DR ZENS,52.8,135459.0,57100.0,19,12,259,0.000783,0.760407,A,ABC_PARETO,sales_only_v1,draft
VICRYL 4-0 CUTTING,30.0,135000.0,15150.0,1,1,260,0.00078,0.761188,A,ABC_PARETO,sales_only_v1,draft
GEMICEF 750MG VIAL W/ DILUENT,3540.0,134520.0,99200.0,3,3,261,0.000777,0.761965,A,ABC_PARETO,sales_only_v1,draft
BENERVA FORTE 300MG/100MG/100MCG,256.0,134400.0,167060.5,47,14,262,0.000777,0.762742,A,ABC_PARETO,sales_only_v1,draft
ENDOPROST 125MCG/ML,123.1236,133527.78,130747.7,23,6,263,0.000772,0.763514,A,ABC_PARETO,sales_only_v1,draft
CIPROGYL 2MG/ML (200MG/100ML),5080.0,132080.0,56307.2,9,5,264,0.000763,0.764277,A,ABC_PARETO,sales_only_v1,draft
ACIFOX 1G,107.0,131870.0,140098.0,7,7,265,0.000762,0.765039,A,ABC_PARETO,sales_only_v1,draft
LOSAAR 100MG,517.0,129250.0,356030.0,14,8,266,0.000747,0.765786,A,ABC_PARETO,sales_only_v1,draft
DOPAMET 250MG,662.5,129187.5,183125.0,28,14,267,0.000747,0.766533,A,ABC_PARETO,sales_only_v1,draft
GLOVES STERILE LATEX (6.5) SURE-GUARD,170.0,129000.0,76240.0,5,4,268,0.000746,0.767279,A,ABC_PARETO,sales_only_v1,draft
TOSYLAM 750MG TAB,91.0,128435.0,209952.5,26,14,269,0.000742,0.768021,A,ABC_PARETO,sales_only_v1,draft
BP APPARATUS STAND TYPE,3.54,127943.82,108193.57,4,2,270,0.000739,0.76876,A,ABC_PARETO,sales_only_v1,draft
DIGITAL THERMOMETER - ADVAN,2056.0,127048.0,360872.0,14,11,271,0.000734,0.769495,A,ABC_PARETO,sales_only_v1,draft
CARDOWIN 1MG/ML 10ML,1410.0,126900.0,106223.4,5,3,272,0.000733,0.770228,A,ABC_PARETO,sales_only_v1,draft
PULSE OXIMTER ADULT (CHOICEMMED),108.0,126480.0,284886.0,4,4,273,0.000731,0.770959,A,ABC_PARETO,sales_only_v1,draft
DOPABAS 40MG/ML,301.0,126420.0,504462.0,2,2,274,0.000731,0.77169,A,ABC_PARETO,sales_only_v1,draft
DEXAMAK 4MG/ML (8MG/2ML),331.0,126020.0,145500.36,10,7,275,0.000728,0.772418,A,ABC_PARETO,sales_only_v1,draft
TAZACIN 4G/500MG IV,840.0844,124924.78,470459.45,16,14,276,0.000722,0.77314,A,ABC_PARETO,sales_only_v1,draft
DALAMYCIN 150 MG,115.0,124583.0,383552.9,9,7,277,0.00072,0.77386,A,ABC_PARETO,sales_only_v1,draft
AMINOSTERIL INFANT 6% 100ML,250.0,123200.0,34447.5,2,1,278,0.000712,0.774572,A,ABC_PARETO,sales_only_v1,draft
TRAXAN 100MG,611.0,122200.0,251225.0,20,9,279,0.000706,0.775278,A,ABC_PARETO,sales_only_v1,draft
INSULIN SYRINGE WITH NEEDLE 1/2CC 29GX1/2 (TERUMO),162.0,121500.0,72414.0,7,4,280,0.000702,0.775981,A,ABC_PARETO,sales_only_v1,draft
FENTIN 10MG/ML,135.0,121350.0,57970.0,6,4,281,0.000701,0.776682,A,ABC_PARETO,sales_only_v1,draft
APCELAC 500MG,302.6,121040.0,79795.0,41,17,282,0.0007,0.777382,A,ABC_PARETO,sales_only_v1,draft
SURGICAL GLOVES 7.5 INDOPLAS,160.0,120000.0,100340.0,5,3,283,0.000694,0.778075,A,ABC_PARETO,sales_only_v1,draft
GLOVES MEDIUM LATEX NONSTERILE (SURGITECH),600.0,120000.0,49200.0,4,2,284,0.000694,0.778769,A,ABC_PARETO,sales_only_v1,draft
AMBIDOL 50MG/ML (100MG/2ML),554.8758,119981.21,366980.3,58,31,285,0.000693,0.779462,A,ABC_PARETO,sales_only_v1,draft
ZILTEM 25MG,78.0,119599.9,196805.1,23,13,286,0.000691,0.780153,A,ABC_PARETO,sales_only_v1,draft
ANEROCIN 300MG,122.0,119438.0,265017.5,44,27,287,0.00069,0.780844,A,ABC_PARETO,sales_only_v1,draft
AIDEX 5LITRES,89.0,119220.0,153560.0,8,4,288,0.000689,0.781533,A,ABC_PARETO,sales_only_v1,draft
ANMUM MATERNA PLAIN 180G X 24,624.0,119184.0,55224.0,1,1,289,0.000689,0.782222,A,ABC_PARETO,sales_only_v1,draft
RUCEF,103.0,118443.2,152575.03,12,11,290,0.000685,0.782906,A,ABC_PARETO,sales_only_v1,draft
TRIZEF 200MG TAB,74.0,118400.0,563506.25,38,22,291,0.000684,0.78359,A,ABC_PARETO,sales_only_v1,draft
OMEFREE,2510.0,117970.0,208530.0,3,3,292,0.000682,0.784272,A,ABC_PARETO,sales_only_v1,draft
SPASBASCINE 20MG/ML,537.1381,117837.5,88695.22,15,12,293,0.000681,0.784953,A,ABC_PARETO,sales_only_v1,draft
GLOVES STERILE LATEX (7.5) SURE-GUARD,147.0,117600.0,72972.0,7,5,294,0.00068,0.785633,A,ABC_PARETO,sales_only_v1,draft
BP APPARATUS STAND TYPE JAPAN,4.3959,116712.06,73106.07,3,3,295,0.000675,0.786308,A,ABC_PARETO,sales_only_v1,draft
SOLVAPRINE 10MG TAB,774.5,116175.0,447057.29,84,20,296,0.000671,0.786979,A,ABC_PARETO,sales_only_v1,draft
TRANSPORE 1 ICNH 3M CLEAR,150.0,115500.0,14150.0,4,4,297,0.000668,0.787647,A,ABC_PARETO,sales_only_v1,draft
FOLACID 5MG,442.1826,115334.39,127444.43,106,39,298,0.000667,0.788313,A,ABC_PARETO,sales_only_v1,draft
AZCORE 500MG TAB,348.3949,115225.28,301951.15,25,15,299,0.000666,0.788979,A,ABC_PARETO,sales_only_v1,draft
LYCORTIS 100MG,214.0,113206.0,41026.0,6,4,300,0.000654,0.789633,A,ABC_PARETO,sales_only_v1,draft
BENERVA PLUS TAB,201.1365,112341.4,133062.8,39,24,301,0.000649,0.790283,A,ABC_PARETO,sales_only_v1,draft
EPIX 1MG/ML IV,616.1346,111774.75,328743.67,45,22,302,0.000646,0.790929,A,ABC_PARETO,sales_only_v1,draft
MERGOT 125MCG,104.2639,111519.27,176806.01,40,14,303,0.000645,0.791573,A,ABC_PARETO,sales_only_v1,draft
CLOVAS 75MG TAB,305.0,110772.6,311735.4,15,11,304,0.00064,0.792214,A,ABC_PARETO,sales_only_v1,draft
STOPPER HEPLOCK -FIRST AID,201.0,110550.0,103450.0,2,2,305,0.000639,0.792852,A,ABC_PARETO,sales_only_v1,draft
MUPIDERM,1425.0,110291.38,146252.92,10,7,306,0.000637,0.79349,A,ABC_PARETO,sales_only_v1,draft
NOVASARTAN 50MG,2000.0,110000.0,700000.0,2,2,307,0.000636,0.794126,A,ABC_PARETO,sales_only_v1,draft
AMLOTHIN 10MG TAB,65.3851,109379.65,63854.09,6,1,308,0.000632,0.794758,A,ABC_PARETO,sales_only_v1,draft
BABY WASH 100ML (JOHNSON),585.2446,109243.5,46788.84,21,14,309,0.000631,0.795389,A,ABC_PARETO,sales_only_v1,draft
CEPROTRON 500MG,197.0,108350.0,246125.0,61,20,310,0.000626,0.796015,A,ABC_PARETO,sales_only_v1,draft
FIRSTMED VITAMIN B COMPLEX 100MG/5MG/50MCG,1269.0,107865.0,112096.0,10,5,311,0.000623,0.796639,A,ABC_PARETO,sales_only_v1,draft
SAMPLE VESSELS 120ML WITH SODIUM THIOSULFATE,11.0,107800.0,89340.0,3,3,312,0.000623,0.797262,A,ABC_PARETO,sales_only_v1,draft
DANOXIME 750MG,3525.0,107512.5,679167.5,9,7,313,0.000621,0.797883,A,ABC_PARETO,sales_only_v1,draft
TRIZINE SYRUP,534.0,105420.0,61470.0,13,8,314,0.000609,0.798493,A,ABC_PARETO,sales_only_v1,draft
HYOSAPH 20MG/ML,615.0,104550.0,105062.5,3,2,315,0.000604,0.799097,A,ABC_PARETO,sales_only_v1,draft
"MAIN BOARD; PN,02,03203119014",2.0,104000.0,78000.0,2,2,316,0.000601,0.799698,A,ABC_PARETO,sales_only_v1,draft
EMZART-40 40MG,665.0,103740.0,238274.3,64,22,317,0.0006,0.800298,B,ABC_PARETO,sales_only_v1,draft
ZELEX 200MG,133.0,103600.0,210470.0,47,21,318,0.000599,0.800896,B,ABC_PARETO,sales_only_v1,draft
RESPI-SAPH 250MCG/ML (500MCG/2ML) 2ML,96.2672,102919.3,188005.3,13,10,319,0.000595,0.801491,B,ABC_PARETO,sales_only_v1,draft
SQCEF 250MG/5ML,703.1157,101790.86,64401.88,8,7,320,0.000588,0.802079,B,ABC_PARETO,sales_only_v1,draft
GLOVES BLUE VINYL/NITRILE BLEND (XL),362.0,101360.0,132333.12,4,3,321,0.000586,0.802665,B,ABC_PARETO,sales_only_v1,draft
POVIDONE IODINE 75MG/ML (7.5% W/V) 120ML (ZETADONE),1440.0,100800.0,71784.0,1,1,322,0.000583,0.803248,B,ABC_PARETO,sales_only_v1,draft
UNDERPADS ANTIBACTERIAL LARGE (HEXACARE),964.0,100725.0,101533.0,14,9,323,0.000582,0.80383,B,ABC_PARETO,sales_only_v1,draft
XRAY FILM 14X17 (FUJI),17.1971,100108.46,37280.73,7,3,324,0.000579,0.804409,B,ABC_PARETO,sales_only_v1,draft
GLOVES MEDIUM VINYL NONSTERILE (SUREGUARD),500.0,100000.0,95000.0,1,1,325,0.000578,0.804987,B,ABC_PARETO,sales_only_v1,draft
ACER ASPIRE DESKTOP TC1650,2.0,99980.0,33109.98,1,1,326,0.000578,0.805564,B,ABC_PARETO,sales_only_v1,draft
NOPHLEGM 200MG,620.0,99200.0,18600.0,3,3,327,0.000573,0.806138,B,ABC_PARETO,sales_only_v1,draft
DROPLIGHT GOOSE NECK EXAMINATION LAMP,39.0,97500.0,97305.0,1,1,328,0.000564,0.806701,B,ABC_PARETO,sales_only_v1,draft
EQUIRAB,55.0,96250.0,96250.0,2,1,329,0.000556,0.807258,B,ABC_PARETO,sales_only_v1,draft
ENERFLOW 325MG/100MG,600.0,96000.0,-6000.0,1,1,330,0.000555,0.807812,B,ABC_PARETO,sales_only_v1,draft
REPAIRS - HEALFORCE TOPLED 8060,1.0,92900.0,54375.0,1,1,331,0.000537,0.808349,B,ABC_PARETO,sales_only_v1,draft
CORBAL 100MG,442.0,92820.0,410700.0,32,20,332,0.000536,0.808886,B,ABC_PARETO,sales_only_v1,draft
RYTHMA 50MG/ML,53.33,92593.33,84654.69,7,5,333,0.000535,0.809421,B,ABC_PARETO,sales_only_v1,draft
GAUZE PAD STERILE 4X4-8PLY 28X24 MESH (INDOPLAS),384.0,92160.0,32640.0,4,2,334,0.000533,0.809954,B,ABC_PARETO,sales_only_v1,draft
CANDIVA EAR DROPS 15ML,200.0,91820.0,28180.0,1,1,335,0.000531,0.810484,B,ABC_PARETO,sales_only_v1,draft
KING CUP SARDINES,6000.0,91200.0,49800.0,1,1,336,0.000527,0.811011,B,ABC_PARETO,sales_only_v1,draft
GLOVES MEDIUM LATEX NONSTERILE (INDOPLAS),373.2806,90947.13,36144.92,9,6,337,0.000526,0.811537,B,ABC_PARETO,sales_only_v1,draft
ISOLATION GOWN - RHYCOM,1500.0,90000.0,180000.0,1,1,338,0.00052,0.812057,B,ABC_PARETO,sales_only_v1,draft
ECG MACHINE THREE CHANNEL WILCARE,2.0,90000.0,49900.0,1,1,339,0.00052,0.812577,B,ABC_PARETO,sales_only_v1,draft
HIVENT 1MG/2.5ML,310.68,89162.22,85461.45,23,16,340,0.000515,0.813093,B,ABC_PARETO,sales_only_v1,draft
HYCLENS GARGLE (60ML),1367.0,88855.0,73286.14,63,28,341,0.000514,0.813606,B,ABC_PARETO,sales_only_v1,draft
DIANAPRIL-5,410.0,88150.0,89310.0,2,1,342,0.000509,0.814116,B,ABC_PARETO,sales_only_v1,draft
SPEEDA,111.0,88030.0,120568.97,3,3,343,0.000509,0.814624,B,ABC_PARETO,sales_only_v1,draft
ISOPROPHYL ALCOHOL 70% GALLON (DR.J),190.0,87780.0,51060.0,3,2,344,0.000507,0.815132,B,ABC_PARETO,sales_only_v1,draft
ACEFLO 250MCG/1000UNITS/3.5MG 5ML,250.0,87000.0,23000.0,1,1,345,0.000503,0.815635,B,ABC_PARETO,sales_only_v1,draft
ABDOMINAL BINDER,715.0,86650.0,78150.0,5,5,346,0.000501,0.816135,B,ABC_PARETO,sales_only_v1,draft
HEPA B CASSETTE - RIGHT SIGN,64.0,86400.0,52520.0,2,2,347,0.000499,0.816635,B,ABC_PARETO,sales_only_v1,draft
FERN-D 120'S,126.0,85680.0,225796.0,3,3,348,0.000495,0.81713,B,ABC_PARETO,sales_only_v1,draft
ANMUM MATERNA CHOCO 180G X 24,447.0,85377.0,39559.5,1,1,349,0.000493,0.817623,B,ABC_PARETO,sales_only_v1,draft
GENTAM 40MG/ML (80MG/2ML) 2ML,453.1241,85140.46,68984.11,24,8,350,0.000492,0.818116,B,ABC_PARETO,sales_only_v1,draft
LACTAMOX 250MG/62.5MG/5ML,656.0,85083.2,156880.8,33,18,351,0.000492,0.818607,B,ABC_PARETO,sales_only_v1,draft
HYCLENS SKIN CLEANSER 4G/100ML 60ML,750.0,85050.0,120981.6,2,2,352,0.000492,0.819099,B,ABC_PARETO,sales_only_v1,draft
ACTEINSAPH-600 600MG,314.0,84780.0,99811.0,13,10,353,0.00049,0.819589,B,ABC_PARETO,sales_only_v1,draft
ACIPRO 2MG,3343.0,84598.0,376220.6,12,8,354,0.000489,0.820078,B,ABC_PARETO,sales_only_v1,draft
BOUFFANT CAP,564.5,84404.0,73905.2,20,13,355,0.000488,0.820566,B,ABC_PARETO,sales_only_v1,draft
BLOOD CHOLESTEROL TEST STRIPS (EASYTOUCH),67.0,84098.0,30101.0,2,2,356,0.000486,0.821052,B,ABC_PARETO,sales_only_v1,draft
AMBICAL-PLUS 500MG/200IU,561.0,83869.5,70405.5,1,1,357,0.000485,0.821536,B,ABC_PARETO,sales_only_v1,draft
OPTRYL 5MG/G (0.5%) 5G,629.0,83607.5,82224.4,18,12,358,0.000483,0.82202,B,ABC_PARETO,sales_only_v1,draft
VIENA SAUSAGE 260GMS,2000.0,83500.0,26300.0,1,1,359,0.000483,0.822502,B,ABC_PARETO,sales_only_v1,draft
BACTIV 625MG,318.67,82815.96,84876.69,13,11,360,0.000479,0.822981,B,ABC_PARETO,sales_only_v1,draft
FOLACID 5MG CAP,350.0,82687.5,84045.94,48,18,361,0.000478,0.823459,B,ABC_PARETO,sales_only_v1,draft
HIVENT PLUS 500MCG+2.5MG/2.5ML,242.66,82630.0,137283.75,21,14,362,0.000478,0.823936,B,ABC_PARETO,sales_only_v1,draft
SURGICAL GLOVES 7.0 INDOPLAS,110.0,82500.0,69010.0,4,3,363,0.000477,0.824413,B,ABC_PARETO,sales_only_v1,draft
CETHERGO 200MCG/ML IV,55.9447,81458.82,151591.34,39,19,364,0.000471,0.824884,B,ABC_PARETO,sales_only_v1,draft
CAMERA WITH SD CARD AND LENS EOS RP RF24-105MM PRO (CANON),1.0,80897.0,43103.0,1,1,365,0.000468,0.825352,B,ABC_PARETO,sales_only_v1,draft
OLXARIN 4000IU/0.4ML 40MG/0.4ML,183.0,80520.0,322359.0,2,1,366,0.000465,0.825817,B,ABC_PARETO,sales_only_v1,draft
CATAMED 75MCG TAB,196.0,80134.0,337672.1,38,18,367,0.000463,0.82628,B,ABC_PARETO,sales_only_v1,draft
METACORT 4MG/ML (8MG/2ML) 2ML,160.0,80000.0,-31405.0,3,2,368,0.000462,0.826742,B,ABC_PARETO,sales_only_v1,draft
FUSIFRED 20MG/G (2% W/W) 10G,1000.0,80000.0,170000.0,2,1,369,0.000462,0.827205,B,ABC_PARETO,sales_only_v1,draft
RANICLAV 625MG TAB,496.7685,79780.5,117466.04,15,11,370,0.000461,0.827666,B,ABC_PARETO,sales_only_v1,draft
LACTAMOX 250MG/62.5MG/5ML 60ML,610.0,79117.0,144192.0,33,15,371,0.000457,0.828123,B,ABC_PARETO,sales_only_v1,draft
SAPHLOR-50,1149.0827,79064.44,561918.2,17,7,372,0.000457,0.82858,B,ABC_PARETO,sales_only_v1,draft
EPIX 1MG/ML,415.0,78850.0,140010.0,18,7,373,0.000456,0.829036,B,ABC_PARETO,sales_only_v1,draft
NICARDSAPH 1MG/ML 10ML AMP,710.0,78100.0,181100.0,7,4,374,0.000451,0.829487,B,ABC_PARETO,sales_only_v1,draft
IROMAX 20MG/ML (100MG/5ML) 5ML,260.0,78000.0,31863.0,2,2,375,0.000451,0.829938,B,ABC_PARETO,sales_only_v1,draft
MUROPHAR,1266.0,77640.0,187419.0,12,8,376,0.000449,0.830387,B,ABC_PARETO,sales_only_v1,draft
ALCOHOL ISOPROPHYL 70% - ALCORADE,235.0,77550.0,86882.5,2,2,377,0.000448,0.830835,B,ABC_PARETO,sales_only_v1,draft
DENGUE NS1,14.0,77000.0,161990.0,2,2,378,0.000445,0.83128,B,ABC_PARETO,sales_only_v1,draft
BAMBOO TUMBLERS 450ML,300.0,76500.0,28500.0,2,1,379,0.000442,0.831722,B,ABC_PARETO,sales_only_v1,draft
EXECORE 500MG,784.0,76048.0,83778.0,8,3,380,0.00044,0.832162,B,ABC_PARETO,sales_only_v1,draft
INSULIN SYRINGE 1/2 CC G29 TERUMO,94.0,75600.0,68165.9,17,14,381,0.000437,0.832599,B,ABC_PARETO,sales_only_v1,draft
"MICROPORE 2""1530-2 3M",124.0,75200.0,35000.0,17,15,382,0.000435,0.833033,B,ABC_PARETO,sales_only_v1,draft
PRESTIGE ALCOHOL,254.0,75000.0,95390.0,4,4,383,0.000433,0.833467,B,ABC_PARETO,sales_only_v1,draft
NON BREATHING OXYGEN MASK WITH RESERVOIR,500.0,75000.0,5500.0,1,1,384,0.000433,0.8339,B,ABC_PARETO,sales_only_v1,draft
VOLUMETRIC SOLUTION INFUSION SET 150ML (INDOPLAS),1060.0,74800.0,172900.0,3,3,385,0.000432,0.834333,B,ABC_PARETO,sales_only_v1,draft
DOPNAX 40MG,297.0,74730.0,151137.65,20,14,386,0.000432,0.834764,B,ABC_PARETO,sales_only_v1,draft
ANEROCIN 300MG CAP,76.0,74404.0,163151.5,29,15,387,0.00043,0.835194,B,ABC_PARETO,sales_only_v1,draft
CARVIDA 6.25MG,562.0,74184.0,221232.0,16,10,388,0.000429,0.835623,B,ABC_PARETO,sales_only_v1,draft
HYDROGEN PEROXIDE 3% 10VOL 120ML (GREATSTAR),2440.0,73200.0,82702.0,2,2,389,0.000423,0.836046,B,ABC_PARETO,sales_only_v1,draft
ENHAMOX 250MG/62.5MG/5ML 60ML,552.0,73017.9,139722.1,34,11,390,0.000422,0.836468,B,ABC_PARETO,sales_only_v1,draft
GOPAMINE 40MG/ML (200MG/5ML) 5ML,471.0,73005.0,194957.5,16,9,391,0.000422,0.83689,B,ABC_PARETO,sales_only_v1,draft
EUROMED MAGNESIUM SULFATE 250MG/ML (25%) 20ML,1300.0,72870.0,22440.0,18,9,392,0.000421,0.837311,B,ABC_PARETO,sales_only_v1,draft
CORPILYN 1G,5200.0,72800.0,82875.5,11,4,393,0.000421,0.837732,B,ABC_PARETO,sales_only_v1,draft
NEUROBE 100MG AMP,551.0,72512.0,266812.0,7,7,394,0.000419,0.838151,B,ABC_PARETO,sales_only_v1,draft
TOBRAMYZIN 3MG/ML (0.3% W/V) 5ML,500.0,72500.0,102500.0,1,1,395,0.000419,0.83857,B,ABC_PARETO,sales_only_v1,draft
HYCLENS OB WASH 1% 100ML,523.0,72487.8,40849.86,43,12,396,0.000419,0.838989,B,ABC_PARETO,sales_only_v1,draft
DIXIN 250MCG/ML 2ML,68.0,72330.0,75728.5,9,5,397,0.000418,0.839407,B,ABC_PARETO,sales_only_v1,draft
CIPULOX 2MG/ML,3132.0,72036.0,99618.4,8,7,398,0.000416,0.839824,B,ABC_PARETO,sales_only_v1,draft
NON VENTED MASK LARGE (EASEFIT),16.0,72000.0,28500.0,10,6,399,0.000416,0.84024,B,ABC_PARETO,sales_only_v1,draft
NON VENTED MASK MEDIUM (EASEFIT),16.0,72000.0,35000.0,8,8,400,0.000416,0.840656,B,ABC_PARETO,sales_only_v1,draft
NEBULIZER KIT ADULT (SURGITECH),2000.0,72000.0,6880.0,5,3,401,0.000416,0.841072,B,ABC_PARETO,sales_only_v1,draft
"IV CANNULA G.22 X 1"" INTROCAN - B BRAUN",11.0,71500.0,5150.0,2,1,402,0.000413,0.841485,B,ABC_PARETO,sales_only_v1,draft
SHOE COVER,336.0,71280.0,156933.23,10,7,403,0.000412,0.841897,B,ABC_PARETO,sales_only_v1,draft
NATRAVOX 228.5MG,300.0,71100.0,57900.0,1,1,404,0.000411,0.842308,B,ABC_PARETO,sales_only_v1,draft
LYSOL 510G,141.0,70659.3,80291.54,5,5,405,0.000408,0.842717,B,ABC_PARETO,sales_only_v1,draft
EURYTHMIC 50MG/ML (150MG/3ML),46.0,70610.0,161545.95,11,7,406,0.000408,0.843125,B,ABC_PARETO,sales_only_v1,draft
DISPOSABLE DIAPER ADULT LARGE (SURGITECH),281.0,70250.0,6519.2,1,1,407,0.000406,0.843531,B,ABC_PARETO,sales_only_v1,draft
(M) DISPOSABLE GLOVES VINYL AIEL,250.0,70000.0,92500.0,1,1,408,0.000405,0.843935,B,ABC_PARETO,sales_only_v1,draft
GREAT GLOVES - MEDIUM,218.0,69760.0,66280.0,5,5,409,0.000403,0.844338,B,ABC_PARETO,sales_only_v1,draft
NEBULIZER KIT WITH MASK PEDIA (PARTNERS),2300.0,69000.0,21712.0,7,3,410,0.000399,0.844737,B,ABC_PARETO,sales_only_v1,draft
DUOMAX 150MG/75MG,96.0,68510.4,25139.6,2,2,411,0.000396,0.845133,B,ABC_PARETO,sales_only_v1,draft
CORTIREX,415.0,68475.0,181190.0,9,7,412,0.000396,0.845529,B,ABC_PARETO,sales_only_v1,draft
GREAT GLOVES - SMALL,213.0,68160.0,65760.0,3,3,413,0.000394,0.845923,B,ABC_PARETO,sales_only_v1,draft
MEDICAL GRADE HEPA MACHINE 38SQM 7410I (BLUEAIR),2.0,67754.0,58226.0,1,1,414,0.000392,0.846315,B,ABC_PARETO,sales_only_v1,draft
SURGICAL GLOVES STERILE 8,90.0,67500.0,54840.0,3,3,415,0.00039,0.846705,B,ABC_PARETO,sales_only_v1,draft
BERCEF 250MG/5ML SUS,433.0,67489.69,89314.81,23,17,416,0.00039,0.847095,B,ABC_PARETO,sales_only_v1,draft
LODIPEX - 10MG,861.2803,67476.66,321604.27,26,15,417,0.00039,0.847485,B,ABC_PARETO,sales_only_v1,draft
PLAZIMIDE 5MG/ML (10MG/2ML),1122.0,67320.0,94865.5,19,7,418,0.000389,0.847874,B,ABC_PARETO,sales_only_v1,draft
CEFZOX 1G VIAL W/ DILUENT,2150.0,67220.0,354374.2,4,4,419,0.000389,0.848262,B,ABC_PARETO,sales_only_v1,draft
ZIPLOCK PLASTIC BAG 7X10,35.3509,67218.81,53157.69,3,3,420,0.000389,0.848651,B,ABC_PARETO,sales_only_v1,draft
STRETCHER CONVERTABLE INTO WHEELCHAIR,2.0,67000.0,129540.0,1,1,421,0.000387,0.849038,B,ABC_PARETO,sales_only_v1,draft
GLOVEDOL 6.25MG TAB,1500.0,66750.0,90750.0,3,1,422,0.000386,0.849424,B,ABC_PARETO,sales_only_v1,draft
COTTON ROLL 400G - TENDERSOFT,461.0,66546.0,71172.0,9,8,423,0.000385,0.849808,B,ABC_PARETO,sales_only_v1,draft
UV LIGHT GERMICIDAL STERILIZER - TROLLEY,13.0,66447.0,413053.0,2,2,424,0.000384,0.850192,B,ABC_PARETO,sales_only_v1,draft
CARRIER A/C FP53CEP024302,1.0,65998.0,83502.0,1,1,425,0.000381,0.850574,B,ABC_PARETO,sales_only_v1,draft
DIACYSTEINE 600MG,351.0,65637.0,69299.5,19,15,426,0.000379,0.850953,B,ABC_PARETO,sales_only_v1,draft
RESPOSAL-1,261.4,65350.0,232839.4,6,5,427,0.000378,0.851331,B,ABC_PARETO,sales_only_v1,draft
GAUZE ROLL 28X24,91.0,65080.0,43820.0,4,3,428,0.000376,0.851707,B,ABC_PARETO,sales_only_v1,draft
FOLEY CATHETER FR. 16 PARTNERS,1710.0,64980.0,32854.0,6,4,429,0.000376,0.852083,B,ABC_PARETO,sales_only_v1,draft
BLOOD COLLECTION BAGS 450ML SINGLE,30.0,64680.0,118110.0,2,2,430,0.000374,0.852457,B,ABC_PARETO,sales_only_v1,draft
(S) DISPOSABLE GLOVES VINYL AIEL,230.0,64400.0,85100.0,1,1,431,0.000372,0.852829,B,ABC_PARETO,sales_only_v1,draft
DENGUE 1G/1GM,14.0,64400.0,69194.0,2,2,432,0.000372,0.853201,B,ABC_PARETO,sales_only_v1,draft
SAPHIXIME-200 200MG,246.67,63626.66,-4777.16,8,5,433,0.000368,0.853569,B,ABC_PARETO,sales_only_v1,draft
VAGCLR-M,40.0,63600.0,27680.0,1,1,434,0.000368,0.853936,B,ABC_PARETO,sales_only_v1,draft
CLOXANE 500MG CAP,275.0,63181.5,170457.48,32,16,435,0.000365,0.854301,B,ABC_PARETO,sales_only_v1,draft
ZINACARE 750MG W/O DILUENT,4202.0,63030.0,499420.0,24,15,436,0.000364,0.854666,B,ABC_PARETO,sales_only_v1,draft
IV WRIST SPLINT ADULT LARGE (INDOPLAS),1050.0,63000.0,33050.0,2,2,437,0.000364,0.85503,B,ABC_PARETO,sales_only_v1,draft
ANESTIN 20MG/ML,125.2196,62900.62,57347.81,12,7,438,0.000364,0.855393,B,ABC_PARETO,sales_only_v1,draft
PORBACT 500MG/250MG,2980.0,62580.0,46547.6,5,2,439,0.000362,0.855755,B,ABC_PARETO,sales_only_v1,draft
STERILE LATEX SURGICAL GLOVES 6.5,80.0,62400.0,57600.0,1,1,440,0.000361,0.856116,B,ABC_PARETO,sales_only_v1,draft
PPE - LARGE (GDR),400.0,62000.0,61847.56,1,1,441,0.000358,0.856474,B,ABC_PARETO,sales_only_v1,draft
PPE - MEDIUM (GDR),400.0,62000.0,61847.56,1,1,442,0.000358,0.856832,B,ABC_PARETO,sales_only_v1,draft
PPE - XTRA LARGE (GDR),400.0,62000.0,61847.56,1,1,443,0.000358,0.857191,B,ABC_PARETO,sales_only_v1,draft
IV CANNULA 20G - HEXACARE,95.0,61750.0,205865.0,5,4,444,0.000357,0.857548,B,ABC_PARETO,sales_only_v1,draft
AMSUNEX 500MG/250MG,2800.0,61600.0,40936.0,1,1,445,0.000356,0.857904,B,ABC_PARETO,sales_only_v1,draft
KETOPANE,256.0,61440.0,126965.05,12,8,446,0.000355,0.858259,B,ABC_PARETO,sales_only_v1,draft
NICARSAPH 1MG/ML 10ML,640.0,60600.0,98832.0,8,6,447,0.00035,0.858609,B,ABC_PARETO,sales_only_v1,draft
DOLOGESIC 325MG/37.5MG TAB,224.0,60480.0,176012.0,52,16,448,0.00035,0.858959,B,ABC_PARETO,sales_only_v1,draft
GLOVEDOL 6.25MG,1367.33,60458.21,486274.77,44,22,449,0.000349,0.859308,B,ABC_PARETO,sales_only_v1,draft
COMOX 625MG,57.0,60353.6,88942.4,21,14,450,0.000349,0.859657,B,ABC_PARETO,sales_only_v1,draft
SEZUVIN 100MG/ML (500MG/5ML),236.0,60180.0,205735.36,2,1,451,0.000348,0.860005,B,ABC_PARETO,sales_only_v1,draft
DIPHENPORS 50MG/ML 1ML,429.0,60170.0,87084.5,18,7,452,0.000348,0.860352,B,ABC_PARETO,sales_only_v1,draft
FERGLOBIN FA 60MG/400MCG CAP,184.84,60073.0,65507.4,29,9,453,0.000347,0.8607,B,ABC_PARETO,sales_only_v1,draft
PPE (S) WEI BANG,300.0,60000.0,59852.49,1,1,454,0.000347,0.861046,B,ABC_PARETO,sales_only_v1,draft
ARCH FILE LONG 3INCHES,500.0,60000.0,14800.0,1,1,455,0.000347,0.861393,B,ABC_PARETO,sales_only_v1,draft
EZYMUC 600MG,600.0,60000.0,37200.0,3,1,456,0.000347,0.86174,B,ABC_PARETO,sales_only_v1,draft
QUADMAX,68.0,58480.0,61986.0,3,3,457,0.000338,0.862078,B,ABC_PARETO,sales_only_v1,draft
MURIATIC ACID,120.1628,57556.84,19144.75,3,3,458,0.000333,0.862411,B,ABC_PARETO,sales_only_v1,draft
VOXOLL 30MG,342.0,57456.0,181278.0,83,26,459,0.000332,0.862743,B,ABC_PARETO,sales_only_v1,draft
UNAZEUS 500MG/250MG,216.8,56788.0,54542.0,7,7,460,0.000328,0.863071,B,ABC_PARETO,sales_only_v1,draft
SPINAL NEEDLE G25 X89MM (ORMED),1407.0,56280.0,150759.0,5,2,461,0.000325,0.863396,B,ABC_PARETO,sales_only_v1,draft
GAUZE ROLL 28 X 24 PRO HEALTH CARE,71.0,55840.0,78024.0,5,5,462,0.000323,0.863719,B,ABC_PARETO,sales_only_v1,draft
SPINAL NEEDLE G.25 - TOP,39.0,55600.0,82950.0,4,3,463,0.000321,0.86404,B,ABC_PARETO,sales_only_v1,draft
LUPINSULIN R 100IU/ML 10ML,122.0,55144.0,21916.0,4,4,464,0.000319,0.864359,B,ABC_PARETO,sales_only_v1,draft
XOPRAZOLE PLUS 40MG,172.0,55040.0,27048.0,8,3,465,0.000318,0.864677,B,ABC_PARETO,sales_only_v1,draft
MICROSCOT 20MG 15G,610.0,54900.0,14375.0,3,3,466,0.000317,0.864994,B,ABC_PARETO,sales_only_v1,draft
HEMOSTAP 500MG,131.0,54810.0,168725.0,35,21,467,0.000317,0.865311,B,ABC_PARETO,sales_only_v1,draft
MULTI GROW 120ML,609.0,54810.0,68583.5,29,20,468,0.000317,0.865628,B,ABC_PARETO,sales_only_v1,draft
DEXTAR-S 4MG/ML 2ML,130.0,54600.0,-7357.0,4,3,469,0.000316,0.865943,B,ABC_PARETO,sales_only_v1,draft
JAGAPLEX TAB,138.0,54510.0,87303.5,28,17,470,0.000315,0.866259,B,ABC_PARETO,sales_only_v1,draft
DIAPER LARGE - ADULT,302.5,54450.0,53605.0,5,4,471,0.000315,0.866573,B,ABC_PARETO,sales_only_v1,draft
ALL SILICONE DUODENAL TUBE F.16 - UNIMEX,270.0,54000.0,5670.0,10,8,472,0.000312,0.866885,B,ABC_PARETO,sales_only_v1,draft
MULTI GROW 30ML DROPS,771.0,53970.0,64500.0,31,19,473,0.000312,0.867197,B,ABC_PARETO,sales_only_v1,draft
COCINE 250MG/ML (500MG/2ML),93.0,53940.0,-4277.5,4,3,474,0.000312,0.867509,B,ABC_PARETO,sales_only_v1,draft
HYCORT 250MG VIAL,91.0,53740.0,65590.0,9,7,475,0.000311,0.86782,B,ABC_PARETO,sales_only_v1,draft
QUADMAX 150MG/75MG/400MG/275MG,60.0,53395.2,17104.8,1,1,476,0.000309,0.868128,B,ABC_PARETO,sales_only_v1,draft
GYNE-TOCIN 10IU/ML IV,314.4122,53173.09,104473.74,30,15,477,0.000307,0.868436,B,ABC_PARETO,sales_only_v1,draft
FENTIN 50MG/ML 2ML,59.0,53139.0,147271.5,18,10,478,0.000307,0.868743,B,ABC_PARETO,sales_only_v1,draft
TRANSPORE 1X10 2.5CMX9.1M (3M),69.0,53130.0,22795.0,7,6,479,0.000307,0.86905,B,ABC_PARETO,sales_only_v1,draft
AMADOL 150MG/ML 2ML,490.2248,52764.05,113239.14,26,17,480,0.000305,0.869355,B,ABC_PARETO,sales_only_v1,draft
"ALLIS TEETH 5X6, 7 1/2''",108.0,52704.0,40896.0,4,1,481,0.000305,0.869659,B,ABC_PARETO,sales_only_v1,draft
APREZAL 20MG/ML AMP,61.0,52592.12,93186.44,14,11,482,0.000304,0.869963,B,ABC_PARETO,sales_only_v1,draft
CALCI-MAX 600- 1500MG/200IU,150.0,52500.0,51392.65,22,4,483,0.000303,0.870267,B,ABC_PARETO,sales_only_v1,draft
GAUZE ROLL 24X28/36X100 (PROHEALTH),70.0,52450.0,32190.0,6,5,484,0.000303,0.87057,B,ABC_PARETO,sales_only_v1,draft
ACIPRO 2MG/ML (200MG/100ML) 100ML,2316.0,52038.0,37508.0,5,5,485,0.000301,0.870871,B,ABC_PARETO,sales_only_v1,draft
ZIPLOCK PLASTIC BAG 6X9,37.2902,51600.79,30536.68,3,3,486,0.000298,0.871169,B,ABC_PARETO,sales_only_v1,draft
SOLUTION FOR IV INFUSION 900MG/100ML,1140.0,51420.0,35640.0,2,2,487,0.000297,0.871466,B,ABC_PARETO,sales_only_v1,draft
PERISPA 50MG,70.0,50820.0,10607.0,6,4,488,0.000294,0.87176,B,ABC_PARETO,sales_only_v1,draft
PNSS 1LITER 0.9%,870.0,50750.0,24623.34,4,4,489,0.000293,0.872053,B,ABC_PARETO,sales_only_v1,draft
INSECTICIDE 5GRAMS / 100'S,0.1659,50380.06,12583.24,1,1,490,0.000291,0.872344,B,ABC_PARETO,sales_only_v1,draft
EXEL 500MG CAP,216.0,50148.0,94967.0,14,12,491,0.00029,0.872634,B,ABC_PARETO,sales_only_v1,draft
SOLUSET UNIMEX,500.0,50000.0,97400.0,2,2,492,0.000289,0.872923,B,ABC_PARETO,sales_only_v1,draft
EROXENE 5MG/G (0.5% W/W),500.0,50000.0,27500.0,1,1,493,0.000289,0.873212,B,ABC_PARETO,sales_only_v1,draft
IRBEQ 150 150MG,123.0,49619.0,132811.0,7,6,494,0.000287,0.873499,B,ABC_PARETO,sales_only_v1,draft
GLOVES S7.5 LATEX STERILE (INDOPLAS),62.0,49600.0,14136.0,2,1,495,0.000287,0.873785,B,ABC_PARETO,sales_only_v1,draft
LAMINATING MACHINE,11.0,49500.0,20900.0,1,1,496,0.000286,0.874072,B,ABC_PARETO,sales_only_v1,draft
SYLVITE 2MEQ/ML,222.8,49438.14,25103.86,7,7,497,0.000286,0.874357,B,ABC_PARETO,sales_only_v1,draft
ENCLOXIL 500MG CAP,63.0,49140.0,38610.18,9,6,498,0.000284,0.874641,B,ABC_PARETO,sales_only_v1,draft
OMEPRAZOLE 40MG VIAL W/ DILUENT (ZOLFREE),1400.0,49000.0,93800.0,2,2,499,0.000283,0.874925,B,ABC_PARETO,sales_only_v1,draft
KURT 10MG/G (1% W/W) 15G,500.0,49000.0,89500.0,1,1,500,0.000283,0.875208,B,ABC_PARETO,sales_only_v1,draft
LACTATED RINGERS SOLUTION EUROMED,840.0,48999.98,8960.02,3,2,501,0.000283,0.875491,B,ABC_PARETO,sales_only_v1,draft
KETOROBAS 30MG,198.1734,47627.86,168390.33,16,10,502,0.000275,0.875766,B,ABC_PARETO,sales_only_v1,draft
IV INFUSION SET ADULT (PRIME),1900.0,47500.0,19600.0,3,2,503,0.000275,0.876041,B,ABC_PARETO,sales_only_v1,draft
IV CANNULA LUER LOCK WITHOUT INJECTION VALVE G.26,10.0,47500.0,29400.0,2,1,504,0.000275,0.876315,B,ABC_PARETO,sales_only_v1,draft
CINNABLOC 25MG,315.38,47331.0,85733.67,56,24,505,0.000274,0.876589,B,ABC_PARETO,sales_only_v1,draft
NASAL OXYGEN CANNULA (ADULT) - SURGITECH,1884.0,47100.0,32748.0,5,4,506,0.000272,0.876861,B,ABC_PARETO,sales_only_v1,draft
PULSE OXIMETER PROBE ADULT FOR EDAN IM70,5.0,47000.0,18700.0,5,5,507,0.000272,0.877133,B,ABC_PARETO,sales_only_v1,draft
VENTACT 1MG/ML (2.5MG/2.5ML),206.8534,46942.68,82177.15,5,2,508,0.000271,0.877404,B,ABC_PARETO,sales_only_v1,draft
SUCROSAPH 20MG/ML (100MG/5ML) 5ML,106.1177,46914.96,232386.91,18,9,509,0.000271,0.877675,B,ABC_PARETO,sales_only_v1,draft
CARESEF 750MG WITH DILUENT,1340.0,46900.0,28232.0,3,3,510,0.000271,0.877946,B,ABC_PARETO,sales_only_v1,draft
SURGICAL GLOVES 8.0 INDOPLAS,62.0,46500.0,39370.0,2,1,511,0.000269,0.878215,B,ABC_PARETO,sales_only_v1,draft
MEOXICLAV-DS 457MG/5ML 70ML,148.2199,46444.49,33774.11,9,4,512,0.000268,0.878483,B,ABC_PARETO,sales_only_v1,draft
ZACZIN 20MG/ML,886.0,46094.0,242729.0,15,11,513,0.000266,0.87875,B,ABC_PARETO,sales_only_v1,draft
SPIRODEN 25MG,79.0,45820.0,58590.0,8,4,514,0.000265,0.879015,B,ABC_PARETO,sales_only_v1,draft
HYDROCORTIBAS 100MG,130.0,45500.0,54863.0,4,3,515,0.000263,0.879278,B,ABC_PARETO,sales_only_v1,draft
SI2NORM 50MG,143.0,45496.0,96128.0,7,6,516,0.000263,0.879541,B,ABC_PARETO,sales_only_v1,draft
MAXIFER 20MG/ML (100MG/5ML) 5ML,43.0,45454.87,61615.13,10,7,517,0.000263,0.879803,B,ABC_PARETO,sales_only_v1,draft
LUPINSULIN 30:70 (30IU/70IU/ML) 10ML,100.0,45200.0,9800.0,1,1,518,0.000261,0.880065,B,ABC_PARETO,sales_only_v1,draft
RAHMACIN 250MG/5ML,200.0,45000.0,48400.0,1,1,519,0.00026,0.880325,B,ABC_PARETO,sales_only_v1,draft
PIDCLIN 100MG,300.0,45000.0,7500.0,1,1,520,0.00026,0.880585,B,ABC_PARETO,sales_only_v1,draft
HEMOBAS 500MG/5ML,225.2,44858.0,132748.57,25,17,521,0.000259,0.880844,B,ABC_PARETO,sales_only_v1,draft
PHYTOBAS 10MG/ML,319.0,44745.0,152465.0,18,12,522,0.000259,0.881103,B,ABC_PARETO,sales_only_v1,draft
EASELAC 3.33G/5ML ORAL SOLUTION,520.0,44720.0,63560.0,10,10,523,0.000258,0.881361,B,ABC_PARETO,sales_only_v1,draft
SOLVASC 5MG,121.0,44710.53,115146.63,6,5,524,0.000258,0.881619,B,ABC_PARETO,sales_only_v1,draft
CELEKOP 200MG CAP,340.0,44704.0,233105.0,17,7,525,0.000258,0.881878,B,ABC_PARETO,sales_only_v1,draft
HYCLENS GARGLE (120ML),506.0,44528.0,48236.06,40,24,526,0.000257,0.882135,B,ABC_PARETO,sales_only_v1,draft
CEFUROX 250MG/5ML 50ML,408.0,44064.0,16275.12,3,2,527,0.000255,0.88239,B,ABC_PARETO,sales_only_v1,draft
SUCTION BOTTLES 3 LITERS,2.0,44000.0,22000.0,1,1,528,0.000254,0.882644,B,ABC_PARETO,sales_only_v1,draft
HISTARIL 100MG/2MG,150.0,43875.0,78075.0,27,17,529,0.000254,0.882898,B,ABC_PARETO,sales_only_v1,draft
TROPONIN 1,5.0,43750.0,35685.0,2,2,530,0.000253,0.883151,B,ABC_PARETO,sales_only_v1,draft
HYCLENS GARGLE 0.12% 120ML,495.0,43560.0,56013.6,43,23,531,0.000252,0.883402,B,ABC_PARETO,sales_only_v1,draft
MUPORS 20MG/G (2%) 5G,1100.0,43500.0,102275.0,2,2,532,0.000251,0.883654,B,ABC_PARETO,sales_only_v1,draft
BREAD,2174.0,43480.0,32066.5,1,1,533,0.000251,0.883905,B,ABC_PARETO,sales_only_v1,draft
EXEL 500MG,178.0,43284.0,74041.0,8,4,534,0.00025,0.884155,B,ABC_PARETO,sales_only_v1,draft
BETZINE 8MG,112.0,43250.0,143255.0,10,7,535,0.00025,0.884405,B,ABC_PARETO,sales_only_v1,draft
DIACYSTEINE 600- 600MG,376.0,43240.0,40805.0,23,11,536,0.00025,0.884655,B,ABC_PARETO,sales_only_v1,draft
DOPAMET 250MG TAB,220.1,42919.5,108157.5,28,17,537,0.000248,0.884903,B,ABC_PARETO,sales_only_v1,draft
MASOLEV 100MG/ML (500MG/5ML),144.0,42480.0,119773.44,1,1,538,0.000246,0.885149,B,ABC_PARETO,sales_only_v1,draft
SALRESP,116.28,42327.99,111722.87,13,10,539,0.000245,0.885393,B,ABC_PARETO,sales_only_v1,draft
SEMI AUTOMATIC BIOPSY GUN G18 X 13CM,2.0,42120.0,41860.0,1,1,540,0.000243,0.885637,B,ABC_PARETO,sales_only_v1,draft
AROFLO 250,103.0,42024.0,31518.0,2,1,541,0.000243,0.88588,B,ABC_PARETO,sales_only_v1,draft
VOXOLL 15MG/5ML,1301.0,42018.0,39484.7,88,23,542,0.000243,0.886122,B,ABC_PARETO,sales_only_v1,draft
BLOOD COLLECTION BAGS 450ML DOUBLE,12.0,42000.0,59994.0,2,2,543,0.000243,0.886365,B,ABC_PARETO,sales_only_v1,draft
INFANT CPR MANNEQUIN,2.0,42000.0,18000.0,1,1,544,0.000243,0.886608,B,ABC_PARETO,sales_only_v1,draft
HYCLENS WOUND SPRAY 2% 120ML BOV,107.0,41944.0,12286.0,7,7,545,0.000242,0.88685,B,ABC_PARETO,sales_only_v1,draft
TRIDEN 160MG,58.0,41760.0,82260.0,14,7,546,0.000241,0.887092,B,ABC_PARETO,sales_only_v1,draft
RAXIDINE,278.0,41625.0,170635.0,16,9,547,0.000241,0.887332,B,ABC_PARETO,sales_only_v1,draft
CIXTOR-Z 97.5MG /9MG/5ML SYRUP,1169.0,41499.5,40057.13,2,2,548,0.00024,0.887572,B,ABC_PARETO,sales_only_v1,draft
EVENING PRIMEROSE OIL 1000MG,116.0,41412.0,78818.0,18,14,549,0.000239,0.887812,B,ABC_PARETO,sales_only_v1,draft
NGT FR.14 PARTNERS,252.0,41328.0,37011.5,2,1,550,0.000239,0.88805,B,ABC_PARETO,sales_only_v1,draft
GLOVES (L) - GLOMED,221.0,41250.0,34695.0,3,3,551,0.000238,0.888289,B,ABC_PARETO,sales_only_v1,draft
IV WRIST SPLINT PEDIA MEDIUM (INDOPLAS),825.0,41250.0,34240.0,2,2,552,0.000238,0.888527,B,ABC_PARETO,sales_only_v1,draft
DEL FABRIC,50.1837,41088.39,31808.62,2,2,553,0.000237,0.888765,B,ABC_PARETO,sales_only_v1,draft
DISPOSABLE DIAPER ADULT LARGE (HEXACARE),210.0,40740.0,9968.8,3,3,554,0.000235,0.889,B,ABC_PARETO,sales_only_v1,draft
ALCOHOL 70% ISOPROPYL 500ML,450.0,40500.0,3050.0,3,3,555,0.000234,0.889234,B,ABC_PARETO,sales_only_v1,draft
BACTIGRAS,500.0,40500.0,19500.0,1,1,556,0.000234,0.889468,B,ABC_PARETO,sales_only_v1,draft
TOOTHPASTE CLOSE UP RED 50ML,700.0,40381.25,11418.75,1,1,557,0.000233,0.889702,B,ABC_PARETO,sales_only_v1,draft
DIALIX 1MG/ML,434.3947,40162.62,47213.94,7,2,558,0.000232,0.889934,B,ABC_PARETO,sales_only_v1,draft
CEFTRIABBAS 1G,182.0,40040.0,106360.0,12,8,559,0.000231,0.890165,B,ABC_PARETO,sales_only_v1,draft
DISPOSABLE SYRINGE 3CC - COSMED,160.0,40000.0,122000.0,3,1,560,0.000231,0.890396,B,ABC_PARETO,sales_only_v1,draft
LEPIXA 100MG/ML (500MG/5ML),50.0,40000.0,70062.5,2,2,561,0.000231,0.890628,B,ABC_PARETO,sales_only_v1,draft
VOLUMETRIC SOLUTION INFUSION SET 150ML (POLYMED),500.0,40000.0,65635.0,2,1,562,0.000231,0.890859,B,ABC_PARETO,sales_only_v1,draft
FOLEY CATHETER 2WAY FR16 30ML (PARTNERS),1052.0,39976.0,19624.0,16,11,563,0.000231,0.89109,B,ABC_PARETO,sales_only_v1,draft
GOPICIN 250MG,3330.0,39960.0,41658.3,2,1,564,0.000231,0.891321,B,ABC_PARETO,sales_only_v1,draft
INOX 100MG,30.0,39930.0,18870.0,1,1,565,0.000231,0.891552,B,ABC_PARETO,sales_only_v1,draft
INSULIN SYRINGE WITH NEEDLE 1CC 29GX1/2 TERUMO,50.0,39650.0,12787.0,9,6,566,0.000229,0.891781,B,ABC_PARETO,sales_only_v1,draft
BERCEF 250MG/5ML,220.0,39600.0,52650.0,12,10,567,0.000229,0.89201,B,ABC_PARETO,sales_only_v1,draft
OFLOBIZ 3MG/ML (0.3%) 5ML,200.0,39400.0,17600.0,1,1,568,0.000228,0.892237,B,ABC_PARETO,sales_only_v1,draft
COMXICLA 625MG TAB,230.5,39185.0,176678.59,4,2,569,0.000226,0.892464,B,ABC_PARETO,sales_only_v1,draft
SORBIFER DURULES 310MG,47.0,39157.58,15092.42,4,3,570,0.000226,0.89269,B,ABC_PARETO,sales_only_v1,draft
MICROSCOT 20MG 5G,1470.0,39120.0,131335.0,10,4,571,0.000226,0.892916,B,ABC_PARETO,sales_only_v1,draft
SURGICAL GOWN - DISPOSABLE STERILE,300.0,39000.0,75000.0,1,1,572,0.000225,0.893142,B,ABC_PARETO,sales_only_v1,draft
ACTIVATED GLUTARALDEHYDE AIDEX 5L.(AIDEX),26.0,39000.0,20817.0,6,5,573,0.000225,0.893367,B,ABC_PARETO,sales_only_v1,draft
ROCIEM 10MG/ML (50MG/5ML) IV,10.0,39000.0,19000.0,1,1,574,0.000225,0.893592,B,ABC_PARETO,sales_only_v1,draft
OXYGEN MASK HEXACARE,1000.0,39000.0,54000.0,2,1,575,0.000225,0.893818,B,ABC_PARETO,sales_only_v1,draft
SDCHECK BLOOD TEST STRIPS GOLD,30.0,39000.0,-260.0,2,2,576,0.000225,0.894043,B,ABC_PARETO,sales_only_v1,draft
ADULT CPR MANNEQUIN,2.0,39000.0,21000.0,1,1,577,0.000225,0.894269,B,ABC_PARETO,sales_only_v1,draft
OXYGEN MASK (ADULT) - SURGITECH,736.0,38800.0,40055.0,4,4,578,0.000224,0.894493,B,ABC_PARETO,sales_only_v1,draft
ROSVA 20-20MG,150.0,38766.0,118165.2,26,11,579,0.000224,0.894717,B,ABC_PARETO,sales_only_v1,draft
MEDICAL GRADE HEPA MACHINE 62SQM 7710I (BLUEAIR),1.0,38697.0,44293.0,1,1,580,0.000224,0.894941,B,ABC_PARETO,sales_only_v1,draft
XYLOCAINE PUMP SPRAY 10% 100MG/ML 50ML,16.0,38400.0,-6372.0,3,3,581,0.000222,0.895163,B,ABC_PARETO,sales_only_v1,draft
VOLUMETRIC SOLUTION INFUSION SET COSMED,213.0,38340.0,1364.0,3,2,582,0.000222,0.895384,B,ABC_PARETO,sales_only_v1,draft
BETZINE 16MG TAB,166.0,38180.0,149457.0,6,2,583,0.000221,0.895605,B,ABC_PARETO,sales_only_v1,draft
CENDALEX 500MG CAP,146.0,38106.65,100173.35,43,18,584,0.00022,0.895825,B,ABC_PARETO,sales_only_v1,draft
ELCILIN,195.0,38025.0,21760.0,7,4,585,0.00022,0.896045,B,ABC_PARETO,sales_only_v1,draft
ABDOMINAL BINDER 8X49 (NOBRAND),200.0,38000.0,10600.0,1,1,586,0.00022,0.896264,B,ABC_PARETO,sales_only_v1,draft
DOPTREX 40MG/ML (200MG/5ML) 5ML,200.0,38000.0,61250.0,1,1,587,0.00022,0.896484,B,ABC_PARETO,sales_only_v1,draft
BISACODEN 10MG,22.8,37962.0,26350.5,6,2,588,0.000219,0.896703,B,ABC_PARETO,sales_only_v1,draft
EROXIME 750MG,156.0,37908.0,230722.0,21,13,589,0.000219,0.896923,B,ABC_PARETO,sales_only_v1,draft
NOVACEE 100MG/5ML SYRUP,1009.0,37876.0,4899.0,9,7,590,0.000219,0.897141,B,ABC_PARETO,sales_only_v1,draft
FACE MASK N95 PARTICULATE RESPIRATOR SURGICAL MASK (3M),70.0,37800.0,350200.0,2,2,591,0.000218,0.89736,B,ABC_PARETO,sales_only_v1,draft
DISPOSABLE SYRINGE 3CC 23GX1 (TERUMO),74.0,37800.0,35430.0,4,4,592,0.000218,0.897578,B,ABC_PARETO,sales_only_v1,draft
DM FUROSEMIDE 20MG,1045.0,37726.0,38481.0,11,7,593,0.000218,0.897796,B,ABC_PARETO,sales_only_v1,draft
FLUZETRIN,100.0,37700.0,2300.0,1,1,594,0.000218,0.898014,B,ABC_PARETO,sales_only_v1,draft
SURGICAL GLOVES 6.5 INDOPLAS,50.0,37500.0,31750.0,1,1,595,0.000217,0.898231,B,ABC_PARETO,sales_only_v1,draft
URINE STRIPS - INSIGHT,103.0,37460.0,97962.0,5,5,596,0.000217,0.898448,B,ABC_PARETO,sales_only_v1,draft
ALCOHOL ETHYL 70% - ALCORADE 500ML,576.0,37440.0,37440.0,1,1,597,0.000216,0.898664,B,ABC_PARETO,sales_only_v1,draft
IV INFUSION SET (PEDIA) 60ML DROPS - ORMED,1700.0,37400.0,36599.98,1,1,598,0.000216,0.89888,B,ABC_PARETO,sales_only_v1,draft
EMICOX 200MG CAP,184.0,37264.0,18646.5,11,4,599,0.000215,0.899096,B,ABC_PARETO,sales_only_v1,draft
DOPABAS 40MG/ML (200MG/5ML) 5ML,102.5,37116.0,102431.5,10,8,600,0.000215,0.89931,B,ABC_PARETO,sales_only_v1,draft
VOLUMETRIC SOLUTION INFUSION SET,300.0,37000.0,57200.0,2,2,601,0.000214,0.899524,B,ABC_PARETO,sales_only_v1,draft
EXAMINATION LATEX GLOVES MEDIUM,205.0,36900.0,17625.0,2,1,602,0.000213,0.899737,B,ABC_PARETO,sales_only_v1,draft
ISOLATION GOWN QUANTUM,752.0,36848.0,22560.0,1,1,603,0.000213,0.89995,B,ABC_PARETO,sales_only_v1,draft
CEFIXIME 100MG/5ML SUSP EMACIF,400.0,36800.0,9200.0,1,1,604,0.000213,0.900163,B,ABC_PARETO,sales_only_v1,draft
"IV CANNULA WINGED G.22 X 1"" INTROCAN SAFETY - B BRAUN",8.0,36400.0,11600.0,1,1,605,0.00021,0.900373,B,ABC_PARETO,sales_only_v1,draft
INSTRUMENT TRAY WITH COVER 12X10X2.5,23.0,36386.0,36294.0,2,2,606,0.00021,0.900584,B,ABC_PARETO,sales_only_v1,draft
PHILCLOX 500MG,142.42,36282.4,77919.9,15,11,607,0.00021,0.900793,B,ABC_PARETO,sales_only_v1,draft
PRANELLA,470.0,36190.0,104340.0,1,1,608,0.000209,0.901002,B,ABC_PARETO,sales_only_v1,draft
VERTISAPH-24,41.0,36080.0,19080.0,2,2,609,0.000209,0.901211,B,ABC_PARETO,sales_only_v1,draft
STAINLESS SURGICAL KIT,5.0,36000.0,600.0,1,1,610,0.000208,0.901419,B,ABC_PARETO,sales_only_v1,draft
GAUZE ROLL 28X24 - SURGITECH,40.0,36000.0,14070.0,2,2,611,0.000208,0.901627,B,ABC_PARETO,sales_only_v1,draft
EXAMINATION LATEX GLOVES SMALL,200.0,36000.0,13400.0,1,1,612,0.000208,0.901835,B,ABC_PARETO,sales_only_v1,draft
ALCORIGHT ISOPROPYL ALCOHOL,400.0,36000.0,12000.0,1,1,613,0.000208,0.902043,B,ABC_PARETO,sales_only_v1,draft
UV LIGHT CZYD-ZW60WYKW 60W,3.0,35999.25,149716.86,3,3,614,0.000208,0.902251,B,ABC_PARETO,sales_only_v1,draft
INSTRUMENT TRAY WITH COVER STAINLESS STEEL 12X8X2.5 (OLTEN),25.0,35925.0,35870.0,2,2,615,0.000208,0.902459,B,ABC_PARETO,sales_only_v1,draft
MICROPORE 0.5X10 1.25CMX9.1M (3M),65.0,35750.0,23631.0,5,5,616,0.000207,0.902665,B,ABC_PARETO,sales_only_v1,draft
INHIBITA 40MG CAP,106.0,35510.0,18347.0,8,6,617,0.000205,0.902871,B,ABC_PARETO,sales_only_v1,draft
RAMAVIT 100MG/5MG/50MCG,440.0,35200.0,6400.0,3,2,618,0.000203,0.903074,B,ABC_PARETO,sales_only_v1,draft
X-RAY CASETTE : 14X14 WITH INTENSIFY SCREEN FUJI,2.0,35190.0,9055.0,2,1,619,0.000203,0.903278,B,ABC_PARETO,sales_only_v1,draft
ATREX 1MG/ML IV,148.0,35110.0,92245.0,24,15,620,0.000203,0.90348,B,ABC_PARETO,sales_only_v1,draft
MULTIVIT PLUS,628.0,35051.0,515499.0,10,8,621,0.000203,0.903683,B,ABC_PARETO,sales_only_v1,draft
IV CANNULA G22 - CATHULA,17.0,35000.0,19300.0,3,3,622,0.000202,0.903885,B,ABC_PARETO,sales_only_v1,draft
DISPOSABLE SYRINGE 5CC PARTNERS,140.0,35000.0,115010.0,3,1,623,0.000202,0.904088,B,ABC_PARETO,sales_only_v1,draft
MICOZINE 20MG/G (2% W/W) 30G,500.0,35000.0,45000.0,1,1,624,0.000202,0.90429,B,ABC_PARETO,sales_only_v1,draft
CLOBECHEM 500MCG/G (0.05% W/W) 5G,700.0,34860.0,14140.0,1,1,625,0.000201,0.904491,B,ABC_PARETO,sales_only_v1,draft
POVIDONE IODINE 10% - MEDICROSS,58.0,34800.0,39600.0,4,3,626,0.000201,0.904693,B,ABC_PARETO,sales_only_v1,draft
STERILE LATEX SURGICAL GLOVES 7.5 INDOPLAS,45.0,34650.0,33730.0,3,2,627,0.0002,0.904893,B,ABC_PARETO,sales_only_v1,draft
CORBAL 250MG,61.8,34462.0,108912.0,10,8,628,0.000199,0.905092,B,ABC_PARETO,sales_only_v1,draft
NASAL OXYGEN CANNULA 2M (ADULT) - ORMED,984.0,34440.0,43296.0,2,2,629,0.000199,0.905291,B,ABC_PARETO,sales_only_v1,draft
RANITEIN 25MG/ML,186.0,34298.4,104716.0,20,12,630,0.000198,0.905489,B,ABC_PARETO,sales_only_v1,draft
CETHERGO 200MCG,31.0,34270.0,95155.0,24,16,631,0.000198,0.905687,B,ABC_PARETO,sales_only_v1,draft
PORSROSE 20MG/ML (100MG/5ML) 5ML,120.0,34200.0,16506.0,2,1,632,0.000198,0.905885,B,ABC_PARETO,sales_only_v1,draft
MULTI-GROW 120ML,378.0,34020.0,53424.0,14,11,633,0.000197,0.906082,B,ABC_PARETO,sales_only_v1,draft
HB SAG TEST KIT,23.0,34017.0,42807.0,3,3,634,0.000197,0.906278,B,ABC_PARETO,sales_only_v1,draft
HYCLENS WOUND SPRAY 1GALLON,23.0,33906.6,34254.6,9,8,635,0.000196,0.906474,B,ABC_PARETO,sales_only_v1,draft
LYSOL 1GALLON,16.0,33818.16,34521.84,3,2,636,0.000195,0.90667,B,ABC_PARETO,sales_only_v1,draft
DEXTROSE 50ML,26.0,33800.0,14020.0,2,2,637,0.000195,0.906865,B,ABC_PARETO,sales_only_v1,draft
ERZOL 5MG/ML (500MG/100ML) 100ML,2250.0,33750.0,20830.0,4,2,638,0.000195,0.90706,B,ABC_PARETO,sales_only_v1,draft
CLINDANOVA 300MG CAP,91.0,33670.0,32822.0,8,3,639,0.000195,0.907255,B,ABC_PARETO,sales_only_v1,draft
SYRINGE WITH NEEDLE TERRUMO - 1CC/ML,48.0,33600.0,31280.0,3,2,640,0.000194,0.907449,B,ABC_PARETO,sales_only_v1,draft
BLOOD URIC ACID TEST STRIPS (EASYTOUCH),43.0,33540.0,13463.0,2,2,641,0.000194,0.907643,B,ABC_PARETO,sales_only_v1,draft
ALCOLUXX ALCOHOL - GALLON,101.0,33330.0,46900.0,2,1,642,0.000193,0.907835,B,ABC_PARETO,sales_only_v1,draft
AERO-VENT 1MG/ML (2.5MG/2.5ML),125.66,33301.66,20475.84,9,6,643,0.000192,0.908028,B,ABC_PARETO,sales_only_v1,draft
CIPRODIN 500MG,200.0,33264.0,286536.0,1,1,644,0.000192,0.90822,B,ABC_PARETO,sales_only_v1,draft
DIGITAL THERMOMETER - SURGITECH,452.0,33250.0,31882.0,14,12,645,0.000192,0.908412,B,ABC_PARETO,sales_only_v1,draft
REGIVASC 5MG,1464.0,33112.5,108160.5,9,8,646,0.000191,0.908604,B,ABC_PARETO,sales_only_v1,draft
AXMEL 500MG,249.0,33022.0,77511.5,25,12,647,0.000191,0.908794,B,ABC_PARETO,sales_only_v1,draft
PILLOW CASE AND BEDDINGS,200.0,33000.0,36800.0,1,1,648,0.000191,0.908985,B,ABC_PARETO,sales_only_v1,draft
EGG SHELL MATTRESS (URATEX),41.0,32998.03,28701.97,8,5,649,0.000191,0.909176,B,ABC_PARETO,sales_only_v1,draft
XRAY FILM 10X12 (FUJI),6.2047,32943.55,9807.54,5,2,650,0.00019,0.909366,B,ABC_PARETO,sales_only_v1,draft
HYOSUR 20MG/ML,185.0,32745.0,30155.0,6,3,651,0.000189,0.909556,B,ABC_PARETO,sales_only_v1,draft
TOOTHPASTE CLOSE-UP RED 50ML,718.0,32669.0,11039.5,2,2,652,0.000189,0.909744,B,ABC_PARETO,sales_only_v1,draft
GENTACARE 3MG/ML EYE DROPS,468.0,32495.0,17500.5,6,4,653,0.000188,0.909932,B,ABC_PARETO,sales_only_v1,draft
ROVASU20,101.0,32421.0,40080.0,9,6,654,0.000187,0.91012,B,ABC_PARETO,sales_only_v1,draft
MOLNUPIRAVIR 400MG,180.0,32400.0,13900.0,10,6,655,0.000187,0.910307,B,ABC_PARETO,sales_only_v1,draft
GLOVES SMALL LATEX NONSTERILE (INDOPLAS),175.0,32375.0,10025.0,3,2,656,0.000187,0.910494,B,ABC_PARETO,sales_only_v1,draft
KELLY CURVED 8'' (OLTEN),66.0,32208.0,20442.0,3,2,657,0.000186,0.91068,B,ABC_PARETO,sales_only_v1,draft
KELLY STRAIGHT 8'' (OLTEN),66.0,32208.0,20412.0,3,2,658,0.000186,0.910866,B,ABC_PARETO,sales_only_v1,draft
VELON 6.25MG TAB,546.0,32036.0,197071.82,20,12,659,0.000185,0.911051,B,ABC_PARETO,sales_only_v1,draft
THERMOMETER SURGITECH,400.0,32000.0,20000.0,2,2,660,0.000185,0.911236,B,ABC_PARETO,sales_only_v1,draft
NORVATROL 5MG,372.0,31620.0,323640.0,1,1,661,0.000183,0.911419,B,ABC_PARETO,sales_only_v1,draft
TOOTHPASTE COLGATE 37G,700.0,31500.0,20300.0,1,1,662,0.000182,0.911601,B,ABC_PARETO,sales_only_v1,draft
X-RAY DEVELOPER POWDER MANUAL FUJI,16.161,31479.04,-31.69,4,1,663,0.000182,0.911783,B,ABC_PARETO,sales_only_v1,draft
DISPOSABLE SYRINGE 3CC - INDOPLAS,135.0,31050.0,68604.0,3,3,664,0.000179,0.911963,B,ABC_PARETO,sales_only_v1,draft
N95 FACE MASK PARTICULATE RESPIRATOR SURGICAL MASK (3M),81.6,30930.0,232894.0,6,6,665,0.000179,0.912141,B,ABC_PARETO,sales_only_v1,draft
DISPOSABLE GOWN,385.0,30800.0,49472.5,1,1,666,0.000178,0.912319,B,ABC_PARETO,sales_only_v1,draft
HYCLENS OB WASH ANTISEPTIC,221.0,30630.6,19260.26,15,9,667,0.000177,0.912496,B,ABC_PARETO,sales_only_v1,draft
OFPLEMED FORTE 600MG,165.0,30630.0,90878.75,5,4,668,0.000177,0.912673,B,ABC_PARETO,sales_only_v1,draft
STERILE GLOVES 6.5 - GLOMED,40.0,30400.0,29520.0,1,1,669,0.000176,0.912849,B,ABC_PARETO,sales_only_v1,draft
CALCIFESAPH 600MG/10MCG FILM COATED,180.0,30240.0,2160.0,1,1,670,0.000175,0.913024,B,ABC_PARETO,sales_only_v1,draft
NERVESAPH,467.0,30218.0,62695.68,9,7,671,0.000175,0.913199,B,ABC_PARETO,sales_only_v1,draft
NUPIRA 1MG/ML (4MG/4ML),22.0,30200.0,14160.0,2,2,672,0.000175,0.913373,B,ABC_PARETO,sales_only_v1,draft
LYCORTIS 100MG IV,57.0,30153.0,10347.0,2,1,673,0.000174,0.913547,B,ABC_PARETO,sales_only_v1,draft
"LEUKOPLAST 1"" (2.5CMX5M)",155.0,30100.0,74966.0,8,7,674,0.000174,0.913721,B,ABC_PARETO,sales_only_v1,draft
NITRILE GLOVES MEDIUM DR. GREG,150.0,30000.0,9630.0,2,2,675,0.000173,0.913895,B,ABC_PARETO,sales_only_v1,draft
PERSONAL PROTECTIVE EQUIPMENT COVER ALL (3M),50.0,30000.0,20000.0,1,1,676,0.000173,0.914068,B,ABC_PARETO,sales_only_v1,draft
CEFUSAPH 125MG SUSP 60ML,400.0,30000.0,26997.12,3,1,677,0.000173,0.914241,B,ABC_PARETO,sales_only_v1,draft
CLARITHROMED 125MG,250.0,30000.0,27500.0,2,2,678,0.000173,0.914415,B,ABC_PARETO,sales_only_v1,draft
GLOVES MEDIUM VINYL NONSTERILE (GLOMED),200.0,30000.0,28000.0,1,1,679,0.000173,0.914588,B,ABC_PARETO,sales_only_v1,draft
EUROZYLLIN 250MG,2000.0,30000.0,19020.0,2,1,680,0.000173,0.914762,B,ABC_PARETO,sales_only_v1,draft
IV CANNULA 18G - CAREPLUS,30.0,30000.0,29160.0,1,1,681,0.000173,0.914935,B,ABC_PARETO,sales_only_v1,draft
SOLUNATE 84MG/ML (8.4%),6.5,29900.0,43680.0,17,9,682,0.000173,0.915108,B,ABC_PARETO,sales_only_v1,draft
SUCTION CONNECTING TUBE - SIMPLEX,265.0,29805.0,36925.0,7,7,683,0.000172,0.91528,B,ABC_PARETO,sales_only_v1,draft
LATEX FOLEY BALLOON CATHETER SILICONE COATED 2 WAY FR.16 - SIMPLEX,745.0,29800.0,27315.0,2,2,684,0.000172,0.915452,B,ABC_PARETO,sales_only_v1,draft
POVIDONE 10% SOLUTION ANTISEPTIC (BETASOL ),35.0,29750.0,13390.0,4,3,685,0.000172,0.915624,B,ABC_PARETO,sales_only_v1,draft
TOOTHPASTE CLOSE-UP GREEN 50ML,650.0,29737.5,18151.5,3,2,686,0.000172,0.915796,B,ABC_PARETO,sales_only_v1,draft
BETASOL 7.5MG/ML POVIDONE IODINE,42.0,29700.0,31568.0,4,4,687,0.000172,0.915968,B,ABC_PARETO,sales_only_v1,draft
IV CANNULA G20 - CATHULA,15.5,29700.0,29365.1,3,2,688,0.000172,0.916139,B,ABC_PARETO,sales_only_v1,draft
NASAL OXYGEN CANNULA ADULT (HEXACARE),1350.0,29700.0,13088.0,3,3,689,0.000172,0.916311,B,ABC_PARETO,sales_only_v1,draft
AMBUBAG MANUAL RESUSCITATOR SILICONE ADULT (PRIMAPLUS),22.0,29700.0,64975.0,5,4,690,0.000172,0.916483,B,ABC_PARETO,sales_only_v1,draft
GALAXY TABLET S7 FESM-T733NLGEXTC,1.0,29490.0,20310.0,1,1,691,0.00017,0.916653,B,ABC_PARETO,sales_only_v1,draft
MAZINE 10MG,567.0,29484.0,13708.0,3,2,692,0.00017,0.916824,B,ABC_PARETO,sales_only_v1,draft
MULTI GROW OB PLUS,56.0,29400.0,40960.0,21,16,693,0.00017,0.916994,B,ABC_PARETO,sales_only_v1,draft
KEEF - 250 250MG/5ML,279.0,29295.0,67719.04,6,6,694,0.000169,0.917163,B,ABC_PARETO,sales_only_v1,draft
POVIDONE IODINE 7.5% - MEDICROSS,45.0,29250.0,26180.0,4,3,695,0.000169,0.917332,B,ABC_PARETO,sales_only_v1,draft
IV INFUSION SET (ADULT) 20ML DROPS - ORMED,1700.0,28900.0,45099.98,1,1,696,0.000167,0.917499,B,ABC_PARETO,sales_only_v1,draft
VOXOLL 30MG TAB,172.0,28896.0,77497.2,43,25,697,0.000167,0.917666,B,ABC_PARETO,sales_only_v1,draft
AHBAY-TOX 40IU/0.5ML VIAL,50.0,28750.0,13875.0,1,1,698,0.000166,0.917832,B,ABC_PARETO,sales_only_v1,draft
UNDER PADS FOR ADULTS,220.0,28600.0,14400.0,2,1,699,0.000165,0.917997,B,ABC_PARETO,sales_only_v1,draft
ROZTIN 20MG,154.0,28576.46,44261.53,8,7,700,0.000165,0.918163,B,ABC_PARETO,sales_only_v1,draft
AUGMENTIN ES 228.5MG,96.0,28416.0,8760.0,2,2,701,0.000164,0.918327,B,ABC_PARETO,sales_only_v1,draft
BIOPHEN 1M,333.0,28305.0,34905.0,4,2,702,0.000164,0.91849,B,ABC_PARETO,sales_only_v1,draft
WELLTRATE 50MG,110.01,28269.99,8780.01,4,3,703,0.000163,0.918654,B,ABC_PARETO,sales_only_v1,draft
TERMAGEN 500MG,269.0,28245.0,90665.0,32,23,704,0.000163,0.918817,B,ABC_PARETO,sales_only_v1,draft
FLUCYSTEINE-600 600MG 6G,300.0,28240.0,21920.0,7,5,705,0.000163,0.91898,B,ABC_PARETO,sales_only_v1,draft
PEPTOBURG 3.35G/5ML,300.0,28224.0,8115.0,2,1,706,0.000163,0.919143,B,ABC_PARETO,sales_only_v1,draft
0.9% SODIUM CHLORIDE,711.0,28084.5,27855.5,3,3,707,0.000162,0.919306,B,ABC_PARETO,sales_only_v1,draft
CLIN-GEN 300MG CAP,80.0,28050.0,23188.75,9,5,708,0.000162,0.919468,B,ABC_PARETO,sales_only_v1,draft
SOLVASC 5MG TAB,73.0,28026.89,73251.71,4,4,709,0.000162,0.91963,B,ABC_PARETO,sales_only_v1,draft
RAHMACIN 500MG,45.6,28016.0,27734.0,4,3,710,0.000162,0.919792,B,ABC_PARETO,sales_only_v1,draft
CIXTOR-Z 500MG/10MG,133.0,27930.0,59933.6,22,9,711,0.000161,0.919953,B,ABC_PARETO,sales_only_v1,draft
LIFERZIN 1G IV,115.1373,27812.46,99718.63,30,18,712,0.000161,0.920114,B,ABC_PARETO,sales_only_v1,draft
FACESHIELD - GARTERIZED (HENG-DE),2320.0,27800.0,34000.0,3,3,713,0.000161,0.920275,B,ABC_PARETO,sales_only_v1,draft
SURE GUARD LATEX SURGICAL GLOVES 7.0,37.0,27750.0,22781.0,3,3,714,0.00016,0.920435,B,ABC_PARETO,sales_only_v1,draft
GLOVES LARGE LATEX NONSTERILE (INDOPLAS),143.0,27505.0,6955.0,8,5,715,0.000159,0.920594,B,ABC_PARETO,sales_only_v1,draft
CEPROTRON 500MG TAB,50.0,27500.0,64375.0,16,10,716,0.000159,0.920753,B,ABC_PARETO,sales_only_v1,draft
RICHARDSON EASTMAN RETRACTOR SET OF 2PCS,20.0,27420.0,21950.0,3,1,717,0.000158,0.920911,B,ABC_PARETO,sales_only_v1,draft
STERILLIUM,18.0,27400.0,19400.0,2,2,718,0.000158,0.92107,B,ABC_PARETO,sales_only_v1,draft
CLINDAPHIL-600 150MG/ML (600MG/4ML) 4ML,40.0,27400.0,20488.0,1,1,719,0.000158,0.921228,B,ABC_PARETO,sales_only_v1,draft
LUBRICATING JELLY - SURGITECH 150G,186.0,27320.0,32510.0,6,5,720,0.000158,0.921386,B,ABC_PARETO,sales_only_v1,draft
MEDRIZINE 2.5MG/ML DROPS,975.0,27300.0,112312.0,7,5,721,0.000158,0.921544,B,ABC_PARETO,sales_only_v1,draft
SANOVIZ OB PLUS CAP,52.0,27300.0,51225.0,4,4,722,0.000158,0.921702,B,ABC_PARETO,sales_only_v1,draft
ACETYLNOVA 200MG 30'S,89.66,27169.0,11797.4,3,2,723,0.000157,0.921859,B,ABC_PARETO,sales_only_v1,draft
AZICARE 500MG TAB,50.0,27000.0,103200.0,5,3,724,0.000156,0.922015,B,ABC_PARETO,sales_only_v1,draft
ENOCLEX 60MG,15.0,27000.0,6600.0,1,1,725,0.000156,0.922171,B,ABC_PARETO,sales_only_v1,draft
DISPOSABLE SYRINGE 1CC - PARTNER,90.0,27000.0,74490.0,2,1,726,0.000156,0.922327,B,ABC_PARETO,sales_only_v1,draft
GIOCILLIN 500MG,200.0,27000.0,29195.0,2,2,727,0.000156,0.922483,B,ABC_PARETO,sales_only_v1,draft
TRIANGULAR BANDAGE,458.0,26850.0,40420.0,3,3,728,0.000155,0.922638,B,ABC_PARETO,sales_only_v1,draft
CO-AMOXISAPH 625,159.67,26824.56,100773.83,6,5,729,0.000155,0.922793,B,ABC_PARETO,sales_only_v1,draft
DOXYPERL,200.0,26820.0,152980.0,1,1,730,0.000155,0.922948,B,ABC_PARETO,sales_only_v1,draft
VITACORE 100MG,237.4,26791.0,235002.0,26,13,731,0.000155,0.923103,B,ABC_PARETO,sales_only_v1,draft
REGIVASC 5MG TAB,1337.0,26755.0,1221295.0,8,8,732,0.000155,0.923257,B,ABC_PARETO,sales_only_v1,draft
ANIN 50 PLUS 50MG/12.5MG,254.0,26670.0,84435.0,19,9,733,0.000154,0.923412,B,ABC_PARETO,sales_only_v1,draft
AMPI-1,154.7,26578.5,45546.5,29,18,734,0.000154,0.923565,B,ABC_PARETO,sales_only_v1,draft
DISPOSABLE SYRINGE 3CC - TERUMO,52.5,26550.0,28000.0,3,3,735,0.000153,0.923719,B,ABC_PARETO,sales_only_v1,draft
URINE SPECIMEN ORDINARY,2650.0,26500.0,3500.0,3,2,736,0.000153,0.923872,B,ABC_PARETO,sales_only_v1,draft
TRANSPORE 3M 1527-1,33.0,26400.0,16500.0,4,4,737,0.000153,0.924024,B,ABC_PARETO,sales_only_v1,draft
REVITAPLEX TAB,300.0,26400.0,180100.0,2,1,738,0.000153,0.924177,B,ABC_PARETO,sales_only_v1,draft
GROCERY PRODUCT (RICE/CANNED GOODS),50.0,26270.0,23680.0,1,1,739,0.000152,0.924329,B,ABC_PARETO,sales_only_v1,draft
BAAMCILLIN-250 250MG,250.0,26250.0,35025.0,4,2,740,0.000152,0.924481,B,ABC_PARETO,sales_only_v1,draft
TOSYLAM 750MG,18.0,26100.0,51725.0,5,4,741,0.000151,0.924631,B,ABC_PARETO,sales_only_v1,draft
"TOUCH SCREEN;PN;01,16,04506",2.0,26000.0,19500.0,2,2,742,0.00015,0.924782,B,ABC_PARETO,sales_only_v1,draft
X-RAY CASETTE : 8X10 WITH INTENSIFY SCREEN,2.0,25990.0,7905.0,2,1,743,0.00015,0.924932,B,ABC_PARETO,sales_only_v1,draft
BUDEXA,44.0,25740.0,50381.0,5,5,744,0.000149,0.925081,B,ABC_PARETO,sales_only_v1,draft
FACE MASK N95 PARTICULATE RESPIRATOR,125.0,25720.0,186290.0,2,2,745,0.000149,0.925229,B,ABC_PARETO,sales_only_v1,draft
LACTAMOX 125MG/31.25MG/5ML,218.0,25677.56,55339.44,18,12,746,0.000148,0.925378,B,ABC_PARETO,sales_only_v1,draft
KALIUSAPHRIDE 600MG,19.1743,25638.54,18371.44,5,4,747,0.000148,0.925526,B,ABC_PARETO,sales_only_v1,draft
CLINTOP 300MG,80.0,25600.0,14400.0,1,1,748,0.000148,0.925674,B,ABC_PARETO,sales_only_v1,draft
SHARJVAX 3000IU/0.95ML,12.0,25440.0,11160.0,2,2,749,0.000147,0.925821,B,ABC_PARETO,sales_only_v1,draft
VITACORE 100MG/100MG/1MG 3ML,227.0,25430.0,61940.0,19,13,750,0.000147,0.925968,B,ABC_PARETO,sales_only_v1,draft
FEROSE 20MG/ML (100MG/5ML) 5ML,80.0,25400.0,8404.0,1,1,751,0.000147,0.926115,B,ABC_PARETO,sales_only_v1,draft
TUXADO ENOXAPARIN SODIUM INJECTION USP 60MG,73.5,25357.5,289369.5,1,1,752,0.000147,0.926261,B,ABC_PARETO,sales_only_v1,draft
DISPOSABLE SYRINGE/TUBERCULIN 1CC (CAREPLUS),115.0,25300.0,15280.0,3,3,753,0.000146,0.926407,B,ABC_PARETO,sales_only_v1,draft
MYOMIDE 20MG/ML,202.0,25250.0,43590.0,3,2,754,0.000146,0.926553,B,ABC_PARETO,sales_only_v1,draft
TANAFEN 450MG/35MG,144.0,25200.0,83100.0,15,13,755,0.000146,0.926699,B,ABC_PARETO,sales_only_v1,draft
DIGITAL THERMOMETER SURE-GUARD,250.0,25000.0,24000.0,2,2,756,0.000144,0.926844,B,ABC_PARETO,sales_only_v1,draft
JACKSON PRATT 100ML,20.0,25000.0,16800.0,2,2,757,0.000144,0.926988,B,ABC_PARETO,sales_only_v1,draft
SPASCLOMIN 10MG/5ML,500.0,25000.0,6500.0,1,1,758,0.000144,0.927133,B,ABC_PARETO,sales_only_v1,draft
RETACONAZOL 20MG/G (2% W/W) 15G,600.0,24900.0,45300.0,1,1,759,0.000144,0.927276,B,ABC_PARETO,sales_only_v1,draft
KIDNEY BASIN STAINLESS STEEL 10'' (OLTEN),50.0,24900.0,23185.0,2,2,760,0.000144,0.92742,B,ABC_PARETO,sales_only_v1,draft
ACTEINSAPH-600MG,93.1,24857.7,28657.7,2,1,761,0.000144,0.927564,B,ABC_PARETO,sales_only_v1,draft
DOTHIX 100MG,170.0,24820.0,24470.0,4,3,762,0.000143,0.927707,B,ABC_PARETO,sales_only_v1,draft
MATERNITY PAD - SANITEX,200.0,24800.0,10870.0,4,4,763,0.000143,0.927851,B,ABC_PARETO,sales_only_v1,draft
RAPICLAV 625MG,164.0,24600.0,165378.0,3,2,764,0.000142,0.927993,B,ABC_PARETO,sales_only_v1,draft
VACUTAINER LAVENDER TOP EDTA K3 3ML 100'S (VACUGEN),50.0,24600.0,5350.0,1,1,765,0.000142,0.928135,B,ABC_PARETO,sales_only_v1,draft
AUGMENTIN ES 642.9MG/5ML,36.0,24588.0,13356.0,1,1,766,0.000142,0.928277,B,ABC_PARETO,sales_only_v1,draft
ISOPROPYL ALCOHOL 500ML - ALCO-AID,341.0,24552.0,15441.0,2,2,767,0.000142,0.928419,B,ABC_PARETO,sales_only_v1,draft
HEMOBAS 100MG/ML (500MG/5ML) 5ML,129.0,24510.0,64135.0,16,12,768,0.000142,0.928561,B,ABC_PARETO,sales_only_v1,draft
DUOTRAM 325MG/37.5MG,47.0,24440.0,43740.0,10,9,769,0.000141,0.928702,B,ABC_PARETO,sales_only_v1,draft
AXALAV 500MG/125MG (625MG),154.95,24405.0,133649.0,3,2,770,0.000141,0.928843,B,ABC_PARETO,sales_only_v1,draft
SAPHARIN 20MG/ML,158.0,24332.0,36921.51,17,4,771,0.000141,0.928984,B,ABC_PARETO,sales_only_v1,draft
IV CANNULA G24 - CAN CARE / BOX,12.0,24300.0,35100.0,4,4,772,0.00014,0.929124,B,ABC_PARETO,sales_only_v1,draft
LEAFLETS,5000.0,24250.0,49500.0,1,1,773,0.00014,0.929264,B,ABC_PARETO,sales_only_v1,draft
NEUROBE 100MG/100MG/1MG 3ML,200.0,24200.0,15800.0,1,1,774,0.00014,0.929404,B,ABC_PARETO,sales_only_v1,draft
GLOVES (M),40.0,24000.0,14500.04,5,4,775,0.000139,0.929543,B,ABC_PARETO,sales_only_v1,draft
MUPIROW 20MG,500.0,24000.0,29850.0,1,1,776,0.000139,0.929682,B,ABC_PARETO,sales_only_v1,draft
GLOVES SMALL NITRILE NONSTERILE (INDOPLAS),120.0,24000.0,5640.0,1,1,777,0.000139,0.92982,B,ABC_PARETO,sales_only_v1,draft
NASOGASTRIC TUBE FR 16 (PARTNERS),150.0,24000.0,24591.0,1,1,778,0.000139,0.929959,B,ABC_PARETO,sales_only_v1,draft
NASOGASTRIC TUBE FR 18 (PARTNERS),150.0,24000.0,24591.0,1,1,779,0.000139,0.930098,B,ABC_PARETO,sales_only_v1,draft
TROVIPRI 80MG,75.0,24000.0,16327.5,7,3,780,0.000139,0.930236,B,ABC_PARETO,sales_only_v1,draft
ASICLAV 625MG,198.0,23958.34,82900.85,3,3,781,0.000138,0.930375,B,ABC_PARETO,sales_only_v1,draft
JAGAPLEX,60.5,23897.5,41077.5,15,10,782,0.000138,0.930513,B,ABC_PARETO,sales_only_v1,draft
AMBIMOX 500MG,152.0,23858.0,28532.0,6,4,783,0.000138,0.930651,B,ABC_PARETO,sales_only_v1,draft
IV CANNULA 18G - HEXACARE,34.0,23800.0,43248.0,3,2,784,0.000138,0.930789,B,ABC_PARETO,sales_only_v1,draft
TRANEXSAPH 500MG,65.0,23725.0,57437.5,16,7,785,0.000137,0.930926,B,ABC_PARETO,sales_only_v1,draft
NYSECODE 50MG,43.0,23650.0,42079.0,8,4,786,0.000137,0.931062,B,ABC_PARETO,sales_only_v1,draft
CARDIPEN 1MG/ML 2ML,10.0,23550.0,950.0,1,1,787,0.000136,0.931198,B,ABC_PARETO,sales_only_v1,draft
AMPICARE 500MG/250MG,84.0,23520.0,444363.5,6,4,788,0.000136,0.931334,B,ABC_PARETO,sales_only_v1,draft
HAEMOREX 500MG CAP,54.5,23435.0,54362.5,20,12,789,0.000135,0.93147,B,ABC_PARETO,sales_only_v1,draft
TOOTHBRUSH KIDDIE COLGATE,1400.1423,23372.85,38292.11,3,3,790,0.000135,0.931605,B,ABC_PARETO,sales_only_v1,draft
ROST-20 20MGTAB,36.0,23366.0,8378.0,4,3,791,0.000135,0.93174,B,ABC_PARETO,sales_only_v1,draft
ATREX 1MG/ML,102.5,23270.0,51300.4,25,16,792,0.000134,0.931874,B,ABC_PARETO,sales_only_v1,draft
BLOOD CONNECTING YELLOW TOP,39.0,23218.0,36324.0,4,4,793,0.000134,0.932009,B,ABC_PARETO,sales_only_v1,draft
STERILE LATEX SURGICAL GLOVES 8.0 INDOPLAS,29.0,23200.0,27075.0,2,2,794,0.000134,0.932143,B,ABC_PARETO,sales_only_v1,draft
OPTRYL EYE OINTMENT,240.0,23139.0,29535.95,11,8,795,0.000134,0.932276,B,ABC_PARETO,sales_only_v1,draft
ARTAL-H 50MG/12.5MG,152.0,23076.45,155443.82,30,19,796,0.000133,0.93241,B,ABC_PARETO,sales_only_v1,draft
INFUSION SET MACRO DROP 20DROPS/ML UNIMEX,1150.0,23000.0,115250.0,2,2,797,0.000133,0.932543,B,ABC_PARETO,sales_only_v1,draft
ISOPROPHYL ALCOHOL 70% GALLON (ALCORADE),100.0,23000.0,29100.0,1,1,798,0.000133,0.932676,B,ABC_PARETO,sales_only_v1,draft
ETHYL ALCOHOL 70% GALLON (ALCORADE),100.0,23000.0,17000.0,1,1,799,0.000133,0.932809,B,ABC_PARETO,sales_only_v1,draft
ACCEDIAZINE 10MG/G (1% W/W) 25G,365.0,22995.0,27375.0,1,1,800,0.000133,0.932942,B,ABC_PARETO,sales_only_v1,draft
SANIX 200MG,163.33,22951.63,118443.66,14,9,801,0.000133,0.933074,B,ABC_PARETO,sales_only_v1,draft
GIAN ZINC 120ML SYR,270.0,22950.0,27905.5,27,21,802,0.000133,0.933207,B,ABC_PARETO,sales_only_v1,draft
ISOKET 1MG/1ML,3.0,22942.2,16447.4,3,2,803,0.000133,0.933339,B,ABC_PARETO,sales_only_v1,draft
UNISOL-M,59.0,22715.0,73000.0,6,4,804,0.000131,0.933471,B,ABC_PARETO,sales_only_v1,draft
TRANSPORE 1 INCH 3M 1527-1,30.0,22500.0,17500.0,4,4,805,0.00013,0.933601,B,ABC_PARETO,sales_only_v1,draft
STERILE LATEX SURGICAL GLOVES #7,30.0,22500.0,25050.0,2,1,806,0.00013,0.933731,B,ABC_PARETO,sales_only_v1,draft
SURGICAL GLOVES STERILE 7.5,30.0,22500.0,18000.0,1,1,807,0.00013,0.933861,B,ABC_PARETO,sales_only_v1,draft
ERZIN 500MG TAB,50.0,22500.0,37450.0,1,1,808,0.00013,0.933991,B,ABC_PARETO,sales_only_v1,draft
FACE MASK EARLOOP,460.0,22300.0,83770.0,6,5,809,0.000129,0.93412,B,ABC_PARETO,sales_only_v1,draft
MULTILEM 100MG-DROPS,1232.0,22246.0,18672.0,6,6,810,0.000129,0.934248,B,ABC_PARETO,sales_only_v1,draft
MANNITOL 500ML,120.0,22200.0,6744.0,2,2,811,0.000128,0.934377,B,ABC_PARETO,sales_only_v1,draft
ENOXAGET-60 60MG/0.6ML,30.0,22200.0,16650.0,2,1,812,0.000128,0.934505,B,ABC_PARETO,sales_only_v1,draft
HBSAG - RIGHT SIGN,330.0,22176.0,10473.0,2,2,813,0.000128,0.934633,B,ABC_PARETO,sales_only_v1,draft
METRICIDE,17.0,22100.0,21700.0,4,3,814,0.000128,0.934761,B,ABC_PARETO,sales_only_v1,draft
FACE SHIELD,2760.0,22080.0,98237.42,6,5,815,0.000128,0.934888,B,ABC_PARETO,sales_only_v1,draft
SQCEF 250MG,235.0,22080.0,41466.5,6,6,816,0.000128,0.935016,B,ABC_PARETO,sales_only_v1,draft
ALCOHOL 70% ETHYL BESTLAB,45.0,22038.75,2846.25,2,2,817,0.000127,0.935143,B,ABC_PARETO,sales_only_v1,draft
OXAN 500MG,120.0,22000.0,76700.0,3,3,818,0.000127,0.935271,B,ABC_PARETO,sales_only_v1,draft
PLETAXOL 50MG,100.0,22000.0,105000.0,2,2,819,0.000127,0.935398,B,ABC_PARETO,sales_only_v1,draft
MEDICAL BED 2 CRANKS,2.0,22000.0,20000.0,1,1,820,0.000127,0.935525,B,ABC_PARETO,sales_only_v1,draft
CIPROGYL 2MG/ML (200MG/100ML) 100ML,1000.0,22000.0,14620.0,1,1,821,0.000127,0.935652,B,ABC_PARETO,sales_only_v1,draft
MULTI-GROW VITAMIN DROPS,314.0,21980.0,26355.0,5,2,822,0.000127,0.935779,B,ABC_PARETO,sales_only_v1,draft
IRBIN 150MG TAB,96.0,21888.0,60417.0,7,6,823,0.000127,0.935906,B,ABC_PARETO,sales_only_v1,draft
INSTRUMENT TRAY WITH COVER STAINLESS STEEL 10X8X2.5 (OLTEN),17.0,21845.0,15130.0,2,2,824,0.000126,0.936032,B,ABC_PARETO,sales_only_v1,draft
ERGOMET 200 MCG/ML,104.0,21762.0,46053.0,5,5,825,0.000126,0.936158,B,ABC_PARETO,sales_only_v1,draft
CENDALEX 100MG/ML DROPS,649.0,21708.7,44996.7,35,23,826,0.000125,0.936283,B,ABC_PARETO,sales_only_v1,draft
SAPHIXIME 200MG,116.66,21699.98,119759.44,8,8,827,0.000125,0.936409,B,ABC_PARETO,sales_only_v1,draft
BETASOL 10% SOLUTION ANTISEPTIC,36.0,21680.0,25610.0,4,3,828,0.000125,0.936534,B,ABC_PARETO,sales_only_v1,draft
DOPAN 200MG/5ML,98.0,21616.0,88322.82,13,10,829,0.000125,0.936659,B,ABC_PARETO,sales_only_v1,draft
VOLUMETRIC SET 150ML POLYMED,200.0,21600.0,8800.0,1,1,830,0.000125,0.936784,B,ABC_PARETO,sales_only_v1,draft
NOVAC PLUS 1G/500MG,480.0,21600.0,8822.4,3,3,831,0.000125,0.936908,B,ABC_PARETO,sales_only_v1,draft
AMBIMOX 500MG CAP,137.0,21589.0,64580.5,6,6,832,0.000125,0.937033,B,ABC_PARETO,sales_only_v1,draft
DUVAGEN 10MG,59.0,21535.0,41615.01,8,3,833,0.000124,0.937158,B,ABC_PARETO,sales_only_v1,draft
XELIC 400MG,34.0,21250.0,131036.0,1,1,834,0.000123,0.937281,B,ABC_PARETO,sales_only_v1,draft
ANIN 50,250.0,21250.0,53250.0,1,1,835,0.000123,0.937403,B,ABC_PARETO,sales_only_v1,draft
FUROXIDE 10MG/2ML,327.0,21205.0,122220.0,26,15,836,0.000123,0.937526,B,ABC_PARETO,sales_only_v1,draft
EMICOX 200MG,107.0,21186.0,37774.0,7,4,837,0.000122,0.937648,B,ABC_PARETO,sales_only_v1,draft
METZENBAUM CURVE SIZE 7'' (OLTEN),50.0,21150.0,42550.0,1,1,838,0.000122,0.937771,B,ABC_PARETO,sales_only_v1,draft
ACCU-CHECK INSTANT 100STRIPS,13.5,21060.0,25870.0,3,3,839,0.000122,0.937892,B,ABC_PARETO,sales_only_v1,draft
CAPILLARY TUBE,32.0,21000.0,24080.0,5,4,840,0.000121,0.938014,B,ABC_PARETO,sales_only_v1,draft
ATOVAS 80MG,94.0,20981.74,54046.66,7,6,841,0.000121,0.938135,B,ABC_PARETO,sales_only_v1,draft
PARA500,332.0,20818.0,35663.5,22,10,842,0.00012,0.938255,B,ABC_PARETO,sales_only_v1,draft
ADULT DIAPER MEDIUM-SURE GUARD,130.0,20800.0,6170.0,2,2,843,0.00012,0.938375,B,ABC_PARETO,sales_only_v1,draft
VALERI 1MG/G (0.1% W/W) 10G,650.0,20800.0,24700.0,2,2,844,0.00012,0.938496,B,ABC_PARETO,sales_only_v1,draft
VITAMIN B1+B6+B12 FIRSTMED,244.0,20740.0,53722.0,15,10,845,0.00012,0.938616,B,ABC_PARETO,sales_only_v1,draft
FLEXIMA APDL PIGTAIL CATHETER FR10,5.0,20700.0,20500.0,1,1,846,0.00012,0.938735,B,ABC_PARETO,sales_only_v1,draft
FLEXIMA APDL PIGTAIL CATHETER FR12,5.0,20700.0,20500.0,1,1,847,0.00012,0.938855,B,ABC_PARETO,sales_only_v1,draft
RUCEF 500MG,20.0,20600.0,87300.0,2,2,848,0.000119,0.938974,B,ABC_PARETO,sales_only_v1,draft
EMZART 80,78.0,20592.0,41382.0,15,7,849,0.000119,0.939093,B,ABC_PARETO,sales_only_v1,draft
GAUZE PAD STERILE 4''X8''X8PLY 28X24 MESH (PARTNERS),158.0,20540.0,22830.0,2,2,850,0.000119,0.939212,B,ABC_PARETO,sales_only_v1,draft
GLYCINORM 80MG TAB,179.22,20509.58,100347.22,13,10,851,0.000119,0.93933,B,ABC_PARETO,sales_only_v1,draft
DISPOSABLE SYRINGE 5CC - SUREGUARD,82.0,20500.0,45674.0,2,2,852,0.000118,0.939449,B,ABC_PARETO,sales_only_v1,draft
SAPHLOR-100,130.0,20400.0,34400.0,6,5,853,0.000118,0.939567,B,ABC_PARETO,sales_only_v1,draft
HIZON,21.0,20370.0,18340.0,4,4,854,0.000118,0.939684,B,ABC_PARETO,sales_only_v1,draft
BABY OIL 50ML (JOHNSON),424.0,20203.28,7436.72,15,11,855,0.000117,0.939801,B,ABC_PARETO,sales_only_v1,draft
ANIFER 190MG,263.79,20133.72,103834.28,14,11,856,0.000116,0.939917,B,ABC_PARETO,sales_only_v1,draft
MALUNGGAY CAPSULE,50.0,20000.0,12500.0,1,1,857,0.000116,0.940033,B,ABC_PARETO,sales_only_v1,draft
CLEANING AND CALIBRATION/CALIBRATION VERIFCATION,2.0,20000.0,15000.0,2,2,858,0.000116,0.940149,B,ABC_PARETO,sales_only_v1,draft
IV CANNULALUER LOCK G26 0.6X19MM (BD),5.0,20000.0,30000.0,2,1,859,0.000116,0.940264,B,ABC_PARETO,sales_only_v1,draft
HEMAQUICK STAIN - MEDIC,5.0,19906.0,19708.0,4,4,860,0.000115,0.940379,B,ABC_PARETO,sales_only_v1,draft
FERGLOBIN FA 60MG/400MCG,61.0,19825.0,31897.04,14,12,861,0.000115,0.940494,B,ABC_PARETO,sales_only_v1,draft
SAPHCLAZIDE 60 GLICLAZIDE TABLET,40.0,19800.0,40600.0,1,1,862,0.000114,0.940608,B,ABC_PARETO,sales_only_v1,draft
KODAK MEDICAL X-RAY FILM ( GEN PURPOSE GREEN ) 11X14IN,6.0,19800.0,5610.0,1,1,863,0.000114,0.940723,B,ABC_PARETO,sales_only_v1,draft
CINNABLOC 75MG,370.0,19780.0,37653.0,38,24,864,0.000114,0.940837,B,ABC_PARETO,sales_only_v1,draft
TORVASTATIN 20MG,200.0,19600.0,110000.0,2,2,865,0.000113,0.94095,B,ABC_PARETO,sales_only_v1,draft
MIXCLAV 250MG/62.5MG 5ML,200.0,19600.0,55200.0,1,1,866,0.000113,0.941064,B,ABC_PARETO,sales_only_v1,draft
DISPOSABLE SYRINGE/TUBERCULIN 1CC 25GX5/8 (TERUMO),20.0,19600.0,3800.0,1,1,867,0.000113,0.941177,B,ABC_PARETO,sales_only_v1,draft
SYRINGE 5CC SURESHOT,100.0,19500.0,61100.0,1,1,868,0.000113,0.94129,B,ABC_PARETO,sales_only_v1,draft
CONDOM NATURAL 3'S (TRUST),1000.0,19497.0,60503.0,1,1,869,0.000113,0.941402,B,ABC_PARETO,sales_only_v1,draft
NYESECOD 50MG,28.0,19460.0,32515.0,3,2,870,0.000112,0.941515,B,ABC_PARETO,sales_only_v1,draft
CENDALEX 250MG/5ML SUS,327.0,19456.5,36122.7,22,11,871,0.000112,0.941627,B,ABC_PARETO,sales_only_v1,draft
HISTARIL 2MG/100MG CAP,86.24,19404.0,42884.92,24,10,872,0.000112,0.941739,B,ABC_PARETO,sales_only_v1,draft
URINE BAG ADULT 2000ML PARTNERS,875.0,19250.0,6570.0,5,5,873,0.000111,0.941851,B,ABC_PARETO,sales_only_v1,draft
CADAVER BAG,50.0,19250.0,21600.0,1,1,874,0.000111,0.941962,B,ABC_PARETO,sales_only_v1,draft
HISTARIL 1MG/50MG/5ML SYR,665.0,19227.2,44377.4,40,22,875,0.000111,0.942073,B,ABC_PARETO,sales_only_v1,draft
DIGITAL THERMOMETER (SURGITECH),295.0,19175.0,12757.5,7,5,876,0.000111,0.942184,B,ABC_PARETO,sales_only_v1,draft
MULTI-GROW 30ML,272.0,19040.0,31316.0,11,9,877,0.00011,0.942294,B,ABC_PARETO,sales_only_v1,draft
ECG MACHINE EDAN SINGLE CHANNEL,1.0,19000.0,100500.0,1,1,878,0.00011,0.942404,B,ABC_PARETO,sales_only_v1,draft
LUBRICATING JELLY 3G (ORMED),20.0,19000.0,40700.0,1,1,879,0.00011,0.942513,B,ABC_PARETO,sales_only_v1,draft
MAYO SCISSOR STRAIGHT SIZE 7'' (OLTEN),40.0,18920.0,14740.0,3,1,880,0.000109,0.942623,B,ABC_PARETO,sales_only_v1,draft
INSULIN SYRINGE SIMPLEX,42.0,18900.0,57540.0,1,1,881,0.000109,0.942732,B,ABC_PARETO,sales_only_v1,draft
EUROZYLLIN 1G,900.0,18900.0,7722.0,2,1,882,0.000109,0.942841,B,ABC_PARETO,sales_only_v1,draft
CO-AXIAL NEEDLE G17 X 9.6CM (CURWAY),2.0,18880.0,18700.0,1,1,883,0.000109,0.94295,B,ABC_PARETO,sales_only_v1,draft
DULXATIVE,52.0,18876.0,6182.0,6,4,884,0.000109,0.94306,B,ABC_PARETO,sales_only_v1,draft
AMBISOR,50.0,18850.0,28570.0,4,3,885,0.000109,0.943168,B,ABC_PARETO,sales_only_v1,draft
LUBRICATING JELLY 150G,143.0,18780.0,9111.2,4,4,886,0.000109,0.943277,B,ABC_PARETO,sales_only_v1,draft
ROSVA 10-10MG,75.0,18750.0,36405.0,14,6,887,0.000108,0.943385,B,ABC_PARETO,sales_only_v1,draft
ISOLYTE 30MG TAB,76.0,18720.0,24965.25,9,5,888,0.000108,0.943494,B,ABC_PARETO,sales_only_v1,draft
ASTHAVERT-250 25MCG/250MCG,72.0,18720.0,16992.0,2,1,889,0.000108,0.943602,B,ABC_PARETO,sales_only_v1,draft
B-LACT,170.0,18700.0,20500.0,3,2,890,0.000108,0.94371,B,ABC_PARETO,sales_only_v1,draft
CIXTOR-Z MAX 500MG/10MG/1000IU,42.0,18690.0,50699.9,17,12,891,0.000108,0.943818,B,ABC_PARETO,sales_only_v1,draft
TORVASTATIN 40MG,120.0,18600.0,35400.0,3,1,892,0.000108,0.943925,B,ABC_PARETO,sales_only_v1,draft
DEVELOPER SHARP AR 5618,2.0,18580.0,15465.0,2,2,893,0.000107,0.944033,B,ABC_PARETO,sales_only_v1,draft
KOXIB 200MG CAP,20.0,18500.0,37500.0,4,3,894,0.000107,0.94414,B,ABC_PARETO,sales_only_v1,draft
IV CANNULA 26G - HEXACARE,23.0,18400.0,46391.0,3,2,895,0.000106,0.944246,B,ABC_PARETO,sales_only_v1,draft
CENDALEX 100MG/ML,514.0,18349.8,42949.2,30,19,896,0.000106,0.944352,B,ABC_PARETO,sales_only_v1,draft
SAPHLECOX 400,40.5,18225.0,101836.75,4,4,897,0.000105,0.944457,B,ABC_PARETO,sales_only_v1,draft
NURAMINE FORTE 100MG/100MG/1MG SOL FOR I.V,185.3,18159.4,148610.6,4,3,898,0.000105,0.944562,B,ABC_PARETO,sales_only_v1,draft
"YANKAUER W/ CONNECTING TUBE 1/4"" X 2.0M",139.0,18070.0,18070.0,6,6,899,0.000104,0.944667,B,ABC_PARETO,sales_only_v1,draft
DIADIPINE 5MG,328.0,18040.0,295200.0,1,1,900,0.000104,0.944771,B,ABC_PARETO,sales_only_v1,draft
D5LR 1000ML,300.0,18000.0,24000.0,1,1,901,0.000104,0.944875,B,ABC_PARETO,sales_only_v1,draft
NON VENTED MASK SMALL (EASEFIT),4.0,18000.0,10700.0,3,3,902,0.000104,0.944979,B,ABC_PARETO,sales_only_v1,draft
KODAK MEDICAL X-RAY FILM 10X12,6.0,18000.0,2148.0,1,1,903,0.000104,0.945083,B,ABC_PARETO,sales_only_v1,draft
SURRMED MEDICAL REGULATOR OXYGEN,20.0,18000.0,13400.0,1,1,904,0.000104,0.945187,B,ABC_PARETO,sales_only_v1,draft
ARMY NAVY 8''X1/2''X1/4'',20.0,17960.0,10760.0,2,1,905,0.000104,0.945291,B,ABC_PARETO,sales_only_v1,draft
CLODIN 75MCG,46.0,17948.0,23764.5,7,5,906,0.000104,0.945395,B,ABC_PARETO,sales_only_v1,draft
KETOROBAS 30MG/ML,97.0,17890.0,22004.5,10,8,907,0.000103,0.945498,B,ABC_PARETO,sales_only_v1,draft
ALVICA INTENSE 70ML,76.0,17860.0,20679.96,7,5,908,0.000103,0.945601,B,ABC_PARETO,sales_only_v1,draft
RESPINAL 500MG,42.0,17850.0,41940.0,12,9,909,0.000103,0.945705,B,ABC_PARETO,sales_only_v1,draft
SANOVIZ OB PLUS,34.0,17850.0,37661.0,6,5,910,0.000103,0.945808,B,ABC_PARETO,sales_only_v1,draft
FEROLEM 150MG,944.0,17836.0,12456.0,8,6,911,0.000103,0.945911,B,ABC_PARETO,sales_only_v1,draft
BUFEN 200MG/5ML,372.0,17670.0,25434.85,25,17,912,0.000102,0.946013,B,ABC_PARETO,sales_only_v1,draft
FENTIN 50MG/ML,14.0,17640.0,27720.0,3,2,913,0.000102,0.946115,B,ABC_PARETO,sales_only_v1,draft
FACEMASK BLUE,294.0,17640.0,39878.0,10,4,914,0.000102,0.946217,B,ABC_PARETO,sales_only_v1,draft
FR 16 FOLEY BALLOON CATHETER SILKY GOLD (RIBBEL STERILE),440.0,17600.0,90000.0,2,2,915,0.000102,0.946319,B,ABC_PARETO,sales_only_v1,draft
"IV CANNULA G.24 WINGED G24 X 1/4"" - B BRAUN",8.0,17600.0,37600.0,1,1,916,0.000102,0.94642,B,ABC_PARETO,sales_only_v1,draft
SANITREX MATERNITY PAD,200.0,17600.0,2800.0,1,1,917,0.000102,0.946522,B,ABC_PARETO,sales_only_v1,draft
IV CANNULA 24G - HEXACARE,22.0,17600.0,25784.0,3,2,918,0.000102,0.946624,B,ABC_PARETO,sales_only_v1,draft
AMBU BAG ADULT (PRIMAPLUS),13.0,17550.0,11910.0,3,1,919,0.000101,0.946725,B,ABC_PARETO,sales_only_v1,draft
IV CANNULA 22G - HEXACARE,25.0,17500.0,31800.0,3,2,920,0.000101,0.946826,B,ABC_PARETO,sales_only_v1,draft
SAPHIXIME 400MG,100.0,17500.0,600.0,1,1,921,0.000101,0.946927,B,ABC_PARETO,sales_only_v1,draft
MIROCID 5G,333.0,17430.0,25170.0,9,6,922,0.000101,0.947028,B,ABC_PARETO,sales_only_v1,draft
STABUFOST 40MG,40.0,17400.0,54600.0,2,2,923,0.000101,0.947129,B,ABC_PARETO,sales_only_v1,draft
"XYLODENT 20MG/ML (2%)/1: 100,000 1.8ML",20.0,17400.0,12208.0,4,3,924,0.000101,0.947229,B,ABC_PARETO,sales_only_v1,draft
LPG GAS REFILL,12.0,17378.0,6082.0,1,1,925,0.0001,0.94733,B,ABC_PARETO,sales_only_v1,draft
BUFEN 200MG/ML,479.0,17294.5,35826.14,26,19,926,0.0001,0.94743,B,ABC_PARETO,sales_only_v1,draft
CYFROX 500MG,112.62,17255.8,69275.2,16,13,927,0.0001,0.947529,B,ABC_PARETO,sales_only_v1,draft
STRAIGHT KELLY 7'',40.0,17240.0,-17240.0,2,1,928,0.0001,0.947629,B,ABC_PARETO,sales_only_v1,draft
DISPOSABLE SYRINGE WITHOUT NEEDLE 50CC/ML (TERUMO),28.0,17200.0,15300.0,5,5,929,9.9e-05,0.947728,B,ABC_PARETO,sales_only_v1,draft
MULTIVITA,307.0,17114.0,168488.4,14,8,930,9.9e-05,0.947827,B,ABC_PARETO,sales_only_v1,draft
OFPLEMED 300MG SYRUP 60ML,652.0,17059.0,44143.0,12,9,931,9.9e-05,0.947926,B,ABC_PARETO,sales_only_v1,draft
ALCOHOL ISOPROPHYL 70% - ANGEL,42.0,17010.0,13510.0,2,2,932,9.8e-05,0.948024,B,ABC_PARETO,sales_only_v1,draft
GLOVES 7.5 ( STERILE / POWDERED) - DR. CARE,20.0,17000.0,30940.0,1,1,933,9.8e-05,0.948123,B,ABC_PARETO,sales_only_v1,draft
IV CANNULA G.24 INTROCAN B BRAUN,4.0,17000.0,6400.0,1,1,934,9.8e-05,0.948221,B,ABC_PARETO,sales_only_v1,draft
STETHOSCOPE CLASSIC III ADULT (LITTMAN),2.0,17000.0,16990.0,1,1,935,9.8e-05,0.948319,B,ABC_PARETO,sales_only_v1,draft
EMERGENCY CART STAINLESS WITH DRAWER,1.0,17000.0,600.0,1,1,936,9.8e-05,0.948417,B,ABC_PARETO,sales_only_v1,draft
MICROTAINER LAVENDER TOP 0.5ML,32.0,16960.0,22096.0,2,2,937,9.8e-05,0.948515,B,ABC_PARETO,sales_only_v1,draft
AMOLTEX 2MG/5ML,611.0,16958.0,41150.0,24,15,938,9.8e-05,0.948613,B,ABC_PARETO,sales_only_v1,draft
AWANAY FORTE 500MG,59.0,16825.0,20425.0,6,3,939,9.7e-05,0.948711,B,ABC_PARETO,sales_only_v1,draft
OPRA-40 40MG,37.0,16816.5,37579.5,9,6,940,9.7e-05,0.948808,B,ABC_PARETO,sales_only_v1,draft
DISPOSABLE SYRINGE 5CC - TERUMO,28.0,16800.0,16156.0,1,1,941,9.7e-05,0.948905,B,ABC_PARETO,sales_only_v1,draft
ALCOHOL ADAMSON ISOPROPYL 70%,400.0,16800.0,18000.0,1,1,942,9.7e-05,0.949002,B,ABC_PARETO,sales_only_v1,draft
SURGICAL BLADE #20 SURGITECH,60.0,16800.0,14674.0,5,3,943,9.7e-05,0.949099,B,ABC_PARETO,sales_only_v1,draft
DEXTROSE PLAIN LACTATED RINGERS PLR 1000ML (EUROMED),240.0,16800.0,5510.4,1,1,944,9.7e-05,0.949196,B,ABC_PARETO,sales_only_v1,draft
AUTOMATIC BIOPSY NEEDLE G14 X 10CM (CURWAY) 5'S,1.0,16791.0,16699.0,1,1,945,9.7e-05,0.949293,B,ABC_PARETO,sales_only_v1,draft
EUROZINE 20MG,88.0,16720.0,34380.0,10,7,946,9.7e-05,0.94939,B,ABC_PARETO,sales_only_v1,draft
IMATET,25.0,16675.0,26325.0,3,3,947,9.6e-05,0.949486,B,ABC_PARETO,sales_only_v1,draft
GREAT GLOVE - LARGE,52.0,16640.0,8320.0,1,1,948,9.6e-05,0.949582,B,ABC_PARETO,sales_only_v1,draft
REPAIRS - RESPICARE (TOCO SENSOR),1.0,16573.66,7926.34,1,1,949,9.6e-05,0.949678,B,ABC_PARETO,sales_only_v1,draft
RESPI-SAPH 250MCG,23.0,16560.0,25390.0,2,2,950,9.6e-05,0.949774,B,ABC_PARETO,sales_only_v1,draft
NEEDLE TERUMO AGANI - 25G X 5/8 (16MM),57.0,16530.0,19578.0,2,1,951,9.6e-05,0.949869,B,ABC_PARETO,sales_only_v1,draft
VAZI2R 80MG,56.0,16520.0,13367.0,7,4,952,9.5e-05,0.949965,B,ABC_PARETO,sales_only_v1,draft
ACETYLCYSTEINE 600MG (CYSAPHTEINE),130.0,16510.0,15190.0,3,2,953,9.5e-05,0.95006,C,ABC_PARETO,sales_only_v1,draft
CONCRETE BUGGY,3.0,16500.0,10965.0,1,1,954,9.5e-05,0.950156,C,ABC_PARETO,sales_only_v1,draft
TROPIN 1MG/ML IM/IV/SC,78.5,16485.0,50755.0,14,4,955,9.5e-05,0.950251,C,ABC_PARETO,sales_only_v1,draft
CATAMED 75MCG,42.0,16448.0,40186.0,8,7,956,9.5e-05,0.950346,C,ABC_PARETO,sales_only_v1,draft
DULAX 3.35MG,173.0,16435.0,26854.3,8,4,957,9.5e-05,0.950441,C,ABC_PARETO,sales_only_v1,draft
ATORSAPH - 10MG,657.0,16425.0,99447.5,15,11,958,9.5e-05,0.950536,C,ABC_PARETO,sales_only_v1,draft
SALMONELA TYPHI,2.0,16400.0,16400.0,1,1,959,9.5e-05,0.950631,C,ABC_PARETO,sales_only_v1,draft
RANITEIN 150MG,134.6,16397.4,70398.51,17,9,960,9.5e-05,0.950725,C,ABC_PARETO,sales_only_v1,draft
FEBULAS 40-40MG,78.0,16380.0,98936.3,6,4,961,9.5e-05,0.95082,C,ABC_PARETO,sales_only_v1,draft
JAGAPLEX SYR 120ML,304.0,16370.4,25058.8,20,11,962,9.5e-05,0.950915,C,ABC_PARETO,sales_only_v1,draft
COTTON ROLL 400G (TENDERSOFT),109.0,16350.0,14415.0,4,3,963,9.4e-05,0.951009,C,ABC_PARETO,sales_only_v1,draft
GIOCILLIN 1G,52.0,16342.04,35017.96,5,3,964,9.4e-05,0.951104,C,ABC_PARETO,sales_only_v1,draft
HAVIDONE - POVIDONE IODINE - 10%,34.0,16320.0,37656.0,4,4,965,9.4e-05,0.951198,C,ABC_PARETO,sales_only_v1,draft
BANDAGE SCISSOR SIZE 7'' (OLTEN),30.0,16320.0,12900.0,1,1,966,9.4e-05,0.951292,C,ABC_PARETO,sales_only_v1,draft
CINNABLOC 25MG TAB,81.19,16238.0,27733.0,23,15,967,9.4e-05,0.951386,C,ABC_PARETO,sales_only_v1,draft
PARASAPH 500MG,231.0,16208.0,43598.6,24,12,968,9.4e-05,0.95148,C,ABC_PARETO,sales_only_v1,draft
TYPING SERA,18.0,16200.0,16246.0,3,3,969,9.4e-05,0.951574,C,ABC_PARETO,sales_only_v1,draft
IV CANNULA G24-CATHULA,9.0,16200.0,8100.0,1,1,970,9.4e-05,0.951667,C,ABC_PARETO,sales_only_v1,draft
OXYGEN MASK PEDIA (SURGITECH),450.0,16200.0,14224.5,4,2,971,9.4e-05,0.951761,C,ABC_PARETO,sales_only_v1,draft
GAUZE PAD 4X4X8 PLY 28X24 MESH,64.0,16000.0,26240.0,1,1,972,9.2e-05,0.951853,C,ABC_PARETO,sales_only_v1,draft
MORNEM 1G,100.0,16000.0,54000.0,1,1,973,9.2e-05,0.951946,C,ABC_PARETO,sales_only_v1,draft
FORMET 500MG,213.0,15987.0,79472.5,21,14,974,9.2e-05,0.952038,C,ABC_PARETO,sales_only_v1,draft
ALVICA INTENSE SPRAY 70ML,68.0,15980.0,16572.07,8,5,975,9.2e-05,0.952131,C,ABC_PARETO,sales_only_v1,draft
SYRINGE 10CC G23X1 PRIME,55.0,15950.0,51205.0,4,3,976,9.2e-05,0.952223,C,ABC_PARETO,sales_only_v1,draft
ZINCBOS 60ML,880.0,15944.0,45217.2,8,6,977,9.2e-05,0.952315,C,ABC_PARETO,sales_only_v1,draft
AMINOLEBAN,10.0,15930.0,15930.0,1,1,978,9.2e-05,0.952407,C,ABC_PARETO,sales_only_v1,draft
NOREPHIMED 1MG/ML,26.0,15910.0,13090.0,3,3,979,9.2e-05,0.952499,C,ABC_PARETO,sales_only_v1,draft
EPICARE 1MG/ML IV,137.0,15755.0,23912.5,10,6,980,9.1e-05,0.95259,C,ABC_PARETO,sales_only_v1,draft
TOWEL CLIPS 5 1/2'',44.0,15752.0,9788.0,3,2,981,9.1e-05,0.952681,C,ABC_PARETO,sales_only_v1,draft
NEBULIZER MASK ADULT,350.0,15750.0,42000.0,1,1,982,9.1e-05,0.952772,C,ABC_PARETO,sales_only_v1,draft
SILK 2-0 STRANDS TUDOR,56.0,15680.0,19580.0,2,2,983,9.1e-05,0.952863,C,ABC_PARETO,sales_only_v1,draft
GLOVES (M) - GLOMED,91.0,15643.0,100677.0,6,6,984,9e-05,0.952953,C,ABC_PARETO,sales_only_v1,draft
NEEDLE HOLDER SIZE 7'' (OLTEN),32.0,15616.0,20384.0,4,1,985,9e-05,0.953043,C,ABC_PARETO,sales_only_v1,draft
5% DEXTROSE IN LACTATED RINGERS SOLUTION,363.0,15609.0,9636.0,2,2,986,9e-05,0.953133,C,ABC_PARETO,sales_only_v1,draft
POVIDONE IODINE 10% - SOLUTION,24.0,15600.0,14400.0,2,2,987,9e-05,0.953224,C,ABC_PARETO,sales_only_v1,draft
KLEVRA 500MG,80.0,15600.0,15504.0,1,1,988,9e-05,0.953314,C,ABC_PARETO,sales_only_v1,draft
DISPOSABLE INFUSION SET ADULT 20MACRODROPS/ML (HEXACARE),1850.0,15540.0,36574.5,7,3,989,9e-05,0.953404,C,ABC_PARETO,sales_only_v1,draft
OPIGESIC 125MG,30.0,15510.0,16140.0,1,1,990,9e-05,0.953493,C,ABC_PARETO,sales_only_v1,draft
INFUSION SET MICROSET HEXACARE,1100.0,15400.0,83400.0,2,2,991,8.9e-05,0.953582,C,ABC_PARETO,sales_only_v1,draft
TRIZEF 100MG TAB,11.0,15400.0,28400.0,6,4,992,8.9e-05,0.953671,C,ABC_PARETO,sales_only_v1,draft
FREDTOR 40MG,89.0,15345.0,28241.0,5,4,993,8.9e-05,0.95376,C,ABC_PARETO,sales_only_v1,draft
HAEMOREX 500MG,39.0,15315.0,57142.0,13,10,994,8.9e-05,0.953848,C,ABC_PARETO,sales_only_v1,draft
ROVASU10,85.0,15300.0,24253.5,11,6,995,8.8e-05,0.953937,C,ABC_PARETO,sales_only_v1,draft
NEBULIZER KIT ADULT (AIRLIFE),170.0,15300.0,5100.0,6,3,996,8.8e-05,0.954025,C,ABC_PARETO,sales_only_v1,draft
FERRICORE 325MG,230.0,15248.5,62611.5,9,8,997,8.8e-05,0.954113,C,ABC_PARETO,sales_only_v1,draft
ZINLUM 60ML,761.0,15220.0,53406.5,7,5,998,8.8e-05,0.954201,C,ABC_PARETO,sales_only_v1,draft
SAFEGUARD 130G,413.0,15206.66,6543.34,2,2,999,8.8e-05,0.954289,C,ABC_PARETO,sales_only_v1,draft
METZ SCISSOR CURVED SIZE 8'' (OLTEN),27.0,15174.0,12926.0,2,2,1000,8.8e-05,0.954377,C,ABC_PARETO,sales_only_v1,draft
TERAZIDINE 35MG,50.0,15150.0,15150.0,1,1,1001,8.8e-05,0.954465,C,ABC_PARETO,sales_only_v1,draft
BICARBISAPH 84MG/ML 20ML,1.8,15120.0,14684.4,3,3,1002,8.7e-05,0.954552,C,ABC_PARETO,sales_only_v1,draft
GIAN-ZINC 120ML,168.0,15120.0,24228.0,15,11,1003,8.7e-05,0.954639,C,ABC_PARETO,sales_only_v1,draft
BAYGON - MULTI INSECT KILLER 465G,53.0,15068.2,15486.36,2,2,1004,8.7e-05,0.954726,C,ABC_PARETO,sales_only_v1,draft
VOXOLL 15MG/5ML SYR,532.0,15022.0,30172.0,40,18,1005,8.7e-05,0.954813,C,ABC_PARETO,sales_only_v1,draft
OPTHALMOSCOPE - WELCH ALLYN,1.0,15000.0,48856.0,1,1,1006,8.7e-05,0.9549,C,ABC_PARETO,sales_only_v1,draft
DOPNAX 40MG/ML 5ML,60.0,15000.0,20700.0,3,3,1007,8.7e-05,0.954987,C,ABC_PARETO,sales_only_v1,draft
OTOSCOPE - WELCH ALLYN,1.0,15000.0,3005.0,1,1,1008,8.7e-05,0.955073,C,ABC_PARETO,sales_only_v1,draft
DISPOSABLE NEEDLE G.26 100'S-ORMED,100.0,15000.0,15400.0,2,1,1009,8.7e-05,0.95516,C,ABC_PARETO,sales_only_v1,draft
METOCLOSIL 5MG/ML (10MG/2ML),250.0,15000.0,24085.0,2,1,1010,8.7e-05,0.955247,C,ABC_PARETO,sales_only_v1,draft
MAXI-AID POVIDONE-IODINE 10%,17.0,14960.0,7480.0,2,1,1011,8.6e-05,0.955333,C,ABC_PARETO,sales_only_v1,draft
LIQUID HAND SOAP - FLORAL PINK,203.0,14920.5,13433.5,4,4,1012,8.6e-05,0.955419,C,ABC_PARETO,sales_only_v1,draft
GLOVES(S) 7.0 HEXACARE,20.0,14800.0,15160.0,1,1,1013,8.6e-05,0.955505,C,ABC_PARETO,sales_only_v1,draft
NEEDLE HOLDER SIZE 6'' (OLTEN),40.0,14800.0,36000.0,2,2,1014,8.6e-05,0.955591,C,ABC_PARETO,sales_only_v1,draft
GLOVES MEDIUM LATEX NONSTERILE (FITONE),70.0,14700.0,2590.0,1,1,1015,8.5e-05,0.955675,C,ABC_PARETO,sales_only_v1,draft
SILVERDEX 10MG,272.0,14688.0,35446.0,7,7,1016,8.5e-05,0.95576,C,ABC_PARETO,sales_only_v1,draft
SUSTACHLOR 125MG/5ML,309.0,14677.5,39316.87,13,10,1017,8.5e-05,0.955845,C,ABC_PARETO,sales_only_v1,draft
WHITE FLOWER,48.0,14640.0,8880.0,3,3,1018,8.5e-05,0.95593,C,ABC_PARETO,sales_only_v1,draft
FACEMASK (INDOPLAS),290.0,14500.0,10935.0,3,3,1019,8.4e-05,0.956014,C,ABC_PARETO,sales_only_v1,draft
CORSIN-600 150MG/ML (600MG/4ML) 4ML,170.0,14450.0,35155.0,8,6,1020,8.4e-05,0.956097,C,ABC_PARETO,sales_only_v1,draft
ESSPRIN PEDIA 20ML,67.0,14405.0,14405.0,6,5,1021,8.3e-05,0.95618,C,ABC_PARETO,sales_only_v1,draft
CHROMIC 2.0 DOUBLE ARM,48.0,14400.0,99450.0,3,2,1022,8.3e-05,0.956264,C,ABC_PARETO,sales_only_v1,draft
DISPOSABLE NEEDLE G.24 100'S-SIMPLEX,80.0,14400.0,12320.0,2,1,1023,8.3e-05,0.956347,C,ABC_PARETO,sales_only_v1,draft
BROADMETZ 500MG CAP,45.0,14355.0,31685.0,16,10,1024,8.3e-05,0.95643,C,ABC_PARETO,sales_only_v1,draft
MAYOR 40MG,51.0,14280.0,53770.0,12,8,1025,8.3e-05,0.956512,C,ABC_PARETO,sales_only_v1,draft
PRIMENOFAST 200MG,50.0,14250.0,55750.0,2,1,1026,8.2e-05,0.956595,C,ABC_PARETO,sales_only_v1,draft
TOOTHBRUSH COLGATE ADULT,1200.0,14172.0,39790.44,1,1,1027,8.2e-05,0.956677,C,ABC_PARETO,sales_only_v1,draft
FLUCYSTEINE 200MG,177.0,14159.71,56415.72,10,6,1028,8.2e-05,0.956758,C,ABC_PARETO,sales_only_v1,draft
APTRADOL 50MG,41.0,14145.0,17743.4,13,9,1029,8.2e-05,0.95684,C,ABC_PARETO,sales_only_v1,draft
ENERGEL SOFTGEL,25.0,14128.25,26671.75,4,2,1030,8.2e-05,0.956922,C,ABC_PARETO,sales_only_v1,draft
INSUGET 30/70 (30IU/70IU/ML) 10ML,25.0,14125.0,12260.0,2,2,1031,8.2e-05,0.957004,C,ABC_PARETO,sales_only_v1,draft
APREZAL 20MG/ML,10.0,14084.34,24915.66,5,5,1032,8.1e-05,0.957085,C,ABC_PARETO,sales_only_v1,draft
CO-AMOXISAPH 125 MG/31.25MG PER 5ML,206.0,14008.0,58301.0,3,3,1033,8.1e-05,0.957166,C,ABC_PARETO,sales_only_v1,draft
BIOHAZARD NEEDLE CONTAINER,40.0,14000.0,4000.0,1,1,1034,8.1e-05,0.957247,C,ABC_PARETO,sales_only_v1,draft
ONE STEP/RAPID SCREENING TEST - VDRL,200.0,14000.0,5800.0,1,1,1035,8.1e-05,0.957328,C,ABC_PARETO,sales_only_v1,draft
PITANIC,100.0,14000.0,113006.0,1,1,1036,8.1e-05,0.957409,C,ABC_PARETO,sales_only_v1,draft
HEPARIN CAP VIOLET NEEDLESS (ORMED),4.0,14000.0,14250.0,3,3,1037,8.1e-05,0.95749,C,ABC_PARETO,sales_only_v1,draft
DINOSED 250MCG/ML (500MCG/2ML),33.33,14000.0,49000.0,1,1,1038,8.1e-05,0.95757,C,ABC_PARETO,sales_only_v1,draft
AEROX 500MG TAB,150.0,13950.0,32535.0,1,1,1039,8.1e-05,0.957651,C,ABC_PARETO,sales_only_v1,draft
DOMPY,348.0,13920.0,30104.0,6,6,1040,8e-05,0.957732,C,ABC_PARETO,sales_only_v1,draft
LIFERZIN 250MG IV,80.0,13920.0,41830.0,6,4,1041,8e-05,0.957812,C,ABC_PARETO,sales_only_v1,draft
VEST,24.0,13920.0,2016.0,1,1,1042,8e-05,0.957892,C,ABC_PARETO,sales_only_v1,draft
5% DEXTROSE 0.3% SODIUM CHLORIDE,240.0,13920.0,2640.0,1,1,1043,8e-05,0.957973,C,ABC_PARETO,sales_only_v1,draft
ACCELAC 3.35G/5ML,110.0,13915.0,16130.0,8,6,1044,8e-05,0.958053,C,ABC_PARETO,sales_only_v1,draft
AMOLTEX 2MG/5ML SYR,553.0,13825.0,13825.0,1,1,1045,8e-05,0.958133,C,ABC_PARETO,sales_only_v1,draft
AMECIRON 60MG,200.0,13800.0,4120.0,2,2,1046,8e-05,0.958213,C,ABC_PARETO,sales_only_v1,draft
SHARJVAX 1500IU/0.7ML,12.0,13800.0,11400.0,2,2,1047,8e-05,0.958293,C,ABC_PARETO,sales_only_v1,draft
VOLUMETRIC SOLUTION INFUSION SET 120ML (SURGITECH),125.0,13750.0,23250.0,1,1,1048,7.9e-05,0.958372,C,ABC_PARETO,sales_only_v1,draft
OXYGEN CANNULA ADULT HEXACARE,620.0,13640.0,32430.0,2,2,1049,7.9e-05,0.958451,C,ABC_PARETO,sales_only_v1,draft
BP MANUAL W/CHILD & ADULT CUFF,2.0,13600.0,1400.0,1,1,1050,7.9e-05,0.95853,C,ABC_PARETO,sales_only_v1,draft
MEGACLAV 250MG,113.0,13560.0,23527.0,4,4,1051,7.8e-05,0.958608,C,ABC_PARETO,sales_only_v1,draft
OPIGESIC 250MG,20.0,13560.0,8640.0,1,1,1052,7.8e-05,0.958686,C,ABC_PARETO,sales_only_v1,draft
CAPXIBB-400 400MG,100.0,13500.0,76100.0,1,1,1053,7.8e-05,0.958764,C,ABC_PARETO,sales_only_v1,draft
SHARP SI-210 ANESTHESIA MACHINE REPAIR,1.0,13500.0,4500.0,1,1,1054,7.8e-05,0.958842,C,ABC_PARETO,sales_only_v1,draft
RIGHTSIGN VDRL KIT,300.0,13500.0,16485.0,1,1,1055,7.8e-05,0.95892,C,ABC_PARETO,sales_only_v1,draft
JACKSON PRATT 100ML (CARDINAL HEALTH),10.0,13500.0,5500.0,1,1,1056,7.8e-05,0.958998,C,ABC_PARETO,sales_only_v1,draft
CLINDAGOLD 300MG,35.0,13475.0,51900.0,2,2,1057,7.8e-05,0.959076,C,ABC_PARETO,sales_only_v1,draft
PROMEP 40MG,336.0,13440.0,184140.0,2,2,1058,7.8e-05,0.959154,C,ABC_PARETO,sales_only_v1,draft
AMLOSAPH-10 10MG,480.0,13440.0,361920.0,2,2,1059,7.8e-05,0.959232,C,ABC_PARETO,sales_only_v1,draft
COTTON ROLL 400G - SUREGUARD,80.0,13440.0,10609.0,6,5,1060,7.8e-05,0.959309,C,ABC_PARETO,sales_only_v1,draft
BLADDER RETRACTOR/BALFOUR CENTRAL BLADE SIZE 45X80MM,8.0,13432.0,13408.0,1,1,1061,7.8e-05,0.959387,C,ABC_PARETO,sales_only_v1,draft
DRY CELL AA RECHARGEABLE EVEREADY,15.0,13425.0,4970.0,2,1,1062,7.8e-05,0.959465,C,ABC_PARETO,sales_only_v1,draft
SCHEEPRIL 5MG TAB,51.0,13413.0,9497.0,6,4,1063,7.8e-05,0.959542,C,ABC_PARETO,sales_only_v1,draft
CLOXASAPH - 250,509.0,13404.0,20004.7,6,5,1064,7.7e-05,0.95962,C,ABC_PARETO,sales_only_v1,draft
DISPOSABLE SYRINGE WITHOUT NEEDLE 30CC/ML (TERUMO),21.0,13400.0,16720.0,5,3,1065,7.7e-05,0.959697,C,ABC_PARETO,sales_only_v1,draft
HEAXACARE SURGICAL GLOVES (S) 7.0,15.0,13350.0,6900.0,1,1,1066,7.7e-05,0.959774,C,ABC_PARETO,sales_only_v1,draft
SURE GUARD LATEX SURGICAL GLOVES 7.5,15.0,13350.0,6900.0,1,1,1067,7.7e-05,0.959851,C,ABC_PARETO,sales_only_v1,draft
ACETYPHIL-600 600MG,129.0,13287.0,12098.0,6,6,1068,7.7e-05,0.959928,C,ABC_PARETO,sales_only_v1,draft
KALIGEN 750MG,12.0,13280.8,33409.2,3,3,1069,7.7e-05,0.960005,C,ABC_PARETO,sales_only_v1,draft
MECID 500MG CAP,151.0,13277.0,10737.0,10,7,1070,7.7e-05,0.960082,C,ABC_PARETO,sales_only_v1,draft
COTTON ROLL 400G - UNIMEX,88.0,13200.0,9400.0,5,5,1071,7.6e-05,0.960158,C,ABC_PARETO,sales_only_v1,draft
EPPITREXIL 500MG,94.0,13160.0,9776.0,1,1,1072,7.6e-05,0.960234,C,ABC_PARETO,sales_only_v1,draft
CLOPINOVA 75MG,150.0,13105.0,9995.0,10,5,1073,7.6e-05,0.96031,C,ABC_PARETO,sales_only_v1,draft
CLOPEGEN 75MG,133.0,13034.0,185496.75,6,6,1074,7.5e-05,0.960385,C,ABC_PARETO,sales_only_v1,draft
DEXTROSE PLAIN 0.9% SODIUM CHLORIDE PNSS 1000ML (EUROMED),180.0,13032.0,19188.0,5,4,1075,7.5e-05,0.96046,C,ABC_PARETO,sales_only_v1,draft
CLINDOLLEN 150MG/ML (300MG/2ML) 2ML,20.0,12980.0,38320.0,1,1,1076,7.5e-05,0.960535,C,ABC_PARETO,sales_only_v1,draft
FUJI FILM 11X14,4.0,12960.0,760.0,2,2,1077,7.5e-05,0.96061,C,ABC_PARETO,sales_only_v1,draft
MAYO SCISSOR SLIM STRAIGHT SIZE 8'' (OLTEN),25.0,12950.0,12950.0,1,1,1078,7.5e-05,0.960685,C,ABC_PARETO,sales_only_v1,draft
BOBCOC 7 1/2'' (OLTEN),26.0,12948.0,8912.0,3,2,1079,7.5e-05,0.96076,C,ABC_PARETO,sales_only_v1,draft
CLOPINOVA,132.0,12936.0,164474.0,9,4,1080,7.5e-05,0.960835,C,ABC_PARETO,sales_only_v1,draft
OSCIVIT CALCIUM TABLET,60.0,12900.0,12009.13,1,1,1081,7.5e-05,0.960909,C,ABC_PARETO,sales_only_v1,draft
KODAK MEDICAL XRAY FILM GEN PURPOSE 14/17 - EUROMED,3.0,12900.0,7869.0,1,1,1082,7.5e-05,0.960984,C,ABC_PARETO,sales_only_v1,draft
ASCORSAPH-ZEE 500MG/10MG,100.0,12900.0,21500.0,1,1,1083,7.5e-05,0.961058,C,ABC_PARETO,sales_only_v1,draft
MYDOXY,103.0,12868.0,78307.0,3,3,1084,7.4e-05,0.961133,C,ABC_PARETO,sales_only_v1,draft
EDIXIN 500MG,50.0,12850.0,9150.0,1,1,1085,7.4e-05,0.961207,C,ABC_PARETO,sales_only_v1,draft
DEXTROSE 5% IN LACTATED RINGERS D5LR 1000ML (EUROMED),186.0,12834.0,17980.74,6,5,1086,7.4e-05,0.961281,C,ABC_PARETO,sales_only_v1,draft
NITRILE EXAMINATION GLOVES SMALL,64.0,12800.0,8425.0,2,2,1087,7.4e-05,0.961355,C,ABC_PARETO,sales_only_v1,draft
IV CANNULA G.18 - INTROCAN,16.0,12800.0,37550.0,3,2,1088,7.4e-05,0.961429,C,ABC_PARETO,sales_only_v1,draft
MEDICAL OXYGEN 50 POUNDS - REFILL,16.0,12800.0,-9600.0,1,1,1089,7.4e-05,0.961503,C,ABC_PARETO,sales_only_v1,draft
SAPHENYTOIN 50MG/ML 2ML,20.0,12780.0,22645.0,1,1,1090,7.4e-05,0.961577,C,ABC_PARETO,sales_only_v1,draft
RANZOLE 40MG,38.0,12750.0,58868.75,13,9,1091,7.4e-05,0.961651,C,ABC_PARETO,sales_only_v1,draft
"IV CANNULA WINGED G.24X 1"" INTROCAN SAFETY (B BRAUN)",3.0,12750.0,8250.0,2,1,1092,7.4e-05,0.961724,C,ABC_PARETO,sales_only_v1,draft
KIDNEY BASIN STAINLESS STEEL 7'' (OLTEN),45.0,12735.0,12735.0,1,1,1093,7.4e-05,0.961798,C,ABC_PARETO,sales_only_v1,draft
HEXACARE SURGICAL GLOVES (S) 6.5,17.0,12682.0,9618.0,2,2,1094,7.3e-05,0.961871,C,ABC_PARETO,sales_only_v1,draft
ANTI HUMAN GLOBULIN 10ML,12.0,12660.0,2916.0,1,1,1095,7.3e-05,0.961945,C,ABC_PARETO,sales_only_v1,draft
XURIC 40-40MG,110.0,12650.0,136677.0,13,10,1096,7.3e-05,0.962018,C,ABC_PARETO,sales_only_v1,draft
NASAL OXYGEN CANNULA (PEDIA) - SURGITECH,505.0,12625.0,6805.0,3,2,1097,7.3e-05,0.962091,C,ABC_PARETO,sales_only_v1,draft
AMINOSOL 25MG/ML (250MG/10ML) 10ML,125.0,12605.0,68681.7,30,15,1098,7.3e-05,0.962163,C,ABC_PARETO,sales_only_v1,draft
DRUGMAKER GUAIFENESIN 100MG CAP,50.0,12500.0,10750.0,1,1,1099,7.2e-05,0.962236,C,ABC_PARETO,sales_only_v1,draft
OFPLEMED 300MG/5ML SYR,250.0,12500.0,19500.0,2,2,1100,7.2e-05,0.962308,C,ABC_PARETO,sales_only_v1,draft
DISPOSABLE SYRINGE WITH NEEDLE 25GX5/8 1CC/ML SUREGUARD,50.0,12500.0,42500.0,1,1,1101,7.2e-05,0.96238,C,ABC_PARETO,sales_only_v1,draft
LOCETIN 5MG,48.0,12480.0,120420.0,18,14,1102,7.2e-05,0.962452,C,ABC_PARETO,sales_only_v1,draft
ALLIS SIZE 6'' OLTEN,30.0,12420.0,12180.0,1,1,1103,7.2e-05,0.962524,C,ABC_PARETO,sales_only_v1,draft
BUZZLE DIGITAL THERMOMETER,154.0,12320.0,5896.0,4,3,1104,7.1e-05,0.962595,C,ABC_PARETO,sales_only_v1,draft
VONWELT PREDNISONE 10MG,152.0,12312.0,13528.0,2,2,1105,7.1e-05,0.962666,C,ABC_PARETO,sales_only_v1,draft
FOLLEY CATHETER FR 16 (NO BRAND),410.0,12300.0,17700.0,2,2,1106,7.1e-05,0.962738,C,ABC_PARETO,sales_only_v1,draft
OXYGEN MASK ADULT PARTNERS,300.0,12300.0,7950.0,1,1,1107,7.1e-05,0.962809,C,ABC_PARETO,sales_only_v1,draft
NEBULIZING KIT WITH MASK HEXACARE,300.0,12300.0,23700.0,1,1,1108,7.1e-05,0.96288,C,ABC_PARETO,sales_only_v1,draft
FINAPROS 5MG,21.0,12290.0,119210.0,2,2,1109,7.1e-05,0.962951,C,ABC_PARETO,sales_only_v1,draft
SAPHLOPID 75MG,93.8,12220.4,94477.02,21,13,1110,7.1e-05,0.963021,C,ABC_PARETO,sales_only_v1,draft
POTASSIUM CHLORIDE - EUROMED 20ML,255.0,12185.0,3075.0,3,3,1111,7e-05,0.963092,C,ABC_PARETO,sales_only_v1,draft
FORTIS VITAMIN BCOMPLEX 100MG/5MG/50MCG,260.0,12155.0,69195.0,4,4,1112,7e-05,0.963162,C,ABC_PARETO,sales_only_v1,draft
MIXCLAV 250MG,103.0,12143.28,13760.12,6,4,1113,7e-05,0.963232,C,ABC_PARETO,sales_only_v1,draft
STERILE SURGICAL GLOVES PAIRS/BOX SIZE 7.0 HEXACARE,15.0,12105.0,28340.0,3,1,1114,7e-05,0.963302,C,ABC_PARETO,sales_only_v1,draft
DIACEF 100MG,813.0,12102.0,27324.1,7,6,1115,7e-05,0.963372,C,ABC_PARETO,sales_only_v1,draft
SYLVITE 2MEQ/ML 20ML,86.0,12040.0,27980.0,6,5,1116,7e-05,0.963442,C,ABC_PARETO,sales_only_v1,draft
HYCLENS GARGLE 0.12% 60ML,185.0,12025.0,18142.4,17,9,1117,7e-05,0.963511,C,ABC_PARETO,sales_only_v1,draft
AZIMIN 500MG,375.66,12021.12,105380.13,4,4,1118,6.9e-05,0.963581,C,ABC_PARETO,sales_only_v1,draft
UNDERPAD YOSHI 600*900MM,100.0,12000.0,3000.0,1,1,1119,6.9e-05,0.96365,C,ABC_PARETO,sales_only_v1,draft
INFRARED THERMOMETER,50.0,12000.0,17975.0,1,1,1120,6.9e-05,0.963719,C,ABC_PARETO,sales_only_v1,draft
STETHOSCOPE - ADULT,12.0,12000.0,2674.0,3,3,1121,6.9e-05,0.963789,C,ABC_PARETO,sales_only_v1,draft
GLOVES VINYL - SUREGUARD (MEDIUM),80.0,12000.0,16200.0,2,1,1122,6.9e-05,0.963858,C,ABC_PARETO,sales_only_v1,draft
ETHYL ALCOHOL 70% 500ML (ALCORIGHT),200.0,12000.0,18200.0,1,1,1123,6.9e-05,0.963928,C,ABC_PARETO,sales_only_v1,draft
NEBULIZER KIT WITH MASK PEDIA (TOPCARE),200.0,12000.0,8600.0,1,1,1124,6.9e-05,0.963997,C,ABC_PARETO,sales_only_v1,draft
NEBULIZING KIT,300.0,12000.0,24000.0,1,1,1125,6.9e-05,0.964066,C,ABC_PARETO,sales_only_v1,draft
SPINAL NEEDLE G25X90MM(ORMED),3.0,12000.0,17577.0,4,1,1126,6.9e-05,0.964136,C,ABC_PARETO,sales_only_v1,draft
FETAL DOPPLER W/ COLOR LCD DISPLAY 1976-11CC (WILCARE),3.0,12000.0,5985.0,1,1,1127,6.9e-05,0.964205,C,ABC_PARETO,sales_only_v1,draft
AMBILIN 500-500MG,100.0,12000.0,37000.0,1,1,1128,6.9e-05,0.964274,C,ABC_PARETO,sales_only_v1,draft
INDUSTRIAL FAN,2.0,11996.0,18794.0,1,1,1129,6.9e-05,0.964344,C,ABC_PARETO,sales_only_v1,draft
CIXTOR-Z MAX,30.0,11940.0,11466.0,7,6,1130,6.9e-05,0.964413,C,ABC_PARETO,sales_only_v1,draft
TOLLMAN 20MG,160.0,11920.0,26400.0,2,2,1131,6.9e-05,0.964482,C,ABC_PARETO,sales_only_v1,draft
DISPOSABLE INFUSION SET ADULT 20MACRODROPS/ML (SURGITECH),850.0,11900.0,12044.5,2,2,1132,6.9e-05,0.96455,C,ABC_PARETO,sales_only_v1,draft
OXYGEN MASK WITH TUBE - SOLITAIRE (L),198.0,11880.0,12420.0,2,2,1133,6.9e-05,0.964619,C,ABC_PARETO,sales_only_v1,draft
OFPLEMED 600MG,73.0,11841.0,23028.5,12,6,1134,6.8e-05,0.964687,C,ABC_PARETO,sales_only_v1,draft
KN95 FACE MASK (BOX),121.0,11785.0,28692.32,4,4,1135,6.8e-05,0.964756,C,ABC_PARETO,sales_only_v1,draft
DIXIN 250MCG,47.0,11750.0,5506.0,10,6,1136,6.8e-05,0.964823,C,ABC_PARETO,sales_only_v1,draft
CELEKOP 200MG,90.0,11700.0,37000.0,4,2,1137,6.8e-05,0.964891,C,ABC_PARETO,sales_only_v1,draft
"SPACE SPRAY CONCENTRATE 0.1% ,6%,10% (SUMIPRO EW )",3.0,11700.0,19650.0,1,1,1138,6.8e-05,0.964959,C,ABC_PARETO,sales_only_v1,draft
MOHSIDEX 4MG/ML (8MG/2ML) 2ML,65.0,11700.0,65213.0,8,3,1139,6.8e-05,0.965026,C,ABC_PARETO,sales_only_v1,draft
GLOVES LARGE NITRILE NONSTERILE (LTN),53.0,11660.0,3073.0,4,4,1140,6.7e-05,0.965094,C,ABC_PARETO,sales_only_v1,draft
GLOVES (M) - LATEX SURE GUARD,55.0,11600.0,48360.0,6,5,1141,6.7e-05,0.965161,C,ABC_PARETO,sales_only_v1,draft
BLOOD CONNECTING TUBE LAVENDER TOP,29.0,11600.0,14577.0,2,2,1142,6.7e-05,0.965228,C,ABC_PARETO,sales_only_v1,draft
DIAMIR 30MG,167.0,11523.0,5877.0,1,1,1143,6.7e-05,0.965294,C,ABC_PARETO,sales_only_v1,draft
EROXIME 500MG,100.0,11500.0,78690.0,8,7,1144,6.6e-05,0.965361,C,ABC_PARETO,sales_only_v1,draft
DUPHASTON,42.4,11484.0,64016.0,3,3,1145,6.6e-05,0.965427,C,ABC_PARETO,sales_only_v1,draft
LEPTOSPIRA IGG/IGM RAPID TEST DEVICE,4.0,11400.0,7800.0,2,2,1146,6.6e-05,0.965493,C,ABC_PARETO,sales_only_v1,draft
MAGNESIUM SULFATE 250MG - EUROMED,200.0,11400.0,3472.0,1,1,1147,6.6e-05,0.965559,C,ABC_PARETO,sales_only_v1,draft
BIEMEFRIN 1MG/ML,6.0,11400.0,23030.0,3,2,1148,6.6e-05,0.965625,C,ABC_PARETO,sales_only_v1,draft
NATRAVOX 228.5MG/5ML,50.0,11400.0,2000.0,2,2,1149,6.6e-05,0.965691,C,ABC_PARETO,sales_only_v1,draft
DESTRIMOLE 10MG/G (1% W/W) 15G,300.0,11400.0,78600.0,1,1,1150,6.6e-05,0.965757,C,ABC_PARETO,sales_only_v1,draft
BLOOD GLUCOSE TEST STRIP (SD CHECK),12.0,11400.0,4200.0,1,1,1151,6.6e-05,0.965823,C,ABC_PARETO,sales_only_v1,draft
RAPHC ASCORBIC ACID 100MG/5MG,495.0,11385.0,21285.0,4,2,1152,6.6e-05,0.965888,C,ABC_PARETO,sales_only_v1,draft
DOPAN 40MG/ML (200MG/5ML) 5ML,46.0,11362.0,22538.0,2,2,1153,6.6e-05,0.965954,C,ABC_PARETO,sales_only_v1,draft
STOOL CUP 40ML,2270.0,11350.0,12395.0,2,2,1154,6.6e-05,0.96602,C,ABC_PARETO,sales_only_v1,draft
GOSTAT 40MG,60.0,11340.0,15660.0,2,1,1155,6.6e-05,0.966085,C,ABC_PARETO,sales_only_v1,draft
"MICROPORE 1 1/2""1530-2 3M",24.0,11280.0,9740.0,4,3,1156,6.5e-05,0.96615,C,ABC_PARETO,sales_only_v1,draft
DISPOSABLE SYRINGE (10CC/ML) 23GX1 LUER LOCK - DELCARE,45.0,11250.0,42130.0,4,3,1157,6.5e-05,0.966215,C,ABC_PARETO,sales_only_v1,draft
SURGICAL GLOVES STERILE 6,15.0,11250.0,9000.0,1,1,1158,6.5e-05,0.96628,C,ABC_PARETO,sales_only_v1,draft
SURGICAL GLOVES STERILE 6.5,15.0,11250.0,16050.0,1,1,1159,6.5e-05,0.966345,C,ABC_PARETO,sales_only_v1,draft
SPECIMEN/SPUTUM CAP: BLUE PLASTIC,3000.0,11250.0,17250.0,1,1,1160,6.5e-05,0.96641,C,ABC_PARETO,sales_only_v1,draft
ABHAYRAB - PURIFIED VERO CELL RABIES VACCINE,16.0,11200.0,14400.0,1,1,1161,6.5e-05,0.966475,C,ABC_PARETO,sales_only_v1,draft
DIALOX 125MG,658.0,11186.0,31599.0,4,2,1162,6.5e-05,0.96654,C,ABC_PARETO,sales_only_v1,draft
TOOTHBRUSH - COLGATE CLASSIC CHILD,1100.0,11140.0,35960.0,2,2,1163,6.4e-05,0.966604,C,ABC_PARETO,sales_only_v1,draft
KELLY CURVED 6'' OLTEN,30.0,11100.0,11100.0,1,1,1164,6.4e-05,0.966668,C,ABC_PARETO,sales_only_v1,draft
RH TYPING SERA ANTI-D,13.0,11050.0,3224.0,1,1,1165,6.4e-05,0.966732,C,ABC_PARETO,sales_only_v1,draft
LEPIXA 500-500MG,12.0,11040.0,56398.5,8,7,1166,6.4e-05,0.966796,C,ABC_PARETO,sales_only_v1,draft
DISPOSABLE INSULIN SYRINGE 1CC G29 SURE SHOT,23.0,11040.0,14899.0,2,1,1167,6.4e-05,0.96686,C,ABC_PARETO,sales_only_v1,draft
ACIURTECT DISINFECTANT SOLUTION GALLON,8.0,11009.2,11009.2,1,1,1168,6.4e-05,0.966923,C,ABC_PARETO,sales_only_v1,draft
HYFER-250 250MG/5ML,784.0,10976.0,13256.0,7,4,1169,6.3e-05,0.966987,C,ABC_PARETO,sales_only_v1,draft
FEROLEM 75MG,646.0,10900.0,10774.0,6,5,1170,6.3e-05,0.96705,C,ABC_PARETO,sales_only_v1,draft
INSUGET R 100 I.U/10ML,20.0,10900.0,3280.0,1,1,1171,6.3e-05,0.967113,C,ABC_PARETO,sales_only_v1,draft
ANTICOF SR 50MG,15.0,10875.0,5620.0,2,2,1172,6.3e-05,0.967176,C,ABC_PARETO,sales_only_v1,draft
DENGUE NS1 KIT 25'S (SD BIOSENSOR),2.0,10810.0,17540.0,1,1,1173,6.2e-05,0.967238,C,ABC_PARETO,sales_only_v1,draft
TACHYBAN 3MG/ML 2ML,9.0,10801.0,15140.25,5,5,1174,6.2e-05,0.967301,C,ABC_PARETO,sales_only_v1,draft
RICE 3KG,100.0,10800.0,8002.0,1,1,1175,6.2e-05,0.967363,C,ABC_PARETO,sales_only_v1,draft
DISPOSABLE NEEDLE G.22 100'S-SIMPLEX,60.0,10800.0,9180.0,2,1,1176,6.2e-05,0.967425,C,ABC_PARETO,sales_only_v1,draft
NIBP CUFF ADULT FOR EDAN IM70,4.0,10800.0,11200.0,1,1,1177,6.2e-05,0.967488,C,ABC_PARETO,sales_only_v1,draft
FLUIMUCIL 100MG 1G,20.0,10800.0,16200.0,1,1,1178,6.2e-05,0.96755,C,ABC_PARETO,sales_only_v1,draft
MYREVIT-C 500MG,166.0,10790.0,72465.0,7,4,1179,6.2e-05,0.967613,C,ABC_PARETO,sales_only_v1,draft
AEROX CEFUROXIME 500MG TAB,130.0,10790.0,8310.0,2,2,1180,6.2e-05,0.967675,C,ABC_PARETO,sales_only_v1,draft
LUBRICATING JELLY 150G (PARTNERS),110.0,10780.0,7370.0,2,2,1181,6.2e-05,0.967737,C,ABC_PARETO,sales_only_v1,draft
ARMY SET NAVY 8'' X 1/4 2'S (OLTEN),12.0,10776.0,10714.0,2,2,1182,6.2e-05,0.9678,C,ABC_PARETO,sales_only_v1,draft
LESTOR 40MG,65.0,10725.0,24525.0,2,2,1183,6.2e-05,0.967862,C,ABC_PARETO,sales_only_v1,draft
CEFUSAPH 125MG/ML,164.0,10660.0,10161.76,2,2,1184,6.2e-05,0.967923,C,ABC_PARETO,sales_only_v1,draft
GOFENAC 75MG/3ML,284.0,10650.0,89845.0,20,13,1185,6.2e-05,0.967985,C,ABC_PARETO,sales_only_v1,draft
COMB BINDING MACHINE F4 SIZE,1.0,10595.0,855.0,1,1,1186,6.1e-05,0.968046,C,ABC_PARETO,sales_only_v1,draft
MOSQUITO CURVED SIZE 5'' OLTEN,30.0,10590.0,10410.0,1,1,1187,6.1e-05,0.968107,C,ABC_PARETO,sales_only_v1,draft
WALIS TAMBO,75.0,10570.0,4954.0,5,4,1188,6.1e-05,0.968168,C,ABC_PARETO,sales_only_v1,draft
KALIGEN POTASSIUM 750MG TABLET,11.0,10560.0,5570.0,2,1,1189,6.1e-05,0.968229,C,ABC_PARETO,sales_only_v1,draft
TROVIPRI 40MG,60.0,10560.0,25125.0,3,2,1190,6.1e-05,0.96829,C,ABC_PARETO,sales_only_v1,draft
AZITAS 200MG/5ML,150.0,10550.0,45050.0,2,2,1191,6.1e-05,0.968351,C,ABC_PARETO,sales_only_v1,draft
MATERNITY PADS 8S (SANITEX),117.0,10530.0,2080.0,5,5,1192,6.1e-05,0.968412,C,ABC_PARETO,sales_only_v1,draft
SANDINE,3.0,10500.0,14700.0,2,1,1193,6.1e-05,0.968473,C,ABC_PARETO,sales_only_v1,draft
PRESARTAN-50 50MG TAB,100.0,10500.0,1110.0,1,1,1194,6.1e-05,0.968534,C,ABC_PARETO,sales_only_v1,draft
ZYOM 40MG,300.0,10500.0,47700.0,2,2,1195,6.1e-05,0.968594,C,ABC_PARETO,sales_only_v1,draft
REMCOR INFUSION - 100MG/20ML,3.0,10500.0,10500.0,1,1,1196,6.1e-05,0.968655,C,ABC_PARETO,sales_only_v1,draft
DISPOSABLE SYRINGE WITHOUT NEEDLE 20CC/ML (TERUMO),15.0,10500.0,7700.0,3,3,1197,6.1e-05,0.968716,C,ABC_PARETO,sales_only_v1,draft
MOUTH WASH ORAL CARE 500ML (LISTERINE),50.0,10500.0,12700.0,1,1,1198,6.1e-05,0.968776,C,ABC_PARETO,sales_only_v1,draft
NIMOTOP 30MG,4.0,10484.0,31452.0,1,1,1199,6.1e-05,0.968837,C,ABC_PARETO,sales_only_v1,draft
DIXIN 250MG/ML - AMPULE,9.1,10465.0,11285.0,3,3,1200,6e-05,0.968897,C,ABC_PARETO,sales_only_v1,draft
KHRIZCOPAN 10MG,48.0,10464.0,3296.0,5,2,1201,6e-05,0.968958,C,ABC_PARETO,sales_only_v1,draft
UTERINE ELEVATOR WITH STOPPER (6.5CM) 12 INCH (RING HANDLE),10.0,10410.0,-6010.0,2,1,1202,6e-05,0.969018,C,ABC_PARETO,sales_only_v1,draft
PULSE OXIMETER PEDIA,16.0,10400.0,24770.0,3,2,1203,6e-05,0.969078,C,ABC_PARETO,sales_only_v1,draft
TUDOR - CHROMIC BROWN CATGUT ABSORBABLE SUTURE 2-0 C CURVED CUTTING- 75CM,42.0,10360.0,11646.0,4,3,1204,6e-05,0.969138,C,ABC_PARETO,sales_only_v1,draft
KIDDIREL SYRUP W ZINC,152.0,10336.0,18472.0,15,11,1205,6e-05,0.969198,C,ABC_PARETO,sales_only_v1,draft
DIASTATIN 40MG,53.0,10335.0,14245.0,3,2,1206,6e-05,0.969258,C,ABC_PARETO,sales_only_v1,draft
ENOCEE 500MG TAB,201.0,10327.44,47572.56,3,3,1207,6e-05,0.969317,C,ABC_PARETO,sales_only_v1,draft
"ADHESIVE PLASTER 1"" MICROPORE",19.0,10260.0,10260.0,1,1,1208,5.9e-05,0.969377,C,ABC_PARETO,sales_only_v1,draft
OPREX 40MG,41.0,10250.0,10250.0,6,5,1209,5.9e-05,0.969436,C,ABC_PARETO,sales_only_v1,draft
ATV PLUS 5MG/10MG,53.0,10250.0,42750.0,3,3,1210,5.9e-05,0.969495,C,ABC_PARETO,sales_only_v1,draft
GAUZE PAD 4X4 PROHEALTH CARE,41.0,10245.0,7145.0,4,4,1211,5.9e-05,0.969554,C,ABC_PARETO,sales_only_v1,draft
KELLY PAD,11.0,10230.0,12026.0,2,1,1212,5.9e-05,0.969613,C,ABC_PARETO,sales_only_v1,draft
BEAR BRAND 320 G,100.0,10226.0,7576.0,1,1,1213,5.9e-05,0.969672,C,ABC_PARETO,sales_only_v1,draft
DIGITAL ROOM THERMOMETER,17.0,10200.0,24769.0,1,1,1214,5.9e-05,0.969731,C,ABC_PARETO,sales_only_v1,draft
CEFUROX 125MG,144.0,10080.0,18221.76,2,2,1215,5.8e-05,0.96979,C,ABC_PARETO,sales_only_v1,draft
IV CANNULA WITH WINGS & INJECTION VALVE G24 (HEXACARE),10.0,10080.0,9640.0,1,1,1216,5.8e-05,0.969848,C,ABC_PARETO,sales_only_v1,draft
LATEX EXAMINATION GLOVES MEDIUM,53.0,10070.0,7579.0,1,1,1217,5.8e-05,0.969906,C,ABC_PARETO,sales_only_v1,draft
POPICIN,100.0,10000.0,90000.0,1,1,1218,5.8e-05,0.969964,C,ABC_PARETO,sales_only_v1,draft
TEGADERM FILM 4X4 - BIG,200.0,10000.0,24000.0,2,1,1219,5.8e-05,0.970022,C,ABC_PARETO,sales_only_v1,draft
AMBUBAG DISPOSABLE - TOPCARE,10.0,10000.0,7250.0,2,2,1220,5.8e-05,0.970079,C,ABC_PARETO,sales_only_v1,draft
PULSE OXIMTER ADULT (NO BRAND),20.0,10000.0,27000.0,1,1,1221,5.8e-05,0.970137,C,ABC_PARETO,sales_only_v1,draft
ISOPROPHYL ALCOHOL 70% 500ML (SAFEWELL),200.0,10000.0,19000.0,2,2,1222,5.8e-05,0.970195,C,ABC_PARETO,sales_only_v1,draft
APREZOBAS HYDRAZALINE 20MG,51.0,9985.0,26205.0,6,5,1223,5.8e-05,0.970253,C,ABC_PARETO,sales_only_v1,draft
BOBCOC 6'' OLTEN,20.0,9960.0,9840.0,1,1,1224,5.8e-05,0.97031,C,ABC_PARETO,sales_only_v1,draft
LUBRICATING JELLY 3G SACHET - SURGITECH,19.0,9950.0,21550.0,10,9,1225,5.8e-05,0.970368,C,ABC_PARETO,sales_only_v1,draft
AZITHROM,220.33,9915.0,51488.0,16,13,1226,5.7e-05,0.970425,C,ABC_PARETO,sales_only_v1,draft
CLOXID 500MG,30.0,9900.0,3890.0,2,2,1227,5.7e-05,0.970482,C,ABC_PARETO,sales_only_v1,draft
SALBUSAPH 1MG/ML (2.5MG/2.5ML),61.0,9882.0,74228.0,2,1,1228,5.7e-05,0.97054,C,ABC_PARETO,sales_only_v1,draft
VAGINAL RETRACTOR/SPECULA 75X23MM 2'S/SET,10.0,9850.0,9850.0,1,1,1229,5.7e-05,0.970596,C,ABC_PARETO,sales_only_v1,draft
DISPOSABLE SYRINGE 5CC 23GX1 (TERUMO),14.0,9800.0,5490.0,5,5,1230,5.7e-05,0.970653,C,ABC_PARETO,sales_only_v1,draft
GLOVES SMALL NITRILE NONSTERILE (SURGITECH),49.0,9800.0,10941.0,5,5,1231,5.7e-05,0.97071,C,ABC_PARETO,sales_only_v1,draft
NEEDLE HOLDER 8'' (OLTEN),20.0,9760.0,7780.0,3,2,1232,5.6e-05,0.970766,C,ABC_PARETO,sales_only_v1,draft
DISPOSABLE SYRINGE - 5CC PRIME,36.1,9747.0,32353.0,5,5,1233,5.6e-05,0.970822,C,ABC_PARETO,sales_only_v1,draft
SQCEF 125MG/5ML,116.0,9744.0,12944.0,2,2,1234,5.6e-05,0.970879,C,ABC_PARETO,sales_only_v1,draft
INHIBITA 40MG,98.0,9740.0,88609.6,19,10,1235,5.6e-05,0.970935,C,ABC_PARETO,sales_only_v1,draft
REGIVIT 120ML,360.0,9720.0,36014.4,2,2,1236,5.6e-05,0.970991,C,ABC_PARETO,sales_only_v1,draft
OXYGEN MASK WITH TUBE - HEXACARE (XL),162.0,9720.0,12150.0,1,1,1237,5.6e-05,0.971047,C,ABC_PARETO,sales_only_v1,draft
HYOSAPH 10MG TAB,37.0,9665.0,21457.0,13,5,1238,5.6e-05,0.971103,C,ABC_PARETO,sales_only_v1,draft
FUROXIDE 10MG/ML (20MG/2ML) 2ML,159.0,9635.0,11325.0,4,3,1239,5.6e-05,0.971159,C,ABC_PARETO,sales_only_v1,draft
FACE SHIELD 150PHP,385.0,9625.0,48125.0,1,1,1240,5.6e-05,0.971215,C,ABC_PARETO,sales_only_v1,draft
TRIZEF 200MG,6.0,9600.0,46900.0,5,2,1241,5.5e-05,0.97127,C,ABC_PARETO,sales_only_v1,draft
FOLEY CATHETER FR.14 SIMPLEX,240.0,9600.0,4374.0,2,2,1242,5.5e-05,0.971326,C,ABC_PARETO,sales_only_v1,draft
FACEMASK (CROSSPOINT),160.0,9600.0,5660.0,2,2,1243,5.5e-05,0.971381,C,ABC_PARETO,sales_only_v1,draft
CORBIMAX 500MG,200.0,9600.0,36400.0,1,1,1244,5.5e-05,0.971437,C,ABC_PARETO,sales_only_v1,draft
STABUFOST-40 40MG,22.0,9570.0,28170.0,2,2,1245,5.5e-05,0.971492,C,ABC_PARETO,sales_only_v1,draft
BODYWASH PURE WHITE 450ML (SAFEGUARD),60.0,9570.0,5730.0,4,2,1246,5.5e-05,0.971547,C,ABC_PARETO,sales_only_v1,draft
SURGICAL BLADE #21 SURGITECH,34.0,9520.0,9792.0,2,1,1247,5.5e-05,0.971602,C,ABC_PARETO,sales_only_v1,draft
CARVIDA,100.0,9500.0,23000.0,1,1,1248,5.5e-05,0.971657,C,ABC_PARETO,sales_only_v1,draft
0.9% SODIUM CHLORIDE 9MG/ML 50ML (PHILRX ),294.0,9485.18,14284.82,3,3,1249,5.5e-05,0.971712,C,ABC_PARETO,sales_only_v1,draft
EDTA LAVENDER TUBE 3ML QUALITUBE,24.0,9480.0,9480.0,1,1,1250,5.5e-05,0.971767,C,ABC_PARETO,sales_only_v1,draft
MAYO SCISSOR CURVED SIZE 7'' (OLTEN),20.0,9460.0,12980.0,1,1,1251,5.5e-05,0.971821,C,ABC_PARETO,sales_only_v1,draft
DISPOSABLE SYRINGE 3CC 23GX1 (INDOPLAS),35.0,9450.0,2910.0,2,2,1252,5.5e-05,0.971876,C,ABC_PARETO,sales_only_v1,draft
VICRYL 0-0 ROUND NEEDLE ETHICON,2.0,9408.0,23712.0,1,1,1253,5.4e-05,0.97193,C,ABC_PARETO,sales_only_v1,draft
VICRYL 3-0 ROUND NEEDLE ETHICON,2.0,9408.0,23712.0,1,1,1254,5.4e-05,0.971985,C,ABC_PARETO,sales_only_v1,draft
POVIDONE IODINE 10% 1G (JCHIEME),8.0,9400.0,2450.0,2,2,1255,5.4e-05,0.972039,C,ABC_PARETO,sales_only_v1,draft
HISTARIL 50MG/1MG/5ML,272.0,9378.0,16587.3,26,14,1256,5.4e-05,0.972093,C,ABC_PARETO,sales_only_v1,draft
IMATET 40IU/0.5ML IM,18.0,9360.0,8640.0,1,1,1257,5.4e-05,0.972147,C,ABC_PARETO,sales_only_v1,draft
MAYO STRAIGHT SIZE 8'',18.0,9324.0,7916.0,3,1,1258,5.4e-05,0.972201,C,ABC_PARETO,sales_only_v1,draft
FLAGEX 500MG,112.0,9303.25,38898.75,24,17,1259,5.4e-05,0.972255,C,ABC_PARETO,sales_only_v1,draft
SAPHRIN 80MG,143.0,9295.0,3575.0,3,2,1260,5.4e-05,0.972309,C,ABC_PARETO,sales_only_v1,draft
ZINLUM 10MG/ML SYRUP (ORAL DROPS),523.0,9292.0,35657.04,7,7,1261,5.4e-05,0.972362,C,ABC_PARETO,sales_only_v1,draft
ISOPROPHYL ALCOHOL 500ML - GUARDIAN,154.0,9240.0,4610.0,3,2,1262,5.3e-05,0.972416,C,ABC_PARETO,sales_only_v1,draft
"IV CANNULA G.20 X 1 1/4"" INTROCAN - B BRAUN",4.18,9196.0,15434.0,2,2,1263,5.3e-05,0.972469,C,ABC_PARETO,sales_only_v1,draft
BLOOD CONNECTING RED TOP,23.0,9140.0,10376.0,3,3,1264,5.3e-05,0.972522,C,ABC_PARETO,sales_only_v1,draft
DALAMYCIN-600 150MG/ML (600MG/4ML) 4ML,14.0,9100.0,14300.0,2,2,1265,5.3e-05,0.972574,C,ABC_PARETO,sales_only_v1,draft
DISPOSABLE SYRINGE W/ NEEDLE 3CC - INDOPLAS,30.15,9045.0,13950.0,3,3,1266,5.2e-05,0.972627,C,ABC_PARETO,sales_only_v1,draft
ALL SILICONE STOMACH TUBE FR16 (ORMED),45.0,9045.0,1805.0,2,2,1267,5.2e-05,0.972679,C,ABC_PARETO,sales_only_v1,draft
CHROMIC BROWN CATOUT ABSORBABLE SUTURE 2-0 CURVED CUTTING TUDOR 75CM,30.0,9000.0,13470.0,1,1,1268,5.2e-05,0.972731,C,ABC_PARETO,sales_only_v1,draft
CHROMIC BROWN CATOUT ABSORBABLE SUTURE 3-0 CURVED CUTTING - TUDOR 75CM,30.0,9000.0,13470.0,1,1,1269,5.2e-05,0.972783,C,ABC_PARETO,sales_only_v1,draft
IV CANNULA G26 STERILE 100'S BIOFLON,5.0,9000.0,4500.0,1,1,1270,5.2e-05,0.972835,C,ABC_PARETO,sales_only_v1,draft
DISPOSABLE NEEDLE G.20 100'S-ORMED,60.0,9000.0,9180.0,2,1,1271,5.2e-05,0.972887,C,ABC_PARETO,sales_only_v1,draft
CENDALEX 250MG/5ML,144.0,9000.0,8031.6,14,8,1272,5.2e-05,0.972939,C,ABC_PARETO,sales_only_v1,draft
NERVESAPH 100MG/5MG/50MCG,150.0,9000.0,85350.0,1,1,1273,5.2e-05,0.972991,C,ABC_PARETO,sales_only_v1,draft
VACUTAINER YELLOW TOP : GEL AND CLOT ACTIVATOR 4ML (KINGMED),13.0,8970.0,1326.0,2,2,1274,5.2e-05,0.973043,C,ABC_PARETO,sales_only_v1,draft
VAGINAL SPECULUM (PEDERSON TYPE) LARGE,18.0,8964.0,986.0,2,1,1275,5.2e-05,0.973095,C,ABC_PARETO,sales_only_v1,draft
VAGINAL SPECULUM (PEDERSON TYPE) MEDIUM,18.0,8964.0,986.0,2,1,1276,5.2e-05,0.973147,C,ABC_PARETO,sales_only_v1,draft
VAGINAL SPECULUM (PEDERSON TYPE) SMALL,18.0,8964.0,986.0,2,1,1277,5.2e-05,0.973198,C,ABC_PARETO,sales_only_v1,draft
TOCEF 20MG/ML,116.0,8934.0,11318.5,5,4,1278,5.2e-05,0.97325,C,ABC_PARETO,sales_only_v1,draft
LUCAZT 10MG,29.0,8932.0,50337.23,8,8,1279,5.2e-05,0.973302,C,ABC_PARETO,sales_only_v1,draft
TANAFEN 450MG/35MG TAB,51.0,8925.0,20179.0,13,10,1280,5.2e-05,0.973353,C,ABC_PARETO,sales_only_v1,draft
AMBUBAG MANUAL RESUSCITATOR ADULT REUSABLE SILICONE (PARTNERS),6.0,8864.0,6136.0,4,4,1281,5.1e-05,0.973404,C,ABC_PARETO,sales_only_v1,draft
MEDRIZINE 5MG/5ML SYRUP,472.0,8828.0,26486.0,4,4,1282,5.1e-05,0.973455,C,ABC_PARETO,sales_only_v1,draft
NITRILE EXAMINATION GLOVES MEDIUM,44.0,8800.0,5801.0,2,2,1283,5.1e-05,0.973506,C,ABC_PARETO,sales_only_v1,draft
NASAL OXYGEN CANNULA NEONATE (HEXACARE),400.0,8800.0,12700.0,2,1,1284,5.1e-05,0.973557,C,ABC_PARETO,sales_only_v1,draft
GLOVES (M) - SHIP TO NON STERILE AMBIDEXTROUS DISPOSABLE GLOVES,13.0,8775.0,15456.39,1,1,1285,5.1e-05,0.973608,C,ABC_PARETO,sales_only_v1,draft
RABAPHEN 50MG/ML,48.5,8772.5,40147.5,9,7,1286,5.1e-05,0.973659,C,ABC_PARETO,sales_only_v1,draft
DISPOSABLE SYRINGE - 3CC PRIME,33.0,8750.0,31170.0,3,3,1287,5.1e-05,0.973709,C,ABC_PARETO,sales_only_v1,draft
ECOLUM TUBE SET,50.0,8750.0,13600.0,1,1,1288,5.1e-05,0.97376,C,ABC_PARETO,sales_only_v1,draft
REAGENT STRIPS FOR URINALYSIS,25.0,8750.0,21970.0,2,1,1289,5.1e-05,0.97381,C,ABC_PARETO,sales_only_v1,draft
IRONOVA 100MG/5ML/AMPULE,70.0,8750.0,53200.0,1,1,1290,5.1e-05,0.973861,C,ABC_PARETO,sales_only_v1,draft
LATEX EXAMINATION GLOVES SMALL,46.0,8740.0,6470.0,2,2,1291,5.1e-05,0.973911,C,ABC_PARETO,sales_only_v1,draft
FIXER AUTOMATIC FUJI,6.0,8700.0,15717.0,2,1,1292,5e-05,0.973962,C,ABC_PARETO,sales_only_v1,draft
HEMOXIN 500MG,20.0,8700.0,12575.0,6,3,1293,5e-05,0.974012,C,ABC_PARETO,sales_only_v1,draft
SURGICAL BLADE #10 SURGITECH,31.0,8680.0,5850.0,4,3,1294,5e-05,0.974062,C,ABC_PARETO,sales_only_v1,draft
MUPISAPH MUPIROCIN 20MG/G OINMENT,173.0,8650.0,11568.0,4,3,1295,5e-05,0.974112,C,ABC_PARETO,sales_only_v1,draft
ESSPRIN ADULT 20ML,41.0,8610.0,8610.0,4,4,1296,5e-05,0.974162,C,ABC_PARETO,sales_only_v1,draft
KIDNEY BASIN STAINLESS STEEL 12'' (OLTEN),15.0,8610.0,8610.0,1,1,1297,5e-05,0.974212,C,ABC_PARETO,sales_only_v1,draft
BIOGIC 250MG SUS,659.0,8597.0,47490.2,18,11,1298,5e-05,0.974261,C,ABC_PARETO,sales_only_v1,draft
CORSIN 300MG/2ML,120.0,8590.0,20610.0,2,2,1299,5e-05,0.974311,C,ABC_PARETO,sales_only_v1,draft
SITIVAST -40 40MG,50.0,8550.0,13950.0,3,2,1300,4.9e-05,0.97436,C,ABC_PARETO,sales_only_v1,draft
COTTON BALLS 1000S (TENDERSOFT),48.0,8540.0,3621.0,11,9,1301,4.9e-05,0.97441,C,ABC_PARETO,sales_only_v1,draft
STERILE LATEX - SURGICAL GLOVES,10.0,8500.0,18500.0,1,1,1302,4.9e-05,0.974459,C,ABC_PARETO,sales_only_v1,draft
MEDISCRUB WITH POVIDONE (MEDBAR),125.0,8500.0,2875.0,3,3,1303,4.9e-05,0.974508,C,ABC_PARETO,sales_only_v1,draft
DISPOSABLE SYRINGE 10CC (TERUMO) 100'S,10.0,8500.0,2980.0,3,2,1304,4.9e-05,0.974557,C,ABC_PARETO,sales_only_v1,draft
"IV CANNULA WINGED G.18X 1 1/4"" INTROCAN SAFETY (B BRAUN)",2.0,8500.0,5500.0,1,1,1305,4.9e-05,0.974606,C,ABC_PARETO,sales_only_v1,draft
STETHOSCOPE LITTMAN,1.0,8500.0,5750.0,1,1,1306,4.9e-05,0.974655,C,ABC_PARETO,sales_only_v1,draft
PREGNANCY TEST - PARTNERS,11.24,8484.6,17910.4,9,8,1307,4.9e-05,0.974704,C,ABC_PARETO,sales_only_v1,draft
METZENBAUM STRAIGHT SIZE 7'' (OLTEN),20.0,8460.0,17020.0,1,1,1308,4.9e-05,0.974753,C,ABC_PARETO,sales_only_v1,draft
NEBULIZER KIT WITH MASK PEDIA (HEXACARE),301.0,8428.0,18722.0,5,5,1309,4.9e-05,0.974802,C,ABC_PARETO,sales_only_v1,draft
UMBILICAL CORD CLAMP,27.0,8400.0,10743.0,5,3,1310,4.9e-05,0.974851,C,ABC_PARETO,sales_only_v1,draft
COTTON BALLS,105.0,8400.0,3550.0,3,3,1311,4.9e-05,0.974899,C,ABC_PARETO,sales_only_v1,draft
SURGICAL BLADE #11 SURGITECH,30.0,8400.0,8640.0,2,1,1312,4.9e-05,0.974948,C,ABC_PARETO,sales_only_v1,draft
LUBRICATING JELLY 10ML (EZ),10.0,8400.0,2500.0,1,1,1313,4.9e-05,0.974996,C,ABC_PARETO,sales_only_v1,draft
EMATEP 4000IU/0.4ML,20.0,8400.0,16800.0,1,1,1314,4.9e-05,0.975045,C,ABC_PARETO,sales_only_v1,draft
MYDOPA 250MG,30.0,8400.0,15600.0,1,1,1315,4.9e-05,0.975093,C,ABC_PARETO,sales_only_v1,draft
MEOXICLAV 400MG/57MG 70ML,62.0,8370.0,7132.0,3,3,1316,4.8e-05,0.975142,C,ABC_PARETO,sales_only_v1,draft
RAPID-C PLUS,49.0,8330.0,11367.0,9,6,1317,4.8e-05,0.97519,C,ABC_PARETO,sales_only_v1,draft
FORTIS VITAMIN,170.0,8330.0,44365.0,6,5,1318,4.8e-05,0.975238,C,ABC_PARETO,sales_only_v1,draft
BLOOD GLUCOSE TEST STRIPS ACCU-CHEK (INSTANT),5.0,8325.0,6035.0,2,2,1319,4.8e-05,0.975286,C,ABC_PARETO,sales_only_v1,draft
ATORBET 40MG,45.0,8325.0,11925.0,4,2,1320,4.8e-05,0.975334,C,ABC_PARETO,sales_only_v1,draft
APELOS RETRACTOR,10.0,8320.0,-8320.0,2,1,1321,4.8e-05,0.975382,C,ABC_PARETO,sales_only_v1,draft
DIXIN 250MCG TAB,33.1,8275.0,13529.0,9,6,1322,4.8e-05,0.97543,C,ABC_PARETO,sales_only_v1,draft
HEMOCLOT,7.0,8225.0,6585.0,3,3,1323,4.8e-05,0.975478,C,ABC_PARETO,sales_only_v1,draft
CARVIDOL 6.25MG,70.66,8201.89,4631.33,5,3,1324,4.7e-05,0.975525,C,ABC_PARETO,sales_only_v1,draft
LOSARTRIXX 100MG,40.0,8200.0,43800.0,2,2,1325,4.7e-05,0.975572,C,ABC_PARETO,sales_only_v1,draft
CEFUROX 250MG/5ML,100.0,8200.0,13556.0,2,2,1326,4.7e-05,0.97562,C,ABC_PARETO,sales_only_v1,draft
"LEUKOPLAST 2"" (5CMX5M) 01524-0",23.0,8180.0,26586.0,8,8,1327,4.7e-05,0.975667,C,ABC_PARETO,sales_only_v1,draft
COPIDE 75MG,83.0,8175.5,111570.5,3,3,1328,4.7e-05,0.975714,C,ABC_PARETO,sales_only_v1,draft
VERTISAPH-16,23.01,8168.55,25332.45,8,6,1329,4.7e-05,0.975762,C,ABC_PARETO,sales_only_v1,draft
APCEE 100/5ML 60ML,662.0,8161.3,32920.0,13,9,1330,4.7e-05,0.975809,C,ABC_PARETO,sales_only_v1,draft
UNDERPAD 600MMX700MM LARGE HEXACARE,60.0,8100.0,3475.0,3,3,1331,4.7e-05,0.975856,C,ABC_PARETO,sales_only_v1,draft
TACHYBAN 3MG,7.0,8073.0,13982.56,4,4,1332,4.7e-05,0.975902,C,ABC_PARETO,sales_only_v1,draft
STERILE SURGICAL GLOVES 50 PAIRS/BOX SIZE 7.5 HEXACARE,10.0,8070.0,18925.0,2,1,1333,4.7e-05,0.975949,C,ABC_PARETO,sales_only_v1,draft
GRAM STAIN SET - MEDIC,3.0,8058.0,5634.0,2,2,1334,4.7e-05,0.975995,C,ABC_PARETO,sales_only_v1,draft
ERGON 125MCG TAB,47.26,8034.2,72384.2,19,13,1335,4.6e-05,0.976042,C,ABC_PARETO,sales_only_v1,draft
KEEF - 125 125MG/5ML,87.0,8004.0,24514.44,5,3,1336,4.6e-05,0.976088,C,ABC_PARETO,sales_only_v1,draft
GLYCEMET,208.0,8004.0,94426.0,3,2,1337,4.6e-05,0.976134,C,ABC_PARETO,sales_only_v1,draft
UMBILICAL CORD CLAMP STERILE DISPOSABLE,20.0,8000.0,11260.0,2,2,1338,4.6e-05,0.976181,C,ABC_PARETO,sales_only_v1,draft
SOLVOMOX,100.0,8000.0,104500.0,1,1,1339,4.6e-05,0.976227,C,ABC_PARETO,sales_only_v1,draft
DISPOSABLE ISOLATION GOWN 60GSM LAMINATED WITH SHOE COVER AND HEAD COVER),200.0,8000.0,6000.0,2,2,1340,4.6e-05,0.976273,C,ABC_PARETO,sales_only_v1,draft
IV CANNULA WITH WINGS & PORT G24 (PRIMAFLON),4.0,8000.0,6000.0,2,2,1341,4.6e-05,0.976319,C,ABC_PARETO,sales_only_v1,draft
UV LIGHT GERMICIDAL TUBE 40W (ECOSHIFT),10.0,8000.0,17800.0,1,1,1342,4.6e-05,0.976366,C,ABC_PARETO,sales_only_v1,draft
EMERGENCY LAMP 2 HEAD RECHARGABLE (FIREFLY),5.0,7995.0,495.0,1,1,1343,4.6e-05,0.976412,C,ABC_PARETO,sales_only_v1,draft
EXEL 250MG/5ML,310.0,7982.5,6897.5,2,1,1344,4.6e-05,0.976458,C,ABC_PARETO,sales_only_v1,draft
LOCAINE 50ML,114.0,7980.0,3804.0,2,2,1345,4.6e-05,0.976504,C,ABC_PARETO,sales_only_v1,draft
DRUM FOR BROTHER MPC-L2750DW,2.0,7980.0,20.0,1,1,1346,4.6e-05,0.97655,C,ABC_PARETO,sales_only_v1,draft
VESTFLO-20 20MG,40.0,7920.0,34080.0,1,1,1347,4.6e-05,0.976596,C,ABC_PARETO,sales_only_v1,draft
ZEFTACARE 1G,190.0,7900.0,40850.0,6,6,1348,4.6e-05,0.976642,C,ABC_PARETO,sales_only_v1,draft
ACID FAST STAIN - MEDIC,2.0,7890.0,4950.0,2,2,1349,4.6e-05,0.976687,C,ABC_PARETO,sales_only_v1,draft
BROADMETZ 250MG/5ML SUS,194.0,7808.81,8891.19,12,11,1350,4.5e-05,0.976732,C,ABC_PARETO,sales_only_v1,draft
ACCU CHECK ACTIVE,5.0,7800.0,14540.0,2,2,1351,4.5e-05,0.976777,C,ABC_PARETO,sales_only_v1,draft
"NI8P MODULE; PN: 02,01,210759",2.0,7800.0,5850.0,2,2,1352,4.5e-05,0.976823,C,ABC_PARETO,sales_only_v1,draft
KETSOKANT 20MG/G(2% W/W),200.0,7800.0,22200.0,1,1,1353,4.5e-05,0.976868,C,ABC_PARETO,sales_only_v1,draft
APPELINC 30MG TAB,20.0,7800.0,6185.0,1,1,1354,4.5e-05,0.976913,C,ABC_PARETO,sales_only_v1,draft
NEBULIZER KIT WITH MASK ADULT (HEXACARE),276.0,7728.0,16772.0,5,5,1355,4.5e-05,0.976957,C,ABC_PARETO,sales_only_v1,draft
KN95 FACEMASK - CHRISTINE,1100.0,7700.0,172300.0,2,2,1356,4.5e-05,0.977002,C,ABC_PARETO,sales_only_v1,draft
UNISOL - M,20.0,7700.0,12118.5,4,4,1357,4.5e-05,0.977046,C,ABC_PARETO,sales_only_v1,draft
HYDROGEN PEROXIDE 3% 10VOL (AGUAPER),24.0,7680.0,5280.0,1,1,1358,4.4e-05,0.977091,C,ABC_PARETO,sales_only_v1,draft
STORAGE BOX 155LITERS,10.0,7668.09,7668.09,1,1,1359,4.4e-05,0.977135,C,ABC_PARETO,sales_only_v1,draft
OFPLEMED 300MG/5ML 120ML,150.0,7650.0,10350.0,2,2,1360,4.4e-05,0.977179,C,ABC_PARETO,sales_only_v1,draft
MIXTER 7'' (OLTEN),15.0,7650.0,7770.0,2,2,1361,4.4e-05,0.977223,C,ABC_PARETO,sales_only_v1,draft
BRICALIN 500MCG/ML AMP,1.3,7647.7,2652.3,3,3,1362,4.4e-05,0.977268,C,ABC_PARETO,sales_only_v1,draft
DOBUCARE 50 MG,4.0,7640.0,15720.0,2,2,1363,4.4e-05,0.977312,C,ABC_PARETO,sales_only_v1,draft
PROLENE MESH 7.6CMX15CM,2.0,7636.66,6113.34,1,1,1364,4.4e-05,0.977356,C,ABC_PARETO,sales_only_v1,draft
OSCIVIT 1250MG/250IU,40.0,7600.0,4140.0,2,2,1365,4.4e-05,0.9774,C,ABC_PARETO,sales_only_v1,draft
AMSUMED 500MG/250MG,400.0,7600.0,7048.0,2,1,1366,4.4e-05,0.977444,C,ABC_PARETO,sales_only_v1,draft
DIACEF 250MG/5ML,230.0,7590.0,29627.5,2,2,1367,4.4e-05,0.977488,C,ABC_PARETO,sales_only_v1,draft
GIRAN-16 16MG,30.33,7583.33,32549.14,7,5,1368,4.4e-05,0.977532,C,ABC_PARETO,sales_only_v1,draft
INTRAPLEM 500MG,27.0,7560.0,17920.0,9,6,1369,4.4e-05,0.977575,C,ABC_PARETO,sales_only_v1,draft
TEGADERM FILM (2X2)-SMALL,302.0,7550.0,17450.0,5,5,1370,4.4e-05,0.977619,C,ABC_PARETO,sales_only_v1,draft
FEEDING TUBE FR.8,503.0,7545.0,3069.0,2,2,1371,4.4e-05,0.977662,C,ABC_PARETO,sales_only_v1,draft
HEPARIN LOCKS,7.0,7500.0,41500.0,3,3,1372,4.3e-05,0.977706,C,ABC_PARETO,sales_only_v1,draft
PUSH CART,3.0,7500.0,3795.0,1,1,1373,4.3e-05,0.977749,C,ABC_PARETO,sales_only_v1,draft
ZEFALEX 500MG,30.0,7500.0,31500.0,1,1,1374,4.3e-05,0.977793,C,ABC_PARETO,sales_only_v1,draft
DISPOSABLE SYRINGE 10CC SURE GUARD,25.0,7500.0,16117.5,2,2,1375,4.3e-05,0.977836,C,ABC_PARETO,sales_only_v1,draft
STERILE LATEX SURGICAL GLOVES 7.0 INDOPLAS,10.0,7500.0,2490.0,1,1,1376,4.3e-05,0.977879,C,ABC_PARETO,sales_only_v1,draft
ECG CABLE 5 LEAD,1.0,7500.0,5625.0,1,1,1377,4.3e-05,0.977923,C,ABC_PARETO,sales_only_v1,draft
AMBUBAG MANUAL RESUSCITATOR ADULT REUSABLE (TOPCARE),5.0,7500.0,3500.0,2,1,1378,4.3e-05,0.977966,C,ABC_PARETO,sales_only_v1,draft
MACROSET - ADULT (INFUSION SET)- TUDOR,500.0,7500.0,47000.0,1,1,1379,4.3e-05,0.978009,C,ABC_PARETO,sales_only_v1,draft
BP CUFF: ADULT 50 X 14CM,30.0,7500.0,-2580.0,1,1,1380,4.3e-05,0.978053,C,ABC_PARETO,sales_only_v1,draft
DISPOSABLE NEEDLE AGANI G18 X 1 1/8 (TERUMO),25.0,7485.0,-999.0,3,2,1381,4.3e-05,0.978096,C,ABC_PARETO,sales_only_v1,draft
NORBIT 1MG/ML (2MG/2ML) 2ML,8.0,7443.0,7499.0,3,3,1382,4.3e-05,0.978139,C,ABC_PARETO,sales_only_v1,draft
BETZINE 16MG,19.0,7410.0,23259.65,11,9,1383,4.3e-05,0.978182,C,ABC_PARETO,sales_only_v1,draft
BUTAMIRATE 7.5MG/5ML 120ML SYRUP ZINCAP,50.0,7400.0,100.0,1,1,1384,4.3e-05,0.978224,C,ABC_PARETO,sales_only_v1,draft
F-DICO 25MG/ML,60.0,7380.0,35100.0,9,7,1385,4.3e-05,0.978267,C,ABC_PARETO,sales_only_v1,draft
FENO-T6 160MG,67.0,7370.0,44883.3,1,1,1386,4.3e-05,0.97831,C,ABC_PARETO,sales_only_v1,draft
SCHEEPRIN 80MG,105.0,7350.0,9920.0,13,8,1387,4.2e-05,0.978352,C,ABC_PARETO,sales_only_v1,draft
DISPOSABLE DIAPER ADULT XL (EVERWELL),43.0,7310.0,7255.0,3,3,1388,4.2e-05,0.978394,C,ABC_PARETO,sales_only_v1,draft
GLOVES MEDIUM NITRILE NONSTERILE (LTN),36.0,7300.0,10847.0,8,7,1389,4.2e-05,0.978437,C,ABC_PARETO,sales_only_v1,draft
NITROFIX SR 30MG TAB,14.0,7280.0,7310.0,4,4,1390,4.2e-05,0.978479,C,ABC_PARETO,sales_only_v1,draft
CALCIUM GLUCONATE - EUROMED,4.32,7257.6,8516.8,5,4,1391,4.2e-05,0.978521,C,ABC_PARETO,sales_only_v1,draft
EPIBBAS 1MG/ML IV,50.0,7250.0,32522.5,4,1,1392,4.2e-05,0.978563,C,ABC_PARETO,sales_only_v1,draft
SOBINATE 84MG/ML (8.4%) 20ML,51.0,7232.0,10958.0,5,5,1393,4.2e-05,0.978604,C,ABC_PARETO,sales_only_v1,draft
BP BAXTEL,4.0,7200.0,6290.0,2,2,1394,4.2e-05,0.978646,C,ABC_PARETO,sales_only_v1,draft
TUDOR - SILK BRAIDED NON ABSORBABLE SUTURE 3-0 CUTTING NEEDLE,24.0,7200.0,2818.0,4,3,1395,4.2e-05,0.978688,C,ABC_PARETO,sales_only_v1,draft
ADVENTURE-CERTIFICATE HOLDER (CH-1),180.0,7200.0,5400.0,1,1,1396,4.2e-05,0.978729,C,ABC_PARETO,sales_only_v1,draft
DISPOSABLE SYRINGE 5CC 23GX1 (SURESHOT),30.0,7200.0,2460.0,1,1,1397,4.2e-05,0.978771,C,ABC_PARETO,sales_only_v1,draft
METOCLON 5MG/ML (10MG/2ML),60.0,7200.0,10635.0,3,3,1398,4.2e-05,0.978812,C,ABC_PARETO,sales_only_v1,draft
XED 100MG/ML (500MG/5ML) 5ML,40.0,7200.0,13200.0,1,1,1399,4.2e-05,0.978854,C,ABC_PARETO,sales_only_v1,draft
INSULIN SYRINGE 1CC COSMED,14.0,7154.0,8612.0,2,1,1400,4.1e-05,0.978895,C,ABC_PARETO,sales_only_v1,draft
DISPOSABLE FACEMASK (INDOPLAS),130.0,7150.0,4460.0,2,2,1401,4.1e-05,0.978937,C,ABC_PARETO,sales_only_v1,draft
SANISCRUB-E (0.5% + 70%),57.0,7125.0,12322.0,5,5,1402,4.1e-05,0.978978,C,ABC_PARETO,sales_only_v1,draft
MYREFEN 500MG,91.0,7098.0,20353.0,5,3,1403,4.1e-05,0.979019,C,ABC_PARETO,sales_only_v1,draft
PARAGESIC 125MG,15.6,7069.2,522.8,3,3,1404,4.1e-05,0.97906,C,ABC_PARETO,sales_only_v1,draft
CAFGARD 300MG,229.0,7053.2,18554.8,6,5,1405,4.1e-05,0.979101,C,ABC_PARETO,sales_only_v1,draft
EASELAC 3.33G/5ML,82.0,7052.0,12284.0,3,2,1406,4.1e-05,0.979141,C,ABC_PARETO,sales_only_v1,draft
SELCEE 500MG TABLET,150.0,7050.0,87650.0,2,2,1407,4.1e-05,0.979182,C,ABC_PARETO,sales_only_v1,draft
VITAMIN A SOFT GEL CAP,7.0,7028.0,3472.0,1,1,1408,4.1e-05,0.979223,C,ABC_PARETO,sales_only_v1,draft
VDRL-SYPHILIS RAPID TEST STRIP - RIGHT SIGN,100.0,7020.0,2930.0,1,1,1409,4.1e-05,0.979263,C,ABC_PARETO,sales_only_v1,draft
SYRINGE 1CC SITI,36.0,7020.0,27880.0,2,2,1410,4.1e-05,0.979304,C,ABC_PARETO,sales_only_v1,draft
CARDINAL THERMOMETER,100.0,7000.0,18443.94,1,1,1411,4e-05,0.979344,C,ABC_PARETO,sales_only_v1,draft
ORALIME 100MG,100.0,7000.0,59960.0,1,1,1412,4e-05,0.979385,C,ABC_PARETO,sales_only_v1,draft
NIBP CUFF PEDIA,2.0,7000.0,5250.0,1,1,1413,4e-05,0.979425,C,ABC_PARETO,sales_only_v1,draft
ISOPROPHYL ALCOHOL 70% 500ML NEW FEDERAL,140.0,7000.0,5270.0,4,1,1414,4e-05,0.979466,C,ABC_PARETO,sales_only_v1,draft
FOLEY CATHETER LATEX SILICON COATED FR. 16 SURGITECH,200.0,7000.0,7000.0,1,1,1415,4e-05,0.979506,C,ABC_PARETO,sales_only_v1,draft
IV CANNULA WITH WINGS & INJECTION VALVE G22 0.9X25MM (CANCARE),5.0,7000.0,13300.0,2,2,1416,4e-05,0.979547,C,ABC_PARETO,sales_only_v1,draft
OCCULT BLOOD SET 200/300 TEST (MEDIC),2.0,7000.0,5477.0,2,1,1417,4e-05,0.979587,C,ABC_PARETO,sales_only_v1,draft
PAPANICOLAOU STAIN SET 10X500ML (MEDIC),1.0,7000.0,14470.0,1,1,1418,4e-05,0.979627,C,ABC_PARETO,sales_only_v1,draft
XANGINART 35MG,116.67,7000.0,24500.0,2,1,1419,4e-05,0.979668,C,ABC_PARETO,sales_only_v1,draft
BP APPARATUS WITH STAND (INDOPLAS),2.0,7000.0,7000.0,1,1,1420,4e-05,0.979708,C,ABC_PARETO,sales_only_v1,draft
SPIRODEN 50MG TAB,11.0,6875.0,9284.0,2,2,1421,4e-05,0.979748,C,ABC_PARETO,sales_only_v1,draft
MOXYLOR 250MG/5ML,292.0,6866.0,5864.0,4,4,1422,4e-05,0.979788,C,ABC_PARETO,sales_only_v1,draft
CORSIN-600MG,70.0,6860.0,7060.0,4,3,1423,4e-05,0.979827,C,ABC_PARETO,sales_only_v1,draft
REGICET 5MG/5ML,360.0,6840.0,2880.0,2,2,1424,4e-05,0.979867,C,ABC_PARETO,sales_only_v1,draft
HYCLENS SKIN CLEANSER 4G/100ML GALLON,4.0,6804.0,6396.0,2,1,1425,3.9e-05,0.979906,C,ABC_PARETO,sales_only_v1,draft
SKYVIT CAP,100.0,6800.0,32100.0,1,1,1426,3.9e-05,0.979946,C,ABC_PARETO,sales_only_v1,draft
KARVIDOL 6.25MG TAB,34.2,6771.6,5198.4,2,2,1427,3.9e-05,0.979985,C,ABC_PARETO,sales_only_v1,draft
FENOFAST 200MG,25.0,6750.0,17175.5,3,3,1428,3.9e-05,0.980024,C,ABC_PARETO,sales_only_v1,draft
SMART LOAD 500,14.0,6720.0,273.0,1,1,1429,3.9e-05,0.980063,C,ABC_PARETO,sales_only_v1,draft
SYRINGE 5ML INDOPLAS,28.0,6720.0,15876.0,1,1,1430,3.9e-05,0.980101,C,ABC_PARETO,sales_only_v1,draft
EMLOR PLUS,31.0,6696.0,11224.0,8,4,1431,3.9e-05,0.98014,C,ABC_PARETO,sales_only_v1,draft
PHILCEF-DS 250MG/5ML,72.0,6696.0,3952.08,1,1,1432,3.9e-05,0.980179,C,ABC_PARETO,sales_only_v1,draft
COMXICLA 625MG,29.0,6670.0,3110.0,2,2,1433,3.9e-05,0.980217,C,ABC_PARETO,sales_only_v1,draft
MAZINE 10MG/G 20G,122.0,6662.0,22862.5,9,9,1434,3.9e-05,0.980256,C,ABC_PARETO,sales_only_v1,draft
GLOBE LOAD 500,14.0,6650.0,1405.25,1,1,1435,3.8e-05,0.980294,C,ABC_PARETO,sales_only_v1,draft
ACRESIL - 300 300MG,18.0,6648.0,17352.0,3,2,1436,3.8e-05,0.980333,C,ABC_PARETO,sales_only_v1,draft
HYCLENS WOUND CARE SOLUTION - 15ML,219.0,6622.56,7965.58,2,2,1437,3.8e-05,0.980371,C,ABC_PARETO,sales_only_v1,draft
TUDOR - SILK BRAIDED NON ABSORBABLE SUTURE 4-0 CUTTING NEEDLE,22.0,6600.0,2818.0,3,3,1438,3.8e-05,0.980409,C,ABC_PARETO,sales_only_v1,draft
IV CANNULA G18 CATHULA,3.0,6600.0,1500.0,1,1,1439,3.8e-05,0.980447,C,ABC_PARETO,sales_only_v1,draft
ELASTIC BANDAGE 3X5 - SURGITECH,220.0,6600.0,4300.0,4,2,1440,3.8e-05,0.980485,C,ABC_PARETO,sales_only_v1,draft
GLOVES LARGE LATEX NONSTERILE (SCHULLERMED),30.0,6600.0,750.0,1,1,1441,3.8e-05,0.980524,C,ABC_PARETO,sales_only_v1,draft
GLOVES SMALL LATEX NONSTERILE (SCHULLERMED),30.0,6600.0,750.0,1,1,1442,3.8e-05,0.980562,C,ABC_PARETO,sales_only_v1,draft
KATHREX 800MG/160MG (960MG),50.0,6600.0,32100.0,1,1,1443,3.8e-05,0.9806,C,ABC_PARETO,sales_only_v1,draft
RETABETASOL 500MCG/G(0.5%W/W),150.0,6600.0,41400.0,1,1,1444,3.8e-05,0.980638,C,ABC_PARETO,sales_only_v1,draft
HYOPAN 10MG,31.0,6582.0,15310.5,5,4,1445,3.8e-05,0.980676,C,ABC_PARETO,sales_only_v1,draft
MOXYLOR 100MG/ML,427.0,6566.0,26197.85,9,8,1446,3.8e-05,0.980714,C,ABC_PARETO,sales_only_v1,draft
ARTAL-H 50MG/12.5MG TAB,57.0,6555.0,111945.0,21,11,1447,3.8e-05,0.980752,C,ABC_PARETO,sales_only_v1,draft
ZEGECEF 250MG/5ML SUS,47.0,6554.15,15938.26,3,3,1448,3.8e-05,0.98079,C,ABC_PARETO,sales_only_v1,draft
ZEBET 80MG,32.0,6526.0,19722.2,10,9,1449,3.8e-05,0.980828,C,ABC_PARETO,sales_only_v1,draft
ETHYL ALCOHOL 70% 500ML (ZACH),100.0,6500.0,8400.0,1,1,1450,3.8e-05,0.980865,C,ABC_PARETO,sales_only_v1,draft
URINE STRIPS : 10DG (RIGHTSIGN),10.0,6500.0,970.0,1,1,1451,3.8e-05,0.980903,C,ABC_PARETO,sales_only_v1,draft
GLOVES (M) - INDOPLAS,18.0,6480.0,12990.0,2,2,1452,3.7e-05,0.98094,C,ABC_PARETO,sales_only_v1,draft
BP APPARATUS DESK TYPE ADULT-TOPCARE,6.0,6480.0,510.0,1,1,1453,3.7e-05,0.980978,C,ABC_PARETO,sales_only_v1,draft
CAP,24.0,6480.0,240.0,1,1,1454,3.7e-05,0.981015,C,ABC_PARETO,sales_only_v1,draft
EUROMYCIN 150MG/ML,8.9,6479.2,24032.8,4,3,1455,3.7e-05,0.981052,C,ABC_PARETO,sales_only_v1,draft
APREZOBAS 20MG/ML,35.0,6475.0,58670.0,7,6,1456,3.7e-05,0.98109,C,ABC_PARETO,sales_only_v1,draft
RAPID ANTIBODY MEDIUM,7.0,6468.0,1167.0,2,2,1457,3.7e-05,0.981127,C,ABC_PARETO,sales_only_v1,draft
CEFTRINOVA 1G,380.0,6460.0,54740.0,4,4,1458,3.7e-05,0.981165,C,ABC_PARETO,sales_only_v1,draft
"WOODEN APPLICATOR STICK 6""- PARTNERS",51.0,6455.0,23935.0,2,2,1459,3.7e-05,0.981202,C,ABC_PARETO,sales_only_v1,draft
STAL-LACT,56.0,6440.0,6888.0,1,1,1460,3.7e-05,0.981239,C,ABC_PARETO,sales_only_v1,draft
LEVOSAPH 500MG,20.0,6400.0,15000.0,1,1,1461,3.7e-05,0.981276,C,ABC_PARETO,sales_only_v1,draft
MOSQUITO CURVED 5 1/2 (OLTEN),18.0,6390.0,-2160.0,2,2,1462,3.7e-05,0.981313,C,ABC_PARETO,sales_only_v1,draft
VN2 2/5ML 60ML,555.0,6375.0,7985.0,5,5,1463,3.7e-05,0.98135,C,ABC_PARETO,sales_only_v1,draft
METROZOLE 125MG,358.0,6354.0,9751.6,11,8,1464,3.7e-05,0.981387,C,ABC_PARETO,sales_only_v1,draft
XRAY DEVELOPER AUTOMATIC (FUJI),2.0,6320.0,1590.0,1,1,1465,3.7e-05,0.981423,C,ABC_PARETO,sales_only_v1,draft
AMLOTHIX 5MG,166.0,6308.0,44209.7,10,9,1466,3.6e-05,0.98146,C,ABC_PARETO,sales_only_v1,draft
OXYGEN MASK (NEONATE) - PARTNERS,150.0,6300.0,4050.0,1,1,1467,3.6e-05,0.981496,C,ABC_PARETO,sales_only_v1,draft
TRIZINE 205MG/45MG/5ML,30.0,6300.0,3000.0,1,1,1468,3.6e-05,0.981532,C,ABC_PARETO,sales_only_v1,draft
OXYGEN MASK NEONATE (INDOPLAS),140.0,6300.0,1981.0,2,1,1469,3.6e-05,0.981569,C,ABC_PARETO,sales_only_v1,draft
MOUTH WASH 250ML COOLMINT LISTERINE,50.0,6285.0,5865.0,1,1,1470,3.6e-05,0.981605,C,ABC_PARETO,sales_only_v1,draft
DISPOSABLE NEEDLE G23 TERUMO,27.0,6270.0,4266.0,3,3,1471,3.6e-05,0.981641,C,ABC_PARETO,sales_only_v1,draft
ELASTIC BANDAGE 4X5 (INDOPLAS),168.0,6264.0,2952.0,6,5,1472,3.6e-05,0.981678,C,ABC_PARETO,sales_only_v1,draft
TOOTH BRUSH - BAMBOO CHARCOAL,50.0,6250.0,4150.0,1,1,1473,3.6e-05,0.981714,C,ABC_PARETO,sales_only_v1,draft
ACCETHROM 125MG/ML 60ML,50.0,6250.0,1700.0,1,1,1474,3.6e-05,0.98175,C,ABC_PARETO,sales_only_v1,draft
DISPOSABLE SYRINGE (5CC/ML) 23GX1 LUER LOCK - DELCARE,26.0,6240.0,4080.0,3,3,1475,3.6e-05,0.981786,C,ABC_PARETO,sales_only_v1,draft
PREVEN-Z GOLD 500MG/10MG/1000IU,14.0,6230.0,18250.0,5,4,1476,3.6e-05,0.981822,C,ABC_PARETO,sales_only_v1,draft
KETORAN 30MG/ML,31.0,6200.0,31390.0,2,2,1477,3.6e-05,0.981858,C,ABC_PARETO,sales_only_v1,draft
MONOCRYL 0'' 31MM 1/2C 70CM (ETHICON),1.0,6200.0,6200.0,1,1,1478,3.6e-05,0.981894,C,ABC_PARETO,sales_only_v1,draft
AMBIVIT K,59.0,6195.0,21305.0,5,3,1479,3.6e-05,0.981929,C,ABC_PARETO,sales_only_v1,draft
NELATON STRAIGHT CATHETER FR.16 STERILE (KENXIN),176.0,6160.0,17458.0,10,5,1480,3.6e-05,0.981965,C,ABC_PARETO,sales_only_v1,draft
FULVAST 40MG,21.0,6132.0,36348.0,2,2,1481,3.5e-05,0.982,C,ABC_PARETO,sales_only_v1,draft
ANEPTIL 500MG/5ML (I.M/I.V),98.0,6125.0,58218.43,1,1,1482,3.5e-05,0.982036,C,ABC_PARETO,sales_only_v1,draft
MONOCRYL 1'' 40MM 1/2C 70CM (ETHICON),1.0,6125.0,6125.0,1,1,1483,3.5e-05,0.982071,C,ABC_PARETO,sales_only_v1,draft
TUDOR - CHROMIC BROWN COATED CATGUT ABSORBABLE SUTURE 3-0 CURVED CUTTING - 75CM,23.0,6095.0,4426.0,3,3,1484,3.5e-05,0.982106,C,ABC_PARETO,sales_only_v1,draft
CORSTAPH 500MG,14.0,6090.0,8910.0,1,1,1485,3.5e-05,0.982142,C,ABC_PARETO,sales_only_v1,draft
ZYTACT 200MG/5ML,145.0,6090.0,19681.25,3,3,1486,3.5e-05,0.982177,C,ABC_PARETO,sales_only_v1,draft
WILKINS DISTILLED 5L,24.0,6072.0,3408.0,1,1,1487,3.5e-05,0.982212,C,ABC_PARETO,sales_only_v1,draft
SEREDOL 5MG/ML,5.0,6060.0,1692.0,2,2,1488,3.5e-05,0.982247,C,ABC_PARETO,sales_only_v1,draft
NOVAFENAC,110.0,6050.0,25600.0,3,2,1489,3.5e-05,0.982282,C,ABC_PARETO,sales_only_v1,draft
DEXICORT 5MG/ML,1.0,6048.0,18144.0,1,1,1490,3.5e-05,0.982317,C,ABC_PARETO,sales_only_v1,draft
HCG TEST CASSETTE,403.0,6045.0,8905.0,2,2,1491,3.5e-05,0.982352,C,ABC_PARETO,sales_only_v1,draft
FEEDING TUBE FR.5,403.0,6045.0,2481.0,2,2,1492,3.5e-05,0.982387,C,ABC_PARETO,sales_only_v1,draft
ZINLUM 10MG/ML SYRUP 15ML (ORAL DROPS),423.0,6027.75,18246.25,5,2,1493,3.5e-05,0.982422,C,ABC_PARETO,sales_only_v1,draft
MAYO STAND WITH TRAY,2.0,6000.0,14995.0,2,2,1494,3.5e-05,0.982456,C,ABC_PARETO,sales_only_v1,draft
CORD CLAMP - SIMPLEX,15.0,6000.0,5500.0,2,2,1495,3.5e-05,0.982491,C,ABC_PARETO,sales_only_v1,draft
LUBRICATING JELLY 5G - PARTNERS,8.0,6000.0,4000.0,2,2,1496,3.5e-05,0.982526,C,ABC_PARETO,sales_only_v1,draft
SIMPLEX NEEDLE 26G X 1/2,20.0,6000.0,3900.0,1,1,1497,3.5e-05,0.98256,C,ABC_PARETO,sales_only_v1,draft
TRIANGULAR BANDAGE 60X42,100.0,6000.0,9000.0,1,1,1498,3.5e-05,0.982595,C,ABC_PARETO,sales_only_v1,draft
"TRASHBAG 10'S PLASTIC BLACK XL,TEAR RESISTANT LEAK PROOF",150.0,6000.0,8400.0,1,1,1499,3.5e-05,0.98263,C,ABC_PARETO,sales_only_v1,draft
ID BRACELET ADULT SURGITECH,20.0,6000.0,0.0,1,1,1500,3.5e-05,0.982664,C,ABC_PARETO,sales_only_v1,draft
DISPOSABLE NEEDLE G.25 100'S-ORMED,40.0,6000.0,6160.0,2,1,1501,3.5e-05,0.982699,C,ABC_PARETO,sales_only_v1,draft
COTTON SUTURE 2.0 (RGM),50.0,6000.0,1250.0,4,3,1502,3.5e-05,0.982734,C,ABC_PARETO,sales_only_v1,draft
DISPOSABLE NEEDLE G19 X1/2 (ORMED),30.0,6000.0,3240.0,1,1,1503,3.5e-05,0.982768,C,ABC_PARETO,sales_only_v1,draft
IV CANNULA WITH INJECTION PORT LUER LOCK G26 X 3/4 (CATHY),5.0,6000.0,9000.0,1,1,1504,3.5e-05,0.982803,C,ABC_PARETO,sales_only_v1,draft
AMZELLIN 250-250MG,50.0,6000.0,18000.0,1,1,1505,3.5e-05,0.982838,C,ABC_PARETO,sales_only_v1,draft
ALLERJEC 2.5MG/ML,331.0,5958.0,6642.5,6,3,1506,3.4e-05,0.982872,C,ABC_PARETO,sales_only_v1,draft
UMBILICAL CORD CLAMP - UROGUARD,17.0,5950.0,21975.5,3,3,1507,3.4e-05,0.982907,C,ABC_PARETO,sales_only_v1,draft
CYFROX 500MG TABLET,34.0,5950.0,9940.0,3,3,1508,3.4e-05,0.982941,C,ABC_PARETO,sales_only_v1,draft
DISPOSABLE INFUSION SET ADULT 20MACRODROPS/ML (PRIME),350.0,5950.0,3951.0,2,2,1509,3.4e-05,0.982975,C,ABC_PARETO,sales_only_v1,draft
BLOOD TYPING ANTI SERA A & B,7.0,5950.0,5950.0,1,1,1510,3.4e-05,0.98301,C,ABC_PARETO,sales_only_v1,draft
MEDIROSE 1000MG/992MG,41.0,5945.0,35055.0,6,6,1511,3.4e-05,0.983044,C,ABC_PARETO,sales_only_v1,draft
DISPOSABLE INFUSION SET PEDIA 60MICRODROPS/ML (HEXACARE),424.0,5936.0,4216.0,2,2,1512,3.4e-05,0.983078,C,ABC_PARETO,sales_only_v1,draft
ISOPROPHYL ALCOHOL 70% 500ML SPRAY(ALCORADE),78.0,5928.0,702.0,2,1,1513,3.4e-05,0.983113,C,ABC_PARETO,sales_only_v1,draft
MECLOP 5MG/ML 2ML,185.0,5920.0,26175.0,13,9,1514,3.4e-05,0.983147,C,ABC_PARETO,sales_only_v1,draft
ELCILIN 250MG,30.0,5850.0,25216.4,5,5,1515,3.4e-05,0.983181,C,ABC_PARETO,sales_only_v1,draft
AMBUBAG MANUAL RESUSCITATOR PEDIA REUSABLE SILICONE (PARTNERS),4.0,5844.0,4156.0,2,2,1516,3.4e-05,0.983214,C,ABC_PARETO,sales_only_v1,draft
GENTACARE 40MG,119.2,5812.6,41923.4,11,10,1517,3.4e-05,0.983248,C,ABC_PARETO,sales_only_v1,draft
UV LIGHT GERMICIDAL TROLLEY 100W (ECOSHIFT),1.0,5800.0,20190.0,1,1,1518,3.4e-05,0.983282,C,ABC_PARETO,sales_only_v1,draft
NASAL OXYGEN CANNULA (PEDIA) 6542 - ORMED,210.0,5775.0,20685.0,2,2,1519,3.3e-05,0.983315,C,ABC_PARETO,sales_only_v1,draft
CHAMPION SUPRA 370G,300.0,5708.34,4950.0,2,2,1520,3.3e-05,0.983348,C,ABC_PARETO,sales_only_v1,draft
MONPHEVIN 200MG,130.0,5700.0,3800.0,3,3,1521,3.3e-05,0.983381,C,ABC_PARETO,sales_only_v1,draft
FORMALIN 10% BUFFERED (MEDIC),6.0,5700.0,2490.0,2,2,1522,3.3e-05,0.983414,C,ABC_PARETO,sales_only_v1,draft
LEVETRAMED-500 500MG,30.0,5700.0,5964.0,2,1,1523,3.3e-05,0.983447,C,ABC_PARETO,sales_only_v1,draft
BRISOFER OB 60MG/400MCG,30.0,5670.0,1470.0,1,1,1524,3.3e-05,0.98348,C,ABC_PARETO,sales_only_v1,draft
SURGICAL BLADES S21 (PARTNERS),21.0,5670.0,2604.0,3,2,1525,3.3e-05,0.983512,C,ABC_PARETO,sales_only_v1,draft
EASYLAC-3.35G/5ML,56.0,5656.0,4414.0,2,1,1526,3.3e-05,0.983545,C,ABC_PARETO,sales_only_v1,draft
MUCUZID,80.0,5600.0,25600.0,1,1,1527,3.2e-05,0.983577,C,ABC_PARETO,sales_only_v1,draft
FOLEY CATHETER FR. 16-UROSENZ,14.0,5600.0,280.0,1,1,1528,3.2e-05,0.98361,C,ABC_PARETO,sales_only_v1,draft
NORMAL SALT SOLUTION 0.85% - MEDIC,20.0,5600.0,5600.0,1,1,1529,3.2e-05,0.983642,C,ABC_PARETO,sales_only_v1,draft
TUDOR NYLON SUTURE 2.0 CUTTING,20.0,5600.0,3600.0,2,1,1530,3.2e-05,0.983674,C,ABC_PARETO,sales_only_v1,draft
IV CANNULA WITH WINGS & INJECTION VALVE G20 1.1X32MM (CANCARE),4.0,5600.0,6351.0,2,2,1531,3.2e-05,0.983707,C,ABC_PARETO,sales_only_v1,draft
IDENTIFICATION BRACELET WRITEON CHILD PINK,20.0,5600.0,1900.0,1,1,1532,3.2e-05,0.983739,C,ABC_PARETO,sales_only_v1,draft
IDENTIFICATION BRACELET WRITEON PINK ADULT,20.0,5600.0,1900.0,1,1,1533,3.2e-05,0.983772,C,ABC_PARETO,sales_only_v1,draft
ALLERCHEM 5MG/5ML,302.0,5587.0,23667.0,4,3,1534,3.2e-05,0.983804,C,ABC_PARETO,sales_only_v1,draft
DISPOSABLE PREP RAZOR-SINGLE EDGE (UNIMEX),6.98,5584.0,7376.0,6,5,1535,3.2e-05,0.983836,C,ABC_PARETO,sales_only_v1,draft
ROSEMIDE 10MG/ML (20MG/2ML) 2ML,96.0,5568.0,47192.0,13,8,1536,3.2e-05,0.983868,C,ABC_PARETO,sales_only_v1,draft
BLOOD COLLECTION BAGS,3.0,5550.0,5550.0,1,1,1537,3.2e-05,0.9839,C,ABC_PARETO,sales_only_v1,draft
GOUTSAPH 500MCG,47.0,5502.0,12027.74,9,5,1538,3.2e-05,0.983932,C,ABC_PARETO,sales_only_v1,draft
FLACOXTO 200MG,25.0,5500.0,51475.0,5,5,1539,3.2e-05,0.983964,C,ABC_PARETO,sales_only_v1,draft
COVID SALIVA TEST,1.0,5500.0,0.0,1,1,1540,3.2e-05,0.983996,C,ABC_PARETO,sales_only_v1,draft
LITTMANN CLASSIC III STETHOSCOPE 3M,1.0,5500.0,4845.0,1,1,1541,3.2e-05,0.984028,C,ABC_PARETO,sales_only_v1,draft
YUCORDIN 150MCG/ML,10.0,5500.0,5900.0,1,1,1542,3.2e-05,0.984059,C,ABC_PARETO,sales_only_v1,draft
EPIDURAL MINI PACK G18 (ENDURE),5.0,5500.0,1750.0,1,1,1543,3.2e-05,0.984091,C,ABC_PARETO,sales_only_v1,draft
AMPINEX PLUS 500MG/250MG,220.0,5500.0,7025.0,2,1,1544,3.2e-05,0.984123,C,ABC_PARETO,sales_only_v1,draft
FORMET-500 500MG,75.0,5495.0,20753.0,7,6,1545,3.2e-05,0.984155,C,ABC_PARETO,sales_only_v1,draft
SPIROPHIL 25MG,20.0,5490.0,23690.0,3,3,1546,3.2e-05,0.984186,C,ABC_PARETO,sales_only_v1,draft
BLADDER RETRACTOR/BALFOUR CENTRAL BLADE SIZE 70X85MM,2.0,5482.0,-5482.0,1,1,1547,3.2e-05,0.984218,C,ABC_PARETO,sales_only_v1,draft
DENTAL NEEDLE 30G X 13/16 GREEN LABEL SHORT - TERUMO,18.0,5400.0,13716.0,1,1,1548,3.1e-05,0.984249,C,ABC_PARETO,sales_only_v1,draft
CHROMIC 2-0 ROUND BODIED 40MM,18.0,5400.0,5210.0,4,4,1549,3.1e-05,0.984281,C,ABC_PARETO,sales_only_v1,draft
FLUIMUCIL 100MG,10.0,5400.0,24300.0,1,1,1550,3.1e-05,0.984312,C,ABC_PARETO,sales_only_v1,draft
RAIN COAT,12.0,5400.0,1608.0,1,1,1551,3.1e-05,0.984343,C,ABC_PARETO,sales_only_v1,draft
DISPOSABLE SYRINGE 1CC KING MED,30.0,5400.0,9000.0,1,1,1552,3.1e-05,0.984374,C,ABC_PARETO,sales_only_v1,draft
UMBILICAL CORD CLAMP SURGITECH,18.0,5400.0,6210.0,1,1,1553,3.1e-05,0.984405,C,ABC_PARETO,sales_only_v1,draft
GLOVES MEDIUM NITRILE NONSTERILE (SURGITECH),27.0,5400.0,6750.0,10,5,1554,3.1e-05,0.984437,C,ABC_PARETO,sales_only_v1,draft
PROLAXA 2MG/ML (200MG/100ML) 100ML,200.0,5400.0,1924.0,1,1,1555,3.1e-05,0.984468,C,ABC_PARETO,sales_only_v1,draft
SURGICAL BLADES S20 (PARTNERS),20.0,5400.0,2480.0,6,2,1556,3.1e-05,0.984499,C,ABC_PARETO,sales_only_v1,draft
NEEDLE G19X1 1/2 SIMPLEX,20.0,5380.0,780.0,1,1,1557,3.1e-05,0.98453,C,ABC_PARETO,sales_only_v1,draft
ISOXULIDE 5MG/ML 2ML,10.0,5380.0,16140.0,1,1,1558,3.1e-05,0.984561,C,ABC_PARETO,sales_only_v1,draft
GENTACARE 80MG/2ML (40MG/ML) 2ML,111.9,5371.2,27691.3,15,11,1559,3.1e-05,0.984592,C,ABC_PARETO,sales_only_v1,draft
BOTTLE SPRAYER,214.0,5358.0,11134.0,4,4,1560,3.1e-05,0.984623,C,ABC_PARETO,sales_only_v1,draft
BABY WASH COTTONTOUCH 50ML (JOHNSON),72.0,5350.32,3865.68,2,1,1561,3.1e-05,0.984654,C,ABC_PARETO,sales_only_v1,draft
TELABAG (LARGE),890.0,5340.0,3560.0,1,1,1562,3.1e-05,0.984685,C,ABC_PARETO,sales_only_v1,draft
"ZEYCO FD 20MG/ML (2%)/1: 100,000 1.8ML",5.2,5304.0,2552.0,3,2,1563,3.1e-05,0.984716,C,ABC_PARETO,sales_only_v1,draft
COZOLE 200MG/40MG/5ML,150.0,5295.76,10113.32,9,6,1564,3.1e-05,0.984746,C,ABC_PARETO,sales_only_v1,draft
PROMETIN,84.0,5292.0,23839.2,14,12,1565,3.1e-05,0.984777,C,ABC_PARETO,sales_only_v1,draft
DISPOSABLE BABY DIAPER LARGE NON WOVEN (HEXACARE),23.0,5290.0,4625.0,7,6,1566,3.1e-05,0.984807,C,ABC_PARETO,sales_only_v1,draft
ZANTRICID 25MG,30.0,5280.0,12120.0,1,1,1567,3.1e-05,0.984838,C,ABC_PARETO,sales_only_v1,draft
PIPER FORCEPS SIZE 17 1/4'',1.0,5262.6,5257.4,1,1,1568,3e-05,0.984868,C,ABC_PARETO,sales_only_v1,draft
ACTEINSAPH-200MG,50.0,5250.0,2000.0,1,1,1569,3e-05,0.984899,C,ABC_PARETO,sales_only_v1,draft
D5 LR 1L PINK EUROMED,90.0,5249.7,2910.3,2,2,1570,3e-05,0.984929,C,ABC_PARETO,sales_only_v1,draft
MYREFEN 500MG CAP,67.0,5226.0,23142.0,3,3,1571,3e-05,0.984959,C,ABC_PARETO,sales_only_v1,draft
BLOOD ADMINISTRATION SET - TERUMO,55.0,5225.0,325.0,2,2,1572,3e-05,0.984989,C,ABC_PARETO,sales_only_v1,draft
ISORDIL 5MG TABLET,2.0,5214.0,-3615.5,1,1,1573,3e-05,0.98502,C,ABC_PARETO,sales_only_v1,draft
YANKAUER HANDLE W/ CONTROL - SIMPLEX,40.0,5200.0,5200.0,1,1,1574,3e-05,0.98505,C,ABC_PARETO,sales_only_v1,draft
LEUKOPLAST 4'' (5CMX5M),2.0,5200.0,5620.0,2,2,1575,3e-05,0.98508,C,ABC_PARETO,sales_only_v1,draft
AZITHROM 500MG,133.33,5200.0,14800.0,3,2,1576,3e-05,0.98511,C,ABC_PARETO,sales_only_v1,draft
"SAM SPLINT, LARGE 36 INCHES",8.0,5200.0,5200.0,1,1,1577,3e-05,0.98514,C,ABC_PARETO,sales_only_v1,draft
UMBILICAL CORD CLAMP (PARTNERS),20.0,5200.0,3260.0,1,1,1578,3e-05,0.98517,C,ABC_PARETO,sales_only_v1,draft
KOVENT 250MCG,16.0,5120.0,5575.0,3,2,1579,3e-05,0.985199,C,ABC_PARETO,sales_only_v1,draft
ALKALINSE 1.080G,41.67,5117.26,12920.25,8,7,1580,3e-05,0.985229,C,ABC_PARETO,sales_only_v1,draft
LEPIXA 100MG/ML 150ML,11.0,5107.69,7143.56,2,2,1581,3e-05,0.985259,C,ABC_PARETO,sales_only_v1,draft
SQCEF 125MG,58.0,5104.0,10856.0,2,2,1582,2.9e-05,0.985288,C,ABC_PARETO,sales_only_v1,draft
ZOLNEVAR 40MG,150.0,5100.0,27400.0,2,2,1583,2.9e-05,0.985318,C,ABC_PARETO,sales_only_v1,draft
ARM SLING MEDIUM,85.0,5100.0,1295.0,3,2,1584,2.9e-05,0.985347,C,ABC_PARETO,sales_only_v1,draft
SILK 2/0 CURVED CUTTING BLACK (TUDOR),17.0,5100.0,1770.5,2,2,1585,2.9e-05,0.985376,C,ABC_PARETO,sales_only_v1,draft
DISPOSABLE SYRINGE 3CC KING MED,30.0,5100.0,9000.0,1,1,1586,2.9e-05,0.985406,C,ABC_PARETO,sales_only_v1,draft
POVIDONE IODINE DRY POWDER SPRAY 55G (BETADINE),17.0,5100.0,1700.0,1,1,1587,2.9e-05,0.985435,C,ABC_PARETO,sales_only_v1,draft
MYREVIT-C 500MG TAB,110.0,5060.0,6335.0,3,3,1588,2.9e-05,0.985465,C,ABC_PARETO,sales_only_v1,draft
AMSUMED 500MG,220.0,5060.0,7340.0,2,1,1589,2.9e-05,0.985494,C,ABC_PARETO,sales_only_v1,draft
FENORIX 200MG,24.4,5050.8,29541.7,2,2,1590,2.9e-05,0.985523,C,ABC_PARETO,sales_only_v1,draft
JET SPRAY FLUIDS 3% 10% 4OZ 118ML (SALONPAS),21.0,5050.5,1249.5,1,1,1591,2.9e-05,0.985552,C,ABC_PARETO,sales_only_v1,draft
FLORVAST 40MG,18.0,5040.0,22658.8,7,5,1592,2.9e-05,0.985581,C,ABC_PARETO,sales_only_v1,draft
NGT FR.16 ORDINARY PARTNERS,280.0,5040.0,22510.0,3,2,1593,2.9e-05,0.985611,C,ABC_PARETO,sales_only_v1,draft
CHROMIC 2/0 CURVED CUTTING BROWN (TUDOR),15.0,5040.0,3560.2,2,2,1594,2.9e-05,0.98564,C,ABC_PARETO,sales_only_v1,draft
DEOXYSAPH 250MG,3.0,5040.0,7350.0,2,2,1595,2.9e-05,0.985669,C,ABC_PARETO,sales_only_v1,draft
GRAM STAIN SET (MEDIC),2.0,5014.0,214.0,2,1,1596,2.9e-05,0.985698,C,ABC_PARETO,sales_only_v1,draft
ARA 50MG,50.0,5000.0,30000.0,1,1,1597,2.9e-05,0.985727,C,ABC_PARETO,sales_only_v1,draft
"NYSAPH 100,000 IU SUS",100.0,5000.0,20000.0,1,1,1598,2.9e-05,0.985756,C,ABC_PARETO,sales_only_v1,draft
ETHYL ALCOHOL SAFE CHOICE,100.0,5000.0,9800.0,1,1,1599,2.9e-05,0.985784,C,ABC_PARETO,sales_only_v1,draft
DISPOSABLE NEEDLE G19 TERUMO,20.0,5000.0,5560.0,1,1,1600,2.9e-05,0.985813,C,ABC_PARETO,sales_only_v1,draft
"OXYGEN MASK WITH TUBING, ADULT",100.0,5000.0,4000.0,1,1,1601,2.9e-05,0.985842,C,ABC_PARETO,sales_only_v1,draft
"OXYGEN MASK WITH TUBING, PEDIA",100.0,5000.0,4000.0,1,1,1602,2.9e-05,0.985871,C,ABC_PARETO,sales_only_v1,draft
MUPISAPH 20MG/G OINMENT,100.0,5000.0,5775.0,1,1,1603,2.9e-05,0.9859,C,ABC_PARETO,sales_only_v1,draft
GIAN ZINC 30ML DROPS,73.0,4975.0,7770.0,5,4,1604,2.9e-05,0.985929,C,ABC_PARETO,sales_only_v1,draft
MEGYXAN 500MG CAP,72.0,4968.0,76713.5,7,6,1605,2.9e-05,0.985958,C,ABC_PARETO,sales_only_v1,draft
MAGNESIUM SULFATE 250MG,90.0,4950.0,9150.0,3,2,1606,2.9e-05,0.985986,C,ABC_PARETO,sales_only_v1,draft
JAGAPLEX OB,30.0,4950.0,16950.0,5,4,1607,2.9e-05,0.986015,C,ABC_PARETO,sales_only_v1,draft
VOLUMETRIC SOLUTION INFUSION SET 150ML (COSMED),33.0,4950.0,1560.0,4,1,1608,2.9e-05,0.986043,C,ABC_PARETO,sales_only_v1,draft
BIOGIC 250MG/5ML,330.0,4950.0,4890.0,3,2,1609,2.9e-05,0.986072,C,ABC_PARETO,sales_only_v1,draft
DULCOLAX,18.0,4917.6,3739.2,3,2,1610,2.8e-05,0.9861,C,ABC_PARETO,sales_only_v1,draft
TUDOR - CHROMIC BROWN COATED CATGUT ABSORBABLE SUTURE 4-0 CURVED CUTTING - 75CM,14.0,4900.0,1540.0,2,2,1611,2.8e-05,0.986129,C,ABC_PARETO,sales_only_v1,draft
COFMED 7.5MG/5ML SYUP,50.0,4900.0,2600.0,1,1,1612,2.8e-05,0.986157,C,ABC_PARETO,sales_only_v1,draft
DOBUTASAPH 12.50MG/ML (250MG/20ML),26.0,4893.2,2603.05,3,2,1613,2.8e-05,0.986185,C,ABC_PARETO,sales_only_v1,draft
AMO-5 5MG,64.0,4864.0,14779.3,4,3,1614,2.8e-05,0.986213,C,ABC_PARETO,sales_only_v1,draft
OPSITE 25X10 (SMITH AND NEPHEW),15.0,4845.0,2985.0,3,2,1615,2.8e-05,0.986241,C,ABC_PARETO,sales_only_v1,draft
DISPOSABLE SYRINGE 10CC G21X1 1/4 (INDOPLAS),15.0,4845.0,13110.0,1,1,1616,2.8e-05,0.986269,C,ABC_PARETO,sales_only_v1,draft
PROFOSOL 100MG/ML,20.0,4840.0,14520.0,1,1,1617,2.8e-05,0.986297,C,ABC_PARETO,sales_only_v1,draft
PCSO 2022-006 - WOMEN'S MONTH,30.0,4828.2,2380.22,1,1,1618,2.8e-05,0.986325,C,ABC_PARETO,sales_only_v1,draft
INSECTICIDE AEROSOL 300ML (BAYGON),20.0,4820.0,3560.0,1,1,1619,2.8e-05,0.986353,C,ABC_PARETO,sales_only_v1,draft
ULTREINAC 200MG,60.0,4800.0,22025.9,3,2,1620,2.8e-05,0.986381,C,ABC_PARETO,sales_only_v1,draft
ADULT DIAPER - MEDIUM MAXI MED,30.0,4800.0,3540.0,2,2,1621,2.8e-05,0.986409,C,ABC_PARETO,sales_only_v1,draft
SAPHORMIN 500MG,120.0,4800.0,40310.0,4,2,1622,2.8e-05,0.986436,C,ABC_PARETO,sales_only_v1,draft
BIOGIC 500MG TAB,100.0,4800.0,30200.0,1,1,1623,2.8e-05,0.986464,C,ABC_PARETO,sales_only_v1,draft
NEBULIZER KIT WITH MASK PEDIA (SURGITECH),100.0,4800.0,5500.0,1,1,1624,2.8e-05,0.986492,C,ABC_PARETO,sales_only_v1,draft
ELCILIN 500MG,20.0,4800.0,1520.0,2,2,1625,2.8e-05,0.98652,C,ABC_PARETO,sales_only_v1,draft
FINGER PULSE OXIMETER PEDIA-TOPCARE,4.0,4800.0,2860.0,1,1,1626,2.8e-05,0.986547,C,ABC_PARETO,sales_only_v1,draft
"PARAFILM 4""X 125FT PM-996",2.0,4800.0,4800.0,1,1,1627,2.8e-05,0.986575,C,ABC_PARETO,sales_only_v1,draft
PARA100 100MG/ML,344.0,4800.0,10692.8,2,2,1628,2.8e-05,0.986603,C,ABC_PARETO,sales_only_v1,draft
DUOGESIC 325MG/37.5MG TAB,48.0,4800.0,63085.92,8,7,1629,2.8e-05,0.986631,C,ABC_PARETO,sales_only_v1,draft
COM-FEMIC 500MG CAP,30.0,4800.0,14280.0,4,3,1630,2.8e-05,0.986658,C,ABC_PARETO,sales_only_v1,draft
MEDICAL OXYGEN 25 POUNDS - REFILL,8.0,4800.0,-3200.0,1,1,1631,2.8e-05,0.986686,C,ABC_PARETO,sales_only_v1,draft
IV CANNULA WITH INJECTION PORT LUER LOCK G22 X 1 (CATHY),4.0,4800.0,7200.0,1,1,1632,2.8e-05,0.986714,C,ABC_PARETO,sales_only_v1,draft
KIDNEY BASIN 10'' OLTEN,10.0,4790.0,4710.0,1,1,1633,2.8e-05,0.986742,C,ABC_PARETO,sales_only_v1,draft
ALL SILICONE STOMACH TUBE FR16 (PARTNERS),32.0,4776.0,7146.0,2,2,1634,2.8e-05,0.986769,C,ABC_PARETO,sales_only_v1,draft
THUMB FORCEP 10'' (OLTEN),12.0,4764.0,4716.0,2,2,1635,2.8e-05,0.986797,C,ABC_PARETO,sales_only_v1,draft
CLARITROL 500MG TAB,14.0,4760.0,3092.5,2,1,1636,2.8e-05,0.986824,C,ABC_PARETO,sales_only_v1,draft
CO-AMOXICARE 500MG/125MG,24.0,4756.32,15583.68,4,2,1637,2.7e-05,0.986852,C,ABC_PARETO,sales_only_v1,draft
OXYGEN CANNULA ADULT-PRO HEALTH,250.0,4750.0,2750.0,1,1,1638,2.7e-05,0.986879,C,ABC_PARETO,sales_only_v1,draft
NITRILE POWDER FREE EXAMINATION GLOVES 100'S GLOMED,19.0,4750.0,10284.0,2,1,1639,2.7e-05,0.986907,C,ABC_PARETO,sales_only_v1,draft
MONOCRYL 3-0'' 26MM 1/2C 70CM (ETHICON),1.0,4750.0,4750.0,1,1,1640,2.7e-05,0.986934,C,ABC_PARETO,sales_only_v1,draft
WRIST BLOOD PRESSURE MACHNE,12.0,4740.0,2460.0,1,1,1641,2.7e-05,0.986961,C,ABC_PARETO,sales_only_v1,draft
METZ SCISSOR 7'',10.0,4730.0,-4730.0,2,1,1642,2.7e-05,0.986989,C,ABC_PARETO,sales_only_v1,draft
KIDDIREL ORAL DROPS,115.0,4715.0,5957.0,10,8,1643,2.7e-05,0.987016,C,ABC_PARETO,sales_only_v1,draft
ETHICON PROLENE 2-0 ROUND NEEDLE,1.0,4704.0,9946.0,1,1,1644,2.7e-05,0.987043,C,ABC_PARETO,sales_only_v1,draft
ETHICON PROLENE 3-0 ROUND NEEDLE,1.0,4704.0,9946.0,1,1,1645,2.7e-05,0.98707,C,ABC_PARETO,sales_only_v1,draft
ETHICON PROLENE 4-0 ROUND NEEDLE,1.0,4704.0,9946.0,1,1,1646,2.7e-05,0.987098,C,ABC_PARETO,sales_only_v1,draft
ETHICON PROLENE 5-0 ROUND NEEDLE,1.0,4704.0,9946.0,1,1,1647,2.7e-05,0.987125,C,ABC_PARETO,sales_only_v1,draft
SULTAM 200MG,10.0,4704.0,14096.0,2,2,1648,2.7e-05,0.987152,C,ABC_PARETO,sales_only_v1,draft
MILGESIC 100MG/5ML DROPS,294.0,4704.0,1896.0,2,1,1649,2.7e-05,0.987179,C,ABC_PARETO,sales_only_v1,draft
HEMA QUICK STAIN SET (MEDIC),1.0,4700.0,-431.0,1,1,1650,2.7e-05,0.987206,C,ABC_PARETO,sales_only_v1,draft
CINNABLOC 75MG CAP,67.0,4690.0,11590.0,10,6,1651,2.7e-05,0.987233,C,ABC_PARETO,sales_only_v1,draft
ENTRANCE LOCKSET TYPE HEAVY DUTY EASY INSTALLATION,10.0,4690.0,4010.0,1,1,1652,2.7e-05,0.98726,C,ABC_PARETO,sales_only_v1,draft
BLOOD LANCET - SURGITECH,22.0,4680.0,1496.0,2,2,1653,2.7e-05,0.987288,C,ABC_PARETO,sales_only_v1,draft
GENERIC CEFIXIME 20MG DROPS,72.0,4680.0,13320.0,1,1,1654,2.7e-05,0.987315,C,ABC_PARETO,sales_only_v1,draft
AMBIRETIC 500MG,120.0,4680.0,37200.0,1,1,1655,2.7e-05,0.987342,C,ABC_PARETO,sales_only_v1,draft
MEDIUM DEAVER - 12 INCHES HEIGHT (HEAD 2),2.0,4680.0,-4680.0,1,1,1656,2.7e-05,0.987369,C,ABC_PARETO,sales_only_v1,draft
BECOME PLEX,37.0,4662.0,9838.0,5,5,1657,2.7e-05,0.987396,C,ABC_PARETO,sales_only_v1,draft
NOVAMOL 100MG,388.0,4656.0,13796.0,3,2,1658,2.7e-05,0.987423,C,ABC_PARETO,sales_only_v1,draft
CIPROSAN 500MG,28.0,4620.0,45880.3,4,3,1659,2.7e-05,0.987449,C,ABC_PARETO,sales_only_v1,draft
ELASTIC BANDAGE 6X5Y PARTNERS,110.0,4620.0,1040.0,2,2,1660,2.7e-05,0.987476,C,ABC_PARETO,sales_only_v1,draft
DENTAL NEEDLE G30 SHORT (DENJECT),14.0,4620.0,1164.0,2,2,1661,2.7e-05,0.987503,C,ABC_PARETO,sales_only_v1,draft
ORAL B TOOTHBRUSH,40.0,4600.0,3720.0,1,1,1662,2.7e-05,0.987529,C,ABC_PARETO,sales_only_v1,draft
EMACIF 100MG/5ML,61.0,4575.0,4734.22,5,2,1663,2.6e-05,0.987556,C,ABC_PARETO,sales_only_v1,draft
SAPHRIDONE10MG TAB,79.0,4570.0,15098.0,9,6,1664,2.6e-05,0.987582,C,ABC_PARETO,sales_only_v1,draft
"MICROPORE 1/2"" 1530-0 - 3M",12.0,4560.0,3300.0,6,6,1665,2.6e-05,0.987608,C,ABC_PARETO,sales_only_v1,draft
COLGATE MOUTHWASH ASSORTED,40.0,4553.28,5166.72,1,1,1666,2.6e-05,0.987635,C,ABC_PARETO,sales_only_v1,draft
ID-HOLDER TRANSPARENT PLASTIC VERTICAL,700.0,4550.0,12950.0,1,1,1667,2.6e-05,0.987661,C,ABC_PARETO,sales_only_v1,draft
ALLECUR 5MG/5ML,227.0,4540.0,9478.0,5,4,1668,2.6e-05,0.987687,C,ABC_PARETO,sales_only_v1,draft
KIDIMEED C PLUS 60ML,215.0,4515.0,26475.0,2,1,1669,2.6e-05,0.987713,C,ABC_PARETO,sales_only_v1,draft
AMADOL 150MG,100.0,4510.0,35290.0,4,4,1670,2.6e-05,0.987739,C,ABC_PARETO,sales_only_v1,draft
APPLICATOR STICK,30.0,4500.0,5376.0,3,3,1671,2.6e-05,0.987765,C,ABC_PARETO,sales_only_v1,draft
"REAGENT ANTI A,B,D",4.0,4500.0,30266.0,2,2,1672,2.6e-05,0.987791,C,ABC_PARETO,sales_only_v1,draft
FRUIT BASKET,9.0,4500.0,4464.0,2,2,1673,2.6e-05,0.987817,C,ABC_PARETO,sales_only_v1,draft
ELASTIC BANDAGE 10CM X 5M,100.0,4500.0,4000.0,1,1,1674,2.6e-05,0.987843,C,ABC_PARETO,sales_only_v1,draft
YANKAUER - INDOPLAS,30.0,4500.0,3300.0,1,1,1675,2.6e-05,0.987869,C,ABC_PARETO,sales_only_v1,draft
TRANSPORE 1/2 INCH,6.0,4500.0,3300.0,1,1,1676,2.6e-05,0.987896,C,ABC_PARETO,sales_only_v1,draft
I.V CANNULA G20 CANCARE,3.0,4500.0,3600.0,1,1,1677,2.6e-05,0.987922,C,ABC_PARETO,sales_only_v1,draft
SYRINGE 5CC G23X1 HEXACARE,20.0,4500.0,4500.0,1,1,1678,2.6e-05,0.987948,C,ABC_PARETO,sales_only_v1,draft
AMBUBAG MANUAL RESUSCITATOR PVC ADULT DISPOSABLE (PRIMAPLUS),6.0,4500.0,2850.0,2,2,1679,2.6e-05,0.987974,C,ABC_PARETO,sales_only_v1,draft
ELASTIC BANDAGE 4X5 TOP CARE,150.0,4500.0,750.0,2,1,1680,2.6e-05,0.988,C,ABC_PARETO,sales_only_v1,draft
DISPOSABLE NEEDLE G25 (ORMED),30.0,4500.0,1830.0,1,1,1681,2.6e-05,0.988026,C,ABC_PARETO,sales_only_v1,draft
OXYGEN MASK NEONATE (SURGITECH),100.0,4500.0,1415.0,1,1,1682,2.6e-05,0.988052,C,ABC_PARETO,sales_only_v1,draft
PASTE RESTONE,80.0,4480.0,616.0,2,2,1683,2.6e-05,0.988077,C,ABC_PARETO,sales_only_v1,draft
GIAN-ZINC 30ML,64.0,4480.0,6488.0,5,5,1684,2.6e-05,0.988103,C,ABC_PARETO,sales_only_v1,draft
LOAD TALK N TEXT 300,16.0,4464.0,3528.0,1,1,1685,2.6e-05,0.988129,C,ABC_PARETO,sales_only_v1,draft
DIASTATIN 40MG TAB,21.0,4455.0,8132.5,3,2,1686,2.6e-05,0.988155,C,ABC_PARETO,sales_only_v1,draft
BUDERITE 250MCG,7.0,4445.0,20205.0,4,4,1687,2.6e-05,0.988181,C,ABC_PARETO,sales_only_v1,draft
NOREPINSAPH-1 1MG/ML (10MG/10ML),20.0,4440.0,13320.0,1,1,1688,2.6e-05,0.988206,C,ABC_PARETO,sales_only_v1,draft
TELSITAN-40 40MG,13.0,4433.0,8755.26,3,3,1689,2.6e-05,0.988232,C,ABC_PARETO,sales_only_v1,draft
ZACH ISOPROPYL ALCOHOL 500ML,63.0,4410.0,1230.0,3,2,1690,2.5e-05,0.988257,C,ABC_PARETO,sales_only_v1,draft
SILVEDEX 10MG,81.0,4400.73,11784.27,6,3,1691,2.5e-05,0.988283,C,ABC_PARETO,sales_only_v1,draft
STOOL CUP (SAUCE CUP SIZE),44.0,4400.0,6600.0,1,1,1692,2.5e-05,0.988308,C,ABC_PARETO,sales_only_v1,draft
SYPHILLIS TEST KIT 40'S,2.0,4400.0,4400.0,1,1,1693,2.5e-05,0.988334,C,ABC_PARETO,sales_only_v1,draft
BANDAGE SCISSOR SIZE 7 1/2'',8.0,4400.0,4400.0,1,1,1694,2.5e-05,0.988359,C,ABC_PARETO,sales_only_v1,draft
FLUIMUCIL 600MG,5.0,4385.0,6577.5,1,1,1695,2.5e-05,0.988384,C,ABC_PARETO,sales_only_v1,draft
LAZICARE 10MG,90.0,4370.0,50408.8,11,8,1696,2.5e-05,0.98841,C,ABC_PARETO,sales_only_v1,draft
ELASTIC BANDAGE 2X5Y - SURGITECH,218.0,4360.0,1178.0,5,3,1697,2.5e-05,0.988435,C,ABC_PARETO,sales_only_v1,draft
EXEL 250MG/5ML SUS,220.0,4356.0,13244.0,3,2,1698,2.5e-05,0.98846,C,ABC_PARETO,sales_only_v1,draft
DISPOSABLE SYRINGE WITH NEEDLE 20CC/ML (TERUMO),6.0,4320.0,2680.0,2,2,1699,2.5e-05,0.988485,C,ABC_PARETO,sales_only_v1,draft
BROADMETZ 100MG/ML DROPS,139.0,4317.34,10189.86,11,9,1700,2.5e-05,0.98851,C,ABC_PARETO,sales_only_v1,draft
OCHSNER CURVED 8'',8.0,4312.0,-4312.0,1,1,1701,2.5e-05,0.988535,C,ABC_PARETO,sales_only_v1,draft
OCHSNER STRAIGHT 8'',8.0,4312.0,-4312.0,1,1,1702,2.5e-05,0.98856,C,ABC_PARETO,sales_only_v1,draft
EDECAR 10MG,61.5,4305.0,15610.0,8,6,1703,2.5e-05,0.988585,C,ABC_PARETO,sales_only_v1,draft
INFAMIX 500MG,78.0,4290.0,103845.0,7,4,1704,2.5e-05,0.988609,C,ABC_PARETO,sales_only_v1,draft
CLONISUR 150MCG/ML,4.5,4275.0,6918.75,1,1,1705,2.5e-05,0.988634,C,ABC_PARETO,sales_only_v1,draft
POVIDONE IODINE 10% 60ML (JCHIEME),70.0,4270.0,36330.0,1,1,1706,2.5e-05,0.988659,C,ABC_PARETO,sales_only_v1,draft
DISPOSABLE SYRINGE WITH NEEDLE 10CC- LUER LOCK TIP (TERUMO),5.0,4250.0,1740.0,1,1,1707,2.5e-05,0.988683,C,ABC_PARETO,sales_only_v1,draft
RANIREX 25MG/ML,140.0,4228.0,102532.0,17,10,1708,2.4e-05,0.988708,C,ABC_PARETO,sales_only_v1,draft
ASTAT 20MG,44.0,4224.0,8726.0,4,3,1709,2.4e-05,0.988732,C,ABC_PARETO,sales_only_v1,draft
ULTRASOUND GEL (GALLON),7.0,4200.0,6360.0,3,3,1710,2.4e-05,0.988757,C,ABC_PARETO,sales_only_v1,draft
TEMPAID 500MG,56.0,4200.0,13160.0,4,3,1711,2.4e-05,0.988781,C,ABC_PARETO,sales_only_v1,draft
CEVOR IV 250MG/ML (1G/4ML) 4ML,14.0,4200.0,5365.0,3,2,1712,2.4e-05,0.988805,C,ABC_PARETO,sales_only_v1,draft
PULSE OXIMETER ADULT (INDOPLAS),6.0,4200.0,2100.0,1,1,1713,2.4e-05,0.988829,C,ABC_PARETO,sales_only_v1,draft
GABAVEX 100MG,12.0,4176.0,9184.0,2,2,1714,2.4e-05,0.988854,C,ABC_PARETO,sales_only_v1,draft
MONPHEVIN 200MG/5ML,85.0,4165.0,7831.25,2,2,1715,2.4e-05,0.988878,C,ABC_PARETO,sales_only_v1,draft
BLADE HOLDER SIZE 3'' (OLTEN),32.0,4160.0,12836.0,5,3,1716,2.4e-05,0.988902,C,ABC_PARETO,sales_only_v1,draft
ACRESIL 150MG,11.0,4155.0,11295.0,2,2,1717,2.4e-05,0.988926,C,ABC_PARETO,sales_only_v1,draft
GAUZE PAD 4X4 - SURGITECH,15.0,4150.0,1525.0,2,2,1718,2.4e-05,0.98895,C,ABC_PARETO,sales_only_v1,draft
HYOPAN,16.0,4144.0,5820.0,5,3,1719,2.4e-05,0.988974,C,ABC_PARETO,sales_only_v1,draft
EXEL 100MG/ML,230.0,4140.0,23233.75,3,2,1720,2.4e-05,0.988998,C,ABC_PARETO,sales_only_v1,draft
APCEE 100MG/5ML 120ML,250.0,4125.0,24025.0,2,2,1721,2.4e-05,0.989021,C,ABC_PARETO,sales_only_v1,draft
KIDNEY BASIN SIZE 8'' (OLTEN),13.0,4121.0,4109.0,2,1,1722,2.4e-05,0.989045,C,ABC_PARETO,sales_only_v1,draft
COTTON BALLS - HAPPY 150BALLS,144.0,4104.0,24696.0,1,1,1723,2.4e-05,0.989069,C,ABC_PARETO,sales_only_v1,draft
CARDOZ 6.25MG,95.35,4100.38,6009.7,2,2,1724,2.4e-05,0.989093,C,ABC_PARETO,sales_only_v1,draft
SURGICAL DRAPE 40X40CM W/ HOLE 10CM - ORMED,3.0,4098.0,8000.0,3,2,1725,2.4e-05,0.989116,C,ABC_PARETO,sales_only_v1,draft
FLUIFORT-M 50MG DROPS,136.0,4080.0,5053.6,9,7,1726,2.4e-05,0.98914,C,ABC_PARETO,sales_only_v1,draft
BUTAMOL 2MG/5ML,272.0,4080.0,2543.0,3,3,1727,2.4e-05,0.989163,C,ABC_PARETO,sales_only_v1,draft
REGIZINE 5MG/5ML,204.0,4080.0,1428.0,1,1,1728,2.4e-05,0.989187,C,ABC_PARETO,sales_only_v1,draft
FACEMASK BLACK 50'S,74.0,4070.0,28270.0,3,2,1729,2.4e-05,0.989211,C,ABC_PARETO,sales_only_v1,draft
SPHYMOMANOMETER PARTNERS,10.0,4050.0,13900.0,1,1,1730,2.3e-05,0.989234,C,ABC_PARETO,sales_only_v1,draft
DISPOSABLE SYRINGE 5CC 23GX1 (SUREGUARD),15.0,4050.0,12090.0,1,1,1731,2.3e-05,0.989257,C,ABC_PARETO,sales_only_v1,draft
DISINFECTANT SOAKING TRAY STAINLESS W LID 14X14 INCH 14''X12''X2-1/2,2.0,4036.0,3944.0,1,1,1732,2.3e-05,0.989281,C,ABC_PARETO,sales_only_v1,draft
INSULIN SYRINGE WITH NEEDLE 0.5ML/CC 30GX8MM (BD),3.0,4014.0,436.0,2,1,1733,2.3e-05,0.989304,C,ABC_PARETO,sales_only_v1,draft
FUROXEN 500MG,3.0,4012.5,3444.64,1,1,1734,2.3e-05,0.989327,C,ABC_PARETO,sales_only_v1,draft
EQ DRY NEW BORN DIAPER,20.0,4000.0,160.0,1,1,1735,2.3e-05,0.98935,C,ABC_PARETO,sales_only_v1,draft
HEPARIN CAP YELLOW (ORMED),5.0,4000.0,14000.0,1,1,1736,2.3e-05,0.989373,C,ABC_PARETO,sales_only_v1,draft
IV ARM SPLINT PEDIA,100.0,4000.0,10800.0,1,1,1737,2.3e-05,0.989396,C,ABC_PARETO,sales_only_v1,draft
ALCOHOL SWAB/PAD (PARTNERS),40.0,4000.0,6285.0,4,4,1738,2.3e-05,0.98942,C,ABC_PARETO,sales_only_v1,draft
"IV CANNULA G.20 X 1 1/4"" INTROCAN SAFETY - B BRAUN",5.0,4000.0,3400.0,1,1,1739,2.3e-05,0.989443,C,ABC_PARETO,sales_only_v1,draft
SPHYGMOMANOMETER - TRUSTMOMED,10.0,4000.0,13950.0,1,1,1740,2.3e-05,0.989466,C,ABC_PARETO,sales_only_v1,draft
DEXASAN 4MG/ML 2ML,20.0,4000.0,20000.0,1,1,1741,2.3e-05,0.989489,C,ABC_PARETO,sales_only_v1,draft
BP APPARATUS: DESK TYPE ADULT (INDOPLAS),4.0,4000.0,1076.0,1,1,1742,2.3e-05,0.989512,C,ABC_PARETO,sales_only_v1,draft
BROXIL-M 15MG/5ML SYR,129.0,3999.0,9546.0,7,6,1743,2.3e-05,0.989535,C,ABC_PARETO,sales_only_v1,draft
SAPHTRATE 1.080G,29.26,3980.26,9282.74,6,3,1744,2.3e-05,0.989558,C,ABC_PARETO,sales_only_v1,draft
XRAY FILM 8X10 (FUJI),2.0,3960.0,796.0,2,2,1745,2.3e-05,0.989581,C,ABC_PARETO,sales_only_v1,draft
THUMB FORCEP 8'' (OLTEN),12.0,3960.0,3960.0,2,2,1746,2.3e-05,0.989604,C,ABC_PARETO,sales_only_v1,draft
TUDOR - CHROMIC BROWN COATED CATGUT ABSORBABLE SUTURE 2-0 C ROUND BODIED - 75CM,14.0,3940.0,4810.0,3,2,1747,2.3e-05,0.989627,C,ABC_PARETO,sales_only_v1,draft
ROYALENATE 84MG/ML (8.4%) 20ML,60.0,3940.0,7101.0,2,2,1748,2.3e-05,0.989649,C,ABC_PARETO,sales_only_v1,draft
CALCIUM GLUCONATE 100MG/ML 10ML,110.0,3938.0,3312.0,3,3,1749,2.3e-05,0.989672,C,ABC_PARETO,sales_only_v1,draft
TUDOR - CHROMIC BROWN CATGUT ABSORBABLE SUTURE 3-0 ROUND BODIED - 75CM,15.0,3930.0,3980.0,3,3,1750,2.3e-05,0.989695,C,ABC_PARETO,sales_only_v1,draft
"LEUKOPLAST 1/2'' (1,25CMX5M)",1.0,3912.0,4218.0,2,2,1751,2.3e-05,0.989718,C,ABC_PARETO,sales_only_v1,draft
ALLIS FORCEFS 7 INCHES,8.0,3904.0,-3904.0,1,1,1752,2.3e-05,0.98974,C,ABC_PARETO,sales_only_v1,draft
FACE SHIELD 6PHP,650.0,3900.0,8216.0,1,1,1753,2.3e-05,0.989763,C,ABC_PARETO,sales_only_v1,draft
UNDERPAD MEDPRO,30.0,3900.0,5100.0,1,1,1754,2.3e-05,0.989785,C,ABC_PARETO,sales_only_v1,draft
BURNSIL 10MG,50.0,3900.0,2900.0,2,1,1755,2.3e-05,0.989808,C,ABC_PARETO,sales_only_v1,draft
DISPOSABLE PREP RAZOR-SINGLE EDGE (KAI),3.0,3900.0,2100.0,1,1,1756,2.3e-05,0.98983,C,ABC_PARETO,sales_only_v1,draft
DISPOSABLE SYRINGE/TUBERCULIN 1CC 25G (TERUMO),5.0,3900.0,2600.0,1,1,1757,2.3e-05,0.989853,C,ABC_PARETO,sales_only_v1,draft
IV WRIST SPLINT PEDIA SMALL (INDOPLAS),75.0,3900.0,1350.0,2,2,1758,2.3e-05,0.989875,C,ABC_PARETO,sales_only_v1,draft
BLADE HOLDER SIZE 4'' (OLTEN),30.0,3900.0,15180.0,2,2,1759,2.3e-05,0.989898,C,ABC_PARETO,sales_only_v1,draft
PREHEXA CAPSULE,16.0,3888.0,7581.0,3,2,1760,2.2e-05,0.98992,C,ABC_PARETO,sales_only_v1,draft
METMIC 500MG CAP,17.0,3867.5,8079.5,9,5,1761,2.2e-05,0.989943,C,ABC_PARETO,sales_only_v1,draft
DOPAMAINE 250MG,10.0,3860.0,11090.0,1,1,1762,2.2e-05,0.989965,C,ABC_PARETO,sales_only_v1,draft
TELMISARTAN 40MG,35.0,3850.0,19119.81,7,7,1763,2.2e-05,0.989987,C,ABC_PARETO,sales_only_v1,draft
OXYGEN CANNULA NEONATE-SURGITECH,170.0,3850.0,3250.0,2,2,1764,2.2e-05,0.99001,C,ABC_PARETO,sales_only_v1,draft
MAYO SCISSOR CURVE SIZE 6'' OLTEN,10.0,3850.0,3850.0,1,1,1765,2.2e-05,0.990032,C,ABC_PARETO,sales_only_v1,draft
MAYO SCISSOR STRAIGHT SIZE 6'' OLTEN,10.0,3850.0,3850.0,1,1,1766,2.2e-05,0.990054,C,ABC_PARETO,sales_only_v1,draft
METZ SCISSOR CURVE SIZE 6'' OLTEN,10.0,3850.0,3850.0,1,1,1767,2.2e-05,0.990076,C,ABC_PARETO,sales_only_v1,draft
METZ SCISSOR STRAIGHT SIZE 6'' OLTEN,10.0,3850.0,3850.0,1,1,1768,2.2e-05,0.990099,C,ABC_PARETO,sales_only_v1,draft
ENDOTRACHEAL TUBE CUFFED 7.0MM (SEDASENZ),50.0,3800.0,2800.0,2,2,1769,2.2e-05,0.990121,C,ABC_PARETO,sales_only_v1,draft
DISPOSABLE SYRINGE 5CC KING MED,20.0,3800.0,5700.0,1,1,1770,2.2e-05,0.990142,C,ABC_PARETO,sales_only_v1,draft
BERCEF 50MG/ML DROPS,94.0,3791.76,9397.24,7,7,1771,2.2e-05,0.990164,C,ABC_PARETO,sales_only_v1,draft
SAPHLEXIN - 250 250MG/5ML,164.0,3772.0,16248.0,3,3,1772,2.2e-05,0.990186,C,ABC_PARETO,sales_only_v1,draft
RHEA 50MG,3.0,3768.0,2906.0,3,2,1773,2.2e-05,0.990208,C,ABC_PARETO,sales_only_v1,draft
APULDON 10MG,47.0,3760.0,41679.7,15,10,1774,2.2e-05,0.99023,C,ABC_PARETO,sales_only_v1,draft
DISPOSABLE SYRINGE (3CC/ML) 23GX1 LUER LOCK - DELCARE,16.0,3760.0,3800.0,2,2,1775,2.2e-05,0.990251,C,ABC_PARETO,sales_only_v1,draft
DEXARIL,5.0,3750.0,17850.0,2,2,1776,2.2e-05,0.990273,C,ABC_PARETO,sales_only_v1,draft
SILK BLACK BRAIDED NON ABSORBABLE SUTURE 3-0 CURVED CUTTING - TUDOR 75CM,15.0,3750.0,7455.0,1,1,1777,2.2e-05,0.990295,C,ABC_PARETO,sales_only_v1,draft
HAIR CAP NON WOVEN,25.0,3750.0,3815.0,2,2,1778,2.2e-05,0.990316,C,ABC_PARETO,sales_only_v1,draft
STETHOSCOPE PEDIA,5.0,3750.0,4725.0,1,1,1779,2.2e-05,0.990338,C,ABC_PARETO,sales_only_v1,draft
ALL SILICONE STOMACH TUBE DUODENAL FR16 (PARTNERS),15.0,3750.0,2010.0,1,1,1780,2.2e-05,0.99036,C,ABC_PARETO,sales_only_v1,draft
STERILE LATEX SURGICAL GLOVES 6.5 INDOPLAS,5.0,3750.0,2010.0,1,1,1781,2.2e-05,0.990381,C,ABC_PARETO,sales_only_v1,draft
DOBURIS 50MG/ML 5ML,5.0,3750.0,7986.25,2,2,1782,2.2e-05,0.990403,C,ABC_PARETO,sales_only_v1,draft
BURNSIL 10MG/G(1%W/W) 25G,50.0,3750.0,5335.0,2,2,1783,2.2e-05,0.990425,C,ABC_PARETO,sales_only_v1,draft
FINOX 500MG,13.0,3731.0,8159.0,7,7,1784,2.2e-05,0.990446,C,ABC_PARETO,sales_only_v1,draft
GLASS SLIDES CAT NO. 7102,62.0,3730.0,4180.0,4,4,1785,2.2e-05,0.990468,C,ABC_PARETO,sales_only_v1,draft
GLYCINORM-80 80MG,30.0,3720.0,7893.75,2,2,1786,2.2e-05,0.990489,C,ABC_PARETO,sales_only_v1,draft
GLIZEN 60MG,10.0,3720.0,11160.0,1,1,1787,2.2e-05,0.990511,C,ABC_PARETO,sales_only_v1,draft
AMBUBAG MANUAL RESUSCITATOR ADULT DISPOSABLE (PARTNERS),5.0,3700.0,1950.0,1,1,1788,2.1e-05,0.990532,C,ABC_PARETO,sales_only_v1,draft
XYVEEMOX 625MG TAB,30.0,3690.0,4980.0,1,1,1789,2.1e-05,0.990554,C,ABC_PARETO,sales_only_v1,draft
ROSUVASTATIN CALCIUM FIRSTMED,35.0,3675.0,82075.0,1,1,1790,2.1e-05,0.990575,C,ABC_PARETO,sales_only_v1,draft
ALLECUR 5MG,200.0,3655.0,12193.5,8,7,1791,2.1e-05,0.990596,C,ABC_PARETO,sales_only_v1,draft
PEANS 9 1/2'',6.0,3654.0,-3654.0,1,1,1792,2.1e-05,0.990617,C,ABC_PARETO,sales_only_v1,draft
DISPOSABLE DENTAL NEEDLES DENJECT,11.0,3630.0,2255.0,1,1,1793,2.1e-05,0.990638,C,ABC_PARETO,sales_only_v1,draft
VAZI2R 20MG,43.0,3612.0,34700.8,8,7,1794,2.1e-05,0.990659,C,ABC_PARETO,sales_only_v1,draft
NOREPHIMED 1MG/ML (4MG/4ML),7.0,3605.0,15945.0,2,1,1795,2.1e-05,0.99068,C,ABC_PARETO,sales_only_v1,draft
MONILIASOL 500MG,15.0,3600.0,6610.0,6,5,1796,2.1e-05,0.990701,C,ABC_PARETO,sales_only_v1,draft
GAUZE ROLL 28X24 - INDOPLAS,4.0,3600.0,1120.0,1,1,1797,2.1e-05,0.990721,C,ABC_PARETO,sales_only_v1,draft
SAMPLINE LINE,3.0,3600.0,3600.0,1,1,1798,2.1e-05,0.990742,C,ABC_PARETO,sales_only_v1,draft
PULSE OXIMETER,12.0,3600.0,28370.0,3,3,1799,2.1e-05,0.990763,C,ABC_PARETO,sales_only_v1,draft
SPECIMEN CUP NON STERILE GREEN 60ML,600.0,3600.0,1200.0,2,2,1800,2.1e-05,0.990784,C,ABC_PARETO,sales_only_v1,draft
BP APPARATUS DESK TYPE PEDIA-PROHEALTH,3.0,3600.0,90.0,1,1,1801,2.1e-05,0.990805,C,ABC_PARETO,sales_only_v1,draft
PORTABLE HANDHELD MESH NEBULIZER (CAREWELL),2.0,3600.0,13490.0,1,1,1802,2.1e-05,0.990825,C,ABC_PARETO,sales_only_v1,draft
ISOLATION GOWN NON-STERILE,9.0,3600.0,8400.0,2,2,1803,2.1e-05,0.990846,C,ABC_PARETO,sales_only_v1,draft
OXYGEN REGULATOR (INDOPLAS),4.0,3600.0,12360.0,1,1,1804,2.1e-05,0.990867,C,ABC_PARETO,sales_only_v1,draft
BANDAGE SCISSOR 7'' (OLTEN),8.0,3600.0,304.0,1,1,1805,2.1e-05,0.990888,C,ABC_PARETO,sales_only_v1,draft
SPHYGMOMANOMETER ADULT INDOPLAS,6.0,3600.0,5574.0,2,2,1806,2.1e-05,0.990909,C,ABC_PARETO,sales_only_v1,draft
SORBANCE -5 5MG,94.0,3581.33,11078.07,6,5,1807,2.1e-05,0.990929,C,ABC_PARETO,sales_only_v1,draft
COTTON BALLS- TENDERSOFT,20.0,3580.0,1280.0,1,1,1808,2.1e-05,0.99095,C,ABC_PARETO,sales_only_v1,draft
BUSCOFAR 10MG,11.0,3575.0,5040.0,2,2,1809,2.1e-05,0.990971,C,ABC_PARETO,sales_only_v1,draft
DOMPY 1ML/ML,94.0,3572.0,6405.0,3,2,1810,2.1e-05,0.990991,C,ABC_PARETO,sales_only_v1,draft
TERMAGEN 500MG TAB,34.0,3570.0,6430.0,11,9,1811,2.1e-05,0.991012,C,ABC_PARETO,sales_only_v1,draft
AMBIDAZOL 125MG/5ML,210.0,3570.0,4810.4,10,6,1812,2.1e-05,0.991033,C,ABC_PARETO,sales_only_v1,draft
BP ANEROID WITH STETHOSCOPE,4.0,3564.0,4976.0,2,2,1813,2.1e-05,0.991053,C,ABC_PARETO,sales_only_v1,draft
CARDIZAR 50MG,26.0,3554.34,4715.66,12,10,1814,2.1e-05,0.991074,C,ABC_PARETO,sales_only_v1,draft
CALCIGARD-10,15.0,3550.0,4875.0,3,3,1815,2.1e-05,0.991094,C,ABC_PARETO,sales_only_v1,draft
PAPANICOLAU STAIN SET,1.0,3540.0,3540.0,1,1,1816,2e-05,0.991115,C,ABC_PARETO,sales_only_v1,draft
COMOX 500MG/125MG,3.0,3520.8,4879.2,1,1,1817,2e-05,0.991135,C,ABC_PARETO,sales_only_v1,draft
BRODIX 2.5/2.5ML NEB,16.0,3520.0,4496.0,3,3,1818,2e-05,0.991155,C,ABC_PARETO,sales_only_v1,draft
XRAY FIXER XF-25 (FUJI),4.0,3520.0,4414.0,2,2,1819,2e-05,0.991176,C,ABC_PARETO,sales_only_v1,draft
AFB STAIN 500ML (MEDIC),1.0,3520.0,1430.0,1,1,1820,2e-05,0.991196,C,ABC_PARETO,sales_only_v1,draft
QURPHEN 50MG/ML SOLUTION FOR INJECTION,2.0,3520.0,18580.0,1,1,1821,2e-05,0.991217,C,ABC_PARETO,sales_only_v1,draft
MEDRIZINE 5MG/5ML,198.0,3514.5,6697.5,3,1,1822,2e-05,0.991237,C,ABC_PARETO,sales_only_v1,draft
PREHEXA,13.0,3510.0,5089.5,5,5,1823,2e-05,0.991257,C,ABC_PARETO,sales_only_v1,draft
KIDIMEED C PLUS 30ML,135.0,3510.0,15560.0,2,2,1824,2e-05,0.991277,C,ABC_PARETO,sales_only_v1,draft
BLOOD PUMP - ETHOX 1000ML INFUSION BAG,1.0,3500.0,1300.0,1,1,1825,2e-05,0.991298,C,ABC_PARETO,sales_only_v1,draft
FOOD KEEPER,100.0,3500.0,11766.36,1,1,1826,2e-05,0.991318,C,ABC_PARETO,sales_only_v1,draft
FOLEY CATHETER LATEX SILICON COATED FR. 16,5.0,3500.0,1500.0,1,1,1827,2e-05,0.991338,C,ABC_PARETO,sales_only_v1,draft
OXYGEN CANNULA PEDIA - ORMED,100.0,3500.0,100.0,1,1,1828,2e-05,0.991358,C,ABC_PARETO,sales_only_v1,draft
SOLV-8,10.0,3500.0,17740.0,1,1,1829,2e-05,0.991379,C,ABC_PARETO,sales_only_v1,draft
ENTRANCE LOCKSET CLINDRICAL TYPE HEAVY DUTY,10.0,3500.0,4500.0,1,1,1830,2e-05,0.991399,C,ABC_PARETO,sales_only_v1,draft
DISPOSABLE ISOLATION GOWN 40GSM,100.0,3500.0,3000.0,2,2,1831,2e-05,0.991419,C,ABC_PARETO,sales_only_v1,draft
ELASTIC BANDAGE 6X5 (SURE-GUARD),100.0,3500.0,300.0,1,1,1832,2e-05,0.991439,C,ABC_PARETO,sales_only_v1,draft
SUCTION SET YANKAUER HANDLE WITH CONTROL WITH 210CM TUBE (SIMPLEX),25.0,3500.0,2250.0,1,1,1833,2e-05,0.991459,C,ABC_PARETO,sales_only_v1,draft
XYCLOVIRAX 400MG,16.66,3500.0,-685.0,3,2,1834,2e-05,0.99148,C,ABC_PARETO,sales_only_v1,draft
GLASS SLIDES CLEAR (SAIL),70.0,3500.0,640.0,2,1,1835,2e-05,0.9915,C,ABC_PARETO,sales_only_v1,draft
RABAPHEN 50MG/ML IV,17.0,3485.0,12664.6,4,3,1836,2e-05,0.99152,C,ABC_PARETO,sales_only_v1,draft
MEOXICLAV-DS 457MG/5ML,24.0,3480.0,1104.0,1,1,1837,2e-05,0.99154,C,ABC_PARETO,sales_only_v1,draft
DISPOSABLE SYRINGE 10CC 23GX1 (SUREGUARD),12.0,3480.0,12276.0,1,1,1838,2e-05,0.99156,C,ABC_PARETO,sales_only_v1,draft
SYRINGE 3CC G23X1 PARTNERS,17.0,3468.0,3852.0,2,2,1839,2e-05,0.99158,C,ABC_PARETO,sales_only_v1,draft
PARADOX TAB,15.0,3450.0,7200.0,2,2,1840,2e-05,0.9916,C,ABC_PARETO,sales_only_v1,draft
NITRILE EXAMINATION GLOVES SMALL INDOPLAS,15.0,3450.0,1545.0,1,1,1841,2e-05,0.99162,C,ABC_PARETO,sales_only_v1,draft
THUMB FORCEP 5 1/2'' (OLTEN),14.0,3444.0,3416.0,1,1,1842,2e-05,0.99164,C,ABC_PARETO,sales_only_v1,draft
MULTILEM 60ML,215.0,3440.0,12667.5,4,4,1843,2e-05,0.99166,C,ABC_PARETO,sales_only_v1,draft
URINE COLLECTOR PEDIA 100ML (INDOPLAS),8.0,3440.0,1720.0,3,3,1844,2e-05,0.99168,C,ABC_PARETO,sales_only_v1,draft
ELASTIC BANDAGE 3X5 (SURE-GUARD),160.0,3440.0,1560.0,3,3,1845,2e-05,0.9917,C,ABC_PARETO,sales_only_v1,draft
NORBIT,3.0,3429.0,3429.0,1,1,1846,2e-05,0.99172,C,ABC_PARETO,sales_only_v1,draft
AMBTOCYN 10IU,50.0,3407.0,45431.0,3,3,1847,2e-05,0.991739,C,ABC_PARETO,sales_only_v1,draft
ATORSAPH-80MG NELPA,10.0,3400.0,19100.0,1,1,1848,2e-05,0.991759,C,ABC_PARETO,sales_only_v1,draft
BLOOD TRANSFUSION SET (TERUMO),50.0,3400.0,2350.0,1,1,1849,2e-05,0.991779,C,ABC_PARETO,sales_only_v1,draft
MYREVIT 120ML,100.0,3400.0,16000.0,1,1,1850,2e-05,0.991798,C,ABC_PARETO,sales_only_v1,draft
FERRICORE 325MG TAB,50.0,3400.0,9062.5,1,1,1851,2e-05,0.991818,C,ABC_PARETO,sales_only_v1,draft
REMEF 500MG,44.0,3388.0,1584.0,1,1,1852,2e-05,0.991837,C,ABC_PARETO,sales_only_v1,draft
NATRASOL 50MG,30.0,3360.0,24388.0,5,5,1853,1.9e-05,0.991857,C,ABC_PARETO,sales_only_v1,draft
TRACHEOSTOMY MASK ADULT (AIRLIFE),12.0,3360.0,1140.0,2,2,1854,1.9e-05,0.991876,C,ABC_PARETO,sales_only_v1,draft
BABY LOTION 50ML (JOHNSON),61.0,3339.68,1540.32,4,3,1855,1.9e-05,0.991896,C,ABC_PARETO,sales_only_v1,draft
MUPIROW 20MG/G (2%) 5G,101.0,3333.0,12372.0,8,6,1856,1.9e-05,0.991915,C,ABC_PARETO,sales_only_v1,draft
VERTISAPH-8,13.01,3317.55,5952.45,3,2,1857,1.9e-05,0.991934,C,ABC_PARETO,sales_only_v1,draft
DEXTROSE PLAIN 0.9% SODIUM CHLORIDE PNSS 500ML (EUROMED),48.0,3312.0,4968.0,2,2,1858,1.9e-05,0.991953,C,ABC_PARETO,sales_only_v1,draft
RAHMACIN 125MG/60ML,30.0,3300.0,3577.5,1,1,1859,1.9e-05,0.991972,C,ABC_PARETO,sales_only_v1,draft
CALMSAPH 200MG/100MG - ANTACID,61.0,3295.0,8415.0,8,6,1860,1.9e-05,0.991991,C,ABC_PARETO,sales_only_v1,draft
GIRAN-8 8MG,25.33,3293.33,21196.65,4,2,1861,1.9e-05,0.99201,C,ABC_PARETO,sales_only_v1,draft
ACCEDOME 1MG/ML 60ML,70.0,3290.0,14140.0,1,1,1862,1.9e-05,0.992029,C,ABC_PARETO,sales_only_v1,draft
SAPHVAS - 20,42.0,3276.0,26208.0,8,7,1863,1.9e-05,0.992048,C,ABC_PARETO,sales_only_v1,draft
HYOSAPH 20MG/ML SOLUTION FOR INJECTION,20.0,3260.0,7540.0,1,1,1864,1.9e-05,0.992067,C,ABC_PARETO,sales_only_v1,draft
AZMONT 10MG,10.0,3250.0,30740.0,1,1,1865,1.9e-05,0.992086,C,ABC_PARETO,sales_only_v1,draft
LAVENDER TOP : 0.5ML (EDTA),5.0,3250.0,2985.0,1,1,1866,1.9e-05,0.992105,C,ABC_PARETO,sales_only_v1,draft
PHYTOCARE 10MG/ML,25.0,3250.0,9700.0,2,1,1867,1.9e-05,0.992123,C,ABC_PARETO,sales_only_v1,draft
YELLOW TOP : GEL CLOT ACTIVATOR TUBE 0.5ML (KINGMED),5.0,3250.0,-600.0,1,1,1868,1.9e-05,0.992142,C,ABC_PARETO,sales_only_v1,draft
ELASTIC BANDAGE 4X5 (PARTNERS),108.0,3240.0,1080.0,2,2,1869,1.9e-05,0.992161,C,ABC_PARETO,sales_only_v1,draft
ZYLTAN 50MG,60.0,3240.0,8260.0,2,1,1870,1.9e-05,0.99218,C,ABC_PARETO,sales_only_v1,draft
DIALOX 250MG/5ML,115.0,3225.0,3575.65,2,2,1871,1.9e-05,0.992198,C,ABC_PARETO,sales_only_v1,draft
INSULIN SYRINGE WITH NEEDLE 1CC 29GX1/2 (TERUMO),4.0,3200.0,3200.0,2,1,1872,1.8e-05,0.992217,C,ABC_PARETO,sales_only_v1,draft
NOVAROSE 1000MG/992MG,25.0,3200.0,21800.0,5,3,1873,1.8e-05,0.992235,C,ABC_PARETO,sales_only_v1,draft
MEDICAL WEIGHING SCALE DIAL TYPE ROUND (MEDX),1.0,3200.0,3100.0,1,1,1874,1.8e-05,0.992254,C,ABC_PARETO,sales_only_v1,draft
MIA FORTE 500MG TAB,10.0,3200.0,2750.0,1,1,1875,1.8e-05,0.992272,C,ABC_PARETO,sales_only_v1,draft
MEDALEM 200MG/100MG/5ML SUSP,188.0,3198.4,7867.6,5,4,1876,1.8e-05,0.992291,C,ABC_PARETO,sales_only_v1,draft
AMPITREX,118.0,3186.0,3186.0,3,3,1877,1.8e-05,0.992309,C,ABC_PARETO,sales_only_v1,draft
BUVA HEAVY 5MG,33.5,3182.5,224617.5,1,1,1878,1.8e-05,0.992328,C,ABC_PARETO,sales_only_v1,draft
HISTAZYN 50MG,51.0,3162.0,22143.0,2,2,1879,1.8e-05,0.992346,C,ABC_PARETO,sales_only_v1,draft
SAPHSODEX 4MG/ML (8MG/2ML) 2ML,39.0,3159.0,18491.0,5,4,1880,1.8e-05,0.992364,C,ABC_PARETO,sales_only_v1,draft
FIRST AID MEDICINE KIT W/ THERMAL SCANNER,3.0,3150.0,7350.0,1,1,1881,1.8e-05,0.992382,C,ABC_PARETO,sales_only_v1,draft
BUSCOPAN PLUS,85.0,3145.0,2837.5,2,2,1882,1.8e-05,0.992401,C,ABC_PARETO,sales_only_v1,draft
RAHMACIN 250MG,13.0,3120.0,22180.0,3,3,1883,1.8e-05,0.992419,C,ABC_PARETO,sales_only_v1,draft
TRIOPHIL 35MG TAB,10.0,3120.0,3080.0,1,1,1884,1.8e-05,0.992437,C,ABC_PARETO,sales_only_v1,draft
AZFED 200MG/5ML,52.0,3120.0,7649.0,3,2,1885,1.8e-05,0.992455,C,ABC_PARETO,sales_only_v1,draft
ALLUPREX 100MG,46.0,3100.0,27140.0,6,6,1886,1.8e-05,0.992473,C,ABC_PARETO,sales_only_v1,draft
SYMDENX 325MG,20.0,3100.0,2280.0,1,1,1887,1.8e-05,0.99249,C,ABC_PARETO,sales_only_v1,draft
"BLOOD GLUCOSE,CHOLESTEROL,URIC ACID TEST MACHINE (EASY TOUCH GCU)",1.0,3100.0,2900.0,1,1,1888,1.8e-05,0.992508,C,ABC_PARETO,sales_only_v1,draft
CETIRIGEN 10MG,100.0,3100.0,8800.0,1,1,1889,1.8e-05,0.992526,C,ABC_PARETO,sales_only_v1,draft
VASOTRATE 60MG,15.71,3095.71,1469.29,3,2,1890,1.8e-05,0.992544,C,ABC_PARETO,sales_only_v1,draft
CENDALEX 125MG/5ML SUS,71.0,3080.0,3630.0,4,4,1891,1.8e-05,0.992562,C,ABC_PARETO,sales_only_v1,draft
SURGICAL BLADE #15 SURGITECH,11.0,3080.0,2890.0,3,2,1892,1.8e-05,0.99258,C,ABC_PARETO,sales_only_v1,draft
ZINCBOS 6.8MG/5ML,176.0,3080.0,3635.2,2,2,1893,1.8e-05,0.992598,C,ABC_PARETO,sales_only_v1,draft
RAHMACIN 500MG TAB,5.0,3075.0,9925.0,1,1,1894,1.8e-05,0.992615,C,ABC_PARETO,sales_only_v1,draft
FOLART 5MG/5ML 60ML,20.0,3074.8,9225.2,1,1,1895,1.8e-05,0.992633,C,ABC_PARETO,sales_only_v1,draft
RESPI-SAPH 250MCG/ML (500MCG/2ML) 2ML 30'S,6.67,3066.67,7033.33,1,1,1896,1.8e-05,0.992651,C,ABC_PARETO,sales_only_v1,draft
CETYSL-200 200MG,33.33,3066.67,9893.33,1,1,1897,1.8e-05,0.992669,C,ABC_PARETO,sales_only_v1,draft
TRUST CONDOMS,4.0,3066.0,2304.0,2,2,1898,1.8e-05,0.992686,C,ABC_PARETO,sales_only_v1,draft
ACCELAC 3.35MG/ML 60ML,36.0,3060.0,3240.0,1,1,1899,1.8e-05,0.992704,C,ABC_PARETO,sales_only_v1,draft
STORAGE BOX 155LITERS (MEGA),3.0,3057.0,4443.0,1,1,1900,1.8e-05,0.992722,C,ABC_PARETO,sales_only_v1,draft
INSTRUMENT TRAY WITH COVER,2.0,3055.0,4140.0,2,2,1901,1.8e-05,0.992739,C,ABC_PARETO,sales_only_v1,draft
HYCLENS WOUND CARE SOLUTION 60ML,42.0,3042.9,7487.1,2,2,1902,1.8e-05,0.992757,C,ABC_PARETO,sales_only_v1,draft
SAPHLOR-50 50MG,48.0,3024.0,9331.0,9,9,1903,1.7e-05,0.992774,C,ABC_PARETO,sales_only_v1,draft
NOVACEE 100MG/5ML 60ML,194.0,3007.0,7588.6,2,1,1904,1.7e-05,0.992792,C,ABC_PARETO,sales_only_v1,draft
"GLASS SLIDES FROSTED END CAT NO. 7105 (1"" X 3"")",50.0,3000.0,7030.0,1,1,1905,1.7e-05,0.992809,C,ABC_PARETO,sales_only_v1,draft
BP - CUFF - GENERIC,20.0,3000.0,6600.0,1,1,1906,1.7e-05,0.992826,C,ABC_PARETO,sales_only_v1,draft
BP - INFLATION BAG,20.0,3000.0,6600.0,1,1,1907,1.7e-05,0.992844,C,ABC_PARETO,sales_only_v1,draft
TORNIQUET FLAT,150.0,3000.0,2800.0,2,2,1908,1.7e-05,0.992861,C,ABC_PARETO,sales_only_v1,draft
STERI STRIP 3M R1547,1.0,3000.0,6000.0,1,1,1909,1.7e-05,0.992878,C,ABC_PARETO,sales_only_v1,draft
PULSE OXIMETER (XIAOO),5.0,3000.0,6939.0,2,2,1910,1.7e-05,0.992896,C,ABC_PARETO,sales_only_v1,draft
LOCAINE 2% 50ML,60.0,3000.0,2430.0,2,2,1911,1.7e-05,0.992913,C,ABC_PARETO,sales_only_v1,draft
IDENTIFICATION BRACELET CHILD SURGITECH,10.0,3000.0,0.0,1,1,1912,1.7e-05,0.99293,C,ABC_PARETO,sales_only_v1,draft
DISPOSABLE NEEDLE G.27 100'S-ORMED,20.0,3000.0,3080.0,2,1,1913,1.7e-05,0.992948,C,ABC_PARETO,sales_only_v1,draft
"WOODEN APPLICATOR STICK 6"" TOPCARE",12.0,3000.0,3000.0,1,1,1914,1.7e-05,0.992965,C,ABC_PARETO,sales_only_v1,draft
PRIVACY SCREEN 3 FOLDS PANEL,1.0,3000.0,2900.0,1,1,1915,1.7e-05,0.992982,C,ABC_PARETO,sales_only_v1,draft
INSTANT COLD PACK,25.0,3000.0,0.0,1,1,1916,1.7e-05,0.993,C,ABC_PARETO,sales_only_v1,draft
DIGITAL FOREHEAD THERMOMETER INFRARED,1.0,3000.0,-1703.0,1,1,1917,1.7e-05,0.993017,C,ABC_PARETO,sales_only_v1,draft
DISPOSABLE SYRINGE LUER LOCK 20CC W/O SYRINGE (TERUMO),4.0,3000.0,1800.0,1,1,1918,1.7e-05,0.993034,C,ABC_PARETO,sales_only_v1,draft
MICRO CENTRIFUGE TUBE : 1.5 WITH LID,3.0,2994.0,462.0,1,1,1919,1.7e-05,0.993052,C,ABC_PARETO,sales_only_v1,draft
CARVESAPH 6.25MG,65.0,2990.0,3835.0,4,3,1920,1.7e-05,0.993069,C,ABC_PARETO,sales_only_v1,draft
VITCEE 100MG,213.0,2982.0,13938.0,6,6,1921,1.7e-05,0.993086,C,ABC_PARETO,sales_only_v1,draft
MOXINOVA CV 228.5MG/5ML,20.0,2980.0,200.0,1,1,1922,1.7e-05,0.993104,C,ABC_PARETO,sales_only_v1,draft
AC-LYTE 200MG,15.0,2970.0,5580.0,1,1,1923,1.7e-05,0.993121,C,ABC_PARETO,sales_only_v1,draft
SURGICAL BLADES S11 (PARTNERS),11.0,2970.0,1364.0,3,2,1924,1.7e-05,0.993138,C,ABC_PARETO,sales_only_v1,draft
RAPHC ASCORBIC ACID SYRUP,200.0,2950.0,4200.0,1,1,1925,1.7e-05,0.993155,C,ABC_PARETO,sales_only_v1,draft
HAV-C 500MG TAB,50.0,2950.0,8512.5,1,1,1926,1.7e-05,0.993172,C,ABC_PARETO,sales_only_v1,draft
PARTNERS STETHOSCOPE,12.0,2940.0,11060.0,2,2,1927,1.7e-05,0.993189,C,ABC_PARETO,sales_only_v1,draft
HYPHEN 50MG/ML,14.0,2940.0,4460.0,3,3,1928,1.7e-05,0.993206,C,ABC_PARETO,sales_only_v1,draft
DOLSAPH 325MG/37.5MG TAB,21.0,2940.0,20340.06,3,3,1929,1.7e-05,0.993223,C,ABC_PARETO,sales_only_v1,draft
ALLIES 7 1/2'' (OLTEN),6.0,2928.0,2892.0,1,1,1930,1.7e-05,0.99324,C,ABC_PARETO,sales_only_v1,draft
NEEDLE HOLDER 7 1/4 (OLTEN),6.0,2928.0,2892.0,1,1,1931,1.7e-05,0.993257,C,ABC_PARETO,sales_only_v1,draft
VERTEX 25MG,48.0,2927.0,8658.0,9,8,1932,1.7e-05,0.993274,C,ABC_PARETO,sales_only_v1,draft
SAPHORBIDE-30 30MG,10.0,2910.0,5085.0,2,2,1933,1.7e-05,0.993291,C,ABC_PARETO,sales_only_v1,draft
SARS-COV-2 ANTIGEN ASSAY KIT ZYBIO,1.0,2900.0,5845.0,1,1,1934,1.7e-05,0.993307,C,ABC_PARETO,sales_only_v1,draft
POVIDONE IODINE 10% SOLUTION -HAVIDONE,8.33,2900.0,100.0,1,1,1935,1.7e-05,0.993324,C,ABC_PARETO,sales_only_v1,draft
EUROCAINE,50.0,2900.0,1350.0,1,1,1936,1.7e-05,0.993341,C,ABC_PARETO,sales_only_v1,draft
KALYX 2MEQ/ML 20ML,20.0,2900.0,2700.0,1,1,1937,1.7e-05,0.993358,C,ABC_PARETO,sales_only_v1,draft
MOHSIDEX 4MG/ML,28.0,2898.0,2739.5,4,4,1938,1.7e-05,0.993374,C,ABC_PARETO,sales_only_v1,draft
RANVAST 40MG,7.0,2898.0,6677.0,2,2,1939,1.7e-05,0.993391,C,ABC_PARETO,sales_only_v1,draft
EPOKINE 4000IU/0.4ML,5.0,2895.0,3405.0,1,1,1940,1.7e-05,0.993408,C,ABC_PARETO,sales_only_v1,draft
ENDOTRACHEAL TUBE CUFFED 7.5MM (INDOPLAS),60.0,2880.0,2190.0,2,2,1941,1.7e-05,0.993424,C,ABC_PARETO,sales_only_v1,draft
DOORMAT,95.0,2875.0,3150.0,2,2,1942,1.7e-05,0.993441,C,ABC_PARETO,sales_only_v1,draft
LUBRICATING JELLY 150G - UNIMEX,19.0,2850.0,3230.0,1,1,1943,1.6e-05,0.993458,C,ABC_PARETO,sales_only_v1,draft
MIA FORTE,10.0,2850.0,3690.0,1,1,1944,1.6e-05,0.993474,C,ABC_PARETO,sales_only_v1,draft
ENPLEX-B 100MG,30.0,2850.0,9000.0,1,1,1945,1.6e-05,0.99349,C,ABC_PARETO,sales_only_v1,draft
CHAMPION BAR WHITE,150.0,2814.9,2814.9,1,1,1946,1.6e-05,0.993507,C,ABC_PARETO,sales_only_v1,draft
INOXIN 250MG,10.0,2810.0,3190.0,1,1,1947,1.6e-05,0.993523,C,ABC_PARETO,sales_only_v1,draft
DIACIEL 10MG,234.0,2808.0,13647.0,8,7,1948,1.6e-05,0.993539,C,ABC_PARETO,sales_only_v1,draft
THORACIC CATHETER FR 28 - UNIMEX,7.0,2800.0,2800.0,2,2,1949,1.6e-05,0.993555,C,ABC_PARETO,sales_only_v1,draft
CHROMIC BROWN COATED CATOUT ABSORBABLE SUTURE 2-0 C - TUDOR 75CM,10.0,2800.0,4700.0,1,1,1950,1.6e-05,0.993572,C,ABC_PARETO,sales_only_v1,draft
SPOOL COTTON TREAD SIZE 2.0,40.0,2800.0,200.0,1,1,1951,1.6e-05,0.993588,C,ABC_PARETO,sales_only_v1,draft
DENTAL NEEDLE G27 SHORT (DENJECT),8.0,2800.0,721.0,2,2,1952,1.6e-05,0.993604,C,ABC_PARETO,sales_only_v1,draft
ROOM THERMOMETER DIGITAL HYDROMETER,4.0,2800.0,892.0,2,1,1953,1.6e-05,0.99362,C,ABC_PARETO,sales_only_v1,draft
LEUKOPLAST 1'' (2.5CMX5M),0.67,2800.0,1740.0,2,2,1954,1.6e-05,0.993636,C,ABC_PARETO,sales_only_v1,draft
SILK CUTTING 1-0 - TUDOR,10.0,2800.0,1800.0,1,1,1955,1.6e-05,0.993652,C,ABC_PARETO,sales_only_v1,draft
TUDOR NYLON SUTURE 4.0 CUTTING,10.0,2800.0,1800.0,1,1,1956,1.6e-05,0.993669,C,ABC_PARETO,sales_only_v1,draft
TUDOR NYLON SUTURE 5.0 CUTTING,10.0,2800.0,1800.0,1,1,1957,1.6e-05,0.993685,C,ABC_PARETO,sales_only_v1,draft
OXYCAN 5 LITERS,8.0,2800.0,20080.0,1,1,1958,1.6e-05,0.993701,C,ABC_PARETO,sales_only_v1,draft
ORCHIDS ALBATROSS,75.0,2793.75,1931.25,1,1,1959,1.6e-05,0.993717,C,ABC_PARETO,sales_only_v1,draft
ARTAZIDE 50MG/12.5MG TAB,24.0,2784.0,2616.0,1,1,1960,1.6e-05,0.993733,C,ABC_PARETO,sales_only_v1,draft
VERTEX 25MG TAB,37.0,2783.0,4012.0,4,4,1961,1.6e-05,0.993749,C,ABC_PARETO,sales_only_v1,draft
BRELVASTIN 40MG,10.0,2772.0,19228.0,1,1,1962,1.6e-05,0.993765,C,ABC_PARETO,sales_only_v1,draft
TOVIT 60ML,154.0,2772.0,7231.3,2,2,1963,1.6e-05,0.993781,C,ABC_PARETO,sales_only_v1,draft
DENATURED ALCOHOL,10.0,2765.0,4557.0,3,3,1964,1.6e-05,0.993797,C,ABC_PARETO,sales_only_v1,draft
DOBUBAX 12.5MG/ML 20ML,20.0,2760.0,2430.0,2,2,1965,1.6e-05,0.993813,C,ABC_PARETO,sales_only_v1,draft
TROVIPRI 20MG,23.0,2760.0,6025.0,2,2,1966,1.6e-05,0.993829,C,ABC_PARETO,sales_only_v1,draft
MIASYN,89.0,2759.0,33421.0,3,3,1967,1.6e-05,0.993845,C,ABC_PARETO,sales_only_v1,draft
APTRADOL 50MG CAP,18.0,2753.0,3877.0,4,4,1968,1.6e-05,0.993861,C,ABC_PARETO,sales_only_v1,draft
BED PAN,50.0,2750.0,1500.0,1,1,1969,1.6e-05,0.993877,C,ABC_PARETO,sales_only_v1,draft
LEVOXUS 500MG,5.0,2750.0,3658.0,2,2,1970,1.6e-05,0.993893,C,ABC_PARETO,sales_only_v1,draft
ASCORSAPH-ZEE,38.0,2744.0,4164.0,3,3,1971,1.6e-05,0.993909,C,ABC_PARETO,sales_only_v1,draft
ELASTIC BANDAGE 6X5 (PARTNERS),72.0,2736.0,4446.0,4,3,1972,1.6e-05,0.993925,C,ABC_PARETO,sales_only_v1,draft
ZETIFEN 125MG/5ML SYR,78.0,2730.0,1647.0,5,5,1973,1.6e-05,0.99394,C,ABC_PARETO,sales_only_v1,draft
LORECARE AMP 10MG/ML,30.0,2730.0,3270.0,1,1,1974,1.6e-05,0.993956,C,ABC_PARETO,sales_only_v1,draft
ARTICURE 100MG,20.0,2720.0,2880.0,1,1,1975,1.6e-05,0.993972,C,ABC_PARETO,sales_only_v1,draft
AGORAM 50MG,20.0,2700.0,17294.6,2,2,1976,1.6e-05,0.993987,C,ABC_PARETO,sales_only_v1,draft
AMBIPINE 1MG/ML (10MG/10ML),18.0,2700.0,15516.0,1,1,1977,1.6e-05,0.994003,C,ABC_PARETO,sales_only_v1,draft
GAUZE BANDAGE,200.0,2700.0,5300.0,1,1,1978,1.6e-05,0.994019,C,ABC_PARETO,sales_only_v1,draft
FABRIC CONDITIONER 24ML CONCENTRATED (DOWNY),500.0,2700.0,1300.0,1,1,1979,1.6e-05,0.994034,C,ABC_PARETO,sales_only_v1,draft
IV CANNULA WITH INJECTION VALVE 20G CAN CARE,1.5,2700.0,10650.0,2,2,1980,1.6e-05,0.99405,C,ABC_PARETO,sales_only_v1,draft
OLTEN KELLY HEMOSTATIC FORCEP,6.0,2700.0,1800.0,1,1,1981,1.6e-05,0.994066,C,ABC_PARETO,sales_only_v1,draft
OSCIVIT 1250MG,15.0,2700.0,7800.0,1,1,1982,1.6e-05,0.994081,C,ABC_PARETO,sales_only_v1,draft
VAROLOX 250MG/5ML 60ML,100.0,2700.0,9300.0,1,1,1983,1.6e-05,0.994097,C,ABC_PARETO,sales_only_v1,draft
OXYGEN REGULATOR,3.0,2700.0,1125.0,1,1,1984,1.6e-05,0.994112,C,ABC_PARETO,sales_only_v1,draft
ELASTIC BANDAGE 6X5 (INDOPLAS),56.0,2688.0,-376.0,2,2,1985,1.6e-05,0.994128,C,ABC_PARETO,sales_only_v1,draft
RANVAST 20MG,11.0,2673.0,4787.0,3,3,1986,1.5e-05,0.994143,C,ABC_PARETO,sales_only_v1,draft
OMETIFT 20MG,30.0,2670.0,5662.5,3,1,1987,1.5e-05,0.994159,C,ABC_PARETO,sales_only_v1,draft
CERTIFICATE HOLDER A4,53.0,2650.0,1010.0,2,2,1988,1.5e-05,0.994174,C,ABC_PARETO,sales_only_v1,draft
TERMAGEN 100MG/ML,90.0,2626.2,6243.3,7,6,1989,1.5e-05,0.994189,C,ABC_PARETO,sales_only_v1,draft
AZMONT 10MG TAB,15.0,2625.0,3885.0,1,1,1990,1.5e-05,0.994204,C,ABC_PARETO,sales_only_v1,draft
RUBBER BOND BIG,20.0,2600.0,400.0,2,2,1991,1.5e-05,0.994219,C,ABC_PARETO,sales_only_v1,draft
DISPOSABLE BABY DIAPER MEDIUM NON WOVEN (HEXACARE),13.0,2600.0,4520.0,4,4,1992,1.5e-05,0.994234,C,ABC_PARETO,sales_only_v1,draft
UMBILICAL CORD CLAMP (SURGITECH),10.0,2600.0,1630.0,2,2,1993,1.5e-05,0.99425,C,ABC_PARETO,sales_only_v1,draft
KIDNEY BASIN SIZE 6'',10.0,2580.0,1540.0,2,1,1994,1.5e-05,0.994264,C,ABC_PARETO,sales_only_v1,draft
STERILE GLOVES 8,3.0,2550.0,2550.0,1,1,1995,1.5e-05,0.994279,C,ABC_PARETO,sales_only_v1,draft
WELQUINE 5MG/ML (500MG/100ML),30.0,2550.0,7650.0,3,2,1996,1.5e-05,0.994294,C,ABC_PARETO,sales_only_v1,draft
BOUFFANT CAP BRAIDED,34.0,2550.0,3558.0,2,1,1997,1.5e-05,0.994309,C,ABC_PARETO,sales_only_v1,draft
ACCEDOME 1MG/ML,53.0,2544.0,5485.0,2,2,1998,1.5e-05,0.994323,C,ABC_PARETO,sales_only_v1,draft
GIRAN 16MG - NOT THIS,10.0,2520.0,6120.0,1,1,1999,1.5e-05,0.994338,C,ABC_PARETO,sales_only_v1,draft
SURGICAL BLADE SURGITECH # 22,9.0,2520.0,2520.0,1,1,2000,1.5e-05,0.994352,C,ABC_PARETO,sales_only_v1,draft
PHILSTAT 20MG,30.0,2520.0,1680.0,3,2,2001,1.5e-05,0.994367,C,ABC_PARETO,sales_only_v1,draft
FUJI X-RAY FILM 8X10,1.0,2500.0,470.0,1,1,2002,1.4e-05,0.994381,C,ABC_PARETO,sales_only_v1,draft
MEDIZOLE 500MG,25.0,2500.0,3780.0,2,2,2003,1.4e-05,0.994396,C,ABC_PARETO,sales_only_v1,draft
AIR FRESHENER AEROSOL 280ML (JELLY BELLY),15.0,2475.0,135.0,1,1,2004,1.4e-05,0.99441,C,ABC_PARETO,sales_only_v1,draft
FLAGEX 500MG TAB,29.0,2465.0,6720.0,5,5,2005,1.4e-05,0.994424,C,ABC_PARETO,sales_only_v1,draft
HISTAMED 1MG/ML ORAL SOLUTION,41.0,2460.0,5070.0,2,2,2006,1.4e-05,0.994439,C,ABC_PARETO,sales_only_v1,draft
DIFLU 150MG CAP,16.33,2450.0,333.2,2,2,2007,1.4e-05,0.994453,C,ABC_PARETO,sales_only_v1,draft
INTRAPLEM 100MG/5ML,79.0,2430.04,4477.96,4,4,2008,1.4e-05,0.994467,C,ABC_PARETO,sales_only_v1,draft
LORAREX 10MG,18.0,2430.0,34426.0,4,4,2009,1.4e-05,0.994481,C,ABC_PARETO,sales_only_v1,draft
WHITE FLOWER 1.5ML,60.0,2430.0,6870.0,1,1,2010,1.4e-05,0.994495,C,ABC_PARETO,sales_only_v1,draft
OFPLEMED 300MG TABLET,22.0,2420.0,5824.0,6,4,2011,1.4e-05,0.994509,C,ABC_PARETO,sales_only_v1,draft
PREDNIVEX-4 4MG,10.0,2420.0,890.0,3,2,2012,1.4e-05,0.994523,C,ABC_PARETO,sales_only_v1,draft
HARFURIN 100MG CAP,11.0,2420.0,5442.8,5,5,2013,1.4e-05,0.994537,C,ABC_PARETO,sales_only_v1,draft
URINE CUP,25.0,2400.0,7625.0,1,1,2014,1.4e-05,0.994551,C,ABC_PARETO,sales_only_v1,draft
GLOVES S6.5 LATEX STERILE (GREATGLOVE),3.0,2400.0,1989.0,1,1,2015,1.4e-05,0.994565,C,ABC_PARETO,sales_only_v1,draft
GLOVES S7 LATEX STERILE (SUREGUARD),3.0,2400.0,1989.0,1,1,2016,1.4e-05,0.994579,C,ABC_PARETO,sales_only_v1,draft
CEVOR IV 250MG/ML (IG/4ML) SOL FOR INJ (IV),8.0,2400.0,3265.0,2,1,2017,1.4e-05,0.994592,C,ABC_PARETO,sales_only_v1,draft
SPINE BOARD WITH STRAP/BEALT-SUREGUARD,1.0,2400.0,1600.0,1,1,2018,1.4e-05,0.994606,C,ABC_PARETO,sales_only_v1,draft
IV CANNULA WITH WINGS G26 0.6X19MM (PANACAN),1.2,2400.0,9960.0,2,2,2019,1.4e-05,0.99462,C,ABC_PARETO,sales_only_v1,draft
ISOLATION GOWN STANDARD STERILE,20.0,2400.0,8600.0,1,1,2020,1.4e-05,0.994634,C,ABC_PARETO,sales_only_v1,draft
AMOXICILLIN 250MG/ML SUSP EPPITREXIL,100.0,2400.0,700.0,1,1,2021,1.4e-05,0.994648,C,ABC_PARETO,sales_only_v1,draft
SURGICAL DRAPE 40X40CM W/ HOLE 10CM (ORMED),50.0,2400.0,1700.0,1,1,2022,1.4e-05,0.994662,C,ABC_PARETO,sales_only_v1,draft
FUKOLAC 30MG/ML IV,15.0,2400.0,5525.0,2,1,2023,1.4e-05,0.994676,C,ABC_PARETO,sales_only_v1,draft
OXYGEN MASK NEONATE (SURE-GUARD),60.0,2400.0,1149.0,1,1,2024,1.4e-05,0.99469,C,ABC_PARETO,sales_only_v1,draft
"Z-NYST 100,000 IU/ML",40.0,2400.0,2557.6,1,1,2025,1.4e-05,0.994703,C,ABC_PARETO,sales_only_v1,draft
"SAM SPLINT, MEDIUM 18 INCHES",8.0,2400.0,3840.0,1,1,2026,1.4e-05,0.994717,C,ABC_PARETO,sales_only_v1,draft
SURGICAL BLADES S10 (PARTNERS),8.0,2384.0,768.0,1,1,2027,1.4e-05,0.994731,C,ABC_PARETO,sales_only_v1,draft
CALADRYL,18.0,2380.5,2380.5,1,1,2028,1.4e-05,0.994745,C,ABC_PARETO,sales_only_v1,draft
HONELLE HONEY SALVE,10.0,2380.0,2380.0,1,1,2029,1.4e-05,0.994759,C,ABC_PARETO,sales_only_v1,draft
OFPLEMED 300MG/5ML,77.0,2374.5,3076.5,2,2,2030,1.4e-05,0.994772,C,ABC_PARETO,sales_only_v1,draft
HYFER-125 125MG/5ML,182.0,2366.0,4996.0,4,4,2031,1.4e-05,0.994786,C,ABC_PARETO,sales_only_v1,draft
FLUCYSTEINE 600MG,21.0,2360.0,12584.97,4,3,2032,1.4e-05,0.9948,C,ABC_PARETO,sales_only_v1,draft
SACRIVA-750,10.0,2360.0,18640.0,1,1,2033,1.4e-05,0.994813,C,ABC_PARETO,sales_only_v1,draft
MYMET 500MG,53.0,2350.75,8366.75,7,5,2034,1.4e-05,0.994827,C,ABC_PARETO,sales_only_v1,draft
CETICIT 10MG,65.0,2350.0,49597.0,13,11,2035,1.4e-05,0.99484,C,ABC_PARETO,sales_only_v1,draft
TEGUTECT DIGLUCONATE W/70% ALCOHOL 1GL,1.0,2345.0,2345.0,1,1,2036,1.4e-05,0.994854,C,ABC_PARETO,sales_only_v1,draft
GLYCEMET 500MG,60.0,2340.0,8856.0,2,1,2037,1.4e-05,0.994867,C,ABC_PARETO,sales_only_v1,draft
ROZTIN-20 20MG,15.0,2325.0,3655.0,2,2,2038,1.3e-05,0.994881,C,ABC_PARETO,sales_only_v1,draft
ALLECUR P 2.5MG/ML,114.0,2321.5,4650.5,3,2,2039,1.3e-05,0.994894,C,ABC_PARETO,sales_only_v1,draft
AGLIC MR- 30MG,36.0,2310.0,68640.0,5,4,2040,1.3e-05,0.994908,C,ABC_PARETO,sales_only_v1,draft
DIANAPRIL-5 5MG,11.0,2310.0,4885.0,2,2,2041,1.3e-05,0.994921,C,ABC_PARETO,sales_only_v1,draft
WILKINS DISTILLED 1L,100.0,2309.4,33490.6,1,1,2042,1.3e-05,0.994934,C,ABC_PARETO,sales_only_v1,draft
STERILE GAUZE 8PLY 4X4 24X20 MESH,10.0,2300.0,2100.0,1,1,2043,1.3e-05,0.994948,C,ABC_PARETO,sales_only_v1,draft
BP CUFF ADULT (DENJECT),20.0,2300.0,440.0,1,1,2044,1.3e-05,0.994961,C,ABC_PARETO,sales_only_v1,draft
SUREGUARD PREGNANCY RAPID TEST CASSETTE,6.0,2280.0,0.0,3,2,2045,1.3e-05,0.994974,C,ABC_PARETO,sales_only_v1,draft
MAYO HEAGAR NEEDLE HOLDER 5 1/2 OLTEN,20.0,2280.0,1380.0,1,1,2046,1.3e-05,0.994987,C,ABC_PARETO,sales_only_v1,draft
ENDOTRACHEAL TUBE CUFFED 7.5MM (SEDASENZ),30.0,2280.0,1620.0,1,1,2047,1.3e-05,0.995001,C,ABC_PARETO,sales_only_v1,draft
CARDIZAR 50MG TAB,19.0,2280.0,4473.0,5,4,2048,1.3e-05,0.995014,C,ABC_PARETO,sales_only_v1,draft
STETHOSCOPE ADULT PARTNERS,4.0,2280.0,1368.0,1,1,2049,1.3e-05,0.995027,C,ABC_PARETO,sales_only_v1,draft
OMEPHIL-20,32.0,2270.0,19740.0,5,4,2050,1.3e-05,0.99504,C,ABC_PARETO,sales_only_v1,draft
LAVANDER TAC 5ML - KINGMED,5.0,2250.0,5225.0,1,1,2051,1.3e-05,0.995053,C,ABC_PARETO,sales_only_v1,draft
TUDOR - SILK BRAIDED NON ABSORBABLE SUTURE 2-0 ROUND BODIED - 75CM,9.0,2250.0,2760.0,2,2,2052,1.3e-05,0.995066,C,ABC_PARETO,sales_only_v1,draft
GLOVES GREAT LOVE 6.5 STERILE,5.0,2250.0,4139.0,2,2,2053,1.3e-05,0.995079,C,ABC_PARETO,sales_only_v1,draft
EXTENSION TUBE (75CM),30.0,2250.0,1500.0,1,1,2054,1.3e-05,0.995092,C,ABC_PARETO,sales_only_v1,draft
WALIS TAMBO (SOFT),15.0,2250.0,510.0,1,1,2055,1.3e-05,0.995105,C,ABC_PARETO,sales_only_v1,draft
INK 001 BLACK (EPSON),5.0,2250.0,375.0,1,1,2056,1.3e-05,0.995118,C,ABC_PARETO,sales_only_v1,draft
(L) DISPOSABLE GLOVES VINYL AIEL,8.0,2240.0,0.0,1,1,2057,1.3e-05,0.995131,C,ABC_PARETO,sales_only_v1,draft
SHOECOVER,8.0,2240.0,340.0,2,2,2058,1.3e-05,0.995144,C,ABC_PARETO,sales_only_v1,draft
SUSTACHLOR 500MG,5.0,2237.5,7012.5,1,1,2059,1.3e-05,0.995157,C,ABC_PARETO,sales_only_v1,draft
INFUSION SET W/ BURETTE 100CC - UNIMEX,19.0,2235.35,652.65,1,1,2060,1.3e-05,0.99517,C,ABC_PARETO,sales_only_v1,draft
SAPHROXEN 550MG,5.0,2225.0,8645.0,1,1,2061,1.3e-05,0.995183,C,ABC_PARETO,sales_only_v1,draft
GOUTSAPH 500MCG TAB,15.0,2220.0,1216.0,4,4,2062,1.3e-05,0.995195,C,ABC_PARETO,sales_only_v1,draft
MEFIDIN 500MG CAPSULE,30.0,2220.0,1170.0,1,1,2063,1.3e-05,0.995208,C,ABC_PARETO,sales_only_v1,draft
FENOCARE 200MG,9.0,2205.0,13035.0,3,2,2064,1.3e-05,0.995221,C,ABC_PARETO,sales_only_v1,draft
CLABIMEN 5MG,100.0,2200.0,9790.0,3,3,2065,1.3e-05,0.995234,C,ABC_PARETO,sales_only_v1,draft
DISPOSABLE ECG ELECTRODES SOLID GEL ADULT (ORMED),4.0,2200.0,1600.0,1,1,2066,1.3e-05,0.995246,C,ABC_PARETO,sales_only_v1,draft
MICROPORE 2X10 5CMX9.1M (3M),4.0,2200.0,1700.0,1,1,2067,1.3e-05,0.995259,C,ABC_PARETO,sales_only_v1,draft
COTTON BALLS 300S (TENDERSOFT),40.0,2200.0,2140.0,3,3,2068,1.3e-05,0.995272,C,ABC_PARETO,sales_only_v1,draft
GLOVES MEDIUM LATEX NONSTERILE (SCHULLERMED),10.0,2200.0,250.0,1,1,2069,1.3e-05,0.995285,C,ABC_PARETO,sales_only_v1,draft
PULSE OXIMTER ADULT (INDOPLAS),4.0,2200.0,1988.0,1,1,2070,1.3e-05,0.995297,C,ABC_PARETO,sales_only_v1,draft
NEBULIZER MACHINE BIG (SESEMED),2.0,2180.0,3410.0,1,1,2071,1.3e-05,0.99531,C,ABC_PARETO,sales_only_v1,draft
SAPHMIRATE - T50,3.0,2160.0,3386.0,2,2,2072,1.2e-05,0.995322,C,ABC_PARETO,sales_only_v1,draft
BOUFFANT CAP S19,18.0,2160.0,1890.0,5,4,2073,1.2e-05,0.995335,C,ABC_PARETO,sales_only_v1,draft
MYREVIT - SYRUP VITAMINS,100.0,2150.0,10574.0,1,1,2074,1.2e-05,0.995347,C,ABC_PARETO,sales_only_v1,draft
TRIZEF 50MG/5ML GFS 60ML,12.0,2136.0,3864.0,1,1,2075,1.2e-05,0.99536,C,ABC_PARETO,sales_only_v1,draft
ALLUPREX 300MG,14.0,2130.0,8347.0,4,4,2076,1.2e-05,0.995372,C,ABC_PARETO,sales_only_v1,draft
SAPHROXOL 75MG,5.0,2100.0,2900.0,1,1,2077,1.2e-05,0.995384,C,ABC_PARETO,sales_only_v1,draft
MERGO 125MCG,15.0,2100.0,22460.0,6,5,2078,1.2e-05,0.995396,C,ABC_PARETO,sales_only_v1,draft
FUJI X-RAY FILM 10X12,1.0,2100.0,620.0,1,1,2079,1.2e-05,0.995408,C,ABC_PARETO,sales_only_v1,draft
TUDOR CHROMIC PLAIN 2-0,6.0,2100.0,660.0,1,1,2080,1.2e-05,0.995421,C,ABC_PARETO,sales_only_v1,draft
ZOSART-62.5 50MG/12.5MG,20.0,2100.0,1420.0,1,1,2081,1.2e-05,0.995433,C,ABC_PARETO,sales_only_v1,draft
BLOOD TYPING SERA : ANTI C 1X10ML (EPICLONE),3.0,2100.0,321.0,1,1,2082,1.2e-05,0.995445,C,ABC_PARETO,sales_only_v1,draft
HISTAMED 10MG,4.0,2092.32,7907.68,1,1,2083,1.2e-05,0.995457,C,ABC_PARETO,sales_only_v1,draft
DISPOSABLE DIAPER ADULT XL (DR.CARE),11.0,2090.0,1903.0,2,1,2084,1.2e-05,0.995469,C,ABC_PARETO,sales_only_v1,draft
CAPTOBES 25MG,72.0,2088.0,30439.0,7,6,2085,1.2e-05,0.995481,C,ABC_PARETO,sales_only_v1,draft
DOBUBAX 50MG/5ML,10.0,2080.0,3110.0,1,1,2086,1.2e-05,0.995493,C,ABC_PARETO,sales_only_v1,draft
CEFTABAS 1G IV,40.0,2080.0,8880.0,1,1,2087,1.2e-05,0.995505,C,ABC_PARETO,sales_only_v1,draft
APCEE100MG/ML 15ML,172.0,2074.0,5882.0,2,2,2088,1.2e-05,0.995517,C,ABC_PARETO,sales_only_v1,draft
SOLUTION FOR IV INFUSION 5G/ 100ML - 1000ML BOT,48.0,2064.0,1248.0,1,1,2089,1.2e-05,0.995529,C,ABC_PARETO,sales_only_v1,draft
NATRAVOX 642.9MG/5ML,6.0,2058.0,42.0,1,1,2090,1.2e-05,0.995541,C,ABC_PARETO,sales_only_v1,draft
D50 50ML EUROMED,1.67,2050.0,770.0,1,1,2091,1.2e-05,0.995553,C,ABC_PARETO,sales_only_v1,draft
GOXA 500MG IV,10.0,2050.0,13340.0,1,1,2092,1.2e-05,0.995565,C,ABC_PARETO,sales_only_v1,draft
ATORSAPH-20 20MG,21.0,2037.0,7743.0,3,2,2093,1.2e-05,0.995576,C,ABC_PARETO,sales_only_v1,draft
NON STERILE GLOVES SIZE MEDIUM LATEX GREAT GLOVES,10.0,2020.0,4235.0,2,1,2094,1.2e-05,0.995588,C,ABC_PARETO,sales_only_v1,draft
TONGUE DEPRESSOR,14.0,2016.0,1484.0,1,1,2095,1.2e-05,0.9956,C,ABC_PARETO,sales_only_v1,draft
SURGICAL BLADE #20 100'S PARTNERS,6.0,2016.0,3392.0,3,2,2096,1.2e-05,0.995611,C,ABC_PARETO,sales_only_v1,draft
PARACETAMOL MYREX 125MG/5ML,154.0,2002.0,3744.0,2,2,2097,1.2e-05,0.995623,C,ABC_PARETO,sales_only_v1,draft
EVEBEU 500 CAP 100,10.0,2000.0,7000.0,1,1,2098,1.2e-05,0.995634,C,ABC_PARETO,sales_only_v1,draft
DISPOSABLE SYRINGE - 1CC PRIME,8.0,2000.0,2040.0,1,1,2099,1.2e-05,0.995646,C,ABC_PARETO,sales_only_v1,draft
THORACIC CATHETER FR 32 - UNIMEX,5.0,2000.0,2000.0,2,2,2100,1.2e-05,0.995658,C,ABC_PARETO,sales_only_v1,draft
ST A05 5W LED DAYLIGHT,50.0,2000.0,12400.0,1,1,2101,1.2e-05,0.995669,C,ABC_PARETO,sales_only_v1,draft
BP APPARATUS-TOP CARE,4.0,2000.0,6990.0,2,1,2102,1.2e-05,0.995681,C,ABC_PARETO,sales_only_v1,draft
COTTON BALLS- TENDERSOFT 300'S,25.0,2000.0,390.0,3,1,2103,1.2e-05,0.995692,C,ABC_PARETO,sales_only_v1,draft
AMPI-1 1G,10.0,2000.0,10800.0,2,2,2104,1.2e-05,0.995704,C,ABC_PARETO,sales_only_v1,draft
GLOVES MEDIUM LATEX NONSTERILE (PROCARE),10.0,2000.0,470.0,1,1,2105,1.2e-05,0.995715,C,ABC_PARETO,sales_only_v1,draft
GLOVES LARGE LATEX NONSTERILE (DR.CARE),10.0,2000.0,700.0,1,1,2106,1.2e-05,0.995727,C,ABC_PARETO,sales_only_v1,draft
ASMAIR 1MG/50MG/5ML,100.0,2000.0,12031.25,1,1,2107,1.2e-05,0.995738,C,ABC_PARETO,sales_only_v1,draft
FENOGEN 200MG,6.0,1980.0,2890.0,2,2,2108,1.1e-05,0.99575,C,ABC_PARETO,sales_only_v1,draft
DENTAL SHEET 100'S,11.0,1980.0,2740.0,2,2,2109,1.1e-05,0.995761,C,ABC_PARETO,sales_only_v1,draft
AXMEL 250MG/ML SUSP,132.0,1960.2,13549.8,5,4,2110,1.1e-05,0.995773,C,ABC_PARETO,sales_only_v1,draft
DOBUMEAN 12.5MG,10.0,1960.0,4540.0,1,1,2111,1.1e-05,0.995784,C,ABC_PARETO,sales_only_v1,draft
RANZOLE - 20,10.0,1952.0,14343.36,4,4,2112,1.1e-05,0.995795,C,ABC_PARETO,sales_only_v1,draft
SUPRAPHIL 200 200MG,14.34,1951.66,6771.34,4,3,2113,1.1e-05,0.995807,C,ABC_PARETO,sales_only_v1,draft
COTTON SWAB,13.0,1950.0,3458.0,2,2,2114,1.1e-05,0.995818,C,ABC_PARETO,sales_only_v1,draft
CAUTERY PAD (ORMED),5.0,1950.0,800.0,1,1,2115,1.1e-05,0.995829,C,ABC_PARETO,sales_only_v1,draft
FOLEY BALLOON CATHETER FR18,65.0,1950.0,3650.0,2,1,2116,1.1e-05,0.99584,C,ABC_PARETO,sales_only_v1,draft
DISPOSABLE SYRINGE/TUBERCULIN 1CC 25GX5/8 (SUREGUARD),13.0,1950.0,2236.0,1,1,2117,1.1e-05,0.995852,C,ABC_PARETO,sales_only_v1,draft
DISPOSABLE NEEDLE G18 (INDOPLAS),15.0,1950.0,1860.0,3,2,2118,1.1e-05,0.995863,C,ABC_PARETO,sales_only_v1,draft
AUROHEX 4MG,8.0,1946.0,8144.0,3,2,2119,1.1e-05,0.995874,C,ABC_PARETO,sales_only_v1,draft
SODAMPEN 250MG VIAL,16.0,1920.0,5600.0,5,5,2120,1.1e-05,0.995885,C,ABC_PARETO,sales_only_v1,draft
SYRINGE 3ML INDOPLAS,8.0,1920.0,5860.0,3,2,2121,1.1e-05,0.995896,C,ABC_PARETO,sales_only_v1,draft
X-RAY FILM DEVELOPER POWDER,2.0,1920.0,477.6,1,1,2122,1.1e-05,0.995907,C,ABC_PARETO,sales_only_v1,draft
ELASTIC BANDAGE 3X5 (INDOPLAS),80.0,1920.0,584.0,3,3,2123,1.1e-05,0.995919,C,ABC_PARETO,sales_only_v1,draft
PARA250 250MG/5ML,122.0,1918.0,1582.5,5,4,2124,1.1e-05,0.99593,C,ABC_PARETO,sales_only_v1,draft
KIDDIREL 120ML,28.0,1904.0,3064.0,3,3,2125,1.1e-05,0.995941,C,ABC_PARETO,sales_only_v1,draft
SAPHCLAZIDE 80 GLICLAZIDE 80MG TABLET,20.0,1900.0,4900.0,2,2,2126,1.1e-05,0.995952,C,ABC_PARETO,sales_only_v1,draft
PREGNANCY TEST (RIGHTSIGN),120.0,1900.0,2640.0,2,2,2127,1.1e-05,0.995963,C,ABC_PARETO,sales_only_v1,draft
LAXIN 5MG/ML (500MG/100ML),22.0,1900.0,23686.0,2,2,2128,1.1e-05,0.995974,C,ABC_PARETO,sales_only_v1,draft
CASTOR OIL WITH CINNAMON OIL 30ML,50.0,1896.0,2854.0,1,1,2129,1.1e-05,0.995985,C,ABC_PARETO,sales_only_v1,draft
KALIMEX 2MEQ,63.0,1890.0,15468.0,3,3,2130,1.1e-05,0.995996,C,ABC_PARETO,sales_only_v1,draft
SUPRAFIX DS 100MG/5ML SUSPENSION,20.0,1880.0,440.0,1,1,2131,1.1e-05,0.996006,C,ABC_PARETO,sales_only_v1,draft
FENOCARE 200MG CAP,7.2,1877.4,8432.6,4,4,2132,1.1e-05,0.996017,C,ABC_PARETO,sales_only_v1,draft
LAID CANON LONG 85GSM,50.0,1875.0,575.0,2,2,2133,1.1e-05,0.996028,C,ABC_PARETO,sales_only_v1,draft
FELOSTAL-10MG,3.0,1872.0,3108.0,1,1,2134,1.1e-05,0.996039,C,ABC_PARETO,sales_only_v1,draft
SITIFIX 100MG/5ML,24.0,1872.0,595.68,1,1,2135,1.1e-05,0.99605,C,ABC_PARETO,sales_only_v1,draft
GASTROCIN 225MG/200MG/5ML 120ML,45.0,1863.75,645.0,2,2,2136,1.1e-05,0.99606,C,ABC_PARETO,sales_only_v1,draft
LODIPEX - 5MG,49.0,1862.0,38960.0,7,5,2137,1.1e-05,0.996071,C,ABC_PARETO,sales_only_v1,draft
MYCLOSIL 5MG/5ML,130.0,1860.0,2740.0,5,4,2138,1.1e-05,0.996082,C,ABC_PARETO,sales_only_v1,draft
MULTIVITAMINS+MINERAL+IRON CAPSULE (REOROGEN-OB),20.0,1860.0,600.0,1,1,2139,1.1e-05,0.996093,C,ABC_PARETO,sales_only_v1,draft
ATORVASTATIN 40MG TABLET FREDTOR,10.0,1850.0,1850.0,1,1,2140,1.1e-05,0.996103,C,ABC_PARETO,sales_only_v1,draft
OMEBLOC 20MG,21.0,1833.0,18258.0,6,4,2141,1.1e-05,0.996114,C,ABC_PARETO,sales_only_v1,draft
CEEPRAZOL 20MG,3.0,1830.0,2220.0,1,1,2142,1.1e-05,0.996125,C,ABC_PARETO,sales_only_v1,draft
"EURYTHMIC INJ.50MG/3ML,AMP",1.0,1820.0,1759.05,1,1,2143,1.1e-05,0.996135,C,ABC_PARETO,sales_only_v1,draft
FACEMASK BLACK,26.0,1820.0,39780.0,1,1,2144,1.1e-05,0.996146,C,ABC_PARETO,sales_only_v1,draft
ZITHROBBAS 50MG,15.0,1815.0,3810.0,2,1,2145,1e-05,0.996156,C,ABC_PARETO,sales_only_v1,draft
AZITHRIX 500MG,1.0,1814.0,3146.0,1,1,2146,1e-05,0.996167,C,ABC_PARETO,sales_only_v1,draft
CERTIFICATE FRAME A4,11.0,1801.91,68.09,1,1,2147,1e-05,0.996177,C,ABC_PARETO,sales_only_v1,draft
IMMERSION OIL 30CC,1.0,1800.0,865.0,1,1,2148,1e-05,0.996187,C,ABC_PARETO,sales_only_v1,draft
GLOTREX 500MG/5ML,14.4,1800.0,19800.0,1,1,2149,1e-05,0.996198,C,ABC_PARETO,sales_only_v1,draft
KATHREX 800/160MG,15.0,1800.0,9775.0,2,2,2150,1e-05,0.996208,C,ABC_PARETO,sales_only_v1,draft
URINE BAG 2000ML - SURE-GUARD,100.0,1800.0,1800.0,1,1,2151,1e-05,0.996219,C,ABC_PARETO,sales_only_v1,draft
TUDOR- CHROMIC 1/0 ROUND,6.0,1800.0,960.0,1,1,2152,1e-05,0.996229,C,ABC_PARETO,sales_only_v1,draft
4EVER 100MG/ML,144.0,1800.0,4248.0,1,1,2153,1e-05,0.996239,C,ABC_PARETO,sales_only_v1,draft
STERILE GAUZE 8PLY 3X3 24X20 MESH,10.0,1800.0,2000.0,1,1,2154,1e-05,0.99625,C,ABC_PARETO,sales_only_v1,draft
WALIS TINGTING,60.0,1800.0,300.0,2,2,2155,1e-05,0.99626,C,ABC_PARETO,sales_only_v1,draft
FETAL DOPPLER POCKET (SURRLIFE),1.0,1800.0,0.0,1,1,2156,1e-05,0.996271,C,ABC_PARETO,sales_only_v1,draft
DISPOSABLE NEEDLE G.18 100'S-SIMPLEX,10.0,1800.0,1260.0,1,1,2157,1e-05,0.996281,C,ABC_PARETO,sales_only_v1,draft
ELASTIC BANDAGE 2X5 (SURE-GUARD),100.0,1800.0,100.0,1,1,2158,1e-05,0.996291,C,ABC_PARETO,sales_only_v1,draft
MEASURING CUP 210CC,100.0,1800.0,2700.0,1,1,2159,1e-05,0.996302,C,ABC_PARETO,sales_only_v1,draft
PENLIGHT (KINGMED),16.0,1800.0,1550.0,2,2,2160,1e-05,0.996312,C,ABC_PARETO,sales_only_v1,draft
DISPOSABLE NEEDLE G20 (INDOPLAS),12.0,1800.0,732.0,1,1,2161,1e-05,0.996323,C,ABC_PARETO,sales_only_v1,draft
GLOVES MEDIUM NITRILE NONSTERILE (GLOMED),9.0,1800.0,2250.0,3,3,2162,1e-05,0.996333,C,ABC_PARETO,sales_only_v1,draft
CAPILLARY NA-HEPARINIZED MICRO HAEMATOCRIT : RED TIN TUBE (HIRSCHMAN),10.0,1800.0,570.0,1,1,2163,1e-05,0.996343,C,ABC_PARETO,sales_only_v1,draft
LEVIZINE 5MG,10.0,1790.0,1790.0,1,1,2164,1e-05,0.996354,C,ABC_PARETO,sales_only_v1,draft
SAFEGUARD SOAP 60G,100.0,1778.0,1462.0,3,3,2165,1e-05,0.996364,C,ABC_PARETO,sales_only_v1,draft
MULTICAPS,26.0,1777.0,20448.0,7,5,2166,1e-05,0.996374,C,ABC_PARETO,sales_only_v1,draft
KOVENT SF 25MCG,6.0,1774.08,1774.08,1,1,2167,1e-05,0.996385,C,ABC_PARETO,sales_only_v1,draft
SPUTUM CUP,7.0,1750.0,5915.0,1,1,2168,1e-05,0.996395,C,ABC_PARETO,sales_only_v1,draft
GLICAMED,10.0,1750.0,6426.0,1,1,2169,1e-05,0.996405,C,ABC_PARETO,sales_only_v1,draft
METSIL 10MG,50.0,1750.0,9663.0,1,1,2170,1e-05,0.996415,C,ABC_PARETO,sales_only_v1,draft
DISPOSABLE SYRINGE/TUBERCULIN 1CC 26GX1/2 (SITICARE),7.0,1750.0,1058.5,2,2,2171,1e-05,0.996425,C,ABC_PARETO,sales_only_v1,draft
URINALYSIS REAGENT STRIPS 4PARA (INSIGHT),5.0,1750.0,1260.0,1,1,2172,1e-05,0.996435,C,ABC_PARETO,sales_only_v1,draft
CHLORAMPHENICOL 125MG SUSP CHLOROLEM,50.0,1750.0,800.0,1,1,2173,1e-05,0.996445,C,ABC_PARETO,sales_only_v1,draft
LAMPIN FABRIC CLOTH GAUZE SIZE 38X16'',5.0,1750.0,525.0,1,1,2174,1e-05,0.996455,C,ABC_PARETO,sales_only_v1,draft
INSULIN SYRINGE WITH NEEDLE 1CC 29GX5/8 (INDOPLAS),5.0,1750.0,860.0,1,1,2175,1e-05,0.996466,C,ABC_PARETO,sales_only_v1,draft
SUCTION CATHETER - SURGITECH - FR#8,130.0,1740.0,1111.0,2,2,2176,1e-05,0.996476,C,ABC_PARETO,sales_only_v1,draft
ISOPROPYL ALCOHOL TOP BRIGHT,6.0,1740.0,60.0,1,1,2177,1e-05,0.996486,C,ABC_PARETO,sales_only_v1,draft
BLOOD TYPING SERA : ANTI A 1X10ML (EPICLONE),3.0,1740.0,411.0,1,1,2178,1e-05,0.996496,C,ABC_PARETO,sales_only_v1,draft
BLOOD TYPING SERA : ANTI B 1X10ML (EPICLONE),3.0,1740.0,411.0,1,1,2179,1e-05,0.996506,C,ABC_PARETO,sales_only_v1,draft
AZISAPH 500 MG,50.0,1725.0,7387.5,3,2,2180,1e-05,0.996516,C,ABC_PARETO,sales_only_v1,draft
APCEE 500MG,7.0,1715.0,215.0,1,1,2181,1e-05,0.996526,C,ABC_PARETO,sales_only_v1,draft
ALCOHOL - ALCOPLUS ETHYL ALCOHOL,18.0,1710.0,1473.95,5,2,2182,1e-05,0.996536,C,ABC_PARETO,sales_only_v1,draft
METHYLCORT 16MG,2.0,1700.0,9300.0,1,1,2183,1e-05,0.996545,C,ABC_PARETO,sales_only_v1,draft
COTTON ROLL 400G GINGERMED,8.0,1680.0,80.0,1,1,2184,1e-05,0.996555,C,ABC_PARETO,sales_only_v1,draft
SILK CUTTING 2-0 - TUDOR,6.0,1680.0,1080.0,1,1,2185,1e-05,0.996565,C,ABC_PARETO,sales_only_v1,draft
ENDOTRACHEAL TUBE PARTNERS 3.0,28.0,1680.0,1580.0,4,4,2186,1e-05,0.996574,C,ABC_PARETO,sales_only_v1,draft
SODIUM BICARBONATE (SOBINATE) 84MG/ML,12.0,1680.0,1680.0,1,1,2187,1e-05,0.996584,C,ABC_PARETO,sales_only_v1,draft
BABY WIPES,56.0,1680.0,448.0,3,2,2188,1e-05,0.996594,C,ABC_PARETO,sales_only_v1,draft
XAFLOQUIN 500MG,10.0,1680.0,3320.0,1,1,2189,1e-05,0.996604,C,ABC_PARETO,sales_only_v1,draft
METRAM 500MG,20.0,1660.0,840.0,1,1,2190,1e-05,0.996613,C,ABC_PARETO,sales_only_v1,draft
LEUKOREX 10MG,5.0,1650.0,10111.0,3,2,2191,1e-05,0.996623,C,ABC_PARETO,sales_only_v1,draft
MOCAST 10MG,5.0,1650.0,15350.0,1,1,2192,1e-05,0.996632,C,ABC_PARETO,sales_only_v1,draft
HANDSOAP,15.0,1650.0,1650.0,1,1,2193,1e-05,0.996642,C,ABC_PARETO,sales_only_v1,draft
AMBU BAG MANUAL RESUSCITATOR PEDIA-PARTNERS,1.0,1650.0,679.0,1,1,2194,1e-05,0.996651,C,ABC_PARETO,sales_only_v1,draft
NON-REBREATHING MASK PEDIA (ORMED),15.0,1650.0,1200.0,1,1,2195,1e-05,0.996661,C,ABC_PARETO,sales_only_v1,draft
QUINOGEN 500MG,3.0,1650.0,-297.0,2,1,2196,1e-05,0.99667,C,ABC_PARETO,sales_only_v1,draft
MICOR 40MG,6.0,1645.0,2830.7,6,4,2197,1e-05,0.99668,C,ABC_PARETO,sales_only_v1,draft
MIXTER 8'' (OLTEN),3.0,1644.0,1626.0,1,1,2198,1e-05,0.996689,C,ABC_PARETO,sales_only_v1,draft
BIOGIC 125MG / 5ML,131.0,1637.5,689.5,7,5,2199,9e-06,0.996699,C,ABC_PARETO,sales_only_v1,draft
ROSUTIN 10MG,5.0,1635.0,10615.0,1,1,2200,9e-06,0.996708,C,ABC_PARETO,sales_only_v1,draft
NOVACEE 100MG/5ML 15ML,96.0,1632.0,1652.0,3,1,2201,9e-06,0.996718,C,ABC_PARETO,sales_only_v1,draft
BIOGESIC 500MG,440.0,1630.0,1660.0,6,5,2202,9e-06,0.996727,C,ABC_PARETO,sales_only_v1,draft
ROZITAN 200MG/5ML SUS,30.0,1620.0,11190.0,1,1,2203,9e-06,0.996737,C,ABC_PARETO,sales_only_v1,draft
ALCOHOL PADS,20.0,1620.0,1680.0,1,1,2204,9e-06,0.996746,C,ABC_PARETO,sales_only_v1,draft
MANNITOL 500ML (SAHAR),10.0,1620.0,2430.0,1,1,2205,9e-06,0.996755,C,ABC_PARETO,sales_only_v1,draft
SURGICAL BLADES S15 (PARTNERS),6.0,1620.0,744.0,3,2,2206,9e-06,0.996765,C,ABC_PARETO,sales_only_v1,draft
BUTADIL 2MG/5ML,64.0,1608.96,1111.04,3,2,2207,9e-06,0.996774,C,ABC_PARETO,sales_only_v1,draft
CONSAC 5MG/ML,15.0,1605.0,2745.0,2,1,2208,9e-06,0.996783,C,ABC_PARETO,sales_only_v1,draft
TAMSUSAPH-400 400MCG,3.0,1605.0,4809.0,1,1,2209,9e-06,0.996792,C,ABC_PARETO,sales_only_v1,draft
PNSS 500ML,20.0,1600.0,800.0,1,1,2210,9e-06,0.996802,C,ABC_PARETO,sales_only_v1,draft
BLOOD LANCETS - KING MED,10.5,1600.0,4770.0,4,3,2211,9e-06,0.996811,C,ABC_PARETO,sales_only_v1,draft
GLOVES LARGE PRO-CARE,8.0,1600.0,7905.0,2,2,2212,9e-06,0.99682,C,ABC_PARETO,sales_only_v1,draft
SQFEN 200MG/5ML SUSPENSION,50.0,1600.0,2650.0,1,1,2213,9e-06,0.996829,C,ABC_PARETO,sales_only_v1,draft
FUKOLAC 30MG/ML,10.0,1600.0,3800.0,1,1,2214,9e-06,0.996839,C,ABC_PARETO,sales_only_v1,draft
COMXICLA 125MG/37.25MG (156.25MG) 5ML,20.0,1600.0,3600.0,1,1,2215,9e-06,0.996848,C,ABC_PARETO,sales_only_v1,draft
GLOVES S8 LATEX STERILE (GLOMED),2.0,1600.0,456.0,1,1,2216,9e-06,0.996857,C,ABC_PARETO,sales_only_v1,draft
FOLEY BALLOON CATHETER FR.12 2WAY 30ML (KENXIN),50.0,1600.0,1150.0,1,1,2217,9e-06,0.996866,C,ABC_PARETO,sales_only_v1,draft
DE BAKEY FORCEP 8'' (OLTEN),2.0,1598.0,1592.0,1,1,2218,9e-06,0.996876,C,ABC_PARETO,sales_only_v1,draft
VICEPHRIN 250MG/5ML,30.0,1590.9,3579.1,2,2,2219,9e-06,0.996885,C,ABC_PARETO,sales_only_v1,draft
REGIVIT 60ML,100.0,1585.0,7915.0,1,1,2220,9e-06,0.996894,C,ABC_PARETO,sales_only_v1,draft
FUJI XD-25 DEVELOPER,1.0,1580.0,2375.0,1,1,2221,9e-06,0.996903,C,ABC_PARETO,sales_only_v1,draft
URINE BAG 2000ML - ORMED,75.0,1575.0,450.0,1,1,2222,9e-06,0.996912,C,ABC_PARETO,sales_only_v1,draft
EURIVIT 120ML,40.0,1560.0,3529.6,1,1,2223,9e-06,0.996921,C,ABC_PARETO,sales_only_v1,draft
DISPOSABLE FACE MASK KINGMED,24.0,1560.0,2495.0,4,2,2224,9e-06,0.99693,C,ABC_PARETO,sales_only_v1,draft
LUBRICATING JELLY 150G (NOBRAND),12.0,1560.0,84.0,1,1,2225,9e-06,0.996939,C,ABC_PARETO,sales_only_v1,draft
BETZINE 8MG TAB,6.0,1560.0,4680.0,1,1,2226,9e-06,0.996948,C,ABC_PARETO,sales_only_v1,draft
NOVAKAST-10 10MG,8.0,1560.0,1912.0,1,1,2227,9e-06,0.996957,C,ABC_PARETO,sales_only_v1,draft
OPSITE 20X10 (SMITH AND NEPHEW),5.0,1550.0,250.0,1,1,2228,9e-06,0.996966,C,ABC_PARETO,sales_only_v1,draft
EDIXIN 250MG/5ML,50.0,1550.0,850.0,1,1,2229,9e-06,0.996975,C,ABC_PARETO,sales_only_v1,draft
SAPHCLAZIDE-60 60MG,3.0,1545.0,285.0,3,2,2230,9e-06,0.996984,C,ABC_PARETO,sales_only_v1,draft
LUCAZT 10MG TAB,5.0,1540.0,8465.0,1,1,2231,9e-06,0.996993,C,ABC_PARETO,sales_only_v1,draft
ADULT IDENTIFICATION BRACELET TOPCARE,5.0,1530.0,970.0,1,1,2232,9e-06,0.997002,C,ABC_PARETO,sales_only_v1,draft
HISTAKON 8MG,10.0,1530.0,4591.25,2,2,2233,9e-06,0.997011,C,ABC_PARETO,sales_only_v1,draft
ERGOMET 200MCG/ML,7.0,1526.0,692.3,1,1,2234,9e-06,0.99702,C,ABC_PARETO,sales_only_v1,draft
FORAIR 250 25MCG/250MCG,5.0,1525.0,675.0,1,1,2235,9e-06,0.997028,C,ABC_PARETO,sales_only_v1,draft
MEDICHLOR 500MG,5.0,1525.0,4460.0,1,1,2236,9e-06,0.997037,C,ABC_PARETO,sales_only_v1,draft
LOSARTRIXX 50MG,16.0,1520.0,12635.0,4,4,2237,9e-06,0.997046,C,ABC_PARETO,sales_only_v1,draft
SPRAY BOTTLE,100.0,1500.0,3270.74,1,1,2238,9e-06,0.997055,C,ABC_PARETO,sales_only_v1,draft
ONE STEP FECAL OCCULT BLOOD,10.0,1500.0,5340.0,1,1,2239,9e-06,0.997063,C,ABC_PARETO,sales_only_v1,draft
BOUQUET FLOWERS,3.0,1500.0,840.0,1,1,2240,9e-06,0.997072,C,ABC_PARETO,sales_only_v1,draft
SAPHCEEVIT-100,100.0,1500.0,16000.0,1,1,2241,9e-06,0.997081,C,ABC_PARETO,sales_only_v1,draft
STERILE GLOVES 7.5 - GREAT GLOVE,3.0,1500.0,5700.0,1,1,2242,9e-06,0.997089,C,ABC_PARETO,sales_only_v1,draft
MEDICINE CUP 30ML PLASTIC-TOP CARE,300.0,1500.0,525.0,3,3,2243,9e-06,0.997098,C,ABC_PARETO,sales_only_v1,draft
ARM SLING SMALL,25.0,1500.0,455.0,2,2,2244,9e-06,0.997107,C,ABC_PARETO,sales_only_v1,draft
RENALEAF 250MG,10.0,1500.0,5040.0,2,2,2245,9e-06,0.997115,C,ABC_PARETO,sales_only_v1,draft
NITRILE DISPOSABLE GLOVES LARGE PANAMED,6.0,1500.0,498.0,1,1,2246,9e-06,0.997124,C,ABC_PARETO,sales_only_v1,draft
PROTECTIVE SAFETY GOGGLES ACRYLIC (BLACK),30.0,1500.0,6000.0,1,1,2247,9e-06,0.997133,C,ABC_PARETO,sales_only_v1,draft
NON-REBREATHING MASK ADULT (ORMED),15.0,1500.0,825.0,2,2,2248,9e-06,0.997141,C,ABC_PARETO,sales_only_v1,draft
AMBU BAG MANUAL RESUSCITATOR ADULT-PARTNERS,1.0,1500.0,829.0,1,1,2249,9e-06,0.99715,C,ABC_PARETO,sales_only_v1,draft
LUBRICATING JELLY 3G (SURGITECH),2.0,1500.0,800.0,1,1,2250,9e-06,0.997159,C,ABC_PARETO,sales_only_v1,draft
WALIS TINGTING (HARD),50.0,1500.0,100.0,1,1,2251,9e-06,0.997167,C,ABC_PARETO,sales_only_v1,draft
GAUZE BANDAGE 3X6 (PARTNERS),72.0,1500.0,3660.0,1,1,2252,9e-06,0.997176,C,ABC_PARETO,sales_only_v1,draft
POVIDONE IODINE 100MG/ML (10%W/V) SWAB PAD 1G (SURE-GUARD),10.0,1500.0,7080.0,1,1,2253,9e-06,0.997185,C,ABC_PARETO,sales_only_v1,draft
DISPOSABLE SYRINGE WITH NEEDLE 5CC- LUER LOCK TIP (TERUMO),2.0,1500.0,696.0,1,1,2254,9e-06,0.997193,C,ABC_PARETO,sales_only_v1,draft
PIPETTE TIPS:BLUE WITHOUT CROWN 1000UL 500'S,5.0,1500.0,625.0,1,1,2255,9e-06,0.997202,C,ABC_PARETO,sales_only_v1,draft
FEDEMOL 250MG/5ML 60ML SYRUP,100.0,1500.0,1290.0,1,1,2256,9e-06,0.997211,C,ABC_PARETO,sales_only_v1,draft
PORFEVER 150MG/ML,34.0,1496.0,1367.2,3,2,2257,9e-06,0.997219,C,ABC_PARETO,sales_only_v1,draft
WHITE LED 85% ENERGY SAVINGS MERCURY FREE 12 WATTS FIREFLY,10.0,1490.0,650.0,1,1,2258,9e-06,0.997228,C,ABC_PARETO,sales_only_v1,draft
HYPRO 10MG/20ML,8.0,1480.0,1480.0,2,2,2259,9e-06,0.997237,C,ABC_PARETO,sales_only_v1,draft
"BIOPHEN 1,000,000 IU 10ML",10.0,1480.0,4440.0,1,1,2260,9e-06,0.997245,C,ABC_PARETO,sales_only_v1,draft
VACUTAINER RED TOP NO ADDITIVE 3ML 100'S (VACUGEN),3.0,1476.0,90.0,1,1,2261,9e-06,0.997254,C,ABC_PARETO,sales_only_v1,draft
MYMET 500MG TAB,37.0,1470.75,7630.25,4,4,2262,9e-06,0.997262,C,ABC_PARETO,sales_only_v1,draft
CORKBOARD 2X3 WITH FRAME,2.0,1460.0,140.0,1,1,2263,8e-06,0.997271,C,ABC_PARETO,sales_only_v1,draft
ORABAC 200MG/5ML,28.0,1456.0,1365.0,2,1,2264,8e-06,0.997279,C,ABC_PARETO,sales_only_v1,draft
"MYCONIL 100,000 IU/ML",15.0,1455.0,1125.0,3,2,2265,8e-06,0.997287,C,ABC_PARETO,sales_only_v1,draft
ENERKIDS PLUS,51.0,1453.5,1147.5,1,1,2266,8e-06,0.997296,C,ABC_PARETO,sales_only_v1,draft
AGLOTAC 25MG/ML (50MG/2ML),24.0,1440.0,15760.0,4,4,2267,8e-06,0.997304,C,ABC_PARETO,sales_only_v1,draft
ENDOTRACHEAL TUBE PARTNERS 7.0,24.0,1440.0,1316.0,2,2,2268,8e-06,0.997312,C,ABC_PARETO,sales_only_v1,draft
MUPICORE TGP,9.0,1435.5,1435.5,1,1,2269,8e-06,0.997321,C,ABC_PARETO,sales_only_v1,draft
HIVENT EM 1MG/ML 2.5ML,5.0,1435.0,4305.5,1,1,2270,8e-06,0.997329,C,ABC_PARETO,sales_only_v1,draft
ENDOTRACHEAL TUBE UNCUFFED 4.0MM (INDOPLAS),31.0,1426.0,1394.0,2,2,2271,8e-06,0.997337,C,ABC_PARETO,sales_only_v1,draft
AWANAY FORTE 500MG TAB,5.0,1425.0,2315.0,1,1,2272,8e-06,0.997346,C,ABC_PARETO,sales_only_v1,draft
STREPSILS,20.0,1405.0,1405.0,1,1,2273,8e-06,0.997354,C,ABC_PARETO,sales_only_v1,draft
GENERIC FUROSEMIDE 20MG,35.0,1401.0,4246.0,11,7,2274,8e-06,0.997362,C,ABC_PARETO,sales_only_v1,draft
ALLERIGHT 50MG,5.0,1400.0,7300.0,1,1,2275,8e-06,0.99737,C,ABC_PARETO,sales_only_v1,draft
CIPROFED 500MG,10.0,1400.0,14600.0,1,1,2276,8e-06,0.997378,C,ABC_PARETO,sales_only_v1,draft
CHROMIC 4-0 CUTTING,5.0,1400.0,1450.0,1,1,2277,8e-06,0.997386,C,ABC_PARETO,sales_only_v1,draft
TUDOR- CHROMIC 0-0 ROUND,4.0,1400.0,440.0,1,1,2278,8e-06,0.997394,C,ABC_PARETO,sales_only_v1,draft
AMBICAL 500MG,20.0,1400.0,5920.0,2,2,2279,8e-06,0.997402,C,ABC_PARETO,sales_only_v1,draft
METHANOL AR,1.0,1400.0,1400.0,1,1,2280,8e-06,0.99741,C,ABC_PARETO,sales_only_v1,draft
HEMAFER-F 60MG/400MCG CAP,10.0,1400.0,4200.0,1,1,2281,8e-06,0.997418,C,ABC_PARETO,sales_only_v1,draft
DISPOSABLE SYRINGE WITH NEEDLE 3CC- LUER LOCK TIP (TERUMO),2.0,1400.0,596.0,1,1,2282,8e-06,0.997426,C,ABC_PARETO,sales_only_v1,draft
DREXABION OB,9.0,1395.0,1971.0,1,1,2283,8e-06,0.997435,C,ABC_PARETO,sales_only_v1,draft
DOXYPERL 100MG,10.0,1390.0,7600.0,1,1,2284,8e-06,0.997443,C,ABC_PARETO,sales_only_v1,draft
BUDESON 250MCG/ML (500MCG/2ML),2.0,1385.0,6315.0,1,1,2285,8e-06,0.997451,C,ABC_PARETO,sales_only_v1,draft
ELASTIC BANDAGE 3X5 (SURGITECH),46.0,1380.0,324.0,2,1,2286,8e-06,0.997459,C,ABC_PARETO,sales_only_v1,draft
SURGICAL BLADES S12 (PARTNERS),5.0,1380.0,506.0,5,3,2287,8e-06,0.997467,C,ABC_PARETO,sales_only_v1,draft
ENDOTRACHEAL TUBE CUFFED 8.0MM (ORMED),30.0,1380.0,1290.0,1,1,2288,8e-06,0.997475,C,ABC_PARETO,sales_only_v1,draft
ENDOTRACHEAL TUBE UNCUFFED 2.0MM (INDOPLAS),30.0,1380.0,1260.0,1,1,2289,8e-06,0.997482,C,ABC_PARETO,sales_only_v1,draft
ENDOTRACHEAL TUBE UNCUFFED 2.5MM (INDOPLAS),30.0,1380.0,1260.0,1,1,2290,8e-06,0.99749,C,ABC_PARETO,sales_only_v1,draft
DOBUBAX 12.5MG/ML (250MG/20ML) 20ML,10.0,1380.0,1840.0,1,1,2291,8e-06,0.997498,C,ABC_PARETO,sales_only_v1,draft
GASTRODOL-H 10MG,6.0,1380.0,240.0,1,1,2292,8e-06,0.997506,C,ABC_PARETO,sales_only_v1,draft
WOK ASD CHEF CLASSIC 32CM,1.0,1375.8,1375.8,1,1,2293,8e-06,0.997514,C,ABC_PARETO,sales_only_v1,draft
IV ABBOCATH GAUGE 18 CANCARE,55.0,1375.0,4285.0,2,1,2294,8e-06,0.997522,C,ABC_PARETO,sales_only_v1,draft
SAPHLOR-100 100MG,9.0,1368.0,1578.75,4,4,2295,8e-06,0.99753,C,ABC_PARETO,sales_only_v1,draft
LEVONOVA 500MG,11.0,1364.0,3597.0,2,1,2296,8e-06,0.997538,C,ABC_PARETO,sales_only_v1,draft
SANOXIN-1000,10.0,1360.0,1360.0,1,1,2297,8e-06,0.997546,C,ABC_PARETO,sales_only_v1,draft
ATORSAPH-80 80MG,4.0,1360.0,6640.0,1,1,2298,8e-06,0.997554,C,ABC_PARETO,sales_only_v1,draft
SALBUSAPH 1MG/ML,10.0,1350.0,3450.0,1,1,2299,8e-06,0.997562,C,ABC_PARETO,sales_only_v1,draft
DISPOSABLE SYRINGE 1CC - TERUMO,1.5,1350.0,210.0,1,1,2300,8e-06,0.997569,C,ABC_PARETO,sales_only_v1,draft
BOUFFANT CAP S21,9.0,1350.0,650.0,3,2,2301,8e-06,0.997577,C,ABC_PARETO,sales_only_v1,draft
IBUPROFEN 100MG/5ML SUSP (IBUSAPH),50.0,1350.0,3650.0,1,1,2302,8e-06,0.997585,C,ABC_PARETO,sales_only_v1,draft
URISOL 100MG,22.0,1343.0,3877.0,4,2,2303,8e-06,0.997593,C,ABC_PARETO,sales_only_v1,draft
ENDOTRACHEAL TUBE CUFFED 5.0MM (ORMED),29.0,1334.0,1247.0,1,1,2304,8e-06,0.997601,C,ABC_PARETO,sales_only_v1,draft
MOXYLOR 125MG/5ML,95.0,1330.0,10310.0,2,2,2305,8e-06,0.997608,C,ABC_PARETO,sales_only_v1,draft
HEMAGLOB 500MG,10.0,1330.0,5420.0,1,1,2306,8e-06,0.997616,C,ABC_PARETO,sales_only_v1,draft
INOXIN 250MCG TAB,5.0,1325.0,14920.0,1,1,2307,8e-06,0.997624,C,ABC_PARETO,sales_only_v1,draft
MICROSCOT 20MG,15.0,1320.0,2430.0,1,1,2308,8e-06,0.997631,C,ABC_PARETO,sales_only_v1,draft
RANZOLE VIALS,4.0,1320.0,1320.0,1,1,2309,8e-06,0.997639,C,ABC_PARETO,sales_only_v1,draft
HISTAZYN 12.5MG/5ML,110.0,1309.0,1631.0,2,2,2310,8e-06,0.997646,C,ABC_PARETO,sales_only_v1,draft
OXYGEN TANK REGULATOR - YR88,1.0,1300.0,200.0,1,1,2311,8e-06,0.997654,C,ABC_PARETO,sales_only_v1,draft
INSULIN SYRINGE 1ML BD 6MM,1.0,1300.0,650.0,1,1,2312,8e-06,0.997661,C,ABC_PARETO,sales_only_v1,draft
DPMYCIN 125MG/5ML,5.0,1300.0,500.0,1,1,2313,8e-06,0.997669,C,ABC_PARETO,sales_only_v1,draft
INFAMIX 50MG/5ML,100.0,1300.0,1300.0,1,1,2314,8e-06,0.997676,C,ABC_PARETO,sales_only_v1,draft
CEFIXSAPH-100 100MG/5ML,10.0,1300.0,-271.8,1,1,2315,8e-06,0.997684,C,ABC_PARETO,sales_only_v1,draft
DISPOSABLE DIAPER NEWBORN (WATSON),179.0,1297.75,6243.25,4,4,2316,8e-06,0.997691,C,ABC_PARETO,sales_only_v1,draft
ROVASU-20 20MG,4.0,1284.0,1034.4,1,1,2317,7e-06,0.997699,C,ABC_PARETO,sales_only_v1,draft
CARVETOP 25 MG,3.0,1275.0,4125.0,1,1,2318,7e-06,0.997706,C,ABC_PARETO,sales_only_v1,draft
GLOVES (M) - DR. CHOICE,5.0,1275.0,975.0,2,2,2319,7e-06,0.997714,C,ABC_PARETO,sales_only_v1,draft
AGORAM 50MG CAP,10.0,1270.0,922.5,1,1,2320,7e-06,0.997721,C,ABC_PARETO,sales_only_v1,draft
IBUFEN 400MG TAB,21.0,1265.0,12880.2,6,6,2321,7e-06,0.997728,C,ABC_PARETO,sales_only_v1,draft
ENDOTRACHEAL TUBE PARTNERS 4.0,21.0,1260.0,1320.0,2,2,2322,7e-06,0.997736,C,ABC_PARETO,sales_only_v1,draft
PHILPARA 500MG,35.0,1260.0,2790.0,2,1,2323,7e-06,0.997743,C,ABC_PARETO,sales_only_v1,draft
NOVAKAST 5MG,4.0,1252.0,2466.5,2,1,2324,7e-06,0.99775,C,ABC_PARETO,sales_only_v1,draft
SPIRODEN 50MG,2.0,1250.0,900.0,2,2,2325,7e-06,0.997757,C,ABC_PARETO,sales_only_v1,draft
TUDOR 3/0 CHROMIC BROWN DVR-4682 (A-B),5.0,1250.0,2100.0,3,3,2326,7e-06,0.997765,C,ABC_PARETO,sales_only_v1,draft
HYDROGEN PEROXIDE AGUAPER,50.0,1250.0,500.0,1,1,2327,7e-06,0.997772,C,ABC_PARETO,sales_only_v1,draft
DISPOSABLE SYRINGE 50CC 21GX1-1/2 (COSMED),5.0,1250.0,1250.0,1,1,2328,7e-06,0.997779,C,ABC_PARETO,sales_only_v1,draft
MYDOXY 100MG,10.0,1250.0,7750.0,1,1,2329,7e-06,0.997786,C,ABC_PARETO,sales_only_v1,draft
CONDOM CATHETER MEDIUM (ORMED),50.0,1250.0,1875.0,1,1,2330,7e-06,0.997793,C,ABC_PARETO,sales_only_v1,draft
AMLOTHIN 5MG,50.0,1250.0,6280.0,2,1,2331,7e-06,0.997801,C,ABC_PARETO,sales_only_v1,draft
ENDOTRACHEAL TUBE PARTNERS 5.0,26.0,1248.0,1942.0,3,2,2332,7e-06,0.997808,C,ABC_PARETO,sales_only_v1,draft
KARVIDOL 25MG,4.0,1245.0,1905.0,2,2,2333,7e-06,0.997815,C,ABC_PARETO,sales_only_v1,draft
EFFEZIDINE 35MG TAB,17.0,1241.0,3336.25,1,1,2334,7e-06,0.997822,C,ABC_PARETO,sales_only_v1,draft
CLOXACIN 250MG/5ML,40.0,1240.0,281.2,1,1,2335,7e-06,0.997829,C,ABC_PARETO,sales_only_v1,draft
"NYSTRIN 100,000 IU/ML",14.0,1232.0,887.4,2,2,2336,7e-06,0.997836,C,ABC_PARETO,sales_only_v1,draft
GLIMIDE 5MG,53.0,1219.0,10292.0,7,6,2337,7e-06,0.997844,C,ABC_PARETO,sales_only_v1,draft
NICARDIMED 1MG/ML (10MG/ML),2.0,1210.0,1470.0,1,1,2338,7e-06,0.997851,C,ABC_PARETO,sales_only_v1,draft
TELMIBET 80MG,10.0,1210.0,3630.0,1,1,2339,7e-06,0.997858,C,ABC_PARETO,sales_only_v1,draft
DISPOSABLE DIAPER ADULT MEDIUM (HEXACARE),7.0,1204.0,1522.4,3,3,2340,7e-06,0.997864,C,ABC_PARETO,sales_only_v1,draft
LAVANDER TAC 5ML - SUREGUARD,3.0,1200.0,345.0,1,1,2341,7e-06,0.997871,C,ABC_PARETO,sales_only_v1,draft
AIR PURIFIER - KAISA VILLA,1.0,1200.0,1300.0,1,1,2342,7e-06,0.997878,C,ABC_PARETO,sales_only_v1,draft
KINGEVER AA,10.0,1200.0,8350.0,2,2,2343,7e-06,0.997885,C,ABC_PARETO,sales_only_v1,draft
KINGEVER AAA,10.0,1200.0,10750.0,2,2,2344,7e-06,0.997892,C,ABC_PARETO,sales_only_v1,draft
SURGICAL BLADES #10,3.0,1200.0,3528.0,3,3,2345,7e-06,0.997899,C,ABC_PARETO,sales_only_v1,draft
ARM SLING LARGE,25.0,1200.0,755.0,2,2,2346,7e-06,0.997906,C,ABC_PARETO,sales_only_v1,draft
DISPOSABLE SYRINGE 1CC -SURE SHOT,5.0,1200.0,3800.0,1,1,2347,7e-06,0.997913,C,ABC_PARETO,sales_only_v1,draft
DISPOSABLE SYRINGE 3CC G23- SURE SHOT,5.0,1200.0,3800.0,1,1,2348,7e-06,0.99792,C,ABC_PARETO,sales_only_v1,draft
NON STERILE GAUZE 4X4,10.0,1200.0,600.0,1,1,2349,7e-06,0.997927,C,ABC_PARETO,sales_only_v1,draft
1KG GRANULES WHITE CHLORINE,10.0,1200.0,1500.0,1,1,2350,7e-06,0.997934,C,ABC_PARETO,sales_only_v1,draft
ISOPROPYL ALCOHOL 70% NO LABEL,10.0,1200.0,600.0,1,1,2351,7e-06,0.997941,C,ABC_PARETO,sales_only_v1,draft
ENDOTRACHEAL TUBE CUFFED 7.0MM (PARTNERS),20.0,1200.0,580.0,1,1,2352,7e-06,0.997948,C,ABC_PARETO,sales_only_v1,draft
VERTISAPH-16 16MG,5.0,1200.0,3850.0,1,1,2353,7e-06,0.997955,C,ABC_PARETO,sales_only_v1,draft
IV WRIST SPLINT NEONATE,30.0,1200.0,2150.0,2,2,2354,7e-06,0.997962,C,ABC_PARETO,sales_only_v1,draft
GLOVES MEDIUM NITRILE NONSTERILE (DR.GREG),6.0,1200.0,1500.0,2,2,2355,7e-06,0.997969,C,ABC_PARETO,sales_only_v1,draft
FLOURESCENT TUBE LIGHT (DAYLIGHT) 40W WITH STARTER,10.0,1200.0,3300.0,1,1,2356,7e-06,0.997975,C,ABC_PARETO,sales_only_v1,draft
GABASAPH-300MG,8.0,1200.0,4000.0,5,3,2357,7e-06,0.997982,C,ABC_PARETO,sales_only_v1,draft
"SAM SPLINT, SMALL 9 INCHES",8.0,1200.0,2960.0,1,1,2358,7e-06,0.997989,C,ABC_PARETO,sales_only_v1,draft
COVER GLASS CLEAR 22X22MM (CITOTEST),20.0,1200.0,5460.0,1,1,2359,7e-06,0.997996,C,ABC_PARETO,sales_only_v1,draft
LANCET G21,3.0,1200.0,231.0,1,1,2360,7e-06,0.998003,C,ABC_PARETO,sales_only_v1,draft
MALLEABLE RETRACTOR SIZE 12''X2 1/2'',2.0,1200.0,-1200.0,1,1,2361,7e-06,0.99801,C,ABC_PARETO,sales_only_v1,draft
DIGITAL FOREHEAD THERMOMETER INFRARED (DELI),2.0,1198.0,3762.0,1,1,2362,7e-06,0.998017,C,ABC_PARETO,sales_only_v1,draft
DISPOSABLE DIAPER ADULT LARGE (SURE-GUARD),7.0,1190.0,722.4,1,1,2363,7e-06,0.998024,C,ABC_PARETO,sales_only_v1,draft
TOVIT 60ML SYR,66.0,1188.0,2082.0,2,1,2364,7e-06,0.998031,C,ABC_PARETO,sales_only_v1,draft
EUROMED 0.9% SODIUM CHLORIDE 9MG/ML 50ML,30.0,1185.0,1215.0,1,1,2365,7e-06,0.998038,C,ABC_PARETO,sales_only_v1,draft
AMIODAL 50MG/ML (150MG/3ML),1.0,1181.0,194.0,1,1,2366,7e-06,0.998044,C,ABC_PARETO,sales_only_v1,draft
URISAM 500MG,4.0,1180.0,1140.0,2,2,2367,7e-06,0.998051,C,ABC_PARETO,sales_only_v1,draft
KEJIE ID CARD CASE ASSTD T-732H 85X55MM,180.0,1170.0,3330.0,1,1,2368,7e-06,0.998058,C,ABC_PARETO,sales_only_v1,draft
LANCET G23 (SURGITECH),7.0,1170.0,725.0,2,2,2369,7e-06,0.998065,C,ABC_PARETO,sales_only_v1,draft
INK BLACK BTD-60BK (BROTHER),3.0,1170.0,1170.0,1,1,2370,7e-06,0.998072,C,ABC_PARETO,sales_only_v1,draft
RIBER 500MG,13.0,1170.0,3030.0,3,3,2371,7e-06,0.998078,C,ABC_PARETO,sales_only_v1,draft
LABORATORY TIMER (GENERIC),4.0,1160.0,2812.0,1,1,2372,7e-06,0.998085,C,ABC_PARETO,sales_only_v1,draft
ULTRASOUND TRANSMISSION GEL 5 LITERS,2.0,1160.0,1610.0,2,2,2373,7e-06,0.998092,C,ABC_PARETO,sales_only_v1,draft
EUROMET,50.0,1150.0,2000.0,1,1,2374,7e-06,0.998098,C,ABC_PARETO,sales_only_v1,draft
ASMAIR,100.0,1150.0,10850.0,1,1,2375,7e-06,0.998105,C,ABC_PARETO,sales_only_v1,draft
LATEX EXAMINATION GLOVES MEDIUM INDOPLAS,5.0,1150.0,4850.0,1,1,2376,7e-06,0.998112,C,ABC_PARETO,sales_only_v1,draft
RENITE-5 XL 5MG,5.0,1150.0,1150.0,1,1,2377,7e-06,0.998118,C,ABC_PARETO,sales_only_v1,draft
BP INFLATION BAG RUBBER ADULT (DENJECT),10.0,1150.0,220.0,1,1,2378,7e-06,0.998125,C,ABC_PARETO,sales_only_v1,draft
GOPRIME IV,5.0,1150.0,1150.0,1,1,2379,7e-06,0.998132,C,ABC_PARETO,sales_only_v1,draft
DIAHIST 12.5MG/5ML SYR,82.0,1148.0,1722.0,2,2,2380,7e-06,0.998138,C,ABC_PARETO,sales_only_v1,draft
BUSCOPAN 10MG,35.0,1146.25,1146.25,1,1,2381,7e-06,0.998145,C,ABC_PARETO,sales_only_v1,draft
ALLECUR P,72.0,1144.8,10231.2,1,1,2382,7e-06,0.998152,C,ABC_PARETO,sales_only_v1,draft
ENDOTRACHEAL TUBE CUFFED 6.0MM (PARTNERS),19.0,1140.0,551.0,1,1,2383,7e-06,0.998158,C,ABC_PARETO,sales_only_v1,draft
KELCITRA 1080MG,3.0,1140.0,4110.0,1,1,2384,7e-06,0.998165,C,ABC_PARETO,sales_only_v1,draft
VENTOMAX 2MG/5ML 60ML SYRUP,71.0,1136.0,284.0,1,1,2385,7e-06,0.998171,C,ABC_PARETO,sales_only_v1,draft
LIQUID HAND SOAP 750ML (BODY TREATS),10.0,1130.0,1820.0,1,1,2386,7e-06,0.998178,C,ABC_PARETO,sales_only_v1,draft
SAPHLOR PLUS-62.5 50MG/12.5MG,9.0,1125.0,4295.0,3,3,2387,7e-06,0.998184,C,ABC_PARETO,sales_only_v1,draft
ZETIFEN 250MG/5ML SYR,32.0,1123.84,1656.16,2,2,2388,6e-06,0.998191,C,ABC_PARETO,sales_only_v1,draft
FLUIFORT-M 250MG SUS,32.0,1120.0,1800.0,2,2,2389,6e-06,0.998197,C,ABC_PARETO,sales_only_v1,draft
PHILIPPINE FLAG,8.0,1120.0,480.0,2,2,2390,6e-06,0.998204,C,ABC_PARETO,sales_only_v1,draft
FORALIVIT,5.0,1113.75,3341.25,1,1,2391,6e-06,0.99821,C,ABC_PARETO,sales_only_v1,draft
KIDDIREL 15ML,27.0,1107.0,1221.0,3,3,2392,6e-06,0.998217,C,ABC_PARETO,sales_only_v1,draft
SAFEGUARD 90G,30.0,1104.45,395.55,1,1,2393,6e-06,0.998223,C,ABC_PARETO,sales_only_v1,draft
ENDOTRACHEAL TUBE PARTNERS 2.0,24.0,1104.0,1795.0,3,3,2394,6e-06,0.998229,C,ABC_PARETO,sales_only_v1,draft
ELASTIC BANDAGE 2X5 (INDOPLAS),92.0,1104.0,772.0,3,3,2395,6e-06,0.998236,C,ABC_PARETO,sales_only_v1,draft
RAMTREX,11.0,1102.0,1715.5,2,2,2396,6e-06,0.998242,C,ABC_PARETO,sales_only_v1,draft
N/10 HYDROCHLORIC ACID 500ML,5.0,1100.0,2200.0,1,1,2397,6e-06,0.998248,C,ABC_PARETO,sales_only_v1,draft
GAUZE PAD 4X4-SUREGUARD,5.0,1100.0,3890.0,1,1,2398,6e-06,0.998255,C,ABC_PARETO,sales_only_v1,draft
ALCOHOL 3.785 LITERS 70%,5.0,1100.0,2000.0,1,1,2399,6e-06,0.998261,C,ABC_PARETO,sales_only_v1,draft
UMBILICAL CATHETER SIZE#5 (BICAKCILAS),10.0,1100.0,750.0,1,1,2400,6e-06,0.998268,C,ABC_PARETO,sales_only_v1,draft
AEROSOL MASK PEDIA (ORMED),20.0,1100.0,800.0,2,2,2401,6e-06,0.998274,C,ABC_PARETO,sales_only_v1,draft
CERVICAL COLLAR SMALL,2.0,1100.0,670.0,1,1,2402,6e-06,0.99828,C,ABC_PARETO,sales_only_v1,draft
INK #003 CYAN (EPSON),4.0,1100.0,1500.0,1,1,2403,6e-06,0.998287,C,ABC_PARETO,sales_only_v1,draft
INK #003 MAGENTA (EPSON),4.0,1100.0,1500.0,1,1,2404,6e-06,0.998293,C,ABC_PARETO,sales_only_v1,draft
INK #003 YELLOW (EPSON),4.0,1100.0,1500.0,1,1,2405,6e-06,0.998299,C,ABC_PARETO,sales_only_v1,draft
GLOVES LARGE LATEX NONSTERILE (PROCARE),5.0,1100.0,65.0,1,1,2406,6e-06,0.998306,C,ABC_PARETO,sales_only_v1,draft
ANTI HUMAN GLOBULIN (EPICLONE),1.0,1100.0,-120.0,1,1,2407,6e-06,0.998312,C,ABC_PARETO,sales_only_v1,draft
LORASAPH 10MG,9.0,1092.0,15718.0,3,3,2408,6e-06,0.998318,C,ABC_PARETO,sales_only_v1,draft
BERCEF 50MG/ML,26.0,1092.0,2328.5,3,3,2409,6e-06,0.998325,C,ABC_PARETO,sales_only_v1,draft
MICRO CENTRIFUGE TUBE 1.5MLX500'S TRULAB,1.0,1090.0,330.0,1,1,2410,6e-06,0.998331,C,ABC_PARETO,sales_only_v1,draft
HYPERSTOP 25MG,32.0,1088.0,13702.0,5,4,2411,6e-06,0.998337,C,ABC_PARETO,sales_only_v1,draft
FOLISAPH 5MG,10.0,1080.0,1720.0,1,1,2412,6e-06,0.998343,C,ABC_PARETO,sales_only_v1,draft
ENDOTRACHEAL TUBE UNCUFFED 3.0MM (PARTNERS),18.0,1080.0,504.0,1,1,2413,6e-06,0.99835,C,ABC_PARETO,sales_only_v1,draft
LEFESONE 10MG/5ML,20.0,1080.0,1625.0,1,1,2414,6e-06,0.998356,C,ABC_PARETO,sales_only_v1,draft
BRICALIN 500MCG/ML,1.0,1076.0,159.0,1,1,2415,6e-06,0.998362,C,ABC_PARETO,sales_only_v1,draft
WOODEN APPLICATOR STICK : NON STERILE - PARTNERS,5.0,1075.0,96.0,2,2,2416,6e-06,0.998368,C,ABC_PARETO,sales_only_v1,draft
PARACETAMOL MYREX 250MG/5ML,71.0,1065.0,1415.0,3,3,2417,6e-06,0.998375,C,ABC_PARETO,sales_only_v1,draft
HIVENT EM 1MG/ML,4.0,1060.0,522.5,2,2,2418,6e-06,0.998381,C,ABC_PARETO,sales_only_v1,draft
STAMP PAD,22.0,1056.0,132.0,3,2,2419,6e-06,0.998387,C,ABC_PARETO,sales_only_v1,draft
SAPHZINE 10MG,25.0,1050.0,32430.0,3,3,2420,6e-06,0.998393,C,ABC_PARETO,sales_only_v1,draft
TEMPMED 250MG/5ML,75.0,1050.0,7950.0,1,1,2421,6e-06,0.998399,C,ABC_PARETO,sales_only_v1,draft
DENTAL NEEDLE G27 SHORT-DENJECT,3.0,1050.0,141.0,1,1,2422,6e-06,0.998405,C,ABC_PARETO,sales_only_v1,draft
PENLIGHT,5.0,1050.0,400.0,1,1,2423,6e-06,0.998411,C,ABC_PARETO,sales_only_v1,draft
LORASAPH 10MG TAB,10.0,1050.0,1150.0,1,1,2424,6e-06,0.998417,C,ABC_PARETO,sales_only_v1,draft
FOLEY CATHETER 2WAY FR18 30ML (KENXIN),30.0,1050.0,690.0,1,1,2425,6e-06,0.998423,C,ABC_PARETO,sales_only_v1,draft
POVIDONE IODINE 7.5% 1G (JCHIEME),1.0,1050.0,700.0,1,1,2426,6e-06,0.998429,C,ABC_PARETO,sales_only_v1,draft
ROSUVIN 20MG,5.0,1050.0,3946.25,1,1,2427,6e-06,0.998435,C,ABC_PARETO,sales_only_v1,draft
CALCULATOR MX120B (CASIO),2.0,1040.0,100.0,1,1,2428,6e-06,0.998441,C,ABC_PARETO,sales_only_v1,draft
INK #003 BLACK (EPSON),4.0,1040.0,1560.0,1,1,2429,6e-06,0.998447,C,ABC_PARETO,sales_only_v1,draft
"BLADE HOLDER SIZE #4, 5 1/4",8.0,1040.0,1040.0,1,1,2430,6e-06,0.998453,C,ABC_PARETO,sales_only_v1,draft
MILGESIC FORTE 500MG TAB,22.0,1034.0,1376.0,4,4,2431,6e-06,0.998459,C,ABC_PARETO,sales_only_v1,draft
DARYL 125MG/5ML,57.0,1026.0,912.0,4,4,2432,6e-06,0.998465,C,ABC_PARETO,sales_only_v1,draft
T.TUBE FR.18,5.0,1025.0,975.0,1,1,2433,6e-06,0.998471,C,ABC_PARETO,sales_only_v1,draft
DISPOSABLE DIAPER ADULT LARGE (EVERWELL),6.0,1020.0,1378.2,2,2,2434,6e-06,0.998477,C,ABC_PARETO,sales_only_v1,draft
NOVAKAST 4MG,5.0,1020.0,3477.75,2,1,2435,6e-06,0.998483,C,ABC_PARETO,sales_only_v1,draft
B-LACT 3.35G/5ML 120ML SYRUP,10.0,1020.0,732.5,1,1,2436,6e-06,0.998489,C,ABC_PARETO,sales_only_v1,draft
COLGATE REGULAR 24G,40.0,1012.27,9787.73,1,1,2437,6e-06,0.998495,C,ABC_PARETO,sales_only_v1,draft
ANSELL EXCEL,10.0,1010.0,955.0,2,2,2438,6e-06,0.998501,C,ABC_PARETO,sales_only_v1,draft
LACTUSAPH 3.35G/5ML,10.0,1010.0,1077.5,2,2,2439,6e-06,0.998506,C,ABC_PARETO,sales_only_v1,draft
GAUZE BANDAGE 2X10 YARDS,10.0,1010.0,880.0,1,1,2440,6e-06,0.998512,C,ABC_PARETO,sales_only_v1,draft
CEPRIME 20MG/ML,10.0,1010.0,490.0,1,1,2441,6e-06,0.998518,C,ABC_PARETO,sales_only_v1,draft
CHROMIC 4/0 ROUND BODIED BROWN (TUDOR),3.0,1008.0,492.0,1,1,2442,6e-06,0.998524,C,ABC_PARETO,sales_only_v1,draft
ELASTIC BANDAGE 4X5Y - SURGITECH,42.0,1008.0,1568.0,3,2,2443,6e-06,0.99853,C,ABC_PARETO,sales_only_v1,draft
SUCTION CATHETER FR16 (KENXIN),126.0,1008.0,6767.0,3,3,2444,6e-06,0.998536,C,ABC_PARETO,sales_only_v1,draft
BICARGEN 650MG TAB,16.67,1005.0,1100.0,3,3,2445,6e-06,0.998541,C,ABC_PARETO,sales_only_v1,draft
PREGNANCY SKIRT,5.0,1000.0,500.0,1,1,2446,6e-06,0.998547,C,ABC_PARETO,sales_only_v1,draft
ZINC VITA DROPS,50.0,1000.0,3281.5,1,1,2447,6e-06,0.998553,C,ABC_PARETO,sales_only_v1,draft
CORSAGE,10.0,1000.0,500.0,1,1,2448,6e-06,0.998559,C,ABC_PARETO,sales_only_v1,draft
ICE BAG REINFORED SIZE 6 (ADVAN),10.0,1000.0,700.0,2,2,2449,6e-06,0.998564,C,ABC_PARETO,sales_only_v1,draft
FOLEY CATHETER 2WAY FR20 (UROSENZ),20.0,1000.0,700.0,1,1,2450,6e-06,0.99857,C,ABC_PARETO,sales_only_v1,draft
FOLEY CATHETER 2WAY FR22 (UROSENZ),20.0,1000.0,700.0,1,1,2451,6e-06,0.998576,C,ABC_PARETO,sales_only_v1,draft
DISPOSABLE BABY DIAPER SMALL NON WOVEN (HEXACARE),5.0,1000.0,1500.0,1,1,2452,6e-06,0.998582,C,ABC_PARETO,sales_only_v1,draft
CRUTCHES PAIR,2.0,1000.0,736.0,1,1,2453,6e-06,0.998588,C,ABC_PARETO,sales_only_v1,draft
VOVENIL 25MG/ML 3ML,20.0,1000.0,2700.0,1,1,2454,6e-06,0.998593,C,ABC_PARETO,sales_only_v1,draft
IRBEXCEL 150MG,10.71,996.43,548.57,1,1,2455,6e-06,0.998599,C,ABC_PARETO,sales_only_v1,draft
TEMPAID 100MG,84.0,987.0,1733.0,3,3,2456,6e-06,0.998605,C,ABC_PARETO,sales_only_v1,draft
VASOTRATE-60 OD,2.4,984.0,2316.0,2,1,2457,6e-06,0.998611,C,ABC_PARETO,sales_only_v1,draft
SKANT 250MG TAB,3.0,984.0,1413.75,1,1,2458,6e-06,0.998616,C,ABC_PARETO,sales_only_v1,draft
TRIANGULAR BANDAGE 68IN,20.0,980.0,2020.0,1,1,2459,6e-06,0.998622,C,ABC_PARETO,sales_only_v1,draft
AEROSOL MASK ADULT (ORMED),20.0,980.0,720.0,2,2,2460,6e-06,0.998628,C,ABC_PARETO,sales_only_v1,draft
DOLSAPH 325MG/37.5MG,7.0,980.0,8920.03,1,1,2461,6e-06,0.998633,C,ABC_PARETO,sales_only_v1,draft
REAX 5MG SYRUP,36.0,972.0,3222.0,2,2,2462,6e-06,0.998639,C,ABC_PARETO,sales_only_v1,draft
ENDOTRACHEAL TUBE PARTNERS 6.0,21.0,966.0,1624.0,2,2,2463,6e-06,0.998644,C,ABC_PARETO,sales_only_v1,draft
ENDOTRACHEAL TUBE UNCUFFED 3.5MM (INDOPLAS),21.0,966.0,882.0,1,1,2464,6e-06,0.99865,C,ABC_PARETO,sales_only_v1,draft
ELIT VELLUM BOARD LONG WHITE 220GSM,30.0,960.0,390.0,1,1,2465,6e-06,0.998656,C,ABC_PARETO,sales_only_v1,draft
BENZYLPENICILLIN,1.2,960.0,570.0,2,2,2466,6e-06,0.998661,C,ABC_PARETO,sales_only_v1,draft
DIAHIST 12.5MG/5ML,60.0,960.0,600.0,2,2,2467,6e-06,0.998667,C,ABC_PARETO,sales_only_v1,draft
KETOPANE 30MG/ML,4.0,960.0,72.0,1,1,2468,6e-06,0.998672,C,ABC_PARETO,sales_only_v1,draft
BATUTA,12.0,960.0,1320.0,1,1,2469,6e-06,0.998678,C,ABC_PARETO,sales_only_v1,draft
SUCTION CATHETER FR8 (KENXIN),120.0,960.0,3090.0,3,3,2470,6e-06,0.998683,C,ABC_PARETO,sales_only_v1,draft
TRAUMA SHEAR,8.0,960.0,11400.0,1,1,2471,6e-06,0.998689,C,ABC_PARETO,sales_only_v1,draft
DATA FILE BOX,5.0,950.0,25.0,1,1,2472,5e-06,0.998694,C,ABC_PARETO,sales_only_v1,draft
SILICONE NASOGASTRIC TUBE FR.18 (PARTNERS),5.0,950.0,490.0,1,1,2473,5e-06,0.9987,C,ABC_PARETO,sales_only_v1,draft
ADHESIVE BANDAGE WOUND DRESSING PARATULLE 10CM X 10M X 1'S,25.0,950.0,175.0,1,1,2474,5e-06,0.998705,C,ABC_PARETO,sales_only_v1,draft
SOCORRO 5MG,3.0,942.48,1964.52,2,2,2475,5e-06,0.998711,C,ABC_PARETO,sales_only_v1,draft
PARACETAMOL MYREX 100MG/ML,72.0,936.0,874.0,3,2,2476,5e-06,0.998716,C,ABC_PARETO,sales_only_v1,draft
SALBUMIN 100MCG,10.0,930.0,2100.0,1,1,2477,5e-06,0.998722,C,ABC_PARETO,sales_only_v1,draft
BIOMEF 500MG,10.0,920.0,610.0,1,1,2478,5e-06,0.998727,C,ABC_PARETO,sales_only_v1,draft
SURGICAL BLADES #20,3.0,918.0,2232.0,1,1,2479,5e-06,0.998732,C,ABC_PARETO,sales_only_v1,draft
PARA 250MG,72.0,918.0,1098.0,1,1,2480,5e-06,0.998737,C,ABC_PARETO,sales_only_v1,draft
IDENTIFICATION BRACELET CHILD PARTNERS,3.0,918.0,582.0,1,1,2481,5e-06,0.998743,C,ABC_PARETO,sales_only_v1,draft
PHENEREX,6.0,900.0,2250.0,2,2,2482,5e-06,0.998748,C,ABC_PARETO,sales_only_v1,draft
URINE COLLECTOR WITH COMFORT FOAM PADDING PEDIA,3.0,900.0,900.0,1,1,2483,5e-06,0.998753,C,ABC_PARETO,sales_only_v1,draft
CHROMIC 2/0 ROUND CURVED CUTTING BROWN (TUDOR),3.0,900.0,600.0,1,1,2484,5e-06,0.998758,C,ABC_PARETO,sales_only_v1,draft
CHROMIC 4/0 CURVED CUTTING BROWN (TUDOR),3.0,900.0,600.0,1,1,2485,5e-06,0.998764,C,ABC_PARETO,sales_only_v1,draft
CHROMIC 2/0 ROUND BODIED BROWN (TUDOR),3.0,900.0,489.0,1,1,2486,5e-06,0.998769,C,ABC_PARETO,sales_only_v1,draft
ENDOTRACHEAL TUBE CUFFED 6.5MM (TOPCARE),15.0,900.0,435.0,1,1,2487,5e-06,0.998774,C,ABC_PARETO,sales_only_v1,draft
DISPOSABLE DIAPER ADULT LARGE (DR.CARE),5.0,900.0,665.0,1,1,2488,5e-06,0.998779,C,ABC_PARETO,sales_only_v1,draft
DISPOSABLE NEEDLE AGANI G25 X5/8 (TERUMO),3.0,900.0,600.0,1,1,2489,5e-06,0.998784,C,ABC_PARETO,sales_only_v1,draft
EXTENSION TUBE 100CM (ORMED),30.0,900.0,600.0,1,1,2490,5e-06,0.99879,C,ABC_PARETO,sales_only_v1,draft
SILICONE NASOGASTRIC TUBE FR.12 (SURGITECH),5.0,900.0,600.0,1,1,2491,5e-06,0.998795,C,ABC_PARETO,sales_only_v1,draft
PORTABLE BUTANE STOVE 101 GEM,1.0,894.0,507.98,1,1,2492,5e-06,0.9988,C,ABC_PARETO,sales_only_v1,draft
AMIODEX 50MG/ML (150MG/3ML),0.5,882.5,1288.75,1,1,2493,5e-06,0.998805,C,ABC_PARETO,sales_only_v1,draft
LIDOPHIL 20MG/ML (2% W/V),20.0,880.0,1400.0,1,1,2494,5e-06,0.99881,C,ABC_PARETO,sales_only_v1,draft
ADIAC 500MG,20.0,878.0,5922.0,1,1,2495,5e-06,0.998815,C,ABC_PARETO,sales_only_v1,draft
DUAVENT,20.0,875.6,875.6,1,1,2496,5e-06,0.99882,C,ABC_PARETO,sales_only_v1,draft
IV ABBOCATH GAUGE 20 BIOFLON,35.0,875.0,2785.0,2,1,2497,5e-06,0.998825,C,ABC_PARETO,sales_only_v1,draft
NOVAFENAC 25MG/ML 3ML,15.0,875.0,1915.5,2,2,2498,5e-06,0.99883,C,ABC_PARETO,sales_only_v1,draft
PHILPRIN 80MG,17.0,874.0,656.0,3,3,2499,5e-06,0.998835,C,ABC_PARETO,sales_only_v1,draft
ROSEMIDE 10MG/ML (20MG/2ML),15.0,870.0,8230.0,2,2,2500,5e-06,0.99884,C,ABC_PARETO,sales_only_v1,draft
ARMSLING LARGE,18.0,864.0,1296.0,2,1,2501,5e-06,0.998845,C,ABC_PARETO,sales_only_v1,draft
DIALIX 2.5MG/ML,41.0,861.0,594.5,2,1,2502,5e-06,0.99885,C,ABC_PARETO,sales_only_v1,draft
CLODIN 150MG TAB,2.0,860.0,1530.0,2,2,2503,5e-06,0.998855,C,ABC_PARETO,sales_only_v1,draft
DOMEX - 1LITER,5.0,857.5,1362.5,1,1,2504,5e-06,0.99886,C,ABC_PARETO,sales_only_v1,draft
POVIDONE IODINE 10% 1G (BETASOL),1.0,850.0,900.0,1,1,2505,5e-06,0.998865,C,ABC_PARETO,sales_only_v1,draft
CARVESAPH 12.50MG,10.0,850.0,2550.0,1,1,2506,5e-06,0.99887,C,ABC_PARETO,sales_only_v1,draft
OREX LUBRICATING JELLY,1.3,845.0,845.0,1,1,2507,5e-06,0.998875,C,ABC_PARETO,sales_only_v1,draft
VENTOLIN NEBULES,20.0,843.0,843.0,1,1,2508,5e-06,0.99888,C,ABC_PARETO,sales_only_v1,draft
SURGICAL BLADE #12 SURGITECH,3.0,840.0,840.0,1,1,2509,5e-06,0.998885,C,ABC_PARETO,sales_only_v1,draft
DISPOSABLE SYRINGE 20CC 23GX1 (SURESHOT),2.0,840.0,714.0,1,1,2510,5e-06,0.99889,C,ABC_PARETO,sales_only_v1,draft
METSOBET 1G,30.0,840.0,1260.0,1,1,2511,5e-06,0.998894,C,ABC_PARETO,sales_only_v1,draft
RETAPROBAN 20MG/G (2% W/W) 5G,20.0,840.0,616.0,2,2,2512,5e-06,0.998899,C,ABC_PARETO,sales_only_v1,draft
GASAIDE 10MG,54.88,839.68,23346.32,4,4,2513,5e-06,0.998904,C,ABC_PARETO,sales_only_v1,draft
DERMAID HAND SANITIZER,8.0,828.0,28.0,1,1,2514,5e-06,0.998909,C,ABC_PARETO,sales_only_v1,draft
CLODIN 150MCG,2.0,826.0,1974.0,1,1,2515,5e-06,0.998914,C,ABC_PARETO,sales_only_v1,draft
STERILE LUBRICATING JELLY,1.0,825.0,875.0,1,1,2516,5e-06,0.998919,C,ABC_PARETO,sales_only_v1,draft
DISPOSABLE NEEDLE G18 (ORMED),5.5,825.0,572.0,2,1,2517,5e-06,0.998923,C,ABC_PARETO,sales_only_v1,draft
GABASAPH 300MG,7.0,823.2,8426.8,3,3,2518,5e-06,0.998928,C,ABC_PARETO,sales_only_v1,draft
ROZATIN-20 20MG,3.0,819.0,21531.0,1,1,2519,5e-06,0.998933,C,ABC_PARETO,sales_only_v1,draft
IMODIUM 2MG,50.0,812.5,812.5,1,1,2520,5e-06,0.998937,C,ABC_PARETO,sales_only_v1,draft
ACETIC ACID 5%,3.0,812.25,1293.75,1,1,2521,5e-06,0.998942,C,ABC_PARETO,sales_only_v1,draft
OVUM FORCEPS STAINLESS STEEL 6.5'' OLTEN,3.0,810.0,690.0,1,1,2522,5e-06,0.998947,C,ABC_PARETO,sales_only_v1,draft
SISTER NET NIGHT,30.0,802.5,547.5,1,1,2523,5e-06,0.998952,C,ABC_PARETO,sales_only_v1,draft
K-ZOL,23.0,802.0,1569.0,2,2,2524,5e-06,0.998956,C,ABC_PARETO,sales_only_v1,draft
URISOL 100MG TAB,13.0,802.0,1688.0,4,4,2525,5e-06,0.998961,C,ABC_PARETO,sales_only_v1,draft
CETRINOVA 10MG,20.0,800.0,34517.0,6,4,2526,5e-06,0.998965,C,ABC_PARETO,sales_only_v1,draft
GLASS SLIDE MICROSCOPE (SAILBRAND),10.0,800.0,150.0,1,1,2527,5e-06,0.99897,C,ABC_PARETO,sales_only_v1,draft
SIGN HERE FLAG STICKY NOTES 1X1,20.0,800.0,760.0,1,1,2528,5e-06,0.998975,C,ABC_PARETO,sales_only_v1,draft
JOHNVASC 5MG,21.0,798.0,15908.8,6,5,2529,5e-06,0.998979,C,ABC_PARETO,sales_only_v1,draft
COCINE 125MG/ML (250MG/2ML),2.0,794.0,2216.0,1,1,2530,5e-06,0.998984,C,ABC_PARETO,sales_only_v1,draft
LONG THUMB SIZE 10'',2.0,794.0,-794.0,1,1,2531,5e-06,0.998988,C,ABC_PARETO,sales_only_v1,draft
DULCOLAX 5MG,10.0,792.0,568.0,1,1,2532,5e-06,0.998993,C,ABC_PARETO,sales_only_v1,draft
ROSEANNE 1000MG/992MG,7.0,784.0,6216.0,1,1,2533,5e-06,0.998998,C,ABC_PARETO,sales_only_v1,draft
INK CYAN BT-5000 (BROTHER),2.0,780.0,780.0,1,1,2534,5e-06,0.999002,C,ABC_PARETO,sales_only_v1,draft
INK MAGENTA BT-5000 (BROTHER),2.0,780.0,780.0,1,1,2535,5e-06,0.999007,C,ABC_PARETO,sales_only_v1,draft
INK YELLOW BT-5000 (BROTHER),2.0,780.0,780.0,1,1,2536,5e-06,0.999011,C,ABC_PARETO,sales_only_v1,draft
NASAL OXYGEN CANNULA ADULT (SURGITECH),39.0,780.0,390.0,1,1,2537,5e-06,0.999016,C,ABC_PARETO,sales_only_v1,draft
PREGNANCY TEST (PARTNERS),100.0,768.0,507.0,1,1,2538,4e-06,0.99902,C,ABC_PARETO,sales_only_v1,draft
HISTAMOX 50MG,13.0,767.0,3148.0,2,1,2539,4e-06,0.999024,C,ABC_PARETO,sales_only_v1,draft
TRIODONE 200MG TAB,1.0,760.5,409.5,1,1,2540,4e-06,0.999029,C,ABC_PARETO,sales_only_v1,draft
CENTRAMED IRBESARTAN 150MG,2.0,760.0,4370.0,1,1,2541,4e-06,0.999033,C,ABC_PARETO,sales_only_v1,draft
NYLON #300,2.0,760.0,836.0,1,1,2542,4e-06,0.999038,C,ABC_PARETO,sales_only_v1,draft
STAMPAD INK,40.0,760.0,750.0,2,2,2543,4e-06,0.999042,C,ABC_PARETO,sales_only_v1,draft
ENDOTRACHEAL TUBE UNCUFFED 3.0MM (SEDASENZ),10.0,760.0,540.0,1,1,2544,4e-06,0.999046,C,ABC_PARETO,sales_only_v1,draft
NASAL OXYGEN CANNULA PEDIA (SURGITECH),38.0,760.0,570.0,1,1,2545,4e-06,0.999051,C,ABC_PARETO,sales_only_v1,draft
IRBEQ 300MG,1.0,755.0,1745.0,1,1,2546,4e-06,0.999055,C,ABC_PARETO,sales_only_v1,draft
COCINE 50MG/ML (100MG/2ML),2.0,754.0,1914.0,1,1,2547,4e-06,0.99906,C,ABC_PARETO,sales_only_v1,draft
BANTAM PLASTIC STRIPS,15.0,750.0,375.0,1,1,2548,4e-06,0.999064,C,ABC_PARETO,sales_only_v1,draft
BEDDINGS,5.0,750.0,750.0,1,1,2549,4e-06,0.999068,C,ABC_PARETO,sales_only_v1,draft
"NEEDLE HOLDER - 5""",5.0,750.0,7480.0,2,2,2550,4e-06,0.999073,C,ABC_PARETO,sales_only_v1,draft
GLOVES XLARGE SYNTHETIC NONSTERILE (NOBRAND),3.0,750.0,3630.0,1,1,2551,4e-06,0.999077,C,ABC_PARETO,sales_only_v1,draft
DENTAL SHEET 100/PACK,5.0,750.0,1200.0,1,1,2552,4e-06,0.999081,C,ABC_PARETO,sales_only_v1,draft
TUDOR - SILK BLACK BRAIDED NON ABSORBABLE SUTURE 2-0 CURVED CUTTING - 75CM,3.0,750.0,1500.0,1,1,2553,4e-06,0.999086,C,ABC_PARETO,sales_only_v1,draft
DISPOSABLE ANIMAL RECTAL THERMOMETER DIGITAL FEXIBLE TIP,5.0,750.0,250.0,1,1,2554,4e-06,0.99909,C,ABC_PARETO,sales_only_v1,draft
TELMISAPH-40MG,10.0,750.0,6450.0,1,1,2555,4e-06,0.999094,C,ABC_PARETO,sales_only_v1,draft
PLASTIC MOLDING 3/4,10.0,750.0,250.0,1,1,2556,4e-06,0.999099,C,ABC_PARETO,sales_only_v1,draft
TRASH BIN,6.0,750.0,750.0,1,1,2557,4e-06,0.999103,C,ABC_PARETO,sales_only_v1,draft
MEDIPLAST ASSORTED,14.0,724.5,1525.5,1,1,2558,4e-06,0.999107,C,ABC_PARETO,sales_only_v1,draft
PARAGESIC 250MG,2.0,722.0,778.0,1,1,2559,4e-06,0.999111,C,ABC_PARETO,sales_only_v1,draft
MEFECOD 50MG,1.0,720.0,1128.6,1,1,2560,4e-06,0.999115,C,ABC_PARETO,sales_only_v1,draft
DOSIFIX SOLUSET (BBRAUN),2.0,720.0,260.0,1,1,2561,4e-06,0.99912,C,ABC_PARETO,sales_only_v1,draft
ELASTIC BANDAGE 6X5-SURGITECH,12.0,720.0,168.0,1,1,2562,4e-06,0.999124,C,ABC_PARETO,sales_only_v1,draft
PROLOL 50MG TAB,12.0,720.0,1075.0,3,3,2563,4e-06,0.999128,C,ABC_PARETO,sales_only_v1,draft
BLOOD LANCETS 100'S,4.0,720.0,60.0,1,1,2564,4e-06,0.999132,C,ABC_PARETO,sales_only_v1,draft
IRRIGATION SOLUTION 1L (EUROMED),8.0,720.0,-40.0,1,1,2565,4e-06,0.999136,C,ABC_PARETO,sales_only_v1,draft
DIGITAL FOREHEAD THERMOMETER INFRARED (HI8US),3.0,720.0,3171.0,1,1,2566,4e-06,0.99914,C,ABC_PARETO,sales_only_v1,draft
EMETIL-10MG,10.0,710.0,190.0,1,1,2567,4e-06,0.999144,C,ABC_PARETO,sales_only_v1,draft
GLOVES (SML) HCD,2.0,700.0,300.0,1,1,2568,4e-06,0.999149,C,ABC_PARETO,sales_only_v1,draft
CARTOLINA BLUE,100.0,700.0,200.0,2,2,2569,4e-06,0.999153,C,ABC_PARETO,sales_only_v1,draft
CARTOLINA GREEN,100.0,700.0,200.0,2,2,2570,4e-06,0.999157,C,ABC_PARETO,sales_only_v1,draft
CARTOLINA ORANGE,100.0,700.0,200.0,2,2,2571,4e-06,0.999161,C,ABC_PARETO,sales_only_v1,draft
CARTOLINA PINK,100.0,700.0,200.0,2,2,2572,4e-06,0.999165,C,ABC_PARETO,sales_only_v1,draft
CARTOLINA RED,100.0,700.0,200.0,2,2,2573,4e-06,0.999169,C,ABC_PARETO,sales_only_v1,draft
CARTOLINA WHITE,100.0,700.0,200.0,2,2,2574,4e-06,0.999173,C,ABC_PARETO,sales_only_v1,draft
CARTOLINA YELLOW,100.0,700.0,200.0,2,2,2575,4e-06,0.999177,C,ABC_PARETO,sales_only_v1,draft
OMEPHIL-20 20MG,10.0,700.0,3705.0,2,2,2576,4e-06,0.999181,C,ABC_PARETO,sales_only_v1,draft
NELATON CATHETER FR.8 (ORMED),50.0,700.0,1870.0,3,2,2577,4e-06,0.999185,C,ABC_PARETO,sales_only_v1,draft
KATHREX 480MG/5ML,20.0,700.0,0.0,1,1,2578,4e-06,0.999189,C,ABC_PARETO,sales_only_v1,draft
CALCIGARD 10MG,3.0,695.0,640.0,2,2,2579,4e-06,0.999193,C,ABC_PARETO,sales_only_v1,draft
SULTAM 400 MCG,1.0,695.0,3154.0,1,1,2580,4e-06,0.999197,C,ABC_PARETO,sales_only_v1,draft
SONAP 500MG,2.0,692.0,388.0,1,1,2581,4e-06,0.999201,C,ABC_PARETO,sales_only_v1,draft
ZINC VITA,50.0,687.5,3594.0,1,1,2582,4e-06,0.999205,C,ABC_PARETO,sales_only_v1,draft
MOXYLOR 100MG/ML 10ML,39.0,687.0,300.0,3,3,2583,4e-06,0.999209,C,ABC_PARETO,sales_only_v1,draft
PREVAHIST 10MG,5.0,685.0,10085.0,2,1,2584,4e-06,0.999213,C,ABC_PARETO,sales_only_v1,draft
INSULIN SYRINGE 1CC-SUREGUARD,4.0,680.0,3400.0,2,2,2585,4e-06,0.999217,C,ABC_PARETO,sales_only_v1,draft
AMBU BAG PEDIATRIC PROHEALTH CARE,1.0,680.0,2320.0,1,1,2586,4e-06,0.999221,C,ABC_PARETO,sales_only_v1,draft
COM-FEMIC 500MG,4.0,680.0,680.0,2,2,2587,4e-06,0.999225,C,ABC_PARETO,sales_only_v1,draft
COTTON BALLS -300'S - UNIMEX,10.0,675.0,105.0,2,2,2588,4e-06,0.999229,C,ABC_PARETO,sales_only_v1,draft
TEMPAID 125MG/5ML,60.0,675.0,525.0,1,1,2589,4e-06,0.999232,C,ABC_PARETO,sales_only_v1,draft
FEVRAL 200MG,7.0,672.0,2207.0,4,3,2590,4e-06,0.999236,C,ABC_PARETO,sales_only_v1,draft
DIACIEL 10MG/5ML,56.0,672.0,754.0,2,2,2591,4e-06,0.99924,C,ABC_PARETO,sales_only_v1,draft
IBUFEN 400MG,10.0,670.0,775.0,1,1,2592,4e-06,0.999244,C,ABC_PARETO,sales_only_v1,draft
ARTERY FORCEP 8 1/2 OLTEN,1.0,668.0,2032.0,1,1,2593,4e-06,0.999248,C,ABC_PARETO,sales_only_v1,draft
SALMOGEN 500MG,2.0,660.0,340.0,1,1,2594,4e-06,0.999252,C,ABC_PARETO,sales_only_v1,draft
WADDING SHEET 6X5,11.0,660.0,151.0,2,2,2595,4e-06,0.999256,C,ABC_PARETO,sales_only_v1,draft
PROPOFOL 10MG/ML (20MG/20ML),6.0,660.0,1560.0,1,1,2596,4e-06,0.999259,C,ABC_PARETO,sales_only_v1,draft
RAPH C 100MG/5ML 60ML,36.0,657.0,1683.0,1,1,2597,4e-06,0.999263,C,ABC_PARETO,sales_only_v1,draft
MUCOMED 25MG TAB,10.0,650.0,550.0,1,1,2598,4e-06,0.999267,C,ABC_PARETO,sales_only_v1,draft
TRANSPORE 0.5X10 1.25CMX9.1M (3M),1.0,650.0,450.0,1,1,2599,4e-06,0.999271,C,ABC_PARETO,sales_only_v1,draft
SPHYGMOMANOMETER PEDIA TOPCARE,1.0,650.0,1447.0,1,1,2600,4e-06,0.999275,C,ABC_PARETO,sales_only_v1,draft
KETORIGHT 30MG/ML,5.0,650.0,700.0,1,1,2601,4e-06,0.999278,C,ABC_PARETO,sales_only_v1,draft
HYPERSTOP,17.0,649.4,4965.6,3,3,2602,4e-06,0.999282,C,ABC_PARETO,sales_only_v1,draft
ELASTIC BANDAGE 2X5 (PARTNERS),36.0,648.0,72.0,2,2,2603,4e-06,0.999286,C,ABC_PARETO,sales_only_v1,draft
HYPERSTOP 25MG TAB,17.0,646.0,2516.5,4,3,2604,4e-06,0.99929,C,ABC_PARETO,sales_only_v1,draft
MOSQUITO FORECEP 5 1/2,5.0,643.0,9087.0,2,2,2605,4e-06,0.999293,C,ABC_PARETO,sales_only_v1,draft
REGIVASC 10MG TAB,20.0,640.0,3585.0,2,2,2606,4e-06,0.999297,C,ABC_PARETO,sales_only_v1,draft
CETIRIGEN 2.5MG/ML,30.0,630.0,435.0,1,1,2607,4e-06,0.999301,C,ABC_PARETO,sales_only_v1,draft
HYPOSOL,8.0,624.0,2736.0,1,1,2608,4e-06,0.999304,C,ABC_PARETO,sales_only_v1,draft
CONTRACID 150MG,6.0,621.0,3338.0,2,2,2609,4e-06,0.999308,C,ABC_PARETO,sales_only_v1,draft
WARDING BOX MEDIUM BEIGE,1.0,620.5,1469.5,1,1,2610,4e-06,0.999311,C,ABC_PARETO,sales_only_v1,draft
WARDING BOX MEDIUM WHITE,1.0,620.5,1469.5,1,1,2611,4e-06,0.999315,C,ABC_PARETO,sales_only_v1,draft
CALMOSEPTINE,1.0,620.0,520.0,1,1,2612,4e-06,0.999319,C,ABC_PARETO,sales_only_v1,draft
NEURO HAMMER (REFLEX),2.0,620.0,70.0,1,1,2613,4e-06,0.999322,C,ABC_PARETO,sales_only_v1,draft
FLOXA 200MG,3.0,612.0,5603.63,2,2,2614,4e-06,0.999326,C,ABC_PARETO,sales_only_v1,draft
CHOLOROLEM 500MG,2.0,612.0,588.0,1,1,2615,4e-06,0.999329,C,ABC_PARETO,sales_only_v1,draft
LUGOLS IODINE 500ML - MEDIC,1.0,605.0,187.0,1,1,2616,3e-06,0.999333,C,ABC_PARETO,sales_only_v1,draft
PARATULLE,2.0,600.0,610.0,1,1,2617,3e-06,0.999336,C,ABC_PARETO,sales_only_v1,draft
METO 10MG,7.5,600.0,5295.0,3,3,2618,3e-06,0.99934,C,ABC_PARETO,sales_only_v1,draft
VITCEE ASCORBIC ACID 100MG DROPS,40.0,600.0,1870.0,2,2,2619,3e-06,0.999343,C,ABC_PARETO,sales_only_v1,draft
GLASS SLIDE FROSTED-GROUND,10.0,600.0,1875.0,2,1,2620,3e-06,0.999347,C,ABC_PARETO,sales_only_v1,draft
TONGUE DEPRESSOR - STERILE,4.0,600.0,340.0,1,1,2621,3e-06,0.99935,C,ABC_PARETO,sales_only_v1,draft
NYLON 2/0 CURVED CUTTING BLUE (TUDOR),2.0,600.0,400.0,1,1,2622,3e-06,0.999353,C,ABC_PARETO,sales_only_v1,draft
NYLON 3/0 CURVED CUTTING BLUE (TUDOR),2.0,600.0,400.0,1,1,2623,3e-06,0.999357,C,ABC_PARETO,sales_only_v1,draft
NYLON 4/0 CURVED CUTTING BLUE (TUDOR),2.0,600.0,400.0,1,1,2624,3e-06,0.99936,C,ABC_PARETO,sales_only_v1,draft
SURGICAL SCISSOR (STRAIGHT MAYO) STAINLESS STEEL OLTEN,6.0,600.0,1950.0,2,2,2625,3e-06,0.999364,C,ABC_PARETO,sales_only_v1,draft
NGT SILICONE NASOGASTRIC TUBE FR.12 - SURGITECH,3.0,600.0,150.6,1,1,2626,3e-06,0.999367,C,ABC_PARETO,sales_only_v1,draft
NGT SILICONE NASOGASTRIC TUBE FR.16 - SURGITECH,3.0,600.0,150.6,1,1,2627,3e-06,0.999371,C,ABC_PARETO,sales_only_v1,draft
DISPOSABLE ABSORBENT PGA CUTTING SIZE 1 & 3,2.0,600.0,1400.0,1,1,2628,3e-06,0.999374,C,ABC_PARETO,sales_only_v1,draft
DISPOSABLE SYRINGE 10CC G21X1-SITICARE,2.0,600.0,400.0,1,1,2629,3e-06,0.999378,C,ABC_PARETO,sales_only_v1,draft
MEDICINE CUP 30ML PLASTIC,300.0,600.0,530.0,4,3,2630,3e-06,0.999381,C,ABC_PARETO,sales_only_v1,draft
PARA125 125MG/5ML,50.0,600.0,500.0,1,1,2631,3e-06,0.999385,C,ABC_PARETO,sales_only_v1,draft
RANITEIN 150MG TAB,6.0,600.0,893.75,2,2,2632,3e-06,0.999388,C,ABC_PARETO,sales_only_v1,draft
WHISTLE,12.0,600.0,588.0,1,1,2633,3e-06,0.999392,C,ABC_PARETO,sales_only_v1,draft
GLOVES SMALL LATEX NONSTERILE (FITONE),3.0,600.0,750.0,1,1,2634,3e-06,0.999395,C,ABC_PARETO,sales_only_v1,draft
DM MEBENDAZOLE 100MG/5ML,25.0,600.0,292.8,3,3,2635,3e-06,0.999399,C,ABC_PARETO,sales_only_v1,draft
PLASTER OF PARIS BANDAGE 6X5,8.0,600.0,920.0,1,1,2636,3e-06,0.999402,C,ABC_PARETO,sales_only_v1,draft
PIPETTE TIPS:YELLOW WITHOUT CROWN 2000UL 500'S,2.0,600.0,250.0,1,1,2637,3e-06,0.999405,C,ABC_PARETO,sales_only_v1,draft
ACETIC ACID 10% 500ML (MEDIC),2.0,600.0,79.0,2,1,2638,3e-06,0.999409,C,ABC_PARETO,sales_only_v1,draft
LEMZINC 10MG/ML,30.0,600.0,900.0,1,1,2639,3e-06,0.999412,C,ABC_PARETO,sales_only_v1,draft
MONILIASOL 125MG/5ML,16.32,599.92,5981.34,7,6,2640,3e-06,0.999416,C,ABC_PARETO,sales_only_v1,draft
SAPHIXIME 400 MG,5.0,590.0,2360.0,1,1,2641,3e-06,0.999419,C,ABC_PARETO,sales_only_v1,draft
CONTRACTION GLOVES RUBBER PALM COATED HEAVY DUTY,10.0,590.0,1760.0,1,1,2642,3e-06,0.999423,C,ABC_PARETO,sales_only_v1,draft
BUDEXA 250MCG/ML (500MCG/2ML),1.0,585.0,585.0,1,1,2643,3e-06,0.999426,C,ABC_PARETO,sales_only_v1,draft
SPUTUM CUP WITH SPOON,117.0,585.0,877.5,1,1,2644,3e-06,0.999429,C,ABC_PARETO,sales_only_v1,draft
ROSUBOLIC 10MG TAB,3.0,582.0,1515.75,1,1,2645,3e-06,0.999433,C,ABC_PARETO,sales_only_v1,draft
SAPHRIDONE 10MG,10.0,580.0,670.0,2,1,2646,3e-06,0.999436,C,ABC_PARETO,sales_only_v1,draft
DEXAT 500MCG,10.0,580.0,720.0,1,1,2647,3e-06,0.99944,C,ABC_PARETO,sales_only_v1,draft
C-ZETT 600MG,4.0,576.0,576.0,1,1,2648,3e-06,0.999443,C,ABC_PARETO,sales_only_v1,draft
C-ZETT 600MG 6G,4.0,576.0,384.0,1,1,2649,3e-06,0.999446,C,ABC_PARETO,sales_only_v1,draft
SIMVASYN 40MG,3.0,576.0,2502.0,1,1,2650,3e-06,0.99945,C,ABC_PARETO,sales_only_v1,draft
RENALEAF 500MG,2.0,575.0,1125.0,2,2,2651,3e-06,0.999453,C,ABC_PARETO,sales_only_v1,draft
SULTAM 200 MCG,1.0,575.0,3264.0,1,1,2652,3e-06,0.999456,C,ABC_PARETO,sales_only_v1,draft
DATA & STAMPING MACHINE,1.0,575.0,175.0,1,1,2653,3e-06,0.999459,C,ABC_PARETO,sales_only_v1,draft
INFACARE 5MG CAP,5.0,575.0,175.0,1,1,2654,3e-06,0.999463,C,ABC_PARETO,sales_only_v1,draft
MAGAZINE FILE,6.0,570.0,528.0,1,1,2655,3e-06,0.999466,C,ABC_PARETO,sales_only_v1,draft
ADALAT GTS 30- 30MG,0.33,568.1,111.22,1,1,2656,3e-06,0.999469,C,ABC_PARETO,sales_only_v1,draft
APLIN-ORS LYCHEE 4.1G,8.33,566.67,875.83,1,1,2657,3e-06,0.999473,C,ABC_PARETO,sales_only_v1,draft
SURGICAL SCISSOR - STRAIGHT,7.0,565.0,7015.0,3,3,2658,3e-06,0.999476,C,ABC_PARETO,sales_only_v1,draft
DIAMIR 30MG TAB,10.0,565.0,925.0,1,1,2659,3e-06,0.999479,C,ABC_PARETO,sales_only_v1,draft
OVUM FORCEP 9 1/2'' (OLTEN),1.0,562.0,558.0,1,1,2660,3e-06,0.999482,C,ABC_PARETO,sales_only_v1,draft
SURGICAL BLADE #11,2.0,560.0,115.0,2,2,2661,3e-06,0.999486,C,ABC_PARETO,sales_only_v1,draft
SURGICAL BLADES SURGITECH #20,2.0,560.0,2138.0,2,2,2662,3e-06,0.999489,C,ABC_PARETO,sales_only_v1,draft
IDENTIFICATION BRACELET WRITEON WHITE ADULT (KENXIN),2.0,560.0,340.0,2,1,2663,3e-06,0.999492,C,ABC_PARETO,sales_only_v1,draft
SIGNPEN G-TECH 1.0 V10 BLACK (PILOT),10.0,554.17,245.83,1,1,2664,3e-06,0.999495,C,ABC_PARETO,sales_only_v1,draft
CUREL 500MCG TAB,5.0,550.0,446.25,1,1,2665,3e-06,0.999499,C,ABC_PARETO,sales_only_v1,draft
XYCLOVIRAX 800MG TAB,2.0,550.0,568.5,1,1,2666,3e-06,0.999502,C,ABC_PARETO,sales_only_v1,draft
LAXFREE 120ML,5.0,548.75,601.25,1,1,2667,3e-06,0.999505,C,ABC_PARETO,sales_only_v1,draft
GLUCOMETER BLOOD LANCETS - SURGITECH,3.0,540.0,630.0,1,1,2668,3e-06,0.999508,C,ABC_PARETO,sales_only_v1,draft
ENDOTRACHEAL TUBE CUFFED 6.5MM (ORMED),9.0,540.0,261.0,1,1,2669,3e-06,0.999511,C,ABC_PARETO,sales_only_v1,draft
CAPILLARY SEALER FOR MICROHEMATOCRIT TUBE,3.0,540.0,312.0,1,1,2670,3e-06,0.999514,C,ABC_PARETO,sales_only_v1,draft
EFFICASCENT OIL,20.0,538.0,538.0,1,1,2671,3e-06,0.999517,C,ABC_PARETO,sales_only_v1,draft
TAMSUSAPH 400MCG,1.0,535.0,1595.0,1,1,2672,3e-06,0.99952,C,ABC_PARETO,sales_only_v1,draft
FLORVAST 80 - 80MG,1.0,535.0,1586.0,1,1,2673,3e-06,0.999524,C,ABC_PARETO,sales_only_v1,draft
ANESTIN 20MG/ML (2% W/V),10.0,530.0,530.0,1,1,2674,3e-06,0.999527,C,ABC_PARETO,sales_only_v1,draft
SHARPENER METAL HEAVY DUTY,2.0,530.0,470.0,1,1,2675,3e-06,0.99953,C,ABC_PARETO,sales_only_v1,draft
ALLUJEN 100MG TAB,7.0,525.0,5768.0,1,1,2676,3e-06,0.999533,C,ABC_PARETO,sales_only_v1,draft
FEONA FZ 48MG/22.5MG/500MCG,3.0,525.0,1481.55,1,1,2677,3e-06,0.999536,C,ABC_PARETO,sales_only_v1,draft
FEBUXOSAPH-40,2.0,520.0,680.0,1,1,2678,3e-06,0.999539,C,ABC_PARETO,sales_only_v1,draft
PREDNIVEX 16 16MG,1.0,520.0,260.0,1,1,2679,3e-06,0.999542,C,ABC_PARETO,sales_only_v1,draft
TOBRADEPORS 5ML,10.0,520.0,2372.5,1,1,2680,3e-06,0.999545,C,ABC_PARETO,sales_only_v1,draft
FEROLEM 150MG/5ML (30MG/5ML),27.0,513.0,1539.0,1,1,2681,3e-06,0.999548,C,ABC_PARETO,sales_only_v1,draft
FBRT 300SHTS125,5.0,508.75,508.75,1,1,2682,3e-06,0.999551,C,ABC_PARETO,sales_only_v1,draft
ENDOTRACHEAL TUBE CUFFED 6.0MM (INDOPLAS),11.0,506.0,473.0,1,1,2683,3e-06,0.999554,C,ABC_PARETO,sales_only_v1,draft
NOTEPAD STICK ON 3X4 100'S PAD (HBW),12.0,504.0,468.0,1,1,2684,3e-06,0.999557,C,ABC_PARETO,sales_only_v1,draft
LABORATORY ALARM CLOCK,2.0,501.0,699.0,1,1,2685,3e-06,0.999559,C,ABC_PARETO,sales_only_v1,draft
APPESAPH NELPA,2.0,500.0,500.0,1,1,2686,3e-06,0.999562,C,ABC_PARETO,sales_only_v1,draft
FORMALIN,1.0,495.0,1705.0,1,1,2687,3e-06,0.999565,C,ABC_PARETO,sales_only_v1,draft
CONSILOSE 3.35G/5ML,5.0,495.0,423.75,1,1,2688,3e-06,0.999568,C,ABC_PARETO,sales_only_v1,draft
ISOPTIN 2.5MG,2.0,494.66,815.34,1,1,2689,3e-06,0.999571,C,ABC_PARETO,sales_only_v1,draft
COPHILAX 5MG,10.0,490.0,1470.0,1,1,2690,3e-06,0.999574,C,ABC_PARETO,sales_only_v1,draft
OMEPZOL 20MG,5.0,480.0,15480.0,1,1,2691,3e-06,0.999576,C,ABC_PARETO,sales_only_v1,draft
DISPOSABLE SYRINGE 10CC (TERUMO),40.0,480.0,80.0,1,1,2692,3e-06,0.999579,C,ABC_PARETO,sales_only_v1,draft
HISTAMOX 12.5MG 60ML SYRUP,30.0,480.0,870.0,1,1,2693,3e-06,0.999582,C,ABC_PARETO,sales_only_v1,draft
DISPOSABLE DIAPER ADULT LARGE (PRIME CARE),2.0,477.8,68.84,1,1,2694,3e-06,0.999585,C,ABC_PARETO,sales_only_v1,draft
DIGITAL EAR THERMOMETER,2.0,476.0,514.0,1,1,2695,3e-06,0.999588,C,ABC_PARETO,sales_only_v1,draft
GENERIC CETIRIZINE 2.5MG/ML,24.0,475.2,3316.8,1,1,2696,3e-06,0.99959,C,ABC_PARETO,sales_only_v1,draft
HEMOVIT 325MG,5.0,475.0,2025.0,1,1,2697,3e-06,0.999593,C,ABC_PARETO,sales_only_v1,draft
FREDTOR 10MG,5.0,475.0,2775.0,1,1,2698,3e-06,0.999596,C,ABC_PARETO,sales_only_v1,draft
DISPOSABLE DIAPER ADULT LARGE (TOPCARE),2.0,470.0,156.0,1,1,2699,3e-06,0.999598,C,ABC_PARETO,sales_only_v1,draft
MUZZAPEN-300MG,1.5,469.5,776.75,1,1,2700,3e-06,0.999601,C,ABC_PARETO,sales_only_v1,draft
WADDING SHEET 4X5,11.0,462.0,177.0,2,2,2701,3e-06,0.999604,C,ABC_PARETO,sales_only_v1,draft
NON TOOTHED FORCEP 5 1/2'' THUMB (OLTEN),2.0,462.0,458.0,1,1,2702,3e-06,0.999607,C,ABC_PARETO,sales_only_v1,draft
TOOTHELESS FORCEF SIZE 5 1/2'',2.0,462.0,-462.0,1,1,2703,3e-06,0.999609,C,ABC_PARETO,sales_only_v1,draft
RUBBER BOND SMALL,20.0,460.0,380.0,2,2,2704,3e-06,0.999612,C,ABC_PARETO,sales_only_v1,draft
UMBILICAL CORD CLAMP STERILE DISPOSABLE PARTNERS,150.0,457.5,14542.5,1,1,2705,3e-06,0.999615,C,ABC_PARETO,sales_only_v1,draft
HYDROGEN SOLUTION - 1LITER,5.0,450.0,425.0,1,1,2706,3e-06,0.999617,C,ABC_PARETO,sales_only_v1,draft
STOMACH TUBE - PARTNERS NGT FR16,30.0,450.0,300.0,1,1,2707,3e-06,0.99962,C,ABC_PARETO,sales_only_v1,draft
GLOVES MEDIUM - PRO CARE,3.0,450.0,3930.0,1,1,2708,3e-06,0.999622,C,ABC_PARETO,sales_only_v1,draft
UMBILICAL CORD CLAMP (TOPCARE),1.5,450.0,150.0,1,1,2709,3e-06,0.999625,C,ABC_PARETO,sales_only_v1,draft
CURVE FORCEPS STAINLESS STEEL 6.5'' OLTEN,3.0,450.0,1050.0,1,1,2710,3e-06,0.999628,C,ABC_PARETO,sales_only_v1,draft
MOSQUITO FORCEPS STAINLESS STEEL 6.5'' OLTEN,3.0,450.0,1050.0,1,1,2711,3e-06,0.99963,C,ABC_PARETO,sales_only_v1,draft
STRAIGHT KELLY FORCEPS STAINLESS STEEL 6.5'' OLTEN,3.0,450.0,1050.0,1,1,2712,3e-06,0.999633,C,ABC_PARETO,sales_only_v1,draft
FACEMASK WHITE,10.0,450.0,1000.0,1,1,2713,3e-06,0.999635,C,ABC_PARETO,sales_only_v1,draft
BLACK SCREW,1.0,450.0,200.0,1,1,2714,3e-06,0.999638,C,ABC_PARETO,sales_only_v1,draft
DUODENAL TUBE STOMACH TUBE FR 16 125CM (SIMPLEX),30.0,450.0,210.0,1,1,2715,3e-06,0.999641,C,ABC_PARETO,sales_only_v1,draft
WADDING SHEET - 6X5,8.0,448.0,152.0,1,1,2716,3e-06,0.999643,C,ABC_PARETO,sales_only_v1,draft
RESPINAL 125MG/5ML,11.0,442.86,877.14,2,2,2717,3e-06,0.999646,C,ABC_PARETO,sales_only_v1,draft
ZINLUM 55MG/ML 60ML,20.0,440.0,1240.0,1,1,2718,3e-06,0.999648,C,ABC_PARETO,sales_only_v1,draft
WOOD THERMOMETER,2.0,440.0,1064.0,1,1,2719,3e-06,0.999651,C,ABC_PARETO,sales_only_v1,draft
AXMEL 500MG CAP,3.0,438.0,312.0,1,1,2720,3e-06,0.999653,C,ABC_PARETO,sales_only_v1,draft
SIGNPEN 0.4 (MYGEL),15.0,435.0,15.0,1,1,2721,3e-06,0.999656,C,ABC_PARETO,sales_only_v1,draft
GLIFRED MR30-30MG,8.0,432.0,2992.0,1,1,2722,2e-06,0.999658,C,ABC_PARETO,sales_only_v1,draft
FUNGINIL 20MG,10.0,430.0,580.0,1,1,2723,2e-06,0.999661,C,ABC_PARETO,sales_only_v1,draft
GARDEN HOSE SET 20METERS,1.0,423.5,326.5,1,1,2724,2e-06,0.999663,C,ABC_PARETO,sales_only_v1,draft
AURORA 10MG,1.0,422.0,2363.0,1,1,2725,2e-06,0.999666,C,ABC_PARETO,sales_only_v1,draft
TOILET BRUSH,12.0,420.0,1116.0,1,1,2726,2e-06,0.999668,C,ABC_PARETO,sales_only_v1,draft
SAPHCLAZIDE-80,4.0,420.0,2048.0,1,1,2727,2e-06,0.999671,C,ABC_PARETO,sales_only_v1,draft
COMPACT FLOURECENT LAMP 18WATTS,2.0,420.0,10.0,1,1,2728,2e-06,0.999673,C,ABC_PARETO,sales_only_v1,draft
WBC DILLUTING FLUID : 500ML (MEDIC),2.0,420.0,153.0,2,1,2729,2e-06,0.999675,C,ABC_PARETO,sales_only_v1,draft
ENDOTRACHEAL TUBE UNCUFFED 3.0MM (INDOPLAS),9.0,414.0,378.0,1,1,2730,2e-06,0.999678,C,ABC_PARETO,sales_only_v1,draft
MOTILIA 10MG,5.0,412.5,162.5,1,1,2731,2e-06,0.99968,C,ABC_PARETO,sales_only_v1,draft
SIMVAS,1.0,410.0,410.0,1,1,2732,2e-06,0.999683,C,ABC_PARETO,sales_only_v1,draft
FEDVITS CAP,6.0,408.0,198.0,2,2,2733,2e-06,0.999685,C,ABC_PARETO,sales_only_v1,draft
MYGEL BLUE,18.0,406.5,1381.5,3,3,2734,2e-06,0.999687,C,ABC_PARETO,sales_only_v1,draft
SPASMOSON 20MG/ML 1ML,2.0,404.0,586.0,1,1,2735,2e-06,0.99969,C,ABC_PARETO,sales_only_v1,draft
ECO BAG (M),100.0,400.0,296.0,1,1,2736,2e-06,0.999692,C,ABC_PARETO,sales_only_v1,draft
CLAY SEALER VITREX,2.0,400.0,800.0,1,1,2737,2e-06,0.999694,C,ABC_PARETO,sales_only_v1,draft
GENERIC FUROSEMIDE 40MG,10.0,400.0,1000.0,1,1,2738,2e-06,0.999697,C,ABC_PARETO,sales_only_v1,draft
SUCTION CATHETER FR14 (SURGITECH),50.0,400.0,480.0,1,1,2739,2e-06,0.999699,C,ABC_PARETO,sales_only_v1,draft
CURTAIN PLAIN FABRIC WITH RING SIZE 215X140CM (BLUE),2.0,400.0,1000.0,1,1,2740,2e-06,0.999701,C,ABC_PARETO,sales_only_v1,draft
CURTAIN PLAIN FABRIC WITH RING SIZE 215X140CM (CREAM),2.0,400.0,1000.0,1,1,2741,2e-06,0.999703,C,ABC_PARETO,sales_only_v1,draft
GLOVES SMALL LATEX NONSTERILE (FUSION),2.0,400.0,600.0,1,1,2742,2e-06,0.999706,C,ABC_PARETO,sales_only_v1,draft
DIGITAL THERMOMETER (BUZZLE),5.0,400.0,495.0,1,1,2743,2e-06,0.999708,C,ABC_PARETO,sales_only_v1,draft
DIAPER NEWBORN PREMIUM,2.0,400.0,360.0,1,1,2744,2e-06,0.99971,C,ABC_PARETO,sales_only_v1,draft
DUBAMOL 10MG TAB,5.0,395.0,1101.25,1,1,2745,2e-06,0.999713,C,ABC_PARETO,sales_only_v1,draft
TOURNIQUET,32.0,392.0,663.0,3,3,2746,2e-06,0.999715,C,ABC_PARETO,sales_only_v1,draft
AMBICAL 500MG TAB,7.0,387.0,583.0,3,3,2747,2e-06,0.999717,C,ABC_PARETO,sales_only_v1,draft
GUEDEL AIRWAY 80MM SIZE #2 GREEN (ORMED),10.0,380.0,270.0,1,1,2748,2e-06,0.999719,C,ABC_PARETO,sales_only_v1,draft
GUEDEL AIRWAY 90MM SIZE #3 YELLOW (ORMED),10.0,380.0,270.0,1,1,2749,2e-06,0.999722,C,ABC_PARETO,sales_only_v1,draft
GUEDEL AIRWAY 60MM SIZE #0 BLACK (ORMED),10.0,380.0,470.0,1,1,2750,2e-06,0.999724,C,ABC_PARETO,sales_only_v1,draft
JAGAPLEX 120ML,7.0,376.95,376.95,1,1,2751,2e-06,0.999726,C,ABC_PARETO,sales_only_v1,draft
COMBIZOLE 800/160MG,3.0,375.0,1950.0,1,1,2752,2e-06,0.999728,C,ABC_PARETO,sales_only_v1,draft
AMLODIPINE BESILATE,15.0,375.0,3550.0,2,2,2753,2e-06,0.99973,C,ABC_PARETO,sales_only_v1,draft
MYREX 250MG/5ML,25.0,375.0,2320.0,2,2,2754,2e-06,0.999732,C,ABC_PARETO,sales_only_v1,draft
VONWELT PREDNISONE 10MG TAB,5.0,375.0,475.0,1,1,2755,2e-06,0.999735,C,ABC_PARETO,sales_only_v1,draft
AMLOTHIX 10MG TAB,11.0,372.0,4598.0,2,2,2756,2e-06,0.999737,C,ABC_PARETO,sales_only_v1,draft
ZYFEROL-D,1.0,371.0,185.5,1,1,2757,2e-06,0.999739,C,ABC_PARETO,sales_only_v1,draft
NOVACEE 100MG DROPS,20.0,370.0,590.0,1,1,2758,2e-06,0.999741,C,ABC_PARETO,sales_only_v1,draft
URINE COLLECTOR PEDIA 100ML (PARTNERS),1.0,370.0,555.0,1,1,2759,2e-06,0.999743,C,ABC_PARETO,sales_only_v1,draft
APFOLIC 5MG,5.0,364.0,761.0,1,1,2760,2e-06,0.999745,C,ABC_PARETO,sales_only_v1,draft
SITIBAS-80 80MG,2.0,364.0,546.0,1,1,2761,2e-06,0.999747,C,ABC_PARETO,sales_only_v1,draft
ACCETHROM 125MG,3.0,363.0,327.0,1,1,2762,2e-06,0.999749,C,ABC_PARETO,sales_only_v1,draft
METSOBET 5G,10.0,360.0,1440.0,1,1,2763,2e-06,0.999752,C,ABC_PARETO,sales_only_v1,draft
COTTON ROLL 400G - ADAMSON DAISY,2.0,360.0,40.0,1,1,2764,2e-06,0.999754,C,ABC_PARETO,sales_only_v1,draft
ENDOTRACHEAL TUBE PARTNERS 3.5,6.0,360.0,420.0,2,2,2765,2e-06,0.999756,C,ABC_PARETO,sales_only_v1,draft
SAFETY PINS SMALL,60.0,360.0,60.0,1,1,2766,2e-06,0.999758,C,ABC_PARETO,sales_only_v1,draft
MEDIVAZT-20 20MG,3.0,360.0,240.0,1,1,2767,2e-06,0.99976,C,ABC_PARETO,sales_only_v1,draft
5% ACETIC ACID 500ML - MEDIC,1.0,352.0,273.0,1,1,2768,2e-06,0.999762,C,ABC_PARETO,sales_only_v1,draft
SPECIMEN CUP WITH CALIBRATION,50.0,350.0,1850.0,1,1,2769,2e-06,0.999764,C,ABC_PARETO,sales_only_v1,draft
FOLEY CATHETER FR. 10 PARTNERS,1.0,350.0,430.0,1,1,2770,2e-06,0.999766,C,ABC_PARETO,sales_only_v1,draft
FOLEY CATHETER FR. 8 PARTNERS,1.0,350.0,440.0,1,1,2771,2e-06,0.999768,C,ABC_PARETO,sales_only_v1,draft
ICE BAG INMED,5.0,350.0,350.0,1,1,2772,2e-06,0.99977,C,ABC_PARETO,sales_only_v1,draft
TEMPRA TABLET,100.0,350.0,350.0,1,1,2773,2e-06,0.999772,C,ABC_PARETO,sales_only_v1,draft
NELATON CATHETER FR.12 (KENXIN),10.0,350.0,230.0,1,1,2774,2e-06,0.999774,C,ABC_PARETO,sales_only_v1,draft
MICROPIPETTE TIPS DESIGN W/ PLASTIC TUBES TAPPED TO A NARROW POINTS COLOR YELLOW,1.0,350.0,648.0,1,1,2775,2e-06,0.999776,C,ABC_PARETO,sales_only_v1,draft
REES AND ECKER 250ML (MEDIC),1.0,350.0,43.0,1,1,2776,2e-06,0.999778,C,ABC_PARETO,sales_only_v1,draft
HAYEM SOLUTION RBC DILUTING FLUID - MEDIC,1.0,349.0,641.0,1,1,2777,2e-06,0.99978,C,ABC_PARETO,sales_only_v1,draft
MYGEL RED,16.0,348.0,1241.0,3,3,2778,2e-06,0.999782,C,ABC_PARETO,sales_only_v1,draft
EUROGYL 5MG/ML (500MG/100ML),15.0,345.0,1455.0,2,2,2779,2e-06,0.999784,C,ABC_PARETO,sales_only_v1,draft
ULTREINAC 600MG,3.0,345.0,735.0,1,1,2780,2e-06,0.999786,C,ABC_PARETO,sales_only_v1,draft
SORBANCE-10 10MG,4.0,343.0,309.0,4,3,2781,2e-06,0.999788,C,ABC_PARETO,sales_only_v1,draft
DM CALCIUM CARBONATE 500MG,5.0,342.5,157.5,1,1,2782,2e-06,0.99979,C,ABC_PARETO,sales_only_v1,draft
CIPRODIN-FC 500MG,2.0,340.0,735.0,1,1,2783,2e-06,0.999792,C,ABC_PARETO,sales_only_v1,draft
NOTEPAD STICK ON 3X3 100'S PAD (HBW),12.0,336.0,444.0,1,1,2784,2e-06,0.999794,C,ABC_PARETO,sales_only_v1,draft
METOCLOSIL 5MG/ML,5.0,325.0,2024.75,1,1,2785,2e-06,0.999796,C,ABC_PARETO,sales_only_v1,draft
HOT & COLD BAG,5.0,325.0,325.0,1,1,2786,2e-06,0.999798,C,ABC_PARETO,sales_only_v1,draft
SAPHRIN 80MG TAB,5.0,325.0,125.0,2,2,2787,2e-06,0.9998,C,ABC_PARETO,sales_only_v1,draft
SPONGE (SCOTCH BRITE),15.0,322.5,352.5,1,1,2788,2e-06,0.999801,C,ABC_PARETO,sales_only_v1,draft
3% SULFOSALICYLIC ACID 150ML,1.0,321.0,2363.0,1,1,2789,2e-06,0.999803,C,ABC_PARETO,sales_only_v1,draft
ULTRASOUND GEL 250ML,4.0,320.0,12.0,1,1,2790,2e-06,0.999805,C,ABC_PARETO,sales_only_v1,draft
RESPINAL 250MG/5ML,6.0,318.48,821.52,1,1,2791,2e-06,0.999807,C,ABC_PARETO,sales_only_v1,draft
SURGICAL BLADES PARTNERS #15,1.0,310.0,75.0,1,1,2792,2e-06,0.999809,C,ABC_PARETO,sales_only_v1,draft
LENOXA 500MG,1.0,307.0,144.0,1,1,2793,2e-06,0.999811,C,ABC_PARETO,sales_only_v1,draft
COTTON TIPPED APPLICATOR,2.0,300.0,1128.0,1,1,2794,2e-06,0.999812,C,ABC_PARETO,sales_only_v1,draft
EXTENSION CABLE FOR EDAN IM70 PULSE OXIMETER,1.0,300.0,300.0,1,1,2795,2e-06,0.999814,C,ABC_PARETO,sales_only_v1,draft
KNIFE,2.0,300.0,400.0,1,1,2796,2e-06,0.999816,C,ABC_PARETO,sales_only_v1,draft
ENDOTRACHEAL TUBE UNCUFFED 3.5MM (SURGITECH),5.0,300.0,140.0,1,1,2797,2e-06,0.999818,C,ABC_PARETO,sales_only_v1,draft
NELATON CATHETER FR.10 (SIMPLEX),20.0,300.0,200.0,1,1,2798,2e-06,0.999819,C,ABC_PARETO,sales_only_v1,draft
NELATON CATHETER FR.8 (SIMPLEX),20.0,300.0,200.0,1,1,2799,2e-06,0.999821,C,ABC_PARETO,sales_only_v1,draft
FLOURESCENT TUBE LIGHT (DAYLIGHT) 40W,3.0,300.0,450.0,1,1,2800,2e-06,0.999823,C,ABC_PARETO,sales_only_v1,draft
COCILONE-0.5 500MCG,2.0,296.0,70.0,1,1,2801,2e-06,0.999824,C,ABC_PARETO,sales_only_v1,draft
NICARDIA 10MG,1.0,295.0,305.0,1,1,2802,2e-06,0.999826,C,ABC_PARETO,sales_only_v1,draft
SUCTION CATHETER FR.10 - SURGITECH,17.0,290.0,210.0,4,4,2803,2e-06,0.999828,C,ABC_PARETO,sales_only_v1,draft
FILE TAB DIVIDER LEGAL 5 COLORS,10.0,290.0,100.0,2,1,2804,2e-06,0.99983,C,ABC_PARETO,sales_only_v1,draft
DIACEF 100MG/ML,20.0,290.0,190.0,1,1,2805,2e-06,0.999831,C,ABC_PARETO,sales_only_v1,draft
SAPHLECOX-200 200MG,2.0,290.0,550.0,1,1,2806,2e-06,0.999833,C,ABC_PARETO,sales_only_v1,draft
LUNGEX 2.5MG TABLET,5.0,285.0,915.0,1,1,2807,2e-06,0.999835,C,ABC_PARETO,sales_only_v1,draft
DISPOSABLE NEEDLE AGANI G19 X 1 1/2 (TERUMO),1.0,285.0,105.0,1,1,2808,2e-06,0.999836,C,ABC_PARETO,sales_only_v1,draft
SURITRAM,2.1,283.5,2992.5,1,1,2809,2e-06,0.999838,C,ABC_PARETO,sales_only_v1,draft
WADDING SHEET - 4X5,6.0,282.0,78.0,1,1,2810,2e-06,0.999839,C,ABC_PARETO,sales_only_v1,draft
STARTER LIGHT,20.0,280.0,520.0,2,2,2811,2e-06,0.999841,C,ABC_PARETO,sales_only_v1,draft
TOSSURE FORCEP - 5 1/2,4.0,280.0,3900.0,1,1,2812,2e-06,0.999843,C,ABC_PARETO,sales_only_v1,draft
NOTEPAD STICK ON 2X3 100'S PER PAD HBW,10.0,280.0,235.0,1,1,2813,2e-06,0.999844,C,ABC_PARETO,sales_only_v1,draft
IDENTIFICATION BRACELET WRITEON BLUE ADULT (SURGITECH),1.0,280.0,170.0,1,1,2814,2e-06,0.999846,C,ABC_PARETO,sales_only_v1,draft
ENDOTRACHEAL TUBE CUFFED 6.5MM (INDOPLAS),6.0,276.0,258.0,1,1,2815,2e-06,0.999847,C,ABC_PARETO,sales_only_v1,draft
ENDOTRACHEAL TUBE CUFFED 7.0MM (INDOPLAS),6.0,276.0,258.0,1,1,2816,2e-06,0.999849,C,ABC_PARETO,sales_only_v1,draft
XYCLOVIRAX 200MG,1.0,275.0,1245.0,1,1,2817,2e-06,0.999851,C,ABC_PARETO,sales_only_v1,draft
BENEDICT SOLUTION 500ML - MEDIC,1.0,272.0,248.0,1,1,2818,2e-06,0.999852,C,ABC_PARETO,sales_only_v1,draft
DOUBLE OXALATE 500ML,1.0,270.0,355.0,1,1,2819,2e-06,0.999854,C,ABC_PARETO,sales_only_v1,draft
CLOXACIN 250MG,10.0,270.0,180.0,1,1,2820,2e-06,0.999855,C,ABC_PARETO,sales_only_v1,draft
METROZOLE 500MG,2.0,266.0,54.0,1,1,2821,2e-06,0.999857,C,ABC_PARETO,sales_only_v1,draft
ALLECUR 10MG TAB,11.0,264.0,1321.0,3,3,2822,2e-06,0.999858,C,ABC_PARETO,sales_only_v1,draft
ORANOL 40MG,3.0,264.0,5133.75,1,1,2823,2e-06,0.99986,C,ABC_PARETO,sales_only_v1,draft
BATHROOM SOAP 90G (BIODERM),9.0,260.55,189.45,2,2,2824,2e-06,0.999861,C,ABC_PARETO,sales_only_v1,draft
BASIN,4.0,260.0,540.0,1,1,2825,2e-06,0.999863,C,ABC_PARETO,sales_only_v1,draft
AGLIC MR 30MG,4.0,260.0,1452.0,1,1,2826,2e-06,0.999864,C,ABC_PARETO,sales_only_v1,draft
BLADE HOLDER #4 5 1/2,2.0,260.0,-260.0,1,1,2827,2e-06,0.999866,C,ABC_PARETO,sales_only_v1,draft
DATAB 2MG CAP,5.0,255.0,-45.0,1,1,2828,1e-06,0.999867,C,ABC_PARETO,sales_only_v1,draft
DERPSON 5MG,5.0,252.0,557.6,5,4,2829,1e-06,0.999869,C,ABC_PARETO,sales_only_v1,draft
SYSTOCOR 5MG,4.0,252.0,468.0,1,1,2830,1e-06,0.99987,C,ABC_PARETO,sales_only_v1,draft
ARM SLING EXTRA LARGE,5.0,250.0,225.0,1,1,2831,1e-06,0.999872,C,ABC_PARETO,sales_only_v1,draft
ACETONE,2.0,250.0,250.0,1,1,2832,1e-06,0.999873,C,ABC_PARETO,sales_only_v1,draft
BENEDICT'S QUALITATIVE SOLUTION,1.0,250.0,11.0,1,1,2833,1e-06,0.999875,C,ABC_PARETO,sales_only_v1,draft
SYRINGE 5CC G23X1 100'S CARDINAL,1.0,245.0,655.0,1,1,2834,1e-06,0.999876,C,ABC_PARETO,sales_only_v1,draft
ROZATIN-10 10MG,1.0,245.0,787.5,1,1,2835,1e-06,0.999878,C,ABC_PARETO,sales_only_v1,draft
WBC DILLUTING FLUID,1.0,240.0,410.0,1,1,2836,1e-06,0.999879,C,ABC_PARETO,sales_only_v1,draft
HAND TOWEL WHITE,2.0,240.0,160.0,1,1,2837,1e-06,0.99988,C,ABC_PARETO,sales_only_v1,draft
ENDOTRACHEAL TUBE INDOPLAS 2.5,4.0,240.0,259.0,2,2,2838,1e-06,0.999882,C,ABC_PARETO,sales_only_v1,draft
MOXYLOR 250/5ML,10.0,240.0,70.0,1,1,2839,1e-06,0.999883,C,ABC_PARETO,sales_only_v1,draft
COMPACT FLOURECENT LAMP 18 WATTS,2.0,240.0,192.0,1,1,2840,1e-06,0.999884,C,ABC_PARETO,sales_only_v1,draft
INSECTICIDE 500ML (BAOLILAI),2.0,240.0,138.0,2,2,2841,1e-06,0.999886,C,ABC_PARETO,sales_only_v1,draft
ELASTIC BANDAGE 4X5-PARTNERS,10.0,240.0,30.0,1,1,2842,1e-06,0.999887,C,ABC_PARETO,sales_only_v1,draft
ENDOTRACHEAL TUBE CUFFED 7.0MM (SIMPLEX),4.0,240.0,116.0,1,1,2843,1e-06,0.999889,C,ABC_PARETO,sales_only_v1,draft
ENDOTRACHEAL TUBE UNCUFFED 3.5MM (PARTNERS),4.0,240.0,112.0,1,1,2844,1e-06,0.99989,C,ABC_PARETO,sales_only_v1,draft
"NYLON,GRASS CUTTER",2.0,240.0,760.0,1,1,2845,1e-06,0.999891,C,ABC_PARETO,sales_only_v1,draft
FUSEDEX 40MG TAB,3.0,240.0,807.75,1,1,2846,1e-06,0.999893,C,ABC_PARETO,sales_only_v1,draft
MILGESIC FORTE 500MG,5.0,235.0,375.0,1,1,2847,1e-06,0.999894,C,ABC_PARETO,sales_only_v1,draft
BETTER C 500MG,5.0,235.0,90.0,1,1,2848,1e-06,0.999895,C,ABC_PARETO,sales_only_v1,draft
DRAB SKIN REAGEANT 500ML - MEDIC,1.0,230.0,859.0,1,1,2849,1e-06,0.999897,C,ABC_PARETO,sales_only_v1,draft
ENDOTRACHEAL TUBE CUFFED 8.5MM (PARTNERS),5.0,230.0,220.0,1,1,2850,1e-06,0.999898,C,ABC_PARETO,sales_only_v1,draft
DIACEF 125MG/5ML,10.0,230.0,690.0,1,1,2851,1e-06,0.999899,C,ABC_PARETO,sales_only_v1,draft
FED-CEE 500MG,5.0,230.0,95.0,1,1,2852,1e-06,0.999901,C,ABC_PARETO,sales_only_v1,draft
VONWELT COLCHICINE 500MCG,2.0,228.0,572.0,2,2,2853,1e-06,0.999902,C,ABC_PARETO,sales_only_v1,draft
SPUTUM CUP BLUE,50.0,225.0,1975.0,1,1,2854,1e-06,0.999903,C,ABC_PARETO,sales_only_v1,draft
FERLUM 15MG/0.6ML,15.0,225.0,138.75,1,1,2855,1e-06,0.999905,C,ABC_PARETO,sales_only_v1,draft
ELASTIC BANDAGE 3X5Y PARTNERS,10.0,220.0,40.0,1,1,2856,1e-06,0.999906,C,ABC_PARETO,sales_only_v1,draft
KODOXY 100MG,2.0,220.0,370.0,1,1,2857,1e-06,0.999907,C,ABC_PARETO,sales_only_v1,draft
BROADMETZ 125MG/5ML SUS,6.0,216.0,258.0,1,1,2858,1e-06,0.999909,C,ABC_PARETO,sales_only_v1,draft
CETIRILIFE 10MG,8.0,216.0,743.0,2,1,2859,1e-06,0.99991,C,ABC_PARETO,sales_only_v1,draft
FEVRAL 200MG TAB,2.0,216.0,482.5,1,1,2860,1e-06,0.999911,C,ABC_PARETO,sales_only_v1,draft
ASFLEM 600MG,1.0,210.0,390.0,1,1,2861,1e-06,0.999912,C,ABC_PARETO,sales_only_v1,draft
HYOSWELL 100MG,1.0,210.0,140.0,1,1,2862,1e-06,0.999913,C,ABC_PARETO,sales_only_v1,draft
AMLOTHIX 10MG,5.0,210.0,790.0,1,1,2863,1e-06,0.999915,C,ABC_PARETO,sales_only_v1,draft
URINE CUP SPECIMEN,30.0,210.0,135.0,1,1,2864,1e-06,0.999916,C,ABC_PARETO,sales_only_v1,draft
EDECAR 10MG/ML 2ML,3.0,210.0,210.0,1,1,2865,1e-06,0.999917,C,ABC_PARETO,sales_only_v1,draft
TELSITAN-40,1.0,204.0,2246.0,1,1,2866,1e-06,0.999918,C,ABC_PARETO,sales_only_v1,draft
ALCOHOL SWAB,2.0,200.0,300.0,1,1,2867,1e-06,0.999919,C,ABC_PARETO,sales_only_v1,draft
BIOXAL 2MG,10.0,200.0,1583.0,4,4,2868,1e-06,0.999921,C,ABC_PARETO,sales_only_v1,draft
CALL BELL,2.0,200.0,240.0,1,1,2869,1e-06,0.999922,C,ABC_PARETO,sales_only_v1,draft
AIR FRESHENER SPRAY 320ML (GLADE),1.0,199.5,24.5,1,1,2870,1e-06,0.999923,C,ABC_PARETO,sales_only_v1,draft
FEVERCARE 300MG/2ML,5.0,199.0,2201.0,1,1,2871,1e-06,0.999924,C,ABC_PARETO,sales_only_v1,draft
PLAIN NSS 1 LITER EUROMED,3.0,198.0,207.0,1,1,2872,1e-06,0.999925,C,ABC_PARETO,sales_only_v1,draft
NEEDLE HOLDER STAINLESS STEEL 6.0 PAKISTAN,3.0,195.0,1302.0,1,1,2873,1e-06,0.999926,C,ABC_PARETO,sales_only_v1,draft
ORANOL 10MG,3.0,195.0,1613.5,2,1,2874,1e-06,0.999927,C,ABC_PARETO,sales_only_v1,draft
GENERIC MEBENDAZOLE 100MG,10.0,190.0,130.0,1,1,2875,1e-06,0.999929,C,ABC_PARETO,sales_only_v1,draft
LATEX EXAMINATION GLOVES LARGE,1.0,190.0,143.0,1,1,2876,1e-06,0.99993,C,ABC_PARETO,sales_only_v1,draft
BIODERM 90G,8.0,186.0,214.0,1,1,2877,1e-06,0.999931,C,ABC_PARETO,sales_only_v1,draft
SALMOGEN 125MG/5ML,4.0,184.32,4.32,1,1,2878,1e-06,0.999932,C,ABC_PARETO,sales_only_v1,draft
NOTEPAD STICK ON 2X3,7.0,182.0,168.0,1,1,2879,1e-06,0.999933,C,ABC_PARETO,sales_only_v1,draft
GENERIC FERROUS SULFATE 220MG/5ML,15.0,180.0,345.0,2,2,2880,1e-06,0.999934,C,ABC_PARETO,sales_only_v1,draft
ENDOTRACHEAL TUBE TOPCARE 3.5,3.0,180.0,144.0,1,1,2881,1e-06,0.999935,C,ABC_PARETO,sales_only_v1,draft
ENDOTRACHEAL TUBE UNCUFFED 3.0MM (TOPCARE),3.0,180.0,84.0,1,1,2882,1e-06,0.999936,C,ABC_PARETO,sales_only_v1,draft
SUCROL-500 500MG,5.0,175.0,450.0,1,1,2883,1e-06,0.999937,C,ABC_PARETO,sales_only_v1,draft
AMBILYTE SACHET,3.0,171.0,629.0,2,2,2884,1e-06,0.999938,C,ABC_PARETO,sales_only_v1,draft
MEDALEM SYRUP,10.0,170.0,600.0,1,1,2885,1e-06,0.999939,C,ABC_PARETO,sales_only_v1,draft
IRBEVEX 150MG,1.0,170.0,670.0,1,1,2886,1e-06,0.99994,C,ABC_PARETO,sales_only_v1,draft
APPLICATOR STICKS COTTON-TIPPED (PARTNERS),1.0,170.0,90.0,1,1,2887,1e-06,0.999941,C,ABC_PARETO,sales_only_v1,draft
SHELOGEL 200MG/100MG,2.0,168.0,62.0,1,1,2888,1e-06,0.999942,C,ABC_PARETO,sales_only_v1,draft
MYCLOSIL 10MG,2.0,166.0,129.0,2,2,2889,1e-06,0.999943,C,ABC_PARETO,sales_only_v1,draft
DIAZOLE 400MG/5ML,5.0,165.0,52.5,1,1,2890,1e-06,0.999944,C,ABC_PARETO,sales_only_v1,draft
SCISSOR 7'' HEAVY DUTY,4.0,162.0,126.0,1,1,2891,1e-06,0.999945,C,ABC_PARETO,sales_only_v1,draft
BROXIL-M 15MG/5ML,5.0,155.0,465.0,1,1,2892,1e-06,0.999946,C,ABC_PARETO,sales_only_v1,draft
HEPARIN CAP STERILIZED,19.0,152.0,228.0,1,1,2893,1e-06,0.999946,C,ABC_PARETO,sales_only_v1,draft
SUCTION CATHETER - SURGITECH - FR#5,10.0,150.0,100.0,1,1,2894,1e-06,0.999947,C,ABC_PARETO,sales_only_v1,draft
GUEDEL AIRWAY ORMED RED #4 SIZE 100MM,2.0,150.0,20.0,1,1,2895,1e-06,0.999948,C,ABC_PARETO,sales_only_v1,draft
GUEDEL AIRWAY SEDASENZ GREEN # 2 1-SM-GAIR02,2.0,150.0,20.0,1,1,2896,1e-06,0.999949,C,ABC_PARETO,sales_only_v1,draft
GUEDEL AIRWAY SEDASENZ YELLOW # 3 1-SM-GAIR03,2.0,150.0,20.0,1,1,2897,1e-06,0.99995,C,ABC_PARETO,sales_only_v1,draft
GUEDEL AIRWAY SIMPLEX BLACK NO 0 SIZE 60MM,2.0,150.0,20.0,1,1,2898,1e-06,0.999951,C,ABC_PARETO,sales_only_v1,draft
GUEDEL AIRWAY SIMPLEX BLUE #0 SIZE 50MM,2.0,150.0,20.0,1,1,2899,1e-06,0.999952,C,ABC_PARETO,sales_only_v1,draft
GUEDEL AIRWAY WHITE ORMED # 1 SIZE 70MM,2.0,150.0,20.0,1,1,2900,1e-06,0.999953,C,ABC_PARETO,sales_only_v1,draft
STYLET FR10 STERILE (ORMED),3.0,150.0,450.0,1,1,2901,1e-06,0.999953,C,ABC_PARETO,sales_only_v1,draft
STYLET FR12 STERILE (ORMED),3.0,150.0,450.0,1,1,2902,1e-06,0.999954,C,ABC_PARETO,sales_only_v1,draft
STYLET FR14 STERILE (ORMED),3.0,150.0,450.0,1,1,2903,1e-06,0.999955,C,ABC_PARETO,sales_only_v1,draft
STYLET FR6 STERILE (ORMED),3.0,150.0,450.0,1,1,2904,1e-06,0.999956,C,ABC_PARETO,sales_only_v1,draft
MICROSET/PEDIATRIC 60DROPS-FUJIKAWA,10.0,150.0,850.0,1,1,2905,1e-06,0.999957,C,ABC_PARETO,sales_only_v1,draft
SOLUTION ADMINISTRATION SET 20 DROPS INDOPLAS,150.0,150.0,7750.0,2,2,2906,1e-06,0.999958,C,ABC_PARETO,sales_only_v1,draft
ASCOF,30.0,150.0,150.0,1,1,2907,1e-06,0.999959,C,ABC_PARETO,sales_only_v1,draft
"NYLON, GRASSCUTTER",1.0,150.0,350.0,1,1,2908,1e-06,0.999959,C,ABC_PARETO,sales_only_v1,draft
BABY WIPES (HEXACARE),5.0,150.0,425.0,1,1,2909,1e-06,0.99996,C,ABC_PARETO,sales_only_v1,draft
DISPOSABLE NEEDLE G20 (ORMED),1.0,150.0,61.0,1,1,2910,1e-06,0.999961,C,ABC_PARETO,sales_only_v1,draft
MOTILLEX 5MG/5ML,10.0,150.0,122.5,1,1,2911,1e-06,0.999962,C,ABC_PARETO,sales_only_v1,draft
MEFENAMIC ACID 500MG - RITEMED,30.0,145.5,145.5,1,1,2912,1e-06,0.999963,C,ABC_PARETO,sales_only_v1,draft
HOUSEHOLD UTILITY GLOVES,5.0,145.0,605.0,1,1,2913,1e-06,0.999964,C,ABC_PARETO,sales_only_v1,draft
MUCOMED 25MG,2.0,144.0,128.0,1,1,2914,1e-06,0.999965,C,ABC_PARETO,sales_only_v1,draft
PALE,4.0,140.0,660.0,1,1,2915,1e-06,0.999965,C,ABC_PARETO,sales_only_v1,draft
NELATON CATHETER FR.10 (ORMED),10.0,140.0,110.0,1,1,2916,1e-06,0.999966,C,ABC_PARETO,sales_only_v1,draft
LORNASONE 1MG/G,3.0,135.0,76.5,1,1,2917,1e-06,0.999967,C,ABC_PARETO,sales_only_v1,draft
GUEDEL AIRWAY #5 (ORMED),2.0,130.0,40.0,1,1,2918,1e-06,0.999968,C,ABC_PARETO,sales_only_v1,draft
FLOURESCENT LAMP 36WATTS,2.0,130.0,20.0,1,1,2919,1e-06,0.999969,C,ABC_PARETO,sales_only_v1,draft
DISPOSABLE INFUSION SET PEDIA 60MICRODROPS/ML (CAREPLUS),10.0,130.0,150.0,1,1,2920,1e-06,0.999969,C,ABC_PARETO,sales_only_v1,draft
FERROLIC 300MG/250MCG,2.0,130.0,170.0,1,1,2921,1e-06,0.99997,C,ABC_PARETO,sales_only_v1,draft
PRO-FERR 5MG,2.0,130.0,330.0,1,1,2922,1e-06,0.999971,C,ABC_PARETO,sales_only_v1,draft
RECEPTACLES 4X4 WHITE 250W,4.0,128.0,212.0,1,1,2923,1e-06,0.999971,C,ABC_PARETO,sales_only_v1,draft
GAUZE PAD 3X3,50.0,125.0,100.0,1,1,2924,1e-06,0.999972,C,ABC_PARETO,sales_only_v1,draft
AMBLOSYL 5MG TAB,5.0,125.0,1121.25,1,1,2925,1e-06,0.999973,C,ABC_PARETO,sales_only_v1,draft
ENDOTRACHEAL TUBE UNCUFFED 3.5,2.0,120.0,220.0,1,1,2926,1e-06,0.999974,C,ABC_PARETO,sales_only_v1,draft
CALCIE CALCIUM,2.0,120.0,520.0,1,1,2927,1e-06,0.999974,C,ABC_PARETO,sales_only_v1,draft
FEVRAL 400MG,1.0,120.0,150.0,1,1,2928,1e-06,0.999975,C,ABC_PARETO,sales_only_v1,draft
ELASTIC BANDAGE 6X5 (SURGITECH),2.0,120.0,180.0,1,1,2929,1e-06,0.999976,C,ABC_PARETO,sales_only_v1,draft
FUSEDEX 20MG TAB,3.0,120.0,627.75,1,1,2930,1e-06,0.999976,C,ABC_PARETO,sales_only_v1,draft
DISPOSABLE SYRINGE LUER LOCK 10ML 21GX1 1/4 CARDINAL CARE,18.0,117.0,42.25,2,2,2931,1e-06,0.999977,C,ABC_PARETO,sales_only_v1,draft
CAPTOBES 25MG TAB,3.0,114.0,75.0,1,1,2932,1e-06,0.999978,C,ABC_PARETO,sales_only_v1,draft
MEFENAMIC ACID 250MG - RITEMED,30.0,112.5,112.5,1,1,2933,1e-06,0.999978,C,ABC_PARETO,sales_only_v1,draft
RIBBON FOR TYPEWRITER BLACK,4.0,112.0,8.0,1,1,2934,1e-06,0.999979,C,ABC_PARETO,sales_only_v1,draft
TORILAT 200MG,1.0,110.0,640.0,1,1,2935,1e-06,0.99998,C,ABC_PARETO,sales_only_v1,draft
ELASTIC BANDAGE 3X5 (PARTNERS),5.0,110.0,490.0,1,1,2936,1e-06,0.99998,C,ABC_PARETO,sales_only_v1,draft
LORIN 10MG,1.0,110.0,110.0,1,1,2937,1e-06,0.999981,C,ABC_PARETO,sales_only_v1,draft
FIRSTMED ROSUVASTATIN 10MG,1.0,105.0,1315.0,1,1,2938,1e-06,0.999982,C,ABC_PARETO,sales_only_v1,draft
MOTIREX 2MG,3.0,105.0,735.0,1,1,2939,1e-06,0.999982,C,ABC_PARETO,sales_only_v1,draft
NITROFURANTOIN 100MG,10.0,101.2,6255.06,3,2,2940,1e-06,0.999983,C,ABC_PARETO,sales_only_v1,draft
FACE MASK EARLOOP - NOT THIS,1.0,100.0,20.0,1,1,2941,1e-06,0.999983,C,ABC_PARETO,sales_only_v1,draft
PLASTER OF PARIS 10CMX4.5M,1.0,100.0,300.0,1,1,2942,1e-06,0.999984,C,ABC_PARETO,sales_only_v1,draft
URINE COLLECTOR PEDIA 200ML,10.0,100.0,740.0,1,1,2943,1e-06,0.999984,C,ABC_PARETO,sales_only_v1,draft
PLENACYL 600MG,1.0,90.0,270.0,1,1,2944,1e-06,0.999985,C,ABC_PARETO,sales_only_v1,draft
PLASTIC RING,1.5,90.0,7410.0,1,1,2945,1e-06,0.999986,C,ABC_PARETO,sales_only_v1,draft
BUTANE GAS GEM 250G,1.0,84.75,48.15,1,1,2946,0.0,0.999986,C,ABC_PARETO,sales_only_v1,draft
RIBBON RED 1/2'',10.0,80.0,220.0,1,1,2947,0.0,0.999986,C,ABC_PARETO,sales_only_v1,draft
DERMAFINA 500MCG/MG (0.05% U/U),2.0,80.0,388.5,1,1,2948,0.0,0.999987,C,ABC_PARETO,sales_only_v1,draft
DIUCARE 25MG TAB,1.0,77.7,186.6,1,1,2949,0.0,0.999987,C,ABC_PARETO,sales_only_v1,draft
SCISSOR SYMMETRICAL BLADE LENGTH 65MM JOY,2.0,76.0,64.0,1,1,2950,0.0,0.999988,C,ABC_PARETO,sales_only_v1,draft
SAPHCODYL-T5 5MG,2.0,76.0,184.0,1,1,2951,0.0,0.999988,C,ABC_PARETO,sales_only_v1,draft
PRESONE 10MG,1.0,75.0,175.0,1,1,2952,0.0,0.999989,C,ABC_PARETO,sales_only_v1,draft
BOUFFANT CAP/HEADCAP,50.0,75.0,125.0,1,1,2953,0.0,0.999989,C,ABC_PARETO,sales_only_v1,draft
"STAMP PAD INK,PURPLE OR VIOLET 50ML (30ML) (JOY)",6.0,75.0,195.0,2,2,2954,0.0,0.99999,C,ABC_PARETO,sales_only_v1,draft
ZACZIN 20MG/ML IV,2.0,74.0,3326.0,1,1,2955,0.0,0.99999,C,ABC_PARETO,sales_only_v1,draft
RAPH C,5.0,73.75,101.25,1,1,2956,0.0,0.99999,C,ABC_PARETO,sales_only_v1,draft
LEVEFLOX 500MG,0.1,72.4,77.6,1,1,2957,0.0,0.999991,C,ABC_PARETO,sales_only_v1,draft
RETANYX 10MG,2.0,72.0,128.0,1,1,2958,0.0,0.999991,C,ABC_PARETO,sales_only_v1,draft
NELATON CATHETER FR.16 (ORMED),5.0,70.0,55.0,1,1,2959,0.0,0.999992,C,ABC_PARETO,sales_only_v1,draft
FLAT TOURNIQUET,10.0,70.0,110.0,1,1,2960,0.0,0.999992,C,ABC_PARETO,sales_only_v1,draft
MYRENTYL 10MG/60ML,4.0,68.0,68.0,1,1,2961,0.0,0.999992,C,ABC_PARETO,sales_only_v1,draft
MEFESAPH 250MG,1.0,63.0,237.0,1,1,2962,0.0,0.999993,C,ABC_PARETO,sales_only_v1,draft
ENDOTRACHEAL TUBE TOPCARE CUFFED 5.5,1.0,60.0,130.0,1,1,2963,0.0,0.999993,C,ABC_PARETO,sales_only_v1,draft
ENDOTRACHEAL TUBE TOPCARE CUFFED 6.5,1.0,60.0,130.0,1,1,2964,0.0,0.999994,C,ABC_PARETO,sales_only_v1,draft
ENDOTRACHEAL TUBE TOPCARE CUFFED 7.0,1.0,60.0,135.0,1,1,2965,0.0,0.999994,C,ABC_PARETO,sales_only_v1,draft
ENDOTRACHEAL TUBE TOPCARE CUFFED 7.5,1.0,60.0,135.0,1,1,2966,0.0,0.999994,C,ABC_PARETO,sales_only_v1,draft
ENDOTRACHEAL TUBE TOPCARE CUFFED 8.0,1.0,60.0,160.0,1,1,2967,0.0,0.999995,C,ABC_PARETO,sales_only_v1,draft
DIUCARE 12.5MG TAB,1.0,57.14,94.66,1,1,2968,0.0,0.999995,C,ABC_PARETO,sales_only_v1,draft
IMPODEX 500MCG,1.0,54.0,28.0,1,1,2969,0.0,0.999995,C,ABC_PARETO,sales_only_v1,draft
FEEDING TUBE PARTNERS,6.0,49.32,58.68,1,1,2970,0.0,0.999995,C,ABC_PARETO,sales_only_v1,draft
NGT SILICONE NASOGASTRIC TUBE FR.18,2.0,48.0,36.0,1,1,2971,0.0,0.999996,C,ABC_PARETO,sales_only_v1,draft
HAPPY COTTON 10MG,10.0,47.5,47.5,1,1,2972,0.0,0.999996,C,ABC_PARETO,sales_only_v1,draft
NOTEPAD STICK ON 2X3 100'S PAD (KAI),3.0,46.5,106.5,1,1,2973,0.0,0.999996,C,ABC_PARETO,sales_only_v1,draft
ENDOTRACHEAL TUBE CUFFED 5.0MM (PARTNERS),1.0,46.0,43.0,1,1,2974,0.0,0.999997,C,ABC_PARETO,sales_only_v1,draft
RIBBON FOR MANUAL TYPEWRITTER (AD-RITE),2.0,44.0,16.0,1,1,2975,0.0,0.999997,C,ABC_PARETO,sales_only_v1,draft
IV CANNULA G.22 - CATHULA,2.0,44.0,23356.0,1,1,2976,0.0,0.999997,C,ABC_PARETO,sales_only_v1,draft
FOLEY BALLOON CATHETER 2WAY FR16 5-15CC (SIMPLEX),1.0,40.0,1160.0,1,1,2977,0.0,0.999997,C,ABC_PARETO,sales_only_v1,draft
STARTER FOR UV LIGHT,4.0,40.0,120.0,1,1,2978,0.0,0.999998,C,ABC_PARETO,sales_only_v1,draft
CUTTER BIG,2.0,34.0,86.0,1,1,2979,0.0,0.999998,C,ABC_PARETO,sales_only_v1,draft
DICYRINE 10MG,1.0,32.0,64.0,1,1,2980,0.0,0.999998,C,ABC_PARETO,sales_only_v1,draft
AMLODIPINE BESILATE 10MG TABLET 100'S REGIVASC,1.0,32.0,93.0,1,1,2981,0.0,0.999998,C,ABC_PARETO,sales_only_v1,draft
DISPOSABLE NEEDLE AGANI G20 X1 (TERUMO),1.0,30.0,181.0,1,1,2982,0.0,0.999998,C,ABC_PARETO,sales_only_v1,draft
SHELOGEL ANTACID 200MG,0.4,29.2,29.2,1,1,2983,0.0,0.999998,C,ABC_PARETO,sales_only_v1,draft
MONPHEVIN 500 MG,1.0,28.0,532.0,1,1,2984,0.0,0.999999,C,ABC_PARETO,sales_only_v1,draft
SUCTION CATHETER WITH FINGER CONTROL FR14 (SIMPLEX),2.0,27.2,1732.8,1,1,2985,0.0,0.999999,C,ABC_PARETO,sales_only_v1,draft
PUSH PINS 100'S,1.0,26.0,31.0,1,1,2986,0.0,0.999999,C,ABC_PARETO,sales_only_v1,draft
ABSORBENT GAUZE SPONGE INDOPLAS,10.0,25.0,25.0,1,1,2987,0.0,0.999999,C,ABC_PARETO,sales_only_v1,draft
JOY STICKY NOTE,1.0,23.0,42.0,1,1,2988,0.0,0.999999,C,ABC_PARETO,sales_only_v1,draft
SYRINGE WITH NEEDLE 21GX1 5CC/ML TERUMO,2.0,18.0,4.5,2,2,2989,0.0,0.999999,C,ABC_PARETO,sales_only_v1,draft
VEXIL 2MG,0.5,16.0,174.0,1,1,2990,0.0,0.999999,C,ABC_PARETO,sales_only_v1,draft
NOBUTOL 2MG/5ML 60ML,1.0,16.0,4.0,1,1,2991,0.0,0.999999,C,ABC_PARETO,sales_only_v1,draft
BOBBY PINS,3.0,15.0,45.0,1,1,2992,0.0,1.0,C,ABC_PARETO,sales_only_v1,draft
PIPETTE TIP YELLOW TRULAB,15.0,15.0,15.0,1,1,2993,0.0,1.0,C,ABC_PARETO,sales_only_v1,draft
URINE BAG 2000ML WITH HOOK,1.0,15.0,360.0,1,1,2994,0.0,1.0,C,ABC_PARETO,sales_only_v1,draft
DENTAL ANALGESIC,1.0,11.0,11.0,1,1,2995,0.0,1.0,C,ABC_PARETO,sales_only_v1,draft
NGT LEVIN DUODENAL TUBE 125CM FR16,10.0,10.0,5980.0,1,1,2996,0.0,1.0,C,ABC_PARETO,sales_only_v1,draft
PIPETTE TIP WHITE,10.0,10.0,10.0,1,1,2997,0.0,1.0,C,ABC_PARETO,sales_only_v1,draft
FUROSE 10MG/ML,0.1,8.0,92.0,1,1,2998,0.0,1.0,C,ABC_PARETO,sales_only_v1,draft
SYRINGE WITH NEEDLE 23GX1 5CC/ML TERUMO,4.0,4.0,32.0,1,1,2999,0.0,1.0,C,ABC_PARETO,sales_only_v1,draft
PIPETTE TIP BLUE,1.0,1.0,1.0,1,1,3000,0.0,1.0,C,ABC_PARETO,sales_only_v1,draft
