product_name,total_transactions,total_quantity,total_net_sales,total_gross_margin,gross_margin_pct,first_year,last_year
"PAGBILAO # 13,500,000",2,2.00,24797580.00,16338881.12,65.89,2025,2025
PROFUREX 750MG,39,37760.00,14252134.40,1930988.40,13.55,2018,2023
"PAGBILAO # 6,334,470",2,2.00,12666000.00,6599934.72,52.11,2024,2025
EVAPROST 250MCG/ML,241,1636.00,10498537.00,5797412.00,55.22,2018,2023
SPEEDA,60,1551.00,9835920.97,7790376.97,79.20,2018,2023
MAXIFER 20MG/ML,146,3769.00,9412580.00,2597673.99,27.60,2018,2023
EUROXONE 1G,309,25563.00,8565452.95,6701324.95,78.24,2018,2023
MONOWEL 1G IV,11,12600.00,8111735.00,478683.00,5.90,2024,2025
DR#0157 SI 0181,1,1.00,7933995.00,0.00,0.00,2020,2020
ZEFXON 40MG,58,10530.00,5692660.00,877859.00,15.42,2018,2022
SITIXON 1G,98,18941.00,5150698.78,4563334.18,88.60,2018,2023
EVAPROST 125MCG/ML,211,1165.00,4734528.00,2727744.00,57.61,2018,2023
BUPIRIGHT AMPULE,178,7391.00,4711236.74,3390531.74,71.97,2021,2023
JUBI -R 100MG,5,750.00,4592500.00,2217500.00,48.29,2021,2022
HYCLENS 0.2% WOUND SPRAY 60ML,115,15238.00,4247254.96,30528.19,0.72,2018,2019
"PAGBILAO # 2,070,000",2,2.00,4138000.00,1390000.00,33.59,2024,2025
MERAZOL 40MG,116,1344.43,4101684.25,3728125.75,90.89,2019,2023
LACTAMOX 500MG/125MG TAB,510,1419.17,4085209.74,2480561.78,60.72,2018,2024
ANTIZOAL 5MG/ML,285,38623.00,3872742.00,2098578.17,54.19,2018,2025
ANTITET 1500IU/0.7ML,14,1447.50,3834892.50,2112380.00,55.08,2024,2025
GYNE-TOCIN 10IU/ML,99,5043.00,3665975.50,1702631.91,46.44,2019,2025
TRIVASC 35MG MR,401,5193.40,3561191.99,2111720.99,59.30,2017,2023
MONOWEL 1G,27,4377.00,3535144.88,289935.99,8.20,2018,2023
"PESO # 3,450,000.00",1,1.00,3448500.00,1179387.00,34.20,2025,2025
BUPIRIGHT 5MG/ML 0.5% IN 8% 4ML,50,7933.00,3220345.25,1817758.17,56.45,2023,2025
DANOXIME 750MG,21,13465.00,3144130.00,2728557.50,86.78,2018,2023
SODAMPEN 1G IM/IV,202,24630.00,3125914.00,2082978.00,66.64,2017,2023
DOLO JAGA 500MG/50MG/100MG/100MCG,546,1988.33,3036395.39,1849735.99,60.92,2018,2023
SPEEDA 2.5IU/0.5ML,5,425.00,2975310.00,970810.00,32.63,2023,2025
HYCLENS 0.2% WOUND SPRAY,36,10447.00,2915115.36,1691930.36,58.04,2018,2018
TROYNOXA-60 60MG/0.6ML,4,2770.00,2887032.50,1767952.50,61.24,2025,2025
CEFUSAPH,110,4415.29,2814047.50,2323162.79,82.56,2018,2023
HAIXONE WITH DILUENT 1G,25,53614.00,2739945.80,1345981.80,49.12,2025,2025
ALBUMINAR-20 20% 50ML,1,1000.00,2697000.00,1297000.00,48.09,2024,2024
ENOXAGET-40 40MG/0.4ML,10,2145.00,2658598.80,1285798.80,48.36,2024,2025
"PAGBILAO # 2,568,250",1,1.00,2566250.00,1629386.00,63.49,2025,2025
SPASBASCINE,62,3742.00,2561115.00,710589.71,27.75,2018,2023
LACTAMOX 500MG/125MG,289,858.33,2531412.92,1544830.51,61.03,2018,2025
VAXIGRIP TETRA INFLUENZA VACCINE,3,1408.00,2424824.95,1439224.95,59.35,2021,2021
"PAGBILAO # 2,316,267-1",1,1.00,2314000.00,981610.00,42.42,2025,2025
FACE MASK,55,5737.00,2230638.58,1729681.93,77.54,2020,2023
CIMEX 500MG,32,740.00,2204700.00,1390700.00,63.08,2019,2022
HYCLENS SKIN CLEANSER (60ML),16,8523.00,2180712.00,1297552.80,59.50,2021,2023
"PAGBILAO # 3,072,944",1,1.00,2173450.00,660629.04,30.40,2025,2025
BUPIRIGHT 1'S VIALS,90,3212.00,2160848.00,1507749.00,69.78,2018,2020
ZINACARE 750MG WITH DILUENT,64,15831.00,2139339.00,1744637.00,81.55,2018,2025
ZINACARE 750MG W/O DILUENT,56,10925.00,2110210.00,1940072.00,91.94,2018,2023
PROHAB 10MG/ML 20ML,1,500.00,2110000.00,1360000.00,64.46,2023,2023
CEFZIME 750MG,118,835.80,2099412.50,1469144.00,69.98,2018,2020
ZINACARE 750MG W/ DILUENT,19,42100.00,2098720.00,1004120.00,47.84,2025,2025
CARDOWIN 1MG,57,1996.00,2098314.32,1129521.32,53.83,2018,2023
AMPICARE 500MG/250MG,17,439.00,2094242.50,1947432.50,92.99,2018,2022
"PAGBILAO # 2,316,267",1,1.00,2084640.30,424640.30,20.37,2024,2024
PPE SET,3,2510.00,2080750.00,1101850.00,52.95,2021,2022
SHARJVAX 1500 I.U. / 0.7ML,31,2078.00,2063130.00,714690.00,34.64,2021,2023
"PAGBILAO # 3,273,976",1,1.00,2062128.00,531905.57,25.79,2025,2025
ATOVAS 20MG,212,2725.94,2025041.17,955766.38,47.20,2017,2023
HYCLENS WOUND SPRAY (60ML),246,7786.00,2012861.59,1153599.55,57.31,2021,2025
CORBAL 100MG,107,1728.00,1880438.00,975574.84,51.88,2018,2023
PPE COVER ALL SET,3,2013.00,1871663.50,1448933.50,77.41,2022,2022
LOMOH-60 60MG/0.6ML,4,1750.00,1823937.50,1132687.50,62.10,2025,2025
PHYTOMEN 10MG/ML,159,2375.20,1813491.00,1409097.50,77.70,2018,2025
"PAGBILAO # 2,166,450",1,1.00,1669225.00,762652.74,45.69,2025,2025
JAGA 300MG/100MG/100MCG,464,1320.98,1646390.18,996333.58,60.52,2017,2024
ENDOPROST 250MCG/ML,9,646.00,1640700.00,784750.00,47.83,2025,2025
EVAPROST 250MCG/ML IV,41,283.00,1636765.00,625040.00,38.19,2023,2025
ISOLATION GOWN,9,3852.00,1613068.60,1252308.60,77.64,2021,2022
PR 1011A-110,1,1.00,1606105.00,838975.00,52.24,2020,2020
SORBIFER 310MG,48,2760.00,1582000.00,414665.90,26.21,2019,2023
HYCLENS WOUND SPRAY 60ML.,47,5672.00,1581254.70,44309.35,2.80,2020,2020
BUPIRIGHT 5MG/ML,96,783.80,1560376.81,276525.90,17.72,2018,2019
MAXXIVIT PLUS,244,1643.92,1559982.10,643369.12,41.24,2018,2022
"PAGBILAO # 3,658,000",2,2.00,1529200.00,-3549497.59,-232.11,2024,2025
ISOLATION GOWN STERILE (GDR),3,3600.00,1481535.39,1049535.39,70.84,2021,2021
RAINCOAT WITH PRINT,1,1000.00,1469632.50,1119632.50,76.18,2021,2021
"MICROPORE 1"" - 1530-1 - 3M",71,1750.00,1445516.00,637696.00,44.12,2021,2025
PPE LAB.,2,1200.00,1439400.00,749400.00,52.06,2020,2021
VOLUMETRIC SOLUTION INFUSION SET 150ML (POLYVOL),6,6780.00,1432410.60,381510.60,26.63,2025,2025
"PAGBILAO # 2,511,299.00",1,1.00,1431072.00,242509.49,16.95,2025,2025
OMCARE 40MG,124,835.50,1420531.04,1203843.59,84.75,2017,2020
MODULAR TENT 79X17X79,1,150.00,1417425.00,742425.00,52.38,2022,2022
ERGON 125MCG,199,1225.21,1407402.00,795227.85,56.50,2018,2023
ALCOHOL ETHYL 70% - ALCORADE,9,1760.00,1405500.00,824700.00,58.68,2021,2022
"HEPA B 10MCG/0.5ML MULTIDOSE, PEDIATRIC",2,4.00,1399400.00,649400.00,46.41,2025,2025
APROCARE 150MG,160,1616.20,1345640.50,984483.70,73.16,2017,2019
CEPROTRON 500MG,326,1051.38,1340071.46,912799.84,68.12,2017,2024
ANTITET 1500IU,21,912.50,1313911.68,465684.18,35.44,2017,2023
MATERNITY PADS 8S (MAXIFREE),15,14258.00,1294831.20,431471.20,33.32,2023,2025
ISORANE 100% V/V 100ML,99,411.00,1275945.84,811795.84,63.62,2018,2023
LUPINSULIN 30:70,20,1821.00,1266542.53,541574.53,42.76,2021,2023
DOCOR 250MG VIAL,9,994.00,1262940.00,508740.00,40.28,2019,2023
REGIVASC 5MG TAB,8,1337.00,1248050.00,1221295.00,97.86,2023,2025
ANTIZOAL 5MG/ML (500MG/100ML) 100ML,94,25890.00,1241446.00,844826.00,68.05,2023,2025
SYVIR 400,1,200.00,1240000.00,840000.00,67.74,2021,2021
TRIZEF 100MG,64,257.00,1238000.00,919431.20,74.27,2020,2023
SHARJVAX,20,1351.00,1224490.00,348334.86,28.45,2018,2020
EPIX BY 10'S,113,1716.16,1218941.00,862919.69,70.79,2018,2022
EUROXONE,30,3457.00,1195800.00,764864.00,63.96,2017,2020
ENOX 4000 ANTI-XA IU/0.4ML (KULANIMA HAZIR ENJEKTOR) STERIL - ENOKSAPARIN SODIUM,4,840.00,1170650.00,910250.00,77.76,2021,2022
CEFZOX 1G VIAL W/ DILUENT,18,4293.00,1165734.20,1061344.20,91.05,2019,2023
GLOVES BLUE VINYL/NITRILE BLEND (MEDIUM),26,1434.00,1140802.07,776507.07,68.07,2021,2022
OPREX 40MG IV,29,2981.00,1137746.00,594440.00,52.25,2023,2025
RANICLAV 625MG,55,3351.95,1131286.79,629395.38,55.64,2020,2024
EPOGEN 4000IU/0.4ML,5,1905.00,1126902.75,441102.75,39.14,2025,2025
SAPHLECOX 200MG,75,655.90,1093074.98,992737.48,90.82,2018,2023
"PAGBILAO # 1,100,000",1,1.00,1044525.00,912275.00,87.34,2025,2025
DOLO-JAGA 500MG/50MG/100MG/100MCG,165,772.00,1040668.40,676150.21,64.97,2017,2025
"GENVAC-B 10MCG/0.5ML MONODOSE, PEDIATRIC",5,28.60,1035850.00,475860.00,45.94,2024,2025
"PAGBILAO # 1,302,640",1,1.00,1002250.00,469969.50,46.89,2025,2025
TOSYLAM 750MG TAB,96,309.34,986828.65,591263.55,59.92,2018,2023
KOVENT SF 25MCG/250MCG MDI,13,1955.00,985220.00,359720.00,36.51,2024,2025
"PAGBILAO # 985,190",1,1.00,984626.00,336742.09,34.20,2025,2025
ENOX 6000 ANTI-XA IU/0.6ML (KULANIMA HAZIR ENJEKTOR) STERIL - ENOKSAPARIN SODIUM,4,800.00,983760.00,655760.00,66.66,2021,2022
"QMC # 985,170.00",1,1.00,981300.00,313400.00,31.94,2025,2025
"QMC # 981,828.00",1,1.00,980842.50,298609.40,30.44,2025,2025
HYCLENS WOUND SPRAY 2% 60ML,177,3748.00,975810.82,557531.14,57.14,2023,2025
"DR#0154,0155,0156 TERMS",1,1.00,973652.00,0.00,0.00,2020,2020
UV LIGHT,5,10.00,968500.00,651833.75,67.30,2019,2020
LOMOH-40 40MG/0.4ML,4,1550.00,960566.00,464566.00,48.36,2025,2025
"PESO PROVINCIAL # 960,000.00",1,1.00,959400.00,328114.80,34.20,2025,2025
EXECORE 500MG TAB,40,5223.00,958185.00,550047.00,57.41,2023,2025
SOLVAPRINE 10MG,163,1405.00,957547.58,749501.18,78.27,2019,2024
CLOVAS 75MG,71,794.60,949426.52,661395.18,69.66,2018,2023
DEXAMAX 4MG,48,1553.80,948166.68,698604.28,73.68,2018,2023
SALRESP,81,882.59,944871.83,378281.19,40.04,2017,2022
"PAGBILAO # 474,160",2,2.00,938000.00,108000.00,11.51,2024,2025
ZELEX 200MG,202,408.14,934040.65,623088.15,66.71,2017,2023
LOSAAR 100MG,17,1136.00,929581.00,642857.40,69.16,2020,2022
"SAMSUNG UHD 50"" TV",1,17.00,915025.00,456025.00,49.84,2021,2021
EVAPROST 125MCG/0.5ML,51,687.00,905122.90,292978.90,32.37,2023,2025
FLUARIX TETRA SH2021,1,700.00,899624.95,479624.95,53.31,2021,2021
FERGLOBIN 250MG,262,3521.10,890815.29,459009.04,51.53,2017,2023
AEROX 500MG,13,5765.00,890439.00,512364.00,57.54,2020,2023
ZEFTACARE 1G,36,2140.00,887150.00,806830.00,90.95,2018,2023
CIXTOR-Z 500MG,131,1212.00,886889.50,632999.50,71.37,2021,2025
PPE - COLORED (GDR),1,1500.00,885000.00,510000.00,57.63,2021,2021
"PAGBILAO # 879,800",1,1.00,876090.00,299622.78,34.20,2025,2025
"PAGBILAO # 882,000.00",1,1.00,875000.00,360500.00,41.20,2025,2025
CEFOPTI 750MG,22,615.00,871945.00,776350.00,89.04,2018,2020
CLAVIC 500MG/125MG,89,374.65,871033.52,427504.59,49.08,2018,2020
MORNEM 500MG,6,3300.00,868700.00,340700.00,39.22,2025,2025
DALAMYCIN 150 MG,18,181.00,862973.40,642112.56,74.41,2019,2023
CENDALEX 500MG,230,836.76,859267.11,633289.76,73.70,2017,2025
CORSIN-300 150MG/ML (300MG/2ML) 2ML,13,6660.00,856392.80,508772.80,59.41,2024,2025
LACTAMOX 250MG/62.5MG/5ML,219,2285.00,847921.60,574477.50,67.75,2018,2023
HYPHEN 50MG,55,1305.70,844410.50,538233.43,63.74,2018,2023
PHYTOBAS 10MG/ML IV,61,1030.50,836818.75,701153.75,83.79,2023,2025
"PAGBILAO # 921,080.00",2,2.00,836780.00,625193.52,74.71,2025,2025
CORBAL 250MG,29,441.00,828990.60,325358.32,39.25,2018,2023
ZEFTACARE 1G IV,18,12930.00,814435.50,245335.50,30.12,2024,2025
ANGEL-50 50MG,85,1034.28,808014.18,665165.56,82.32,2018,2023
GLOVES BLUE VINYL/NITRILE BLEND (SMALL),13,1090.00,803925.12,527025.12,65.56,2021,2022
ENHAMOX 500MG/125MG,68,264.66,801188.40,506092.50,63.17,2025,2025
"QMC # 799,200.00",1,1.00,796815.00,225675.00,28.32,2024,2024
"PAGBILAO # 2,422,600.00",1,1.00,783575.00,-366857.50,-46.82,2024,2024
AFENAX 100MG,116,547.46,778814.20,474495.50,60.93,2018,2024
GLOVEDOL 6.25MG,68,1785.63,770829.99,585739.90,75.99,2018,2024
ACIPRO 2MG,24,3105.00,761978.60,686539.70,90.10,2018,2023
GIOZOLE 40MG W/ DILUENT,12,14610.00,759638.00,276408.00,36.39,2023,2025
KZIDINE 35MG,55,679.00,757510.00,350110.00,46.22,2024,2025
XYNETRIX CHEWABLE TABLET,158,961.00,744782.96,293587.08,39.42,2019,2022
"QMC 787,170",1,1.00,743360.00,228640.00,30.76,2024,2024
OLXARIN 6000IU/0.6ML 60MG/0.6ML,2,355.00,740004.50,463104.50,62.58,2025,2025
"PAGBILAO # 2,162,681.15",1,1.00,736200.00,-360415.80,-48.96,2025,2025
XYNETIN 1500MG/200IU,146,941.34,731267.54,439452.14,60.09,2018,2019
UNDERPADS ANTIBACTERIAL X-LARGE (HEXACARE),6,3460.00,731098.00,0.00,0.00,2025,2025
GAVIXONE 1G WITH DILUENT,5,1900.00,730100.00,678300.00,92.91,2019,2020
GLOVES BLUE VINYL/NITRILE BLEND (LARGE),12,1130.00,729514.27,441754.27,60.55,2021,2022
"PAGBILAO # 731,538.00 LOT 7",1,1.00,726900.00,494667.40,68.05,2024,2024
"PAGBILAO # 730,670.00",1,1.00,726100.00,492340.00,67.81,2025,2025
CEFZIME 750MG IM/IV,24,1887.00,721595.00,239120.00,33.14,2017,2017
"SONOTRAX BASIC A, ULTRASOUND POCKET DOPPLER",3,8.00,716850.00,612850.00,85.49,2022,2023
HIVENT PLUS,36,1852.95,713916.25,343477.91,48.11,2022,2023
PROMEP 40MG,11,1476.00,712103.00,660503.00,92.75,2020,2021
TRIDEN 160MG TAB,88,292.00,707564.00,497324.00,70.29,2023,2025
PPE WHITE W/ BLUE STRIPES - M/L/XL,2,705.00,704315.60,432215.60,61.37,2021,2023
ABHAY-TOX 40IU/0.5ML VIAL,16,797.00,702295.00,248005.00,35.31,2025,2025
NOVASARTAN 50MG,2,2000.00,700000.00,645000.00,92.14,2023,2023
GITOR-40 40MG,9,195.00,699600.00,528975.00,75.61,2023,2025
"QMC # 700,000",1,1.00,699500.00,169500.00,24.23,2025,2025
CATAMED 75MCG TAB,57,311.00,691683.85,562283.85,81.29,2019,2023
TRIZEF 200MG TAB,38,74.00,681906.25,563506.25,82.64,2023,2025
"PAGBILAO # 921,080-1",1,1.00,676000.00,181789.36,26.89,2025,2025
ANEROCIN 300MG,111,311.00,675593.50,480947.47,71.19,2017,2025
TRIVASC 35MG,49,589.00,670107.00,412419.50,61.55,2023,2024
MAXIFER,16,1288.00,663950.00,394506.00,59.42,2017,2020
VESSEL COMPARATOR,3,203.00,659710.00,253710.00,38.46,2024,2025
IRBIN 150MG,47,708.00,656700.80,502304.15,76.49,2021,2023
LIFERZIN 250MG,36,1541.00,653717.00,452933.00,69.29,2019,2023
CUROXIM 750MG WITH DILUENT,9,13200.00,650760.00,294360.00,45.23,2025,2025
"PAGBILAO # 891,530.00",1,1.00,650192.20,222365.73,34.20,2025,2025
PPE - ALCOLUXX,1,1000.00,650000.00,490000.00,75.38,2021,2021
DOPABAS 40MG/ML,6,313.00,646059.50,513519.50,79.48,2020,2023
"QMC # 845,260.00",1,1.00,643500.00,222600.65,34.59,2025,2025
"PAGBILAO # 642,000",1,1.00,640510.00,219054.42,34.20,2025,2025
BUDESON 250MCG/ML (500MCG/2ML),33,285.36,640030.01,190741.75,29.80,2018,2021
IV CANNULA WITH WINGS & INJECTION VALVE G20 1.1X32MM (CATHULA),7,187.20,632736.00,220896.00,34.91,2024,2025
SAPHLOR-50,16,1147.00,632220.00,558879.00,88.40,2022,2023
MERAZOL-40 40MG,7,1651.00,621506.00,291306.00,46.87,2024,2025
SOLUNATE 84MG/ML (8.4%),113,47.16,620706.00,384769.17,61.99,2018,2021
T SHIRT WITH PRINT,11,1650.00,618275.00,290307.00,46.95,2021,2023
KN95 FACEMASK (PIECE),12,8553.00,618147.71,-377476.29,-61.07,2021,2022
"QMC # 609,629.50",1,1.00,608638.00,305936.80,50.27,2025,2025
"PAGBILAO # 833,154.00",1,1.00,605700.00,207149.40,34.20,2025,2025
EDEN F6 MONITOR 10.1 COLOR DISPLAY,2,2.00,600000.00,140000.00,23.33,2018,2018
EMLOR PLUS 5MG/50MG,132,1017.00,598661.50,378989.50,63.31,2023,2025
AIRCONDITION SPLIT TYPE INVERTER 2HP (CARRIER),1,5.00,598500.00,322000.00,53.80,2023,2023
"QMC # 597,322",1,1.00,596440.80,321802.41,53.95,2025,2025
BACTIV 625MG,27,1240.01,595418.04,237043.85,39.81,2018,2023
"PAGBILAO # 652,997.00",1,1.00,590021.00,164191.00,27.83,2025,2025
CORPILYN 500MG,31,25770.00,587613.50,238836.50,40.65,2023,2025
"QMC # 605,550.00",1,1.00,586630.50,280625.90,47.84,2025,2025
CEFUREX,6,250.00,581000.00,130725.00,22.50,2018,2018
TAZACIN 4G/500MG IV,15,840.00,578437.00,466781.00,80.70,2023,2025
AGLOTAC 25MG/ML (50MG/2ML),61,937.30,568985.00,83238.72,14.63,2018,2021
SANOMAX - FA,97,618.00,568499.34,222419.34,39.12,2022,2025
"EPOKINE 10,000IU/1ML",1,100.00,566500.00,384500.00,67.87,2025,2025
IV CANNULA WITH WINGS LUER LOCK G18 1.5X38MM (CATHULA),10,166.20,563236.00,197596.00,35.08,2024,2025
SOLVAPRINE 10MG TAB,84,774.50,563232.29,447057.29,79.37,2023,2025
OPTRYL EYE OINTMENT 0.5% 5G,7,2162.00,563116.00,331996.00,58.96,2023,2023
BERCEF 250MG/5ML SUS,130,1664.00,562050.00,326618.55,58.11,2018,2023
MECID 500MG,28,518.00,560740.00,521949.12,93.08,2020,2023
TOCINOX,8,6152.00,560400.00,504956.00,90.11,2018,2019
ISOPRINE 10MG,93,785.00,558266.35,385096.35,68.98,2018,2020
HYTRIX 100MG,23,1345.00,555449.00,268399.00,48.32,2023,2025
RESPOSAL-1,9,486.40,554539.40,324332.05,58.49,2020,2022
AFENAX 100MG TAB,83,280.00,552425.00,385825.00,69.84,2023,2025
AZCORE 500MG,21,1352.20,550135.43,396779.43,72.12,2020,2023
MULTIVIT PLUS,11,638.00,549440.00,518239.00,94.32,2020,2023
AMBIDOL 50MG/ML (100MG/2ML),65,1436.00,543182.90,419433.90,77.22,2019,2023
BENERVA FORTE CAP,54,482.00,542040.20,294555.20,54.34,2021,2023
"QMC # 542,292.50",1,1.00,541545.00,169282.75,31.26,2025,2025
ZEGECEF 250MG/5ML SUS,62,1530.00,533593.31,324557.76,60.82,2018,2021
IV CANNULA WITH INJECTION PORT LUER LOCK G24 0.7X19MM (CATHULA),11,156.18,527888.40,160256.40,30.36,2024,2025
DIFLOSID 75MG/3ML,94,833.00,523316.00,335593.71,64.13,2018,2023
RAXIDINE 25MG/ML 2ML,50,810.00,521342.50,433592.50,83.17,2023,2025
HYDROCORTIBAS 100MG VIAL,12,1470.00,521056.00,144736.00,27.78,2024,2025
EMZART-80 80MG,65,605.00,521018.00,361298.00,69.34,2023,2025
COVER ALL SUIT,1,180.00,520020.00,356220.00,68.50,2020,2020
MUCOLIFAR 500MG,62,156.00,517800.00,388100.00,74.95,2022,2025
SMACK LABORATORY GOWN,2,1300.00,517400.00,322400.00,62.31,2022,2023
ZELEX 200MG CAP,70,193.00,513250.00,334725.00,65.22,2023,2025
HYPRO 10MG/20ML,29,1035.00,511525.00,320725.00,62.70,2018,2023
APCEE 500MG,16,766.00,507952.50,320282.50,63.05,2020,2021
NUTRIBOARD WITHOUT BAG,1,100.00,499900.00,129900.00,25.99,2024,2024
SII-TO-VAC 0.5ML,2,650.00,498250.00,140750.00,28.25,2025,2025
LYSOL PROFESSIONAL DISINFECTANT LIQUID 5L,1,150.00,498000.00,88909.50,17.85,2021,2021
"PAGBILAO # 500,000",1,1.00,498000.00,179162.00,35.98,2025,2025
ROCIN 150,38,252.00,496350.00,328730.00,66.23,2018,2019
BENERVA PLUS 500MG/50MG/100MG/100MCG,82,328.00,493286.00,293516.00,59.50,2023,2025
HYPHEN 50MG AMP,11,501.00,485280.50,34355.85,7.08,2018,2019
CHROMOGENIC ENZYME SUBSTRATE TEST (COLIKAT RAPID),4,12.00,484390.00,138790.00,28.65,2024,2025
DIGITAL THERMOMETER - ADVAN,14,2026.00,483720.00,358772.00,74.17,2021,2023
UV LIGHT GERMICIDAL STERILIZER - TROLLEY,2,13.00,479500.00,413053.00,86.14,2021,2022
ENOCEE 500MG,65,1496.00,467820.33,393240.97,84.06,2020,2023
ENCLOXIL 500MG,112,484.00,467025.26,189332.26,40.54,2017,2025
MULTI GROW 120ML,152,2427.00,464923.20,240901.53,51.82,2017,2023
OLXARIN 4000IU/0.4ML (40MG/0.4ML),3,375.00,464790.00,232290.00,49.98,2025,2025
JAGA 300MG/100MG/100MCG CAP,127,338.00,464402.50,285262.50,61.43,2023,2025
ZAFEX 500MG,100,189.00,463115.00,236765.00,51.12,2018,2019
VITASTRONG SOFTGEL,46,190.00,459293.00,299573.00,65.22,2017,2019
HYCLENS 0.12% GARGLE 60ML,28,1794.00,456638.51,340093.51,74.48,2019,2020
LANTIDIN 50MG,12,32.30,456525.60,389895.28,85.40,2018,2020
AMCETAM 150MG/2ML,43,1519.70,453540.94,387121.45,85.36,2018,2023
EUROXIME 500MG,97,203.00,451960.00,143272.30,31.70,2017,2018
IM70 PATIENT MONITOR W/ CAPNOGRAPH,1,1.00,450000.00,170000.00,37.78,2021,2021
SPASMOCIN 20MG/1ML AMP,8,2089.00,447130.00,268710.00,60.10,2019,2023
IV CANNULA WITH WINGS LUER LOCK G22 .8X25MM (CATHULA),8,132.20,446836.00,155996.00,34.91,2024,2025
IMATET,18,473.50,446745.00,171420.00,38.37,2019,2021
MULTI GROW OB PLUS,93,387.00,444560.50,265676.88,59.76,2017,2023
CIUMADE,108,629.00,443709.61,162909.61,36.72,2022,2025
CLOXANE 500MG CAP,59,661.00,442352.19,305285.39,69.01,2018,2023
"PAGBILAO # 444,400.00",1,1.00,442288.00,154888.00,35.02,2024,2024
EXEL 500MG CAP,26,563.00,441709.00,96889.90,21.94,2019,2023
VITACORE 100MG,42,440.00,437603.00,370734.00,84.72,2018,2023
EPIX 1MG/ML IV,44,616.00,436625.00,335935.00,76.94,2023,2025
KETOROBAS 30MG,34,418.00,435768.78,183528.78,42.12,2018,2023
LYSOL 340G,3,624.00,431424.00,198666.00,46.05,2021,2022
DALINC 150MG/ML (600MG/4ML) 4ML,4,720.00,430992.00,250992.00,58.24,2025,2025
EXEL 100MG,22,362.00,428259.30,327278.30,76.42,2019,2023
ENERGEL SOFTGEL,84,245.75,427680.80,288356.15,67.42,2017,2021
SHARJVAX 3000 I.U. / 0.95ML,1,150.00,427500.00,247500.00,57.89,2021,2021
"QMC # 559,400.00",1,1.00,424760.00,145060.00,34.15,2025,2025
RENOKET 600MG,13,90.86,424164.29,186861.48,44.05,2018,2020
APREZAL 20MG/ML AMP,30,135.00,423400.00,192643.73,45.50,2018,2023
CLOVAS 75MG TAB,15,305.00,422508.00,311735.40,73.78,2023,2025
CEFOLAN 1G,7,2140.00,422400.00,360180.00,85.27,2018,2020
AMBILIN 500,16,855.00,420990.00,346090.00,82.21,2021,2023
CEFEXIL 500MG,77,241.24,418948.40,156100.00,37.26,2017,2018
BICOTEX,10,1593.40,418092.00,219767.00,52.56,2018,2020
POPICIN,10,893.50,412965.00,343782.50,83.25,2019,2021
METMIC 500MG,247,580.00,412791.25,280089.38,67.85,2017,2023
AZICARE 500MG TAB,31,205.79,411459.29,146708.49,35.66,2019,2021
PULSE OXIMTER ADULT (CHOICEMMED),4,108.00,411366.00,284886.00,69.25,2023,2025
SANDINE,14,50.40,410360.00,244460.00,59.57,2019,2021
"PAGBILAO # 411,000",1,1.00,409780.00,140144.76,34.20,2025,2025
PHIZOLIN 1G,15,1585.00,409700.00,195897.50,47.81,2020,2025
NERVAMIN PLUS 500MG/50MG/100MG/100MCG,111,282.60,408833.60,314503.20,76.93,2018,2019
MUCOLIFAR 500MG TAB,51,125.00,408510.00,271010.00,66.34,2023,2025
ZOLNEVAR 40MG,3,750.00,407500.00,382000.00,93.74,2020,2023
"QMC # 407,373.75",1,1.00,406885.00,157196.35,38.63,2025,2025
HYCLENS 0.2% WOUND CARE SOLUTION - 15ML,1,1440.00,403200.00,359654.40,89.20,2019,2019
OLXARIN 4000IU/0.4ML 40MG/0.4ML,2,183.00,402879.00,322359.00,80.01,2022,2022
BICARBISAPH 84MG/ML,3,61.00,402500.00,56250.00,13.98,2022,2023
NINGBO DAVID STAND ALONE PHOTOTHERAPY,2,2.00,400670.00,180670.00,45.09,2022,2023
DESKTOP PCX LFH,1,5.00,399975.00,198500.00,49.63,2022,2022
CORPILYN 250MG,13,15220.00,399875.10,220279.10,55.09,2025,2025
AROPOTIN 4000IU,10,28.00,399600.00,134000.00,33.53,2018,2018
"PAGBILAO # 400,000",1,1.00,399500.00,136629.00,34.20,2025,2025
SANOMAX-FA,66,416.00,399019.36,166059.36,41.62,2023,2025
OMCARE 40MG WITH DILUENT,7,8050.00,394754.50,129104.50,32.71,2025,2025
LACTAMOX 625MG,69,1165.00,393905.00,205020.36,52.05,2017,2017
ARTAL-H 50MG/12.5MG,69,272.00,392815.74,302854.38,77.10,2018,2023
HAIXONNE 1G POWDER,3,4080.00,391620.00,245740.00,62.75,2022,2023
F6 FETAL MONITOR SINGLE,1,1.00,390000.00,230000.00,58.97,2022,2022
MULTIVITA,21,2165.00,389823.40,186191.40,47.76,2019,2022
AZCORE 500MG TAB,23,348.03,388945.00,261549.50,67.25,2023,2025
FACE MASK N95 PARTICULATE RESPIRATOR SURGICAL MASK (3M),2,70.00,388000.00,350200.00,90.26,2021,2021
DOPAMET 250MG TAB,63,615.10,385233.98,222833.34,57.84,2018,2024
ALCOHOL - VELVETCARE ISOPROPYL 70%,1,480.00,384000.00,240000.00,62.50,2021,2021
BENERVA PLUS TAB,55,297.00,379790.20,216440.20,56.99,2019,2023
"MARINDUQUE # 450,000.00",1,1.00,379600.00,75863.20,19.99,2025,2025
LODIPEX - 10MG,24,861.00,379545.00,327885.00,86.39,2021,2022
EROXIME 750MG IV,42,241.00,379290.00,334795.00,88.27,2023,2025
GENTAM 40MG,82,976.00,376862.94,281194.39,74.61,2018,2023
JAGAPLEX TAB,136,376.28,375651.40,255912.23,68.12,2018,2023
MATTRESS 2X36X75,1,200.00,374900.00,254900.00,67.99,2022,2022
BCG VACCINE 500MG/ML+1ML DILUENT IN AMPULE,2,6.68,373986.00,176926.00,47.31,2025,2025
DISPOSABLE DIAPER ADULT XL (HEXACARE),7,1554.00,373576.00,1977.99,0.53,2023,2025
TRAXAN 100MG,20,611.00,373425.00,251225.00,67.28,2021,2022
SYVIR 200MG,1,25.00,370000.00,190000.00,51.35,2021,2021
LUNCHEONMEAT - LIBERTY,1,166.67,370000.00,136675.33,36.94,2021,2021
K-LYTE 600MG TABLET,4,290.00,369750.00,44950.00,12.16,2025,2025
COMOX 625MG,60,142.00,369748.70,209630.70,56.70,2018,2024
HYLAZINE 20MG,9,166.00,368710.00,60692.50,16.46,2019,2020
LACTAMOX 125MG/31.25MG/5ML,183,1805.00,368367.00,204318.03,55.47,2018,2023
"TOURISM # 368,000.00",1,1.00,367680.00,125746.56,34.20,2025,2025
AIRCON SPLIT TYPE 2HP INVERTER (CARRIER),1,4.00,366400.00,145200.00,39.63,2024,2024
SUCTION SET POOLE ABDOMINAL DRAIN - SIMPLEX,8,1400.00,365500.00,108000.00,29.55,2020,2023
"MARINDUQUE # 363,494.00",1,1.00,363300.00,172310.00,47.43,2025,2025
AMLOSAPH-10 10MG,2,480.00,361920.00,355200.00,98.14,2023,2023
BERCEF 250MG/5ML,79,940.00,361600.00,213220.00,58.97,2017,2025
REVITAPLEX TAB,14,644.60,359839.40,297601.48,82.70,2019,2023
"QMC # 409,770.00",1,1.00,357420.00,183321.94,51.29,2025,2025
HEPABIG 100I.U/0.5ML IV,3,100.00,357300.00,67300.00,18.84,2025,2025
"TOURISM # 356,000",1,1.00,355300.00,121512.60,34.20,2025,2025
NORVATROL 5MG,1,372.00,355260.00,323640.00,91.10,2023,2023
TOSYLAM 750MG,37,112.00,354325.00,223675.00,63.13,2017,2025
SPASBACINE,10,455.00,353900.00,240150.00,67.86,2018,2018
DALAMYCIN 600MG/4ML,9,358.00,353550.00,0.00,0.00,2018,2019
CIPRODIN 500MG,2,220.00,351800.00,286536.00,81.45,2020,2022
RELAXSAPH 500MCG+2.5MG/2.5ML,5,428.33,350761.00,196347.00,55.98,2024,2025
PHYTOMEN 10MG/ML IV,31,394.00,348270.00,284048.00,81.56,2023,2024
AMTRIX WITH DILUENT 1G,3,6850.00,347295.00,169195.00,48.72,2025,2025
CIUMADE TAB,86,402.00,345478.27,164578.27,47.64,2023,2025
EMZART-40 40MG,64,665.00,342014.30,238274.30,69.67,2023,2025
IM 70 PATIENT MONITOR TOUCH SCREEN,1,1.00,340000.00,130000.00,38.24,2020,2020
PATIENT MONITOR EQUIPMENT,1,1.00,340000.00,0.00,0.00,2019,2019
AMBIDOL 50MG/ML (100MG/2ML) 2ML,44,323.00,336630.00,316376.00,93.98,2023,2025
DIUFED 10MG/ML (20MG/2ML) 2ML,10,4053.00,335326.10,140782.10,41.98,2025,2025
"PAGBILAO # 335,000",1,1.00,334320.00,170820.00,51.09,2025,2025
FOLACID 5MG,158,742.46,334280.00,182058.69,54.46,2019,2024
ATRIUM 10MG/2.5ML,1,200.00,333500.00,0.00,0.00,2023,2023
LIFERZIN 500MG,9,101.00,331300.00,277493.50,83.76,2018,2020
EROXIME 500MG,17,486.00,329230.00,273340.00,83.02,2020,2023
MUROPHAR,13,1526.00,327859.00,233819.00,71.32,2020,2023
ZUDEM 200MG,18,50.00,327360.00,247360.00,75.56,2018,2020
OMEFREE,3,2510.00,326500.00,208530.00,63.87,2022,2023
EUROXONE 1G IV,25,1010.00,322960.00,249230.00,77.17,2023,2025
RAPICLAV 625MG,14,279.62,319645.24,167176.14,52.30,2018,2021
OMRAZ 40MG,33,1271.00,319605.00,253741.78,79.39,2019,2020
FUROXIDE 10MG/2ML,50,734.00,318280.60,269499.10,84.67,2018,2023
PHILCLOX 500MG,54,373.42,317850.59,159541.92,50.19,2018,2023
"PAGBILAO # 390,100.00",1,1.00,317500.00,59158.12,18.63,2024,2024
ZILTEM 25MG,23,78.00,316405.00,142525.10,45.05,2023,2025
NEUROBE 100MG AMP,7,551.00,316300.00,254480.00,80.46,2021,2023
UV LIGHT CZYD-ZW60WYKW 60W,5,5.00,315716.11,255717.36,81.00,2020,2021
JACKSON PRATT 100ML,25,215.00,315290.00,118290.00,37.52,2018,2023
"PAGBILAO # 588,760.90",1,1.00,315000.00,-69930.00,-22.20,2025,2025
ABDOMINAL BINDER,7,1215.00,314800.00,153150.00,48.65,2020,2023
TUXADO ENOXAPARIN SODIUM INJECTION USP 60MG,1,73.50,314727.00,289369.50,91.94,2022,2022
"PAGBILAO # 449,000.00",1,1.00,314300.00,106076.25,33.75,2024,2024
"PROVINCIAL TOURISM OFFICE # 769,210.00",1,1.00,313390.00,-196072.50,-62.57,2024,2024
DIADIPINE 5MG,1,328.00,313240.00,295200.00,94.24,2023,2023
FERN-D 120'S,3,126.00,311476.00,225796.00,72.49,2021,2022
MINOR SURGERY SET 37'S (OLTEN),1,10.00,310000.00,154930.00,49.98,2025,2025
CIFROX 500MG,89,2133.00,307310.00,84055.00,27.35,2017,2018
CAPSUGEN FORTE,98,322.40,306307.47,96097.62,31.37,2017,2020
"PROVINCIAL TOURISM OFFICE # 306,000.00",1,1.00,305800.00,103207.50,33.75,2024,2024
"QMC # 306,000",1,1.00,305400.00,185430.00,60.72,2025,2025
FACE MASK EARLOOP,29,1317.00,304964.00,244099.00,80.04,2018,2023
LOCETIN 5MG,45,110.00,304884.00,273744.75,89.79,2018,2022
GAUZE ROLL 28X24 - SURGITECH,16,184.00,303742.00,138142.00,45.48,2018,2023
FERGLOBIN 250MG CAP,87,567.00,303715.49,119440.49,39.33,2023,2025
KETERO 30MG,10,512.00,302800.00,254760.00,84.13,2018,2020
VOXOLL 30MG,107,436.00,302722.00,229191.00,75.71,2017,2025
BENERVA FORTE 300MG/100MG/100MCG,47,256.00,301460.50,167060.50,55.42,2023,2025
"PAGBILAO # 404,280.00",1,1.00,300820.00,102880.44,34.20,2025,2025
AEROVENT 1MG/ML,33,745.85,300660.81,76220.05,25.35,2018,2023
SPASMOSON 20MG,8,316.00,299880.00,77280.00,25.77,2018,2019
AIRCON SPLIT TYPE 2.5HP INVERTER (CARRIER),1,2.00,299600.00,181604.00,60.62,2024,2024
"TOURISM # 300,000.00",1,1.00,299200.00,102326.40,34.20,2025,2025
ANMUM PLAIN,1,1200.00,298800.00,63000.00,21.08,2020,2020
IV CANNULA WITHOUT INJECTION PORT LUER LOCK G26 0.6X19MM (CATHULA),6,88.22,298183.60,93655.60,31.41,2024,2025
SITIXON 1G 10ML,26,3253.00,297910.00,183174.00,61.49,2023,2025
EVAPROST 250,7,257.00,297700.00,183300.00,61.57,2017,2020
ECG MACHINE 3 CHANNEL (MEDX),2,3.00,296100.00,131100.00,44.28,2025,2025
CARVIDA 6.25MG,16,562.00,295416.00,221232.00,74.89,2024,2025
NAXCIL-600 600MG,4,1060.00,295410.80,99310.80,33.62,2022,2023
CORSTAPH 500MG,63,1771.89,293613.00,182981.55,62.32,2017,2021
"PAGBILAO # 145,973",2,2.00,291414.10,143820.10,49.35,2025,2025
SYLVITE 2MEQ/ML,21,479.80,289765.40,169250.45,58.41,2018,2023
"PAGBILAO # 327,050.00",1,1.00,289362.50,57878.50,20.00,2025,2025
GREEN CROSS ALCOHOL 500ML,15,2609.00,288026.00,1274.10,0.44,2019,2022
EUROGYL 5MG/ML (500MG/100ML),28,2447.00,287790.00,231647.00,80.49,2018,2021
SAPHORMIN 500MG,22,899.00,285332.50,64355.94,22.55,2019,2023
DIFLOSID 25MG/ML 3ML,65,386.50,284582.60,235962.10,82.92,2023,2025
ALLECUR 10MG,38,462.24,283519.98,268185.74,94.59,2019,2023
AIDEX 5LITRES,10,93.00,282380.00,158360.00,56.08,2020,2022
"QMC # 281,480.00",1,1.00,280900.00,175398.00,62.44,2025,2025
VICEPHRIN 250MG/5ML,116,1570.00,279658.80,75783.90,27.10,2017,2021
ANMUM MATERNA PLAIN 180G,1,1000.00,279000.00,82250.00,29.48,2023,2023
ZACZIN 20MG/ML,15,848.00,278855.00,239347.00,85.83,2021,2023
RANIREX 25MG/ML,47,395.00,278800.00,265651.50,95.28,2018,2022
CELEKOP 200MG CAP,17,340.00,277809.00,233105.00,83.91,2024,2025
"PAGBILAO # 373,500",1,1.00,275500.00,31053.00,11.27,2025,2025
MONILIASOL 125MG/5ML,237,3154.61,275290.11,55709.40,20.24,2017,2021
LAZICARE 10MG/ML (20MG/2ML) 2ML,16,3186.00,273530.00,98450.00,35.99,2024,2025
MULTI GROW 30ML DROPS,117,1792.00,273309.84,160171.84,58.60,2018,2023
JVAX,2,350.00,273000.00,0.00,0.00,2018,2018
ISOLATION GOWN - RHYCOM,1,1500.00,270000.00,180000.00,66.67,2021,2021
BLESOFOXITIN 1G IV,6,1150.00,269070.00,120620.00,44.83,2024,2025
BIO TT 40IU,10,223.50,268994.15,117534.15,43.69,2021,2023
MONILIASOL 500MG,181,529.47,268447.67,182383.67,67.94,2017,2021
BUNNY SUIT MICROFIBER,2,600.00,268200.00,103200.00,38.48,2022,2023
GOPAMINE 40MG/ML (200MG/5ML) 5ML,16,471.00,267962.50,194957.50,72.76,2024,2025
"QMC # 268,031",1,1.00,267875.00,122995.00,45.92,2025,2025
IV CANNULA 20G - HEXACARE,5,95.00,267615.00,205865.00,76.93,2025,2025
RESPINAL 500MG,53,181.00,266969.68,192912.90,72.26,2017,2023
DEXAMAK 4MG/ML (8MG/2ML),11,361.00,265970.36,115650.36,43.48,2021,2025
SEZUVIN 100MG/ML (500MG/5ML),2,236.00,265915.36,205735.36,77.37,2025,2025
HEMOSTAP 500MG,45,170.00,264785.00,198959.99,75.14,2020,2023
N95 FACE MASK PARTICULATE RESPIRATOR SURGICAL MASK (3M),6,81.60,263824.00,232894.00,88.28,2022,2023
CLINDASAPH 600 150MG/ML (600MG/4ML) 4ML,2,220.00,263384.00,120604.00,45.79,2025,2025
METRICIDE,22,131.00,262800.00,105835.72,40.27,2018,2021
CLINDATEC 150MG/ML (300MG/2ML) 2ML,1,3000.00,261960.00,96960.00,37.01,2025,2025
DISPOSABLE SYRINGE 3CC - COSMED,4,260.00,261600.00,196600.00,75.15,2020,2023
EROXIME 750MG,21,147.00,260230.00,226522.00,87.05,2022,2023
APCELAC 500MG HERBAL FOOD SUPPLEMENT,46,397.60,259365.20,101525.20,39.14,2021,2025
BIOGIC 250MG SUS,33,2982.00,259356.60,47115.20,18.17,2019,2023
"WHEELCHAIR, MAGS",1,20.00,259000.00,0.00,0.00,2019,2019
HEMOBAS 500MG/5ML,38,382.00,256376.57,172871.32,67.43,2019,2023
IMATET 40IU/0.5ML,8,208.60,255257.20,138103.20,54.10,2022,2023
PUROXEL 40MG,76,200.42,254266.00,113870.00,44.78,2017,2019
ANTIZOAL,15,2000.00,254250.00,203225.00,79.93,2017,2020
ZEGECEF 250MG/5ML,36,592.00,254144.00,160933.00,63.32,2017,2018
"MARINDUQUE # 253,607.00",1,1.00,253607.00,89749.00,35.39,2025,2025
MUPIDERM,10,1425.00,253184.30,144572.92,57.10,2021,2023
"MICROPORE 1"" - 3M",37,307.74,252802.14,130412.24,51.59,2018,2020
NICARDSAPH 1MG/ML 10ML AMP,7,710.00,250840.00,176920.00,70.53,2023,2023
SUCROSAPH 20MG/ML (100MG/5ML) 5ML,17,106.00,250650.00,216942.00,86.55,2024,2025
FUSIFRED 20MG/G (2% W/W) 10G,2,1000.00,250000.00,170000.00,68.00,2025,2025
SAPHIXIME 200MG,15,209.99,249038.61,174196.50,69.95,2019,2023
PHOTOCOPIER (TASKALFA 32121),1,1.00,249000.00,88980.00,35.73,2023,2023
"MARINDUQUE # 250,000.00",1,1.00,248500.00,83392.00,33.56,2025,2025
VOLUMETRIC SOLUTION INFUSION SET 150ML (INDOPLAS),3,1060.00,247700.00,172900.00,69.80,2023,2024
SHARJVAX 1500IU,2,320.00,247000.00,0.00,0.00,2019,2019
ROSEMIDE 10MG,27,747.00,246972.00,91978.80,37.24,2018,2019
EVAPROST 125,12,370.00,246296.00,143336.00,58.20,2017,2020
ASTYMIN 120ML,25,533.00,245800.00,160100.00,65.13,2017,2017
GLOVES (M) - GLOMED,21,513.00,245135.00,122387.83,49.93,2019,2023
PULSE OXIMETER,7,52.00,244610.00,179810.00,73.51,2020,2023
NITRILE EXAMINATION GLOVES LARGE,5,505.00,244600.00,118350.00,48.39,2023,2023
HISTARIL 1MG/50MG/5ML SYR,204,3153.00,244032.10,166183.18,68.10,2018,2025
"QMC # 243,780",1,1.00,243380.00,131195.00,53.91,2025,2025
RECORMON 5000IU/0.3ML,1,20.00,240000.00,75500.00,31.46,2025,2025
SAMSUNG 2HP INVERTER AIRCON,1,2.00,239990.00,151000.00,62.92,2022,2022
ECG MACHINE EDAN SINGLE CHANNEL,2,2.00,239500.00,191500.00,79.96,2019,2021
INHIBITA 40MG,60,347.95,239332.10,208783.81,87.24,2018,2023
"PAGBILAO # 240,000.00 LOT 12",1,1.00,239000.00,127300.00,53.26,2024,2024
CINNABLOC 25MG,166,549.35,238456.07,163573.99,68.60,2017,2023
ANEROCIN 300MG CAP,29,76.00,237555.50,163151.50,68.68,2023,2025
MICROPORE 1X10 2.5CMX9.1M (3M),19,296.00,236926.60,90546.60,38.22,2023,2025
CLAVIC 250MG/62.5MG/5ML,45,606.00,236794.49,54671.03,23.09,2017,2019
DOLOGESIC 325MG/37.5MG TAB,52,224.00,236492.00,176012.00,74.43,2024,2025
FLACOXTO 200MG,24,104.00,235732.10,213009.10,90.36,2018,2021
NERVAPLEX 500MG,94,188.23,234737.10,143947.95,61.32,2018,2020
FENTIN 10MG/ML,8,157.00,234440.00,100070.00,42.68,2020,2023
FUROSE 10MG/ML,45,545.10,234110.00,116365.67,49.71,2018,2021
GEMICEF 750MG VIAL W/ DILUENT,3,3540.00,233720.00,99200.00,42.44,2023,2023
GLOVES BLUE VINYL/NITRILE BLEND (XL),4,362.00,233693.12,132333.12,56.63,2021,2022
CORTIREX,9,365.00,233165.00,172940.00,74.17,2022,2023
CARDOWIN 1MG/ML 10ML,5,1410.00,233123.40,106223.40,45.57,2025,2025
AHBAY-TOX 40IU/0.5ML IM,7,264.00,232222.50,79102.50,34.06,2024,2024
EURYTHMIC 50MG/ML (150MG/3ML),11,46.00,232155.95,161545.95,69.59,2024,2025
JAGAPLEX,83,241.50,231491.40,148969.90,64.35,2017,2024
ENDOPROST 125MCG/ML,22,123.00,231165.00,115545.00,49.98,2025,2025
"PAGBILAO # 231,000.00 LOT 9",1,1.00,230250.00,74250.00,32.25,2024,2024
HIVENT 1MG/2.5ML,45,382.18,230144.67,97111.56,42.20,2018,2023
"PAGBILAO # 230,400.00",1,1.00,229860.00,78612.12,34.20,2025,2025
AUTOCLAVE MACHINE - 50 LTRS,1,1.00,229500.00,164500.00,71.68,2020,2020
VELON 6.25MG TAB,20,546.00,229107.82,197071.82,86.02,2023,2025
SHOE COVER,10,335.00,227843.23,156748.23,68.80,2021,2023
BUVA HEAVY 5MG,1,33.50,227800.00,224617.50,98.60,2022,2022
UNIDOL 50MG/ML,37,41.00,227765.00,176259.00,77.39,2018,2020
MEGYXAN 500MG CAP,17,244.00,227583.50,208696.25,91.70,2019,2023
AGYNAPIN 1MG/ML,2,239.00,226552.10,83152.10,36.70,2022,2022
NATRASOL 100MG,8,202.00,226499.78,27881.45,12.31,2019,2020
EUROXIME 250MG/5ML,64,614.00,225877.54,142533.04,63.10,2017,2020
DENGUE 1GG/1GM 25 TEST+1,2,10.00,225000.00,-12500.00,-5.56,2018,2018
TRIZINE SYRUP,20,718.00,223380.00,82080.00,36.74,2020,2023
LACTAMOX 250MG/62.5MG/5ML 60ML,33,610.00,223309.00,144192.00,64.57,2023,2024
"PAGBILAO # 222,500",1,1.00,222100.00,208150.00,93.72,2025,2025
DIGITAL THERMOMETER - SURGITECH,38,2083.00,221786.00,106236.00,47.90,2018,2023
STEEL FILING CABINET - PO G2680,2,15.00,221125.00,101140.00,45.74,2020,2021
AMSUTAS,12,840.00,220260.00,181460.00,82.38,2017,2020
CO-AMOXICARE 500MG/125MG TAB,7,184.67,219955.98,2140.70,0.97,2019,2019
HIVENT PLUS 500MCG+2.5MG/2.5ML,21,242.66,219913.75,113492.75,51.61,2023,2025
EQUIRAB 200IU/ML (1000IU/5ML) 5ML,1,100.00,219500.00,49500.00,22.55,2024,2024
UV LIGHT GERMICIDAL BULB T530WG13UV LANDLITE,10,56.00,218683.53,162697.53,74.40,2021,2022
BUPIRIGHT,2,170.00,218170.00,191820.00,87.92,2018,2018
MECLOP 5MG\ML,34,689.00,217883.00,195107.00,89.55,2021,2023
DOPNAX 40MG,22,307.00,217060.15,149890.15,69.05,2020,2023
AXIMEED 200MG,4,49.34,215864.28,30643.00,14.20,2020,2020
COMXICLA 625MG TAB,4,230.50,215863.59,176678.59,81.85,2021,2021
FACE MASK N95 PARTICULATE RESPIRATOR,4,130.00,212762.50,186317.50,87.57,2020,2023
ENHAMOX 250MG/62.5MG/5ML 60ML,34,552.00,212740.00,139722.10,65.68,2024,2025
"QMC # 213,400",1,1.00,212546.40,84506.40,39.76,2025,2025
MEDRIZINE 5MG/5ML SYRUP,14,1431.00,212402.00,179119.50,84.33,2020,2023
MICROSCOT 20MG,16,874.00,211983.73,3819.50,1.80,2020,2021
ACIFOX,5,304.10,211447.00,109640.00,51.85,2017,2019
CETHERGO 200MCG/ML,22,466.80,211115.00,107795.00,51.06,2023,2023
FEXIL 500MG,30,1116.00,210900.00,98220.00,46.57,2017,2018
DUOTRAM 325MG,58,147.22,210812.42,84972.50,40.31,2018,2019
XITHROM 150MG,19,48.00,210600.00,131025.00,62.22,2017,2018
"PAGBILAO # 411,290",2,2.00,209990.00,-216634.00,-103.16,2024,2025
TRIZINE SYR,18,696.00,209814.00,74094.00,35.31,2018,2019
HYOSAPH 20MG/ML,3,615.00,209612.50,105062.50,50.12,2025,2025
SPINAL NEEDLE G25 X89MM (ORMED),5,1407.00,207039.00,150759.00,72.82,2025,2025
"QMC # 206,923.50",1,1.00,206820.00,88578.00,42.83,2025,2025
FERGLOBIN FA 60MG/400MCG,91,257.31,206267.64,135004.65,65.45,2017,2024
SPINAL NEEDLE G.25 - TOP,15,160.75,206199.00,67171.27,32.58,2018,2023
HYCLENS SKIN CLEANSER 4G/100ML 60ML,2,750.00,206031.60,120981.60,58.72,2023,2025
RAXIDINE,16,253.00,204760.00,166885.00,81.50,2022,2023
"QMC # 213,200",1,1.00,204480.75,127475.75,62.34,2025,2025
"PAGBILAO # 298,999.7",1,1.00,203319.80,68620.44,33.75,2024,2024
CORTIREX 100MG,11,166.00,202800.00,171335.00,84.48,2018,2019
SOLVASC 5MG,43,172.03,202604.08,140769.89,69.48,2018,2023
UNDERPADS ANTIBACTERIAL LARGE (HEXACARE),14,964.00,202258.00,101533.00,50.20,2023,2025
PHYTOBAS 10MG/ML,19,321.00,201890.00,156705.00,77.62,2020,2023
RESPI-SAPH 250MCG/ML (500MCG/2ML) 2ML,11,95.96,201740.30,75495.30,37.42,2023,2024
HYCLENS SKIN CLEANSER 60ML,1,720.00,201600.00,119952.00,59.50,2020,2020
ELECTAB 600MG,5,493.33,200867.50,11392.50,5.67,2025,2025
"QMC # 201,300.00",1,1.00,200780.00,43580.00,21.71,2024,2024
PAPER TOWEL - JADE,3,2100.00,200620.00,107070.00,53.37,2021,2023
FENTIN 50MG/ML 2ML,18,59.00,200410.50,147271.50,73.48,2023,2025
"PAGBILAO # 200,000.00",1,1.00,199800.00,67432.50,33.75,2024,2024
HBSAG MD 100T,3,253.00,199287.85,105902.85,53.14,2018,2019
MEDRIZINE 2.5MG/ML DROPS,13,1282.00,199219.78,165193.41,82.92,2020,2023
POLO SHIRT BC,1,444.00,199134.00,110334.00,55.41,2022,2022
"PAGBILAO # 200,000",1,1.00,199100.00,68092.20,34.20,2025,2025
HYPOSOL,5,1248.00,199032.00,101688.00,51.09,2019,2021
FOCID 5MG,76,1700.00,198787.56,70275.03,35.35,2017,2019
SPASBASCINE 20MG/ML,14,537.00,198035.00,85789.00,43.32,2023,2025
APCELAC 500MG,41,302.60,197955.00,76915.00,38.85,2023,2025
SAMPLE VESSELS 120ML WITH SODIUM THIOSULFATE,3,11.00,197140.00,89340.00,45.32,2024,2025
POVIDONE IODINE 10% 120ML (ZETADONE),1,2400.00,196800.00,28800.00,14.63,2024,2024
RUCEF,12,83.00,196778.23,115455.03,58.67,2021,2024
STRETCHER CONVERTABLE INTO WHEELCHAIR,1,2.00,196540.00,129540.00,65.91,2025,2025
ANIFER 190MG,25,436.79,195457.00,164078.28,83.95,2019,2023
"PAGBILAO # 196,000",1,1.00,195437.50,66987.67,34.28,2025,2025
DROPLIGHT GOOSE NECK EXAMINATION LAMP,1,39.00,194805.00,97305.00,49.95,2025,2025
BLOOD GLUCOSE TEST STRIPS (EASYTOUCH),2,217.00,194739.00,22289.00,11.45,2023,2024
VONWELT TRANEXAMIC ACID,59,120.00,194426.00,156026.00,80.25,2018,2020
INSULIN SYRINGE WITH NEEDLE 1/2CC 29GX1/2 (TERUMO),7,162.00,193914.00,72414.00,37.34,2025,2025
MERGOT 125MCG,38,104.00,193254.00,122784.00,63.54,2023,2025
VOXOLL 30MG TAB,104,316.52,192682.93,140222.57,72.77,2018,2023
CETHERGO 200MCG/ML IV,37,55.70,192495.80,128929.00,66.98,2023,2025
FORTIPLEX,84,199.00,192169.50,121107.95,63.02,2018,2020
CLOXANE 500MG,16,443.00,190973.75,77446.75,40.55,2018,2025
"PAGBILAO # 288,255.00",1,1.00,190265.00,932.08,0.49,2025,2025
"PPDC # 190,296.00",1,1.00,189600.00,73620.00,38.83,2025,2025
ALAMIN 500ML,18,142.00,188400.00,138700.00,73.62,2018,2019
CIPROGYL 2MG/ML (200MG/100ML),10,5080.00,188387.20,56307.20,29.89,2025,2025
CETHERGO 200MCG,26,45.00,188350.00,136580.00,72.51,2020,2022
CYFROX 500MG,34,204.00,187830.80,111789.93,59.52,2018,2025
BETZINE 16MG TAB,6,166.00,187637.00,149457.00,79.65,2025,2025
KLOPIDO,26,1287.00,187203.00,106309.50,56.79,2017,2017
BRODIX 2.5/2.5ML NEB,32,383.65,186713.51,86591.50,46.38,2019,2021
"PAGBILAO # 187,000",1,1.00,186600.00,45350.00,24.30,2025,2025
CLOPEGEN 75MG,6,133.00,186378.75,179420.75,96.27,2023,2025
BETZINE 8MG,10,112.00,185745.00,142875.00,76.92,2021,2023
ACTEINSAPH-600 600MG,13,314.00,184591.00,99811.00,54.07,2023,2024
TERMAGEN 500MG,83,1449.26,183801.35,118039.42,64.22,2017,2023
AMICARE 125MG/ML (250MG/2ML),11,214.80,183775.00,134018.40,72.93,2018,2020
ACIFOX 1G,7,107.00,183468.00,51598.00,28.12,2023,2025
BP APPARATUS ANEROID SPHYGMOMANOMETER (BAXTEL),4,85.00,181953.00,-1005.00,-0.55,2023,2025
AMCETAM 150MG/ML 2ML,23,1944.00,181116.90,99468.90,54.92,2024,2025
PLASTIC CHAIR - PO G2680,3,290.00,180450.00,77420.00,42.90,2020,2022
KN95 FACEMASK - CHRISTINE,2,1100.00,180000.00,172300.00,95.72,2021,2021
"BENEHEART R3, ECG MACHINE",1,1.00,180000.00,120000.00,66.67,2020,2020
DOXYPERL,1,200.00,179800.00,152980.00,85.08,2022,2022
KETOPANE,12,249.00,179285.05,120245.05,67.07,2022,2023
HISTARIL 100MG/2MG,59,445.00,178808.00,119126.65,66.62,2017,2025
GAUZE PAD 4X4X8 PLY 24X28 MESH,2,500.00,178600.00,0.00,0.00,2023,2023
"PAGBILAO # 569,792.00",1,1.00,177660.00,-196463.01,-110.58,2025,2025
ZURENIX 500MG,11,313.00,176935.00,148936.00,84.18,2019,2020
BROADMETZ 500MG,69,675.80,176743.50,127926.93,72.38,2017,2020
ALL SILICONE DUODENAL TUBE F.16 - UNIMEX,32,796.00,175916.00,18011.00,10.24,2018,2021
GLOVES STERILE LATEX (6.5) SURE-GUARD,5,170.00,175840.00,46840.00,26.64,2021,2023
SURGICAL GLOVES 7.5 INDOPLAS,5,130.00,175340.00,77840.00,44.39,2023,2023
TOBRAMYZIN 3MG/ML (0.3% W/V) 5ML,1,500.00,175000.00,102500.00,58.57,2025,2025
"PAGBILAO # 175,000",1,1.00,174500.00,62000.00,35.53,2025,2025
ANMUM MATERNA PLAIN 180G X 24,1,624.00,174408.00,55224.00,31.66,2021,2021
CLOPINOVA,9,122.00,173490.00,162514.00,93.67,2023,2023
POVIDONE IODINE 75MG/ML (7.5% W/V) 120ML (ZETADONE),1,1440.00,172584.00,71784.00,41.59,2024,2024
SOLUSET UNIMEX,3,600.00,172400.00,112400.00,65.20,2020,2023
BOUFFANT CAP,22,603.50,171409.20,81955.20,47.81,2019,2023
"PAGBILAO # 171,550.00",1,1.00,171111.75,77384.25,45.22,2025,2025
COZEC,15,302.00,170580.00,140110.00,82.14,2017,2017
MICROSCOT 20MG 5G,10,1470.00,170455.00,131335.00,77.05,2024,2025
PRESTIGE ALCOHOL,4,254.00,170390.00,95390.00,55.98,2022,2023
DALAMYCIN 150MG,3,45.00,170000.00,163250.00,96.03,2018,2018
LINDELL 50MG/ML (5%),2,600.00,169900.00,100.00,0.06,2025,2025
"PAGBILAO # 170,200",1,1.00,169845.00,58086.99,34.20,2025,2025
BIOLAC 3.33G/5ML,7,1400.00,169582.00,22582.00,13.32,2025,2025
GLOVES MEDIUM LATEX NONSTERILE (SURGITECH),4,600.00,169200.00,49200.00,29.08,2024,2025
CENDALEX 500MG CAP,61,180.90,169020.00,130014.10,76.92,2020,2023
LUPINSULIN R,6,440.00,168625.50,55015.50,32.63,2022,2023
GLYCINORM 80MG TAB,21,275.22,167957.30,132455.47,78.86,2019,2023
RANICLAV 625MG TAB,14,496.57,167616.60,82331.86,49.12,2023,2025
NURAMINE FORTE 100MG/100MG/1MG SOL FOR I.V,4,185.30,166770.00,148610.60,89.11,2021,2022
FOLACID 5MG CAP,48,350.00,166733.44,84045.94,50.41,2023,2025
"PAGBILAO # 417,149.00-2",1,1.00,165800.00,10371.00,6.26,2025,2025
"PAGBILAO # 417,149.00-1",1,1.00,165800.00,10371.00,6.26,2025,2025
BENERVA FORTE,25,143.00,165241.00,90166.00,54.57,2019,2020
"QMC # 165,000",1,1.00,164780.00,76780.00,46.60,2025,2025
ALCOHOL ISOPROPHYL 70% - ALCORADE,2,235.00,164432.50,86882.50,52.84,2022,2023
"AUTOCLAVE TAPE 3/4""",9,203.00,164100.00,125660.00,76.58,2019,2023
"PPDC # 164,420",1,1.00,164052.00,56105.78,34.20,2025,2025
(M) DISPOSABLE GLOVES VINYL AIEL,1,250.00,162500.00,92500.00,56.92,2021,2021
COVID-19 AG STANDARD Q BIOSENSOR TEST KIT,1,10.00,162500.00,12500.00,7.69,2021,2021
HEMOTRAN 500MG,41,86.00,162475.50,88628.00,54.55,2017,2019
MASOLEV 100MG/ML (500MG/5ML),2,144.00,162253.44,119773.44,73.82,2025,2025
PLAZIMIDE 5MG/ML (10MG/2ML),19,1122.00,162185.50,94865.50,58.49,2024,2025
"QMC # 162,922.00",1,1.00,161999.80,69779.80,43.07,2024,2024
SAPHLOPID 75MG,31,120.80,161187.63,118142.23,73.29,2019,2023
AZECLO 100MG,52,84.00,160785.00,80827.00,50.27,2017,2019
CEEPRAZOL 20MG,54,279.21,160589.06,105617.86,65.77,2017,2021
"PAGBILAO # 160,000",1,1.00,159600.00,67607.00,42.36,2025,2025
NICARSAPH 1MG/ML 10ML,8,640.00,159432.00,98832.00,61.99,2023,2025
COMPUTER SET,1,2.00,159000.00,90350.00,56.82,2022,2022
LIPIVASC 40MG,14,174.00,158562.50,54225.25,34.20,2018,2018
OPTRYL 5MG/G (0.5%) 5G,18,629.00,158495.10,74887.60,47.25,2023,2025
MIROCID 5G,13,853.00,158400.00,113490.00,71.65,2020,2023
AXALAV 500MG/125MG (625MG),3,154.95,158054.00,91324.50,57.78,2024,2025
AMINOSTERIL INFANT 6% 100ML,2,250.00,157647.50,34447.50,21.85,2025,2025
GLOVEDOL 6.25MG TAB,3,1500.00,157500.00,90750.00,57.62,2025,2025
ROSVA 20-20MG,26,150.00,156931.20,118165.20,75.30,2024,2025
HISTARIL 2MG/100MG CAP,95,213.40,156823.42,111881.92,71.34,2018,2023
INSULIN SYRINGE 1/2 CC G29 TERUMO,20,103.00,156715.90,74915.90,47.80,2020,2023
AMPI-1,56,404.40,156296.75,106923.07,68.41,2018,2023
HYDROGEN PEROXIDE 3% 10VOL 120ML (GREATSTAR),2,2440.00,155902.00,82702.00,53.05,2024,2025
AMBIMOX 500MG,19,314.00,155885.50,33196.84,21.30,2018,2023
CORPILYN 1G,11,5200.00,155675.50,82875.50,53.24,2025,2025
AXMEL 500MG,28,423.00,155405.50,84352.50,54.28,2019,2023
"PAGBILAO # 155,000",1,1.00,154660.00,93660.00,60.56,2025,2025
EUROGYL 500MG,8,1120.00,154500.00,128740.00,83.33,2017,2017
AMBICAL-PLUS 500MG/200IU,1,561.00,154275.00,70405.50,45.64,2025,2025
DISPOSABLE SYRINGE 5CC - SUREGUARD,4,160.00,154242.00,120482.00,78.11,2020,2023
AMCETAM,8,790.30,154167.44,121211.93,78.62,2018,2018
VICRYL 1-0 ROUND NEEDLE ETHICON,2,32.00,152970.00,2442.00,1.60,2023,2023
XELIC 400MG,1,34.00,152286.00,131036.00,86.05,2021,2021
"PAGBILAO # 258,380.00",1,1.00,151200.00,24034.50,15.90,2024,2024
OFPLEMED 300MG SYRUP 60ML,19,1536.00,151154.00,44143.00,29.20,2019,2023
LYSOL 510G,5,141.00,150950.84,80291.54,53.19,2021,2023
DISPOSABLE SYRINGE 5CC PARTNERS,3,140.00,150010.00,115010.00,76.67,2023,2023
LYCORTIS 100MG,6,210.00,150000.00,38910.00,25.94,2023,2023
"PAGBILAO # 200,000.00 -1",1,1.00,149850.00,19050.00,12.71,2024,2024
INTRAPLEM 100MG/5ML,115,1663.00,149671.80,99812.33,66.69,2017,2022
NITROFIX SR 30MG,37,517.00,149545.00,88750.00,59.35,2018,2023
DEHYDROSOL 250ML,42,911.00,149508.70,106790.20,71.43,2018,2023
(S) DISPOSABLE GLOVES VINYL AIEL,1,230.00,149500.00,85100.00,56.92,2021,2021
CARRIER A/C FP53CEP024302,1,1.00,149500.00,83502.00,55.85,2023,2023
XURIC 40-40MG,13,110.00,149327.00,136677.00,91.53,2024,2025
SYRINGE 3CC - TERUMO,2,150.00,149310.00,0.00,0.00,2019,2019
PROCARV 6.25MG,30,140.80,149285.00,48946.50,32.79,2018,2018
"PPDC # 150,000",1,1.00,149250.00,51043.50,34.20,2025,2025
AMBTOCYN 10IU,4,150.00,148700.00,138562.00,93.18,2020,2023
DEXAMAX 4MG/ML (8MG/2ML) 2ML,28,218.00,148198.00,115498.00,77.93,2023,2024
DIXIN 250MCG/ML 2ML,9,68.00,148058.50,75728.50,51.15,2023,2025
DECSON 8MG/2ML,6,246.00,147600.00,123000.00,83.33,2018,2019
INFRARED THERMOMETER,3,66.00,147575.00,91575.00,62.05,2020,2022
DISPOSABLE SYRINGE 5CC TERUMO,6,134.00,147460.00,85820.00,58.20,2018,2019
REPAIRS - HEALFORCE TOPLED 8060,1,1.00,147275.00,54375.00,36.92,2022,2022
DIPHENPORS 50MG/ML 1ML,18,429.00,147254.50,87084.50,59.14,2024,2025
GLOVES STERILE LATEX (7.5) SURE-GUARD,5,143.00,146560.00,32160.00,21.94,2021,2023
CEFTRIABBAS 1G,12,182.00,146400.00,106360.00,72.65,2023,2024
MUPORS 20MG/G (2%) 5G,2,1100.00,145775.00,102275.00,70.16,2024,2025
SUPMAC 500MG,14,544.00,145380.00,63442.00,43.64,2018,2018
LIPIVASC,11,133.00,144796.00,100233.50,69.22,2017,2017
QUADMAX,5,90.00,144446.00,67838.00,46.96,2020,2025
SALA SET - 311 SOFA WITH CENTER TABLE,1,4.00,144400.00,58400.00,40.44,2020,2020
"QMC # 144,740.00",1,1.00,144300.00,62120.00,43.05,2025,2025
"PAGBILAO # 2,900,746.89",1,1.00,143700.00,-89662.00,-62.40,2025,2025
VITAKIDS 120ML,43,872.00,143492.90,99378.90,69.26,2017,2020
SUCTION CONNECTING TUBE - SIMPLEX,16,593.00,143280.00,71480.00,49.89,2018,2023
ABHAY-TOX 40IU/0.5ML IM,4,168.00,143220.00,0.00,0.00,2025,2025
OMEPRAZOLE 40MG VIAL W/ DILUENT (ZOLFREE),2,1400.00,142800.00,93800.00,65.69,2023,2023
VDRL-SYPHILIS RAPID TEST STRIP - RIGHT SIGN,6,1429.00,142498.55,69028.55,48.44,2019,2021
ALCOHOL 70% ISOPROPYL 500ML,8,1355.00,142250.00,20300.00,14.27,2020,2023
SANIX 200MG,15,163.66,141801.19,107201.99,75.60,2020,2023
SI2NORM 50MG,7,143.00,141624.00,96128.00,67.88,2024,2025
VELON 6.25MG,15,1389.66,141183.00,113061.00,80.08,2023,2024
KING CUP SARDINES,1,6000.00,141000.00,49800.00,35.32,2021,2021
VICOLAX 100MG/2MG TAB,51,233.00,140952.00,88527.00,62.81,2018,2020
IRBEQ 150 150MG,7,123.00,140930.00,112061.00,79.52,2023,2025
DANOXIME 750MG W/ DILUENT,2,1600.00,140800.00,93600.00,66.48,2025,2025
PRANELLA,1,470.00,140530.00,104340.00,74.25,2022,2022
STERILE WATER 10ML PARENTERAL,2,155.00,140360.00,50072.50,35.67,2019,2019
BIOGIC 100MG DROPS,29,2042.00,140208.70,73392.10,52.34,2019,2023
AMSUTAS 500MG/250MG,7,620.00,140200.00,53050.00,37.84,2018,2019
DENGUE NS1,2,14.00,139990.00,112490.00,80.36,2022,2023
ECG MACHINE THREE CHANNEL WILCARE,1,2.00,139900.00,49900.00,35.67,2022,2022
DOPABAS 40MG/ML (200MG/5ML) 5ML,10,102.50,139547.50,102431.50,73.40,2023,2025
ACCU CHECK GLUCOSE STRIPS,11,115.96,139438.00,41481.60,29.75,2018,2020
HEPA B CASSETTE - RIGHT SIGN,2,64.00,138920.00,52520.00,37.81,2021,2023
FLUCYSTEINE 200MG,20,507.00,138895.79,46848.96,33.73,2019,2023
ISOPROPHYL ALCOHOL 70% GALLON (DR.J),3,190.00,138840.00,51060.00,36.78,2025,2025
KURT 10MG/G (1% W/W) 15G,1,500.00,138500.00,89500.00,64.62,2025,2025
INFUSION SET MACRO DROP 20DROPS/ML UNIMEX,2,1150.00,138250.00,115250.00,83.36,2022,2023
GLOVES 6.5 PROTEXIS,3,50.00,136476.00,46476.00,34.05,2019,2020
GREAT GLOVES - MEDIUM,5,218.00,136040.00,66280.00,48.72,2022,2022
"PAGBILAO # 253,100.00",1,1.00,135120.00,-31187.10,-23.08,2025,2025
PHARMINE,2,100.00,135000.00,50000.00,37.04,2017,2017
"PAGBILAO # 135,160.00",1,1.00,134840.00,46115.28,34.20,2025,2025
COTTON ROLL 400G - TENDERSOFT,9,461.00,134348.00,69452.00,51.70,2021,2023
GREAT GLOVES - SMALL,3,213.00,133920.00,65760.00,49.10,2022,2022
GAUZE ROLL 28 X 24 PRO HEALTH CARE,5,71.00,133864.00,78024.00,58.29,2021,2023
DIACYSTEINE 600MG,19,351.00,133814.50,68738.50,51.37,2021,2024
FLUCYSTEINE 200MG 30'S,10,318.36,133278.96,19971.96,14.99,2024,2025
ACER ASPIRE DESKTOP TC1650,1,2.00,133089.98,33109.98,24.88,2021,2021
ATORSAPH 20MG TAB,32,1505.00,131980.13,72163.03,54.68,2019,2023
"QMC # 132,000.00",1,1.00,131700.00,105866.00,80.38,2025,2025
HYCLENS GARGLE (60ML),63,1355.00,131535.14,56525.14,42.97,2021,2025
FINAPROS 5MG,2,21.00,131500.00,119210.00,90.65,2021,2023
APCEE 100MG/5ML,7,946.00,131437.00,23457.10,17.85,2019,2020
NATRASOL 50MG,7,160.00,131400.00,109609.00,83.42,2020,2023
DULAX 3.35MG,41,498.00,129866.80,80913.80,62.31,2018,2021
URINE STRIPS - INSIGHT,5,103.00,129822.00,95162.00,73.30,2021,2023
ULCIN 25MG/ML,3,380.00,129360.00,-90090.00,-69.64,2019,2019
NATRAVOX 228.5MG,1,300.00,129000.00,57900.00,44.88,2023,2023
CINNABLOC 75MG,96,846.00,127683.00,95221.40,74.58,2017,2023
OXAN 500MG,13,158.00,127610.00,101284.96,79.37,2018,2023
CO-AMOXISAPH 625,6,159.67,127598.39,100773.83,78.98,2022,2023
"QMC # 127,722.50",1,1.00,127471.75,46589.40,36.55,2025,2025
ATREX 1MG/ML IV,24,148.00,127355.00,92245.00,72.43,2023,2025
BLOOD GLUCOSE STRIP,6,32.00,127075.00,99875.00,78.60,2018,2018
BLOOD GLUCOSE STRIP - URIGHT,6,32.00,127075.00,0.00,0.00,2018,2018
PITANIC,1,100.00,127006.00,113006.00,88.98,2022,2022
AMINOSOL 25MG/ML,39,534.00,126700.90,41975.10,33.13,2018,2023
DOPAMET 250MG,30,435.50,126694.00,89003.75,70.25,2018,2025
CIPULOX 2MG/ML,8,3132.00,126574.40,77078.40,60.90,2022,2023
"QMC # 126,251.00",1,1.00,126150.00,60103.00,47.64,2025,2025
ONZET 2MG,3,80.00,126100.00,-120354.00,-95.44,2019,2020
MEDICAL GRADE HEPA MACHINE 38SQM 7410I (BLUEAIR),1,2.00,125980.00,58226.00,46.22,2025,2025
LEIVICLOX 250MG SUS,41,695.46,125776.53,75604.53,60.11,2018,2020
THERMAL PAPER,11,28.00,125700.00,36050.00,28.68,2018,2022
MEFECOD 50MG,12,137.40,125698.60,22387.10,17.81,2018,2021
"PAGBILAO # 125,790",1,1.00,125346.00,43132.85,34.41,2025,2025
RANITEIN 25MG/ML,20,159.00,125000.00,97708.80,78.17,2022,2023
GASTAT CATRIDGE,2,100.00,125000.00,30000.00,24.00,2018,2018
ANMUM MATERNA CHOCO 180G X 24,1,447.00,124936.50,39559.50,31.66,2021,2021
GAUZE PAD STERILE 4X4-8PLY 28X24 MESH (INDOPLAS),4,384.00,124800.00,32640.00,26.15,2025,2025
"PROVINCIAL TOURISM OFFICE # 125,000.00",1,1.00,124750.00,42664.50,34.20,2025,2025
MICROSCOT 20MG/G,11,506.00,124707.00,84733.00,67.95,2019,2019
DOPACARE 250MG,32,1068.00,124640.00,61570.00,49.40,2017,2018
CAMERA WITH SD CARD AND LENS EOS RP RF24-105MM PRO (CANON),1,1.00,124000.00,43103.00,34.76,2025,2025
INK EPSON #003 BLACK,6,274.00,123948.00,52708.00,42.52,2023,2023
PPE - MEDIUM (GDR),1,400.00,123847.56,61847.56,49.94,2021,2021
PPE - XTRA LARGE (GDR),1,400.00,123847.56,61847.56,49.94,2021,2021
PPE - LARGE (GDR),1,400.00,123847.56,61847.56,49.94,2021,2021
EDAN IM8B PATIENT MONITOR WITH ARM CUFF,1,1.00,123000.00,0.00,0.00,2019,2019
"QMC # 122,723",1,1.00,122500.00,53300.00,43.51,2025,2025
FERGLOBIN FA 60MG/400MCG CAP,29,184.00,122430.40,62903.40,51.38,2023,2025
AMADOL 150MG/ML 2ML,24,490.00,122164.60,93442.60,76.49,2023,2025
MATERNITY PAD - SANITEX,6,750.00,121920.00,50370.00,41.31,2019,2023
JAGAPLEX OB,48,196.30,121621.46,87801.96,72.19,2017,2023
ALGESIC FORTE 325MG+400MG,42,209.00,121569.75,73670.95,60.60,2017,2019
SURGICAL GLOVES 7.0 INDOPLAS,4,90.00,121510.00,54010.00,44.45,2023,2023
OFPLEMED FORTE 600MG,5,165.00,121508.75,90878.75,74.79,2023,2025
CLIN-GEN 300MG,17,1603.00,121148.75,82268.75,67.91,2020,2023
FACE SHIELD,6,2760.00,120317.42,98237.42,81.65,2021,2022
EVENING PRIMEROSE OIL 1000MG,18,116.00,120230.00,78818.00,65.56,2021,2022
SAPHLECOX 400,4,40.50,120061.75,101836.75,84.82,2022,2023
CANDIVA EAR DROPS 15ML,1,200.00,120000.00,28180.00,23.48,2025,2025
HYDROZONE 100MG,12,100.00,120000.00,46750.00,38.96,2018,2018
TROP I,2,4.00,120000.00,48748.00,40.62,2018,2018
STERILE LATEX SURGICAL GLOVES 6.5,1,80.00,120000.00,57600.00,48.00,2022,2022
PRIMENOFAST 200MG,6,101.00,119928.00,91633.20,76.41,2019,2023
PPE (S) WEI BANG,1,300.00,119852.49,59852.49,49.94,2021,2021
VICRYL 4-0 CUTTING,1,30.00,119850.00,-15150.00,-12.64,2023,2023
"PPDC # 120,000",1,1.00,119400.00,40834.80,34.20,2025,2025
ACLAV 1.2G,10,75.20,119376.00,113440.00,95.03,2018,2020
HYCORT 250MG VIAL,9,91.00,119330.00,65590.00,54.97,2023,2025
BUFEN 200MG/ML,44,1568.00,119258.69,63867.19,53.55,2018,2023
"PAGBILAO # 415,593",1,1.00,119086.00,-14418.14,-12.11,2025,2025
PARASAPH 500MG,38,594.00,118715.10,89365.61,75.28,2018,2023
ARTAL-H 50MG/12.5MG TAB,21,57.00,118500.00,111945.00,94.47,2023,2024
TRIDEN 160MG,14,55.00,118260.00,79380.00,67.12,2023,2023
VOXOLL 15MG/5ML SYR,142,1554.00,118020.41,80760.41,68.43,2018,2023
NOPHLEGM 200MG,3,620.00,117800.00,18600.00,15.79,2022,2022
SYDOGREL 75MG,2,50.00,117580.00,104680.00,89.03,2020,2020
AEROVENT 1MG 30'S,16,1239.51,117530.21,36762.00,31.28,2022,2023
AZIMIN 500MG,4,375.66,117401.25,105380.13,89.76,2021,2022
MYOCARD 40MG/ML (200MG/5ML),6,38.00,117400.00,30540.00,26.01,2018,2020
EXEL 500MG,8,178.00,117325.00,74041.00,63.11,2023,2025
"PPOC # 116,890",1,1.00,116500.00,52500.00,45.06,2025,2025
GIAN ZINC 120ML,55,678.00,116211.28,65401.28,56.28,2017,2019
FEBULAS 40-40MG,6,78.00,115316.30,98936.30,85.80,2025,2025
EPIX 1MG/ML,18,407.00,115120.00,88140.00,76.56,2023,2023
LIFERZIN 1G IV,27,113.00,114424.40,94109.40,82.25,2023,2025
TRANSPORE 1 ICNH 3M CLEAR,4,150.00,114250.00,6450.00,5.65,2023,2025
BLOOD CHOLESTEROL TEST STRIPS (EASYTOUCH),2,67.00,114199.00,30101.00,26.36,2023,2024
SURGICAL GOWN - DISPOSABLE STERILE,1,300.00,114000.00,75000.00,65.79,2021,2021
CHROMIC 2.0 DOUBLE ARM,3,48.00,113850.00,99450.00,87.35,2023,2023
GYNE-TOCIN 10IU/ML IV,26,314.00,113759.30,87745.30,77.13,2023,2025
ATOVAS 80MG,18,157.00,113737.00,81617.19,71.76,2017,2023
PORFEVER 150MG/ML (300MG/2ML) 2ML,9,1438.50,113133.75,41208.75,36.42,2024,2025
"PAGBILAO # 112,990.00",1,1.00,112738.00,45658.89,40.50,2024,2024
"QMC # 112,996.00",1,1.00,112569.60,48609.60,43.18,2025,2025
SOLVOMOX,1,100.00,112500.00,104500.00,92.89,2022,2022
VOXOLL 15MG/5ML,137,1764.00,112485.30,59673.30,53.05,2017,2025
COPIDE 75MG,3,83.00,112260.00,107827.50,96.05,2023,2023
HARD COPY SUB#20 (8 1/2X13) LONG,10,471.00,112195.00,19408.00,17.30,2023,2023
QUIFLOX 500MG,28,45.66,112149.40,67706.50,60.37,2017,2018
SPLENDAMET 500MG,56,213.00,111478.91,68720.91,61.64,2018,2019
"QMC # 111,696.00",1,1.00,111430.00,54910.00,49.28,2025,2025
XYNETIN 1500MG,21,23.00,111426.00,65236.00,58.55,2017,2017
UNAZEUS 500MG/250MG,7,216.80,111330.00,54542.00,48.99,2023,2025
HYCLENS OB WASH 1% 100ML,41,509.00,111202.66,40655.26,36.56,2023,2025
CORSIN-600 150MG/ML (600MG/4ML),2,278.00,111200.00,0.00,0.00,2019,2019
ANIN 50 PLUS 50MG/12.5MG,19,254.00,111105.00,84435.00,76.00,2024,2025
"WHEELCHAIR, RECLINING",1,10.00,111000.00,0.00,0.00,2019,2019
"PHO # 56,500",2,2.00,110853.00,38580.92,34.80,2025,2025
INTRAPLEM 50MG/ML - DROPS,90,1421.00,110741.94,71574.59,64.63,2018,2020
ZITHROBBAS 50MG,3,265.00,110625.00,78560.00,71.01,2020,2021
JAGAPLEX SYR 120ML,66,720.00,110399.00,74014.35,67.04,2018,2023
LEPIXA 100MG/ML (500MG/5ML),2,50.00,110062.50,70062.50,63.66,2023,2025
ACEFLO 250MCG/1000UNITS/3.5MG 5ML,1,250.00,110000.00,23000.00,20.91,2025,2025
TORVASTATIN 20MG,2,200.00,110000.00,100200.00,91.09,2023,2023
VINRAB 200IU/ML (1000IU/5ML) 5ML,1,50.00,109962.50,0.00,0.00,2025,2025
DOPAN 200MG/5ML,15,113.00,109928.82,85852.82,78.10,2018,2023
IROMAX 20MG/ML (100MG/5ML) 5ML,2,260.00,109863.00,31863.00,29.00,2025,2025
VIENA SAUSAGE 260GMS,1,2000.00,109800.00,26300.00,23.95,2021,2021
ATREX 1MG/ML,40,163.80,109494.40,79864.52,72.94,2020,2024
PORBACT 500MG/250MG,5,2980.00,109127.60,46547.60,42.65,2025,2025
FEVERCARE 300MG/2ML,22,257.00,109024.75,97859.89,89.76,2019,2021
GIAN ZINC 120ML SYR,46,680.00,108696.25,27228.42,25.05,2020,2023
SQCEF 250MG/5ML,7,703.00,108587.72,43677.72,40.22,2024,2025
TANAFEN 450MG/35MG,15,144.00,108300.00,83100.00,76.73,2023,2025
URINE BAG 2000ML ADULT PIECE,3,11130.00,108270.00,1170.00,1.08,2022,2023
OMEBLOC 20MG,12,61.00,108198.50,103399.00,95.56,2020,2023
INFAMIX 500MG,7,78.00,108135.00,103845.00,96.03,2021,2022
DIAPER LARGE - ADULT,5,302.50,108055.00,53605.00,49.61,2021,2023
CANCARE IV CANNULA G24,2,700.00,108000.00,-606000.00,-561.11,2023,2023
AMBOXIL 500MG,7,73.00,107765.00,0.00,0.00,2019,2020
FR 16 FOLEY BALLOON CATHETER SILKY GOLD (RIBBEL STERILE),2,440.00,107600.00,90000.00,83.64,2021,2022
COMXICLA 625MG,6,159.00,107390.00,79075.00,73.63,2020,2023
"PAGBILAO # 107,500.00",1,1.00,107125.00,36636.75,34.20,2025,2025
MAXIFER 20MG/ML (100MG/5ML) 5ML,10,43.00,107070.00,61615.13,57.55,2023,2024
NON VENTED MASK MEDIUM (EASEFIT),8,16.00,107000.00,35000.00,32.71,2023,2025
ASICLAV 625MG,3,198.00,106859.19,23531.64,22.02,2021,2022
MYREFEN 500MG CAP,6,132.00,106808.00,23142.00,21.67,2019,2025
ERYZIN 3.5G,5,270.00,106750.00,81640.00,76.48,2018,2019
TRAMAN 50MG/ML,29,103.00,106712.00,83722.00,78.46,2018,2020
AMLOPURE 10MG,13,184.00,106308.00,82500.50,77.61,2018,2020
BERCEF 50MG/ML DROPS,74,752.00,106062.00,76385.04,72.02,2018,2023
VOLUMETRIC SOLUTION INFUSION SET 150ML (POLYMED),2,500.00,105635.00,65635.00,62.13,2025,2025
MOXYLOR 250/5ML,15,2139.00,105567.44,70348.94,66.64,2018,2023
DOBUMEAN 12.5MG,9,225.00,105350.00,47940.00,45.51,2018,2021
PLETAXOL 50MG,2,100.00,105000.00,94000.00,89.52,2023,2023
BAMBOO TUMBLERS 450ML,2,300.00,105000.00,28500.00,27.14,2022,2022
AMPICELO 500MG,8,868.00,104745.00,2848.25,2.72,2018,2020
BLOOD PRESSURE W/WHEELS / ROLL BY - BAXTEL SPHYGMOMANOMETER,3,24.00,104598.00,-75402.00,-72.09,2019,2022
ALLERIGHT 50MG,4,60.00,104400.00,87600.00,83.91,2020,2021
VONWELT CEFALEXIN 500MG,4,83.00,104264.00,85814.00,82.30,2019,2020
ATORSAPH - 10MG,15,419.00,103972.50,93497.50,89.93,2021,2023
SURITRAM,24,55.44,103908.00,76887.25,74.00,2017,2021
CALCI-MAX 600- 1500MG/200IU,22,150.00,103892.65,51392.65,49.47,2025,2025
CENDALEX 100MG/ML,57,919.00,103219.00,72314.20,70.06,2018,2025
"PAGBILAO # 103,100",1,1.00,102960.00,35243.25,34.23,2025,2025
ALKALINSE 1.080G,27,249.34,102696.51,49858.82,48.55,2018,2022
LUBRICATING JELLY 150G,12,415.00,102619.20,42829.20,41.74,2018,2023
AMSUNEX 500MG/250MG,1,2800.00,102536.00,40936.00,39.92,2025,2025
GLYCEMET,3,208.00,102430.00,94426.00,92.19,2022,2023
"PAGBILAO # 102,500",1,1.00,102220.00,29869.74,29.22,2025,2025
OPTRYL EYE OINTMENT,16,474.00,102194.95,51595.95,50.49,2018,2022
"QMC # 102,275.00",1,1.00,102150.00,48832.00,47.80,2025,2025
"QMC # 108,598.62",1,1.00,102045.00,23473.75,23.00,2025,2025
UNIDOL 500MG/ML,16,17.00,102000.00,80750.00,79.17,2018,2018
POVIDONE IODINE 10% - MEDICROSS,7,81.00,102000.00,47766.67,46.83,2019,2023
CINTADOR 250MG,2,60.00,101900.00,70700.00,69.38,2020,2020
IV CANNULA G20 - CATHULA,10,319.50,101765.10,-475134.90,-466.89,2019,2023
"PAGBILAO # 102,060.00",1,1.00,101750.00,41183.80,40.48,2024,2024
VENTACT 1MG/ML (2.5MG/2.5ML),4,206.67,101750.00,21150.00,20.79,2025,2025
"PAGBILAO # 102,000.00",1,1.00,101600.00,32600.00,32.09,2024,2024
DISPOSABLE SYRINGE 1CC - PARTNER,2,90.00,101490.00,74490.00,73.40,2023,2023
EAR THERMOMETER,2,12.00,101400.00,76320.00,75.27,2020,2020
"42"" SMART / LED TV - PO G62680",2,3.00,101400.00,50403.00,49.71,2020,2020
"PESO PROVINCIAL # 101,500.00",1,1.00,101350.00,34980.83,34.51,2025,2025
OXYGEN MASK (ADULT) - SURGITECH,9,957.00,101330.00,52630.00,51.94,2018,2023
FORMET 500MG,33,240.40,101299.80,84168.20,83.09,2018,2023
SOLVASC 5MG TAB,4,73.00,101278.60,73251.71,72.33,2023,2024
LUCAZT 10MG,10,42.00,101219.23,88452.23,87.39,2020,2023
SUSTACHLOR 125MG/5ML,47,778.00,101142.07,65747.27,65.00,2018,2022
GAUZE ROLL 28X24,7,113.00,100800.00,15920.00,15.79,2018,2023
"IV CANNULA G.22 X 1"" INTROCAN - B BRAUN",3,13.00,100250.00,20050.00,20.00,2020,2023
GOFENAC 75MG/3ML,20,284.00,99745.00,89470.00,89.70,2021,2023
CORSIN 300MG/2ML,3,270.00,99737.50,74797.50,74.99,2020,2023
DISPOSABLE SYRINGE 3CC - INDOPLAS,3,135.00,99654.00,68604.00,68.84,2023,2023
HYCLENS GARGLE 0.12% 120ML,43,495.00,99573.60,56013.60,56.25,2023,2025
DOPTREX 40MG/ML (200MG/5ML) 5ML,1,200.00,99250.00,61250.00,61.71,2024,2024
UMBRELLA,1,222.00,99012.00,72372.00,73.09,2022,2022
INFUSION SET MICROSET HEXACARE,2,1100.00,98800.00,83400.00,84.41,2023,2023
DINNING SET (6 SEATER) - POG62680,1,3.00,98400.00,33450.00,33.99,2020,2020
DISPOSABLE GOWN,2,435.00,98272.50,63472.50,64.59,2020,2021
HYDRA ZL 20MG/ML,6,32.00,97948.00,90898.00,92.80,2018,2020
PHILSTAT 20MG,29,188.00,97360.00,80426.00,82.61,2018,2023
"PAGBILAO # 179,894.00",1,1.00,97280.00,-20070.00,-20.63,2024,2024
"QMC # 108,880",1,1.00,97268.00,35985.32,37.00,2024,2024
OB-DILAN 10MG,19,123.00,97245.00,59488.40,61.17,2017,2019
EZYMUC 600MG,3,600.00,97200.00,37200.00,38.27,2025,2025
KEEF - 250 250MG/5ML,6,279.00,97014.04,67719.04,69.80,2021,2022
TRIANGULAR BANDAGE,5,658.00,96520.00,44920.00,46.54,2019,2025
IV WRIST SPLINT ADULT LARGE (INDOPLAS),2,1050.00,96050.00,33050.00,34.41,2024,2025
KLOPIDO 75MG,20,104.66,95940.00,27874.00,29.05,2018,2018
CLINDAGOLD 300MG,6,54.00,95935.00,75090.00,78.27,2019,2022
UNISOL-M,6,59.00,95715.00,73000.00,76.27,2025,2025
ALCOHOL ISOPROPHYL 500ML,2,800.00,95700.00,0.00,0.00,2019,2019
EUROMED MAGNESIUM SULFATE 250MG/ML (25%) 20ML,18,1300.00,95310.00,22440.00,23.54,2023,2025
AMBUBAG MANUAL RESUSCITATOR SILICONE ADULT (PRIMAPLUS),5,22.00,94675.00,64975.00,68.63,2024,2025
"MICROPORE 2""1530-2 3M",17,119.00,94600.00,27200.00,28.75,2021,2023
CEFEXIL 250MG/5ML,54,477.00,94392.00,63387.00,67.15,2018,2019
NERVESAPH 100MG/5MG/50MCG,1,150.00,94350.00,85350.00,90.46,2025,2025
VOLUMETRIC SOLUTION INFUSION SET,2,300.00,94200.00,57200.00,60.72,2021,2022
RESPI-SAPH 250MCG,6,50.15,94158.50,25390.00,26.97,2022,2023
VERTIKIND,7,53.50,93986.00,66434.75,70.69,2019,2020
DUOMAX 150MG/75MG,2,96.00,93650.00,25139.60,26.84,2025,2025
HYCLENS OB 1% ANTISEPTIC,32,301.00,93603.64,51872.24,55.42,2018,2019
RAHMACIN 250MG/5ML,1,200.00,93400.00,48400.00,51.82,2023,2023
HYDROCORTIBAS 100MG,4,130.00,93363.00,51363.00,55.01,2023,2024
XRAY FILM 14X17 (FUJI),6,17.00,93086.00,12338.00,13.25,2023,2025
OXYGEN MASK HEXACARE,2,1000.00,93000.00,54000.00,58.06,2023,2023
NERVESAPH,9,467.00,92913.68,62695.68,67.48,2021,2022
CEFTIBET 750MG,8,38.00,92560.00,43050.00,46.51,2018,2018
GIAN ZINC 30ML,47,684.00,92494.86,52774.86,57.06,2018,2019
HYCLENS GARGLE (120ML),40,506.00,92412.06,48060.06,52.01,2021,2025
PRAZABLOC 40MG,3,220.00,92050.00,72532.40,78.80,2018,2019
CEPROTRON 500MG TAB,16,50.00,91875.00,64375.00,70.07,2023,2024
NERVCARE 500MG,7,16.00,91800.00,36800.00,40.09,2017,2018
LOCAINE 50ML,9,985.00,91775.00,11398.03,12.42,2018,2021
HYCLENS WOUND SPRAY 1GALLON,16,31.00,91748.40,46048.20,50.19,2020,2022
SALMOGEN 125MG/5ML,38,988.00,91221.61,47914.97,52.53,2018,2021
MYDOXY,3,103.00,91175.00,78307.00,85.89,2022,2023
"QMC # 91,500",1,1.00,91130.00,39085.00,42.89,2025,2025
MYREVIT-C 500MG,12,231.00,91100.00,76460.00,83.93,2019,2023
VICEPHRIN 100MG/ML,74,956.00,90826.00,51479.18,56.68,2018,2020
NEBULIZER KIT WITH MASK PEDIA (PARTNERS),7,2300.00,90712.00,21712.00,23.94,2025,2025
GLOVES MEDIUM LATEX NONSTERILE (INDOPLAS),7,373.00,90706.00,20081.00,22.14,2023,2025
AMOLTEX 2MG/5ML,38,1116.00,90606.50,63403.00,69.98,2017,2025
PARADOX TAB,23,158.00,90576.00,56536.00,62.42,2019,2021
IVERMECTIN15MG DR ZENS,19,51.80,90559.00,-40040.00,-44.21,2021,2022
"PAGBILAO # 90,730.00",1,1.00,90510.00,36656.55,40.50,2024,2024
ZUDEM 50MG/5ML,14,211.00,90210.00,52652.00,58.37,2017,2019
"PAGBILAO # 90,240.00",1,1.00,90100.00,30408.75,33.75,2024,2024
DESTRIMOLE 10MG/G (1% W/W) 15G,1,300.00,90000.00,78600.00,87.33,2025,2025
SELCEE 500MG TABLET,2,150.00,90000.00,85300.00,94.78,2023,2023
ZINAXIME 500MG,14,673.00,90000.00,22300.00,24.78,2017,2017
ENERFLOW 325MG/100MG,1,600.00,90000.00,-6000.00,-6.67,2025,2025
PORTABLE NEBULIZER,3,11.00,89894.00,51394.00,57.17,2020,2020
NYSECOD 50MG,8,454.00,89765.00,43305.00,48.24,2023,2025
"PAGBILAO # 90,000",1,1.00,89700.00,50950.00,56.80,2025,2025
CAPXIBB-400 400MG,1,100.00,89600.00,76100.00,84.93,2021,2021
ACIPRO 2MG/ML (200MG/100ML) 100ML,5,2316.00,89546.00,37508.00,41.89,2023,2025
FENOFAST 200MG,7,105.00,89265.50,60915.50,68.24,2020,2022
"TOURISM # 90,000",1,1.00,89000.00,30438.00,34.20,2025,2025
AXALAV 625MG,1,100.00,89000.00,65900.00,74.04,2020,2020
AMLOTHIX 5MG,15,220.00,88840.20,79130.20,89.07,2020,2025
WEIGHTING SCALE (PEDIA),1,50.00,88750.00,0.00,0.00,2018,2018
HEMOBAS 100MG/ML (500MG/5ML) 5ML,16,129.00,88645.00,64135.00,72.35,2023,2025
"TOURISM # 89,100.00",1,1.00,88600.00,30300.00,34.20,2025,2025
HISTARIL 50MG/1MG/5ML,78,943.00,88581.80,61081.69,68.96,2017,2025
CENDALEX 250MG/5ML,59,621.00,88513.20,51807.10,58.53,2017,2024
COTTON ROLL 400G - UNIMEX,22,368.00,88193.00,32993.00,37.41,2018,2023
ACCU-CHECK INSTANT 100STRIPS,5,27.50,88175.00,45275.00,51.35,2020,2022
NON VENTED MASK LARGE (EASEFIT),8,14.00,88100.00,25100.00,28.49,2023,2025
CHLORINE - SUPER CHLOR,3,13.00,87992.00,41292.00,46.93,2021,2022
"QMC # 157,565.00",1,1.00,87970.00,-19470.00,-22.13,2025,2025
CIXTOR-Z 500MG/10MG,22,133.00,87863.60,59933.60,68.21,2024,2025
ENCLOXIL 500MG CAP,9,63.00,87750.18,38610.18,44.00,2025,2025
PROMETIN,29,199.00,87664.20,76250.27,86.98,2018,2023
MULTI-GROW 120ML,14,378.00,87444.00,53424.00,61.10,2023,2025
VITACORE 100MG/100MG/1MG 3ML,19,227.00,87370.00,61940.00,70.89,2023,2025
MUCORIGHT 600MG,5,220.00,87342.50,14962.50,17.13,2025,2025
SOLUTION FOR IV INFUSION 900MG/100ML,2,1140.00,87060.00,35640.00,40.94,2022,2023
"YANKAUER W/ CONNECTING TUBE 1/4"" X 2.0M",14,375.00,86115.00,38665.00,44.90,2018,2023
GLOVES - EXAMINATION (S),2,300.00,86100.00,0.00,0.00,2019,2019
SURGICAL GLOVES 8.0 INDOPLAS,2,62.00,85870.00,39370.00,45.85,2023,2023
"PAGBILAO # 86,000",1,1.00,85810.00,25010.00,29.15,2025,2025
ROSUVASTATIN CALCIUM FIRSTMED,1,35.00,85750.00,82075.00,95.71,2022,2022
TRIZINE FORTE TAB,12,29.00,85100.00,63422.50,74.53,2018,2019
"PAGBILAO # 85,000.00",1,1.00,84850.00,61850.00,72.89,2024,2024
GAUZE ROLL 24X28/36X100 (PROHEALTH),6,70.00,84640.00,32190.00,38.03,2023,2025
EASELAC 3.33G/5ML ORAL SOLUTION,10,520.00,84200.00,51520.00,61.19,2022,2023
SALBUSAPH 1MG/ML (2.5MG/2.5ML),2,61.00,84110.00,74228.00,88.25,2025,2025
EXEL 250MG/5ML SUS,14,1346.00,84052.02,51370.52,61.12,2019,2021
DIACYSTEINE 600- 600MG,23,376.00,84045.00,40805.00,48.55,2024,2025
ESSPRIN ADULT 20ML,26,215.00,83980.00,42849.40,51.02,2018,2023
SEMI AUTOMATIC BIOPSY GUN G18 X 13CM,1,2.00,83980.00,41860.00,49.85,2025,2025
"PAGBILAO # 84,000.00",1,1.00,83920.00,33987.60,40.50,2024,2024
HBSAG - SD,3,843.00,83863.50,0.00,0.00,2020,2020
"QMC # 83,732.50",1,1.00,83565.00,30447.00,36.44,2025,2025
MEDICAL GRADE HEPA MACHINE 62SQM 7710I (BLUEAIR),1,1.00,82990.00,44293.00,53.37,2025,2025
AMBIMOX 500MG CAP,6,137.00,82869.50,62930.50,75.94,2023,2025
REGIVASC 5MG,9,1464.00,82773.00,78910.50,95.33,2022,2023
MAXXI-VIT PLUS,15,13.00,82600.00,44800.00,54.24,2017,2017
FOLEY CATHETER FR. 16 PARTNERS,6,1510.00,82314.00,24934.00,30.29,2023,2023
IRBIN 150MG TAB,7,96.00,82305.00,60417.00,73.41,2023,2024
"QMC # 268,979.00",1,1.00,82230.00,-114137.00,-138.80,2024,2024
VONWELT/GENERIC TRANEXAMIC ACID,21,44.00,82160.00,67640.00,82.33,2018,2018
XOPRAZOLE PLUS 40MG,8,172.00,82088.00,27048.00,32.95,2025,2025
GOPICIN 250MG,2,3330.00,81618.30,41658.30,51.04,2025,2025
AMBITOX,14,800.00,81600.00,37400.00,45.83,2018,2018
CIXTOR-Z 97.5MG /9MG/5ML SYRUP,2,1169.00,81556.63,40057.13,49.12,2021,2021
HARD COPY SUB#20 SHORT,3,405.00,81350.00,24245.00,29.80,2022,2023
AMINOSOL 25MG/ML (250MG/10ML) 10ML,30,125.00,81286.70,68681.70,84.49,2023,2025
D5LR 1000ML,3,748.00,81280.00,41608.00,51.19,2019,2021
TRANEXSAPH 500MG,16,65.00,81162.50,57437.50,70.77,2024,2025
VITALYF,8,32.00,80810.00,44780.00,55.41,2017,2018
METOCLOR 5MG/ML,12,929.00,80777.50,76404.50,94.59,2018,2020
CENDALEX 100MG/ML DROPS,50,916.00,80749.00,56059.00,69.42,2017,2023
SYRINGE 5CC SURESHOT,1,100.00,80600.00,61100.00,75.81,2023,2023
"LEUKOPLAST 1"" (2.5CMX5M)",11,190.00,80586.00,57326.00,71.14,2018,2023
TRIZINE,8,270.00,80364.00,33114.00,41.21,2018,2018
ALCOLUXX ALCOHOL - GALLON,2,101.00,80230.00,46900.00,58.46,2022,2022
MICOZINE 20MG/G (2% W/W) 30G,1,500.00,80000.00,45000.00,56.25,2025,2025
CONDOM NATURAL 3'S (TRUST),1,1000.00,80000.00,0.00,0.00,2023,2023
"PAGBILAO # 80,216.00 LOT 4",1,1.00,79967.50,32672.50,40.86,2024,2024
DESKTOP WITH PRINTER - PO G62680,1,1.00,79950.00,37085.00,46.39,2020,2020
"PAGBILAO # 80,000.00",1,1.00,79900.00,17656.00,22.10,2024,2024
NASAL OXYGEN CANNULA (ADULT) - SURGITECH,5,1884.00,79848.00,32748.00,41.01,2022,2023
UNICLOX 500MG,1,100.00,79800.00,58000.00,72.68,2020,2020
RANZOLE 40MG,14,45.00,79618.75,57548.75,72.28,2019,2023
"QMC # 79,770.00",1,1.00,79600.00,40054.00,50.32,2025,2025
CELENCE 200MG,14,1015.00,79572.00,34672.00,43.57,2017,2017
INTRAPLEM 500MG,53,87.00,79572.00,55492.00,69.74,2017,2021
MAXIMA IV CANNULA G 20,4,1300.00,79300.00,29900.00,37.70,2018,2018
NEBULIZER KIT ADULT (SURGITECH),5,2000.00,78880.00,6880.00,8.72,2024,2025
NASAL OXYGEN CANNULA 2M (ADULT) - ORMED,3,994.00,78786.00,43996.00,55.84,2020,2022
PNSS 1LITER 0.9%,6,910.00,78545.00,1917.50,2.44,2019,2023
SANOVIZ OB PLUS CAP,4,52.00,78525.00,51225.00,65.23,2023,2025
MULTI GROW 30ML,35,483.00,78329.06,51764.06,66.09,2018,2018
SPASCLOMIN 10MG/5ML,23,842.00,78021.00,38921.00,49.89,2018,2023
"MAIN BOARD; PN,02,03203119014",2,1.00,78000.00,26000.00,33.33,2023,2023
REFRIGERATOR 22CU.FT TWO DOOR UPRIGHT CHILLER (FUJIDENZO),1,1.00,77900.00,24900.00,31.96,2024,2024
FERRICORE 325MG,9,230.00,77860.00,62611.50,80.42,2021,2023
HAEMOREX 500MG CAP,20,54.50,77797.50,54362.50,69.88,2023,2024
TRIOPHIL 35MG,10,1069.30,77660.00,52918.40,68.14,2023,2023
RANITEIN 150MG,19,129.30,77655.91,66329.95,85.42,2020,2023
EROXENE 5MG/G (0.5% W/W),1,500.00,77500.00,27500.00,35.48,2025,2025
SURGICAL GLOVES STERILE 8,3,60.00,77340.00,32340.00,41.82,2022,2023
ZAFEX 250MG/5ML,19,52.00,77070.00,1740.48,2.26,2018,2019
LUPINSULIN R 100IU/ML 10ML,4,122.00,77060.00,21916.00,28.44,2023,2024
PLASTIC TABLE FOLDED,2,12.00,76930.00,55330.00,71.92,2022,2022
MOHSIDEX 4MG/ML (8MG/2ML) 2ML,8,65.00,76913.00,65213.00,84.79,2025,2025
DUPHASTON 10MG,1,200.00,76800.00,0.00,0.00,2020,2020
DISPOSABLE DIAPER ADULT LARGE (SURGITECH),1,281.00,76769.20,6519.20,8.49,2025,2025
INSULIN SYRINGE SIMPLEX,1,42.00,76440.00,57540.00,75.27,2021,2021
BUDEXA,5,44.00,76121.00,50381.00,66.19,2022,2023
PREVENA,9,51.00,75927.50,67901.58,89.43,2019,2020
TRANSPORE 1X10 2.5CMX9.1M (3M),7,69.00,75925.00,22795.00,30.02,2023,2024
HISTARIL 1MG/50MG/5ML,67,983.00,75554.00,49169.14,65.08,2018,2018
BREAD,1,2174.00,75546.50,32066.50,42.45,2024,2024
DUPHASTON,3,42.40,75500.00,64016.00,84.79,2022,2023
IV WRIST SPLINT PEDIA MEDIUM (INDOPLAS),2,825.00,75490.00,34240.00,45.36,2024,2025
BETZIDINE 35MG,2,133.34,75401.89,25701.29,34.09,2020,2020
C-ZETT 600MG,39,137.00,75187.00,25301.00,33.65,2018,2023
CARESEF 750MG WITH DILUENT,3,1340.00,75132.00,28232.00,37.58,2024,2025
MALUNGGAY CAPSULE,3,115.00,75075.00,25500.00,33.97,2020,2021
OXYGEN TANK 25LBS,1,5.00,75000.00,47500.00,63.33,2020,2020
BLOOD COLLECTION BAGS 450ML SINGLE,2,30.00,74990.00,64210.00,85.62,2022,2023
ERGON 125MCG TAB,19,47.26,74950.00,66915.80,89.28,2023,2024
ALCOHOL ETHYL 70% - ALCORADE 500ML,1,576.00,74880.00,37440.00,50.00,2021,2021
ARCH FILE LONG 3INCHES,1,500.00,74800.00,14800.00,19.79,2023,2023
MIXCLAV 250MG/62.5MG 5ML,1,200.00,74800.00,55200.00,73.80,2025,2025
EPOGEN 4000 IU/ML,4,34.00,74800.00,24922.00,33.32,2018,2018
"PAGBILAO # 75,000.00",1,1.00,74750.00,24750.00,33.11,2024,2024
ESSPRIN PEDIA 20ML,31,202.00,74740.00,36079.30,48.27,2018,2023
CLOMEP 75MG TAB,9,43.80,74670.00,70056.72,93.82,2019,2020
ANIN 50,1,250.00,74500.00,53250.00,71.48,2021,2021
"PAGBILAO # 75,000",1,1.00,74500.00,32000.00,42.95,2025,2025
COTENACE 50MG,3,280.00,74425.00,47825.00,64.26,2020,2020
"PADRE BURGOS # 74,500.00",1,1.00,74380.00,23491.00,31.58,2024,2024
ZIPHANOL 2MG/ML,7,11.00,74250.00,69300.00,93.33,2018,2019
CALIBRAL 500MG,51,1099.00,74242.50,22172.50,29.87,2017,2019
IV INFUSION SET (ADULT) 20ML DROPS - ORMED,1,1700.00,73999.98,45099.98,60.95,2022,2022
IV INFUSION SET (PEDIA) 60ML DROPS - ORMED,1,1700.00,73999.98,36599.98,49.46,2022,2022
RAHMACIN 250MG,4,85.00,73990.00,53230.00,71.94,2020,2022
LEAFLETS,1,5000.00,73750.00,49500.00,67.12,2023,2023
BIOPHEN 1M,7,344.00,73725.45,33748.00,45.78,2018,2023
AROFLO 250,2,103.00,73542.00,31518.00,42.86,2021,2021
ALLUJEN 300MG,4,44.00,73379.00,67902.75,92.54,2019,2020
DISPOSABLE SYRINGE 3CC 23GX1 (TERUMO),4,74.00,73230.00,35430.00,48.38,2023,2025
B-LACT,13,275.00,72800.00,28200.00,38.74,2018,2022
ALGICAP 500MG CAP,60,102.67,72685.19,49327.77,67.87,2018,2020
INSTRUMENT TRAY WITH COVER 12X10X2.5,2,23.00,72680.00,36294.00,49.94,2025,2025
ROVASU20,9,101.00,72501.00,40080.00,55.28,2023,2023
CO-AMOXISAPH 125 MG/31.25MG PER 5ML,3,206.00,72309.00,58301.00,80.63,2021,2023
LOZAK 100MG TAB,9,103.80,72138.00,72780.19,100.89,2018,2020
STABUFOST 40MG,2,40.00,72000.00,54600.00,75.83,2023,2023
KETOPAIN 30MG,1,120.00,72000.00,64260.00,89.25,2020,2020
IMPEXUR 750MG,1,60.00,72000.00,62700.00,87.08,2020,2020
FORTIS VITAMIN BCOMPLEX 100MG/5MG/50MCG,4,260.00,72000.00,64520.00,89.61,2023,2023
VONWELT LOSARTAN 100MG,5,93.00,71843.34,54334.84,75.63,2019,2020
INSTRUMENT TRAY WITH COVER STAINLESS STEEL 12X8X2.5 (OLTEN),2,25.00,71795.00,35870.00,49.96,2025,2025
"PROVINCIAL TOURISM OFFICE # 71,500.00",1,1.00,71000.00,23962.50,33.75,2024,2024
AGLIC MR- 30MG,5,36.00,70950.00,68640.00,96.74,2021,2023
"PAGBILAO # 71,155.00",1,1.00,70948.75,28734.24,40.50,2024,2024
HAEMOREX 500MG,13,37.00,70877.00,56352.00,79.51,2021,2023
SYRINGE W/ NEEDLE 3CC - INDOPLAS,3,77.00,70873.00,47773.00,67.41,2018,2019
"PAGBILAO # 124,234.25",1,1.00,70794.00,-6101.35,-8.62,2024,2024
SPIRODEN 25MG,8,69.00,70770.00,41770.00,59.02,2022,2023
"PAGBILAO # 239,771.40 LOT 10",1,1.00,70535.00,-66470.20,-94.24,2024,2024
QUADMAX 150MG/75MG/400MG/275MG,1,60.00,70500.00,17104.80,24.26,2025,2025
VICOLAX 100MG/2MG,30,103.00,70440.00,48468.18,68.81,2017,2018
LAMINATING MACHINE,1,11.00,70400.00,20900.00,29.69,2021,2021
ALTOSAR 50MG/12.5MG,29,157.00,70400.00,49913.00,70.90,2017,2018
OFPLEMED 300MG TABLET,14,201.00,70286.50,48886.00,69.55,2019,2023
RETACONAZOL 20MG/G (2% W/W) 15G,1,600.00,70200.00,45300.00,64.53,2025,2025
LODIPEX 10MG,6,672.00,70200.00,60239.53,85.81,2017,2020
FEXIL 100MG/ML,37,477.00,70132.00,17561.00,25.04,2018,2019
VITAMIN B1+B6+B12 FIRSTMED,15,242.00,70042.00,51512.00,73.54,2022,2023
MORNEM 1G,1,100.00,70000.00,54000.00,77.14,2024,2024
T-SHIRT BC,1,201.00,69948.00,40803.00,58.33,2022,2022
PILLOW CASE AND BEDDINGS,1,200.00,69800.00,36800.00,52.72,2022,2022
LEXI B FORTE 300MG/100MG/100MCG,27,80.00,69700.00,21768.50,31.23,2018,2019
GIAN ZINC 30ML DROPS,26,444.00,69544.00,24290.50,34.93,2017,2023
CLAXIC 250MG/62.5MG/5ML,31,265.00,69510.78,31310.20,45.04,2017,2019
NON BREATHING OXYGEN MASK WITH RESERVOIR,1,500.00,69500.00,-5500.00,-7.91,2023,2023
CIXTOR-Z MAX 500MG/10MG/1000IU,17,42.00,69389.90,50699.90,73.07,2023,2025
MICROSCOT 20MG 15G,3,610.00,69275.00,14375.00,20.75,2025,2025
SURGICAL GLOVES 6.5 INDOPLAS,1,50.00,69250.00,31750.00,45.85,2023,2023
CLARITHROMED 125MG,3,300.00,69200.00,33450.00,48.34,2019,2025
BAG VALVE MASK ADULT,1,10.00,69000.00,46000.00,66.67,2020,2020
BAG VALVE MASK PEDIA,1,10.00,69000.00,46000.00,66.67,2020,2020
DOMPY,13,596.00,68904.00,45164.00,65.55,2018,2023
MYOMIDE 20MG/ML,3,202.00,68840.00,43590.00,63.32,2025,2025
FLAGEX 500MG,30,155.00,68778.50,42205.25,61.36,2019,2023
ZINLUM 60ML,7,761.00,68626.50,53406.50,77.82,2021,2022
STERILE LATEX SURGICAL GLOVES 7.5 INDOPLAS,3,45.00,68380.00,33730.00,49.33,2022,2023
LYSOL 1GALLON,3,16.00,68340.00,34521.84,50.51,2021,2022
"ABOITIZ # 68,307.69",1,1.00,68307.69,23907.69,35.00,2025,2025
DUOGESIC 325MG/37.5MG TAB,8,48.00,67885.92,63085.92,92.93,2024,2025
STERILLIUM,3,26.00,67600.00,29800.00,44.08,2020,2023
"PAGBILAO # 275,000.00",1,1.00,67550.00,-114521.56,-169.54,2024,2024
MAYOR 40MG,12,50.00,67490.00,53490.00,79.26,2021,2023
"TOURISM # 67,600",1,1.00,67456.00,23069.95,34.20,2025,2025
ACRESIL 300MG,10,84.00,67452.66,25889.15,38.38,2020,2020
LEPIXA 500-500MG,8,12.00,67438.50,56398.50,83.63,2023,2025
GENTAM 40MG/ML (80MG/2ML) 2ML,23,453.00,67301.50,47945.50,71.24,2023,2025
TROPIN 1MG/ML IM/IV/SC,14,78.50,67240.00,50755.00,75.48,2025,2025
HAV C 500MG,36,411.00,67111.51,37589.01,56.01,2018,2020
IV CANNULA 18G - HEXACARE,3,34.00,67048.00,43248.00,64.50,2025,2025
ORALIME 100MG,1,100.00,66960.00,59960.00,89.55,2021,2021
"PAGBILAO # 67,060",1,1.00,66950.00,28530.00,42.61,2025,2025
"TRANSPORE 1"" - 3M",5,56.00,66930.00,9890.00,14.78,2018,2020
"PAGBILAO # 67,060.00",1,1.00,66872.50,21896.50,32.74,2024,2024
CLINDANOVA 300MG CAP,8,91.00,66492.00,32822.00,49.36,2025,2025
ROZTIN 20MG,8,154.00,66306.73,37730.27,56.90,2021,2022
"QMC # 107,178.00",1,1.00,66274.00,3724.00,5.62,2025,2025
SUCTION BOTTLES 3 LITERS,1,2.00,66000.00,22000.00,33.33,2023,2023
"PAGBILAO # 66,000",1,1.00,65895.00,22400.00,33.99,2025,2025
BP APPARATUS STAND TYPE JAPAN,1,4.00,65800.00,19800.00,30.09,2022,2022
"LAPTOP TMP2 214-530-554U 1, FDH (1920X1080)-ACER",1,1.00,65800.00,22300.00,33.89,2023,2023
PULSE OXIMETER PROBE ADULT FOR EDAN IM70,5,5.00,65700.00,18700.00,28.46,2023,2025
"PAGBILAO # 66,000.00",1,1.00,65670.00,20751.43,31.60,2025,2025
EVEROSE 1000MG CAP,16,150.00,65539.49,10751.69,16.40,2019,2020
"PAGBILAO #65,520",1,1.00,65385.00,26480.92,40.50,2024,2024
"PPDC # 76,160",1,1.00,65240.00,15495.20,23.75,2025,2025
APREZOBAS 20MG/ML,7,35.00,65145.00,58670.00,90.06,2023,2024
LOSMAC 50MG,1,50.00,65000.00,57500.00,88.46,2020,2020
ZEBET 80MG,13,71.00,64973.20,49477.20,76.15,2020,2025
IV CANNULA 26G - HEXACARE,3,23.00,64791.00,46391.00,71.60,2025,2025
DOPATHYL 250MG,8,46.00,64668.00,40748.00,63.01,2018,2019
"QMC # 64,459.00",1,1.00,64400.00,30629.00,47.56,2024,2024
COZOLE 200MG/40MG/5ML,58,698.00,64371.50,42012.88,65.27,2017,2023
ANEPTIL 500MG/5ML (I.M/I.V),1,98.00,64343.43,58218.43,90.48,2021,2021
BISACODEN 10MG,6,22.80,64312.50,26350.50,40.97,2025,2025
SYRINGE WITH NEEDLE TERRUMO - 1CC/ML,3,48.00,64120.00,30520.00,47.60,2021,2022
DUOTRAM 325MG/37.5MG,10,43.00,64020.00,41660.00,65.07,2021,2023
REPAIR FOR IM70 MONITOR,1,1.00,64000.00,14100.00,22.03,2025,2025
OPTHALMOSCOPE - WELCH ALLYN,1,1.00,63856.00,48856.00,76.51,2022,2022
GLOVES S7.5 LATEX STERILE (INDOPLAS),2,62.00,63736.00,14136.00,22.18,2023,2023
METZENBAUM CURVE SIZE 7'' (OLTEN),1,50.00,63700.00,42550.00,66.80,2025,2025
SQCEF 250MG,6,235.00,63546.50,41466.50,65.25,2021,2023
"PAGBILAO # 64,165",1,1.00,63541.00,21432.29,33.73,2025,2025
LOSARTRIXX 100MG,3,50.00,63450.00,52950.00,83.45,2020,2021
DUVAGEN 10MG,8,59.00,63150.01,41615.01,65.90,2025,2025
"PAGBILAO # 63,225.00",1,1.00,63150.00,27851.00,44.10,2024,2024
"PAGBILAO # 122,514.80",1,1.00,63105.00,17204.50,27.26,2025,2025
CIPROSAN 500MG,5,78.00,63000.30,45880.30,72.83,2019,2022
DINOSED 250MCG/ML (500MCG/2ML),1,33.33,63000.00,0.00,0.00,2025,2025
ERGOMET 200 MCG/ML,5,104.00,62995.00,41233.00,65.45,2021,2023
NOVACEE 100MG,5,610.00,62972.00,0.00,0.00,2019,2019
EVAPORATIVE AIR COOLER - IWATA JET 1200B POG62680,1,1.00,62850.00,23850.00,37.95,2020,2020
"PAGBILAO # 63,250",1,1.00,62716.75,21249.59,33.88,2025,2025
NYSECODE 50MG,8,43.00,62429.00,40429.00,64.76,2023,2023
METO 10MG,5,19.50,62095.00,57505.00,92.61,2020,2022
IRONOVA 100MG/5ML/AMPULE,1,70.00,61950.00,53200.00,85.88,2023,2023
"QMC # 61,900.00",1,1.00,61850.00,30855.00,49.89,2025,2025
FACESHIELD - GARTERIZED (HENG-DE),3,2320.00,61800.00,34000.00,55.02,2021,2022
MACROSET - ADULT (INFUSION SET)- TUDOR,5,584.00,61790.00,52778.00,85.42,2019,2023
PENCHLOR 1MG/800MCG,41,580.00,61701.28,21526.00,34.89,2018,2019
EGG SHELL MATTRESS (URATEX),8,41.00,61700.00,28701.97,46.52,2023,2025
NITROFURANTOIN 100MG,30,89.60,61670.12,53486.64,86.73,2018,2021
CANCARE IV CANNULA G22,2,500.50,61650.00,-448860.00,-728.08,2023,2023
LACTAMOX 156.25MG/5ML,35,296.00,61610.00,33417.80,54.24,2017,2017
"PPDC # 62,500",1,1.00,61550.00,21050.10,34.20,2025,2025
PERISPA 50MG,6,70.00,61427.00,8390.00,13.66,2025,2025
K-LYTE 600MG - DELTE,15,32.00,61380.00,34100.00,55.56,2018,2019
SYRINGE 10CC G23X1 PRIME,4,55.00,61355.00,48305.00,78.73,2023,2023
BAAMCILLIN-250 250MG,4,250.00,61275.00,35025.00,57.16,2025,2025
BETASOL 7.5MG/ML POVIDONE IODINE,4,42.00,61268.00,31568.00,51.52,2021,2023
SAPHARIN 20MG/ML,17,158.00,61253.51,36921.51,60.28,2025,2025
CEFTRINOVA 1G,4,380.00,61200.00,54740.00,89.44,2024,2025
AMIPHIL 25MG/ML AMP,5,104.00,61146.10,45546.10,74.49,2019,2020
MAXIMA IV CANNULA G 26,2,1000.00,61000.00,23000.00,37.70,2018,2018
"PAGBILAO # 61,000",1,1.00,60908.00,9621.29,15.80,2025,2025
ZINCBOS 60ML,8,880.00,60821.20,45047.20,74.07,2022,2023
IV INFUSION SET ADULT (PRIME),3,1900.00,60700.00,13200.00,21.75,2023,2023
ARNIS FLOOR MAT PUZZLE,1,29.00,60610.00,25679.50,42.37,2020,2020
ANESTIN 20MG/ML,10,125.00,60430.00,14260.00,23.60,2022,2023
SAPHCLAZIDE 60 GLICLAZIDE TABLET,1,40.00,60400.00,40600.00,67.22,2023,2023
CEFUROX 250MG/5ML 50ML,3,408.00,60339.12,16275.12,26.97,2025,2025
CLAXIC 500MG/125MG,20,27.00,60136.00,29405.82,48.90,2018,2019
ADULT CPR MANNEQUIN,1,2.00,60000.00,21000.00,35.00,2024,2024
IV CATHETER G.22 B.BRAUN,1,10.00,60000.00,0.00,0.00,2023,2023
OXYGEN TANK 15LBS,1,5.00,60000.00,44000.00,73.33,2020,2020
BACTIGRAS,1,500.00,60000.00,19500.00,32.50,2023,2023
INFANT CPR MANNEQUIN,1,2.00,60000.00,18000.00,30.00,2024,2024
GLOVES (M) - LATEX SURE GUARD,6,55.00,59960.00,48360.00,80.65,2021,2022
ERZIN 500MG TAB,1,50.00,59950.00,37450.00,62.47,2025,2025
STERILE GLOVES 6.5 - GLOMED,1,40.00,59920.00,29520.00,49.27,2023,2023
AIRCON SPLIT TYPE 1.5HP INVERTER (LG),1,1.00,59900.00,22902.00,38.23,2024,2024
CENDALEX 250MG/5ML SUS,31,373.00,59898.20,33544.80,56.00,2020,2023
LAPTOP LENOVO S145-141WL,1,1.00,59850.00,30600.00,51.13,2020,2020
LUBRICATING JELLY - SURGITECH 150G,6,186.00,59830.00,32510.00,54.34,2021,2023
LUBRICATING JELLY 3G (ORMED),1,20.00,59700.00,40700.00,68.17,2025,2025
ISOLATION GOWN QUANTUM,1,752.00,59408.00,22560.00,37.97,2023,2023
ZURENIX 500MG TAB,1,100.00,59400.00,0.00,0.00,2019,2019
IV CANNULA G24 - CAN CARE / BOX,4,12.00,59400.00,35100.00,59.09,2022,2023
ELCILIN,7,194.00,59395.00,21565.00,36.31,2023,2023
MICROPORE 0.5X10 1.25CMX9.1M (3M),5,65.00,59381.00,23631.00,39.80,2023,2024
EMZART 80,15,75.00,59334.00,40062.00,67.52,2023,2023
IV CANNULA 18G - CAREPLUS,1,30.00,59160.00,29160.00,49.29,2025,2025
HARD COPY SUB#20 A4,9,270.00,59050.00,6805.00,11.52,2023,2023
COMPUTER WITH PRINTER,1,1.00,59000.00,0.00,0.00,2019,2019
SAPHIXIME-200 200MG,8,246.67,58849.50,1616.50,2.75,2024,2025
INOX 100MG,1,30.00,58800.00,18870.00,32.09,2025,2025
KETROM 30MG/ML,11,124.00,58781.20,50669.20,86.20,2019,2020
FOLEY CATHETER 2WAY FR16 30ML (PARTNERS),14,1050.00,58700.00,18800.00,32.03,2023,2025
GLOVES (SML) HCD,2,202.00,58600.00,27900.00,47.61,2020,2022
GLOVES (S) - DR. CHOICE,33,175.00,58550.00,35800.00,61.14,2018,2020
ZINACARE W/O DILUENT,8,610.00,58460.00,47480.00,81.22,2018,2018
KLARITHIX 500MG TAB,8,32.80,58316.00,52618.25,90.23,2019,2020
ZYOM 40MG,2,300.00,58200.00,47700.00,81.96,2023,2023
STERILE WATER FOR INJECTION 50ML,1,50.00,58000.00,0.00,0.00,2019,2019
ROCIEM 10MG/ML (50MG/5ML) IV,1,10.00,58000.00,19000.00,32.76,2023,2023
LACTATED RINGERS SOLUTION EUROMED,3,840.00,57960.00,0.00,0.00,2023,2023
ENOCEE 500MG TAB,3,201.00,57900.00,47572.56,82.16,2023,2025
FACE SHIELD 150PHP,1,385.00,57750.00,48125.00,83.33,2021,2021
NEBULIZER MASK ADULT,1,350.00,57750.00,42000.00,72.73,2022,2022
BERCEF 50MG/ML,35,409.00,57721.00,40543.00,70.24,2018,2023
GLOVES (MD) HCD,1,200.00,57600.00,27600.00,47.92,2020,2020
HYOSUR 20MG/ML,4,169.00,57460.00,27547.00,47.94,2024,2025
"PAGBILAO # 57,540",1,1.00,57330.00,19600.28,34.19,2025,2025
BECOME PLEX,7,117.00,57220.00,42478.00,74.24,2020,2022
LATEX FOLEY BALLOON CATHETER SILICONE COATED 2 WAY FR.16 - SIMPLEX,2,745.00,57115.00,27315.00,47.82,2022,2023
ZINC VITA SYRUP,7,813.00,57027.28,42084.63,73.80,2019,2020
OFLOBIZ 3MG/ML (0.3%) 5ML,1,200.00,57000.00,17600.00,30.88,2025,2025
CEFAZOBAS,9,381.00,56930.00,14000.00,24.59,2018,2019
METOCLOR 10MG/2ML AMP,10,682.00,56855.00,1595.13,2.81,2019,2019
NICTRAM 50MG/ML,38,60.50,56794.50,24370.00,42.91,2018,2019
ROST-20 20MGTAB,12,66.00,56553.00,14694.50,25.98,2019,2023
TRIZEF 200MG,5,6.00,56500.00,46900.00,83.01,2022,2023
OMEPZOL 20MG,12,35.00,56297.00,52937.00,94.03,2019,2021
MYREFEN 500MG,6,111.00,56275.00,47655.00,84.68,2020,2023
DISPOSABLE SYRINGE 3CC - TERUMO,4,53.50,56250.00,29283.33,52.06,2020,2023
GIOCILLIN 500MG,2,200.00,56195.00,29195.00,51.95,2025,2025
DIGITAL BP - OMRON,3,7.00,56047.60,31547.60,56.29,2020,2020
NERVAPLEX 500MG/50MG/100MG/100MCG,14,33.00,56025.00,37269.90,66.52,2017,2017
CLINDEX 150MG/ML,2,15.00,56015.00,47315.00,84.47,2020,2020
KOXIB 200MG CAP,4,20.00,56000.00,37500.00,66.96,2025,2025
NOVAMOL 100MG,9,1471.00,55966.00,37772.50,67.49,2019,2021
0.9% SODIUM CHLORIDE,3,711.00,55940.00,27855.50,49.80,2022,2023
"PHO # 56,500-1",1,1.00,55935.00,19129.77,34.20,2025,2025
EMICOX 200MG CAP,11,184.00,55910.50,18646.50,33.35,2024,2025
"PAGBILAO # 56,239",1,1.00,55768.00,19072.66,34.20,2025,2025
LIFERZIN 250MG IV,6,80.00,55750.00,41830.00,75.03,2023,2024
RAHMACIN 500MG,4,45.60,55750.00,27734.00,49.75,2021,2023
AZITAS 200MG/5ML,2,150.00,55600.00,45050.00,81.03,2022,2023
CLAVIC 500MG,9,197.00,55550.00,32078.00,57.75,2017,2017
EPROSENZ SYRINGE 4000IU/0.5ML,1,3.00,55500.00,39000.00,70.27,2019,2019
POVIDONE IODINE 7.5% - MEDICROSS,4,45.00,55430.00,26180.00,47.23,2021,2023
"PESO # 55,000.00",1,1.00,55350.00,18929.70,34.20,2025,2025
MYREMOL 250MG,3,448.00,55311.36,46015.36,83.19,2019,2019
"IV CANNULA G.24 WINGED G24 X 1/4"" - B BRAUN",1,8.00,55200.00,37600.00,68.12,2023,2023
ROSVA 10-10MG,14,75.00,55155.00,36405.00,66.00,2025,2025
ROSULIP 20MG,16,80.00,55038.25,34118.25,61.99,2018,2020
EMICOX 200MG,7,107.00,55000.00,35794.00,65.08,2023,2024
LUPINSULIN 30:70 (30IU/70IU/ML) 10ML,1,100.00,55000.00,9800.00,17.82,2023,2023
DISPOSABLE SYRINGE WITH NEEDLE 25GX5/8 1CC/ML SUREGUARD,1,50.00,55000.00,42500.00,77.27,2023,2023
TOOTHBRUSH KIDDIE COLGATE,2,1400.00,54950.00,35980.00,65.48,2023,2023
AMOLTEX 2MG/5ML SYR,38,1517.00,54843.85,1051.00,1.92,2018,2023
SAPHLOR-100,6,130.00,54800.00,34400.00,62.77,2022,2023
LAZICARE 10MG,11,90.00,54778.80,50408.80,92.02,2022,2023
CO-AMOXICARE 500MG/125MG,7,109.00,54683.00,14782.62,27.03,2020,2021
ERZOL 5MG/ML (500MG/100ML) 100ML,4,2250.00,54580.00,20830.00,38.16,2025,2025
EXAMINATION LATEX GLOVES MEDIUM,2,205.00,54525.00,17625.00,32.32,2023,2023
LEIVICLOX 250MG,14,330.00,54480.00,32040.00,58.81,2018,2018
ZANTRACID 25MG/ML,5,37.10,54470.00,53171.50,97.62,2018,2019
SANOVIZ OB PLUS,6,33.00,54461.00,37136.00,68.19,2022,2025
LOPIDEX 25MG,2,70.00,54450.00,0.00,0.00,2019,2019
HYDROBET 250MG,8,26.00,54400.00,46960.95,86.33,2018,2020
KETOLOG 600MG,4,8.00,54400.00,20000.00,36.76,2018,2018
OPRA-40 40MG,9,37.00,54396.00,37579.50,69.09,2024,2025
IV CANNULA G22 - CATHULA,3,17.00,54300.00,19300.00,35.54,2022,2023
SORBIFER DURULES 310MG,4,47.00,54250.00,15092.42,27.82,2023,2025
HYCLENS WOUND SPRAY 2% 120ML BOV,7,107.00,54230.00,12286.00,22.66,2024,2025
ROSADOC 20MG,7,339.00,54180.00,38020.00,70.17,2017,2018
ALCOHOL 500ML,3,456.00,54020.00,0.00,0.00,2019,2019
TORVASTATIN 40MG,4,120.00,54000.00,35400.00,65.56,2025,2025
BP APPARATUS STAND TYPE,1,3.00,54000.00,45600.00,84.44,2022,2022
TOOTHBRUSH COLGATE ADULT,1,1200.00,53962.44,39790.44,73.74,2021,2021
CLAVIC 125MG/31.25MG/5ML,31,259.00,53872.00,32504.40,60.34,2017,2019
INHIBITA 40MG CAP,8,106.00,53857.00,18347.00,34.07,2023,2025
MUPIROW 20MG,1,500.00,53850.00,29850.00,55.43,2022,2022
DULXATIVE 10MG,8,468.00,53840.00,-116044.00,-215.53,2023,2025
PARA500,22,329.00,53781.50,33383.50,62.07,2022,2023
AERO-VENT 1MG/ML (2.5MG/2.5ML),9,125.66,53777.50,20382.50,37.90,2023,2024
"PAGBILAO # 54,000.00",1,1.00,53595.00,16865.00,31.47,2025,2025
ACURIUM 10MG/ML,5,36.00,53040.00,18540.00,34.95,2018,2019
ATV PLUS 5MG/10MG,3,53.00,53000.00,42750.00,80.66,2024,2025
PROCARV,4,49.00,53000.00,35115.00,66.25,2017,2017
BIOMEF 500MG TAB,4,45.00,52925.00,49775.00,94.05,2020,2020
"PAGBILAO # 53,000",1,1.00,52920.00,18098.64,34.20,2025,2025
ULTREINAC-200 200MG SOL,2,278.00,52820.00,30580.00,57.89,2019,2019
GLUTARALDEHYDE SOL. AIDEX GAL,1,20.00,52800.00,0.00,0.00,2019,2019
ROSEMIDE 10MG/ML (20MG/2ML) 2ML,13,96.00,52760.00,47192.00,89.45,2023,2024
ZONROX COLOR SAFE 900ML,3,473.00,52738.00,25191.05,47.77,2021,2023
FORTIS VITAMIN,6,170.00,52695.00,44365.00,84.19,2022,2023
KELLY CURVED 8'' (OLTEN),3,66.00,52650.00,20442.00,38.83,2025,2025
KELLY STRAIGHT 8'' (OLTEN),3,66.00,52620.00,20412.00,38.79,2025,2025
PIDCLIN 100MG,1,300.00,52500.00,7500.00,14.29,2024,2024
MULTIMEEDS,10,1135.00,52468.00,41452.00,79.00,2017,2019
AZITHROM,16,210.33,52403.00,29438.00,56.18,2022,2023
"T-SHIRT ORDINARY (S,M,L,XL,2XL)",1,150.00,52350.00,19350.00,36.96,2023,2023
"PAGBILAO # 52,500.00",1,1.00,52312.50,17890.87,34.20,2025,2025
FENO-T6 160MG,1,67.00,52253.30,44883.30,85.90,2025,2025
TRIZINE FORTE,7,18.00,52200.00,27900.00,53.45,2018,2018
DISPOSABLE INFUSION SET ADULT 20MACRODROPS/ML (HEXACARE),7,1850.00,52114.50,36574.50,70.18,2025,2025
ISOPROPHYL ALCOHOL 70% GALLON (ALCORADE),1,100.00,52100.00,29100.00,55.85,2023,2023
NYESECOD 50MG,3,28.00,51975.00,32515.00,62.56,2022,2022
LOSAGAN 50MG,2,10.30,51970.00,11930.00,22.96,2019,2020
CETICIT 10MG,13,65.00,51947.00,49597.00,95.48,2021,2022
ULTREINAC 200MG,4,130.00,51897.16,41497.16,79.96,2020,2022
TOOTHPASTE COLGATE 37G,1,700.00,51800.00,20300.00,39.19,2023,2023
TOOTHPASTE CLOSE UP RED 50ML,1,700.00,51800.00,0.00,0.00,2023,2023
LACTAMOX 312.5MG/5ML,19,155.00,51762.00,30436.30,58.80,2017,2017
MYREVIT 100MG 60ML SYRU[,2,1045.00,51700.00,38115.00,73.72,2019,2019
CO-AMOXISAPH 250MG,3,91.00,51670.00,47083.50,91.12,2019,2020
"PAGBILAO # 51,675.00",1,1.00,51428.00,17588.38,34.20,2025,2025
BROADMETZ 250MG/5ML,36,504.00,51415.00,31421.25,61.11,2017,2020
GIOCILLIN 1G,5,52.00,51360.00,35017.96,68.18,2023,2023
CLINDOLLEN 150MG/ML (300MG/2ML) 2ML,1,20.00,51300.00,38320.00,74.70,2024,2024
LUBRICATING JELLY 3G SACHET - SURGITECH,17,34.00,51245.00,30495.00,59.51,2018,2023
"QMC # 51,320",1,1.00,51240.00,25580.00,49.92,2025,2025
CLIN-GEN 300MG CAP,9,80.00,51238.75,23188.75,45.26,2023,2025
"PAGBILAO # 51,261.00 LOT 1",1,1.00,51160.00,21732.95,42.48,2024,2024
REGIVIT 60ML,6,688.00,50978.00,16390.00,32.15,2019,2021
STERICORT 250MG,2,28.00,50906.80,24459.40,48.05,2018,2018
NITROFURANTOIN 100MG CAP,28,71.79,50869.71,37229.61,73.19,2018,2019
NEEDLE HOLDER SIZE 6'' (OLTEN),2,40.00,50800.00,36000.00,70.87,2025,2025
EVENING PRIMROSE SOFTGEL,5,30.00,50752.00,5710.00,11.25,2018,2019
DISPOSABLE DIAPER ADULT LARGE (HEXACARE),3,210.00,50708.80,9968.80,19.66,2024,2025
PORSROSE 20MG/ML (100MG/5ML) 5ML,3,120.00,50706.00,16506.00,32.55,2025,2025
STERILE WATER 50ML PARENTERAL,18,570.80,50659.00,34962.00,69.01,2018,2020
ZONROX ORIGINAL 1/2 GALON,1,460.00,50600.00,18565.60,36.69,2021,2021
SURE GUARD LATEX SURGICAL GLOVES 7.0,3,37.00,50531.00,22781.00,45.08,2023,2023
X-RAY FILM 14X14 (FUJI),3,10.00,50465.00,4205.00,8.33,2025,2025
ACCEDIAZINE 10MG/G (1% W/W) 25G,1,365.00,50370.00,27375.00,54.35,2025,2025
"PAGBILAO # 34,405.00",2,2.00,50365.00,6009.00,11.93,2024,2024
MULTI-GROW 30ML,11,272.00,50356.00,31316.00,62.19,2023,2025
FLUCYSTEINE-600 600MG 6G,7,300.00,50160.00,21920.00,43.70,2023,2025
SILVERDEX 10MG,7,272.00,50134.00,35446.00,70.70,2022,2023
IV CANNULALUER LOCK G26 0.6X19MM (BD),2,5.00,50000.00,30000.00,60.00,2024,2024
GANG CHAIR 5 SEATER,1,2.00,50000.00,33000.00,66.00,2022,2022
PERSONAL PROTECTIVE EQUIPMENT COVER ALL (3M),1,50.00,50000.00,20000.00,40.00,2023,2023
"PAGBILAO # 50,000-1",1,1.00,49950.00,17082.90,34.20,2025,2025
GROCERY PRODUCT (RICE/CANNED GOODS),1,50.00,49950.00,23680.00,47.41,2023,2023
AFFORVIT,34,63.00,49842.00,37053.00,74.34,2017,2019
CLODIN 75MG TAB,10,25.00,49832.00,35718.60,71.68,2019,2020
"PPDC # 50,000",1,1.00,49820.00,17038.44,34.20,2025,2025
"PAGBILAO # 50,000",1,1.00,49810.00,17035.02,34.20,2025,2025
SQCEF 125MG,3,202.00,49800.00,31304.00,62.86,2020,2022
GALAXY TABLET S7 FESM-T733NLGEXTC,1,1.00,49800.00,20310.00,40.78,2023,2023
E-DOL AMPULE,1,30.00,49800.00,0.00,0.00,2020,2020
COCINE 250MG/ML (500MG/2ML),4,93.00,49662.50,-4277.50,-8.61,2025,2025
"PAGBILAO # 49,960",1,1.00,49624.50,21845.00,44.02,2025,2025
CORSIN-600 150MG/ML (600MG/4ML) 4ML,8,170.00,49605.00,35155.00,70.87,2023,2024
PARTEN 50MG,43,86.00,49550.88,18848.44,38.04,2018,2019
"PPDC # 50,000.00",1,1.00,49500.00,0.00,0.00,2025,2025
EXAMINATION LATEX GLOVES SMALL,1,200.00,49400.00,13400.00,27.13,2023,2023
RICHARDSON EASTMAN RETRACTOR SET OF 2PCS,3,20.00,49370.00,21950.00,44.46,2025,2025
IV CANNULA 22G - HEXACARE,3,25.00,49300.00,31800.00,64.50,2025,2025
DOTHIX 100MG,4,170.00,49290.00,24470.00,49.65,2024,2025
INSULIN SYRINGE WITH NEEDLE 1CC 29GX1/2 TERUMO,9,50.00,49237.00,11187.00,22.72,2021,2023
"PAGBILAO # 49,290",1,1.00,49120.00,15272.46,31.09,2025,2025
EUROZYLLIN 250MG,2,2000.00,49020.00,19020.00,38.80,2025,2025
CLOBECHEM 500MCG/G (0.05% W/W) 5G,1,700.00,49000.00,14140.00,28.86,2025,2025
HEPARIN LOCKS,3,7.00,49000.00,41500.00,84.69,2021,2022
KETERO,4,62.00,49000.00,44040.00,89.88,2018,2018
AMBILIN 500-500MG,1,100.00,49000.00,37000.00,75.51,2025,2025
GLOVES 7 PROTEXIS,2,17.00,48900.00,5600.00,11.45,2019,2020
CELEKOP 200MG,4,90.00,48700.00,37000.00,75.98,2023,2023
METACORT 4MG/ML (8MG/2ML) 2ML,3,160.00,48595.00,-31405.00,-64.63,2025,2025
NASOGASTRIC TUBE FR 16 (PARTNERS),1,150.00,48591.00,24591.00,50.61,2024,2024
NASOGASTRIC TUBE FR 18 (PARTNERS),1,150.00,48591.00,24591.00,50.61,2024,2024
"GULANG GULANG # 48,525.00",1,1.00,48525.00,16175.00,33.33,2025,2025
BABY WASH 100ML (JOHNSON),19,585.00,48485.00,14851.25,30.63,2023,2025
APULDON 10MG,16,50.00,48430.70,44385.70,91.65,2020,2022
DISPOSABLE SYRINGE (10CC/ML) 23GX1 LUER LOCK - DELCARE,4,35.00,48380.00,39630.00,81.91,2022,2023
ACCEDOME 1MG/ML,4,341.00,48349.00,32845.00,67.93,2020,2022
"QMC # 130,994.00",1,1.00,48262.00,-44567.00,-92.34,2025,2025
"LEUKOPLAST 2"" (5CMX5M)",11,110.00,48240.00,16275.00,33.74,2018,2020
4 BURNER ELECTRIC OVEN - PO G2680,1,1.00,48200.00,37560.00,77.93,2020,2020
KIDNEY BASIN STAINLESS STEEL 10'' (OLTEN),2,50.00,48085.00,23185.00,48.22,2025,2025
"IV CANNULA WINGED G.22 X 1"" INTROCAN SAFETY - B BRAUN",1,8.00,48000.00,11600.00,24.17,2023,2023
NEBULIZER KIT ORMED,1,10.00,48000.00,20500.00,42.71,2020,2020
RETABETASOL 500MCG/G(0.5%W/W),1,150.00,48000.00,41400.00,86.25,2025,2025
ALCORIGHT ISOPROPYL ALCOHOL,1,400.00,48000.00,12000.00,25.00,2023,2023
GLOVES 7.5 ( STERILE / POWDERED) - DR. CARE,1,20.00,47940.00,30940.00,64.54,2021,2021
"PAGBILAO # 48,000",1,1.00,47928.00,16391.38,34.20,2025,2025
TOOTHPASTE CLOSE-UP GREEN 50ML,3,650.00,47889.00,18151.50,37.90,2021,2021
CLINDAPHIL-600 150MG/ML (600MG/4ML) 4ML,1,40.00,47888.00,20488.00,42.78,2025,2025
DEXTROSE 50ML,2,26.00,47780.00,13980.00,29.26,2022,2023
"PAGBILAO # 88,528.00 LOT 3",1,1.00,47751.00,-579.50,-1.21,2024,2024
HYOSAPH 10MG TAB,18,64.50,47637.00,22850.34,47.97,2018,2023
STERILE LATEX SURGICAL GLOVES #7,2,30.00,47550.00,25050.00,52.68,2022,2022
ZETIFEN 250MG/5ML SYR,59,566.00,47528.30,1886.35,3.97,2018,2021
MOP - ORDINARY,1,96.00,47520.00,32640.00,68.69,2021,2021
"PAGBILAO # 69,660.00",1,1.00,47520.00,9755.50,20.53,2024,2024
DULCOLAX 10MG (ADULT),2,1000.00,47500.00,0.00,0.00,2019,2019
DULCOLAX 10MG (PEDIA),2,1000.00,47500.00,0.00,0.00,2019,2019
KEEF 250,4,156.00,47476.00,37195.00,78.34,2018,2019
VICOLAX 50MG/1MG/5ML SYR,34,592.00,47465.30,25691.54,54.13,2018,2020
EXECORE 500MG,8,474.00,47306.00,27518.00,58.17,2023,2023
CLONIN 75MCG,5,94.00,47290.50,16806.00,35.54,2018,2019
BETASOL 10% SOLUTION ANTISEPTIC,4,36.00,47290.00,25610.00,54.16,2021,2022
CATAMED 75MCG,8,42.00,47274.00,35506.00,75.11,2023,2025
DEXTAR-S 4MG/ML 2ML,4,130.00,47243.00,-7357.00,-15.57,2025,2025
BUTADIL 2MG/5ML,24,650.00,47138.00,8066.64,17.11,2018,2021
TOOTHBRUSH - COLGATE CLASSIC CHILD,2,1100.00,47100.00,18635.00,39.56,2021,2022
OSTEO-PRO 750MG/10IU/10MG,29,41.00,47003.00,29897.99,63.61,2017,2019
BLOOD URIC ACID TEST STRIPS (EASYTOUCH),2,43.00,47003.00,13463.00,28.64,2023,2024
"PAGBILAO # 71,000",1,1.00,46945.00,16055.19,34.20,2025,2025
HARBIPEN 1M,5,116.00,46930.00,29928.00,63.77,2017,2018
"PAGBILAO # 47,375",1,1.00,46896.25,31171.25,66.47,2024,2024
"ALLIS TEETH 5X6, 7 1/2''",2,60.00,46800.00,17520.00,37.44,2025,2025
DIGITAL CAMERA - 24.1 MP CANON,1,1.00,46750.00,30755.00,65.79,2020,2020
KALIGEN 750MG,3,12.00,46690.00,33409.20,71.56,2024,2025
AEROX 500MG TAB,1,150.00,46485.00,32535.00,69.99,2025,2025
MONTESUR 10MG,4,71.67,46474.00,2559.00,5.51,2019,2020
MULTILEM 100MG-DROPS,8,1262.00,46368.00,23672.00,51.05,2020,2023
TERMAGEN 100MG/ML,43,656.00,46348.00,27070.73,58.41,2018,2022
MOLNUPIRAVIR 400MG,10,180.00,46300.00,13900.00,30.02,2022,2022
ALVICA TRAUMA RECOVERY GEL ICE,29,115.00,46217.23,31701.33,68.59,2018,2019
NERVCARE 1G,4,14.00,46200.00,15660.00,33.90,2017,2018
GENERIC CEFIXIME 20MG DROPS,3,343.00,46149.00,25209.00,54.63,2020,2022
OXYGEN CANNULA ADULT HEXACARE,2,620.00,46070.00,32430.00,70.39,2023,2024
CEFIXIME 100MG/5ML SUSP EMACIF,1,400.00,46000.00,9200.00,20.00,2023,2023
CORBIMAX 500MG,1,200.00,46000.00,36400.00,79.13,2025,2025
PAPER TOWEL 175PULL-UPS (FEMME),15,550.00,45995.00,16815.00,36.56,2023,2025
"PAGBILAO # 325,000.00",1,1.00,45990.00,-169176.75,-367.86,2024,2024
"QMC # 49,855.00",1,1.00,45912.50,12278.50,26.74,2024,2024
PLAZIMIDE,3,149.00,45900.00,40163.50,87.50,2019,2019
"PAGBILAO # 46,000.00",1,1.00,45800.00,10200.00,22.27,2024,2024
REGIVIT 120ML,2,360.00,45734.40,36014.40,78.75,2021,2021
"TOURISM # 45,820",1,1.00,45550.00,13335.20,29.28,2025,2025
VALERI 1MG/G (0.1% W/W) 10G,2,650.00,45500.00,24700.00,54.29,2025,2025
FACEMASK BLUE,10,294.00,45218.00,33578.00,74.26,2023,2023
"PAGBILAO # 45,500.00",1,1.00,45110.00,18269.55,40.50,2024,2024
TOLLMAN 20MG,3,260.00,45020.00,26400.00,58.64,2020,2023
UNDERPADS MEDPRO,1,150.00,45000.00,0.00,0.00,2019,2019
ZICEF,1,300.00,45000.00,39750.00,88.33,2017,2017
CANON PRINTER,1,3.00,44985.00,24000.00,53.35,2022,2022
ZINLUM 10MG/ML SYRUP (ORAL DROPS),7,523.00,44949.04,35657.04,79.33,2021,2022
MEOXICLAV-DS 457MG/5ML 70ML,8,148.00,44863.75,21682.75,48.33,2023,2025
"PAGBILAO # 45,000",1,1.00,44850.00,31050.00,69.23,2025,2025
BROADMETZ 500MG CAP,16,44.00,44764.00,31047.00,69.36,2021,2023
FULVAST 40MG,3,22.00,44680.00,38256.00,85.62,2020,2021
BLOOD CONNECTING YELLOW TOP,4,39.00,44542.00,28824.00,64.71,2022,2023
TOSYLAM 375MG,7,15.00,44500.00,7810.00,17.55,2017,2018
TERMAGEN 250MG/5ML,48,2519.00,44422.80,27666.65,62.28,2017,2019
NUPIRA 1MG/ML (4MG/4ML),2,22.00,44360.00,14160.00,31.92,2023,2025
X-RAY CASETTE : 14X14 WITH INTENSIFY SCREEN FUJI,2,2.00,44245.00,9055.00,20.47,2025,2025
HEMAQUICK STAIN - MEDIC,5,7.00,44234.00,24038.00,54.34,2020,2023
"PAGBILAO # 443,131.29",1,1.00,44132.00,-219173.35,-496.63,2024,2024
"GULANG GULANG # 44,080.00",1,1.00,44080.00,9404.00,21.33,2025,2025
GENERIC AMLODIPINE 5MG,5,50.00,44028.00,43178.00,98.07,2020,2020
CINNABLOC 25MG TAB,23,81.19,43971.00,27733.00,63.07,2023,2024
"PAGBILAO # 43,790.00",1,1.00,43790.00,18288.28,41.76,2024,2024
TOOTHPASTE CLOSE-UP RED 50ML,2,718.00,43708.50,11039.50,25.26,2021,2022
COFFEE GREAT TASTE PREMIUM 25G,1,2000.00,43700.00,9700.00,22.20,2021,2021
ISOLYTE 30MG TAB,9,76.00,43685.25,24965.25,57.15,2024,2025
FREDTOR 40MG,5,89.00,43586.00,28241.00,64.79,2023,2025
EUROZINE 20MG,10,78.00,43500.00,30580.00,70.30,2021,2023
CORVI PLUS 1MG/50MG,38,393.00,43479.00,15926.40,36.63,2017,2019
IV CANNULA 24G - HEXACARE,3,22.00,43384.00,25784.00,59.43,2025,2025
GAUZE PAD STERILE 4''X8''X8PLY 28X24 MESH (PARTNERS),2,158.00,43370.00,22830.00,52.64,2025,2025
"PAGBILAO # 500,000.00",1,1.00,43200.00,-183526.00,-424.83,2024,2024
MAZINE 10MG,3,567.00,43192.00,13708.00,31.74,2023,2023
TRANCE 500MG,10,77.00,43180.00,33555.00,77.71,2018,2019
POVIDONE 10% SOLUTION ANTISEPTIC (BETASOL ),4,35.00,43140.00,13390.00,31.04,2023,2023
PREGNANCY TEST,9,754.00,43092.50,6720.00,15.59,2018,2019
ALGICAP 50MG/5ML SUS,61,585.00,43074.92,28678.07,66.58,2018,2019
BUFEN 200MG/5ML,25,372.00,43047.85,25377.85,58.95,2023,2025
UNDER PADS FOR ADULTS,2,220.00,43000.00,14400.00,33.49,2023,2023
ERCEFLORA 5ML,5,51.00,42972.00,13020.00,30.30,2018,2019
"PAGBILAO # 147,528.00",1,1.00,42944.00,-53751.00,-125.17,2025,2025
TRANSPORE 3M 1527-1,4,33.00,42900.00,16500.00,38.46,2021,2021
JAGAPLEX 120ML,25,274.00,42870.00,29475.00,68.75,2017,2023
NASAL OXYGEN CANNULA ADULT (HEXACARE),3,1350.00,42788.00,13088.00,30.59,2023,2025
DIALOX 125MG,4,658.00,42785.00,31599.00,73.86,2021,2021
NOVACEE 100MG/5ML SYRUP,9,1009.00,42775.00,4899.00,11.45,2022,2025
BRODIX PLUS,16,40.00,42674.00,16277.00,38.14,2018,2018
"PAGBILAO # 42,960.00",1,1.00,42651.00,22101.00,51.82,2024,2024
AHBAY-TOX 40IU/0.5ML VIAL,1,50.00,42625.00,13875.00,32.55,2024,2024
HAVIDONE - POVIDONE IODINE - 10%,4,34.00,42456.00,31896.00,75.13,2022,2023
GLOVES SMALL LATEX NONSTERILE (INDOPLAS),3,175.00,42400.00,10025.00,23.64,2025,2025
TEMPAID 500MG,8,112.00,42305.00,33905.00,80.14,2020,2022
GAUZE PAD 4X4X8 PLY 28X24 MESH,1,64.00,42240.00,26240.00,62.12,2021,2021
"QMC # 42,400.00",1,1.00,42240.00,18240.00,43.18,2025,2025
POVIDONE IODINE 10% 1GAL,2,32.00,42228.00,0.00,0.00,2019,2019
NATURALLE,8,23.00,42169.60,22182.60,52.60,2018,2019
DISPOSABLE SYRINGE - 5CC PRIME,5,36.10,42100.00,32353.00,76.85,2021,2023
MEDICAL BED 2 CRANKS,1,2.00,42000.00,20000.00,47.62,2024,2024
VESTFLO-20 20MG,1,40.00,42000.00,34080.00,81.14,2021,2021
NIMOTOP 30MG,1,4.00,41936.00,31452.00,75.00,2024,2024
AMBIRETIC 500MG,1,120.00,41880.00,37200.00,88.83,2025,2025
ACTIVATED GLUTARALDEHYDE AIDEX 5L.(AIDEX),6,20.00,41817.00,11817.00,28.26,2023,2023
CLODIN 75MCG,7,46.00,41712.50,23764.50,56.97,2024,2025
FACEMASK BLACK,1,26.00,41600.00,39780.00,95.63,2023,2023
RAMAVIT 100MG/5MG/50MCG,3,440.00,41600.00,6400.00,15.38,2025,2025
AMBILLIN 500MG,3,1060.00,41600.00,0.00,0.00,2023,2023
HB SAG TEST KIT,3,23.00,41328.00,25059.00,60.63,2022,2023
TEGADERM FILM 4X4,10,147.00,41250.00,-130740.00,-316.95,2018,2019
AWANAY FORTE 500MG,7,64.00,41250.00,22600.00,54.79,2020,2023
F-DICO 25MG/ML,9,55.00,41250.00,34485.00,83.60,2022,2023
"PAGBILAO # 41,850.00 LOT 13",1,1.00,41242.50,19858.50,48.15,2024,2024
FLEXIMA APDL PIGTAIL CATHETER FR10,1,5.00,41200.00,20500.00,49.76,2025,2025
FLEXIMA APDL PIGTAIL CATHETER FR12,1,5.00,41200.00,20500.00,49.76,2025,2025
RABAPHEN 50MG/ML,9,40.00,41160.00,35872.50,87.15,2021,2023
BLOODSET TERUMO 1'S,6,380.00,41050.00,0.00,0.00,2018,2019
MEDIROSE 1000MG/992MG,6,41.00,41000.00,35055.00,85.50,2024,2025
NGT F.16,7,185.00,40885.00,0.00,0.00,2019,2019
CADAVER BAG,1,50.00,40850.00,21600.00,52.88,2023,2023
LODIPEX - 5MG,7,49.00,40822.00,38960.00,95.44,2021,2022
SILVEDEX 10MG,8,211.00,40815.00,11784.27,28.87,2020,2021
DIFLOSID 75MG/ML,12,58.00,40800.00,33840.00,82.94,2018,2018
GIAN ZINC PLUS C 120ML,5,203.00,40776.00,8055.00,19.75,2017,2017
"PAGBILAO # 41,000",1,1.00,40650.00,13902.30,34.20,2025,2025
POVIDONE IODINE 10% 60ML (JCHIEME),1,70.00,40600.00,36330.00,89.48,2023,2023
DISPOSABLE SYRINGE/TUBERCULIN 1CC (CAREPLUS),3,115.00,40580.00,15280.00,37.65,2024,2025
LYCORTIS 100MG IV,2,57.00,40500.00,10347.00,25.55,2023,2023
SURGICAL GLOVES STERILE 7.5,1,30.00,40500.00,18000.00,44.44,2022,2022
CM SERIES FLUORESCENCE ANALYSIS VIEWING CABINET,1,1.00,40500.00,-1300.00,-3.21,2025,2025
STERILE SURGICAL GLOVES PAIRS/BOX SIZE 7.0 HEXACARE,3,15.00,40445.00,28340.00,70.07,2023,2023
TROVIPRI 80MG,7,75.00,40327.50,16327.50,40.49,2025,2025
GAUZE PAD 4X4 - SURGITECH,10,74.20,40269.00,28658.00,71.17,2018,2023
IBUFEN 400MG TAB,9,110.00,40260.20,33284.07,82.67,2020,2023
GIRAN-16 16MG,7,30.33,40132.47,30482.50,75.95,2021,2023
KN95 FACE MASK (BOX),4,121.00,40077.32,28492.32,71.09,2021,2023
SYLVITE 2MEQ/ML 20ML,6,86.00,40020.00,27980.00,69.92,2023,2025
FLUZETRIN,1,100.00,40000.00,2300.00,5.75,2025,2025
NEUROBE 100MG/100MG/1MG 3ML,1,200.00,40000.00,15800.00,39.50,2025,2025
CLINTOP 300MG,1,80.00,40000.00,14400.00,36.00,2025,2025
ETHYL ALCOHOL 70% GALLON (ALCORADE),1,100.00,40000.00,17000.00,42.50,2023,2023
ISOPROPYL ALCOHOL 500ML - ALCO-AID,2,341.00,39993.00,15441.00,38.61,2021,2021
DISPOSABLE SYRINGE - 3CC PRIME,3,33.00,39920.00,31170.00,78.08,2021,2022
APCEE 100/5ML 60ML,11,642.00,39918.30,32037.00,80.26,2021,2023
"TOURISM # 40,000",1,1.00,39900.00,19645.80,49.24,2025,2025
"PAGBILAO # 40,000.00",1,1.00,39900.00,16159.50,40.50,2024,2024
KETOROBAS 30MG/ML,10,97.00,39894.50,22004.50,55.16,2023,2025
AMADOL 150MG,4,100.00,39800.00,35290.00,88.67,2021,2023
"PAGBILAO # 55,000 LOT 2",1,1.00,39800.00,17400.00,43.72,2024,2024
EPIBBAS 1MG/ML IV,4,50.00,39772.50,32522.50,81.77,2025,2025
EPICARE 1MG/ML IV,10,137.00,39667.50,23912.50,60.28,2024,2025
NITRILE GLOVES MEDIUM DR. GREG,2,150.00,39630.00,9630.00,24.30,2023,2023
DIACEF 100MG,7,813.00,39426.10,27324.10,69.30,2021,2023
GIAN-ZINC 120ML,15,168.00,39348.00,24228.00,61.57,2023,2024
METOCLOSIL 5MG/ML (10MG/2ML),2,250.00,39085.00,24085.00,61.62,2025,2025
SUCTION BOTTLE,2,2.00,39000.00,6500.00,16.67,2018,2018
APREZAL 20MG/ML,5,10.00,39000.00,24915.66,63.89,2023,2024
ZEFALEX 500MG,1,30.00,39000.00,31500.00,80.77,2022,2022
BLOOD COLLECTION BAGS 450ML DOUBLE,2,12.00,38994.00,28494.00,73.07,2022,2023
VOLUMETRIC SOLUTION INFUSION SET COSMED,3,213.00,38976.00,636.00,1.63,2023,2023
ACETYLNOVA 200MG 30'S,3,89.66,38966.40,2580.00,6.62,2025,2025
SKYVIT CAP,1,100.00,38900.00,32100.00,82.52,2025,2025
"TOURISM # 39,000",1,1.00,38850.00,13286.70,34.20,2025,2025
ENOXAGET-60 60MG/0.6ML,2,30.00,38850.00,16650.00,42.86,2025,2025
SDCHECK BLOOD TEST STRIPS GOLD,2,30.00,38740.00,-260.00,-0.67,2023,2025
KATHREX 800MG/160MG (960MG),1,50.00,38700.00,32100.00,82.95,2025,2025
GLIMIDE 5MG,12,218.00,38611.00,32742.00,84.80,2019,2023
ALVICA INTENSE 70ML,7,76.00,38539.96,20679.96,53.66,2024,2025
ANALMIN 500MG,5,50.00,38462.00,35527.00,92.37,2019,2020
VAZI2R 20MG,8,43.00,38312.80,34700.80,90.57,2022,2023
DIALIX 1MG/ML,5,434.00,38065.60,27081.60,71.14,2023,2025
CETOCIN,3,434.00,37900.00,28720.00,75.78,2017,2017
ERGOTEC 125MG,8,404.00,37880.00,27410.00,72.36,2017,2020
BERCEF 50MG DROPS,22,229.00,37788.00,28218.00,74.67,2017,2017
C ZETTE,3,511.00,37780.00,640.00,1.69,2017,2017
STABUFOST-40 40MG,2,22.00,37740.00,28170.00,74.64,2023,2023
"PAGBILAO # 83,090.00",1,1.00,37590.00,-11809.00,-31.42,2024,2024
KETORAN 30MG/ML,2,31.00,37590.00,31390.00,83.51,2021,2022
CO-AXIAL NEEDLE G17 X 9.6CM (CURWAY),1,2.00,37580.00,18700.00,49.76,2025,2025
"PAGBILAO # 37,500.00",1,1.00,37350.00,15126.75,40.50,2024,2024
BP LOW 250MG TAB,5,26.00,37310.00,28470.00,76.31,2019,2020
OXYGEN CANNULA (ADULT) - SURGITECH,4,513.00,37232.50,13800.00,37.06,2018,2020
DIACEF 250MG/5ML,2,230.00,37217.50,29627.50,79.61,2025,2025
MEGACLAV 250MG,4,113.00,37087.00,23527.00,63.44,2022,2022
SYNERMED 200MG/40MG/5ML,42,401.00,37085.00,24636.60,66.43,2018,2020
WELLTRATE 50MG,4,110.01,37050.00,1930.00,5.21,2025,2025
VOLUMETRIC SOLUTION INFUSION SET 120ML (SURGITECH),1,125.00,37000.00,23250.00,62.84,2023,2023
PULSE OXIMTER ADULT (NO BRAND),1,20.00,37000.00,27000.00,72.97,2023,2023
INSTRUMENT TRAY WITH COVER STAINLESS STEEL 10X8X2.5 (OLTEN),2,17.00,36975.00,15130.00,40.92,2025,2025
"PAGBILAO # 37,260.00",1,1.00,36915.00,14950.57,40.50,2024,2024
LORAREX 10MG,4,18.00,36856.00,34426.00,93.41,2021,2022
IV CANNULA G.18 - INTROCAN,3,16.00,36750.00,23950.00,65.17,2023,2023
ZINLUM,3,488.00,36749.84,27721.84,75.43,2019,2019
"PAGBILAO # 37,040.00",1,1.00,36735.00,12563.37,34.20,2025,2025
GLOVES (M),5,40.00,36700.04,12700.04,34.61,2021,2021
CIPROGYL 2MG/ML (200MG/100ML) 100ML,1,1000.00,36620.00,14620.00,39.92,2025,2025
SHARJVAX 3000IU/0.95ML,2,12.00,36600.00,11160.00,30.49,2024,2024
COLGATE FRESH & COOL TOOTHPASTE 50ML,1,650.00,36400.00,0.00,0.00,2019,2019
TOOTHPASTE 50ML/66G - COLGATE,1,650.00,36400.00,8612.50,23.66,2020,2020
PEPTOBURG 3.35G/5ML,2,300.00,36339.00,8115.00,22.33,2025,2025
AUROHEX 4MG,8,24.00,36167.00,12571.73,34.76,2020,2023
NEEDLE TERUMO AGANI - 25G X 5/8 (16MM),2,57.00,36108.00,19578.00,54.22,2021,2021
KATHREX 800/160MG,8,68.00,36085.00,17163.67,47.56,2018,2021
ZINCAVIT 55MG/ML,25,445.00,36044.25,22342.85,61.99,2018,2019
AUTOCLAVE ORMED TAPE 2CM,1,100.00,36000.00,15000.00,41.67,2021,2021
NEBULIZING KIT WITH MASK HEXACARE,1,300.00,36000.00,23700.00,65.83,2023,2023
NEBULIZING KIT,1,300.00,36000.00,24000.00,66.67,2023,2023
NEEDLE HOLDER SIZE 7'' (OLTEN),4,32.00,36000.00,20384.00,56.62,2025,2025
ROVASU10,11,75.00,35953.50,22453.50,62.45,2023,2023
VAGCLR-M,1,40.00,35920.00,-27680.00,-77.06,2024,2024
REAX 5MG SYRUP,3,324.00,35874.00,27846.00,77.62,2020,2021
CLAXIC 125MG/31.25MG/5ML,13,171.00,35850.00,10535.60,29.39,2017,2019
"PAGBILAO # 36,000.00-1",1,1.00,35845.00,7731.09,21.57,2025,2025
WILKINS DISTILLED 1L,1,100.00,35800.00,0.00,0.00,2022,2022
ASTHAVERT-250 25MCG/250MCG,2,72.00,35712.00,16992.00,47.58,2025,2025
DOPNAX 40MG/ML 5ML,3,60.00,35700.00,20700.00,57.98,2023,2023
TROVIPRI 40MG,3,60.00,35685.00,25125.00,70.41,2025,2025
"PAGBILAO # 35,796.00",1,1.00,35645.25,6426.00,18.03,2024,2024
GOZEDINE 35MG,3,35.00,35580.00,20250.00,56.91,2019,2020
SAPHENYTOIN 50MG/ML 2ML,1,20.00,35425.00,22645.00,63.92,2025,2025
STAINLESS SURGICAL KIT,1,5.00,35400.00,-600.00,-1.69,2021,2021
TOMRACIN EYE DROPS,5,160.00,35400.00,3240.00,9.15,2018,2019
SKIN STAPLER,9,45.00,35340.00,17290.00,48.92,2018,2023
CETRINOVA 10MG,6,20.00,35317.00,34517.00,97.73,2022,2022
NICTRAM,2,520.00,35300.00,30620.00,86.74,2017,2017
SILK 2-0 STRANDS TUDOR,2,56.00,35260.00,19580.00,55.53,2023,2023
LESTOR 40MG,2,65.00,35250.00,24525.00,69.57,2025,2025
DISPOSABLE SYRINGE 5CC - TERUMO,2,31.00,35206.00,17146.00,48.70,2020,2021
MABEFLOX,1,40.00,35200.00,34200.00,97.16,2017,2017
QUIX 200MG,2,16.00,35200.00,12240.00,34.77,2018,2018
"PAGBILAO # 35,550.00",1,1.00,35195.00,14253.97,40.50,2024,2024
PULSE OXIMETER PEDIA,3,16.00,35170.00,24770.00,70.43,2023,2025
SAPHRIDONE10MG TAB,14,103.00,35136.00,28732.00,81.77,2018,2023
"PAGBILAO # 35,130.00",1,1.00,35040.00,16795.00,47.93,2025,2025
HYCLENS OB WASH ANTISEPTIC,18,238.00,35032.26,13133.46,37.49,2020,2025
BIOGIC 500MG TAB,1,100.00,35000.00,30200.00,86.29,2022,2022
ARA 50MG,1,50.00,35000.00,30000.00,85.71,2021,2021
2668,1,700.00,35000.00,0.00,0.00,2023,2023
DIGITAL ROOM THERMOMETER,1,17.00,34969.00,24769.00,70.83,2024,2024
SYRINGE 1CC SITI,2,36.00,34900.00,27880.00,79.89,2023,2023
SAPHZINE 10MG,10,34.01,34889.25,33599.43,96.30,2018,2021
ALCOHOL ADAMSON ISOPROPYL 70%,1,400.00,34800.00,18000.00,51.72,2021,2021
DOPAMAX 40MG/ML (200MG/5ML),2,20.00,34800.00,13950.00,40.09,2018,2018
HIV -RAPID TEST CASSETTE - RIGHT SIGN,3,350.00,34770.00,6770.00,19.47,2019,2020
"REAGENT ANTI A,B,D",2,4.00,34766.00,30266.00,87.06,2021,2022
METREX 10MG,8,79.00,34764.50,32034.50,92.15,2019,2020
CONFERENCE CHAIR,1,6.00,34710.00,19710.00,56.78,2022,2022
FENORIX 200MG,2,24.40,34592.50,29541.70,85.40,2025,2025
OFPLEMED 600MG,12,73.00,34563.50,22875.50,66.18,2022,2023
ALGICAP 500MG,30,60.00,34560.25,22645.75,65.53,2017,2018
INK EPSON #003 YELLOW,5,66.00,34428.00,16278.00,47.28,2023,2023
INK EPSON #003 MAGENTA,5,66.00,34428.00,16278.00,47.28,2023,2023
INK EPSON #003 CYAN,5,66.00,34428.00,16278.00,47.28,2023,2023
ASCORSAPH-ZEE 500MG/10MG,1,100.00,34400.00,21500.00,62.50,2025,2025
CEFAZIN 1G,3,201.00,34030.00,15000.00,44.08,2018,2019
STERIL WATER 50ML,11,25.00,34000.00,960.00,2.82,2018,2019
TEGADERM FILM 4X4 - BIG,2,200.00,34000.00,24000.00,70.59,2022,2022
AZMONT 10MG,1,10.00,33990.00,30740.00,90.44,2021,2021
STETHOSCOPE CLASSIC III ADULT (LITTMAN),1,2.00,33990.00,16990.00,49.99,2024,2024
BROADMETZ 100MG/ML,25,409.00,33926.93,22343.50,65.86,2018,2020
DOPAN 40MG/ML (200MG/5ML) 5ML,2,46.00,33900.00,22538.00,66.48,2023,2024
X-RAY CASETTE : 8X10 WITH INTENSIFY SCREEN,2,2.00,33895.00,7905.00,23.32,2025,2025
FEROSE 20MG/ML (100MG/5ML) 5ML,1,80.00,33804.00,8404.00,24.86,2025,2025
MAYO SCISSOR STRAIGHT SIZE 7'' (OLTEN),3,40.00,33660.00,14740.00,43.79,2025,2025
ENOCLEX 60MG,1,15.00,33600.00,6600.00,19.64,2021,2021
SAPHROXOL 75MG,7,36.00,33600.00,16127.50,48.00,2018,2022
"PAGBILAO # 33,750",1,1.00,33547.50,14647.50,43.66,2025,2025
AUTOMATIC BIOPSY NEEDLE G14 X 10CM (CURWAY) 5'S,1,1.00,33490.00,16699.00,49.86,2025,2025
CLOXASAPH - 250,6,509.00,33408.70,20004.70,59.88,2021,2023
K-LYTE 600MG,11,19.00,33389.00,17599.72,52.71,2018,2020
ALL SILICONE DUODENAL TUBE F.16,8,151.00,33371.00,6191.00,18.55,2018,2018
XOPRAZOLE 40MG,7,17.00,33248.00,29154.00,87.69,2018,2019
VICRYL 0-0 ROUND NEEDLE ETHICON,1,2.00,33120.00,23712.00,71.59,2023,2023
VICRYL 3-0 ROUND NEEDLE ETHICON,1,2.00,33120.00,23712.00,71.59,2023,2023
GENTACARE 80MG/2ML (40MG/ML) 2ML,15,111.90,33062.50,27691.30,83.75,2023,2025
SCHEEPRIN 80MG,27,184.20,33044.00,15295.50,46.29,2018,2023
SPASMOSON,3,330.00,33000.00,23760.00,72.00,2017,2017
OXYGEN REGULATOR - FUJIKAWA,1,10.00,33000.00,0.00,0.00,2020,2020
MULTILEM 120ML,4,232.00,32983.50,20339.50,61.67,2019,2020
INSULIN SYRINGE 1CC-SUREGUARD,4,23.00,32925.00,29015.00,88.12,2020,2023
"PAGBILAO # 153,057.00",1,1.00,32861.00,-67323.45,-204.87,2025,2025
GENTACARE 40MG,11,118.00,32856.00,29558.60,89.96,2021,2023
"PPDC # 33,000",1,1.00,32824.00,11225.81,34.20,2025,2025
VERTISAPH-16,8,23.01,32791.00,24977.45,76.17,2022,2023
MOXYLOR 100MG/ML,9,427.00,32763.85,26197.85,79.96,2021,2025
RAPHC ASCORBIC ACID 100MG/5MG,4,495.00,32670.00,21285.00,65.15,2023,2023
HBSAG - RIGHT SIGN,2,330.00,32649.00,10473.00,32.08,2023,2023
KEEF - 125 125MG/5ML,5,87.00,32518.44,24514.44,75.39,2021,2022
DISPOSABLE SYRINGE WITHOUT NEEDLE 50CC/ML (TERUMO),5,28.00,32500.00,15300.00,47.08,2023,2025
CARVIDA,1,100.00,32500.00,23000.00,70.77,2023,2023
TRANSPORE 1 INCH 3M 1527-1,4,30.00,32500.00,13750.00,42.31,2022,2023
FENADEF,3,53.00,32450.00,31490.00,97.04,2017,2017
CALCIFESAPH 600MG/10MCG FILM COATED,1,180.00,32400.00,2160.00,6.67,2023,2023
DENGUE 1G/1GM,2,14.00,32394.00,18594.00,57.40,2022,2023
FACEMASK BLACK 50'S,3,74.00,32340.00,28270.00,87.42,2023,2023
CAPTOBES 25MG,7,70.00,32295.00,30323.00,93.89,2022,2023
DEXTROSE PLAIN 0.9% SODIUM CHLORIDE PNSS 1000ML (EUROMED),5,180.00,32220.00,19188.00,59.55,2024,2025
MULTICAPS,14,77.80,32204.80,26968.12,83.74,2018,2023
MECLOP 5MG/ML 2ML,13,185.00,32095.00,26175.00,81.55,2023,2024
MINERAL WATER 330ML (NATURE SPRING),1,2174.00,32066.50,10326.50,32.20,2024,2024
XYLOCAINE PUMP SPRAY 10% 100MG/ML 50ML,3,16.00,32028.00,-6372.00,-19.90,2023,2025
"PAGBILAO # 32,250",1,1.00,32000.00,10944.00,34.20,2025,2025
OFPLEMED 300MG/5ML SYR,2,250.00,32000.00,19500.00,60.94,2023,2025
LARYNGOSCOPE ADULT,1,1.00,32000.00,24000.00,75.00,2020,2020
NEONATE PULSE OXIMETER PROBE,1,2.00,32000.00,14000.00,43.75,2019,2019
DIGITAL THERMOMETER,9,503.00,31950.00,6800.00,21.28,2018,2018
DIGITAL THERMOMETER (SURGITECH),7,295.00,31932.50,12757.50,39.95,2023,2025
GLOVES (M) - INDOPLAS,5,39.00,31810.00,17770.00,55.86,2020,2023
"PAGBILAO # 32,050",1,1.00,31785.00,14711.10,46.28,2025,2025
"PAGBILAO # 31,800.00",1,1.00,31724.00,8604.00,27.12,2025,2025
MIASYN,3,80.00,31680.00,29479.00,93.05,2022,2023
MILGESIC 250MG/5ML SUS,1,288.00,31680.00,0.00,0.00,2019,2019
CIDEX,1,12.00,31668.00,0.00,0.00,2019,2019
OPIGESIC 125MG,1,30.00,31650.00,16140.00,51.00,2023,2023
NOVAFENAC,3,110.00,31650.00,25600.00,80.88,2023,2023
NOZAL 5MG,20,103.00,31603.85,22362.00,70.76,2017,2017
MASTER PAPER GESTENER CPMT 15,2,4.00,31600.00,27137.92,85.88,2023,2023
XANGINART 35MG,2,116.67,31500.00,21000.00,66.67,2025,2025
SURRMED MEDICAL REGULATOR OXYGEN,1,20.00,31400.00,13400.00,42.68,2023,2023
"SPACE SPRAY CONCENTRATE 0.1% ,6%,10% (SUMIPRO EW )",1,3.00,31350.00,19650.00,62.68,2023,2023
"QMC # 31,500",1,1.00,31350.00,17865.00,56.99,2025,2025
"PAGBILAO # 31,350.00",1,1.00,31230.00,15580.80,49.89,2024,2024
NEUROBE TAB,2,3.50,31200.00,30675.00,98.32,2020,2020
DANOXINE 750MG,1,200.00,31200.00,26200.00,83.97,2018,2018
MUCUZID,1,80.00,31200.00,25600.00,82.05,2022,2022
DISPOSABLE SYRINGE 1CC PARTNERS,1,30.00,31200.00,0.00,0.00,2023,2023
VONWELT PREDNISONE 10MG,6,165.00,31173.00,13528.00,43.40,2019,2025
LED LAMP,2,100.00,31150.00,18250.00,58.59,2022,2022
SAPHROXOL 30MG,9,39.00,31120.00,29950.00,96.24,2018,2019
KLEVRA 500MG,1,80.00,31104.00,15504.00,49.85,2025,2025
PARTEN 50G,2,45.00,31100.00,26480.00,85.14,2020,2020
ELCILIN 250MG,5,30.00,31066.40,25216.40,81.17,2023,2024
DISPOSABLE SYRINGE 1CC - TERUMO,5,35.50,31010.00,10093.33,32.55,2020,2023
KIDIMEED C PLUS 60ML,2,215.00,30990.00,26475.00,85.43,2025,2025
"LEUKOPLAST 2"" (5CMX5M) 01524-0",8,23.00,30966.00,24686.00,79.72,2021,2025
FLOXA 200,4,13.00,30900.00,27232.00,88.13,2018,2019
"PAGBILAO # 31,075",1,1.00,30875.75,9160.75,29.67,2025,2025
SALMOGEN 500MG,9,38.00,30838.16,18298.16,59.34,2017,2021
"PAGBILAO # 31,075.00",1,1.00,30835.00,10410.00,33.76,2024,2024
DEXTROSE 5% IN LACTATED RINGERS D5LR 1000ML (EUROMED),6,186.00,30814.74,17980.74,58.35,2024,2024
INDUSTRIAL FAN,1,2.00,30790.00,18794.00,61.04,2022,2022
COTTON ROLL 400G (TENDERSOFT),4,109.00,30765.00,14415.00,46.86,2023,2025
"QMC # 31,500.00",1,1.00,30750.00,20415.00,66.39,2025,2025
REAGENT STRIPS FOR URINALYSIS,2,25.00,30720.00,21970.00,71.52,2022,2022
FEROLEM 150MG,9,962.00,30688.00,12456.00,40.59,2019,2023
DIASTATIN 40MG,6,65.00,30673.50,23865.50,77.80,2019,2023
CENDALEX 125MG/5ML,26,284.00,30610.00,20670.00,67.53,2017,2019
WHEEL CHAIR ADULT,2,4.00,30600.00,16600.00,54.25,2020,2025
IV CANNULA LUER LOCK WITHOUT INJECTION VALVE G.26,2,10.00,30600.00,-16900.00,-55.23,2023,2023
ALCOHOL ISOPROPHYL 70% - ANGEL,2,42.00,30520.00,13510.00,44.27,2021,2023
ACTEINSAPH-600MG,2,93.10,30500.00,17150.00,56.23,2023,2023
JOSILVITE,8,35.00,30445.00,18195.00,59.76,2018,2019
OXYGEN MASK PEDIA (SURGITECH),4,450.00,30424.50,14224.50,46.75,2025,2025
NOVAC PLUS 1G/500MG,3,480.00,30422.40,8822.40,29.00,2025,2025
VOLUMETRIC SET 150ML POLYMED,1,200.00,30400.00,8800.00,28.95,2023,2023
"WOODEN APPLICATOR STICK 6""- PARTNERS",2,51.00,30390.00,23935.00,78.76,2021,2023
ZETIFEN 125MG/5ML SYR,42,428.00,30323.65,16791.60,55.37,2018,2022
FOLEY CATHETER LATEX SILICON COATED FR. 16,3,30.25,30262.50,26131.25,86.35,2020,2021
ALLUPREX 100MG,6,46.00,30240.00,27140.00,89.75,2021,2023
ETHYL ALCOHOL 70% 500ML (ALCORIGHT),1,200.00,30200.00,18200.00,60.26,2023,2023
HYCLENS GARGLE 0.12% 60ML,17,185.00,30167.40,18142.40,60.14,2023,2025
DISPOSABLE SYRINGE WITHOUT NEEDLE 30CC/ML (TERUMO),5,21.00,30120.00,16720.00,55.51,2023,2024
APTRADOL 50MG,13,39.00,30070.40,16615.40,55.26,2021,2023
ACCELAC 3.35G/5ML,8,110.00,30045.00,16130.00,53.69,2021,2022
KETSOKANT 20MG/G(2% W/W),1,200.00,30000.00,22200.00,74.00,2025,2025
NEBULIZER ROSS MAX,1,5.00,30000.00,16250.00,54.17,2020,2020
INTRAVENOUS SET,1,50.00,30000.00,20000.00,66.67,2020,2020
EDAN IM8B PATIENT MONITOR REPAIR,1,2.00,30000.00,3500.00,11.67,2023,2023
FOLLEY CATHETER FR 16 (NO BRAND),2,410.00,30000.00,17700.00,59.00,2022,2023
"QMC # 30,270",1,1.00,30000.00,13198.00,43.99,2024,2024
COMPUTER INK #664 EPSON,3,64.00,29990.00,13158.00,43.87,2023,2023
RIGHTSIGN VDRL KIT,1,300.00,29985.00,16485.00,54.98,2023,2023
GLOVES(S) 7.0 HEXACARE,1,20.00,29960.00,15160.00,50.60,2022,2022
VACUTAINER LAVENDER TOP EDTA K3 3ML 100'S (VACUGEN),1,50.00,29950.00,5350.00,17.86,2025,2025
BETZINE 16MG,11,18.00,29889.65,22869.65,76.51,2021,2023
VAZI2R 80MG,7,56.00,29887.00,13367.00,44.73,2025,2025
COPY PRINTER INK GESTERNER CP17,2,4.00,29860.00,5524.64,18.50,2023,2023
"PPDC # 30,000",1,1.00,29850.00,10208.70,34.20,2025,2025
BICARBISAPH 84MG/ML 20ML,3,1.80,29804.40,14684.40,49.27,2023,2024
FLUIMUCIL 100MG,3,12.00,29700.00,23252.00,78.29,2019,2023
COFMED 50MG TAB,3,35.00,29660.00,12685.00,42.77,2019,2019
GLOVES SMALL NITRILE NONSTERILE (INDOPLAS),1,120.00,29640.00,5640.00,19.03,2023,2023
"XYLODENT 20MG/ML (2%)/1: 100,000 1.8ML",4,20.00,29608.00,12208.00,41.23,2025,2025
CAPILLARY TUBE,6,42.00,29590.00,7090.00,23.96,2020,2022
SPINAL NEEDLE G25X90MM(ORMED),4,3.00,29577.00,17577.00,59.43,2025,2025
VICOLAX 50MG/1MG/5ML,17,384.00,29568.00,20352.00,68.83,2018,2018
MAZINE 10MG/G 20G,9,122.00,29524.50,22862.50,77.44,2023,2025
SAPHVAS - 20,8,42.00,29484.00,26208.00,88.89,2022,2023
PRINTER EPSON L3110,1,2.00,29430.00,14240.00,48.39,2020,2020
KELLY PAD,3,13.00,29406.00,17876.00,60.79,2019,2023
MULTILEM CAP,4,257.44,29387.00,22693.56,77.22,2018,2019
AXMEL 250MG/ML SUSP,9,603.00,29287.50,19577.05,66.84,2019,2022
RESPINAL 125MG/5ML,30,242.00,29280.00,19857.94,67.82,2017,2021
ALLERCHEM 5MG/5ML,4,302.00,29254.00,23667.00,80.90,2025,2025
BANDAGE SCISSOR SIZE 7'' (OLTEN),1,30.00,29220.00,12900.00,44.15,2025,2025
SPIROPHIL 25MG,3,20.00,29180.00,23690.00,81.19,2024,2025
VITAFER OB,22,47.00,29135.50,21850.50,75.00,2018,2019
SPINAL NEEDLE - BRAUN,2,4.00,29020.00,7510.00,25.88,2018,2018
SUCTION MACHINE,1,2.00,29000.00,20000.00,68.97,2020,2020
ISOPROPHYL ALCOHOL 70% 500ML (SAFEWELL),2,200.00,29000.00,19000.00,65.52,2025,2025
"PAGBILAO # 29,156",1,1.00,28952.00,13704.37,47.33,2025,2025
MANNITOL 500ML,2,120.00,28944.00,6744.00,23.30,2022,2023
"QMC # 141,140.00",1,1.00,28930.00,-53435.00,-184.70,2025,2025
COTTON BALLS - HAPPY 150BALLS,1,144.00,28800.00,24696.00,85.75,2021,2021
NEBULIZER KIT W/ MOUTH PC - ORMED,1,300.00,28800.00,0.00,0.00,2019,2019
APREZOBAS HYDRAZALINE 20MG,6,31.00,28790.00,22505.00,78.17,2022,2023
ARMY NAVY 8''X1/2''X1/4'',2,20.00,28720.00,10760.00,37.47,2025,2025
NON VENTED MASK SMALL (EASEFIT),3,4.00,28700.00,10700.00,37.28,2023,2024
DIXIN 250MCG,15,80.00,28643.00,14268.00,49.81,2019,2025
SKIN STAPLER 35 - SURGITECH,7,33.60,28640.00,15600.00,54.47,2018,2022
"PAGBILAO # 43,240.00",1,1.00,28636.50,6874.33,24.01,2024,2024
"PAGBILAO # 30,250.00",1,1.00,28628.50,10753.50,37.56,2024,2024
BLOCOPAST 5MG,3,30.00,28619.50,26947.00,94.16,2020,2020
MYMET 500MG TAB,5,100.00,28591.00,7630.25,26.69,2019,2024
SPECIMEN/SPUTUM CAP: BLUE PLASTIC,1,3000.00,28500.00,17250.00,60.53,2025,2025
ALGICAP 50MG/5ML,41,344.00,28418.60,20116.60,70.79,2017,2018
BATTERY AA,4,181.00,28379.00,11003.00,38.77,2023,2025
DENGUE NS1 KIT 25'S (SD BIOSENSOR),1,2.00,28350.00,17540.00,61.87,2023,2023
"PAGBILAO # 28,500",1,1.00,28343.00,10850.00,38.28,2025,2025
HEPARIN CAP VIOLET NEEDLESS (ORMED),3,4.00,28250.00,14250.00,50.44,2025,2025
ONDEX 4MG/ML,4,48.00,28240.00,11480.00,40.65,2018,2018
GLOVES VINYL - SUREGUARD (MEDIUM),2,80.00,28200.00,16200.00,57.45,2023,2023
APCEE 100MG/5ML 120ML,2,250.00,28150.00,24025.00,85.35,2021,2021
METZ SCISSOR CURVED SIZE 8'' (OLTEN),2,27.00,28100.00,12926.00,46.00,2025,2025
CLISTANEX 500MG,1,16.67,28000.00,0.00,0.00,2020,2020
BIOLAC 120ML,1,100.00,28000.00,17500.00,62.50,2020,2020
INSULINE SYRINGE SIMPLEX,9,30.00,27975.00,18717.96,66.91,2018,2019
DISPOSABLE DIAPER ADULT PANTS LARGE (SURE-GUARD),1,120.00,27960.00,1560.00,5.58,2023,2023
UMBILICAL CORD CLAMP - UROGUARD,3,17.00,27925.50,21975.50,78.69,2022,2022
"PAGBILAO # 28,000",1,1.00,27840.00,11340.00,40.73,2024,2024
"PAGBILAO # 28,000.00",1,1.00,27760.00,9493.92,34.20,2025,2025
TANAFEN 450MG/35MG TAB,13,47.00,27704.00,19479.00,70.31,2022,2023
FLORVAST 40MG,7,18.00,27698.80,22658.80,81.80,2022,2022
BABY OIL 50ML (JOHNSON),15,424.00,27640.00,6103.62,22.08,2023,2025
GLOVES (M) - SURRMED,5,77.00,27565.00,1875.00,6.80,2019,2020
REFRIGERATOR THERMOMETER,2,68.00,27516.50,10516.50,38.22,2021,2022
TEGADERM FILM (2X2)-SMALL,6,302.50,27500.00,19727.92,71.74,2020,2022
IV CANNULA G18 B.BRAUN,1,2.00,27500.00,14500.00,52.73,2020,2020
"IV CANNULA G.20 X 1"" INTROCAN SAFETY - B BRAUN",1,2.00,27500.00,23100.00,84.00,2020,2020
FLUCYSTEINE 600MG,12,46.00,27478.97,22118.97,80.49,2019,2024
CONCRETE BUGGY,1,3.00,27465.00,10965.00,39.92,2022,2022
TRACEN 10MG,5,27.00,27417.00,25901.00,94.47,2019,2020
ABDOMINAL BINDER 8X49 (NOBRAND),1,200.00,27400.00,-10600.00,-38.69,2023,2023
EXEL 100MG/ML,3,230.00,27373.75,23233.75,84.88,2025,2025
SURGICAL GLOVES STERILE 6.5,1,15.00,27300.00,16050.00,58.79,2022,2022
"PAGBILAO # 27,738.60",1,1.00,27293.00,19745.65,72.35,2024,2024
"QMC # 27,190.00",1,1.00,27150.00,12772.00,47.04,2024,2024
NEBULIZER KIT WITH MASK PEDIA (HEXACARE),5,301.00,27150.00,18722.00,68.96,2023,2024
GLOVES LARGE LATEX NONSTERILE (INDOPLAS),5,113.00,27140.00,6235.00,22.97,2025,2025
ZETIFEN 100MG/ML DROPS,33,400.00,27130.56,11068.32,40.80,2018,2020
VN2,1,1351.00,27020.00,0.00,0.00,2019,2019
STERILE LATEX - SURGICAL GLOVES,1,10.00,27000.00,18500.00,68.52,2021,2021
PAPER MULTI PURPOSE (COPY) A4 70GSM HARDCOPY,1,100.00,27000.00,10100.00,37.41,2023,2023
TRIZEF 100MG TAB,6,11.00,27000.00,20000.00,74.07,2023,2023
FLUIMUCIL 100MG 1G,1,20.00,27000.00,16200.00,60.00,2024,2024
URINE SPECIMEN ORDINARY,3,2650.00,27000.00,2000.00,7.41,2022,2023
GOSTAT 40MG,2,60.00,27000.00,15660.00,58.00,2025,2025
STERILE SURGICAL GLOVES 50 PAIRS/BOX SIZE 7.5 HEXACARE,2,10.00,26995.00,18925.00,70.11,2023,2023
ADULT DIAPER MEDIUM-SURE GUARD,2,130.00,26970.00,6170.00,22.88,2023,2023
SANITEX,5,200.00,26920.00,2560.00,9.51,2018,2019
"PAGBILAO # 27,000.00",1,1.00,26865.00,12015.00,44.72,2024,2024
BLADDER RETRACTOR/BALFOUR CENTRAL BLADE SIZE 45X80MM,1,8.00,26840.00,13408.00,49.96,2025,2025
BIEMEFRIN 1MG/ML,3,6.00,26830.00,19230.00,71.67,2023,2023
ANEROCIN 150MG,4,8.00,26786.00,6480.00,24.19,2018,2019
GENTACARE 3MG/ML EYE DROPS,6,418.00,26695.50,-2549.50,-9.55,2021,2023
AMBIVIT K,5,57.00,26640.00,20865.00,78.32,2022,2023
PROXAZIN 500MG,14,15.00,26635.00,16500.00,61.95,2017,2019
CLOPIDA 75MG,8,17.99,26623.99,21337.94,80.15,2018,2019
EUROZYLLIN 1G,2,900.00,26622.00,7722.00,29.01,2025,2025
EPSON PRINTER L3210,2,4.00,26610.02,6620.02,24.88,2021,2022
MONPHEVIN 500 MG,4,82.00,26588.00,4132.00,15.54,2019,2021
DUODENAL TUBE NGT. FR.16 - SIMPLEX,5,120.00,26520.00,4920.00,18.55,2020,2020
NGT SILICONE,4,120.00,26520.00,1260.00,4.75,2018,2018
NASAL OXYGEN CANNULA (PEDIA) 6542 - ORMED,2,210.00,26460.00,20685.00,78.17,2021,2022
ALLERCEF 1MG,10,114.00,26439.00,17318.02,65.50,2017,2017
CARDIOXIN 250MCG/ML,1,40.00,26400.00,16264.00,61.61,2019,2019
POVIDONE IODINE 7.5% 1 GALLON,1,20.00,26400.00,0.00,0.00,2019,2019
XRAY FILM 11X14 (FUJI),3,7.00,26400.00,3468.00,13.14,2025,2025
INSUGET 30/70 (30IU/70IU/ML) 10ML,2,25.00,26385.00,12260.00,46.47,2024,2025
COTTON BALLS -300'S - UNIMEX,8,156.00,26313.00,105.00,0.40,2019,2022
LAXFREE 120ML,4,99.00,26298.00,15432.75,58.68,2020,2021
"GULANG GULANG # 26,250.00",1,1.00,26250.00,13125.00,50.00,2025,2025
FORMET-500 500MG,7,75.00,26248.00,20753.00,79.07,2024,2025
VONWELT HYOSCINE METHBRO,8,30.00,26230.00,12790.00,48.76,2018,2020
BLOOD CONNECTING TUBE LAVENDER TOP,2,29.00,26177.00,14577.00,55.69,2022,2022
LIQUID HAND SOAP - FLORAL PINK,4,188.00,26149.00,12331.00,47.16,2021,2023
SUSTACHLOR 500MG,12,19.78,26047.00,17547.95,67.37,2018,2021
"PAGBILAO # 61,024.00 LOT 14",1,1.00,26000.00,-4096.50,-15.76,2024,2024
YANKAUER - INDOPLAS,3,100.00,26000.00,3300.00,12.69,2020,2022
UV LIGHT GERMICIDAL TROLLEY 100W (ECOSHIFT),1,1.00,25990.00,20190.00,77.68,2025,2025
"PAGBILAO # 26,000",1,1.00,25985.00,8886.87,34.20,2025,2025
TACHYBAN 3MG/ML 2ML,5,9.00,25941.25,15140.25,58.36,2023,2025
DISPOSABLE INSULIN SYRINGE 1CC G29 SURE SHOT,2,23.00,25939.00,14899.00,57.44,2023,2023
MAYO SCISSOR SLIM STRAIGHT SIZE 8'' (OLTEN),1,25.00,25900.00,12950.00,50.00,2025,2025
PROPHALAN,16,28.00,25875.00,15728.00,60.78,2017,2020
"MEDICINE CABINET, DOUBLE DOOR ,GLASS SLIDE,2 DRAWER,3 GLASS SHELVES,2 COMPARTMENT",1,1.00,25860.00,860.00,3.33,2023,2023
GASAIDE 10MG,6,65.88,25836.00,24776.32,95.90,2020,2023
URINE BAG ADULT 2000ML PARTNERS,5,875.00,25820.00,6570.00,25.45,2023,2023
UV LIGHT GERMICIDAL TUBE 40W (ECOSHIFT),1,10.00,25800.00,17800.00,68.99,2025,2025
ZYTACT 200MG/5ML,3,145.00,25771.25,19681.25,76.37,2025,2025
ANTICOF SR 50MG,3,20.00,25745.00,11420.00,44.36,2020,2022
FEXIL 250MG/5ML,18,130.00,25716.00,8113.00,31.55,2017,2019
DISPOSABLE NEEDLE G19 TERUMO,2,50.00,25680.00,13180.00,51.32,2020,2022
TOOTH BRUSH - COLGATE CLASSIC CHILD,1,650.00,25675.00,0.00,0.00,2020,2020
KALIUSAPHRIDE 600MG,3,19.00,25659.00,12093.00,47.13,2024,2024
"NYSAPH 100,000 IU SUS",3,107.00,25637.50,20217.50,78.86,2020,2021
PHILVASC 10MG,9,42.00,25629.00,23773.00,92.76,2018,2020
LYVIFAM 250MG,1,122.00,25620.00,0.00,0.00,2019,2019
CAFGARD 300MG,6,229.00,25608.00,18554.80,72.46,2022,2023
ABHAYRAB - PURIFIED VERO CELL RABIES VACCINE,1,16.00,25600.00,14400.00,56.25,2022,2022
LAXIN 5MG/ML (500MG/100ML),2,22.00,25586.00,5383.18,21.04,2024,2024
TOWEL CLIPS 5 1/2'',3,44.00,25540.00,9788.00,38.32,2025,2025
SPLENDAMET,11,549.00,25540.00,18628.00,72.94,2017,2017
SITIXON,1,100.00,25500.00,22622.00,88.71,2017,2017
METZENBAUM STRAIGHT SIZE 7'' (OLTEN),1,20.00,25480.00,17020.00,66.80,2025,2025
KIDNEY BASIN STAINLESS STEEL 7'' (OLTEN),1,45.00,25470.00,12735.00,50.00,2025,2025
CARDINAL THERMOMETER,1,100.00,25443.94,18443.94,72.49,2021,2021
FACEMASK (INDOPLAS),3,290.00,25435.00,10935.00,42.99,2024,2025
NGT SILICONE NASOGASTRIC TUBE F.16 - SURGITECH,6,7.67,25415.00,3750.00,14.76,2019,2020
KODAK MEDICAL X-RAY FILM ( GEN PURPOSE GREEN ) 11X14IN,1,6.00,25410.00,5610.00,22.08,2023,2023
ACETYPHIL-600 600MG,6,129.00,25385.00,12098.00,47.66,2024,2025
COLGATE CLASSIC KIDDIE TOOTHBRUSH,1,650.00,25350.00,0.00,0.00,2019,2019
HISTAZYN 50MG,2,51.00,25305.00,22143.00,87.50,2022,2022
5% DEXTROSE IN LACTATED RINGERS SOLUTION,2,363.00,25245.00,9636.00,38.17,2023,2023
SHARJVAX 1500IU/0.7ML,2,12.00,25200.00,11400.00,45.24,2024,2024
EMATEP 4000IU/0.4ML,1,20.00,25200.00,16800.00,66.67,2024,2024
FENTIN 50MG/ML,3,8.00,25200.00,17640.00,70.00,2023,2023
ASCOPHIL 500MG,8,81.00,25145.00,5905.00,23.48,2019,2020
NOVAROSE 1000MG/992MG,5,25.00,25000.00,21800.00,87.20,2024,2024
ETHOX 500ML,3,4.00,25000.00,15000.00,60.00,2019,2020
NUEVALIN 500MG,1,10.00,25000.00,24865.00,99.46,2020,2020
ABDOPEN,4,26.00,25000.00,22200.00,88.80,2018,2020
ASCORGEN 500MG,1,50.00,25000.00,12750.00,51.00,2020,2020
GREAT GLOVE - LARGE,1,52.00,24960.00,8320.00,33.33,2022,2022
"PPDC # 25,000",1,1.00,24910.00,8519.22,34.20,2025,2025
OSCIVIT CALCIUM TABLET,1,60.00,24909.13,12009.13,48.21,2021,2021
RYTHMA 50MG/ML,7,43.33,24908.02,7688.02,30.87,2022,2023
LUVMOX 250MG,1,100.00,24900.00,14900.00,59.84,2020,2020
ALCOHOL 70% ETHYL BESTLAB,2,45.00,24885.00,2846.25,11.44,2023,2023
TRASH BAG XXL YELLOW,1,25.00,24825.00,11075.00,44.61,2022,2022
TRASH BAG XXL TRANSPARENT,1,25.00,24825.00,11075.00,44.61,2022,2022
"QMC # 24,970.00",1,1.00,24820.00,9560.00,38.52,2025,2025
AC-LYTE 200MG,5,42.00,24803.70,5580.00,22.50,2019,2021
AMBISOR,4,30.00,24800.00,17260.00,69.60,2022,2023
FAMTRICIN FORTE 200MG SUS,3,121.00,24774.00,7195.00,29.04,2019,2020
KIDDIREL SYRUP W ZINC,15,152.00,24728.00,16432.00,66.45,2022,2023
SYNERMED 800MG/160MG,25,197.00,24681.59,19931.59,80.75,2017,2019
BUDERITE 250MCG,4,7.00,24650.00,20205.00,81.97,2022,2022
"IV CANNULA G.20 X 1 1/4"" INTROCAN - B BRAUN",2,4.18,24630.00,15434.00,62.66,2023,2023
PROAMLO 10MG TAB,1,38.00,24624.00,0.00,0.00,2019,2019
ALLIS SIZE 6'' OLTEN,1,30.00,24600.00,12180.00,49.51,2025,2025
LEXI B FORTE 300MG/100MG/100UG,10,20.00,24590.00,15869.00,64.53,2017,2017
PHILTAM 4G/500MG,5,4.80,24576.00,6048.00,24.61,2018,2019
AZICARE,4,8.70,24534.00,0.00,0.00,2019,2019
SNEEZ 6.25MG/2ML/ML DROPS,17,195.00,24514.00,16920.00,69.02,2017,2017
ORNEXIN 325MG/10MG/5MG,25,217.00,24513.40,13673.25,55.78,2018,2020
"PAGBILAO #246,628.00",1,1.00,24500.00,-103794.00,-423.65,2024,2024
CARDIPEN 1MG/ML 2ML,1,10.00,24500.00,950.00,3.88,2025,2025
NEBULIZER KIT WITH MASK ADULT (HEXACARE),5,276.00,24500.00,16772.00,68.46,2023,2024
REPAIRS - RESPICARE (TOCO SENSOR),1,1.00,24500.00,7926.34,32.35,2022,2022
GIRAN-8 8MG,4,25.33,24489.98,19980.00,81.58,2021,2022
PREVEN-Z GOLD 500MG/10MG/1000IU,5,14.00,24480.00,18250.00,74.55,2025,2025
FIXER AUTOMATIC FUJI,2,6.00,24417.00,15717.00,64.37,2023,2023
ALVICA INTENSE SPRAY 70ML,8,67.00,24392.07,12407.07,50.87,2021,2023
IV CANNULA G24-CATHULA,1,9.00,24300.00,8100.00,33.33,2023,2023
OXYGEN MASK WITH TUBE - SOLITAIRE (L),2,198.00,24300.00,12420.00,51.11,2021,2022
HYFER-250 250MG/5ML,7,784.00,24232.00,13256.00,54.70,2025,2025
GLOVES (M) - SHIP TO NON STERILE AMBIDEXTROUS DISPOSABLE GLOVES,1,13.00,24231.39,15456.39,63.79,2021,2021
DEXICORT 5MG/ML,1,1.00,24192.00,18144.00,75.00,2025,2025
AMLOTHIN 10MG TAB,4,65.00,24168.75,22023.75,91.12,2025,2025
DISPOSABLE NEEDLE G23 TERUMO,4,57.00,24156.00,11136.00,46.10,2020,2023
DINEMIC-SR,2,14.00,24015.00,17505.00,72.89,2018,2019
MECID 500MG CAP,10,151.00,24014.00,10737.00,44.71,2023,2025
DOBUTS,3,50.00,24000.00,0.00,0.00,2019,2019
TOUNGE CLIP STERILE - UNIMEX,1,50.00,24000.00,16500.00,68.75,2021,2021
MERGO 125MCG,6,15.00,24000.00,22180.00,92.42,2022,2024
ACRESIL - 300 300MG,3,18.00,24000.00,17352.00,72.30,2021,2023
MACROSET (ADULT),2,400.00,24000.00,1000.00,4.17,2018,2018
MYDOPA 250MG,1,30.00,24000.00,15600.00,65.00,2025,2025
"BP CUFF, ADULT",1,4.00,24000.00,10800.00,45.00,2019,2019
DEXASAN 4MG/ML 2ML,1,20.00,24000.00,20000.00,83.33,2025,2025
AMZELLIN 250-250MG,1,50.00,24000.00,18000.00,75.00,2025,2025
ZINLUM 10MG/ML SYRUP 15ML (ORAL DROPS),5,423.00,23989.00,18103.75,75.47,2023,2023
CORD CLAMP - ORMED,3,20.00,23975.00,15975.00,66.63,2019,2019
DISPOSABLE INFUSION SET ADULT 20MACRODROPS/ML (SURGITECH),2,850.00,23944.50,12044.50,50.30,2025,2025
OFPLEMED 300MG SYRUP 120ML,2,244.00,23848.60,0.00,0.00,2019,2019
0.9% SODIUM CHLORIDE 9MG/ML 50ML (PHILRX ),3,294.00,23770.00,0.00,0.00,2024,2025
MEDRIZINE 5MG/5ML,6,323.00,23757.00,16492.50,69.42,2019,2023
STOOL CUP 40ML,2,2270.00,23745.00,12395.00,52.20,2021,2021
INTROCAN SAFETY G 24,2,6.00,23700.00,3600.00,15.19,2018,2018
NGT FR.16 ORDINARY PARTNERS,3,280.00,23650.00,18610.00,78.69,2023,2023
ZYMAX,6,160.00,23647.12,16843.12,71.23,2017,2017
BROXIL-M 30MG,19,34.00,23630.20,16519.60,69.91,2017,2019
"PAGBILAO # 37,143.00 LOT 6",1,1.00,23621.00,3114.75,13.19,2024,2024
NELATON STRAIGHT CATHETER FR.16 STERILE (KENXIN),10,176.00,23618.00,17458.00,73.92,2023,2025
DISPOSABLE SYRINGE 10CC SURE GUARD,2,25.00,23617.50,16117.50,68.24,2023,2023
"QMC # 23,686.00",1,1.00,23560.00,10070.00,42.74,2025,2025
"LEUKOPLAST 4"" (10CMX5M)",6,40.00,23520.00,5720.00,24.32,2018,2018
WHITE FLOWER,3,48.00,23520.00,8880.00,37.76,2022,2023
MULTILEM 60ML,5,315.00,23507.50,18167.50,77.28,2020,2023
METSIL 10MG,8,92.80,23488.00,20863.00,88.82,2019,2022
LPG GAS REFILL,1,12.00,23460.00,0.00,0.00,2022,2022
"PAGBILAO # 93,792.00",1,1.00,23420.00,-31912.03,-136.26,2024,2024
DALAMYCIN-600 150MG/ML (600MG/4ML) 4ML,2,14.00,23400.00,14300.00,61.11,2024,2025
SUCTION CONNECTING TUBE,5,130.00,23400.00,9500.00,40.60,2018,2018
IV CANNULA G.24 INTROCAN B BRAUN,1,4.00,23400.00,6400.00,27.35,2023,2023
IV CANNULA G.22 - CATHULA,1,2.00,23400.00,23356.00,99.81,2023,2023
APREZAL,2,6.00,23400.00,13500.00,57.69,2018,2018
DISPOSABLE SYRINGE/TUBERCULIN 1CC 25GX5/8 (TERUMO),1,20.00,23400.00,3800.00,16.24,2025,2025
GAUZE PAD 4X4 PROHEALTH CARE,5,49.00,23390.00,11145.00,47.65,2020,2023
DOBUCARE 50 MG,2,4.00,23360.00,15720.00,67.29,2022,2023
VONWELT 500MG CALCIUM CARBONATE,1,63.00,23310.00,0.00,0.00,2019,2019
DOLSAPH 325MG/37.5MG TAB,3,21.00,23280.06,20340.06,87.37,2023,2024
AMLOMED 10MG,7,554.00,23275.00,15770.00,67.76,2017,2017
MOUTH WASH ORAL CARE 500ML (LISTERINE),1,50.00,23200.00,12700.00,54.74,2024,2024
CEFIXSAPH 100MG,2,90.00,23170.00,18040.00,77.86,2019,2019
PAPER MULTI PURPOSE (COPY) LEGAL 70GSM HARDCOPY,1,100.00,23100.00,4200.00,18.18,2023,2023
CLOPINOVA 75MG,11,150.00,23100.00,9995.00,43.27,2023,2025
DISPOSABLE DIAPER ADULT PANTS MEDIUM (SURE-GUARD),1,120.00,23040.00,840.00,3.65,2023,2023
AUROHEX 5MG,1,10.00,23000.00,19400.00,84.35,2020,2020
DISPOSABLE SYRINGE W/ NEEDLE 3CC - INDOPLAS,3,30.15,22995.00,13950.00,60.67,2022,2023
TELMISARTAN 40MG,7,35.00,22969.81,19119.81,83.24,2021,2024
MONPHEVIN 200MG,6,316.00,22957.50,11435.00,49.81,2019,2023
EPPITREXIL 500MG,1,94.00,22936.00,9776.00,42.62,2025,2025
SCHEEPRIL 5MG TAB,6,51.00,22910.00,9497.00,41.45,2024,2025
AMBRODAY 75MG SR,7,35.00,22900.00,13400.00,58.52,2017,2017
OXYCAN 5 LITERS,1,8.00,22880.00,20080.00,87.76,2025,2025
LOZAK,3,31.00,22800.00,14430.00,63.29,2018,2018
MEASURING CUP 210ML (PLASTIC),5,911.00,22772.50,4550.00,19.98,2018,2019
CLOXAKID 250MG,10,60.00,22740.00,14550.00,63.98,2017,2017
SAPHTRAM 50MG,2,65.00,22700.00,0.00,0.00,2019,2019
SYRINGE 5ML INDOPLAS,1,28.00,22596.00,15876.00,70.26,2023,2023
GIGIL SAW WIRE #20,1,10.00,22500.00,13500.00,60.00,2024,2024
ARMSLING (L) - LONGBONE,1,45.00,22500.00,11250.00,50.00,2019,2019
IV STAND,1,5.00,22500.00,15000.00,66.67,2020,2020
ATORSAPH-80MG NELPA,1,10.00,22500.00,19100.00,84.89,2023,2023
SITIVAST -40 40MG,3,50.00,22500.00,13950.00,62.00,2025,2025
PREGNANCY TEST - PARTNERS,9,11.24,22475.00,15950.40,70.97,2021,2023
CHROMIC BROWN CATOUT ABSORBABLE SUTURE 3-0 CURVED CUTTING - TUDOR 75CM,1,30.00,22470.00,13470.00,59.95,2021,2021
CHROMIC BROWN CATOUT ABSORBABLE SUTURE 2-0 CURVED CUTTING TUDOR 75CM,1,30.00,22470.00,13470.00,59.95,2021,2021
"PAGBILAO # 22,500",1,1.00,22451.00,18958.00,84.44,2025,2025
MAXI-AID POVIDONE-IODINE 10%,2,17.00,22440.00,7480.00,33.33,2023,2023
MAYO SCISSOR CURVED SIZE 7'' (OLTEN),1,20.00,22440.00,12980.00,57.84,2025,2025
TRASH BAG - BLACK - MEDIUM,6,131.00,22407.00,8987.00,40.11,2022,2023
LORAREX 10MG TAB,2,13.00,22375.00,0.00,0.00,2019,2019
ROZATIN-20 20MG,1,3.00,22350.00,21531.00,96.34,2025,2025
ECOLUM TUBE SET,1,50.00,22350.00,13600.00,60.85,2022,2022
DEXTROSE PLAIN LACTATED RINGERS PLR 1000ML (EUROMED),1,240.00,22310.40,5510.40,24.70,2025,2025
"PAGBILAO # 22,500.00",1,1.00,22310.00,8937.97,40.06,2024,2024
HEXACARE SURGICAL GLOVES (S) 6.5,2,17.00,22300.00,9618.00,43.13,2022,2023
OPIGESIC 250MG,1,20.00,22200.00,8640.00,38.92,2023,2023
KELLY CURVED 6'' OLTEN,1,30.00,22200.00,11100.00,50.00,2025,2025
FEROLEM 75MG,7,656.00,22164.00,10774.00,48.61,2020,2023
QURPHEN 50MG/ML SOLUTION FOR INJECTION,1,2.00,22100.00,18580.00,84.07,2023,2023
ACCU CHECK ACTIVE,2,5.00,22060.00,14260.00,64.64,2022,2022
ACIURTECT DISINFECTANT SOLUTION GALLON,1,8.00,22018.40,11009.20,50.00,2022,2022
OMEPHIL-20,5,32.00,22010.00,19740.00,89.69,2022,2023
TUDOR - CHROMIC BROWN CATGUT ABSORBABLE SUTURE 2-0 C CURVED CUTTING- 75CM,4,42.00,22006.00,11646.00,52.92,2022,2023
NIBP CUFF ADULT FOR EDAN IM70,1,4.00,22000.00,11200.00,50.91,2023,2023
HUMOGLOB,1,1.00,22000.00,13000.00,59.09,2017,2017
EDIXIN 500MG,1,50.00,22000.00,9150.00,41.59,2025,2025
BRELVASTIN 40MG,1,10.00,22000.00,19228.00,87.40,2022,2022
THORACIC CATHETER FR 28 - UNIMEX,7,29.00,21956.00,10356.00,47.17,2018,2022
BP BAXTEL,3,6.00,21940.00,11873.33,54.12,2020,2023
"PAGBILAO # 154,415.00 LOT 15",1,1.00,21910.00,-48542.75,-221.56,2024,2024
HYOPAN 10MG,5,31.00,21892.50,15310.50,69.93,2024,2025
SODAMPEN 250MG VIAL,9,42.00,21880.00,16840.00,76.97,2019,2021
OXYGEN MASK WITH TUBE - HEXACARE (XL),1,162.00,21870.00,12150.00,55.56,2021,2021
BOBCOC 7 1/2'' (OLTEN),3,26.00,21860.00,8912.00,40.77,2025,2025
OXYGEN CANNULA (ADULT),4,337.00,21840.00,10045.00,45.99,2018,2018
NASAL OXYGEN CANNULA (PEDIA) - ORMED,4,337.00,21840.00,0.00,0.00,2018,2018
"PAGBILAO # 21,950.00",1,1.00,21791.00,7466.00,34.26,2024,2024
CEFUROX 250MG/5ML,2,100.00,21756.00,13556.00,62.31,2022,2023
SAFEGUARD 130G,2,413.00,21750.00,6543.34,30.08,2021,2021
SAPHSODEX 4MG/ML (8MG/2ML) 2ML,5,39.00,21650.00,18491.00,85.41,2024,2024
DEXARIL,2,5.00,21600.00,17850.00,82.64,2021,2021
SUMPILIN 500MG,1,415.00,21580.00,0.00,0.00,2019,2019
X-RAY DEVELOPER POWDER MANUAL FUJI,3,16.00,21540.00,-3420.00,-15.88,2025,2025
ISOXULIDE 5MG/ML 2ML,1,10.00,21520.00,16140.00,75.00,2025,2025
EQUIRAB,4,56.00,21500.00,0.00,0.00,2019,2023
NASAL OXYGEN CANNULA NEONATE (HEXACARE),2,400.00,21500.00,12700.00,59.07,2023,2023
ARMY SET NAVY 8'' X 1/4 2'S (OLTEN),2,12.00,21490.00,10714.00,49.86,2025,2025
"PROVINCIAL TOURISM OFFICE # 21,780.00",1,1.00,21470.00,7342.74,34.20,2025,2025
PAPANICOLAOU STAIN SET 10X500ML (MEDIC),1,1.00,21470.00,14470.00,67.40,2025,2025
BRITAMOX 500MG CAP,4,84.00,21412.00,10660.00,49.79,2019,2019
LEVOSAPH 500MG,1,20.00,21400.00,15000.00,70.09,2023,2023
YANKAUER,6,116.00,21375.00,6295.00,29.45,2018,2018
TONER SHARP AR 5618,2,2.00,21370.00,5140.00,24.05,2023,2023
ALDAZOLE 500MG,3,146.00,21342.00,1110.00,5.20,2017,2017
MEDRIZINE 2.5MG/ML,5,208.00,21290.00,16578.80,77.87,2019,2019
HEMOXIN 500MG,6,20.00,21275.00,12575.00,59.11,2025,2025
"PAGBILAO # 69,000.00",1,1.00,21260.00,-19653.99,-92.45,2024,2024
SOLV-8,1,10.00,21240.00,17740.00,83.52,2023,2023
NITRILE EXAMINATION GLOVES SMALL,2,64.00,21225.00,8425.00,39.69,2023,2023
DEVELOPER SHARP AR 5618,2,2.00,21055.00,2475.00,11.75,2023,2023
ERYSAPH,1,30.00,21000.00,0.00,0.00,2019,2019
MOSQUITO CURVED SIZE 5'' OLTEN,1,30.00,21000.00,10410.00,49.57,2025,2025
SACRIVA-750,1,10.00,21000.00,18640.00,88.76,2023,2023
"IV CANNULA WINGED G.24X 1"" INTROCAN SAFETY (B BRAUN)",2,3.00,21000.00,8250.00,39.29,2023,2023
IV INFUSION SET (ADULT) 20ML DROPS - TUDOR,1,300.00,21000.00,0.00,0.00,2023,2023
MAYO STAND WITH TRAY,2,2.00,20995.00,14995.00,71.42,2021,2022
FUROXIDE 10MG/ML (20MG/2ML) 2ML,4,159.00,20960.00,11325.00,54.03,2023,2024
"PAGBILAO # 21,156.00",1,1.00,20919.00,8472.19,40.50,2024,2024
CLAVMED 70ML,1,50.00,20900.00,12575.00,60.17,2019,2019
"PAGBILAO # 21,000",1,1.00,20820.00,5820.00,27.95,2025,2025
KODAK MEDICAL XRAY FILM GEN PURPOSE 14/17 - EUROMED,1,3.00,20769.00,7869.00,37.89,2023,2023
BUFENOL 200MG/5ML,11,216.00,20762.00,7394.00,35.61,2017,2018
"PAGBILAO # 21,000.00",1,1.00,20760.00,6960.00,33.53,2024,2024
"PPDC # 20,800",1,1.00,20750.00,7096.50,34.20,2025,2025
GLOVES SMALL NITRILE NONSTERILE (SURGITECH),5,49.00,20741.00,10941.00,52.75,2023,2025
MIXCLAV 250MG,6,103.00,20729.00,11172.92,53.90,2021,2023
DULXATIVE,6,49.00,20702.00,4004.00,19.34,2022,2023
NEBULIZER KIT WITH MASK PEDIA (TOPCARE),1,200.00,20600.00,8600.00,41.75,2023,2023
STETHOSCOPE - ADULT,4,17.00,20576.00,5826.00,28.31,2020,2023
TRASH BAG - YELLOW - LARGE,3,30.00,20542.00,10642.00,51.81,2022,2022
AMETRIS 125MG,16,247.00,20534.33,11169.33,54.39,2017,2019
HYCLENS 0.12% GARGLE 120ML,10,126.00,20518.83,9430.83,45.96,2018,2019
FEFOSAPH 300MG/250MG,2,56.00,20500.00,18036.00,87.98,2020,2020
HIVENT EM 1MG/ML,5,46.00,20482.50,522.50,2.55,2022,2023
TEGUTECT DIGLUCONATE W/70% ALCOHOL 1GL,4,25.00,20427.63,-38197.37,-186.99,2020,2022
SANITREX MATERNITY PAD,1,200.00,20400.00,2800.00,13.73,2023,2023
NEBULIZER KIT ADULT (AIRLIFE),6,170.00,20400.00,5100.00,25.00,2023,2024
STERILE WATER FOR INJECTION 10 ML,8,300.00,20400.00,18450.00,90.44,2018,2018
XED 100MG/ML (500MG/5ML) 5ML,1,40.00,20400.00,13200.00,64.71,2025,2025
SAPHFEN 400MG,2,113.00,20340.00,0.00,0.00,2019,2019
IV CANNULA WITH WINGS & INJECTION VALVE G22 0.9X25MM (CANCARE),2,5.00,20300.00,13300.00,65.52,2023,2024
TOCEF 20MG/ML,5,116.00,20252.50,11318.50,55.89,2023,2025
SURE GUARD LATEX SURGICAL GLOVES 7.5,1,15.00,20250.00,6900.00,34.07,2022,2022
OXYGEN MASK ADULT PARTNERS,1,300.00,20250.00,7950.00,39.26,2023,2023
DISPOSABLE SYRINGE 10CC KING MED,1,30.00,20250.00,0.00,0.00,2023,2023
ATORBET 40MG,4,45.00,20250.00,11925.00,58.89,2024,2025
SURGICAL GLOVES STERILE 6,1,15.00,20250.00,9000.00,44.44,2022,2022
HEAXACARE SURGICAL GLOVES (S) 7.0,1,15.00,20250.00,6900.00,34.07,2022,2022
CIXTOR-Z MAX,7,30.00,20222.00,9874.00,48.83,2022,2025
MUPISAPH MUPIROCIN 20MG/G OINMENT,4,173.00,20218.00,11568.00,57.22,2023,2023
KODAK MEDICAL X-RAY FILM 10X12,1,6.00,20148.00,2148.00,10.66,2023,2023
ZINCAVIT 27.5MG/ML,5,285.00,20139.80,7629.80,37.88,2018,2019
MOCAST 10MG,2,5.90,20057.00,18092.00,90.20,2020,2021
"PAGBILAO # 56,546.00",1,1.00,20056.00,-21100.00,-105.21,2024,2024
SAPHLEXIN - 250 250MG/5ML,3,164.00,20020.00,16248.00,81.16,2021,2023
AZITHROM 500MG,3,133.33,20000.00,14400.00,72.00,2024,2025
QUALRAN 25MG/2ML,8,44.00,20000.00,17490.00,87.45,2017,2017
SQCEF 125MG/5ML,2,116.00,20000.00,11600.00,58.00,2023,2025
TEGADERM FILM -SMALL,2,4.00,20000.00,10000.00,50.00,2019,2019
THERMOMETER SURGITECH,2,200.00,20000.00,4000.00,20.00,2022,2023
AGORAM 50MG,2,20.00,19994.60,17294.60,86.50,2021,2022
TRASH BAG - LARGE,2,64.00,19960.00,17080.00,85.57,2021,2021
ULTRASOUND GEL (GALLON),7,13.00,19960.00,10410.00,52.15,2018,2022
"PAGBILAO # 20,000-1",1,1.00,19950.00,9951.00,49.88,2025,2025
DRILOZOLE 200MG/40MG/5ML,16,161.00,19928.00,15742.00,78.99,2017,2019
EDECAR 10MG,8,61.50,19915.00,15610.00,78.38,2021,2023
"PAGBILAO # 20,000-2",1,1.00,19900.00,9901.00,49.75,2025,2025
ARTAL,30,55.00,19855.00,6140.00,30.92,2018,2019
TYPING SERA,3,11.00,19846.00,9946.00,50.12,2021,2023
BOBCOC 6'' OLTEN,1,20.00,19800.00,9840.00,49.70,2025,2025
"PAGBILAO # 20,000",1,1.00,19800.00,9801.00,49.50,2025,2025
ONE STEP/RAPID SCREENING TEST - VDRL,1,200.00,19800.00,5800.00,29.29,2022,2022
CEFUROX 125MG,3,77.00,19771.76,14381.76,72.74,2020,2023
COTTON ROLL 400G - SUREGUARD,6,80.00,19735.00,7975.00,40.41,2023,2023
IV CANNULA WITH WINGS & INJECTION VALVE G24 (HEXACARE),1,10.00,19720.00,9640.00,48.88,2025,2025
DISPOSABLE SYRINGE 3CC - SURE GUARD,3,18.00,19708.00,16828.00,85.39,2019,2020
AMPICELO,2,350.00,19700.00,15300.00,77.67,2017,2017
VAGINAL RETRACTOR/SPECULA 75X23MM 2'S/SET,1,10.00,19700.00,9850.00,50.00,2025,2025
AUGMENTIN ES 228.5MG,2,96.00,19656.00,-8760.00,-44.57,2022,2023
AMO-5 5MG,4,64.00,19643.30,14779.30,75.24,2024,2025
NOREPHIMED 1MG/ML (4MG/4ML),2,7.00,19550.00,15945.00,81.56,2023,2023
X-RAY FIXER: POWDER MANUAL FUJI,3,16.00,19522.00,-5438.00,-27.86,2025,2025
"TOUCH SCREEN;PN;01,16,04506",2,1.00,19500.00,6500.00,33.33,2023,2023
"TOURISM # 19,540.00",1,1.00,19460.00,13888.00,71.37,2025,2025
SANISCRUB-E (0.5% + 70%),5,57.00,19447.00,12322.00,63.36,2024,2025
NASAL OXYGEN CANNULA (PEDIA) - SURGITECH,3,505.00,19430.00,6805.00,35.02,2023,2023
MYREVIT 120ML,1,100.00,19400.00,16000.00,82.47,2025,2025
PROFOSOL 100MG/ML,1,20.00,19360.00,14520.00,75.00,2025,2025
SOLPHRIDE 250MG/5ML,5,118.00,19340.00,8220.86,42.51,2018,2019
EASELAC 3.33G/5ML,3,82.00,19336.00,12284.00,63.53,2023,2023
UMBILICAL CORD CLAMP STERILE DISPOSABLE,2,20.00,19260.00,11260.00,58.46,2021,2022
STALIP A 5MG+10MG,5,8.00,19258.00,14497.00,75.28,2017,2017
COLOSTOMY BAG,2,60.00,19200.00,4500.00,23.44,2018,2018
BP APPARATUS WITH STAND BAXTEL,1,2.00,19200.00,4200.00,21.88,2020,2020
DOPNAX 40MG/ML,2,12.00,19200.00,8160.00,42.50,2018,2018
CONFERENCE TABLE,1,1.00,19195.00,4695.00,24.46,2022,2022
OBYDOSE,7,1010.20,19185.00,5811.00,30.29,2017,2018
UMBILICAL CORD CLAMP,5,27.00,19143.00,10743.00,56.12,2022,2023
INSULIN SYRINGE G29X1/2CC - TERUMO,3,16.00,19140.00,7140.00,37.30,2018,2019
DENTAL NEEDLE 30G X 13/16 GREEN LABEL SHORT - TERUMO,1,18.00,19116.00,13716.00,71.75,2021,2021
COM-FEMIC 500MG CAP,4,30.00,19080.00,14280.00,74.84,2024,2024
BLADE HOLDER SIZE 4'' (OLTEN),2,30.00,19080.00,15180.00,79.56,2025,2025
ERYTHROMYCIN 200MG/5ML (GENERIC) SUP,3,289.00,19072.00,0.00,0.00,2018,2019
KIDIMEED C PLUS 30ML,2,135.00,19070.00,15560.00,81.59,2025,2025
THROMBICARE 75MG TAB,9,19.00,19030.00,11734.00,61.66,2017,2017
ACETYLCYSTEINE 600MG (CYSAPHTEINE),3,80.00,19000.00,8840.00,46.53,2023,2023
JACKSON PRATT 100ML (CARDINAL HEALTH),1,10.00,19000.00,5500.00,28.95,2024,2024
DETERGENT POWDER 8GMS (SURF),1,1000.00,19000.00,13140.00,69.16,2023,2023
BIOGIC 500MG,5,131.00,18900.38,14375.13,76.06,2019,2020
NEBULIZER KIT (ADULT ) 10CC - SURGITECH,6,123.00,18900.00,620.00,3.28,2019,2020
GLOTREK 100MG/5ML AMP,2,34.00,18850.00,9595.20,50.90,2020,2020
"PAGBILAO # 19,000.00",1,1.00,18844.00,7631.82,40.50,2024,2024
"PAGBILAO # 19,000.00-1",1,1.00,18840.00,6443.28,34.20,2025,2025
"PAGBILAO # 19,000.00-2",1,1.00,18840.00,6443.28,34.20,2025,2025
BATHROOM TISSUE 2PLY 12'S (FEMME),21,110.00,18834.00,7071.00,37.54,2023,2025
"PAGBILAO # 20,695.00",1,1.00,18815.25,4274.05,22.72,2024,2024
RICE 3KG,1,100.00,18802.00,8002.00,42.56,2021,2021
SULTAM 200MG,2,10.00,18800.00,14096.00,74.98,2024,2024
"PAGBILAO # 18,900",1,1.00,18798.00,6392.34,34.01,2025,2025
ISOPROPHYL ALCOHOL 500ML - GUARDIAN,8,233.00,18790.00,4990.00,26.56,2020,2022
"PAGBILAO # 18,785.00",1,1.00,18755.00,7595.77,40.50,2024,2024
MAGNESIUM SULFATE 250MG,4,70.00,18700.00,14850.00,79.41,2020,2023
BRODIX,3,529.00,18700.00,13892.25,74.29,2017,2017
"PAGBILAO # 282,000.00",1,1.00,18695.00,-146782.24,-785.14,2024,2024
"PAGBILAO # 19,000.00-0.1",1,1.00,18680.00,7565.40,40.50,2024,2024
RAPID-C PLUS,7,47.00,18677.00,11027.00,59.04,2021,2023
"MICROPORE 1"" / 1/2""",9,38.00,18640.00,4200.00,22.53,2018,2018
PARA 125MG,1,300.00,18600.00,15000.00,80.65,2019,2019
BROXIL-M 15MG/5ML,28,265.00,18535.67,11105.47,59.91,2017,2024
STEEL CABINET 2 DOOR,1,2.00,18500.00,7390.00,39.95,2024,2024
JOHNVASC 5MG,13,30.00,18490.20,17363.80,93.91,2019,2022
ALLUJEN 100MG TAB,9,72.00,18455.45,13110.95,71.04,2019,2021
IV INFUSION SET PEDIA (PRIME),2,650.00,18450.00,0.00,0.00,2023,2023
ACRESIL 150MG,3,13.00,18450.00,13525.00,73.31,2020,2023
TRANEXT 500MG,6,15.00,18440.00,1750.00,9.49,2018,2019
"MICROPORE 2"" - 3M",5,18.83,18400.00,6930.00,37.66,2019,2020
MELZIN 150MCG,1,90.00,18360.00,3915.00,21.32,2020,2020
OMEPHIL,4,14.00,18336.00,56.00,0.31,2018,2019
AMLOMED 5MG,7,509.00,18335.00,11895.00,64.88,2017,2017
PIPTASEA 4.5G/500V,7,54.00,18324.05,14487.35,79.06,2019,2020
EPIBBAS,6,200.00,18320.00,4540.00,24.78,2017,2020
XRAY FILM 10X12 (FUJI),4,6.00,18308.00,1448.00,7.91,2023,2025
FULVIT 120ML,1,144.00,18288.00,14688.00,80.32,2020,2020
VISTREP 250MG/5ML,17,210.00,18255.62,10734.98,58.80,2017,2019
CEFUSAPH 125MG/ML,2,164.00,18221.76,8861.76,48.63,2023,2025
AMBIPINE 1MG/ML (10MG/10ML),1,18.00,18216.00,15516.00,85.18,2022,2022
DISPOSABLE SYRINGE WITHOUT NEEDLE 20CC/ML (TERUMO),3,15.00,18200.00,7700.00,42.31,2024,2025
SOBINATE 84MG/ML (8.4%) 20ML,5,51.00,18190.00,10958.00,60.24,2023,2025
LUBRICATING JELLY 150G (PARTNERS),2,110.00,18150.00,7370.00,40.61,2025,2025
GLOVES MEDIUM NITRILE NONSTERILE (LTN),8,36.00,18147.00,10847.00,59.77,2023,2025
EUROMET,7,235.00,18112.50,13397.50,73.97,2018,2022
SAPHIXIME 400MG,1,100.00,18100.00,600.00,3.31,2025,2025
SURGICAL BLADE #20 SURGITECH,5,60.00,18034.00,7954.00,44.11,2023,2023
ASSESMENT FOR EDAN MONITOR,1,1.00,18000.00,3000.00,16.67,2024,2024
BIOHAZARD NEEDLE CONTAINER,1,40.00,18000.00,4000.00,22.22,2021,2021
SHARP SI-210 ANESTHESIA MACHINE REPAIR,1,1.00,18000.00,4500.00,25.00,2023,2023
TRANCE 500MG AMP,2,20.00,18000.00,16000.00,88.89,2018,2018
IMATET 40IU/0.5ML IM,1,18.00,18000.00,8640.00,48.00,2023,2023
HEPARIN CAP YELLOW (ORMED),1,5.00,18000.00,14000.00,77.78,2023,2023
LANTIDIN,1,10.00,18000.00,10850.00,60.28,2017,2017
YANKAUER - SIMPLEX,2,50.00,18000.00,11500.00,63.89,2019,2019
RABAMYCIN 600MG,1,9.00,18000.00,0.00,0.00,2019,2019
OFPLEMED 300MG/5ML 120ML,2,150.00,18000.00,10350.00,57.50,2025,2025
FETAL DOPPLER W/ COLOR LCD DISPLAY 1976-11CC (WILCARE),1,3.00,17985.00,5985.00,33.28,2025,2025
DISPOSABLE SYRINGE 10CC G21X1 1/4 (INDOPLAS),1,15.00,17955.00,13110.00,73.02,2025,2025
SPHYMOMANOMETER PARTNERS,1,10.00,17950.00,13900.00,77.44,2023,2023
SPHYGMOMANOMETER - TRUSTMOMED,1,10.00,17950.00,13950.00,77.72,2023,2023
CORD CLAMP - SIMPLEX,6,25.00,17925.00,8425.00,47.00,2020,2022
AMECIRON 60MG,2,200.00,17920.00,4120.00,22.99,2023,2023
HYCLENS GARGLE 120ML,14,124.00,17907.10,6995.10,39.06,2020,2020
ACIURTECT DISINFECTANT SOLUTION 1L,6,9.00,17864.50,13486.02,75.49,2018,2019
MICROTAINER LAVENDER TOP 0.5ML,2,32.00,17856.00,11496.00,64.38,2022,2023
CORRECTION TAPE JOY,8,260.00,17835.00,13675.00,76.68,2023,2023
METOCLON 5MG/ML (10MG/2ML),3,60.00,17835.00,10635.00,59.63,2025,2025
BEAR BRAND 320 G,1,100.00,17802.00,7576.00,42.56,2021,2021
NOREPINSAPH-1 1MG/ML (10MG/10ML),1,20.00,17760.00,13320.00,75.00,2025,2025
OSTEOMAX 70MG,1,30.00,17700.00,4260.00,24.07,2020,2020
HISTAMED 1MG/ML,8,79.00,17700.00,4882.85,27.59,2019,2020
REAX DROPS,2,112.00,17696.00,0.00,0.00,2020,2020
GLOVES SIZE 7.5 - DR. KELLY,2,6.00,17690.00,9290.00,52.52,2020,2020
ECG PAPER 80X20,5,152.00,17690.00,10090.00,57.04,2023,2025
"PESO # 18,000.00",1,1.00,17670.00,6043.14,34.20,2025,2025
LATEX EXAMINATION GLOVES MEDIUM,1,53.00,17649.00,7579.00,42.94,2023,2023
"PAGBILAO # 17,785.00 LOT 8",1,1.00,17636.25,6136.25,34.79,2024,2024
QUIX,1,200.00,17600.00,16250.00,92.33,2017,2017
ALFOXIN 1G,1,20.00,17600.00,10200.00,57.95,2017,2017
EMERGENCY CART STAINLESS WITH DRAWER,1,1.00,17600.00,600.00,3.41,2025,2025
MYCONIL,3,112.00,17596.00,9196.00,52.26,2018,2019
BUPAIN HEAVY 5MG/80MG 4ML,5,5.00,17550.00,13350.00,76.07,2019,2019
NEEDLE HOLDER 8'' (OLTEN),3,20.00,17540.00,7780.00,44.36,2025,2025
ID-HOLDER TRANSPARENT PLASTIC VERTICAL,1,700.00,17500.00,12950.00,74.00,2023,2023
SAPHCEEVIT-100,1,100.00,17500.00,16000.00,91.43,2022,2022
ETHOX 1000ML,1,2.00,17500.00,10500.00,60.00,2019,2019
TACHYBAN 3MG,4,7.00,17495.56,11702.56,66.89,2022,2023
ZETIFEN 500MG,30,57.76,17474.00,12072.80,69.09,2017,2020
XELOR 125MG/5ML SUS,12,125.00,17450.00,8744.44,50.11,2019,2020
ACCEDOME 1MG/ML 60ML,1,70.00,17430.00,14140.00,81.12,2025,2025
ZINC VITA DROPS,6,213.00,17421.50,13406.00,76.95,2020,2021
CYTRAZI 500MG TAB,5,7.00,17415.00,0.00,0.00,2018,2019
STOOL CUP,9,1901.00,17407.50,-98879.50,-568.03,2018,2020
ZANTRICID 25MG,1,30.00,17400.00,12120.00,69.66,2023,2023
DIAMIR 30MG,1,167.00,17400.00,5877.00,33.78,2021,2021
KALIMEX 2MEQ,3,63.00,17358.00,15468.00,89.11,2023,2023
TRASH BAG LARGE TRANSPARENT,2,30.00,17325.00,9075.00,52.38,2022,2023
GLOVES MEDIUM LATEX NONSTERILE (FITONE),1,70.00,17290.00,2590.00,14.98,2023,2023
TABLES 38IN X63IN - POG62680,1,5.00,17250.00,3250.00,18.84,2020,2020
MAYO STRAIGHT SIZE 8'',3,18.00,17240.00,7916.00,45.92,2025,2025
HBW MARKER,3,40.00,17225.00,16345.00,94.89,2023,2023
KIDNEY BASIN STAINLESS STEEL 12'' (OLTEN),1,15.00,17220.00,8610.00,50.00,2025,2025
NEBULIZER KIT PEDIA,2,95.00,17100.00,10925.00,63.89,2020,2020
PORTABLE HANDHELD MESH NEBULIZER (CAREWELL),1,2.00,17090.00,13490.00,78.94,2023,2023
DOLSAPH 325MG/37.5MG,5,12.86,17048.49,14862.29,87.18,2018,2024
"PAGBILAO # 17,220.00",1,1.00,17046.00,5532.00,32.45,2024,2024
VERTISAPH-24,2,40.00,17000.00,-18200.00,-107.06,2023,2023
BLADE HOLDER SIZE 3'' (OLTEN),5,32.00,16996.00,12836.00,75.52,2025,2025
FIRSTMED VITAMIN B COMPLEX 100MG/5MG/50MCG,10,669.00,16981.00,10606.00,62.46,2023,2024
"PAGBILAO # 17,000",1,1.00,16930.00,7466.58,44.10,2024,2024
"PAGBILAO # 17,000-1",1,1.00,16923.00,5787.67,34.20,2025,2025
VITCEE 100MG,6,213.00,16920.00,13938.00,82.38,2021,2023
"PAGBILAO # 16,930.00",1,1.00,16880.00,4885.00,28.94,2024,2024
FLUIFORT-M 250MG/5ML,9,210.00,16817.89,9952.89,59.18,2017,2019
DIXIN 250MCG TAB,9,28.10,16804.00,11029.00,65.63,2022,2023
AMBTOCYN,3,35.00,16799.00,0.00,0.00,2023,2023
OXYGEN MASK (ADULT),2,200.00,16750.00,7750.00,46.27,2018,2018
PRESARTAN-50 50MG TAB,6,127.20,16750.00,3001.00,17.92,2019,2022
"PAGBILAO # 17,070.00",1,1.00,16726.50,8481.81,50.71,2025,2025
BROADMETZ 250MG/5ML SUS,12,194.00,16700.00,5814.98,34.82,2021,2022
SPITONE 25MG TAB,10,22.33,16660.00,11935.00,71.64,2018,2019
FULCLOX 500MG,1,35.00,16625.00,9450.00,56.84,2019,2019
EMLOR PLUS,8,28.00,16624.00,10576.00,63.62,2023,2023
LORASAPH 10MG,3,9.00,16600.00,15613.00,94.05,2022,2023
"PAGBILAO # 16,620-2",1,1.00,16575.00,3498.00,21.10,2024,2024
"PAGBILAO # 16,620",1,1.00,16566.00,3489.00,21.06,2024,2024
5% DEXTROSE 0.3% SODIUM CHLORIDE,1,240.00,16560.00,2640.00,15.94,2023,2023
SOLUTION FOR IV INFUSION LACTATED RINGERS SOLUTION,1,240.00,16560.00,-151440.00,-914.49,2023,2023
"PAGBILAO # 16,620.00 -1",1,1.00,16551.00,3474.00,20.99,2024,2024
FOLEY CATH 3WAY F20 / F22 / F24,6,132.00,16550.00,-6245.00,-37.73,2018,2018
ZYNERVA 1G,2,5.00,16500.00,8700.00,52.73,2017,2017
ACIURTECT DISINFECTANT SOLUTION,4,7.00,16494.50,8246.50,50.00,2018,2018
BOTTLE SPRAYER,4,214.00,16492.00,11134.00,67.51,2021,2023
OXYGEN CANNULA,3,313.00,16432.50,11737.50,71.43,2018,2018
D5 WATER,2,112.00,16352.00,2576.00,15.75,2023,2023
PAPER MULTICOPY 80GSM 216X330 LONG (HARDCOPY),1,50.00,16350.00,5350.00,32.72,2023,2023
BIOXAL 2MG,8,160.00,16338.00,13890.50,85.02,2019,2023
INTRAPLEM 50MG/ML DROPS,12,186.00,16302.00,11787.45,72.31,2017,2017
CINNABLOC 75MG CAP,10,67.00,16280.00,11590.00,71.19,2023,2024
INOXIN 250MCG TAB,1,5.00,16245.00,14920.00,91.84,2024,2024
CEFUSAPH 125MG SUSP 60ML,3,200.00,16197.12,6597.12,40.73,2023,2023
GAMMEX,1,6.00,16194.00,0.00,0.00,2019,2019
SPIRODEN 50MG TAB,2,11.00,16159.00,9284.00,57.45,2023,2025
INSECTICIDE 5GRAMS / 100'S,2,50.00,16150.00,0.00,0.00,2022,2023
RABAPHEN 50MG/ML IV,4,17.00,16149.60,12664.60,78.42,2024,2024
DISPOSABLE SYRINGE 5CC 23GX1 (SUREGUARD),1,15.00,16140.00,12090.00,74.91,2025,2025
KALIGEN POTASSIUM 750MG TABLET,2,11.00,16130.00,5570.00,34.53,2023,2023
"PAGBILAO # 21,787.00",1,1.00,16058.00,4040.00,25.16,2024,2024
HISTAMED 10MG,3,10.00,16050.00,9877.68,61.54,2019,2021
ALVICA TRAUMA RECOVERY GEL KIDS,13,41.00,16045.21,10195.21,63.54,2018,2019
EUROMYCIN 150MG/ML,5,55.00,16040.00,-22616.80,-141.00,2020,2023
CIPROFED 500MG,1,10.00,16000.00,14600.00,91.25,2021,2021
AMETRIS 500MG,20,333.42,15972.10,7224.85,45.23,2017,2019
CPR MASK,1,8.00,15960.00,0.00,0.00,2019,2019
OXYGEN REGULATOR (INDOPLAS),1,4.00,15960.00,12360.00,77.44,2023,2023
AMBU BAG ADULT (PRIMAPLUS),3,8.00,15960.00,5160.00,32.33,2023,2023
VEST,1,24.00,15936.00,2016.00,12.65,2023,2023
"PAGBILAO # 16,000-1",1,1.00,15922.00,5445.32,34.20,2025,2025
TRANMED,6,39.60,15840.00,6098.40,38.50,2018,2018
KOLTIN,6,29.00,15800.00,11400.00,72.15,2017,2017
"PAGBILAO # 16,000.00-1",1,1.00,15800.00,5403.60,34.20,2025,2025
INSULIN SYRINGE 1CC COSMED,2,14.00,15766.00,8612.00,54.62,2023,2023
DISPOSABLE SYRINGE 10CC 23GX1 (SUREGUARD),1,12.00,15756.00,12276.00,77.91,2025,2025
MUPIROW 20MG/G (2%) 5G,8,101.00,15705.00,12372.00,78.78,2024,2024
INFUSION SET W/ BURETTE 100CC - UNIMEX,7,99.00,15688.00,4040.65,25.76,2019,2023
ZETIFEN 250MG/5ML,18,194.00,15680.50,11266.60,71.85,2017,2018
VONWELT ASCORBIC ACID (GENERICS) 500MG,13,120.00,15668.00,8588.00,54.81,2018,2019
"PAGBILAO # 15,750",1,1.00,15666.00,5330.34,34.02,2025,2025
CA-GLUCO 10%,2,60.00,15600.00,9000.00,57.69,2018,2018
TRANSPORE 1/2 INCH,2,12.00,15600.00,7200.00,46.15,2020,2022
TRANCE 100MG,3,39.00,15600.00,11700.00,75.00,2018,2018
BLOOD GLUCOSE TEST STRIP (SD CHECK),1,12.00,15600.00,4200.00,26.92,2025,2025
GLOVES (L) - GLOMED,6,232.00,15594.00,4804.00,30.81,2019,2023
MULTI GROW DROPS,7,58.00,15585.00,10227.00,65.62,2017,2017
ANTI HUMAN GLOBULIN 10ML,1,12.00,15576.00,2916.00,18.72,2022,2022
MULTI-GROW VITAMIN DROPS,5,314.00,15575.00,9975.00,64.04,2022,2023
RANZOLE - 20,4,9.00,15559.36,13975.36,89.82,2021,2023
WALIS TAMBO,5,75.00,15524.00,4954.00,31.91,2021,2023
ACCEXIME 125MG,1,50.00,15500.00,11400.00,73.55,2020,2020
PARA100 100MG/ML,2,344.00,15492.80,10692.80,69.02,2023,2025
RAHMACIN,1,50.00,15450.00,-550.00,-3.56,2019,2019
MIXTER 7'' (OLTEN),2,15.00,15420.00,7770.00,50.39,2025,2025
NGT FR.14 PARTNERS,2,252.00,15416.50,-25911.50,-168.08,2023,2023
STERILE WATER FOR INJECTION (EUROMED),2,320.00,15400.00,940.00,6.10,2023,2024
DISPOSABLE NEEDLE G.26 100'S-ORMED,2,100.00,15400.00,7900.00,51.30,2023,2023
GOXA 500MG IV,1,10.00,15390.00,13340.00,86.68,2024,2024
BODYWASH PURE WHITE 450ML (SAFEGUARD),4,60.00,15300.00,5730.00,37.45,2025,2025
DISPOSABLE SYRINGE 5CC 23GX1 (TERUMO),5,14.00,15290.00,5490.00,35.91,2023,2024
FOOD KEEPER,1,100.00,15266.36,11766.36,77.07,2021,2021
FACEMASK (CROSSPOINT),2,160.00,15260.00,5660.00,37.09,2023,2023
POTASSIUM CHLORIDE - EUROMED 20ML,3,255.00,15260.00,3075.00,20.15,2022,2023
STAPLE WIRE #35,6,230.00,15240.00,5580.00,36.61,2023,2023
FENOCARE 200MG,3,9.00,15240.00,13035.00,85.53,2023,2024
VONWELT CINNARIZINE 25MG,9,51.00,15225.00,13056.50,85.76,2019,2020
LATEX EXAMINATION GLOVES SMALL,2,46.00,15210.00,6470.00,42.54,2022,2023
DISPOSABLE NEEDLE G25 TERUMO,1,30.00,15120.00,7620.00,50.40,2020,2020
NEEDLE G.23 TERUMO,1,30.00,15090.00,0.00,0.00,2019,2019
NEEDLE G.19 TERUMO,1,30.00,15090.00,0.00,0.00,2019,2019
NEEDLE G.25 TERUMO,1,30.00,15090.00,0.00,0.00,2019,2019
BETZADINE MR 35MG TAB,1,26.67,15080.00,0.00,0.00,2019,2019
HYCLENS 0.2% WOUND SPRAY 1L,12,23.00,15036.84,3071.25,20.42,2018,2019
NITRILE POWDER FREE EXAMINATION GLOVES 100'S GLOMED,2,19.00,15034.00,10284.00,68.40,2023,2023
IV CANNULA WITH INJECTION PORT LUER LOCK G26 X 3/4 (CATHY),1,5.00,15000.00,9000.00,60.00,2025,2025
ARMSLING (M) - LONGBONE,2,30.00,15000.00,7500.00,50.00,2019,2020
UMBILICAL CORD CLAMP STERILE DISPOSABLE PARTNERS,1,150.00,15000.00,14542.50,96.95,2023,2023
TRIANGULAR BANDAGE 60X42,1,100.00,15000.00,9000.00,60.00,2023,2023
AMBUBAG MANUAL RESUSCITATOR ADULT REUSABLE SILICONE (PARTNERS),4,6.00,15000.00,6136.00,40.91,2024,2025
SPHYGMOMANOMETER,1,5.00,15000.00,10000.00,66.67,2020,2020
KETRON,2,150.00,15000.00,10800.00,72.00,2017,2017
IV CATHETER G18 / G20 / G22 / G24 - INSYTE,1,100.00,15000.00,0.00,0.00,2018,2018
CLEANING AND CALIBRATION/CALIBRATION VERIFCATION,2,1.00,15000.00,5000.00,33.33,2023,2023
IV CATHETER G18 / G20 / G22 / G24,1,100.00,15000.00,9200.00,61.33,2018,2018
UNDERPAD YOSHI 600*900MM,1,100.00,15000.00,3000.00,20.00,2022,2022
BP MANUAL W/CHILD & ADULT CUFF,1,2.00,15000.00,1400.00,9.33,2024,2024
"OFFICE TABLE 1,208 DT",1,1.00,14990.00,10298.00,68.70,2022,2022
NEGACOF 300MG,3,184.00,14982.00,0.00,0.00,2019,2019
"PPDC # 15,000",1,1.00,14958.75,5115.89,34.20,2025,2025
DOPAMAINE 250MG,1,10.00,14950.00,11090.00,74.18,2021,2021
HBW BLACK BALLPEN,6,209.00,14950.00,13800.50,92.31,2023,2023
HCG TEST CASSETTE,2,403.00,14950.00,8905.00,59.57,2022,2022
NORBIT 1MG/ML (2MG/2ML) 2ML,3,8.00,14942.00,7499.00,50.19,2023,2024
ETHYL ALCOHOL 70% 500ML (ZACH),1,100.00,14900.00,8400.00,56.38,2024,2024
MURIATIC ACID,2,120.00,14900.00,5752.00,38.60,2022,2023
CARDIZAR 50MG,23,59.00,14888.14,6945.14,46.65,2018,2024
AMBIDAZOL 125MG SUS,6,394.00,14883.00,7840.50,52.68,2019,2020
EXEL 250MG/5ML,2,310.00,14880.00,6897.50,46.35,2023,2023
GLIZEN 60MG,1,10.00,14880.00,11160.00,75.00,2025,2025
MAGNESIUM SULFATE 250MG - EUROMED,1,200.00,14872.00,3472.00,23.35,2022,2022
JACKIE DISINFECT SPRAY 500ML,4,47.00,14848.00,4038.00,27.20,2023,2023
DOXOFAR 400MG TAB,8,14.60,14844.00,10172.00,68.53,2018,2020
HEMOCLOT,3,7.00,14810.00,6585.00,44.46,2021,2022
"ELASTIC BANDAGE 7""",1,200.00,14800.00,0.00,0.00,2018,2018
IV ARM SPLINT PEDIA,1,100.00,14800.00,10800.00,72.97,2023,2023
ETHYL ALCOHOL SAFE CHOICE,1,100.00,14800.00,9800.00,66.22,2022,2022
HYPERSTOP 25MG,5,32.00,14790.00,13702.00,92.64,2021,2023
BLOODSET,2,200.00,14750.00,1750.00,11.86,2018,2018
HYCLENS WOUND SPRAY 1GLN,5,5.00,14742.00,7371.00,50.00,2018,2019
GLOVES LARGE NITRILE NONSTERILE (LTN),4,53.00,14733.00,3073.00,20.86,2023,2024
"PPDC # 15,000.00",1,1.00,14725.00,5035.95,34.20,2025,2025
DIFLOSID 25MG/ML,5,22.00,14720.00,11860.00,80.57,2018,2018
AGENTAM AMPULE,1,30.00,14700.00,13050.00,88.78,2020,2020
"PAGBILAO # 46,930.00",1,1.00,14690.25,-16245.75,-110.59,2024,2024
GOUTSAPH 500MCG,9,47.00,14669.74,10597.74,72.24,2021,2024
ETHICON PROLENE 5-0 ROUND NEEDLE,1,1.00,14650.00,9946.00,67.89,2023,2023
ETHICON PROLENE 2-0 ROUND NEEDLE,1,1.00,14650.00,9946.00,67.89,2023,2023
ETHICON PROLENE 3-0 ROUND NEEDLE,1,1.00,14650.00,9946.00,67.89,2023,2023
ETHICON PROLENE 4-0 ROUND NEEDLE,1,1.00,14650.00,9946.00,67.89,2023,2023
AMSUMED 500MG/250MG,2,400.00,14648.00,7048.00,48.12,2025,2025
NITRILE EXAMINATION GLOVES MEDIUM,2,44.00,14601.00,5801.00,39.73,2023,2023
EURO-MED MAGNESIUM SULFATE 250MG VIAL,1,200.00,14600.00,0.00,0.00,2019,2019
NITROFIX SR 30MG TAB,4,14.00,14590.00,7310.00,50.10,2023,2025
HYCLENS WOUND CARE SOLUTION - 15ML,2,219.00,14588.14,7965.58,54.60,2021,2021
DISPOSABLE DIAPER ADULT XL (EVERWELL),3,43.00,14565.00,7255.00,49.81,2023,2025
EURIVIT 120ML,2,282.00,14527.60,3529.60,24.30,2020,2021
BROADMETZ 100MG/ML DROPS,11,139.00,14507.20,10189.86,70.24,2021,2022
MATERNITY PAD SANITEX,1,100.00,14500.00,0.00,0.00,2019,2019
OPREX 40MG,6,29.00,14500.00,7250.00,50.00,2023,2023
"TRASHBAG 10'S PLASTIC BLACK XL,TEAR RESISTANT LEAK PROOF",1,150.00,14400.00,8400.00,58.33,2023,2023
DISPOSABLE SYRINGE 1CC KING MED,1,30.00,14400.00,9000.00,62.50,2023,2023
EVENING PRIMEROSE,1,600.00,14400.00,10200.00,70.83,2017,2017
VITAIR,7,97.00,14400.00,9837.00,68.31,2017,2017
ST A05 5W LED DAYLIGHT,1,50.00,14400.00,12400.00,86.11,2022,2022
POVIDONE IODINE 10% - SOLUTION,2,12.00,14400.00,6600.00,45.83,2022,2023
STERILIUM,3,7.00,14395.00,1000.00,6.95,2018,2019
VN2 2/5ML 60ML,5,555.00,14360.00,7985.00,55.61,2021,2023
BLOOD GLUCOSE TEST STRIPS ACCU-CHEK (INSTANT),2,5.00,14360.00,6035.00,42.03,2023,2024
BOND PAPER LEGAL 80GSM (DOUBLE A),2,45.00,14355.00,2205.00,15.36,2023,2023
SORBANCE -5 5MG,6,94.00,14275.40,2771.60,19.42,2023,2025
RH TYPING SERA ANTI-D,1,13.00,14274.00,3224.00,22.59,2022,2022
KOVENT 250MCG,4,21.00,14265.00,7545.00,52.89,2020,2022
STETHOSCOPE LITTMAN,1,1.00,14250.00,5750.00,40.35,2024,2024
ASSORTED STERILE GLOVES,1,5.00,14250.00,9500.00,66.67,2020,2020
ALLECUR 5MG,8,180.00,14248.50,11393.50,79.96,2021,2023
VICEPHRIN 125MG/5ML,6,138.00,14198.40,5522.40,38.89,2017,2018
INSUGET R 100 I.U/10ML,1,20.00,14180.00,3280.00,23.13,2025,2025
LOSARTRIXX 50MG,4,16.00,14155.00,12635.00,89.26,2021,2022
OXYGEN CANNULA NEONATE-SURGITECH,4,225.00,14150.00,7000.00,49.47,2019,2023
AEROX CEFUROXIME 500MG TAB,2,130.00,14120.00,5820.00,41.22,2023,2023
DISPOSABLE SYRINGE 3CC KING MED,1,30.00,14100.00,9000.00,63.83,2023,2023
HIZON,5,22.00,14100.00,-3540.00,-25.11,2019,2023
MYRENTYL 10MG,3,154.72,14085.50,4612.94,32.75,2019,2020
CALCIGARD 5MG,8,32.13,14078.00,8587.31,61.00,2018,2020
ASMAIR 1MG/50MG/5ML,1,100.00,14031.25,12031.25,85.75,2025,2025
ALLECUR 5MG/5ML,5,227.00,14018.00,9478.00,67.61,2023,2024
IV CANNULA WITH WINGS & PORT G24 (PRIMAFLON),2,4.00,14000.00,6000.00,42.86,2024,2025
UV LIGHT BULB (T530WG13UV),1,4.00,14000.00,10001.00,71.44,2023,2023
PARTNERS STETHOSCOPE,2,12.00,14000.00,11060.00,79.00,2023,2023
"IV CANNULA WINGED G.18X 1 1/4"" INTROCAN SAFETY (B BRAUN)",1,2.00,14000.00,5500.00,39.29,2023,2023
BP APPARATUS WITH STAND (INDOPLAS),1,2.00,14000.00,7000.00,50.00,2025,2025
L565 ALL-IN-ONE TANK PRINTER,1,1.00,13995.00,0.00,0.00,2018,2018
BP APPARATUS DIGITAL W/ ADAPTOR (OMRON),1,2.00,13990.00,6990.00,49.96,2024,2024
APPELINC 30MG TAB,1,20.00,13985.00,6185.00,44.23,2025,2025
"PAGBILAO # 14,000",1,1.00,13965.00,5089.00,36.44,2025,2025
ZEYCO FD VIAL,3,8.00,13952.00,2360.00,16.92,2019,2020
PLASCTIC URATEX CHAIR - PO G2680,1,20.00,13900.00,7920.00,56.98,2020,2020
MEOXICLAV 400MG/57MG 70ML,3,56.00,13882.00,6322.00,45.54,2023,2025
TRASH BAG LARGE GREEN,1,20.00,13860.00,7260.00,52.38,2022,2022
DIACIEL 10MG,6,194.00,13855.00,11527.00,83.20,2022,2023
FOLEY CATHETER FR.14 SIMPLEX,2,240.00,13814.00,4214.00,30.51,2023,2023
NICARD,1,10.00,13800.00,10200.00,73.91,2017,2017
OXYGEN CANNULA PEDIA - ORMED,2,200.00,13800.00,6800.00,49.28,2020,2023
CLOXID 500MG,2,30.00,13790.00,3890.00,28.21,2023,2023
DIAHIST 12.5MG/5ML SYR,6,398.00,13786.00,8846.00,64.17,2019,2022
KHRIZCOPAN 10MG,5,48.00,13760.00,3296.00,23.95,2025,2025
PROLENE MESH 7.6CMX15CM,1,2.00,13750.00,6113.34,44.46,2022,2022
FUJI FILM 11X14,2,4.00,13720.00,760.00,5.54,2023,2023
BOND PAPER A4 (HARDCOPY),3,57.00,13705.00,4360.00,31.81,2023,2024
VERTEX 25MG,10,55.00,13685.00,10128.00,74.01,2020,2023
OXEED 250MG,2,160.00,13600.00,8640.00,63.53,2020,2020
FLOXA-400,2,10.00,13600.00,10710.00,78.75,2018,2018
RESPINAL 250MG/5ML,8,72.00,13560.00,9768.72,72.04,2017,2021
BROXIL-M 15MG/5ML SYR,7,129.00,13545.00,9546.00,70.48,2021,2022
HYCORT 250MG,2,11.00,13540.00,0.00,0.00,2023,2023
IV CANNULA G26 STERILE 100'S BIOFLON,1,5.00,13500.00,4500.00,33.33,2023,2023
GEL FOAM - CURASPON,2,20.00,13500.00,5500.00,40.74,2019,2019
COFMED 7.5MG/5ML SYUP,2,64.00,13450.00,2600.00,19.33,2020,2023
NATRAVOX 228.5MG/5ML,2,50.00,13400.00,2000.00,14.93,2023,2025
"PAGBILAO # 16,223.00",1,1.00,13363.00,7833.00,58.62,2024,2024
GABAVEX 100MG,2,12.00,13360.00,9184.00,68.74,2025,2025
IV CANNULA WITH INJECTION VALVE 20G CAN CARE,2,1.50,13350.00,10650.00,79.78,2023,2023
PARA 250MG,3,588.00,13336.00,5839.00,43.78,2019,2023
STAL-LACT,1,56.00,13328.00,6888.00,51.68,2023,2023
GOTRAM,7,45.00,13270.00,5622.50,42.37,2018,2019
SAPHTRATE 1.080G,7,29.26,13263.00,8296.40,62.55,2022,2023
PAPER MULTICOPY 80GSM 210X297 A4 (HARDCOPY),1,50.00,13250.00,3450.00,26.04,2023,2023
CIXTOR-Z 120ML,4,108.00,13230.00,2322.00,17.55,2018,2019
HYCLENS SKIN CLEANSER 4G/100ML GALLON,2,4.00,13200.00,6396.00,48.45,2024,2024
C-ZEIT,4,112.00,13200.00,9460.00,71.67,2017,2017
STOPPER HEPLOCK -FIRST AID,2,201.00,13200.00,-97350.00,-737.50,2023,2023
WELDING MACHINE DUAL,1,1.00,13200.00,9200.00,69.70,2020,2020
TELSITAN-40 40MG,3,13.00,13188.26,8755.26,66.39,2024,2025
COSMOX 457MG,7,36.00,13186.00,5633.00,42.72,2017,2018
ECG CABLE 5 LEAD,1,1.00,13125.00,5625.00,42.86,2023,2023
RECORD BOOK 300PP,4,120.00,13000.00,4840.00,37.23,2023,2023
XTRACEE PLUS,2,20.00,13000.00,3200.00,24.62,2020,2020
HYDROCORTIZONE 250MG,1,50.00,13000.00,8750.00,67.31,2017,2017
RAHMACIN 500MG TAB,1,5.00,13000.00,9925.00,76.35,2024,2024
LUBRICATING JELLY 150G - UNIMEX,3,34.00,12980.00,7880.00,60.71,2020,2021
DISPOSABLE PREP RAZOR-SINGLE EDGE (UNIMEX),6,6.98,12960.00,7376.00,56.91,2023,2024
BATTERY SIZE AAA EVEREADY,1,80.00,12960.00,0.00,0.00,2023,2023
CETYSL-200 200MG,1,33.33,12960.00,0.00,0.00,2025,2025
PHYTOCARE 10MG/ML,2,25.00,12950.00,9700.00,74.90,2025,2025
ASTAT 20MG,4,44.00,12950.00,8726.00,67.38,2025,2025
SAPHRIN 80MG,3,143.00,12870.00,3575.00,27.78,2023,2023
D-CAL,5,57.00,12825.00,0.00,0.00,2018,2019
ROZITAN 200MG/5ML SUS,1,30.00,12810.00,11190.00,87.35,2021,2021
AMPI-1 1G,2,10.00,12800.00,10800.00,84.38,2023,2023
NUTRI Z DROPS,8,80.00,12772.00,8892.00,69.62,2017,2017
PHILSTAT 10MG,12,23.00,12771.10,11775.82,92.21,2018,2020
MYREVIT - SYRUP VITAMINS,1,100.00,12724.00,10574.00,83.10,2021,2021
FACE SHIELD 6PHP,2,700.00,12716.00,8516.00,66.97,2020,2021
NOBUTOL 2MG,5,218.00,12708.00,10092.00,79.41,2020,2020
SEPTIN 1G,2,84.00,12675.00,332.88,2.63,2019,2019
METHYLCORT 16MG,2,2.30,12650.00,10647.60,84.17,2020,2021
MATERNITY PADS 8S (SANITEX),5,117.00,12610.00,2080.00,16.49,2023,2025
ALLERJEC 2.5MG/ML,6,331.00,12600.50,6642.50,52.72,2025,2025
ADVENTURE-CERTIFICATE HOLDER (CH-1),1,180.00,12600.00,5400.00,42.86,2023,2023
THORACIC CATHETER FR 32 - UNIMEX,6,16.00,12593.00,6109.67,48.52,2018,2022
DIASTATIN 40MG TAB,3,21.00,12587.50,8132.50,64.61,2024,2025
TRASH BAG MEDIUM BLACK,2,61.00,12580.00,2820.00,22.42,2023,2023
ADIAC 500MG,8,40.00,12541.00,10506.00,83.77,2018,2023
URINE CUP,2,35.00,12525.00,10105.00,80.68,2020,2022
AMPINEX PLUS 500MG/250MG,2,220.00,12525.00,7025.00,56.09,2025,2025
"PAGBILAO # 12,500",1,1.00,12490.00,5203.29,41.66,2025,2025
OCCULT BLOOD SET 200/300 TEST (MEDIC),2,2.00,12477.00,5477.00,43.90,2025,2025
FERRICORE 325MG TAB,1,50.00,12462.50,9062.50,72.72,2025,2025
CALCIUM CARBONATE,6,519.00,12425.00,4956.00,39.89,2017,2019
AMSUMED 500MG,2,220.00,12400.00,7340.00,59.19,2023,2023
MONOCRYL 0'' 31MM 1/2C 70CM (ETHICON),1,1.00,12400.00,6200.00,50.00,2025,2025
DEOXYSAPH 250MG,2,3.00,12390.00,7350.00,59.32,2024,2024
DISPOSABLE SYRINGE 3CC 23GX1 (INDOPLAS),2,35.00,12360.00,2910.00,23.54,2024,2024
IV CANNULA WITH WINGS G26 0.6X19MM (PANACAN),2,1.20,12360.00,9960.00,80.58,2023,2023
TRAUMA SHEAR,1,8.00,12360.00,11400.00,92.23,2024,2024
SAPHLOR-50 50MG,9,48.00,12355.00,9331.00,75.52,2023,2025
DISPOSABLE NEEDLE G.24 100'S-SIMPLEX,2,80.00,12320.00,5120.00,41.56,2023,2023
FOLART 5MG/5ML 60ML,1,20.00,12300.00,9225.20,75.00,2024,2024
DISHWASHING LIQUID 1LITER,1,100.00,12300.00,9600.00,78.05,2022,2022
ISOPROPHYL ALCOHOL 70% 500ML NEW FEDERAL,4,140.00,12270.00,5270.00,42.95,2023,2023
LEPIXA 100MG/ML 150ML,2,11.00,12251.25,7143.56,58.31,2023,2024
NIBP CUFF PEDIA,1,2.00,12250.00,5250.00,42.86,2023,2023
ROSUTIN 10MG,1,5.00,12250.00,10615.00,86.65,2022,2022
MONOCRYL 1'' 40MM 1/2C 70CM (ETHICON),1,1.00,12250.00,6125.00,50.00,2025,2025
COTTON BALLS 1000S (TENDERSOFT),11,48.00,12161.00,3621.00,29.78,2023,2025
GLOVES MEDIUM NITRILE NONSTERILE (SURGITECH),10,27.00,12150.00,6750.00,55.56,2024,2025
MOUTH WASH 250ML COOLMINT LISTERINE,1,50.00,12150.00,5865.00,48.27,2023,2023
BUZZLE DIGITAL THERMOMETER,4,116.00,12136.00,2856.00,23.53,2023,2023
NEUROPENTIN 300MG,3,104.00,12120.00,8220.00,67.82,2017,2017
TOILET TISSUE,8,94.50,12110.00,5185.00,42.82,2019,2023
"PAGBILAO # 12,120.00",1,1.00,12074.00,4158.00,34.44,2025,2025
"BP CUFF, NEONATE",1,2.00,12000.00,5400.00,45.00,2019,2019
TRASH BAG MEDIUM,1,6.00,12000.00,11880.00,99.00,2023,2023
ASMAIR,1,100.00,12000.00,10850.00,90.42,2022,2022
SUCTION CATHETER F.8 - SURGITECH,1,500.00,12000.00,8000.00,66.67,2020,2020
ISOLATION GOWN NON-STERILE,2,9.00,12000.00,8400.00,70.00,2023,2024
DISHWASHING LIQUID 40ML CONCENTRATE (JOY),1,800.00,12000.00,3592.00,29.93,2023,2023
HYDRALAZINE 20MG,1,50.00,12000.00,8750.00,72.92,2017,2017
HYDROCORTIZONE 100MG,1,100.00,12000.00,9400.00,78.33,2017,2017
VAROLOX 250MG/5ML 60ML,1,100.00,12000.00,9300.00,77.50,2025,2025
OFPLEMED FORTE 600MG TAB,1,20.00,12000.00,0.00,0.00,2019,2019
SURGICAL DRAPE 40X40CM W/ HOLE 10CM - ORMED,3,3.00,12000.00,7951.00,66.26,2022,2023
IV CANNULA WITH INJECTION PORT LUER LOCK G22 X 1 (CATHY),1,4.00,12000.00,7200.00,60.00,2025,2025
GARBAGE BAG MEDIUM (10PCS/PCK),1,60.00,12000.00,0.00,0.00,2019,2019
MONPHEVIN 200MG/5ML,2,85.00,11996.25,7831.25,65.28,2025,2025
OTOSCOPE - WELCH ALLYN,1,1.00,11995.00,-3005.00,-25.05,2023,2023
VAZIZR 20MG,1,10.00,11980.00,0.00,0.00,2019,2019
KARVIDOL 6.25MG TAB,2,34.20,11970.00,5198.40,43.43,2025,2025
ULTREINAC - 600,6,20.00,11958.00,0.00,0.00,2019,2019
IV CANNULA WITH WINGS & INJECTION VALVE G20 1.1X32MM (CANCARE),2,4.00,11951.00,6351.00,53.14,2024,2025
KINGEVER AAA,2,10.00,11950.00,10750.00,89.96,2023,2023
COTTON BALLS,3,105.00,11950.00,3550.00,29.71,2022,2023
METMIC 500MG CAP,9,17.00,11947.00,8079.50,67.63,2023,2024
TRASH BAG,1,60.00,11940.00,2940.00,24.62,2019,2019
MOXYLOR 125MG/5ML,4,109.00,11934.00,10408.00,87.21,2019,2021
ALL SILICONE STOMACH TUBE FR16 (PARTNERS),2,32.00,11922.00,7146.00,59.94,2023,2024
SPASMOSON 10MG,5,22.00,11920.00,-3394.39,-28.48,2019,2020
METROZOLE 125MG,11,249.00,11900.60,7642.10,64.22,2019,2023
CETIRIGEN 10MG,1,100.00,11900.00,8800.00,73.95,2025,2025
FINOX 500MG,7,13.00,11890.00,8159.00,68.62,2024,2025
STERILE LATEX SURGICAL GLOVES 8.0 INDOPLAS,2,29.00,11875.00,7875.00,66.32,2023,2023
POVIDONE IODINE 10% 1G (JCHIEME),2,8.00,11850.00,2450.00,20.68,2024,2025
ENPLEX-B 100MG,1,30.00,11850.00,9000.00,75.95,2023,2023
MYREVIT-B COMPLEX,1,100.00,11800.00,0.00,0.00,2020,2020
LEUKOREX 10MG,3,5.00,11761.00,10111.00,85.97,2021,2021
OSCIVIT 1250MG/250IU,2,40.00,11740.00,4140.00,35.26,2024,2025
DOBURIS 50MG/ML 5ML,2,5.00,11736.25,7986.25,68.05,2023,2025
PLAXITIN 1G,2,20.00,11700.00,4250.00,36.32,2018,2018
CYFROX 500MG TABLET,3,34.00,11690.00,7840.00,67.07,2023,2023
INK CARTRIDGE TRI COLOR (HP680),3,18.00,11684.00,1964.00,16.81,2023,2023
LEVETRAMED-500 500MG,2,30.00,11664.00,0.00,0.00,2025,2025
CALMSAPH 200MG/100MG - ANTACID,8,61.00,11655.00,8387.50,71.96,2022,2023
GLYCINORM-80 80MG,2,30.00,11613.75,7893.75,67.97,2024,2025
UMBILICAL CORD CLAMP SURGITECH,1,18.00,11610.00,6210.00,53.49,2023,2023
AMOLTEX 2MG TAB,6,311.78,11610.00,-14655.00,-126.23,2019,2020
NOTEBOOK 50 LEAVES,3,390.00,11610.00,8685.00,74.81,2023,2023
DISPOSABLE FACEMASK (INDOPLAS),2,130.00,11610.00,4460.00,38.42,2025,2025
ECG THERMAL PAPER SIMPLEX 80MMX20MM,2,44.00,11600.00,7860.00,67.76,2022,2022
HYCLENS 0.2% WOUND CARE SOLUTION,7,8.00,11590.90,1534.50,13.24,2018,2019
DIACEF 250MG,1,144.00,11520.00,7776.00,67.50,2020,2020
PYRAMIN 250MG SYR,2,89.00,11520.00,0.00,0.00,2019,2019
ZINC OXIDE TAPE: 2.5CM X 5CM FUJI,1,24.00,11520.00,8880.00,77.08,2025,2025
BLOOD CONNECTING RED TOP,3,23.00,11516.00,6376.00,55.37,2022,2023
HISTARIL 2MG/100MG,12,17.98,11504.00,7253.50,63.05,2018,2018
UV LIGHT CZTD-ZW36WYKW 36W,1,1.00,11500.00,7500.25,65.22,2020,2020
ZYLTAN 50MG,2,60.00,11500.00,8260.00,71.83,2025,2025
NEUROGIN 39.50MG,5,5.00,11485.50,8535.50,74.32,2018,2019
DISPOSABLE SYRINGE 10CC (TERUMO) 100'S,3,10.00,11480.00,2980.00,25.96,2023,2024
PREHEXA CAPSULE,3,16.00,11469.00,7581.00,66.10,2025,2025
HAV-C 500MG TAB,1,50.00,11462.50,8512.50,74.26,2025,2025
COMB BINDING MACHINE F4 SIZE,1,1.00,11450.00,855.00,7.47,2023,2023
GLIPRIDE 2MG,2,502.00,11430.00,760.00,6.65,2017,2017
WHEEL CHAIR PEDIA,1,1.00,11400.00,7600.00,66.67,2020,2020
BOND PAPER A4 80GSM (DOUBLE A),1,40.00,11400.00,1800.00,15.79,2023,2023
PEN G NA 5M,1,6.00,11400.00,0.00,0.00,2019,2019
WATER TRAP,1,3.00,11400.00,6000.00,52.63,2022,2022
YUCORDIN 150MCG/ML,1,10.00,11400.00,5900.00,51.75,2023,2023
ALLECUR P,1,72.00,11376.00,10231.20,89.94,2022,2022
MEDISCRUB WITH POVIDONE (MEDBAR),3,125.00,11375.00,2875.00,25.27,2023,2024
NOVAMOL 250MG,2,516.00,11320.00,4612.00,40.74,2019,2019
PUSH CART,1,3.00,11295.00,3795.00,33.60,2022,2022
CYTRAZI,2,4.00,11280.00,9960.00,88.30,2018,2018
SILVERDOX,1,50.00,11250.00,0.00,0.00,2020,2020
AUGMENTIN ES 642.9MG/5ML,1,36.00,11232.00,-13356.00,-118.91,2023,2023
SILK BLACK BRAIDED NON ABSORBABLE SUTURE 3-0 CURVED CUTTING - TUDOR 75CM,1,15.00,11205.00,7455.00,66.53,2021,2021
FLASH DRIVE 16GB CAPACITY 1 PIECE INVIDUAL BLISTER PACK KINGSTON,3,14.00,11200.00,6300.00,56.25,2023,2023
GLYCEMET 500MG,2,60.00,11196.00,8856.00,79.10,2025,2025
CLONISUR 150MCG/ML,1,4.50,11193.75,6918.75,61.81,2024,2024
DOXOFAR 400MG,4,10.60,11160.00,8256.00,73.98,2018,2018
KDICEF 250MG,1,60.00,11100.00,9990.00,90.00,2020,2020
MEDALEM SYRUP 60ML,1,144.00,11088.00,8928.00,80.52,2019,2019
MEDALEM 200MG/100MG/5ML SUSP,5,188.00,11066.00,7867.60,71.10,2022,2023
AXMEL 100MG DROPS,3,421.00,11043.00,4920.75,44.56,2019,2021
ROYALENATE 84MG/ML (8.4%) 20ML,2,60.00,11041.00,0.00,0.00,2025,2025
NEBULIZER KIT WITH TUBNG AND MOUTH PIECE - HUDSON,3,166.00,11040.00,0.00,0.00,2018,2019
STOOL CUP (SAUCE CUP SIZE),1,44.00,11000.00,6600.00,60.00,2021,2021
EPOGEN,1,5.00,11000.00,7470.00,67.91,2017,2017
BP - BULB,1,20.00,11000.00,8000.00,72.73,2021,2021
"TRANSPORE 1/2"" / 1""",1,10.00,11000.00,4000.00,36.36,2018,2018
ISOLATION GOWN STANDARD STERILE,1,20.00,11000.00,8600.00,78.18,2023,2023
AMBUBAG MANUAL RESUSCITATOR ADULT REUSABLE (TOPCARE),2,5.00,11000.00,3500.00,31.82,2023,2023
"PAGBILAO # 11,077.00",1,1.00,10997.00,4542.00,41.30,2024,2024
GIAN-ZINC 30ML,5,64.00,10968.00,6488.00,59.15,2023,2024
FLUIMUCIL 600MG,1,5.00,10962.50,6577.50,60.00,2024,2024
CEFTABAS 1G IV,1,40.00,10960.00,8880.00,81.02,2024,2024
"PAGBILAO # 11,000-2",1,1.00,10960.00,3748.32,34.20,2025,2025
"PAGBILAO # 11,000",1,1.00,10960.00,4438.80,40.50,2024,2024
"PAGBILAO # 11,000-1",1,1.00,10956.00,3746.95,34.20,2025,2025
"PAGBILAO # 11,000.00-03",1,1.00,10940.00,4430.70,40.50,2024,2024
PREGNANCY TEST SUREGUARD,4,10.00,10900.00,5900.00,54.13,2020,2020
TEGUTECT 2% CHG DIGLUCONATE W/70% ALCOHOL 1GL,2,2.00,10900.00,6210.00,56.97,2018,2019
ELASTIC BANDAGE 3X5 - SURGITECH,4,220.00,10900.00,4300.00,39.45,2023,2023
ASFLEM 600MG,3,7.00,10900.00,9526.00,87.39,2020,2022
THERMAL SCANNER WITH AUTOMATIC ALCOHOL DISPENSER,1,2.00,10900.00,5500.00,50.46,2022,2022
SAPHROXEN 550MG,1,5.00,10870.00,8645.00,79.53,2021,2021
3D LATERAL FILING CABINET 90(W)X130(H)X45(D),1,1.00,10840.00,1340.00,12.36,2023,2023
DICYCLOVERINE 10MG/5ML SYR GENERIC/LUMAR,6,168.00,10838.75,8948.75,82.56,2019,2020
"PAGBILAO # 10,915",1,1.00,10832.00,3564.40,32.91,2025,2025
LEUKOPLAST 4'' (5CMX5M),2,2.00,10820.00,5620.00,51.94,2023,2024
TEGUTECT 2% CHG DIGLUCONATE W/70% ALCOHOL 60ML,17,50.00,10804.66,6044.66,55.94,2018,2019
ALL SILICONE STOMACH TUBE FR16 (ORMED),2,45.00,10800.00,1755.00,16.25,2024,2024
HYOSAPH 20MG/ML SOLUTION FOR INJECTION,1,20.00,10800.00,7540.00,69.81,2023,2023
HEPLOCK,2,201.00,10800.00,2300.00,21.30,2018,2018
COLGATE REGULAR 24G,1,40.00,10800.00,0.00,0.00,2022,2022
"PAGBILAO # 11,000.00",1,1.00,10794.00,3691.55,34.20,2025,2025
MUPISAPH 20MG/G OINMENT,1,100.00,10775.00,5775.00,53.60,2025,2025
"PAGBILAO # A- 11,000",1,1.00,10770.00,5443.00,50.54,2024,2024
PREVAHIST 10MG,2,5.00,10770.00,10085.00,93.64,2021,2021
AZFED 200MG/5ML,3,52.00,10769.00,7649.00,71.03,2025,2025
MYMET 500MG,7,53.00,10717.50,8366.75,78.07,2021,2023
INFACARE 5MG CAP,2,25.00,10690.00,7115.00,66.56,2019,2025
ALTOCLAV 250MG/62.5MG/5ML,3,50.00,10660.00,2910.00,27.30,2017,2017
FEBSAN,4,26.00,10655.00,6785.00,63.68,2018,2019
UNDERPAD,5,35.00,10650.00,6850.00,64.32,2018,2020
RENOKET,3,3.00,10650.00,6300.00,59.15,2017,2017
PHILCEF-DS 250MG/5ML,1,72.00,10648.08,3952.08,37.12,2025,2025
FEEDING TUBE FR.8,2,503.00,10614.00,3069.00,28.91,2023,2023
ZYROVA,5,8.00,10600.00,1350.00,12.74,2018,2019
NOVACEE 100MG/5ML 60ML,2,194.00,10595.60,7588.60,71.62,2025,2025
BENZYLPENICILLIN,3,4.60,10570.00,6890.00,65.18,2020,2023
"PAGBILAO # 10,620-1",1,1.00,10536.00,4125.31,39.15,2025,2025
HYCLENS WOUND CARE SOLUTION 60ML,2,42.00,10530.00,7487.10,71.10,2021,2022
TUDOR - CHROMIC BROWN COATED CATGUT ABSORBABLE SUTURE 3-0 CURVED CUTTING - 75CM,3,23.00,10521.00,4426.00,42.07,2023,2023
PIPER FORCEPS SIZE 17 1/4'',1,1.00,10520.00,5257.40,49.98,2025,2025
"PAGBILAO # 10,620",1,1.00,10512.00,4117.10,39.17,2025,2025
FIRST AID MEDICINE KIT W/ THERMAL SCANNER,1,3.00,10500.00,7350.00,70.00,2022,2022
OSCIVIT 1250MG,1,15.00,10500.00,7800.00,74.29,2023,2023
NEBULIZER KIT,2,160.00,10500.00,2500.00,23.81,2018,2018
ZOLBACH 800MG,1,50.00,10500.00,0.00,0.00,2019,2019
VITAMIN A SOFT GEL CAP,1,7.00,10500.00,3472.00,33.07,2022,2022
LIQUID DETERGENT POWER CLEAN,1,3.00,10494.00,3690.00,35.16,2022,2022
ALLUPREX 300MG,4,14.00,10477.00,8347.00,79.67,2021,2023
ZIPLOCK PLASTIC BAG 7X10,1,35.00,10465.00,5915.00,56.52,2022,2022
BRISOFER 250MG,16,42.00,10462.50,6339.25,60.59,2018,2020
FLOXA 200MG,3,5.00,10415.63,9438.63,90.62,2020,2022
SNEEZ 12.5MG,8,80.00,10405.00,7045.00,67.71,2017,2017
TOOTH BRUSH - BAMBOO CHARCOAL,1,50.00,10400.00,4150.00,39.90,2023,2023
YANKAUER HANDLE W/ CONTROL - SIMPLEX,1,40.00,10400.00,5200.00,50.00,2021,2021
"SAM SPLINT, LARGE 36 INCHES",1,8.00,10400.00,5200.00,50.00,2025,2025
OXYGEN MASK (NEONATE) - PARTNERS,1,150.00,10350.00,4050.00,39.13,2023,2023
FLUIFORT-M 100MG/5ML,13,166.00,10347.36,325.20,3.14,2017,2020
LITTMANN CLASSIC III STETHOSCOPE 3M,1,1.00,10345.00,4845.00,46.83,2023,2023
FENOCARE 200MG CAP,4,7.20,10310.00,8432.60,81.79,2023,2025
BRICALIN 500MCG/ML AMP,3,1.30,10300.00,2652.30,25.75,2024,2025
NEBULIZER KIT WITH MASK PEDIA (SURGITECH),1,100.00,10300.00,5500.00,53.40,2023,2023
CORRECTION TAPE 20MM,4,120.00,10300.00,7700.00,74.76,2023,2024
VACUTAINER YELLOW TOP : GEL AND CLOT ACTIVATOR 4ML (KINGMED),2,13.00,10296.00,1326.00,12.88,2025,2025
ALCOHOL SWAB/PAD (PARTNERS),4,40.00,10285.00,6285.00,61.11,2023,2024
DIXIN 250MG/ML - AMPULE,3,9.10,10250.00,5535.00,54.00,2023,2023
VICEPHRIN 100MG/ML DROPS,11,112.00,10225.60,7425.60,72.62,2017,2017
UNDERPAD 600MMX700MM LARGE HEXACARE,3,55.00,10225.00,2800.00,27.38,2023,2023
ATORSAPH 10MG,4,31.00,10220.00,9645.00,94.37,2019,2020
WELQUINE 5MG/ML (500MG/100ML),3,30.00,10200.00,7650.00,75.00,2024,2024
PYRAMIN 250MG SUS,3,99.00,10190.00,3546.00,34.80,2019,2020
ZETIFEN 125MG/5ML,11,140.00,10183.75,7243.75,71.13,2017,2018
ESSPRIN ADULT,3,20.00,10170.00,5370.00,52.80,2018,2018
DISPOSABLE INFUSION SET PEDIA 60MICRODROPS/ML (HEXACARE),2,424.00,10152.00,4216.00,41.53,2023,2023
LUBRICATING JELLY 5G - PARTNERS,3,7.00,10150.00,5650.00,55.67,2019,2023
CARDOZ 6.25MG,2,95.35,10110.08,0.00,0.00,2025,2025
RESPI-SAPH 250MCG/ML (500MCG/2ML) 2ML 30'S,1,6.67,10100.00,0.00,0.00,2025,2025
"PAGBILAO # 10,150.00",1,1.00,10098.00,5972.34,59.14,2025,2025
MYRECLOX 250MG SUSPENSION 60ML,1,144.00,10080.00,6768.00,67.14,2020,2020
EASYLAC-3.35G/5ML,2,56.00,10070.00,4414.00,43.83,2025,2025
"GLASS SLIDES FROSTED END CAT NO. 7105 (1"" X 3"")",1,50.00,10030.00,7030.00,70.09,2021,2021
TUDOR - SILK BRAIDED NON ABSORBABLE SUTURE 3-0 CUTTING NEEDLE,4,24.00,10018.00,2818.00,28.13,2023,2023
QUEZAR PLUS,1,4.00,10010.00,5610.00,56.04,2019,2019
CHROMIC 2-0 ROUND BODIED 40MM,4,17.00,10010.00,4910.00,49.05,2022,2023
LUCAZT 10MG TAB,1,5.00,10005.00,8465.00,84.61,2024,2024
TOVIT 60ML,2,154.00,10003.30,7231.30,72.29,2022,2025
AMBUBAG MANUAL RESUSCITATOR PEDIA REUSABLE SILICONE (PARTNERS),2,4.00,10000.00,4156.00,41.56,2024,2024
TERMAGEN 500MG TAB,11,34.00,10000.00,6430.00,64.30,2023,2025
SIGN PEN LIQUID GEL (DONG A),1,100.00,10000.00,7600.00,76.00,2023,2023
CORSIN-600MG,4,70.00,10000.00,5100.00,51.00,2023,2023
ZINACARE,1,50.00,10000.00,8900.00,89.00,2017,2017
STERILE LATEX SURGICAL GLOVES 7.0 INDOPLAS,1,10.00,9990.00,2490.00,24.92,2023,2023
DOMPY 1ML/ML,3,94.00,9977.00,6405.00,64.20,2024,2025
"PAGBILAO # 10,000.00-3",1,1.00,9950.00,3960.00,39.80,2024,2024
VAGINAL SPECULUM (PEDERSON TYPE) LARGE,2,18.00,9950.00,986.00,9.91,2025,2025
VAGINAL SPECULUM (PEDERSON TYPE) MEDIUM,2,18.00,9950.00,986.00,9.91,2025,2025
VAGINAL SPECULUM (PEDERSON TYPE) SMALL,2,18.00,9950.00,986.00,9.91,2025,2025
PULSE OXIMETER (XIAOO),2,5.00,9939.00,6939.00,69.82,2023,2025
"PAGBILAO # 10,000.00 -0.1",1,1.00,9925.00,3349.69,33.75,2024,2024
DISPOSABLE BABY DIAPER LARGE NON WOVEN (HEXACARE),7,23.00,9915.00,4625.00,46.65,2023,2025
DISPOSABLE INFUSION SET ADULT 20MACRODROPS/ML (PRIME),2,350.00,9901.00,3951.00,39.91,2023,2024
"PAGBILAO # 10,000.00 -0.3",1,1.00,9900.00,4009.50,40.50,2024,2024
SIMPLEX NEEDLE 26G X 1/2,1,20.00,9900.00,3900.00,39.39,2023,2023
INOFIB 200MG,2,3.00,9900.00,7050.00,71.21,2017,2017
BOND PAPER LONG (HARDCOPY),4,31.00,9876.00,4177.00,42.29,2023,2024
"PAGBILAO # 10,000.00-4",1,1.00,9875.00,3377.25,34.20,2025,2025
OMEBLOC-20 20MG,15,37.00,9847.82,3086.00,31.34,2018,2019
BIOGIC 250MG/5ML,3,330.00,9840.00,4890.00,49.70,2023,2023
"PESO PROVINCIAL # 19,864.00",1,1.00,9820.00,-3224.85,-32.84,2025,2025
SURGICAL BLADE #21 SURGITECH,2,34.00,9792.00,5032.00,51.39,2023,2023
"PAGBILAO # 10,000.00 -0.2",1,1.00,9790.00,3304.12,33.75,2024,2024
ZELECTA 200MG,5,6.34,9787.50,18.75,0.19,2018,2019
ATORSAPH-20 20MG,3,21.00,9780.00,7743.00,79.17,2023,2023
PREGNANCY TEST - REJOICE,3,350.00,9750.00,0.00,0.00,2018,2019
SODIUM HYPOCHLORIDE ZONROX 1GALLON,4,34.00,9747.00,5667.00,58.14,2023,2023
MOSQUITO FORECEP 5 1/2,2,5.00,9730.00,9087.00,93.39,2021,2022
REGICET 5MG/5ML,2,360.00,9720.00,2880.00,29.63,2025,2025
COLGATE MOUTHWASH ASSORTED,1,40.00,9720.00,0.00,0.00,2022,2022
XOLFATRIM 400MG,3,330.00,9715.00,3055.00,31.45,2019,2020
VICOLAX TAB,2,1006.00,9680.00,0.00,0.00,2017,2017
DISPOSABLE SYRINGE 5CC 23GX1 (SURESHOT),1,30.00,9660.00,2460.00,25.47,2024,2024
GLOVES (NON STERILE),11,31.00,9659.00,5629.00,58.28,2018,2018
LATEX GLOVES POWDER FREE DR. CARE LARGE,1,29.00,9657.00,0.00,0.00,2023,2023
TROPIN 1MG/ML,5,20.00,9629.00,7429.00,77.15,2019,2020
BP - CUFF - GENERIC,1,20.00,9600.00,6600.00,68.75,2021,2021
BP - INFLATION BAG,1,20.00,9600.00,6600.00,68.75,2021,2021
FORTDIME,1,20.00,9600.00,8960.00,93.33,2017,2017
PIMAX,2,4.00,9600.00,3700.00,38.54,2018,2018
IMATIM,1,20.00,9600.00,6000.00,62.50,2017,2017
RANVAST 40MG,2,7.00,9575.00,6677.00,69.73,2024,2024
ASEPTO IRRIGATING BULB - SIMPLEX,3,90.00,9570.00,5670.00,59.25,2021,2022
CEVOR IV 250MG/ML (1G/4ML) 4ML,3,14.00,9565.00,5365.00,56.09,2023,2023
KINGEVER AA,2,10.00,9550.00,8350.00,87.43,2023,2023
BACTISTAT,2,2.00,9520.00,1960.00,20.59,2018,2018
GLOVES LARGE PRO-CARE,2,8.00,9505.00,7905.00,83.17,2023,2023
KIDNEY BASIN 10'' OLTEN,1,10.00,9500.00,4710.00,49.58,2025,2025
LANZOMEP 30MG,1,5.00,9500.00,6750.00,71.05,2017,2017
DISPOSABLE SYRINGE 5CC KING MED,1,20.00,9500.00,5700.00,60.00,2023,2023
MONOCRYL 3-0'' 26MM 1/2C 70CM (ETHICON),1,1.00,9500.00,4750.00,50.00,2025,2025
DRY CELL AA RECHARGEABLE EVEREADY,2,15.00,9495.00,-3930.00,-41.39,2023,2023
DISTILLED WATER - 1 LTR,1,315.00,9480.02,4714.07,49.73,2021,2021
WILKINS DISTILLED 5L,1,24.00,9480.00,3408.00,35.95,2023,2023
THUMB FORCEP 10'' (OLTEN),2,12.00,9480.00,4716.00,49.75,2025,2025
TROPONIN 1,2,5.00,9435.00,685.00,7.26,2023,2023
TUDOR - SILK BRAIDED NON ABSORBABLE SUTURE 4-0 CUTTING NEEDLE,3,22.00,9418.00,2818.00,29.92,2023,2023
CLABIMEN 5MG,3,100.00,9350.00,8470.00,90.59,2023,2023
EMACIF 100MG/5ML,5,61.00,9309.22,4734.22,50.86,2025,2025
WHITE FLOWER 1.5ML,1,60.00,9300.00,6870.00,73.87,2024,2024
TRIZINE 205MG/45MG/5ML,1,30.00,9300.00,3000.00,32.26,2024,2024
VERTISAPH-8,3,13.01,9270.00,5952.45,64.21,2023,2023
ECG PAPER 80MMX20M SIMPLEX,1,50.00,9250.00,0.00,0.00,2019,2019
NITROFIX,2,600.00,9250.00,5675.00,61.35,2017,2017
VOLUMETRIC SOLUSET 150ML INDOPLAS,1,50.00,9250.00,0.00,0.00,2023,2023
GABASAPH 300MG,3,7.00,9250.00,8426.80,91.10,2023,2024
VONWELT,1,125.00,9250.00,0.00,0.00,2019,2019
DISPOSABLE NEEDLE G19 X1/2 (ORMED),1,30.00,9240.00,3240.00,35.06,2023,2023
T SHIRT SUBLI,1,24.00,9216.00,-2784.00,-30.21,2023,2023
BABY WASH COTTONTOUCH 50ML (JOHNSON),2,72.00,9216.00,3865.68,41.95,2025,2025
ZIPLOCK PLASTIC BAG 6X9,1,37.00,9213.00,5328.00,57.83,2022,2022
TUDOR NYLON SUTURE 2.0 CUTTING,2,20.00,9200.00,3600.00,39.13,2023,2023
FLAGEX 500MG TAB,5,29.00,9185.00,6720.00,73.16,2023,2024
DISPOSABLE NEEDLE G.20 100'S-ORMED,2,60.00,9180.00,4680.00,50.98,2023,2023
DISPOSABLE NEEDLE G.22 100'S-SIMPLEX,2,60.00,9180.00,3780.00,41.18,2023,2023
SPHYGMOMANOMETER ADULT INDOPLAS,2,6.00,9174.00,5574.00,60.76,2025,2025
FLUIFORT-M 50MG DROPS,9,136.00,9133.60,5053.60,55.33,2021,2022
ZONROX ORIGINAL 1LITER,3,115.00,9115.00,946.87,10.39,2022,2022
AZISAPH 500 MG,3,50.00,9112.50,7387.50,81.07,2021,2022
ROSEMIDE 10MG/ML (20MG/2ML),2,15.00,9100.00,8230.00,90.44,2024,2024
BURNSIL 10MG/G(1%W/W) 25G,2,50.00,9085.00,5335.00,58.72,2025,2025
ELASTIC BANDAGE 4X5 (INDOPLAS),6,168.00,9072.00,2808.00,30.95,2023,2025
PROMINE 25MG/ML,5,25.80,9030.00,6601.40,73.11,2018,2019
"PAGBILAO # 9,093.00",1,1.00,9030.00,3088.26,34.20,2025,2025
TEMPMED 250MG/5ML,1,75.00,9000.00,7950.00,88.33,2021,2021
OFLOXACIN 250MG,2,3.00,9000.00,8415.00,93.50,2017,2017
EVEBEU 500 CAP 100,1,10.00,9000.00,7000.00,77.78,2021,2021
DOBUMEAN,1,20.00,9000.00,5400.00,60.00,2017,2017
MYDOXY 100MG,1,10.00,9000.00,7750.00,86.11,2023,2023
SUCTION CONNECTING TUBE - INDOPLAS,2,50.00,9000.00,0.00,0.00,2018,2018
HEMOVIT,12,30.00,9000.00,2580.00,28.67,2018,2019
UNDERPAD MEDPRO,1,30.00,9000.00,5100.00,56.67,2022,2022
STERI STRIP 3M R1547,1,1.00,9000.00,6000.00,66.67,2022,2022
"OXYGEN MASK WITH TUBING, ADULT",1,100.00,9000.00,4000.00,44.44,2022,2022
"OXYGEN MASK WITH TUBING, PEDIA",1,100.00,9000.00,4000.00,44.44,2022,2022
DIGITAL THERMOMETER SURE-GUARD,2,250.00,9000.00,4000.00,44.44,2022,2023
DOXYPERL 100MG,1,10.00,8990.00,7600.00,84.54,2024,2024
BP APPARATUS-TOP CARE,2,4.00,8990.00,6990.00,77.75,2023,2023
FRUIT BASKET,2,9.00,8964.00,4464.00,49.80,2022,2023
"PAGBILAO # 9,100.00",1,1.00,8950.00,5060.00,56.54,2025,2025
"PAGBILAO # 9,000",1,1.00,8940.00,4746.00,53.09,2025,2025
SURGICAL BLADE #10 SURGITECH,4,31.00,8930.00,3050.00,34.15,2023,2023
TELABAG (LARGE),1,890.00,8900.00,3560.00,40.00,2021,2021
NEBULIZING KIT WITH MASK ADULT SUREGUARD,1,100.00,8900.00,0.00,0.00,2023,2023
"PAGBILAO # 9,000.00",1,1.00,8900.00,4400.00,49.44,2025,2025
"PAGBILAO # 8,930.00",1,1.00,8830.00,4019.00,45.52,2024,2024
PULSE OXIMETER ADULT WITH BATTERY (KINGMED),1,4.00,8820.00,7420.00,84.13,2024,2024
UNIDOL 500MG/ML SOLUTION FOR INJECTION IM/IV,2,79.00,8810.00,5635.00,63.96,2017,2017
BRIELVASTIN 20MG TAB,1,8.00,8800.00,7560.00,85.91,2020,2020
ISOKET 1MG/1ML,3,2.00,8800.00,1152.60,13.10,2022,2023
INFAMIX 50MG/5ML,2,116.00,8800.00,0.00,0.00,2019,2023
BANDAGE SCISSOR SIZE 7 1/2'',1,8.00,8800.00,4400.00,50.00,2025,2025
TROVIPRI 20MG,2,23.00,8785.00,6025.00,68.58,2025,2025
FUNGINIL 20MG,2,60.00,8760.00,6055.00,69.12,2020,2021
DIUCARE 25MG,10,96.00,8747.00,4745.73,54.26,2017,2020
SARS-COV-2 ANTIGEN ASSAY KIT ZYBIO,1,1.00,8745.00,5845.00,66.84,2022,2022
SUPRAPHIL 200 200MG,4,14.34,8723.00,5952.00,68.23,2024,2025
ENTRANCE LOCKSET TYPE HEAVY DUTY EASY INSTALLATION,1,10.00,8700.00,4010.00,46.09,2023,2023
XYVEEMOX 625MG TAB,1,30.00,8670.00,4980.00,57.44,2025,2025
GIRAN 16MG - NOT THIS,1,10.00,8640.00,6120.00,70.83,2021,2021
SURGICAL BLADE #11 SURGITECH,2,30.00,8640.00,4440.00,51.39,2023,2023
CALCIGARD 10MG,7,17.00,8625.00,4920.00,57.04,2018,2023
BUSCOFAR 10MG,2,11.00,8615.00,5040.00,58.50,2022,2023
CHROMIC 2/0 CURVED CUTTING BROWN (TUDOR),2,15.00,8600.20,3560.20,41.40,2024,2025
PREHEXA,5,13.00,8599.50,5089.50,59.18,2024,2024
POVIDONE IODINE 100MG/ML (10%W/V) SWAB PAD 1G (SURE-GUARD),1,10.00,8580.00,7080.00,82.52,2024,2024
ADUSCINE 20MG/ML,2,15.00,8550.00,6750.00,78.95,2020,2020
BP ANEROID WITH STETHOSCOPE,2,4.00,8540.00,4976.00,58.27,2022,2023
FEEDING TUBE FR.5,2,403.00,8526.00,2481.00,29.10,2023,2023
PHIZOLIN,1,50.00,8500.00,7500.00,88.24,2017,2017
ELASTIC BANDAGE 10CM X 5M,1,100.00,8500.00,4000.00,47.06,2022,2022
BETADINE POVIDONE IODINE 10% GAL,4,6.00,8494.00,4154.00,48.91,2019,2020
STETHOSCOPE PEDIA,1,5.00,8475.00,4725.00,55.75,2022,2022
UMBILICAL CORD CLAMP (PARTNERS),1,20.00,8460.00,3260.00,38.53,2025,2025
CALCIGARD-10,3,15.00,8425.00,4875.00,57.86,2023,2024
AMLOPURE 5MG,6,22.00,8410.00,7340.00,87.28,2018,2020
DM,2,4.00,8400.00,3540.00,42.14,2018,2018
NOREPHIMED 1MG/ML,3,26.00,8400.00,2790.00,33.21,2021,2023
COMOX 500MG/125MG,1,3.00,8400.00,4879.20,58.09,2024,2024
ULTRA FINE INSULIN SYRINGE 0.5ML,2,8.00,8400.00,1400.00,16.67,2018,2018
LOBIP,1,500.00,8400.00,7975.00,94.94,2017,2017
RABAPHEN,2,70.00,8400.00,7160.00,85.24,2017,2017
AMBIDAZOL 125MG/5ML,10,210.00,8380.40,4810.40,57.40,2024,2025
INSECTICIDE AEROSOL 300ML (BAYGON),1,20.00,8380.00,3560.00,42.48,2023,2023
2656,1,24.00,8376.00,0.00,0.00,2023,2023
TERMAGEN 250MG,11,115.00,8361.50,5716.50,68.37,2018,2018
CARBON PAPER 8.5X13,2,10.00,8350.00,1100.00,13.17,2023,2023
ADULT DIAPER - MEDIUM MAXI MED,2,30.00,8340.00,3540.00,42.45,2022,2023
OMETIFT 20MG,3,30.00,8332.50,5662.50,67.96,2025,2025
ORAL B TOOTHBRUSH,1,40.00,8320.00,3720.00,44.71,2022,2022
GRAM STAIN SET - MEDIC,2,3.00,8320.00,2948.00,35.43,2022,2023
OXYGEN MASK NEONATE (INDOPLAS),2,140.00,8281.00,1981.00,23.92,2025,2025
DEXTROSE PLAIN 0.9% SODIUM CHLORIDE PNSS 500ML (EUROMED),2,48.00,8280.00,4968.00,60.00,2024,2024
SURGICAL BLADES S21 (PARTNERS),3,21.00,8274.00,2604.00,31.47,2025,2025
"NEEDLE HOLDER - 5""",2,5.00,8230.00,7480.00,90.89,2021,2022
KIDNEY BASIN SIZE 8'' (OLTEN),2,13.00,8230.00,4109.00,49.93,2025,2025
SPUTUM CUP,2,82.00,8227.50,5915.00,71.89,2019,2021
FORMALIN 10% BUFFERED (MEDIC),2,6.00,8190.00,2490.00,30.40,2023,2023
GLICAMED,1,10.00,8176.00,6426.00,78.60,2022,2022
D5 LR 1L PINK EUROMED,2,90.00,8160.00,2910.30,35.67,2023,2023
TUDOR - CHROMIC BROWN COATED CATGUT ABSORBABLE SUTURE 2-0 C ROUND BODIED - 75CM,3,14.00,8150.00,4510.00,55.34,2022,2023
"LEUKOPLAST 1/2'' (1,25CMX5M)",2,1.00,8130.00,4218.00,51.88,2023,2024
DRILOZOLE DS 800MG,5,8.00,8100.00,2358.00,29.11,2018,2019
IV CANNULA G18 CATHULA,1,3.00,8100.00,1500.00,18.52,2023,2023
I.V CANNULA G20 CANCARE,1,3.00,8100.00,3600.00,44.44,2023,2023
2676,1,50.00,8100.00,0.00,0.00,2023,2023
GLOVES MEDIUM POWDERED,11,24.00,8035.00,0.00,0.00,2019,2019
PREDNIMED 20MG,3,307.00,8025.00,5725.00,71.34,2017,2017
STERILE WATER FOR INJECTION (AMB),1,100.00,8000.00,3200.00,40.00,2024,2024
CYCLOXID,1,20.00,8000.00,0.00,0.00,2018,2018
TONGUE DEPRESSOR,2,24.00,8000.00,4484.00,56.05,2020,2021
GAUZE BANDAGE,1,200.00,8000.00,5300.00,66.25,2022,2022
ENTRANCE LOCKSET CLINDRICAL TYPE HEAVY DUTY,1,10.00,8000.00,4500.00,56.25,2023,2023
DRUM FOR BROTHER MPC-L2750DW,1,2.00,8000.00,20.00,0.25,2023,2023
ATORSAPH-80 80MG,1,4.00,8000.00,6640.00,83.00,2023,2023
STEEL LADDER 16FT,1,1.00,7995.00,4395.00,54.97,2020,2020
SAPHORBIDE-30 30MG,2,10.00,7995.00,5085.00,63.60,2025,2025
LOAD TALK N TEXT 300,1,16.00,7992.00,3528.00,44.14,2022,2022
MESH CHAIR C-8179,1,1.00,7990.00,4738.00,59.30,2022,2022
DISINFECTANT SOAKING TRAY STAINLESS W LID 14X14 INCH 14''X12''X2-1/2,1,2.00,7980.00,3944.00,49.42,2025,2025
"PAGBILAO # 8,000",1,1.00,7980.00,2648.00,33.18,2025,2025
HYOSAPH 10MG,1,13.50,7965.00,2835.00,35.59,2018,2018
2655,1,40.00,7960.00,0.00,0.00,2023,2023
APCEE100MG/ML 15ML,2,172.00,7956.00,5882.00,73.93,2022,2023
ACCETHROM 125MG/ML 60ML,1,50.00,7950.00,1700.00,21.38,2025,2025
XRAY FIXER XF-25 (FUJI),2,4.00,7934.00,4414.00,55.63,2023,2023
BROADMETZ 125MG/5ML,21,138.00,7927.00,4737.60,59.77,2017,2020
FUKOLAC 30MG/ML IV,2,15.00,7925.00,5525.00,69.72,2024,2024
BURNSIL 25G,2,40.00,7920.00,0.00,0.00,2019,2019
DISPOSABLE SYRINGE (5CC/ML) 23GX1 LUER LOCK - DELCARE,3,21.00,7920.00,2880.00,36.36,2022,2023
MYREMOL 100MG DROPS,1,144.00,7920.00,5184.00,65.45,2020,2020
THUMB FORCEP 8'' (OLTEN),2,12.00,7920.00,3960.00,50.00,2025,2025
XRAY DEVELOPER AUTOMATIC (FUJI),1,2.00,7910.00,1590.00,20.10,2023,2023
BACTREX 800MG TAB,1,38.00,7904.00,0.00,0.00,2019,2019
SOLUTION ADMINISTRATION SET 20 DROPS INDOPLAS,2,150.00,7900.00,7750.00,98.10,2023,2023
SURGICAL BLADES S20 (PARTNERS),6,20.00,7880.00,2480.00,31.47,2025,2025
HARFURIN 100MG CAP,5,11.00,7862.80,5442.80,69.22,2024,2025
"MICROPORE 1/2"" 1530-0 - 3M",6,12.00,7860.00,3300.00,41.98,2021,2022
KIDDIREL ORAL DROPS,10,115.00,7860.00,4539.00,57.75,2022,2023
"ZEYCO FD 20MG/ML (2%)/1: 100,000 1.8ML",3,5.20,7856.00,2552.00,32.48,2023,2023
CLARITROL 500MG TAB,2,14.00,7852.50,3092.50,39.38,2025,2025
DIALOX 250MG/5ML,4,135.00,7838.15,4138.15,52.80,2019,2023
PROFAME 10% FORMALIN (GALLON),2,4.00,7800.00,3400.00,43.59,2018,2019
NERVIN 300MG,4,6.00,7800.00,300.00,3.85,2018,2019
ALVICA GEL - ICE,2,20.00,7800.00,4914.60,63.01,2020,2020
LEPTOSPIRA IGG/IGM RAPID TEST DEVICE,2,2.00,7800.00,2100.00,26.92,2022,2023
SYRINGE 3ML INDOPLAS,3,8.00,7780.00,5860.00,75.32,2023,2023
SUCTION CATHETER FR16 (KENXIN),3,126.00,7775.00,6767.00,87.04,2023,2025
SEREDOL 5MG/ML,2,5.00,7752.00,1692.00,21.83,2025,2025
KATHREX 400MG/80MG SUS,1,250.00,7750.00,0.00,0.00,2019,2019
ZITRIN PLUS 120ML,3,86.00,7740.00,1200.00,15.50,2018,2019
BUDESON,1,70.00,7700.00,4900.00,63.64,2017,2017
MAYO SCISSOR STRAIGHT SIZE 6'' OLTEN,1,10.00,7700.00,3850.00,50.00,2025,2025
ELECTRIC RICE COOKER - PO G62680,1,1.00,7700.00,3905.00,50.71,2020,2020
METZ SCISSOR CURVE SIZE 6'' OLTEN,1,10.00,7700.00,3850.00,50.00,2025,2025
METZ SCISSOR STRAIGHT SIZE 6'' OLTEN,1,10.00,7700.00,3850.00,50.00,2025,2025
MAYO SCISSOR CURVE SIZE 6'' OLTEN,1,10.00,7700.00,3850.00,50.00,2025,2025
AMBITOCYN,6,28.00,7692.00,3636.00,47.27,2018,2018
FINGER PULSE OXIMETER PEDIA-TOPCARE,1,4.00,7660.00,2860.00,37.34,2023,2023
RAPID ANTIBODY MEDIUM,2,7.00,7635.00,1167.00,15.28,2022,2025
PARAGESIC 125MG,3,15.60,7592.00,522.80,6.89,2023,2025
SURGICAL SCISSOR - STRAIGHT,3,7.00,7580.00,7015.00,92.55,2021,2023
HAIR CAP NON WOVEN,2,25.00,7565.00,3815.00,50.43,2022,2023
COFMED 7.5MG,2,50.00,7560.00,3310.00,43.78,2019,2019
DISPOSABLE SYRINGE (3CC/ML) 23GX1 LUER LOCK - DELCARE,2,16.00,7560.00,3800.00,50.26,2022,2022
DISPOSABLE DIAPER NEWBORN (WATSON),4,179.00,7541.00,6243.25,82.79,2023,2024
AMLOTHIN 5MG,2,50.00,7530.00,6280.00,83.40,2025,2025
EMERGENCY LAMP 2 HEAD RECHARGABLE (FIREFLY),1,5.00,7500.00,-495.00,-6.60,2024,2024
STORAGE BOX 155LITERS (MEGA),1,3.00,7500.00,4443.00,59.24,2023,2023
CHROMIC BROWN COATED CATOUT ABSORBABLE SUTURE 2-0 C - TUDOR 75CM,1,10.00,7500.00,4700.00,62.67,2021,2021
PROTECTIVE SAFETY GOGGLES ACRYLIC (BLACK),1,30.00,7500.00,6000.00,80.00,2023,2023
PLASTIC RING,1,1.50,7500.00,7410.00,98.80,2023,2023
OXYGEN CANNULA ADULT-PRO HEALTH,1,250.00,7500.00,2750.00,36.67,2023,2023
ZOLBACH 400MG,1,250.00,7500.00,0.00,0.00,2019,2019
BUTAMIRATE 7.5MG/5ML 120ML SYRUP ZINCAP,1,50.00,7500.00,100.00,1.33,2023,2023
IDENTIFICATION BRACELET WRITEON PINK ADULT,1,20.00,7500.00,1900.00,25.33,2025,2025
IDENTIFICATION BRACELET WRITEON CHILD PINK,1,20.00,7500.00,1900.00,25.33,2025,2025
GUAIFYN 100MG,1,375.00,7500.00,0.00,0.00,2019,2019
WRISTBAND BP W/ BATTERY,1,2.00,7500.00,2500.00,33.33,2024,2024
DOBUTASAPH 12.50MG/ML (250MG/20ML),3,26.00,7496.25,2603.05,34.72,2025,2025
LAVANDER TAC 5ML - KINGMED,1,5.00,7475.00,5225.00,69.90,2021,2021
URINE STRIPS : 10DG (RIGHTSIGN),1,10.00,7470.00,970.00,12.99,2025,2025
RANVAST 20MG,3,11.00,7460.00,4787.00,64.17,2024,2024
FUROXEN 500MG,1,3.00,7457.14,3444.64,46.19,2025,2025
ZINCAVIT 55MG,4,88.00,7421.20,5267.20,70.98,2017,2017
"PAGBILAO # 7,500.00",1,1.00,7400.00,1400.00,18.92,2024,2024
NEUMERON,1,5.00,7400.00,4980.00,67.30,2017,2017
HYPHEN 50MG/ML,3,14.00,7400.00,4460.00,60.27,2023,2023
"PAGBILAO # 7,500",1,1.00,7400.00,2530.80,34.20,2025,2025
DIGITAL BP - SURE GUARD,1,2.00,7396.00,5396.00,72.96,2019,2019
CENDALEX 125MG/5ML SUS,8,108.00,7390.00,4065.00,55.01,2020,2023
HOT & COLD BAG,3,25.00,7370.00,2100.00,28.49,2019,2023
HYFER-125 125MG/5ML,4,182.00,7362.00,4996.00,67.86,2024,2025
OXYGEN MASK WITH TUBING,4,64.00,7360.00,-2720.00,-36.96,2018,2018
AMBUBAG MANUAL RESUSCITATOR PVC ADULT DISPOSABLE (PRIMAPLUS),2,6.00,7350.00,2850.00,38.78,2023,2024
GLOVES SMALL LATEX NONSTERILE (SCHULLERMED),1,30.00,7350.00,750.00,10.20,2025,2025
GLOVES LARGE LATEX NONSTERILE (SCHULLERMED),1,30.00,7350.00,750.00,10.20,2025,2025
VISTREP 125MG/5ML,8,166.00,7346.40,1033.20,14.06,2018,2019
AZILIFE 500MG,2,2.60,7332.00,3607.50,49.20,2018,2018
PROLAXA 2MG/ML (200MG/100ML) 100ML,1,200.00,7324.00,1924.00,26.27,2025,2025
DENATURED ALCOHOL,3,10.00,7322.00,4557.00,62.24,2021,2022
AMBICAL 500MG,2,20.00,7320.00,5920.00,80.87,2023,2023
DISPOSABLE SYRINGE 3CC - PROHEALTH,3,15.00,7280.00,4880.00,67.03,2020,2020
APPLICATOR STICK,5,22.00,7274.00,3974.00,54.63,2019,2023
CALCIUM GLUCONATE 100MG/ML 10ML,3,110.00,7250.00,3312.00,45.68,2024,2024
EPIDURAL MINI PACK G18 (ENDURE),1,5.00,7250.00,1750.00,24.14,2023,2023
COTTON SUTURE 2.0 (RGM),4,50.00,7250.00,1250.00,17.24,2023,2023
AMBUBAG DISPOSABLE - TOPCARE,2,5.00,7250.00,2250.00,31.03,2023,2023
ACTEINSAPH-200MG,1,50.00,7250.00,2000.00,27.59,2023,2023
"PAGBILAO # 66,564.5",1,1.00,7247.00,-37127.00,-512.31,2024,2024
GLOVES MEDIUM - PRO CARE,6,11.00,7245.00,5595.00,77.23,2019,2023
LORAREX,2,520.00,7210.00,6335.00,87.86,2017,2017
PCSO 2022-006 - WOMEN'S MONTH,1,30.00,7208.42,2380.22,33.02,2022,2022
SURGICAL BLADE #22 SURGITECH,3,13.00,7202.00,0.00,0.00,2023,2023
TELMISAPH-40MG,1,10.00,7200.00,6450.00,89.58,2023,2023
SURGICAL TAPE 1'' 12'S SUREGUARD,2,7.00,7200.00,5450.00,75.69,2023,2023
CHROMIC 3-0 CUTTING TUDOR,1,16.00,7200.00,3200.00,44.44,2020,2020
BICOTEX-B,2,60.00,7200.00,5400.00,75.00,2017,2017
HEPLOCK - B BRAUN,1,200.00,7200.00,0.00,0.00,2018,2018
STERILE GLOVES 7.5 - GREAT GLOVE,1,3.00,7200.00,5700.00,79.17,2022,2022
SAMPLINE LINE,1,3.00,7200.00,3600.00,50.00,2022,2022
HEPLOCK UNIMEX,1,2.00,7200.00,0.00,0.00,2019,2019
WRIST BLOOD PRESSURE MACHNE,1,12.00,7200.00,2460.00,34.17,2024,2024
INSTRUMENT TRAY WITH COVER,2,2.00,7195.00,4140.00,57.54,2021,2022
DIANAPRIL-5 5MG,2,11.00,7195.00,4885.00,67.89,2023,2024
ELASTIC BANDAGE 6X5 (PARTNERS),4,72.00,7182.00,4446.00,61.90,2023,2024
"COTTON TIP APPLICATOR 6""/100PCS",1,10.00,7150.00,0.00,0.00,2019,2019
RAPHC ASCORBIC ACID SYRUP,1,200.00,7150.00,4200.00,58.74,2023,2023
DISPOSABLE BABY DIAPER MEDIUM NON WOVEN (HEXACARE),4,13.00,7120.00,4520.00,63.48,2023,2025
SPIROCARE-25 25MG,3,1005.00,7080.00,5770.00,81.50,2023,2023
CONSILOSE 3.35G/5ML,5,27.00,7079.75,5594.75,79.02,2020,2021
RAIN COAT,1,12.00,7008.00,1608.00,22.95,2023,2023
NITROFURANTOIN,1,10.00,7000.00,5270.00,75.29,2017,2017
LUCAZT,1,500.00,7000.00,5200.00,74.29,2017,2017
ID TAG PEDIA ( BLUE & PINK ),1,10.00,7000.00,4000.00,57.14,2020,2020
GLUCOMETER - ACCUCHECK,1,2.00,7000.00,0.00,0.00,2020,2020
DISPOSABLE SYRINGE WITH NEEDLE 20CC/ML (TERUMO),2,6.00,7000.00,2680.00,38.29,2023,2023
ROSEANNE 1000MG/992MG,1,7.00,7000.00,6216.00,88.80,2025,2025
SMART LOAD 500,1,14.00,6993.00,273.00,3.90,2022,2022
BP APPARATUS DESK TYPE ADULT-TOPCARE,1,6.00,6990.00,510.00,7.30,2023,2023
ALLECUR P 2.5MG/ML,3,114.00,6972.00,4650.50,66.70,2023,2025
RECORD BOOK 500PAGES (VALIANT),6,35.00,6965.00,3581.00,51.41,2023,2023
DRUGMAKER GUAIFENESIN 100MG CAP,3,101.00,6945.00,-18305.00,-263.57,2019,2021
"PAGBILAO # 7,000.00",1,1.00,6930.00,1291.69,18.64,2025,2025
RAHMACIN 125MG/60ML,1,30.00,6877.50,3577.50,52.02,2025,2025
FEVRAL 200MG,7,13.00,6874.00,5807.00,84.48,2019,2023
THUMB FORCEP 5 1/2'' (OLTEN),1,14.00,6860.00,3416.00,49.80,2025,2025
TUDOR - CHROMIC BROWN CATGUT ABSORBABLE SUTURE 3-0 ROUND BODIED - 75CM,3,15.00,6850.00,3450.00,50.37,2022,2023
ONE STEP FECAL OCCULT BLOOD,1,10.00,6840.00,5340.00,78.07,2022,2022
SILK 2/0 CURVED CUTTING BLACK (TUDOR),2,17.00,6830.50,1730.50,25.33,2023,2023
CARVESAPH 6.25MG,4,65.00,6825.00,3835.00,56.19,2024,2025
NERVIN PLUS,3,6.00,6810.00,3970.00,58.30,2018,2020
GLASS SLIDES CAT NO. 7102,6,69.00,6809.00,4679.00,68.72,2020,2023
SAPHCLAZIDE 80 GLICLAZIDE 80MG TABLET,2,20.00,6800.00,4900.00,72.06,2023,2023
STONEKEY,2,10.00,6800.00,2640.00,38.82,2018,2018
BURNSIL 10MG,2,50.00,6800.00,2900.00,42.65,2023,2023
POVIDONE IODINE DRY POWDER SPRAY 55G (BETADINE),1,17.00,6800.00,1700.00,25.00,2025,2025
VERTEX 25MG TAB,4,37.00,6795.00,4012.00,59.04,2023,2025
CINNARIGO 25MG,3,24.00,6792.00,4852.00,71.44,2018,2019
CARDIZAR 50MG TAB,5,19.00,6753.00,4473.00,66.24,2024,2025
PASVED,1,450.00,6750.00,2475.00,36.67,2017,2017
ZIPHARNOL 2MG/ML,1,1.00,6750.00,6705.00,99.33,2018,2018
KN95 FACE MASK,1,6.00,6750.00,6120.00,90.67,2020,2020
DISPOSABLE SYRINGE 30CC - TERUMO,1,3.00,6750.00,4500.00,66.67,2020,2020
NON-PLEATED BOUFFANT CLIP CAP,1,15.00,6750.00,3000.00,44.44,2022,2022
HEMAGLOB 500MG,1,10.00,6750.00,5420.00,80.30,2025,2025
BOUFFAN CAP,1,20.00,6720.00,3920.00,58.33,2020,2020
CAP,1,24.00,6720.00,240.00,3.57,2023,2023
ZINCBOS 6.8MG/5ML,2,176.00,6715.20,3635.20,54.13,2023,2023
VONWELT CALCIUM CARBONATE 500MG TAB,1,10.00,6660.00,0.00,0.00,2019,2019
COVER GLASS CLEAR 22X22MM (CITOTEST),1,20.00,6660.00,5460.00,81.98,2025,2025
ISOPROPHYL ALCOHOL 70% 500ML SPRAY(ALCORADE),2,78.00,6630.00,702.00,10.59,2023,2023
GLUCOMETER BLOOD LANCETS - SURGITECH,3,9.00,6627.00,5007.00,75.55,2020,2021
BUTAMOL 2MG/5ML,3,272.00,6623.00,2543.00,38.40,2023,2025
TARPAULIN,4,121.00,6610.00,4608.00,69.71,2021,2023
CARDIOXIN,1,10.00,6600.00,4597.50,69.66,2017,2017
CLOPIFAR 75MG,2,2.00,6600.00,3120.00,47.27,2018,2018
UV LIGHT POCKET STERILIZER,1,3.00,6600.00,1200.75,18.19,2020,2020
FORMALIN,2,3.00,6600.00,5060.00,76.67,2020,2021
ENDOTRACHEAL TUBE CUFFED 7.0MM (SEDASENZ),2,50.00,6600.00,2800.00,42.42,2023,2024
MILGESIC 100MG/5ML DROPS,2,294.00,6600.00,1896.00,28.73,2025,2025
RENALEAF 250MG,2,10.00,6540.00,5040.00,77.06,2023,2023
MIA FORTE,1,10.00,6540.00,3690.00,56.42,2023,2023
VISTREP 500MG,5,12.00,6540.00,3598.50,55.02,2017,2018
UNISOL - M,4,13.00,6518.50,4208.50,64.56,2022,2023
AZMONT 10MG TAB,1,15.00,6510.00,3885.00,59.68,2025,2025
MULTILIVE,1,20.00,6500.00,4100.00,63.08,2020,2020
INK EPSON L3100 BLACK 003,1,10.00,6500.00,3900.00,60.00,2023,2023
DISPOSABLE SYRINGE/TUBERCULIN 1CC 25G (TERUMO),1,5.00,6500.00,2600.00,40.00,2023,2023
WOODEN BED ROSE,1,1.00,6499.00,999.00,15.37,2019,2019
INK CARTRIDGE BLACK (HP680),2,10.00,6492.00,1092.00,16.82,2023,2023
DISPOSABLE NEEDLE AGANI G18 X 1 1/8 (TERUMO),3,25.00,6486.00,-999.00,-15.40,2023,2025
BLOOD LANCET - SURGITECH,3,24.00,6476.00,1556.00,24.03,2018,2022
TUDOR - CHROMIC BROWN COATED CATGUT ABSORBABLE SUTURE 4-0 CURVED CUTTING - 75CM,2,14.00,6440.00,1540.00,23.91,2023,2023
TAMSUSAPH-400 400MCG,1,3.00,6414.00,4809.00,74.98,2024,2024
LEVOXUS 500MG,2,5.00,6408.00,3658.00,57.08,2024,2025
"PAGBILAO # 6,475",1,1.00,6400.00,1945.00,30.39,2024,2024
BIOLAC 3.33G/5ML SYR,1,20.00,6400.00,0.00,0.00,2019,2019
INFUSION SET W/ BURETTE 100CC - B BRAUN,4,11.20,6400.00,0.00,0.00,2019,2019
CEFILIM,1,20.00,6400.00,4500.00,70.31,2017,2017
ARM SLING MEDIUM,3,85.00,6395.00,1295.00,20.25,2023,2023
GLOVES GREAT LOVE 6.5 STERILE,2,5.00,6389.00,4139.00,64.78,2023,2023
MICOR 40MG,7,7.00,6375.70,4410.70,69.18,2020,2022
BLOOD LANCETS - KING MED,4,10.50,6370.00,4770.00,74.88,2021,2022
DISPOSABLE NEEDLE G25 (ORMED),1,30.00,6330.00,1830.00,28.91,2025,2025
ELCILIN 500MG,2,20.00,6320.00,1520.00,24.05,2023,2023
CEVIT 500MG,15,50.00,6308.00,1672.00,26.51,2018,2020
EPOKINE 4000IU/0.4ML,1,5.00,6300.00,3405.00,54.05,2024,2024
CAUTERY PENCIL (ORMED),3,18.00,6300.00,1980.00,31.43,2023,2023
PULSE OXIMETER ADULT (INDOPLAS),1,6.00,6300.00,2100.00,33.33,2025,2025
MEDICAL WEIGHING SCALE DIAL TYPE ROUND (MEDX),1,1.00,6300.00,3100.00,49.21,2025,2025
JET SPRAY FLUIDS 3% 10% 4OZ 118ML (SALONPAS),1,21.00,6300.00,1249.50,19.83,2025,2025
ACCELAC 3.35MG/ML 60ML,1,36.00,6300.00,3240.00,51.43,2025,2025
TOILET CLEANER LITER,2,60.00,6294.00,6114.00,97.14,2022,2023
MEDIZOLE 500MG,2,25.00,6280.00,3780.00,60.19,2025,2025
SORBANCE 5MG,3,20.00,6276.00,-456.00,-7.27,2020,2020
NON STERILE GLOVES SIZE MEDIUM LATEX GREAT GLOVES,2,10.00,6255.00,4235.00,67.71,2023,2023
MYZIN 500MG,1,1.00,6250.00,4228.00,67.65,2017,2017
METOCLOR,2,101.00,6250.00,5778.00,92.45,2017,2018
BETZINE 8MG TAB,1,6.00,6240.00,4680.00,75.00,2024,2024
APTRADOL 50MG CAP,4,18.00,6240.00,3487.00,55.88,2023,2025
"SAM SPLINT, MEDIUM 18 INCHES",1,8.00,6240.00,3840.00,61.54,2025,2025
LAVENDER TOP : 0.5ML (EDTA),1,5.00,6235.00,2985.00,47.87,2025,2025
TEGUTECT 2% CHG DIGLUCONATE W/70% ALCOHOL,1,1.00,6210.00,3865.00,62.24,2018,2018
ALPHARES 75MCG,1,3.00,6206.64,3551.64,57.22,2020,2020
MICROPORE 1/2 IN - 3M,8,8.42,6205.00,2547.50,41.06,2019,2020
HYPRO,1,10.00,6200.00,4380.00,70.65,2017,2017
TRIOPHIL 35MG TAB,1,10.00,6200.00,3080.00,49.68,2024,2024
BETADINE SPRAY,1,15.00,6195.00,0.00,0.00,2019,2019
NEEDLE G19X1 1/2 SIMPLEX,1,20.00,6160.00,780.00,12.66,2023,2023
DISPOSABLE NEEDLE G.25 100'S-ORMED,2,40.00,6160.00,3160.00,51.30,2023,2023
DEL FABRIC,1,50.00,6150.00,0.00,0.00,2022,2022
HISTAKON 8MG,2,10.00,6121.25,4591.25,75.01,2025,2025
"PAGBILAO # 6,210.00",1,1.00,6115.00,1523.00,24.91,2024,2024
BOUFFANT CAP BRAIDED,2,34.00,6108.00,3558.00,58.25,2025,2025
SURGICAL GAUZE MESH GLOMED 28X24,1,5.00,6075.00,0.00,0.00,2023,2023
SILK CUTTING 2-0 - TUDOR,3,13.00,6060.00,2630.00,43.40,2020,2023
4EVER 100MG/ML,1,144.00,6048.00,4248.00,70.24,2023,2023
VISTREP 100MG/ML,4,87.00,6044.40,3336.96,55.21,2019,2020
ROSADOC 10MG,5,8.00,6040.00,3760.00,62.25,2017,2018
DOORMAT,2,95.00,6025.00,3150.00,52.28,2022,2023
PRELAX 5MG,3,4.00,6017.00,5870.07,97.56,2019,2020
BALLPEN FINEPOINT,6,285.00,6016.00,4021.00,66.84,2023,2023
DENTAL SHEETS,1,20.00,6000.00,0.00,0.00,2019,2019
"BLOOD GLUCOSE,CHOLESTEROL,URIC ACID TEST MACHINE (EASY TOUCH GCU)",1,1.00,6000.00,2900.00,48.33,2024,2024
INOXIN 250MG,1,10.00,6000.00,3190.00,53.17,2021,2021
URIGHT BLOOD GLUCOSE MACHINE,2,2.00,6000.00,1000.00,16.67,2018,2018
LORECARE AMP 10MG/ML,1,30.00,6000.00,3270.00,54.50,2023,2023
LATEX EXAMINATION GLOVES MEDIUM INDOPLAS,1,5.00,6000.00,4850.00,80.83,2023,2023
ID BRACELET ADULT SURGITECH,1,20.00,6000.00,0.00,0.00,2023,2023
GORIZINE 25MG,3,20.00,6000.00,4440.00,74.00,2020,2020
OXYGEN CANNULA (INFANT),2,1.00,6000.00,2925.00,48.75,2018,2018
DISPOSABLE PREP RAZOR-SINGLE EDGE (KAI),1,3.00,6000.00,2100.00,35.00,2023,2023
DISPOSABLE ISOLATION GOWN 60GSM LAMINATED WITH SHOE COVER AND HEAD COVER),2,100.00,6000.00,2000.00,33.33,2023,2023
STRETCHER 2FOLD,1,1.00,6000.00,3200.00,53.33,2019,2019
TRIZEF 50MG/5ML GFS 60ML,1,12.00,6000.00,3864.00,64.40,2024,2024
SANTON 50MG,1,1.00,5990.00,2990.00,49.92,2020,2020
NGT LEVIN DUODENAL TUBE 125CM FR16,1,10.00,5990.00,5980.00,99.83,2022,2022
DISPOSABLE SYRINGE WITH NEEDLE 10CC- LUER LOCK TIP (TERUMO),1,5.00,5990.00,1740.00,29.05,2025,2025
BUFENOL 100MG/5ML,8,88.00,5989.84,1205.00,20.12,2018,2019
"PAGBILAO # 6,000",1,1.00,5985.00,2046.87,34.20,2025,2025
MEDICHLOR 500MG,1,5.00,5985.00,4460.00,74.52,2022,2022
ROZTIN-20 20MG,2,15.00,5980.00,3655.00,61.12,2023,2024
"PAGBILAO # 6,000-1",1,1.00,5970.00,2041.74,34.20,2025,2025
ENERGIZER BATTERY 9VOLTS,1,12.00,5960.00,3800.00,63.76,2019,2019
"PAGBILAO # 6,000.00",1,1.00,5955.00,2411.77,40.50,2024,2024
PREDNIMED 10MG,5,310.00,5950.00,4004.00,67.29,2017,2017
MIA FORTE 500MG TAB,1,10.00,5950.00,2750.00,46.22,2025,2025
HYCLENS 0.2% WOUND CARE SOLUTION 7.5ML,2,26.00,5946.80,5455.40,91.74,2019,2019
HYOSCINE 10MG,1,600.00,5940.00,3600.00,60.61,2017,2017
"BIOPHEN 1,000,000 IU 10ML",1,10.00,5920.00,4440.00,75.00,2024,2024
OXYGEN MASK NEONATE (SURGITECH),1,100.00,5915.00,1415.00,23.92,2025,2025
LUBRICATING JELLY 10ML (EZ),1,10.00,5900.00,-2500.00,-42.37,2023,2023
PRIVACY SCREEN 3 FOLDS PANEL,1,1.00,5900.00,2900.00,49.15,2025,2025
"PAGBILAO # 16,000",1,1.00,5895.00,-3458.40,-58.67,2024,2024
DISPOSABLE DENTAL NEEDLES DENJECT,1,11.00,5885.00,2255.00,38.32,2023,2023
RANITEIN,4,10.00,5880.00,5000.00,85.03,2018,2018
"NI8P MODULE; PN: 02,01,210759",2,1.00,5850.00,1950.00,33.33,2023,2023
HYOPAN,5,16.00,5820.00,3748.00,64.40,2023,2023
NEEDLE HOLDER 7 1/4 (OLTEN),1,6.00,5820.00,2892.00,49.69,2025,2025
ALLIES 7 1/2'' (OLTEN),1,6.00,5820.00,2892.00,49.69,2025,2025
SPINAL NEEDLE - TOP,2,80.00,5804.00,1004.00,17.30,2018,2018
TORNIQUET FLAT,2,150.00,5800.00,2800.00,48.28,2021,2025
SUMPILIN 115MG,2,10.00,5800.00,4650.00,80.17,2018,2018
HITRO 200MG/5ML,1,100.00,5800.00,0.00,0.00,2020,2020
TRIMEX,1,4.00,5800.00,0.00,0.00,2019,2019
PLENACYL 600MG,6,26.00,5791.74,4144.74,71.56,2020,2021
DENTAL NEEDLE G30 SHORT (DENJECT),2,14.00,5784.00,1164.00,20.12,2023,2025
CIXTOR-Z 60ML,2,120.00,5760.00,750.00,13.02,2018,2018
STERILE LATEX SURGICAL GLOVES 6.5 INDOPLAS,1,5.00,5760.00,2010.00,34.90,2023,2023
ALL SILICONE STOMACH TUBE DUODENAL FR16 (PARTNERS),1,15.00,5760.00,2010.00,34.90,2023,2023
TRASH BAG - YELLOW - SMALL,1,9.00,5751.00,4581.00,79.66,2022,2022
SUCTION SET YANKAUER HANDLE WITH CONTROL WITH 210CM TUBE (SIMPLEX),1,25.00,5750.00,2250.00,39.13,2023,2023
BLOOD TRANSFUSION SET (TERUMO),1,50.00,5750.00,2350.00,40.87,2023,2023
STEEROMETZ 5MG,15,22.88,5748.25,3450.75,60.03,2017,2020
PARACETAMOL MYREX 125MG/5ML,2,154.00,5746.00,3744.00,65.16,2022,2023
HIVENT EM 1MG/ML 2.5ML,1,5.00,5740.50,4305.50,75.00,2024,2024
DRUGMAKER TRANEXAMIC ACID 500MG,2,3.00,5700.00,0.00,0.00,2019,2019
BACTROFAR 20MG,2,20.00,5700.00,2000.00,35.09,2018,2018
"TOURISM # 5,720.00",1,1.00,5680.00,1440.00,25.35,2025,2025
CEVOR IV 250MG/ML (IG/4ML) SOL FOR INJ (IV),2,8.00,5665.00,3265.00,57.63,2023,2023
IV ABBOCATH GAUGE 18 CANCARE,2,55.00,5660.00,4285.00,75.71,2023,2023
MASKING TAPE 1INCH,5,85.00,5650.00,4460.00,78.94,2023,2023
THERMAL PAPER 110MMX20M (SONY),1,0.50,5650.00,1550.00,27.43,2025,2025
AMBUBAG MANUAL RESUSCITATOR ADULT DISPOSABLE (PARTNERS),1,5.00,5650.00,1950.00,34.51,2023,2023
ZACH ISOPROPYL ALCOHOL 500ML,3,63.00,5640.00,1230.00,21.81,2023,2023
HYPERSTOP,3,17.00,5615.00,4965.60,88.43,2022,2023
EPHERAL 25MG TAB,1,4.00,5600.00,0.00,0.00,2019,2019
HEMAFER-F 60MG/400MCG CAP,1,10.00,5600.00,4200.00,75.00,2024,2024
MYXETIL,1,20.00,5600.00,4040.00,72.14,2017,2017
FOLEY BALLOON CATHETER FR18,2,65.00,5600.00,3650.00,65.18,2023,2023
KALYX 2MEQ/ML 20ML,1,20.00,5600.00,2700.00,48.21,2025,2025
ARTICURE 100MG,1,20.00,5600.00,2880.00,51.43,2025,2025
GLUCRON 80MG MR,3,14.00,5594.00,2005.00,35.84,2018,2019
NEBULIZER MACHINE BIG (SESEMED),1,2.00,5590.00,3410.00,61.00,2023,2023
ELASTIC BANDAGE 6X5Y PARTNERS,2,110.00,5580.00,960.00,17.20,2023,2023
HIGHLIGHTER STABILO,3,105.00,5550.00,1140.00,20.54,2023,2023
BALLPEN BLACK FINE POINT PILOT,2,200.00,5550.00,950.00,17.12,2023,2023
SAPHMIRATE - T50,2,3.00,5546.00,3386.00,61.05,2022,2022
REGIZINE 5MG/5ML,1,204.00,5508.00,1428.00,25.93,2025,2025
FOLDING BED,1,2.00,5500.00,-1500.00,-27.27,2020,2020
ZELECTA,5,102.00,5500.00,3450.00,62.73,2017,2017
COVID SALIVA TEST,1,1.00,5500.00,0.00,0.00,2022,2022
CORT 20MG,5,10.00,5480.00,760.00,13.87,2018,2019
DOPALINK 250MG,2,4.00,5460.00,1690.00,30.95,2018,2018
DISINFECTANT SPRAY 500ML (SOLBAC SURFACE),1,12.00,5460.00,903.00,16.54,2023,2023
OFPLEMED 300MG/5ML,2,77.00,5451.00,3076.50,56.44,2024,2025
"PAGBILAO # 5,511 LOT 5",1,1.00,5441.00,3230.75,59.38,2024,2024
LOCAINE 2% 50ML,2,60.00,5430.00,2430.00,44.75,2023,2023
SAPHLOR PLUS-62.5 50MG/12.5MG,3,9.00,5420.00,4295.00,79.24,2023,2024
HISTAMOX 50MG,3,18.00,5415.00,4098.00,75.68,2020,2022
COTTON SWAB,2,13.00,5408.00,3458.00,63.94,2021,2024
ARTAZIDE 50MG/12.5MG TAB,1,24.00,5400.00,2616.00,48.44,2024,2024
AMECIRON,1,40.00,5400.00,0.00,0.00,2019,2019
FUKOLAC 30MG/ML,1,10.00,5400.00,3800.00,70.37,2023,2023
CLAXIC 500MG,1,2.00,5400.00,3052.80,56.53,2017,2017
BLOOD ADMINISTRATION SET - TERUMO,2,55.00,5400.00,175.00,3.24,2023,2023
AMPITREX,3,100.00,5400.00,2700.00,50.00,2023,2023
CARVETOP 25 MG,1,3.00,5400.00,4125.00,76.39,2022,2022
ORANOL 40MG,1,3.00,5397.75,5133.75,95.11,2025,2025
GENERIC FUROSEMIDE 20MG,13,36.00,5395.00,4130.44,76.56,2020,2023
SPECULUM (L),2,4.00,5390.00,3590.00,66.60,2019,2020
SPECULUM (M),2,4.00,5388.00,3588.00,66.59,2019,2020
TRUST CONDOMS,2,4.00,5370.00,2304.00,42.91,2022,2023
LIDOCANE,1,36.00,5364.00,3744.00,69.80,2017,2017
FOLEY CATHETER FR. 16-UROSENZ,1,14.00,5320.00,-280.00,-5.26,2023,2023
IV CATHETER G.18 - BIOFLON,1,40.00,5280.00,0.00,0.00,2020,2020
IV CATHETER G.20 - BIOFLON,1,40.00,5280.00,0.00,0.00,2020,2020
"FUNGISTAT 100,000IU",3,60.00,5280.00,-180.00,-3.41,2020,2020
IV WRIST SPLINT PEDIA SMALL (INDOPLAS),2,75.00,5250.00,1350.00,25.71,2024,2024
GLOVES (M) SUNSHINE,1,7.00,5250.00,2800.00,53.33,2020,2020
ELASTIC BANDAGE 4X5 TOP CARE,2,150.00,5250.00,750.00,14.29,2023,2023
KELCITRA 1080MG,1,3.00,5250.00,4110.00,78.29,2025,2025
GLOBE LOAD 500,1,14.00,5244.75,-1405.25,-26.79,2022,2022
GRAM STAIN SET (MEDIC),2,2.00,5228.00,214.00,4.09,2025,2025
GABASAPH-300MG,5,8.00,5200.00,4000.00,76.92,2024,2024
COMXICLA 125MG/37.25MG (156.25MG) 5ML,1,20.00,5200.00,3600.00,69.23,2023,2023
FEBUNAZ 40MG,2,2.00,5200.00,2410.00,46.35,2018,2018
DOBUBAX 50MG/5ML,1,10.00,5190.00,3110.00,59.92,2023,2023
PLASTER ADHESIVE BANDAGE WATER RESIST (MEDIPLAST),2,11.00,5183.00,4083.00,78.78,2024,2024
GAUZE BANDAGE 3X6 (PARTNERS),1,72.00,5160.00,0.00,0.00,2024,2024
URINE COLLECTOR PEDIA 100ML (INDOPLAS),3,8.00,5160.00,1720.00,33.33,2023,2025
CENTRAMED IRBESARTAN 150MG,1,2.00,5130.00,4370.00,85.19,2022,2022
"PAGBILAO # 5,166.00",1,1.00,5125.75,2172.77,42.39,2024,2024
EMECIN 25MG,2,17.00,5102.10,1696.10,33.24,2019,2020
LODIPEX 5MG,1,600.00,5100.00,4926.00,96.59,2017,2017
URISOL 100MG,4,22.00,5100.00,3817.00,74.84,2022,2023
PASTE RESTONE,2,80.00,5096.00,616.00,12.09,2023,2023
BP APPARATUS: DESK TYPE ADULT (INDOPLAS),1,4.00,5076.00,1076.00,21.20,2025,2025
ENDOTRACHEAL TUBE CUFFED 7.5MM (INDOPLAS),2,60.00,5070.00,2190.00,43.20,2023,2023
VERTISAPH-16 16MG,1,5.00,5050.00,3850.00,76.24,2023,2023
MOHSIDEX 4MG/ML,4,28.00,5042.50,2144.50,42.53,2021,2021
ELASTIC BANDAGE 2X5Y - SURGITECH,5,218.00,5042.00,882.00,17.49,2023,2023
"MICROPORE 1 1/2""1530-2 3M",4,19.00,5040.00,1750.00,34.72,2022,2023
DOUBLE SIDED TAPE,3,105.00,5030.00,1880.00,37.38,2023,2023
VOLUMETRIC SOLUTION INFUSION SET 150ML (COSMED),4,33.00,5010.00,810.00,16.17,2023,2023
TUDOR - SILK BRAIDED NON ABSORBABLE SUTURE 2-0 ROUND BODIED - 75CM,2,9.00,5010.00,2760.00,55.09,2022,2023
ELECTRICAL WIRE #14,2,50.00,5000.00,3750.00,75.00,2024,2024
IBUPROFEN 100MG/5ML SUSP (IBUSAPH),1,50.00,5000.00,3650.00,73.00,2023,2023
GLOVES MEDIUM VINYL NONSTERILE (SUREGUARD),1,500.00,5000.00,-95000.00,-1900.00,2023,2023
"EXTERNAL HARD DRIVE 1TB 2.5'' HDD,USB (HIKVISION)",1,1.00,5000.00,2400.00,48.00,2023,2023
ELASTIC BANDAGE 3X5 (SURE-GUARD),3,160.00,5000.00,1560.00,31.20,2023,2024
DISPOSABLE SYRINGE 3CC G23- SURE SHOT,1,5.00,5000.00,3800.00,76.00,2023,2023
DISPOSABLE SYRINGE 1CC -SURE SHOT,1,5.00,5000.00,3800.00,76.00,2023,2023
XAFLOQUIN 500MG,1,10.00,5000.00,3320.00,66.40,2025,2025
TISSUE FORCEP SIZE 5 3/4'' (OLTEN),1,10.00,5000.00,2490.00,49.80,2025,2025
AMICARE,1,20.00,5000.00,4590.00,91.80,2017,2017
COTTON TIPPED APPLICATOR,2,7.00,4998.00,3948.00,78.99,2020,2023
ROSUVIN 20MG,1,5.00,4996.25,3946.25,78.98,2025,2025
PAGBILAO # 5000.00,1,1.00,4995.00,1685.81,33.75,2024,2024
NITRILE EXAMINATION GLOVES SMALL INDOPLAS,1,15.00,4995.00,1545.00,30.93,2023,2023
HARD DRIVE 25M31T TRANSCEND STOREJET 25M3 1TB,1,1.00,4995.00,1495.00,29.93,2023,2023
ENERGIZER AAA RECHARGEABLE W/ CHARGER,1,5.00,4995.00,520.00,10.41,2023,2023
PAGBILAO # 5000.00-1,1,1.00,4990.00,2020.95,40.50,2024,2024
GAUZE PAD 4X4-SUREGUARD,1,5.00,4990.00,3890.00,77.96,2023,2023
FELOSTAL-10MG,1,3.00,4980.00,3108.00,62.41,2023,2023
REMEF 500MG,1,44.00,4972.00,1584.00,31.86,2025,2025
AMLOTHIX 10MG TAB,2,11.00,4970.00,4598.00,92.52,2024,2025
KIDDIREL 120ML,3,28.00,4968.00,3064.00,61.67,2023,2024
TRASH BAG XXL GREEN,1,5.00,4965.00,2215.00,44.61,2022,2022
LEVONOVA 500MG,2,11.00,4961.00,3597.00,72.51,2025,2025
DIGITAL FOREHEAD THERMOMETER INFRARED (DELI),1,2.00,4960.00,3762.00,75.85,2025,2025
AZITHRIX 500MG,1,1.00,4960.00,3146.00,63.43,2025,2025
"Z-NYST 100,000 IU/ML",1,40.00,4957.60,2557.60,51.59,2025,2025
ACID FAST STAIN - MEDIC,2,2.00,4950.00,1005.00,20.30,2022,2023
COTTON 400G,2,30.00,4950.00,450.00,9.09,2018,2018
AFB STAIN 500ML (MEDIC),1,1.00,4950.00,1430.00,28.89,2023,2023
ZIONEL 50MG,3,405.00,4950.00,3550.00,71.72,2017,2017
CHAMPION SUPRA 370G,2,150.00,4950.00,0.00,0.00,2022,2023
THERMAL BLANKET,1,25.00,4925.00,0.00,0.00,2019,2019
"ELASTIC BANDAGE 4""X5Y - SURGITECH",4,56.00,4924.00,2824.00,57.35,2019,2020
BP CUFF: ADULT 50 X 14CM,1,30.00,4920.00,-2580.00,-52.44,2025,2025
FLUIFORT-M 50MG,10,82.00,4899.32,805.79,16.45,2018,2020
BABY LOTION 50ML (JOHNSON),4,61.00,4880.00,720.00,14.75,2023,2024
"X-RAY FILM ENVELOPE 14""X17""",4,8.00,4873.00,1193.00,24.48,2023,2023
FENOGEN 200MG,2,6.00,4870.00,2890.00,59.34,2022,2023
TELMIBET 80MG,1,10.00,4840.00,3630.00,75.00,2024,2024
BACTREX 200/40MG,4,198.00,4836.00,1927.00,39.85,2018,2019
SURGICAL BLADES #20,2,6.00,4806.00,3048.00,63.42,2020,2022
BLOOD PUMP - ETHOX 1000ML INFUSION BAG,1,1.00,4800.00,1300.00,27.08,2021,2021
SALBUSAPH 1MG/ML,1,10.00,4800.00,3450.00,71.88,2023,2023
RECORD BOOK 200PP,2,100.00,4800.00,0.00,0.00,2023,2023
"NOTEBOOK,STENOGRAPHER ,SPIRAL 60 LEAVES",2,160.00,4800.00,1600.00,33.33,2023,2023
HYDROZONE 100MG VIA,1,40.00,4800.00,3960.00,82.50,2017,2017
ZACZIN,1,20.00,4800.00,3500.00,72.92,2017,2017
ULCEGARD,1,10.00,4800.00,3300.00,68.75,2017,2017
DISPOSABLE SYRINGE LUER LOCK 20CC W/O SYRINGE (TERUMO),1,4.00,4800.00,1800.00,37.50,2025,2025
SPRAY BOTTLE,1,100.00,4770.74,3270.74,68.56,2021,2021
CONTRACID 150MG,3,106.00,4759.00,-3862.00,-81.15,2020,2022
XRAY FILM 8X10 (FUJI),2,2.00,4756.00,796.00,16.74,2023,2025
SAPHRIDONE 10MG,3,20.00,4750.00,3420.00,72.00,2018,2023
CASTOR OIL WITH CINNAMON OIL 30ML,1,50.00,4750.00,2854.00,60.08,2025,2025
"PAGBILAO # 4,800.00",1,1.00,4740.00,1919.70,40.50,2024,2024
SURGICAL BLADE #20 100'S PARTNERS,3,6.00,4736.00,3056.00,64.53,2023,2023
ORCHIDS ALBATROSS,1,75.00,4725.00,1931.25,40.87,2022,2022
GAUZE ROLL 28X24 - INDOPLAS,1,4.00,4720.00,1120.00,23.73,2021,2021
DENTAL SHEET 100'S,2,11.00,4720.00,2740.00,58.05,2023,2024
BACTRID 2% OITMENT 5G,2,20.00,4710.00,3530.00,74.95,2019,2019
AMCETAM 150MG,1,100.00,4700.00,0.00,0.00,2019,2019
AMLODINE PLUS 5MG/50MG,2,9.33,4700.00,0.00,0.00,2019,2019
MULTIMEED 60ML,1,50.00,4700.00,4000.00,85.11,2020,2020
HEAVY DUTY STOVE - PO G2680,1,2.00,4700.00,-2250.00,-47.87,2020,2020
SURGICAL BLADES #10,3,3.00,4698.00,3498.00,74.46,2023,2023
AEROVENT 2.5MG/2.5ML,3,12.00,4680.00,644.00,13.76,2018,2019
CEFOPTI,1,30.00,4680.00,4170.00,89.10,2017,2017
HBW SCISSORS,4,44.00,4676.00,1632.00,34.90,2022,2023
PROVIDONE IODINE 1 GLN,1,3.00,4665.00,0.00,0.00,2018,2018
NUTRI Z 120ML,5,25.00,4656.00,2981.00,64.02,2017,2017
VHELLOX 500MG,2,9.00,4613.00,0.00,0.00,2019,2019
DIAPER M - PRIMECARE,1,20.00,4600.00,1600.00,34.78,2019,2019
TUDOR NYLON SUTURE 5.0 CUTTING,1,10.00,4600.00,1800.00,39.13,2023,2023
TUDOR NYLON SUTURE 4.0 CUTTING,1,10.00,4600.00,1800.00,39.13,2023,2023
STERILE WATER INJECTION 50 ML -SAHAR,1,100.00,4600.00,-300.00,-6.52,2023,2023
SILK CUTTING 1-0 - TUDOR,1,10.00,4600.00,1800.00,39.13,2023,2023
OPSITE 25X10 (SMITH AND NEPHEW),3,15.00,4600.00,1370.00,29.78,2023,2023
NORFLEX 400MG,2,10.00,4600.00,1725.00,37.50,2018,2018
MYCLOSIL 5MG/5ML,5,130.00,4600.00,2740.00,59.57,2022,2023
MEOXICLAV-DS 457MG/5ML,1,24.00,4584.00,1104.00,24.08,2023,2023
EFFEZIDINE 35MG TAB,1,17.00,4577.25,3336.25,72.89,2025,2025
DM FUROSEMIDE 20MG,11,545.00,4567.00,2661.00,58.27,2023,2025
VASOTRATE 60MG,3,15.71,4565.00,0.00,0.00,2025,2025
ASSORTED MICROPORE,1,4.00,4560.00,2760.00,60.53,2020,2020
PREGNANCY TEST (RIGHTSIGN),2,120.00,4540.00,2640.00,58.15,2023,2024
LEUKOPLAST 1'' (2.5CMX5M),2,0.67,4540.00,1980.00,43.61,2023,2025
MEASURING CUP 210CC,1,100.00,4500.00,2700.00,60.00,2024,2024
FLOURESCENT TUBE LIGHT (DAYLIGHT) 40W WITH STARTER,1,10.00,4500.00,3300.00,73.33,2024,2024
ANTITET 5000IU,1,10.00,4500.00,3280.00,72.89,2017,2017
TRACHEOSTOMY MASK ADULT (AIRLIFE),2,12.00,4500.00,1140.00,25.33,2023,2024
OLTEN KELLY HEMOSTATIC FORCEP,1,6.00,4500.00,1800.00,40.00,2023,2023
TEGADERM - MEDIUM,1,50.00,4500.00,2250.00,50.00,2020,2020
STERILE COTTON SWAB,1,10.00,4500.00,3000.00,66.67,2020,2020
KEJIE ID CARD CASE ASSTD T-732H 85X55MM,1,180.00,4500.00,3330.00,74.00,2023,2023
DIGITAL THERMOMETER - OMRON,1,10.00,4500.00,-30500.00,-677.78,2020,2020
VONWELT 25MG CINNARIZINE,1,15.00,4500.00,0.00,0.00,2019,2019
"PAGBILAO # 4,500",1,1.00,4500.00,1548.87,34.42,2025,2025
HAVC 500MG,7,500.00,4500.00,2855.00,63.44,2017,2017
HEPLOCK UNIMEX PER PC,1,100.00,4500.00,0.00,0.00,2019,2019
NOVAKAST 4MG,2,5.00,4497.75,3477.75,77.32,2025,2025
INK CARTRIDGE #303 (CANON),1,1.00,4496.00,426.00,9.48,2023,2023
SIGN PEN,3,52.00,4490.00,3190.00,71.05,2022,2023
PROVIT CEE 100MG/5ML,5,40.00,4477.12,1357.96,30.33,2018,2019
I-OUTLET AIRCON,1,10.00,4470.00,3475.00,77.74,2022,2022
ASCORSAPH-ZEE,3,38.00,4460.00,2940.00,65.92,2022,2023
FORALIVIT,1,5.00,4455.00,3341.25,75.00,2024,2024
INSULIN SYRINGE WITH NEEDLE 0.5ML/CC 30GX8MM (BD),2,3.00,4450.00,436.00,9.80,2023,2023
ONDEX,2,60.00,4440.00,3780.00,85.14,2017,2017
IV SET (ADULT) COSMED,2,77.00,4431.00,3122.00,70.46,2019,2020
OMEPHIL-20 20MG,2,10.00,4405.00,3705.00,84.11,2023,2024
"DRAINAGE BAG 2,000ML - INDOPLAS",1,110.00,4400.00,3300.00,75.00,2018,2018
DRAINAGE BAG,1,110.00,4400.00,3300.00,75.00,2018,2018
STERILE GAUZE 8PLY 4X4 24X20 MESH,1,10.00,4400.00,2100.00,47.73,2023,2023
UTERINE ELEVATOR WITH STOPPER (6.5CM) 12 INCH (RING HANDLE),2,10.00,4400.00,-6010.00,-136.59,2025,2025
"PAGBILAO # 4,400",1,1.00,4400.00,1880.00,42.73,2025,2025
INSULIN SYRINGE G30X1/2CC / G30X1CC - TERUMO,3,4.76,4396.00,798.00,18.15,2018,2020
GLOVES S7 LATEX STERILE (SUREGUARD),1,3.00,4389.00,1989.00,45.32,2023,2023
GLOVES S6.5 LATEX STERILE (GREATGLOVE),1,3.00,4389.00,1989.00,45.32,2023,2023
GLOVES XLARGE SYNTHETIC NONSTERILE (NOBRAND),1,3.00,4380.00,3630.00,82.88,2023,2023
ATROPINE,3,50.50,4375.00,245.00,5.60,2023,2023
CARVIDOL 6.25MG,5,37.33,4358.00,28.41,0.65,2022,2023
CONSAC 5MG/ML,2,15.00,4350.00,2745.00,63.10,2021,2021
COTTON BALLS 300S (TENDERSOFT),3,40.00,4340.00,2140.00,49.31,2024,2024
SURGICAL BLADES S11 (PARTNERS),3,11.00,4334.00,1364.00,31.47,2025,2025
ELASTIC BANDAGE 4X5 (PARTNERS),2,108.00,4320.00,1080.00,25.00,2024,2024
"LEUKPOPLAST 1"" (2.5CMX5M)",1,12.00,4320.00,2160.00,50.00,2018,2018
ZINC VITA,1,50.00,4281.50,3594.00,83.94,2022,2022
HEMA QUICK STAIN SET (MEDIC),1,1.00,4269.00,-431.00,-10.10,2025,2025
CONDOM CLASSIC 24X3'S/BX,1,6.00,4260.00,0.00,0.00,2019,2019
SQFEN 200MG/5ML SUSPENSION,1,50.00,4250.00,2650.00,62.35,2023,2023
DIXIN,1,500.00,4250.00,2825.00,66.47,2017,2017
EUROCAINE,1,50.00,4250.00,1350.00,31.76,2023,2023
BED PAN,1,50.00,4250.00,1500.00,35.29,2023,2023
UMBILICAL CORD CLAMP (SURGITECH),2,10.00,4230.00,1630.00,38.53,2025,2025
MOSQUITO CURVED 5 1/2 (OLTEN),2,18.00,4230.00,-2160.00,-51.06,2025,2025
REGIVASC 10MG TAB,2,20.00,4225.00,3585.00,84.85,2023,2024
ZIONEL 100MG,4,503.00,4210.00,2610.00,62.00,2017,2018
RIBER 500MG,3,13.00,4200.00,3030.00,72.14,2024,2025
ERGON,2,700.00,4200.00,3360.00,80.00,2017,2017
BLOODSET COSMED,3,50.00,4200.00,0.00,0.00,2019,2019
BRISOFER OB 60MG/400MCG,1,30.00,4200.00,-1470.00,-35.00,2023,2023
NORBIT 1MG/ML,1,2.00,4192.00,0.00,0.00,2023,2023
PULSE OXIMTER ADULT (INDOPLAS),1,4.00,4188.00,1988.00,47.47,2025,2025
DISPOSABLE SYRINGE/TUBERCULIN 1CC 25GX5/8 (SUREGUARD),1,13.00,4186.00,2236.00,53.42,2024,2024
TOSSURE FORCEP - 5 1/2,1,4.00,4180.00,3900.00,93.30,2021,2021
"SAM SPLINT, SMALL 9 INCHES",1,8.00,4160.00,2960.00,71.15,2025,2025
GLASS SLIDES CLEAR (SAIL),2,70.00,4140.00,640.00,15.46,2025,2025
KIDNEY BASIN SIZE 6'',2,10.00,4120.00,1540.00,37.38,2025,2025
SURGICAL DRAPE 40X40CM W/ HOLE 10CM (ORMED),1,50.00,4100.00,1700.00,41.46,2023,2023
MANNITOL 500ML (SAHAR),1,10.00,4050.00,2430.00,60.00,2024,2024
SUCTION CATHETER FR8 (KENXIN),3,120.00,4050.00,3090.00,76.30,2023,2025
GLOVES MEDIUM NITRILE NONSTERILE (GLOMED),3,9.00,4050.00,2250.00,55.56,2025,2025
DISPOSABLE SYRINGE 1CC - SUREGUARD,2,4.00,4050.00,3450.00,85.19,2020,2020
BOUFFANT CAP S19,5,18.00,4050.00,1890.00,46.67,2023,2024
PHILPARA 500MG,2,35.00,4050.00,2790.00,68.89,2025,2025
DISPOSABLE SYRINGE - 1CC PRIME,1,8.00,4040.00,2040.00,50.50,2021,2021
ZONROX 1GALLON,3,27.00,4024.00,99.05,2.46,2020,2022
PUROXEL 20MG,2,5.00,4020.00,2520.00,62.69,2017,2017
MYGEL BLACK,5,74.00,4014.00,2182.00,54.36,2022,2023
SPINE BOARD WITH STRAP/BEALT-SUREGUARD,1,1.00,4000.00,1600.00,40.00,2023,2023
FOLDER 14PTS LONG,4,7.00,4000.00,1725.00,43.13,2023,2023
FABRIC CONDITIONER 24ML CONCENTRATED (DOWNY),1,500.00,4000.00,1300.00,32.50,2023,2023
DISPOSABLE SKIN STAPLER,1,5.00,4000.00,2775.00,69.38,2020,2020
SANDISK USB 16GB,1,5.00,3995.00,2420.00,60.58,2023,2023
DISPOSABLE DIAPER ADULT XL (DR.CARE),2,11.00,3993.00,1903.00,47.66,2023,2023
BP APPARATUS DIGITAL W/ ADAPTOR (INDOPLAS),1,2.00,3992.00,2092.00,52.40,2023,2023
LABORATORY TIMER (GENERIC),1,4.00,3972.00,2812.00,70.80,2024,2024
CLEAR BOOK LEGAL/LONG,7,35.00,3960.00,2715.00,68.56,2023,2024
ANEROID SPHYGMOMANOMETER TOPCARE,1,3.00,3960.00,0.00,0.00,2023,2023
FUJI XD-25 DEVELOPER,1,1.00,3955.00,2375.00,60.05,2023,2023
EPIX,1,16.67,3950.00,3465.17,87.73,2018,2018
AMLODIPINE BESILATE,2,15.00,3925.00,3550.00,90.45,2022,2023
ZETIFEN 100MG/ML,5,60.00,3924.00,2904.00,74.01,2018,2018
DIANAPRIL,1,500.00,3900.00,2600.00,66.67,2017,2017
MICROPORE 2X10 5CMX9.1M (3M),1,4.00,3900.00,1700.00,43.59,2023,2023
ENDOTRACHEAL TUBE CUFFED 7.5MM (SEDASENZ),1,30.00,3900.00,1620.00,41.54,2023,2023
FORMALIN (GALLON),1,2.00,3900.00,1700.00,43.59,2018,2018
DIGITAL FOREHEAD THERMOMETER INFRARED (HI8US),1,3.00,3891.00,3171.00,81.50,2025,2025
DISPOSABLE FACE MASK KINGMED,4,24.00,3875.00,2315.00,59.74,2022,2022
SULTAM 400 MCG,1,1.00,3849.00,3154.00,81.94,2021,2021
EQ DRY NEW BORN DIAPER,1,20.00,3840.00,-160.00,-4.17,2023,2023
LOXCIN 200 TAB,2,5.00,3840.00,3265.00,85.03,2019,2019
SULTAM 200 MCG,1,1.00,3839.00,3264.00,85.02,2021,2021
OXYGEN REGULATOR,1,3.00,3825.00,1125.00,29.41,2025,2025
TURBOLAX 2MG/5ML,6,58.00,3824.46,1392.00,36.40,2017,2019
DISPOSABLE NEEDLE G18 (INDOPLAS),3,15.00,3810.00,1860.00,48.82,2025,2025
STERILE GAUZE 8PLY 3X3 24X20 MESH,1,10.00,3800.00,2000.00,52.63,2023,2023
SCOTCH TAPE 24X50,2,100.00,3800.00,2500.00,65.79,2023,2023
TOMRACIN 3MG/ML,1,20.00,3800.00,2700.00,71.05,2018,2018
ELASTIC BANDAGE 6X5 (SURE-GUARD),1,100.00,3800.00,300.00,7.89,2023,2023
DISPOSABLE ECG ELECTRODES SOLID GEL ADULT (ORMED),1,4.00,3800.00,1600.00,42.11,2023,2023
IV 3000 (PEDIA),1,100.00,3800.00,300.00,7.89,2018,2018
IV 3000 5CM X6CM (PEDIA) - SMITH AND NEPHEW,1,100.00,3800.00,300.00,7.89,2018,2018
GENERIC CETIRIZINE 2.5MG/ML,1,24.00,3792.00,3316.80,87.47,2022,2022
PAPER CUPS 50'S,1,42.00,3780.00,2184.00,57.78,2021,2021
DETERGENT POWDER,3,29.00,3760.00,1273.25,33.86,2021,2023
ERYZIN,1,10.00,3750.00,2500.00,66.67,2017,2017
EXTENSION TUBE (75CM),1,30.00,3750.00,1500.00,40.00,2023,2023
MEDALEM,1,72.00,3744.00,0.00,0.00,2021,2021
AWANAY FORTE 500MG TAB,1,5.00,3740.00,2315.00,61.90,2024,2024
NOVAKAST 5MG,2,4.00,3718.50,2466.50,66.33,2025,2025
VOVENIL 25MG/ML 3ML,1,20.00,3700.00,2700.00,72.97,2025,2025
BP APPARATUS DESK TYPE PEDIA-PROHEALTH,1,3.00,3690.00,90.00,2.44,2023,2023
CALCIUM GLUCONATE - EUROMED,5,4.32,3678.40,2468.80,67.12,2023,2025
TISSUE PAPER,6,19.00,3665.00,2110.42,57.58,2020,2023
IV ABBOCATH GAUGE 20 BIOFLON,2,35.00,3660.00,2785.00,76.09,2023,2023
CERTIFICATE HOLDER A4,2,53.00,3660.00,1010.00,27.60,2023,2023
BUPIRICAINE,1,5.00,3650.00,2600.00,71.23,2017,2017
STETHOSCOPE ADULT PARTNERS,1,4.00,3648.00,1368.00,37.50,2025,2025
INSULIN SYRINGE G29X1/2CC / G29X1CC,1,5.00,3625.00,-125.00,-3.45,2018,2018
ERYTHROMYCIN 200MG/5ML (GENERIC),1,75.00,3600.00,1350.00,37.50,2018,2018
URINE BAG 2000ML - SURE-GUARD,1,100.00,3600.00,1800.00,50.00,2021,2021
MAGNESIUM SULFATE,1,20.00,3600.00,2500.00,69.44,2017,2017
LEVICLOX,2,2.00,3600.00,2520.00,70.00,2017,2017
ZONROX (1 GAL),1,24.00,3600.00,0.00,0.00,2019,2019
XYPHEN,2,90.00,3600.00,2790.00,77.50,2017,2017
SODIUM HYPOCHLORIDE 5.25% ORIGINAL,1,24.00,3600.00,0.00,0.00,2019,2019
TOBRAMYCIN,1,20.00,3600.00,2400.00,66.67,2017,2017
HEPLOCK - CHINA,1,1.00,3600.00,0.00,0.00,2018,2018
STAPLER STANDARD TYPE (JOY),3,10.00,3598.00,2568.00,71.37,2023,2023
"EURYTHMIC INJ.50MG/3ML,AMP",1,1.00,3579.05,1759.05,49.15,2023,2023
RENITE XL,3,500.00,3550.00,2010.00,56.62,2023,2023
OXYGEN MASK NEONATE (SURE-GUARD),1,60.00,3549.00,1149.00,32.38,2025,2025
MOXYLOR 250MG/5ML,4,292.00,3530.00,1264.00,35.81,2023,2025
DENTAL NEEDLE G27 SHORT (DENJECT),2,8.00,3521.00,721.00,20.48,2023,2023
ZOSART-62.5 50MG/12.5MG,1,20.00,3520.00,1420.00,40.34,2025,2025
ANMUM 180GX24,2,20.00,3515.40,170.40,4.85,2018,2018
PARA250 250MG/5ML,5,122.00,3500.50,1582.50,45.21,2023,2024
CLINBAC 300MG,1,1.00,3500.00,0.00,0.00,2019,2019
XELOR 10ML DROPS,1,20.00,3500.00,0.00,0.00,2019,2019
BACTOCILL,1,20.00,3500.00,3000.00,85.71,2017,2017
ABSOLUTE WATER 6000ML,4,13.00,3494.00,2662.00,76.19,2019,2020
DOPAN,1,10.00,3480.00,580.00,16.67,2018,2018
NOVAKAST-10 10MG,1,8.00,3472.00,1912.00,55.07,2025,2025
MICRO CENTRIFUGE TUBE : 1.5 WITH LID,1,3.00,3456.00,462.00,13.37,2025,2025
CORT,1,500.00,3450.00,2350.00,68.12,2017,2017
FUROSE 20MG/2ML,3,7.00,3448.00,2853.00,82.74,2018,2018
"PAGBILAO # 3,500.00",1,1.00,3444.00,1820.00,52.85,2025,2025
CLIP BACKFOLD 50MM 12PCS/BOX,2,40.00,3440.00,620.00,18.02,2023,2023
GOUTSAPH 500MCG TAB,4,15.00,3436.00,1216.00,35.39,2024,2025
GLIFRED MR30-30MG,1,8.00,3424.00,2992.00,87.38,2025,2025
"X-RAY FILM ENVELOPE 11""X 14""",2,7.00,3420.00,1110.00,32.46,2023,2023
CARVESAPH 12.50MG,1,10.00,3400.00,2550.00,75.00,2024,2024
ZACZIN 20MG/ML IV,1,2.00,3400.00,3326.00,97.82,2023,2023
TOGESIC 30MG,1,20.00,3400.00,40.00,1.18,2020,2020
WHITE BOARD MARKER,4,58.00,3398.00,2122.00,62.45,2023,2023
MEFIDIN 500MG CAPSULE,1,30.00,3390.00,1170.00,34.51,2025,2025
HYCLENS 4% SKIN CLEASER 1L,3,3.00,3373.00,1718.25,50.94,2018,2018
DREXABION OB,1,9.00,3366.00,1971.00,58.56,2022,2022
SODIUM BICARBONATE (SOBINATE) 84MG/ML,1,12.00,3360.00,1680.00,50.00,2023,2023
PENLIGHT (KINGMED),2,16.00,3350.00,1550.00,46.27,2024,2025
FEZILIC,4,6.00,3350.00,2090.00,62.39,2018,2019
IV WRIST SPLINT NEONATE,2,30.00,3350.00,2150.00,64.18,2023,2023
MDVIT,1,50.00,3350.00,2750.00,82.09,2019,2019
SOLUTION FOR IV INFUSION 5G/ 100ML - 1000ML BOT,1,48.00,3312.00,1248.00,37.68,2023,2023
VASOTRATE-60 OD,2,2.40,3300.00,2316.00,70.18,2021,2021
ISOPROPYL ALCOHOL 70% NO LABEL,2,20.00,3300.00,900.00,27.27,2020,2023
ALCOHOL PADS,1,20.00,3300.00,1680.00,50.91,2023,2023
N/10 HYDROCHLORIC ACID 500ML,1,5.00,3300.00,2200.00,66.67,2022,2022
BANDAGE SCISSOR 7'' (OLTEN),1,8.00,3296.00,-304.00,-9.22,2024,2024
NOVACEE 100MG/5ML 15ML,3,96.00,3284.00,1652.00,50.30,2025,2025
TOVIT 60ML SYR,2,66.00,3270.00,2082.00,63.67,2025,2025
HEMOGLOBIN 10/N HCL 50ML,1,6.00,3270.00,0.00,0.00,2018,2018
MIXTER 8'' (OLTEN),1,3.00,3270.00,1626.00,49.72,2025,2025
ENDOTRACHEAL TUBE PARTNERS 3.0,4,28.00,3260.00,1580.00,48.47,2023,2023
ZENOBLOC 100,1,500.00,3250.00,2275.00,70.00,2017,2017
MYRENTYL 60ML,1,50.00,3250.00,0.00,0.00,2019,2019
FREDTOR 10MG,1,5.00,3250.00,2775.00,85.38,2025,2025
VONWELT COLCHICINE 500MCG,7,12.00,3245.00,900.00,27.74,2018,2021
LOWAS 5MG,2,12.00,3240.00,630.00,19.44,2018,2018
SAFEGUARD SOAP 60G,3,100.00,3240.00,1462.00,45.12,2022,2023
DOBUBAX 12.5MG/ML (250MG/20ML) 20ML,1,10.00,3220.00,1840.00,57.14,2024,2024
LILAC,1,10.00,3200.00,2000.00,62.50,2017,2017
LERIF,1,40.00,3200.00,0.00,0.00,2017,2017
SOLUSET ORMED,1,20.00,3200.00,0.00,0.00,2019,2019
GLOBANTIN,1,10.00,3200.00,2500.00,78.13,2017,2017
FUROSE,2,4.00,3200.00,2860.00,89.38,2017,2017
MEDICAL OXYGEN 50 POUNDS - REFILL,1,16.00,3200.00,-9600.00,-300.00,2025,2025
ENDOTRACHEAL TUBE PARTNERS 5.0,3,26.00,3190.00,1942.00,60.88,2023,2023
DE BAKEY FORCEP 8'' (OLTEN),1,2.00,3190.00,1592.00,49.91,2025,2025
MOXINOVA CV 228.5MG/5ML,1,20.00,3180.00,200.00,6.29,2025,2025
SURGICAL BLADE #15 SURGITECH,3,11.00,3170.00,1490.00,47.00,2023,2023
HYPERSTOP 25MG TAB,4,17.00,3162.50,2516.50,79.57,2024,2025
SURGICAL BLADES S10 (PARTNERS),1,8.00,3152.00,768.00,24.37,2025,2025
CONDOM CATHETER MEDIUM (ORMED),1,50.00,3125.00,1875.00,60.00,2024,2024
POVIDONE (GALLON),2,4.00,3120.00,360.00,11.54,2018,2018
LUBRICATING JELLY SACHET,3,4.00,3120.00,120.00,3.85,2018,2018
CALCIGARD,1,500.00,3100.00,2325.00,75.00,2017,2017
BP WRIST OMRON,1,1.00,3100.00,300.00,9.68,2020,2020
ASEPTO SIMPLEX,1,50.00,3100.00,1350.00,43.55,2020,2020
AMOXICILLIN 250MG/ML SUSP EPPITREXIL,1,100.00,3100.00,700.00,22.58,2023,2023
ALCOHOL 3.785 LITERS 70%,1,5.00,3100.00,2000.00,64.52,2023,2023
DISPOSABLE NEEDLE G.27 100'S-ORMED,2,20.00,3080.00,1580.00,51.30,2023,2023
SIMVASYN 40MG,1,3.00,3078.00,2502.00,81.29,2024,2024
INDUSTRIAL GOGGLES,4,9.00,3065.00,2566.67,83.74,2019,2020
E-DOL 50MG CAP,6,6.00,3060.00,2679.20,87.56,2019,2020
CHROMIC 2-0 CUTTING NEEDLE - TUDOR,2,4.00,3060.00,2060.00,67.32,2020,2020
DISPOSABLE NEEDLE G.18 100'S-SIMPLEX,1,10.00,3060.00,1260.00,41.18,2023,2023
ZINCAVIT 27.5MG,1,36.00,3060.00,2160.00,70.59,2017,2017
BIOGESIC 500MG,8,490.00,3040.00,1610.00,52.96,2019,2023
SALBUMIN INHALER,1,10.00,3030.00,2102.00,69.37,2020,2020
SALBUMIN 100MCG,1,10.00,3030.00,2100.00,69.31,2022,2022
RED CANE VINEGAR - DEL MONTE,1,24.00,3024.00,1116.00,36.90,2020,2020
BP RUBBER BULB W/ CONTROL BULB (DENJECT),2,20.00,3020.00,370.00,12.25,2023,2025
COCINE 125MG/ML (250MG/2ML),1,2.00,3010.00,2216.00,73.62,2024,2024
URINALYSIS REAGENT STRIPS 4PARA (INSIGHT),1,5.00,3010.00,1260.00,41.86,2023,2023
ALDOXY 100MG,1,200.00,3000.00,2240.00,74.67,2017,2017
CLINDAGOLD 250MG/5ML,1,200.00,3000.00,0.00,0.00,2019,2019
TRIANGULAR BANDAGE 68IN,1,20.00,3000.00,2020.00,67.33,2023,2023
NERVAPLEX,1,2.00,3000.00,2038.20,67.94,2017,2017
"SIGN PEN BLACK,LIQUID/GEL INL 0.5MM NEEDLE TIP MYGEL",1,30.00,3000.00,0.00,0.00,2023,2023
RUBBER BOND BIG,2,20.00,3000.00,400.00,13.33,2023,2023
POVIDONE IODINE 10% SOLUTION -HAVIDONE,1,8.33,3000.00,0.00,0.00,2023,2023
AXFLAM 25MG,2,4.00,3000.00,1324.00,44.13,2018,2018
IDENTIFICATION BRACELET CHILD SURGITECH,1,10.00,3000.00,0.00,0.00,2023,2023
GIRAN 16MG,1,3.33,3000.00,0.00,0.00,2020,2020
DISTILLED WATER - 6L,1,30.00,3000.00,1072.50,35.75,2023,2023
DISPOSABLE ISOLATION GOWN 40GSM,2,50.00,3000.00,1250.00,41.67,2023,2023
VONWELT PREDNISONE 5MG TAB,1,15.00,3000.00,0.00,0.00,2019,2019
URINE BAG 200ML - ORMED,1,100.00,3000.00,1500.00,50.00,2019,2019
RED CANE VINEGAR 950,1,24.00,3000.00,0.00,0.00,2019,2019
RED CANE VINEGAR 985ML,1,24.00,3000.00,0.00,0.00,2019,2019
AMBU BAG PEDIATRIC PROHEALTH CARE,1,1.00,3000.00,2320.00,77.33,2023,2023
INSTANT COLD PACK,1,25.00,3000.00,0.00,0.00,2025,2025
HEMOSTAPH,2,300.00,2994.00,2139.00,71.44,2017,2017
VONWELT ASCORBIC ACID 500MG,1,3.00,2986.50,2809.50,94.07,2020,2020
"PAGBILAO # 3,000.00",1,1.00,2985.00,521.00,17.45,2025,2025
SELECAP 400MG,1,5.00,2981.25,2231.25,74.84,2019,2019
KIDICOT 250MG,1,24.00,2976.00,0.00,0.00,2020,2020
MUCOMED 25MG,5,20.00,2972.00,1883.00,63.36,2018,2023
3M RESPINAL SURGICAL MASK,1,18.00,2970.00,0.00,0.00,2019,2019
ACURIUM,1,5.00,2950.00,2015.00,68.31,2017,2017
LIQUID HAND SOAP 750ML (BODY TREATS),1,10.00,2950.00,1820.00,61.69,2023,2023
SAPHIXIME 400 MG,1,5.00,2950.00,2360.00,80.00,2022,2022
SAPHLOR-100 100MG,4,9.00,2946.75,1578.75,53.58,2023,2024
HISTAZYN 12.5MG/5ML,2,110.00,2940.00,1631.00,55.48,2023,2023
FLUIFORT-M 250MG SUS,2,32.00,2920.00,1800.00,61.64,2021,2022
"PAGBILAO # 3,150",1,1.00,2913.75,996.50,34.20,2025,2025
SOCORRO 5MG,2,3.00,2907.00,1964.52,67.58,2022,2023
CA - GLUCO,1,10.00,2900.00,1950.00,67.24,2017,2017
LETTER ENVELOPE LONG,4,402.00,2900.00,2019.62,69.64,2023,2023
ENDOTRACHEAL TUBE PARTNERS 2.0,3,24.00,2899.00,1795.00,61.92,2023,2023
ALCOHOL - ALCOPLUS ETHYL ALCOHOL,2,15.00,2898.95,1473.95,50.84,2021,2021
TOBRADEPORS 5ML,1,10.00,2892.50,2372.50,82.02,2025,2025
METRONIDAZOLE 125MG/5ML,1,36.00,2880.00,1935.00,67.19,2017,2017
KLARITHIX,1,60.00,2880.00,2329.80,80.90,2017,2017
DIANAPRIL-5,2,410.00,2880.00,2020.00,70.14,2023,2023
CLONIN,2,151.00,2880.00,2019.50,70.12,2017,2017
HYCLENS GARGLE,2,22.00,2859.98,1429.98,50.00,2018,2018
SUCTION CATHETER - SURGITECH - FR#8,2,130.00,2851.00,1111.00,38.97,2021,2023
MICROSCOT,1,10.00,2850.00,2000.00,70.18,2017,2017
NON-REBREATHING MASK PEDIA (ORMED),1,15.00,2850.00,1200.00,42.11,2023,2023
TUDOR 3/0 CHROMIC BROWN DVR-4682 (A-B),3,4.00,2850.00,1850.00,64.91,2022,2023
SYLVITE,2,30.00,2850.00,2220.00,77.89,2017,2017
CHROMIC 4-0 CUTTING,1,5.00,2850.00,1450.00,50.88,2022,2022
ORABAC 200MG/5ML,2,28.00,2821.00,1365.00,48.39,2025,2025
ENDOTRACHEAL TUBE UNCUFFED 4.0MM (INDOPLAS),2,31.00,2820.00,1394.00,49.43,2023,2023
BATTERY 9VOLTS (EVEREADY),1,6.00,2820.00,2190.00,77.66,2023,2023
RAMTREX,2,11.00,2817.50,1715.50,60.89,2021,2023
XYCLOVIRAX 400MG,3,16.66,2815.00,-452.10,-16.06,2025,2025
DISPOSABLE SYRINGE/TUBERCULIN 1CC 26GX1/2 (SITICARE),2,7.00,2808.50,1058.50,37.69,2023,2024
BALLPEN RETRACTABLE BLACK 50'S (MATRIX),1,10.00,2800.00,900.00,32.14,2024,2024
DIACLID,1,500.00,2800.00,1825.00,65.18,2017,2017
LINNOXZIL 50MG/ML,2,16.00,2800.00,1808.00,64.57,2017,2017
FOLISAPH 5MG,1,10.00,2800.00,1720.00,61.43,2023,2023
BATTERY AAA EVEREADY 2S,1,20.00,2800.00,1400.00,50.00,2023,2023
TEST TUBE RACK,2,7.00,2800.00,-1190.00,-42.50,2022,2023
CLODIN 150MCG,1,2.00,2800.00,1974.00,70.50,2025,2025
NOVAFENAC 25MG/ML 3ML,2,15.00,2790.50,1915.50,68.64,2023,2025
AMLOVIN 10MG,4,3.90,2790.00,75.00,2.69,2018,2019
FEDEMOL 250MG/5ML 60ML SYRUP,1,100.00,2790.00,1290.00,46.24,2025,2025
AURORA 10MG,1,1.00,2785.00,2363.00,84.85,2021,2021
DIFLU 150MG CAP,2,16.33,2783.20,163.20,5.86,2025,2025
ULTRASOUND TRANSMISSION GEL 5 LITERS,2,2.00,2770.00,1610.00,58.12,2025,2025
WALIS TAMBO (SOFT),1,15.00,2760.00,510.00,18.48,2023,2023
TUDOR CHROMIC PLAIN 2-0,1,6.00,2760.00,660.00,23.91,2023,2023
TUDOR- CHROMIC 1/0 ROUND,1,6.00,2760.00,960.00,34.78,2023,2023
ENDOTRACHEAL TUBE PARTNERS 7.0,2,24.00,2756.00,1316.00,47.75,2023,2023
WOK ASD CHEF CLASSIC 32CM,1,1.00,2751.60,1375.80,50.00,2021,2021
GENERIC MEBENDAZOLE 100MG,3,56.00,2750.00,1709.00,62.15,2020,2022
FOLEY BALLOON CATHETER FR.12 2WAY 30ML (KENXIN),1,50.00,2750.00,1150.00,41.82,2023,2023
CAUTERY PAD (ORMED),1,5.00,2750.00,800.00,29.09,2023,2023
BLOXOL 30MG,3,6.00,2744.00,0.00,0.00,2018,2019
BP CUFF ADULT (DENJECT),1,20.00,2740.00,440.00,16.06,2023,2023
VONWELT PREDNISONE 10MG TAB,4,12.00,2728.50,1898.50,69.58,2019,2023
DISPOSABLE DIAPER ADULT MEDIUM (HEXACARE),3,7.00,2726.40,1522.40,55.84,2024,2025
TEMPAID 100MG,3,84.00,2720.00,1733.00,63.71,2023,2023
SANOXIN-1000,1,10.00,2720.00,1360.00,50.00,2023,2023
XYCLOVIRAX 200MG,2,2.00,2720.00,2150.00,79.04,2020,2023
FUJI X-RAY FILM 10X12,1,1.00,2720.00,620.00,22.79,2023,2023
STALPRIL-10 10MG,1,4.00,2720.00,-200.00,-7.35,2019,2019
SOLZINC 29.27MG DROPS,2,32.00,2720.00,1888.00,69.41,2019,2020
LEFESONE 10MG/5ML,1,20.00,2705.00,1625.00,60.07,2025,2025
"AUTOCLAVE TAPE 1""",1,5.00,2700.00,1450.00,53.70,2022,2022
ARTERY FORCEP 8 1/2 OLTEN,1,1.00,2700.00,2032.00,75.26,2022,2022
GLOVES MEDIUM NITRILE NONSTERILE (DR.GREG),2,6.00,2700.00,1500.00,55.56,2024,2024
PLASTIC ENVELOPE ORD. G-4,1,180.00,2700.00,1350.00,50.00,2023,2023
IV CANNULA PRIMAFLON 24G,1,1.00,2700.00,0.00,0.00,2023,2023
GLOVES LARGE LATEX NONSTERILE (DR.CARE),1,10.00,2700.00,700.00,25.93,2023,2023
MICROPORE,3,4.00,2700.00,0.00,0.00,2018,2019
INOXIN 250MCG,3,3.00,2700.00,610.00,22.59,2018,2018
1KG GRANULES WHITE CHLORINE,1,10.00,2700.00,1500.00,55.56,2023,2023
GLOVES GREAT LOVE 6.5,1,1.00,2699.00,2249.00,83.33,2020,2020
SURGICAL BLADES SURGITECH #20,2,2.00,2698.00,2138.00,79.24,2023,2023
MYREX 250MG/5ML,2,25.00,2695.00,2320.00,86.09,2023,2024
3% SULFOSALICYLIC ACID 150ML,1,1.00,2684.00,2363.00,88.04,2022,2022
NICARDIMED 1MG/ML (10MG/ML),1,2.00,2680.00,1470.00,54.85,2021,2021
ENDOTRACHEAL TUBE CUFFED 8.0MM (ORMED),1,30.00,2670.00,1290.00,48.31,2023,2023
COCINE 50MG/ML (100MG/2ML),1,2.00,2668.00,1914.00,71.74,2024,2024
IMMERSION OIL 30CC,1,1.00,2665.00,865.00,32.46,2021,2021
CAPTOR,1,500.00,2650.00,2240.00,84.53,2017,2017
YELLOW TOP : GEL CLOT ACTIVATOR TUBE 0.5ML (KINGMED),1,5.00,2650.00,-600.00,-22.64,2025,2025
DETERGENT POWDER 900GRMS,1,16.00,2640.00,0.00,0.00,2019,2019
POLO SHIRT WITH PRINT ALL SIZES,1,6.00,2640.00,840.00,31.82,2023,2023
ENDOTRACHEAL TUBE UNCUFFED 2.5MM (INDOPLAS),1,30.00,2640.00,1260.00,47.73,2023,2023
ENDOTRACHEAL TUBE UNCUFFED 2.0MM (INDOPLAS),1,30.00,2640.00,1260.00,47.73,2023,2023
XYCLOVIRAX 400MG TAB,2,11.00,2640.00,495.00,18.75,2019,2019
INK 001 BLACK (EPSON),1,5.00,2625.00,375.00,14.29,2024,2024
PAPER TOWEL 175PULL-UPS 200MMX200MM (BONUS),1,15.00,2625.00,1953.75,74.43,2023,2023
ARIEL DETERGENT POWDER,1,16.00,2624.00,2456.00,93.60,2019,2019
ZETIFEN 100MG,1,45.00,2610.00,1854.00,71.03,2017,2017
AIR FRESHENER AEROSOL 280ML (JELLY BELLY),1,15.00,2610.00,135.00,5.17,2023,2023
INSULIN SYRINGE WITH NEEDLE 1CC 29GX5/8 (INDOPLAS),1,5.00,2610.00,860.00,32.95,2025,2025
ENERKIDS PLUS,1,51.00,2601.00,1147.50,44.12,2023,2023
SPOOL COTTON TREAD SIZE 2.0,1,40.00,2600.00,-200.00,-7.69,2023,2023
INK #003 YELLOW (EPSON),1,4.00,2600.00,1500.00,57.69,2023,2023
INK #003 BLACK (EPSON),1,4.00,2600.00,1560.00,60.00,2023,2023
INK #003 CYAN (EPSON),1,4.00,2600.00,1500.00,57.69,2023,2023
INK #003 MAGENTA (EPSON),1,4.00,2600.00,1500.00,57.69,2023,2023
AMINOSOL,1,50.00,2600.00,1800.00,69.23,2017,2017
COBBAL,1,10.00,2600.00,1920.00,73.85,2017,2017
LOWAS 10MG,2,8.00,2600.00,1360.00,52.31,2018,2018
FLUCONABAS,1,20.00,2600.00,2200.00,84.62,2017,2017
ENDOTRACHEAL TUBE PARTNERS 6.0,2,21.00,2590.00,1624.00,62.70,2023,2023
ENDOTRACHEAL TUBE CUFFED 5.0MM (ORMED),1,29.00,2581.00,1247.00,48.31,2023,2023
ENDOTRACHEAL TUBE PARTNERS 4.0,2,21.00,2580.00,1320.00,51.16,2023,2023
NELATON CATHETER FR.8 (ORMED),3,50.00,2570.00,1870.00,72.76,2024,2025
TRASH BAG - YELLOW - MEDIUM,1,4.00,2556.00,1956.00,76.53,2022,2022
SURGICAL SCISSOR (STRAIGHT MAYO) STAINLESS STEEL OLTEN,2,6.00,2550.00,1950.00,76.47,2023,2023
CHLORAMPHENICOL 125MG SUSP CHLOROLEM,1,50.00,2550.00,800.00,31.37,2023,2023
DISPOSABLE NEEDLE G20 (INDOPLAS),1,12.00,2532.00,732.00,28.91,2025,2025
ELAVIL 300MG,2,6.00,2523.50,0.00,0.00,2019,2019
J. CHEMIE HYDROGEN PEROXIDE 120ML,1,24.00,2520.00,0.00,0.00,2019,2019
GASTROCIN 225MG/200MG/5ML 120ML,2,45.00,2508.75,-191.25,-7.62,2023,2025
ELASTIC BANDAGE 3X5 (INDOPLAS),3,80.00,2504.00,584.00,23.32,2024,2025
PHILCLOX,1,500.00,2500.00,1675.00,67.00,2017,2017
DISPOSABLE BABY DIAPER SMALL NON WOVEN (HEXACARE),1,5.00,2500.00,1500.00,60.00,2024,2024
HEMOVIT 325MG,1,5.00,2500.00,2025.00,81.00,2021,2021
CETOCIN 10IU/ML,2,2.00,2500.00,1130.00,45.20,2018,2018
AIR PURIFIER - KAISA VILLA,1,1.00,2500.00,1300.00,52.00,2021,2021
ANALMIN,1,1000.00,2500.00,1920.00,76.80,2017,2017
IRBEQ 300MG,1,1.00,2500.00,1745.00,69.80,2023,2023
DISPOSABLE SYRINGE 50CC 21GX1-1/2 (COSMED),1,5.00,2500.00,1250.00,50.00,2023,2023
ADULT IDENTIFICATION BRACELET TOPCARE,1,5.00,2500.00,970.00,38.80,2023,2023
METRAM 500MG,1,20.00,2500.00,840.00,33.60,2025,2025
KINGFLOXACIN,1,2.00,2500.00,2499.98,100.00,2019,2019
URISOL 100MG TAB,4,13.00,2490.00,1688.00,67.79,2023,2025
FOLDED CLIP BOARD PLASTIC,1,10.00,2490.00,1870.00,75.10,2023,2023
ROOM THERMOMETER DIGITAL HYDROMETER,2,4.00,2488.00,-312.00,-12.54,2023,2023
"PAGBILAO # 2,490.00",1,1.00,2481.00,1202.00,48.45,2025,2025
PARACETAMOL MYREX 250MG/5ML,3,71.00,2480.00,1415.00,57.06,2022,2023
GLASS SLIDE FROSTED-GROUND,2,10.00,2475.00,1875.00,75.76,2022,2022
VITCEE ASCORBIC ACID 100MG DROPS,2,40.00,2470.00,1870.00,75.71,2021,2022
GLOVES VINYL MEDIUM - DR. CARE,1,5.00,2470.00,1570.00,63.56,2020,2020
GLOVES MEDIUM LATEX NONSTERILE (PROCARE),1,10.00,2470.00,470.00,19.03,2023,2023
SAPHCLAZIDE-80,1,4.00,2468.00,2048.00,82.98,2023,2023
SITIFIX 100MG/5ML,1,24.00,2467.68,595.68,24.14,2025,2025
TELSITAN-40,1,1.00,2450.00,2246.00,91.67,2023,2023
LAID CANON LONG 85GSM,2,50.00,2450.00,575.00,23.47,2022,2023
GLOVES MEDIUM LATEX NONSTERILE (SCHULLERMED),1,10.00,2450.00,250.00,10.20,2025,2025
ZELECTA 400MG,3,4.00,2430.00,202.50,8.33,2018,2019
DOBUBAX 12.5MG/ML 20ML,2,10.00,2430.00,1050.00,43.21,2023,2023
CHROMIC 3/0 ROUND BROWN (TUDOR),2,5.00,2426.00,0.00,0.00,2023,2023
BLOOD TYPING SERA : ANTI C 1X10ML (EPICLONE),1,3.00,2421.00,321.00,13.26,2025,2025
CEFUCAPH,1,50.00,2420.00,1970.00,81.41,2017,2017
FERROUS 220MG/5ML,2,110.00,2420.00,550.00,22.73,2018,2018
MILGESIC FORTE 500MG TAB,4,22.00,2410.00,1376.00,57.10,2023,2024
BALLPEN ORDINARY FINE POINT 0.5 BLACK (FLEXSTICK),2,185.00,2410.00,1207.50,50.10,2023,2023
HYDROGEN PEROXIDE 3% 10VOL (AGUAPER),1,24.00,2400.00,-5280.00,-220.00,2024,2024
EUROMED 0.9% SODIUM CHLORIDE 9MG/ML 50ML,1,30.00,2400.00,1215.00,50.63,2024,2024
PNSS 500ML,1,20.00,2400.00,800.00,33.33,2021,2021
ZOEY PHOTO PAPER A-4 180GSM,1,30.00,2400.00,900.00,37.50,2023,2023
SPECIMEN CUP NON STERILE GREEN 60ML,2,600.00,2400.00,-1200.00,-50.00,2023,2023
NIPPLE & CUT CONNECTOR,1,3.00,2400.00,1200.00,50.00,2020,2020
LACTATED RINGERS SOLUTION,2,48.00,2400.00,120.00,5.00,2018,2018
NURAMINE FORTE,2,2.00,2400.00,0.00,0.00,2019,2019
GENTACARE,2,80.00,2400.00,0.00,0.00,2017,2017
METOPROLOL 500MG - RITEMED,2,80.00,2400.00,2140.00,89.17,2019,2020
EDIXIN 250MG/5ML,1,50.00,2400.00,850.00,35.42,2025,2025
DISPOSABLE DIAPER ADULT LARGE (EVERWELL),2,6.00,2398.20,1378.20,57.47,2024,2025
SKANT 250MG TAB,1,3.00,2397.75,1413.75,58.96,2025,2025
X-RAY FILM DEVELOPER POWDER,1,2.00,2397.60,477.60,19.92,2023,2023
CLODIN 150MG TAB,2,2.00,2390.00,1530.00,64.02,2023,2023
FACE MASK NONE WOVE EARLOOP OF 3 PLY BLUE -SURGITECH,8,22.00,2390.00,1400.00,58.58,2018,2020
K-ZOL,2,23.00,2371.00,1569.00,66.17,2022,2023
CAPILLARY NA-HEPARINIZED MICRO HAEMATOCRIT : RED TIN TUBE (HIRSCHMAN),1,10.00,2370.00,570.00,24.05,2025,2025
SURGICAL BLADES S15 (PARTNERS),3,6.00,2364.00,744.00,31.47,2025,2025
LED LIGHT BULB 15WATTS,1,10.00,2350.00,850.00,36.17,2024,2024
LED LIGHT BULB 9WATTS,1,10.00,2350.00,1350.00,57.45,2024,2024
CONTRACTION GLOVES RUBBER PALM COATED HEAVY DUTY,1,10.00,2350.00,1760.00,74.89,2023,2023
METOCLOSIL 5MG/ML,1,5.00,2349.75,2024.75,86.17,2022,2022
BOUQUET FLOWERS,1,3.00,2340.00,840.00,35.90,2022,2022
LYSOL 1GAL,1,1.00,2340.00,340.00,14.53,2020,2020
RAPH C 100MG/5ML 60ML,1,36.00,2340.00,1683.00,71.92,2025,2025
PORFEVER 150MG/ML,3,34.00,2335.20,1103.20,47.24,2023,2023
TERMAGEN 100MG/ML DROPS,2,48.00,2330.40,1524.00,65.40,2017,2017
AMBU BAG MANUAL RESUSCITATOR ADULT-PARTNERS,1,1.00,2329.00,829.00,35.59,2023,2023
AMBU BAG MANUAL RESUSCITATOR PEDIA-PARTNERS,1,1.00,2329.00,679.00,29.15,2023,2023
KIDDIREL 15ML,3,27.00,2328.00,1221.00,52.45,2023,2025
NON-REBREATHING MASK ADULT (ORMED),2,15.00,2325.00,825.00,35.48,2023,2023
COMBIZOLE 800/160MG,1,3.00,2325.00,1950.00,83.87,2022,2022
SUPRAFIX DS 100MG/5ML SUSPENSION,1,20.00,2320.00,440.00,18.97,2023,2023
ROVASU-20 20MG,1,4.00,2318.40,1034.40,44.62,2023,2023
ELASTIC BANDAGE 6X5 (INDOPLAS),2,56.00,2312.00,-376.00,-16.26,2025,2025
COTTON BALLS- TENDERSOFT 300'S,3,25.00,2310.00,310.00,13.42,2023,2023
FOLDER 14PTS SHORT,4,5.00,2306.00,931.00,40.37,2023,2023
"X-RAY FILM ENVELOPE 10""X 12""",2,5.00,2303.00,803.00,34.87,2023,2023
GOPRIME IV,1,5.00,2300.00,1150.00,50.00,2024,2024
LUBRICATING JELLY 3G (SURGITECH),1,2.00,2300.00,800.00,34.78,2023,2023
COTTON BALLS- TENDERSOFT,1,20.00,2300.00,-1280.00,-55.65,2022,2022
LIDOPHIL 20MG/ML (2% W/V),1,20.00,2280.00,1400.00,61.40,2024,2024
BATUTA,1,12.00,2280.00,1320.00,57.89,2023,2023
SUREGUARD PREGNANCY RAPID TEST CASSETTE,3,6.00,2280.00,0.00,0.00,2022,2022
LAMPIN FABRIC CLOTH GAUZE SIZE 38X16'',1,5.00,2275.00,525.00,23.08,2023,2023
TUDOR - SILK BLACK BRAIDED NON ABSORBABLE SUTURE 2-0 CURVED CUTTING - 75CM,1,3.00,2250.00,1500.00,66.67,2023,2023
ZANTRACID,1,5.00,2250.00,2075.00,92.22,2018,2018
ZANTRICID 25MG/ML,1,5.00,2250.00,2075.00,92.22,2018,2018
KARVIDOL 25MG,3,4.00,2250.00,1905.00,84.67,2020,2023
EXPANDABLE PLASTIC ENVELOPE LONG,1,150.00,2250.00,-300.00,-13.33,2023,2023
ZENOBLOC 50,1,500.00,2250.00,1525.00,67.78,2017,2017
PHENEREX,2,3.00,2250.00,1800.00,80.00,2022,2023
MEDIPLAST ASSORTED,1,14.00,2250.00,1525.50,67.80,2022,2022
GLOVES (M) - DR. CHOICE,2,5.00,2250.00,975.00,43.33,2022,2022
CEFRALON 500MG,1,1.00,2250.00,1503.00,66.80,2017,2017
NUTRI Z 250ML,1,12.00,2244.00,1440.00,64.17,2017,2017
(L) DISPOSABLE GLOVES VINYL AIEL,1,8.00,2240.00,0.00,0.00,2022,2022
DEBTAN,1,1400.00,2240.00,1890.00,84.38,2017,2017
HYCLENS WOUND SPRAY 120ML AEROSOL,2,4.00,2240.00,0.00,0.00,2023,2023
LIDOCANE 2%,1,15.00,2235.00,1560.00,69.80,2017,2017
PROPOFOL 10MG/ML (20MG/20ML),1,6.00,2220.00,1560.00,70.27,2023,2023
DOMEX - 1LITER,1,5.00,2220.00,1362.50,61.37,2022,2022
ERGOMET 200MCG/ML,1,7.00,2218.30,692.30,31.21,2025,2025
FORAIR 250 25MCG/250MCG,1,5.00,2200.00,675.00,30.68,2021,2021
SPUTUM CUP BLUE,1,50.00,2200.00,1975.00,89.77,2023,2023
LORASAPH 10MG TAB,1,10.00,2200.00,1150.00,52.27,2023,2023
GENERIC DOXYCYCLINE 100MG,1,1.00,2200.00,2110.00,95.91,2020,2020
OXYNOX,2,8.00,2200.00,772.00,35.09,2018,2018
ECG PAPER 63X30,1,20.00,2200.00,900.00,40.91,2023,2023
CAUTERY PENCIL (ELECTRO SURGICAL PRODUCTS),1,4.00,2200.00,600.00,27.27,2023,2023
SPECIMEN CUP WITH CALIBRATION,1,50.00,2200.00,1850.00,84.09,2022,2022
LIVER GOLD,1,2.00,2200.00,1360.00,61.82,2019,2019
DISPOSABLE SYRINGE WITH NEEDLE 5CC- LUER LOCK TIP (TERUMO),1,2.00,2196.00,696.00,31.69,2025,2025
MYREVIT-C 500MG TAB,3,110.00,2195.00,1735.00,79.04,2023,2025
AGORAM 50MG CAP,1,10.00,2192.50,922.50,42.08,2025,2025
FOLDER W/ TAB LEGAL 100'S/PACK,1,5.00,2175.00,-175.00,-8.05,2023,2023
AMIODEX 50MG/ML (150MG/3ML),1,0.50,2171.25,1288.75,59.36,2025,2025
ARMSLING LARGE,2,18.00,2160.00,1296.00,60.00,2024,2024
ASMAMED,1,60.00,2160.00,0.00,0.00,2019,2019
POVIDONE IODINE 60ML,2,24.00,2160.00,540.00,25.00,2018,2018
COLORED FOLDER DIVIDER LEGAL,2,10.00,2160.00,1880.00,87.04,2023,2023
FANCY FOLDER LEGAL,3,4.00,2155.00,355.00,16.47,2023,2023
HYCLENS 0.12% GARGLE 500ML,1,3.00,2154.00,0.00,0.00,2019,2019
BLOOD TYPING SERA : ANTI A 1X10ML (EPICLONE),1,3.00,2151.00,411.00,19.11,2025,2025
BLOOD TYPING SERA : ANTI B 1X10ML (EPICLONE),1,3.00,2151.00,411.00,19.11,2025,2025
WHITE LED 85% ENERGY SAVINGS MERCURY FREE 12 WATTS FIREFLY,1,10.00,2140.00,650.00,30.37,2023,2023
TAMSUSAPH 400MCG,1,1.00,2130.00,1595.00,74.88,2023,2023
FOLDER ORDINARY WHITE LONG 100'S,3,3.50,2130.00,305.00,14.32,2023,2024
BABY WIPES,3,56.00,2128.00,448.00,21.05,2023,2023
PIPETTE TIPS:BLUE WITHOUT CROWN 1000UL 500'S,1,5.00,2125.00,625.00,29.41,2025,2025
BAYGON - MULTI INSECT KILLER 465G,2,53.00,2124.00,1271.08,59.84,2022,2023
FLORVAST 80 - 80MG,1,1.00,2121.00,1586.00,74.78,2023,2023
"NYSTRIN 100,000 IU/ML",2,14.00,2119.40,887.40,41.87,2025,2025
FOLDER A4,3,53.00,2119.00,1589.00,74.99,2022,2023
ACETIC ACID 5%,1,3.00,2106.00,1293.75,61.43,2021,2021
BICARGEN 650MG TAB,3,16.67,2105.00,1000.00,47.51,2024,2025
WALIS TINGTING,2,60.00,2100.00,300.00,14.29,2023,2023
SHOECOVER,2,8.00,2100.00,-140.00,-6.67,2023,2023
METSOBET 1G,1,30.00,2100.00,1260.00,60.00,2023,2023
FOLEY BALLOON CATHETER SILICONE COATED 2 WAY FR.16 - SIMPLEX,1,20.00,2100.00,1450.00,69.05,2020,2020
NATRAVOX 642.9MG/5ML,1,6.00,2100.00,42.00,2.00,2025,2025
DULCOLAX,3,12.00,2100.00,460.80,21.94,2022,2023
ROSUBOLIC 10MG TAB,1,3.00,2097.75,1515.75,72.26,2025,2025
SPHYGMOMANOMETER PEDIA TOPCARE,1,1.00,2097.00,1447.00,69.00,2025,2025
ELASTIC BANDAGE 4X5Y - SURGITECH,3,42.00,2096.00,1328.00,63.36,2023,2023
WARDING BOX MEDIUM BEIGE,1,1.00,2090.00,1469.50,70.31,2025,2025
WARDING BOX MEDIUM WHITE,1,1.00,2090.00,1469.50,70.31,2025,2025
LACTUSAPH 3.35G/5ML,2,10.00,2087.50,1077.50,51.62,2024,2024
"BLADE HOLDER SIZE #4, 5 1/4",1,8.00,2080.00,1040.00,50.00,2025,2025
NAHALGESIC 500MG,3,20.00,2068.00,1266.04,61.22,2019,2020
GLOVES S8 LATEX STERILE (GLOMED),1,2.00,2056.00,456.00,22.18,2023,2023
FEROLEM 150MG/5ML (30MG/5ML),1,27.00,2052.00,1539.00,75.00,2024,2024
OMEGA 30ML,2,24.00,2040.00,1262.64,61.89,2019,2020
FUJI X-RAY FILM 8X10,1,1.00,2030.00,-470.00,-23.15,2023,2023
PHILVASC 5MG,4,7.00,2030.00,1799.00,88.62,2019,2020
FLUIFORT-M 50MG/ML DROPS,1,26.00,2028.00,1436.50,70.83,2017,2017
URINE BAG 2000ML - ORMED,1,75.00,2025.00,450.00,22.22,2023,2023
FEONA FZ 48MG/22.5MG/500MCG,1,3.00,2006.55,1481.55,73.84,2024,2024
T.TUBE FR.18,1,5.00,2000.00,975.00,48.75,2024,2024
PAPER FASTERNER PLASTIC,2,40.00,2000.00,720.00,36.00,2023,2023
URINOX 400MG,1,7.00,2000.00,1149.50,57.48,2020,2020
IV EXTENSION TUBE,1,20.00,2000.00,1000.00,50.00,2020,2020
GLOVES MEDIUM VINYL NONSTERILE (GLOMED),1,200.00,2000.00,-28000.00,-1400.00,2023,2023
DISPOSABLE ABSORBENT PGA CUTTING SIZE 1 & 3,1,2.00,2000.00,1400.00,70.00,2023,2023
NITRILE DISPOSABLE GLOVES LARGE PANAMED,1,6.00,1998.00,498.00,24.92,2023,2023
DISPOSABLE SYRINGE WITH NEEDLE 3CC- LUER LOCK TIP (TERUMO),1,2.00,1996.00,596.00,29.86,2025,2025
PAGBILAO # 3000.00,1,1.00,1985.51,0.00,0.00,2024,2024
TOILET TISSUE 12'S (FEMME),2,11.00,1976.00,821.00,41.55,2023,2023
PROLOL 100MG,2,505.00,1975.00,1125.00,56.96,2017,2019
ANSELL EXCEL,2,10.00,1965.00,955.00,48.60,2023,2023
COPHILAX 5MG,1,10.00,1960.00,1470.00,75.00,2024,2024
ARM SLING SMALL,2,25.00,1955.00,455.00,23.27,2023,2023
ARM SLING LARGE,2,25.00,1955.00,755.00,38.62,2023,2023
INK EPSON L3110 CYAN 003,1,3.00,1950.00,1125.00,57.69,2023,2023
DENTAL SHEET 100/PACK,1,5.00,1950.00,1200.00,61.54,2023,2023
ASEPTO IRRIGATING BULB-PARTNERS,1,30.00,1950.00,450.00,23.08,2023,2023
GLOVES (M) SURRMED,3,7.00,1950.00,0.00,0.00,2018,2019
INSULIN SYRINGE 1ML BD 6MM,1,1.00,1950.00,650.00,33.33,2022,2022
INK EPSON L3110 YELLOW 003,1,3.00,1947.00,1122.00,57.63,2023,2023
INK EPSON L3100 MAGENTA 003,1,3.00,1947.00,1122.00,57.63,2023,2023
INK CARTRIDGE #664 YELLOW (EPSON),1,3.00,1944.00,1119.00,57.56,2023,2023
INK CARTRIDGE #664 MAGENTA (EPSON),1,3.00,1944.00,1119.00,57.56,2023,2023
INK CARTRIDGE #664 BLACK (EPSON),1,3.00,1944.00,1164.00,59.88,2023,2023
INK CARTRIDGE #664 CYAN (EPSON),1,3.00,1944.00,1119.00,57.56,2023,2023
MARKER PERMANENT BULLET TYPE BLACK (PILOT),2,51.00,1938.00,331.50,17.11,2023,2023
DISPOSABLE DIAPER ADULT LARGE (SURE-GUARD),1,7.00,1912.40,722.40,37.77,2025,2025
HONELLE HONEY SALVE,3,14.00,1904.00,952.00,50.00,2018,2023
ELASTIC BANDAGE 2X5 (SURE-GUARD),1,100.00,1900.00,100.00,5.26,2023,2023
AEROSOL MASK PEDIA (ORMED),2,20.00,1900.00,800.00,42.11,2023,2023
LANCET G23 (SURGITECH),2,7.00,1895.00,725.00,38.26,2023,2024
GAUZE BANDAGE 2X10 YARDS,1,10.00,1890.00,880.00,46.56,2025,2025
ZENOBLOC Z 50MG,1,13.00,1885.00,0.00,0.00,2019,2019
ELASTIC BANDAGE 2X5 (INDOPLAS),3,92.00,1876.00,772.00,41.15,2024,2025
CERTIFICATE FRAME A4,1,11.00,1870.00,68.09,3.64,2023,2023
DEXTROSE D50 COLOR RED,1,20.00,1866.60,0.00,0.00,2023,2023
SURGICAL BLADES S12 (PARTNERS),5,5.00,1866.00,486.00,26.05,2023,2025
KYLEMED AMOXICILLIN 250MG,3,66.00,1860.78,0.00,0.00,2019,2019
UMBILICAL CATHETER SIZE#5 (BICAKCILAS),1,10.00,1850.00,750.00,40.54,2023,2023
ENDOTRACHEAL TUBE UNCUFFED 3.5MM (INDOPLAS),1,21.00,1848.00,882.00,47.73,2023,2023
TUDOR- CHROMIC 0-0 ROUND,1,4.00,1840.00,440.00,23.91,2023,2023
ASEPTO IRRIGATING BULB 30ML- SIMPLEX,2,30.00,1840.00,790.00,42.93,2023,2023
CLONIN 150MCG,4,4.00,1833.00,166.50,9.08,2018,2019
SAPHCLAZIDE-60 60MG,3,3.00,1830.00,285.00,15.57,2024,2025
MEDALEM SYRUP,2,30.00,1830.00,1385.00,75.68,2020,2022
MOTIREX 2MG,3,5.00,1815.00,1640.00,90.36,2020,2024
PARACETAMOL MYREX 100MG/ML,3,72.00,1810.00,874.00,48.29,2023,2023
ORANOL 10MG,2,3.00,1808.50,1613.50,89.22,2025,2025
CARBON DIOXIDE REFILL BIG,1,1.00,1800.00,0.00,0.00,2019,2019
DOUBLE OUTLET,1,10.00,1800.00,450.00,25.00,2024,2024
METSOBET 5G,1,10.00,1800.00,1440.00,80.00,2021,2021
URINE COLLECTOR WITH COMFORT FOAM PADDING PEDIA,1,3.00,1800.00,900.00,50.00,2023,2023
OPSITE 20X10 (SMITH AND NEPHEW),1,5.00,1800.00,250.00,13.89,2023,2023
NON STERILE GAUZE 4X4,1,10.00,1800.00,600.00,33.33,2023,2023
FETAL DOPPLER POCKET (SURRLIFE),1,1.00,1800.00,0.00,0.00,2023,2023
CLIP BACKFOLD 32MM 12PCS PE BOX BINDER CLIP,2,40.00,1800.00,400.00,22.22,2023,2023
HISTAZYN,1,200.00,1800.00,1708.00,94.89,2017,2017
VENTRY,1,100.00,1800.00,1765.00,98.06,2017,2017
AGLOTAC,1,40.00,1800.00,1640.00,91.11,2017,2017
TOILET TISSUE - PER PCS,1,100.00,1800.00,0.00,0.00,2022,2022
TOMCACIN,1,10.00,1800.00,1200.00,66.67,2017,2017
ISOPROPYL ALCOHOL TOP BRIGHT,1,6.00,1800.00,60.00,3.33,2022,2022
PROLOL 50MG TAB,3,12.00,1795.00,1075.00,59.89,2023,2024
"BP APPARATUS, MANUAL",1,2.00,1790.00,0.00,0.00,2019,2019
MYGEL BLUE,3,18.00,1788.00,1381.50,77.27,2022,2023
ENDOTRACHEAL TUBE CUFFED 7.0MM (PARTNERS),1,20.00,1780.00,580.00,32.58,2023,2023
WHITE FLOWER OIL,2,20.00,1780.00,798.50,44.86,2019,2020
CERVICAL COLLAR SMALL,1,2.00,1770.00,670.00,37.85,2023,2023
SUCTION CATHETER WITH FINGER CONTROL FR14 (SIMPLEX),1,2.00,1760.00,1732.80,98.45,2023,2023
HBW BLUE BALLPEN,2,4.00,1760.00,1160.00,65.91,2023,2023
SOLZINC 70MG/5ML SYR,1,20.00,1760.00,1220.00,69.32,2019,2019
B-LACT 3.35G/5ML 120ML SYRUP,1,10.00,1752.50,732.50,41.80,2025,2025
POVIDONE IODINE 10% 1G (BETASOL),1,1.00,1750.00,900.00,51.43,2023,2023
POVIDONE IODINE 7.5% 1G (JCHIEME),1,1.00,1750.00,700.00,40.00,2023,2023
HYDROGEN PEROXIDE AGUAPER,1,50.00,1750.00,500.00,28.57,2023,2023
FOLEY CATHETER 2WAY FR18 30ML (KENXIN),1,30.00,1740.00,690.00,39.66,2023,2023
CRUTCHES PAIR,1,2.00,1736.00,736.00,42.40,2024,2024
HER CHOICE,1,100.00,1725.00,0.00,0.00,2019,2019
AGLIC MR 30MG,1,4.00,1712.00,1452.00,84.81,2024,2024
COTTON APPLICATOR STICKS-SIMPLEX,1,10.00,1710.00,0.00,0.00,2023,2023
BIOGIC 125MG / 5ML,7,131.00,1702.00,377.00,22.15,2022,2023
RENALEAF 500MG,2,2.00,1700.00,1125.00,66.18,2021,2022
TOURNIQUET,4,47.00,1700.00,1173.00,69.00,2020,2023
ICE BAG REINFORED SIZE 6 (ADVAN),2,10.00,1700.00,700.00,41.18,2023,2023
FOLEY CATHETER 2WAY FR22 (UROSENZ),1,20.00,1700.00,700.00,41.18,2023,2023
FOLEY CATHETER 2WAY FR20 (UROSENZ),1,20.00,1700.00,700.00,41.18,2023,2023
AEROSOL MASK ADULT (ORMED),2,20.00,1700.00,720.00,42.35,2023,2023
STERILE LUBRICATING JELLY,1,1.00,1700.00,875.00,51.47,2022,2022
AMLOTEC 5MG,12,30.00,1692.00,1105.00,65.31,2018,2020
ENDOTRACHEAL TUBE CUFFED 6.0MM (PARTNERS),1,19.00,1691.00,551.00,32.58,2023,2023
SKIN STAPLER (SURGITECH),2,6.00,1680.00,480.00,28.57,2023,2023
ORMED NEOTAPE,2,60.00,1680.00,510.00,30.36,2018,2018
XRAY ENVELOPE 14X17,2,3.00,1680.00,-270.00,-16.07,2025,2025
ZINLUM 55MG/ML 60ML,1,20.00,1680.00,1240.00,73.81,2024,2024
RIBER 500 MG TABLET,5,1003.00,1678.80,598.80,35.67,2021,2023
GLOVES (L) - SUPREME,4,7.00,1665.00,755.00,45.35,2019,2020
RHEA 50MG,3,2.00,1650.00,394.00,23.88,2022,2023
LUBRICATING JELLY 150G (NOBRAND),1,12.00,1644.00,84.00,5.11,2023,2023
MONTRIL 4MG,1,4.00,1636.00,0.00,0.00,2019,2019
PILOT MARKER BLACK,3,44.00,1630.00,303.00,18.59,2022,2023
GASTRODOL-H 10MG,1,6.00,1620.00,240.00,14.81,2025,2025
XRAY ENVELOPE 14X14,2,3.00,1605.00,75.00,4.67,2025,2025
WALIS TINGTING (HARD),1,50.00,1600.00,100.00,6.25,2023,2023
PHILIPPINE FLAG,2,8.00,1600.00,480.00,30.00,2023,2023
TRIFEX 100MG\ML,2,4.00,1600.00,600.00,37.50,2018,2018
FLASH DRIVE 32GB (KINGSTON),2,4.00,1600.00,600.00,37.50,2023,2023
FLASH DRIVE 64GB (DAHUA),1,2.00,1600.00,1050.00,65.63,2023,2023
CORKBOARD 2X3 WITH FRAME,1,2.00,1600.00,140.00,8.75,2023,2023
VHELLOX 250MG,2,80.00,1600.00,1424.00,89.00,2019,2020
MEDICAL OXYGEN 25 POUNDS - REFILL,1,8.00,1600.00,-3200.00,-200.00,2025,2025
FOLEY CATH 2WAY F20 / F22 / F24,2,20.00,1600.00,350.00,21.88,2018,2018
COTTON ROLL 400G GINGERMED,1,8.00,1600.00,-80.00,-5.00,2022,2022
FOLEY CATH 2WAY F14 / F16 / F18,2,2.00,1600.00,0.00,0.00,2019,2019
ISORDIL 5MG TABLET,1,2.00,1598.50,-3615.50,-226.18,2025,2025
NYLON #300,1,2.00,1596.00,836.00,52.38,2022,2022
MYGEL RED,3,16.00,1589.00,1241.00,78.10,2022,2023
ALLECUR 10MG TAB,3,11.00,1585.00,1321.00,83.34,2023,2024
ENDOTRACHEAL TUBE UNCUFFED 3.0MM (PARTNERS),1,18.00,1584.00,504.00,31.82,2023,2023
DARYL 125MG/5ML,4,47.00,1578.00,732.00,46.39,2022,2023
INSULIN SYRINGE BD G.31,1,1.00,1575.00,1025.00,65.08,2020,2020
THORACOTOMY F28,3,3.00,1570.00,370.00,23.57,2018,2018
VACUTAINER RED TOP NO ADDITIVE 3ML 100'S (VACUGEN),1,3.00,1566.00,90.00,5.75,2025,2025
DISPOSABLE DIAPER ADULT LARGE (DR.CARE),1,5.00,1565.00,665.00,42.49,2023,2023
HYCLENS 0.12% GARGLE,1,12.00,1560.60,0.00,0.00,2018,2018
SIGN HERE FLAG STICKY NOTES 1X1,1,20.00,1560.00,760.00,48.72,2024,2024
DIAHIST 12.5MG/5ML,2,60.00,1560.00,600.00,38.46,2023,2023
BIOGIC 125MG SUS,1,40.00,1560.00,0.00,0.00,2023,2023
GLOVES (MEDIUM),2,5.00,1560.00,910.00,58.33,2018,2018
DISPOSABLE SYRINGE 20CC 23GX1 (SURESHOT),1,2.00,1554.00,714.00,45.95,2023,2023
CLEAR BOOK SHORT,3,20.00,1550.00,1060.00,68.39,2023,2023
GLOTREX 500MG/5ML,7,78.00,1550.00,-6400.00,-412.90,2019,2021
IRBEXCEL 150MG,1,10.71,1545.00,0.00,0.00,2025,2025
NOBUTOL 2MG SYR,1,22.00,1540.00,1276.00,82.86,2019,2019
TOILET BRUSH,1,12.00,1536.00,1116.00,72.66,2022,2022
PREDNIVEX-4 4MG,3,10.00,1530.00,-534.00,-34.90,2023,2023
PHILPRIN 80MG,3,17.00,1530.00,656.00,42.88,2023,2025
BIOMEF 500MG,1,10.00,1530.00,610.00,39.87,2023,2023
CLOXACIN 250MG/5ML,1,40.00,1521.20,281.20,18.49,2025,2025
MYREX,1,20.00,1520.00,1265.00,83.22,2017,2017
PLASTER OF PARIS BANDAGE 6X5,1,8.00,1520.00,920.00,60.53,2025,2025
MEFENAMIC ACID 500MG - RITEMED,3,110.00,1520.00,1172.00,77.11,2019,2023
STAMPAD INK,2,40.00,1510.00,750.00,49.67,2023,2023
WOOD THERMOMETER,1,2.00,1504.00,1064.00,70.74,2024,2024
ENERZINC DROPS,3,18.00,1500.00,1041.00,69.40,2018,2020
PREGNANCY SKIRT,1,5.00,1500.00,500.00,33.33,2021,2021
EXPANDABLE ENVELOPE LONG,1,50.00,1500.00,950.00,63.33,2024,2024
OXYGEN TANK REGULATOR - YR88,1,1.00,1500.00,200.00,13.33,2021,2021
TISSUE FORCEPS W/O TEETH STAINLESS STEEL 6.5'' OLTEN,1,3.00,1500.00,1050.00,70.00,2023,2023
TISSUE FORCEPS WITH TEETH STAINLESS STEEL 6.5'' OLTEN,1,3.00,1500.00,690.00,46.00,2023,2023
STRAIGHT KELLY FORCEPS STAINLESS STEEL 6.5'' OLTEN,1,3.00,1500.00,1050.00,70.00,2023,2023
SILICONE NASOGASTRIC TUBE FR.12 (SURGITECH),1,5.00,1500.00,600.00,40.00,2023,2023
BEDDINGS,1,5.00,1500.00,750.00,50.00,2021,2021
SAFEGUARD 90G,1,30.00,1500.00,0.00,0.00,2023,2023
PARAGESIC 250MG,1,2.00,1500.00,778.00,51.87,2023,2023
OVUM FORCEPS STAINLESS STEEL 6.5'' OLTEN,1,3.00,1500.00,690.00,46.00,2023,2023
MOSQUITO FORCEPS STAINLESS STEEL 6.5'' OLTEN,1,3.00,1500.00,1050.00,70.00,2023,2023
NEEDLES G.22,1,2.00,1500.00,1000.00,66.67,2020,2020
IDENTIFICATION BRACELET CHILD PARTNERS,1,3.00,1500.00,582.00,38.80,2023,2023
EXTENSION TUBE 100CM (ORMED),1,30.00,1500.00,600.00,40.00,2023,2023
DENTAL SHEET,1,5.00,1500.00,1475.00,98.33,2020,2020
DISPOSABLE NEEDLE AGANI G25 X5/8 (TERUMO),1,3.00,1500.00,600.00,40.00,2023,2023
AMECIRON TABLET,1,4.00,1500.00,1240.00,82.67,2020,2020
CURVE FORCEPS STAINLESS STEEL 6.5'' OLTEN,1,3.00,1500.00,1050.00,70.00,2023,2023
CORRECTION TAPE ODVEN,1,10.00,1500.00,1350.00,90.00,2023,2023
MAROZEL 40MG,2,1.00,1500.00,640.00,42.67,2018,2018
CHROMIC 4/0 ROUND BODIED BROWN (TUDOR),1,3.00,1500.00,492.00,32.80,2023,2023
CHROMIC 2/0 ROUND CURVED CUTTING BROWN (TUDOR),1,3.00,1500.00,600.00,40.00,2023,2023
CHROMIC 4/0 CURVED CUTTING BROWN (TUDOR),1,3.00,1500.00,600.00,40.00,2023,2023
MAROZEL 20MG,2,2.00,1500.00,570.00,38.00,2018,2018
ADHESIVE TAPE BANDAGE 100'S,1,5.00,1500.00,1000.00,66.67,2023,2023
TETOX,1,10.00,1500.00,1000.00,66.67,2017,2017
FLORA 200,1,200.00,1500.00,1110.00,74.00,2017,2017
LEMZINC 10MG/ML,1,30.00,1500.00,900.00,60.00,2025,2025
CEPRIME 20MG/ML,1,10.00,1500.00,490.00,32.67,2025,2025
CORSAGE,1,10.00,1500.00,500.00,33.33,2022,2022
TRASH BIN,1,6.00,1500.00,750.00,50.00,2024,2024
NEEDLE HOLDER STAINLESS STEEL 6.0 PAKISTAN,1,3.00,1497.00,1302.00,86.97,2023,2023
DUBAMOL 10MG TAB,1,5.00,1496.25,1101.25,73.60,2025,2025
RANITEIN 150MG TAB,2,6.00,1493.75,893.75,59.83,2023,2024
DIAMIR 30MG TAB,1,10.00,1490.00,925.00,62.08,2025,2025
GAUZE ROLL 3X6,1,37.00,1480.00,772.56,52.20,2020,2020
BALLPEN 0.5 BLACK (MYGEL),1,15.00,1470.00,1065.00,72.45,2023,2023
SPUTUM CUP WITH SPOON,1,117.00,1462.50,877.50,60.00,2024,2024
NOTEBOOK SPIRAL 80 LEAVES,1,50.00,1462.50,462.50,31.62,2024,2024
HYCLENS 4% SKIN CLEANSER,2,2.00,1460.00,0.00,0.00,2018,2019
RETAPROBAN 20MG/G (2% W/W) 5G,2,20.00,1456.00,616.00,42.31,2025,2025
DIALIX 2.5MG/ML,2,41.00,1455.50,594.50,40.85,2025,2025
CARLIDOX,1,500.00,1450.00,1110.00,76.55,2017,2017
OPIDEX,1,5.00,1450.00,900.00,62.07,2017,2017
FACEMASK WHITE,1,10.00,1450.00,1000.00,68.97,2023,2023
IBUFEN 400MG,1,10.00,1445.00,775.00,53.63,2023,2023
APLIN-ORS LYCHEE 4.1G,1,8.33,1442.50,0.00,0.00,2025,2025
SILICONE NASOGASTRIC TUBE FR.18 (PARTNERS),1,5.00,1440.00,490.00,34.03,2024,2024
J. CHEMIE HYDROGEN PEROXIDE 60ML,1,24.00,1440.00,0.00,0.00,2019,2019
LANCET G21,1,3.00,1431.00,231.00,16.14,2025,2025
PAPER CLIP BIG,3,23.00,1428.00,876.00,61.34,2023,2023
DIACIEL 10MG/5ML,2,56.00,1426.00,754.00,52.88,2023,2024
MICRO CENTRIFUGE TUBE 1.5MLX500'S TRULAB,1,1.00,1420.00,330.00,23.24,2023,2023
FIRSTMED ROSUVASTATIN 10MG,1,1.00,1420.00,1315.00,92.61,2023,2023
VENTOMAX 2MG/5ML 60ML SYRUP,1,71.00,1420.00,284.00,20.00,2025,2025
ELASTIC BANDAGE 3X5 (SURGITECH),2,46.00,1416.00,36.00,2.54,2023,2023
PORTABLE BUTANE STOVE 101 GEM,1,1.00,1401.98,507.98,36.23,2021,2021
PROMEZIN,3,11.00,1400.00,1620.00,115.71,2017,2020
DROP LIGHT,1,2.00,1400.00,-1400.00,-100.00,2019,2019
BUSCOPAN 10MG,2,75.00,1400.00,467.20,33.37,2019,2023
TISSUE PAPER 2PLY (FEMME),1,100.00,1400.00,490.00,35.00,2023,2023
ANOLMIN 250MG,2,8.00,1400.00,560.00,40.00,2018,2018
GENERIC FUROSEMIDE 40MG,1,10.00,1400.00,1000.00,71.43,2023,2023
DISPOSABLE DIAPER PANTS PEDIA MEDIUM (HAPPY),1,5.00,1400.00,560.00,40.00,2023,2023
CURTAIN PLAIN FABRIC WITH RING SIZE 215X140CM (CREAM),1,2.00,1400.00,1000.00,71.43,2023,2023
CURTAIN PLAIN FABRIC WITH RING SIZE 215X140CM (BLUE),1,2.00,1400.00,1000.00,71.43,2023,2023
BOUFFANT CAP S21,3,9.00,1400.00,350.00,25.00,2023,2023
ATROPINE SULFATE,1,50.00,1400.00,1000.00,71.43,2017,2017
SELEGESIC,1,40.00,1400.00,1210.00,86.43,2017,2017
"WOODEN APPLICATOR 6""",2,4.00,1398.00,714.67,51.12,2019,2020
DISPOSABLE NEEDLE G18 (ORMED),2,5.50,1397.00,572.00,40.94,2025,2025
CHROMIC 2/0 ROUND BODIED BROWN (TUDOR),1,3.00,1389.00,489.00,35.21,2023,2023
ZITHROBBAS,2,4.00,1388.00,0.00,0.00,2018,2019
AMIODAL 50MG/ML (150MG/3ML),1,1.00,1375.00,194.00,14.11,2025,2025
BP INFLATION BAG RUBBER ADULT (DENJECT),1,10.00,1370.00,220.00,16.06,2023,2023
DULCOLAX 5MG,1,10.00,1360.00,568.00,41.76,2025,2025
MYREVIT-B,5,11.00,1353.00,123.00,9.09,2018,2019
QUINOGEN 500MG,2,3.00,1353.00,-297.00,-21.95,2025,2025
GLOVES SMALL LATEX NONSTERILE (FITONE),1,3.00,1350.00,750.00,55.56,2024,2024
ELIT VELLUM BOARD LONG WHITE 220GSM,1,30.00,1350.00,390.00,28.89,2023,2023
THIAXTAN 50MG/12.5MG,1,2.00,1350.00,0.00,0.00,2019,2019
BOND PAPER A4 (HOKKAIDO),1,5.00,1350.00,505.00,37.41,2023,2023
SISTER NET NIGHT,1,30.00,1350.00,547.50,40.56,2022,2022
KETORIGHT 30MG/ML,1,5.00,1350.00,700.00,51.85,2025,2025
HISTAMOX 12.5MG 60ML SYRUP,1,30.00,1350.00,870.00,64.44,2025,2025
BROXIL M 30MG,1,2.00,1340.00,860.00,64.18,2017,2017
ENDOTRACHEAL TUBE CUFFED 6.5MM (TOPCARE),1,15.00,1335.00,435.00,32.58,2023,2023
NASAL OXYGEN CANNULA PEDIA (SURGITECH),1,38.00,1330.00,570.00,42.86,2025,2025
"PAPER ,MULTICOPY LEGAL SIZE (HARDCOPY)",1,4.00,1324.00,568.00,42.90,2023,2023
METRONIDAZOLE 500MG,1,600.00,1320.00,1014.00,76.82,2017,2017
ISOPTIN 2.5MG,1,2.00,1310.00,815.34,62.24,2022,2022
TRASH BAG BLACK SMALL,1,8.00,1304.00,544.00,41.72,2023,2023
EMBATRIM FORTE 800MG/160MG,1,4.00,1302.00,862.00,66.21,2019,2019
MDVIT DROPS,1,20.00,1300.00,1060.00,81.54,2020,2020
ENDOTRACHEAL TUBE UNCUFFED 3.0MM (SEDASENZ),1,10.00,1300.00,540.00,41.54,2023,2023
DEXAT 500MCG,1,10.00,1300.00,720.00,55.38,2023,2023
DIGITAL FOREHEAD THERMOMETER INFRARED,1,1.00,1297.00,-1703.00,-131.30,2025,2025
WBC DILLUTING FLUID,2,2.00,1293.00,880.20,68.07,2020,2022
HEPARIN CAP - SURGITECH,1,30.00,1290.00,0.00,0.00,2023,2023
XRAY ENVELOPE 11X14,2,3.00,1290.00,90.00,6.98,2025,2025
ZOEY STAPLER W/ STAPLE REMOVER #35,2,5.00,1281.00,531.00,41.45,2023,2023
REGIVASC 10MG,1,10.00,1280.00,0.00,0.00,2023,2023
D50 50ML EUROMED,1,1.67,1280.00,0.00,0.00,2023,2023
PREGNANCY TEST (PARTNERS),1,100.00,1275.00,507.00,39.76,2025,2025
MULTIVITAMINS+MINERAL+IRON CAPSULE (REOROGEN-OB),1,20.00,1260.00,-600.00,-47.62,2023,2023
ROST 10MG,2,2.00,1260.00,210.00,16.67,2018,2018
BATTERY AA EVEREADY 4S,1,10.00,1250.00,481.00,38.48,2024,2024
RECORD BOOK 300'S (ADVANTAGE),1,10.00,1250.00,600.50,48.04,2023,2023
RECORD BOOK 300'S(VANDA),1,10.00,1250.00,620.00,49.60,2023,2023
DEHYDROSOL,1,125.00,1250.00,960.00,76.80,2017,2017
TRINDIL,1,100.00,1250.00,1140.00,91.20,2017,2017
MUZZAPEN-300MG,1,1.50,1246.25,776.75,62.33,2025,2025
AMBLOSYL 5MG TAB,1,5.00,1246.25,1121.25,89.97,2025,2025
VASCOPINE 10MG,3,3.00,1245.00,0.00,0.00,2018,2019
IRRIGATION SYRINGE ASEPTO BULB (SIMPLEX),1,20.00,1240.00,400.00,32.26,2025,2025
BRICALIN 500MCG/ML,1,1.00,1235.00,159.00,12.87,2023,2023
VEXIL 2MG,3,41.50,1215.00,1064.00,87.57,2019,2023
PARATULLE,1,2.00,1210.00,610.00,50.41,2021,2021
BATHROOM SOAP SAFEGUARD,1,24.00,1200.00,318.00,26.50,2019,2019
BATHROOM SOAP,1,24.00,1200.00,0.00,0.00,2019,2019
ERCEFLORA,1,10.00,1200.00,872.00,72.67,2017,2017
COLCHICINE 500MCG,2,4.00,1200.00,318.00,26.50,2018,2018
TEMPAID 125MG/5ML,1,60.00,1200.00,525.00,43.75,2023,2023
PAPER CLIP SMALL,2,22.00,1200.00,-1110.00,-92.50,2023,2023
URINE COLLECTOR (PEDIA),2,2.00,1200.00,550.00,45.83,2018,2018
MUCOMED 25MG TAB,1,10.00,1200.00,550.00,45.83,2023,2023
LUNGEX 2.5MG TABLET,1,5.00,1200.00,915.00,76.25,2023,2023
HOT WATER BAG 1000ML,1,12.00,1200.00,240.00,20.00,2023,2023
FOLEY BALLOON CATHETER 2WAY FR16 5-15CC (SIMPLEX),1,1.00,1200.00,1160.00,96.67,2023,2023
FEBUXOSAPH-40,1,2.00,1200.00,680.00,56.67,2023,2023
SYRINGE 3CC G23X1 PARTNERS,2,17.00,1200.00,792.00,66.00,2022,2023
LABORATORY ALARM CLOCK,1,2.00,1200.00,699.00,58.25,2022,2022
CHOLOROLEM 500MG,1,2.00,1200.00,588.00,49.00,2025,2025
CLAY SEALER VITREX,1,2.00,1200.00,800.00,66.67,2022,2022
DENTAL NEEDLE G27 SHORT-DENJECT,1,3.00,1191.00,141.00,11.84,2023,2023
WHISTLE,1,12.00,1188.00,588.00,49.49,2023,2023
CAPTOR 25MG,5,5.00,1187.50,368.50,31.03,2018,2019
LORAREX 5MG,2,10.00,1181.28,0.00,0.00,2019,2019
MARKER BLACK (PILOT),3,33.00,1179.00,156.00,13.23,2023,2024
WOODEN APPLICATOR STICK : NON STERILE - PARTNERS,2,5.00,1171.00,96.00,8.20,2025,2025
BUDEXA 250MCG/ML (500MCG/2ML),1,1.00,1170.00,585.00,50.00,2023,2023
SORBANCE-5MG,2,3.00,1170.00,885.00,75.64,2019,2019
TRIODONE 200MG TAB,1,1.00,1170.00,409.50,35.00,2022,2022
NASAL OXYGEN CANNULA ADULT (SURGITECH),1,39.00,1170.00,390.00,33.33,2025,2025
HYCLENS SKIN CLEASER 1L,1,1.00,1167.35,616.10,52.78,2020,2020
GLOVES LARGE LATEX NONSTERILE (PROCARE),1,5.00,1165.00,65.00,5.58,2025,2025
STAMP PAD,3,22.00,1164.00,108.00,9.28,2023,2023
HARD COPY SUB#20 LONG,1,5.00,1155.00,315.00,27.27,2022,2022
MILGESIC,1,36.00,1152.00,828.00,71.88,2017,2017
STERILE GLOVES,1,1.00,1150.00,700.00,60.87,2018,2018
GLOVES (STERILE) - SURGITECH / UNIMEX,1,1.00,1150.00,0.00,0.00,2018,2018
DISPOSABLE SYRINGE 10CC - TERUMO,2,100.00,1141.75,-19183.25,-1680.16,2020,2020
URISAM 500MG,2,2.00,1140.00,550.00,48.25,2023,2023
CALMOSEPTINE,1,1.00,1140.00,520.00,45.61,2021,2021
CALCULATOR MX120B (CASIO),1,2.00,1140.00,100.00,8.77,2023,2023
MEDICINE CUP 30ML PLASTIC,4,300.00,1130.00,530.00,46.90,2023,2024
BANTAM PLASTIC STRIPS,1,15.00,1125.00,375.00,33.33,2021,2021
APFOLIC 5MG,1,5.00,1125.00,761.00,67.64,2025,2025
ADHESIVE BANDAGE WOUND DRESSING PARATULLE 10CM X 10M X 1'S,1,25.00,1125.00,175.00,15.56,2025,2025
OVUM FORCEP 9 1/2'' (OLTEN),1,1.00,1120.00,558.00,49.82,2025,2025
XYCLOVIRAX 800MG TAB,1,2.00,1118.50,568.50,50.83,2025,2025
SPIN MOP WITH SPINNER AND BUCKET,1,2.00,1100.00,557.00,50.64,2024,2024
PARA125 125MG/5ML,1,50.00,1100.00,500.00,45.45,2023,2023
MEFESAPH 250MG,2,3.00,1100.00,911.00,82.82,2020,2023
TRANSPORE 0.5X10 1.25CMX9.1M (3M),1,1.00,1100.00,450.00,40.91,2025,2025
MAGAZINE FILE,1,6.00,1098.00,528.00,48.09,2023,2023
DRAB SKIN REAGEANT 500ML - MEDIC,1,1.00,1089.00,859.00,78.88,2022,2022
ULTREINAC 600MG,1,3.00,1080.00,735.00,68.06,2021,2021
ENCLOXIL 125MG/5ML,1,6.00,1080.00,744.00,68.89,2017,2017
LOWAS,1,2.00,1080.00,750.00,69.44,2017,2017
DISINFECTANT SPRAY 170G 227ML (LYSOL),3,4.00,1080.00,225.44,20.87,2023,2023
"SANITARY NAPKIN, NON WING SINGLE PACK 16'",1,8.00,1080.00,0.00,0.00,2019,2019
SONAP 500MG,1,2.00,1080.00,388.00,35.93,2025,2025
CIPRODIN-FC 500MG,1,2.00,1075.00,735.00,68.37,2024,2024
CETIRIGEN 2.5MG/ML,1,30.00,1065.00,435.00,40.85,2025,2025
PREDNISAPH 5MG TAB,1,5.00,1060.00,0.00,0.00,2019,2019
PROLOL 50MG,1,500.00,1050.00,735.00,70.00,2017,2017
MORDEK 150MG,1,1.00,1050.00,735.00,70.00,2017,2017
TISSUE FORCEP 5 1/2 OLTEN,1,1.00,1050.00,872.00,83.05,2022,2022
HUDSON NEB KIT,2,14.00,1050.00,0.00,0.00,2019,2019
FUSEDEX 40MG TAB,1,3.00,1047.75,807.75,77.09,2025,2025
BLEACHING LIQUID ORIGINAL 3785ML ZONROX,1,20.00,1040.00,240.00,23.08,2023,2023
ROZATIN-10 10MG,1,1.00,1032.50,787.50,76.27,2024,2024
KETOPANE 30MG/ML,1,4.00,1032.00,72.00,6.98,2023,2023
CEFIXSAPH-100 100MG/5ML,1,10.00,1028.20,-271.80,-26.43,2025,2025
FUROSEMIDE 20MG TAB GENERIC/DRUGMAKERS,2,2.00,1024.00,940.00,91.80,2019,2019
ENERZINC,2,12.00,1020.00,684.00,67.06,2018,2018
HOT WATER BAG 500ML,1,12.00,1020.00,300.00,29.41,2023,2023
AZIFAST 500MG,2,1.80,1012.50,0.00,0.00,2019,2019
SWITCH SET,1,5.00,1000.00,500.00,50.00,2024,2024
SHARPENER METAL HEAVY DUTY,1,2.00,1000.00,470.00,47.00,2024,2024
E DOL,1,1.00,1000.00,0.00,0.00,2019,2019
PLASTIC MOLDING 3/4,1,10.00,1000.00,250.00,25.00,2024,2024
GLOVES SMALL LATEX NONSTERILE (FUSION),1,2.00,1000.00,600.00,60.00,2024,2024
MUCOMED,1,500.00,1000.00,750.00,75.00,2017,2017
NYLON 4/0 CURVED CUTTING BLUE (TUDOR),1,2.00,1000.00,400.00,40.00,2023,2023
"NYLON,GRASS CUTTER",1,2.00,1000.00,760.00,76.00,2023,2023
NYLON 2/0 CURVED CUTTING BLUE (TUDOR),1,2.00,1000.00,400.00,40.00,2023,2023
NYLON 3/0 CURVED CUTTING BLUE (TUDOR),1,2.00,1000.00,400.00,40.00,2023,2023
"MOUSE,OPTICAL,USB CONNECTION TYPE (LOGITECH)",1,2.00,1000.00,580.00,58.00,2023,2023
MICROSET/PEDIATRIC 60DROPS-FUJIKAWA,1,10.00,1000.00,850.00,85.00,2023,2023
FC FINE PEN BLACK 0.5,1,20.00,1000.00,770.00,77.00,2023,2023
DISPOSABLE SYRINGE 10CC G21X1-SITICARE,1,2.00,1000.00,400.00,40.00,2023,2023
DISPOSABLE ANIMAL RECTAL THERMOMETER DIGITAL FEXIBLE TIP,1,5.00,1000.00,250.00,25.00,2023,2023
AMLOTHIX 10MG,1,5.00,1000.00,790.00,79.00,2023,2023
NERVITA 100MG/5MG/50MCG,1,1.00,1000.00,0.00,0.00,2019,2019
MICROPIPETTE TIPS DESIGN W/ PLASTIC TUBES TAPPED TO A NARROW POINTS COLOR YELLOW,1,1.00,998.00,648.00,64.93,2025,2025
CUREL 500MCG TAB,1,5.00,996.25,446.25,44.79,2025,2025
SPASMOSON 20MG/ML 1ML,1,2.00,990.00,586.00,59.19,2024,2024
DIGITAL EAR THERMOMETER,1,2.00,990.00,514.00,51.92,2024,2024
HAYEM SOLUTION RBC DILUTING FLUID - MEDIC,1,1.00,990.00,641.00,64.75,2022,2022
MOXYLOR 100MG/ML 10ML,3,39.00,987.00,300.00,30.40,2024,2025
DOSIFIX SOLUSET (BBRAUN),1,2.00,980.00,260.00,26.53,2023,2023
ANTI HUMAN GLOBULIN (EPICLONE),1,1.00,980.00,-120.00,-12.24,2025,2025
ENDOTRACHEAL TUBE CUFFED 6.0MM (INDOPLAS),1,11.00,979.00,473.00,48.31,2023,2023
NORMAL SALINE SOLUTION 500ML,1,6.00,978.00,0.00,0.00,2018,2018
EXPANDABLE FOLDER LONG GREEN,1,50.00,975.00,175.00,17.95,2024,2024
MEDICINE CUP 30ML PLASTIC-TOP CARE,3,300.00,975.00,-525.00,-53.85,2023,2023
DATA FILE BOX,1,5.00,975.00,25.00,2.56,2023,2023
GLUCOSE STRIP,1,1.00,975.00,325.00,33.33,2018,2018
GLUCOSE STRIP - EASY TOUCH,1,1.00,975.00,0.00,0.00,2018,2018
NOTEPAD STICK ON 3X4 100'S PAD (HBW),1,12.00,972.00,468.00,48.15,2023,2023
AMBICAL 500MG TAB,3,7.00,970.00,583.00,60.10,2024,2025
PHYTOMEN,1,20.00,960.00,660.00,68.75,2017,2017
NOVACEE 100MG DROPS,1,20.00,960.00,590.00,61.46,2023,2023
C-ZETT 600MG 6G,1,4.00,960.00,384.00,40.00,2023,2023
CETIRILIFE 10MG,2,8.00,959.00,743.00,77.48,2025,2025
DERPSON,1,500.00,950.00,765.00,80.53,2017,2017
MASKING TAPE 2'' (CROCO),2,8.00,950.00,270.00,28.42,2023,2023
LEFESON,1,5.00,950.00,635.00,66.84,2017,2017
DETERGENT POWDER 500G (PRIDE),2,17.00,945.00,168.95,17.88,2023,2023
BIOXOL 30 MG,1,2.00,938.00,872.00,92.96,2019,2019
INSULIN SYRINGE - TERUMO,1,1.00,937.50,187.50,20.00,2020,2020
DISPOSABLE DIAPER PANTS PEDIA LARGE (HAPPY),1,3.00,930.00,372.00,40.00,2023,2023
URINE COLLECTOR PEDIA 100ML (PARTNERS),1,1.00,925.00,555.00,60.00,2024,2024
DIACEF 125MG/5ML,1,10.00,920.00,690.00,75.00,2024,2024
TOOTHED FORCEP 5 1/2'' TISSUE (OLTEN),2,4.00,920.00,-4.00,-0.43,2025,2025
NON TOOTHED FORCEP 5 1/2'' THUMB (OLTEN),1,2.00,920.00,458.00,49.78,2025,2025
SITIBAS-80 80MG,1,2.00,910.00,546.00,60.00,2025,2025
PHENYLOPROPANOLAMINE 60ML,2,62.00,903.50,0.00,0.00,2019,2019
BIOGIC 125MG,1,60.00,900.00,300.00,33.33,2019,2019
SYRINGE 5CC G23X1 100'S CARDINAL,1,1.00,900.00,655.00,72.78,2023,2023
MAYO HEAGAR NEEDLE HOLDER 5 1/2 OLTEN,1,20.00,900.00,-1380.00,-153.33,2023,2023
IDENTIFICATION BRACELET WRITEON WHITE ADULT (KENXIN),2,2.00,900.00,340.00,37.78,2023,2023
ECG THERMAL PAPER 80MMX20M (SIMPLEX),1,1.20,900.00,390.00,43.33,2023,2023
CARTOLINA RED,2,100.00,900.00,200.00,22.22,2023,2023
CARTOLINA WHITE,2,100.00,900.00,200.00,22.22,2023,2023
CARTOLINA YELLOW,2,100.00,900.00,200.00,22.22,2023,2023
CARTOLINA GREEN,2,100.00,900.00,200.00,22.22,2023,2023
CARTOLINA ORANGE,2,100.00,900.00,200.00,22.22,2023,2023
CARTOLINA BLUE,2,100.00,900.00,200.00,22.22,2023,2023
CARTOLINA PINK,2,100.00,900.00,200.00,22.22,2023,2023
MUCOSOLVAN 30MG,1,30.00,900.00,448.80,49.87,2019,2019
SPIRODEN 50MG,2,1.00,900.00,275.00,30.56,2022,2023
FORTIFLEX,1,1.00,900.00,685.00,76.11,2017,2017
EMETIL-10MG,1,10.00,900.00,190.00,21.11,2025,2025
DIGITAL THERMOMETER (BUZZLE),1,5.00,895.00,495.00,55.31,2024,2024
DM MEBENDAZOLE 100MG/5ML,3,25.00,892.80,292.80,32.80,2024,2025
TEMPRA FORTE,2,230.00,890.00,-52.50,-5.90,2019,2023
HBW PERMANENT MARKER BLACK,4,22.00,886.00,458.35,51.73,2022,2023
SUCTION CATHETER FR14 (SURGITECH),1,50.00,880.00,480.00,54.55,2023,2023
SCHEEPRIN,1,400.00,880.00,612.00,69.55,2017,2017
HYDROGEN SOLUTION - 1LITER,1,5.00,875.00,425.00,48.57,2021,2021
FOLDER LONG,1,2.00,870.00,0.00,0.00,2023,2023
ESSPRIN PEDIA,1,2.00,860.00,370.00,43.02,2018,2018
LAVANDER TAC 5ML - SUREGUARD,1,3.00,855.00,-345.00,-40.35,2021,2021
CARBON PAPER LONG,2,3.00,853.00,-1262.00,-147.95,2023,2023
CAPILLARY SEALER FOR MICROHEMATOCRIT TUBE,1,3.00,852.00,312.00,36.62,2025,2025
GUEDEL AIRWAY 60MM SIZE #0 BLACK (ORMED),1,10.00,850.00,470.00,55.29,2024,2024
PIPETTE TIPS:YELLOW WITHOUT CROWN 2000UL 500'S,1,2.00,850.00,250.00,29.41,2025,2025
URINE COLLECTOR PEDIA 200ML,1,10.00,840.00,740.00,88.10,2023,2023
SAPHLECOX-200 200MG,1,2.00,840.00,550.00,65.48,2023,2023
RUBBER BOND SMALL,2,20.00,840.00,380.00,45.24,2023,2023
URINE COLLECTOR,1,2.00,840.00,240.00,28.57,2018,2018
URINE COLLECTOR 100ML - SIMPLEX,1,2.00,840.00,0.00,0.00,2018,2018
IRBEVEX 150MG,1,1.00,840.00,670.00,79.76,2023,2023
BATTERY DRY CELL AAA 2PIECES PER BLISTER PACK EVEREADY,1,6.00,840.00,489.00,58.21,2023,2023
BALLPEN BLUE FINE POINT PILOT,1,30.00,840.00,180.00,21.43,2023,2023
FUROXIDE,1,20.00,840.00,680.00,80.95,2017,2017
CALMSAPH 200MG/100MG,1,4.56,820.34,560.42,68.32,2019,2019
SYMDENX 325MG,1,20.00,820.00,-2280.00,-278.05,2023,2023
WADDING SHEET 6X5,2,11.00,811.00,151.00,18.62,2023,2023
COLD AID 12.5MG/4MG/5ML,1,6.00,810.00,546.00,67.41,2017,2017
BALLPEN RED FINE POINT PILOT,1,30.00,810.00,150.00,18.52,2023,2023
FLEXSTICK BALLPEN,2,30.00,810.00,600.00,74.07,2022,2023
FABER CASTELL BALLPEN,1,30.00,810.00,510.00,62.96,2022,2022
DERPSON 5MG,5,5.00,809.60,557.60,68.87,2021,2023
ENDOTRACHEAL TUBE CUFFED 6.5MM (ORMED),1,9.00,801.00,261.00,32.58,2023,2023
SIGNPEN G-TECH 1.0 V10 BLACK (PILOT),1,10.00,800.00,0.00,0.00,2024,2024
SCOTCH TAPE 1'',2,20.00,800.00,510.00,63.75,2024,2024
STARTER LIGHT,2,20.00,800.00,520.00,65.00,2021,2022
PALE,1,4.00,800.00,660.00,82.50,2021,2021
"COTTON APPLICATOR (STERILE, SMALL HEAD)",2,2.00,800.00,260.00,32.50,2018,2018
SYSTEM FOLDER LONG 14PTS,1,1.00,800.00,330.00,41.25,2023,2023
BASIN,1,4.00,800.00,540.00,67.50,2021,2021
ISONIAZID 300MG,1,500.00,800.00,560.00,70.00,2017,2017
SEPTIN VIAL,1,10.00,800.00,650.00,81.25,2017,2017
DPMYCIN 125MG/5ML,1,5.00,800.00,-500.00,-62.50,2022,2022
DERMAID HAND SANITIZER,1,8.00,800.00,-28.00,-3.50,2022,2022
AMBILYTE SACHET,2,3.00,800.00,629.00,78.63,2025,2025
INSULIN SYRINGE G30X1/2CC / G30X1CC,1,0.76,798.00,152.00,19.05,2018,2018
ENDOTRACHEAL TUBE UNCUFFED 3.0MM (INDOPLAS),1,9.00,792.00,378.00,47.73,2023,2023
LUGOLS IODINE 500ML - MEDIC,1,1.00,792.00,187.00,23.61,2022,2022
INFRARED BULB RED,1,1.00,790.00,265.00,33.54,2023,2023
FOLEY CATHETER FR. 8 PARTNERS,1,1.00,790.00,440.00,55.70,2023,2023
MICROSCOPE SLIDES #31 1MM-1.2MM THICK - SAIL BRAND,1,2.00,790.00,650.00,82.28,2019,2019
LODIPEX 5MG TAB,3,3.00,781.00,706.00,90.40,2018,2019
PREDNIVEX 16 16MG,1,1.00,780.00,260.00,33.33,2023,2023
NOTEPAD STICK ON 3X3 100'S PAD (HBW),1,12.00,780.00,444.00,56.92,2023,2023
FOLEY CATHETER FR. 10 PARTNERS,1,1.00,780.00,430.00,55.13,2023,2023
ENDOTRACHEAL TUBE PARTNERS 3.5,2,6.00,780.00,420.00,53.85,2023,2023
ZOEY PUNCHER HEAVY DUTY #468,1,3.00,771.00,0.00,0.00,2023,2023
BLEACHING LIQUID ORIGINAL 3785ML (ZONROX),2,5.00,770.00,143.34,18.62,2023,2024
HYPANTO-40,4,4.00,770.00,205.00,26.62,2018,2018
ALBROXOL 30MG,1,6.00,768.00,528.00,68.75,2017,2017
GRAND ADULT DIAPER MEDIUM,2,3.00,765.00,0.00,0.00,2019,2019
LERIF 2.5MG/ML,1,40.00,760.00,0.00,0.00,2019,2019
DIAPER NEWBORN PREMIUM,1,2.00,760.00,360.00,47.37,2025,2025
NGT SILICONE NASOGASTRIC TUBE FR.16 - SURGITECH,1,3.00,750.60,150.60,20.06,2023,2023
NGT SILICONE NASOGASTRIC TUBE FR.12 - SURGITECH,1,3.00,750.60,150.60,20.06,2023,2023
TORILAT 200MG,1,1.00,750.00,640.00,85.33,2021,2021
STOMACH TUBE - PARTNERS NGT FR16,1,30.00,750.00,300.00,40.00,2021,2021
GARDEN HOSE SET 20METERS,1,1.00,750.00,326.50,43.53,2024,2024
FLOURESCENT TUBE LIGHT (DAYLIGHT) 40W,1,3.00,750.00,450.00,60.00,2024,2024
AXMEL 500MG CAP,1,3.00,750.00,312.00,41.60,2024,2024
CARDIVA,1,60.00,750.00,500.40,66.72,2017,2017
HOUSEHOLD UTILITY GLOVES,1,5.00,750.00,605.00,80.67,2023,2023
COLD AID 6.25MG/2ML/ML DROPS,1,6.00,750.00,518.40,69.12,2017,2017
HYPOREX,1,500.00,750.00,625.00,83.33,2017,2017
DATA & STAMPING MACHINE,1,1.00,750.00,175.00,23.33,2023,2023
FUSEDEX 20MG TAB,1,3.00,747.75,627.75,83.95,2025,2025
STALIP 40MG,5,8.00,745.00,-912.50,-122.48,2020,2020
DIFLOSID,1,20.00,744.00,504.00,67.74,2017,2017
LODIPEX,2,2.00,743.50,685.50,92.20,2018,2018
EODIPINE 10MG,2,7.00,731.00,388.00,53.08,2020,2020
PENCIL LEAD W/ ERASER 12'S/BXS (MONGOL),1,10.00,730.00,-290.00,-39.73,2023,2023
TOBRASON 3MG/ML,1,5.00,725.00,0.00,0.00,2020,2020
ELASTIC BANDAGE 2X5 (PARTNERS),2,36.00,720.00,72.00,10.00,2024,2024
SYSTOCOR 5MG,1,4.00,720.00,468.00,65.00,2023,2023
TOILET TISSUE PAPAER 12 ROLLS 2PLY SHEETS,1,4.00,720.00,0.00,0.00,2019,2019
FALTERIA,1,100.00,700.00,515.00,73.57,2017,2017
KNIFE,1,2.00,700.00,400.00,57.14,2023,2023
KATHREX 480MG/5ML,1,20.00,700.00,0.00,0.00,2025,2025
FEVRAL 200MG TAB,1,2.00,698.50,482.50,69.08,2025,2025
ECO BAG (M),1,100.00,696.00,296.00,42.53,2021,2021
NEURO HAMMER (REFLEX),1,2.00,690.00,70.00,10.14,2023,2023
SYRINGE 3CC,2,2.00,690.00,230.00,33.33,2018,2018
SYRINGE 3CC - COSMED,2,2.00,690.00,0.00,0.00,2018,2018
ACCETHROM 125MG,1,3.00,690.00,327.00,47.39,2023,2023
HARBIPEN 5M,1,10.00,688.00,473.00,68.75,2017,2017
HYCLENS SKIN CLEANSER,2,3.00,680.40,0.00,0.00,2019,2019
CEFALEXIN 500MG,1,10.00,680.00,0.00,0.00,2019,2019
DISHWASHING LIQUID 1000ML (AMAZE),1,2.00,680.00,620.00,91.18,2024,2024
STAPLE WIRE STANDARD (JOY),1,10.00,680.00,330.00,48.53,2023,2023
REGIVIT DROPS 15ML,1,10.00,680.00,552.50,81.25,2020,2020
COM-FEMIC 500MG,2,2.00,680.00,340.00,50.00,2023,2023
IRRIGATION SOLUTION 1L (EUROMED),1,8.00,680.00,-40.00,-5.88,2025,2025
ADALAT GTS 30- 30MG,1,0.33,679.32,0.00,0.00,2024,2024
ACETIC ACID 10% 500ML (MEDIC),2,2.00,679.00,79.00,11.63,2025,2025
SPONGE (SCOTCH BRITE),1,15.00,675.00,352.50,52.22,2024,2024
CHARMEE RED,1,10.00,675.00,523.50,77.56,2019,2019
MINERAL WATER ABSOLUTE 8L,1,10.00,675.00,0.00,0.00,2021,2021
SURGICAL BLADE #11,2,2.00,675.00,115.00,17.04,2023,2023
BLOOD LANCETS 100'S,1,4.00,660.00,-60.00,-9.09,2023,2023
DUODENAL TUBE STOMACH TUBE FR 16 125CM (SIMPLEX),1,30.00,660.00,210.00,31.82,2025,2025
SORBANCE-10 10MG,4,4.00,652.00,309.00,47.39,2023,2025
PENLIGHT,1,5.00,650.00,-400.00,-61.54,2023,2023
GUEDEL AIRWAY 80MM SIZE #2 GREEN (ORMED),1,10.00,650.00,270.00,41.54,2023,2023
GUEDEL AIRWAY 90MM SIZE #3 YELLOW (ORMED),1,10.00,650.00,270.00,41.54,2023,2023
GLASS SLIDE MICROSCOPE (SAILBRAND),1,10.00,650.00,-150.00,-23.08,2023,2023
TRASH BAG MEDIUM YELLOW,1,1.00,640.00,470.00,73.44,2023,2023
TRASH BAG MEDIUM GREEN,1,1.00,640.00,470.00,73.44,2023,2023
CALCIE CALCIUM,1,2.00,640.00,520.00,81.25,2023,2023
"MYCONIL 100,000 IU/ML",3,10.00,640.00,155.00,24.22,2022,2023
WADDING SHEET 4X5,2,11.00,639.00,177.00,27.70,2023,2023
DISPOSABLE DIAPER ADULT LARGE (TOPCARE),1,2.00,626.00,156.00,24.92,2023,2023
5% ACETIC ACID 500ML - MEDIC,1,1.00,625.00,273.00,43.68,2022,2022
SUCROL-500 500MG,1,5.00,625.00,450.00,72.00,2025,2025
DOUBLE OXALATE 500ML,1,1.00,625.00,355.00,56.80,2022,2022
MILGESIC FORTE 500MG,1,5.00,610.00,375.00,61.48,2023,2023
MEFENAMIC ACID 250MG - RITEMED,2,62.00,608.00,464.00,76.32,2019,2023
FEDVITS CAP,2,6.00,606.00,198.00,32.67,2025,2025
ELBOW GLOVES,2,2.00,600.00,150.00,25.00,2018,2018
ELASTIC BANDAGE 3X5 (PARTNERS),1,5.00,600.00,490.00,81.67,2024,2024
NICARDIA 10MG,1,1.00,600.00,305.00,50.83,2021,2021
"COTTON APPLICATOR (STERILE, BIG HEAD)",2,2.00,600.00,100.00,16.67,2018,2018
UMBILICAL CORD CLAMP (TOPCARE),1,1.50,600.00,150.00,25.00,2023,2023
STYLET FR14 STERILE (ORMED),1,3.00,600.00,450.00,75.00,2023,2023
STYLET FR6 STERILE (ORMED),1,3.00,600.00,450.00,75.00,2023,2023
STYLET FR10 STERILE (ORMED),1,3.00,600.00,450.00,75.00,2023,2023
STYLET FR12 STERILE (ORMED),1,3.00,600.00,450.00,75.00,2023,2023
RULER PRINCE,2,40.00,600.00,340.00,56.67,2023,2023
SILK CUTTING 2-0 CURVED NEEDLE - TUDOR,1,1.00,600.00,350.00,58.33,2020,2020
SILK CUTTING 3-0 ROUND NEEDLE - TUDOR,1,1.00,600.00,350.00,58.33,2020,2020
"IV CANNULA G.20 X 1 1/4"" INTROCAN SAFETY - B BRAUN",1,5.00,600.00,-3400.00,-566.67,2023,2023
ZITHROVIC 500MG,1,0.00,600.00,375.00,62.50,2017,2017
ADULT DIAPER (L),2,2.00,600.00,100.00,16.67,2018,2018
WADDING SHEET - 6X5,1,8.00,600.00,152.00,25.33,2025,2025
NURSING ADULT DIAPER LARGE,1,2.00,600.00,0.00,0.00,2019,2019
RECORD BOOK,1,3.00,600.00,354.00,59.00,2022,2022
MEDIVAZT-20 20MG,1,3.00,600.00,240.00,40.00,2025,2025
PARA 250,1,16.00,592.00,452.00,76.35,2017,2017
KODOXY 100MG,1,2.00,590.00,370.00,62.71,2025,2025
DAY LIGHT BULB 15WATTS,1,3.00,585.00,135.00,23.08,2024,2024
NELATON CATHETER FR.12 (KENXIN),1,10.00,580.00,230.00,39.66,2024,2024
BABY WIPES (HEXACARE),1,5.00,575.00,425.00,73.91,2024,2024
MOTILIA 10MG,1,5.00,575.00,162.50,28.26,2025,2025
WBC DILLUTING FLUID : 500ML (MEDIC),2,2.00,573.00,153.00,26.70,2025,2025
FASTENER LONG PLASTIC VINYL,1,3.00,570.00,270.00,47.37,2023,2023
DISPOSABLE SYRINGE 10CC (TERUMO),1,40.00,560.00,80.00,14.29,2023,2023
ZYFEROL-D,1,1.00,556.50,185.50,33.33,2022,2022
"FILE ORGANIZER ,LEGAL",1,3.00,552.00,0.00,0.00,2023,2023
ELASTIC BANDAGE 6X5-SURGITECH,1,12.00,552.00,-168.00,-30.43,2023,2023
SPEED DETERGENT POWDER,1,10.00,550.00,139.00,25.27,2023,2023
FUROSEMIDE 20MG,1,500.00,550.00,355.00,64.55,2017,2017
DISPOSABLE DIAPER ADULT LARGE (PRIME CARE),1,2.00,546.64,68.84,12.59,2025,2025
STERI STRIP,1,6.00,540.00,150.00,27.78,2018,2018
"STERI STRIP 4"" - (REINFORCED SKIN CLOSURES) - 3M",1,6.00,540.00,150.00,27.78,2018,2018
CHROMIC 2-0 ROUND NEEDLE - TUDOR,1,1.00,540.00,290.00,53.70,2020,2020
CHROMIC 3-0 CURVED NEEDLE - TUDOR,1,1.00,540.00,290.00,53.70,2020,2020
CHROMIC 3-0 ROUND NEEDLE - TUDOR,1,1.00,540.00,290.00,53.70,2020,2020
BALLPEN FINEPOINT BLACK (PILOT),1,20.00,540.00,90.00,16.67,2023,2023
NEBULIZER KIT - CHINA,1,6.00,540.00,0.00,0.00,2019,2019
MICROPORE 1IN X 10YRDS 3M,1,1.00,540.00,0.00,0.00,2019,2019
"DATA FOLDER, MADE OF CHIPBOARD TAGILA LOCK",1,4.00,536.00,76.00,14.18,2023,2023
ENDOTRACHEAL TUBE CUFFED 7.0MM (INDOPLAS),1,6.00,534.00,258.00,48.31,2023,2023
ENDOTRACHEAL TUBE CUFFED 6.5MM (INDOPLAS),1,6.00,534.00,258.00,48.31,2023,2023
VITAIR 10MG,1,1.00,526.50,0.00,0.00,2019,2019
COSMED DISPOSABLE SYRINGE 10CC,1,1.00,525.00,0.00,0.00,2019,2019
GENERIC FERROUS SULFATE 220MG/5ML,2,15.00,525.00,345.00,65.71,2022,2022
BENEDICT SOLUTION 500ML - MEDIC,1,1.00,520.00,248.00,47.69,2022,2022
BOUFFANT CAP S24,1,2.00,520.00,0.00,0.00,2023,2023
NOTEPAD STICK ON 2X3 100'S PER PAD HBW,1,10.00,515.00,235.00,45.63,2023,2023
ENVELOPE MAILING 500PCS,1,1.00,512.00,197.00,38.48,2023,2023
TUMABARON,2,2.00,504.00,126.00,25.00,2018,2018
NELATON CATHETER FR.8 (SIMPLEX),1,20.00,500.00,200.00,40.00,2024,2024
NELATON CATHETER FR.10 (SIMPLEX),1,20.00,500.00,200.00,40.00,2024,2024
X RAY ENVELOPE 14X14 BROWN 100'S,1,1.00,500.00,44.00,8.80,2023,2023
ALCOHOL SWAB,1,2.00,500.00,300.00,60.00,2021,2021
"NYLON, GRASSCUTTER",1,1.00,500.00,350.00,70.00,2023,2023
HOUSEHOLD GLOVES,1,5.00,500.00,176.25,35.25,2019,2019
DM CALCIUM CARBONATE 500MG,1,5.00,500.00,157.50,31.50,2025,2025
GLOVES (VINYL),1,5.00,500.00,0.00,0.00,2019,2019
ENDOTRACHEAL TUBE INDOPLAS 2.5,2,4.00,499.00,259.00,51.90,2023,2023
MOUTH MIRROR,1,13.00,494.00,-1456.00,-294.74,2020,2020
PUNCHER 2 HOLES (JOY),2,2.00,491.00,141.00,28.72,2023,2023
HISTAMED 1MG/ML ORAL SOLUTION,2,41.00,490.00,-1970.00,-402.04,2021,2022
DIACEF 100MG/ML,1,20.00,480.00,190.00,39.58,2023,2023
BINDER CLIP 1'',1,16.00,480.00,0.00,0.00,2023,2023
VITAFER,1,1.00,480.00,325.00,67.71,2017,2017
ARM SLING EXTRA LARGE,1,5.00,475.00,225.00,47.37,2023,2023
NEOZEP,1,25.00,475.00,353.75,74.47,2019,2019
BROADMETZ 125MG/5ML SUS,1,6.00,474.00,258.00,54.43,2021,2021
DERMAFINA 500MCG/MG (0.05% U/U),1,2.00,468.50,388.50,82.92,2025,2025
SHELOGEL ANTACID 200MG,2,1.40,463.75,198.75,42.86,2020,2023
PRO-FERR 5MG,1,2.00,460.00,330.00,71.74,2025,2025
HYCLENS WOUND CARE 7.5ML,1,12.00,453.60,0.00,0.00,2019,2019
LENOXA 500MG,1,1.00,451.00,144.00,31.93,2025,2025
ENDOTRACHEAL TUBE CUFFED 8.5MM (PARTNERS),1,5.00,450.00,220.00,48.89,2024,2024
SAPHRIN 80MG TAB,2,5.00,450.00,125.00,27.78,2023,2023
IDENTIFICATION BRACELET WRITEON BLUE ADULT (SURGITECH),1,1.00,450.00,170.00,37.78,2023,2023
CLOXACIN 250MG,1,10.00,450.00,180.00,40.00,2023,2023
BATHROOM SOAP 90G (BIODERM),2,9.00,450.00,189.45,42.10,2023,2023
6,1,3.00,450.00,0.00,0.00,2023,2023
GREEN METHYL SALICYLATE,2,8.00,450.00,249.36,55.41,2019,2020
MASKING TAPE 1'',1,10.00,440.00,30.00,6.82,2024,2024
ENDOTRACHEAL TUBE UNCUFFED 3.5MM (SURGITECH),1,5.00,440.00,140.00,31.82,2023,2023
ALLECUR 2.5MG DROPS,1,10.00,440.00,0.00,0.00,2023,2023
CALL BELL,1,2.00,440.00,240.00,54.55,2022,2022
DOMEX 1LITER,1,1.00,439.00,284.05,64.70,2020,2020
COMPACT FLOURECENT LAMP 18 WATTS,1,2.00,432.00,192.00,44.44,2023,2023
COMPACT FLOURECENT LAMP 18WATTS,1,2.00,430.00,10.00,2.33,2023,2023
SIGNPEN 0.4 (MYGEL),1,15.00,420.00,-15.00,-3.57,2024,2024
DIZITAB 250MG,1,30.00,420.00,135.00,32.14,2019,2019
CONDOM CATHETER 25MM SMALL,2,6.00,420.00,268.33,63.89,2019,2020
CONDOM CATHETER 30MM MEDIUM,2,6.00,420.00,210.00,50.00,2019,2020
WRAPPING PAPER LIGHT BROWN 9.5X9 5'' 115GSM,1,2.00,420.00,237.00,56.43,2023,2023
EDECAR 10MG/ML 2ML,1,3.00,420.00,210.00,50.00,2023,2023
X RAY ENVELOPE 11X14 BROWN 100'S,1,1.00,415.00,67.00,16.14,2023,2023
2666,1,1.00,413.00,0.00,0.00,2023,2023
CHARMEE VIOLET,1,6.00,405.00,261.12,64.47,2019,2019
PLAIN NSS 1 LITER EUROMED,1,3.00,405.00,207.00,51.11,2023,2023
BIODERM 90G,1,8.00,400.00,214.00,53.50,2022,2022
PLASTER OF PARIS 10CMX4.5M,1,1.00,400.00,300.00,75.00,2023,2023
MOTILLEX 5ML/5ML,1,10.00,400.00,262.00,65.50,2020,2020
HAND TOWEL WHITE,1,2.00,400.00,160.00,40.00,2022,2022
HAPPY COTTON 40G,2,10.00,400.00,202.50,50.63,2019,2020
COTTON ROLL 400G - ADAMSON DAISY,1,2.00,400.00,40.00,10.00,2022,2022
SATCAPTO,1,100.00,400.00,0.00,0.00,2017,2017
REES AND ECKER 250ML (MEDIC),1,1.00,393.00,43.00,10.94,2025,2025
DISPOSABLE NEEDLE AGANI G19 X 1 1/2 (TERUMO),1,1.00,390.00,105.00,26.92,2023,2023
SURGICAL BLADES PARTNERS #15,1,1.00,385.00,75.00,19.48,2023,2023
EUROZINE 20MG/ML,1,0.40,384.00,0.00,0.00,2019,2019
ANALMIN 250MG,1,3.00,382.50,0.00,0.00,2019,2019
HEPARIN CAP STERILIZED,1,19.00,380.00,228.00,60.00,2024,2024
MARKER PERMANENT BULLET TYPE BLUE (PILOT),1,10.00,380.00,80.00,21.05,2023,2023
INSECTICIDE 500ML (BAOLILAI),2,2.00,378.00,138.00,36.51,2023,2023
URINE BAG 2000ML WITH HOOK,1,1.00,375.00,360.00,96.00,2024,2024
DISPOSABLE SYRINGE 20CC - TERUMO,1,22.00,374.00,88.00,23.53,2020,2020
COCILONE-0.5 500MCG,1,2.00,366.00,70.00,19.13,2025,2025
ELECTRICAL TAPE,1,5.00,365.00,175.00,47.95,2022,2022
FERLUM 15MG/0.6ML,1,15.00,363.75,138.75,38.14,2025,2025
PENCIL,4,16.00,361.00,-1070.00,-296.40,2022,2023
SUCTION CATHETER FR.10 - SURGITECH,4,17.00,360.00,70.00,19.44,2021,2022
SYRINGE 5CC,1,1.00,360.00,-120.00,-33.33,2018,2018
WADDING SHEET - 4X5,1,6.00,360.00,78.00,21.67,2025,2025
ENDOTRACHEAL TUBE CUFFED 7.0MM (SIMPLEX),1,4.00,356.00,116.00,32.58,2023,2023
TAPE TRANSPARENT 1'',1,16.00,352.00,-16.00,-4.55,2023,2023
ENDOTRACHEAL TUBE UNCUFFED 3.5MM (PARTNERS),1,4.00,352.00,112.00,31.82,2023,2023
NOTEPAD STICK ON 2X3,1,7.00,350.00,168.00,48.00,2023,2023
HYOSWELL 100MG,1,1.00,350.00,140.00,40.00,2023,2023
BROWN ENVELOPE LONG,1,70.00,350.00,105.00,30.00,2023,2023
"ELECTRIC TAPE BLACK ,VINYL 0.16MMX19MMX16M",2,6.00,346.00,106.00,30.64,2023,2023
URINE CUP SPECIMEN,1,30.00,345.00,135.00,39.13,2023,2023
HBW PERMANENT MARKER RED,2,9.00,342.00,216.45,63.29,2022,2023
RECEPTACLES 4X4 WHITE 250W,1,4.00,340.00,212.00,62.35,2023,2023
ENDOTRACHEAL TUBE UNCUFFED 3.5,1,2.00,340.00,220.00,64.71,2022,2022
HBW PERMANENT MARKER BLUE,2,9.00,337.00,221.20,65.64,2022,2023
LATEX EXAMINATION GLOVES LARGE,1,1.00,333.00,143.00,42.94,2023,2023
ULTRASOUND GEL 250ML,1,4.00,332.00,12.00,3.61,2025,2025
GREEN CROSS ISOPROPHY ALCOHOL 70% 60ML BOT,2,4.00,330.00,267.82,81.16,2019,2020
CEASCOL 250MG,2,14.00,329.25,112.25,34.09,2019,2020
SNEEZ 6.25MG/5ML,3,5.00,327.00,59.00,18.04,2018,2019
"X-RAY FILM ENVELOPE 8""X10""",1,1.00,325.00,60.00,18.46,2023,2023
FED-CEE 500MG,1,5.00,325.00,95.00,29.23,2025,2025
BETTER C 500MG,1,5.00,325.00,90.00,27.69,2025,2025
CETIRIX,3,3.00,324.00,36.50,11.27,2018,2019
ENDOTRACHEAL TUBE TOPCARE 3.5,1,3.00,324.00,144.00,44.44,2023,2023
METROZOLE 500MG,1,2.00,320.00,54.00,16.88,2023,2023
PILOT MARKER BLUE,3,9.00,318.00,44.00,13.84,2022,2023
MULTILEM,1,12.00,315.00,-513.00,-162.86,2018,2018
FACE MASK - SHIELD,1,1.00,310.00,0.00,0.00,2020,2020
BUSCOPAN PLUS,2,85.00,307.50,-1542.50,-501.63,2023,2023
CONDOM CATHETER LARGE - ORMED,1,10.00,300.00,-50.00,-16.67,2019,2019
CHIEMIE 15ML,1,5.00,300.00,170.80,56.93,2019,2019
ELASTIC BANDAGE 6X5 (SURGITECH),1,2.00,300.00,180.00,60.00,2024,2024
AGUA OXIGENADA,2,10.00,300.00,153.70,51.23,2019,2020
ALUPRIN 100MG,1,1.00,300.00,0.00,0.00,2019,2019
AMONIA,1,12.00,300.00,0.00,0.00,2019,2019
SAFETY PINS SMALL,1,60.00,300.00,-60.00,-20.00,2023,2023
RIBBON RED 1/2'',1,10.00,300.00,220.00,73.33,2023,2023
PAPER CLIP VINYL 55MM 100'S 120GRAMS JOY,1,10.00,300.00,60.00,20.00,2023,2023
"NOTEBOOK,STENOGRAPHER ,SPIRAL 40 LEAVES(60'S) (VECO)",1,10.00,300.00,5.00,1.67,2023,2023
BLOOD LANCET,1,2.00,300.00,0.00,0.00,2018,2018
HANDSOAP 500ML,1,2.00,300.00,142.50,47.50,2020,2020
FERROLIC 300MG/250MCG,1,2.00,300.00,170.00,56.67,2025,2025
FACE MASK SURGITECH,1,4.00,300.00,120.00,40.00,2018,2018
COUXIN 30MG,3,18.00,297.50,210.00,70.59,2019,2020
PENCIL MONGOL NO.2,2,3.00,295.00,10.00,3.39,2023,2024
MYCLOSIL 10MG,2,2.00,295.00,129.00,43.73,2025,2025
MYRENTYL,1,10.00,290.00,192.50,66.38,2017,2017
FUSEDEX,1,200.00,290.00,206.00,71.03,2017,2017
SCISSOR 7'' HEAVY DUTY,1,4.00,288.00,126.00,43.75,2024,2024
URINOX,1,1.00,287.00,169.00,58.89,2019,2019
AMOREX 100MG/ML DROPS,3,18.00,283.50,16.50,5.82,2018,2019
FASTENER PLASTIC 50'S VINYL COATING (PRIME),1,4.00,280.00,112.00,40.00,2023,2023
FOLEY CATHETER LATEX SILICONE COATED FR.12 - SURGITECH,1,5.00,280.00,225.00,80.36,2020,2020
DISPOSABLE INFUSION SET PEDIA 60MICRODROPS/ML (CAREPLUS),1,10.00,280.00,150.00,53.57,2023,2023
PILOT MARKER RED,2,8.00,280.00,32.00,11.43,2022,2023
RAPIRON,2,3.00,279.00,93.00,33.33,2020,2020
LUPRESS 5MG,1,1.00,276.00,0.00,0.00,2019,2019
MOTILLEX 5MG/5ML,1,10.00,272.50,122.50,44.95,2025,2025
STAPLE WIRE STANDARD #35 (PRINCE),1,4.00,272.00,64.00,23.53,2023,2023
"STAMP PAD INK,PURPLE OR VIOLET 50ML (30ML) (JOY)",2,6.00,270.00,195.00,72.22,2023,2023
FEVRAL 400MG,1,1.00,270.00,150.00,55.56,2023,2023
ELASTIC BANDAGE 4X5-PARTNERS,1,10.00,270.00,30.00,11.11,2023,2023
DIUCARE 25MG TAB,1,1.00,264.30,186.60,70.60,2024,2024
ENDOTRACHEAL TUBE UNCUFFED 3.0MM (TOPCARE),1,3.00,264.00,84.00,31.82,2023,2023
BENEDICT'S QUALITATIVE SOLUTION,1,1.00,261.00,11.00,4.21,2025,2025
TONGUE DEPRESSOR - STERILE,1,4.00,260.00,-340.00,-130.77,2023,2023
SAPHCODYL-T5 5MG,1,2.00,260.00,184.00,70.77,2023,2023
ELASTIC BANDAGE 3X5Y PARTNERS,1,10.00,260.00,40.00,15.38,2023,2023
APPLICATOR STICKS COTTON-TIPPED (PARTNERS),1,1.00,260.00,90.00,34.62,2023,2023
PACKAGING TAPE 2'' (LUCKY),1,3.00,255.00,210.00,82.35,2023,2023
VITAKIDS 60ML,1,6.00,252.00,0.00,0.00,2019,2019
SUCTION CATHETER - SURGITECH - FR#5,1,10.00,250.00,100.00,40.00,2021,2021
BLACK SCREW,1,1.00,250.00,-200.00,-80.00,2024,2024
STARTER FOR FLOURECENT BULB SC111 BASIC,1,10.00,250.00,50.00,20.00,2023,2023
PRESONE 10MG,1,1.00,250.00,175.00,70.00,2022,2022
NELATON CATHETER FR.10 (ORMED),1,10.00,250.00,110.00,44.00,2025,2025
MEDIPLAST BAND AID,1,2.00,245.70,0.00,0.00,2019,2019
PLASTER ADHESIVE BANDAGE WATER RESIST (MEDICARE),1,2.00,240.00,100.00,41.67,2024,2024
SUCTION CATHETER,2,16.00,240.00,64.00,26.67,2018,2018
CLIP BACKBOARD 25MM (JOY),1,8.00,240.00,-120.00,-50.00,2023,2023
ICE PACK COMPRESS,1,2.00,236.00,36.00,15.25,2019,2019
HARVIMIDE 2MG,1,2.00,231.00,154.00,66.67,2019,2019
SHELOGEL 200MG/100MG,1,2.00,230.00,62.00,26.96,2025,2025
GAUZE PAD 3X3,1,50.00,225.00,100.00,44.44,2022,2022
ENDOTRACHEAL TUBE TOPCARE CUFFED 8.0,1,1.00,220.00,160.00,72.73,2023,2023
LORIN 10MG,1,1.00,220.00,110.00,50.00,2025,2025
DIAZOLE 400MG/5ML,1,5.00,217.50,52.50,24.14,2024,2024
DUST PAN,2,4.00,216.00,76.00,35.19,2023,2023
LORNASONE 1MG/G,1,3.00,211.50,76.50,36.17,2023,2023
DISPOSABLE NEEDLE AGANI G20 X1 (TERUMO),1,1.00,211.00,181.00,85.78,2025,2025
DISPOSABLE NEEDLE G20 (ORMED),1,1.00,211.00,61.00,28.91,2025,2025
RUBBER SUCTION BULB SYRINGE 60ML,1,3.00,210.00,15.00,7.14,2023,2023
ASCORB,1,6.00,210.00,140.04,66.69,2017,2017
DATAB 2MG CAP,1,5.00,210.00,-45.00,-21.43,2025,2025
OFLEM 250MG,1,11.00,206.25,0.00,0.00,2019,2019
TAPE DISPENSER HEAVY DUTY,1,1.00,200.00,90.00,45.00,2024,2024
WHITE TOWEL,1,1.00,200.00,83.33,41.67,2020,2020
SCHEEPRIN-80 80MG,1,1.00,200.00,130.00,65.00,2018,2018
BOUFFANT CAP/HEADCAP,1,50.00,200.00,125.00,62.50,2023,2023
RETANYX 10MG,1,2.00,200.00,128.00,64.00,2025,2025
PIPTASEA 250MG,2,10.00,200.00,150.00,75.00,2019,2020
KIDCEF 125MG,1,15.00,196.95,0.00,0.00,2019,2019
2692,1,4.00,196.00,0.00,0.00,2023,2023
ENDOTRACHEAL TUBE TOPCARE CUFFED 7.0,1,1.00,195.00,135.00,69.23,2023,2023
ENDOTRACHEAL TUBE TOPCARE CUFFED 7.5,1,1.00,195.00,135.00,69.23,2023,2023
FILE TAB DIVIDER LEGAL 5 COLORS,2,10.00,190.00,-100.00,-52.63,2023,2023
ENDOTRACHEAL TUBE TOPCARE CUFFED 5.5,1,1.00,190.00,130.00,68.42,2023,2023
ENDOTRACHEAL TUBE TOPCARE CUFFED 6.5,1,1.00,190.00,130.00,68.42,2023,2023
ELASTIC BANDAGE 2X5Y PARTNERS,1,10.00,190.00,0.00,0.00,2023,2023
GENERIC/DRUGMAKER 10MG METOCLOPRAMIDE,1,3.00,189.00,0.00,0.00,2019,2019
CAPTOBES 25MG TAB,1,3.00,189.00,75.00,39.68,2025,2025
SATCAPTO-25 TAB,1,1.00,186.40,62.15,33.34,2020,2020
ELECTRIC TAPE PVC 0.155MMX19MMX16MM,1,4.00,180.00,20.00,11.11,2023,2023
XYPHEN 10MG,1,2.00,180.00,0.00,0.00,2019,2019
FLAT TOURNIQUET,1,10.00,180.00,110.00,61.11,2025,2025
ZYHEX 500MG,1,4.00,177.00,0.00,0.00,2019,2019
TAPE TRANSPARENT 1'' (ARMAK),1,8.00,176.00,64.00,36.36,2023,2023
RAPH C,1,5.00,175.00,101.25,57.86,2024,2024
BAND AID 50'S,1,1.00,175.00,111.45,63.69,2019,2019
WYTEBOARD MARKER BLACK (PILOT),1,5.00,175.00,-85.00,-48.57,2023,2023
AIR FRESHENER SPRAY 320ML (GLADE),1,1.00,175.00,-24.50,-14.00,2023,2023
WYTEBOARD MARKER BLACK (MONAMI),1,5.00,170.00,45.00,26.47,2023,2023
TAPE PACKAGING 2 (ARMAK),1,2.00,170.00,142.00,83.53,2023,2023
GUEDEL AIRWAY WHITE ORMED # 1 SIZE 70MM,1,2.00,170.00,20.00,11.76,2023,2023
GUEDEL AIRWAY SEDASENZ GREEN # 2 1-SM-GAIR02,1,2.00,170.00,20.00,11.76,2023,2023
GUEDEL AIRWAY SEDASENZ YELLOW # 3 1-SM-GAIR03,1,2.00,170.00,20.00,11.76,2023,2023
GUEDEL AIRWAY #5 (ORMED),1,2.00,170.00,40.00,23.53,2023,2023
GUEDEL AIRWAY ORMED RED #4 SIZE 100MM,1,2.00,170.00,20.00,11.76,2023,2023
GUEDEL AIRWAY SIMPLEX BLACK NO 0 SIZE 60MM,1,2.00,170.00,20.00,11.76,2023,2023
GUEDEL AIRWAY SIMPLEX BLUE #0 SIZE 50MM,1,2.00,170.00,20.00,11.76,2023,2023
DETERGENT POWDER 500G (PRIDE) SOAP,1,3.00,165.00,22.50,13.64,2023,2023
BYERRHEA 2MG,1,2.00,162.00,0.00,0.00,2019,2019
STARTER FOR UV LIGHT,1,4.00,160.00,120.00,75.00,2024,2024
CARTOLINA PAPER WHITE,1,20.00,160.00,60.00,37.50,2024,2024
LYCOBROX DROPS 15ML,1,10.00,160.00,0.00,0.00,2019,2019
BROXAL,1,200.00,160.00,-140.00,-87.50,2017,2017
DISPOSABLE SYRINGE LUER LOCK 10ML 21GX1 1/4 CARDINAL CARE,2,18.00,159.25,42.25,26.53,2022,2022
IV SET (PEDIA) COSMED,1,3.00,159.00,108.00,67.92,2020,2020
NOTEPAD STICK ON 2X3 100'S PAD (KAI),1,3.00,153.00,106.50,69.61,2023,2023
DIUCARE 12.5MG TAB,1,1.00,151.80,94.66,62.36,2024,2024
LEVEFLOX 500MG,1,0.10,150.00,77.60,51.73,2021,2021
TAPE MASKING 1 (POLYTAPE),1,2.00,150.00,122.00,81.33,2023,2023
PAPER CLIP VINYL PLASTIC COATED 50MM (PRIME),1,5.00,150.00,32.50,21.67,2023,2023
FLOURESCENT LAMP 36WATTS,1,2.00,150.00,20.00,13.33,2023,2023
SURGICAL BLADES - SURGITECH,1,2.00,148.00,48.00,32.43,2020,2020
FUROSEMIDE 40MG,1,100.00,145.00,103.00,71.03,2017,2017
SCISSOR SYMMETRICAL BLADE LENGTH 65MM JOY,1,2.00,140.00,64.00,45.71,2023,2023
"MARKER,FLOURESCENT 3 COLORS (MIYAGI)",1,1.00,140.00,97.00,69.29,2023,2023
MYRENTYL 10MG/60ML,1,4.00,136.00,68.00,50.00,2025,2025
BUTANE GAS GEM 250G,1,1.00,132.90,48.15,36.23,2021,2021
BOARD ERASER (JOY),1,6.00,132.00,12.00,9.09,2023,2023
PANDA BALLPEN,1,13.00,130.00,-1300.00,-1000.00,2022,2022
TRIADONE 200MG TAB,2,1.11,128.00,0.00,0.00,2020,2020
AMOLTEX 2MG,1,1.00,127.50,42.50,33.33,2018,2018
TAPE DISPENSER TABLE TOP (JOY),1,1.00,125.00,61.00,48.80,2023,2023
NELATON CATHETER FR.16 (ORMED),1,5.00,125.00,55.00,44.00,2025,2025
AMLODIPINE BESILATE 10MG TABLET 100'S REGIVASC,1,1.00,125.00,93.00,74.40,2025,2025
RIBBON FOR TYPEWRITER BLACK,1,4.00,120.00,8.00,6.67,2023,2023
PAPER CLIP VINYL 33MM 100'S 40GRAMS JOY,1,10.00,120.00,-9.50,-7.92,2023,2023
CUTTER BIG,1,2.00,120.00,86.00,71.67,2023,2023
BETADINE 15ML,1,1.00,118.00,63.00,53.39,2019,2019
FEEDING TUBE PARTNERS,1,6.00,108.00,58.68,54.33,2023,2023
DICYRINE 10MG,1,1.00,96.00,64.00,66.67,2023,2023
METROCLOPRAMIDE 10MG,1,1.00,94.50,0.00,0.00,2019,2019
PAPER CLIP BIG 50MM (PRINCE),2,13.00,90.00,28.50,31.67,2023,2023
ERASER BIG (HBW),1,6.00,90.00,24.00,26.67,2023,2023
SURGITECH OXYGEN MASK ADULT,1,4.00,90.00,0.00,0.00,2019,2019
FLUCONOBAS 150MG,1,1.00,90.00,-10.00,-11.11,2019,2019
ENDOTRACHEAL TUBE CUFFED 5.0MM (PARTNERS),1,1.00,89.00,43.00,48.31,2023,2023
NGT SILICONE NASOGASTRIC TUBE FR.18,1,2.00,84.00,36.00,42.86,2023,2023
IMPODEX 500MCG,1,1.00,82.00,28.00,34.15,2025,2025
FACE MASK EARLOOP - NOT THIS,1,1.00,80.00,-20.00,-25.00,2021,2021
MULTIPLEX,1,0.80,72.00,24.00,33.33,2019,2019
TAPE TRANSPARENT WITH 24MM,1,3.00,69.00,0.00,0.00,2023,2023
WYTEBOARD MARKER BLUE (MONAMI),1,2.00,68.00,18.00,26.47,2023,2023
WYTEBOARD MARKER RED (MONAMI),1,2.00,68.00,28.00,41.18,2023,2023
JOY STICKY NOTE,1,1.00,65.00,42.00,64.62,2022,2022
2658,1,0.84,61.32,0.00,0.00,2023,2023
BOBBY PINS,1,3.00,60.00,45.00,75.00,2022,2022
BIOPRIL 25MG,2,2.00,60.00,55.00,91.67,2019,2020
RIBBON FOR MANUAL TYPEWRITTER (AD-RITE),1,2.00,60.00,16.00,26.67,2023,2023
PAPER CLIP 50MM (WELLS),1,2.00,60.00,23.00,38.33,2023,2023
PAPER CLIP VINYL PLASTIC COATED 33MM (PRIME),1,5.00,60.00,-2.50,-4.17,2023,2023
PUSH PINS 100'S,1,1.00,57.00,31.00,54.39,2023,2023
PAPER CLIP SMALL 33MM (PRINCE),2,14.00,48.00,6.00,12.50,2023,2023
GREEN CROSS ALCOHOL 250ML,1,1.00,48.00,27.00,56.25,2019,2019
AMPICELO 250MG,1,0.40,46.00,0.00,0.00,2019,2019
COTTON ROLL 80GRAMS,1,1.00,39.00,10.88,27.90,2019,2019
FEBRILE FREE 500MG,1,1.00,37.50,0.00,0.00,2019,2019
2667,1,2.00,36.00,0.00,0.00,2023,2023
SYRINGE WITH NEEDLE 23GX1 5CC/ML TERUMO,1,4.00,36.00,32.00,88.89,2022,2022
VINYL PAPER CLIPS,1,1.00,30.00,6.00,20.00,2022,2022
MEDICINE DROPPER,1,20.00,30.00,28.00,93.33,2019,2019
ZYMAX 500MG,1,0.33,27.00,0.00,0.00,2019,2019
PAPER CLIP 33MM (WELLS),1,2.00,24.00,9.00,37.50,2023,2023
SYRINGE WITH NEEDLE 21GX1 5CC/ML TERUMO,2,2.00,22.50,4.50,20.00,2022,2022
NOBUTOL 2MG/5ML 60ML,1,1.00,20.00,4.00,20.00,2025,2025
KODLIV 300,1,15.00,0.15,0.00,0.00,2019,2019
ACIURTECT SAMPLE 60ML,1,1.00,0.00,0.00,0.00,2019,2019
VENTOLIN NEBULES,1,20.00,0.00,0.00,0.00,2023,2023
"WOODEN APPLICATOR STICK 6"" TOPCARE",1,12.00,0.00,0.00,0.00,2023,2023
SURGICAL BLADE SURGITECH # 22,1,9.00,0.00,0.00,0.00,2023,2023
SYPHILLIS TEST KIT 40'S,1,2.00,0.00,0.00,0.00,2023,2023
SYRINGE 5CC G23X1 HEXACARE,1,20.00,0.00,0.00,0.00,2023,2023
SURGICAL BLADE #12 SURGITECH,1,3.00,0.00,0.00,0.00,2023,2023
TARPAULIN 5X8,1,1.00,0.00,0.00,0.00,2023,2023
STERILE GLOVES 8,1,3.00,0.00,0.00,0.00,2023,2023
STICKER PAPER MATTE A4 (VECO),1,10.00,0.00,0.00,0.00,2023,2023
SIMVAS,1,1.00,0.00,0.00,0.00,2023,2023
SPECIAL PAPER A4 CREAM,1,4.00,0.00,0.00,0.00,2023,2023
STORAGE BOX 155LITERS,1,10.00,0.00,0.00,0.00,2023,2023
STREPSILS,1,20.00,0.00,0.00,0.00,2023,2023
TEMPRA TABLET,1,100.00,0.00,0.00,0.00,2023,2023
REMCOR INFUSION - 100MG/20ML,1,3.00,0.00,0.00,0.00,2023,2023
RENITE-5 XL 5MG,1,5.00,0.00,0.00,0.00,2023,2023
PIPETTE TIP WHITE,1,10.00,0.00,0.00,0.00,2023,2023
PIPETTE TIP YELLOW TRULAB,1,15.00,0.00,0.00,0.00,2023,2023
PIPETTE TIP BLUE,1,1.00,0.00,0.00,0.00,2023,2023
PURIFIED WATER (DISTILLED WATER),1,192.00,0.00,0.00,0.00,2023,2023
RANZOLE VIALS,1,4.00,0.00,0.00,0.00,2023,2023
SALMONELA TYPHI,1,2.00,0.00,0.00,0.00,2023,2023
TERAZIDINE 35MG,1,50.00,0.00,0.00,0.00,2023,2023
NORBIT,1,3.00,0.00,0.00,0.00,2023,2023
NORMAL SALT SOLUTION 0.85% - MEDIC,1,20.00,0.00,0.00,0.00,2023,2023
OREX LUBRICATING JELLY,1,1.30,0.00,0.00,0.00,2023,2023
METHANOL AR,1,1.00,0.00,0.00,0.00,2023,2023
MUPICORE TGP,1,9.00,0.00,0.00,0.00,2023,2023
PAPANICOLAU STAIN SET,1,1.00,0.00,0.00,0.00,2023,2023
PHYTOMET 10MG,2,0.60,0.00,0.00,0.00,2020,2020
KOVENT SF 25MCG,1,6.00,0.00,0.00,0.00,2023,2023
LEVIZINE 5MG,1,10.00,0.00,0.00,0.00,2023,2023
"PARAFILM 4""X 125FT PM-996",1,2.00,0.00,0.00,0.00,2023,2023
IMODIUM 2MG,1,50.00,0.00,0.00,0.00,2023,2023
ICE BAG INMED,1,5.00,0.00,0.00,0.00,2023,2023
INK BLACK BTD-60BK (BROTHER),1,3.00,0.00,0.00,0.00,2023,2023
HAPPY COTTON 10MG,1,10.00,0.00,0.00,0.00,2023,2023
INK CYAN BT-5000 (BROTHER),1,2.00,0.00,0.00,0.00,2023,2023
HANDSOAP,1,15.00,0.00,0.00,0.00,2023,2023
INK MAGENTA BT-5000 (BROTHER),1,2.00,0.00,0.00,0.00,2023,2023
FOLEY CATHETER LATEX SILICON COATED FR. 16 SURGITECH,1,200.00,0.00,0.00,0.00,2023,2023
INK YELLOW BT-5000 (BROTHER),1,2.00,0.00,0.00,0.00,2023,2023
EXTERNAL HARD DRIVE 1TB (TOSHIBA),1,1.00,0.00,0.00,0.00,2023,2023
EXTENSION CABLE FOR EDAN IM70 PULSE OXIMETER,1,1.00,0.00,0.00,0.00,2023,2023
FBRT 300SHTS125,1,5.00,0.00,0.00,0.00,2023,2023
FILTER PAPER 24X24,1,2.00,0.00,0.00,0.00,2023,2023
INSULIN SYRINGE WITH NEEDLE 1CC 29GX1/2 (TERUMO),2,2.00,0.00,0.00,0.00,2023,2023
DENTAL ANALGESIC,1,1.00,0.00,0.00,0.00,2023,2023
DUAVENT,1,20.00,0.00,0.00,0.00,2023,2023
EDTA LAVENDER TUBE 3ML QUALITUBE,1,24.00,0.00,0.00,0.00,2023,2023
CALADRYL,1,18.00,0.00,0.00,0.00,2023,2023
CHAMPION BAR WHITE,1,150.00,0.00,0.00,0.00,2023,2023
URATEX FOAM 3X36X75,1,1.00,0.00,0.00,0.00,2019,2019
D5W 250ML (EUROMED),1,3000.00,0.00,0.00,0.00,2023,2023
EFFICASCENT OIL,1,20.00,0.00,0.00,0.00,2023,2023
ASCOF,1,30.00,0.00,0.00,0.00,2023,2023
ATORVASTATIN 40MG TABLET FREDTOR,1,10.00,0.00,0.00,0.00,2023,2023
BALLPEN G-TECH 0.3 BLACK (PILOT),1,20.00,0.00,0.00,0.00,2023,2023
BALLPEN G-TECH 0.3 BLUE (PILOT),1,10.00,0.00,0.00,0.00,2023,2023
AMINOLEBAN,1,10.00,0.00,0.00,0.00,2023,2023
"ADHESIVE PLASTER 1"" MICROPORE",1,19.00,0.00,0.00,0.00,2023,2023
ANESTIN 20MG/ML (2% W/V),1,10.00,0.00,0.00,0.00,2023,2023
RENIMAX 200MG/ML,2,5.00,0.00,0.00,0.00,2019,2020
APPESAPH NELPA,1,2.00,0.00,0.00,0.00,2023,2023
BLOOD COLLECTION BAGS,1,3.00,0.00,0.00,0.00,2023,2023
TEGUTECT 2% CHG DIGLUCONATE W/70% ALCOHOL 250ML,1,1.00,0.00,0.00,0.00,2019,2019
ABSORBENT GAUZE SPONGE INDOPLAS,1,10.00,0.00,0.00,0.00,2023,2023
BLOOD TYPING ANTI SERA A & B,1,7.00,0.00,0.00,0.00,2023,2023
PEANS 9 1/2'',1,6.00,0.00,-3654.00,0.00,2025,2025
STRAIGHT KELLY 7'',2,40.00,0.00,-17240.00,0.00,2025,2025
ACETONE,1,2.00,0.00,0.00,0.00,2023,2023
TISSUE FORCEF 5'',2,10.00,0.00,-2310.00,0.00,2025,2025
TOOTHELESS FORCEF SIZE 5 1/2'',1,2.00,0.00,-462.00,0.00,2025,2025
ACCEMAC,1,0.00,0.00,0.00,0.00,2017,2017
MEDIUM DEAVER - 12 INCHES HEIGHT (HEAD 2),1,2.00,0.00,-4680.00,0.00,2025,2025
METZ SCISSOR 7'',2,10.00,0.00,-4730.00,0.00,2025,2025
BLADE HOLDER #4 5 1/2,1,2.00,0.00,-260.00,0.00,2025,2025
LAXAVIS 5MG TAB,1,0.00,0.00,0.00,0.00,2025,2025
LEVOCIN 500MG,2,2.00,0.00,-2395.00,0.00,2019,2020
LONG THUMB SIZE 10'',1,2.00,0.00,-794.00,0.00,2025,2025
MALLEABLE RETRACTOR SIZE 12''X2 1/2'',1,2.00,0.00,-1200.00,0.00,2025,2025
OCHSNER CURVED 8'',1,8.00,0.00,-4312.00,0.00,2025,2025
LUBRICATING JELLY 50G,2,2.00,0.00,0.00,0.00,2019,2019
ALLIS FORCEFS 7 INCHES,1,8.00,0.00,-3904.00,0.00,2025,2025
APELOS RETRACTOR,2,10.00,0.00,-8320.00,0.00,2025,2025
BLADDER RETRACTOR/BALFOUR CENTRAL BLADE SIZE 70X85MM,1,2.00,0.00,-5482.00,0.00,2025,2025
OCHSNER STRAIGHT 8'',1,8.00,0.00,-4312.00,0.00,2025,2025
ENCIF 500MG,1,0.00,-72.00,0.00,0.00,2019,2019
DOXAIR 400MG,1,0.00,-84.00,0.00,0.00,2019,2019
PYRAZUER 500MG,1,0.00,-107.00,0.00,0.00,2020,2020
"ARMSLING (S,M,L)",1,0.00,-226.80,0.00,0.00,2019,2019
CAPTOR 25G,1,0.00,-380.00,-285.00,0.00,2020,2020
GENERIC GLICLAZIDE 30MG TAB,2,1.00,-672.00,616.00,0.00,2019,2020
SPITONE 25MG,3,3.00,-840.00,-680.00,0.00,2018,2020
AZEEMYCIN 500MG,2,10.00,-6580.00,-4020.00,0.00,2019,2020
MEROSEA 1G,3,17.00,-8730.00,-814.00,0.00,2019,2020
RUCEF 500MG,2,20.00,-35800.00,-56400.00,0.00,2024,2024
