MEDSHIELD PHARMA CORP,,,,,,,,,,,,,,,,,,,
SALES SUMMARY REPORT,,,,,,,,,,,,,,,,,,,
AS OF DECEMBER 2018,,,,,,,,,,,,,,,,,,,
,,,,,,,,,,,,,,,,,,,
DRNumber,DRDate,SalesRep,Product,Qty, CP/UNIT , TOTAL CP , Discount , NET CP , TP/UNIT , Total TP , Net Income ,,,,,,,,
15464,01-Mar-18,Albay,VITACORE 100mg,5,"1,500.00"," 7,500.00 ",0.00,"7,500.00",200.00,"1,000.00","6,500.00",,,,,,,,
15465,02-Mar-18,Albay,Alvica Trauma Recovery Gel Ice,2,368.00, 736.00 ,0.00,736.00,195.00,390.00,346.00,,,,,,,,
15466,06-Mar-18,Albay,MULTI GROW 120ml,10,288.00," 2,880.00 ",0.00,"2,880.00",75.00,750.00,"2,130.00",,,,,,,,
15467,07-Mar-18,Albay,XYNETIN 1500mg/200iu,6,325.00," 1,950.00 ",0.00,"1,950.00",310.00,"1,860.00",90.00,,,,,,,,
15472,22-Mar-18,Albay,SUSTACHLOR 125mg/5ml,6,117.60, 705.60 ,0.00,705.60,29.00,174.00,531.60,,,,,,,,
15474,03-Apr-18,Albay,OMEBLOC-20 20mg,2,290.00, 580.00 ,0.00,580.00,93.00,186.00,394.00,,,,,,,,
15475,06-Apr-18,Albay,OMEBLOC-20 20mg,3,290.00, 870.00 ,0.00,870.00,93.00,279.00,591.00,,,,,,,,
15478,03-Apr-18,Albay,SUPMAC 500mg,5,108.00, 540.00 ,0.00,540.00,34.00,170.00,370.00,,,,,,,,
15479,03-Apr-18,Albay,SUPMAC 500mg,10,108.00," 1,080.00 ",0.00,"1,080.00",34.00,340.00,740.00,,,,,,,,
15479,03-Apr-18,Albay,CINNARIGO 25MG,2,198.00, 396.00 ,0.00,396.00,266.00,532.00,-136.00,,,,,,,,
15480,04-Apr-18,Albay,CLAXIC 500mg/125mg,2,"1,674.00"," 3,348.00 ",0.00,"3,348.00","1,174.00","2,348.00","1,000.00",,,,,,,,
15480,04-Apr-18,Albay,LOWAS 10MG,4,325.00," 1,300.00 ",0.00,"1,300.00",165.00,660.00,640.00,,,,,,,,
15480,04-Apr-18,Albay,LEXI B FORTE 300mg/100mg/100mcg,10,600.00," 6,000.00 ",0.00,"6,000.00",323.00,"3,230.00","2,770.00",,,,,,,,
15480,04-Apr-18,Albay,INHIBITA 40mg,10,600.00," 6,000.00 ",0.00,"6,000.00",90.00,900.00,"5,100.00",,,,,,,,
15481,06-Apr-18,Albay,PHILSTAT 20mg,3,206.67, 620.00 ,0.00,620.00,70.00,210.00,410.00,,,,,,,,
15481,06-Apr-18,Albay,FORMET 500mg,3,132.00, 396.00 ,0.00,396.00,59.00,177.00,219.00,,,,,,,,
15482,10-Apr-18,Albay,AMETRIS 500mg,4,390.00," 1,560.00 ",0.00,"1,560.00",170.00,680.00,880.00,,,,,,,,
15483,11-Apr-18,Albay,METMIC 500mg,5,750.00," 3,750.00 ",0.00,"3,750.00",228.00,"1,140.00","2,610.00",,,,,,,,
15484,11-Apr-18,Albay,CEEPRAZOL 20mg,2,"1,800.00"," 3,600.00 ",0.00,"3,600.00",550.00,"1,100.00","2,500.00",,,,,,,,
15485,11-Apr-18,Albay,PHILSTAT 20mg,2,310.00, 620.00 ,0.00,620.00,70.00,140.00,480.00,,,,,,,,
15486,11-Apr-18,Albay,Alvica Trauma Recovery Gel Kids,3,368.00," 1,104.00 ",0.00,"1,104.00",195.00,585.00,519.00,,,,,,,,
15487,11-Apr-18,Albay,Alvica Trauma Recovery Gel Ice,3,368.00," 1,104.00 ",0.00,"1,104.00",224.00,672.00,432.00,,,,,,,,
15488,11-Apr-18,Albay,FORMET 500mg,2,198.00, 396.00 ,0.00,396.00,59.00,118.00,278.00,,,,,,,,
15489,12-Apr-18,Albay,AMETRIS 125mg,12,67.20, 806.40 ,0.00,806.40,35.00,420.00,386.40,,,,,,,,
15490,12-Apr-18,Albay,CLAXIC 250mg/62.5mg/5ml,7,221.43," 1,549.98 ",0.00,"1,549.98",130.00,910.00,639.98,,,,,,,,
15491,12-Apr-18,Albay,CLAXIC 125mg/31.25mg/5ml,7,135.71, 950.00 ,0.00,950.00,76.00,532.00,418.00,,,,,,,,
15492,13-Apr-18,Albay,BROXIL-M 30mg,3,804.00," 2,412.00 ",0.00,"2,412.00",210.00,630.00,"1,782.00",,,,,,,,
15493,14-Apr-18,Albay,FEBSAN,10,325.00," 3,250.00 ",0.00,"3,250.00",155.00,"1,550.00","1,700.00",,,,,,,,
15494,16-Apr-18,Albay,MULTI GROW 120ml,40,144.00," 5,760.00 ",0.00,"5,760.00",75.00,"3,000.00","2,760.00",,,,,,,,
15495,16-Apr-18,Albay,SAPHROXOL 30mg,2,781.00," 1,562.00 ",0.00,"1,562.00",30.00,60.00,"1,502.00",,,,,,,,
15496,17-Apr-18,Albay,CLAXIC 500mg/125mg,2,"1,650.00"," 3,300.00 ",0.00,"3,300.00","1,174.00","2,348.00",952.00,,,,,,,,
15497,17-Apr-18,Albay,AMETRIS 500mg,2,390.00, 780.00 ,0.00,780.00,170.00,340.00,440.00,,,,,,,,
15498,17-Apr-18,Albay,AMETRIS 125mg,8,67.20, 537.60 ,0.00,537.60,35.00,280.00,257.60,,,,,,,,
15499,17-Apr-18,Albay,Alvica Trauma Recovery Gel Kids,3,368.00," 1,104.00 ",0.00,"1,104.00",195.00,585.00,519.00,,,,,,,,
15499,17-Apr-18,Albay,Alvica Trauma Recovery Gel Ice,3,368.00," 1,104.00 ",0.00,"1,104.00",195.00,585.00,519.00,,,,,,,,
15500,19-Apr-18,Albay,SUSTACHLOR 500mg,1,"1,500.00"," 1,500.00 ",0.00,"1,500.00",330.00,330.00,"1,170.00",,,,,,,,
16051,26-Apr-18,Albay,Alvica Trauma Recovery Gel Ice,5,408.00," 2,040.00 ",0.00,"2,040.00",195.00,975.00,"1,065.00",,,,,,,,
16052,26-Apr-18,Albay,Alvica Trauma Recovery Gel Kids,5,408.00," 2,040.00 ",0.00,"2,040.00",195.00,975.00,"1,065.00",,,,,,,,
16053,26-Apr-18,Albay,BROADMETZ 500mg,2,685.00," 1,370.00 ",0.00,"1,370.00",319.00,638.00,732.00,,,,,,,,
16054,27-Apr-18,Albay,SODAMPEN 1g IM/IV,36,108.33," 3,900.00 ",0.00,"3,900.00",40.00,"1,440.00","2,460.00",,,,,,,,
16055,02-May-18,Albay,ROSULIP 20mg,4,750.00," 3,000.00 ",0.00,"3,000.00",270.00,"1,080.00","1,920.00",,,,,,,,
16056,04-May-18,Albay,OMEBLOC-20 20mg,3,290.00, 870.00 ,0.00,870.00,93.00,279.00,591.00,,,,,,,,
16059,10-May-18,Albay,BROADMETZ 500mg,10,535.00," 5,350.00 ",0.00,"5,350.00",319.00,"3,190.00","2,160.00",,,,,,,,
16060,11-May-18,Albay,CLAXIC 500mg/125mg,1,"2,790.00"," 2,790.00 ",0.00,"2,790.00","1,174.00","1,174.00","1,616.00",,,,,,,,
16061,11-May-18,Albay,Alvica Trauma Recovery Gel Ice,3,368.00," 1,104.00 ",0.00,"1,104.00",195.00,585.00,519.00,,,,,,,,
16062,11-May-18,Albay,Alvica Trauma Recovery Gel Kids,3,368.00," 1,104.00 ",0.00,"1,104.00",195.00,585.00,519.00,,,,,,,,
16063,22-May-18,Albay,SUSTACHLOR 125mg/5ml,10,67.40, 674.00 ,0.00,674.00,29.00,290.00,384.00,,,,,,,,
16064,22-May-18,Albay,CLAXIC 125mg/31.25mg/5ml,6,158.33, 950.00 ,0.00,950.00,76.00,456.00,494.00,,,,,,,,
16065,22-May-18,Albay,BROADMETZ 500mg,2,"1,070.00"," 2,140.00 ",428.00,"1,712.00",319.00,638.00,"1,074.00",,,,,,,,
16066,22-May-18,Albay,Alvica Trauma Recovery Gel Ice,1,368.00, 368.00 ,0.00,368.00,195.00,195.00,173.00,,,,,,,,
16067,25-May-18,Albay,Aciurtect Disinfectant Solution,1,"1,368.00"," 1,368.00 ",0.00,"1,368.00",684.00,684.00,684.00,,,,,,,,
16068,25-May-18,Albay,Alvica Trauma Recovery Gel Kids,2,473.60, 947.20 ,0.00,947.20,195.00,390.00,557.20,,,,,,,,
16068,25-May-18,Albay,Alvica Trauma Recovery Gel Ice,6,473.60," 2,841.60 ",0.00,"2,841.60",195.00,"1,170.00","1,671.60",,,,,,,,
16069,21-May-18,Albay,Aciurtect Disinfectant Solution,1,"1,365.00"," 1,365.00 ",0.00,"1,365.00",684.00,684.00,681.00,,,,,,,,
16070,28-May-18,Albay,Alvica Trauma Recovery Gel Kids,3,368.00," 1,104.00 ",0.00,"1,104.00",195.00,585.00,519.00,,,,,,,,
16071,28-May-18,Albay,SAPHROXOL 30mg,8,781.00," 6,248.00 ",0.00,"6,248.00",30.00,240.00,"6,008.00",,,,,,,,
16072,30-May-18,Albay,OMEBLOC-20 20mg,2,290.00, 580.00 ,0.00,580.00,93.00,186.00,394.00,,,,,,,,
16073,30-May-18,Albay,Alvica Trauma Recovery Gel Ice,4,473.60," 1,894.40 ",0.00,"1,894.40",224.00,896.00,998.40,,,,,,,,
16074,11-Jun-18,Albay,Alvica Trauma Recovery Gel Ice,3,368.00," 1,104.00 ",0.00,"1,104.00",224.00,672.00,432.00,,,,,,,,
16075,13-Jun-18,Albay,OMEBLOC-20 20mg,5,290.00," 1,450.00 ",0.00,"1,450.00",93.00,465.00,985.00,,,,,,,,
16076,14-Jun-18,Albay,C-ZETT 600mg,10,768.00," 7,680.00 ","3,840.00","3,840.00",170.00,"1,700.00","2,140.00",,,,,,,,
16079,20-Jul-18,Albay,MULTI GROW 120ml,40,144.00," 5,760.00 ",0.00,"5,760.00",75.00,"3,000.00","2,760.00",,,,,,,,
16080,30-Oct-18,Albay,Aciurtect Disinfectant Solution,4,"2,752.30"," 11,009.20 ",0.00,"11,009.20","1,376.00","5,504.00","5,505.20",,,,,,,,
15882,07-Mar-18,Laguna,EUROXONE 1g,50,190.00," 9,500.00 ",0.00,"9,500.00",73.00,"3,650.00","5,850.00",,,,,,,,
15882,07-Mar-18,Laguna,EUROXIME 500mg,2,"2,100.00"," 4,200.00 ",0.00,"4,200.00","1,450.00","2,900.00","1,300.00",,,,,,,,
15893,02-Mar-18,Laguna,TRIVASC 35mg MR,2,"1,500.00"," 3,000.00 ",0.00,"3,000.00",445.00,890.00,"2,110.00",,,,,,,,
15893,02-Mar-18,Laguna,MULTIMEEDS,3,200.00, 600.00 ,0.00,600.00,69.00,207.00,393.00,,,,,,,,
15893,02-Mar-18,Laguna,EUROXONE 1g,50,264.00," 13,200.00 ",0.00,"13,200.00",73.00,"3,650.00","9,550.00",,,,,,,,
15893,02-Mar-18,Laguna,LACTAMOX 500mg/125mg,2,"2,820.00"," 5,640.00 ",0.00,"5,640.00","1,173.60","2,347.20","3,292.80",,,,,,,,
15893,02-Mar-18,Laguna,FERGLOBIN 250mg,1,300.00, 300.00 ,0.00,300.00,215.00,215.00,85.00,,,,,,,,
15894,05-Mar-18,Laguna,COLCHICINE 500mcg ,2,300.00, 600.00 ,0.00,600.00,141.00,282.00,318.00,,,,,,,,
15894,05-Mar-18,Laguna,EUROXONE 1g,80,264.00," 21,120.00 ",0.00,"21,120.00",73.00,"5,840.00","15,280.00",,,,,,,,
15894,05-Mar-18,Laguna,CORBAL 100mg,3,"1,200.00"," 3,600.00 ",0.00,"3,600.00",265.00,795.00,"2,805.00",,,,,,,,
15894,05-Mar-18,Laguna,MEFECOD 50mg,0.2,"38,000.00"," 7,600.00 ",0.00,"7,600.00","1,035.00",207.00,"7,393.00",,,,,,,,
15894,05-Mar-18,Laguna,CALCIUM CARBONATE,2,300.00, 600.00 ,0.00,600.00,68.00,136.00,464.00,,,,,,,,
15894,05-Mar-18,Laguna,MAROZEL 40mg,0.5,"1,500.00", 750.00 ,0.00,750.00,220.00,110.00,640.00,,,,,,,,
15894,05-Mar-18,Laguna,FEBUNAZ 40MG,1,"2,600.00"," 2,600.00 ",0.00,"2,600.00",190.00,190.00,"2,410.00",,,,,,,,
15894,05-Mar-18,Laguna,NATURALLE,3,"1,440.00"," 4,320.00 ",0.00,"4,320.00",869.00,"2,607.00","1,713.00",,,,,,,,
15894,05-Mar-18,Laguna,NITROFIX SR 30mg,2,"1,300.00"," 2,600.00 ",0.00,"2,600.00",500.00,"1,000.00","1,600.00",,,,,,,,
15894,05-Mar-18,Laguna,DOXOFAR 400mg,3,960.00," 2,880.00 ",0.00,"2,880.00",240.00,720.00,"2,160.00",,,,,,,,
15894,05-Mar-18,Laguna,ZINCAVIT 55mg/ml,5,88.00, 440.00 ,0.00,440.00,25.00,125.00,315.00,,,,,,,,
15894,05-Mar-18,Laguna,BRISOFER 250mg,3,300.00, 900.00 ,0.00,900.00,110.00,330.00,570.00,,,,,,,,
15894,05-Mar-18,Laguna,ERCEFLORA 5ml,10,"1,200.00"," 12,000.00 ",0.00,"12,000.00",332.00,"3,320.00","8,680.00",,,,,,,,
15895,06-Mar-18,Laguna,FEXIL 250mg/5ml,10,198.00," 1,980.00 ",0.00,"1,980.00",65.00,650.00,"1,330.00",,,,,,,,
15895,06-Mar-18,Laguna,NICTRAM 50mg/ml,1,"1,400.00"," 1,400.00 ",0.00,"1,400.00",90.00,90.00,"1,310.00",,,,,,,,
15896,06-Mar-18,Laguna,OMCARE 40mg,1,"2,550.00"," 2,550.00 ",0.00,"2,550.00",390.00,390.00,"2,160.00",,,,,,,,
15897,06-Mar-18,Laguna,OMCARE 40mg,14,"3,800.00"," 53,200.00 ",0.00,"53,200.00",390.00,"5,460.00","47,740.00",,,,,,,,
15897,06-Mar-18,Laguna,ONDEX 4mg/ml,10,740.00," 7,400.00 ",0.00,"7,400.00",110.00,"1,100.00","6,300.00",,,,,,,,
15897,06-Mar-18,Laguna,CEFAZIN 1g,100,170.00," 17,000.00 ",0.00,"17,000.00",20.00,"2,000.00","15,000.00",,,,,,,,
15897,06-Mar-18,Laguna,EUROXONE 1g,150,264.00," 39,600.00 ",0.00,"39,600.00",73.00,"10,950.00","28,650.00",,,,,,,,
15897,06-Mar-18,Laguna,MAXIFER 20mg/ml,5,490.00," 2,450.00 ",0.00,"2,450.00",818.00,"4,090.00","-1,640.00",,,,,,,,
15897,06-Mar-18,Laguna,DUOTRAM 325mg,3,"2,000.00"," 6,000.00 ",0.00,"6,000.00",275.00,825.00,"5,175.00",,,,,,,,
15897,06-Mar-18,Laguna,ANTIZOAL 5mg/ml,40,90.00," 3,600.00 ",0.00,"3,600.00",22.00,880.00,"2,720.00",,,,,,,,
15897,06-Mar-18,Laguna,HYPHEN 50mg,10,"1,200.00"," 12,000.00 ",0.00,"12,000.00",320.00,"3,200.00","8,800.00",,,,,,,,
15897,06-Mar-18,Laguna,HYDRA ZL 20mg/ml,1,"2,400.00"," 2,400.00 ",0.00,"2,400.00",,,"2,400.00",,,,,,,,
15897,06-Mar-18,Laguna,K-LYTE 600mg,3,"1,500.00"," 4,500.00 ",0.00,"4,500.00",795.00,"2,385.00","2,115.00",,,,,,,,
15897,06-Mar-18,Laguna,LACTAMOX 500mg/125mg,3,"2,820.00"," 8,460.00 ",0.00,"8,460.00","1,173.60","3,520.80","4,939.20",,,,,,,,
15898,08-Mar-18,Laguna,CLAVIC 500mg/125mg,1,"2,790.00"," 2,790.00 ",0.00,"2,790.00","1,174.00","1,174.00","1,616.00",,,,,,,,
15898,08-Mar-18,Laguna,APROCARE 150mg,3,870.00," 2,610.00 ",0.00,"2,610.00",219.00,657.00,"1,953.00",,,,,,,,
15898,08-Mar-18,Laguna,CLAVIC 250mg/62.5mg/5ml,10,320.00," 3,200.00 ",0.00,"3,200.00",130.00,"1,300.00","1,900.00",,,,,,,,
15898,08-Mar-18,Laguna,CLAVIC 125mg/31.25mg/5ml,10,190.00," 1,900.00 ",0.00,"1,900.00",76.00,760.00,"1,140.00",,,,,,,,
15899,08-Mar-18,Laguna,KETOLOG 600mg,2,"6,800.00"," 13,600.00 ",0.00,"13,600.00","1,800.00","3,600.00","10,000.00",,,,,,,,
15899,08-Mar-18,Laguna,LANTIDIN 50mg,2,"18,000.00"," 36,000.00 ",0.00,"36,000.00","3,682.00","7,364.00","28,636.00",,,,,,,,
15899,08-Mar-18,Laguna,QUIX 200mg,8,"2,200.00"," 17,600.00 ",0.00,"17,600.00",670.00,"5,360.00","12,240.00",,,,,,,,
15899,08-Mar-18,Laguna,GLOVEDOL 6.25MG,10,390.00," 3,900.00 ",0.00,"3,900.00",142.00,"1,420.00","2,480.00",,,,,,,,
15899,08-Mar-18,Laguna,PHYTOMEN 10mg/ml,5,480.00," 2,400.00 ",0.00,"2,400.00",270.00,"1,350.00","1,050.00",,,,,,,,
15899,08-Mar-18,Laguna,DEHYDROSOL 250ml,3,250.00, 750.00 ,0.00,750.00,58.00,174.00,576.00,,,,,,,,
15899,08-Mar-18,Laguna,PHILTAM 4g/500mg,1,"6,500.00"," 6,500.00 ",0.00,"6,500.00","1,300.00","1,300.00","5,200.00",,,,,,,,
15899,08-Mar-18,Laguna,TERMAGEN 250mg/5ml,10,37.00, 370.00 ,0.00,370.00,23.00,230.00,140.00,,,,,,,,
15899,08-Mar-18,Laguna,CARDOWIN 1MG,20,"1,380.00"," 27,600.00 ",0.00,"27,600.00",265.00,"5,300.00","22,300.00",,,,,,,,
15899,08-Mar-18,Laguna,METOCLOR 5mg/ml,1,300.00, 300.00 ,0.00,300.00,22.00,22.00,278.00,,,,,,,,
15899,08-Mar-18,Laguna,INHIBITA 40mg,3,760.00," 2,280.00 ",0.00,"2,280.00",90.00,270.00,"2,010.00",,,,,,,,
15900,12-Mar-18,Laguna,CORBAL 100mg,5,"1,200.00"," 6,000.00 ",0.00,"6,000.00",265.00,"1,325.00","4,675.00",,,,,,,,
15900,12-Mar-18,Laguna,AROPOTIN 4000IU,1,"22,000.00"," 22,000.00 ",0.00,"22,000.00","4,700.00","4,700.00","17,300.00",,,,,,,,
15900,12-Mar-18,Laguna,MAXIFER 20mg/ml,2,"2,450.00"," 4,900.00 ",0.00,"4,900.00",818.00,"1,636.00","3,264.00",,,,,,,,
15900,12-Mar-18,Laguna,DULAX 3.35mg,20,320.00," 6,400.00 ",0.00,"6,400.00",125.00,"2,500.00","3,900.00",,,,,,,,
15900,12-Mar-18,Laguna,OMCARE 40mg,1,"3,800.00"," 3,800.00 ",0.00,"3,800.00",390.00,390.00,"3,410.00",,,,,,,,
15900,12-Mar-18,Laguna,ACLAV 1.2g,4,"4,200.00"," 16,800.00 ",0.00,"16,800.00",80.00,320.00,"16,480.00",,,,,,,,
15900,12-Mar-18,Laguna,LANTIDIN 50mg,1.5,"18,000.00"," 27,000.00 ",0.00,"27,000.00","3,682.00","5,523.00","21,477.00",,,,,,,,
15900,12-Mar-18,Laguna,EUROXONE 1g,200,264.00," 52,800.00 ",0.00,"52,800.00",73.00,"14,600.00","38,200.00",,,,,,,,
15900,12-Mar-18,Laguna,CORBAL 250mg,5,"2,600.00"," 13,000.00 ",0.00,"13,000.00",682.00,"3,410.00","9,590.00",,,,,,,,
15900,12-Mar-18,Laguna,MAROZEL 20MG,1,750.00, 750.00 ,0.00,750.00,180.00,180.00,570.00,,,,,,,,
16401,14-Mar-18,Laguna,MAXIFER 20mg/ml,2,"2,450.00"," 4,900.00 ",0.00,"4,900.00",818.00,"1,636.00","3,264.00",,,,,,,,
16401,14-Mar-18,Laguna,ZINCAVIT 55mg/ml,6,88.00, 528.00 ,0.00,528.00,25.00,150.00,378.00,,,,,,,,
16401,14-Mar-18,Laguna,BACTROFAR 20mg,10,285.00," 2,850.00 ",0.00,"2,850.00",85.00,850.00,"2,000.00",,,,,,,,
16401,14-Mar-18,Laguna,DOXOFAR 400mg,0.6,"3,200.00"," 1,920.00 ",0.00,"1,920.00",340.00,204.00,"1,716.00",,,,,,,,
16401,14-Mar-18,Laguna,DALAMYCIN 150mg,30,"4,000.00"," 120,000.00 ",0.00,"120,000.00",150.00,"4,500.00","115,500.00",,,,,,,,
16401,14-Mar-18,Laguna,OMCARE 40mg,50,380.00," 19,000.00 ",0.00,"19,000.00",390.00,"19,500.00",-500.00,,,,,,,,
16401,14-Mar-18,Laguna,KETOLOG 600mg,2,"6,800.00"," 13,600.00 ",0.00,"13,600.00","1,800.00","3,600.00","10,000.00",,,,,,,,
16401,14-Mar-18,Laguna,ZEFTACARE 1g,30,480.00," 14,400.00 ",0.00,"14,400.00",45.00,"1,350.00","13,050.00",,,,,,,,
16401,14-Mar-18,Laguna,EUROXONE 1g,50,264.00," 13,200.00 ",0.00,"13,200.00",73.00,"3,650.00","9,550.00",,,,,,,,
16402,15-Mar-18,Laguna,CLAXIC 250mg/62.5mg/5ml,10,240.00," 2,400.00 ",0.00,"2,400.00",130.00,"1,300.00","1,100.00",,,,,,,,
16403,15-Mar-18,Laguna,ENCLOXIL 500mg,2,"1,800.00"," 3,600.00 ",0.00,"3,600.00",540.00,"1,080.00","2,520.00",,,,,,,,
16404,15-Mar-18,Laguna,CLAVIC 250mg/62.5mg/5ml,10,320.00," 3,200.00 ",0.00,"3,200.00",130.00,"1,300.00","1,900.00",,,,,,,,
16404,15-Mar-18,Laguna,APROCARE 150mg,6,870.00," 5,220.00 ",0.00,"5,220.00",219.00,"1,314.00","3,906.00",,,,,,,,
16404,15-Mar-18,Laguna,CLAVIC 125mg/31.25mg/5ml,2,190.00, 380.00 ,0.00,380.00,76.00,152.00,228.00,,,,,,,,
16415,03-Apr-18,Laguna,OXAN 500mg,6,875.00," 5,250.00 ",0.00,"5,250.00",158.00,948.00,"4,302.00",,,,,,,,
16415,03-Apr-18,Laguna,MONOWEL 1g,100,880.00," 88,000.00 ",0.00,"88,000.00",459.00,"45,900.00","42,100.00",,,,,,,,
16415,03-Apr-18,Laguna,AMSUTAS 500mg/250mg,50,150.00," 7,500.00 ",0.00,"7,500.00",55.00,"2,750.00","4,750.00",,,,,,,,
16415,03-Apr-18,Laguna,EUROXONE 1g,200,264.00," 52,800.00 ",0.00,"52,800.00",73.00,"14,600.00","38,200.00",,,,,,,,
16415,03-Apr-18,Laguna,ANTIZOAL 5mg/ml,40,90.00," 3,600.00 ",0.00,"3,600.00",22.00,880.00,"2,720.00",,,,,,,,
16415,03-Apr-18,Laguna,ALAMIN 500ml,5,"1,350.00"," 6,750.00 ",0.00,"6,750.00",350.00,"1,750.00","5,000.00",,,,,,,,
16415,03-Apr-18,Laguna,Hyclens 0.2% Wound Spray,9,290.00," 2,610.00 ",0.00,"2,610.00",135.00,"1,215.00","1,395.00",,,,,,,,
16416,04-Apr-18,Laguna,MAXIFER 20mg/ml,6,"2,450.00"," 14,700.00 ",0.00,"14,700.00",818.00,"4,908.00","9,792.00",,,,,,,,
16416,04-Apr-18,Laguna,ENERZINC ,6,85.00, 510.00 ,0.00,510.00,28.00,168.00,342.00,,,,,,,,
16416,04-Apr-18,Laguna,HYPHEN 50mg,5,"1,200.00"," 6,000.00 ",0.00,"6,000.00",320.00,"1,600.00","4,400.00",,,,,,,,
16416,04-Apr-18,Laguna,C-ZETT 600mg,4,600.00," 2,400.00 ",0.00,"2,400.00",170.00,680.00,"1,720.00",,,,,,,,
16416,04-Apr-18,Laguna,ATOVAS 20mg,4,660.00," 2,640.00 ",0.00,"2,640.00",202.00,808.00,"1,832.00",,,,,,,,
16416,04-Apr-18,Laguna,ANTIZOAL 5mg/ml,50,90.00," 4,500.00 ",0.00,"4,500.00",22.00,"1,100.00","3,400.00",,,,,,,,
16416,04-Apr-18,Laguna,CEFZIME 750mg,10,"1,560.00"," 15,600.00 ",0.00,"15,600.00",750.00,"7,500.00","8,100.00",,,,,,,,
16416,04-Apr-18,Laguna,DULAX 3.35mg,12,320.00," 3,840.00 ",0.00,"3,840.00",125.00,"1,500.00","2,340.00",,,,,,,,
16416,04-Apr-18,Laguna,KETERO 30MG,40,500.00," 20,000.00 ",0.00,"20,000.00",80.00,"3,200.00","16,800.00",,,,,,,,
16416,04-Apr-18,Laguna,SPLENDAMET 500mg,1,500.00, 500.00 ,0.00,500.00,128.00,128.00,372.00,,,,,,,,
16416,04-Apr-18,Laguna,FERGLOBIN 250mg,1,300.00, 300.00 ,0.00,300.00,215.00,215.00,85.00,,,,,,,,
16416,04-Apr-18,Laguna,AZILIFE 500MG,1.3,"2,820.00"," 3,666.00 ",0.00,"3,666.00",45.00,58.50,"3,607.50",,,,,,,,
16417,05-Apr-18,Laguna,APROCARE 150mg,5,870.00," 4,350.00 ",0.00,"4,350.00",219.00,"1,095.00","3,255.00",,,,,,,,
16417,05-Apr-18,Laguna,CLAVIC 500mg/125mg,2,"2,790.00"," 5,580.00 ",0.00,"5,580.00","1,174.00","2,348.00","3,232.00",,,,,,,,
16418,11-Apr-18,Laguna,EUROXONE 1g,40,190.00," 7,600.00 ",0.00,"7,600.00",73.00,"2,920.00","4,680.00",,,,,,,,
16418,11-Apr-18,Laguna,EUROXIME 500mg,2,"2,100.00"," 4,200.00 ",0.00,"4,200.00","1,450.00","2,900.00","1,300.00",,,,,,,,
16419,13-Apr-18,Laguna,EUROXIME 500mg,1,"2,100.00"," 2,100.00 ",0.00,"2,100.00","1,450.00","1,450.00",650.00,,,,,,,,
16419,13-Apr-18,Laguna,EUROXONE 1g,40,190.00," 7,600.00 ",0.00,"7,600.00",73.00,"2,920.00","4,680.00",,,,,,,,
16420,16-Apr-18,Laguna,BRISOFER 250mg,5,300.00," 1,500.00 ",0.00,"1,500.00",110.00,550.00,950.00,,,,,,,,
16420,16-Apr-18,Laguna,XOPRAZOLE 40MG,1,"2,128.00"," 2,128.00 ",0.00,"2,128.00",334.00,334.00,"1,794.00",,,,,,,,
16421,17-Apr-18,Laguna,CEPROTRON 500mg,2,"1,225.00"," 2,450.00 ",0.00,"2,450.00",415.00,830.00,"1,620.00",,,,,,,,
16421,17-Apr-18,Laguna,EUROXONE 1g,40,190.00," 7,600.00 ",0.00,"7,600.00",73.00,"2,920.00","4,680.00",,,,,,,,
16421,17-Apr-18,Laguna,EUROXIME 500mg,2,"2,100.00"," 4,200.00 ",0.00,"4,200.00","1,450.00","2,900.00","1,300.00",,,,,,,,
16422,17-Apr-18,Laguna,NICTRAM 50mg/ml,1,"1,400.00"," 1,400.00 ",0.00,"1,400.00",90.00,90.00,"1,310.00",,,,,,,,
16422,17-Apr-18,Laguna,OMCARE 40mg,1,"2,550.00"," 2,550.00 ",0.00,"2,550.00",450.00,450.00,"2,100.00",,,,,,,,
16423,17-Apr-18,Laguna,ATOVAS 20mg,2,682.20," 1,364.40 ",0.00,"1,364.40",202.00,404.00,960.40,,,,,,,,
16424,18-Apr-18,Laguna,Hyclens 0.2% Wound Spray,5,290.00," 1,450.00 ",0.00,"1,450.00",115.00,575.00,875.00,,,,,,,,
16424,18-Apr-18,Laguna,TRANMED,9,400.00," 3,600.00 ",0.00,"3,600.00",92.00,828.00,"2,772.00",,,,,,,,
16424,18-Apr-18,Laguna,ERCEFLORA 5ml,5,"1,200.00"," 6,000.00 ",0.00,"6,000.00",332.00,"1,660.00","4,340.00",,,,,,,,
16424,18-Apr-18,Laguna,NATURALLE,2,"1,440.00"," 2,880.00 ",0.00,"2,880.00",869.00,"1,738.00","1,142.00",,,,,,,,
16424,18-Apr-18,Laguna,MEFECOD 50mg,2,"3,800.00"," 7,600.00 ",0.00,"7,600.00","1,035.00","2,070.00","5,530.00",,,,,,,,
16424,18-Apr-18,Laguna,AROPOTIN 4000IU,3,"22,000.00"," 66,000.00 ",0.00,"66,000.00","4,700.00","14,100.00","51,900.00",,,,,,,,
16424,18-Apr-18,Laguna,PIMAX,2,"2,400.00"," 4,800.00 ",0.00,"4,800.00",550.00,"1,100.00","3,700.00",,,,,,,,
16424,18-Apr-18,Laguna,CORBAL 100mg,5,"1,200.00"," 6,000.00 ",0.00,"6,000.00",265.00,"1,325.00","4,675.00",,,,,,,,
16424,18-Apr-18,Laguna,ANTIZOAL 5mg/ml,20,90.00," 1,800.00 ",0.00,"1,800.00",22.00,440.00,"1,360.00",,,,,,,,
16424,18-Apr-18,Laguna,CEFZIME 750mg,20,"1,560.00"," 31,200.00 ",0.00,"31,200.00",750.00,"15,000.00","16,200.00",,,,,,,,
16425,20-Apr-18,Laguna,ROSEMIDE 10mg,10,420.00," 4,200.00 ",0.00,"4,200.00",70.80,708.00,"3,492.00",,,,,,,,
16425,20-Apr-18,Laguna,Ketero,8,500.00," 4,000.00 ",0.00,"4,000.00",80.00,640.00,"3,360.00",,,,,,,,
16426,23-Apr-18,Laguna,OMCARE 40mg,30,380.00," 11,400.00 ",0.00,"11,400.00",390.00,"11,700.00",-300.00,,,,,,,,
16426,23-Apr-18,Laguna,SUPMAC 500mg,60,282.00," 16,920.00 ",0.00,"16,920.00",34.00,"2,040.00","14,880.00",,,,,,,,
16426,23-Apr-18,Laguna,EUROXIME 500mg,3,"2,450.00"," 7,350.00 ",0.00,"7,350.00","1,450.00","4,350.00","3,000.00",,,,,,,,
16426,23-Apr-18,Laguna,ZEFTACARE 1g,150,480.00," 72,000.00 ",0.00,"72,000.00",45.00,"6,750.00","65,250.00",,,,,,,,
16426,23-Apr-18,Laguna,ALKALINSE 1.080g,4,660.00," 2,640.00 ",0.00,"2,640.00",129.00,516.00,"2,124.00",,,,,,,,
16426,23-Apr-18,Laguna,ANTIZOAL 5mg/ml,80,90.00," 7,200.00 ",0.00,"7,200.00",22.00,"1,760.00","5,440.00",,,,,,,,
16426,23-Apr-18,Laguna,ALAMIN 500ml,10,"1,350.00"," 13,500.00 ",0.00,"13,500.00",350.00,"3,500.00","10,000.00",,,,,,,,
16426,23-Apr-18,Laguna,CEFZIME 750mg,100,"1,560.00"," 156,000.00 ",0.00,"156,000.00",750.00,"75,000.00","81,000.00",,,,,,,,
16426,23-Apr-18,Laguna,INHIBITA 40mg,5,760.00," 3,800.00 ",0.00,"3,800.00",90.00,450.00,"3,350.00",,,,,,,,
16426,23-Apr-18,Laguna,Stonekey,5,680.00," 3,400.00 ",0.00,"3,400.00",152.00,760.00,"2,640.00",,,,,,,,
16427,24-Apr-18,Laguna,Ketero,10,500.00," 5,000.00 ",0.00,"5,000.00",80.00,800.00,"4,200.00",,,,,,,,
16427,24-Apr-18,Laguna,PARTEN 50mg,3,"1,700.00"," 5,100.00 ",0.00,"5,100.00",115.00,345.00,"4,755.00",,,,,,,,
16427,24-Apr-18,Laguna,K-LYTE 600mg,2,"1,500.00"," 3,000.00 ",0.00,"3,000.00",795.00,"1,590.00","1,410.00",,,,,,,,
16427,24-Apr-18,Laguna,NATURALLE,3,"1,440.00"," 4,320.00 ",0.00,"4,320.00",869.00,"2,607.00","1,713.00",,,,,,,,
16427,24-Apr-18,Laguna,FUROXIDE 10mg/2ml,20,420.00," 8,400.00 ",0.00,"8,400.00",80.00,"1,600.00","6,800.00",,,,,,,,
16427,24-Apr-18,Laguna,METOCLOR 5mg/ml,10,300.00," 3,000.00 ",0.00,"3,000.00",22.00,220.00,"2,780.00",,,,,,,,
16428,25-Apr-18,Laguna,CLAXIC 250mg/62.5mg/5ml,12,220.00," 2,640.00 ",0.00,"2,640.00",130.00,"1,560.00","1,080.00",,,,,,,,
16429,25-Apr-18,Laguna,ENCLOXIL 500mg,2,"1,800.00"," 3,600.00 ",0.00,"3,600.00",540.00,"1,080.00","2,520.00",,,,,,,,
16430,25-Apr-18,Laguna,APROCARE 150mg,4,870.00," 3,480.00 ",0.00,"3,480.00",219.00,876.00,"2,604.00",,,,,,,,
16431,26-Apr-18,Laguna,EUROXIME 500mg,2,"2,100.00"," 4,200.00 ",0.00,"4,200.00","1,450.00","2,900.00","1,300.00",,,,,,,,
16431,26-Apr-18,Laguna,EUROXONE 1g,40,190.00," 7,600.00 ",0.00,"7,600.00",73.00,"2,920.00","4,680.00",,,,,,,,
16432,30-Apr-18,Laguna,EUROXONE 1g,40,190.00," 7,600.00 ",0.00,"7,600.00",73.00,"2,920.00","4,680.00",,,,,,,,
16432,30-Apr-18,Laguna,EUROXIME 500mg,2,"2,100.00"," 4,200.00 ",0.00,"4,200.00","1,450.00","2,900.00","1,300.00",,,,,,,,
16432,30-Apr-18,Laguna,CEPROTRON 500mg,2,"1,225.00"," 2,450.00 ",0.00,"2,450.00",415.00,830.00,"1,620.00",,,,,,,,
16433,30-Apr-18,Laguna,SPITONE 25MG,1,840.00, 840.00 ,0.00,840.00,180.00,180.00,660.00,,,,,,,,
16433,30-Apr-18,Laguna,PRAZABLOC 40mg,60,490.00," 29,400.00 ",0.00,"29,400.00",95.00,"5,700.00","23,700.00",,,,,,,,
16433,30-Apr-18,Laguna,INHIBITA 40mg,10,760.00," 7,600.00 ",0.00,"7,600.00",90.00,900.00,"6,700.00",,,,,,,,
16433,30-Apr-18,Laguna,CARDOWIN 1MG,5,"1,380.00"," 6,900.00 ",0.00,"6,900.00",265.00,"1,325.00","5,575.00",,,,,,,,
16433,30-Apr-18,Laguna,AMETRIS 500mg,1,300.00, 300.00 ,0.00,300.00,170.00,170.00,130.00,,,,,,,,
16433,30-Apr-18,Laguna,SPASMOSON 20mg,10,980.00," 9,800.00 ",0.00,"9,800.00",336.00,"3,360.00","6,440.00",,,,,,,,
16433,30-Apr-18,Laguna,DOXOFAR 400mg,4,960.00," 3,840.00 ",0.00,"3,840.00",240.00,960.00,"2,880.00",,,,,,,,
16433,30-Apr-18,Laguna,KLOPIDO 75mg,3,990.00," 2,970.00 ",0.00,"2,970.00",384.00,"1,152.00","1,818.00",,,,,,,,
16433,30-Apr-18,Laguna,EUROXIME 500mg,4,"2,450.00"," 9,800.00 ",0.00,"9,800.00","1,450.00","5,800.00","4,000.00",,,,,,,,
16433,30-Apr-18,Laguna,VITACORE 100mg,5,"1,200.00"," 6,000.00 ",0.00,"6,000.00",200.00,"1,000.00","5,000.00",,,,,,,,
16433,30-Apr-18,Laguna,Hyclens 0.2% Wound Spray,10,290.00," 2,900.00 ",0.00,"2,900.00",115.00,"1,150.00","1,750.00",,,,,,,,
16433,30-Apr-18,Laguna,Dopan,10,348.00," 3,480.00 ",0.00,"3,480.00",290.00,"2,900.00",580.00,,,,,,,,
16433,30-Apr-18,Laguna,DUOTRAM 325mg,1,"2,000.00"," 2,000.00 ",0.00,"2,000.00",275.00,275.00,"1,725.00",,,,,,,,
16434,02-May-18,Laguna,OMCARE 40mg,3,"3,800.00"," 11,400.00 ",0.00,"11,400.00",450.00,"1,350.00","10,050.00",,,,,,,,
16434,02-May-18,Laguna,BRISOFER 250mg,5,300.00," 1,500.00 ",0.00,"1,500.00",110.00,550.00,950.00,,,,,,,,
16434,02-May-18,Laguna,EPIBBAS ,50,79.00," 3,950.00 ",0.00,"3,950.00",25.00,"1,250.00","2,700.00",,,,,,,,
16434,02-May-18,Laguna,C-ZETT 600mg,3,600.00," 1,800.00 ",0.00,"1,800.00",170.00,510.00,"1,290.00",,,,,,,,
16434,02-May-18,Laguna,HYDROZONE 100MG,10,"1,200.00"," 12,000.00 ",0.00,"12,000.00",265.00,"2,650.00","9,350.00",,,,,,,,
16434,02-May-18,Laguna,NITROFIX SR 30mg,2,"1,300.00"," 2,600.00 ",0.00,"2,600.00",500.00,"1,000.00","1,600.00",,,,,,,,
16434,02-May-18,Laguna,Ketero,40,500.00," 20,000.00 ",0.00,"20,000.00",80.00,"3,200.00","16,800.00",,,,,,,,
16434,02-May-18,Laguna,MONILIASOL 125mg/5ml,5,80.00, 400.00 ,0.00,400.00,26.00,130.00,270.00,,,,,,,,
16434,02-May-18,Laguna,TRANCE 100MG,20,400.00," 8,000.00 ",0.00,"8,000.00",100.00,"2,000.00","6,000.00",,,,,,,,
16434,02-May-18,Laguna,AGLOTAC 25mg/ml (50mg/2ml),5,450.00," 2,250.00 ",0.00,"2,250.00",480.00,"2,400.00",-150.00,,,,,,,,
16434,02-May-18,Laguna,ROSEMIDE 10mg,20,420.00," 8,400.00 ",0.00,"8,400.00",70.80,"1,416.00","6,984.00",,,,,,,,
16435,03-May-18,Laguna,NICTRAM 50mg/ml,1,"1,400.00"," 1,400.00 ",0.00,"1,400.00",90.00,90.00,"1,310.00",,,,,,,,
16436,04-May-18,Laguna,EUROXONE 1g,30,190.00," 5,700.00 ",0.00,"5,700.00",73.00,"2,190.00","3,510.00",,,,,,,,
16437,07-May-18,Laguna,EUROXIME 500mg,2,"2,100.00"," 4,200.00 ",0.00,"4,200.00","1,450.00","2,900.00","1,300.00",,,,,,,,
16437,07-May-18,Laguna,EUROXONE 1g,50,190.00," 9,500.00 ",0.00,"9,500.00",73.00,"3,650.00","5,850.00",,,,,,,,
16438,07-May-18,Laguna,OMCARE 40mg,1,"2,550.00"," 2,550.00 ",0.00,"2,550.00",390.00,390.00,"2,160.00",,,,,,,,
16438,07-May-18,Laguna,NICTRAM 50mg/ml,1,"1,400.00"," 1,400.00 ",0.00,"1,400.00",90.00,90.00,"1,310.00",,,,,,,,
16438,07-May-18,Laguna,FEXIL 250mg/5ml,12,198.00," 2,376.00 ",0.00,"2,376.00",65.00,780.00,"1,596.00",,,,,,,,
16438,07-May-18,Laguna,ROSEMIDE 10mg,1,824.00, 824.00 ,0.00,824.00,70.80,70.80,753.20,,,,,,,,
16441,11-May-18,Laguna,EUROXONE 1g,50,190.00," 9,500.00 ",0.00,"9,500.00",73.00,"3,650.00","5,850.00",,,,,,,,
16441,11-May-18,Laguna,EUROXIME 500mg,2,"2,100.00"," 4,200.00 ",0.00,"4,200.00","1,450.00","2,900.00","1,300.00",,,,,,,,
16442,11-May-18,Laguna,K-LYTE 600mg,1,"1,500.00"," 1,500.00 ",0.00,"1,500.00",795.00,795.00,705.00,,,,,,,,
16444,16-May-18,Laguna,MULTIMEEDS,3,200.00, 600.00 ,0.00,600.00,69.00,207.00,393.00,,,,,,,,
16444,16-May-18,Laguna,ZINCAVIT 55mg/ml,6,88.00, 528.00 ,0.00,528.00,25.00,150.00,378.00,,,,,,,,
16444,16-May-18,Laguna,CEFTIBET 750mg,10,"2,640.00"," 26,400.00 ",0.00,"26,400.00",170.00,"1,700.00","24,700.00",,,,,,,,
16444,16-May-18,Laguna,ANEROCIN 300mg ,10,240.00," 2,400.00 ",0.00,"2,400.00",890.00,"8,900.00","-6,500.00",,,,,,,,
16444,16-May-18,Laguna,CARDOWIN 1MG,10,"1,380.00"," 13,800.00 ",0.00,"13,800.00",265.00,"2,650.00","11,150.00",,,,,,,,
16444,16-May-18,Laguna,HEMOVIT,4,300.00," 1,200.00 ",0.00,"1,200.00",85.00,340.00,860.00,,,,,,,,
16444,16-May-18,Laguna,ROSEMIDE 10mg,30,420.00," 12,600.00 ",0.00,"12,600.00",70.80,"2,124.00","10,476.00",,,,,,,,
16444,16-May-18,Laguna,SPASBACINE,5,980.00," 4,900.00 ",0.00,"4,900.00",250.00,"1,250.00","3,650.00",,,,,,,,
16444,16-May-18,Laguna,VITACORE 100mg,5,"1,200.00"," 6,000.00 ",0.00,"6,000.00",200.00,"1,000.00","5,000.00",,,,,,,,
16444,16-May-18,Laguna,PARTEN 50mg,2,"1,700.00"," 3,400.00 ",0.00,"3,400.00",115.00,230.00,"3,170.00",,,,,,,,
16444,16-May-18,Laguna,OMCARE 40mg,5,"3,800.00"," 19,000.00 ",0.00,"19,000.00",450.00,"2,250.00","16,750.00",,,,,,,,
16444,16-May-18,Laguna,ZEFXON 40mg,50,580.00," 29,000.00 ",0.00,"29,000.00",293.00,"14,650.00","14,350.00",,,,,,,,
16445,17-May-18,Laguna,ROSEMIDE 10mg,1,824.00, 824.00 ,0.00,824.00,70.80,70.80,753.20,,,,,,,,
16445,17-May-18,Laguna,NICTRAM 50mg/ml,1,"1,400.00"," 1,400.00 ",0.00,"1,400.00",90.00,90.00,"1,310.00",,,,,,,,
16446,17-May-18,Laguna,CLAVIC 500mg/125mg,1,"2,790.00"," 2,790.00 ",0.00,"2,790.00","1,174.00","1,174.00","1,616.00",,,,,,,,
16447,17-May-18,Laguna,ENCLOXIL 500mg,2,"1,800.00"," 3,600.00 ",0.00,"3,600.00",540.00,"1,080.00","2,520.00",,,,,,,,
16448,17-May-18,Laguna,LACTAMOX 500mg/125mg,1,"2,800.00"," 2,800.00 ",0.00,"2,800.00","1,173.60","1,173.60","1,626.40",,,,,,,,
16449,18-May-18,Laguna,DANOXINE 750MG,200,156.00," 31,200.00 ",0.00,"31,200.00",25.00,"5,000.00","26,200.00",,,,,,,,
16449,18-May-18,Laguna,CALIBRAL 500mg,3,300.00, 900.00 ,0.00,900.00,235.00,705.00,195.00,,,,,,,,
16449,18-May-18,Laguna,HYDROZONE 100MG,5,"1,200.00"," 6,000.00 ",0.00,"6,000.00",265.00,"1,325.00","4,675.00",,,,,,,,
16449,18-May-18,Laguna,Hyclens OB 1% Antiseptic,10,348.00," 3,480.00 ",0.00,"3,480.00",139.00,"1,390.00","2,090.00",,,,,,,,
16449,18-May-18,Laguna,AEROVENT 2.5mg/2.5ml,4,390.00," 1,560.00 ",0.00,"1,560.00",229.00,916.00,644.00,,,,,,,,
16449,18-May-18,Laguna,ALKALINSE 1.080g,4,660.00," 2,640.00 ",0.00,"2,640.00",129.00,516.00,"2,124.00",,,,,,,,
16449,18-May-18,Laguna,SPASBACINE,10,980.00," 9,800.00 ",0.00,"9,800.00",250.00,"2,500.00","7,300.00",,,,,,,,
16449,18-May-18,Laguna,ZEFTACARE 1g,100,480.00," 48,000.00 ",0.00,"48,000.00",45.00,"4,500.00","43,500.00",,,,,,,,
16449,18-May-18,Laguna,ACLAV 1.2g,5,"4,200.00"," 21,000.00 ",0.00,"21,000.00",80.00,400.00,"20,600.00",,,,,,,,
16449,18-May-18,Laguna,EUROXIME 500mg,3,"2,450.00"," 7,350.00 ",0.00,"7,350.00","1,450.00","4,350.00","3,000.00",,,,,,,,
16449,18-May-18,Laguna,ANTIZOAL 5mg/ml,170,90.00," 15,300.00 ",0.00,"15,300.00",26.00,"4,420.00","10,880.00",,,,,,,,
16449,18-May-18,Laguna,AMETRIS 500mg,2,300.00, 600.00 ,0.00,600.00,170.00,340.00,260.00,,,,,,,,
16449,18-May-18,Laguna,TRANCE 100MG,10,400.00," 4,000.00 ",0.00,"4,000.00",100.00,"1,000.00","3,000.00",,,,,,,,
16450,18-May-18,Laguna,EUROXIME 500mg,2,"2,100.00"," 4,200.00 ",0.00,"4,200.00","1,450.00","2,900.00","1,300.00",,,,,,,,
16450,18-May-18,Laguna,EUROXONE 1g,60,190.00," 11,400.00 ",0.00,"11,400.00",73.00,"4,380.00","7,020.00",,,,,,,,
17101,22-May-18,Laguna,STERILE WATER FOR INJECTION 10 ML,20,68.00," 1,360.00 ",0.00,"1,360.00",6.50,130.00,"1,230.00",,,,,,,,
17101,22-May-18,Laguna,ALAMIN 500ml,5,"1,350.00"," 6,750.00 ",0.00,"6,750.00",350.00,"1,750.00","5,000.00",,,,,,,,
17101,22-May-18,Laguna,OMCARE 40mg,10,"3,800.00"," 38,000.00 ",0.00,"38,000.00",450.00,"4,500.00","33,500.00",,,,,,,,
17101,22-May-18,Laguna,SODAMPEN 1g IM/IV,50,128.00," 6,400.00 ",0.00,"6,400.00",40.00,"2,000.00","4,400.00",,,,,,,,
17101,22-May-18,Laguna,C-ZETT 600mg,5,600.00," 3,000.00 ",0.00,"3,000.00",170.00,850.00,"2,150.00",,,,,,,,
17102,24-May-18,Laguna,OMCARE 40mg,1,"2,550.00"," 2,550.00 ",0.00,"2,550.00",450.00,450.00,"2,100.00",,,,,,,,
17102,24-May-18,Laguna,NICTRAM 50mg/ml,1,"1,400.00"," 1,400.00 ",0.00,"1,400.00",90.00,90.00,"1,310.00",,,,,,,,
17103,24-May-18,Laguna,CEPROTRON 500mg,2,"1,225.00"," 2,450.00 ",0.00,"2,450.00",415.00,830.00,"1,620.00",,,,,,,,
17103,24-May-18,Laguna,EUROXIME 500mg,2,"2,100.00"," 4,200.00 ",0.00,"4,200.00","1,450.00","2,900.00","1,300.00",,,,,,,,
17103,24-May-18,Laguna,EUROXONE 1g,40,190.00," 7,600.00 ",0.00,"7,600.00",73.00,"2,920.00","4,680.00",,,,,,,,
17104,24-May-18,Laguna,AMBITOCYN,4,275.00," 1,100.00 ",0.00,"1,100.00",15.00,60.00,"1,040.00",,,,,,,,
17104,24-May-18,Laguna,B-LACT,8,320.00," 2,560.00 ",0.00,"2,560.00",145.00,"1,160.00","1,400.00",,,,,,,,
17104,24-May-18,Laguna,EUROXIME 500mg,4,"2,450.00"," 9,800.00 ",0.00,"9,800.00","1,450.00","5,800.00","4,000.00",,,,,,,,
17104,24-May-18,Laguna,INOXIN 250mcg,1,900.00, 900.00 ,0.00,900.00,290.00,290.00,610.00,,,,,,,,
17104,24-May-18,Laguna,CEFAZOBAS,25,170.00," 4,250.00 ",0.00,"4,250.00",30.00,750.00,"3,500.00",,,,,,,,
17104,24-May-18,Laguna,AROPOTIN 4000IU,2,"22,000.00"," 44,000.00 ",0.00,"44,000.00","4,700.00","9,400.00","34,600.00",,,,,,,,
17104,24-May-18,Laguna,HYDROZONE 100MG,10,"1,200.00"," 12,000.00 ",0.00,"12,000.00",265.00,"2,650.00","9,350.00",,,,,,,,
17104,24-May-18,Laguna,SALRESP,5,"1,365.00"," 6,825.00 ",0.00,"6,825.00",405.00,"2,025.00","4,800.00",,,,,,,,
17104,24-May-18,Laguna,SPASBACINE,5,980.00," 4,900.00 ",0.00,"4,900.00",250.00,"1,250.00","3,650.00",,,,,,,,
17104,24-May-18,Laguna,ROSEMIDE 10mg,5,420.00," 2,100.00 ",0.00,"2,100.00",70.80,354.00,"1,746.00",,,,,,,,
17104,24-May-18,Laguna,ANTIZOAL 5mg/ml,24,90.00," 2,160.00 ",0.00,"2,160.00",22.00,528.00,"1,632.00",,,,,,,,
17106,28-May-18,Laguna,ALAMIN 500ml,25,"1,350.00"," 33,750.00 ",0.00,"33,750.00",350.00,"8,750.00","25,000.00",,,,,,,,
17106,28-May-18,Laguna,BUDESON 250mcg/ml (500mcg/2ml),2,"3,850.00"," 7,700.00 ",0.00,"7,700.00","1,180.00","2,360.00","5,340.00",,,,,,,,
17106,28-May-18,Laguna,SITIXON 1G,150,264.00," 39,600.00 ",0.00,"39,600.00",25.00,"3,750.00","35,850.00",,,,,,,,
17106,28-May-18,Laguna,Hyclens 0.2% Wound Spray,10,290.00," 2,900.00 ",0.00,"2,900.00",115.00,"1,150.00","1,750.00",,,,,,,,
17106,28-May-18,Laguna,HEMOVIT,5,300.00," 1,500.00 ",0.00,"1,500.00",85.00,425.00,"1,075.00",,,,,,,,
17106,28-May-18,Laguna,ROSEMIDE 10mg,30,420.00," 12,600.00 ",0.00,"12,600.00",70.80,"2,124.00","10,476.00",,,,,,,,
17106,28-May-18,Laguna,HYDROZONE 100MG,10,"1,200.00"," 12,000.00 ",0.00,"12,000.00",265.00,"2,650.00","9,350.00",,,,,,,,
17106,28-May-18,Laguna,CORBAL 250mg,10,"2,600.00"," 26,000.00 ",0.00,"26,000.00",682.00,"6,820.00","19,180.00",,,,,,,,
17106,28-May-18,Laguna,MAXIFER 20mg/ml,4,"2,450.00"," 9,800.00 ",0.00,"9,800.00",818.00,"3,272.00","6,528.00",,,,,,,,
17106,28-May-18,Laguna,RENOKET 600mg,6,"4,200.00"," 25,200.00 ",0.00,"25,200.00","1,500.00","9,000.00","16,200.00",,,,,,,,
17106,28-May-18,Laguna,CALIBRAL 500mg,3,250.00, 750.00 ,0.00,750.00,235.00,705.00,45.00,,,,,,,,
17106,28-May-18,Laguna,PARTEN 50mg,2,"1,680.00"," 3,360.00 ",0.00,"3,360.00",115.00,230.00,"3,130.00",,,,,,,,
17107,28-May-18,Laguna,TRANCE 500MG AMP,10,400.00," 4,000.00 ",0.00,"4,000.00",100.00,"1,000.00","3,000.00",,,,,,,,
17107,28-May-18,Laguna,ZINACARE 750mg with Diluent,200,156.00," 31,200.00 ",0.00,"31,200.00",26.00,"5,200.00","26,000.00",,,,,,,,
17107,28-May-18,Laguna,INHIBITA 40mg,3,760.00," 2,280.00 ",0.00,"2,280.00",90.00,270.00,"2,010.00",,,,,,,,
17107,28-May-18,Laguna,OMCARE 40mg,20,"3,800.00"," 76,000.00 ",0.00,"76,000.00",450.00,"9,000.00","67,000.00",,,,,,,,
17107,28-May-18,Laguna,AMBITOCYN,4,274.00," 1,096.00 ",0.00,"1,096.00",15.00,60.00,"1,036.00",,,,,,,,
17107,28-May-18,Laguna,AGLOTAC 25mg/ml (50mg/2ml),2,450.00, 900.00 ,0.00,900.00,480.00,960.00,-60.00,,,,,,,,
17107,28-May-18,Laguna,SOLUNATE 84mg/ml (8.4%),1,"7,500.00"," 7,500.00 ",0.00,"7,500.00","4,500.00","4,500.00","3,000.00",,,,,,,,
17107,28-May-18,Laguna,EUROXIME 500mg,3,"2,450.00"," 7,350.00 ",0.00,"7,350.00","1,450.00","4,350.00","3,000.00",,,,,,,,
17107,28-May-18,Laguna,ZEFXON 40mg,200,580.00," 116,000.00 ",0.00,"116,000.00",293.00,"58,600.00","57,400.00",,,,,,,,
17107,28-May-18,Laguna,PHYTOMEN 10mg/ml,5,480.00," 2,400.00 ",0.00,"2,400.00",270.00,"1,350.00","1,050.00",,,,,,,,
17109,28-May-18,Laguna,APROCARE 150mg,8,870.00," 6,960.00 ",0.00,"6,960.00",219.00,"1,752.00","5,208.00",,,,,,,,
17110,28-May-18,Laguna,EUROXONE 1g,50,190.00," 9,500.00 ",0.00,"9,500.00",73.00,"3,650.00","5,850.00",,,,,,,,
17110,28-May-18,Laguna,EUROXIME 500mg,1,"2,100.00"," 2,100.00 ",0.00,"2,100.00","1,450.00","1,450.00",650.00,,,,,,,,
17111,30-May-18,Laguna,PROVIT CEE 100mg/5ml,5,220.00," 1,100.00 ",0.00,"1,100.00",41.00,205.00,895.00,,,,,,,,
17111,30-May-18,Laguna,ATOVAS 20mg,4,660.00," 2,640.00 ",0.00,"2,640.00",202.00,808.00,"1,832.00",,,,,,,,
17111,30-May-18,Laguna,LACTAMOX 500mg/125mg,2,"2,820.00"," 5,640.00 ",0.00,"5,640.00","1,174.00","2,348.00","3,292.00",,,,,,,,
17111,30-May-18,Laguna,ACLAV 1.2g,3,"4,200.00"," 12,600.00 ",0.00,"12,600.00",80.00,240.00,"12,360.00",,,,,,,,
17111,30-May-18,Laguna,VONWELT COLCHICINE 500mcg,2,300.00, 600.00 ,0.00,600.00,136.00,272.00,328.00,,,,,,,,
17111,30-May-18,Laguna,DOPAMAX 40mg/ml (200mg/5ml),10,"1,740.00"," 17,400.00 ",0.00,"17,400.00",345.00,"3,450.00","13,950.00",,,,,,,,
17111,30-May-18,Laguna,ROSEMIDE 10mg,10,420.00," 4,200.00 ",0.00,"4,200.00",70.80,708.00,"3,492.00",,,,,,,,
17111,30-May-18,Laguna,CORBAL 250mg,5,"2,600.00"," 13,000.00 ",0.00,"13,000.00",682.00,"3,410.00","9,590.00",,,,,,,,
17111,30-May-18,Laguna,CORBAL 100mg,10,"1,200.00"," 12,000.00 ",0.00,"12,000.00",265.00,"2,650.00","9,350.00",,,,,,,,
17111,30-May-18,Laguna,SPASBACINE,20,980.00," 19,600.00 ",0.00,"19,600.00",250.00,"5,000.00","14,600.00",,,,,,,,
17111,30-May-18,Laguna,B-LACT,24,320.00," 7,680.00 ",0.00,"7,680.00",145.00,"3,480.00","4,200.00",,,,,,,,
17111,30-May-18,Laguna,C-ZETT 600mg,5,600.00," 3,000.00 ",0.00,"3,000.00",170.00,850.00,"2,150.00",,,,,,,,
17112,30-May-18,Laguna,ANTIZOAL 5mg/ml,240,90.00," 21,600.00 ",0.00,"21,600.00",22.00,"5,280.00","16,320.00",,,,,,,,
17112,30-May-18,Laguna,ACIPRO 2mg,50,880.00," 44,000.00 ",0.00,"44,000.00",30.00,"1,500.00","42,500.00",,,,,,,,
17112,30-May-18,Laguna,TERMAGEN 250MG,12,37.00, 444.00 ,0.00,444.00,23.00,276.00,168.00,,,,,,,,
17112,30-May-18,Laguna,INHIBITA 40mg,3,760.00," 2,280.00 ",0.00,"2,280.00",90.00,270.00,"2,010.00",,,,,,,,
17112,30-May-18,Laguna,SALRESP,10,"1,365.00"," 13,650.00 ",0.00,"13,650.00",405.00,"4,050.00","9,600.00",,,,,,,,
17112,30-May-18,Laguna,Ketero,4,"5,000.00"," 20,000.00 ",0.00,"20,000.00",80.00,320.00,"19,680.00",,,,,,,,
17112,30-May-18,Laguna,SPITONE 25MG,2,840.00," 1,680.00 ",0.00,"1,680.00",180.00,360.00,"1,320.00",,,,,,,,
17115,01-Jun-18,Laguna,AMBITOCYN,6,275.00," 1,650.00 ",0.00,"1,650.00",15.00,90.00,"1,560.00",,,,,,,,
17115,01-Jun-18,Laguna,CEFAZOBAS,25,170.00," 4,250.00 ",0.00,"4,250.00",30.00,750.00,"3,500.00",,,,,,,,
17115,01-Jun-18,Laguna,SITIXON 1G,50,264.00," 13,200.00 ",0.00,"13,200.00",25.00,"1,250.00","11,950.00",,,,,,,,
17116,04-Jun-18,Laguna,MEFECOD 50mg,3,"3,800.00"," 11,400.00 ",0.00,"11,400.00","1,035.00","3,105.00","8,295.00",,,,,,,,
17116,04-Jun-18,Laguna,EVENING PRIMROSE SOFTGEL,10,"1,440.00"," 14,400.00 ",0.00,"14,400.00",869.00,"8,690.00","5,710.00",,,,,,,,
17117,04-Jun-18,Laguna,EUROXONE 1g,50,190.00," 9,500.00 ",0.00,"9,500.00",73.00,"3,650.00","5,850.00",,,,,,,,
17117,04-Jun-18,Laguna,CEPROTRON 500mg,2,"1,225.00"," 2,450.00 ",0.00,"2,450.00",415.00,830.00,"1,620.00",,,,,,,,
17118,04-Jun-18,Laguna,OMCARE 40mg,1,"2,550.00"," 2,550.00 ",0.00,"2,550.00",390.00,390.00,"2,160.00",,,,,,,,
17118,04-Jun-18,Laguna,FEXIL 250mg/5ml,6,198.00," 1,188.00 ",0.00,"1,188.00",65.00,390.00,798.00,,,,,,,,
17118,04-Jun-18,Laguna,ROSEMIDE 10mg,1,824.00, 824.00 ,0.00,824.00,70.80,70.80,753.20,,,,,,,,
17118,04-Jun-18,Laguna,ATOVAS 20mg,2,682.20," 1,364.40 ",0.00,"1,364.40",202.00,404.00,960.40,,,,,,,,
17119,06-Jun-18,Laguna,EUROXONE 1g,40,190.00," 7,600.00 ",0.00,"7,600.00",73.00,"2,920.00","4,680.00",,,,,,,,
17119,06-Jun-18,Laguna,CEPROTRON 500mg,3,"1,225.00"," 3,675.00 ",0.00,"3,675.00",415.00,"1,245.00","2,430.00",,,,,,,,
17119,06-Jun-18,Laguna,ZAFEX 500mg,2,"2,100.00"," 4,200.00 ",0.00,"4,200.00","1,450.00","2,900.00","1,300.00",,,,,,,,
17120,11-Jun-18,Laguna,CEFEXIL 250mg/5ml,10,198.00," 1,980.00 ",0.00,"1,980.00",65.00,650.00,"1,330.00",,,,,,,,
17120,11-Jun-18,Laguna,NICTRAM 50mg/ml,1,"1,400.00"," 1,400.00 ",0.00,"1,400.00",90.00,90.00,"1,310.00",,,,,,,,
17121,11-Jun-18,Laguna,CEPROTRON 500mg,2,"1,225.00"," 2,450.00 ",0.00,"2,450.00",415.00,830.00,"1,620.00",,,,,,,,
17121,11-Jun-18,Laguna,EUROXONE 1g,40,190.00," 7,600.00 ",0.00,"7,600.00",73.00,"2,920.00","4,680.00",,,,,,,,
17122,13-Jun-18,Laguna,ZAFEX 500mg,2,"2,100.00"," 4,200.00 ",0.00,"4,200.00","1,450.00","2,900.00","1,300.00",,,,,,,,
17122,13-Jun-18,Laguna,EUROXONE 1g,20,190.00," 3,800.00 ",0.00,"3,800.00",73.00,"1,460.00","2,340.00",,,,,,,,
17123,20-Jun-18,Laguna,MAXIFER 20mg/ml,4,"2,450.00"," 9,800.00 ",0.00,"9,800.00",818.00,"3,272.00","6,528.00",,,,,,,,
17124,21-Jun-18,Laguna,CLAVIC 250mg/62.5mg/5ml,12,320.00," 3,840.00 ",0.00,"3,840.00",130.00,"1,560.00","2,280.00",,,,,,,,
17124,21-Jun-18,Laguna,APROCARE 150mg,4,870.00," 3,480.00 ",0.00,"3,480.00",219.00,876.00,"2,604.00",,,,,,,,
17125,21-Jun-18,Laguna,CLAXIC 250mg/62.5mg/5ml,10,300.00," 3,000.00 ",0.00,"3,000.00",130.00,"1,300.00","1,700.00",,,,,,,,
17125,21-Jun-18,Laguna,LACTAMOX 500mg/125mg,1,"2,800.00"," 2,800.00 ",0.00,"2,800.00","1,174.00","1,174.00","1,626.00",,,,,,,,
17126,21-Jun-18,Laguna,OMCARE 40mg,1,"2,550.00"," 2,550.00 ",0.00,"2,550.00",450.00,450.00,"2,100.00",,,,,,,,
17126,21-Jun-18,Laguna,CEFEXIL 250mg/5ml,6,198.00," 1,188.00 ",0.00,"1,188.00",65.00,390.00,798.00,,,,,,,,
17127,18-Jun-18,Laguna,EUROXONE 1g,50,190.00," 9,500.00 ",0.00,"9,500.00",73.00,"3,650.00","5,850.00",,,,,,,,
17127,18-Jun-18,Laguna,ZAFEX 500mg,2,"2,100.00"," 4,200.00 ",0.00,"4,200.00","1,450.00","2,900.00","1,300.00",,,,,,,,
17128,27-Jun-18,Laguna,CORT 20MG,2,600.00," 1,200.00 ",0.00,"1,200.00",220.00,440.00,760.00,,,,,,,,
17128,27-Jun-18,Laguna,SAPHROXOL 75MG,3,"1,100.00"," 3,300.00 ",0.00,"3,300.00",555.00,"1,665.00","1,635.00",,,,,,,,
17129,27-Jun-18,Laguna,NICTRAM 50mg/ml,1,"1,400.00"," 1,400.00 ",0.00,"1,400.00",90.00,90.00,"1,310.00",,,,,,,,
17130,29-Jun-18,Laguna,SODAMPEN 1g IM/IV,20,128.00," 2,560.00 ",0.00,"2,560.00",40.00,800.00,"1,760.00",,,,,,,,
17131,29-Jun-18,Laguna,EUROXONE 1g,40,190.00," 7,600.00 ",0.00,"7,600.00",73.00,"2,920.00","4,680.00",,,,,,,,
17131,29-Jun-18,Laguna,ZAFEX 500mg,2,"2,100.00"," 4,200.00 ",0.00,"4,200.00","1,450.00","2,900.00","1,300.00",,,,,,,,
17132,02-Jul-18,Laguna,NICTRAM 50mg/ml,1,"1,400.00"," 1,400.00 ",0.00,"1,400.00",90.00,90.00,"1,310.00",,,,,,,,
17132,02-Jul-18,Laguna,CEFEXIL 250mg/5ml,6,198.00," 1,188.00 ",0.00,"1,188.00",65.00,390.00,798.00,,,,,,,,
17132,02-Jul-18,Laguna,OMCARE 40mg,0.5,"2,550.00"," 1,275.00 ",0.00,"1,275.00",450.00,225.00,"1,050.00",,,,,,,,
17133,02-Jul-18,Laguna,ZAFEX 500mg,2,"2,100.00"," 4,200.00 ",0.00,"4,200.00","1,450.00","2,900.00","1,300.00",,,,,,,,
17133,02-Jul-18,Laguna,EUROXONE 1g,40,190.00," 7,600.00 ",0.00,"7,600.00",73.00,"2,920.00","4,680.00",,,,,,,,
17134,04-Jul-18,Laguna,ENCLOXIL 500mg,4,"1,800.00"," 7,200.00 ",0.00,"7,200.00",540.00,"2,160.00","5,040.00",,,,,,,,
17135,04-Jul-18,Laguna,SODAMPEN 1g IM/IV,10,128.00," 1,280.00 ",0.00,"1,280.00",40.00,400.00,880.00,,,,,,,,
17136,06-Jul-18,Laguna,EUROXONE 1g,40,190.00," 7,600.00 ",0.00,"7,600.00",73.00,"2,920.00","4,680.00",,,,,,,,
17137,09-Jul-18,Laguna,NICTRAM 50mg/ml,1,"1,400.00"," 1,400.00 ",0.00,"1,400.00",90.00,90.00,"1,310.00",,,,,,,,
17138,09-Jul-18,Laguna,EUROXONE 1g,40,190.00," 7,600.00 ",0.00,"7,600.00",73.00,"2,920.00","4,680.00",,,,,,,,
17138,09-Jul-18,Laguna,ZAFEX 500mg,2,"2,100.00"," 4,200.00 ",0.00,"4,200.00","1,450.00","2,900.00","1,300.00",,,,,,,,
17138,09-Jul-18,Laguna,CIFROX 500mg,2,"1,125.00"," 2,250.00 ",0.00,"2,250.00",450.00,900.00,"1,350.00",,,,,,,,
17139,12-Jul-18,Laguna,AMPICELO 500mg,2,580.00," 1,160.00 ",0.00,"1,160.00",125.00,250.00,910.00,,,,,,,,
17140,16-Jul-18,Laguna,ZAFEX 500mg,2,"2,100.00"," 4,200.00 ",0.00,"4,200.00","1,450.00","2,900.00","1,300.00",,,,,,,,
17140,16-Jul-18,Laguna,EUROXONE 1g,40,190.00," 7,600.00 ",0.00,"7,600.00",73.00,"2,920.00","4,680.00",,,,,,,,
17141,16-Jul-18,Laguna,ROSEMIDE 10mg,1,824.00, 824.00 ,0.00,824.00,70.80,70.80,753.20,,,,,,,,
17141,16-Jul-18,Laguna,K-LYTE 600mg,1,"1,600.00"," 1,600.00 ",0.00,"1,600.00",795.00,795.00,805.00,,,,,,,,
17142,18-Jul-18,Laguna,SODAMPEN 1g IM/IV,20,128.00," 2,560.00 ",0.00,"2,560.00",40.00,800.00,"1,760.00",,,,,,,,
17143,26-Jul-18,Laguna,OMCARE 40mg,0.6,"2,550.00"," 1,530.00 ",0.00,"1,530.00",390.00,234.00,"1,296.00",,,,,,,,
17143,26-Jul-18,Laguna,CEFEXIL 250mg/5ml,6,198.00," 1,188.00 ",0.00,"1,188.00",65.00,390.00,798.00,,,,,,,,
17143,26-Jul-18,Laguna,NICTRAM 50mg/ml,1,"1,400.00"," 1,400.00 ",0.00,"1,400.00",90.00,90.00,"1,310.00",,,,,,,,
17146,02-Aug-18,Laguna,LACTAMOX 500mg/125mg,1,"2,800.00"," 2,800.00 ",0.00,"2,800.00","1,174.00","1,174.00","1,626.00",,,,,,,,
17146,02-Aug-18,Laguna,CLAXIC 250mg/62.5mg/5ml,10,300.00," 3,000.00 ",0.00,"3,000.00",130.00,"1,300.00","1,700.00",,,,,,,,
171476,02-Aug-18,Laguna,CLAXIC 250mg/62.5mg/5ml,10,300.00," 3,000.00 ",0.00,"3,000.00",130.00,"1,300.00","1,700.00",,,,,,,,
171476,02-Aug-18,Laguna,LACTAMOX 500mg/125mg,1,"2,800.00"," 2,800.00 ",0.00,"2,800.00","1,174.00","1,174.00","1,626.00",,,,,,,,
17148,08-Aug-18,Laguna,NICTRAM 50mg/ml,1,"1,400.00"," 1,400.00 ",0.00,"1,400.00",90.00,90.00,"1,310.00",,,,,,,,
17148,08-Aug-18,Laguna,CEFEXIL 250mg/5ml,6,198.00," 1,188.00 ",0.00,"1,188.00",65.00,390.00,798.00,,,,,,,,
17148,08-Aug-18,Laguna,OMCARE 40mg,1,"2,550.00"," 2,550.00 ",0.00,"2,550.00",390.00,390.00,"2,160.00",,,,,,,,
17149,09-Aug-18,Laguna,CIFROX 500mg,1,"1,750.00"," 1,750.00 ",0.00,"1,750.00",450.00,450.00,"1,300.00",,,,,,,,
17149,09-Aug-18,Laguna,ZYROVA,1,"1,100.00"," 1,100.00 ",0.00,"1,100.00",650.00,650.00,450.00,,,,,,,,
17149,09-Aug-18,Laguna,ARTAL-H 50mg/12.5mg,1,"2,200.00"," 2,200.00 ",0.00,"2,200.00",198.00,198.00,"2,002.00",,,,,,,,
17149,09-Aug-18,Laguna,C-ZETT 600mg,1,600.00, 600.00 ,0.00,600.00,170.00,170.00,430.00,,,,,,,,
17351,14-Aug-18,Laguna,CEPROTRON 500mg,2,"1,250.00"," 2,500.00 ",0.00,"2,500.00",415.00,830.00,"1,670.00",,,,,,,,
17351,14-Aug-18,Laguna,EUROXONE 1g,40,190.00," 7,600.00 ",0.00,"7,600.00",73.00,"2,920.00","4,680.00",,,,,,,,
17351,14-Aug-18,Laguna,ZAFEX 500mg,2,"2,100.00"," 4,200.00 ",0.00,"4,200.00","1,450.00","2,900.00","1,300.00",,,,,,,,
17352,14-Aug-18,Laguna,OMCARE 40mg,1,"2,550.00"," 2,550.00 ",0.00,"2,550.00",450.00,450.00,"2,100.00",,,,,,,,
17353,14-Aug-18,Laguna,CEFTIBET 750mg,2,"2,640.00"," 5,280.00 ",0.00,"5,280.00",170.00,340.00,"4,940.00",,,,,,,,
17353,14-Aug-18,Laguna,CORBAL 100mg,10,"1,200.00"," 12,000.00 ",0.00,"12,000.00",265.00,"2,650.00","9,350.00",,,,,,,,
17353,14-Aug-18,Laguna,ZINACARE 750mg w/o Diluent,20,156.00," 3,120.00 ",0.00,"3,120.00",120.00,"2,400.00",720.00,,,,,,,,
17353,14-Aug-18,Laguna,STERILE WATER FOR INJECTION 10 ML,40,68.00," 2,720.00 ",0.00,"2,720.00",6.50,260.00,"2,460.00",,,,,,,,
17353,14-Aug-18,Laguna,EUROXONE 1g,120,264.00," 31,680.00 ",0.00,"31,680.00",73.00,"8,760.00","22,920.00",,,,,,,,
17354,16-Aug-18,Laguna,EUROXONE 1g,150,264.00," 39,600.00 ",0.00,"39,600.00",73.00,"10,950.00","28,650.00",,,,,,,,
17354,16-Aug-18,Laguna,STERILE WATER FOR INJECTION 10 ML,60,68.00," 4,080.00 ",0.00,"4,080.00",6.50,390.00,"3,690.00",,,,,,,,
17356,22-Aug-18,Laguna,NICTRAM 50mg/ml,1,"1,400.00"," 1,400.00 ",0.00,"1,400.00",90.00,90.00,"1,310.00",,,,,,,,
17356,22-Aug-18,Laguna,FUROSE 20mg/2ml,1,824.00, 824.00 ,0.00,824.00,85.00,85.00,739.00,,,,,,,,
17356,22-Aug-18,Laguna,CEFEXIL 250mg/5ml,6,198.00," 1,188.00 ",0.00,"1,188.00",65.00,390.00,798.00,,,,,,,,
17357,22-Aug-18,Laguna,EUROXONE 1g,40,190.00," 7,600.00 ",0.00,"7,600.00",73.00,"2,920.00","4,680.00",,,,,,,,
17357,22-Aug-18,Laguna,ZAFEX 500mg,2,"2,100.00"," 4,200.00 ",0.00,"4,200.00","1,450.00","2,900.00","1,300.00",,,,,,,,
17361,28-Aug-18,Laguna,ZINACARE w/o DILUENT,50,140.00," 7,000.00 ",0.00,"7,000.00",18.00,900.00,"6,100.00",,,,,,,,
17361,28-Aug-18,Laguna,SODAMPEN 1g IM/IV,50,110.00," 5,500.00 ",0.00,"5,500.00",40.00,"2,000.00","3,500.00",,,,,,,,
17361,28-Aug-18,Laguna,BROADMETZ 500mg,1,800.00, 800.00 ,0.00,800.00,319.00,319.00,481.00,,,,,,,,
17361,28-Aug-18,Laguna,C-ZETT 600mg,1,420.00, 420.00 ,0.00,420.00,170.00,170.00,250.00,,,,,,,,
17361,28-Aug-18,Laguna,AMLOPURE 10mg,1,900.00, 900.00 ,0.00,900.00,90.00,90.00,810.00,,,,,,,,
17361,28-Aug-18,Laguna,Sumpilin 115mg,5,580.00," 2,900.00 ",0.00,"2,900.00",115.00,575.00,"2,325.00",,,,,,,,
17361,28-Aug-18,Laguna,Lodipex,1,700.00, 700.00 ,0.00,700.00,29.00,29.00,671.00,,,,,,,,
17361,28-Aug-18,Laguna,FEXIL 500MG,1,700.00, 700.00 ,0.00,700.00,535.00,535.00,165.00,,,,,,,,
17361,28-Aug-18,Laguna,SCHEEPRIN-80 80mg,1,200.00, 200.00 ,0.00,200.00,70.00,70.00,130.00,,,,,,,,
17361,28-Aug-18,Laguna,BUDESON 250mcg/ml (500mcg/2ml),1,"3,850.00"," 3,850.00 ",0.00,"3,850.00","1,180.00","1,180.00","2,670.00",,,,,,,,
17361,28-Aug-18,Laguna,CAPTOR 25mg,1,380.00, 380.00 ,0.00,380.00,77.00,77.00,303.00,,,,,,,,
17361,28-Aug-18,Laguna,GLOVEDOL 6.25MG,1,270.00, 270.00 ,0.00,270.00,142.00,142.00,128.00,,,,,,,,
17362,29-Aug-18,Laguna,DOPNAX 40MG/ML,6,"1,600.00"," 9,600.00 ",0.00,"9,600.00",240.00,"1,440.00","8,160.00",,,,,,,,
17362,29-Aug-18,Laguna,DOBUMEAN 12.5mg,50,450.00," 22,500.00 ",0.00,"22,500.00",190.00,"9,500.00","13,000.00",,,,,,,,
17362,29-Aug-18,Laguna,Philclox 500mg,1,700.00, 700.00 ,0.00,700.00,240.00,240.00,460.00,,,,,,,,
17362,29-Aug-18,Laguna,Diflosid 25mg/ml,5,370.00," 1,850.00 ",0.00,"1,850.00",130.00,650.00,"1,200.00",,,,,,,,
17362,29-Aug-18,Laguna,CLOPIDA 75MG,0.333333,"2,250.00", 750.00 ,0.00,750.00,160.00,53.33,696.67,,,,,,,,
17362,29-Aug-18,Laguna,EPIX,16.66666,237.00," 3,950.00 ",0.00,"3,950.00",29.09,484.83,"3,465.17",,,,,,,,
17362,29-Aug-18,Laguna,FUROSE 20mg/2ml,5,360.00," 1,800.00 ",0.00,"1,800.00",85.00,425.00,"1,375.00",,,,,,,,
17362,29-Aug-18,Laguna,CORBAL 100mg,5,"1,100.00"," 5,500.00 ",0.00,"5,500.00",265.00,"1,325.00","4,175.00",,,,,,,,
17362,29-Aug-18,Laguna,HYDROBET 250mg,5,"2,400.00"," 12,000.00 ",0.00,"12,000.00",73.00,365.00,"11,635.00",,,,,,,,
17362,29-Aug-18,Laguna,SPASBACINE,5,980.00," 4,900.00 ",0.00,"4,900.00",250.00,"1,250.00","3,650.00",,,,,,,,
17362,29-Aug-18,Laguna,SALRESP,1,"2,240.00"," 2,240.00 ",0.00,"2,240.00",405.00,405.00,"1,835.00",,,,,,,,
17362,29-Aug-18,Laguna,KETOROBAS 30mg,2,"1,000.00"," 2,000.00 ",0.00,"2,000.00",230.00,460.00,"1,540.00",,,,,,,,
17363,29-Aug-18,Laguna,PARTEN 50mg,1,800.00, 800.00 ,0.00,800.00,115.00,115.00,685.00,,,,,,,,
17363,29-Aug-18,Laguna,ANTIZOAL 5mg/ml,50,90.00," 4,500.00 ",0.00,"4,500.00",26.00,"1,300.00","3,200.00",,,,,,,,
17363,29-Aug-18,Laguna,OMCARE 40mg,2.8,"3,800.00"," 10,640.00 ",0.00,"10,640.00",450.00,"1,260.00","9,380.00",,,,,,,,
17363,29-Aug-18,Laguna,ZANTRACID,5,450.00," 2,250.00 ",0.00,"2,250.00",35.00,175.00,"2,075.00",,,,,,,,
17363,29-Aug-18,Laguna,TRIVASC 35mg MR,1,"1,800.00"," 1,800.00 ",0.00,"1,800.00",445.00,445.00,"1,355.00",,,,,,,,
17363,29-Aug-18,Laguna,TRANCE 500MG AMP,10,"1,400.00"," 14,000.00 ",0.00,"14,000.00",100.00,"1,000.00","13,000.00",,,,,,,,
17363,29-Aug-18,Laguna,Prometin,1,300.00, 300.00 ,0.00,300.00,46.00,46.00,254.00,,,,,,,,
17363,29-Aug-18,Laguna,FORMET 500mg,1,400.00, 400.00 ,0.00,400.00,59.00,59.00,341.00,,,,,,,,
17364,29-Aug-18,Laguna,EUROXONE 1g,50,264.00," 13,200.00 ",0.00,"13,200.00",73.00,"3,650.00","9,550.00",,,,,,,,
17365,04-Sep-18,Laguna,SITIXON 1G,10,264.00," 2,640.00 ",0.00,"2,640.00",25.00,250.00,"2,390.00",,,,,,,,
17365,04-Sep-18,Laguna,STERILE WATER FOR INJECTION 10 ML,20,68.00," 1,360.00 ",0.00,"1,360.00",6.50,130.00,"1,230.00",,,,,,,,
17365,04-Sep-18,Laguna,CORBAL 100mg,10,"1,200.00"," 12,000.00 ",0.00,"12,000.00",265.00,"2,650.00","9,350.00",,,,,,,,
17365,04-Sep-18,Laguna,MAXIFER 20mg/ml,2,"2,450.00"," 4,900.00 ",0.00,"4,900.00",818.00,"1,636.00","3,264.00",,,,,,,,
17365,04-Sep-18,Laguna,CEFTIBET 750mg,5,"2,640.00"," 13,200.00 ",0.00,"13,200.00",170.00,850.00,"12,350.00",,,,,,,,
17365,04-Sep-18,Laguna,AEROVENT 1mg/ml,2,390.00, 780.00 ,0.00,780.00,275.00,550.00,230.00,,,,,,,,
17365,04-Sep-18,Laguna,AMCETAM,1,350.00, 350.00 ,0.00,350.00,41.70,41.70,308.30,,,,,,,,
17366,03-Sep-18,Laguna,EUROXONE 1g,20,190.00," 3,800.00 ",0.00,"3,800.00",73.00,"1,460.00","2,340.00",,,,,,,,
17366,03-Sep-18,Laguna,CEPROTRON 500mg,2,"1,250.00"," 2,500.00 ",0.00,"2,500.00",415.00,830.00,"1,670.00",,,,,,,,
17366,03-Sep-18,Laguna,ZAFEX 500mg,2,"2,100.00"," 4,200.00 ",0.00,"4,200.00","1,450.00","2,900.00","1,300.00",,,,,,,,
17367,03-Sep-18,Laguna,CEFEXIL 250mg/5ml,6,198.00," 1,188.00 ",0.00,"1,188.00",65.00,390.00,798.00,,,,,,,,
17367,03-Sep-18,Laguna,NICTRAM 50mg/ml,1,"1,400.00"," 1,400.00 ",0.00,"1,400.00",90.00,90.00,"1,310.00",,,,,,,,
17368,06-Sep-18,Laguna,Traman 50mg/ml,5,650.00," 3,250.00 ",0.00,"3,250.00",250.00,"1,250.00","2,000.00",,,,,,,,
17368,06-Sep-18,Laguna,AROPOTIN 4000IU,2,"13,500.00"," 27,000.00 ",0.00,"27,000.00","4,700.00","9,400.00","17,600.00",,,,,,,,
17368,06-Sep-18,Laguna,C-ZETT 600mg,3,600.00," 1,800.00 ",0.00,"1,800.00",170.00,510.00,"1,290.00",,,,,,,,
17370,10-Sep-18,Laguna,CEFEXIL 250mg/5ml,10,198.00," 1,980.00 ",0.00,"1,980.00",65.00,650.00,"1,330.00",,,,,,,,
17370,10-Sep-18,Laguna,FUROSE 20mg/2ml,1,824.00, 824.00 ,0.00,824.00,85.00,85.00,739.00,,,,,,,,
17370,10-Sep-18,Laguna,OMCARE 40mg,0.5,"2,550.00"," 1,275.00 ",0.00,"1,275.00",390.00,195.00,"1,080.00",,,,,,,,
17371,12-Sep-18,Laguna,ZEFXON 40mg,50,580.00," 29,000.00 ",0.00,"29,000.00",293.00,"14,650.00","14,350.00",,,,,,,,
17371,12-Sep-18,Laguna,TRANMED,10,400.00," 4,000.00 ",0.00,"4,000.00",92.00,920.00,"3,080.00",,,,,,,,
17371,12-Sep-18,Laguna,SODAMPEN 1g IM/IV,50,128.00," 6,400.00 ",0.00,"6,400.00",40.00,"2,000.00","4,400.00",,,,,,,,
17371,12-Sep-18,Laguna,AMPICELO 500mg,2,580.00," 1,160.00 ",0.00,"1,160.00",125.00,250.00,910.00,,,,,,,,
17372,13-Sep-18,Laguna,SITIXON 1G,20,264.00," 5,280.00 ",0.00,"5,280.00",25.00,500.00,"4,780.00",,,,,,,,
17372,13-Sep-18,Laguna,OMCARE 40mg,3,"3,800.00"," 11,400.00 ",0.00,"11,400.00",390.00,"1,170.00","10,230.00",,,,,,,,
17372,13-Sep-18,Laguna,GOTRAM,10,325.00," 3,250.00 ",0.00,"3,250.00",45.00,450.00,"2,800.00",,,,,,,,
17372,13-Sep-18,Laguna,K-LYTE 600mg,1,"1,500.00"," 1,500.00 ",0.00,"1,500.00","1,450.00","1,450.00",50.00,,,,,,,,
17372,13-Sep-18,Laguna,MAXIFER 20mg/ml,2,"2,450.00"," 4,900.00 ",0.00,"4,900.00",818.00,"1,636.00","3,264.00",,,,,,,,
17372,13-Sep-18,Laguna,CORBAL 100mg,5,"1,200.00"," 6,000.00 ",0.00,"6,000.00",265.00,"1,325.00","4,675.00",,,,,,,,
17372,13-Sep-18,Laguna,BUDESON 250mcg/ml (500mcg/2ml),1,"3,850.00"," 3,850.00 ",0.00,"3,850.00","1,180.00","1,180.00","2,670.00",,,,,,,,
17372,13-Sep-18,Laguna,ALAMIN 500ml,5,"1,350.00"," 6,750.00 ",0.00,"6,750.00",350.00,"1,750.00","5,000.00",,,,,,,,
17372,13-Sep-18,Laguna,SALRESP,4,"1,330.00"," 5,320.00 ",0.00,"5,320.00",405.00,"1,620.00","3,700.00",,,,,,,,
17373,13-Sep-18,Laguna,ENCLOXIL 500mg,2,"1,800.00"," 3,600.00 ",0.00,"3,600.00",540.00,"1,080.00","2,520.00",,,,,,,,
17375,18-Sep-18,Laguna,ZAFEX 500mg,2,"2,100.00"," 4,200.00 ",0.00,"4,200.00","1,450.00","2,900.00","1,300.00",,,,,,,,
17375,18-Sep-18,Laguna,EUROXONE 1g,20,190.00," 3,800.00 ",0.00,"3,800.00",73.00,"1,460.00","2,340.00",,,,,,,,
17376,18-Sep-18,Laguna,OMCARE 40mg,0.5,"2,550.00"," 1,275.00 ",0.00,"1,275.00",390.00,195.00,"1,080.00",,,,,,,,
17376,18-Sep-18,Laguna,CEEPRAZOL 20mg,1,"1,890.00"," 1,890.00 ",0.00,"1,890.00",550.00,550.00,"1,340.00",,,,,,,,
17376,18-Sep-18,Laguna,NICTRAM 50mg/ml,2,"1,400.00"," 2,800.00 ",0.00,"2,800.00",90.00,180.00,"2,620.00",,,,,,,,
17377,24-Sep-18,Laguna,CEPROTRON 500mg,2,"1,250.00"," 2,500.00 ",0.00,"2,500.00",415.00,830.00,"1,670.00",,,,,,,,
17377,24-Sep-18,Laguna,ZAFEX 500mg,2,"2,100.00"," 4,200.00 ",0.00,"4,200.00","1,450.00","2,900.00","1,300.00",,,,,,,,
17377,24-Sep-18,Laguna,EUROXONE 1g,60,190.00," 11,400.00 ",0.00,"11,400.00",73.00,"4,380.00","7,020.00",,,,,,,,
17378,25-Sep-18,Laguna,FUROSE 10mg/ml,1,824.00, 824.00 ,0.00,824.00,71.00,71.00,753.00,,,,,,,,
17378,25-Sep-18,Laguna,CEFEXIL 250mg/5ml,6,198.00," 1,188.00 ",0.00,"1,188.00",65.00,390.00,798.00,,,,,,,,
17379,25-Sep-18,Laguna,ENCLOXIL 500mg,2,"1,800.00"," 3,600.00 ",0.00,"3,600.00",540.00,"1,080.00","2,520.00",,,,,,,,
17380,25-Sep-18,Laguna,CLAXIC 500mg/125mg,1,"2,790.00"," 2,790.00 ",0.00,"2,790.00","1,174.00","1,174.00","1,616.00",,,,,,,,
17380,25-Sep-18,Laguna,APROCARE 150mg,4,870.00," 3,480.00 ",0.00,"3,480.00",219.00,876.00,"2,604.00",,,,,,,,
17381,25-Sep-18,Laguna,LACTAMOX 500mg/125mg,1,"2,800.00"," 2,800.00 ",0.00,"2,800.00","1,174.00","1,174.00","1,626.00",,,,,,,,
17381,25-Sep-18,Laguna,CLAXIC 250mg/62.5mg/5ml,10,200.00," 2,000.00 ",0.00,"2,000.00",130.00,"1,300.00",700.00,,,,,,,,
17382,25-Sep-18,Laguna,ZYROVA,2,"1,100.00"," 2,200.00 ",0.00,"2,200.00",650.00,"1,300.00",900.00,,,,,,,,
17384,04-Oct-18,Laguna,ZEFXON 40mg,30,580.00," 17,400.00 ",0.00,"17,400.00",293.00,"8,790.00","8,610.00",,,,,,,,
17384,04-Oct-18,Laguna,HYDROZONE 100MG,5,"1,200.00"," 6,000.00 ",0.00,"6,000.00",265.00,"1,325.00","4,675.00",,,,,,,,
17384,04-Oct-18,Laguna,BRODIX Plus,2,"1,330.00"," 2,660.00 ",0.00,"2,660.00",253.00,506.00,"2,154.00",,,,,,,,
17384,04-Oct-18,Laguna,OXAN 500mg,4,875.00," 3,500.00 ",0.00,"3,500.00",158.00,632.00,"2,868.00",,,,,,,,
17384,04-Oct-18,Laguna,NITROFIX SR 30mg,1,"1,300.00"," 1,300.00 ",0.00,"1,300.00",500.00,500.00,800.00,,,,,,,,
17384,04-Oct-18,Laguna,SPASBACINE,5,980.00," 4,900.00 ",0.00,"4,900.00",250.00,"1,250.00","3,650.00",,,,,,,,
17384,04-Oct-18,Laguna,ABDOPEN,3,"1,000.00"," 3,000.00 ",0.00,"3,000.00",112.00,336.00,"2,664.00",,,,,,,,
17385,05-Oct-18,Laguna,ZAFEX 500mg,2,"2,100.00"," 4,200.00 ",0.00,"4,200.00","1,450.00","2,900.00","1,300.00",,,,,,,,
17385,05-Oct-18,Laguna,EUROXONE 1g,50,190.00," 9,500.00 ",0.00,"9,500.00",73.00,"3,650.00","5,850.00",,,,,,,,
17386,05-Oct-18,Laguna,ZINACARE 750mg with Diluent,20,156.00," 3,120.00 ",0.00,"3,120.00",26.00,520.00,"2,600.00",,,,,,,,
17386,05-Oct-18,Laguna,GOTRAM,10,325.00," 3,250.00 ",0.00,"3,250.00",45.00,450.00,"2,800.00",,,,,,,,
17386,05-Oct-18,Laguna,OXYNOX,4,275.00," 1,100.00 ",0.00,"1,100.00",82.00,328.00,772.00,,,,,,,,
17386,05-Oct-18,Laguna,Steril water 50ml,2,"1,360.00"," 2,720.00 ",0.00,"2,720.00","1,200.00","2,400.00",320.00,,,,,,,,
17386,05-Oct-18,Laguna,SITIXON 1G,70,264.00," 18,480.00 ",0.00,"18,480.00",25.00,"1,750.00","16,730.00",,,,,,,,
17386,05-Oct-18,Laguna,HEMOVIT,1,300.00, 300.00 ,0.00,300.00,85.00,85.00,215.00,,,,,,,,
17387,08-Oct-18,Laguna,TRANCE 100MG,9,400.00," 3,600.00 ",0.00,"3,600.00",100.00,900.00,"2,700.00",,,,,,,,
17387,08-Oct-18,Laguna,CORBAL 100mg,7,"1,200.00"," 8,400.00 ",0.00,"8,400.00",265.00,"1,855.00","6,545.00",,,,,,,,
17387,08-Oct-18,Laguna,CLOPIFAR 75MG,1,"3,300.00"," 3,300.00 ",0.00,"3,300.00",180.00,180.00,"3,120.00",,,,,,,,
17387,08-Oct-18,Laguna,SITIXON 1G,70,264.00," 18,480.00 ",0.00,"18,480.00",25.00,"1,750.00","16,730.00",,,,,,,,
17387,08-Oct-18,Laguna,Steril water 50ml,2,"1,360.00"," 2,720.00 ",0.00,"2,720.00","1,200.00","2,400.00",320.00,,,,,,,,
17387,08-Oct-18,Laguna,CLONIN 75mcg,1,480.00, 480.00 ,0.00,480.00,144.00,144.00,336.00,,,,,,,,
17387,08-Oct-18,Laguna,TRANMED,0.8,400.00, 320.00 ,0.00,320.00,92.00,73.60,246.40,,,,,,,,
17387,08-Oct-18,Laguna,C-ZETT 600mg,3,600.00," 1,800.00 ",0.00,"1,800.00",170.00,510.00,"1,290.00",,,,,,,,
17387,08-Oct-18,Laguna,AEROVENT 1mg/ml,3,390.00," 1,170.00 ",0.00,"1,170.00",275.00,825.00,345.00,,,,,,,,
17388,09-Oct-18,Laguna,ZINACARE 750mg with Diluent,20,156.00," 3,120.00 ",0.00,"3,120.00",26.00,520.00,"2,600.00",,,,,,,,
17388,09-Oct-18,Laguna,HYDROBET 250mg,4,"2,600.00"," 10,400.00 ",0.00,"10,400.00",73.00,292.00,"10,108.00",,,,,,,,
17388,09-Oct-18,Laguna,SITIXON 1G,30,264.00," 7,920.00 ",0.00,"7,920.00",25.00,750.00,"7,170.00",,,,,,,,
17388,09-Oct-18,Laguna,BUDESON 250mcg/ml (500mcg/2ml),1,"3,850.00"," 3,850.00 ",0.00,"3,850.00","1,180.00","1,180.00","2,670.00",,,,,,,,
17388,09-Oct-18,Laguna,ZEFTACARE 1g,20,480.00," 9,600.00 ",0.00,"9,600.00",45.00,900.00,"8,700.00",,,,,,,,
17388,09-Oct-18,Laguna,OMCARE 40mg,5,"3,800.00"," 19,000.00 ",0.00,"19,000.00",450.00,"2,250.00","16,750.00",,,,,,,,
17388,09-Oct-18,Laguna,BRODIX Plus,3,"1,330.00"," 3,990.00 ",0.00,"3,990.00",253.00,759.00,"3,231.00",,,,,,,,
17389,12-Oct-18,Laguna,EUROXONE 1g,30,190.00," 5,700.00 ",0.00,"5,700.00",73.00,"2,190.00","3,510.00",,,,,,,,
17390,12-Oct-18,Laguna,OMCARE 40mg,0.5,"2,550.00"," 1,275.00 ",0.00,"1,275.00",450.00,225.00,"1,050.00",,,,,,,,
17391,12-Oct-18,Laguna,OMCARE 40mg,3,"3,800.00"," 11,400.00 ",0.00,"11,400.00",450.00,"1,350.00","10,050.00",,,,,,,,
17391,12-Oct-18,Laguna,AMCETAM,10,350.00," 3,500.00 ",0.00,"3,500.00",41.70,417.00,"3,083.00",,,,,,,,
17391,12-Oct-18,Laguna,ZINACARE 750mg with Diluent,50,156.00," 7,800.00 ",0.00,"7,800.00",26.00,"1,300.00","6,500.00",,,,,,,,
17391,12-Oct-18,Laguna,SITIXON 1G,30,264.00," 7,920.00 ",0.00,"7,920.00",25.00,750.00,"7,170.00",,,,,,,,
17392,15-Oct-18,Laguna,BRODIX Plus,3,"1,330.00"," 3,990.00 ",0.00,"3,990.00",253.00,759.00,"3,231.00",,,,,,,,
17392,15-Oct-18,Laguna,C-ZETT 600mg,4,600.00," 2,400.00 ",0.00,"2,400.00",170.00,680.00,"1,720.00",,,,,,,,
17392,15-Oct-18,Laguna,CEFOLAN 1g,70,200.00," 14,000.00 ",0.00,"14,000.00",30.00,"2,100.00","11,900.00",,,,,,,,
17392,15-Oct-18,Laguna,OMCARE 40mg,5,"3,800.00"," 19,000.00 ",0.00,"19,000.00",390.00,"1,950.00","17,050.00",,,,,,,,
17392,15-Oct-18,Laguna,NITROFIX SR 30mg,2,"1,300.00"," 2,600.00 ",0.00,"2,600.00",460.00,920.00,"1,680.00",,,,,,,,
17392,15-Oct-18,Laguna,ZEFTACARE 1g,70,480.00," 33,600.00 ",0.00,"33,600.00",45.00,"3,150.00","30,450.00",,,,,,,,
17392,15-Oct-18,Laguna,ANTIZOAL 5mg/ml,100,90.00," 9,000.00 ",0.00,"9,000.00",22.00,"2,200.00","6,800.00",,,,,,,,
17392,15-Oct-18,Laguna,ZINACARE 750mg with Diluent,100,156.00," 15,600.00 ",0.00,"15,600.00",26.00,"2,600.00","13,000.00",,,,,,,,
17392,15-Oct-18,Laguna,SITIXON 1G,100,264.00," 26,400.00 ",0.00,"26,400.00",25.00,"2,500.00","23,900.00",,,,,,,,
17392,15-Oct-18,Laguna,ZEFXON 40mg,50,580.00," 29,000.00 ",0.00,"29,000.00",293.00,"14,650.00","14,350.00",,,,,,,,
17392,15-Oct-18,Laguna,CEFAZOBAS,50,170.00," 8,500.00 ",0.00,"8,500.00",30.00,"1,500.00","7,000.00",,,,,,,,
17393,15-Oct-18,Laguna,FUROSE 10mg/ml,1,824.00, 824.00 ,0.00,824.00,71.00,71.00,753.00,,,,,,,,
17393,15-Oct-18,Laguna,NICTRAM 50mg/ml,1,"1,400.00"," 1,400.00 ",0.00,"1,400.00",90.00,90.00,"1,310.00",,,,,,,,
17393,15-Oct-18,Laguna,CEFEXIL 250mg/5ml,6,198.00," 1,188.00 ",0.00,"1,188.00",65.00,390.00,798.00,,,,,,,,
17395,17-Oct-18,Laguna,ENCLOXIL 500mg,2,"1,800.00"," 3,600.00 ",0.00,"3,600.00",540.00,"1,080.00","2,520.00",,,,,,,,
17396,17-Oct-18,Laguna,ROSULIP 20mg,4,330.00," 1,320.00 ",0.00,"1,320.00",270.00,"1,080.00",240.00,,,,,,,,
17397,18-Oct-18,Laguna,Zantricid 25mg/ml,5,450.00," 2,250.00 ",0.00,"2,250.00",35.00,175.00,"2,075.00",,,,,,,,
17397,18-Oct-18,Laguna,Trifex 100mg\ml,2,400.00, 800.00 ,0.00,800.00,100.00,200.00,600.00,,,,,,,,
17397,18-Oct-18,Laguna,FUROSE 10mg/ml,15,420.00," 6,300.00 ",0.00,"6,300.00",71.00,"1,065.00","5,235.00",,,,,,,,
17397,18-Oct-18,Laguna,BUDESON 250mcg/ml (500mcg/2ml),1,"3,850.00"," 3,850.00 ",0.00,"3,850.00","1,180.00","1,180.00","2,670.00",,,,,,,,
17397,18-Oct-18,Laguna,HYDROZONE 100MG,10,"1,200.00"," 12,000.00 ",0.00,"12,000.00",265.00,"2,650.00","9,350.00",,,,,,,,
17397,18-Oct-18,Laguna,Traman 50mg/ml,5,650.00," 3,250.00 ",0.00,"3,250.00",250.00,"1,250.00","2,000.00",,,,,,,,
17399,19-Oct-18,Laguna,MAXIFER 20mg/ml,4,"2,450.00"," 9,800.00 ",0.00,"9,800.00",818.00,"3,272.00","6,528.00",,,,,,,,
17400,19-Oct-18,Laguna,MAXIFER 20mg/ml,4,"2,450.00"," 9,800.00 ",0.00,"9,800.00",818.00,"3,272.00","6,528.00",,,,,,,,
18201A,22-Oct-18,Laguna,SALRESP,2,"1,330.00"," 2,660.00 ",0.00,"2,660.00",405.00,810.00,"1,850.00",,,,,,,,
18201A,22-Oct-18,Laguna,BRODIX Plus,1,"1,330.00"," 1,330.00 ",0.00,"1,330.00",253.00,253.00,"1,077.00",,,,,,,,
18201A,22-Oct-18,Laguna,ADIAC 500mg,1,500.00, 500.00 ,0.00,500.00,59.00,59.00,441.00,,,,,,,,
18201A,22-Oct-18,Laguna,MONOWEL 1g,40,880.00," 35,200.00 ",0.00,"35,200.00",459.00,"18,360.00","16,840.00",,,,,,,,
18201A,22-Oct-18,Laguna,PLAXITIN 1g,10,585.00," 5,850.00 ",0.00,"5,850.00",160.00,"1,600.00","4,250.00",,,,,,,,
18201A,22-Oct-18,Laguna,CORBAL 100mg,5,"1,200.00"," 6,000.00 ",0.00,"6,000.00",265.00,"1,325.00","4,675.00",,,,,,,,
18201A,22-Oct-18,Laguna,C-ZETT 600mg,4,600.00," 2,400.00 ",0.00,"2,400.00",170.00,680.00,"1,720.00",,,,,,,,
18201A,22-Oct-18,Laguna,CYTRAZI,2,"2,820.00"," 5,640.00 ",0.00,"5,640.00",330.00,660.00,"4,980.00",,,,,,,,
18201A,22-Oct-18,Laguna,BUDESON 250mcg/ml (500mcg/2ml),1,"3,850.00"," 3,850.00 ",0.00,"3,850.00","1,180.00","1,180.00","2,670.00",,,,,,,,
18202A,22-Oct-18,Laguna,EUROXONE 1g,30,190.00," 5,700.00 ",0.00,"5,700.00",73.00,"2,190.00","3,510.00",,,,,,,,
18202A,22-Oct-18,Laguna,CEPROTRON 500mg,2,"1,250.00"," 2,500.00 ",0.00,"2,500.00",415.00,830.00,"1,670.00",,,,,,,,
18203A,22-Oct-18,Laguna,OMCARE 40mg,0.3,"2,250.00", 675.00 ,0.00,675.00,450.00,135.00,540.00,,,,,,,,
18203A,22-Oct-18,Laguna,CEFEXIL 250mg/5ml,6,198.00," 1,188.00 ",0.00,"1,188.00",65.00,390.00,798.00,,,,,,,,
18206A,29-Oct-18,Laguna,ZINACARE w/o DILUENT,60,156.00," 9,360.00 ",0.00,"9,360.00",18.00,"1,080.00","8,280.00",,,,,,,,
18206A,29-Oct-18,Laguna,OMCARE 40mg,3,"3,800.00"," 11,400.00 ",0.00,"11,400.00",390.00,"1,170.00","10,230.00",,,,,,,,
18206A,29-Oct-18,Laguna,KETOROBAS 30mg,10,"1,000.00"," 10,000.00 ",0.00,"10,000.00",230.00,"2,300.00","7,700.00",,,,,,,,
18208A,31-Oct-18,Laguna,Steril water 50ml,2,"1,360.00"," 2,720.00 ",0.00,"2,720.00","1,200.00","2,400.00",320.00,,,,,,,,
18208A,31-Oct-18,Laguna,FUROSE 10mg/ml,5,420.00," 2,100.00 ",0.00,"2,100.00",71.00,355.00,"1,745.00",,,,,,,,
18208A,31-Oct-18,Laguna,K-LYTE 600mg,1,"1,500.00"," 1,500.00 ",0.00,"1,500.00",795.00,795.00,705.00,,,,,,,,
18208A,31-Oct-18,Laguna,CLOVAS 75MG,1,990.00, 990.00 ,0.00,990.00,384.00,384.00,606.00,,,,,,,,
18209A,16-Nov-18,Laguna,SAPHROXOL 30mg,3,"1,500.00"," 4,500.00 ",0.00,"4,500.00",30.00,90.00,"4,410.00",,,,,,,,
18210A,06-Nov-18,Laguna,CEFEXIL 250mg/5ml,10,198.00," 1,980.00 ",0.00,"1,980.00",65.00,650.00,"1,330.00",,,,,,,,
18210A,06-Nov-18,Laguna,FUROSE 10mg/ml,1,824.00, 824.00 ,0.00,824.00,71.00,71.00,753.00,,,,,,,,
18210A,06-Nov-18,Laguna,OMCARE 40mg,1,"2,550.00"," 2,550.00 ",0.00,"2,550.00",390.00,390.00,"2,160.00",,,,,,,,
18211A,08-Nov-18,Laguna,MAXIFER 20mg/ml,4,"2,450.00"," 9,800.00 ",0.00,"9,800.00",818.00,"3,272.00","6,528.00",,,,,,,,
18212A,08-Nov-18,Laguna,ROSULIP 20mg,4,330.00," 1,320.00 ",0.00,"1,320.00",270.00,"1,080.00",240.00,,,,,,,,
18213A,12-Nov-18,Laguna,STERILE WATER FOR INJECTION 10 ML,40,68.00," 2,720.00 ",0.00,"2,720.00",6.50,260.00,"2,460.00",,,,,,,,
18213A,12-Nov-18,Laguna,HIVENT 1mg/2.5ml,2,390.00, 780.00 ,0.00,780.00,300.00,600.00,180.00,,,,,,,,
18213A,12-Nov-18,Laguna,SALRESP,2,"1,330.00"," 2,660.00 ",0.00,"2,660.00",405.00,810.00,"1,850.00",,,,,,,,
18213A,12-Nov-18,Laguna,ANTIZOAL 5mg/ml,30,90.00," 2,700.00 ",0.00,"2,700.00",22.00,660.00,"2,040.00",,,,,,,,
18214A,13-Nov-18,Laguna,KETOROBAS 30mg,10,"1,000.00"," 10,000.00 ",0.00,"10,000.00",230.00,"2,300.00","7,700.00",,,,,,,,
18214A,13-Nov-18,Laguna,FUROSE 10mg/ml,10,420.00," 4,200.00 ",0.00,"4,200.00",71.00,710.00,"3,490.00",,,,,,,,
18214A,13-Nov-18,Laguna,ZINACARE 750mg with Diluent,20,156.00," 3,120.00 ",0.00,"3,120.00",26.00,520.00,"2,600.00",,,,,,,,
18214A,13-Nov-18,Laguna,OMCARE 40mg,10,"3,800.00"," 38,000.00 ",0.00,"38,000.00",450.00,"4,500.00","33,500.00",,,,,,,,
18214A,13-Nov-18,Laguna,CARDOWIN 1MG,20,"1,380.00"," 27,600.00 ",0.00,"27,600.00",265.00,"5,300.00","22,300.00",,,,,,,,
18214A,13-Nov-18,Laguna,SPASBACINE,5,980.00," 4,900.00 ",0.00,"4,900.00",250.00,"1,250.00","3,650.00",,,,,,,,
18215A,16-Nov-18,Laguna,ANTIZOAL 5mg/ml,20,90.00," 1,800.00 ",0.00,"1,800.00",22.00,440.00,"1,360.00",,,,,,,,
18215A,16-Nov-18,Laguna,ZINACARE 750mg w/o Diluent,30,156.00," 4,680.00 ",0.00,"4,680.00",120.00,"3,600.00","1,080.00",,,,,,,,
18215A,16-Nov-18,Laguna,STERILE WATER FOR INJECTION 10 ML,20,68.00," 1,360.00 ",0.00,"1,360.00",6.50,130.00,"1,230.00",,,,,,,,
18215A,16-Nov-18,Laguna,SALRESP,1,"1,330.00"," 1,330.00 ",0.00,"1,330.00",405.00,405.00,925.00,,,,,,,,
18215A,16-Nov-18,Laguna,HIVENT 1mg/2.5ml,2,390.00, 780.00 ,0.00,780.00,300.00,600.00,180.00,,,,,,,,
18215A,16-Nov-18,Laguna,LACTAMOX 500mg/125mg,1,"2,820.00"," 2,820.00 ",0.00,"2,820.00","1,174.00","1,174.00","1,646.00",,,,,,,,
18215A,16-Nov-18,Laguna,CLOVAS 75MG,1,990.00, 990.00 ,0.00,990.00,384.00,384.00,606.00,,,,,,,,
18215A,16-Nov-18,Laguna,CYTRAZI,2,"2,820.00"," 5,640.00 ",0.00,"5,640.00",330.00,660.00,"4,980.00",,,,,,,,
18215A,16-Nov-18,Laguna,C-ZETT 600mg,2,600.00," 1,200.00 ",0.00,"1,200.00",170.00,340.00,860.00,,,,,,,,
18215A,16-Nov-18,Laguna,CORBAL 100mg,3,"1,200.00"," 3,600.00 ",0.00,"3,600.00",265.00,795.00,"2,805.00",,,,,,,,
18216A,20-Nov-18,Laguna,C-ZETT 600mg,3,600.00," 1,800.00 ",0.00,"1,800.00",170.00,510.00,"1,290.00",,,,,,,,
18216A,20-Nov-18,Laguna,FUROSE 10mg/ml,20,420.00," 8,400.00 ",0.00,"8,400.00",71.00,"1,420.00","6,980.00",,,,,,,,
18216A,20-Nov-18,Laguna,OMCARE 40mg,5,"3,800.00"," 19,000.00 ",0.00,"19,000.00",450.00,"2,250.00","16,750.00",,,,,,,,
18216A,20-Nov-18,Laguna,ZINACARE 750mg with Diluent,50,156.00," 7,800.00 ",0.00,"7,800.00",26.00,"1,300.00","6,500.00",,,,,,,,
18216A,20-Nov-18,Laguna,DALAMYCIN 150mg,10,"3,000.00"," 30,000.00 ",0.00,"30,000.00",150.00,"1,500.00","28,500.00",,,,,,,,
18216A,20-Nov-18,Laguna,CORBAL 100mg,1,"1,200.00"," 1,200.00 ",0.00,"1,200.00",265.00,265.00,935.00,,,,,,,,
18216A,20-Nov-18,Laguna,ANTIZOAL 5mg/ml,10,90.00, 900.00 ,0.00,900.00,26.00,260.00,640.00,,,,,,,,
18217A,22-Nov-18,Laguna,CLOVAS 75MG,1,990.00, 990.00 ,0.00,990.00,384.00,384.00,606.00,,,,,,,,
18217A,22-Nov-18,Laguna,Sterile Gloves,1,"1,150.00"," 1,150.00 ",0.00,"1,150.00",450.00,450.00,700.00,,,,,,,,
18217A,22-Nov-18,Laguna,SALRESP,4,"1,330.00"," 5,320.00 ",0.00,"5,320.00",405.00,"1,620.00","3,700.00",,,,,,,,
18217A,22-Nov-18,Laguna,Cortirex 100mg,15,"1,200.00"," 18,000.00 ",0.00,"18,000.00",185.00,"2,775.00","15,225.00",,,,,,,,
18217A,22-Nov-18,Laguna,HEMOVIT,2,300.00, 600.00 ,0.00,600.00,85.00,170.00,430.00,,,,,,,,
18217A,22-Nov-18,Laguna,DEXAMAX 4MG,5,740.00," 3,700.00 ",0.00,"3,700.00",100.00,500.00,"3,200.00",,,,,,,,
18217A,22-Nov-18,Laguna,ZINACARE 750mg with Diluent,100,156.00," 15,600.00 ",0.00,"15,600.00",26.00,"2,600.00","13,000.00",,,,,,,,
18217A,22-Nov-18,Laguna,LIFERZIN 500MG,1,"2,900.00"," 2,900.00 ",0.00,"2,900.00",520.00,520.00,"2,380.00",,,,,,,,
18217A,22-Nov-18,Laguna,STERILE WATER FOR INJECTION 10 ML,60,68.00," 4,080.00 ",0.00,"4,080.00",6.50,390.00,"3,690.00",,,,,,,,
18217A,22-Nov-18,Laguna,ZIPHARNOL 2mg/ml,1,"6,750.00"," 6,750.00 ",0.00,"6,750.00",45.00,45.00,"6,705.00",,,,,,,,
18217A,22-Nov-18,Laguna,AMPI-1,2,"1,280.00"," 2,560.00 ",0.00,"2,560.00",122.70,245.40,"2,314.60",,,,,,,,
18217A,22-Nov-18,Laguna,COMOX 625mg,1,"2,820.00"," 2,820.00 ",0.00,"2,820.00","1,174.00","1,174.00","1,646.00",,,,,,,,
18218A,26-Nov-18,Laguna,B-LACT,6,320.00," 1,920.00 ",0.00,"1,920.00",145.00,870.00,"1,050.00",,,,,,,,
18218A,26-Nov-18,Laguna,OMCARE 40mg,5,"3,800.00"," 19,000.00 ",0.00,"19,000.00",450.00,"2,250.00","16,750.00",,,,,,,,
18218A,26-Nov-18,Laguna,ANGEL-50 50mg,1,"1,700.00"," 1,700.00 ",0.00,"1,700.00",90.00,90.00,"1,610.00",,,,,,,,
18218A,26-Nov-18,Laguna,KETOROBAS 30mg,5,"1,000.00"," 5,000.00 ",0.00,"5,000.00",230.00,"1,150.00","3,850.00",,,,,,,,
18218A,26-Nov-18,Laguna,K-LYTE 600mg,2,"1,500.00"," 3,000.00 ",0.00,"3,000.00",795.00,"1,590.00","1,410.00",,,,,,,,
18218A,26-Nov-18,Laguna,AMCETAM,5,350.00," 1,750.00 ",0.00,"1,750.00",41.70,208.50,"1,541.50",,,,,,,,
18218A,26-Nov-18,Laguna,HIVENT 1mg/2.5ml,2,390.00, 780.00 ,0.00,780.00,300.00,600.00,180.00,,,,,,,,
18218A,26-Nov-18,Laguna,ANTIZOAL 5mg/ml,20,90.00," 1,800.00 ",0.00,"1,800.00",26.00,520.00,"1,280.00",,,,,,,,
18219A,26-Nov-18,Laguna,OXAN 500mg,3,875.00," 2,625.00 ",0.00,"2,625.00",158.00,474.00,"2,151.00",,,,,,,,
18219A,26-Nov-18,Laguna,STERILE WATER FOR INJECTION 10 ML,40,68.00," 2,720.00 ",0.00,"2,720.00",6.50,260.00,"2,460.00",,,,,,,,
18219A,26-Nov-18,Laguna,BUDESON 250mcg/ml (500mcg/2ml),2,"3,850.00"," 7,700.00 ",0.00,"7,700.00","1,180.00","2,360.00","5,340.00",,,,,,,,
18219A,26-Nov-18,Laguna,FUROSE 10mg/ml,10,420.00," 4,200.00 ",0.00,"4,200.00",71.00,710.00,"3,490.00",,,,,,,,
18219A,26-Nov-18,Laguna,LACTAMOX 500mg/125mg,1,"2,820.00"," 2,820.00 ",0.00,"2,820.00","1,174.00","1,174.00","1,646.00",,,,,,,,
18219A,26-Nov-18,Laguna,DALAMYCIN 150mg,5,"4,000.00"," 20,000.00 ",0.00,"20,000.00",150.00,750.00,"19,250.00",,,,,,,,
18219A,26-Nov-18,Laguna,OMCARE 40mg,10,"3,800.00"," 38,000.00 ",0.00,"38,000.00",450.00,"4,500.00","33,500.00",,,,,,,,
18219A,26-Nov-18,Laguna,PHYTOMEN 10mg/ml,10,480.00," 4,800.00 ",0.00,"4,800.00",270.00,"2,700.00","2,100.00",,,,,,,,
18219A,26-Nov-18,Laguna,C-ZETT 600mg,6,600.00," 3,600.00 ",0.00,"3,600.00",170.00,"1,020.00","2,580.00",,,,,,,,
18219A,26-Nov-18,Laguna,K-LYTE 600mg,2,"1,500.00"," 3,000.00 ",0.00,"3,000.00",800.00,"1,600.00","1,400.00",,,,,,,,
18219A,26-Nov-18,Laguna,ZINACARE w/o DILUENT,100,156.00," 15,600.00 ",0.00,"15,600.00",18.00,"1,800.00","13,800.00",,,,,,,,
18219A,26-Nov-18,Laguna,SALRESP,5,"1,330.00"," 6,650.00 ",0.00,"6,650.00",405.00,"2,025.00","4,625.00",,,,,,,,
18220A,27-Nov-18,Laguna,ZAFEX 500mg,2,"2,450.00"," 4,900.00 ",0.00,"4,900.00","1,450.00","2,900.00","2,000.00",,,,,,,,
18220A,27-Nov-18,Laguna,Heplock,1,"3,600.00"," 3,600.00 ",0.00,"3,600.00","1,500.00","1,500.00","2,100.00",,,,,,,,
18220A,27-Nov-18,Laguna,B-LACT,6,320.00," 1,920.00 ",0.00,"1,920.00",145.00,870.00,"1,050.00",,,,,,,,
15560,01-Mar-18,Cavite,ZINACARE 750mg with Diluent,20,150.00," 3,000.00 ",0.00,"3,000.00",26.00,520.00,"2,480.00",,,,,,,,
15560,01-Mar-18,Cavite,BUFENOL 200mg/5ml,50,112.00," 5,600.00 ",0.00,"5,600.00",35.00,"1,750.00","3,850.00",,,,,,,,
15561,09-Mar-18,Cavite,PENCHLOR 1mg/800mcg,20,98.00," 1,960.00 ",0.00,"1,960.00",31.00,620.00,"1,340.00",,,,,,,,
15562,05-Mar-18,Cavite,VITAKIDS 120ml,72,160.00," 11,520.00 ",0.00,"11,520.00",49.00,"3,528.00","7,992.00",,,,,,,,
15562,05-Mar-18,Cavite,ZEGECEF 250mg/5ml,72,400.00," 28,800.00 ",0.00,"28,800.00",139.00,"10,008.00","18,792.00",,,,,,,,
15563,05-Mar-18,Cavite,Hyclens 4% Skin Cleanser,1,"1,460.00"," 1,460.00 ",0.00,"1,460.00",,,"1,460.00",,,,,,,,
15565,07-Mar-18,Cavite,LACTAMOX 500mg/125mg,10,"2,750.00"," 27,500.00 ",0.00,"27,500.00","1,173.60","11,736.00","15,764.00",,,,,,,,
15566,09-Mar-18,Cavite,FUROXIDE 10mg/2ml,10,280.00," 2,800.00 ",0.00,"2,800.00",80.00,800.00,"2,000.00",,,,,,,,
15572,27-Mar-18,Cavite,Hyclens OB 1% Antiseptic,11,279.20," 3,071.20 ",0.00,"3,071.20",139.00,"1,529.00","1,542.20",,,,,,,,
15573,26-Mar-18,Cavite,VOXOLL 30mg,3,650.00," 1,950.00 ",0.00,"1,950.00",168.00,504.00,"1,446.00",,,,,,,,
15573,26-Mar-18,Cavite,BRODIX Plus,5,"1,000.00"," 5,000.00 ",0.00,"5,000.00",253.00,"1,265.00","3,735.00",,,,,,,,
15574,04-Apr-18,Cavite,Tegutect 2% Chg Digluconate w/70% Alcohol,1,"6,210.00"," 6,210.00 ",0.00,"6,210.00","2,345.00","2,345.00","3,865.00",,,,,,,,
15575,04-Apr-18,Cavite,ANTIZOAL 5mg/ml,30,90.00," 2,700.00 ",0.00,"2,700.00",22.00,660.00,"2,040.00",,,,,,,,
15576,10-Apr-18,Cavite,Hyclens 0.2% Wound Care Solution,1,"1,250.00"," 1,250.00 ",0.00,"1,250.00",472.00,472.00,778.00,,,,,,,,
15577,12-Apr-18,Cavite,PENCHLOR 1mg/800mcg,10,98.00, 980.00 ,0.00,980.00,31.00,310.00,670.00,,,,,,,,
15577,12-Apr-18,Cavite,FLUIFORT-M 50mg,10,78.00, 780.00 ,0.00,780.00,23.00,230.00,550.00,,,,,,,,
15577,12-Apr-18,Cavite,ZEGECEF 250mg/5ml,10,400.00," 4,000.00 ",0.00,"4,000.00",139.00,"1,390.00","2,610.00",,,,,,,,
15578,14-Apr-18,Cavite,TOSYLAM 750mg,10,"2,750.00"," 27,500.00 ",0.00,"27,500.00",980.00,"9,800.00","17,700.00",,,,,,,,
15578,14-Apr-18,Cavite,ZEGECEF 250mg/5ml,72,400.00," 28,800.00 ",0.00,"28,800.00",139.00,"10,008.00","18,792.00",,,,,,,,
15579,19-Apr-18,Cavite,CEFUSAPH,60,160.00," 9,600.00 ",0.00,"9,600.00",125.00,"7,500.00","2,100.00",,,,,,,,
15580,26-Apr-18,Cavite,Essprin Adult,3,635.00," 1,905.00 ",0.00,"1,905.00",240.00,720.00,"1,185.00",,,,,,,,
15581,28-Apr-18,Cavite,ANTIZOAL 5mg/ml,30,120.00," 3,600.00 ",900.00,"2,700.00",26.00,780.00,"1,920.00",,,,,,,,
15582,28-Apr-18,Cavite,TOSYLAM 750mg,3,"2,750.00"," 8,250.00 ",0.00,"8,250.00",980.00,"2,940.00","5,310.00",,,,,,,,
15583,25-Apr-18,Cavite,DRILOZOLE 200mg/40mg/5ml,20,90.00," 1,800.00 ",0.00,"1,800.00",26.00,520.00,"1,280.00",,,,,,,,
15584,04-May-18,Cavite,ZEGECEF 250mg/5ml,20,400.00," 8,000.00 ",0.00,"8,000.00",139.00,"2,780.00","5,220.00",,,,,,,,
15584,04-May-18,Cavite,LACTAMOX 500mg/125mg,4,"2,750.00"," 11,000.00 ",0.00,"11,000.00","1,173.60","4,694.40","6,305.60",,,,,,,,
15585,04-May-18,Cavite,LACTAMOX 500mg/125mg,4,"2,750.00"," 11,000.00 ",0.00,"11,000.00","1,173.60","4,694.40","6,305.60",,,,,,,,
15587,04-May-18,Cavite,DOLO JAGA 500mg/50mg/100mg/100mcg,5,"1,663.00"," 8,315.00 ","2,494.50","5,820.50",481.00,"2,405.00","3,415.50",,,,,,,,
15587,04-May-18,Cavite,JAGAPLEX,5,"1,100.00"," 5,500.00 ","1,650.00","3,850.00",395.00,"1,975.00","1,875.00",,,,,,,,
15588,19-May-18,Cavite,Hyclens 0.2% Wound Spray 1L,1,"1,228.50"," 1,228.50 ",0.00,"1,228.50",614.25,614.25,614.25,,,,,,,,
15589,10-May-18,Cavite,ZINACARE 750mg with Diluent,30,150.00," 4,500.00 ","1,350.00","3,150.00",26.00,780.00,"2,370.00",,,,,,,,
15590,17-May-18,Cavite,C-ZETT 600mg,3,640.00," 1,920.00 ",0.00,"1,920.00",170.00,510.00,"1,410.00",,,,,,,,
15590,17-May-18,Cavite,BRODIX Plus,1,"1,000.00"," 1,000.00 ",0.00,"1,000.00",253.00,253.00,747.00,,,,,,,,
15590,17-May-18,Cavite,ANTIZOAL 5mg/ml,20,120.00," 2,400.00 ",0.00,"2,400.00",26.00,520.00,"1,880.00",,,,,,,,
15590,17-May-18,Cavite,ANEROCIN 300mg ,1,"3,800.00"," 3,800.00 ",0.00,"3,800.00",890.00,890.00,"2,910.00",,,,,,,,
15591,17-May-18,Cavite,Hyclens 0.2% Wound Spray 1L,1,"1,228.50"," 1,228.50 ",0.00,"1,228.50",614.25,614.25,614.25,,,,,,,,
15592,18-May-18,Cavite,OMCARE 40mg,2,"1,580.00"," 3,160.00 ",0.00,"3,160.00",450.00,900.00,"2,260.00",,,,,,,,
15593,23-May-18,Cavite,HISTARIL 1mg/50mg/5ml,72,80.00," 5,760.00 ","1,728.00","4,032.00",24.47,"1,761.84","2,270.16",,,,,,,,
15593,23-May-18,Cavite,BUFENOL 200mg/5ml,30,112.00," 3,360.00 ","1,008.00","2,352.00",35.00,"1,050.00","1,302.00",,,,,,,,
15595,23-May-18,Cavite,ANTIZOAL 5mg/ml,30,120.00," 3,600.00 ",0.00,"3,600.00",22.00,660.00,"2,940.00",,,,,,,,
15596,25-May-18,Cavite,RENOKET 600mg,10,"4,800.00"," 48,000.00 ",0.00,"48,000.00","1,500.00","15,000.00","33,000.00",,,,,,,,
15597,25-May-18,Cavite,Hyclens 0.2% Wound Spray 1L,1,"1,228.50"," 1,228.50 ",0.00,"1,228.50",614.25,614.25,614.25,,,,,,,,
15598,31-May-18,Cavite,LACTAMOX 250mg/62.5mg/5ml,30,190.00," 5,700.00 ",0.00,"5,700.00",130.00,"3,900.00","1,800.00",,,,,,,,
15599,31-May-18,Cavite,ZEGECEF 250mg/5ml,72,400.00," 28,800.00 ",0.00,"28,800.00",139.00,"10,008.00","18,792.00",,,,,,,,
15599,31-May-18,Cavite,TOSYLAM 750mg,10,"2,750.00"," 27,500.00 ",0.00,"27,500.00",980.00,"9,800.00","17,700.00",,,,,,,,
15600,05-Jun-18,Cavite,CIFROX 500mg,1,"1,500.00"," 1,500.00 ",0.00,"1,500.00",450.00,450.00,"1,050.00",,,,,,,,
15600,05-Jun-18,Cavite,RANITEIN,1,"2,100.00"," 2,100.00 ",0.00,"2,100.00",88.00,88.00,"2,012.00",,,,,,,,
15600,05-Jun-18,Cavite,AGLOTAC 25mg/ml (50mg/2ml),1,800.00, 800.00 ,0.00,800.00,480.00,480.00,320.00,,,,,,,,
15600,05-Jun-18,Cavite,VITASTRONG SOFTGEL,5,"2,000.00"," 10,000.00 ",0.00,"10,000.00",750.00,"3,750.00","6,250.00",,,,,,,,
16983,24-May-18,Cavite,CEFTIBET 750mg,2,700.00," 1,400.00 ",0.00,"1,400.00",170.00,340.00,"1,060.00",,,,,,,,
17201,02-Jun-18,Cavite,ZINACARE w/o DILUENT,100,60.00," 6,000.00 ",0.00,"6,000.00",18.00,"1,800.00","4,200.00",,,,,,,,
17203,05-Jun-18,Cavite,LACTAMOX 125mg/31.25mg/5ml,60,190.00," 11,400.00 ",0.00,"11,400.00",76.00,"4,560.00","6,840.00",,,,,,,,
17204,06-Jun-18,Cavite,PUROXEL 40mg,4,"1,320.00"," 5,280.00 ",0.00,"5,280.00",200.00,800.00,"4,480.00",,,,,,,,
17205,19-Jun-18,Cavite,LACTAMOX 125mg/31.25mg/5ml,10,190.00," 1,900.00 ",0.00,"1,900.00",76.00,760.00,"1,140.00",,,,,,,,
17205,19-Jun-18,Cavite,MULTI GROW 30ml,16,175.00," 2,800.00 ",0.00,"2,800.00",55.00,880.00,"1,920.00",,,,,,,,
17206,19-Jun-18,Cavite,OMCARE 40mg,5,"1,580.00"," 7,900.00 ",0.00,"7,900.00",450.00,"2,250.00","5,650.00",,,,,,,,
17207,20-Jun-18,Cavite,PUROXEL 40mg,5,"1,320.00"," 6,600.00 ","1,980.00","4,620.00",200.00,"1,000.00","3,620.00",,,,,,,,
17209,28-Jun-18,Cavite,ENCLOXIL 500mg,1,"1,800.00"," 1,800.00 ",540.00,"1,260.00",540.00,540.00,720.00,,,,,,,,
17210,03-Jul-18,Cavite,Hyclens 0.2% Wound Care Solution,1,"1,228.50"," 1,228.50 ",0.00,"1,228.50",472.00,472.00,756.50,,,,,,,,
17211,05-Jul-18,Cavite,KETOROBAS 30mg,3,800.00," 2,400.00 ",0.00,"2,400.00",230.00,690.00,"1,710.00",,,,,,,,
17212,06-Jul-18,Cavite,CLAVIC 125mg/31.25mg/5ml,10,190.00," 1,900.00 ",570.00,"1,330.00",76.00,760.00,570.00,,,,,,,,
17213,06-Jul-18,Cavite,CEFUSAPH,60,"9,600.00"," 576,000.00 ",0.00,"576,000.00",125.00,"7,500.00","568,500.00",,,,,,,,
17214,06-Jul-18,Cavite,Hyclens 0.2% Wound Spray,12,229.32," 2,751.84 ",0.00,"2,751.84",115.00,"1,380.00","1,371.84",,,,,,,,
17215,12-Jul-18,Cavite,ANTIZOAL 5mg/ml,30,120.00," 3,600.00 ",900.00,"2,700.00",26.00,780.00,"1,920.00",,,,,,,,
17215,12-Jul-18,Cavite,AMETRIS 125mg,15,112.00," 1,680.00 ",420.00,"1,260.00",35.00,525.00,735.00,,,,,,,,
17219,04-Aug-18,Cavite,RENOKET 600mg,5,"4,800.00"," 24,000.00 ",0.00,"24,000.00","1,500.00","7,500.00","16,500.00",,,,,,,,
17220,04-Aug-18,Cavite,Hyclens 0.2% Wound Spray,10,229.32," 2,293.20 ",0.00,"2,293.20",115.00,"1,150.00","1,143.20",,,,,,,,
17221,07-Aug-18,Cavite,TOSYLAM 750mg,5,"2,750.00"," 13,750.00 ",0.00,"13,750.00",980.00,"4,900.00","8,850.00",,,,,,,,
17222,10-Aug-18,Cavite,OMCARE 40mg,2,"1,580.00"," 3,160.00 ",0.00,"3,160.00",450.00,900.00,"2,260.00",,,,,,,,
17222,10-Aug-18,Cavite,NICTRAM 50mg/ml,3,400.00," 1,200.00 ",0.00,"1,200.00",90.00,270.00,930.00,,,,,,,,
17223,15-Aug-18,Cavite,ANTIZOAL 5mg/ml,40,120.00," 4,800.00 ","1,200.00","3,600.00",26.00,"1,040.00","2,560.00",,,,,,,,
17225,08-Sep-18,Cavite,Essprin ADULT 20ML,6,420.00," 2,520.00 ",0.00,"2,520.00",240.10,"1,440.60","1,079.40",,,,,,,,
17225,08-Sep-18,Cavite,Essprin Pedia 20ML,6,430.00," 2,580.00 ",0.00,"2,580.00",245.00,"1,470.00","1,110.00",,,,,,,,
17226,08-Sep-18,Cavite,ENCLOXIL 500mg,1,"1,800.00"," 1,800.00 ",540.00,"1,260.00",540.00,540.00,720.00,,,,,,,,
17227,28-Aug-18,Cavite,ZINACARE w/o DILUENT,50,150.00," 7,500.00 ","2,250.00","5,250.00",18.00,900.00,"4,350.00",,,,,,,,
17228,06-Sep-18,Cavite,Hyclens 0.2% Wound Spray 1L,1,"1,228.50"," 1,228.50 ",0.00,"1,228.50",614.25,614.25,614.25,,,,,,,,
17229,02-Sep-18,Cavite,ZEGECEF 250mg/5ml,72,400.00," 28,800.00 ",0.00,"28,800.00",139.00,"10,008.00","18,792.00",,,,,,,,
17230,19-Sep-18,Cavite,Essprin Adult,2,420.00, 840.00 ,0.00,840.00,240.00,480.00,360.00,,,,,,,,
17230,19-Sep-18,Cavite,Essprin Pedia,2,430.00, 860.00 ,0.00,860.00,245.00,490.00,370.00,,,,,,,,
17231,11-Sep-18,Cavite,BRODIX Plus,1,"1,000.00"," 1,000.00 ",300.00,700.00,253.00,253.00,447.00,,,,,,,,
17232,12-Sep-18,Cavite,Hyclens 0.2% Wound Spray,12,229.32," 2,751.84 ",0.00,"2,751.84",115.00,"1,380.00","1,371.84",,,,,,,,
17233,22-Sep-18,Cavite,OMCARE 40mg,5,"1,580.00"," 7,900.00 ",0.00,"7,900.00",390.00,"1,950.00","5,950.00",,,,,,,,
17233,22-Sep-18,Cavite,ZINACARE w/o DILUENT,50,65.00," 3,250.00 ",0.00,"3,250.00",18.00,900.00,"2,350.00",,,,,,,,
17234,15-Sep-18,Cavite,PUROXEL 40mg,5,"1,320.00"," 6,600.00 ","1,980.00","4,620.00",200.00,"1,000.00","3,620.00",,,,,,,,
17235,20-Sep-18,Cavite,HISTARIL 1mg/50mg/5ml,72,80.00," 5,760.00 ","1,728.00","4,032.00",24.47,"1,761.84","2,270.16",,,,,,,,
17236,13-Sep-18,Cavite,Hyclens 0.2% Wound Spray,20,229.32," 4,586.40 ",0.00,"4,586.40",115.00,"2,300.00","2,286.40",,,,,,,,
17237,25-Sep-18,Cavite,ZELEX 200mg,3,"2,500.00"," 7,500.00 ","2,250.00","5,250.00",750.00,"2,250.00","3,000.00",,,,,,,,
17237,25-Sep-18,Cavite,CINNABLOC 25mg,3,500.00," 1,500.00 ",450.00,"1,050.00",133.00,399.00,651.00,,,,,,,,
17238,25-Sep-18,Cavite,ZINACARE w/o DILUENT,100,60.00," 6,000.00 ",0.00,"6,000.00",18.00,"1,800.00","4,200.00",,,,,,,,
17240,29-Sep-18,Cavite,OMCARE 40mg,5,"1,580.00"," 7,900.00 ",0.00,"7,900.00",450.00,"2,250.00","5,650.00",,,,,,,,
17241,01-Oct-18,Cavite,Hyclens 0.2% Wound Spray 1L,1,"1,228.50"," 1,228.50 ",0.00,"1,228.50",614.25,614.25,614.25,,,,,,,,
17242,04-Oct-18,Cavite,HISTARIL 1mg/50mg/5ml,144,80.00," 11,520.00 ","3,456.00","8,064.00",24.47,"3,523.68","4,540.32",,,,,,,,
17242,04-Oct-18,Cavite,Bufen 200mg/ml,144,112.00," 16,128.00 ","4,838.40","11,289.60",35.00,"5,040.00","6,249.60",,,,,,,,
17243 / SI 1880,15-Oct-18,Cavite,OMCARE 40mg,10,"1,580.00"," 15,800.00 ",0.00,"15,800.00",450.00,"4,500.00","11,300.00",,,,,,,,
17244,12-Oct-18,Cavite,ANTIZOAL 5mg/ml,25,120.00," 3,000.00 ",750.00,"2,250.00",26.00,650.00,"1,600.00",,,,,,,,
17245,26-Sep-18,Cavite,ANTIZOAL 5mg/ml,25,120.00," 3,000.00 ",750.00,"2,250.00",26.00,650.00,"1,600.00",,,,,,,,
17246,14-Oct-18,Cavite,ZEGECEF 250mg/5ml,72,400.00," 28,800.00 ",0.00,"28,800.00",139.00,"10,008.00","18,792.00",,,,,,,,
17246,14-Oct-18,Cavite,TOSYLAM 750mg,10,"2,750.00"," 27,500.00 ",0.00,"27,500.00",980.00,"9,800.00","17,700.00",,,,,,,,
17248 / SI1948,16-Nov-18,Cavite,Hyclens Wound Spray 1Gln,1,"2,948.40"," 2,948.40 ",0.00,"2,948.40","1,474.20","1,474.20","1,474.20",,,,,,,,
17249 / SI1947,22-Oct-18,Cavite,LACTAMOX 500mg/125mg,5,"2,750.00"," 13,750.00 ",0.00,"13,750.00","1,174.00","5,870.00","7,880.00",,,,,,,,
17250 / SI1949,29-Oct-18,Cavite,SITIXON 1G,50,90.00," 4,500.00 ",0.00,"4,500.00",25.00,"1,250.00","3,250.00",,,,,,,,
17951A,25-Oct-18,Cavite,DOLO JAGA 500mg/50mg/100mg/100mcg,3,"1,663.00"," 4,989.00 ","1,496.70","3,492.30",481.00,"1,443.00","2,049.30",,,,,,,,
17954A,31-Oct-18,Cavite,HYCLENS GARGLE,2,130.00, 260.00 ,0.00,260.00,65.00,130.00,130.00,,,,,,,,
17954A,31-Oct-18,Cavite,Tegutect 2% Chg Digluconate w/70% Alcohol 60ml,3,280.00, 840.00 ,0.00,840.00,140.00,420.00,420.00,,,,,,,,
17954A,31-Oct-18,Cavite,Aciurtect Disinfectant Solution,1,"2,752.30"," 2,752.30 ",0.00,"2,752.30","1,376.00","1,376.00","1,376.30",,,,,,,,
17955A,07-Nov-18,Cavite,PUROXEL 40mg,5,"1,320.00"," 6,600.00 ",0.00,"6,600.00",200.00,"1,000.00","5,600.00",,,,,,,,
17956,09-Nov-18,Cavite,VITAKIDS 120ml,72,160.00," 11,520.00 ",0.00,"11,520.00",49.00,"3,528.00","7,992.00",,,,,,,,
17957A / SI1959,13-Nov-18,Cavite,OMCARE 40mg,5,"1,580.00"," 7,900.00 ",0.00,"7,900.00",450.00,"2,250.00","5,650.00",,,,,,,,
17958A,15-Nov-18,Cavite,Ambitox,60,70.00," 4,200.00 ",0.00,"4,200.00",8.50,510.00,"3,690.00",,,,,,,,
17959A / SI1958,16-Nov-18,Cavite,Essprin Pedia 20ML,6,430.00," 2,580.00 ",0.00,"2,580.00",245.10,"1,470.60","1,109.40",,,,,,,,
17967A,22-Nov-18,Cavite,LACTAMOX 500mg/125mg,5,"2,750.00"," 13,750.00 ",0.00,"13,750.00","1,174.00","5,870.00","7,880.00",,,,,,,,
18067,01-Aug-18,Cavite,OMCARE 40mg,3,"1,580.00"," 4,740.00 ",0.00,"4,740.00",450.00,"1,350.00","3,390.00",,,,,,,,
18068,12-Aug-18,Cavite,ZINACARE w/o DILUENT,100,60.00," 6,000.00 ",0.00,"6,000.00",18.00,"1,800.00","4,200.00",,,,,,,,
14038,07-Mar-18,Admin,OB-DILAN 10mg,14,785.71," 11,000.00 ",0.00,"11,000.00",147.00,"2,058.00","8,942.00",,,,,,,,
14038,07-Mar-18,Admin,XYNETIN 1500mg/200iu,7,750.00," 5,250.00 ",0.00,"5,250.00",310.00,"2,170.00","3,080.00",,,,,,,,
14038,07-Mar-18,Admin,MAXXIVIT PLUS,7,"1,000.00"," 7,000.00 ",0.00,"7,000.00",420.00,"2,940.00","4,060.00",,,,,,,,
14038,07-Mar-18,Admin,FERGLOBIN 250mg,7,517.86," 3,625.00 ",0.00,"3,625.00",215.00,"1,505.00","2,120.00",,,,,,,,
14498,12-Nov-18,Admin,STEEROMETZ 5mg,1,156.75, 156.75 ,0.00,156.75,104.00,104.00,52.75,,,,,,,,
14498,12-Nov-18,Admin,Cardizar 50mg,2,240.00, 480.00 ,0.00,480.00,160.00,320.00,160.00,,,,,,,,
14498,12-Nov-18,Admin,ATOVAS 20mg,1,327.02, 327.02 ,0.00,327.02,202.00,202.00,125.02,,,,,,,,
14498,12-Nov-18,Admin,CINNABLOC 25mg,2,199.50, 399.00 ,0.00,399.00,133.00,266.00,133.00,,,,,,,,
14498,12-Nov-18,Admin,K-LYTE 600mg,1,"1,192.50"," 1,192.50 ",0.00,"1,192.50","1,450.00","1,450.00",-257.50,,,,,,,,
14498,12-Nov-18,Admin,MULTILEM,12,26.25, 315.00 ,0.00,315.00,69.00,828.00,-513.00,,,,,,,,
14498,12-Nov-18,Admin,SOLVASC 5MG,2,645.00," 1,290.00 ",0.00,"1,290.00",430.00,860.00,430.00,,,,,,,,
14498,12-Nov-18,Admin,Prometin,1,69.00, 69.00 ,0.00,69.00,46.00,46.00,23.00,,,,,,,,
14499,19-Nov-18,Admin,AFFORVIT,3,304.50, 913.50 ,0.00,913.50,203.00,609.00,304.50,,,,,,,,
14499,19-Nov-18,Admin,PROPHALAN,2,547.50," 1,095.00 ",0.00,"1,095.00",365.00,730.00,365.00,,,,,,,,
14500,12-Nov-18,Admin,FERGLOBIN 250mg,7,725.00," 5,075.00 ",0.00,"5,075.00",215.00,"1,505.00","3,570.00",,,,,,,,
14500,12-Nov-18,Admin,CORSTAPH 500mg,7,"1,500.00"," 10,500.00 ",0.00,"10,500.00",435.00,"3,045.00","7,455.00",,,,,,,,
14500,12-Nov-18,Admin,DUOTRAM 325mg,7,"1,980.00"," 13,860.00 ",0.00,"13,860.00",275.00,"1,925.00","11,935.00",,,,,,,,
14500,12-Nov-18,Admin,Isoprine 10mg,7,940.00," 6,580.00 ",0.00,"6,580.00",235.00,"1,645.00","4,935.00",,,,,,,,
16225,29-Jun-18,Admin,FOCID 5mg,7,464.29," 3,250.00 ",0.00,"3,250.00",188.00,"1,316.00","1,934.00",,,,,,,,
16225,29-Jun-18,Admin,MAXXIVIT PLUS,7,857.14," 6,000.00 ",0.00,"6,000.00",420.00,"2,940.00","3,060.00",,,,,,,,
16225,29-Jun-18,Admin,XYNETIN 1500mg/200iu,7,678.57," 4,750.00 ",0.00,"4,750.00",310.00,"2,170.00","2,580.00",,,,,,,,
16227,29-Jun-18,Admin,ENCLOXIL 500mg,2,"1,550.00"," 3,100.00 ",930.00,"2,170.00",540.00,"1,080.00","1,090.00",,,,,,,,
16227,29-Jun-18,Admin,DUOTRAM 325mg,2,"1,980.00"," 3,960.00 ","1,188.00","2,772.00",275.00,550.00,"2,222.00",,,,,,,,
16227,29-Jun-18,Admin,DOPACARE 250mg,2,"1,950.00"," 3,900.00 ","1,170.00","2,730.00",590.00,"1,180.00","1,550.00",,,,,,,,
16231,17-Nov-18,Admin,NITROFURANTOIN 100mg,3,"1,000.00"," 3,000.00 ",900.00,"2,100.00",175.00,525.00,"1,575.00",,,,,,,,
16231,17-Nov-18,Admin,ERGON 125mcg,2,"2,000.00"," 4,000.00 ","1,200.00","2,800.00",128.00,256.00,"2,544.00",,,,,,,,
16233,12-Nov-18,Admin,Anmum 180gX24,10,175.77," 1,757.70 ",0.00,"1,757.70",158.73,"1,587.30",170.40,,,,,,,,
16240,14-Nov-18,Admin,Hyclens 0.2% Wound Spray,20,229.32," 4,586.40 ",0.00,"4,586.40",115.00,"2,300.00","2,286.40",,,,,,,,
16240,14-Nov-18,Admin,Honelle Honey Salve,2,476.00, 952.00 ,0.00,952.00,238.00,476.00,476.00,,,,,,,,
16241,14-Nov-18,Admin,COMOX 625mg,2,"2,800.00"," 5,600.00 ","1,680.00","3,920.00","1,174.00","2,348.00","1,572.00",,,,,,,,
16247,17-Nov-18,Admin,FOCID 5mg,7,464.29," 3,250.03 ",0.00,"3,250.03",188.00,"1,316.00","1,934.03",,,,,,,,
16247,17-Nov-18,Admin,VONWELT/GENERIC TRANEXAMIC ACID,2,"2,100.00"," 4,200.00 ",0.00,"4,200.00",330.00,660.00,"3,540.00",,,,,,,,
16247,17-Nov-18,Admin,XYNETIN 1500mg/200iu,7,678.57," 4,749.99 ",0.00,"4,749.99",310.00,"2,170.00","2,579.99",,,,,,,,
16247,17-Nov-18,Admin,MAXXIVIT PLUS,7,857.14," 5,999.98 ",0.00,"5,999.98",420.00,"2,940.00","3,059.98",,,,,,,,
16248,17-Nov-18,Admin,ANEROCIN 300mg ,2,"3,800.00"," 7,600.00 ","2,280.00","5,320.00",890.00,"1,780.00","3,540.00",,,,,,,,
16248,17-Nov-18,Admin,CEPROTRON 500mg,2,"1,750.00"," 3,500.00 ","1,050.00","2,450.00",415.00,830.00,"1,620.00",,,,,,,,
16249,17-Nov-18,Admin,gloves (medium),3,390.00," 1,170.00 ",0.00,"1,170.00",130.00,390.00,780.00,,,,,,,,
16260,20-Mar-18,Admin,FOCID 5mg,0.3,650.00, 195.00 ,97.50,97.50,188.00,56.40,41.10,,,,,,,,
16260,20-Mar-18,Admin,CLAXIC 250mg/62.5mg/5ml,1,310.00, 310.00 ,155.00,155.00,130.00,130.00,25.00,,,,,,,,
16260,20-Mar-18,Admin,HISTARIL 1mg/50mg/5ml,2,80.00, 160.00 ,80.00,80.00,,,80.00,,,,,,,,
16260,20-Mar-18,Admin,ALGICAP 50mg/5ml,1,80.00, 80.00 ,40.00,40.00,24.00,24.00,16.00,,,,,,,,
16260,20-Mar-18,Admin,HISTARIL 1mg/50mg/5ml,2,40.00, 80.00 ,,,,,0.00,,,,,,,,
16260,20-Mar-18,Admin,BUFENOL 100mg/5ml,2,95.00, 190.00 ,95.00,95.00,30.00,60.00,35.00,,,,,,,,
16260,20-Mar-18,Admin,JAGAPLEX OB,30,8.50, 255.00 ,127.50,127.50,155.00,"4,650.00","-4,522.50",,,,,,,,
16260,20-Mar-18,Admin,BUFENOL 200mg/5ml,1,95.00, 95.00 ,0.00,95.00,35.00,35.00,60.00,,,,,,,,
16260,20-Mar-18,Admin,BERCEF 250mg/5ml,2,450.00, 900.00 ,450.00,450.00,148.00,296.00,154.00,,,,,,,,
16260,20-Mar-18,Admin,LACTAMOX 500mg/125mg,4,180.00, 720.00 ,360.00,360.00,"1,173.60","4,694.40","-4,334.40",,,,,,,,
16260,20-Mar-18,Admin,BERCEF 250mg/5ml,2,450.00, 900.00 ,450.00,450.00,148.00,296.00,154.00,,,,,,,,
16260,20-Mar-18,Admin,LACTAMOX 500mg/125mg,0.3333333,"2,799.60", 933.20 ,466.60,466.60,"1,173.60",391.20,75.40,,,,,,,,
16261,20-Mar-18,Admin,CORVI PLUS 1mg/50mg,1,118.00, 118.00 ,0.00,118.00,39.00,39.00,79.00,,,,,,,,
16261,20-Mar-18,Admin,BUFENOL 200mg/5ml,2,112.00, 224.00 ,112.00,112.00,35.00,70.00,42.00,,,,,,,,
16261,20-Mar-18,Admin,CLAXIC 125mg/31.25mg/5ml,2,190.00, 380.00 ,190.00,190.00,76.00,152.00,38.00,,,,,,,,
16261,20-Mar-18,Admin,HISTARIL 1mg/50mg/5ml,2,80.00, 160.00 ,80.00,80.00,,,80.00,,,,,,,,
16261,20-Mar-18,Admin,CLAXIC 250mg/62.5mg/5ml,2,310.00, 620.00 ,310.00,310.00,130.00,260.00,50.00,,,,,,,,
16261,20-Mar-18,Admin,CLAXIC 125mg/31.25mg/5ml,2,190.00, 380.00 ,190.00,190.00,76.00,152.00,38.00,,,,,,,,
16261,20-Mar-18,Admin,TERMAGEN 250mg/5ml,2,75.00, 150.00 ,75.00,75.00,23.00,46.00,29.00,,,,,,,,
16261,20-Mar-18,Admin,SNEEZ 6.25mg/5ml,2,135.00, 270.00 ,135.00,135.00,38.00,76.00,59.00,,,,,,,,
16261,20-Mar-18,Admin,BUFENOL 200mg/5ml,2,112.00, 224.00 ,112.00,112.00,35.00,70.00,42.00,,,,,,,,
16262,20-Mar-18,Admin,AMLOMED 5mg,30,14.70, 441.00 ,220.50,220.50,,,220.50,,,,,,,,
16262,20-Mar-18,Admin,JAGA 300mg/100mg/100mcg,1,"1,150.00"," 1,150.00 ",575.00,575.00,345.00,345.00,230.00,,,,,,,,
16262,20-Mar-18,Admin,CENDALEX 500mg,1,190.00, 190.00 ,95.00,95.00,,,95.00,,,,,,,,
16262,20-Mar-18,Admin,HISTARIL 1mg/50mg/5ml,1,80.00, 80.00 ,40.00,40.00,,,40.00,,,,,,,,
16262,20-Mar-18,Admin,ALTOSAR 50mg/12.5mg,1,500.00, 500.00 ,250.00,250.00,158.00,158.00,92.00,,,,,,,,
16263,20-Mar-18,Admin,APROCARE 150mg,1,870.00, 870.00 ,435.00,435.00,219.00,219.00,216.00,,,,,,,,
16263,20-Mar-18,Admin,JAGA 300mg/100mg/100mcg,2,"1,150.00"," 2,300.00 ","1,150.00","1,150.00",345.00,690.00,460.00,,,,,,,,
16264,20-Mar-18,Admin,ROSADOC 20mg,1,"1,120.00"," 1,120.00 ",560.00,560.00,330.00,330.00,230.00,,,,,,,,
16264,20-Mar-18,Admin,MULTI GROW 120ml,2,240.00, 480.00 ,240.00,240.00,75.00,150.00,90.00,,,,,,,,
16264,20-Mar-18,Admin,JAGA 300mg/100mg/100mcg,1,"1,150.00"," 1,150.00 ",575.00,575.00,345.00,345.00,230.00,,,,,,,,
16264,20-Mar-18,Admin,HISTARIL 2mg/100mg,2,80.00, 160.00 ,80.00,80.00,225.00,450.00,-370.00,,,,,,,,
16264,20-Mar-18,Admin,ALTOSAR 50mg/12.5mg,1,500.00, 500.00 ,250.00,250.00,158.00,158.00,92.00,,,,,,,,
16264,20-Mar-18,Admin,MULTI GROW 120ml,2,240.00, 480.00 ,240.00,240.00,75.00,150.00,90.00,,,,,,,,
16264,20-Mar-18,Admin,SPLENDAMET 500mg,1,480.00, 480.00 ,240.00,240.00,128.00,128.00,112.00,,,,,,,,
16264,20-Mar-18,Admin,MULTI GROW 120ml,1,240.00, 240.00 ,120.00,120.00,75.00,75.00,45.00,,,,,,,,
16265,20-Mar-18,Admin,HISTARIL 1mg/50mg/5ml,2,80.00, 160.00 ,80.00,80.00,,,80.00,,,,,,,,
16266,20-Mar-18,Admin,MAXXIVIT PLUS,0.32,"1,400.00", 448.00 ,224.00,224.00,420.00,134.40,89.60,,,,,,,,
16266,20-Mar-18,Admin,FOCID 5mg,0.7,600.00, 420.00 ,227.50,192.50,188.00,131.60,60.90,,,,,,,,
16266,20-Mar-18,Admin,MAXXIVIT PLUS,0.64,"1,400.00", 896.00 ,448.00,448.00,420.00,268.80,179.20,,,,,,,,
16266,20-Mar-18,Admin,KLOPIDO 75mg,1,975.00, 975.00 ,487.50,487.50,384.00,384.00,103.50,,,,,,,,
16267,20-Mar-18,Admin,JAGA 300mg/100mg/100mcg,2,575.00," 1,150.00 ",575.00,575.00,345.00,690.00,-115.00,,,,,,,,
16268,20-Mar-18,Admin,ALGICAP 50mg/5ml,1,80.00, 80.00 ,40.00,40.00,24.00,24.00,16.00,,,,,,,,
16268,20-Mar-18,Admin,CENDALEX 250mg/5ml,1,190.00, 190.00 ,95.00,95.00,55.00,55.00,40.00,,,,,,,,
16268,20-Mar-18,Admin,EUROXIME 250mg/5ml,1,440.00, 440.00 ,220.00,220.00,139.00,139.00,81.00,,,,,,,,
16269,20-Mar-18,Admin,KLOPIDO 75mg,1,975.00, 975.00 ,487.50,487.50,384.00,384.00,103.50,,,,,,,,
16269,20-Mar-18,Admin,MULTI GROW 120ml,2,240.00, 480.00 ,240.00,240.00,75.00,150.00,90.00,,,,,,,,
16269,20-Mar-18,Admin,HISTARIL 2mg/100mg,2,80.00, 160.00 ,80.00,80.00,,,80.00,,,,,,,,
16270,20-Mar-18,Admin,KLOPIDO 75mg,1,975.00, 975.00 ,488.50,486.50,384.00,384.00,102.50,,,,,,,,
16270,20-Mar-18,Admin,TRIVASC 35mg MR,1,"1,425.00"," 1,425.00 ",712.50,712.50,445.00,445.00,267.50,,,,,,,,
16279,07-Mar-18,Admin,HEMOTRAN 500mg,3,"2,100.00"," 6,300.00 ","1,890.00","4,410.00",685.00,"2,055.00","2,355.00",,,,,,,,
16370,26-Mar-18,Admin,APROCARE 150mg,24,870.00," 20,880.00 ",0.00,"20,880.00",219.00,"5,256.00","15,624.00",,,,,,,,
16395,12-Apr-18,Admin,ATOVAS 20mg,24,650.00," 15,600.00 ",0.00,"15,600.00",202.00,"4,848.00","10,752.00",,,,,,,,
16395,12-Apr-18,Admin,PROCARV 6.25mg,19,"1,200.00"," 22,800.00 ",0.00,"22,800.00",365.00,"6,935.00","15,865.00",,,,,,,,
16452,13-Mar-18,Admin,NERVAMIN PLUS 500mg/50mg/100mg/100mcg,2,"1,708.00"," 3,416.00 ","1,024.50","2,391.50",488.00,976.00,"1,415.50",,,,,,,,
16452,13-Mar-18,Admin,OB-DILAN 10mg,1,"1,100.00"," 1,100.00 ",330.00,770.00,147.00,147.00,623.00,,,,,,,,
16472,20-Mar-18,Admin,DUOTRAM 325mg,3,"1,980.00"," 5,940.00 ","1,782.00","4,158.00",275.00,825.00,"3,333.00",,,,,,,,
16472,20-Mar-18,Admin,ERGON 125mcg,1,"2,000.00"," 2,000.00 ",600.00,"1,400.00",128.00,128.00,"1,272.00",,,,,,,,
16472,20-Mar-18,Admin,HEMOTRAN 500mg,2,"2,100.00"," 4,200.00 ","1,260.00","2,940.00",685.00,"1,370.00","1,570.00",,,,,,,,
16472,20-Mar-18,Admin,CEPROTRON 500mg,1,"1,750.00"," 1,750.00 ",525.00,"1,225.00",415.00,415.00,810.00,,,,,,,,
16473,20-Mar-18,Admin,XYNETIN 1500mg/200iu,7,750.00," 5,250.00 ",0.00,"5,250.00",310.00,"2,170.00","3,080.00",,,,,,,,
16473,20-Mar-18,Admin,MAXXIVIT PLUS,7,"1,000.00"," 7,000.00 ",0.00,"7,000.00",420.00,"2,940.00","4,060.00",,,,,,,,
16484,27-Mar-18,Admin,CORSTAPH 500mg,2,"1,500.00"," 3,000.00 ",900.00,"2,100.00",435.00,870.00,"1,230.00",,,,,,,,
16484,27-Mar-18,Admin,Isoprine 10mg,4,"1,100.00"," 4,400.00 ","1,320.00","3,080.00",235.00,940.00,"2,140.00",,,,,,,,
16484,27-Mar-18,Admin,CEPROTRON 500mg,1,"1,750.00"," 1,750.00 ",525.00,"1,225.00",415.00,415.00,810.00,,,,,,,,
16484,27-Mar-18,Admin,DOPACARE 250mg,2,"1,950.00"," 3,900.00 ","1,170.00","2,730.00",590.00,"1,180.00","1,550.00",,,,,,,,
16484,27-Mar-18,Admin,ERGON 125mcg,1,"2,000.00"," 2,000.00 ",600.00,"1,400.00",128.00,128.00,"1,272.00",,,,,,,,
16485,27-Mar-18,Admin,FOCID 5mg,7,464.29," 3,250.00 ",0.00,"3,250.00",188.00,"1,316.00","1,934.00",,,,,,,,
16485,27-Mar-18,Admin,XYNETIN 1500mg/200iu,7,678.57," 4,750.00 ",0.00,"4,750.00",310.00,"2,170.00","2,580.00",,,,,,,,
16701,05-Apr-18,Admin,ISORANE 100% V/V 100ml,12,916.66," 10,999.92 ",0.00,"10,999.92","1,250.00","15,000.00","-4,000.08",,,,,,,,
16709,12-Apr-18,Admin,MAXXIVIT PLUS,7,857.14," 6,000.00 ",0.00,"6,000.00",420.00,"2,940.00","3,060.00",,,,,,,,
16709,12-Apr-18,Admin,FERGLOBIN 250mg,7,517.86," 3,625.00 ",0.00,"3,625.00",215.00,"1,505.00","2,120.00",,,,,,,,
16709,12-Apr-18,Admin,JAGAPLEX OB,7,464.29," 3,250.00 ",0.00,"3,250.00",155.00,"1,085.00","2,165.00",,,,,,,,
16709,12-Apr-18,Admin,FOCID 5mg,7,464.29," 3,250.00 ",0.00,"3,250.00",188.00,"1,316.00","1,934.00",,,,,,,,
16709,12-Apr-18,Admin,Isoprine 10mg,14,785.71," 11,000.00 ",0.00,"11,000.00",235.00,"3,290.00","7,710.00",,,,,,,,
16709,12-Apr-18,Admin,XYNETIN 1500mg/200iu,7,678.57," 4,750.00 ",0.00,"4,750.00",310.00,"2,170.00","2,580.00",,,,,,,,
16710,12-Apr-18,Admin,"Cotton Applicator (Sterile, Big Head)",1,300.00, 300.00 ,0.00,300.00,200.00,200.00,100.00,,,,,,,,
16710,12-Apr-18,Admin,"Cotton Applicator (Sterile, Small Head)",1,400.00, 400.00 ,0.00,400.00,140.00,140.00,260.00,,,,,,,,
16710,12-Apr-18,Admin,"Micropore 1"" / 1/2""",1,700.00, 700.00 ,0.00,700.00,380.00,380.00,320.00,,,,,,,,
16710,12-Apr-18,Admin,Lubricating Jelly 150g,3,440.00," 1,320.00 ",0.00,"1,320.00",220.00,660.00,660.00,,,,,,,,
16710,12-Apr-18,Admin,Gloves (Non Sterile),10,260.00," 2,600.00 ",0.00,"2,600.00",130.00,"1,300.00","1,300.00",,,,,,,,
16710,12-Apr-18,Admin,Pregnancy Test,2,"1,000.00"," 2,000.00 ",0.00,"2,000.00",15.00,30.00,"1,970.00",,,,,,,,
16710,12-Apr-18,Admin,Ultrasound Gel (Gallon),1,"1,100.00"," 1,100.00 ",0.00,"1,100.00",650.00,650.00,450.00,,,,,,,,
16710,12-Apr-18,Admin,POVIDONE IODINE 60ML,12,90.00," 1,080.00 ",0.00,"1,080.00",45.00,540.00,540.00,,,,,,,,
16717,18-Apr-18,Admin,XYNETIN 1500mg/200iu,7,685.71," 4,800.00 ",0.00,"4,800.00",310.00,"2,170.00","2,630.00",,,,,,,,
16717,18-Apr-18,Admin,CORSTAPH 500mg,3,"1,500.00"," 4,500.00 ",0.00,"4,500.00",435.00,"1,305.00","3,195.00",,,,,,,,
16717,18-Apr-18,Admin,MAXXIVIT PLUS,7,857.14," 6,000.00 ",0.00,"6,000.00",420.00,"2,940.00","3,060.00",,,,,,,,
16717,18-Apr-18,Admin,Isoprine 10mg,7,785.71," 5,500.00 ",0.00,"5,500.00",235.00,"1,645.00","3,855.00",,,,,,,,
16718,18-Apr-18,Admin,DOPACARE 250mg,2,"1,950.00"," 3,900.00 ","1,170.00","2,730.00",590.00,"1,180.00","1,550.00",,,,,,,,
16718,18-Apr-18,Admin,CEPROTRON 500mg,1,"1,750.00"," 1,750.00 ",525.00,"1,225.00",415.00,415.00,810.00,,,,,,,,
16718,18-Apr-18,Admin,DUOTRAM 325mg,2,"1,980.00"," 3,960.00 ","1,188.00","2,772.00",275.00,550.00,"2,222.00",,,,,,,,
16718,18-Apr-18,Admin,ERGON 125mcg,2,"1,000.00"," 2,000.00 ",600.00,"1,400.00",128.00,256.00,"1,144.00",,,,,,,,
16718,18-Apr-18,Admin,HEMOTRAN 500mg,2,"2,100.00"," 4,200.00 ","1,260.00","2,940.00",685.00,"1,370.00","1,570.00",,,,,,,,
16725,24-Apr-18,Admin,NERVAMIN PLUS 500mg/50mg/100mg/100mcg,2,"1,708.00"," 3,416.00 ","1,024.80","2,391.20",488.00,976.00,"1,415.20",,,,,,,,
16725,24-Apr-18,Admin,ERGON 125mcg,2,"1,000.00"," 2,000.00 ",600.00,"1,400.00",128.00,256.00,"1,144.00",,,,,,,,
16726,24-Apr-18,Admin,NITROFURANTOIN 100mg,2,"1,000.00"," 2,000.00 ",0.00,"2,000.00",175.00,350.00,"1,650.00",,,,,,,,
16726,24-Apr-18,Admin,CORSTAPH 500mg,2,"1,500.00"," 3,000.00 ",0.00,"3,000.00",435.00,870.00,"2,130.00",,,,,,,,
16726,24-Apr-18,Admin,DUOTRAM 325mg,2,"1,980.00"," 3,960.00 ",0.00,"3,960.00",275.00,550.00,"3,410.00",,,,,,,,
16730,28-Apr-18,Admin,DM,2,"2,100.00"," 4,200.00 ",0.00,"4,200.00",330.00,660.00,"3,540.00",,,,,,,,
16730,28-Apr-18,Admin,MAXXIVIT PLUS,7,857.14," 6,000.00 ",0.00,"6,000.00",420.00,"2,940.00","3,060.00",,,,,,,,
16730,28-Apr-18,Admin,XYNETIN 1500mg/200iu,7,678.57," 4,750.00 ",0.00,"4,750.00",310.00,"2,170.00","2,580.00",,,,,,,,
16730,28-Apr-18,Admin,FERGLOBIN 250mg,7,517.86," 3,625.00 ",0.00,"3,625.00",215.00,"1,505.00","2,120.00",,,,,,,,
16731,28-Apr-18,Admin,FOCID 5mg,1,650.00, 650.00 ,195.00,455.00,188.00,188.00,267.00,,,,,,,,
16731,28-Apr-18,Admin,ANEROCIN 300mg ,1,"3,800.00"," 3,800.00 ","1,140.00","2,660.00",890.00,890.00,"1,770.00",,,,,,,,
16731,28-Apr-18,Admin,EUROXIME 500mg,2,"3,000.00"," 6,000.00 ","1,800.00","4,200.00","1,450.00","2,900.00","1,300.00",,,,,,,,
16731,28-Apr-18,Admin,Isoprine 10mg,4,"1,100.00"," 4,400.00 ","1,320.00","3,080.00",235.00,940.00,"2,140.00",,,,,,,,
16741,06-May-18,Admin,XYNETIN 1500mg/200iu,7,678.57," 4,750.00 ",0.00,"4,750.00",310.00,"2,170.00","2,580.00",,,,,,,,
16742,02-May-18,Admin,DOPACARE 250mg,2,"1,950.00"," 3,900.00 ","1,170.00","2,730.00",590.00,"1,180.00","1,550.00",,,,,,,,
16742,02-May-18,Admin,ENCLOXIL 500mg,2,"1,500.00"," 3,000.00 ",900.00,"2,100.00",540.00,"1,080.00","1,020.00",,,,,,,,
16744,04-May-18,Admin,ANEROCIN 300mg ,2,"3,800.00"," 7,600.00 ","2,280.00","5,320.00",890.00,"1,780.00","3,540.00",,,,,,,,
16744,04-May-18,Admin,CEPROTRON 500mg,2,"1,750.00"," 3,500.00 ","1,050.00","2,450.00",415.00,830.00,"1,620.00",,,,,,,,
16744,04-May-18,Admin,EUROXIME 500mg,2,"3,000.00"," 6,000.00 ","1,800.00","4,200.00","1,450.00","2,900.00","1,300.00",,,,,,,,
16744,04-May-18,Admin,LACTAMOX 500mg/125mg,2,"2,800.00"," 5,600.00 ","1,680.00","3,920.00","1,174.00","2,348.00","1,572.00",,,,,,,,
16745,04-May-18,Admin,MAXXIVIT PLUS,7,857.14," 6,000.00 ",0.00,"6,000.00",420.00,"2,940.00","3,060.00",,,,,,,,
16745,04-May-18,Admin,XYNETIN 1500mg/200iu,7,678.57," 4,749.99 ",0.00,"4,749.99",310.00,"2,170.00","2,579.99",,,,,,,,
16832,07-May-18,Admin,LIPIVASC 40mg,8,950.00," 7,600.00 ",0.00,"7,600.00",288.00,"2,304.00","5,296.00",,,,,,,,
16836,10-May-18,Admin,KLOPIDO 75mg,16,975.00," 15,600.00 ",0.00,"15,600.00",384.00,"6,144.00","9,456.00",,,,,,,,
16951,07-May-18,Admin,CEVIT 500mg,7,135.71, 950.00 ,0.00,950.00,54.00,378.00,572.00,,,,,,,,
16952,07-May-18,Admin,DOPACARE 250mg,2,"1,950.00"," 3,900.00 ","1,170.00","2,730.00",590.00,"1,180.00","1,550.00",,,,,,,,
16952,07-May-18,Admin,ERGON 125mcg,2,"1,000.00"," 2,000.00 ",600.00,"1,400.00",128.00,256.00,"1,144.00",,,,,,,,
16966,10-May-18,Admin,NITROFURANTOIN 100mg,2,"1,000.00"," 2,000.00 ",600.00,"1,400.00",175.00,350.00,"1,050.00",,,,,,,,
16966,10-May-18,Admin,NERVAMIN PLUS 500mg/50mg/100mg/100mcg,2,"1,708.00"," 3,416.00 ","1,024.80","2,391.20",488.00,976.00,"1,415.20",,,,,,,,
16966,10-May-18,Admin,CEPROTRON 500mg,2,"1,750.00"," 3,500.00 ","1,050.00","2,450.00",415.00,830.00,"1,620.00",,,,,,,,
16967,10-May-18,Admin,VONWELT/GENERIC TRANEXAMIC ACID,2,"2,100.00"," 4,200.00 ",0.00,"4,200.00",330.00,660.00,"3,540.00",,,,,,,,
16970,12-May-18,Admin,DUOTRAM 325mg,3,"1,980.00"," 5,940.00 ","1,782.00","4,158.00",275.00,825.00,"3,333.00",,,,,,,,
16971,12-May-18,Admin,XYNETIN 1500mg/200iu,7,678.57," 4,750.00 ",0.00,"4,750.00",310.00,"2,170.00","2,580.00",,,,,,,,
16971,12-May-18,Admin,MAXXIVIT PLUS,7,857.14," 6,000.00 ",0.00,"6,000.00",420.00,"2,940.00","3,060.00",,,,,,,,
16977,16-May-18,Admin,NITROFURANTOIN 100mg,2,"1,000.00"," 2,000.00 ",600.00,"1,400.00",175.00,350.00,"1,050.00",,,,,,,,
16981,19-May-18,Admin,ENCLOXIL 500mg,3,"1,500.00"," 4,500.00 ","1,350.00","3,150.00",540.00,"1,620.00","1,530.00",,,,,,,,
16981,19-May-18,Admin,CEPROTRON 500mg,2,"1,750.00"," 3,500.00 ","1,050.00","2,450.00",415.00,830.00,"1,620.00",,,,,,,,
16982,19-May-18,Admin,FERGLOBIN 250mg,7,517.86," 3,625.00 ",0.00,"3,625.00",215.00,"1,505.00","2,120.00",,,,,,,,
16982,19-May-18,Admin,XYNETIN 1500mg/200iu,7,678.57," 4,750.00 ",0.00,"4,750.00",310.00,"2,170.00","2,580.00",,,,,,,,
16982,19-May-18,Admin,MAXXIVIT PLUS,7,857.14," 6,000.00 ",0.00,"6,000.00",420.00,"2,940.00","3,060.00",,,,,,,,
16984,19-May-18,Admin,DOPACARE 250mg,2,"1,950.00"," 3,900.00 ","1,170.00","2,730.00",590.00,"1,180.00","1,550.00",,,,,,,,
16984,19-May-18,Admin,VONWELT/GENERIC TRANEXAMIC ACID,2,"2,100.00"," 4,200.00 ","1,260.00","2,940.00",330.00,660.00,"2,280.00",,,,,,,,
16991,24-May-18,Admin,DUOTRAM 325mg,3,"1,980.00"," 5,940.00 ","1,782.00","4,158.00",275.00,825.00,"3,333.00",,,,,,,,
16991,24-May-18,Admin,ERGON 125mcg,2,"2,000.00"," 4,000.00 ","1,200.00","2,800.00",128.00,256.00,"2,544.00",,,,,,,,
16991,24-May-18,Admin,NERVAMIN PLUS 500mg/50mg/100mg/100mcg,2,"1,708.00"," 3,416.00 ","1,024.80","2,391.20",488.00,976.00,"1,415.20",,,,,,,,
16992,24-May-18,Admin,FOCID 5mg,7,464.29," 3,250.00 ",0.00,"3,250.00",188.00,"1,316.00","1,934.00",,,,,,,,
16995,26-May-18,Admin,ANEROCIN 300mg ,2,"3,800.00"," 7,600.00 ","2,280.00","5,320.00",890.00,"1,780.00","3,540.00",,,,,,,,
16996,26-May-18,Admin,MAXXIVIT PLUS,7,857.14," 6,000.00 ",0.00,"6,000.00",420.00,"2,940.00","3,060.00",,,,,,,,
16996,26-May-18,Admin,XYNETIN 1500mg/200iu,7,678.57," 4,750.00 ",0.00,"4,750.00",310.00,"2,170.00","2,580.00",,,,,,,,
17018,31-May-18,Admin,LIPIVASC 40mg,20,950.00," 19,000.00 ",0.00,"19,000.00",288.00,"5,760.00","13,240.00",,,,,,,,
17023,04-Jun-18,Admin,APROCARE 150mg,20,870.00," 17,400.00 ",0.00,"17,400.00",219.00,"4,380.00","13,020.00",,,,,,,,
17023,04-Jun-18,Admin,ATOVAS 20mg,15,650.00," 9,750.00 ",0.00,"9,750.00",202.00,"3,030.00","6,720.00",,,,,,,,
17037,15-Jun-18,Admin,PROCARV 6.25mg,3,"1,200.00"," 3,600.00 ",0.00,"3,600.00",365.00,"1,095.00","2,505.00",,,,,,,,
17037,15-Jun-18,Admin,ATOVAS 20mg,7,650.00," 4,550.00 ",0.00,"4,550.00",202.00,"1,414.00","3,136.00",,,,,,,,
17037,15-Jun-18,Admin,LIPIVASC 40mg,15,950.00," 14,250.00 ",0.00,"14,250.00",288.00,"4,320.00","9,930.00",,,,,,,,
17154,31-May-18,Admin,ERGON 125mcg,1,"2,000.00"," 2,000.00 ",600.00,"1,400.00",128.00,128.00,"1,272.00",,,,,,,,
17154,31-May-18,Admin,ENCLOXIL 500mg,4,"1,500.00"," 6,000.00 ","1,800.00","4,200.00",540.00,"2,160.00","2,040.00",,,,,,,,
17154,31-May-18,Admin,DUOTRAM 325mg,2,"1,980.00"," 3,960.00 ","1,188.00","2,772.00",275.00,550.00,"2,222.00",,,,,,,,
17154,31-May-18,Admin,CEVIT 500mg,6,190.00," 1,140.00 ",342.00,798.00,54.00,324.00,474.00,,,,,,,,
17155,04-Jun-18,Admin,FOCID 5mg,7,464.29," 3,250.00 ",0.00,"3,250.00",188.00,"1,316.00","1,934.00",,,,,,,,
17155,04-Jun-18,Admin,Isoprine 10mg,14,785.71," 11,000.00 ",0.00,"11,000.00",235.00,"3,290.00","7,710.00",,,,,,,,
17155,04-Jun-18,Admin,FERGLOBIN 250mg,7,517.86," 3,625.00 ",0.00,"3,625.00",215.00,"1,505.00","2,120.00",,,,,,,,
17155,04-Jun-18,Admin,MAXXIVIT PLUS,7,857.14," 6,000.00 ",0.00,"6,000.00",420.00,"2,940.00","3,060.00",,,,,,,,
17155,04-Jun-18,Admin,XYNETIN 1500mg/200iu,7,678.57," 4,750.00 ",0.00,"4,750.00",310.00,"2,170.00","2,580.00",,,,,,,,
17167,13-Jun-18,Admin,VONWELT/GENERIC TRANEXAMIC ACID,2,"2,100.00"," 4,200.00 ",0.00,"4,200.00",330.00,660.00,"3,540.00",,,,,,,,
17167,13-Jun-18,Admin,MAXXIVIT PLUS,7,857.14," 6,000.00 ",0.00,"6,000.00",420.00,"2,940.00","3,060.00",,,,,,,,
17167,13-Jun-18,Admin,XYNETIN 1500mg/200iu,7,678.57," 4,750.00 ",0.00,"4,750.00",310.00,"2,170.00","2,580.00",,,,,,,,
17167,13-Jun-18,Admin,JAGAPLEX OB,7,607.14," 4,250.00 ",0.00,"4,250.00",155.00,"1,085.00","3,165.00",,,,,,,,
17168,13-Jun-18,Admin,ERGON 125mcg,4,"1,000.00"," 4,000.00 ","1,200.00","2,800.00",128.00,512.00,"2,288.00",,,,,,,,
17168,13-Jun-18,Admin,NITROFURANTOIN 100mg,2,"1,000.00"," 2,000.00 ",600.00,"1,400.00",175.00,350.00,"1,050.00",,,,,,,,
17168,13-Jun-18,Admin,CEPROTRON 500mg,2,"1,750.00"," 3,500.00 ","1,050.00","2,450.00",415.00,830.00,"1,620.00",,,,,,,,
17173,15-Jun-18,Admin,XYNETIN 1500mg/200iu,7,678.57," 4,750.00 ",0.00,"4,750.00",310.00,"2,170.00","2,580.00",,,,,,,,
17174,15-Jun-18,Admin,Isoprine 10mg,6,"1,100.00"," 6,600.00 ","1,980.00","4,620.00",235.00,"1,410.00","3,210.00",,,,,,,,
17174,15-Jun-18,Admin,ENCLOXIL 500mg,2,"1,500.00"," 3,000.00 ",900.00,"2,100.00",540.00,"1,080.00","1,020.00",,,,,,,,
17174,15-Jun-18,Admin,NERVAMIN PLUS 500mg/50mg/100mg/100mcg,2,"1,708.00"," 3,416.00 ","1,024.80","2,391.20",488.00,976.00,"1,415.20",,,,,,,,
17183,19-Jun-18,Admin,VONWELT/GENERIC TRANEXAMIC ACID,2,"2,100.00"," 4,200.00 ",0.00,"4,200.00",330.00,660.00,"3,540.00",,,,,,,,
17183,19-Jun-18,Admin,FERGLOBIN 250mg,7,517.86," 3,625.00 ",0.00,"3,625.00",215.00,"1,505.00","2,120.00",,,,,,,,
17184,19-Jun-18,Admin,LACTAMOX 500mg/125mg,2,"2,800.00"," 5,600.00 ","1,680.00","3,920.00","1,174.00","2,348.00","1,572.00",,,,,,,,
17184,19-Jun-18,Admin,ANEROCIN 300mg ,2,"3,800.00"," 7,600.00 ","2,280.00","5,320.00",890.00,"1,780.00","3,540.00",,,,,,,,
17184,19-Jun-18,Admin,DUOTRAM 325mg,2,"1,980.00"," 3,960.00 ","1,188.00","2,772.00",275.00,550.00,"2,222.00",,,,,,,,
17185,21-Jun-18,Admin,XYNETIN 1500mg/200iu,7,678.57," 4,750.00 ",0.00,"4,750.00",310.00,"2,170.00","2,580.00",,,,,,,,
17185,21-Jun-18,Admin,MAXXIVIT PLUS,7,857.14," 6,000.00 ",0.00,"6,000.00",420.00,"2,940.00","3,060.00",,,,,,,,
17193,25-Jun-18,Admin,HAV C 500mg,7,135.71, 950.00 ,0.00,950.00,35.00,245.00,705.00,,,,,,,,
17193,25-Jun-18,Admin,XYNETIN 1500mg/200iu,7,678.57," 4,750.00 ",0.00,"4,750.00",310.00,"2,170.00","2,580.00",,,,,,,,
17193,25-Jun-18,Admin,MAXXIVIT PLUS,7,857.14," 6,000.00 ",0.00,"6,000.00",420.00,"2,940.00","3,060.00",,,,,,,,
17194,25-Jun-18,Admin,DOPACARE 250mg,2,"1,950.00"," 3,900.00 ","1,170.00","2,730.00",590.00,"1,180.00","1,550.00",,,,,,,,
17194,25-Jun-18,Admin,NITROFURANTOIN 100mg,2,"1,000.00"," 2,000.00 ",600.00,"1,400.00",175.00,350.00,"1,050.00",,,,,,,,
17195,25-Jun-18,Admin,Pregnancy Test,100,30.00," 3,000.00 ",0.00,"3,000.00",15.00,"1,500.00","1,500.00",,,,,,,,
17198,02-Jul-18,Admin,Isoprine 10mg,14,785.71," 11,000.00 ",0.00,"11,000.00",235.00,"3,290.00","7,710.00",,,,,,,,
17199,02-Jul-18,Admin,FERGLOBIN 250mg,7,517.86," 3,625.00 ",0.00,"3,625.00",215.00,"1,505.00","2,120.00",,,,,,,,
17302,11-Aug-18,Admin,VONWELT/GENERIC TRANEXAMIC ACID,2,"2,100.00"," 4,200.00 ",0.00,"4,200.00",330.00,660.00,"3,540.00",,,,,,,,
17302,11-Aug-18,Admin,FOCID 5mg,7,464.29," 3,250.00 ",0.00,"3,250.00",188.00,"1,316.00","1,934.00",,,,,,,,
17302,11-Aug-18,Admin,MAXXIVIT PLUS,7,857.14," 6,000.00 ",0.00,"6,000.00",420.00,"2,940.00","3,060.00",,,,,,,,
17302,11-Aug-18,Admin,Isoprine 10mg,7,671.43," 4,700.00 ",0.00,"4,700.00",235.00,"1,645.00","3,055.00",,,,,,,,
17302,11-Aug-18,Admin,XYNETIN 1500mg/200iu,7,678.57," 4,750.00 ",0.00,"4,750.00",310.00,"2,170.00","2,580.00",,,,,,,,
17303,11-Aug-18,Admin,NITROFURANTOIN 100mg,2,"1,000.00"," 2,000.00 ",600.00,"1,400.00",175.00,350.00,"1,050.00",,,,,,,,
17303,11-Aug-18,Admin,PHILCLOX 500mg,2,"1,500.00"," 3,000.00 ",900.00,"2,100.00",185.00,370.00,"1,730.00",,,,,,,,
17303,11-Aug-18,Admin,ZAFEX 500mg,2,"3,000.00"," 6,000.00 ","1,800.00","4,200.00","1,450.00","2,900.00","1,300.00",,,,,,,,
17303,11-Aug-18,Admin,ERGON 125mcg,2,"2,000.00"," 4,000.00 ","1,200.00","2,800.00",128.00,256.00,"2,544.00",,,,,,,,
17304,11-Aug-18,Admin,ORNEXIN 325mg/10mg/5mg,10,64.50, 645.00 ,0.00,645.00,43.00,430.00,215.00,,,,,,,,
17304,11-Aug-18,Admin,AMETRIS 500mg,1,255.00, 255.00 ,0.00,255.00,170.00,170.00,85.00,,,,,,,,
17304,11-Aug-18,Admin,CETIRIX,1,109.50, 109.50 ,0.00,109.50,73.00,73.00,36.50,,,,,,,,
17304,11-Aug-18,Admin,STEEROMETZ 5mg,2,156.75, 313.50 ,0.00,313.50,104.00,208.00,105.50,,,,,,,,
17304,11-Aug-18,Admin,CALIBRAL 500mg,1,352.50, 352.50 ,0.00,352.50,235.00,235.00,117.50,,,,,,,,
17304,11-Aug-18,Admin,SAPHLECOX 200mg,3,327.00, 981.00 ,0.00,981.00,186.00,558.00,423.00,,,,,,,,
17304,11-Aug-18,Admin,JAGA 300mg/100mg/100mcg,1,795.00, 795.00 ,0.00,795.00,345.00,345.00,450.00,,,,,,,,
17304,11-Aug-18,Admin,HYPANTO-40,1,165.00, 165.00 ,0.00,165.00,90.00,90.00,75.00,,,,,,,,
17304,11-Aug-18,Admin,ZETIFEN 125mg/5ml,15,48.25, 723.75 ,0.00,723.75,21.00,315.00,408.75,,,,,,,,
17304,11-Aug-18,Admin,PARASAPH 500mg,3,54.00, 162.00 ,0.00,162.00,36.00,108.00,54.00,,,,,,,,
17312,15-Aug-18,Admin,CEPROTRON 500mg,2,"1,750.00"," 3,500.00 ","1,050.00","2,450.00",415.00,830.00,"1,620.00",,,,,,,,
17312,15-Aug-18,Admin,NERVAMIN PLUS 500mg/50mg/100mg/100mcg,2,"1,708.00"," 3,416.00 ","1,024.80","2,391.20",488.00,976.00,"1,415.20",,,,,,,,
17312,15-Aug-18,Admin,Philclox 500mg,2,"1,500.00"," 3,000.00 ",900.00,"2,100.00",240.00,480.00,"1,620.00",,,,,,,,
17313,18-Aug-18,Admin,FERGLOBIN 250mg,7,517.86," 3,625.00 ",0.00,"3,625.00",215.00,"1,505.00","2,120.00",,,,,,,,
17313,18-Aug-18,Admin,MAXXIVIT PLUS,7,857.14," 6,000.00 ",0.00,"6,000.00",420.00,"2,940.00","3,060.00",,,,,,,,
17313,18-Aug-18,Admin,XYNETIN 1500mg/200iu,7,678.57," 4,750.00 ",0.00,"4,750.00",310.00,"2,170.00","2,580.00",,,,,,,,
17316,22-Aug-18,Admin,Gloves (Non Sterile),2,390.00, 780.00 ,0.00,780.00,130.00,260.00,520.00,,,,,,,,
17317,22-Aug-18,Admin,Isoprine 10mg,6,940.00," 5,640.00 ","1,692.00","3,948.00",235.00,"1,410.00","2,538.00",,,,,,,,
17317,22-Aug-18,Admin,NITROFURANTOIN 100mg,3,"1,000.00"," 3,000.00 ",900.00,"2,100.00",175.00,525.00,"1,575.00",,,,,,,,
17317,22-Aug-18,Admin,DUOTRAM 325MG,2,"1,980.00"," 3,960.00 ","1,188.00","2,772.00",275.00,550.00,"2,222.00",,,,,,,,
17318,22-Aug-18,Admin,XYNETIN 1500mg/200iu,7,678.57," 4,750.00 ",0.00,"4,750.00",310.00,"2,170.00","2,580.00",,,,,,,,
17318,22-Aug-18,Admin,MAXXIVIT PLUS,7,857.14," 6,000.00 ",0.00,"6,000.00",420.00,"2,940.00","3,060.00",,,,,,,,
17318,22-Aug-18,Admin,FERGLOBIN 250mg,7,517.86," 3,625.00 ",0.00,"3,625.00",215.00,"1,505.00","2,120.00",,,,,,,,
17319,23-Aug-18,Admin,Calcigard 10mg,1,322.50, 322.50 ,0.00,322.50,215.00,215.00,107.50,,,,,,,,
17319,23-Aug-18,Admin,Calcigard 5mg,1,240.00, 240.00 ,0.00,240.00,160.00,160.00,80.00,,,,,,,,
17329,28-Aug-18,Admin,Isoprine 10mg,5,940.00," 4,700.00 ","1,410.00","3,290.00",235.00,"1,175.00","2,115.00",,,,,,,,
17330,28-Aug-18,Admin,VONWELT/GENERIC TRANEXAMIC ACID,2,"2,100.00"," 4,200.00 ",0.00,"4,200.00",330.00,660.00,"3,540.00",,,,,,,,
17330,28-Aug-18,Admin,MAXXIVIT PLUS,7,857.14," 6,000.00 ",0.00,"6,000.00",420.00,"2,940.00","3,060.00",,,,,,,,
17330,28-Aug-18,Admin,XYNETIN 1500mg/200iu,7,678.57," 4,750.00 ",0.00,"4,750.00",310.00,"2,170.00","2,580.00",,,,,,,,
17330,28-Aug-18,Admin,HAV C 500mg,7,135.71, 950.00 ,0.00,950.00,35.00,245.00,705.00,,,,,,,,
17331,28-Aug-18,Admin,ZETIFEN 250mg/5ml,10,52.85, 528.50 ,0.00,528.50,23.00,230.00,298.50,,,,,,,,
17331,28-Aug-18,Admin,PARTEN 50mg,2,172.50, 345.00 ,0.00,345.00,115.00,230.00,115.00,,,,,,,,
17331,28-Aug-18,Admin,TERMAGEN 250MG,10,45.35, 453.50 ,0.00,453.50,23.00,230.00,223.50,,,,,,,,
17341,01-Sep-18,Admin,XYNETIN 1500mg/200iu,7,678.57," 4,750.00 ",0.00,"4,750.00",310.00,"2,170.00","2,580.00",,,,,,,,
17341,01-Sep-18,Admin,FOCID 5mg,7,464.29," 3,250.00 ",0.00,"3,250.00",188.00,"1,316.00","1,934.00",,,,,,,,
17341,01-Sep-18,Admin,Isoprine 10mg,14,671.43," 9,400.00 ",0.00,"9,400.00",235.00,"3,290.00","6,110.00",,,,,,,,
17341,01-Sep-18,Admin,VONWELT/GENERIC TRANEXAMIC ACID,2,"2,100.00"," 4,200.00 ",0.00,"4,200.00",330.00,660.00,"3,540.00",,,,,,,,
17342,01-Sep-18,Admin,CLAXIC 500mg/125mg,2,"2,800.00"," 5,600.00 ","1,680.00","3,920.00","1,174.00","2,348.00","1,572.00",,,,,,,,
17342,01-Sep-18,Admin,NERVAMIN PLUS 500mg/50mg/100mg/100mcg,2,"1,708.00"," 3,416.00 ","1,024.80","2,391.20",488.00,976.00,"1,415.20",,,,,,,,
17348,03-Sep-18,Admin,JAGAPLEX OB,7,607.14," 4,250.00 ",0.00,"4,250.00",155.00,"1,085.00","3,165.00",,,,,,,,
17577,26-Sep-18,Admin,CLOVAS 75MG,10,975.00," 9,750.00 ",0.00,"9,750.00",384.00,"3,840.00","5,910.00",,,,,,,,
17585,02-Oct-18,Admin,LOWAS 5mg,6,270.00," 1,620.00 ",0.00,"1,620.00",165.00,990.00,630.00,,,,,,,,
17601,03-Sep-18,Admin,"Micropore 1"" / 1/2""",2,525.00," 1,050.00 ",0.00,"1,050.00",380.00,760.00,290.00,,,,,,,,
17601,03-Sep-18,Admin,FERGLOBIN 250mg,2,322.50, 645.00 ,0.00,645.00,215.00,430.00,215.00,,,,,,,,
17601,03-Sep-18,Admin,Amorex 100mg/ml drops,6,15.75, 94.50 ,0.00,94.50,13.00,78.00,16.50,,,,,,,,
17601,03-Sep-18,Admin,gloves (medium),2,195.00, 390.00 ,0.00,390.00,130.00,260.00,130.00,,,,,,,,
17601,03-Sep-18,Admin,CIFROX 500mg,1,675.00, 675.00 ,0.00,675.00,450.00,450.00,225.00,,,,,,,,
17601,03-Sep-18,Admin,ALGICAP 500mg,1,341.25, 341.25 ,0.00,341.25,228.00,228.00,113.25,,,,,,,,
17601,03-Sep-18,Admin,FERGLOBIN FA 60mg/400mcg,2,360.00, 720.00 ,0.00,720.00,240.00,480.00,240.00,,,,,,,,
17601,03-Sep-18,Admin,JAGA 300mg/100mg/100mcg,1,795.00, 795.00 ,0.00,795.00,345.00,345.00,450.00,,,,,,,,
17601,03-Sep-18,Admin,MULTI GROW OB PLUS,2,675.00," 1,350.00 ",0.00,"1,350.00",450.00,900.00,450.00,,,,,,,,
17607,06-Sep-18,Admin,MAXXIVIT PLUS,7,857.14," 6,000.00 ",0.00,"6,000.00",420.00,"2,940.00","3,060.00",,,,,,,,
17607,06-Sep-18,Admin,XYNETIN 1500mg/200iu,7,678.57," 4,750.00 ",0.00,"4,750.00",310.00,"2,170.00","2,580.00",,,,,,,,
17607,06-Sep-18,Admin,VONWELT/GENERIC TRANEXAMIC ACID,2,"2,100.00"," 4,200.00 ",0.00,"4,200.00",330.00,660.00,"3,540.00",,,,,,,,
17608,06-Sep-18,Admin,NITROFURANTOIN 100mg,2,"1,000.00"," 2,000.00 ",600.00,"1,400.00",175.00,350.00,"1,050.00",,,,,,,,
17608,06-Sep-18,Admin,DUOTRAM 325mg,2,"1,980.00"," 3,960.00 ","1,188.00","2,772.00",275.00,550.00,"2,222.00",,,,,,,,
17608,06-Sep-18,Admin,CEPROTRON 500mg,2,"1,750.00"," 3,500.00 ","1,050.00","2,450.00",415.00,830.00,"1,620.00",,,,,,,,
17608,06-Sep-18,Admin,DOPACARE 250mg,2,"1,950.00"," 3,900.00 ","1,170.00","2,730.00",590.00,"1,180.00","1,550.00",,,,,,,,
17608,06-Sep-18,Admin,Philclox 500mg,2,"1,500.00"," 3,000.00 ",900.00,"2,100.00",240.00,480.00,"1,620.00",,,,,,,,
17609,06-Sep-18,Admin,Multicaps,2,172.50, 345.00 ,0.00,345.00,115.00,230.00,115.00,,,,,,,,
17609,06-Sep-18,Admin,RESPINAL 500mg,1,600.00, 600.00 ,0.00,600.00,400.00,400.00,200.00,,,,,,,,
17609,06-Sep-18,Admin,Philclox 500mg,1,360.00, 360.00 ,0.00,360.00,240.00,240.00,120.00,,,,,,,,
17609,06-Sep-18,Admin,CIFROX 500mg,1,675.00, 675.00 ,0.00,675.00,450.00,450.00,225.00,,,,,,,,
17618,10-Sep-18,Admin,MAXXIVIT PLUS,7,857.14," 6,000.00 ",0.00,"6,000.00",420.00,"2,940.00","3,060.00",,,,,,,,
17618,10-Sep-18,Admin,XYNETIN 1500mg/200iu,7,678.57," 4,750.00 ",0.00,"4,750.00",310.00,"2,170.00","2,580.00",,,,,,,,
17618,10-Sep-18,Admin,HAV C 500mg,7,135.71, 950.00 ,0.00,950.00,35.00,245.00,705.00,,,,,,,,
17618,10-Sep-18,Admin,FERGLOBIN 250mg,7,517.86," 3,625.00 ",0.00,"3,625.00",215.00,"1,505.00","2,120.00",,,,,,,,
17619,10-Sep-18,Admin,"Micropore 1"" / 1/2""",1,"1,050.00"," 1,050.00 ",0.00,"1,050.00",380.00,380.00,670.00,,,,,,,,
17619,10-Sep-18,Admin,Gloves (Non Sterile),2,390.00, 780.00 ,0.00,780.00,130.00,260.00,520.00,,,,,,,,
17621,11-Sep-18,Admin,ZAFEX 500mg,3,"3,000.00"," 9,000.00 ","2,700.00","6,300.00","1,450.00","4,350.00","1,950.00",,,,,,,,
17621,11-Sep-18,Admin,PHILCLOX 500mg,3,"1,500.00"," 4,500.00 ","1,350.00","3,150.00",182.00,546.00,"2,604.00",,,,,,,,
17621,11-Sep-18,Admin,ERGON 125mcg,2,"2,000.00"," 4,000.00 ","1,200.00","2,800.00",128.00,256.00,"2,544.00",,,,,,,,
17628,15-Sep-18,Admin,FOCID 5mg,7,464.29," 3,250.00 ",0.00,"3,250.00",188.00,"1,316.00","1,934.00",,,,,,,,
17628,15-Sep-18,Admin,FERGLOBIN 250mg,7,517.86," 3,625.00 ",0.00,"3,625.00",215.00,"1,505.00","2,120.00",,,,,,,,
17628,15-Sep-18,Admin,Isoprine 10mg,14,671.43," 9,400.00 ",0.00,"9,400.00",235.00,"3,290.00","6,110.00",,,,,,,,
17628,15-Sep-18,Admin,MAXXIVIT PLUS,7,857.14," 6,000.00 ",0.00,"6,000.00",420.00,"2,940.00","3,060.00",,,,,,,,
17628,15-Sep-18,Admin,XYNETIN 1500mg/200iu,7,678.57," 4,750.00 ",0.00,"4,750.00",310.00,"2,170.00","2,580.00",,,,,,,,
17629,15-Sep-18,Admin,NERVAMIN PLUS 500mg/50mg/100mg/100mcg,2,"1,708.00"," 3,416.00 ","1,024.80","2,391.20",488.00,976.00,"1,415.20",,,,,,,,
17629,15-Sep-18,Admin,DUOTRAM 325MG,2,"1,980.00"," 3,960.00 ","1,188.00","2,772.00",275.00,550.00,"2,222.00",,,,,,,,
17636,20-Sep-18,Admin,Isoprine 10mg,14,671.43," 9,400.00 ",0.00,"9,400.00",235.00,"3,290.00","6,110.00",,,,,,,,
17636,20-Sep-18,Admin,VONWELT/GENERIC TRANEXAMIC ACID,2,"2,100.00"," 4,200.00 ",0.00,"4,200.00",330.00,660.00,"3,540.00",,,,,,,,
17637,20-Sep-18,Admin,ANEROCIN 300mg ,2,"3,800.00"," 7,600.00 ","2,280.00","5,320.00",890.00,"1,780.00","3,540.00",,,,,,,,
17637,20-Sep-18,Admin,NITROFURANTOIN 100mg,4,"1,000.00"," 4,000.00 ","1,200.00","2,800.00",175.00,700.00,"2,100.00",,,,,,,,
17637,20-Sep-18,Admin,CEPROTRON 500mg,2,"1,750.00"," 3,500.00 ","1,050.00","2,450.00",415.00,830.00,"1,620.00",,,,,,,,
17642,24-Sep-18,Admin,DUOTRAM 325mg,2,"1,980.00"," 3,960.00 ","1,188.00","2,772.00",275.00,550.00,"2,222.00",,,,,,,,
17642,24-Sep-18,Admin,BROXIL-M 30mg,2,670.00," 1,340.00 ",402.00,938.00,210.00,420.00,518.00,,,,,,,,
17643,24-Sep-18,Admin,MAXXIVIT PLUS,7,857.14," 6,000.00 ",0.00,"6,000.00",420.00,"2,940.00","3,060.00",,,,,,,,
17643,24-Sep-18,Admin,XYNETIN 1500mg/200iu,7,678.57," 4,750.00 ",0.00,"4,750.00",310.00,"2,170.00","2,580.00",,,,,,,,
17644,25-Sep-18,Admin,ATOVAS 20mg,36,750.00," 27,000.00 ",0.00,"27,000.00",202.00,"7,272.00","19,728.00",,,,,,,,
17703,17-Nov-18,Admin,DOPAMET 250MG,20,239.20," 4,784.00 ",0.00,"4,784.00",208.00,"4,160.00",624.00,,,,,,,,
17706,19-Nov-18,Admin,Nervin 300mg,1,900.00, 900.00 ,0.00,900.00,600.00,600.00,300.00,,,,,,,,
17706,19-Nov-18,Admin,AMLOVIN 10mg,1,225.00, 225.00 ,0.00,225.00,150.00,150.00,75.00,,,,,,,,
17706,19-Nov-18,Admin,FEZILIC,1,315.00, 315.00 ,0.00,315.00,210.00,210.00,105.00,,,,,,,,
17706,19-Nov-18,Admin,Nervin Plus,1,885.00, 885.00 ,0.00,885.00,590.00,590.00,295.00,,,,,,,,
17710,21-Nov-18,Admin,SPLENDAMET 500mg,10,480.00," 4,800.00 ",0.00,"4,800.00",128.00,"1,280.00","3,520.00",,,,,,,,
17713,21-Nov-18,Admin,MAXXIVIT PLUS,7,857.14," 6,000.00 ",0.00,"6,000.00",420.00,"2,940.00","3,060.00",,,,,,,,
17713,21-Nov-18,Admin,FERGLOBIN 250mg,7,517.86," 3,625.00 ",0.00,"3,625.00",215.00,"1,505.00","2,120.00",,,,,,,,
17713,21-Nov-18,Admin,XYNETIN 1500mg/200iu,7,678.57," 4,750.00 ",0.00,"4,750.00",310.00,"2,170.00","2,580.00",,,,,,,,
17713,21-Nov-18,Admin,Isoprine 10mg,7,671.43," 4,700.00 ",0.00,"4,700.00",235.00,"1,645.00","3,055.00",,,,,,,,
17714,21-Nov-18,Admin,ERGON 125mcg,2,"2,000.00"," 4,000.00 ","1,200.00","2,800.00",128.00,256.00,"2,544.00",,,,,,,,
17714,21-Nov-18,Admin,NITROFURANTOIN 100mg,2,"1,000.00"," 2,000.00 ",600.00,"1,400.00",175.00,350.00,"1,050.00",,,,,,,,
17733,28-Nov-18,Admin,MAXXIVIT PLUS,7,857.14," 6,000.00 ",0.00,"6,000.00",420.00,"2,940.00","3,060.00",,,,,,,,
17733,28-Nov-18,Admin,XYNETIN 1500mg/200iu,7,678.57," 4,750.00 ",0.00,"4,750.00",310.00,"2,170.00","2,580.00",,,,,,,,
17733,28-Nov-18,Admin,Isoprine 10mg,14,671.43," 9,400.00 ",0.00,"9,400.00",235.00,"3,290.00","6,110.00",,,,,,,,
17734,28-Nov-18,Admin,ZAFEX 500mg,2,"3,000.00"," 6,000.00 ","1,800.00","4,200.00","1,450.00","2,900.00","1,300.00",,,,,,,,
17734,28-Nov-18,Admin,NITROFURANTOIN 100mg,2,"1,000.00"," 2,000.00 ",600.00,"1,400.00",175.00,350.00,"1,050.00",,,,,,,,
17734,28-Nov-18,Admin,Philclox 500mg,2,"1,500.00"," 3,000.00 ",900.00,"2,100.00",240.00,480.00,"1,620.00",,,,,,,,
17734,28-Nov-18,Admin,NERVAMIN PLUS 500mg/50mg/100mg/100mcg,2,"1,708.00"," 3,416.00 ","1,024.80","2,391.20",488.00,976.00,"1,415.20",,,,,,,,
17735,28-Nov-18,Admin,Hyclens 0.2% Wound Spray,20,229.32," 4,586.40 ",0.00,"4,586.40",115.00,"2,300.00","2,286.40",,,,,,,,
17743,30-Nov-18,Admin,FERGLOBIN 250mg,7,517.86," 3,625.00 ",0.00,"3,625.00",215.00,"1,505.00","2,120.00",,,,,,,,
17744,30-Nov-18,Admin,CEPROTRON 500mg,3,"1,750.00"," 5,250.00 ","1,575.00","3,675.00",415.00,"1,245.00","2,430.00",,,,,,,,
17744,30-Nov-18,Admin,Philclox 500mg,2,"1,500.00"," 3,000.00 ",900.00,"2,100.00",240.00,480.00,"1,620.00",,,,,,,,
17744,30-Nov-18,Admin,DOPACARE 250mg,2,"1,950.00"," 3,900.00 ","1,170.00","2,730.00",590.00,"1,180.00","1,550.00",,,,,,,,
17754,29-Sep-18,Admin,XYNETIN 1500mg/200iu,7,678.57," 4,750.00 ",0.00,"4,750.00",310.00,"2,170.00","2,580.00",,,,,,,,
17754,29-Sep-18,Admin,MAXXIVIT PLUS,7,857.14," 6,000.00 ",0.00,"6,000.00",420.00,"2,940.00","3,060.00",,,,,,,,
17754,29-Sep-18,Admin,FERGLOBIN 250mg,7,517.86," 3,625.00 ",0.00,"3,625.00",215.00,"1,505.00","2,120.00",,,,,,,,
17755,29-Sep-18,Admin,ERGON 125mcg,1,"2,000.00"," 2,000.00 ",600.00,"1,400.00",128.00,128.00,"1,272.00",,,,,,,,
17755,29-Sep-18,Admin,Philclox 500mg,3,"1,500.00"," 4,500.00 ","1,350.00","3,150.00",240.00,720.00,"2,430.00",,,,,,,,
17755,29-Sep-18,Admin,DOPACARE 250mg,2,"1,950.00"," 3,900.00 ","1,170.00","2,730.00",590.00,"1,180.00","1,550.00",,,,,,,,
17755,29-Sep-18,Admin,Isoprine 10mg,3,940.00," 2,820.00 ",846.00,"1,974.00",235.00,705.00,"1,269.00",,,,,,,,
17756A,29-Sep-18,Admin,Gloves (Non Sterile),3,390.00," 1,170.00 ",0.00,"1,170.00",130.00,390.00,780.00,,,,,,,,
17762A,03-Oct-18,Admin,ZAFEX 500mg,2,"3,000.00"," 6,000.00 ","1,800.00","4,200.00","1,450.00","2,900.00","1,300.00",,,,,,,,
17762A,03-Oct-18,Admin,DUOTRAM 325mg,2,"1,980.00"," 3,960.00 ","1,188.00","2,772.00",275.00,550.00,"2,222.00",,,,,,,,
17762A,03-Oct-18,Admin,Philclox 500mg,2,"1,500.00"," 3,000.00 ",900.00,"2,100.00",240.00,480.00,"1,620.00",,,,,,,,
17762A,03-Oct-18,Admin,NITROFURANTOIN 100mg,2,"1,000.00"," 2,000.00 ",600.00,"1,400.00",175.00,350.00,"1,050.00",,,,,,,,
17763,03-Oct-18,Admin,Isoprine 10mg,14,671.43," 9,400.00 ",0.00,"9,400.00",235.00,"3,290.00","6,110.00",,,,,,,,
17763,03-Oct-18,Admin,VONWELT/GENERIC TRANEXAMIC ACID,2,"2,100.00"," 4,200.00 ",0.00,"4,200.00",330.00,660.00,"3,540.00",,,,,,,,
17773,04-Oct-18,Admin,CEPROTRON 500mg,2,"1,750.00"," 3,500.00 ","1,050.00","2,450.00",415.00,830.00,"1,620.00",,,,,,,,
17773,04-Oct-18,Admin,FOCID 5mg,7,464.29," 3,250.00 ",0.00,"3,250.00",188.00,"1,316.00","1,934.00",,,,,,,,
17773,04-Oct-18,Admin,MAXXIVIT PLUS,7,857.14," 6,000.00 ",0.00,"6,000.00",420.00,"2,940.00","3,060.00",,,,,,,,
17773,04-Oct-18,Admin,XYNETIN 1500mg/200iu,7,678.57," 4,750.00 ",0.00,"4,750.00",310.00,"2,170.00","2,580.00",,,,,,,,
17773,04-Oct-18,Admin,FERGLOBIN 250mg,7,518.00," 3,626.00 ",0.00,"3,626.00",215.00,"1,505.00","2,121.00",,,,,,,,
17773,04-Oct-18,Admin,ERGON 125mcg,2,"2,000.00"," 4,000.00 ","1,200.00","2,800.00",128.00,256.00,"2,544.00",,,,,,,,
17777,09-Oct-18,Admin,Isoprine 10mg,14,671.43," 9,400.00 ",0.00,"9,400.00",235.00,"3,290.00","6,110.00",,,,,,,,
17777,09-Oct-18,Admin,VONWELT/GENERIC TRANEXAMIC ACID,3,"2,100.00"," 6,300.00 ",0.00,"6,300.00",330.00,990.00,"5,310.00",,,,,,,,
17777,09-Oct-18,Admin,JAGAPLEX OB,7,607.14," 4,249.98 ",0.00,"4,249.98",155.00,"1,085.00","3,164.98",,,,,,,,
17778A,09-Oct-18,Admin,NERVAMIN PLUS 500mg/50mg/100mg/100mcg,2,"1,708.00"," 3,416.00 ","1,024.80","2,391.20",488.00,976.00,"1,415.20",,,,,,,,
17781,09-Oct-18,Admin,FOCID 5mg,2,281.25, 562.50 ,0.00,562.50,188.00,376.00,186.50,,,,,,,,
17781,09-Oct-18,Admin,OMEPHIL,1,168.00, 168.00 ,0.00,168.00,112.00,112.00,56.00,,,,,,,,
17781,09-Oct-18,Admin,PARTEN 50mg,1,172.50, 172.50 ,0.00,172.50,115.00,115.00,57.50,,,,,,,,
17781,09-Oct-18,Admin,ALGICAP 50mg/5ml,15,48.20, 723.00 ,0.00,723.00,24.00,360.00,363.00,,,,,,,,
17781,09-Oct-18,Admin,Nebulizer Kit,10,75.00, 750.00 ,0.00,750.00,50.00,500.00,250.00,,,,,,,,
17781,09-Oct-18,Admin,FACE MASK SURGITECH,4,75.00, 300.00 ,0.00,300.00,45.00,180.00,120.00,,,,,,,,
17781,09-Oct-18,Admin,Pregnancy test,100,22.50," 2,250.00 ",0.00,"2,250.00",10.00,"1,000.00","1,250.00",,,,,,,,
17784,10-Oct-18,Admin,PHILTAM 4g/500mg,0.8,"2,360.00"," 1,888.00 ",0.00,"1,888.00","1,300.00","1,040.00",848.00,,,,,,,,
17788,15-Oct-18,Admin,XYNETIN 1500mg/200iu,7,678.57," 4,750.00 ",0.00,"4,750.00",310.00,"2,170.00","2,580.00",,,,,,,,
17788,15-Oct-18,Admin,MAXXIVIT PLUS,7,857.14," 6,000.00 ",0.00,"6,000.00",420.00,"2,940.00","3,060.00",,,,,,,,
17788,15-Oct-18,Admin,FERGLOBIN 250mg,7,517.86," 3,625.00 ",0.00,"3,625.00",215.00,"1,505.00","2,120.00",,,,,,,,
17789,15-Oct-18,Admin,DUOTRAM 325mg,2,"1,980.00"," 3,960.00 ","1,188.00","2,772.00",275.00,550.00,"2,222.00",,,,,,,,
17789,15-Oct-18,Admin,NITROFURANTOIN 100mg,3,"1,000.00"," 3,000.00 ",900.00,"2,100.00",175.00,525.00,"1,575.00",,,,,,,,
17789,15-Oct-18,Admin,CEPROTRON 500mg,2,"1,750.00"," 3,500.00 ","1,050.00","2,450.00",415.00,830.00,"1,620.00",,,,,,,,
17789,15-Oct-18,Admin,Philclox 500mg,2,"1,500.00"," 3,000.00 ",900.00,"2,100.00",240.00,480.00,"1,620.00",,,,,,,,
17789,15-Oct-18,Admin,ZAFEX 500mg,2,"3,000.00"," 6,000.00 ","1,800.00","4,200.00","1,450.00","2,900.00","1,300.00",,,,,,,,
17790,15-Oct-18,Admin,Gloves (Non Sterile),2,390.00, 780.00 ,0.00,780.00,130.00,260.00,520.00,,,,,,,,
17791,15-Oct-18,Admin,Hyclens 0.2% Wound Spray,20,229.32," 4,586.40 ",0.00,"4,586.40",115.00,"2,300.00","2,286.40",,,,,,,,
17792,16-Oct-18,Admin,ATOVAS 20mg,1,342.50, 342.50 ,0.00,342.50,202.00,202.00,140.50,,,,,,,,
17792,16-Oct-18,Admin,EUROXONE 1g,1,190.00, 190.00 ,0.00,190.00,73.00,73.00,117.00,,,,,,,,
17792,16-Oct-18,Admin,NITROFIX SR 30mg,1,920.00, 920.00 ,0.00,920.00,500.00,500.00,420.00,,,,,,,,
17792,16-Oct-18,Admin,OMCARE 40mg,0.2,782.60, 156.52 ,0.00,156.52,450.00,90.00,66.52,,,,,,,,
17792,16-Oct-18,Admin,TRIVASC 35mg MR,1,787.50, 787.50 ,0.00,787.50,445.00,445.00,342.50,,,,,,,,
17792,16-Oct-18,Admin,CLOVAS 75MG,1,675.00, 675.00 ,0.00,675.00,384.00,384.00,291.00,,,,,,,,
17792,16-Oct-18,Admin,SYRINGE 3CC,1,345.00, 345.00 ,0.00,345.00,230.00,230.00,115.00,,,,,,,,
17792,16-Oct-18,Admin,AEROVENT 1mg/ml,0.166666,580.00, 96.67 ,0.00,96.67,275.00,45.83,50.83,,,,,,,,
17792,16-Oct-18,Admin,Gloves (Non Sterile),2,149.50, 299.00 ,0.00,299.00,130.00,260.00,39.00,,,,,,,,
17792,16-Oct-18,Admin,Adult Diaper (L),1,300.00, 300.00 ,0.00,300.00,200.00,200.00,100.00,,,,,,,,
17792,16-Oct-18,Admin,Suction Catheter,8,15.00, 120.00 ,0.00,120.00,10.00,80.00,40.00,,,,,,,,
17843,24-Jul-18,Admin,CIFROX 500mg,1,"1,750.00"," 1,750.00 ",0.00,"1,750.00",450.00,450.00,"1,300.00",,,,,,,,
17843,24-Jul-18,Admin,HISTARIL 1mg/50mg/5ml,6,88.00, 528.00 ,0.00,528.00,24.47,146.82,381.18,,,,,,,,
17843,24-Jul-18,Admin,FORTIPLEX,1,"1,000.00"," 1,000.00 ",0.00,"1,000.00",270.00,270.00,730.00,,,,,,,,
17843,24-Jul-18,Admin,LACTAMOX 250mg/62.5mg/5ml,2,250.00, 500.00 ,0.00,500.00,130.00,260.00,240.00,,,,,,,,
17843,24-Jul-18,Admin,EUROXIME 250mg/5ml,3,380.00," 1,140.00 ",0.00,"1,140.00",139.00,417.00,723.00,,,,,,,,
17859A,18-Oct-18,Admin,APROCARE 150mg,24,870.00," 20,880.00 ",0.00,"20,880.00",219.00,"5,256.00","15,624.00",,,,,,,,
17860,02-Jul-18,Admin,KLOPIDO 75mg,3,975.00," 2,925.00 ",0.00,"2,925.00",384.00,"1,152.00","1,773.00",,,,,,,,
17860,02-Jul-18,Admin,ATOVAS 20mg,20,650.00," 13,000.00 ",0.00,"13,000.00",202.00,"4,040.00","8,960.00",,,,,,,,
17860,02-Jul-18,Admin,APROCARE 150mg,20,870.00," 17,400.00 ",0.00,"17,400.00",219.00,"4,380.00","13,020.00",,,,,,,,
17860A,19-Oct-18,Admin,ATOVAS 20mg,10,750.00," 7,500.00 ",0.00,"7,500.00",202.00,"2,020.00","5,480.00",,,,,,,,
17870A,23-Oct-18,Admin,ATOVAS 20mg,10,750.00," 7,500.00 ",0.00,"7,500.00",202.00,"2,020.00","5,480.00",,,,,,,,
17890,25-Jul-18,Admin,APROCARE 150mg,11,870.00," 9,570.00 ",0.00,"9,570.00",219.00,"2,409.00","7,161.00",,,,,,,,
17890,25-Jul-18,Admin,ATOVAS 20mg,20,650.00," 13,000.00 ",0.00,"13,000.00",202.00,"4,040.00","8,960.00",,,,,,,,
17954,04-Jul-18,Admin,CIFROX 500mg,2,"1,750.00"," 3,500.00 ","1,050.00","2,450.00",450.00,900.00,"1,550.00",,,,,,,,
17954,04-Jul-18,Admin,ERGON 125mcg,2,"2,000.00"," 4,000.00 ","1,200.00","2,800.00",128.00,256.00,"2,544.00",,,,,,,,
17954,04-Jul-18,Admin,NERVAMIN PLUS 500mg/50mg/100mg/100mcg,2,"1,708.00"," 3,416.00 ","1,024.80","2,391.20",488.00,976.00,"1,415.20",,,,,,,,
17954,04-Jul-18,Admin,ZAFEX 500mg,2,"3,000.00"," 6,000.00 ","1,800.00","4,200.00","1,450.00","2,900.00","1,300.00",,,,,,,,
17954,04-Jul-18,Admin,VONWELT/GENERIC TRANEXAMIC ACID,2,"2,100.00"," 4,200.00 ","1,260.00","2,940.00",330.00,660.00,"2,280.00",,,,,,,,
17955,04-Jul-18,Admin,HAV C 500mg,7,135.71, 950.00 ,0.00,950.00,35.00,245.00,705.00,,,,,,,,
17959,06-Jul-18,Admin,DUOTRAM 325MG,2,"1,980.00"," 3,960.00 ","1,188.00","2,772.00",275.00,550.00,"2,222.00",,,,,,,,
17959,06-Jul-18,Admin,ENCLOXIL 500mg,2,"1,500.00"," 3,000.00 ",900.00,"2,100.00",540.00,"1,080.00","1,020.00",,,,,,,,
17959,06-Jul-18,Admin,CORSTAPH 500mg,1,"1,500.00"," 1,500.00 ",450.00,"1,050.00",435.00,435.00,615.00,,,,,,,,
17959,06-Jul-18,Admin,NITROFURANTOIN 100mg,3,"1,000.00"," 3,000.00 ",900.00,"2,100.00",175.00,525.00,"1,575.00",,,,,,,,
17960,06-Jul-18,Admin,Floxa 200,2,"3,000.00"," 6,000.00 ",900.00,"5,100.00",195.00,390.00,"4,710.00",,,,,,,,
17960,06-Jul-18,Admin,XYNETIN 1500mg/200iu,7,678.57," 4,750.00 ",0.00,"4,750.00",310.00,"2,170.00","2,580.00",,,,,,,,
17960,06-Jul-18,Admin,MAXXIVIT PLUS,7,857.14," 6,000.00 ",0.00,"6,000.00",420.00,"2,940.00","3,060.00",,,,,,,,
17961,06-Jul-18,Admin,ELBOW GLOVES,1,300.00, 300.00 ,0.00,300.00,150.00,150.00,150.00,,,,,,,,
17968,11-Jul-18,Admin,NERVAMIN PLUS 500mg/50mg/100mg/100mcg,2,"1,708.00"," 3,416.00 ","1,024.80","2,391.20",488.00,976.00,"1,415.20",,,,,,,,
17968,11-Jul-18,Admin,CIFROX 500mg,2,"1,750.00"," 3,500.00 ","1,050.00","2,450.00",450.00,900.00,"1,550.00",,,,,,,,
17979,11-Jul-18,Admin,MAXXIVIT PLUS,7,857.14," 6,000.00 ",0.00,"6,000.00",420.00,"2,940.00","3,060.00",,,,,,,,
17979,11-Jul-18,Admin,FOCID 5mg,7,464.29," 3,250.00 ",0.00,"3,250.00",188.00,"1,316.00","1,934.00",,,,,,,,
17979,11-Jul-18,Admin,XYNETIN 1500mg/200iu,7,678.57," 4,750.00 ",0.00,"4,750.00",310.00,"2,170.00","2,580.00",,,,,,,,
17988,16-Jul-18,Admin,XYNETIN 1500mg/200iu,7,678.57," 4,750.00 ",0.00,"4,750.00",310.00,"2,170.00","2,580.00",,,,,,,,
17988,16-Jul-18,Admin,MAXXIVIT PLUS,7,857.14," 6,000.00 ",0.00,"6,000.00",420.00,"2,940.00","3,060.00",,,,,,,,
17989,16-Jul-18,Admin,ANEROCIN 300mg ,2,"3,800.00"," 7,600.00 ","2,280.00","5,320.00",890.00,"1,780.00","3,540.00",,,,,,,,
17989,16-Jul-18,Admin,ZAFEX 500mg,2,"3,000.00"," 6,000.00 ","1,800.00","4,200.00","1,450.00","2,900.00","1,300.00",,,,,,,,
17989,16-Jul-18,Admin,NERVAMIN PLUS 500mg/50mg/100mg/100mcg,2,"1,708.00"," 3,416.00 ","1,024.80","2,391.20",488.00,976.00,"1,415.20",,,,,,,,
17989,16-Jul-18,Admin,LACTAMOX 500mg/125mg,2,"2,800.00"," 5,600.00 ","1,680.00","3,920.00","1,174.00","2,348.00","1,572.00",,,,,,,,
17997,21-Jul-18,Admin,NERVAMIN PLUS 500mg/50mg/100mg/100mcg,2,"1,708.00"," 3,416.00 ","1,024.80","2,391.20",488.00,976.00,"1,415.20",,,,,,,,
17997,21-Jul-18,Admin,CLOXANE 500mg,2,"1,500.00"," 3,000.00 ",900.00,"2,100.00",165.00,330.00,"1,770.00",,,,,,,,
17997,21-Jul-18,Admin,DUOTRAM 325mg,2,"1,980.00"," 3,960.00 ","1,188.00","2,772.00",275.00,550.00,"2,222.00",,,,,,,,
17997,21-Jul-18,Admin,NITROFURANTOIN 100mg,2,"1,000.00"," 2,000.00 ",600.00,"1,400.00",175.00,350.00,"1,050.00",,,,,,,,
17998,21-Jul-18,Admin,FERGLOBIN 250mg,7,517.86," 3,625.00 ",0.00,"3,625.00",215.00,"1,505.00","2,120.00",,,,,,,,
17999,21-Jul-18,Admin,Gloves (Non Sterile),2,260.00, 520.00 ,0.00,520.00,130.00,260.00,260.00,,,,,,,,
18016,02-Aug-18,Admin,LACTAMOX 500mg/125mg,0.35,410.90, 143.82 ,0.00,143.82,"1,174.00",410.90,-267.09,,,,,,,,
18051A,16-Oct-18,Admin,MAXXIVIT PLUS,1,882.00, 882.00 ,0.00,882.00,420.00,420.00,462.00,,,,,,,,
18051A,16-Oct-18,Admin,Digital Thermometer,1,75.00, 75.00 ,0.00,75.00,50.00,50.00,25.00,,,,,,,,
18051A,16-Oct-18,Admin,FOCID 5mg,1,393.75, 393.75 ,0.00,393.75,188.00,188.00,205.75,,,,,,,,
18053A,16-Oct-18,Admin,JAGA 300mg/100mg/100mcg,1,795.00, 795.00 ,0.00,795.00,345.00,345.00,450.00,,,,,,,,
18053A,16-Oct-18,Admin,AMETRIS 500mg,0.21,255.00, 53.55 ,0.00,53.55,170.00,35.70,17.85,,,,,,,,
18053A,16-Oct-18,Admin,Digital Thermometer,1,75.00, 75.00 ,0.00,75.00,50.00,50.00,25.00,,,,,,,,
18053A,16-Oct-18,Admin,Hyclens OB 1% Antiseptic,1,277.20, 277.20 ,0.00,277.20,139.00,139.00,138.20,,,,,,,,
18054A,16-Oct-18,Admin,Digital Thermometer,1,75.00, 75.00 ,0.00,75.00,50.00,50.00,25.00,,,,,,,,
18054A,16-Oct-18,Admin,CAPTOR 25mg,1,142.50, 142.50 ,0.00,142.50,77.00,77.00,65.50,,,,,,,,
18054A,16-Oct-18,Admin,PROCARV 6.25mg,2,547.50," 1,095.00 ",0.00,"1,095.00",365.00,730.00,365.00,,,,,,,,
18054A,16-Oct-18,Admin,LIPIVASC 40mg,1,431.25, 431.25 ,0.00,431.25,288.00,288.00,143.25,,,,,,,,
18054A,16-Oct-18,Admin,APROCARE 150mg,6,328.50," 1,971.00 ",0.00,"1,971.00",219.00,"1,314.00",657.00,,,,,,,,
18054A,16-Oct-18,Admin,PROCARV 6.25mg,1,547.50, 547.50 ,0.00,547.50,365.00,365.00,182.50,,,,,,,,
18054A,16-Oct-18,Admin,AMLOPURE 10mg,1,135.00, 135.00 ,0.00,135.00,90.00,90.00,45.00,,,,,,,,
18054A,16-Oct-18,Admin,NITROFURANTOIN 100mg,0.22,263.00, 57.86 ,0.00,57.86,175.00,38.50,19.36,,,,,,,,
18054A,16-Oct-18,Admin,ATOVAS 20mg,1,324.02, 324.02 ,0.00,324.02,202.00,202.00,122.02,,,,,,,,
18054A,16-Oct-18,Admin,JAGA 300mg/100mg/100mcg,1,795.00, 795.00 ,0.00,795.00,345.00,345.00,450.00,,,,,,,,
18054A,16-Oct-18,Admin,FORTIPLEX,2,517.50," 1,035.00 ",0.00,"1,035.00",270.00,540.00,495.00,,,,,,,,
18054A,16-Oct-18,Admin,AMBIMOX 500mg,1,165.00, 165.00 ,0.00,165.00,110.00,110.00,55.00,,,,,,,,
18055A,16-Oct-18,Admin,CEPROTRON 500mg,0.28,622.50, 174.30 ,0.00,174.30,415.00,116.20,58.10,,,,,,,,
18055A,16-Oct-18,Admin,Glucose Strip,1,975.00, 975.00 ,0.00,975.00,650.00,650.00,325.00,,,,,,,,
18055A,16-Oct-18,Admin,CEVIT 500mg,1,81.00, 81.00 ,0.00,81.00,54.00,54.00,27.00,,,,,,,,
18055A,16-Oct-18,Admin,COSMOX 457mg,1,277.50, 277.50 ,0.00,277.50,185.00,185.00,92.50,,,,,,,,
18056A,16-Oct-18,Admin,VOXOLL 15mg/5ml,2,34.50, 69.00 ,0.00,69.00,23.00,46.00,23.00,,,,,,,,
18056A,16-Oct-18,Admin,COSMOX 457mg,1,277.50, 277.50 ,0.00,277.50,185.00,185.00,92.50,,,,,,,,
18056A,16-Oct-18,Admin,CORVI PLUS 1mg/50mg,2,58.50, 117.00 ,0.00,117.00,39.00,78.00,39.00,,,,,,,,
18057,16-Oct-18,Admin,FERGLOBIN 250mg,1,451.50, 451.50 ,0.00,451.50,215.00,215.00,236.50,,,,,,,,
18058,25-Jul-18,Admin,NITROFURANTOIN 100mg,2,"1,000.00"," 2,000.00 ",600.00,"1,400.00",175.00,350.00,"1,050.00",,,,,,,,
18058,25-Jul-18,Admin,DOPALINK 250mg,2,"1,950.00"," 3,900.00 ","1,170.00","2,730.00",520.00,"1,040.00","1,690.00",,,,,,,,
18058,25-Jul-18,Admin,XYNETIN 1500mg/200iu,5,950.00," 4,750.00 ","1,425.00","3,325.00",310.00,"1,550.00","1,775.00",,,,,,,,
18058A,16-Oct-18,Admin,APROCARE 150mg,1,328.50, 328.50 ,0.00,328.50,219.00,219.00,109.50,,,,,,,,
18059,25-Jul-18,Admin,MAXXIVIT PLUS,7,857.14," 6,000.00 ",0.00,"6,000.00",420.00,"2,940.00","3,060.00",,,,,,,,
18059,25-Jul-18,Admin,VONWELT/GENERIC TRANEXAMIC ACID,2,"2,100.00"," 4,200.00 ",0.00,"4,200.00",330.00,660.00,"3,540.00",,,,,,,,
18059A,18-Oct-18,Admin,TOSYLAM 750mg,2,"2,750.00"," 5,500.00 ",0.00,"5,500.00",980.00,"1,960.00","3,540.00",,,,,,,,
18059A,18-Oct-18,Admin,FOCID 5mg,7,464.29," 3,250.00 ",0.00,"3,250.00",188.00,"1,316.00","1,934.00",,,,,,,,
18059A,18-Oct-18,Admin,Isoprine 10mg,7,671.43," 4,700.00 ",0.00,"4,700.00",235.00,"1,645.00","3,055.00",,,,,,,,
18060A,19-Oct-18,Admin,AEROVENT 1mg/ml,1,405.00, 405.00 ,0.00,405.00,275.00,275.00,130.00,,,,,,,,
18060A,19-Oct-18,Admin,ATOVAS 20mg,3,327.02, 981.05 ,0.00,981.05,202.00,606.00,375.05,,,,,,,,
18061A,20-Oct-18,Admin,XYNETIN 1500mg/200iu,7,678.57," 4,750.00 ",0.00,"4,750.00",310.00,"2,170.00","2,580.00",,,,,,,,
18061A,20-Oct-18,Admin,PHILCLOX 500mg,7,"1,071.43"," 7,500.00 ",0.00,"7,500.00",182.00,"1,274.00","6,226.00",,,,,,,,
18061A,20-Oct-18,Admin,FERGLOBIN 250mg,7,517.86," 3,625.00 ",0.00,"3,625.00",215.00,"1,505.00","2,120.00",,,,,,,,
18061A,20-Oct-18,Admin,MAXXIVIT PLUS,7,857.14," 6,000.00 ",0.00,"6,000.00",420.00,"2,940.00","3,060.00",,,,,,,,
18062,27-Jul-18,Admin,HYPANTO-40,1,220.00, 220.00 ,0.00,220.00,90.00,90.00,130.00,,,,,,,,
18062,27-Jul-18,Admin,OMEBLOC-20 20mg,1,224.00, 224.00 ,0.00,224.00,93.00,93.00,131.00,,,,,,,,
18062,27-Jul-18,Admin,"Micropore 1"" / 1/2""",2,700.00," 1,400.00 ",0.00,"1,400.00",380.00,760.00,640.00,,,,,,,,
18062,27-Jul-18,Admin,KEEF 250,3,196.00, 588.00 ,0.00,588.00,112.00,336.00,252.00,,,,,,,,
18062,27-Jul-18,Admin,PARTEN 50mg,2,230.00, 460.00 ,0.00,460.00,115.00,230.00,230.00,,,,,,,,
18062,27-Jul-18,Admin,Tumabaron,1,252.00, 252.00 ,0.00,252.00,126.00,126.00,126.00,,,,,,,,
18062,27-Jul-18,Admin,SALRESP,2,908.00," 1,816.00 ",0.00,"1,816.00",405.00,810.00,"1,006.00",,,,,,,,
18062A,20-Oct-18,Admin,DUOTRAM 325mg,2,"1,980.00"," 3,960.00 ","1,188.00","2,772.00",275.00,550.00,"2,222.00",,,,,,,,
18062A,20-Oct-18,Admin,ERGON 125mcg,2,"2,000.00"," 4,000.00 ","1,200.00","2,800.00",128.00,256.00,"2,544.00",,,,,,,,
18063,28-Jul-18,Admin,MAXXIVIT PLUS,7,857.14," 6,000.00 ",0.00,"6,000.00",420.00,"2,940.00","3,060.00",,,,,,,,
18063,28-Jul-18,Admin,FOCID 5mg,7,"1,500.00"," 10,500.00 ",0.00,"10,500.00",188.00,"1,316.00","9,184.00",,,,,,,,
18064,28-Jul-18,Admin,Gloves (Non Sterile),2,390.00, 780.00 ,0.00,780.00,130.00,260.00,520.00,,,,,,,,
18064A,20-Oct-18,Admin,GOTRAM,1,67.50, 67.50 ,0.00,67.50,45.00,45.00,22.50,,,,,,,,
18064A,20-Oct-18,Admin,Ultra Fine Insulin Syringe 0.5ml,4,"1,050.00"," 4,200.00 ",0.00,"4,200.00",700.00,"2,800.00","1,400.00",,,,,,,,
18064A,20-Oct-18,Admin,Accu Check Glucose Strips,9,"1,245.00"," 11,205.00 ",0.00,"11,205.00",850.00,"7,650.00","3,555.00",,,,,,,,
18064A,20-Oct-18,Admin,CEVIT 500mg,1,81.00, 81.00 ,0.00,81.00,54.00,54.00,27.00,,,,,,,,
18064A,20-Oct-18,Admin,BLOOD GLUCOSE STRIP,1,"1,275.00"," 1,275.00 ",0.00,"1,275.00",850.00,850.00,425.00,,,,,,,,
18064A,20-Oct-18,Admin,MYREVIT-B,3,123.00, 369.00 ,0.00,369.00,82.00,246.00,123.00,,,,,,,,
18064A,20-Oct-18,Admin,CLONIN 150mcg,1,466.50, 466.50 ,0.00,466.50,300.00,300.00,166.50,,,,,,,,
18064A,20-Oct-18,Admin,ZELECTA 400mg,1,607.50, 607.50 ,0.00,607.50,405.00,405.00,202.50,,,,,,,,
18064A,20-Oct-18,Admin,ROSADOC 10mg,1,315.00, 315.00 ,0.00,315.00,225.00,225.00,90.00,,,,,,,,
18064A,20-Oct-18,Admin,JAGA 300mg/100mg/100mcg,1,795.00, 795.00 ,0.00,795.00,345.00,345.00,450.00,,,,,,,,
18064A,20-Oct-18,Admin,Uright Blood Glucose Machine,1,"3,000.00"," 3,000.00 ",0.00,"3,000.00","2,000.00","2,000.00","1,000.00",,,,,,,,
18065,28-Jul-18,Admin,DUOTRAM 325mg,2,"1,980.00"," 3,960.00 ","1,188.00","2,772.00",275.00,550.00,"2,222.00",,,,,,,,
18065,28-Jul-18,Admin,ERGON 125mcg,2,"2,000.00"," 4,000.00 ","1,200.00","2,800.00",128.00,256.00,"2,544.00",,,,,,,,
18065,28-Jul-18,Admin,CEPROTRON 500mg,2,"1,750.00"," 3,500.00 ","1,050.00","2,450.00",415.00,830.00,"1,620.00",,,,,,,,
18065A,20-Oct-18,Admin,Insulin Syringe G30x1/2cc / G30x1cc,0.76,"1,050.00", 798.00 ,0.00,798.00,850.00,646.00,152.00,,,,,,,,
18065A,20-Oct-18,Admin,Accu Check Glucose Strips,6,"1,245.00"," 7,470.00 ",0.00,"7,470.00",850.00,"5,100.00","2,370.00",,,,,,,,
18065A,20-Oct-18,Admin,Insuline Syringe SIMPLEX,2,600.00," 1,200.00 ",0.00,"1,200.00",400.00,800.00,400.00,,,,,,,,
18065A,20-Oct-18,Admin,TRIVASC 35mg MR,1,735.00, 735.00 ,0.00,735.00,445.00,445.00,290.00,,,,,,,,
18065A,20-Oct-18,Admin,PARTEN 50mg,3,172.50, 517.50 ,0.00,517.50,115.00,345.00,172.50,,,,,,,,
18065A,20-Oct-18,Admin,APROCARE 150mg,2,328.50, 657.00 ,0.00,657.00,219.00,438.00,219.00,,,,,,,,
18065A,20-Oct-18,Admin,ZELECTA 200mg,0.16666666,337.50, 56.25 ,0.00,56.25,225.00,37.50,18.75,,,,,,,,
18065A,20-Oct-18,Admin,ZITRIN PLUS 120ml,40,90.00," 3,600.00 ",0.00,"3,600.00",60.00,"2,400.00","1,200.00",,,,,,,,
18065A,20-Oct-18,Admin,BLOOD GLUCOSE STRIP,1,"1,275.00"," 1,275.00 ",0.00,"1,275.00",850.00,850.00,425.00,,,,,,,,
18065A,20-Oct-18,Admin,PROVIT CEE 100mg/5ml,12,79.58, 954.96 ,0.00,954.96,41.00,492.00,462.96,,,,,,,,
18065A,20-Oct-18,Admin,QUIFLOX 500mg,0.33,954.54, 315.00 ,0.00,315.00,630.00,207.90,107.10,,,,,,,,
18065A,20-Oct-18,Admin,DIUCARE 25mg,3,169.50, 508.50 ,0.00,508.50,113.00,339.00,169.50,,,,,,,,
18066,28-Jul-18,Admin,CALCIUM CARBONATE,6,950.00," 5,700.00 ","1,710.00","3,990.00",68.00,408.00,"3,582.00",,,,,,,,
18066A,20-Oct-18,Admin,JAGA 300mg/100mg/100mcg,1,795.00, 795.00 ,0.00,795.00,345.00,345.00,450.00,,,,,,,,
18066A,20-Oct-18,Admin,ZIONEL 100mg,1,180.00, 180.00 ,0.00,180.00,200.00,200.00,-20.00,,,,,,,,
18066A,20-Oct-18,Admin,Calcigard 10mg,1,322.50, 322.50 ,0.00,322.50,215.00,215.00,107.50,,,,,,,,
18066A,20-Oct-18,Admin,APROCARE 150mg,2,328.50, 657.00 ,0.00,657.00,219.00,438.00,219.00,,,,,,,,
18066A,20-Oct-18,Admin,Insuline Syringe SIMPLEX,4,600.00," 2,400.00 ",0.00,"2,400.00",400.00,"1,600.00",800.00,,,,,,,,
18066A,20-Oct-18,Admin,Accu Check Glucose Strips,20,"1,245.00"," 24,900.00 ",0.00,"24,900.00",850.00,"17,000.00","7,900.00",,,,,,,,
18066A,20-Oct-18,Admin,PARTEN 50mg,2,232.97, 465.94 ,0.00,465.94,115.00,230.00,235.94,,,,,,,,
18066A,20-Oct-18,Admin,BLOOD GLUCOSE STRIP,1,"1,275.00"," 1,275.00 ",0.00,"1,275.00",850.00,850.00,425.00,,,,,,,,
18066A,20-Oct-18,Admin,SPLENDAMET 500mg,2,172.50, 345.00 ,0.00,345.00,128.00,256.00,89.00,,,,,,,,
18072A,27-Oct-18,Admin,Isoprine 10mg,7,671.43," 4,700.00 ",0.00,"4,700.00",235.00,"1,645.00","3,055.00",,,,,,,,
18072A,27-Oct-18,Admin,XYNETIN 1500mg/200iu,7,678.57," 4,750.00 ",0.00,"4,750.00",310.00,"2,170.00","2,580.00",,,,,,,,
18072A,27-Oct-18,Admin,MAXXIVIT PLUS,7,857.14," 6,000.00 ",0.00,"6,000.00",420.00,"2,940.00","3,060.00",,,,,,,,
18072A,27-Oct-18,Admin,CEVIT 500mg,7,135.71, 950.00 ,0.00,950.00,54.00,378.00,572.00,,,,,,,,
18073A,27-Oct-18,Admin,DUOTRAM 325mg,2,"1,980.00"," 3,960.00 ","1,188.00","2,772.00",275.00,550.00,"2,222.00",,,,,,,,
18073A,27-Oct-18,Admin,ZAFEX 500mg,2,"3,000.00"," 6,000.00 ","1,800.00","4,200.00","1,450.00","2,900.00","1,300.00",,,,,,,,
18073A,27-Oct-18,Admin,ERGON 125mcg,2,"2,000.00"," 4,000.00 ","1,200.00","2,800.00",128.00,256.00,"2,544.00",,,,,,,,
18073A,27-Oct-18,Admin,NERVAMIN PLUS 500mg/50mg/100mg/100mcg,2,"1,708.00"," 3,416.00 ","1,024.80","2,391.20",488.00,976.00,"1,415.20",,,,,,,,
18073A,27-Oct-18,Admin,COMOX 625mg,3,"2,800.00"," 8,400.00 ","2,520.00","5,880.00","1,174.00","3,522.00","2,358.00",,,,,,,,
18073A,27-Oct-18,Admin,ANEROCIN 300mg ,1,"3,800.00"," 3,800.00 ","1,140.00","2,660.00",890.00,890.00,"1,770.00",,,,,,,,
18073A,27-Oct-18,Admin,CEPROTRON 500mg,2,"1,750.00"," 3,500.00 ","1,050.00","2,450.00",415.00,830.00,"1,620.00",,,,,,,,
18075A,27-Oct-18,Admin,Gloves (Non Sterile),2,390.00, 780.00 ,0.00,780.00,130.00,260.00,520.00,,,,,,,,
18077A,29-Oct-18,Admin,BROXIL-M 15mg/5ml,10,44.21, 442.10 ,0.00,442.10,23.00,230.00,212.10,,,,,,,,
18077A,29-Oct-18,Admin,Gloves (Non Sterile),2,195.00, 390.00 ,0.00,390.00,130.00,260.00,130.00,,,,,,,,
18077A,29-Oct-18,Admin,ANGEL-50 50mg,1,135.00, 135.00 ,0.00,135.00,90.00,90.00,45.00,,,,,,,,
18077A,29-Oct-18,Admin,Syringe 5cc,1,360.00, 360.00 ,0.00,360.00,480.00,480.00,-120.00,,,,,,,,
18077A,29-Oct-18,Admin,CORVI PLUS 1mg/50mg,10,58.50, 585.00 ,0.00,585.00,39.00,390.00,195.00,,,,,,,,
18077A,29-Oct-18,Admin,ORNEXIN 325mg/10mg/5mg,10,64.50, 645.00 ,0.00,645.00,43.00,430.00,215.00,,,,,,,,
18077A,29-Oct-18,Admin,AMETRIS 125mg,10,60.00, 600.00 ,0.00,600.00,35.00,350.00,250.00,,,,,,,,
18077A,29-Oct-18,Admin,LEXI B FORTE 300mg/100mg/100mcg,1,485.50, 485.50 ,0.00,485.50,323.00,323.00,162.50,,,,,,,,
18077A,29-Oct-18,Admin,AMLOPURE 10mg,1,135.00, 135.00 ,0.00,135.00,90.00,90.00,45.00,,,,,,,,
18077A,29-Oct-18,Admin,JAGA 300mg/100mg/100mcg,1,795.00, 795.00 ,0.00,795.00,345.00,345.00,450.00,,,,,,,,
18077A,29-Oct-18,Admin,SYRINGE 3CC,1,345.00, 345.00 ,0.00,345.00,230.00,230.00,115.00,,,,,,,,
18078,03-Aug-18,Admin,D-cal,7,225.00," 1,575.00 ",0.00,"1,575.00",225.00,"1,575.00",0.00,,,,,,,,
18079,03-Aug-18,Admin,FERGLOBIN 250mg,7,517.86," 3,625.00 ",0.00,"3,625.00",215.00,"1,505.00","2,120.00",,,,,,,,
18080,03-Aug-18,Admin,ENCLOXIL 500mg,3,"1,500.00"," 4,500.00 ","1,350.00","3,150.00",540.00,"1,620.00","1,530.00",,,,,,,,
18080,03-Aug-18,Admin,NITROFURANTOIN 100mg,2,"1,000.00"," 2,000.00 ",600.00,"1,400.00",175.00,350.00,"1,050.00",,,,,,,,
18081A,05-Nov-18,Admin,VONWELT/GENERIC TRANEXAMIC ACID,2,"2,100.00"," 4,200.00 ",0.00,"4,200.00",330.00,660.00,"3,540.00",,,,,,,,
18081A,05-Nov-18,Admin,FOCID 5mg,7,464.29," 3,250.00 ",0.00,"3,250.00",188.00,"1,316.00","1,934.00",,,,,,,,
18081A,05-Nov-18,Admin,MAXXIVIT PLUS,7,857.14," 6,000.00 ",0.00,"6,000.00",420.00,"2,940.00","3,060.00",,,,,,,,
18081A,05-Nov-18,Admin,XYNETIN 1500mg/200iu,7,678.57," 4,750.00 ",0.00,"4,750.00",310.00,"2,170.00","2,580.00",,,,,,,,
18081A,05-Nov-18,Admin,Isoprine 10mg,14,671.43," 9,400.00 ",0.00,"9,400.00",235.00,"3,290.00","6,110.00",,,,,,,,
18082,04-Aug-18,Admin,D-cal,20,225.00," 4,500.00 ",0.00,"4,500.00",225.00,"4,500.00",0.00,,,,,,,,
18082A,05-Nov-18,Admin,NITROFURANTOIN 100mg,2,"1,000.00"," 2,000.00 ",600.00,"1,400.00",175.00,350.00,"1,050.00",,,,,,,,
18082A,05-Nov-18,Admin,DOPACARE 250mg,2,"1,950.00"," 3,900.00 ","1,170.00","2,730.00",590.00,"1,180.00","1,550.00",,,,,,,,
18082A,05-Nov-18,Admin,BROXIL-M 30mg,2,670.00," 1,340.00 ",402.00,938.00,210.00,420.00,518.00,,,,,,,,
18083,04-Aug-18,Admin,AZECLO 100mg,1,"1,900.00"," 1,900.00 ",570.00,"1,330.00",595.00,595.00,735.00,,,,,,,,
18083,04-Aug-18,Admin,DOLSAPH 325mg/37.5mg,2,"1,980.00"," 3,960.00 ","1,188.00","2,772.00",275.00,550.00,"2,222.00",,,,,,,,
18086,31-Oct-18,Admin,C-ZETT 600mg,1,255.00, 255.00 ,0.00,255.00,170.00,170.00,85.00,,,,,,,,
18086,31-Oct-18,Admin,HAV C 500mg,1,93.00, 93.00 ,0.00,93.00,35.00,35.00,58.00,,,,,,,,
18086,31-Oct-18,Admin,GIAN ZINC 120ml,7,112.50, 787.50 ,0.00,787.50,75.00,525.00,262.50,,,,,,,,
18086,31-Oct-18,Admin,ANGEL-50 50mg,1,135.00, 135.00 ,0.00,135.00,90.00,90.00,45.00,,,,,,,,
18086,31-Oct-18,Admin,FERGLOBIN 250mg,1,322.50, 322.50 ,0.00,322.50,215.00,215.00,107.50,,,,,,,,
18086,31-Oct-18,Admin,HIVENT 1mg/2.5ml,2,450.00, 900.00 ,0.00,900.00,300.00,600.00,300.00,,,,,,,,
18086,31-Oct-18,Admin,CLAXIC 250mg/62.5mg/5ml,7,194.63," 1,362.41 ",0.00,"1,362.41",130.00,910.00,452.41,,,,,,,,
18086,31-Oct-18,Admin,Rost 10mg,1,630.00, 630.00 ,0.00,630.00,420.00,420.00,210.00,,,,,,,,
18086,31-Oct-18,Admin,Lodipex,1,43.50, 43.50 ,0.00,43.50,29.00,29.00,14.50,,,,,,,,
18086,31-Oct-18,Admin,ANEROCIN 300mg ,1,"1,335.00"," 1,335.00 ",0.00,"1,335.00",890.00,890.00,445.00,,,,,,,,
18087A,31-Oct-18,Admin,FOCID 5mg,1,281.25, 281.25 ,0.00,281.25,188.00,188.00,93.25,,,,,,,,
18087A,31-Oct-18,Admin,AMOLTEX 2mg/5ml,2,30.75, 61.50 ,0.00,61.50,20.00,40.00,21.50,,,,,,,,
18088,07-Aug-18,Admin,Gloves (Non Sterile),2,390.00, 780.00 ,0.00,780.00,130.00,260.00,520.00,,,,,,,,
18088A,31-Oct-18,Admin,SOLUNATE 84mg/ml (8.4%),0.02,"7,125.00", 142.50 ,0.00,142.50,"4,500.00",90.00,52.50,,,,,,,,
18088A,31-Oct-18,Admin,BRODIX Plus,4,666.75," 2,667.00 ",0.00,"2,667.00",253.00,"1,012.00","1,655.00",,,,,,,,
18088A,31-Oct-18,Admin,HIVENT 1mg/2.5ml,2,450.00, 900.00 ,0.00,900.00,300.00,600.00,300.00,,,,,,,,
18088A,31-Oct-18,Admin,METMIC 500mg,1,227.50, 227.50 ,0.00,227.50,228.00,228.00,-0.50,,,,,,,,
18088A,31-Oct-18,Admin,Essprin Pedia 20ML,1,430.00, 430.00 ,0.00,430.00,245.10,245.10,184.90,,,,,,,,
18088A,31-Oct-18,Admin,AMLOTEC 5mg,1,49.50, 49.50 ,0.00,49.50,20.00,20.00,29.50,,,,,,,,
18089,07-Aug-18,Admin,MAXXIVIT PLUS,7,857.14," 6,000.00 ",0.00,"6,000.00",420.00,"2,940.00","3,060.00",,,,,,,,
18089,07-Aug-18,Admin,XYNETIN 1500mg/200iu,7,678.57," 4,750.00 ",0.00,"4,750.00",310.00,"2,170.00","2,580.00",,,,,,,,
18090,07-Aug-18,Admin,HAV C 500mg,2,190.00, 380.00 ,114.00,266.00,35.00,70.00,196.00,,,,,,,,
18090,07-Aug-18,Admin,AMETRIS 500mg,2,680.00," 1,360.00 ",408.00,952.00,170.00,340.00,612.00,,,,,,,,
18090,07-Aug-18,Admin,NERVAMIN PLUS 500mg/50mg/100mg/100mcg,2,"1,708.00"," 3,416.00 ","1,024.80","2,391.20",488.00,976.00,"1,415.20",,,,,,,,
18090A,31-Oct-18,Admin,Hyclens 0.2% Wound Spray,1,229.32, 229.32 ,0.00,229.32,115.00,115.00,114.32,,,,,,,,
18091,07-Aug-18,Admin,CEPROTRON 500mg,2,"1,750.00"," 3,500.00 ","1,050.00","2,450.00",415.00,830.00,"1,620.00",,,,,,,,
18091a,31-Oct-18,Admin,HYCLENS 4% SKIN CLEASER 1L,1,"1,102.50"," 1,102.50 ",0.00,"1,102.50",552.25,552.25,550.25,,,,,,,,
18092,31-Oct-18,Admin,PARTEN 50mg,1,172.50, 172.50 ,0.00,172.50,115.00,115.00,57.50,,,,,,,,
18092,31-Oct-18,Admin,KLOPIDO 75mg,1,576.00, 576.00 ,0.00,576.00,384.00,384.00,192.00,,,,,,,,
18092,31-Oct-18,Admin,SPLENDAMET 500mg,1,232.97, 232.97 ,0.00,232.97,128.00,128.00,104.97,,,,,,,,
18092,31-Oct-18,Admin,CAPSUGEN FORTE,1,903.62, 903.62 ,0.00,903.62,310.00,310.00,593.62,,,,,,,,
18092,31-Oct-18,Admin,JAGA 300mg/100mg/100mcg,1,795.00, 795.00 ,0.00,795.00,345.00,345.00,450.00,,,,,,,,
18099A,16-Nov-18,Admin,APROCARE 150mg,2,328.50, 657.00 ,0.00,657.00,219.00,438.00,219.00,,,,,,,,
18099A,16-Nov-18,Admin,AMOLTEX 2mg,1,127.50, 127.50 ,0.00,127.50,85.00,85.00,42.50,,,,,,,,
18099A,16-Nov-18,Admin,PARTEN 50mg,2,172.50, 345.00 ,0.00,345.00,115.00,230.00,115.00,,,,,,,,
18099A,16-Nov-18,Admin,PHILVASC 10MG,2,147.00, 294.00 ,0.00,294.00,98.00,196.00,98.00,,,,,,,,
18099A,16-Nov-18,Admin,AMLOTEC 5mg,1,49.50, 49.50 ,0.00,49.50,33.00,33.00,16.50,,,,,,,,
18099A,16-Nov-18,Admin,DUOTRAM 325mg,2,412.50, 825.00 ,0.00,825.00,275.00,550.00,275.00,,,,,,,,
18099A,16-Nov-18,Admin,ARTAL-H 50mg/12.5mg,1,297.00, 297.00 ,0.00,297.00,198.00,198.00,99.00,,,,,,,,
18100A,19-Nov-18,Admin,AMLOTEC 5mg,2,49.50, 99.00 ,0.00,99.00,33.00,66.00,33.00,,,,,,,,
18100A,19-Nov-18,Admin,MULTI GROW 30ml,4,82.50, 330.00 ,0.00,330.00,55.00,220.00,110.00,,,,,,,,
18207,03-Aug-18,Admin,APROCARE 150mg,5,870.00," 4,350.00 ",0.00,"4,350.00",219.00,"1,095.00","3,255.00",,,,,,,,
18208,06-Aug-18,Admin,APROCARE 150mg,40,870.00," 34,800.00 ",0.00,"34,800.00",219.00,"8,760.00","26,040.00",,,,,,,,
18208,06-Aug-18,Admin,PROCARV 6.25mg,6,"1,200.00"," 7,200.00 ",0.00,"7,200.00",365.00,"2,190.00","5,010.00",,,,,,,,
18221,10-Aug-18,Admin,TRIVASC 35mg MR,15,"1,425.00"," 21,375.00 ",0.00,"21,375.00",445.00,"6,675.00","14,700.00",,,,,,,,
18221,10-Aug-18,Admin,PROCARV 6.25mg,0.5,"1,200.00", 600.00 ,0.00,600.00,365.00,182.50,417.50,,,,,,,,
15983,01-Mar-18,Quezon,APROCARE 150mg,11,682.00," 7,502.00 ",0.00,"7,502.00",219.00,"2,409.00","5,093.00",,,,,,,,
15983,01-Mar-18,Quezon,ATOVAS 20mg,11,682.00," 7,502.00 ",0.00,"7,502.00",202.00,"2,222.00","5,280.00",,,,,,,,
15988,05-Mar-18,Quezon,PROCARV 6.25mg,11,"1,000.00"," 11,000.00 ",0.00,"11,000.00",365.00,"4,015.00","6,985.00",,,,,,,,
15988,05-Mar-18,Quezon,XYNETIN 1500mg/200iu,11,864.00," 9,504.00 ",0.00,"9,504.00",310.00,"3,410.00","6,094.00",,,,,,,,
15989,05-Mar-18,Quezon,SUPMAC 500mg,10,285.00," 2,850.00 ",0.00,"2,850.00",34.00,340.00,"2,510.00",,,,,,,,
15990,05-Mar-18,Quezon,TRIVASC 35mg MR,9,"1,425.00"," 12,825.00 ",0.00,"12,825.00",445.00,"4,005.00","8,820.00",,,,,,,,
15991,06-Mar-18,Quezon,LIPIVASC 40mg,11,863.64," 9,500.00 ",0.00,"9,500.00",288.00,"3,168.00","6,332.00",,,,,,,,
15992,07-Mar-18,Quezon,SUPMAC 500mg,10,285.00," 2,850.00 ",0.00,"2,850.00",34.00,340.00,"2,510.00",,,,,,,,
15993,08-Mar-18,Quezon,VICOLAX 50mg/1mg/5ml,48,80.00," 3,840.00 ",0.00,"3,840.00",24.00,"1,152.00","2,688.00",,,,,,,,
15994,08-Mar-18,Quezon,INTRAPLEM 50mg/ml - Drops,72,78.00," 5,616.00 ",0.00,"5,616.00",23.00,"1,656.00","3,960.00",,,,,,,,
15996,08-Mar-18,Quezon,DUOTRAM 325mg,10,"1,700.00"," 17,000.00 ",0.00,"17,000.00",275.00,"2,750.00","14,250.00",,,,,,,,
15997,08-Mar-18,Quezon,INTRAPLEM 50mg/ml - Drops,36,78.00," 2,808.00 ",0.00,"2,808.00",23.00,828.00,"1,980.00",,,,,,,,
15997,08-Mar-18,Quezon,SUPMAC 500mg,157,285.00," 44,745.00 ",0.00,"44,745.00",34.00,"5,338.00","39,407.00",,,,,,,,
15998,18-Mar-18,Quezon,LEXI B FORTE 300mg/100mg/100mcg,1,"1,000.00"," 1,000.00 ",0.00,"1,000.00",323.00,323.00,677.00,,,,,,,,
15999,08-Mar-18,Quezon,INTRAPLEM 50mg/ml - Drops,20,78.00," 1,560.00 ",0.00,"1,560.00",23.00,460.00,"1,100.00",,,,,,,,
16000,08-Mar-18,Quezon,MAXXIVIT PLUS,1,"1,400.00"," 1,400.00 ",0.00,"1,400.00",420.00,420.00,980.00,,,,,,,,
16000,08-Mar-18,Quezon,INTRAPLEM 500mg,1,980.00, 980.00 ,0.00,980.00,280.00,280.00,700.00,,,,,,,,
16000,08-Mar-18,Quezon,TERMAGEN 250MG,6,80.00, 480.00 ,0.00,480.00,23.00,138.00,342.00,,,,,,,,
16000,08-Mar-18,Quezon,ATOVAS 80mg,3,650.00," 1,950.00 ",0.00,"1,950.00",247.00,741.00,"1,209.00",,,,,,,,
16000,08-Mar-18,Quezon,MULTI GROW 30ml,6,175.00," 1,050.00 ",0.00,"1,050.00",55.00,330.00,720.00,,,,,,,,
16000,08-Mar-18,Quezon,CEFEXIL 500mg,2,"1,800.00"," 3,600.00 ",0.00,"3,600.00",535.00,"1,070.00","2,530.00",,,,,,,,
16000,08-Mar-18,Quezon,BERCEF 250mg/5ml,6,450.00," 2,700.00 ",0.00,"2,700.00",148.00,888.00,"1,812.00",,,,,,,,
16000,08-Mar-18,Quezon,CALIBRAL 500mg,2,750.00," 1,500.00 ",0.00,"1,500.00",235.00,470.00,"1,030.00",,,,,,,,
16000,08-Mar-18,Quezon,LEXI B FORTE 300mg/100mg/100mcg,2,"1,000.00"," 2,000.00 ",0.00,"2,000.00",323.00,646.00,"1,354.00",,,,,,,,
16226,23-Jun-18,Quezon,Oxygen Cannula,100,52.50," 5,250.00 ",0.00,"5,250.00",15.00,"1,500.00","3,750.00",,,,,,,,
16226,23-Jun-18,Quezon,All Silicone Duodenal Tube F.16,1,221.00, 221.00 ,0.00,221.00,180.00,180.00,41.00,,,,,,,,
16226,23-Jun-18,Quezon,Cotton 400g,20,165.00," 3,300.00 ",0.00,"3,300.00",150.00,"3,000.00",300.00,,,,,,,,
16226,23-Jun-18,Quezon,Gauze Roll 28x24,10,"1,350.00"," 13,500.00 ",0.00,"13,500.00",900.00,"9,000.00","4,500.00",,,,,,,,
16226,23-Jun-18,Quezon,Suction Connecting Tube,30,180.00," 5,400.00 ",0.00,"5,400.00",70.00,"2,100.00","3,300.00",,,,,,,,
16226,23-Jun-18,Quezon,Face Mask Earloop,40,59.00," 2,360.00 ",0.00,"2,360.00",45.00,"1,800.00",560.00,,,,,,,,
16254,12-Mar-18,Quezon,CINNABLOC 25mg,1,650.00, 650.00 ,195.00,455.00,,,455.00,,,,,,,,
16254,12-Mar-18,Quezon,INTRAPLEM 500mg,1,980.00, 980.00 ,294.00,686.00,280.00,280.00,406.00,,,,,,,,
16339,13-Apr-18,Quezon,GIAN ZINC 120ml,24,175.00," 4,200.00 ","1,260.00","2,940.00",75.00,"1,800.00","1,140.00",,,,,,,,
16339,13-Apr-18,Quezon,GIAN ZINC 30ml,24,155.00," 3,720.00 ","1,116.00","2,604.00",55.00,"1,320.00","1,284.00",,,,,,,,
16351,08-Mar-18,Quezon,CLAVIC 250mg/62.5mg/5ml,18,310.00," 5,580.00 ",0.00,"5,580.00",130.00,"2,340.00","3,240.00",,,,,,,,
16351,08-Mar-18,Quezon,INTRAPLEM 50mg/ml - Drops,32,78.00," 2,496.00 ",0.00,"2,496.00",23.00,736.00,"1,760.00",,,,,,,,
16352,09-Mar-18,Quezon,CALIBRAL 500mg,2,750.00," 1,500.00 ",0.00,"1,500.00",235.00,470.00,"1,030.00",,,,,,,,
16352,09-Mar-18,Quezon,GIAN ZINC 30ml,6,155.00, 930.00 ,0.00,930.00,55.00,330.00,600.00,,,,,,,,
16352,09-Mar-18,Quezon,CEFEXIL 500mg,2,"1,800.00"," 3,600.00 ",0.00,"3,600.00",535.00,"1,070.00","2,530.00",,,,,,,,
16352,09-Mar-18,Quezon,FEXIL 250mg/5ml,6,198.00," 1,188.00 ",0.00,"1,188.00",65.00,390.00,798.00,,,,,,,,
16353,12-Mar-18,Quezon,APROCARE 150mg,2,870.00," 1,740.00 ",522.00,"1,218.00",219.00,438.00,780.00,,,,,,,,
16353,12-Mar-18,Quezon,PROCARV 6.25mg,1,"1,200.00"," 1,200.00 ",360.00,840.00,365.00,365.00,475.00,,,,,,,,
16353,12-Mar-18,Quezon,ALGESIC FORTE 325mg+400mg,4,770.00," 3,080.00 ",924.00,"2,156.00",218.00,872.00,"1,284.00",,,,,,,,
16355,13-Mar-18,Quezon,BERCEF 50mg/ml,24,175.00," 4,200.00 ","1,260.00","2,940.00",42.00,"1,008.00","1,932.00",,,,,,,,
16355,13-Mar-18,Quezon,VICEPHRIN 100mg/ml,6,85.00, 510.00 ,153.00,357.00,25.00,150.00,207.00,,,,,,,,
16356,13-Mar-18,Quezon,CLAVIC 500mg/125mg,1,"2,790.00"," 2,790.00 ",0.00,"2,790.00","1,174.00","1,174.00","1,616.00",,,,,,,,
16356,13-Mar-18,Quezon,CIFROX 500mg,1,"1,750.00"," 1,750.00 ",0.00,"1,750.00",450.00,450.00,"1,300.00",,,,,,,,
16356,13-Mar-18,Quezon,AZECLO 100mg,1,"1,900.00"," 1,900.00 ",0.00,"1,900.00",595.00,595.00,"1,305.00",,,,,,,,
16357,13-Mar-18,Quezon,INTRAPLEM 500mg,1,980.00, 980.00 ,294.00,686.00,280.00,280.00,406.00,,,,,,,,
16357,13-Mar-18,Quezon,VOXOLL 15mg/5ml,10,74.00, 740.00 ,222.00,518.00,23.00,230.00,288.00,,,,,,,,
16357,13-Mar-18,Quezon,TERMAGEN 250mg/5ml,10,80.00, 800.00 ,240.00,560.00,23.00,230.00,330.00,,,,,,,,
16358,14-Mar-18,Quezon,INTRAPLEM 100mg/5ml,12,78.00, 936.00 ,0.00,936.00,27.00,324.00,612.00,,,,,,,,
16358,14-Mar-18,Quezon,LACTAMOX 250mg/62.5mg/5ml,12,310.00," 3,720.00 ",0.00,"3,720.00",130.00,"1,560.00","2,160.00",,,,,,,,
16358,14-Mar-18,Quezon,SALMOGEN 125mg/5ml,3,98.00, 294.00 ,0.00,294.00,29.00,87.00,207.00,,,,,,,,
16358,14-Mar-18,Quezon,HISTARIL 1mg/50mg/5ml,12,80.00, 960.00 ,0.00,960.00,,,960.00,,,,,,,,
16359,14-Mar-18,Quezon,CINNABLOC 75mg,10,160.00," 1,600.00 ",0.00,"1,600.00",40.00,400.00,"1,200.00",,,,,,,,
16360,15-Mar-18,Quezon,TERMAGEN 100mg/ml,24,58.00," 1,392.00 ",0.00,"1,392.00",17.00,408.00,984.00,,,,,,,,
16361,16-Mar-18,Quezon,NERVAMIN PLUS 500mg/50mg/100mg/100mcg,1,"1,600.00"," 1,600.00 ",0.00,"1,600.00",488.00,488.00,"1,112.00",,,,,,,,
16361,16-Mar-18,Quezon,TOSYLAM 375mg,1,"2,300.00"," 2,300.00 ",0.00,"2,300.00",765.00,765.00,"1,535.00",,,,,,,,
16362,17-Mar-18,Quezon,APROCARE 150mg,22,681.82," 15,000.00 ",0.00,"15,000.00",219.00,"4,818.00","10,182.00",,,,,,,,
16363,16-Mar-18,Quezon,CINNABLOC 75mg,5,160.00, 800.00 ,0.00,800.00,40.00,200.00,600.00,,,,,,,,
16363,16-Mar-18,Quezon,CLAVIC 500mg/125mg,2,"2,790.00"," 5,580.00 ",0.00,"5,580.00","1,174.00","2,348.00","3,232.00",,,,,,,,
16363,16-Mar-18,Quezon,CLAVIC 250mg/62.5mg/5ml,20,310.00," 6,200.00 ",0.00,"6,200.00",130.00,"2,600.00","3,600.00",,,,,,,,
16363,16-Mar-18,Quezon,GLUCRON 80mg MR,5,500.00," 2,500.00 ",0.00,"2,500.00",99.00,495.00,"2,005.00",,,,,,,,
16363,16-Mar-18,Quezon,CINNABLOC 25mg,5,500.00," 2,500.00 ",0.00,"2,500.00",,,"2,500.00",,,,,,,,
16363,16-Mar-18,Quezon,PENCHLOR 1mg/800mcg,20,98.00," 1,960.00 ",0.00,"1,960.00",31.00,620.00,"1,340.00",,,,,,,,
16363,16-Mar-18,Quezon,ZINCAVIT 55mg/ml,20,88.00," 1,760.00 ",0.00,"1,760.00",25.00,500.00,"1,260.00",,,,,,,,
16363,16-Mar-18,Quezon,C-ZETT 600mg,5,640.00," 3,200.00 ",0.00,"3,200.00",170.00,850.00,"2,350.00",,,,,,,,
16378,02-Apr-18,Quezon,ATOVAS 20mg,11,681.82," 7,500.00 ",0.00,"7,500.00",202.00,"2,222.00","5,278.00",,,,,,,,
16378,02-Apr-18,Quezon,APROCARE 150mg,11,681.82," 7,500.00 ",0.00,"7,500.00",219.00,"2,409.00","5,091.00",,,,,,,,
16378,02-Apr-18,Quezon,PROCARV 6.25mg,11,"1,000.00"," 11,000.00 ",0.00,"11,000.00",365.00,"4,015.00","6,985.00",,,,,,,,
16379,03-Apr-18,Quezon,MULTI GROW 30ml,10,175.00," 1,750.00 ",0.00,"1,750.00",55.00,550.00,"1,200.00",,,,,,,,
16380,03-Apr-18,Quezon,INTRAPLEM 50mg/ml - Drops,6,78.00, 468.00 ,0.00,468.00,23.00,138.00,330.00,,,,,,,,
16380,03-Apr-18,Quezon,VOXOLL 15mg/5ml,2,74.00, 148.00 ,0.00,148.00,23.00,46.00,102.00,,,,,,,,
16381,03-Apr-18,Quezon,HYPHEN 50mg,1,128.00, 128.00 ,0.00,128.00,320.00,320.00,-192.00,,,,,,,,
16382,04-Apr-18,Quezon,VOXOLL 30mg,5,650.00," 3,250.00 ",0.00,"3,250.00",168.00,840.00,"2,410.00",,,,,,,,
16382,04-Apr-18,Quezon,ERGON 125mcg,3,800.00," 2,400.00 ",0.00,"2,400.00",128.00,384.00,"2,016.00",,,,,,,,
16382,04-Apr-18,Quezon,TRIVASC 35mg MR,10,"1,425.00"," 14,250.00 ",0.00,"14,250.00",445.00,"4,450.00","9,800.00",,,,,,,,
16382,04-Apr-18,Quezon,ZINCAVIT 55mg/ml,24,88.00," 2,112.00 ",0.00,"2,112.00",25.00,600.00,"1,512.00",,,,,,,,
16382,04-Apr-18,Quezon,EUROXIME 250mg/5ml,36,400.00," 14,400.00 ",0.00,"14,400.00",139.00,"5,004.00","9,396.00",,,,,,,,
16382,04-Apr-18,Quezon,ENERZINC ,6,85.00, 510.00 ,0.00,510.00,28.00,168.00,342.00,,,,,,,,
16383,05-Apr-18,Quezon,VICOLAX 100mg/2mg,7,800.00," 5,600.00 ",0.00,"5,600.00",225.00,"1,575.00","4,025.00",,,,,,,,
16383,05-Apr-18,Quezon,TRIZINE ,60,300.00," 18,000.00 ",0.00,"18,000.00",175.00,"10,500.00","7,500.00",,,,,,,,
16383,05-Apr-18,Quezon,VICOLAX 50mg/1mg/5ml,36,80.00," 2,880.00 ",0.00,"2,880.00",24.00,864.00,"2,016.00",,,,,,,,
16384,05-Apr-18,Quezon,MULTI GROW 120ml,48,240.00," 11,520.00 ","3,691.92","7,828.08",75.00,"3,600.00","4,228.08",,,,,,,,
16385,05-Apr-18,Quezon,FLOXA-400,5,"1,360.00"," 6,800.00 ",0.00,"6,800.00",280.00,"1,400.00","5,400.00",,,,,,,,
16385,05-Apr-18,Quezon,NORFLEX 400MG,5,460.00," 2,300.00 ",0.00,"2,300.00",115.00,575.00,"1,725.00",,,,,,,,
16385,05-Apr-18,Quezon,DOXOFAR 400mg,3,840.00," 2,520.00 ",0.00,"2,520.00",340.00,"1,020.00","1,500.00",,,,,,,,
16385,05-Apr-18,Quezon,MONILIASOL 125mg/5ml,20,75.00," 1,500.00 ",0.00,"1,500.00",26.00,520.00,980.00,,,,,,,,
16385,05-Apr-18,Quezon,TOSYLAM 750mg,5,"2,750.00"," 13,750.00 ",0.00,"13,750.00",980.00,"4,900.00","8,850.00",,,,,,,,
16385,05-Apr-18,Quezon,CAPSUGEN FORTE,10,"1,350.00"," 13,500.00 ",0.00,"13,500.00",310.00,"3,100.00","10,400.00",,,,,,,,
16385,05-Apr-18,Quezon,MONILIASOL 500mg,1,750.00, 750.00 ,0.00,750.00,240.00,240.00,510.00,,,,,,,,
16385,05-Apr-18,Quezon,VITAFER OB,2,600.00," 1,200.00 ",0.00,"1,200.00",155.00,310.00,890.00,,,,,,,,
16386,06-Apr-18,Quezon,CAPSUGEN FORTE,1,"1,275.00"," 1,275.00 ",255.00,"1,020.00",310.00,310.00,710.00,,,,,,,,
16386,06-Apr-18,Quezon,INTRAPLEM 50mg/ml - Drops,7,78.00, 546.00 ,109.20,436.80,23.00,161.00,275.80,,,,,,,,
16387,06-Apr-18,Quezon,CEFEXIL 500mg,0.62,"1,800.00"," 1,116.00 ",0.00,"1,116.00",535.00,331.70,784.30,,,,,,,,
16387,06-Apr-18,Quezon,PROCARV 6.25mg,4.9,"1,200.00"," 5,880.00 ",0.00,"5,880.00",365.00,"1,788.50","4,091.50",,,,,,,,
16387,06-Apr-18,Quezon,DOLO JAGA 500mg/50mg/100mg/100mcg,2,"1,600.00"," 3,200.00 ",0.00,"3,200.00",481.00,962.00,"2,238.00",,,,,,,,
16387,06-Apr-18,Quezon,BERCEF 250mg/5ml,14,450.00," 6,300.00 ",0.00,"6,300.00",148.00,"2,072.00","4,228.00",,,,,,,,
16387,06-Apr-18,Quezon,CEEPRAZOL 20mg,1.93333,"1,800.00"," 3,479.99 ",0.00,"3,479.99",550.00,"1,063.33","2,416.66",,,,,,,,
16387,06-Apr-18,Quezon,SURITRAM,1.9,"1,980.00"," 3,762.00 ",0.00,"3,762.00",500.00,950.00,"2,812.00",,,,,,,,
16387,06-Apr-18,Quezon,CEPROTRON 500mg,0.96,"1,750.00"," 1,680.00 ",0.00,"1,680.00",415.00,398.40,"1,281.60",,,,,,,,
16387,06-Apr-18,Quezon,ATOVAS 20mg,0.46666,195.00, 91.00 ,0.00,91.00,202.00,94.27,-3.27,,,,,,,,
16387,06-Apr-18,Quezon,KLOPIDO 75mg,1.33333,292.50, 390.00 ,0.00,390.00,384.00,512.00,-122.00,,,,,,,,
16388,06-Apr-18,Quezon,INTRAPLEM 50mg/ml - Drops,20,78.00," 1,560.00 ",0.00,"1,560.00",23.00,460.00,"1,100.00",,,,,,,,
16390,10-Apr-18,Quezon,XYNETIN 1500mg/200iu,1,"1,050.00"," 1,050.00 ",0.00,"1,050.00",310.00,310.00,740.00,,,,,,,,
16390,10-Apr-18,Quezon,VITAFER OB,1,600.00, 600.00 ,0.00,600.00,155.00,155.00,445.00,,,,,,,,
16391,11-Apr-18,Quezon,FERGLOBIN 250mg,15,725.00," 10,875.00 ",0.00,"10,875.00",215.00,"3,225.00","7,650.00",,,,,,,,
16391,11-Apr-18,Quezon,XYNETIN 1500mg/200iu,5,"1,050.00"," 5,250.00 ",0.00,"5,250.00",310.00,"1,550.00","3,700.00",,,,,,,,
16392,11-Apr-18,Quezon,VOXOLL 30mg,3,650.00," 1,950.00 ",0.00,"1,950.00",168.00,504.00,"1,446.00",,,,,,,,
16392,11-Apr-18,Quezon,BERCEF 250mg/5ml,3,450.00," 1,350.00 ",0.00,"1,350.00",148.00,444.00,906.00,,,,,,,,
16392,11-Apr-18,Quezon,BERCEF 50mg/ml,3,175.00, 525.00 ,0.00,525.00,42.00,126.00,399.00,,,,,,,,
16392,11-Apr-18,Quezon,VOXOLL 15mg/5ml,12,74.00, 888.00 ,0.00,888.00,23.00,276.00,612.00,,,,,,,,
16392,11-Apr-18,Quezon,INTRAPLEM 50mg/ml - Drops,6,78.00, 468.00 ,0.00,468.00,23.00,138.00,330.00,,,,,,,,
16393,11-Apr-18,Quezon,NERVAPLEX 500mg,1,"1,650.00"," 1,650.00 ",0.00,"1,650.00",458.00,458.00,"1,192.00",,,,,,,,
16393,11-Apr-18,Quezon,CINNABLOC 75mg,10,160.00," 1,600.00 ",0.00,"1,600.00",40.00,400.00,"1,200.00",,,,,,,,
16394,12-Apr-18,Quezon,ATOVAS 20mg,11,681.82," 7,500.00 ",0.00,"7,500.00",202.00,"2,222.00","5,278.00",,,,,,,,
16394,12-Apr-18,Quezon,APROCARE 150mg,11,681.82," 7,500.00 ",0.00,"7,500.00",219.00,"2,409.00","5,091.00",,,,,,,,
16396,12-Apr-18,Quezon,FERGLOBIN FA 60mg/400mcg,2,900.00," 1,800.00 ",0.00,"1,800.00",240.00,480.00,"1,320.00",,,,,,,,
16396,12-Apr-18,Quezon,VITAFER OB,2,600.00," 1,200.00 ",0.00,"1,200.00",155.00,310.00,890.00,,,,,,,,
16396,12-Apr-18,Quezon,XYNETIN 1500mg/200iu,11,863.64," 9,500.00 ",0.00,"9,500.00",310.00,"3,410.00","6,090.00",,,,,,,,
16397,12-Apr-18,Quezon,VOXOLL 15mg/5ml,20,74.00," 1,480.00 ",444.00,"1,036.00",23.00,460.00,576.00,,,,,,,,
16397,12-Apr-18,Quezon,INTRAPLEM 500mg,1,980.00, 980.00 ,294.00,686.00,280.00,280.00,406.00,,,,,,,,
16397,12-Apr-18,Quezon,INTRAPLEM 50mg/ml - Drops,10,78.00, 780.00 ,234.00,546.00,23.00,230.00,316.00,,,,,,,,
16398,12-Apr-18,Quezon,CLAVIC 250mg/62.5mg/5ml,12,310.00," 3,720.00 ","1,302.00","2,418.00",130.00,"1,560.00",858.00,,,,,,,,
16398,12-Apr-18,Quezon,CLAVIC 500mg/125mg,12,190.00," 2,280.00 ",798.00,"1,482.00","1,174.00","14,088.00","-12,606.00",,,,,,,,
16399,13-Apr-18,Quezon,GIAN ZINC 120ml,24,175.00," 4,200.00 ","1,260.00","2,940.00",75.00,"1,800.00","1,140.00",,,,,,,,
16399,13-Apr-18,Quezon,GIAN ZINC 30ml,24,155.00," 3,720.00 ","1,116.00","2,604.00",55.00,"1,320.00","1,284.00",,,,,,,,
16400,13-Apr-18,Quezon,SPASCLOMIN 10mg/5ml,20,130.00," 2,600.00 ",0.00,"2,600.00",40.00,800.00,"1,800.00",,,,,,,,
16801,17-Apr-18,Quezon,MONILIASOL 125mg/5ml,10,400.00," 4,000.00 ",0.00,"4,000.00",26.00,260.00,"3,740.00",,,,,,,,
16801,17-Apr-18,Quezon,ZEGECEF 250mg/5ml,10,75.00, 750.00 ,0.00,750.00,139.00,"1,390.00",-640.00,,,,,,,,
16802,17-Apr-18,Quezon,CIFROX 500mg,2,"1,750.00"," 3,500.00 ",0.00,"3,500.00",450.00,900.00,"2,600.00",,,,,,,,
16802,17-Apr-18,Quezon,ENCLOXIL 500mg,2,"1,800.00"," 3,600.00 ",0.00,"3,600.00",540.00,"1,080.00","2,520.00",,,,,,,,
16803,17-Apr-18,Quezon,CLAVIC 250mg/62.5mg/5ml,10,310.00," 3,100.00 ",0.00,"3,100.00",130.00,"1,300.00","1,800.00",,,,,,,,
16804,17-Apr-18,Quezon,CAPSUGEN FORTE,7,928.57," 6,500.00 ",0.00,"6,500.00",310.00,"2,170.00","4,330.00",,,,,,,,
16804,17-Apr-18,Quezon,VICOLAX 100mg/2mg,7,571.43," 4,000.00 ",0.00,"4,000.00",225.00,"1,575.00","2,425.00",,,,,,,,
16805,17-Apr-18,Quezon,DOLO JAGA 500mg/50mg/100mg/100mcg,1,"1,600.00"," 1,600.00 ",480.00,"1,120.00",481.00,481.00,639.00,,,,,,,,
16805,17-Apr-18,Quezon,MULTI GROW OB PLUS,3,"1,300.00"," 3,900.00 ","1,170.00","2,730.00",450.00,"1,350.00","1,380.00",,,,,,,,
16806,18-Apr-18,Quezon,MULTI GROW 120ml,15,240.00," 3,600.00 ",0.00,"3,600.00",75.00,"1,125.00","2,475.00",,,,,,,,
16807,21-Apr-18,Quezon,BUTADIL 2mg/5ml,36,73.50," 2,646.00 ",0.00,"2,646.00",21.00,756.00,"1,890.00",,,,,,,,
16808,19-Apr-18,Quezon,APROCARE 150mg,3,870.00," 2,610.00 ",0.00,"2,610.00",219.00,657.00,"1,953.00",,,,,,,,
16808,19-Apr-18,Quezon,CEFEXIL 500mg,1,"1,800.00"," 1,800.00 ",0.00,"1,800.00",535.00,535.00,"1,265.00",,,,,,,,
16808,19-Apr-18,Quezon,MONILIASOL 125mg/5ml,6,75.00, 450.00 ,0.00,450.00,26.00,156.00,294.00,,,,,,,,
16808,19-Apr-18,Quezon,VICOLAX 50mg/1mg/5ml,6,80.00, 480.00 ,0.00,480.00,24.00,144.00,336.00,,,,,,,,
16808,19-Apr-18,Quezon,MULTI GROW 120ml,6,240.00," 1,440.00 ",0.00,"1,440.00",75.00,450.00,990.00,,,,,,,,
16808,19-Apr-18,Quezon,BERCEF 50mg/ml,6,175.00," 1,050.00 ",0.00,"1,050.00",42.00,252.00,798.00,,,,,,,,
16808,19-Apr-18,Quezon,CALIBRAL 500mg,1,750.00, 750.00 ,0.00,750.00,235.00,235.00,515.00,,,,,,,,
16808,19-Apr-18,Quezon,MONILIASOL 500mg,1,750.00, 750.00 ,0.00,750.00,240.00,240.00,510.00,,,,,,,,
16809,19-Apr-18,Quezon,CLAVIC 500mg/125mg,12,"2,790.00"," 33,480.00 ","10,747.08","22,732.92","1,174.00","14,088.00","8,644.92",,,,,,,,
16810,20-Apr-18,Quezon,VICOLAX 50mg/1mg/5ml,30,80.00," 2,400.00 ",720.00,"1,680.00",24.00,720.00,960.00,,,,,,,,
16811,20-Apr-18,Quezon,ANEROCIN 300mg ,2,"3,800.00"," 7,600.00 ","2,280.00","5,320.00",890.00,"1,780.00","3,540.00",,,,,,,,
16812,23-Apr-18,Quezon,ATOVAS 20mg,22,681.82," 15,000.00 ",0.00,"15,000.00",202.00,"4,444.00","10,556.00",,,,,,,,
16812,23-Apr-18,Quezon,APROCARE 150mg,22,681.82," 15,000.00 ",0.00,"15,000.00",219.00,"4,818.00","10,182.00",,,,,,,,
16813,23-Apr-18,Quezon,ZELEX 200mg,1,"2,800.00"," 2,800.00 ",0.00,"2,800.00",750.00,750.00,"2,050.00",,,,,,,,
16813,23-Apr-18,Quezon,BERCEF 50mg/ml,6,175.00," 1,050.00 ",0.00,"1,050.00",42.00,252.00,798.00,,,,,,,,
16813,23-Apr-18,Quezon,SALMOGEN 125mg/5ml,6,98.00, 588.00 ,0.00,588.00,29.00,174.00,414.00,,,,,,,,
16813,23-Apr-18,Quezon,LEXI B FORTE 300mg/100mg/100mcg,3,"1,000.00"," 3,000.00 ",0.00,"3,000.00",323.00,969.00,"2,031.00",,,,,,,,
16813,23-Apr-18,Quezon,CORVI PLUS 1mg/50mg,6,118.00, 708.00 ,0.00,708.00,39.00,234.00,474.00,,,,,,,,
16813,23-Apr-18,Quezon,INTRAPLEM 50mg/ml - Drops,6,78.00, 468.00 ,0.00,468.00,23.00,138.00,330.00,,,,,,,,
16813,23-Apr-18,Quezon,VOXOLL 15mg/5ml,6,74.00, 444.00 ,0.00,444.00,23.00,138.00,306.00,,,,,,,,
16814,24-Apr-18,Quezon,CLAVIC 500mg/125mg,1,"2,790.00"," 2,790.00 ",0.00,"2,790.00","1,174.00","1,174.00","1,616.00",,,,,,,,
16814,24-Apr-18,Quezon,FEXIL 100mg/ml,15,170.00," 2,550.00 ",0.00,"2,550.00",55.00,825.00,"1,725.00",,,,,,,,
16815,24-Apr-18,Quezon,ALGESIC FORTE 325mg+400mg,4,770.00," 3,080.00 ",924.00,"2,156.00",218.00,872.00,"1,284.00",,,,,,,,
16816,24-Apr-18,Quezon,CLAVIC 500mg/125mg,1,"2,790.00"," 2,790.00 ",0.00,"2,790.00","1,174.00","1,174.00","1,616.00",,,,,,,,
16816,24-Apr-18,Quezon,CLAVIC 250mg/62.5mg/5ml,2,"3,410.00"," 6,820.00 ",0.00,"6,820.00",130.00,260.00,"6,560.00",,,,,,,,
16817,25-Apr-18,Quezon,BERCEF 50mg/ml,6,175.00," 1,050.00 ",315.00,735.00,42.00,252.00,483.00,,,,,,,,
16817,25-Apr-18,Quezon,DOLO JAGA 500mg/50mg/100mg/100mcg,1,"1,600.00"," 1,600.00 ",480.00,"1,120.00",481.00,481.00,639.00,,,,,,,,
16817,25-Apr-18,Quezon,FEXIL 100mg/ml,15,170.00," 2,550.00 ",765.00,"1,785.00",55.00,825.00,960.00,,,,,,,,
16818,25-Apr-18,Quezon,APROCARE 150mg,4,870.00," 3,480.00 ",0.00,"3,480.00",219.00,876.00,"2,604.00",,,,,,,,
16819,26-Apr-18,Quezon,TRIVASC 35mg MR,10,"1,425.00"," 14,250.00 ",0.00,"14,250.00",445.00,"4,450.00","9,800.00",,,,,,,,
16819,26-Apr-18,Quezon,Isoprine 10mg,10,"1,100.00"," 11,000.00 ",0.00,"11,000.00",235.00,"2,350.00","8,650.00",,,,,,,,
16819,26-Apr-18,Quezon,ZINCAVIT 55mg/ml,35,85.00," 2,975.00 ",0.00,"2,975.00",25.00,875.00,"2,100.00",,,,,,,,
16819,26-Apr-18,Quezon,EUROXIME 250mg/5ml,24,400.00," 9,600.00 ",0.00,"9,600.00",139.00,"3,336.00","6,264.00",,,,,,,,
16819,26-Apr-18,Quezon,BUFENOL 200mg/5ml,8,112.00, 896.00 ,0.00,896.00,35.00,280.00,616.00,,,,,,,,
16820,26-Apr-18,Quezon,VICOLAX 50mg/1mg/5ml,15,80.00," 1,200.00 ",0.00,"1,200.00",24.00,360.00,840.00,,,,,,,,
16820,26-Apr-18,Quezon,ZINCAVIT 55mg/ml,15,85.00," 1,275.00 ",0.00,"1,275.00",25.00,375.00,900.00,,,,,,,,
16820,26-Apr-18,Quezon,TURBOLAX 2mg/5ml,15,69.00," 1,035.00 ",0.00,"1,035.00",21.00,315.00,720.00,,,,,,,,
16821,26-Apr-18,Quezon,BUTADIL 2mg/5ml,36,73.00," 2,628.00 ",0.00,"2,628.00",21.00,756.00,"1,872.00",,,,,,,,
16821,26-Apr-18,Quezon,DOLO JAGA 500mg/50mg/100mg/100mcg,10,"1,600.00"," 16,000.00 ",0.00,"16,000.00",481.00,"4,810.00","11,190.00",,,,,,,,
16823,30-Apr-18,Quezon,TRIVASC 35mg MR,15,"1,425.00"," 21,375.00 ","8,550.00","12,825.00",445.00,"6,675.00","6,150.00",,,,,,,,
16824,30-Apr-18,Quezon,LACTAMOX 500mg/125mg,2,"2,800.00"," 5,600.00 ",0.00,"5,600.00","1,173.60","2,347.20","3,252.80",,,,,,,,
16824,30-Apr-18,Quezon,NERVAPLEX 500mg,2,"1,650.00"," 3,300.00 ",0.00,"3,300.00",458.00,916.00,"2,384.00",,,,,,,,
16825,30-Apr-18,Quezon,FEXIL 100mg/ml,9,170.00," 1,530.00 ",0.00,"1,530.00",55.00,495.00,"1,035.00",,,,,,,,
16826,30-Apr-18,Quezon,KLOPIDO 75mg,3,975.00," 2,925.00 ",877.50,"2,047.50",384.00,"1,152.00",895.50,,,,,,,,
16827,30-Apr-18,Quezon,KLOPIDO 75mg,22,"1,000.00"," 22,000.00 ",0.00,"22,000.00",384.00,"8,448.00","13,552.00",,,,,,,,
16828,30-Apr-18,Quezon,APROCARE 150mg,22,681.82," 15,000.00 ",0.00,"15,000.00",219.00,"4,818.00","10,182.00",,,,,,,,
16828,30-Apr-18,Quezon,LIPIVASC 40mg,22,863.64," 19,000.00 ",0.00,"19,000.00",288.00,"6,336.00","12,664.00",,,,,,,,
16829,02-May-18,Quezon,CAPSUGEN FORTE,4,"1,155.00"," 4,620.00 ",0.00,"4,620.00",310.00,"1,240.00","3,380.00",,,,,,,,
16829,02-May-18,Quezon,FERGLOBIN 250mg,4,543.75," 2,175.00 ",0.00,"2,175.00",215.00,860.00,"1,315.00",,,,,,,,
16829,02-May-18,Quezon,MULTI GROW OB PLUS,4,975.00," 3,900.00 ",0.00,"3,900.00",450.00,"1,800.00","2,100.00",,,,,,,,
16829,02-May-18,Quezon,JOSILVITE,4,750.00," 3,000.00 ",0.00,"3,000.00",350.00,"1,400.00","1,600.00",,,,,,,,
16830,03-May-18,Quezon,ZINCAVIT 55mg/ml,24,88.00," 2,112.00 ",0.00,"2,112.00",25.00,600.00,"1,512.00",,,,,,,,
16831,03-May-18,Quezon,VISTREP 250mg/5ml,20,105.00," 2,100.00 ",0.00,"2,100.00",28.00,560.00,"1,540.00",,,,,,,,
16831,03-May-18,Quezon,INTRAPLEM 50mg/ml - Drops,20,78.00," 1,560.00 ",0.00,"1,560.00",23.00,460.00,"1,100.00",,,,,,,,
16831,03-May-18,Quezon,CEFEXIL 250mg/5ml,20,198.00," 3,960.00 ",0.00,"3,960.00",65.00,"1,300.00","2,660.00",,,,,,,,
16831,03-May-18,Quezon,VICOLAX 50mg/1mg/5ml,2,800.00," 1,600.00 ",0.00,"1,600.00",24.00,48.00,"1,552.00",,,,,,,,
16831,03-May-18,Quezon,FERGLOBIN FA 60mg/400mcg,1,900.00, 900.00 ,0.00,900.00,240.00,240.00,660.00,,,,,,,,
16831,03-May-18,Quezon,SYNERMED 800mg/160mg,1,550.00, 550.00 ,0.00,550.00,95.00,95.00,455.00,,,,,,,,
16831,03-May-18,Quezon,FEXIL 100mg/ml,20,170.00," 3,400.00 ",0.00,"3,400.00",55.00,"1,100.00","2,300.00",,,,,,,,
16833,08-May-18,Quezon,DOLO JAGA 500mg/50mg/100mg/100mcg,1,"1,600.00"," 1,600.00 ",0.00,"1,600.00",481.00,481.00,"1,119.00",,,,,,,,
16833,08-May-18,Quezon,XYNETIN 1500mg/200iu,3,"1,050.00"," 3,150.00 ",0.00,"3,150.00",310.00,930.00,"2,220.00",,,,,,,,
16833,08-May-18,Quezon,MULTI GROW OB PLUS,3,"1,300.00"," 3,900.00 ",0.00,"3,900.00",450.00,"1,350.00","2,550.00",,,,,,,,
16834,09-May-18,Quezon,VOXOLL 15mg/5ml,6,74.00, 444.00 ,0.00,444.00,23.00,138.00,306.00,,,,,,,,
16834,09-May-18,Quezon,SYNERMED 200mg/40mg/5ml,6,90.00, 540.00 ,0.00,540.00,26.00,156.00,384.00,,,,,,,,
16835,09-May-18,Quezon,XYNETIN 1500mg/200iu,1,"1,050.00"," 1,050.00 ",315.00,735.00,310.00,310.00,425.00,,,,,,,,
16837,10-May-18,Quezon,VOXOLL 15mg/5ml,20,74.00," 1,480.00 ",444.00,"1,036.00",23.00,460.00,576.00,,,,,,,,
16838,11-May-18,Quezon,CALIBRAL 500mg,10,750.00," 7,500.00 ",0.00,"7,500.00",235.00,"2,350.00","5,150.00",,,,,,,,
16838,11-May-18,Quezon,TERMAGEN 100mg/ml,20,58.00," 1,160.00 ",0.00,"1,160.00",17.00,340.00,820.00,,,,,,,,
16838,11-May-18,Quezon,CEFEXIL 500mg,10,"1,800.00"," 18,000.00 ",0.00,"18,000.00",535.00,"5,350.00","12,650.00",,,,,,,,
16838,11-May-18,Quezon,MULTI GROW 30ml,17,175.00," 2,975.00 ",0.00,"2,975.00",55.00,935.00,"2,040.00",,,,,,,,
16839,11-May-18,Quezon,BERCEF 50mg/ml,10,175.00," 1,750.00 ",525.00,"1,225.00",42.00,420.00,805.00,,,,,,,,
16839,11-May-18,Quezon,GIAN ZINC 30ml,24,155.00," 3,720.00 ","1,116.00","2,604.00",55.00,"1,320.00","1,284.00",,,,,,,,
16839,11-May-18,Quezon,GIAN ZINC 120ml,24,175.00," 4,200.00 ","1,260.00","2,940.00",75.00,"1,800.00","1,140.00",,,,,,,,
16840,16-May-18,Quezon,DOLO JAGA 500mg/50mg/100mg/100mcg,2,"1,600.00"," 3,200.00 ",634.00,"2,566.00",481.00,962.00,"1,604.00",,,,,,,,
16840,16-May-18,Quezon,BERCEF 50mg/ml,20,175.00," 3,500.00 ",692.00,"2,808.00",42.00,840.00,"1,968.00",,,,,,,,
16840,16-May-18,Quezon,JAGA 300mg/100mg/100mcg,4,"1,155.00"," 4,620.00 ",915.00,"3,705.00",345.00,"1,380.00","2,325.00",,,,,,,,
16841,16-May-18,Quezon,Hyclens 0.2% Wound Spray,6,269.79," 1,618.74 ",0.00,"1,618.74",115.00,690.00,928.74,,,,,,,,
16842,16-May-18,Quezon,BROADMETZ 500mg,3,"1,070.00"," 3,210.00 ",0.00,"3,210.00",319.00,957.00,"2,253.00",,,,,,,,
16843,17-May-18,Quezon,INTRAPLEM 100mg/5ml,72,92.00," 6,624.00 ",0.00,"6,624.00",27.00,"1,944.00","4,680.00",,,,,,,,
16844,18-May-18,Quezon,CLAVIC 500mg/125mg,12,"2,790.00"," 33,480.00 ","10,747.00","22,733.00","1,174.00","14,088.00","8,645.00",,,,,,,,
16845,17-May-18,Quezon,INTRAPLEM 100mg/5ml,24,92.00," 2,208.00 ",662.40,"1,545.60",27.00,648.00,897.60,,,,,,,,
16846,17-May-18,Quezon,INTRAPLEM 100mg/5ml,24,92.00," 2,208.00 ",0.00,"2,208.00",27.00,648.00,"1,560.00",,,,,,,,
16847,19-May-18,Quezon,Hyclens 0.2% Wound Spray,24,270.00," 6,480.00 ",0.00,"6,480.00",115.00,"2,760.00","3,720.00",,,,,,,,
16847,19-May-18,Quezon,VICOLAX 50mg/1mg/5ml,36,80.00," 2,880.00 ",0.00,"2,880.00",24.00,864.00,"2,016.00",,,,,,,,
16848,19-May-18,Quezon,TRIVASC 35mg MR,10,"1,425.00"," 14,250.00 ","5,700.00","8,550.00",445.00,"4,450.00","4,100.00",,,,,,,,
16849,21-May-18,Quezon,ROCIN 150,5,"2,200.00"," 11,000.00 ",0.00,"11,000.00",680.00,"3,400.00","7,600.00",,,,,,,,
16849,21-May-18,Quezon,FEXIL 100mg/ml,24,170.00," 4,080.00 ",0.00,"4,080.00",55.00,"1,320.00","2,760.00",,,,,,,,
16850,22-May-18,Quezon,LEIVICLOX 250mg,50,125.00," 6,250.00 ",0.00,"6,250.00",68.00,"3,400.00","2,850.00",,,,,,,,
17001,22-May-18,Quezon,MULTI GROW OB PLUS,5,"1,300.00"," 6,500.00 ",0.00,"6,500.00",450.00,"2,250.00","4,250.00",,,,,,,,
17002,22-May-18,Quezon,MONILIASOL 125mg/5ml,15,75.00," 1,125.00 ",0.00,"1,125.00",26.00,390.00,735.00,,,,,,,,
17002,22-May-18,Quezon,PROCARV 6.25mg,1,"1,200.00"," 1,200.00 ",0.00,"1,200.00",365.00,365.00,835.00,,,,,,,,
17002,22-May-18,Quezon,ALGESIC FORTE 325mg+400mg,5,770.00," 3,850.00 ",0.00,"3,850.00",218.00,"1,090.00","2,760.00",,,,,,,,
17003,22-May-18,Quezon,ALGESIC FORTE 325mg+400mg,6,770.00," 4,620.00 ",0.00,"4,620.00",218.00,"1,308.00","3,312.00",,,,,,,,
17004,22-May-18,Quezon,VOXOLL 30mg,1,650.00, 650.00 ,195.00,455.00,168.00,168.00,287.00,,,,,,,,
17004,22-May-18,Quezon,JAGA 300mg/100mg/100mcg,1,"1,540.00"," 1,540.00 ",462.00,"1,078.00",345.00,345.00,733.00,,,,,,,,
17005,26-May-18,Quezon,CEEPRAZOL 20mg,1,"1,800.00"," 1,800.00 ",0.00,"1,800.00",550.00,550.00,"1,250.00",,,,,,,,
17005,26-May-18,Quezon,INTRAPLEM 100mg/5ml,10,92.00, 920.00 ,0.00,920.00,27.00,270.00,650.00,,,,,,,,
17005,26-May-18,Quezon,BERCEF 250mg/5ml,3,450.00," 1,350.00 ",0.00,"1,350.00",148.00,444.00,906.00,,,,,,,,
17005,26-May-18,Quezon,VOXOLL 15mg/5ml,6,74.00, 444.00 ,0.00,444.00,23.00,138.00,306.00,,,,,,,,
17005,26-May-18,Quezon,CORVI PLUS 1mg/50mg,3,118.00, 354.00 ,0.00,354.00,39.00,117.00,237.00,,,,,,,,
17005,26-May-18,Quezon,SYNERMED 800mg/160mg,2,550.00," 1,100.00 ",0.00,"1,100.00",95.00,190.00,910.00,,,,,,,,
17006,26-May-18,Quezon,CINNABLOC 25mg,1,500.00, 500.00 ,0.00,500.00,133.00,133.00,367.00,,,,,,,,
17006,26-May-18,Quezon,MULTI GROW 30ml,6,175.00," 1,050.00 ",0.00,"1,050.00",55.00,330.00,720.00,,,,,,,,
17007,24-May-18,Quezon,RANITEIN,4,210.00, 840.00 ,0.00,840.00,88.00,352.00,488.00,,,,,,,,
17007,24-May-18,Quezon,RAPICLAV 625mg,4,442.50," 1,770.00 ",0.00,"1,770.00",198.00,792.00,978.00,,,,,,,,
17008,24-May-18,Quezon,TOSYLAM 750mg,6,"2,750.00"," 16,500.00 ",0.00,"16,500.00",980.00,"5,880.00","10,620.00",,,,,,,,
17009,25-May-18,Quezon,ATOVAS 20mg,10,750.00," 7,500.00 ",0.00,"7,500.00",202.00,"2,020.00","5,480.00",,,,,,,,
17009,25-May-18,Quezon,TRIVASC 35mg MR,3,"1,425.00"," 4,275.00 ",0.00,"4,275.00",445.00,"1,335.00","2,940.00",,,,,,,,
17010,28-May-18,Quezon,CLAVIC 500mg/125mg,3,"2,790.00"," 8,370.00 ","2,511.00","5,859.00","1,174.00","3,522.00","2,337.00",,,,,,,,
17010,28-May-18,Quezon,SYNERMED 200mg/40mg/5ml,12,90.00," 1,080.00 ",324.00,756.00,26.00,312.00,444.00,,,,,,,,
17011,28-May-18,Quezon,LIPIVASC 40mg,10,950.00," 9,500.00 ",0.00,"9,500.00",288.00,"2,880.00","6,620.00",,,,,,,,
17012,28-May-18,Quezon,SYNERMED 200mg/40mg/5ml,6,90.00, 540.00 ,0.00,540.00,26.00,156.00,384.00,,,,,,,,
17012,28-May-18,Quezon,TOSYLAM 375mg,1,"2,300.00"," 2,300.00 ",0.00,"2,300.00",765.00,765.00,"1,535.00",,,,,,,,
17013,28-May-18,Quezon,VICOLAX 100mg/2mg,3,800.00," 2,400.00 ",720.00,"1,680.00",225.00,675.00,"1,005.00",,,,,,,,
17014,28-May-18,Quezon,MONILIASOL 125mg/5ml,28,56.25," 1,575.00 ",0.00,"1,575.00",26.00,728.00,847.00,,,,,,,,
17015,29-May-18,Quezon,VISTREP 250mg/5ml,12,105.00," 1,260.00 ",378.00,882.00,28.00,336.00,546.00,,,,,,,,
17015,29-May-18,Quezon,VISTREP 125mg/5ml,12,79.00, 948.00 ,284.40,663.60,24.00,288.00,375.60,,,,,,,,
17015,29-May-18,Quezon,INTRAPLEM 100mg/5ml,12,92.00," 1,104.00 ",331.20,772.80,27.00,324.00,448.80,,,,,,,,
17016,31-May-18,Quezon,SALMOGEN 125mg/5ml,29,98.00," 2,842.00 ",852.60,"1,989.40",29.00,841.00,"1,148.40",,,,,,,,
17016,31-May-18,Quezon,VICOLAX 50mg/1mg/5ml,30,80.00," 2,400.00 ",720.00,"1,680.00",24.00,720.00,960.00,,,,,,,,
17016,31-May-18,Quezon,MONILIASOL 125mg/5ml,29,75.00," 2,175.00 ",652.50,"1,522.50",26.00,754.00,768.50,,,,,,,,
17017,30-May-18,Quezon,LEXI B FORTE 300mg/100mg/100mcg,3,"1,000.00"," 3,000.00 ",0.00,"3,000.00",323.00,969.00,"2,031.00",,,,,,,,
17019,01-Jun-18,Quezon,JAGA 300mg/100mg/100mcg,1,"1,002.00"," 1,002.00 ",0.00,"1,002.00",345.00,345.00,657.00,,,,,,,,
17020,01-Jun-18,Quezon,MONILIASOL 125mg/5ml,18,50.00, 900.00 ,0.00,900.00,26.00,468.00,432.00,,,,,,,,
17021,04-Jun-18,Quezon,XYNETIN 1500mg/200iu,10,"1,050.00"," 10,500.00 ",0.00,"10,500.00",310.00,"3,100.00","7,400.00",,,,,,,,
17021,04-Jun-18,Quezon,ATOVAS 20mg,10,750.00," 7,500.00 ",0.00,"7,500.00",202.00,"2,020.00","5,480.00",,,,,,,,
17021,04-Jun-18,Quezon,APROCARE 150mg,10,750.00," 7,500.00 ",0.00,"7,500.00",219.00,"2,190.00","5,310.00",,,,,,,,
17022,04-Jun-18,Quezon,VITASTRONG SOFTGEL,5,"2,000.00"," 10,000.00 ",0.00,"10,000.00",750.00,"3,750.00","6,250.00",,,,,,,,
17024,05-Jun-18,Quezon,ZEGECEF 250mg/5ml,6,400.00," 2,400.00 ",0.00,"2,400.00",139.00,834.00,"1,566.00",,,,,,,,
17025,05-Jun-18,Quezon,ZINCAVIT 27.5mg/ml,15,88.00," 1,320.00 ",0.00,"1,320.00",24.00,360.00,960.00,,,,,,,,
17025,05-Jun-18,Quezon,MULTI GROW 120ml,15,240.00," 3,600.00 ",0.00,"3,600.00",75.00,"1,125.00","2,475.00",,,,,,,,
17025,05-Jun-18,Quezon,ORNEXIN 325mg/10mg/5mg,15,140.00," 2,100.00 ",0.00,"2,100.00",43.00,645.00,"1,455.00",,,,,,,,
17025,05-Jun-18,Quezon,PENCHLOR 1mg/800mcg,15,98.00," 1,470.00 ",0.00,"1,470.00",31.00,465.00,"1,005.00",,,,,,,,
17026,05-Jun-18,Quezon,JOSILVITE,4,750.00," 3,000.00 ",0.00,"3,000.00",350.00,"1,400.00","1,600.00",,,,,,,,
17026,05-Jun-18,Quezon,MULTI GROW OB PLUS,4,975.00," 3,900.00 ",0.00,"3,900.00",450.00,"1,800.00","2,100.00",,,,,,,,
17026,05-Jun-18,Quezon,XYNETIN 1500mg/200iu,4,787.50," 3,150.00 ",0.00,"3,150.00",310.00,"1,240.00","1,910.00",,,,,,,,
17026,05-Jun-18,Quezon,CAPSUGEN FORTE,4,"1,155.00"," 4,620.00 ",0.00,"4,620.00",310.00,"1,240.00","3,380.00",,,,,,,,
17027,06-Jun-18,Quezon,CAPSUGEN FORTE,1,"1,540.00"," 1,540.00 ",0.00,"1,540.00",310.00,310.00,"1,230.00",,,,,,,,
17027,06-Jun-18,Quezon,VITAFER OB,2,600.00," 1,200.00 ",0.00,"1,200.00",155.00,310.00,890.00,,,,,,,,
17027,06-Jun-18,Quezon,CINNABLOC 25mg,1,500.00, 500.00 ,0.00,500.00,133.00,133.00,367.00,,,,,,,,
17027,06-Jun-18,Quezon,MULTI GROW 30ml,12,175.00," 2,100.00 ",0.00,"2,100.00",55.00,660.00,"1,440.00",,,,,,,,
17028,06-Jun-18,Quezon,INTRAPLEM 500mg,1,980.00, 980.00 ,294.00,686.00,280.00,280.00,406.00,,,,,,,,
17029,11-Jun-18,Quezon,INTRAPLEM 100mg/5ml,10,92.00, 920.00 ,184.00,736.00,27.00,270.00,466.00,,,,,,,,
17029,11-Jun-18,Quezon,INTRAPLEM 50mg/ml - Drops,10,78.00, 780.00 ,156.00,624.00,23.00,230.00,394.00,,,,,,,,
17029,11-Jun-18,Quezon,INTRAPLEM 500mg,1,980.00, 980.00 ,196.00,784.00,280.00,280.00,504.00,,,,,,,,
17030,11-Jun-18,Quezon,APROCARE 150mg,15,870.00," 13,050.00 ","3,915.00","9,135.00",219.00,"3,285.00","5,850.00",,,,,,,,
17031,11-Jun-18,Quezon,MULTI GROW 120ml,3,240.00, 720.00 ,144.00,576.00,75.00,225.00,351.00,,,,,,,,
17031,11-Jun-18,Quezon,GIAN ZINC 30ml,3,155.00, 465.00 ,93.00,372.00,55.00,165.00,207.00,,,,,,,,
17031,11-Jun-18,Quezon,MULTI GROW 30ml,3,175.00, 525.00 ,105.00,420.00,55.00,165.00,255.00,,,,,,,,
17032,12-Jun-18,Quezon,CEEPRAZOL 20mg,5,"1,800.00"," 9,000.00 ",0.00,"9,000.00",550.00,"2,750.00","6,250.00",,,,,,,,
17032,12-Jun-18,Quezon,SALMOGEN 125mg/5ml,26,98.00," 2,548.00 ",0.00,"2,548.00",29.00,754.00,"1,794.00",,,,,,,,
17032,12-Jun-18,Quezon,TRIZINE ,72,295.00," 21,240.00 ",0.00,"21,240.00",175.00,"12,600.00","8,640.00",,,,,,,,
17032,12-Jun-18,Quezon,Essprin Adult,15,495.00," 7,425.00 ",0.00,"7,425.00",240.00,"3,600.00","3,825.00",,,,,,,,
17033,12-Jun-18,Quezon,MONILIASOL 500mg,5,750.00," 3,750.00 ","1,203.75","2,546.25",240.00,"1,200.00","1,346.25",,,,,,,,
17034,12-Jun-18,Quezon,BERCEF 50mg/ml,24,175.00," 4,200.00 ",0.00,"4,200.00",42.00,"1,008.00","3,192.00",,,,,,,,
17036,15-Jun-18,Quezon,ATOVAS 20mg,4,650.00," 2,600.00 ",0.00,"2,600.00",202.00,808.00,"1,792.00",,,,,,,,
17038,15-Jun-18,Quezon,APROCARE 150mg,20,870.00," 17,400.00 ",0.00,"17,400.00",219.00,"4,380.00","13,020.00",,,,,,,,
17038,15-Jun-18,Quezon,ATOVAS 20mg,10,750.00," 7,500.00 ",0.00,"7,500.00",202.00,"2,020.00","5,480.00",,,,,,,,
17039,18-Jun-18,Quezon,FERGLOBIN 250mg,3,725.00," 2,175.00 ",435.00,"1,740.00",215.00,645.00,"1,095.00",,,,,,,,
17039,18-Jun-18,Quezon,DUOTRAM 325mg,1,860.00, 860.00 ,217.50,642.50,275.00,275.00,367.50,,,,,,,,
17040,18-Jun-18,Quezon,SAPHLECOX 200mg,2,620.00," 1,240.00 ",248.00,992.00,186.00,372.00,620.00,,,,,,,,
17041,18-Jun-18,Quezon,CEFEXIL 500mg,10,"1,800.00"," 18,000.00 ",0.00,"18,000.00",535.00,"5,350.00","12,650.00",,,,,,,,
17042,19-Jun-18,Quezon,XYNETIN 1500mg/200iu,3,"1,050.00"," 3,150.00 ",0.00,"3,150.00",310.00,930.00,"2,220.00",,,,,,,,
17042,19-Jun-18,Quezon,CLAVIC 250mg/62.5mg/5ml,12,310.00," 3,720.00 ",0.00,"3,720.00",130.00,"1,560.00","2,160.00",,,,,,,,
17042,19-Jun-18,Quezon,CORVI PLUS 1mg/50mg,3,118.00, 354.00 ,0.00,354.00,39.00,117.00,237.00,,,,,,,,
17043,19-Jun-18,Quezon,DOLO JAGA 500mg/50mg/100mg/100mcg,2,"1,600.00"," 3,200.00 ",0.00,"3,200.00",481.00,962.00,"2,238.00",,,,,,,,
17044,20-Jun-18,Quezon,INTRAPLEM 500mg,1,980.00, 980.00 ,0.00,980.00,280.00,280.00,700.00,,,,,,,,
17044,20-Jun-18,Quezon,CEFEXIL 500mg,1,"1,800.00"," 1,800.00 ",0.00,"1,800.00",535.00,535.00,"1,265.00",,,,,,,,
17044,20-Jun-18,Quezon,INTRAPLEM 50mg/ml - Drops,2,78.00, 156.00 ,0.00,156.00,23.00,46.00,110.00,,,,,,,,
17044,20-Jun-18,Quezon,CEEPRAZOL 20mg,1,"1,800.00"," 1,800.00 ",0.00,"1,800.00",550.00,550.00,"1,250.00",,,,,,,,
17045,20-Jun-18,Quezon,NERVAPLEX 500mg,1,"1,650.00"," 1,650.00 ",0.00,"1,650.00",458.00,458.00,"1,192.00",,,,,,,,
17046,20-Jun-18,Quezon,MAXXIVIT PLUS,2,"1,400.00"," 2,800.00 ",0.00,"2,800.00",420.00,840.00,"1,960.00",,,,,,,,
17047,21-Jun-18,Quezon,MULTI GROW 30ml,20,175.00," 3,500.00 ",0.00,"3,500.00",55.00,"1,100.00","2,400.00",,,,,,,,
17047,21-Jun-18,Quezon,PENCHLOR 1mg/800mcg,20,98.00," 1,960.00 ",0.00,"1,960.00",31.00,620.00,"1,340.00",,,,,,,,
17047,21-Jun-18,Quezon,MULTI GROW 120ml,20,240.00," 4,800.00 ",0.00,"4,800.00",75.00,"1,500.00","3,300.00",,,,,,,,
17048,25-Jun-18,Quezon,ZELEX 200mg,1,"2,800.00"," 2,800.00 ",0.00,"2,800.00",750.00,750.00,"2,050.00",,,,,,,,
17048,25-Jun-18,Quezon,LEXI B FORTE 300mg/100mg/100mcg,3,"1,000.00"," 3,000.00 ",0.00,"3,000.00",323.00,969.00,"2,031.00",,,,,,,,
17048,25-Jun-18,Quezon,HISTARIL 1mg/50mg/5ml,12,80.00, 960.00 ,0.00,960.00,24.47,293.64,666.36,,,,,,,,
17048,25-Jun-18,Quezon,INTRAPLEM 50mg/ml - Drops,12,78.00, 936.00 ,0.00,936.00,23.00,276.00,660.00,,,,,,,,
17048,25-Jun-18,Quezon,INTRAPLEM 100mg/5ml,4,92.00, 368.00 ,0.00,368.00,27.00,108.00,260.00,,,,,,,,
17048,25-Jun-18,Quezon,VOXOLL 15mg/5ml,5,74.00, 370.00 ,0.00,370.00,23.00,115.00,255.00,,,,,,,,
17049,25-Jun-18,Quezon,MAXXIVIT PLUS,8,"1,400.00"," 11,200.00 ",0.00,"11,200.00",420.00,"3,360.00","7,840.00",,,,,,,,
17050,26-Jun-18,Quezon,ERGON 125mcg,2,790.00," 1,580.00 ",0.00,"1,580.00",128.00,256.00,"1,324.00",,,,,,,,
17551,03-Sep-18,Quezon,APROCARE 150mg,20,870.00," 17,400.00 ",0.00,"17,400.00",219.00,"4,380.00","13,020.00",,,,,,,,
17552,04-Sep-18,Quezon,CEEPRAZOL 20mg,2,"1,800.00"," 3,600.00 ",0.00,"3,600.00",550.00,"1,100.00","2,500.00",,,,,,,,
17553,04-Sep-18,Quezon,VISTREP 250mg/5ml,12,105.00," 1,260.00 ",378.00,882.00,28.00,336.00,546.00,,,,,,,,
17554,05-Sep-18,Quezon,ALGICAP 50mg/5ml,12,80.00, 960.00 ,288.00,672.00,24.00,288.00,384.00,,,,,,,,
17555,05-Sep-18,Quezon,CAPSUGEN FORTE,6,"1,026.67"," 6,160.00 ",0.00,"6,160.00",310.00,"1,860.00","4,300.00",,,,,,,,
17555,05-Sep-18,Quezon,SALMOGEN 500mg,3,800.00," 2,400.00 ",0.00,"2,400.00",330.00,990.00,"1,410.00",,,,,,,,
17556,05-Sep-18,Quezon,XYNETIN 1500mg/200iu,10,"1,050.00"," 10,500.00 ",0.00,"10,500.00",310.00,"3,100.00","7,400.00",,,,,,,,
17557,18-Sep-18,Quezon,MONILIASOL 125mg/5ml,12,75.00, 900.00 ,0.00,900.00,26.00,312.00,588.00,,,,,,,,
17557,18-Sep-18,Quezon,TURBOLAX 2mg/5ml,8,69.00, 552.00 ,0.00,552.00,21.00,168.00,384.00,,,,,,,,
17557,18-Sep-18,Quezon,GIAN ZINC 120ml,10,175.00," 1,750.00 ",0.00,"1,750.00",75.00,750.00,"1,000.00",,,,,,,,
17558,19-Sep-18,Quezon,FEXIL 100mg/ml,24,170.00," 4,080.00 ","1,224.00","2,856.00",55.00,"1,320.00","1,536.00",,,,,,,,
17559,20-Sep-18,Quezon,Hyclens 0.2% Wound Spray,24,269.79," 6,474.96 ","1,294.99","5,179.97",115.00,"2,760.00","2,419.97",,,,,,,,
17560,24-Sep-18,Quezon,JAGA 300mg/100mg/100mcg,10,"1,540.00"," 15,400.00 ","4,620.00","10,780.00",345.00,"3,450.00","7,330.00",,,,,,,,
17561,24-Sep-18,Quezon,INTRAPLEM 100mg/5ml,12,92.00," 1,104.00 ",0.00,"1,104.00",27.00,324.00,780.00,,,,,,,,
17561,24-Sep-18,Quezon,FEXIL 100mg/ml,12,170.00," 2,040.00 ",0.00,"2,040.00",55.00,660.00,"1,380.00",,,,,,,,
17561,24-Sep-18,Quezon,INTRAPLEM 50mg/ml - Drops,12,78.00, 936.00 ,0.00,936.00,23.00,276.00,660.00,,,,,,,,
17561,24-Sep-18,Quezon,VICOLAX 100mg/2mg,1,800.00, 800.00 ,0.00,800.00,225.00,225.00,575.00,,,,,,,,
17561,24-Sep-18,Quezon,VOXOLL 15mg/5ml,2,74.00, 148.00 ,0.00,148.00,23.00,46.00,102.00,,,,,,,,
17561,24-Sep-18,Quezon,CAPSUGEN FORTE,2,"1,540.00"," 3,080.00 ",0.00,"3,080.00",310.00,620.00,"2,460.00",,,,,,,,
17561,24-Sep-18,Quezon,SYNERMED 200mg/40mg/5ml,12,90.00," 1,080.00 ",0.00,"1,080.00",26.00,312.00,768.00,,,,,,,,
17562,10-Sep-18,Quezon,ZUDEM 50mg/5ml,15,618.67," 9,280.00 ",0.00,"9,280.00",178.00,"2,670.00","6,610.00",,,,,,,,
17563,11-Sep-18,Quezon,INTRAPLEM 500mg,1,980.00, 980.00 ,294.00,686.00,280.00,280.00,406.00,,,,,,,,
17563,11-Sep-18,Quezon,JAGA 300mg/100mg/100mcg,1,"1,540.00"," 1,540.00 ",462.00,"1,078.00",345.00,345.00,733.00,,,,,,,,
17564,12-Sep-18,Quezon,TRIZINE FORTE,5,"2,900.00"," 14,500.00 ",0.00,"14,500.00","1,350.00","6,750.00","7,750.00",,,,,,,,
17564,12-Sep-18,Quezon,DOLO JAGA 500mg/50mg/100mg/100mcg,2,"1,650.00"," 3,300.00 ",0.00,"3,300.00",481.00,962.00,"2,338.00",,,,,,,,
17564,12-Sep-18,Quezon,ANEROCIN 300mg ,5,"3,800.00"," 19,000.00 ",0.00,"19,000.00",890.00,"4,450.00","14,550.00",,,,,,,,
17564,12-Sep-18,Quezon,MONILIASOL 125mg/5ml,24,75.00," 1,800.00 ",0.00,"1,800.00",26.00,624.00,"1,176.00",,,,,,,,
17565,12-Sep-18,Quezon,DOLO JAGA 500mg/50mg/100mg/100mcg,1,"1,650.00"," 1,650.00 ",0.00,"1,650.00",481.00,481.00,"1,169.00",,,,,,,,
17565,12-Sep-18,Quezon,VICOLAX 50mg/1mg/5ml,12,80.00, 960.00 ,0.00,960.00,24.00,288.00,672.00,,,,,,,,
17565,12-Sep-18,Quezon,JAGA 300mg/100mg/100mcg,3,"1,540.00"," 4,620.00 ",0.00,"4,620.00",345.00,"1,035.00","3,585.00",,,,,,,,
17565,12-Sep-18,Quezon,TOSYLAM 750mg,3,"2,750.00"," 8,250.00 ",0.00,"8,250.00",980.00,"2,940.00","5,310.00",,,,,,,,
17566,12-Sep-18,Quezon,VICOLAX 100mg/2mg,3,800.00," 2,400.00 ",0.00,"2,400.00",225.00,675.00,"1,725.00",,,,,,,,
17566,12-Sep-18,Quezon,FERGLOBIN FA 60mg/400mcg,3,725.00," 2,175.00 ",0.00,"2,175.00",240.00,720.00,"1,455.00",,,,,,,,
17566,12-Sep-18,Quezon,INTRAPLEM 100mg/5ml,20,78.00," 1,560.00 ",0.00,"1,560.00",27.00,540.00,"1,020.00",,,,,,,,
17567,12-Sep-18,Quezon,CLAVIC 500mg/125mg,10,"2,790.00"," 27,900.00 ","8,955.40","18,944.60","1,174.00","11,740.00","7,204.60",,,,,,,,
17568,12-Sep-18,Quezon,INTRAPLEM 100mg/5ml,14,78.00," 1,092.00 ",0.00,"1,092.00",27.00,378.00,714.00,,,,,,,,
17569,17-Sep-18,Quezon,APROCARE 150mg,20,870.00," 17,400.00 ",0.00,"17,400.00",219.00,"4,380.00","13,020.00",,,,,,,,
17570,17-Sep-18,Quezon,JAGA 300mg/100mg/100mcg,3,"1,540.00"," 4,620.00 ","1,155.00","3,465.00",345.00,"1,035.00","2,430.00",,,,,,,,
17570,17-Sep-18,Quezon,DOLO JAGA 500mg/50mg/100mg/100mcg,1,"1,650.00"," 1,650.00 ",412.50,"1,237.50",481.00,481.00,756.50,,,,,,,,
17571,24-Sep-18,Quezon,NERVAPLEX 500mg,2,"1,650.00"," 3,300.00 ",0.00,"3,300.00",458.00,916.00,"2,384.00",,,,,,,,
17571,24-Sep-18,Quezon,CINNABLOC 75mg,2,160.00, 320.00 ,0.00,320.00,40.00,80.00,240.00,,,,,,,,
17572,24-Sep-18,Quezon,SUPMAC 500mg,20,285.00," 5,700.00 ","1,995.00","3,705.00",34.00,680.00,"3,025.00",,,,,,,,
17573,25-Sep-18,Quezon,AMOLTEX 2mg/5ml,20,69.00," 1,380.00 ",0.00,"1,380.00",20.00,400.00,980.00,,,,,,,,
17573,25-Sep-18,Quezon,MULTI GROW 120ml,18,240.00," 4,320.00 ",0.00,"4,320.00",75.00,"1,350.00","2,970.00",,,,,,,,
17573,25-Sep-18,Quezon,PENCHLOR 1mg/800mcg,20,98.00," 1,960.00 ",0.00,"1,960.00",31.00,620.00,"1,340.00",,,,,,,,
17574,25-Sep-18,Quezon,CAPSUGEN FORTE,4,"1,155.00"," 4,620.00 ",0.00,"4,620.00",310.00,"1,240.00","3,380.00",,,,,,,,
17574,25-Sep-18,Quezon,CLAVIC 500mg/125mg,4,"2,092.50"," 8,370.00 ",0.00,"8,370.00","1,174.00","4,696.00","3,674.00",,,,,,,,
17574,25-Sep-18,Quezon,VOXOLL 30mg,4,585.00," 2,340.00 ",0.00,"2,340.00",168.00,672.00,"1,668.00",,,,,,,,
17575,26-Sep-18,Quezon,AMOLTEX 2mg/5ml,20,69.00," 1,380.00 ",0.00,"1,380.00",20.00,400.00,980.00,,,,,,,,
17575,26-Sep-18,Quezon,VICOLAX 50mg/1mg/5ml,20,80.00," 1,600.00 ",0.00,"1,600.00",24.00,480.00,"1,120.00",,,,,,,,
17576,26-Sep-18,Quezon,MULTI GROW OB PLUS,3,"1,300.00"," 3,900.00 ","1,170.00","2,730.00",450.00,"1,350.00","1,380.00",,,,,,,,
17578,27-Sep-18,Quezon,FEXIL 500MG,5,"1,800.00"," 9,000.00 ",0.00,"9,000.00",535.00,"2,675.00","6,325.00",,,,,,,,
17581,30-Oct-18,Quezon,Hyclens 0.2% Wound Spray,8,270.00," 2,160.00 ",0.00,"2,160.00",115.00,920.00,"1,240.00",,,,,,,,
17582,30-Oct-18,Quezon,Isoprine 10mg,4,825.00," 3,300.00 ",0.00,"3,300.00",235.00,940.00,"2,360.00",,,,,,,,
17583,30-Oct-18,Quezon,FEXIL 100mg/ml,3,170.00, 510.00 ,0.00,510.00,55.00,165.00,345.00,,,,,,,,
17583,30-Oct-18,Quezon,HISTARIL 1mg/50mg/5ml,3,80.00, 240.00 ,0.00,240.00,24.47,73.41,166.59,,,,,,,,
17583,30-Oct-18,Quezon,FEXIL 250mg/5ml,5,198.00, 990.00 ,0.00,990.00,65.00,325.00,665.00,,,,,,,,
17583,30-Oct-18,Quezon,SYNERMED 200mg/40mg/5ml,6,90.00, 540.00 ,0.00,540.00,26.00,156.00,384.00,,,,,,,,
17583,30-Oct-18,Quezon,CORVI PLUS 1mg/50mg,6,118.00, 708.00 ,0.00,708.00,39.00,234.00,474.00,,,,,,,,
17583,30-Oct-18,Quezon,VICOLAX 100mg/2mg,1,800.00, 800.00 ,0.00,800.00,225.00,225.00,575.00,,,,,,,,
17583,30-Oct-18,Quezon,INTRAPLEM 100mg/5ml,3,78.00, 234.00 ,0.00,234.00,27.00,81.00,153.00,,,,,,,,
17584 / SI1925,06-Nov-18,Quezon,ATOVAS 20mg,20,750.00," 15,000.00 ",0.00,"15,000.00",202.00,"4,040.00","10,960.00",,,,,,,,
17586,03-Oct-18,Quezon,MULTI GROW OB PLUS,5,"1,040.00"," 5,200.00 ",0.00,"5,200.00",450.00,"2,250.00","2,950.00",,,,,,,,
17586,03-Oct-18,Quezon,XYNETIN 1500mg/200iu,5,840.00," 4,200.00 ",0.00,"4,200.00",310.00,"1,550.00","2,650.00",,,,,,,,
17587,03-Oct-18,Quezon,TERMAGEN 250MG,24,80.00," 1,920.00 ",0.00,"1,920.00",23.00,552.00,"1,368.00",,,,,,,,
17587,03-Oct-18,Quezon,VOXOLL 30mg,6,650.00," 3,900.00 ",0.00,"3,900.00",168.00,"1,008.00","2,892.00",,,,,,,,
17587,03-Oct-18,Quezon,CLAVIC 500mg/125mg,5,"2,790.00"," 13,950.00 ",0.00,"13,950.00","1,174.00","5,870.00","8,080.00",,,,,,,,
17587,03-Oct-18,Quezon,TERMAGEN 100mg/ml,24,58.00," 1,392.00 ",0.00,"1,392.00",17.00,408.00,984.00,,,,,,,,
17588,04-Oct-18,Quezon,APROCARE 150mg,20,870.00," 17,400.00 ",0.00,"17,400.00",219.00,"4,380.00","13,020.00",,,,,,,,
17588,04-Oct-18,Quezon,ATOVAS 20mg,10,750.00," 7,500.00 ",0.00,"7,500.00",202.00,"2,020.00","5,480.00",,,,,,,,
17589,04-Oct-18,Quezon,NERVAPLEX 500mg,1,"1,650.00"," 1,650.00 ",0.00,"1,650.00",458.00,458.00,"1,192.00",,,,,,,,
17590,05-Oct-18,Quezon,VITAFER OB,1,650.00, 650.00 ,0.00,650.00,155.00,155.00,495.00,,,,,,,,
17590,05-Oct-18,Quezon,XYNETIN 1500mg/200iu,1,"1,050.00"," 1,050.00 ",0.00,"1,050.00",310.00,310.00,740.00,,,,,,,,
17590,05-Oct-18,Quezon,LEIVICLOX 250mg,34,125.00," 4,250.00 ",0.00,"4,250.00",68.00,"2,312.00","1,938.00",,,,,,,,
17591,05-Oct-18,Quezon,MULTI GROW OB PLUS,1,"1,300.00"," 1,300.00 ",390.00,910.00,450.00,450.00,460.00,,,,,,,,
17591,05-Oct-18,Quezon,ALGESIC FORTE 325mg+400mg,2,770.00," 1,540.00 ",462.00,"1,078.00",218.00,436.00,642.00,,,,,,,,
17592,05-Oct-18,Quezon,INTRAPLEM 100mg/5ml,6,92.00, 552.00 ,165.60,386.40,27.00,162.00,224.40,,,,,,,,
17592,05-Oct-18,Quezon,Bufen 200mg/ml,20,112.00," 2,240.00 ",672.00,"1,568.00",35.00,700.00,868.00,,,,,,,,
17592,05-Oct-18,Quezon,JAGA 300mg/100mg/100mcg,1,"1,540.00"," 1,540.00 ",462.00,"1,078.00",345.00,345.00,733.00,,,,,,,,
17593,08-Oct-18,Quezon,INTRAPLEM 50mg/ml - Drops,3,78.00, 234.00 ,0.00,234.00,23.00,69.00,165.00,,,,,,,,
17593,08-Oct-18,Quezon,INTRAPLEM 100mg/5ml,3,92.00, 276.00 ,0.00,276.00,27.00,81.00,195.00,,,,,,,,
17593,08-Oct-18,Quezon,SYNERMED 800mg/160mg,1,550.00, 550.00 ,0.00,550.00,95.00,95.00,455.00,,,,,,,,
17593,08-Oct-18,Quezon,SYNERMED 200mg/40mg/5ml,5,90.00, 450.00 ,0.00,450.00,26.00,130.00,320.00,,,,,,,,
17593,08-Oct-18,Quezon,VICOLAX 100mg/2mg,1,800.00, 800.00 ,0.00,800.00,225.00,225.00,575.00,,,,,,,,
17594,09-Oct-18,Quezon,XYNETIN 1500mg/200iu,10,"1,050.00"," 10,500.00 ",0.00,"10,500.00",310.00,"3,100.00","7,400.00",,,,,,,,
17594,09-Oct-18,Quezon,ATOVAS 20mg,10,750.00," 7,500.00 ",0.00,"7,500.00",202.00,"2,020.00","5,480.00",,,,,,,,
17595,11-Oct-18,Quezon,MAXXIVIT PLUS,3,"1,400.00"," 4,200.00 ",0.00,"4,200.00",420.00,"1,260.00","2,940.00",,,,,,,,
17595,11-Oct-18,Quezon,XYNETIN 1500mg/200iu,5,"1,050.00"," 5,250.00 ",0.00,"5,250.00",310.00,"1,550.00","3,700.00",,,,,,,,
17596,09-Oct-18,Quezon,CAPSUGEN FORTE,10,"1,540.00"," 15,400.00 ","4,620.00","10,780.00",310.00,"3,100.00","7,680.00",,,,,,,,
17597,10-Oct-18,Quezon,APROCARE 150mg,10,870.00," 8,700.00 ",0.00,"8,700.00",219.00,"2,190.00","6,510.00",,,,,,,,
17597,10-Oct-18,Quezon,TRIZINE ,45,298.00," 13,410.00 ",0.00,"13,410.00",175.00,"7,875.00","5,535.00",,,,,,,,
17598,10-Oct-18,Quezon,CLAVIC 500mg/125mg,17,"2,790.00"," 47,430.00 ","15,225.03","32,204.97","1,174.00","19,958.00","12,246.97",,,,,,,,
17598,10-Oct-18,Quezon,FERGLOBIN 250mg,5,725.00," 3,625.00 ","1,163.63","2,461.38",215.00,"1,075.00","1,386.38",,,,,,,,
17599,10-Oct-18,Quezon,TOSYLAM 750mg,2,"3,250.00"," 6,500.00 ",0.00,"6,500.00",980.00,"1,960.00","4,540.00",,,,,,,,
17599,10-Oct-18,Quezon,VICOLAX 50mg/1mg/5ml,24,80.00," 1,920.00 ",0.00,"1,920.00",24.00,576.00,"1,344.00",,,,,,,,
17600,10-Oct-18,Quezon,CEFEXIL 500mg,6,"1,800.00"," 10,800.00 ","3,466.80","7,333.20",535.00,"3,210.00","4,123.20",,,,,,,,
17600,10-Oct-18,Quezon,LACTAMOX 500mg/125mg,10,"2,790.00"," 27,900.00 ","8,955.90","18,944.10","1,174.00","11,740.00","7,204.10",,,,,,,,
17645,25-Sep-18,Quezon,ATOVAS 20mg,10,750.00," 7,500.00 ",0.00,"7,500.00",202.00,"2,020.00","5,480.00",,,,,,,,
17757,01-Sep-18,Quezon,Suction Connecting Tube,20,180.00," 3,600.00 ",0.00,"3,600.00",70.00,"1,400.00","2,200.00",,,,,,,,
17757,01-Sep-18,Quezon,Yankauer,20,180.00," 3,600.00 ",0.00,"3,600.00",130.00,"2,600.00","1,000.00",,,,,,,,
17757,01-Sep-18,Quezon,THORACOTOMY F28,1,593.00, 593.00 ,0.00,593.00,400.00,400.00,193.00,,,,,,,,
17757,01-Sep-18,Quezon,Lubricating Jelly Sachet,1,780.00, 780.00 ,0.00,780.00,750.00,750.00,30.00,,,,,,,,
17757,01-Sep-18,Quezon,Digital Thermometer,50,62.50," 3,125.00 ",0.00,"3,125.00",50.00,"2,500.00",625.00,,,,,,,,
17764,17-Sep-18,Quezon,ZEGECEF 250mg/5ml,10,400.00," 4,000.00 ",0.00,"4,000.00",139.00,"1,390.00","2,610.00",,,,,,,,
17764,17-Sep-18,Quezon,EVAPROST 250mcg/ml,1,"9,000.00"," 9,000.00 ",0.00,"9,000.00","3,575.00","3,575.00","5,425.00",,,,,,,,
17775,05-Oct-18,Quezon,ERGON 125mcg,2,"1,000.00"," 2,000.00 ",0.00,"2,000.00",128.00,256.00,"1,744.00",,,,,,,,
17782,10-Oct-18,Quezon,LACTAMOX 500mg/125mg,10,"2,790.00"," 27,900.00 ",0.00,"27,900.00","1,174.00","11,740.00","16,160.00",,,,,,,,
17851,27-Jun-18,Quezon,ZUDEM 200MG,6,"7,360.00"," 44,160.00 ",0.00,"44,160.00","1,600.00","9,600.00","34,560.00",,,,,,,,
17851,27-Jun-18,Quezon,TRIZINE FORTE,5,"2,900.00"," 14,500.00 ",0.00,"14,500.00","1,350.00","6,750.00","7,750.00",,,,,,,,
17851,27-Jun-18,Quezon,APROCARE 150mg,12,870.00," 10,440.00 ",0.00,"10,440.00",219.00,"2,628.00","7,812.00",,,,,,,,
17851,27-Jun-18,Quezon,PROCARV 6.25mg,1,"1,200.00"," 1,200.00 ",0.00,"1,200.00",365.00,365.00,835.00,,,,,,,,
17851,27-Jun-18,Quezon,Hyclens 0.2% Wound Spray,24,270.00," 6,480.00 ",0.00,"6,480.00",115.00,"2,760.00","3,720.00",,,,,,,,
17851A,11-Oct-18,Quezon,PENCHLOR 1mg/800mcg,12,98.00," 1,176.00 ",0.00,"1,176.00",31.00,372.00,804.00,,,,,,,,
17851A,11-Oct-18,Quezon,AMOLTEX 2mg/5ml,24,69.00," 1,656.00 ",0.00,"1,656.00",20.00,480.00,"1,176.00",,,,,,,,
17852,27-Jun-18,Quezon,VITAKIDS 120ml,30,160.00," 4,800.00 ",0.00,"4,800.00",49.00,"1,470.00","3,330.00",,,,,,,,
17852,27-Jun-18,Quezon,AMETRIS 125mg,30,112.00," 3,360.00 ",0.00,"3,360.00",35.00,"1,050.00","2,310.00",,,,,,,,
17852,27-Jun-18,Quezon,MULTI GROW 30ml,30,175.00," 5,250.00 ",0.00,"5,250.00",55.00,"1,650.00","3,600.00",,,,,,,,
17852A,12-Oct-18,Quezon,BERCEF 250mg/5ml,6,280.00," 1,680.00 ",0.00,"1,680.00",148.00,888.00,792.00,,,,,,,,
17852A,12-Oct-18,Quezon,BERCEF 50mg/ml,15,122.50," 1,837.50 ",0.00,"1,837.50",42.00,630.00,"1,207.50",,,,,,,,
17853,28-Jun-18,Quezon,TOSYLAM 750mg,2,"2,750.00"," 5,500.00 ","1,100.00","4,400.00",980.00,"1,960.00","2,440.00",,,,,,,,
17853A,12-Oct-18,Quezon,FERGLOBIN 250mg,10,725.00," 7,250.00 ",0.00,"7,250.00",215.00,"2,150.00","5,100.00",,,,,,,,
17854,28-Jun-18,Quezon,JAGA 300mg/100mg/100mcg,1,"1,500.00"," 1,500.00 ",450.00,"1,050.00",345.00,345.00,705.00,,,,,,,,
17854A,15-Oct-18,Quezon,JAGA 300mg/100mg/100mcg,4,"1,155.00"," 4,620.00 ",0.00,"4,620.00",345.00,"1,380.00","3,240.00",,,,,,,,
17855,28-Jun-18,Quezon,TOSYLAM 750mg,1,"2,750.00"," 2,750.00 ",0.00,"2,750.00",980.00,980.00,"1,770.00",,,,,,,,
17855,28-Jun-18,Quezon,APROCARE 150mg,4,870.00," 3,480.00 ",0.00,"3,480.00",219.00,876.00,"2,604.00",,,,,,,,
17855,28-Jun-18,Quezon,GIAN ZINC 120ml,12,175.00," 2,100.00 ",0.00,"2,100.00",75.00,900.00,"1,200.00",,,,,,,,
17855A,15-Oct-18,Quezon,MULTI GROW 30ml,33,175.00," 5,775.00 ",0.00,"5,775.00",55.00,"1,815.00","3,960.00",,,,,,,,
17856,29-Jun-18,Quezon,Hyclens 0.2% Wound Spray,6,270.00," 1,620.00 ",0.00,"1,620.00",115.00,690.00,930.00,,,,,,,,
17856A,16-Oct-18,Quezon,CEFEXIL 250mg/5ml,6,198.00," 1,188.00 ",0.00,"1,188.00",65.00,390.00,798.00,,,,,,,,
17856A,16-Oct-18,Quezon,LACTAMOX 250mg/62.5mg/5ml,12,310.00," 3,720.00 ",0.00,"3,720.00",130.00,"1,560.00","2,160.00",,,,,,,,
17856A,16-Oct-18,Quezon,VOXOLL 15mg/5ml,6,74.00, 444.00 ,0.00,444.00,23.00,138.00,306.00,,,,,,,,
17856A,16-Oct-18,Quezon,HISTARIL 1mg/50mg/5ml,6,80.00, 480.00 ,0.00,480.00,24.47,146.82,333.18,,,,,,,,
17857,29-Jun-18,Quezon,CAPSUGEN FORTE,10,"1,540.00"," 15,400.00 ","4,620.00","10,780.00",310.00,"3,100.00","7,680.00",,,,,,,,
17857A,16-Oct-18,Quezon,NERVAPLEX 500mg,1,"1,650.00"," 1,650.00 ",0.00,"1,650.00",458.00,458.00,"1,192.00",,,,,,,,
17857A,16-Oct-18,Quezon,CINNABLOC 75mg,3,160.00, 480.00 ,0.00,480.00,40.00,120.00,360.00,,,,,,,,
17857A,16-Oct-18,Quezon,MULTI GROW 30ml,6,175.00," 1,050.00 ",0.00,"1,050.00",55.00,330.00,720.00,,,,,,,,
17857A,16-Oct-18,Quezon,LACTAMOX 500mg/125mg,1,"2,800.00"," 2,800.00 ",0.00,"2,800.00","1,174.00","1,174.00","1,626.00",,,,,,,,
17858,02-Jul-18,Quezon,BERCEF 50mg/ml,24,175.00," 4,200.00 ","1,260.00","2,940.00",42.00,"1,008.00","1,932.00",,,,,,,,
17858A,18-Oct-18,Quezon,APROCARE 150mg,10,870.00," 8,700.00 ",0.00,"8,700.00",219.00,"2,190.00","6,510.00",,,,,,,,
17858A,18-Oct-18,Quezon,ATOVAS 20mg,10,750.00," 7,500.00 ",0.00,"7,500.00",202.00,"2,020.00","5,480.00",,,,,,,,
17859,02-Jul-18,Quezon,ZUDEM 50mg/5ml,10,580.00," 5,800.00 ","1,304.00","4,496.00",178.00,"1,780.00","2,716.00",,,,,,,,
17859,02-Jul-18,Quezon,COSMOX 457mg,10,330.00," 3,300.00 ",742.00,"2,558.00",185.00,"1,850.00",708.00,,,,,,,,
17859,02-Jul-18,Quezon,CLAVIC 500mg/125mg,2,"2,790.00"," 5,580.00 ","1,254.00","4,326.00","1,174.00","2,348.00","1,978.00",,,,,,,,
17861,02-Jul-18,Quezon,INTRAPLEM 50mg/ml - Drops,12,78.00, 936.00 ,280.80,655.20,23.00,276.00,379.20,,,,,,,,
17861,02-Jul-18,Quezon,VISTREP 250mg/5ml,12,105.00," 1,260.00 ",378.00,882.00,28.00,336.00,546.00,,,,,,,,
17861,02-Jul-18,Quezon,VISTREP 125mg/5ml,12,79.00, 948.00 ,284.40,663.60,24.00,288.00,375.60,,,,,,,,
17861,02-Jul-18,Quezon,VOXOLL 15mg/5ml,12,74.00, 888.00 ,266.40,621.60,23.00,276.00,345.60,,,,,,,,
17862,04-Jul-18,Quezon,MONILIASOL 500mg,1,750.00, 750.00 ,225.00,525.00,240.00,240.00,285.00,,,,,,,,
17862,04-Jul-18,Quezon,DUOTRAM 325mg,1,860.00, 860.00 ,258.00,602.00,275.00,275.00,327.00,,,,,,,,
17862A,22-Oct-18,Quezon,METMIC 500mg,2,750.00," 1,500.00 ",0.00,"1,500.00",228.00,456.00,"1,044.00",,,,,,,,
17862A,22-Oct-18,Quezon,CALIBRAL 500mg,4,750.00," 3,000.00 ",0.00,"3,000.00",235.00,940.00,"2,060.00",,,,,,,,
17862A,22-Oct-18,Quezon,FEXIL 500MG,9,"1,800.00"," 16,200.00 ",0.00,"16,200.00",535.00,"4,815.00","11,385.00",,,,,,,,
17863,05-Jul-18,Quezon,ZEGECEF 250mg/5ml,6,400.00," 2,400.00 ",0.00,"2,400.00",139.00,834.00,"1,566.00",,,,,,,,
17863A,22-Oct-18,Quezon,BROADMETZ 500mg,10,"1,070.00"," 10,700.00 ",0.00,"10,700.00",319.00,"3,190.00","7,510.00",,,,,,,,
17864,05-Jul-18,Quezon,MULTI GROW OB PLUS,10,"1,300.00"," 13,000.00 ",0.00,"13,000.00",450.00,"4,500.00","8,500.00",,,,,,,,
17864A,23-Oct-18,Quezon,CINNABLOC 25mg,5,500.00," 2,500.00 ",0.00,"2,500.00",133.00,665.00,"1,835.00",,,,,,,,
17865,05-Jul-18,Quezon,CEEPRAZOL 20mg,4,"1,350.00"," 5,400.00 ",0.00,"5,400.00",550.00,"2,200.00","3,200.00",,,,,,,,
17865A,24-Oct-18,Quezon,DUOTRAM 325mg,2,860.00," 1,720.00 ",516.00,"1,204.00",275.00,550.00,654.00,,,,,,,,
17866,06-Jul-18,Quezon,CLAVIC 250mg/62.5mg/5ml,24,310.00," 7,440.00 ","2,232.00","5,208.00",130.00,"3,120.00","2,088.00",,,,,,,,
17866,06-Jul-18,Quezon,EUROXIME 250mg/5ml,12,400.00," 4,800.00 ","1,440.00","3,360.00",139.00,"1,668.00","1,692.00",,,,,,,,
17866A,25-Oct-18,Quezon,AMOLTEX 2mg/5ml,50,69.00," 3,450.00 ",0.00,"3,450.00",20.00,"1,000.00","2,450.00",,,,,,,,
17866A,25-Oct-18,Quezon,MULTI GROW 120ml,20,240.00," 4,800.00 ",0.00,"4,800.00",75.00,"1,500.00","3,300.00",,,,,,,,
17866A,25-Oct-18,Quezon,MULTI GROW 30ml,20,175.00," 3,500.00 ",0.00,"3,500.00",55.00,"1,100.00","2,400.00",,,,,,,,
17867,06-Jul-18,Quezon,BROADMETZ 500mg,3,"1,070.00"," 3,210.00 ",0.00,"3,210.00",319.00,957.00,"2,253.00",,,,,,,,
17867A,26-Oct-18,Quezon,CEFZIME 750mg,10,"2,880.00"," 28,800.00 ",0.00,"28,800.00",750.00,"7,500.00","21,300.00",,,,,,,,
17868,06-Jul-18,Quezon,VITAFER OB,1,600.00, 600.00 ,180.00,420.00,155.00,155.00,265.00,,,,,,,,
17868A,26-Oct-18,Quezon,DOPAMET 250MG,3,720.00," 2,160.00 ",0.00,"2,160.00",208.00,624.00,"1,536.00",,,,,,,,
17869,09-Jul-18,Quezon,XYNETIN 1500mg/200iu,10,"1,050.00"," 10,500.00 ",0.00,"10,500.00",310.00,"3,100.00","7,400.00",,,,,,,,
17869,09-Jul-18,Quezon,ATOVAS 20mg,10,750.00," 7,500.00 ",0.00,"7,500.00",202.00,"2,020.00","5,480.00",,,,,,,,
17869,09-Jul-18,Quezon,APROCARE 150mg,10,750.00," 7,500.00 ",0.00,"7,500.00",219.00,"2,190.00","5,310.00",,,,,,,,
17869A,26-Oct-18,Quezon,AMOLTEX 2mg/5ml,24,69.00," 1,656.00 ",0.00,"1,656.00",20.00,480.00,"1,176.00",,,,,,,,
17870,11-Jul-18,Quezon,ANEROCIN 300mg ,2,"3,800.00"," 7,600.00 ",0.00,"7,600.00",890.00,"1,780.00","5,820.00",,,,,,,,
17870,11-Jul-18,Quezon,DOLO JAGA 500mg/50mg/100mg/100mcg,1,"1,650.00"," 1,650.00 ",0.00,"1,650.00",481.00,481.00,"1,169.00",,,,,,,,
17870,11-Jul-18,Quezon,VICOLAX 50mg/1mg/5ml,12,80.00, 960.00 ,0.00,960.00,24.00,288.00,672.00,,,,,,,,
17870,11-Jul-18,Quezon,TRIZINE ,24,298.00," 7,152.00 ",0.00,"7,152.00",175.00,"4,200.00","2,952.00",,,,,,,,
17870,11-Jul-18,Quezon,GIAN ZINC 30ml,12,155.00," 1,860.00 ",0.00,"1,860.00",55.00,660.00,"1,200.00",,,,,,,,
17870,11-Jul-18,Quezon,VICOLAX 100mg/2mg,3,800.00," 2,400.00 ",0.00,"2,400.00",225.00,675.00,"1,725.00",,,,,,,,
17870,11-Jul-18,Quezon,CEEPRAZOL 20mg,2,"1,800.00"," 3,600.00 ",0.00,"3,600.00",550.00,"1,100.00","2,500.00",,,,,,,,
17870,11-Jul-18,Quezon,ZUDEM 200MG,2,"7,360.00"," 14,720.00 ",0.00,"14,720.00","1,600.00","3,200.00","11,520.00",,,,,,,,
17870,11-Jul-18,Quezon,TRIZINE FORTE,2,"2,900.00"," 5,800.00 ",0.00,"5,800.00","1,350.00","2,700.00","3,100.00",,,,,,,,
17870,11-Jul-18,Quezon,Hyclens 0.2% Wound Spray,24,270.00," 6,480.00 ",0.00,"6,480.00",115.00,"2,760.00","3,720.00",,,,,,,,
17870,11-Jul-18,Quezon,ZUDEM 50mg/5ml,12,580.00," 6,960.00 ",0.00,"6,960.00",178.00,"2,136.00","4,824.00",,,,,,,,
17870,11-Jul-18,Quezon,GIAN ZINC 120ml,12,175.00," 2,100.00 ",0.00,"2,100.00",75.00,900.00,"1,200.00",,,,,,,,
17871,11-Jul-18,Quezon,CINNABLOC 75mg,5,160.00, 800.00 ,0.00,800.00,40.00,200.00,600.00,,,,,,,,
17871,11-Jul-18,Quezon,APROCARE 150mg,5,870.00," 4,350.00 ",0.00,"4,350.00",219.00,"1,095.00","3,255.00",,,,,,,,
17871,11-Jul-18,Quezon,MONILIASOL 125mg/5ml,12,75.00, 900.00 ,0.00,900.00,26.00,312.00,588.00,,,,,,,,
17871,11-Jul-18,Quezon,ATOVAS 20mg,3,650.00," 1,950.00 ",0.00,"1,950.00",202.00,606.00,"1,344.00",,,,,,,,
17871A,06-Nov-18,Quezon,JAGA 300mg/100mg/100mcg,4,"1,155.00"," 4,620.00 ",0.00,"4,620.00",345.00,"1,380.00","3,240.00",,,,,,,,
17872,11-Jul-18,Quezon,CLAVIC 500mg/125mg,10,"2,790.00"," 27,900.00 ","8,955.90","18,944.10","1,174.00","11,740.00","7,204.10",,,,,,,,
17872A,08-Nov-18,Quezon,VICOLAX 50mg/1mg/5ml,12,80.00, 960.00 ,0.00,960.00,24.00,288.00,672.00,,,,,,,,
17872A,08-Nov-18,Quezon,MONILIASOL 500mg,1,750.00, 750.00 ,0.00,750.00,240.00,240.00,510.00,,,,,,,,
17872A,08-Nov-18,Quezon,MONILIASOL 125mg/5ml,12,75.00, 900.00 ,0.00,900.00,26.00,312.00,588.00,,,,,,,,
17872A,08-Nov-18,Quezon,TRIZINE FORTE,1,"2,900.00"," 2,900.00 ",0.00,"2,900.00","1,350.00","1,350.00","1,550.00",,,,,,,,
17872A,08-Nov-18,Quezon,TRIZINE ,12,298.00," 3,576.00 ",0.00,"3,576.00",175.00,"2,100.00","1,476.00",,,,,,,,
17873,11-Jul-18,Quezon,MULTI GROW 120ml,24,240.00," 5,760.00 ",0.00,"5,760.00",75.00,"1,800.00","3,960.00",,,,,,,,
17873,11-Jul-18,Quezon,MULTI GROW 30ml,24,175.00," 4,200.00 ",0.00,"4,200.00",55.00,"1,320.00","2,880.00",,,,,,,,
17873,11-Jul-18,Quezon,PENCHLOR 1mg/800mcg,24,98.00," 2,352.00 ",0.00,"2,352.00",31.00,744.00,"1,608.00",,,,,,,,
17873A,08-Nov-18,Quezon,INTRAPLEM 50mg/ml - Drops,20,78.00," 1,560.00 ",0.00,"1,560.00",23.00,460.00,"1,100.00",,,,,,,,
17873A,08-Nov-18,Quezon,INTRAPLEM 100mg/5ml,20,92.00," 1,840.00 ",0.00,"1,840.00",27.00,540.00,"1,300.00",,,,,,,,
17874,13-Jul-18,Quezon,BERCEF 250mg/5ml,24,450.00," 10,800.00 ","3,240.00","7,560.00",148.00,"3,552.00","4,008.00",,,,,,,,
17874,13-Jul-18,Quezon,VICEPHRIN 100mg/ml,20,85.00," 1,700.00 ",510.00,"1,190.00",25.00,500.00,690.00,,,,,,,,
17874A,10-Nov-18,Quezon,INTRAPLEM 100mg/5ml,36,78.00," 2,808.00 ",0.00,"2,808.00",27.00,972.00,"1,836.00",,,,,,,,
17875,16-Jul-18,Quezon,SYNERMED 200mg/40mg/5ml,10,90.00, 900.00 ,0.00,900.00,26.00,260.00,640.00,,,,,,,,
17875,16-Jul-18,Quezon,MULTI GROW 30ml,3,175.00, 525.00 ,0.00,525.00,55.00,165.00,360.00,,,,,,,,
17875,16-Jul-18,Quezon,BERCEF 250mg/5ml,5,450.00," 2,250.00 ",0.00,"2,250.00",148.00,740.00,"1,510.00",,,,,,,,
17875,16-Jul-18,Quezon,VICOLAX 100mg/2mg,1,800.00, 800.00 ,0.00,800.00,225.00,225.00,575.00,,,,,,,,
17875,16-Jul-18,Quezon,VOXOLL 15mg/5ml,3,74.00, 222.00 ,0.00,222.00,23.00,69.00,153.00,,,,,,,,
17875,16-Jul-18,Quezon,INTRAPLEM 50mg/ml - Drops,3,78.00, 234.00 ,0.00,234.00,23.00,69.00,165.00,,,,,,,,
17875,16-Jul-18,Quezon,FEXIL 100mg/ml,5,170.00, 850.00 ,0.00,850.00,55.00,275.00,575.00,,,,,,,,
17875A,08-Nov-18,Quezon,Hyclens 0.2% Wound Spray,3,270.00, 810.00 ,0.00,810.00,115.00,345.00,465.00,,,,,,,,
17875A,08-Nov-18,Quezon,ANEROCIN 300mg ,1,"3,800.00"," 3,800.00 ",0.00,"3,800.00",890.00,890.00,"2,910.00",,,,,,,,
17875A,08-Nov-18,Quezon,TRIZINE FORTE,1,"2,900.00"," 2,900.00 ",0.00,"2,900.00","1,350.00","1,350.00","1,550.00",,,,,,,,
17875A,08-Nov-18,Quezon,MONILIASOL 500mg,1,750.00, 750.00 ,0.00,750.00,240.00,240.00,510.00,,,,,,,,
17875A,08-Nov-18,Quezon,TRIZINE ,12,298.00," 3,576.00 ",0.00,"3,576.00",175.00,"2,100.00","1,476.00",,,,,,,,
17876,16-Jul-18,Quezon,JAGA 300mg/100mg/100mcg,2,"1,540.00"," 3,080.00 ","1,078.00","2,002.00",345.00,690.00,"1,312.00",,,,,,,,
17876A,09-Nov-18,Quezon,TOSYLAM 750mg,4,"3,250.00"," 13,000.00 ",0.00,"13,000.00",980.00,"3,920.00","9,080.00",,,,,,,,
17876A,09-Nov-18,Quezon,VICOLAX 50mg/1mg/5ml,36,80.00," 2,880.00 ",0.00,"2,880.00",24.00,864.00,"2,016.00",,,,,,,,
17876A,09-Nov-18,Quezon,VICOLAX 100mg/2mg,3,800.00," 2,400.00 ",0.00,"2,400.00",225.00,675.00,"1,725.00",,,,,,,,
17877,17-Jul-18,Quezon,FEXIL 100mg/ml,12,170.00," 2,040.00 ",0.00,"2,040.00",55.00,660.00,"1,380.00",,,,,,,,
17877,17-Jul-18,Quezon,VITAFER OB,2,600.00," 1,200.00 ",0.00,"1,200.00",155.00,310.00,890.00,,,,,,,,
17877,17-Jul-18,Quezon,XYNETIN 1500mg/200iu,1,"1,050.00"," 1,050.00 ",0.00,"1,050.00",310.00,310.00,740.00,,,,,,,,
17878,17-Jul-18,Quezon,INTRAPLEM 100mg/5ml,18,92.00," 1,656.00 ",0.00,"1,656.00",27.00,486.00,"1,170.00",,,,,,,,
17878,17-Jul-18,Quezon,INTRAPLEM 50mg/ml - Drops,24,78.00," 1,872.00 ",0.00,"1,872.00",23.00,552.00,"1,320.00",,,,,,,,
17879,17-Jul-18,Quezon,APROCARE 150mg,3,870.00," 2,610.00 ",783.00,"1,827.00",219.00,657.00,"1,170.00",,,,,,,,
17880,23-Jul-18,Quezon,BERCEF 250mg/5ml,13,450.00," 5,850.00 ","1,755.00","4,095.00",148.00,"1,924.00","2,171.00",,,,,,,,
17881,18-Jul-18,Quezon,ERGON 125mcg,6,395.00," 2,370.00 ",0.00,"2,370.00",128.00,768.00,"1,602.00",,,,,,,,
17881A,13-Nov-18,Quezon,MULTI GROW 30ml,6,175.00," 1,050.00 ",0.00,"1,050.00",55.00,330.00,720.00,,,,,,,,
17881A,13-Nov-18,Quezon,CINNABLOC 75mg,3,160.00, 480.00 ,0.00,480.00,40.00,120.00,360.00,,,,,,,,
17881A,13-Nov-18,Quezon,Isoprine 10mg,2,"1,100.00"," 2,200.00 ",0.00,"2,200.00",235.00,470.00,"1,730.00",,,,,,,,
17882,18-Jul-18,Quezon,FERGLOBIN 250mg,2,725.00," 1,450.00 ",435.00,"1,015.00",215.00,430.00,585.00,,,,,,,,
17882A,13-Nov-18,Quezon,VICOLAX 100mg/2mg,10,800.00," 8,000.00 ","2,400.00","5,600.00",225.00,"2,250.00","3,350.00",,,,,,,,
17883,18-Jul-18,Quezon,TRIVASC 35mg MR,15,"1,425.00"," 21,375.00 ","8,550.00","12,825.00",445.00,"6,675.00","6,150.00",,,,,,,,
17883A,13-Nov-18,Quezon,SYNERMED 200mg/40mg/5ml,6,90.00, 540.00 ,0.00,540.00,26.00,156.00,384.00,,,,,,,,
17883A,13-Nov-18,Quezon,VOXOLL 15mg/5ml,12,74.00, 888.00 ,0.00,888.00,23.00,276.00,612.00,,,,,,,,
17884,18-Jul-18,Quezon,VICOLAX 100mg/2mg,10,800.00," 8,000.00 ","2,400.00","5,600.00",225.00,"2,250.00","3,350.00",,,,,,,,
17884A,13-Nov-18,Quezon,BERCEF 250mg/5ml,45,300.00," 13,500.00 ",0.00,"13,500.00",148.00,"6,660.00","6,840.00",,,,,,,,
17885,20-Jul-18,Quezon,XYNETIN 1500mg/200iu,10,"1,050.00"," 10,500.00 ",0.00,"10,500.00",310.00,"3,100.00","7,400.00",,,,,,,,
17885,20-Jul-18,Quezon,ATOVAS 20mg,10,750.00," 7,500.00 ",0.00,"7,500.00",202.00,"2,020.00","5,480.00",,,,,,,,
17885,20-Jul-18,Quezon,APROCARE 150mg,20,870.00," 17,400.00 ",0.00,"17,400.00",219.00,"4,380.00","13,020.00",,,,,,,,
17885A,13-Nov-18,Quezon,VISTREP 125mg/5ml,8,59.25, 474.00 ,0.00,474.00,24.00,192.00,282.00,,,,,,,,
17885A,13-Nov-18,Quezon,LEIVICLOX 250mg,8,93.75, 750.00 ,0.00,750.00,68.00,544.00,206.00,,,,,,,,
17885A,13-Nov-18,Quezon,VISTREP 250mg/5ml,8,78.75, 630.00 ,0.00,630.00,28.00,224.00,406.00,,,,,,,,
17886,23-Jul-18,Quezon,PENCHLOR 1mg/800mcg,12,98.00," 1,176.00 ",0.00,"1,176.00",31.00,372.00,804.00,,,,,,,,
17887,24-Jul-18,Quezon,CEFEXIL 500mg,11,"1,800.00"," 19,800.00 ",0.00,"19,800.00",535.00,"5,885.00","13,915.00",,,,,,,,
17887A,16-Nov-18,Quezon,ENCLOXIL 500mg,1,"1,800.00"," 1,800.00 ",0.00,"1,800.00",540.00,540.00,"1,260.00",,,,,,,,
17887A,16-Nov-18,Quezon,INTRAPLEM 50mg/ml - Drops,12,78.00, 936.00 ,0.00,936.00,23.00,276.00,660.00,,,,,,,,
17887A,16-Nov-18,Quezon,INTRAPLEM 100mg/5ml,12,92.00," 1,104.00 ",0.00,"1,104.00",27.00,324.00,780.00,,,,,,,,
17888,24-Jul-18,Quezon,JAGAPLEX OB,1,850.00, 850.00 ,0.00,850.00,155.00,155.00,695.00,,,,,,,,
17888,24-Jul-18,Quezon,APROCARE 150mg,1,870.00, 870.00 ,0.00,870.00,219.00,219.00,651.00,,,,,,,,
17888A,16-Nov-18,Quezon,ALGESIC FORTE 325mg+400mg,2,770.00," 1,540.00 ",462.00,"1,078.00",218.00,436.00,642.00,,,,,,,,
17888A,16-Nov-18,Quezon,APROCARE 150mg,3,870.00," 2,610.00 ",783.00,"1,827.00",219.00,657.00,"1,170.00",,,,,,,,
17888A,16-Nov-18,Quezon,MULTI GROW OB PLUS,1,"1,300.00"," 1,300.00 ",390.00,910.00,450.00,450.00,460.00,,,,,,,,
17889,25-Jul-18,Quezon,VICOLAX 50mg/1mg/5ml,48,80.00," 3,840.00 ","1,152.00","2,688.00",24.00,"1,152.00","1,536.00",,,,,,,,
17889A,16-Nov-18,Quezon,INTRAPLEM 100mg/5ml,3,78.00, 234.00 ,70.20,163.80,27.00,81.00,82.80,,,,,,,,
17889A,16-Nov-18,Quezon,Bufen 200mg/ml,6,112.00, 672.00 ,201.60,470.40,35.00,210.00,260.40,,,,,,,,
17889A,16-Nov-18,Quezon,JAGA 300mg/100mg/100mcg,1,"1,540.00"," 1,540.00 ",462.00,"1,078.00",345.00,345.00,733.00,,,,,,,,
17890A,29-Nov-18,Quezon,CENDALEX 500mg,10,"1,100.00"," 11,000.00 ",0.00,"11,000.00",300.00,"3,000.00","8,000.00",,,,,,,,
17891,26-Jul-18,Quezon,INTRAPLEM 50mg/ml - Drops,20,92.00," 1,840.00 ",0.00,"1,840.00",23.00,460.00,"1,380.00",,,,,,,,
17891,26-Jul-18,Quezon,FEXIL 100mg/ml,20,170.00," 3,400.00 ",0.00,"3,400.00",55.00,"1,100.00","2,300.00",,,,,,,,
17891,26-Jul-18,Quezon,VICOLAX 100mg/2mg,3,800.00," 2,400.00 ",0.00,"2,400.00",225.00,675.00,"1,725.00",,,,,,,,
17891,26-Jul-18,Quezon,CEFEXIL 250mg/5ml,20,198.00," 3,960.00 ",0.00,"3,960.00",65.00,"1,300.00","2,660.00",,,,,,,,
17891,26-Jul-18,Quezon,INTRAPLEM 100mg/5ml,20,78.00," 1,560.00 ",0.00,"1,560.00",27.00,540.00,"1,020.00",,,,,,,,
17891,26-Jul-18,Quezon,FERGLOBIN FA 60mg/400mcg,3,900.00," 2,700.00 ",0.00,"2,700.00",240.00,720.00,"1,980.00",,,,,,,,
17891A,19-Nov-18,Quezon,CLAVIC 250mg/62.5mg/5ml,12,310.00," 3,720.00 ",0.00,"3,720.00",130.00,"1,560.00","2,160.00",,,,,,,,
17891A,19-Nov-18,Quezon,EUROXIME 250mg/5ml,12,400.00," 4,800.00 ",0.00,"4,800.00",139.00,"1,668.00","3,132.00",,,,,,,,
17892,26-Jul-18,Quezon,BUFENOL 100mg/5ml,12,95.00," 1,140.00 ",0.00,"1,140.00",30.00,360.00,780.00,,,,,,,,
17892,26-Jul-18,Quezon,TRIZINE ,30,298.00," 8,940.00 ",0.00,"8,940.00",175.00,"5,250.00","3,690.00",,,,,,,,
17892,26-Jul-18,Quezon,TRIZINE FORTE,1,"2,900.00"," 2,900.00 ",0.00,"2,900.00","1,350.00","1,350.00","1,550.00",,,,,,,,
17892,26-Jul-18,Quezon,ANEROCIN 150mg ,2,"3,800.00"," 7,600.00 ",0.00,"7,600.00",560.00,"1,120.00","6,480.00",,,,,,,,
17892,26-Jul-18,Quezon,JAGA 300mg/100mg/100mcg,2,"1,540.00"," 3,080.00 ",0.00,"3,080.00",345.00,690.00,"2,390.00",,,,,,,,
17892A,22-Nov-18,Quezon,VICOLAX 100mg/2mg,5,800.00," 4,000.00 ",0.00,"4,000.00",225.00,"1,125.00","2,875.00",,,,,,,,
17892A,22-Nov-18,Quezon,CENDALEX 100mg/ml,24,85.00," 2,040.00 ",0.00,"2,040.00",31.00,744.00,"1,296.00",,,,,,,,
17892A,22-Nov-18,Quezon,AMOLTEX 2mg/5ml,24,78.00," 1,872.00 ",0.00,"1,872.00",20.00,480.00,"1,392.00",,,,,,,,
17892A,22-Nov-18,Quezon,BERCEF 50mg/ml,24,175.00," 4,200.00 ",0.00,"4,200.00",42.00,"1,008.00","3,192.00",,,,,,,,
17892A,22-Nov-18,Quezon,Bufen 200mg/ml,24,112.00," 2,688.00 ",0.00,"2,688.00",35.00,840.00,"1,848.00",,,,,,,,
17893,27-Jul-18,Quezon,MONILIASOL 125mg/5ml,12,75.00, 900.00 ,0.00,900.00,26.00,312.00,588.00,,,,,,,,
17893,27-Jul-18,Quezon,APROCARE 150mg,5,870.00," 4,350.00 ",0.00,"4,350.00",219.00,"1,095.00","3,255.00",,,,,,,,
17893,27-Jul-18,Quezon,ATOVAS 20mg,3,650.00," 1,950.00 ",0.00,"1,950.00",202.00,606.00,"1,344.00",,,,,,,,
17893A,22-Nov-18,Quezon,Bufen 200mg/ml,12,112.00," 1,344.00 ",336.00,"1,008.00",35.00,420.00,588.00,,,,,,,,
17893A,22-Nov-18,Quezon,VICOLAX 100mg/2mg,5,800.00," 4,000.00 ","1,000.00","3,000.00",225.00,"1,125.00","1,875.00",,,,,,,,
17893A,22-Nov-18,Quezon,BERCEF 50mg/ml,12,175.00," 2,100.00 ",525.00,"1,575.00",42.00,504.00,"1,071.00",,,,,,,,
17894,27-Jul-18,Quezon,MULTI GROW 30ml,24,175.00," 4,200.00 ","1,260.00","2,940.00",55.00,"1,320.00","1,620.00",,,,,,,,
17894,27-Jul-18,Quezon,VITAKIDS 120ml,24,160.00," 3,840.00 ","1,152.00","2,688.00",49.00,"1,176.00","1,512.00",,,,,,,,
17894A,23-Nov-18,Quezon,CAPSUGEN FORTE,10,"1,540.00"," 15,400.00 ","4,620.00","10,780.00",310.00,"3,100.00","7,680.00",,,,,,,,
17895,23-Nov-18,Quezon,INTRAPLEM 50mg/ml - Drops,50,78.00," 3,900.00 ",0.00,"3,900.00",23.00,"1,150.00","2,750.00",,,,,,,,
17895,23-Nov-18,Quezon,INTRAPLEM 100mg/5ml,50,92.00," 4,600.00 ",0.00,"4,600.00",27.00,"1,350.00","3,250.00",,,,,,,,
17895,23-Nov-18,Quezon,MULTI GROW 120ml,24,240.00," 5,760.00 ",0.00,"5,760.00",75.00,"1,800.00","3,960.00",,,,,,,,
17895,23-Nov-18,Quezon,MULTI GROW 30ml,24,175.00," 4,200.00 ",0.00,"4,200.00",55.00,"1,320.00","2,880.00",,,,,,,,
17896,27-Jul-18,Quezon,TOSYLAM 750mg,1,"2,790.00"," 2,790.00 ",0.00,"2,790.00",980.00,980.00,"1,810.00",,,,,,,,
17896A,26-Nov-18,Quezon,NERVAPLEX 500mg,1,"1,650.00"," 1,650.00 ",0.00,"1,650.00",458.00,458.00,"1,192.00",,,,,,,,
17896A,26-Nov-18,Quezon,CINNABLOC 25mg,1,500.00, 500.00 ,0.00,500.00,133.00,133.00,367.00,,,,,,,,
17897,30-Jul-18,Quezon,CINNABLOC 75mg,3,160.00, 480.00 ,0.00,480.00,40.00,120.00,360.00,,,,,,,,
17897,30-Jul-18,Quezon,VOXOLL 15mg/5ml,6,74.00, 444.00 ,0.00,444.00,23.00,138.00,306.00,,,,,,,,
17897,30-Jul-18,Quezon,BERCEF 250mg/5ml,6,450.00," 2,700.00 ",0.00,"2,700.00",148.00,888.00,"1,812.00",,,,,,,,
17897,30-Jul-18,Quezon,LEXI B FORTE 300mg/100mg/100mcg,3,"1,000.00"," 3,000.00 ",0.00,"3,000.00",323.00,969.00,"2,031.00",,,,,,,,
17897,30-Jul-18,Quezon,INTRAPLEM 50mg/ml - Drops,6,78.00, 468.00 ,0.00,468.00,23.00,138.00,330.00,,,,,,,,
17897,30-Jul-18,Quezon,LACTAMOX 500mg/125mg,1,"2,800.00"," 2,800.00 ",0.00,"2,800.00","1,174.00","1,174.00","1,626.00",,,,,,,,
17897A,26-Nov-18,Quezon,CEEPRAZOL 20mg,1,"1,800.00"," 1,800.00 ",0.00,"1,800.00",550.00,550.00,"1,250.00",,,,,,,,
17897A,26-Nov-18,Quezon,CAPSUGEN FORTE,1,"1,540.00"," 1,540.00 ",0.00,"1,540.00",310.00,310.00,"1,230.00",,,,,,,,
17897A,26-Nov-18,Quezon,CENDALEX 500mg,1,980.00, 980.00 ,0.00,980.00,300.00,300.00,680.00,,,,,,,,
17897A,26-Nov-18,Quezon,FEXIL 100mg/ml,5,170.00, 850.00 ,0.00,850.00,55.00,275.00,575.00,,,,,,,,
17897A,26-Nov-18,Quezon,INTRAPLEM 100mg/5ml,12,78.00, 936.00 ,0.00,936.00,27.00,324.00,612.00,,,,,,,,
17897A,26-Nov-18,Quezon,BERCEF 50mg/ml,6,175.00," 1,050.00 ",0.00,"1,050.00",42.00,252.00,798.00,,,,,,,,
17898,31-Jul-18,Quezon,PENCHLOR 1mg/800mcg,26,98.00," 2,548.00 ",0.00,"2,548.00",31.00,806.00,"1,742.00",,,,,,,,
17898,31-Jul-18,Quezon,MULTI GROW 30ml,21,175.00," 3,675.00 ",0.00,"3,675.00",55.00,"1,155.00","2,520.00",,,,,,,,
17898A,27-Nov-18,Quezon,EUROXIME 250mg/5ml,12,400.00," 4,800.00 ",0.00,"4,800.00",139.00,"1,668.00","3,132.00",,,,,,,,
17899,31-Jul-18,Quezon,JOSILVITE,4,750.00," 3,000.00 ",0.00,"3,000.00",350.00,"1,400.00","1,600.00",,,,,,,,
17899,31-Jul-18,Quezon,MULTI GROW OB PLUS,4,975.00," 3,900.00 ",0.00,"3,900.00",450.00,"1,800.00","2,100.00",,,,,,,,
17900,31-Jul-18,Quezon,CEEPRAZOL 20mg,4,"1,800.00"," 7,200.00 ",0.00,"7,200.00",550.00,"2,200.00","5,000.00",,,,,,,,
17900,31-Jul-18,Quezon,TOSYLAM 750mg,6,"2,790.00"," 16,740.00 ",0.00,"16,740.00",980.00,"5,880.00","10,860.00",,,,,,,,
17900A,28-Nov-18,Quezon,LACTAMOX 500mg/125mg,5,"3,000.00"," 15,000.00 ",0.00,"15,000.00","1,174.00","5,870.00","9,130.00",,,,,,,,
17900A,28-Nov-18,Quezon,SPASCLOMIN 10mg/5ml,12,105.00," 1,260.00 ",0.00,"1,260.00",40.00,480.00,780.00,,,,,,,,
17900A,28-Nov-18,Quezon,DUOTRAM 325mg,5,980.00," 4,900.00 ",0.00,"4,900.00",275.00,"1,375.00","3,525.00",,,,,,,,
17900A,28-Nov-18,Quezon,MONILIASOL 500mg,5,850.00," 4,250.00 ",0.00,"4,250.00",240.00,"1,200.00","3,050.00",,,,,,,,
17900A,28-Nov-18,Quezon,METMIC 500mg,5,800.00," 4,000.00 ",0.00,"4,000.00",228.00,"1,140.00","2,860.00",,,,,,,,
17900A,28-Nov-18,Quezon,DEHYDROSOL 250ml,10,29.00, 290.00 ,0.00,290.00,58.00,580.00,-290.00,,,,,,,,
17900A,28-Nov-18,Quezon,MONILIASOL 125mg/5ml,12,85.00," 1,020.00 ",0.00,"1,020.00",26.00,312.00,708.00,,,,,,,,
17900A,28-Nov-18,Quezon,Pregnancy test,100,30.00," 3,000.00 ",0.00,"3,000.00",10.00,"1,000.00","2,000.00",,,,,,,,
17900A,28-Nov-18,Quezon,TERMAGEN 100mg/ml,12,59.00, 708.00 ,0.00,708.00,17.00,204.00,504.00,,,,,,,,
17900A,28-Nov-18,Quezon,Hyclens 0.2% Wound Spray,15,269.79," 4,046.85 ",0.00,"4,046.85",115.00,"1,725.00","2,321.85",,,,,,,,
17900A,28-Nov-18,Quezon,CENDALEX 500mg,5,"1,250.00"," 6,250.00 ",0.00,"6,250.00",300.00,"1,500.00","4,750.00",,,,,,,,
17900A,28-Nov-18,Quezon,TERMAGEN 250MG,12,88.00," 1,056.00 ",0.00,"1,056.00",23.00,276.00,780.00,,,,,,,,
17900A,28-Nov-18,Quezon,ALGICAP 50mg/5ml,12,80.00, 960.00 ,0.00,960.00,24.00,288.00,672.00,,,,,,,,
18076A,29-Oct-18,Quezon,APROCARE 150mg,20,870.00," 17,400.00 ",0.00,"17,400.00",219.00,"4,380.00","13,020.00",,,,,,,,
18201,01-Aug-18,Quezon,INTRAPLEM 50mg/ml - Drops,12,78.00, 936.00 ,0.00,936.00,23.00,276.00,660.00,,,,,,,,
18201,01-Aug-18,Quezon,VOXOLL 15mg/5ml,12,74.00, 888.00 ,0.00,888.00,23.00,276.00,612.00,,,,,,,,
18201,01-Aug-18,Quezon,CLAVIC 500mg/125mg,2,"2,790.00"," 5,580.00 ",0.00,"5,580.00","1,174.00","2,348.00","3,232.00",,,,,,,,
18202,02-Aug-18,Quezon,TERMAGEN 100mg/ml,24,58.00," 1,392.00 ",0.00,"1,392.00",17.00,408.00,984.00,,,,,,,,
18202,02-Aug-18,Quezon,XYNETIN 1500mg/200iu,10,"1,050.00"," 10,500.00 ",0.00,"10,500.00",310.00,"3,100.00","7,400.00",,,,,,,,
18203,02-Aug-18,Quezon,BERCEF 250mg/5ml,45,266.67," 12,000.00 ",0.00,"12,000.00",148.00,"6,660.00","5,340.00",,,,,,,,
18204,02-Aug-18,Quezon,LEIVICLOX 250mg,12,125.00," 1,500.00 ",450.00,"1,050.00",68.00,816.00,234.00,,,,,,,,
18205,03-Aug-18,Quezon,CORVI PLUS 1mg/50mg,12,118.00," 1,416.00 ",0.00,"1,416.00",39.00,468.00,948.00,,,,,,,,
18206,03-Aug-18,Quezon,BERCEF 250mg/5ml,15,450.00," 6,750.00 ","2,025.00","4,725.00",148.00,"2,220.00","2,505.00",,,,,,,,
18209,06-Aug-18,Quezon,APROCARE 150mg,10,"1,200.00"," 12,000.00 ",0.00,"12,000.00",219.00,"2,190.00","9,810.00",,,,,,,,
18209,06-Aug-18,Quezon,PROCARV 6.25mg,4,870.00," 3,480.00 ",0.00,"3,480.00",365.00,"1,460.00","2,020.00",,,,,,,,
18210,07-Aug-18,Quezon,VITAFER OB,3,600.00," 1,800.00 ",540.00,"1,260.00",155.00,465.00,795.00,,,,,,,,
18210,07-Aug-18,Quezon,MULTI GROW OB PLUS,3,"1,300.00"," 3,900.00 ","1,170.00","2,730.00",450.00,"1,350.00","1,380.00",,,,,,,,
18211,07-Aug-18,Quezon,CLAVIC 500mg/125mg,2,"2,790.00"," 5,580.00 ",0.00,"5,580.00","1,174.00","2,348.00","3,232.00",,,,,,,,
18211,07-Aug-18,Quezon,CLAVIC 250mg/62.5mg/5ml,12,310.00," 3,720.00 ",0.00,"3,720.00",130.00,"1,560.00","2,160.00",,,,,,,,
18212,07-Aug-18,Quezon,ALGESIC FORTE 325mg+400mg,4,770.00," 3,080.00 ",924.00,"2,156.00",218.00,872.00,"1,284.00",,,,,,,,
18212,07-Aug-18,Quezon,PROCARV 6.25mg,2,"1,200.00"," 2,400.00 ",720.00,"1,680.00",365.00,730.00,950.00,,,,,,,,
18213,07-Aug-18,Quezon,INTRAPLEM 500mg,1,980.00, 980.00 ,294.00,686.00,280.00,280.00,406.00,,,,,,,,
18213,07-Aug-18,Quezon,INTRAPLEM 100mg/5ml,5,92.00, 460.00 ,138.00,322.00,27.00,135.00,187.00,,,,,,,,
18214,08-Aug-18,Quezon,CEEPRAZOL 20mg,1,"1,800.00"," 1,800.00 ",0.00,"1,800.00",550.00,550.00,"1,250.00",,,,,,,,
18214,08-Aug-18,Quezon,INTRAPLEM 100mg/5ml,3,92.00, 276.00 ,0.00,276.00,27.00,81.00,195.00,,,,,,,,
18214,08-Aug-18,Quezon,VOXOLL 15mg/5ml,2,74.00, 148.00 ,0.00,148.00,23.00,46.00,102.00,,,,,,,,
18214,08-Aug-18,Quezon,FEXIL 100mg/ml,3,170.00, 510.00 ,0.00,510.00,55.00,165.00,345.00,,,,,,,,
18214,08-Aug-18,Quezon,INTRAPLEM 100mg/5ml,3,78.00, 234.00 ,0.00,234.00,27.00,81.00,153.00,,,,,,,,
18215,09-Aug-18,Quezon,PROCARV 6.25mg,3,"1,200.00"," 3,600.00 ","1,080.00","2,520.00",365.00,"1,095.00","1,425.00",,,,,,,,
18216,09-Aug-18,Quezon,TOSYLAM 750mg,2,"2,750.00"," 5,500.00 ",0.00,"5,500.00",980.00,"1,960.00","3,540.00",,,,,,,,
18217,09-Aug-18,Quezon,CLAVIC 250mg/62.5mg/5ml,27,310.00," 8,370.00 ","2,686.77","5,683.23",130.00,"3,510.00","2,173.23",,,,,,,,
18217,09-Aug-18,Quezon,CLAVIC 500mg/125mg,10,"2,790.00"," 27,900.00 ","8,955.90","18,944.10","1,174.00","11,740.00","7,204.10",,,,,,,,
18218,12-Jul-18,Quezon,GIAN ZINC 120ml,3,175.00, 525.00 ,157.50,367.50,75.00,225.00,142.50,,,,,,,,
18219,07-Aug-18,Quezon,TRIVASC 35mg MR,2,"1,425.00"," 2,850.00 ",0.00,"2,850.00",445.00,890.00,"1,960.00",,,,,,,,
18219,07-Aug-18,Quezon,CALIBRAL 500mg,2,750.00," 1,500.00 ",0.00,"1,500.00",235.00,470.00,"1,030.00",,,,,,,,
18220,10-Aug-18,Quezon,GIAN ZINC 30ml,20,155.00," 3,100.00 ",0.00,"3,100.00",55.00,"1,100.00","2,000.00",,,,,,,,
18220,10-Aug-18,Quezon,MULTI GROW 120ml,12,240.00," 2,880.00 ",0.00,"2,880.00",75.00,900.00,"1,980.00",,,,,,,,
18222,10-Aug-18,Quezon,ATOVAS 20mg,10,750.00," 7,500.00 ",0.00,"7,500.00",202.00,"2,020.00","5,480.00",,,,,,,,
18222,10-Aug-18,Quezon,INTRAPLEM 500mg,2,980.00," 1,960.00 ",0.00,"1,960.00",280.00,560.00,"1,400.00",,,,,,,,
18222,10-Aug-18,Quezon,TRIVASC 35mg MR,5,"1,425.00"," 7,125.00 ",0.00,"7,125.00",445.00,"2,225.00","4,900.00",,,,,,,,
18223,10-Aug-18,Quezon,FERGLOBIN 250mg,5,725.00," 3,625.00 ",0.00,"3,625.00",215.00,"1,075.00","2,550.00",,,,,,,,
18224,13-Aug-18,Quezon,MULTI GROW 30ml,6,175.00," 1,050.00 ",0.00,"1,050.00",55.00,330.00,720.00,,,,,,,,
18224,13-Aug-18,Quezon,NERVAMIN PLUS 500mg/50mg/100mg/100mcg,1,"1,650.00"," 1,650.00 ",0.00,"1,650.00",488.00,488.00,"1,162.00",,,,,,,,
18225,13-Aug-18,Quezon,VICOLAX 100mg/2mg,1,800.00, 800.00 ,0.00,800.00,225.00,225.00,575.00,,,,,,,,
18225,13-Aug-18,Quezon,ZELEX 200mg,1,"2,800.00"," 2,800.00 ",0.00,"2,800.00",750.00,750.00,"2,050.00",,,,,,,,
18225,13-Aug-18,Quezon,CEFEXIL 500mg,1,"1,800.00"," 1,800.00 ",0.00,"1,800.00",535.00,535.00,"1,265.00",,,,,,,,
18225,13-Aug-18,Quezon,SYNERMED 200mg/40mg/5ml,12,90.00," 1,080.00 ",0.00,"1,080.00",26.00,312.00,768.00,,,,,,,,
18225,13-Aug-18,Quezon,SYNERMED 800mg/160mg,1,550.00, 550.00 ,0.00,550.00,95.00,95.00,455.00,,,,,,,,
18226,13-Aug-18,Quezon,CLAVIC 500mg/125mg,4,"2,790.00"," 11,160.00 ","2,790.00","8,370.00","1,174.00","4,696.00","3,674.00",,,,,,,,
18226,13-Aug-18,Quezon,FEXIL 500MG,10,"1,800.00"," 18,000.00 ","4,500.00","13,500.00",535.00,"5,350.00","8,150.00",,,,,,,,
18227,13-Aug-18,Quezon,FERGLOBIN 250mg,5,725.00," 3,625.00 ","1,087.00","2,538.00",215.00,"1,075.00","1,463.00",,,,,,,,
18228,14-Aug-18,Quezon,Hyclens 0.2% Wound Spray,12,270.00," 3,240.00 ",0.00,"3,240.00",115.00,"1,380.00","1,860.00",,,,,,,,
18229,14-Aug-18,Quezon,MULTI GROW 30ml,12,175.00," 2,100.00 ",0.00,"2,100.00",55.00,660.00,"1,440.00",,,,,,,,
18229,14-Aug-18,Quezon,CINNABLOC 25mg,2,500.00," 1,000.00 ",0.00,"1,000.00",133.00,266.00,734.00,,,,,,,,
18230,16-Aug-18,Quezon,VOXOLL 15mg/5ml,6,74.00, 444.00 ,0.00,444.00,23.00,138.00,306.00,,,,,,,,
18231,16-Aug-18,Quezon,JAGA 300mg/100mg/100mcg,2,"1,540.00"," 3,080.00 ","1,078.00","2,002.00",345.00,690.00,"1,312.00",,,,,,,,
18232,17-Aug-18,Quezon,MULTI GROW 30ml,20,175.00," 3,500.00 ",0.00,"3,500.00",55.00,"1,100.00","2,400.00",,,,,,,,
18232,17-Aug-18,Quezon,PENCHLOR 1mg/800mcg,20,98.00," 1,960.00 ",0.00,"1,960.00",31.00,620.00,"1,340.00",,,,,,,,
18233,20-Aug-18,Quezon,ZINCAVIT 55mg/ml,25,88.00," 2,200.00 ",0.00,"2,200.00",25.00,625.00,"1,575.00",,,,,,,,
18233,20-Aug-18,Quezon,EUROXIME 250mg/5ml,13,400.00," 5,200.00 ",0.00,"5,200.00",139.00,"1,807.00","3,393.00",,,,,,,,
18235,22-Aug-18,Quezon,ATOVAS 20mg,20,750.00," 15,000.00 ",0.00,"15,000.00",202.00,"4,040.00","10,960.00",,,,,,,,
18235,22-Aug-18,Quezon,APROCARE 150mg,20,870.00," 17,400.00 ",0.00,"17,400.00",219.00,"4,380.00","13,020.00",,,,,,,,
18236,23-Aug-18,Quezon,MONILIASOL 500mg,5,750.00," 3,750.00 ","1,203.75","2,546.25",240.00,"1,200.00","1,346.25",,,,,,,,
18236,23-Aug-18,Quezon,LACTAMOX 500mg/125mg,10,"2,790.00"," 27,900.00 ","8,955.90","18,944.10","1,174.00","11,740.00","7,204.10",,,,,,,,
18237,25-Aug-18,Quezon,VICOLAX 50mg/1mg/5ml,12,80.00, 960.00 ,0.00,960.00,24.00,288.00,672.00,,,,,,,,
18237,25-Aug-18,Quezon,TRIZINE FORTE,3,"2,900.00"," 8,700.00 ",0.00,"8,700.00","1,350.00","4,050.00","4,650.00",,,,,,,,
18237,25-Aug-18,Quezon,TRIZINE ,15,298.00," 4,470.00 ",0.00,"4,470.00",175.00,"2,625.00","1,845.00",,,,,,,,
18237,25-Aug-18,Quezon,SALMOGEN 125mg/5ml,30,98.00," 2,940.00 ",0.00,"2,940.00",29.00,870.00,"2,070.00",,,,,,,,
18237,25-Aug-18,Quezon,APROCARE 150mg,6,870.00," 5,220.00 ",0.00,"5,220.00",219.00,"1,314.00","3,906.00",,,,,,,,
18238,24-Aug-18,Quezon,DOLO JAGA 500mg/50mg/100mg/100mcg,5,"1,650.00"," 8,250.00 ","2,475.00","5,775.00",481.00,"2,405.00","3,370.00",,,,,,,,
18239,24-Aug-18,Quezon,LACTAMOX 500mg/125mg,11,"2,790.00"," 30,690.00 ","7,672.50","23,017.50","1,174.00","12,914.00","10,103.50",,,,,,,,
18239,24-Aug-18,Quezon,VICOLAX 100mg/2mg,4,800.00," 3,200.00 ",800.00,"2,400.00",225.00,900.00,"1,500.00",,,,,,,,
18240,24-Aug-18,Quezon,JAGA 300mg/100mg/100mcg,1,"1,540.00"," 1,540.00 ",462.00,"1,078.00",345.00,345.00,733.00,,,,,,,,
18241,24-Aug-18,Quezon,GIAN ZINC 30ml,3,155.00, 465.00 ,0.00,465.00,55.00,165.00,300.00,,,,,,,,
18241,24-Aug-18,Quezon,GIAN ZINC 120ml,3,175.00, 525.00 ,0.00,525.00,75.00,225.00,300.00,,,,,,,,
18242,28-Aug-18,Quezon,MULTI GROW 30ml,12,165.00," 1,980.00 ",0.00,"1,980.00",55.00,660.00,"1,320.00",,,,,,,,
18242,28-Aug-18,Quezon,BERCEF 50mg/ml,12,175.00," 2,100.00 ",0.00,"2,100.00",42.00,504.00,"1,596.00",,,,,,,,
18243,28-Aug-18,Quezon,MULTI GROW OB PLUS,1,"1,300.00"," 1,300.00 ",390.00,910.00,450.00,450.00,460.00,,,,,,,,
18243,28-Aug-18,Quezon,APROCARE 150mg,3,870.00," 2,610.00 ",783.00,"1,827.00",219.00,657.00,"1,170.00",,,,,,,,
18244,29-Aug-18,Quezon,BERCEF 50mg/ml,3,175.00, 525.00 ,0.00,525.00,42.00,126.00,399.00,,,,,,,,
18244,29-Aug-18,Quezon,VOXOLL 15mg/5ml,10,74.00, 740.00 ,0.00,740.00,23.00,230.00,510.00,,,,,,,,
18244,29-Aug-18,Quezon,SYNERMED 200mg/40mg/5ml,10,90.00, 900.00 ,0.00,900.00,26.00,260.00,640.00,,,,,,,,
18244,29-Aug-18,Quezon,LEXI B FORTE 300mg/100mg/100mcg,1,"1,000.00"," 1,000.00 ",0.00,"1,000.00",323.00,323.00,677.00,,,,,,,,
18244,29-Aug-18,Quezon,FEXIL 100mg/ml,3,170.00, 510.00 ,0.00,510.00,55.00,165.00,345.00,,,,,,,,
18244,29-Aug-18,Quezon,INTRAPLEM 500mg,1,980.00, 980.00 ,0.00,980.00,280.00,280.00,700.00,,,,,,,,
18245,30-Aug-18,Quezon,MONILIASOL 125mg/5ml,12,75.00, 900.00 ,270.00,630.00,26.00,312.00,318.00,,,,,,,,
18245,30-Aug-18,Quezon,MULTI GROW 30ml,12,175.00," 2,100.00 ",630.00,"1,470.00",55.00,660.00,810.00,,,,,,,,
18245,30-Aug-18,Quezon,VISTREP 250mg/5ml,12,105.00," 1,260.00 ",378.00,882.00,28.00,336.00,546.00,,,,,,,,
18246,30-Aug-18,Quezon,Hyclens 0.2% Wound Spray,12,270.00," 3,240.00 ",648.00,"2,592.00",115.00,"1,380.00","1,212.00",,,,,,,,
18247,30-Aug-18,Quezon,ZEGECEF 250mg/5ml,6,400.00," 2,400.00 ",0.00,"2,400.00",139.00,834.00,"1,566.00",,,,,,,,
18248,31-Aug-18,Quezon,BUFENOL 100mg/5ml,6,95.00, 570.00 ,0.00,570.00,30.00,180.00,390.00,,,,,,,,
18248,31-Aug-18,Quezon,VICEPHRIN 100mg/ml,6,85.00, 510.00 ,0.00,510.00,25.00,150.00,360.00,,,,,,,,
18248,31-Aug-18,Quezon,BERCEF 250mg/5ml,10,450.00," 4,500.00 ",0.00,"4,500.00",148.00,"1,480.00","3,020.00",,,,,,,,
18248,31-Aug-18,Quezon,ROCIN 150,4,"2,200.00"," 8,800.00 ",0.00,"8,800.00",680.00,"2,720.00","6,080.00",,,,,,,,
18248,31-Aug-18,Quezon,TOSYLAM 750mg,2,"5,060.00"," 10,120.00 ",0.00,"10,120.00",980.00,"1,960.00","8,160.00",,,,,,,,
18249,03-Sep-18,Quezon,DOLO JAGA 500mg/50mg/100mg/100mcg,4,"1,650.00"," 6,600.00 ",0.00,"6,600.00",481.00,"1,924.00","4,676.00",,,,,,,,
18249,03-Sep-18,Quezon,VITAFER OB,4,600.00," 2,400.00 ",0.00,"2,400.00",155.00,620.00,"1,780.00",,,,,,,,
18250,03-Sep-18,Quezon,FERGLOBIN 250mg,10,725.00," 7,250.00 ",0.00,"7,250.00",215.00,"2,150.00","5,100.00",,,,,,,,
18250,03-Sep-18,Quezon,CEFEXIL 500mg,10,"1,800.00"," 18,000.00 ",0.00,"18,000.00",535.00,"5,350.00","12,650.00",,,,,,,,
18451,28-Nov-18,Quezon,DOLO JAGA 500mg/50mg/100mg/100mcg,5,"1,650.00"," 8,250.00 ","2,475.00","5,775.00",481.00,"2,405.00","3,370.00",,,,,,,,
18452,28-Nov-18,Quezon,VICOLAX 100mg/2mg,8,800.00," 6,400.00 ",0.00,"6,400.00",225.00,"1,800.00","4,600.00",,,,,,,,
18453,28-Nov-18,Quezon,SALMOGEN 125mg/5ml,36,98.00," 3,528.00 ",0.00,"3,528.00",29.00,"1,044.00","2,484.00",,,,,,,,
18453,28-Nov-18,Quezon,GIAN ZINC 30ml,12,155.00," 1,860.00 ",0.00,"1,860.00",55.00,660.00,"1,200.00",,,,,,,,
18453,28-Nov-18,Quezon,GIAN ZINC 120ml,12,175.00," 2,100.00 ",0.00,"2,100.00",75.00,900.00,"1,200.00",,,,,,,,
18453,28-Nov-18,Quezon,VICOLAX 50mg/1mg/5ml,5,80.00, 400.00 ,0.00,400.00,24.00,120.00,280.00,,,,,,,,
18454,28-Nov-18,Quezon,TRIVASC 35mg MR,1,"1,425.00"," 1,425.00 ",0.00,"1,425.00",445.00,445.00,980.00,,,,,,,,
18454,28-Nov-18,Quezon,GIAN ZINC 30ml,12,155.00," 1,860.00 ",0.00,"1,860.00",55.00,660.00,"1,200.00",,,,,,,,
18455A,28-Nov-18,Quezon,CAPSUGEN FORTE,3,"1,540.00"," 4,620.00 ","1,386.00","3,234.00",310.00,930.00,"2,304.00",,,,,,,,
18455A,28-Nov-18,Quezon,FERGLOBIN FA 60mg/400mcg,3,725.00," 2,175.00 ",652.50,"1,522.50",240.00,720.00,802.50,,,,,,,,
18456,29-Nov-18,Quezon,XYNETIN 1500mg/200iu,8,"1,050.00"," 8,400.00 ",0.00,"8,400.00",310.00,"2,480.00","5,920.00",,,,,,,,
18456,29-Nov-18,Quezon,MULTI GROW OB PLUS,8,"1,300.00"," 10,400.00 ",0.00,"10,400.00",450.00,"3,600.00","6,800.00",,,,,,,,
17251,16-Aug-18,Cam Norte,NERVAMIN PLUS 500mg/50mg/100mg/100mcg,1,"1,708.00"," 1,708.00 ",0.00,"1,708.00",488.00,488.00,"1,220.00",,,,,,,,
17252,18-Aug-18,Cam Norte,NERVAMIN PLUS 500mg/50mg/100mg/100mcg,5,"1,708.00"," 8,540.00 ",0.00,"8,540.00",488.00,"2,440.00","6,100.00",,,,,,,,
17253,15-Aug-18,Cam Norte,LEIVICLOX 250mg,12,250.00," 3,000.00 ",900.00,"2,100.00",68.00,816.00,"1,284.00",,,,,,,,
17254,18-Aug-18,Cam Norte,ALGICAP 500mg,1,760.00, 760.00 ,228.00,532.00,228.00,228.00,304.00,,,,,,,,
17255,31-Aug-18,Cam Norte,EUROXIME 250mg/5ml,12,425.00," 5,100.00 ","1,530.00","3,570.00",139.00,"1,668.00","1,902.00",,,,,,,,
17255,31-Aug-18,Cam Norte,LACTAMOX 250mg/62.5mg/5ml,12,310.00," 3,720.00 ","1,116.00","2,604.00",130.00,"1,560.00","1,044.00",,,,,,,,
17256,31-Aug-18,Cam Norte,DOLO JAGA 500mg/50mg/100mg/100mcg,2,"1,708.00"," 3,416.00 ",0.00,"3,416.00",481.00,962.00,"2,454.00",,,,,,,,
17257,03-Sep-18,Cam Norte,CENDALEX 500mg,1,900.00, 900.00 ,0.00,900.00,300.00,300.00,600.00,,,,,,,,
17258,05-Sep-18,Cam Norte,DOLO JAGA 500mg/50mg/100mg/100mcg,5,"1,708.00"," 8,540.00 ",0.00,"8,540.00",481.00,"2,405.00","6,135.00",,,,,,,,
17259,14-Sep-18,Cam Norte,ZAFEX 500mg,1,"3,000.00"," 3,000.00 ",900.00,"2,100.00","1,450.00","1,450.00",650.00,,,,,,,,
17259,14-Sep-18,Cam Norte,FOCID 5mg,1,700.00, 700.00 ,210.00,490.00,188.00,188.00,302.00,,,,,,,,
17259,14-Sep-18,Cam Norte,FERGLOBIN 250mg,1,725.00, 725.00 ,217.50,507.50,215.00,215.00,292.50,,,,,,,,
17259,14-Sep-18,Cam Norte,FORTIPLEX,1,"1,200.00"," 1,200.00 ",360.00,840.00,270.00,270.00,570.00,,,,,,,,
17260,14-Sep-18,Cam Norte,MONILIASOL 125mg/5ml,12,75.00, 900.00 ,270.00,630.00,26.00,312.00,318.00,,,,,,,,
17260,14-Sep-18,Cam Norte,BERCEF 50mg/ml,12,175.00," 2,100.00 ",630.00,"1,470.00",42.00,504.00,966.00,,,,,,,,
17261,19-Sep-18,Cam Norte,LEIVICLOX 250mg,36,250.00," 9,000.00 ","2,700.00","6,300.00",68.00,"2,448.00","3,852.00",,,,,,,,
17262,20-Sep-18,Cam Norte,BROADMETZ 500mg,3,"1,350.00"," 4,050.00 ",0.00,"4,050.00",319.00,957.00,"3,093.00",,,,,,,,
17262,20-Sep-18,Cam Norte,METMIC 500mg,3,820.00," 2,460.00 ",0.00,"2,460.00",228.00,684.00,"1,776.00",,,,,,,,
17263,20-Sep-18,Cam Norte,BROADMETZ 500mg,3,"1,350.00"," 4,050.00 ",0.00,"4,050.00",319.00,957.00,"3,093.00",,,,,,,,
17263,20-Sep-18,Cam Norte,METMIC 500mg,3,820.00," 2,460.00 ",0.00,"2,460.00",228.00,684.00,"1,776.00",,,,,,,,
17264,22-Sep-18,Cam Norte,MULTI GROW 30ml,12,180.00," 2,160.00 ",0.00,"2,160.00",55.00,660.00,"1,500.00",,,,,,,,
17264,22-Sep-18,Cam Norte,GIAN ZINC 30ml,12,165.00," 1,980.00 ",0.00,"1,980.00",55.00,660.00,"1,320.00",,,,,,,,
17265,22-Sep-18,Cam Norte,GIAN ZINC 30ml,12,165.00," 1,980.00 ",594.00,"1,386.00",55.00,660.00,726.00,,,,,,,,
17266,22-Sep-18,Cam Norte,MULTI GROW 30ml,12,180.00," 2,160.00 ",648.00,"1,512.00",55.00,660.00,852.00,,,,,,,,
17267,22-Sep-18,Cam Norte,CENDALEX 250mg/5ml,12,190.00," 2,280.00 ",0.00,"2,280.00",55.00,660.00,"1,620.00",,,,,,,,
17267,22-Sep-18,Cam Norte,CENDALEX 125mg/5ml,12,130.00," 1,560.00 ",0.00,"1,560.00",35.00,420.00,"1,140.00",,,,,,,,
17267,22-Sep-18,Cam Norte,CENDALEX 100mg/ml,12,120.00," 1,440.00 ",0.00,"1,440.00",31.00,372.00,"1,068.00",,,,,,,,
17267,22-Sep-18,Cam Norte,CENDALEX 500mg,1,"1,250.00"," 1,250.00 ",0.00,"1,250.00",300.00,300.00,950.00,,,,,,,,
17268,22-Sep-18,Cam Norte,INTRAPLEM 500mg,1,"1,200.00"," 1,200.00 ",0.00,"1,200.00",280.00,280.00,920.00,,,,,,,,
17268,22-Sep-18,Cam Norte,INTRAPLEM 100mg/5ml,12,95.00," 1,140.00 ",0.00,"1,140.00",27.00,324.00,816.00,,,,,,,,
17268,22-Sep-18,Cam Norte,INTRAPLEM 50mg/ml - Drops,12,80.00, 960.00 ,0.00,960.00,23.00,276.00,684.00,,,,,,,,
17269,22-Sep-18,Cam Norte,ZETIFEN 125mg/5ml,12,105.00," 1,260.00 ",0.00,"1,260.00",21.00,252.00,"1,008.00",,,,,,,,
17269,22-Sep-18,Cam Norte,ZETIFEN 250mg/5ml,12,120.00," 1,440.00 ",0.00,"1,440.00",23.00,276.00,"1,164.00",,,,,,,,
17269,22-Sep-18,Cam Norte,ZETIFEN 100mg/ml,12,90.00," 1,080.00 ",0.00,"1,080.00",17.00,204.00,876.00,,,,,,,,
17270,22-Sep-18,Cam Norte,LACTAMOX 125mg/31.25mg/5ml,12,190.00," 2,280.00 ",0.00,"2,280.00",76.00,912.00,"1,368.00",,,,,,,,
17270,22-Sep-18,Cam Norte,LACTAMOX 250mg/62.5mg/5ml,12,310.00," 3,720.00 ",0.00,"3,720.00",130.00,"1,560.00","2,160.00",,,,,,,,
17271,22-Sep-18,Cam Norte,INTRAPLEM 500mg,1,"1,200.00"," 1,200.00 ",360.00,840.00,280.00,280.00,560.00,,,,,,,,
17271,22-Sep-18,Cam Norte,CENDALEX 500mg,1,"1,250.00"," 1,250.00 ",375.00,875.00,300.00,300.00,575.00,,,,,,,,
17272A,26-Sep-18,Cam Norte,ZAFEX 500mg,2,"3,625.00"," 7,250.00 ",0.00,"7,250.00","1,450.00","2,900.00","4,350.00",,,,,,,,
17272A,26-Sep-18,Cam Norte,BROXIL-M 30mg,2,700.00," 1,400.00 ",0.00,"1,400.00",210.00,420.00,980.00,,,,,,,,
17273,26-Sep-18,Cam Norte,AMCETAM,1,485.00, 485.00 ,0.00,485.00,41.70,41.70,443.30,,,,,,,,
17273,26-Sep-18,Cam Norte,VITACORE 100mg,1,900.00, 900.00 ,0.00,900.00,200.00,200.00,700.00,,,,,,,,
17273,26-Sep-18,Cam Norte,OMCARE 40mg,1,"2,300.00"," 2,300.00 ",0.00,"2,300.00",450.00,450.00,"1,850.00",,,,,,,,
17273,26-Sep-18,Cam Norte,METOCLOR,1,250.00, 250.00 ,0.00,250.00,22.00,22.00,228.00,,,,,,,,
17273,26-Sep-18,Cam Norte,SPASBASCINE,1,"1,250.00"," 1,250.00 ",0.00,"1,250.00",30.00,30.00,"1,220.00",,,,,,,,
17273,26-Sep-18,Cam Norte,CETOCIN 10iu/ml,1,"1,250.00"," 1,250.00 ",0.00,"1,250.00",120.00,120.00,"1,130.00",,,,,,,,
17274,26-Sep-18,Cam Norte,AMOLTEX 2mg/5ml,24,75.00," 1,800.00 ",0.00,"1,800.00",20.00,480.00,"1,320.00",,,,,,,,
17275,26-Sep-18,Cam Norte,SPASCLOMIN 10mg/5ml,12,165.00," 1,980.00 ",0.00,"1,980.00",40.00,480.00,"1,500.00",,,,,,,,
17275,26-Sep-18,Cam Norte,CINNABLOC 25mg,1,525.00, 525.00 ,0.00,525.00,133.00,133.00,392.00,,,,,,,,
17275,26-Sep-18,Cam Norte,ALGICAP 50mg/5ml,12,90.00," 1,080.00 ",0.00,"1,080.00",24.00,288.00,792.00,,,,,,,,
17275,26-Sep-18,Cam Norte,OSTEO-PRO 750mg/10iu/10mg,1,"1,280.00"," 1,280.00 ",0.00,"1,280.00",458.00,458.00,822.00,,,,,,,,
17276,27-Sep-18,Cam Norte,GIAN ZINC 120ml,36,210.00," 7,560.00 ","2,268.00","5,292.00",75.00,"2,700.00","2,592.00",,,,,,,,
17276,27-Sep-18,Cam Norte,BROADMETZ 250mg/5ml,36,130.00," 4,680.00 ","1,404.00","3,276.00",28.00,"1,008.00","2,268.00",,,,,,,,
17276,27-Sep-18,Cam Norte,GIAN ZINC 30ml,36,165.00," 5,940.00 ","1,782.00","4,158.00",55.00,"1,980.00","2,178.00",,,,,,,,
17277A,11-Oct-18,Cam Norte,BERCEF 50mg/ml,12,175.00," 2,100.00 ",630.00,"1,470.00",42.00,504.00,966.00,,,,,,,,
17277A,11-Oct-18,Cam Norte,MONILIASOL 125mg/5ml,12,75.00, 900.00 ,270.00,630.00,26.00,312.00,318.00,,,,,,,,
17278,11-Oct-18,Cam Norte,FERGLOBIN 250mg,1,725.00, 725.00 ,217.50,507.50,215.00,215.00,292.50,,,,,,,,
17278,11-Oct-18,Cam Norte,CORVI PLUS 1mg/50mg,12,118.00," 1,416.00 ",424.80,991.20,39.00,468.00,523.20,,,,,,,,
17278,11-Oct-18,Cam Norte,ZETIFEN 100mg/ml,12,90.00," 1,080.00 ",324.00,756.00,17.00,204.00,552.00,,,,,,,,
17278,11-Oct-18,Cam Norte,ALGICAP 50mg/5ml,6,90.00, 540.00 ,162.00,378.00,24.00,144.00,234.00,,,,,,,,
17279,12-Oct-18,Cam Norte,BROXIL-M 15mg/5ml,15,94.50," 1,417.50 ",283.50,"1,134.00",23.00,345.00,789.00,,,,,,,,
17280,17-Oct-18,Cam Norte,TRIVASC 35mg MR,1,"1,575.00"," 1,575.00 ",0.00,"1,575.00",445.00,445.00,"1,130.00",,,,,,,,
17280,17-Oct-18,Cam Norte,CLOVAS 75MG,1,"1,350.00"," 1,350.00 ",0.00,"1,350.00",384.00,384.00,966.00,,,,,,,,
17280,17-Oct-18,Cam Norte,APROCARE 150mg,1,900.00, 900.00 ,0.00,900.00,219.00,219.00,681.00,,,,,,,,
17281,20-Oct-18,Cam Norte,FORTIPLEX,2,"1,200.00"," 2,400.00 ",720.00,"1,680.00",270.00,540.00,"1,140.00",,,,,,,,
17281,20-Oct-18,Cam Norte,SOLVASC 5MG,2,"1,260.00"," 2,520.00 ",756.00,"1,764.00",430.00,860.00,904.00,,,,,,,,
17282,15-Oct-18,Cam Norte,BERCEF 50mg/ml,50,175.00," 8,750.00 ","2,625.00","6,125.00",42.00,"2,100.00","4,025.00",,,,,,,,
17283,12-Oct-18,Cam Norte,NEUROGIN 39.50mg,1,"1,995.00"," 1,995.00 ",0.00,"1,995.00",590.00,590.00,"1,405.00",,,,,,,,
17284,17-Oct-18,Cam Norte,Diflosid 25mg/ml,1,420.00, 420.00 ,0.00,420.00,130.00,130.00,290.00,,,,,,,,
17285,18-Oct-18,Cam Norte,LEIVICLOX 250mg,36,250.00," 9,000.00 ","2,700.00","6,300.00",68.00,"2,448.00","3,852.00",,,,,,,,
17286,18-Oct-18,Cam Norte,BERCEF 250mg/5ml,12,465.00," 5,580.00 ","1,674.00","3,906.00",148.00,"1,776.00","2,130.00",,,,,,,,
17287,18-Oct-18,Cam Norte,NERVAMIN PLUS 500mg/50mg/100mg/100mcg,1,"1,708.00"," 1,708.00 ",0.00,"1,708.00",488.00,488.00,"1,220.00",,,,,,,,
17288,19-Oct-18,Cam Norte,FORTIPLEX,10,"1,200.00"," 12,000.00 ","3,600.00","8,400.00",270.00,"2,700.00","5,700.00",,,,,,,,
17289,19-Oct-18,Cam Norte,ANEROCIN 300mg ,1,"3,990.00"," 3,990.00 ","1,197.00","2,793.00",890.00,890.00,"1,903.00",,,,,,,,
17290,19-Oct-18,Cam Norte,LACTAMOX 500mg/125mg,1,"3,000.00"," 3,000.00 ",900.00,"2,100.00","1,174.00","1,174.00",926.00,,,,,,,,
17291,19-Oct-18,Cam Norte,BROADMETZ 100mg/ml,36,99.75," 3,591.00 ",0.00,"3,591.00",22.00,792.00,"2,799.00",,,,,,,,
17292,20-Oct-18,Cam Norte,Zetifen 500mg,2,300.00, 600.00 ,180.00,420.00,104.16,208.32,211.68,,,,,,,,
17293,23-Oct-18,Cam Norte,FORTIPLEX,1,"1,200.00"," 1,200.00 ",0.00,"1,200.00",270.00,270.00,930.00,,,,,,,,
17294,25-Oct-18,Cam Norte,Cixtor-Z 120ml,36,175.00," 6,300.00 ","1,890.00","4,410.00",58.00,"2,088.00","2,322.00",,,,,,,,
17295,25-Oct-18,Cam Norte,EUROXIME 250mg/5ml,24,425.00," 10,200.00 ","3,060.00","7,140.00",139.00,"3,336.00","3,804.00",,,,,,,,
17296,07-Oct-18,Cam Norte,INTRAPLEM 500mg,1,"1,200.00"," 1,200.00 ",0.00,"1,200.00",280.00,280.00,920.00,,,,,,,,
17296,07-Oct-18,Cam Norte,Zetifen 500mg,2,300.00, 600.00 ,0.00,600.00,104.16,208.32,391.68,,,,,,,,
17296,07-Oct-18,Cam Norte,INTRAPLEM 100mg/5ml,12,95.00," 1,140.00 ",0.00,"1,140.00",27.00,324.00,816.00,,,,,,,,
17297,27-Oct-18,Cam Norte,CENDALEX 500mg,3,"1,250.00"," 3,750.00 ","1,125.00","2,625.00",300.00,900.00,"1,725.00",,,,,,,,
17298,27-Oct-18,Cam Norte,ZAFEX 250mg/5ml,6,450.00," 2,700.00 ",0.00,"2,700.00",159.92,959.52,"1,740.48",,,,,,,,
17299,29-Oct-18,Cam Norte,ANEROCIN 300mg ,1,"3,990.00"," 3,990.00 ","1,197.00","2,793.00",890.00,890.00,"1,903.00",,,,,,,,
17300,29-Oct-18,Cam Norte,INTRAPLEM 500mg,2,"1,200.00"," 2,400.00 ",720.00,"1,680.00",280.00,560.00,"1,120.00",,,,,,,,
18151A,30-Oct-18,Cam Norte,GIAN ZINC 30ml,12,165.00," 1,980.00 ",594.00,"1,386.00",55.00,660.00,726.00,,,,,,,,
18152A,30-Oct-18,Cam Norte,CENDALEX 500mg,2,"1,250.00"," 2,500.00 ",0.00,"2,500.00",300.00,600.00,"1,900.00",,,,,,,,
18153A,30-Oct-18,Cam Norte,OSTEO-PRO 750mg/10iu/10mg,1,"1,280.00"," 1,280.00 ",0.00,"1,280.00",458.00,458.00,822.00,,,,,,,,
18154A,31-Oct-18,Cam Norte,ACLAV 1.2g,0.6,"3,700.00"," 2,220.00 ",222.00,"1,998.00",80.00,48.00,"1,950.00",,,,,,,,
18154A,31-Oct-18,Cam Norte,ALGICAP 50mg/5ml,6,90.00, 540.00 ,54.00,486.00,24.00,144.00,342.00,,,,,,,,
18154A,31-Oct-18,Cam Norte,BERCEF 250mg/5ml,6,465.00," 2,790.00 ",279.00,"2,511.00",148.00,888.00,"1,623.00",,,,,,,,
18154A,31-Oct-18,Cam Norte,BERCEF 50mg/ml,6,200.00," 1,200.00 ",120.00,"1,080.00",42.00,252.00,828.00,,,,,,,,
18154A,31-Oct-18,Cam Norte,EUROGYL 5mg/ml (500mg/100ml),6,125.00, 750.00 ,75.00,675.00,23.00,138.00,537.00,,,,,,,,
18154A,31-Oct-18,Cam Norte,CLAVIC 500mg/125mg,1,"3,000.00"," 3,000.00 ",300.00,"2,700.00","1,174.00","1,174.00","1,526.00",,,,,,,,
18155A,06-Nov-18,Cam Norte,SUSTACHLOR 125mg/5ml,12,145.00," 1,740.00 ",174.00,"1,566.00",29.00,348.00,"1,218.00",,,,,,,,
18155A,06-Nov-18,Cam Norte,CLAXIC 250mg/62.5mg/5ml,6,320.00," 1,920.00 ",192.00,"1,728.00",130.00,780.00,948.00,,,,,,,,
18155A,06-Nov-18,Cam Norte,CLAXIC 125mg/31.25mg/5ml,6,490.00," 2,940.00 ",294.00,"2,646.00",76.00,456.00,"2,190.00",,,,,,,,
18155A,06-Nov-18,Cam Norte,CLAXIC 500mg/125mg,1,"3,000.00"," 3,000.00 ",300.00,"2,700.00","1,174.00","1,174.00","1,526.00",,,,,,,,
18155A,06-Nov-18,Cam Norte,MONILIASOL 125mg/5ml,12,75.00, 900.00 ,90.00,810.00,26.00,312.00,498.00,,,,,,,,
18155A,06-Nov-18,Cam Norte,SUSTACHLOR 500mg,1,"1,600.00"," 1,600.00 ",160.00,"1,440.00",330.00,330.00,"1,110.00",,,,,,,,
18156A,06-Nov-18,Cam Norte,SPASCLOMIN 10mg/5ml,12,165.00," 1,980.00 ",198.00,"1,782.00",40.00,480.00,"1,302.00",,,,,,,,
18156A,06-Nov-18,Cam Norte,MONILIASOL 500mg,1,800.00, 800.00 ,80.00,720.00,240.00,240.00,480.00,,,,,,,,
18156A,06-Nov-18,Cam Norte,MULTI GROW 30ml,6,180.00," 1,080.00 ",108.00,972.00,55.00,330.00,642.00,,,,,,,,
18156A,06-Nov-18,Cam Norte,MULTI GROW 120ml,6,250.00," 1,500.00 ",150.00,"1,350.00",75.00,450.00,900.00,,,,,,,,
18156A,06-Nov-18,Cam Norte,GIAN ZINC 30ml,6,165.00, 990.00 ,99.00,891.00,55.00,330.00,561.00,,,,,,,,
18156A,06-Nov-18,Cam Norte,METMIC 500mg,1,820.00, 820.00 ,82.00,738.00,228.00,228.00,510.00,,,,,,,,
18157A,06-Nov-18,Cam Norte,GIAN ZINC 120ml,6,210.00," 1,260.00 ",126.00,"1,134.00",75.00,450.00,684.00,,,,,,,,
18157A,06-Nov-18,Cam Norte,PROPHALAN,1,"1,200.00"," 1,200.00 ",120.00,"1,080.00",365.00,365.00,715.00,,,,,,,,
18157A,06-Nov-18,Cam Norte,CORVI PLUS 1mg/50mg,12,118.00," 1,416.00 ",141.60,"1,274.40",39.00,468.00,806.40,,,,,,,,
18157A,06-Nov-18,Cam Norte,CAPSUGEN FORTE,1,"1,800.00"," 1,800.00 ",180.00,"1,620.00",310.00,310.00,"1,310.00",,,,,,,,
18158A,07-Nov-18,Cam Norte,CENDALEX 100mg/ml,12,120.00," 1,440.00 ",0.00,"1,440.00",31.00,372.00,"1,068.00",,,,,,,,
18158A,07-Nov-18,Cam Norte,CENDALEX 250mg/5ml,12,190.00," 2,280.00 ",0.00,"2,280.00",55.00,660.00,"1,620.00",,,,,,,,
18158A,07-Nov-18,Cam Norte,CENDALEX 125mg/5ml,12,130.00," 1,560.00 ",0.00,"1,560.00",35.00,420.00,"1,140.00",,,,,,,,
18159A,07-Nov-18,Cam Norte,BUTADIL 2mg/5ml,24,75.00," 1,800.00 ",0.00,"1,800.00",21.00,504.00,"1,296.00",,,,,,,,
18160A,07-Nov-18,Cam Norte,CINNABLOC 25mg,1,525.00, 525.00 ,0.00,525.00,133.00,133.00,392.00,,,,,,,,
18161A,05-Nov-18,Cam Norte,FORTIPLEX,2,"1,200.00"," 2,400.00 ",720.00,"1,680.00",270.00,540.00,"1,140.00",,,,,,,,
18161A,05-Nov-18,Cam Norte,CENDALEX 500mg,2,"1,250.00"," 2,500.00 ",750.00,"1,750.00",300.00,600.00,"1,150.00",,,,,,,,
18162A,09-Nov-18,Cam Norte,METMIC 500mg,1,820.00, 820.00 ,246.00,574.00,228.00,228.00,346.00,,,,,,,,
18162A,09-Nov-18,Cam Norte,BROADMETZ 500mg,1,"1,350.00"," 1,350.00 ",405.00,945.00,319.00,319.00,626.00,,,,,,,,
18163A,23-Nov-18,Cam Norte,FORTIPLEX,7,"1,200.00"," 8,400.00 ","2,520.00","5,880.00",270.00,"1,890.00","3,990.00",,,,,,,,
18164A,13-Nov-18,Cam Norte,BROADMETZ 500mg,1,"1,350.00"," 1,350.00 ",405.00,945.00,319.00,319.00,626.00,,,,,,,,
18164A,13-Nov-18,Cam Norte,METMIC 500mg,1,820.00, 820.00 ,246.00,574.00,228.00,228.00,346.00,,,,,,,,
18165A,24-Nov-18,Cam Norte,SYNERMED 800mg/160mg,1,"1,000.00"," 1,000.00 ",100.00,900.00,95.00,95.00,805.00,,,,,,,,
18165A,24-Nov-18,Cam Norte,CEPROTRON 500mg,1,"1,835.00"," 1,835.00 ",183.50,"1,651.50",415.00,415.00,"1,236.50",,,,,,,,
18166A,15-Nov-18,Cam Norte,BUTADIL 2mg/5ml,24,75.00," 1,800.00 ",0.00,"1,800.00",21.00,504.00,"1,296.00",,,,,,,,
18168A,16-Nov-18,Cam Norte,ZAFEX 500mg,1,"3,625.00"," 3,625.00 ","1,087.50","2,537.50","1,450.00","1,450.00","1,087.50",,,,,,,,
18169A,16-Nov-18,Cam Norte,NERVAPLEX 500mg,1,"1,750.00"," 1,750.00 ",525.00,"1,225.00",458.00,458.00,767.00,,,,,,,,
18170A,20-Nov-18,Cam Norte,Solphride 250mg/5ml,6,275.00," 1,650.00 ",495.00,"1,155.00",94.23,565.38,589.62,,,,,,,,
18171A,20-Nov-18,Cam Norte,FORTIPLEX,1,"1,200.00"," 1,200.00 ",360.00,840.00,270.00,270.00,570.00,,,,,,,,
18171A,20-Nov-18,Cam Norte,CENDALEX 500mg,2,"1,250.00"," 2,500.00 ",750.00,"1,750.00",300.00,600.00,"1,150.00",,,,,,,,
18172A,23-Nov-18,Cam Norte,FORTIPLEX,1,"1,200.00"," 1,200.00 ",0.00,"1,200.00",270.00,270.00,930.00,,,,,,,,
18173A,24-Nov-18,Cam Norte,CENDALEX 250mg/5ml,12,190.00," 2,280.00 ",0.00,"2,280.00",55.00,660.00,"1,620.00",,,,,,,,
18173A,24-Nov-18,Cam Norte,ZETIFEN 125mg/5ml,12,105.00," 1,260.00 ",0.00,"1,260.00",21.00,252.00,"1,008.00",,,,,,,,
18173A,24-Nov-18,Cam Norte,INTRAPLEM 500mg,1,"1,200.00"," 1,200.00 ",0.00,"1,200.00",280.00,280.00,920.00,,,,,,,,
18173A,24-Nov-18,Cam Norte,INTRAPLEM 100mg/5ml,12,95.00," 1,140.00 ",0.00,"1,140.00",27.00,324.00,816.00,,,,,,,,
18174A,24-Nov-18,Cam Norte,Zetifen 500mg,2,300.00, 600.00 ,180.00,420.00,104.16,208.32,211.68,,,,,,,,
18174A,24-Nov-18,Cam Norte,SOLVASC 5MG,1,"1,260.00"," 1,260.00 ",378.00,882.00,430.00,430.00,452.00,,,,,,,,
16173,01-Mar-18,Batangas,XITHROM 150mg,6,"4,000.00"," 24,000.00 ",0.00,"24,000.00","1,235.00","7,410.00","16,590.00",,,,,,,,
16174,01-Mar-18,Batangas,CEPROTRON 500mg,5,"1,925.00"," 9,625.00 ",0.00,"9,625.00",415.00,"2,075.00","7,550.00",,,,,,,,
16174,01-Mar-18,Batangas,HEMOTRAN 500mg,1,"1,980.00"," 1,980.00 ",0.00,"1,980.00",685.00,685.00,"1,295.00",,,,,,,,
16175,01-Mar-18,Batangas,TOSYLAM 750mg,1,"3,000.00"," 3,000.00 ",0.00,"3,000.00",980.00,980.00,"2,020.00",,,,,,,,
16176,01-Mar-18,Batangas,TOSYLAM 750mg,1,"3,000.00"," 3,000.00 ",0.00,"3,000.00",980.00,980.00,"2,020.00",,,,,,,,
16177,01-Mar-18,Batangas,VICEPHRIN 250mg/5ml,26,180.00," 4,680.00 ",0.00,"4,680.00",48.00,"1,248.00","3,432.00",,,,,,,,
16178,01-Mar-18,Batangas,BERCEF 250mg/5ml,6,350.00," 2,100.00 ",0.00,"2,100.00",148.00,888.00,"1,212.00",,,,,,,,
16179,01-Mar-18,Batangas,LACTAMOX 500mg/125mg,1,"3,360.00"," 3,360.00 ",0.00,"3,360.00","1,173.60","1,173.60","2,186.40",,,,,,,,
16180,01-Mar-18,Batangas,LACTAMOX 500mg/125mg,1,"3,360.00"," 3,360.00 ",0.00,"3,360.00","1,173.60","1,173.60","2,186.40",,,,,,,,
16181,01-Mar-18,Batangas,TRIVASC 35mg MR,2,"1,335.00"," 2,670.00 ",0.00,"2,670.00",445.00,890.00,"1,780.00",,,,,,,,
16182,01-Mar-18,Batangas,TRIVASC 35mg MR,2,"1,135.00"," 2,270.00 ",0.00,"2,270.00",445.00,890.00,"1,380.00",,,,,,,,
16183,01-Mar-18,Batangas,ZELEX 200mg,1,"2,250.00"," 2,250.00 ",0.00,"2,250.00",750.00,750.00,"1,500.00",,,,,,,,
16185,01-Mar-18,Batangas,ZELEX 200mg,1,"2,250.00"," 2,250.00 ",0.00,"2,250.00",750.00,750.00,"1,500.00",,,,,,,,
16186,01-Mar-18,Batangas,VICEPHRIN 250mg/5ml,10,180.00," 1,800.00 ",0.00,"1,800.00",48.00,480.00,"1,320.00",,,,,,,,
16187,06-Mar-18,Batangas,JAGAPLEX,2,"1,000.00"," 2,000.00 ",0.00,"2,000.00",395.00,790.00,"1,210.00",,,,,,,,
16188,06-Mar-18,Batangas,JAGAPLEX,2,"1,000.00"," 2,000.00 ",0.00,"2,000.00",395.00,790.00,"1,210.00",,,,,,,,
16189,06-Mar-18,Batangas,PENCHLOR 1mg/800mcg,10,144.00," 1,440.00 ",0.00,"1,440.00",31.00,310.00,"1,130.00",,,,,,,,
16190,06-Mar-18,Batangas,CAPSUGEN FORTE,2,"1,000.00"," 2,000.00 ",0.00,"2,000.00",310.00,620.00,"1,380.00",,,,,,,,
16191,06-Mar-18,Batangas,CAPSUGEN FORTE,2,"1,000.00"," 2,000.00 ",0.00,"2,000.00",310.00,620.00,"1,380.00",,,,,,,,
16192,06-Mar-18,Batangas,CENDALEX 500mg,2,900.00," 1,800.00 ",0.00,"1,800.00",300.00,600.00,"1,200.00",,,,,,,,
16193,06-Mar-18,Batangas,VICEPHRIN 250mg/5ml,14,180.00," 2,520.00 ",0.00,"2,520.00",48.00,672.00,"1,848.00",,,,,,,,
16194,06-Mar-18,Batangas,CENDALEX 500mg,2,900.00," 1,800.00 ",0.00,"1,800.00",300.00,600.00,"1,200.00",,,,,,,,
16195,06-Mar-18,Batangas,PENCHLOR 1mg/800mcg,9,144.00," 1,296.00 ",0.00,"1,296.00",31.00,279.00,"1,017.00",,,,,,,,
16198,06-Mar-18,Batangas,BERCEF 250mg/5ml,6,365.00," 2,190.00 ",0.00,"2,190.00",148.00,888.00,"1,302.00",,,,,,,,
16199,06-Mar-18,Batangas,INTRAPLEM 50mg/ml - Drops,16,80.00," 1,280.00 ",0.00,"1,280.00",23.00,368.00,912.00,,,,,,,,
16273,05-Mar-18,Batangas,MYOCARD 40mg/ml (200mg/5ml),12,"3,200.00"," 38,400.00 ",0.00,"38,400.00",655.00,"7,860.00","30,540.00",,,,,,,,
16273,05-Mar-18,Batangas,EPIBBAS ,40,150.00," 6,000.00 ",0.00,"6,000.00",25.00,"1,000.00","5,000.00",,,,,,,,
16273,05-Mar-18,Batangas,LANTIDIN 50mg,1.5,"12,727.20"," 19,090.80 ",0.00,"19,090.80","3,682.00","5,523.00","13,567.80",,,,,,,,
16273,05-Mar-18,Batangas,CA-GLUCO 10%,30,260.00," 7,800.00 ",0.00,"7,800.00",110.00,"3,300.00","4,500.00",,,,,,,,
16273,05-Mar-18,Batangas,BUPIRIGHT,110,533.00," 58,630.00 ",0.00,"58,630.00",155.00,"17,050.00","41,580.00",,,,,,,,
16273,05-Mar-18,Batangas,AMPICARE 500mg/250mg,30,"1,250.00"," 37,500.00 ",0.00,"37,500.00",318.00,"9,540.00","27,960.00",,,,,,,,
16273,05-Mar-18,Batangas,EPOGEN 4000 iu/mL,2,"2,200.00"," 4,400.00 ",0.00,"4,400.00",734.00,"1,468.00","2,932.00",,,,,,,,
16273,05-Mar-18,Batangas,ERYZIN 3.5g,60,440.00," 26,400.00 ",0.00,"26,400.00",93.00,"5,580.00","20,820.00",,,,,,,,
16274,05-Mar-18,Batangas,SPASMOSON 20mg,40,980.00," 39,200.00 ",0.00,"39,200.00",336.00,"13,440.00","25,760.00",,,,,,,,
16274,05-Mar-18,Batangas,CEFOLAN 1g,800,140.00," 112,000.00 ",0.00,"112,000.00",30.00,"24,000.00","88,000.00",,,,,,,,
16300,12-Mar-18,Batangas,LANTIDIN 50mg,10,"12,727.20"," 127,272.00 ",0.00,"127,272.00","3,682.00","36,820.00","90,452.00",,,,,,,,
16300,12-Mar-18,Batangas,HARBIPEN 1M,28,440.00," 12,320.00 ",0.00,"12,320.00",94.00,"2,632.00","9,688.00",,,,,,,,
16302,13-Mar-18,Batangas,TOSYLAM 750mg,2,"3,000.00"," 6,000.00 ",0.00,"6,000.00",,,"6,000.00",,,,,,,,
16303,13-Mar-18,Batangas,ZUDEM 50mg/5ml,20,400.00," 8,000.00 ",0.00,"8,000.00",178.00,"3,560.00","4,440.00",,,,,,,,
16304,13-Mar-18,Batangas,SPLENDAMET 500mg,10,550.00," 5,500.00 ",0.00,"5,500.00",128.00,"1,280.00","4,220.00",,,,,,,,
16304,13-Mar-18,Batangas,ANTIZOAL 5mg/ml,10,150.00," 1,500.00 ",0.00,"1,500.00",22.00,220.00,"1,280.00",,,,,,,,
16651,28-Mar-18,Batangas,VICEPHRIN 250mg/5ml,10,180.00," 1,800.00 ",0.00,"1,800.00",48.00,480.00,"1,320.00",,,,,,,,
16652,05-Apr-18,Batangas,ZEGECEF 250mg/5ml,10,450.00," 4,500.00 ",0.00,"4,500.00",139.00,"1,390.00","3,110.00",,,,,,,,
16653,05-Apr-18,Batangas,VICEPHRIN 250mg/5ml,10,180.00," 1,800.00 ",0.00,"1,800.00",48.00,480.00,"1,320.00",,,,,,,,
16654,05-Apr-18,Batangas,ARTAL-H 50mg/12.5mg,1,"3,000.00"," 3,000.00 ",0.00,"3,000.00",198.00,198.00,"2,802.00",,,,,,,,
16655,05-Apr-18,Batangas,LACTAMOX 500mg/125mg,1,"3,360.00"," 3,360.00 ",0.00,"3,360.00","1,173.60","1,173.60","2,186.40",,,,,,,,
16656,05-Apr-18,Batangas,COMOX 625mg,2,"3,360.00"," 6,720.00 ",0.00,"6,720.00","1,174.00","2,348.00","4,372.00",,,,,,,,
16657,05-Apr-18,Batangas,COMOX 625mg,2,"3,360.00"," 6,720.00 ",0.00,"6,720.00","1,174.00","2,348.00","4,372.00",,,,,,,,
16658,05-Apr-18,Batangas,COMOX 625mg,2,"3,360.00"," 6,720.00 ",0.00,"6,720.00","1,174.00","2,348.00","4,372.00",,,,,,,,
16659,05-Apr-18,Batangas,HISTARIL 2mg/100mg,1,960.00, 960.00 ,0.00,960.00,225.00,225.00,735.00,,,,,,,,
16660,05-Apr-18,Batangas,ZEGECEF 250mg/5ml,11,450.00," 4,950.00 ",0.00,"4,950.00",139.00,"1,529.00","3,421.00",,,,,,,,
16661,05-Apr-18,Batangas,PENCHLOR 1mg/800mcg,9,144.00," 1,296.00 ",0.00,"1,296.00",31.00,279.00,"1,017.00",,,,,,,,
16662,05-Apr-18,Batangas,JAGAPLEX,2,"1,026.00"," 2,052.00 ",0.00,"2,052.00",395.00,790.00,"1,262.00",,,,,,,,
16663,05-Apr-18,Batangas,JAGAPLEX,1,"1,026.00"," 1,026.00 ",0.00,"1,026.00",395.00,395.00,631.00,,,,,,,,
16664,05-Apr-18,Batangas,ALGICAP 500mg,1,780.00, 780.00 ,0.00,780.00,228.00,228.00,552.00,,,,,,,,
16665,05-Apr-18,Batangas,ALGICAP 500mg,1,780.00, 780.00 ,0.00,780.00,228.00,228.00,552.00,,,,,,,,
16666,05-Apr-18,Batangas,TRIVASC 35mg MR,2,"1,335.00"," 2,670.00 ",0.00,"2,670.00",445.00,890.00,"1,780.00",,,,,,,,
16667,05-Apr-18,Batangas,TRIVASC 35mg MR,2,"1,335.00"," 2,670.00 ",0.00,"2,670.00",445.00,890.00,"1,780.00",,,,,,,,
16668,11-Apr-18,Batangas,ARTAL-H 50mg/12.5mg,1,"3,000.00"," 3,000.00 ",0.00,"3,000.00",198.00,198.00,"2,802.00",,,,,,,,
16669,11-Apr-18,Batangas,ARTAL-H 50mg/12.5mg,1,"3,000.00"," 3,000.00 ",0.00,"3,000.00",198.00,198.00,"2,802.00",,,,,,,,
16670,11-Apr-18,Batangas,CIFROX 500mg,2,"1,920.00"," 3,840.00 ",0.00,"3,840.00",450.00,900.00,"2,940.00",,,,,,,,
16671,11-Apr-18,Batangas,AZECLO 100mg,1,"2,160.00"," 2,160.00 ",0.00,"2,160.00",595.00,595.00,"1,565.00",,,,,,,,
16672,11-Apr-18,Batangas,JAGAPLEX 120ml,16,160.00," 2,560.00 ",0.00,"2,560.00",47.00,752.00,"1,808.00",,,,,,,,
16673,11-Apr-18,Batangas,COMOX 625mg,3,"3,360.00"," 10,080.00 ",0.00,"10,080.00","1,174.00","3,522.00","6,558.00",,,,,,,,
16674,11-Apr-18,Batangas,COMOX 625mg,3,"3,360.00"," 10,080.00 ",0.00,"10,080.00","1,174.00","3,522.00","6,558.00",,,,,,,,
16675,11-Apr-18,Batangas,VITASTRONG SOFTGEL,5,"2,530.00"," 12,650.00 ",0.00,"12,650.00",750.00,"3,750.00","8,900.00",,,,,,,,
16676,11-Apr-18,Batangas,ALGESIC FORTE 325mg+400mg,2,650.00," 1,300.00 ",0.00,"1,300.00",218.00,436.00,864.00,,,,,,,,
16677,11-Apr-18,Batangas,LACTAMOX 250mg/62.5mg/5ml,12,330.00," 3,960.00 ",0.00,"3,960.00",130.00,"1,560.00","2,400.00",,,,,,,,
16677,11-Apr-18,Batangas,TERMAGEN 500mg,5,220.00," 1,100.00 ",0.00,"1,100.00",60.00,300.00,800.00,,,,,,,,
16677,11-Apr-18,Batangas,VICEPHRIN 125mg/5ml,10,115.00," 1,150.00 ",0.00,"1,150.00",33.00,330.00,820.00,,,,,,,,
16679,13-Apr-18,Batangas,SYLVITE 2meq/ml,19,781.80," 14,854.20 ",0.00,"14,854.20",300.00,"5,700.00","9,154.20",,,,,,,,
16680,20-Apr-18,Batangas,JAGAPLEX,2,"1,000.00"," 2,000.00 ",0.00,"2,000.00",395.00,790.00,"1,210.00",,,,,,,,
16681,20-Apr-18,Batangas,JAGAPLEX,1,"1,000.00"," 1,000.00 ",0.00,"1,000.00",395.00,395.00,605.00,,,,,,,,
16682,20-Apr-18,Batangas,MONILIASOL 500mg,2,"1,080.00"," 2,160.00 ",0.00,"2,160.00",240.00,480.00,"1,680.00",,,,,,,,
16683,20-Apr-18,Batangas,MONILIASOL 500mg,1,"1,080.00"," 1,080.00 ",0.00,"1,080.00",240.00,240.00,840.00,,,,,,,,
16684,21-Apr-18,Batangas,PUROXEL 40mg,3,"1,300.00"," 3,900.00 ",0.00,"3,900.00",200.00,600.00,"3,300.00",,,,,,,,
16685,20-Apr-18,Batangas,PUROXEL 40mg,2,"1,300.00"," 2,600.00 ",0.00,"2,600.00",200.00,400.00,"2,200.00",,,,,,,,
16686,20-Apr-18,Batangas,VICEPHRIN 250mg/5ml,14,180.00," 2,520.00 ",0.00,"2,520.00",48.00,672.00,"1,848.00",,,,,,,,
16687,20-Apr-18,Batangas,VICEPHRIN 100mg/ml,16,96.00," 1,536.00 ",0.00,"1,536.00",25.00,400.00,"1,136.00",,,,,,,,
16688,20-Apr-18,Batangas,PENCHLOR 1mg/800mcg,13,144.00," 1,872.00 ",0.00,"1,872.00",31.00,403.00,"1,469.00",,,,,,,,
16689,20-Apr-18,Batangas,CENDALEX 500mg,2,900.00," 1,800.00 ",0.00,"1,800.00",300.00,600.00,"1,200.00",,,,,,,,
16690,20-Apr-18,Batangas,ZELEX 200mg,1,"2,250.00"," 2,250.00 ",0.00,"2,250.00",750.00,750.00,"1,500.00",,,,,,,,
16691,20-Apr-18,Batangas,ZELEX 200mg,1,"2,250.00"," 2,250.00 ",0.00,"2,250.00",750.00,750.00,"1,500.00",,,,,,,,
16692,20-Apr-18,Batangas,QUIFLOX 500mg,2,"1,800.00"," 3,600.00 ",0.00,"3,600.00",630.00,"1,260.00","2,340.00",,,,,,,,
16693,20-Apr-18,Batangas,CENDALEX 100mg/ml,12,90.00," 1,080.00 ",0.00,"1,080.00",31.00,372.00,708.00,,,,,,,,
16694,26-Apr-18,Batangas,VITASTRONG SOFTGEL,4,"2,530.00"," 10,120.00 ",0.00,"10,120.00",750.00,"3,000.00","7,120.00",,,,,,,,
16695,26-Apr-18,Batangas,SPLENDAMET 500mg,5,550.00," 2,750.00 ",0.00,"2,750.00",128.00,640.00,"2,110.00",,,,,,,,
16695,26-Apr-18,Batangas,TERMAGEN 500mg,3,198.00, 594.00 ,0.00,594.00,60.00,180.00,414.00,,,,,,,,
16695,26-Apr-18,Batangas,GIAN ZINC 30ml,10,146.00," 1,460.00 ",0.00,"1,460.00",55.00,550.00,910.00,,,,,,,,
16695,26-Apr-18,Batangas,LEXI B FORTE 300mg/100mg/100mcg,2,990.00," 1,980.00 ",0.00,"1,980.00",323.00,646.00,"1,334.00",,,,,,,,
16696,26-Apr-18,Batangas,VICEPHRIN 250mg/5ml,12,180.00," 2,160.00 ",0.00,"2,160.00",48.00,576.00,"1,584.00",,,,,,,,
16697,26-Apr-18,Batangas,VICEPHRIN 100mg/ml,12,96.00," 1,152.00 ",0.00,"1,152.00",25.00,300.00,852.00,,,,,,,,
16698,26-Apr-18,Batangas,HISTARIL 1mg/50mg/5ml,12,96.00," 1,152.00 ",0.00,"1,152.00",24.47,293.64,858.36,,,,,,,,
16851,04-May-18,Batangas,ZUDEM 200MG,3,"6,200.00"," 18,600.00 ",0.00,"18,600.00","1,600.00","4,800.00","13,800.00",,,,,,,,
16852,04-May-18,Batangas,CEPROTRON 500mg,3,"1,925.00"," 5,775.00 ",0.00,"5,775.00",415.00,"1,245.00","4,530.00",,,,,,,,
16853,04-May-18,Batangas,LACTAMOX 500mg/125mg,4,"2,970.00"," 11,880.00 ",0.00,"11,880.00","1,173.60","4,694.40","7,185.60",,,,,,,,
16854,04-May-18,Batangas,Hyclens 0.2% Wound Spray,20,286.00," 5,720.00 ","1,144.00","4,576.00",115.00,"2,300.00","2,276.00",,,,,,,,
16855,04-May-18,Batangas,FLACOXTO 200mg,3,"2,000.00"," 6,000.00 ",0.00,"6,000.00",210.00,630.00,"5,370.00",,,,,,,,
16856,04-May-18,Batangas,JAGAPLEX 120ml,8,160.00," 1,280.00 ",0.00,"1,280.00",47.00,376.00,904.00,,,,,,,,
16857,04-May-18,Batangas,CENDALEX 500mg,4,900.00," 3,600.00 ",0.00,"3,600.00",300.00,"1,200.00","2,400.00",,,,,,,,
16858,04-May-18,Batangas,CENDALEX 500mg,4,900.00," 3,600.00 ",0.00,"3,600.00",300.00,"1,200.00","2,400.00",,,,,,,,
16859,05-May-18,Batangas,VOXOLL 30mg,1,72.00, 72.00 ,0.00,72.00,168.00,168.00,-96.00,,,,,,,,
16859,05-May-18,Batangas,CLAVIC 125mg/31.25mg/5ml,1,190.00, 190.00 ,0.00,190.00,76.00,76.00,114.00,,,,,,,,
16859,05-May-18,Batangas,ALGICAP 50mg/5ml,1,84.00, 84.00 ,0.00,84.00,24.00,24.00,60.00,,,,,,,,
16860,08-May-18,Batangas,DOLO JAGA 500mg/50mg/100mg/100mcg,10,"1,800.00"," 18,000.00 ",0.00,"18,000.00",481.00,"4,810.00","13,190.00",,,,,,,,
16861,08-May-18,Batangas,GIAN ZINC 120ml,15,187.00," 2,805.00 ",0.00,"2,805.00",75.00,"1,125.00","1,680.00",,,,,,,,
16862,08-May-18,Batangas,SPLENDAMET 500mg,5,550.00," 2,750.00 ",0.00,"2,750.00",128.00,640.00,"2,110.00",,,,,,,,
16863,08-May-18,Batangas,VOXOLL 15mg/5ml,12,72.00, 864.00 ,0.00,864.00,23.00,276.00,588.00,,,,,,,,
16864,08-May-18,Batangas,ALGICAP 50mg/5ml,10,84.00, 840.00 ,0.00,840.00,24.00,240.00,600.00,,,,,,,,
16865,08-May-18,Batangas,VICEPHRIN 250mg/5ml,8,180.00," 1,440.00 ",0.00,"1,440.00",48.00,384.00,"1,056.00",,,,,,,,
16866,08-May-18,Batangas,PUROXEL 40mg,2,"1,300.00"," 2,600.00 ",0.00,"2,600.00",200.00,400.00,"2,200.00",,,,,,,,
16867,08-May-18,Batangas,AZECLO 100mg,1,"2,200.00"," 2,200.00 ",0.00,"2,200.00",595.00,595.00,"1,605.00",,,,,,,,
16870,08-May-18,Batangas,VOXOLL 15mg/5ml,8,60.00, 480.00 ,0.00,480.00,23.00,184.00,296.00,,,,,,,,
16871,16-May-18,Batangas,ZUDEM 50mg/5ml,10,400.00," 4,000.00 ",0.00,"4,000.00",178.00,"1,780.00","2,220.00",,,,,,,,
16872,18-May-18,Batangas,ZUDEM 50mg/5ml,10,400.00," 4,000.00 ",0.00,"4,000.00",178.00,"1,780.00","2,220.00",,,,,,,,
16873,16-May-18,Batangas,CENDALEX 500mg,2,900.00," 1,800.00 ",0.00,"1,800.00",300.00,600.00,"1,200.00",,,,,,,,
16874,16-May-18,Batangas,CENDALEX 500mg,2,900.00," 1,800.00 ",0.00,"1,800.00",300.00,600.00,"1,200.00",,,,,,,,
16875,16-May-18,Batangas,ALGICAP 500mg,2,780.00," 1,560.00 ",0.00,"1,560.00",228.00,456.00,"1,104.00",,,,,,,,
16876,16-May-18,Batangas,VICEPHRIN 250mg/5ml,12,180.00," 2,160.00 ",0.00,"2,160.00",48.00,576.00,"1,584.00",,,,,,,,
16877,16-May-18,Batangas,VICEPHRIN 100mg/ml,14,96.00," 1,344.00 ",0.00,"1,344.00",25.00,350.00,994.00,,,,,,,,
16878,16-May-18,Batangas,HISTARIL 1mg/50mg/5ml,19,96.00," 1,824.00 ",0.00,"1,824.00",24.47,464.93,"1,359.07",,,,,,,,
16879,16-May-18,Batangas,BERCEF 250mg/5ml,6,350.00," 2,100.00 ",0.00,"2,100.00",148.00,888.00,"1,212.00",,,,,,,,
16880,16-May-18,Batangas,VITAKIDS 120ml,12,180.00," 2,160.00 ",0.00,"2,160.00",49.00,588.00,"1,572.00",,,,,,,,
16881,16-May-18,Batangas,ALGICAP 50mg/5ml,10,84.00, 840.00 ,0.00,840.00,24.00,240.00,600.00,,,,,,,,
16882,16-May-18,Batangas,VOXOLL 15mg/5ml,14,72.00," 1,008.00 ",0.00,"1,008.00",23.00,322.00,686.00,,,,,,,,
16883,16-May-18,Batangas,VICEPHRIN 250mg/5ml,18,180.00," 3,240.00 ",0.00,"3,240.00",48.00,864.00,"2,376.00",,,,,,,,
16884,16-May-18,Batangas,ARTAL-H 50mg/12.5mg,1,"3,000.00"," 3,000.00 ",0.00,"3,000.00",198.00,198.00,"2,802.00",,,,,,,,
16885,16-May-18,Batangas,ARTAL-H 50mg/12.5mg,1,"3,000.00"," 3,000.00 ",0.00,"3,000.00",198.00,198.00,"2,802.00",,,,,,,,
16886,16-May-18,Batangas,VOXOLL 30mg,2,780.00," 1,560.00 ",0.00,"1,560.00",168.00,336.00,"1,224.00",,,,,,,,
16887,16-May-18,Batangas,ZEGECEF 250mg/5ml,4,480.00," 1,920.00 ",0.00,"1,920.00",139.00,556.00,"1,364.00",,,,,,,,
16888,16-May-18,Batangas,JAGA 300mg/100mg/100mcg,1,"1,500.00"," 1,500.00 ",0.00,"1,500.00",345.00,345.00,"1,155.00",,,,,,,,
16889,16-May-18,Batangas,COMOX 625mg,3,"3,360.00"," 10,080.00 ",0.00,"10,080.00","1,174.00","3,522.00","6,558.00",,,,,,,,
16890,16-May-18,Batangas,LACTAMOX 500mg/125mg,3,"3,360.00"," 10,080.00 ",0.00,"10,080.00","1,173.60","3,520.80","6,559.20",,,,,,,,
16891,16-May-18,Batangas,ZELEX 200mg,1,"2,250.00"," 2,250.00 ",0.00,"2,250.00",750.00,750.00,"1,500.00",,,,,,,,
16892,16-May-18,Batangas,ZELEX 200mg,1,"2,250.00"," 2,250.00 ",0.00,"2,250.00",750.00,750.00,"1,500.00",,,,,,,,
16893,16-May-18,Batangas,CLAVIC 125mg/31.25mg/5ml,8,190.00," 1,520.00 ",0.00,"1,520.00",76.00,608.00,912.00,,,,,,,,
16894,16-May-18,Batangas,FORTIPLEX,2,855.00," 1,710.00 ",0.00,"1,710.00",270.00,540.00,"1,170.00",,,,,,,,
16895,24-May-18,Batangas,PUROXEL 40mg,3,"1,300.00"," 3,900.00 ",0.00,"3,900.00",200.00,600.00,"3,300.00",,,,,,,,
16896,30-May-18,Batangas,VITALYF,10,"2,530.00"," 25,300.00 ",0.00,"25,300.00",785.00,"7,850.00","17,450.00",,,,,,,,
16897,30-May-18,Batangas,AZECLO 100mg,5,"1,980.00"," 9,900.00 ",0.00,"9,900.00",595.00,"2,975.00","6,925.00",,,,,,,,
16898,01-Jun-18,Batangas,STERICORT 250mg,14,"1,818.10"," 25,453.40 ",0.00,"25,453.40",71.00,994.00,"24,459.40",,,,,,,,
16898,01-Jun-18,Batangas,NICTRAM 50mg/ml,9,220.00," 1,980.00 ",0.00,"1,980.00",90.00,810.00,"1,170.00",,,,,,,,
16898,01-Jun-18,Batangas,BUPIRIGHT,60,"2,659.00"," 159,540.00 ",0.00,"159,540.00",155.00,"9,300.00","150,240.00",,,,,,,,
16899,03-Jun-18,Batangas,EUROXONE 1g,150,320.00," 48,000.00 ",0.00,"48,000.00",73.00,"10,950.00","37,050.00",,,,,,,,
16899,03-Jun-18,Batangas,HARBIPEN 1M,25,440.00," 11,000.00 ",0.00,"11,000.00",94.00,"2,350.00","8,650.00",,,,,,,,
16899,03-Jun-18,Batangas,AMINOSOL 25mg/ml ,15,490.00," 7,350.00 ",0.00,"7,350.00",190.00,"2,850.00","4,500.00",,,,,,,,
16899,03-Jun-18,Batangas,SPASMOSON 20mg,70,980.00," 68,600.00 ",0.00,"68,600.00",336.00,"23,520.00","45,080.00",,,,,,,,
16900,03-Jun-18,Batangas,CEFOPTI 750mg,52,580.00," 30,160.00 ",0.00,"30,160.00",160.00,"8,320.00","21,840.00",,,,,,,,
16900,03-Jun-18,Batangas,ERYZIN 3.5g,50,440.00," 22,000.00 ",0.00,"22,000.00",93.00,"4,650.00","17,350.00",,,,,,,,
16900,03-Jun-18,Batangas,EPOGEN 4000 iu/mL,15,"2,200.00"," 33,000.00 ",0.00,"33,000.00",734.00,"11,010.00","21,990.00",,,,,,,,
17052,07-Jun-18,Batangas,VITASTRONG SOFTGEL,10,"2,530.00"," 25,300.00 ",0.00,"25,300.00",750.00,"7,500.00","17,800.00",,,,,,,,
17053,07-Jun-18,Batangas,SPLENDAMET 500mg,2,550.00," 1,100.00 ",0.00,"1,100.00",128.00,256.00,844.00,,,,,,,,
17053,07-Jun-18,Batangas,ALGICAP 50mg/5ml,20,77.00," 1,540.00 ",0.00,"1,540.00",24.00,480.00,"1,060.00",,,,,,,,
17054,07-Jun-18,Batangas,ZEGECEF 250mg/5ml,10,400.00," 4,000.00 ",0.00,"4,000.00",139.00,"1,390.00","2,610.00",,,,,,,,
17055,07-Jun-18,Batangas,HISTARIL 1mg/50mg/5ml,15,80.00," 1,200.00 ",0.00,"1,200.00",24.47,367.05,832.95,,,,,,,,
17056,08-Jun-18,Batangas,DOLO JAGA 500mg/50mg/100mg/100mcg,4,"1,600.00"," 6,400.00 ",0.00,"6,400.00",481.00,"1,924.00","4,476.00",,,,,,,,
17056,08-Jun-18,Batangas,MONILIASOL 500mg,1,900.00, 900.00 ,0.00,900.00,240.00,240.00,660.00,,,,,,,,
17057,08-Jun-18,Batangas,BERCEF 50mg/ml,6,150.00, 900.00 ,45.00,855.00,42.00,252.00,603.00,,,,,,,,
17057,08-Jun-18,Batangas,BERCEF 250mg/5ml,6,365.00," 2,190.00 ",109.50,"2,080.50",148.00,888.00,"1,192.50",,,,,,,,
17058,08-Jun-18,Batangas,LACTAMOX 125mg/31.25mg/5ml,6,180.00," 1,080.00 ",54.00,"1,026.00",76.00,456.00,570.00,,,,,,,,
17058,08-Jun-18,Batangas,LACTAMOX 250mg/62.5mg/5ml,6,300.00," 1,800.00 ",90.00,"1,710.00",130.00,780.00,930.00,,,,,,,,
17059,08-Jun-18,Batangas,CINNABLOC 75mg,3,160.00, 480.00 ,24.00,456.00,40.00,120.00,336.00,,,,,,,,
17059,08-Jun-18,Batangas,INTRAPLEM 100mg/5ml,6,100.00, 600.00 ,30.00,570.00,27.00,162.00,408.00,,,,,,,,
17060,08-Jun-18,Batangas,HISTARIL 1mg/50mg/5ml,6,80.00, 480.00 ,24.00,456.00,24.47,146.82,309.18,,,,,,,,
17060,08-Jun-18,Batangas,BERCEF 50mg/ml,12,150.00," 1,800.00 ",90.00,"1,710.00",42.00,504.00,"1,206.00",,,,,,,,
17061,08-Jun-18,Batangas,TRIVASC 35mg MR,2,"1,335.00"," 2,670.00 ",133.50,"2,536.50",445.00,890.00,"1,646.50",,,,,,,,
17061,08-Jun-18,Batangas,ZELEX 200mg,1,"2,250.00"," 2,250.00 ",112.50,"2,137.50",750.00,750.00,"1,387.50",,,,,,,,
17062,08-Jun-18,Batangas,CLAXIC 500mg/125mg,1,"2,700.00"," 2,700.00 ",135.00,"2,565.00","1,174.00","1,174.00","1,391.00",,,,,,,,
17063,11-Jun-18,Batangas,CEFOPTI 750mg,2,580.00," 1,160.00 ",0.00,"1,160.00",160.00,320.00,840.00,,,,,,,,
17063,11-Jun-18,Batangas,DIFLOSID 75mg/ml,10,480.00," 4,800.00 ",0.00,"4,800.00",120.00,"1,200.00","3,600.00",,,,,,,,
17063,11-Jun-18,Batangas,ONDEX 4mg/ml,14,480.00," 6,720.00 ",0.00,"6,720.00",110.00,"1,540.00","5,180.00",,,,,,,,
17064,13-Jun-18,Batangas,AZECLO 100mg,5,"1,980.00"," 9,900.00 ",0.00,"9,900.00",595.00,"2,975.00","6,925.00",,,,,,,,
17064,13-Jun-18,Batangas,LEXI B FORTE 300mg/100mg/100mcg,5,990.00," 4,950.00 ",0.00,"4,950.00",323.00,"1,615.00","3,335.00",,,,,,,,
17065,13-Jun-18,Batangas,ALGESIC FORTE 325mg+400mg,3,725.00," 2,175.00 ",0.00,"2,175.00",218.00,654.00,"1,521.00",,,,,,,,
17065,13-Jun-18,Batangas,CEPROTRON 500mg,2,"1,925.00"," 3,850.00 ",0.00,"3,850.00",415.00,830.00,"3,020.00",,,,,,,,
17065,13-Jun-18,Batangas,ALGICAP 500mg,3,725.00," 2,175.00 ",0.00,"2,175.00",228.00,684.00,"1,491.00",,,,,,,,
17066,13-Jun-18,Batangas,ZUDEM 200MG,4,"6,500.00"," 26,000.00 ",0.00,"26,000.00","1,600.00","6,400.00","19,600.00",,,,,,,,
17067,13-Jun-18,Batangas,GIAN ZINC 120ml,15,187.00," 2,805.00 ",0.00,"2,805.00",75.00,"1,125.00","1,680.00",,,,,,,,
17068,13-Jun-18,Batangas,LACTAMOX 500mg/125mg,3,"3,360.00"," 10,080.00 ",0.00,"10,080.00","1,174.00","3,522.00","6,558.00",,,,,,,,
17069,13-Jun-18,Batangas,JAGAPLEX,2,"1,000.00"," 2,000.00 ",0.00,"2,000.00",395.00,790.00,"1,210.00",,,,,,,,
17070,21-Jun-18,Batangas,SPLENDAMET 500mg,5,550.00," 2,750.00 ",0.00,"2,750.00",128.00,640.00,"2,110.00",,,,,,,,
17070,21-Jun-18,Batangas,LACTAMOX 500mg/125mg,2,"2,970.00"," 5,940.00 ",0.00,"5,940.00","1,174.00","2,348.00","3,592.00",,,,,,,,
17071,21-Jun-18,Batangas,LACTAMOX 500mg/125mg,2,"3,360.00"," 6,720.00 ",0.00,"6,720.00","1,174.00","2,348.00","4,372.00",,,,,,,,
17072,21-Jun-18,Batangas,LACTAMOX 500mg/125mg,2,"3,360.00"," 6,720.00 ",0.00,"6,720.00","1,174.00","2,348.00","4,372.00",,,,,,,,
17073,21-Jun-18,Batangas,LACTAMOX 500mg/125mg,2,"3,360.00"," 6,720.00 ",0.00,"6,720.00","1,174.00","2,348.00","4,372.00",,,,,,,,
17074,21-Jun-18,Batangas,LACTAMOX 500mg/125mg,2,"3,360.00"," 6,720.00 ",0.00,"6,720.00","1,174.00","2,348.00","4,372.00",,,,,,,,
17075,21-Jun-18,Batangas,FERGLOBIN FA 60mg/400mcg,1,"1,140.00"," 1,140.00 ",0.00,"1,140.00",240.00,240.00,900.00,,,,,,,,
17076,21-Jun-18,Batangas,FERGLOBIN FA 60mg/400mcg,1,"1,140.00"," 1,140.00 ",0.00,"1,140.00",240.00,240.00,900.00,,,,,,,,
17077,21-Jun-18,Batangas,CENDALEX 500mg,2,900.00," 1,800.00 ",0.00,"1,800.00",300.00,600.00,"1,200.00",,,,,,,,
17078,21-Jun-18,Batangas,CENDALEX 500mg,2,900.00," 1,800.00 ",0.00,"1,800.00",300.00,600.00,"1,200.00",,,,,,,,
17079,21-Jun-18,Batangas,PUROXEL 40mg,2,"1,300.00"," 2,600.00 ",0.00,"2,600.00",200.00,400.00,"2,200.00",,,,,,,,
17080,21-Jun-18,Batangas,PUROXEL 40mg,3,"1,300.00"," 3,900.00 ",0.00,"3,900.00",200.00,600.00,"3,300.00",,,,,,,,
17081,21-Jun-18,Batangas,VICEPHRIN 100mg/ml,14,96.00," 1,344.00 ",0.00,"1,344.00",25.00,350.00,994.00,,,,,,,,
17082,21-Jun-18,Batangas,PENCHLOR 1mg/800mcg,16,144.00," 2,304.00 ",0.00,"2,304.00",31.00,496.00,"1,808.00",,,,,,,,
17083,21-Jun-18,Batangas,VICEPHRIN 250mg/5ml,18,180.00," 3,240.00 ",0.00,"3,240.00",48.00,864.00,"2,376.00",,,,,,,,
17084,21-Jun-18,Batangas,JAGAPLEX,2,"1,000.00"," 2,000.00 ",0.00,"2,000.00",395.00,790.00,"1,210.00",,,,,,,,
17085,21-Jun-18,Batangas,JAGAPLEX,1,"1,000.00"," 1,000.00 ",0.00,"1,000.00",395.00,395.00,605.00,,,,,,,,
17086,21-Jun-18,Batangas,MULTI GROW 30ml,7,170.00," 1,190.00 ",0.00,"1,190.00",55.00,385.00,805.00,,,,,,,,
17087,21-Jun-18,Batangas,ZELEX 200mg,2,"2,250.00"," 4,500.00 ",0.00,"4,500.00",750.00,"1,500.00","3,000.00",,,,,,,,
17088,21-Jun-18,Batangas,TRIVASC 35mg MR,2,"1,335.00"," 2,670.00 ",0.00,"2,670.00",445.00,890.00,"1,780.00",,,,,,,,
17089,21-Jun-18,Batangas,TRIVASC 35mg MR,1,"1,335.00"," 1,335.00 ",0.00,"1,335.00",445.00,445.00,890.00,,,,,,,,
17090,21-Jun-18,Batangas,CLAVIC 125mg/31.25mg/5ml,4,180.00, 720.00 ,0.00,720.00,76.00,304.00,416.00,,,,,,,,
17091,21-Jun-18,Batangas,CAPSUGEN FORTE,2,"1,000.00"," 2,000.00 ",0.00,"2,000.00",310.00,620.00,"1,380.00",,,,,,,,
17092,21-Jun-18,Batangas,CAPSUGEN FORTE,1,"1,000.00"," 1,000.00 ",0.00,"1,000.00",310.00,310.00,690.00,,,,,,,,
17093,21-Jun-18,Batangas,EUROXIME 500mg,2,"3,000.00"," 6,000.00 ",0.00,"6,000.00","1,450.00","2,900.00","3,100.00",,,,,,,,
17094,21-Jun-18,Batangas,EUROXIME 500mg,2,"3,000.00"," 6,000.00 ",0.00,"6,000.00","1,450.00","2,900.00","3,100.00",,,,,,,,
17095,21-Jun-18,Batangas,FORTIPLEX,2,"1,000.00"," 2,000.00 ",0.00,"2,000.00",270.00,540.00,"1,460.00",,,,,,,,
17097,28-Jun-18,Batangas,AMCETAM,230,200.00," 46,000.00 ",0.00,"46,000.00",41.70,"9,591.00","36,409.00",,,,,,,,
17097,28-Jun-18,Batangas,ROSEMIDE 10mg,60,280.00," 16,800.00 ",0.00,"16,800.00",70.80,"4,248.00","12,552.00",,,,,,,,
17098,29-Jun-18,Batangas,CEPROTRON 500mg,2,"1,600.00"," 3,200.00 ",0.00,"3,200.00",415.00,830.00,"2,370.00",,,,,,,,
17099,29-Jun-18,Batangas,TOSYLAM 750mg,2,"2,250.00"," 4,500.00 ",0.00,"4,500.00",980.00,"1,960.00","2,540.00",,,,,,,,
17100,28-Jun-18,Batangas,DOLO JAGA 500mg/50mg/100mg/100mcg,3,"1,800.00"," 5,400.00 ",0.00,"5,400.00",481.00,"1,443.00","3,957.00",,,,,,,,
17100,28-Jun-18,Batangas,CEPROTRON 500mg,3,"1,925.00"," 5,775.00 ",0.00,"5,775.00",415.00,"1,245.00","4,530.00",,,,,,,,
17100,28-Jun-18,Batangas,SPLENDAMET 500mg,5,550.00," 2,750.00 ",0.00,"2,750.00",128.00,640.00,"2,110.00",,,,,,,,
17501,28-Aug-18,Batangas,LACTAMOX 250mg/62.5mg/5ml,6,300.00," 1,800.00 ",0.00,"1,800.00",130.00,780.00,"1,020.00",,,,,,,,
17501,28-Aug-18,Batangas,ZEGECEF 250mg/5ml,6,400.00," 2,400.00 ",0.00,"2,400.00",139.00,834.00,"1,566.00",,,,,,,,
17502,28-Aug-18,Batangas,ZEGECEF 250mg/5ml,15,266.67," 4,000.00 ",0.00,"4,000.00",139.00,"2,085.00","1,915.00",,,,,,,,
17503,29-Aug-18,Batangas,VITASTRONG SOFTGEL,5,"2,530.00"," 12,650.00 ",0.00,"12,650.00",750.00,"3,750.00","8,900.00",,,,,,,,
17503,29-Aug-18,Batangas,CEPROTRON 500mg,4,"1,925.00"," 7,700.00 ",0.00,"7,700.00",415.00,"1,660.00","6,040.00",,,,,,,,
17504,29-Aug-18,Batangas,ROCIN 150,6,"1,950.00"," 11,700.00 ",0.00,"11,700.00",680.00,"4,080.00","7,620.00",,,,,,,,
17504,29-Aug-18,Batangas,CENDALEX 500mg,6,990.00," 5,940.00 ",0.00,"5,940.00",300.00,"1,800.00","4,140.00",,,,,,,,
17505,29-Aug-18,Batangas,DOLO JAGA 500mg/50mg/100mg/100mcg,5,"1,800.00"," 9,000.00 ",0.00,"9,000.00",481.00,"2,405.00","6,595.00",,,,,,,,
17505,29-Aug-18,Batangas,LEXI B FORTE 300mg/100mg/100mcg,1,990.00, 990.00 ,0.00,990.00,323.00,323.00,667.00,,,,,,,,
17505,29-Aug-18,Batangas,TERMAGEN 250MG,12,74.00, 888.00 ,0.00,888.00,23.00,276.00,612.00,,,,,,,,
17505,29-Aug-18,Batangas,CINNABLOC 25mg,2,550.00," 1,100.00 ",0.00,"1,100.00",133.00,266.00,834.00,,,,,,,,
17506,29-Aug-18,Batangas,GIAN ZINC 120ml,15,187.00," 2,805.00 ",0.00,"2,805.00",75.00,"1,125.00","1,680.00",,,,,,,,
17506,29-Aug-18,Batangas,ZAFEX 500mg,4,"3,300.00"," 13,200.00 ",0.00,"13,200.00","1,450.00","5,800.00","7,400.00",,,,,,,,
17506A,29-Aug-18,Batangas,GIAN ZINC 120ml,15,187.00," 2,805.00 ",0.00,"2,805.00",75.00,"1,125.00","1,680.00",,,,,,,,
17506A,29-Aug-18,Batangas,ZAFEX 500mg,4,"3,300.00"," 13,200.00 ",0.00,"13,200.00","1,450.00","5,800.00","7,400.00",,,,,,,,
17507,29-Aug-18,Batangas,ACIFOX,2,"3,000.00"," 6,000.00 ",0.00,"6,000.00","2,980.00","5,960.00",40.00,,,,,,,,
17508,29-Aug-18,Batangas,VOXOLL 15mg/5ml,12,60.00, 720.00 ,0.00,720.00,23.00,276.00,444.00,,,,,,,,
17509,29-Aug-18,Batangas,BERCEF 50mg/ml,10,150.00," 1,500.00 ",0.00,"1,500.00",42.00,420.00,"1,080.00",,,,,,,,
17510,04-Sep-18,Batangas,AMCETAM,312,186.80," 58,281.60 ",0.00,"58,281.60",41.70,"13,010.40","45,271.20",,,,,,,,
17510,04-Sep-18,Batangas,DECSON 8MG/2ML,58,600.00," 34,800.00 ",0.00,"34,800.00",100.00,"5,800.00","29,000.00",,,,,,,,
17510,04-Sep-18,Batangas,EUROXONE 1g,700,292.00," 204,400.00 ",0.00,"204,400.00",73.00,"51,100.00","153,300.00",,,,,,,,
17511,05-Sep-18,Batangas,CENDALEX 500mg,5,900.00," 4,500.00 ",0.00,"4,500.00",300.00,"1,500.00","3,000.00",,,,,,,,
17512,05-Sep-18,Batangas,JAGA 300mg/100mg/100mcg,1,"1,590.00"," 1,590.00 ",0.00,"1,590.00",345.00,345.00,"1,245.00",,,,,,,,
17513,05-Sep-18,Batangas,LACTAMOX 500mg/125mg,3,"3,360.00"," 10,080.00 ",0.00,"10,080.00","1,174.00","3,522.00","6,558.00",,,,,,,,
17514,05-Sep-18,Batangas,LACTAMOX 500mg/125mg,2,"3,360.00"," 6,720.00 ",0.00,"6,720.00","1,174.00","2,348.00","4,372.00",,,,,,,,
17515,05-Sep-18,Batangas,LACTAMOX 500mg/125mg,2,"3,360.00"," 6,720.00 ",0.00,"6,720.00","1,174.00","2,348.00","4,372.00",,,,,,,,
17516,05-Sep-18,Batangas,VOXOLL 15mg/5ml,6,72.00, 432.00 ,0.00,432.00,23.00,138.00,294.00,,,,,,,,
17517,05-Sep-18,Batangas,MONILIASOL 125mg/5ml,11,84.00, 924.00 ,0.00,924.00,26.00,286.00,638.00,,,,,,,,
17518,05-Sep-18,Batangas,VICEPHRIN 250mg/5ml,15,180.00," 2,700.00 ",0.00,"2,700.00",48.00,720.00,"1,980.00",,,,,,,,
17519,05-Sep-18,Batangas,VOXOLL 30mg,2,800.00," 1,600.00 ",0.00,"1,600.00",168.00,336.00,"1,264.00",,,,,,,,
17520,05-Sep-18,Batangas,VOXOLL 30mg,1,800.00, 800.00 ,0.00,800.00,168.00,168.00,632.00,,,,,,,,
17521,05-Sep-18,Batangas,BERCEF 250mg/5ml,15,350.00," 5,250.00 ",0.00,"5,250.00",148.00,"2,220.00","3,030.00",,,,,,,,
17522,05-Sep-18,Batangas,CLAVIC 125mg/31.25mg/5ml,12,190.00," 2,280.00 ",0.00,"2,280.00",76.00,912.00,"1,368.00",,,,,,,,
17523,05-Sep-18,Batangas,ALGICAP 50mg/5ml,12,84.00," 1,008.00 ",0.00,"1,008.00",24.00,288.00,720.00,,,,,,,,
17524,05-Sep-18,Batangas,TRIVASC 35mg MR,2,"1,335.00"," 2,670.00 ",0.00,"2,670.00",445.00,890.00,"1,780.00",,,,,,,,
17525,05-Sep-18,Batangas,TRIVASC 35mg MR,2,"1,335.00"," 2,670.00 ",0.00,"2,670.00",445.00,890.00,"1,780.00",,,,,,,,
17526,05-Sep-18,Batangas,ZELEX 200mg,1,"2,250.00"," 2,250.00 ",0.00,"2,250.00",750.00,750.00,"1,500.00",,,,,,,,
17527,05-Sep-18,Batangas,SPLENDAMET 500mg,1,550.00, 550.00 ,0.00,550.00,128.00,128.00,422.00,,,,,,,,
17528,05-Sep-18,Batangas,VOXOLL 15mg/5ml,3,72.00, 216.00 ,0.00,216.00,23.00,69.00,147.00,,,,,,,,
17529,05-Sep-18,Batangas,LACTAMOX 250mg/62.5mg/5ml,10,330.00," 3,300.00 ",0.00,"3,300.00",130.00,"1,300.00","2,000.00",,,,,,,,
17530,10-Sep-18,Batangas,Bicotex,298,264.00," 78,672.00 ",0.00,"78,672.00",125.00,"37,250.00","41,422.00",,,,,,,,
17530,10-Sep-18,Batangas,HYPRO 10mg/20ml,115,396.00," 45,540.00 ",0.00,"45,540.00",182.00,"20,930.00","24,610.00",,,,,,,,
17531,12-Sep-18,Batangas,JAGAPLEX 120ml,11,160.00," 1,760.00 ",0.00,"1,760.00",47.00,517.00,"1,243.00",,,,,,,,
17532,12-Sep-18,Batangas,HISTARIL 1mg/50mg/5ml,15,96.00," 1,440.00 ",0.00,"1,440.00",24.47,367.05,"1,072.95",,,,,,,,
17533,12-Sep-18,Batangas,AFFORVIT,2,"1,000.00"," 2,000.00 ",0.00,"2,000.00",203.00,406.00,"1,594.00",,,,,,,,
17534,12-Sep-18,Batangas,AFFORVIT,2,"1,000.00"," 2,000.00 ",0.00,"2,000.00",203.00,406.00,"1,594.00",,,,,,,,
17535A,12-Sep-18,Batangas,ZELEX 200mg,2,"2,250.00"," 4,500.00 ",0.00,"4,500.00",750.00,"1,500.00","3,000.00",,,,,,,,
17536,12-Sep-18,Batangas,ZELEX 200mg,1,"2,250.00"," 2,250.00 ",0.00,"2,250.00",750.00,750.00,"1,500.00",,,,,,,,
17537,12-Sep-18,Batangas,CIFROX 500mg,2,"1,920.00"," 3,840.00 ",0.00,"3,840.00",450.00,900.00,"2,940.00",,,,,,,,
17538,12-Sep-18,Batangas,CIFROX 500mg,1,"1,920.00"," 1,920.00 ",0.00,"1,920.00",450.00,450.00,"1,470.00",,,,,,,,
17539,12-Sep-18,Batangas,CENDALEX 500mg,3,900.00," 2,700.00 ",0.00,"2,700.00",300.00,900.00,"1,800.00",,,,,,,,
17540,12-Sep-18,Batangas,CENDALEX 500mg,2,900.00," 1,800.00 ",0.00,"1,800.00",300.00,600.00,"1,200.00",,,,,,,,
17541,12-Sep-18,Batangas,CEPROTRON 500mg,2,"1,600.00"," 3,200.00 ",0.00,"3,200.00",415.00,830.00,"2,370.00",,,,,,,,
17542,12-Sep-18,Batangas,CIFROX 500mg,2,"1,600.00"," 3,200.00 ",0.00,"3,200.00",450.00,900.00,"2,300.00",,,,,,,,
17543,12-Sep-18,Batangas,TOSYLAM 750mg,2,"2,750.00"," 5,500.00 ",0.00,"5,500.00",980.00,"1,960.00","3,540.00",,,,,,,,
17544,12-Sep-18,Batangas,ZAFEX 500mg,2,"3,000.00"," 6,000.00 ",0.00,"6,000.00","1,450.00","2,900.00","3,100.00",,,,,,,,
17545,12-Sep-18,Batangas,VITASTRONG SOFTGEL,5,"2,530.00"," 12,650.00 ",0.00,"12,650.00",750.00,"3,750.00","8,900.00",,,,,,,,
17546,12-Sep-18,Batangas,ROCIN 150,6,"1,950.00"," 11,700.00 ",0.00,"11,700.00",680.00,"4,080.00","7,620.00",,,,,,,,
17547,12-Sep-18,Batangas,NERVCARE 1g,5,"3,300.00"," 16,500.00 ",0.00,"16,500.00","1,560.00","7,800.00","8,700.00",,,,,,,,
17548,26-Sep-18,Batangas,DOLO JAGA 500mg/50mg/100mg/100mcg,3,"1,800.00"," 5,400.00 ",0.00,"5,400.00",481.00,"1,443.00","3,957.00",,,,,,,,
17548,26-Sep-18,Batangas,CINNABLOC 75mg,10,160.00," 1,600.00 ",0.00,"1,600.00",40.00,400.00,"1,200.00",,,,,,,,
17548,26-Sep-18,Batangas,SPLENDAMET 500mg,10,550.00," 5,500.00 ",0.00,"5,500.00",128.00,"1,280.00","4,220.00",,,,,,,,
17549,26-Sep-18,Batangas,ZUDEM 200MG,1,"6,300.00"," 6,300.00 ",0.00,"6,300.00","1,600.00","1,600.00","4,700.00",,,,,,,,
17549,26-Sep-18,Batangas,XYNETIN 1500mg/200iu,2,950.00," 1,900.00 ",0.00,"1,900.00",310.00,620.00,"1,280.00",,,,,,,,
17549,26-Sep-18,Batangas,ALGICAP 50mg/5ml,12,77.00, 924.00 ,0.00,924.00,24.00,288.00,636.00,,,,,,,,
17550,26-Sep-18,Batangas,AFENAX 100MG,5,"1,980.00"," 9,900.00 ",0.00,"9,900.00",595.00,"2,975.00","6,925.00",,,,,,,,
17651,26-Sep-18,Batangas,BERCEF 250mg/5ml,8,350.00," 2,800.00 ",0.00,"2,800.00",148.00,"1,184.00","1,616.00",,,,,,,,
17652,26-Sep-18,Batangas,PENCHLOR 1mg/800mcg,9,120.00," 1,080.00 ",0.00,"1,080.00",31.00,279.00,801.00,,,,,,,,
17653,26-Sep-18,Batangas,HISTARIL 1mg/50mg/5ml,6,96.00, 576.00 ,0.00,576.00,24.47,146.82,429.18,,,,,,,,
17654,26-Sep-18,Batangas,JAGAPLEX 120ml,12,160.00," 1,920.00 ",0.00,"1,920.00",47.00,564.00,"1,356.00",,,,,,,,
17655,26-Sep-18,Batangas,VICEPHRIN 100mg/ml,16,96.00," 1,536.00 ",0.00,"1,536.00",25.00,400.00,"1,136.00",,,,,,,,
17656,26-Sep-18,Batangas,VICEPHRIN 250mg/5ml,13,180.00," 2,340.00 ",0.00,"2,340.00",48.00,624.00,"1,716.00",,,,,,,,
17657,26-Sep-18,Batangas,VICEPHRIN 250mg/5ml,12,180.00," 2,160.00 ",0.00,"2,160.00",48.00,576.00,"1,584.00",,,,,,,,
17658,26-Sep-18,Batangas,VITAKIDS 120ml,12,150.00," 1,800.00 ",0.00,"1,800.00",49.00,588.00,"1,212.00",,,,,,,,
17659,26-Sep-18,Batangas,TERMAGEN 250MG,10,80.00, 800.00 ,0.00,800.00,23.00,230.00,570.00,,,,,,,,
17660,26-Sep-18,Batangas,CIFROX 500mg,2,"1,920.00"," 3,840.00 ",0.00,"3,840.00",450.00,900.00,"2,940.00",,,,,,,,
17661,26-Sep-18,Batangas,CIFROX 500mg,2,"1,920.00"," 3,840.00 ",0.00,"3,840.00",450.00,900.00,"2,940.00",,,,,,,,
17662,26-Sep-18,Batangas,LACTAMOX 500mg/125mg,3,"3,360.00"," 10,080.00 ",0.00,"10,080.00","1,174.00","3,522.00","6,558.00",,,,,,,,
17663,26-Sep-18,Batangas,LACTAMOX 500mg/125mg,3,"3,360.00"," 10,080.00 ",0.00,"10,080.00","1,174.00","3,522.00","6,558.00",,,,,,,,
17664,26-Sep-18,Batangas,ALGICAP 500mg,1,780.00, 780.00 ,0.00,780.00,228.00,228.00,552.00,,,,,,,,
17665,26-Sep-18,Batangas,ALGICAP 500mg,1,780.00, 780.00 ,0.00,780.00,228.00,228.00,552.00,,,,,,,,
17666,26-Sep-18,Batangas,FERGLOBIN FA 60mg/400mcg,1,"1,078.00"," 1,078.00 ",0.00,"1,078.00",240.00,240.00,838.00,,,,,,,,
17667,26-Sep-18,Batangas,FERGLOBIN FA 60mg/400mcg,1,"1,078.00"," 1,078.00 ",0.00,"1,078.00",240.00,240.00,838.00,,,,,,,,
17668,26-Sep-18,Batangas,PUROXEL 40mg,2,"1,350.00"," 2,700.00 ",0.00,"2,700.00",200.00,400.00,"2,300.00",,,,,,,,
17669,26-Sep-18,Batangas,PUROXEL 40mg,2,"1,350.00"," 2,700.00 ",0.00,"2,700.00",200.00,400.00,"2,300.00",,,,,,,,
17670,26-Sep-18,Batangas,VOXOLL 30mg,2,800.00," 1,600.00 ",0.00,"1,600.00",168.00,336.00,"1,264.00",,,,,,,,
17671,26-Sep-18,Batangas,ZELEX 200mg,1,"2,250.00"," 2,250.00 ",0.00,"2,250.00",750.00,750.00,"1,500.00",,,,,,,,
17672,26-Sep-18,Batangas,ZELEX 200mg,1,"2,250.00"," 2,250.00 ",0.00,"2,250.00",750.00,750.00,"1,500.00",,,,,,,,
17673,26-Sep-18,Batangas,ZELEX 200mg,1,"2,250.00"," 2,250.00 ",0.00,"2,250.00",750.00,750.00,"1,500.00",,,,,,,,
17674,26-Sep-18,Batangas,ZELEX 200mg,1,"2,250.00"," 2,250.00 ",0.00,"2,250.00",750.00,750.00,"1,500.00",,,,,,,,
17675,26-Sep-18,Batangas,ZELEX 200mg,1,"2,250.00"," 2,250.00 ",0.00,"2,250.00",750.00,750.00,"1,500.00",,,,,,,,
17676,26-Sep-18,Batangas,AFFORVIT,1,"1,000.00"," 1,000.00 ",0.00,"1,000.00",203.00,203.00,797.00,,,,,,,,
17677,26-Sep-18,Batangas,AFFORVIT,1,"1,000.00"," 1,000.00 ",0.00,"1,000.00",203.00,203.00,797.00,,,,,,,,
17678,26-Sep-18,Batangas,JAGA 300mg/100mg/100mcg,1,"1,590.00"," 1,590.00 ",0.00,"1,590.00",345.00,345.00,"1,245.00",,,,,,,,
17679,26-Sep-18,Batangas,JAGA 300mg/100mg/100mcg,1,"1,590.00"," 1,590.00 ",0.00,"1,590.00",345.00,345.00,"1,245.00",,,,,,,,
17680,26-Sep-18,Batangas,FORTIPLEX,1,855.00, 855.00 ,0.00,855.00,270.00,270.00,585.00,,,,,,,,
17681,26-Sep-18,Batangas,FORTIPLEX,1,855.00, 855.00 ,0.00,855.00,270.00,270.00,585.00,,,,,,,,
17682,26-Sep-18,Batangas,CENDALEX 500mg,4,900.00," 3,600.00 ",0.00,"3,600.00",300.00,"1,200.00","2,400.00",,,,,,,,
17683,26-Sep-18,Batangas,AFFORVIT,1,"1,000.00"," 1,000.00 ",0.00,"1,000.00",203.00,203.00,797.00,,,,,,,,
17684,26-Sep-18,Batangas,AFFORVIT,1,"1,000.00"," 1,000.00 ",0.00,"1,000.00",203.00,203.00,797.00,,,,,,,,
17685,26-Sep-18,Batangas,JAGAPLEX 120ml,8,160.00," 1,280.00 ",0.00,"1,280.00",47.00,376.00,904.00,,,,,,,,
17686,26-Sep-18,Batangas,ALGICAP 500mg,1,800.00, 800.00 ,0.00,800.00,228.00,228.00,572.00,,,,,,,,
17687,26-Sep-18,Batangas,ALGICAP 500mg,1,800.00, 800.00 ,0.00,800.00,228.00,228.00,572.00,,,,,,,,
17688,26-Sep-18,Batangas,ALGICAP 50mg/5ml,12,84.00," 1,008.00 ",0.00,"1,008.00",24.00,288.00,720.00,,,,,,,,
17689,28-Sep-18,Batangas,CEFZIME 750mg,5,"3,000.00"," 15,000.00 ",0.00,"15,000.00",750.00,"3,750.00","11,250.00",,,,,,,,
17690,10-Oct-18,Batangas,CENDALEX 500mg,3,900.00," 2,700.00 ",0.00,"2,700.00",300.00,900.00,"1,800.00",,,,,,,,
17691,10-Oct-18,Batangas,CENDALEX 500mg,2,900.00," 1,800.00 ",0.00,"1,800.00",300.00,600.00,"1,200.00",,,,,,,,
17692,10-Oct-18,Batangas,HISTARIL 1mg/50mg/5ml,16,96.00," 1,536.00 ",0.00,"1,536.00",24.47,391.52,"1,144.48",,,,,,,,
17693,10-Oct-18,Batangas,BERCEF 250mg/5ml,10,350.00," 3,500.00 ",0.00,"3,500.00",148.00,"1,480.00","2,020.00",,,,,,,,
17694,10-Oct-18,Batangas,BERCEF 250mg/5ml,7,350.00," 2,450.00 ",0.00,"2,450.00",148.00,"1,036.00","1,414.00",,,,,,,,
17695,10-Oct-18,Batangas,VICEPHRIN 250mg/5ml,9,180.00," 1,620.00 ",0.00,"1,620.00",48.00,432.00,"1,188.00",,,,,,,,
17696,10-Oct-18,Batangas,VICEPHRIN 100mg/ml,14,96.00," 1,344.00 ",0.00,"1,344.00",25.00,350.00,994.00,,,,,,,,
17697,10-Oct-18,Batangas,VICEPHRIN 100mg/ml,13,96.00," 1,248.00 ",0.00,"1,248.00",25.00,325.00,923.00,,,,,,,,
17698,10-Oct-18,Batangas,LACTAMOX 500mg/125mg,2,"3,360.00"," 6,720.00 ",0.00,"6,720.00","1,174.00","2,348.00","4,372.00",,,,,,,,
17699,10-Oct-18,Batangas,LACTAMOX 500mg/125mg,2,"3,360.00"," 6,720.00 ",0.00,"6,720.00","1,174.00","2,348.00","4,372.00",,,,,,,,
17700,10-Oct-18,Batangas,PUROXEL 40mg,2,"1,300.00"," 2,600.00 ",0.00,"2,600.00",200.00,400.00,"2,200.00",,,,,,,,
17801A,10-Oct-18,Batangas,VICOLAX 100mg/2mg,1,800.00, 800.00 ,0.00,800.00,225.00,225.00,575.00,,,,,,,,
17802A,10-Oct-18,Batangas,ZELEX 200mg,1,"2,250.00"," 2,250.00 ",0.00,"2,250.00",750.00,750.00,"1,500.00",,,,,,,,
17803A,10-Oct-18,Batangas,ZELEX 200mg,1,"2,250.00"," 2,250.00 ",0.00,"2,250.00",750.00,750.00,"1,500.00",,,,,,,,
17804A,10-Oct-18,Batangas,TRIVASC 35mg MR,2,"1,335.00"," 2,670.00 ",0.00,"2,670.00",445.00,890.00,"1,780.00",,,,,,,,
17805A,10-Oct-18,Batangas,TRIVASC 35mg MR,1,"1,335.00"," 1,335.00 ",0.00,"1,335.00",445.00,445.00,890.00,,,,,,,,
17806A,11-Oct-18,Batangas,LACTAMOX 125mg/31.25mg/5ml,5,180.00, 900.00 ,0.00,900.00,76.00,380.00,520.00,,,,,,,,
17807A,12-Oct-18,Batangas,HISTARIL 1mg/50mg/5ml,15,53.33, 800.00 ,0.00,800.00,24.47,367.05,432.95,,,,,,,,
17807A,12-Oct-18,Batangas,INTRAPLEM 50mg/ml - Drops,15,60.00, 900.00 ,0.00,900.00,23.00,345.00,555.00,,,,,,,,
17808A,12-Oct-18,Batangas,HYPHEN 50mg,250,960.00," 240,000.00 ",0.00,"240,000.00",320.00,"80,000.00","160,000.00",,,,,,,,
17809A,16-Oct-18,Batangas,ROCIN 150,10,"1,950.00"," 19,500.00 ",0.00,"19,500.00",680.00,"6,800.00","12,700.00",,,,,,,,
17810A,16-Oct-18,Batangas,Hyclens OB 1% Antiseptic,10,362.12," 3,621.20 ",543.18,"3,078.02",139.00,"1,390.00","1,688.02",,,,,,,,
17811A,16-Oct-18,Batangas,HYCLENS GARGLE,20,152.94," 3,058.80 ",458.82,"2,599.98",65.00,"1,300.00","1,299.98",,,,,,,,
17812A,22-Oct-18,Batangas,CEFZIME 750mg,5,"3,000.00"," 15,000.00 ",0.00,"15,000.00",750.00,"3,750.00","11,250.00",,,,,,,,
17812A,22-Oct-18,Batangas,LACTAMOX 250mg/62.5mg/5ml,6,330.00," 1,980.00 ",0.00,"1,980.00",130.00,780.00,"1,200.00",,,,,,,,
17812A,22-Oct-18,Batangas,ZEGECEF 250mg/5ml,6,400.00," 2,400.00 ",0.00,"2,400.00",139.00,834.00,"1,566.00",,,,,,,,
17813A,23-Oct-18,Batangas,VICOLAX 100mg/2mg,2,800.00," 1,600.00 ",0.00,"1,600.00",225.00,450.00,"1,150.00",,,,,,,,
17814A,23-Oct-18,Batangas,FERGLOBIN FA 60mg/400mcg,1,"1,078.00"," 1,078.00 ",0.00,"1,078.00",240.00,240.00,838.00,,,,,,,,
17815A,23-Oct-18,Batangas,CIFROX 500mg,2,"1,920.00"," 3,840.00 ",0.00,"3,840.00",450.00,900.00,"2,940.00",,,,,,,,
17816A,23-Oct-18,Batangas,CIFROX 500mg,2,"1,920.00"," 3,840.00 ",0.00,"3,840.00",450.00,900.00,"2,940.00",,,,,,,,
17817A,23-Oct-18,Batangas,CENDALEX 500mg,1,900.00, 900.00 ,0.00,900.00,300.00,300.00,600.00,,,,,,,,
17818A,23-Oct-18,Batangas,VOXOLL 15mg/5ml,16,72.00," 1,152.00 ",0.00,"1,152.00",23.00,368.00,784.00,,,,,,,,
17819A,23-Oct-18,Batangas,AFFORVIT,2,"1,000.00"," 2,000.00 ",0.00,"2,000.00",203.00,406.00,"1,594.00",,,,,,,,
17820A,23-Oct-18,Batangas,TERMAGEN 500mg,1,220.00, 220.00 ,0.00,220.00,60.00,60.00,160.00,,,,,,,,
17821A,23-Oct-18,Batangas,BERCEF 250mg/5ml,8,350.00," 2,800.00 ",0.00,"2,800.00",148.00,"1,184.00","1,616.00",,,,,,,,
17822A,23-Oct-18,Batangas,HISTARIL 1mg/50mg/5ml,16,96.00," 1,536.00 ",0.00,"1,536.00",24.47,391.52,"1,144.48",,,,,,,,
17823A,23-Oct-18,Batangas,VITAKIDS 120ml,2,150.00, 300.00 ,0.00,300.00,49.00,98.00,202.00,,,,,,,,
17824A,23-Oct-18,Batangas,TRIVASC 35mg MR,2,"1,335.00"," 2,670.00 ",0.00,"2,670.00",445.00,890.00,"1,780.00",,,,,,,,
17825A,23-Oct-18,Batangas,VITASTRONG SOFTGEL,3,"2,530.00"," 7,590.00 ",0.00,"7,590.00",750.00,"2,250.00","5,340.00",,,,,,,,
17825A,23-Oct-18,Batangas,ALGICAP 500mg,3,725.00," 2,175.00 ",0.00,"2,175.00",228.00,684.00,"1,491.00",,,,,,,,
17826A,23-Oct-18,Batangas,DOLO JAGA 500mg/50mg/100mg/100mcg,1,"1,800.00"," 1,800.00 ",0.00,"1,800.00",481.00,481.00,"1,319.00",,,,,,,,
17826A,23-Oct-18,Batangas,AMSUTAS 500mg/250mg,20,220.00," 4,400.00 ",0.00,"4,400.00",55.00,"1,100.00","3,300.00",,,,,,,,
17826A,23-Oct-18,Batangas,SPLENDAMET 500mg,3,550.00," 1,650.00 ",0.00,"1,650.00",128.00,384.00,"1,266.00",,,,,,,,
17827A,30-Oct-18,Batangas,VICEPHRIN 250mg/5ml,12,180.00," 2,160.00 ",0.00,"2,160.00",48.00,576.00,"1,584.00",,,,,,,,
17828A,30-Oct-18,Batangas,VICEPHRIN 100mg/ml,10,96.00, 960.00 ,0.00,960.00,25.00,250.00,710.00,,,,,,,,
17829A,30-Oct-18,Batangas,JAGAPLEX 120ml,10,160.00," 1,600.00 ",0.00,"1,600.00",47.00,470.00,"1,130.00",,,,,,,,
17830A,30-Oct-18,Batangas,XYNETIN 1500mg/200iu,3,950.00," 2,850.00 ",0.00,"2,850.00",310.00,930.00,"1,920.00",,,,,,,,
17830A,30-Oct-18,Batangas,DOLO JAGA 500mg/50mg/100mg/100mcg,2,"1,800.00"," 3,600.00 ",0.00,"3,600.00",481.00,962.00,"2,638.00",,,,,,,,
17830A,30-Oct-18,Batangas,ALGESIC FORTE 325mg+400mg,4,750.00," 3,000.00 ",0.00,"3,000.00",218.00,872.00,"2,128.00",,,,,,,,
17831A,06-Nov-18,Batangas,VOXOLL 30mg,2,800.00," 1,600.00 ",0.00,"1,600.00",168.00,336.00,"1,264.00",,,,,,,,
17832A,06-Nov-18,Batangas,PUROXEL 40mg,2,"1,300.00"," 2,600.00 ",0.00,"2,600.00",200.00,400.00,"2,200.00",,,,,,,,
17834A,06-Nov-18,Batangas,CIFROX 500mg,1,"1,920.00"," 1,920.00 ",0.00,"1,920.00",450.00,450.00,"1,470.00",,,,,,,,
17835A,06-Nov-18,Batangas,ZELEX 200mg,1,"2,250.00"," 2,250.00 ",0.00,"2,250.00",750.00,750.00,"1,500.00",,,,,,,,
17836A,06-Nov-18,Batangas,ZELEX 200mg,1,"2,250.00"," 2,250.00 ",0.00,"2,250.00",750.00,750.00,"1,500.00",,,,,,,,
17837A,06-Nov-18,Batangas,FERGLOBIN FA 60mg/400mcg,2,"1,078.00"," 2,156.00 ",0.00,"2,156.00",240.00,480.00,"1,676.00",,,,,,,,
17838A,06-Nov-18,Batangas,FERGLOBIN FA 60mg/400mcg,1,"1,078.00"," 1,078.00 ",0.00,"1,078.00",240.00,240.00,838.00,,,,,,,,
17839A,06-Nov-18,Batangas,TERMAGEN 250MG,7,80.00, 560.00 ,0.00,560.00,23.00,161.00,399.00,,,,,,,,
17840A,06-Nov-18,Batangas,BERCEF 250mg/5ml,8,350.00," 2,800.00 ",0.00,"2,800.00",148.00,"1,184.00","1,616.00",,,,,,,,
17841A,06-Nov-18,Batangas,VOXOLL 15mg/5ml,8,72.00, 576.00 ,0.00,576.00,23.00,184.00,392.00,,,,,,,,
17842A,06-Nov-18,Batangas,AFFORVIT,2,"1,000.00"," 2,000.00 ",0.00,"2,000.00",203.00,406.00,"1,594.00",,,,,,,,
17843A,06-Nov-18,Batangas,AFFORVIT,2,"1,000.00"," 2,000.00 ",0.00,"2,000.00",203.00,406.00,"1,594.00",,,,,,,,
17844A,06-Nov-18,Batangas,AFFORVIT,1,"1,000.00"," 1,000.00 ",0.00,"1,000.00",203.00,203.00,797.00,,,,,,,,
17845A,06-Nov-18,Batangas,LACTAMOX 500mg/125mg,3,"3,360.00"," 10,080.00 ",0.00,"10,080.00","1,174.00","3,522.00","6,558.00",,,,,,,,
17846A,06-Nov-18,Batangas,LACTAMOX 500mg/125mg,2,"3,360.00"," 6,720.00 ",0.00,"6,720.00","1,174.00","2,348.00","4,372.00",,,,,,,,
17847A,06-Nov-18,Batangas,CENDALEX 500mg,3,900.00," 2,700.00 ",0.00,"2,700.00",300.00,900.00,"1,800.00",,,,,,,,
17848A,06-Nov-18,Batangas,TRIVASC 35mg MR,1,"1,335.00"," 1,335.00 ",0.00,"1,335.00",445.00,445.00,890.00,,,,,,,,
17901,28-Jun-18,Batangas,LOCETIN 5MG,5,"2,800.00"," 14,000.00 ",0.00,"14,000.00",330.00,"1,650.00","12,350.00",,,,,,,,
17902,28-Jun-18,Batangas,ROCIN 150,10,"1,950.00"," 19,500.00 ",0.00,"19,500.00",680.00,"6,800.00","12,700.00",,,,,,,,
17903,03-Jul-18,Batangas,ROSEMIDE 10mg,190,280.00," 53,200.00 ",0.00,"53,200.00",70.80,"13,452.00","39,748.00",,,,,,,,
17904,05-Jul-18,Batangas,LACTAMOX 500mg/125mg,3,"2,970.00"," 8,910.00 ",0.00,"8,910.00","1,174.00","3,522.00","5,388.00",,,,,,,,
17904,05-Jul-18,Batangas,ALGICAP 500mg,5,725.00," 3,625.00 ",0.00,"3,625.00",228.00,"1,140.00","2,485.00",,,,,,,,
17905,10-Jul-18,Batangas,HISTARIL 1mg/50mg/5ml,12,80.00, 960.00 ,0.00,960.00,24.47,293.64,666.36,,,,,,,,
17906,11-Jul-18,Batangas,VITASTRONG SOFTGEL,5,"2,530.00"," 12,650.00 ",0.00,"12,650.00",750.00,"3,750.00","8,900.00",,,,,,,,
17908,11-Jul-18,Batangas,Hyclens 0.12% Gargle,12,153.00," 1,836.00 ",275.40,"1,560.60",,,"1,560.60",,,,,,,,
17909,11-Jul-18,Batangas,LACTAMOX 500mg/125mg,2,"3,360.00"," 6,720.00 ",0.00,"6,720.00","1,174.00","2,348.00","4,372.00",,,,,,,,
17910,11-Jul-18,Batangas,LACTAMOX 500mg/125mg,2,"3,360.00"," 6,720.00 ",0.00,"6,720.00","1,174.00","2,348.00","4,372.00",,,,,,,,
17911,11-Jul-18,Batangas,CENDALEX 500mg,4,900.00," 3,600.00 ",0.00,"3,600.00",300.00,"1,200.00","2,400.00",,,,,,,,
17912,11-Jul-18,Batangas,CENDALEX 500mg,4,900.00," 3,600.00 ",0.00,"3,600.00",300.00,"1,200.00","2,400.00",,,,,,,,
17913,11-Jul-18,Batangas,ALGICAP 500mg,1,780.00, 780.00 ,0.00,780.00,228.00,228.00,552.00,,,,,,,,
17914,11-Jul-18,Batangas,ALGICAP 500mg,1,780.00, 780.00 ,0.00,780.00,228.00,228.00,552.00,,,,,,,,
17915,11-Jul-18,Batangas,JAGAPLEX,1,"1,000.00"," 1,000.00 ",0.00,"1,000.00",395.00,395.00,605.00,,,,,,,,
17916,11-Jul-18,Batangas,JAGAPLEX,1,"1,000.00"," 1,000.00 ",0.00,"1,000.00",395.00,395.00,605.00,,,,,,,,
17917,11-Jul-18,Batangas,VICEPHRIN 250mg/5ml,12,180.00," 2,160.00 ",0.00,"2,160.00",48.00,576.00,"1,584.00",,,,,,,,
17918,11-Jul-18,Batangas,VICEPHRIN 100mg/ml,12,96.00," 1,152.00 ",0.00,"1,152.00",25.00,300.00,852.00,,,,,,,,
17919,17-Jul-18,Batangas,VICEPHRIN 100mg/ml,12,96.00," 1,152.00 ",0.00,"1,152.00",25.00,300.00,852.00,,,,,,,,
17920,11-Jul-18,Batangas,ALGICAP 50mg/5ml,8,84.00, 672.00 ,0.00,672.00,24.00,192.00,480.00,,,,,,,,
17921,11-Jul-18,Batangas,ALGICAP 50mg/5ml,8,84.00, 672.00 ,0.00,672.00,24.00,192.00,480.00,,,,,,,,
17922,11-Jul-18,Batangas,PUROXEL 40mg,3,"1,300.00"," 3,900.00 ",0.00,"3,900.00",200.00,600.00,"3,300.00",,,,,,,,
17923,11-Jul-18,Batangas,PUROXEL 40mg,2,"1,300.00"," 2,600.00 ",0.00,"2,600.00",200.00,400.00,"2,200.00",,,,,,,,
17924,11-Jul-18,Batangas,ZELEX 200mg,1,"2,250.00"," 2,250.00 ",0.00,"2,250.00",750.00,750.00,"1,500.00",,,,,,,,
17925,11-Jul-18,Batangas,ZELEX 200mg,2,"2,250.00"," 4,500.00 ",0.00,"4,500.00",750.00,"1,500.00","3,000.00",,,,,,,,
17926,11-Jul-18,Batangas,ZELEX 200mg,2,"2,250.00"," 4,500.00 ",0.00,"4,500.00",750.00,"1,500.00","3,000.00",,,,,,,,
17927,11-Jul-18,Batangas,TRIVASC 35mg MR,2,"1,335.00"," 2,670.00 ",0.00,"2,670.00",445.00,890.00,"1,780.00",,,,,,,,
17928,11-Jul-18,Batangas,VITAKIDS 120ml,15,180.00," 2,700.00 ",0.00,"2,700.00",49.00,735.00,"1,965.00",,,,,,,,
17929,16-Jul-18,Batangas,EUROXIME 250mg/5ml,15,266.67," 4,000.00 ",0.00,"4,000.00",139.00,"2,085.00","1,915.00",,,,,,,,
17930,18-Jul-18,Batangas,LACTAMOX 500mg/125mg,2,"3,360.00"," 6,720.00 ",0.00,"6,720.00","1,174.00","2,348.00","4,372.00",,,,,,,,
17931,18-Jul-18,Batangas,LACTAMOX 500mg/125mg,2,"3,360.00"," 6,720.00 ",0.00,"6,720.00","1,174.00","2,348.00","4,372.00",,,,,,,,
17932,18-Jul-18,Batangas,CIFROX 500mg,2,"1,920.00"," 3,840.00 ",0.00,"3,840.00",450.00,900.00,"2,940.00",,,,,,,,
17933,18-Jul-18,Batangas,VICOLAX 100mg/2mg,2,960.00," 1,920.00 ",0.00,"1,920.00",225.00,450.00,"1,470.00",,,,,,,,
17934,18-Jul-18,Batangas,VICOLAX 100mg/2mg,2,960.00," 1,920.00 ",0.00,"1,920.00",225.00,450.00,"1,470.00",,,,,,,,
17935,18-Jul-18,Batangas,HISTARIL 1mg/50mg/5ml,12,96.00," 1,152.00 ",0.00,"1,152.00",24.47,293.64,858.36,,,,,,,,
17936,18-Jul-18,Batangas,BERCEF 250mg/5ml,12,350.00," 4,200.00 ",0.00,"4,200.00",148.00,"1,776.00","2,424.00",,,,,,,,
17937,18-Jul-18,Batangas,VOXOLL 15mg/5ml,11,72.00, 792.00 ,0.00,792.00,23.00,253.00,539.00,,,,,,,,
17938,18-Jul-18,Batangas,VICEPHRIN 250mg/5ml,20,180.00," 3,600.00 ",0.00,"3,600.00",48.00,960.00,"2,640.00",,,,,,,,
17939,18-Jul-18,Batangas,SPLENDAMET 500mg,2,550.00," 1,100.00 ",0.00,"1,100.00",128.00,256.00,844.00,,,,,,,,
17940,18-Jul-18,Batangas,LEXI B FORTE 300mg/100mg/100mcg,4,990.00," 3,960.00 ",0.00,"3,960.00",323.00,"1,292.00","2,668.00",,,,,,,,
17940,18-Jul-18,Batangas,LACTAMOX 500mg/125mg,2,"2,970.00"," 5,940.00 ",0.00,"5,940.00","1,174.00","2,348.00","3,592.00",,,,,,,,
17940,18-Jul-18,Batangas,CENDALEX 500mg,3,990.00," 2,970.00 ",0.00,"2,970.00",300.00,900.00,"2,070.00",,,,,,,,
17941,18-Jul-18,Batangas,ROCIN 150,4,"1,950.00"," 7,800.00 ",0.00,"7,800.00",680.00,"2,720.00","5,080.00",,,,,,,,
17941,18-Jul-18,Batangas,SPLENDAMET 500mg,3,550.00," 1,650.00 ",0.00,"1,650.00",128.00,384.00,"1,266.00",,,,,,,,
17941,18-Jul-18,Batangas,XYNETIN 1500mg/200iu,4,950.00," 3,800.00 ",0.00,"3,800.00",310.00,"1,240.00","2,560.00",,,,,,,,
17942,18-Jul-18,Batangas,ALGESIC FORTE 325mg+400mg,2,725.00," 1,450.00 ",0.00,"1,450.00",218.00,436.00,"1,014.00",,,,,,,,
17942,18-Jul-18,Batangas,ALGICAP 50mg/5ml,10,77.00, 770.00 ,0.00,770.00,24.00,240.00,530.00,,,,,,,,
17942,18-Jul-18,Batangas,TERMAGEN 250mg/5ml,10,73.00, 730.00 ,0.00,730.00,23.00,230.00,500.00,,,,,,,,
17942,18-Jul-18,Batangas,DRILOZOLE 200mg/40mg/5ml,15,96.00," 1,440.00 ",0.00,"1,440.00",26.00,390.00,"1,050.00",,,,,,,,
17943,25-Jul-18,Batangas,MONILIASOL 125mg/5ml,15,84.00," 1,260.00 ",0.00,"1,260.00",26.00,390.00,870.00,,,,,,,,
17944,25-Jul-18,Batangas,TERMAGEN 250MG,12,80.00, 960.00 ,0.00,960.00,23.00,276.00,684.00,,,,,,,,
17945,25-Jul-18,Batangas,VICEPHRIN 250mg/5ml,7,180.00," 1,260.00 ",0.00,"1,260.00",48.00,336.00,924.00,,,,,,,,
17946,25-Jul-18,Batangas,FORTIPLEX,2,855.00," 1,710.00 ",0.00,"1,710.00",270.00,540.00,"1,170.00",,,,,,,,
17947,25-Jul-18,Batangas,FORTIPLEX,2,855.00," 1,710.00 ",0.00,"1,710.00",270.00,540.00,"1,170.00",,,,,,,,
17948,25-Jul-18,Batangas,ZELEX 200mg,1,"2,250.00"," 2,250.00 ",0.00,"2,250.00",750.00,750.00,"1,500.00",,,,,,,,
17949,25-Jul-18,Batangas,ZELEX 200mg,1,"2,250.00"," 2,250.00 ",0.00,"2,250.00",750.00,750.00,"1,500.00",,,,,,,,
18001A,12-Nov-18,Batangas,ALKALINSE 1.080g,11,270.00," 2,970.00 ",0.00,"2,970.00",129.00,"1,419.00","1,551.00",,,,,,,,
18001A,12-Nov-18,Batangas,ERGON 125mcg,10,400.00," 4,000.00 ",0.00,"4,000.00",128.00,"1,280.00","2,720.00",,,,,,,,
18001A,12-Nov-18,Batangas,LOZAK,6,700.00," 4,200.00 ",0.00,"4,200.00",270.00,"1,620.00","2,580.00",,,,,,,,
18001A,12-Nov-18,Batangas,HYPRO 10mg/20ml,70,396.00," 27,720.00 ",0.00,"27,720.00",182.00,"12,740.00","14,980.00",,,,,,,,
18002A,12-Nov-18,Batangas,TOMRACIN 3mg/ml,20,190.00," 3,800.00 ",0.00,"3,800.00",55.00,"1,100.00","2,700.00",,,,,,,,
18002A,12-Nov-18,Batangas,EUROXONE 1g,130,292.00," 37,960.00 ",0.00,"37,960.00",73.00,"9,490.00","28,470.00",,,,,,,,
18002A,12-Nov-18,Batangas,SHARJVAX,100,780.00," 78,000.00 ",0.00,"78,000.00",550.00,"55,000.00","23,000.00",,,,,,,,
18002A,12-Nov-18,Batangas,MUCOMED 25mg,5,150.00, 750.00 ,0.00,750.00,50.00,250.00,500.00,,,,,,,,
18003A,12-Nov-18,Batangas,BUPIRIGHT 5mg/ml,14,"1,750.00"," 24,500.00 ",0.00,"24,500.00",825.00,"11,550.00","12,950.00",,,,,,,,
18003A,12-Nov-18,Batangas,CLONIN 75mcg,45,510.00," 22,950.00 ",0.00,"22,950.00",144.00,"6,480.00","16,470.00",,,,,,,,
18004A,12-Nov-18,Batangas,AMICARE 125mg/ml (250mg/2ml),67.4,840.00," 56,616.00 ",0.00,"56,616.00",254.00,"17,119.60","39,496.40",,,,,,,,
18004A,12-Nov-18,Batangas,BUPIRIGHT 5mg/ml,8.4,"1,750.00"," 14,700.00 ",0.00,"14,700.00",825.00,"6,930.00","7,770.00",,,,,,,,
18004A,12-Nov-18,Batangas,EUROXONE 1g,339,292.00," 98,988.00 ",0.00,"98,988.00",73.00,"24,747.00","74,241.00",,,,,,,,
18004A,12-Nov-18,Batangas,PROMINE 25mg/ml,6.4,350.00," 2,240.00 ",0.00,"2,240.00",140.00,896.00,"1,344.00",,,,,,,,
18005A,12-Nov-18,Batangas,AMCETAM,186.3,186.80," 34,800.84 ",0.00,"34,800.84",41.70,"7,768.71","27,032.13",,,,,,,,
18006A,13-Nov-18,Batangas,VITASTRONG SOFTGEL,5,"2,530.00"," 12,650.00 ",0.00,"12,650.00",750.00,"3,750.00","8,900.00",,,,,,,,
18007A,13-Nov-18,Batangas,TERMAGEN 500mg,2,198.00, 396.00 ,0.00,396.00,60.00,120.00,276.00,,,,,,,,
18007A,13-Nov-18,Batangas,LACTAMOX 500mg/125mg,3,"2,970.00"," 8,910.00 ",0.00,"8,910.00","1,174.00","3,522.00","5,388.00",,,,,,,,
18009A,13-Nov-18,Batangas,ROCIN 150,8,"1,950.00"," 15,600.00 ",0.00,"15,600.00",680.00,"5,440.00","10,160.00",,,,,,,,
18010A,13-Nov-18,Batangas,VITAKIDS 120ml,7,150.00," 1,050.00 ",0.00,"1,050.00",49.00,343.00,707.00,,,,,,,,
18011A,13-Nov-18,Batangas,VITAKIDS 120ml,7,150.00," 1,050.00 ",0.00,"1,050.00",49.00,343.00,707.00,,,,,,,,
18012A,13-Nov-18,Batangas,VICEPHRIN 100mg/ml,12,96.00," 1,152.00 ",0.00,"1,152.00",25.00,300.00,852.00,,,,,,,,
18013A,13-Nov-18,Batangas,VICEPHRIN 100mg/ml,11,96.00," 1,056.00 ",0.00,"1,056.00",25.00,275.00,781.00,,,,,,,,
18014A,13-Nov-18,Batangas,PENCHLOR 1mg/800mcg,3,120.00, 360.00 ,0.00,360.00,31.00,93.00,267.00,,,,,,,,
18014A,13-Nov-18,Batangas,VOXOLL 15mg/5ml,2,72.00, 144.00 ,0.00,144.00,23.00,46.00,98.00,,,,,,,,
18014A,13-Nov-18,Batangas,ALGICAP 50mg/5ml,4,84.00, 336.00 ,0.00,336.00,24.00,96.00,240.00,,,,,,,,
18015A,13-Nov-18,Batangas,HISTARIL 1mg/50mg/5ml,8,96.00, 768.00 ,0.00,768.00,24.47,195.76,572.24,,,,,,,,
18016A,13-Nov-18,Batangas,HISTARIL 1mg/50mg/5ml,8,96.00, 768.00 ,0.00,768.00,24.47,195.76,572.24,,,,,,,,
18017A,13-Nov-18,Batangas,VICEPHRIN 250mg/5ml,9,180.00," 1,620.00 ",0.00,"1,620.00",48.00,432.00,"1,188.00",,,,,,,,
18018A,13-Nov-18,Batangas,ZELEX 200mg,1,"2,250.00"," 2,250.00 ",0.00,"2,250.00",750.00,750.00,"1,500.00",,,,,,,,
18019A,13-Nov-18,Batangas,ZELEX 200mg,1,"2,250.00"," 2,250.00 ",0.00,"2,250.00",750.00,750.00,"1,500.00",,,,,,,,
18020A,13-Nov-18,Batangas,PUROXEL 40mg,3,"1,300.00"," 3,900.00 ",0.00,"3,900.00",200.00,600.00,"3,300.00",,,,,,,,
18021A,13-Nov-18,Batangas,PUROXEL 40mg,2,"1,300.00"," 2,600.00 ",0.00,"2,600.00",200.00,400.00,"2,200.00",,,,,,,,
18022A,13-Nov-18,Batangas,LACTAMOX 500mg/125mg,3,"3,360.00"," 10,080.00 ",0.00,"10,080.00","1,174.00","3,522.00","6,558.00",,,,,,,,
18023A,13-Nov-18,Batangas,LACTAMOX 500mg/125mg,3,"3,360.00"," 10,080.00 ",0.00,"10,080.00","1,174.00","3,522.00","6,558.00",,,,,,,,
18024A,13-Nov-18,Batangas,AFFORVIT,1,"1,000.00"," 1,000.00 ",0.00,"1,000.00",203.00,203.00,797.00,,,,,,,,
18025A,13-Nov-18,Batangas,TRIVASC 35mg MR,2,"1,335.00"," 2,670.00 ",0.00,"2,670.00",445.00,890.00,"1,780.00",,,,,,,,
18026A,13-Nov-18,Batangas,TRIVASC 35mg MR,1,"1,335.00"," 1,335.00 ",0.00,"1,335.00",445.00,445.00,890.00,,,,,,,,
18027A,13-Nov-18,Batangas,FORTIPLEX,2,855.00," 1,710.00 ",0.00,"1,710.00",270.00,540.00,"1,170.00",,,,,,,,
18028A,14-Nov-18,Batangas,ALGICAP 500mg,2,800.00," 1,600.00 ",0.00,"1,600.00",228.00,456.00,"1,144.00",,,,,,,,
18029A,14-Nov-18,Batangas,ALGICAP 500mg,1,800.00, 800.00 ,0.00,800.00,228.00,228.00,572.00,,,,,,,,
18030A,14-Nov-18,Batangas,VICEPHRIN 250mg/5ml,15,180.00," 2,700.00 ",0.00,"2,700.00",48.00,720.00,"1,980.00",,,,,,,,
18031A,14-Nov-18,Batangas,VICEPHRIN 250mg/5ml,15,180.00," 2,700.00 ",0.00,"2,700.00",48.00,720.00,"1,980.00",,,,,,,,
18032A,14-Nov-18,Batangas,VOXOLL 15mg/5ml,10,72.00, 720.00 ,0.00,720.00,23.00,230.00,490.00,,,,,,,,
18033A,14-Nov-18,Batangas,VOXOLL 15mg/5ml,10,72.00, 720.00 ,0.00,720.00,23.00,230.00,490.00,,,,,,,,
18034A,14-Nov-18,Batangas,TERMAGEN 100mg/ml,12,58.00, 696.00 ,0.00,696.00,17.00,204.00,492.00,,,,,,,,
18035A,14-Nov-18,Batangas,VICOLAX 100mg/2mg,2,960.00," 1,920.00 ",0.00,"1,920.00",225.00,450.00,"1,470.00",,,,,,,,
18036A,14-Nov-18,Batangas,VICOLAX 100mg/2mg,2,960.00," 1,920.00 ",0.00,"1,920.00",225.00,450.00,"1,470.00",,,,,,,,
18037A,14-Nov-18,Batangas,CENDALEX 500mg,3,900.00," 2,700.00 ",0.00,"2,700.00",300.00,900.00,"1,800.00",,,,,,,,
18038A,14-Nov-18,Batangas,CENDALEX 500mg,3,900.00," 2,700.00 ",0.00,"2,700.00",300.00,900.00,"1,800.00",,,,,,,,
18040A,14-Nov-18,Batangas,CENDALEX 100mg/ml,12,90.00," 1,080.00 ",0.00,"1,080.00",31.00,372.00,708.00,,,,,,,,
18041A,24-Nov-18,Batangas,TERMAGEN 250MG,8,80.00, 640.00 ,0.00,640.00,23.00,184.00,456.00,,,,,,,,
18043a,22-Nov-18,Batangas,Bicotex,394,264.00," 104,016.00 ",0.00,"104,016.00",125.00,"49,250.00","54,766.00",,,,,,,,
18043a,22-Nov-18,Batangas,SHARJVAX,150,780.00," 117,000.00 ",0.00,"117,000.00",550.00,"82,500.00","34,500.00",,,,,,,,
18044A,23-Nov-18,Batangas,Cixtor-Z 60ml,60,48.00," 2,880.00 ",0.00,"2,880.00",35.50,"2,130.00",750.00,,,,,,,,
18044A,23-Nov-18,Batangas,SPEEDA,22,"5,250.00"," 115,500.00 ",0.00,"115,500.00","3,750.00","82,500.00","33,000.00",,,,,,,,
18044A,23-Nov-18,Batangas,Acurium 10mg/ml,7,"1,340.00"," 9,380.00 ",0.00,"9,380.00",935.00,"6,545.00","2,835.00",,,,,,,,
18044A,23-Nov-18,Batangas,FERROUS 220mg/5ml,55,22.00," 1,210.00 ",0.00,"1,210.00",12.00,660.00,550.00,,,,,,,,
18045A,23-Nov-18,Batangas,BACTREX 200/40MG,74,22.00," 1,628.00 ",0.00,"1,628.00",12.50,925.00,703.00,,,,,,,,
18045A,23-Nov-18,Batangas,Moxylor 250/5ml,60,36.00," 2,160.00 ",0.00,"2,160.00",14.00,840.00,"1,320.00",,,,,,,,
18045A,23-Nov-18,Batangas,CLOXANE 500mg,51,400.00," 20,400.00 ",0.00,"20,400.00",165.00,"8,415.00","11,985.00",,,,,,,,
18045A,23-Nov-18,Batangas,SAPHRIDONE 10MG,10,350.00," 3,500.00 ",0.00,"3,500.00",75.00,750.00,"2,750.00",,,,,,,,
18046A,23-Nov-18,Batangas,Scheeprin 80mg,14.6,150.00," 2,190.00 ",0.00,"2,190.00",82.00,"1,197.20",992.80,,,,,,,,
18046A,23-Nov-18,Batangas,Hyosaph 10mg,13.5,590.00," 7,965.00 ",0.00,"7,965.00",380.00,"5,130.00","2,835.00",,,,,,,,
18046A,23-Nov-18,Batangas,MYCONIL,51,148.00," 7,548.00 ",0.00,"7,548.00",75.00,"3,825.00","3,723.00",,,,,,,,
18046A,23-Nov-18,Batangas,MUCOMED 25mg,4,150.00, 600.00 ,0.00,600.00,50.00,200.00,400.00,,,,,,,,
18047A,23-Nov-18,Batangas,NERVAMIN PLUS 500mg/50mg/100mg/100mcg,2,"1,600.00"," 3,200.00 ",0.00,"3,200.00",488.00,976.00,"2,224.00",,,,,,,,
18047A,23-Nov-18,Batangas,Erythromycin 200mg/5ml (Generic),75,48.00," 3,600.00 ",0.00,"3,600.00",30.00,"2,250.00","1,350.00",,,,,,,,
18047A,23-Nov-18,Batangas,Optryl Eye Ointment,62,180.00," 11,160.00 ",0.00,"11,160.00",110.00,"6,820.00","4,340.00",,,,,,,,
18047A,23-Nov-18,Batangas,Kathrex 800/160mg,9,300.00," 2,700.00 ",0.00,"2,700.00",152.00,"1,368.00","1,332.00",,,,,,,,
18048A,23-Nov-18,Batangas,DECSON 8MG/2ML,61,600.00," 36,600.00 ",0.00,"36,600.00",100.00,"6,100.00","30,500.00",,,,,,,,
18048A,23-Nov-18,Batangas,DOMPY ,50,80.00," 4,000.00 ",0.00,"4,000.00",38.00,"1,900.00","2,100.00",,,,,,,,
18048A,23-Nov-18,Batangas,BUDESON 250mcg/ml (500mcg/2ml),96.14285714,"1,960.00"," 188,440.00 ",0.00,"188,440.00","1,180.00","113,448.57","74,991.43",,,,,,,,
18048A,23-Nov-18,Batangas,HYPHEN 50mg,100,960.00," 96,000.00 ",0.00,"96,000.00",320.00,"32,000.00","64,000.00",,,,,,,,
18049A,23-Nov-18,Batangas,LOZAK,23,700.00," 16,100.00 ",0.00,"16,100.00",270.00,"6,210.00","9,890.00",,,,,,,,
18049A,23-Nov-18,Batangas,ALKALINSE 1.080g,0.66666,270.00, 180.00 ,0.00,180.00,129.00,86.00,94.00,,,,,,,,
18049A,23-Nov-18,Batangas,Dopathyl 250mg,9,"1,000.00"," 9,000.00 ",0.00,"9,000.00",520.00,"4,680.00","4,320.00",,,,,,,,
18049A,23-Nov-18,Batangas,ERGON 125mcg,87,400.00," 34,800.00 ",0.00,"34,800.00",128.00,"11,136.00","23,664.00",,,,,,,,
18050A,23-Nov-18,Batangas,PHILSTAT 20mg,18,350.00," 6,300.00 ",0.00,"6,300.00",70.00,"1,260.00","5,040.00",,,,,,,,
18050A,23-Nov-18,Batangas,Tomracin eye drops,30,190.00," 5,700.00 ",0.00,"5,700.00",82.00,"2,460.00","3,240.00",,,,,,,,
18101,25-Jul-18,Batangas,TERMAGEN 500mg,2,198.00, 396.00 ,0.00,396.00,60.00,120.00,276.00,,,,,,,,
18101,25-Jul-18,Batangas,SPLENDAMET 500mg,2,550.00," 1,100.00 ",0.00,"1,100.00",128.00,256.00,844.00,,,,,,,,
18101,25-Jul-18,Batangas,DOLO JAGA 500mg/50mg/100mg/100mcg,1,"1,800.00"," 1,800.00 ",0.00,"1,800.00",481.00,481.00,"1,319.00",,,,,,,,
18101,25-Jul-18,Batangas,LACTAMOX 500mg/125mg,2,"2,970.00"," 5,940.00 ",0.00,"5,940.00","1,174.00","2,348.00","3,592.00",,,,,,,,
18101,25-Jul-18,Batangas,VICEPHRIN 100mg/ml,15,88.00," 1,320.00 ",0.00,"1,320.00",25.00,375.00,945.00,,,,,,,,
18102,01-Aug-18,Batangas,SPLENDAMET 500mg,5,550.00," 2,750.00 ",0.00,"2,750.00",128.00,640.00,"2,110.00",,,,,,,,
18102,01-Aug-18,Batangas,ALGESIC FORTE 325mg+400mg,5,600.00," 3,000.00 ",0.00,"3,000.00",218.00,"1,090.00","1,910.00",,,,,,,,
18102,01-Aug-18,Batangas,DOLO JAGA 500mg/50mg/100mg/100mcg,3,"1,800.00"," 5,400.00 ",0.00,"5,400.00",481.00,"1,443.00","3,957.00",,,,,,,,
18103,01-Aug-18,Batangas,ROCIN 150,6,"1,950.00"," 11,700.00 ",0.00,"11,700.00",680.00,"4,080.00","7,620.00",,,,,,,,
18103,01-Aug-18,Batangas,VITASTRONG SOFTGEL,5,"2,530.00"," 12,650.00 ",0.00,"12,650.00",750.00,"3,750.00","8,900.00",,,,,,,,
18104,01-Aug-18,Batangas,CEPROTRON 500mg,3,"1,925.00"," 5,775.00 ",0.00,"5,775.00",415.00,"1,245.00","4,530.00",,,,,,,,
18105,01-Aug-18,Batangas,HISTARIL 1mg/50mg/5ml,24,80.00," 1,920.00 ",0.00,"1,920.00",24.47,587.28,"1,332.72",,,,,,,,
18106,01-Aug-18,Batangas,VITAKIDS 120ml,10,150.00," 1,500.00 ",0.00,"1,500.00",49.00,490.00,"1,010.00",,,,,,,,
18107,06-Aug-18,Batangas,CENDALEX 250mg/5ml,15,100.00," 1,500.00 ",0.00,"1,500.00",55.00,825.00,675.00,,,,,,,,
18108,07-Aug-18,Batangas,JAGAPLEX,1,"1,000.00"," 1,000.00 ",0.00,"1,000.00",395.00,395.00,605.00,,,,,,,,
18109,07-Aug-18,Batangas,EUROXIME 250mg/5ml,6,480.00," 2,880.00 ",0.00,"2,880.00",139.00,834.00,"2,046.00",,,,,,,,
18110,07-Aug-18,Batangas,PUROXEL 40mg,2,"1,300.00"," 2,600.00 ",0.00,"2,600.00",200.00,400.00,"2,200.00",,,,,,,,
18111,07-Aug-18,Batangas,JAGAPLEX 120ml,8,160.00," 1,280.00 ",0.00,"1,280.00",47.00,376.00,904.00,,,,,,,,
18112,07-Aug-18,Batangas,MONILIASOL 500mg,2,"1,080.00"," 2,160.00 ",0.00,"2,160.00",240.00,480.00,"1,680.00",,,,,,,,
18113,07-Aug-18,Batangas,CIFROX 500mg,2,"1,920.00"," 3,840.00 ",0.00,"3,840.00",450.00,900.00,"2,940.00",,,,,,,,
18114,07-Aug-18,Batangas,HISTARIL 1mg/50mg/5ml,14,96.00," 1,344.00 ",0.00,"1,344.00",24.47,342.58,"1,001.42",,,,,,,,
18115,07-Aug-18,Batangas,BERCEF 250mg/5ml,10,350.00," 3,500.00 ",0.00,"3,500.00",148.00,"1,480.00","2,020.00",,,,,,,,
18116,07-Aug-18,Batangas,VICEPHRIN 100mg/ml,4,96.00, 384.00 ,0.00,384.00,25.00,100.00,284.00,,,,,,,,
18117,07-Aug-18,Batangas,CENDALEX 500mg,3,900.00," 2,700.00 ",0.00,"2,700.00",300.00,900.00,"1,800.00",,,,,,,,
18118,07-Aug-18,Batangas,CENDALEX 500mg,3,900.00," 2,700.00 ",0.00,"2,700.00",300.00,900.00,"1,800.00",,,,,,,,
18119,07-Aug-18,Batangas,VOXOLL 15mg/5ml,8,72.00, 576.00 ,0.00,576.00,23.00,184.00,392.00,,,,,,,,
18120,07-Aug-18,Batangas,VICEPHRIN 250mg/5ml,16,180.00," 2,880.00 ",0.00,"2,880.00",48.00,768.00,"2,112.00",,,,,,,,
18121,07-Aug-18,Batangas,EUROXIME 250mg/5ml,6,450.00," 2,700.00 ",0.00,"2,700.00",139.00,834.00,"1,866.00",,,,,,,,
18122,07-Aug-18,Batangas,JAGAPLEX 120ml,2,160.00, 320.00 ,0.00,320.00,47.00,94.00,226.00,,,,,,,,
18123,07-Aug-18,Batangas,ROCIN 150,6,"1,950.00"," 11,700.00 ",0.00,"11,700.00",680.00,"4,080.00","7,620.00",,,,,,,,
18123,07-Aug-18,Batangas,CINNABLOC 25mg,3,550.00," 1,650.00 ",0.00,"1,650.00",133.00,399.00,"1,251.00",,,,,,,,
18123,07-Aug-18,Batangas,CINNABLOC 75mg,30,176.00," 5,280.00 ",0.00,"5,280.00",40.00,"1,200.00","4,080.00",,,,,,,,
18123,07-Aug-18,Batangas,HEMOTRAN 500mg,1,"1,980.00"," 1,980.00 ",0.00,"1,980.00",685.00,685.00,"1,295.00",,,,,,,,
18124,09-Aug-18,Batangas,PUROXEL 40mg,2,"1,300.00"," 2,600.00 ",130.00,"2,470.00",200.00,400.00,"2,070.00",,,,,,,,
18124,09-Aug-18,Batangas,LACTAMOX 500mg/125mg,1,"2,700.00"," 2,700.00 ",135.00,"2,565.00","1,174.00","1,174.00","1,391.00",,,,,,,,
18124,09-Aug-18,Batangas,LACTAMOX 250mg/62.5mg/5ml,10,300.00," 3,000.00 ",150.00,"2,850.00",130.00,"1,300.00","1,550.00",,,,,,,,
18125,09-Aug-18,Batangas,BERCEF 250mg/5ml,10,365.00," 3,650.00 ",182.50,"3,467.50",148.00,"1,480.00","1,987.50",,,,,,,,
18125,09-Aug-18,Batangas,JAGA 300mg/100mg/100mcg,2,"1,200.00"," 2,400.00 ",120.00,"2,280.00",345.00,690.00,"1,590.00",,,,,,,,
18125,09-Aug-18,Batangas,HISTARIL 1mg/50mg/5ml,6,80.00, 480.00 ,24.00,456.00,24.47,146.82,309.18,,,,,,,,
18125,09-Aug-18,Batangas,CIFROX 500mg,2,"1,600.00"," 3,200.00 ",160.00,"3,040.00",450.00,900.00,"2,140.00",,,,,,,,
18126,13-Aug-18,Batangas,ZAFEX 500mg,4,"3,000.00"," 12,000.00 ",0.00,"12,000.00","1,450.00","5,800.00","6,200.00",,,,,,,,
18126,13-Aug-18,Batangas,CEFZIME 750mg,5,"3,000.00"," 15,000.00 ",0.00,"15,000.00",750.00,"3,750.00","11,250.00",,,,,,,,
18127,13-Aug-18,Batangas,INTRAPLEM 100mg/5ml,15,60.00, 900.00 ,0.00,900.00,27.00,405.00,495.00,,,,,,,,
18127,13-Aug-18,Batangas,VOXOLL 15mg/5ml,15,40.00, 600.00 ,0.00,600.00,23.00,345.00,255.00,,,,,,,,
18128,14-Aug-18,Batangas,FERGLOBIN FA 60mg/400mcg,1,"1,140.00"," 1,140.00 ",0.00,"1,140.00",240.00,240.00,900.00,,,,,,,,
18129,14-Aug-18,Batangas,FERGLOBIN FA 60mg/400mcg,1,"1,140.00"," 1,140.00 ",0.00,"1,140.00",240.00,240.00,900.00,,,,,,,,
18130,14-Aug-18,Batangas,VITAKIDS 120ml,10,180.00," 1,800.00 ",0.00,"1,800.00",49.00,490.00,"1,310.00",,,,,,,,
18131,14-Aug-18,Batangas,LOCETIN 5MG,3,"2,800.00"," 8,400.00 ",0.00,"8,400.00",330.00,990.00,"7,410.00",,,,,,,,
18131,14-Aug-18,Batangas,SPLENDAMET 500mg,5,550.00," 2,750.00 ",0.00,"2,750.00",128.00,640.00,"2,110.00",,,,,,,,
18132,14-Aug-18,Batangas,NERVCARE 500mg,4,"5,500.00"," 22,000.00 ",0.00,"22,000.00","2,750.00","11,000.00","11,000.00",,,,,,,,
18133,14-Aug-18,Batangas,AZECLO 100mg,1,"1,980.00"," 1,980.00 ",0.00,"1,980.00",595.00,595.00,"1,385.00",,,,,,,,
18133,14-Aug-18,Batangas,GIAN ZINC 120ml,12,187.00," 2,244.00 ",0.00,"2,244.00",75.00,900.00,"1,344.00",,,,,,,,
18133,14-Aug-18,Batangas,ANTIZOAL 5mg/ml,20,80.00," 1,600.00 ",0.00,"1,600.00",22.00,440.00,"1,160.00",,,,,,,,
18134,16-Aug-18,Batangas,AMCETAM,45,200.00," 9,000.00 ",0.00,"9,000.00",41.70,"1,876.50","7,123.50",,,,,,,,
18135,17-Aug-18,Batangas,VICEPHRIN 100mg/ml,12,96.00," 1,152.00 ",0.00,"1,152.00",25.00,300.00,852.00,,,,,,,,
18136,17-Aug-18,Batangas,VICEPHRIN 100mg/ml,12,96.00," 1,152.00 ",0.00,"1,152.00",25.00,300.00,852.00,,,,,,,,
18137,17-Aug-18,Batangas,VICEPHRIN 250mg/5ml,10,180.00," 1,800.00 ",0.00,"1,800.00",48.00,480.00,"1,320.00",,,,,,,,
18138,17-Aug-18,Batangas,VICEPHRIN 250mg/5ml,10,180.00," 1,800.00 ",0.00,"1,800.00",48.00,480.00,"1,320.00",,,,,,,,
18139,17-Aug-18,Batangas,JAGAPLEX 120ml,15,160.00," 2,400.00 ",0.00,"2,400.00",47.00,705.00,"1,695.00",,,,,,,,
18140,17-Aug-18,Batangas,VITAKIDS 120ml,12,150.00," 1,800.00 ",0.00,"1,800.00",49.00,588.00,"1,212.00",,,,,,,,
18141,17-Aug-18,Batangas,PUROXEL 40mg,2,"1,300.00"," 2,600.00 ",0.00,"2,600.00",200.00,400.00,"2,200.00",,,,,,,,
18142,17-Aug-18,Batangas,VOXOLL 30mg,1,800.00, 800.00 ,0.00,800.00,168.00,168.00,632.00,,,,,,,,
18143,17-Aug-18,Batangas,FERGLOBIN FA 60mg/400mcg,1,"1,078.00"," 1,078.00 ",0.00,"1,078.00",240.00,240.00,838.00,,,,,,,,
18144,17-Aug-18,Batangas,FERGLOBIN FA 60mg/400mcg,1,"1,078.00"," 1,078.00 ",0.00,"1,078.00",240.00,240.00,838.00,,,,,,,,
18145,17-Aug-18,Batangas,CIFROX 500mg,2,"1,920.00"," 3,840.00 ",0.00,"3,840.00",450.00,900.00,"2,940.00",,,,,,,,
18146,17-Aug-18,Batangas,CIFROX 500mg,2,"1,920.00"," 3,840.00 ",0.00,"3,840.00",450.00,900.00,"2,940.00",,,,,,,,
18147,17-Aug-18,Batangas,ZELEX 200mg,1,"2,250.00"," 2,250.00 ",0.00,"2,250.00",750.00,750.00,"1,500.00",,,,,,,,
18148,17-Aug-18,Batangas,ZELEX 200mg,1,"2,250.00"," 2,250.00 ",0.00,"2,250.00",750.00,750.00,"1,500.00",,,,,,,,
18149,17-Aug-18,Batangas,CEPROTRON 500mg,2,"1,600.00"," 3,200.00 ",0.00,"3,200.00",415.00,830.00,"2,370.00",,,,,,,,
18150,24-Aug-18,Batangas,EUROXIME 250mg/5ml,6,266.67," 1,600.00 ",0.00,"1,600.00",139.00,834.00,766.00,,,,,,,,
18301,21-Nov-18,Batangas,MULTI GROW 30ml,12,170.00," 2,040.00 ",0.00,"2,040.00",55.00,660.00,"1,380.00",,,,,,,,
18302,21-Nov-18,Batangas,VICEPHRIN 250mg/5ml,10,180.00," 1,800.00 ",0.00,"1,800.00",48.00,480.00,"1,320.00",,,,,,,,
18303,21-Nov-18,Batangas,HISTARIL 1mg/50mg/5ml,14,96.00," 1,344.00 ",0.00,"1,344.00",24.47,342.58,"1,001.42",,,,,,,,
18304,21-Nov-18,Batangas,HISTARIL 1mg/50mg/5ml,14,96.00," 1,344.00 ",0.00,"1,344.00",24.47,342.58,"1,001.42",,,,,,,,
18305,21-Nov-18,Batangas,TERMAGEN 100mg/ml,12,57.00, 684.00 ,0.00,684.00,17.00,204.00,480.00,,,,,,,,
18306,21-Nov-18,Batangas,BERCEF 250mg/5ml,9,350.00," 3,150.00 ",0.00,"3,150.00",148.00,"1,332.00","1,818.00",,,,,,,,
18307,21-Nov-18,Batangas,BERCEF 250mg/5ml,9,350.00," 3,150.00 ",0.00,"3,150.00",148.00,"1,332.00","1,818.00",,,,,,,,
18308,21-Nov-18,Batangas,TERMAGEN 250MG,2,80.00, 160.00 ,0.00,160.00,23.00,46.00,114.00,,,,,,,,
18308,21-Nov-18,Batangas,JAGAPLEX 120ml,2,160.00, 320.00 ,0.00,320.00,47.00,94.00,226.00,,,,,,,,
18309,21-Nov-18,Batangas,AFFORVIT,2,"1,000.00"," 2,000.00 ",0.00,"2,000.00",203.00,406.00,"1,594.00",,,,,,,,
18310,21-Nov-18,Batangas,AFFORVIT,1,"1,000.00"," 1,000.00 ",0.00,"1,000.00",203.00,203.00,797.00,,,,,,,,
18311,21-Nov-18,Batangas,LACTAMOX 500mg/125mg,2,"3,360.00"," 6,720.00 ",0.00,"6,720.00","1,174.00","2,348.00","4,372.00",,,,,,,,
18312,21-Nov-18,Batangas,LACTAMOX 500mg/125mg,2,"3,360.00"," 6,720.00 ",0.00,"6,720.00","1,174.00","2,348.00","4,372.00",,,,,,,,
18313,21-Nov-18,Batangas,PUROXEL 40mg,2,"1,300.00"," 2,600.00 ",0.00,"2,600.00",200.00,400.00,"2,200.00",,,,,,,,
18314,21-Nov-18,Batangas,VOXOLL 30mg,1,800.00, 800.00 ,0.00,800.00,168.00,168.00,632.00,,,,,,,,
18315,21-Nov-18,Batangas,ZELEX 200mg,1,"2,250.00"," 2,250.00 ",0.00,"2,250.00",750.00,750.00,"1,500.00",,,,,,,,
18316,21-Nov-18,Batangas,ZELEX 200mg,1,"2,250.00"," 2,250.00 ",0.00,"2,250.00",750.00,750.00,"1,500.00",,,,,,,,
18317,27-Nov-18,Batangas,VITASTRONG SOFTGEL,5,"2,530.00"," 12,650.00 ",0.00,"12,650.00",750.00,"3,750.00","8,900.00",,,,,,,,
18318,27-Nov-18,Batangas,DOLO JAGA 500mg/50mg/100mg/100mcg,4,"1,800.00"," 7,200.00 ",0.00,"7,200.00",481.00,"1,924.00","5,276.00",,,,,,,,
18318,27-Nov-18,Batangas,CEPROTRON 500mg,4,"1,925.00"," 7,700.00 ",0.00,"7,700.00",415.00,"1,660.00","6,040.00",,,,,,,,
18319,27-Nov-18,Batangas,SPLENDAMET 500mg,5,550.00," 2,750.00 ",0.00,"2,750.00",128.00,640.00,"2,110.00",,,,,,,,
18319,27-Nov-18,Batangas,LACTAMOX 125mg/31.25mg/5ml,10,198.00," 1,980.00 ",0.00,"1,980.00",76.00,760.00,"1,220.00",,,,,,,,
18319,27-Nov-18,Batangas,LACTAMOX 250mg/62.5mg/5ml,9,330.00," 2,970.00 ",0.00,"2,970.00",130.00,"1,170.00","1,800.00",,,,,,,,
18319,27-Nov-18,Batangas,JAGAPLEX 120ml,18,150.00," 2,700.00 ",0.00,"2,700.00",47.00,846.00,"1,854.00",,,,,,,,
18320,28-Nov-18,Batangas,SHARJVAX,150,780.00," 117,000.00 ",0.00,"117,000.00",550.00,"82,500.00","34,500.00",,,,,,,,
18320,28-Nov-18,Batangas,AROPOTIN 4000IU,6,"6,800.00"," 40,800.00 ",0.00,"40,800.00","4,700.00","28,200.00","12,600.00",,,,,,,,
16214,06-Apr-18,Supplies and Equipment,EDEN F6 MONITOR 10.1 COLOR DISPLAY,1,"300,000.00"," 300,000.00 ",0.00,"300,000.00","160,000.00","160,000.00","140,000.00",,,,,,,,
16203,08-Mar-18,Supplies and Equipment,Digital Thermometer,50,62.00," 3,100.00 ",0.00,"3,100.00",50.00,"2,500.00",600.00,,,,,,,,
16203,08-Mar-18,Supplies and Equipment,SANITEX,30,97.00," 2,910.00 ",0.00,"2,910.00",75.00,"2,250.00",660.00,,,,,,,,
16204,09-Mar-18,Supplies and Equipment,GASTAT CATRIDGE,50,"1,250.00"," 62,500.00 ",0.00,"62,500.00",650.00,"32,500.00","30,000.00",,,,,,,,
16205,02-Apr-18,Supplies and Equipment,Trop I,2,"30,000.00"," 60,000.00 ",0.00,"60,000.00","5,626.00","11,252.00","48,748.00",,,,,,,,
16205,02-Apr-18,Supplies and Equipment,Dengue 1GG/1Gm 25 Test+1,5,"22,500.00"," 112,500.00 ",0.00,"112,500.00","25,000.00","125,000.00","-12,500.00",,,,,,,,
16205,02-Apr-18,Supplies and Equipment,HBSAG MD 100T,5,"17,500.00"," 87,500.00 ",0.00,"87,500.00","16,445.00","82,225.00","5,275.00",,,,,,,,
16208,04-May-18,Supplies and Equipment,All Silicone Duodenal Tube F.16,30,221.00," 6,630.00 ",0.00,"6,630.00",180.00,"5,400.00","1,230.00",,,,,,,,
16208,04-May-18,Supplies and Equipment,Jackson Pratt 100ml,6,"1,470.00"," 8,820.00 ",0.00,"8,820.00",900.00,"5,400.00","3,420.00",,,,,,,,
16211,02-Apr-18,Supplies and Equipment,All Silicone Duodenal Tube F.16,25,221.00," 5,525.00 ",0.00,"5,525.00",180.00,"4,500.00","1,025.00",,,,,,,,
16211,02-Apr-18,Supplies and Equipment,Steri Strip,6,90.00, 540.00 ,0.00,540.00,65.00,390.00,150.00,,,,,,,,
16212,02-Apr-18,Supplies and Equipment,BLOODSET,150,70.00," 10,500.00 ",0.00,"10,500.00",65.00,"9,750.00",750.00,,,,,,,,
16212,02-Apr-18,Supplies and Equipment,ORMED NEOTAPE,30,28.00, 840.00 ,0.00,840.00,11.00,330.00,510.00,,,,,,,,
16212,02-Apr-18,Supplies and Equipment,Oxygen Mask (Adult),150,90.00," 13,500.00 ",0.00,"13,500.00",45.00,"6,750.00","6,750.00",,,,,,,,
16212,02-Apr-18,Supplies and Equipment,COLOSTOMY BAG,30,320.00," 9,600.00 ",0.00,"9,600.00",170.00,"5,100.00","4,500.00",,,,,,,,
16212,02-Apr-18,Supplies and Equipment,Heplock,200,36.00," 7,200.00 ",0.00,"7,200.00",35.00,"7,000.00",200.00,,,,,,,,
16212,02-Apr-18,Supplies and Equipment,DRAINAGE BAG,110,40.00," 4,400.00 ",0.00,"4,400.00",10.00,"1,100.00","3,300.00",,,,,,,,
16212,02-Apr-18,Supplies and Equipment,Macroset (Adult),200,60.00," 12,000.00 ",0.00,"12,000.00",55.00,"11,000.00","1,000.00",,,,,,,,
16212,02-Apr-18,Supplies and Equipment,MAXIMA IV CANNULA G 26,500,61.00," 30,500.00 ",0.00,"30,500.00",15.00,"7,500.00","23,000.00",,,,,,,,
16212,02-Apr-18,Supplies and Equipment,Foley Cath 3way F20 / F22 / F24,50,80.00," 4,000.00 ",0.00,"4,000.00",220.00,"11,000.00","-7,000.00",,,,,,,,
16212,02-Apr-18,Supplies and Equipment,MAXIMA IV CANNULA G 20,500,61.00," 30,500.00 ",0.00,"30,500.00",15.00,"7,500.00","23,000.00",,,,,,,,
16212,02-Apr-18,Supplies and Equipment,Nebulizer Kit,150,65.00," 9,750.00 ",0.00,"9,750.00",50.00,"7,500.00","2,250.00",,,,,,,,
16212,02-Apr-18,Supplies and Equipment,Tegaderm Film 4x4,1,"3,750.00"," 3,750.00 ",0.00,"3,750.00",45.00,45.00,"3,705.00",,,,,,,,
16215,03-Apr-18,Supplies and Equipment,Foley Cath 3way F20 / F22 / F24,1,450.00, 450.00 ,0.00,450.00,220.00,220.00,230.00,,,,,,,,
16215,03-Apr-18,Supplies and Equipment,Urine Collector,2,420.00, 840.00 ,0.00,840.00,300.00,600.00,240.00,,,,,,,,
16215,03-Apr-18,Supplies and Equipment,METRICIDE,2,"1,500.00"," 3,000.00 ",0.00,"3,000.00","1,100.00","2,200.00",800.00,,,,,,,,
16215,03-Apr-18,Supplies and Equipment,Tegaderm Film 4x4,20,187.50," 3,750.00 ",0.00,"3,750.00",45.00,900.00,"2,850.00",,,,,,,,
16215,03-Apr-18,Supplies and Equipment,Spinal Needle - Braun,2,"7,255.00"," 14,510.00 ",0.00,"14,510.00","3,500.00","7,000.00","7,510.00",,,,,,,,
16215,03-Apr-18,Supplies and Equipment,Digital Thermometer,100,67.50," 6,750.00 ",0.00,"6,750.00",50.00,"5,000.00","1,750.00",,,,,,,,
16216,02-Apr-18,Supplies and Equipment,Jackson Pratt 100ml,10,"1,470.00"," 14,700.00 ",0.00,"14,700.00",900.00,"9,000.00","5,700.00",,,,,,,,
16217,13-Apr-18,Supplies and Equipment,Measuring Cup 210ml (Plastic),205,25.00," 5,125.00 ",0.00,"5,125.00",15.00,"3,075.00","2,050.00",,,,,,,,
16217,13-Apr-18,Supplies and Equipment,IV 3000 (Pedia),100,38.00," 3,800.00 ",0.00,"3,800.00",35.00,"3,500.00",300.00,,,,,,,,
16218,21-Apr-18,Supplies and Equipment,Yankauer,20,180.00," 3,600.00 ",0.00,"3,600.00",130.00,"2,600.00","1,000.00",,,,,,,,
16218,21-Apr-18,Supplies and Equipment,UNDERPAD,5,240.00," 1,200.00 ",0.00,"1,200.00",130.00,650.00,550.00,,,,,,,,
16218,21-Apr-18,Supplies and Equipment,"Leukoplast 4"" (10cmx5m)",4,520.00," 2,080.00 ",0.00,"2,080.00",445.00,"1,780.00",300.00,,,,,,,,
16218,21-Apr-18,Supplies and Equipment,"Leukoplast 2"" (5cmx5m)",12,300.00," 3,600.00 ",0.00,"3,600.00",290.00,"3,480.00",120.00,,,,,,,,
16219,24-Apr-18,Supplies and Equipment,METRICIDE,6,"1,500.00"," 9,000.00 ",0.00,"9,000.00","1,100.00","6,600.00","2,400.00",,,,,,,,
16219,24-Apr-18,Supplies and Equipment,Face Mask Earloop,100,59.00," 5,900.00 ",0.00,"5,900.00",45.00,"4,500.00","1,400.00",,,,,,,,
16219,24-Apr-18,Supplies and Equipment,Oxygen Cannula,200,52.50," 10,500.00 ",0.00,"10,500.00",15.00,"3,000.00","7,500.00",,,,,,,,
16219,24-Apr-18,Supplies and Equipment,Skin Stapler,5,768.00," 3,840.00 ",0.00,"3,840.00",400.00,"2,000.00","1,840.00",,,,,,,,
16219,24-Apr-18,Supplies and Equipment,Foley Cath 3way F20 / F22 / F24,15,255.00," 3,825.00 ",0.00,"3,825.00",220.00,"3,300.00",525.00,,,,,,,,
16219,24-Apr-18,Supplies and Equipment,"Micropore 1"" / 1/2""",5,418.00," 2,090.00 ",0.00,"2,090.00",380.00,"1,900.00",190.00,,,,,,,,
16220,27-Apr-18,Supplies and Equipment,UNDERPAD,5,240.00," 1,200.00 ",0.00,"1,200.00",130.00,650.00,550.00,,,,,,,,
16220,27-Apr-18,Supplies and Equipment,Measuring Cup 210ml (Plastic),250,25.00," 6,250.00 ",0.00,"6,250.00",15.00,"3,750.00","2,500.00",,,,,,,,
16221,03-May-18,Supplies and Equipment,Tegaderm Film 4x4,1,"3,750.00"," 3,750.00 ",0.00,"3,750.00",45.00,45.00,"3,705.00",,,,,,,,
16223,15-May-18,Supplies and Equipment,Yankauer,13,180.00," 2,340.00 ",0.00,"2,340.00",130.00,"1,690.00",650.00,,,,,,,,
16223,15-May-18,Supplies and Equipment,"Leukoplast 2"" (5cmx5m)",12,300.00," 3,600.00 ",0.00,"3,600.00",290.00,"3,480.00",120.00,,,,,,,,
16223,15-May-18,Supplies and Equipment,"Leukoplast 4"" (10cmx5m)",8,520.00," 4,160.00 ",0.00,"4,160.00",445.00,"3,560.00",600.00,,,,,,,,
16224,15-May-18,Supplies and Equipment,BLOOD GLUCOSE STRIP,10,"4,250.00"," 42,500.00 ",0.00,"42,500.00",850.00,"8,500.00","34,000.00",,,,,,,,
17108,28-May-18,Supplies and Equipment,BLOOD GLUCOSE STRIP,10,"4,250.00"," 42,500.00 ",0.00,"42,500.00",850.00,"8,500.00","34,000.00",,,,,,,,
17113,03-May-18,Supplies and Equipment,BLOODSET,50,85.00," 4,250.00 ",0.00,"4,250.00",65.00,"3,250.00","1,000.00",,,,,,,,
17113,03-May-18,Supplies and Equipment,Foley Cath 2way F20 / F22 / F24,10,80.00, 800.00 ,0.00,800.00,45.00,450.00,350.00,,,,,,,,
17113,03-May-18,Supplies and Equipment,MAXIMA IV CANNULA G 20,150,61.00," 9,150.00 ",0.00,"9,150.00",15.00,"2,250.00","6,900.00",,,,,,,,
17114,30-May-18,Supplies and Equipment,Blood Lancet,2,150.00, 300.00 ,0.00,300.00,150.00,300.00,0.00,,,,,,,,
17114,30-May-18,Supplies and Equipment,BLOOD GLUCOSE STRIP,9,"4,250.00"," 38,250.00 ",0.00,"38,250.00",850.00,"7,650.00","30,600.00",,,,,,,,
17159,18-Jun-18,Supplies and Equipment,Bactistat,1,"4,760.00"," 4,760.00 ",0.00,"4,760.00","2,800.00","2,800.00","1,960.00",,,,,,,,
17159,18-Jun-18,Supplies and Equipment,"Leukoplast 2"" (5cmx5m)",12,420.00," 5,040.00 ",0.00,"5,040.00",290.00,"3,480.00","1,560.00",,,,,,,,
17159,18-Jun-18,Supplies and Equipment,Yankauer,20,195.00," 3,900.00 ",0.00,"3,900.00",130.00,"2,600.00","1,300.00",,,,,,,,
17160,16-Jun-18,Supplies and Equipment,"Leukoplast 2"" (5cmx5m)",12,420.00," 5,040.00 ",0.00,"5,040.00",290.00,"3,480.00","1,560.00",,,,,,,,
17160,16-Jun-18,Supplies and Equipment,"Leukoplast 4"" (10cmx5m)",8,690.00," 5,520.00 ",0.00,"5,520.00",445.00,"3,560.00","1,960.00",,,,,,,,
17160,16-Jun-18,Supplies and Equipment,Yankauer,13,195.00," 2,535.00 ",0.00,"2,535.00",130.00,"1,690.00",845.00,,,,,,,,
17161,07-Jul-18,Supplies and Equipment,Oxygen Cannula (Adult),100,52.50," 5,250.00 ",0.00,"5,250.00",35.00,"3,500.00","1,750.00",,,,,,,,
17161,07-Jul-18,Supplies and Equipment,suction connecting tube,30,180.00," 5,400.00 ",0.00,"5,400.00",130.00,"3,900.00","1,500.00",,,,,,,,
17162,06-Jun-18,Supplies and Equipment,Jackson Pratt 100ml,4,"1,450.00"," 5,800.00 ",0.00,"5,800.00",900.00,"3,600.00","2,200.00",,,,,,,,
17162,06-Jun-18,Supplies and Equipment,All Silicone Duodenal Tube F.16,25,221.00," 5,525.00 ",0.00,"5,525.00",180.00,"4,500.00","1,025.00",,,,,,,,
17197,03-Jul-18,Supplies and Equipment,Spinal Needle - Top,40,72.55," 2,902.00 ",0.00,"2,902.00",60.00,"2,400.00",502.00,,,,,,,,
17197,03-Jul-18,Supplies and Equipment,METRICIDE,7,"1,500.00"," 10,500.00 ",0.00,"10,500.00","1,100.00","7,700.00","2,800.00",,,,,,,,
17197,03-Jul-18,Supplies and Equipment,Digital Thermometer,100,62.50," 6,250.00 ",0.00,"6,250.00",50.00,"5,000.00","1,250.00",,,,,,,,
17197,03-Jul-18,Supplies and Equipment,Oxygen Mask (Adult),50,65.00," 3,250.00 ",0.00,"3,250.00",45.00,"2,250.00","1,000.00",,,,,,,,
17197,03-Jul-18,Supplies and Equipment,Povidone (Gallon),2,780.00," 1,560.00 ",0.00,"1,560.00",600.00,"1,200.00",360.00,,,,,,,,
17197,03-Jul-18,Supplies and Equipment,Yankauer,30,180.00," 5,400.00 ",0.00,"5,400.00",130.00,"3,900.00","1,500.00",,,,,,,,
17197,03-Jul-18,Supplies and Equipment,"Micropore 1"" / 1/2""",10,418.00," 4,180.00 ",0.00,"4,180.00",380.00,"3,800.00",380.00,,,,,,,,
17631,17-Sep-18,Supplies and Equipment,Lubricating Jelly Sachet,1,780.00, 780.00 ,0.00,780.00,750.00,750.00,30.00,,,,,,,,
17631,17-Sep-18,Supplies and Equipment,"Micropore 1"" / 1/2""",5,418.00," 2,090.00 ",0.00,"2,090.00",380.00,"1,900.00",190.00,,,,,,,,
17752,14-Jun-18,Supplies and Equipment,Jackson Pratt 100ml,10,"1,450.00"," 14,500.00 ",0.00,"14,500.00",900.00,"9,000.00","5,500.00",,,,,,,,
17753,22-Jun-18,Supplies and Equipment,All Silicone Duodenal Tube F.16,15,221.00," 3,315.00 ",0.00,"3,315.00",180.00,"2,700.00",615.00,,,,,,,,
17756,21-Aug-18,Supplies and Equipment,IV Catheter G18 / G20 / G22 / G24,100,150.00," 15,000.00 ",0.00,"15,000.00",58.00,"5,800.00","9,200.00",,,,,,,,
17756,21-Aug-18,Supplies and Equipment,"Leukpoplast 1"" (2.5cmx5m)",12,360.00," 4,320.00 ",0.00,"4,320.00",180.00,"2,160.00","2,160.00",,,,,,,,
17758,30-Aug-18,Supplies and Equipment,Insulin Syringe G29x1/2cc / G29x1cc,5,725.00," 3,625.00 ",0.00,"3,625.00",750.00,"3,750.00",-125.00,,,,,,,,
17758A,01-Oct-18,Supplies and Equipment,APREZAL,3,"3,900.00"," 11,700.00 ",0.00,"11,700.00","1,650.00","4,950.00","6,750.00",,,,,,,,
17760,03-Sep-18,Supplies and Equipment,NGT Silicone,30,221.00," 6,630.00 ",0.00,"6,630.00",200.00,"6,000.00",630.00,,,,,,,,
17761,03-Sep-18,Supplies and Equipment,Skin Stapler,5,800.00," 4,000.00 ",0.00,"4,000.00",400.00,"2,000.00","2,000.00",,,,,,,,
17762,06-Sep-18,Supplies and Equipment,METRICIDE,3,"1,500.00"," 4,500.00 ",0.00,"4,500.00","1,100.00","3,300.00","1,200.00",,,,,,,,
17762,06-Sep-18,Supplies and Equipment,Oxygen Cannula,13,52.50, 682.50 ,0.00,682.50,15.00,195.00,487.50,,,,,,,,
17762,06-Sep-18,Supplies and Equipment,Oxygen Cannula (Adult),37,70.00," 2,590.00 ",0.00,"2,590.00",35.00,"1,295.00","1,295.00",,,,,,,,
17762,06-Sep-18,Supplies and Equipment,Stool Cup,200,7.50," 1,500.00 ",0.00,"1,500.00",5.00,"1,000.00",500.00,,,,,,,,
17766A,17-Sep-18,Supplies and Equipment,All Silicone Duodenal Tube F.16,25,221.00," 5,525.00 ",0.00,"5,525.00",180.00,"4,500.00","1,025.00",,,,,,,,
17766A,17-Sep-18,Supplies and Equipment,Jackson Pratt 100ml,15,"1,450.00"," 21,750.00 ",0.00,"21,750.00",900.00,"13,500.00","8,250.00",,,,,,,,
17768A,03-Oct-18,Supplies and Equipment,Gauze Roll 28x24,5,"1,350.00"," 6,750.00 ",0.00,"6,750.00",900.00,"4,500.00","2,250.00",,,,,,,,
17768A,03-Oct-18,Supplies and Equipment,Digital Thermometer,100,62.50," 6,250.00 ",0.00,"6,250.00",50.00,"5,000.00","1,250.00",,,,,,,,
17768A,03-Oct-18,Supplies and Equipment,Sterilium,1,"2,200.00"," 2,200.00 ",0.00,"2,200.00","1,200.00","1,200.00","1,000.00",,,,,,,,
17768A,03-Oct-18,Supplies and Equipment,Stool Cup,300,7.50," 2,250.00 ",0.00,"2,250.00",5.00,"1,500.00",750.00,,,,,,,,
17768A,03-Oct-18,Supplies and Equipment,suction connecting tube,20,180.00," 3,600.00 ",0.00,"3,600.00",130.00,"2,600.00","1,000.00",,,,,,,,
17768A,03-Oct-18,Supplies and Equipment,Urine Collector (pedia),1,600.00, 600.00 ,0.00,600.00,350.00,350.00,250.00,,,,,,,,
17768A,03-Oct-18,Supplies and Equipment,Oxygen Cannula (Adult),100,70.00," 7,000.00 ",0.00,"7,000.00",35.00,"3,500.00","3,500.00",,,,,,,,
17768A,03-Oct-18,Supplies and Equipment,METRICIDE,5,"1,500.00"," 7,500.00 ",0.00,"7,500.00","1,100.00","5,500.00","2,000.00",,,,,,,,
17770A,09-Oct-18,Supplies and Equipment,Suction bottle,1,"19,500.00"," 19,500.00 ",0.00,"19,500.00","13,000.00","13,000.00","6,500.00",,,,,,,,
17770A,09-Oct-18,Supplies and Equipment,thermal paper,1,"2,950.00"," 2,950.00 ",0.00,"2,950.00","1,900.00","1,900.00","1,050.00",,,,,,,,
17773A,27-Oct-18,Supplies and Equipment,APREZAL,3,"3,900.00"," 11,700.00 ",0.00,"11,700.00","1,650.00","4,950.00","6,750.00",,,,,,,,
17775A,30-Oct-18,Supplies and Equipment,NGT Silicone,30,221.00," 6,630.00 ",0.00,"6,630.00",200.00,"6,000.00",630.00,,,,,,,,
17775A,30-Oct-18,Supplies and Equipment,Jackson Pratt 100ml,5,"1,450.00"," 7,250.00 ",0.00,"7,250.00",900.00,"4,500.00","2,750.00",,,,,,,,
17776A / SI1936 / SI1937,30-Oct-18,Supplies and Equipment,OXYGEN MASK WITH TUBING,27,115.00," 3,105.00 ",0.00,"3,105.00",200.00,"5,400.00","-2,295.00",,,,,,,,
17776A / SI1936 / SI1937,30-Oct-18,Supplies and Equipment,Oxygen Cannula (Infant),0.5,"6,000.00"," 3,000.00 ",0.00,"3,000.00",150.00,75.00,"2,925.00",,,,,,,,
17776A / SI1936 / SI1937,30-Oct-18,Supplies and Equipment,THORACOTOMY F28,1,593.00, 593.00 ,0.00,593.00,400.00,400.00,193.00,,,,,,,,
17776A / SI1936 / SI1937,30-Oct-18,Supplies and Equipment,THORACOTOMY F28,1,384.00, 384.00 ,0.00,384.00,400.00,400.00,-16.00,,,,,,,,
17776A / SI1936 / SI1937,30-Oct-18,Supplies and Equipment,"Armsling (S,M,L)",5,151.20, 756.00 ,0.00,756.00,40.00,200.00,556.00,,,,,,,,
17776A / SI1936 / SI1937,30-Oct-18,Supplies and Equipment,"Armsling (S,M,L)",5,151.20, 756.00 ,0.00,756.00,40.00,200.00,556.00,,,,,,,,
17776A / SI1936 / SI1937,30-Oct-18,Supplies and Equipment,SANITEX,20,170.00," 3,400.00 ",0.00,"3,400.00",75.00,"1,500.00","1,900.00",,,,,,,,
17776A / SI1936 / SI1937,30-Oct-18,Supplies and Equipment,Introcan Safety G 24,3,"3,950.00"," 11,850.00 ",0.00,"11,850.00","2,750.00","8,250.00","3,600.00",,,,,,,,
17776A / SI1936 / SI1937,30-Oct-18,Supplies and Equipment,"Micropore 1"" / 1/2""",7,570.00," 3,990.00 ",0.00,"3,990.00",380.00,"2,660.00","1,330.00",,,,,,,,
17776A / SI1936 / SI1937,30-Oct-18,Supplies and Equipment,Oxygen Cannula (Adult),100,70.00," 7,000.00 ",0.00,"7,000.00",35.00,"3,500.00","3,500.00",,,,,,,,
17776A / SI1936 / SI1937,30-Oct-18,Supplies and Equipment,"Transpore 1/2"" / 1""",10,"1,100.00"," 11,000.00 ",0.00,"11,000.00",700.00,"7,000.00","4,000.00",,,,,,,,
17776A / SI1936 / SI1937,30-Oct-18,Supplies and Equipment,Lubricating Jelly Sachet,2,780.00," 1,560.00 ",0.00,"1,560.00",750.00,"1,500.00",60.00,,,,,,,,
17776A / SI1936 / SI1937,30-Oct-18,Supplies and Equipment,Digital Thermometer,100,62.50," 6,250.00 ",0.00,"6,250.00",50.00,"5,000.00","1,250.00",,,,,,,,
17778 / SI1944,30-Oct-18,Supplies and Equipment,suction connecting tube,30,180.00," 5,400.00 ",0.00,"5,400.00",130.00,"3,900.00","1,500.00",,,,,,,,
17778 / SI1944,30-Oct-18,Supplies and Equipment,Cotton 400g,10,165.00," 1,650.00 ",0.00,"1,650.00",150.00,"1,500.00",150.00,,,,,,,,
17779A,30-Oct-18,Supplies and Equipment,thermal paper,1,"4,200.00"," 4,200.00 ",0.00,"4,200.00","1,900.00","1,900.00","2,300.00",,,,,,,,
17967,09-Jul-18,Supplies and Equipment,OXYGEN MASK WITH TUBING,5,115.00, 575.00 ,0.00,575.00,200.00,"1,000.00",-425.00,,,,,,,,
17967,09-Jul-18,Supplies and Equipment,Formalin (Gallon),2,"1,950.00"," 3,900.00 ",0.00,"3,900.00","1,100.00","2,200.00","1,700.00",,,,,,,,
17977,10-Jul-18,Supplies and Equipment,Spinal Needle - Top,40,72.55," 2,902.00 ",0.00,"2,902.00",60.00,"2,400.00",502.00,,,,,,,,
17994,20-Jul-18,Supplies and Equipment,All Silicone Duodenal Tube F.16,20,221.00," 4,420.00 ",0.00,"4,420.00",180.00,"3,600.00",820.00,,,,,,,,
17994,20-Jul-18,Supplies and Equipment,Jackson Pratt 100ml,15,"1,470.00"," 22,050.00 ",0.00,"22,050.00",900.00,"13,500.00","8,550.00",,,,,,,,
18051,21-Jul-18,Supplies and Equipment,All Silicone Duodenal Tube F.16,10,221.00," 2,210.00 ",0.00,"2,210.00",180.00,"1,800.00",410.00,,,,,,,,
18052,23-Jul-18,Supplies and Equipment,Gauze Roll 28x24,7,"1,350.00"," 9,450.00 ",0.00,"9,450.00",900.00,"6,300.00","3,150.00",,,,,,,,
18053,23-Jul-18,Supplies and Equipment,LACTATED RINGERS SOLUTION,24,50.00," 1,200.00 ",0.00,"1,200.00",45.00,"1,080.00",120.00,,,,,,,,
18056,23-Jul-18,Supplies and Equipment,"Micropore 1"" / 1/2""",5,418.00," 2,090.00 ",0.00,"2,090.00",380.00,"1,900.00",190.00,,,,,,,,
18056,23-Jul-18,Supplies and Equipment,Tegaderm Film 4x4,50,75.00," 3,750.00 ",0.00,"3,750.00",45.00,"2,250.00","1,500.00",,,,,,,,
14772,10-Mar-18,Hospital,EVAPROST 125mcg/ml,1,"3,240.00"," 3,240.00 ",0.00,"3,240.00","1,872.00","1,872.00","1,368.00",,,,,,,,
14775,11-Apr-18,Hospital,EVAPROST 125mcg/ml,4,"4,800.00"," 19,200.00 ",0.00,"19,200.00","1,872.00","7,488.00","11,712.00",,,,,,,,
14776,11-May-18,Hospital,ANTIZOAL 5mg/ml,100,120.00," 12,000.00 ",0.00,"12,000.00",22.00,"2,200.00","9,800.00",,,,,,,,
16238,13-Nov-18,Hospital,PROFUREX 750mg ,1000,377.44," 377,440.00 ",0.00,"377,440.00",208.00,"208,000.00","169,440.00",,,,,,,,
16239 / SI2039,13-Nov-18,Hospital,PHYTOMEN 10mg/ml,20,900.00," 18,000.00 ",0.00,"18,000.00",270.00,"5,400.00","12,600.00",,,,,,,,
16246,19-Nov-18,Hospital,ZEFXON 40mg,300,533.40," 160,020.00 ",0.00,"160,020.00",293.00,"87,900.00","72,120.00",,,,,,,,
16246,19-Nov-18,Hospital,ANTIZOAL 5mg/ml,500,120.00," 60,000.00 ",0.00,"60,000.00",22.00,"11,000.00","49,000.00",,,,,,,,
16246,19-Nov-18,Hospital,EUROXONE 1g,200,380.00," 76,000.00 ",0.00,"76,000.00",73.00,"14,600.00","61,400.00",,,,,,,,
16246,19-Nov-18,Hospital,SODAMPEN 1g IM/IV,500,128.00," 64,000.00 ",0.00,"64,000.00",40.00,"20,000.00","44,000.00",,,,,,,,
16246,19-Nov-18,Hospital,MAXIFER 20mg/ml,120,"2,450.00"," 294,000.00 ",0.00,"294,000.00",818.00,"98,160.00","195,840.00",,,,,,,,
16259,01-Mar-18,Hospital,Hyclens 0.2% Wound Spray,175,280.00," 49,000.00 ",0.00,"49,000.00",115.00,"20,125.00","28,875.00",,,,,,,,
16259,01-Mar-18,Hospital,Hyclens 0.2% Wound Spray,225,280.00," 63,000.00 ",0.00,"63,000.00",115.00,"25,875.00","37,125.00",,,,,,,,
16277,06-Mar-18,Hospital,SODAMPEN 1g IM/IV,300,128.00," 38,400.00 ",0.00,"38,400.00",40.00,"12,000.00","26,400.00",,,,,,,,
16277,06-Mar-18,Hospital,MAXIFER 20mg/ml,60,"2,450.00"," 147,000.00 ",0.00,"147,000.00",818.00,"49,080.00","97,920.00",,,,,,,,
16458,14-Mar-18,Hospital,EVAPROST 125mcg/ml,3,"3,960.00"," 11,880.00 ",0.00,"11,880.00","1,872.00","5,616.00","6,264.00",,,,,,,,
16459,14-Mar-18,Hospital,CEPROTRON 500mg,2,"1,750.00"," 3,500.00 ",0.00,"3,500.00",415.00,830.00,"2,670.00",,,,,,,,
16459,14-Mar-18,Hospital,CEFZIME 750mg,8,"3,000.00"," 24,000.00 ",0.00,"24,000.00",750.00,"6,000.00","18,000.00",,,,,,,,
16459,14-Mar-18,Hospital,ATOVAS 20mg,1,750.00, 750.00 ,0.00,750.00,202.00,202.00,548.00,,,,,,,,
16459,14-Mar-18,Hospital,AZECLO 100mg,2,"1,900.00"," 3,800.00 ",0.00,"3,800.00",595.00,"1,190.00","2,610.00",,,,,,,,
16459,14-Mar-18,Hospital,CALIBRAL 500mg,1,700.00, 700.00 ,0.00,700.00,235.00,235.00,465.00,,,,,,,,
16459,14-Mar-18,Hospital,HEMOTRAN 500mg,1,"1,950.00"," 1,950.00 ",0.00,"1,950.00",685.00,685.00,"1,265.00",,,,,,,,
16459,14-Mar-18,Hospital,MAXIFER 20mg/ml,2,"2,450.00"," 4,900.00 ",0.00,"4,900.00",818.00,"1,636.00","3,264.00",,,,,,,,
16459,14-Mar-18,Hospital,UNIDOL 500mg/ml,1,"6,000.00"," 6,000.00 ",0.00,"6,000.00","1,250.00","1,250.00","4,750.00",,,,,,,,
16459,14-Mar-18,Hospital,SODAMPEN 1g IM/IV,70,128.00," 8,960.00 ",0.00,"8,960.00",40.00,"2,800.00","6,160.00",,,,,,,,
16459,14-Mar-18,Hospital,NERVAMIN PLUS 500mg/50mg/100mg/100mcg,4,"1,550.00"," 6,200.00 ",0.00,"6,200.00",488.00,"1,952.00","4,248.00",,,,,,,,
16461,15-Mar-18,Hospital,MAXIFER 20mg/ml,60,"2,450.00"," 147,000.00 ",0.00,"147,000.00",818.00,"49,080.00","97,920.00",,,,,,,,
16461,15-Mar-18,Hospital,ANTIZOAL 5mg/ml,300,120.00," 36,000.00 ",0.00,"36,000.00",22.00,"6,600.00","29,400.00",,,,,,,,
16462,15-Mar-18,Hospital,EVAPROST 125mcg/ml,30,"4,800.00"," 144,000.00 ",0.00,"144,000.00","1,872.00","56,160.00","87,840.00",,,,,,,,
16462,15-Mar-18,Hospital,MONOWEL 1g,100,834.12," 83,412.00 ",0.00,"83,412.00",459.00,"45,900.00","37,512.00",,,,,,,,
16496,03-Apr-18,Hospital,EVAPROST 125mcg/ml,1,"3,960.00"," 3,960.00 ",0.00,"3,960.00","1,872.00","1,872.00","2,088.00",,,,,,,,
16496,03-Apr-18,Hospital,UNIDOL 500mg/ml,1,"6,000.00"," 6,000.00 ",0.00,"6,000.00","1,250.00","1,250.00","4,750.00",,,,,,,,
16496,03-Apr-18,Hospital,NERVAMIN PLUS 500mg/50mg/100mg/100mcg,3,"1,550.00"," 4,650.00 ",0.00,"4,650.00",488.00,"1,464.00","3,186.00",,,,,,,,
16496,03-Apr-18,Hospital,MAXIFER 20mg/ml,2,"2,450.00"," 4,900.00 ",0.00,"4,900.00",818.00,"1,636.00","3,264.00",,,,,,,,
16496,03-Apr-18,Hospital,LACTAMOX 500mg/125mg,1,"2,800.00"," 2,800.00 ",0.00,"2,800.00","1,174.00","1,174.00","1,626.00",,,,,,,,
16499,03-Apr-18,Hospital,ANTIZOAL 5mg/ml,100,120.00," 12,000.00 ",0.00,"12,000.00",22.00,"2,200.00","9,800.00",,,,,,,,
16708,12-Apr-18,Hospital,Hyclens 0.2% Wound Spray,2016,280.00," 564,480.00 ",0.00,"564,480.00",115.00,"231,840.00","332,640.00",,,,,,,,
16711,16-Apr-18,Hospital,SPASBACINE,200,750.00," 150,000.00 ",0.00,"150,000.00",250.00,"50,000.00","100,000.00",,,,,,,,
16712,16-Apr-18,Hospital,CLAVIC 500mg/125mg,1,"2,800.00"," 2,800.00 ",0.00,"2,800.00","1,174.00","1,174.00","1,626.00",,,,,,,,
16719,18-Apr-18,Hospital,CLAVIC 500mg/125mg,4,"2,800.00"," 11,200.00 ",0.00,"11,200.00","1,174.00","4,696.00","6,504.00",,,,,,,,
16723,24-Apr-18,Hospital,CEFUREX,20,"2,324.00"," 46,480.00 ",0.00,"46,480.00","1,278.20","25,564.00","20,916.00",,,,,,,,
16727,25-Apr-18,Hospital,EVAPROST 125mcg/ml,2,"3,960.00"," 7,920.00 ",0.00,"7,920.00","1,872.00","3,744.00","4,176.00",,,,,,,,
16727,25-Apr-18,Hospital,NERVAMIN PLUS 500mg/50mg/100mg/100mcg,4,"1,550.00"," 6,200.00 ",0.00,"6,200.00",488.00,"1,952.00","4,248.00",,,,,,,,
16727,25-Apr-18,Hospital,SODAMPEN 1g IM/IV,15,128.00," 1,920.00 ",0.00,"1,920.00",40.00,600.00,"1,320.00",,,,,,,,
16727,25-Apr-18,Hospital,UNIDOL 500mg/ml,1,"6,000.00"," 6,000.00 ",0.00,"6,000.00","1,250.00","1,250.00","4,750.00",,,,,,,,
16727,25-Apr-18,Hospital,MAXIFER 20mg/ml,1,"2,450.00"," 2,450.00 ",0.00,"2,450.00",818.00,818.00,"1,632.00",,,,,,,,
16727,25-Apr-18,Hospital,ATOVAS 20mg,1,750.00, 750.00 ,0.00,750.00,202.00,202.00,548.00,,,,,,,,
16727,25-Apr-18,Hospital,BUPIRIGHT 5mg/ml,4,"3,100.00"," 12,400.00 ",0.00,"12,400.00",825.00,"3,300.00","9,100.00",,,,,,,,
16727,25-Apr-18,Hospital,AZECLO 100mg,1,"1,900.00"," 1,900.00 ",0.00,"1,900.00",595.00,595.00,"1,305.00",,,,,,,,
16727,25-Apr-18,Hospital,CALIBRAL 500mg,2,700.00," 1,400.00 ",0.00,"1,400.00",235.00,470.00,930.00,,,,,,,,
16727,25-Apr-18,Hospital,CLAVIC 500mg/125mg,3,"2,800.00"," 8,400.00 ",0.00,"8,400.00","1,174.00","3,522.00","4,878.00",,,,,,,,
16728,26-Apr-18,Hospital,EVAPROST 125mcg/ml,30,"4,800.00"," 144,000.00 ",0.00,"144,000.00","1,872.00","56,160.00","87,840.00",,,,,,,,
16728,26-Apr-18,Hospital,MAXIFER 20mg/ml,40,"2,450.00"," 98,000.00 ",0.00,"98,000.00",818.00,"32,720.00","65,280.00",,,,,,,,
16729,26-Apr-18,Hospital,EUROXONE 1g,200,380.00," 76,000.00 ",0.00,"76,000.00",73.00,"14,600.00","61,400.00",,,,,,,,
16729,26-Apr-18,Hospital,SODAMPEN 1g IM/IV,200,128.00," 25,600.00 ",0.00,"25,600.00",40.00,"8,000.00","17,600.00",,,,,,,,
16729,26-Apr-18,Hospital,BACTIV 625mg,66.66666,529.20," 35,280.00 ",0.00,"35,280.00",291.00,"19,400.00","15,880.00",,,,,,,,
16729,26-Apr-18,Hospital,PROFUREX 750mg ,500,377.44," 188,720.00 ",0.00,"188,720.00",208.00,"104,000.00","84,720.00",,,,,,,,
16729,26-Apr-18,Hospital,ZEFXON 40mg,200,533.40," 106,680.00 ",0.00,"106,680.00",293.00,"58,600.00","48,080.00",,,,,,,,
16746,04-May-18,Hospital,SODAMPEN 1g IM/IV,300,128.00," 38,400.00 ",0.00,"38,400.00",40.00,"12,000.00","26,400.00",,,,,,,,
16749,04-May-18,Hospital,MAXIFER 20mg/ml,2,"2,450.00"," 4,900.00 ",0.00,"4,900.00",818.00,"1,636.00","3,264.00",,,,,,,,
16749,04-May-18,Hospital,NERVAMIN PLUS 500mg/50mg/100mg/100mcg,7,"1,550.00"," 10,850.00 ",0.00,"10,850.00",488.00,"3,416.00","7,434.00",,,,,,,,
16749,04-May-18,Hospital,EUROXONE 1g,50,460.00," 23,000.00 ",0.00,"23,000.00",73.00,"3,650.00","19,350.00",,,,,,,,
16749,04-May-18,Hospital,ERGON 125mcg,3,"2,000.00"," 6,000.00 ",0.00,"6,000.00",128.00,384.00,"5,616.00",,,,,,,,
16749,04-May-18,Hospital,CEPROTRON 500mg,2,"1,750.00"," 3,500.00 ",0.00,"3,500.00",415.00,830.00,"2,670.00",,,,,,,,
16749,04-May-18,Hospital,CEFZIME 750mg,5,"3,000.00"," 15,000.00 ",0.00,"15,000.00",750.00,"3,750.00","11,250.00",,,,,,,,
16749,04-May-18,Hospital,EVAPROST 125mcg/ml,2,"3,960.00"," 7,920.00 ",0.00,"7,920.00","1,872.00","3,744.00","4,176.00",,,,,,,,
16749,04-May-18,Hospital,CALIBRAL 500mg,1,780.00, 780.00 ,0.00,780.00,235.00,235.00,545.00,,,,,,,,
16749,04-May-18,Hospital,ATOVAS 20mg,1,750.00, 750.00 ,0.00,750.00,202.00,202.00,548.00,,,,,,,,
16749,04-May-18,Hospital,APROCARE 150mg,1,870.00, 870.00 ,0.00,870.00,219.00,219.00,651.00,,,,,,,,
16750,04-May-18,Hospital,CLAVIC 500mg/125mg,3,"2,800.00"," 8,400.00 ",0.00,"8,400.00","1,174.00","3,522.00","4,878.00",,,,,,,,
16750,04-May-18,Hospital,UNIDOL 500mg/ml,2,"6,000.00"," 12,000.00 ",0.00,"12,000.00","1,250.00","2,500.00","9,500.00",,,,,,,,
16750,04-May-18,Hospital,AGLOTAC 25mg/ml (50mg/2ml),5,800.00," 4,000.00 ",0.00,"4,000.00",480.00,"2,400.00","1,600.00",,,,,,,,
16961,08-May-18,Hospital,Hyclens 0.2% Wound Spray,144,280.00," 40,320.00 ",0.00,"40,320.00",115.00,"16,560.00","23,760.00",,,,,,,,
16968,11-May-18,Hospital,ERGON 125mcg,10,"2,000.00"," 20,000.00 ",0.00,"20,000.00",128.00,"1,280.00","18,720.00",,,,,,,,
16968,11-May-18,Hospital,MAXIFER 20mg/ml,60,"2,450.00"," 147,000.00 ",0.00,"147,000.00",818.00,"49,080.00","97,920.00",,,,,,,,
16969,11-May-18,Hospital,SODAMPEN 1g IM/IV,500,128.00," 64,000.00 ",0.00,"64,000.00",40.00,"20,000.00","44,000.00",,,,,,,,
16978,17-May-18,Hospital,XYNETIN 1500mg/200iu,10,"1,057.00"," 10,570.00 ","3,171.00","7,399.00",310.00,"3,100.00","4,299.00",,,,,,,,
16979,17-May-18,Hospital,Hyclens 0.2% Wound Spray,432,280.00," 120,960.00 ",0.00,"120,960.00",115.00,"49,680.00","71,280.00",,,,,,,,
16980,17-May-18,Hospital,ANTIZOAL 5mg/ml,30,70.00," 2,100.00 ",0.00,"2,100.00",26.00,780.00,"1,320.00",,,,,,,,
16986,19-May-18,Hospital,CEPROTRON 500mg,2,"1,750.00"," 3,500.00 ",0.00,"3,500.00",415.00,830.00,"2,670.00",,,,,,,,
16986,19-May-18,Hospital,SODAMPEN 1g IM/IV,50,128.00," 6,400.00 ",0.00,"6,400.00",40.00,"2,000.00","4,400.00",,,,,,,,
16986,19-May-18,Hospital,CALIBRAL 500mg,1,780.00, 780.00 ,0.00,780.00,235.00,235.00,545.00,,,,,,,,
16986,19-May-18,Hospital,CLAVIC 500mg/125mg,4,"2,800.00"," 11,200.00 ",0.00,"11,200.00","1,174.00","4,696.00","6,504.00",,,,,,,,
16986,19-May-18,Hospital,EUROXONE 1g,50,460.00," 23,000.00 ",0.00,"23,000.00",73.00,"3,650.00","19,350.00",,,,,,,,
16986,19-May-18,Hospital,AZECLO 100mg,1,"1,900.00"," 1,900.00 ",0.00,"1,900.00",595.00,595.00,"1,305.00",,,,,,,,
16986,19-May-18,Hospital,ATOVAS 20mg,1,750.00, 750.00 ,0.00,750.00,202.00,202.00,548.00,,,,,,,,
16986,19-May-18,Hospital,NERVAPLEX 500mg,2,"1,550.00"," 3,100.00 ",0.00,"3,100.00",458.00,916.00,"2,184.00",,,,,,,,
16986,19-May-18,Hospital,UNIDOL 500mg/ml,1,"6,000.00"," 6,000.00 ",0.00,"6,000.00","1,250.00","1,250.00","4,750.00",,,,,,,,
16986,19-May-18,Hospital,NERVAMIN PLUS 500mg/50mg/100mg/100mcg,1,"1,550.00"," 1,550.00 ",0.00,"1,550.00",488.00,488.00,"1,062.00",,,,,,,,
16990,22-May-18,Hospital,CEFZIME 750mg,3,"3,000.00"," 9,000.00 ",0.00,"9,000.00",750.00,"2,250.00","6,750.00",,,,,,,,
16993,24-May-18,Hospital,PROFUREX 750mg ,500,377.44," 188,720.00 ",0.00,"188,720.00",208.00,"104,000.00","84,720.00",,,,,,,,
17151,30-May-18,Hospital,AZECLO 100mg,1,"1,900.00"," 1,900.00 ",0.00,"1,900.00",595.00,595.00,"1,305.00",,,,,,,,
17151,30-May-18,Hospital,MAXIFER 20mg/ml,3,"2,450.00"," 7,350.00 ",0.00,"7,350.00",818.00,"2,454.00","4,896.00",,,,,,,,
17151,30-May-18,Hospital,APROCARE 150mg,2,870.00," 1,740.00 ",0.00,"1,740.00",219.00,438.00,"1,302.00",,,,,,,,
17151,30-May-18,Hospital,NERVAMIN PLUS 500mg/50mg/100mg/100mcg,4,"1,550.00"," 6,200.00 ",0.00,"6,200.00",488.00,"1,952.00","4,248.00",,,,,,,,
17151,30-May-18,Hospital,CALIBRAL 500mg,2,780.00," 1,560.00 ",0.00,"1,560.00",235.00,470.00,"1,090.00",,,,,,,,
17151,30-May-18,Hospital,CEFZIME 750mg,5,"3,000.00"," 15,000.00 ",0.00,"15,000.00",750.00,"3,750.00","11,250.00",,,,,,,,
17151,30-May-18,Hospital,CEPROTRON 500mg,2,"1,750.00"," 3,500.00 ",0.00,"3,500.00",415.00,830.00,"2,670.00",,,,,,,,
17151,30-May-18,Hospital,ERGON 125mcg,2,"2,000.00"," 4,000.00 ",0.00,"4,000.00",128.00,256.00,"3,744.00",,,,,,,,
17151,30-May-18,Hospital,EVAPROST 125mcg/ml,2,"3,960.00"," 7,920.00 ",0.00,"7,920.00","1,872.00","3,744.00","4,176.00",,,,,,,,
17151,30-May-18,Hospital,EUROXONE 1g,40,460.00," 18,400.00 ",0.00,"18,400.00",73.00,"2,920.00","15,480.00",,,,,,,,
17151,30-May-18,Hospital,CLAVIC 500mg/125mg,3,"2,800.00"," 8,400.00 ",0.00,"8,400.00","1,174.00","3,522.00","4,878.00",,,,,,,,
17151,30-May-18,Hospital,ANTIZOAL 5mg/ml,30,70.00," 2,100.00 ",0.00,"2,100.00",22.00,660.00,"1,440.00",,,,,,,,
17152,30-May-18,Hospital,AGLOTAC 25mg/ml (50mg/2ml),5,800.00," 4,000.00 ",0.00,"4,000.00",480.00,"2,400.00","1,600.00",,,,,,,,
17152,30-May-18,Hospital,BUPIRIGHT 5mg/ml,5,"3,100.00"," 15,500.00 ",0.00,"15,500.00",825.00,"4,125.00","11,375.00",,,,,,,,
17152,30-May-18,Hospital,ATOVAS 20mg,1,750.00, 750.00 ,0.00,750.00,202.00,202.00,548.00,,,,,,,,
17153,31-May-18,Hospital,EVAPROST 125mcg/ml,20,"4,800.00"," 96,000.00 ",0.00,"96,000.00","1,872.00","37,440.00","58,560.00",,,,,,,,
17153,31-May-18,Hospital,SODAMPEN 1g IM/IV,300,128.00," 38,400.00 ",0.00,"38,400.00",40.00,"12,000.00","26,400.00",,,,,,,,
17153,31-May-18,Hospital,ZEFXON 40mg,200,533.40," 106,680.00 ",0.00,"106,680.00",293.00,"58,600.00","48,080.00",,,,,,,,
17153,31-May-18,Hospital,MAXIFER 20mg/ml,60,"2,450.00"," 147,000.00 ",0.00,"147,000.00",818.00,"49,080.00","97,920.00",,,,,,,,
17156,04-Jun-18,Hospital,Hyclens 0.2% Wound Spray,720,280.00," 201,600.00 ",0.00,"201,600.00",115.00,"82,800.00","118,800.00",,,,,,,,
17163,07-Jun-18,Hospital,EVAPROST 125mcg/ml,4,"4,800.00"," 19,200.00 ",0.00,"19,200.00","1,872.00","7,488.00","11,712.00",,,,,,,,
17164,08-Jun-18,Hospital,ERGON 125mcg,20,"2,000.00"," 40,000.00 ",0.00,"40,000.00",128.00,"2,560.00","37,440.00",,,,,,,,
17164,08-Jun-18,Hospital,SPASBACINE,100,750.00," 75,000.00 ",0.00,"75,000.00",250.00,"25,000.00","50,000.00",,,,,,,,
17165,09-Jun-18,Hospital,CLAVIC 500mg/125mg,3,"2,800.00"," 8,400.00 ",0.00,"8,400.00","1,174.00","3,522.00","4,878.00",,,,,,,,
17165,09-Jun-18,Hospital,NERVAMIN PLUS 500mg/50mg/100mg/100mcg,2,"1,550.00"," 3,100.00 ",0.00,"3,100.00",488.00,976.00,"2,124.00",,,,,,,,
17165,09-Jun-18,Hospital,CEPROTRON 500mg,6,"1,750.00"," 10,500.00 ",0.00,"10,500.00",415.00,"2,490.00","8,010.00",,,,,,,,
17165,09-Jun-18,Hospital,NERVAPLEX 500mg,5,"1,550.00"," 7,750.00 ",0.00,"7,750.00",458.00,"2,290.00","5,460.00",,,,,,,,
17166,13-Jun-18,Hospital,Hyclens 0.2% Wound Spray,1008,280.00," 282,240.00 ",0.00,"282,240.00",115.00,"115,920.00","166,320.00",,,,,,,,
17169,14-Jun-18,Hospital,CEFUREX,30,"2,324.00"," 69,720.00 ",0.00,"69,720.00","1,278.20","38,346.00","31,374.00",,,,,,,,
17171,14-Jun-18,Hospital,BUPIRIGHT 5mg/ml,6,"3,100.00"," 18,600.00 ",0.00,"18,600.00",825.00,"4,950.00","13,650.00",,,,,,,,
17171,14-Jun-18,Hospital,LACTAMOX 500mg/125mg,2,"2,800.00"," 5,600.00 ",0.00,"5,600.00","1,174.00","2,348.00","3,252.00",,,,,,,,
17171,14-Jun-18,Hospital,NERVAMIN PLUS 500mg/50mg/100mg/100mcg,3,"1,550.00"," 4,650.00 ",0.00,"4,650.00",488.00,"1,464.00","3,186.00",,,,,,,,
17171,14-Jun-18,Hospital,CEPROTRON 500mg,3,"1,750.00"," 5,250.00 ",0.00,"5,250.00",415.00,"1,245.00","4,005.00",,,,,,,,
17171,14-Jun-18,Hospital,CALIBRAL 500mg,1,780.00, 780.00 ,0.00,780.00,235.00,235.00,545.00,,,,,,,,
17171,14-Jun-18,Hospital,ANTIZOAL 5mg/ml,20,70.00," 1,400.00 ",0.00,"1,400.00",26.00,520.00,880.00,,,,,,,,
17186,22-Jun-18,Hospital,ANTIZOAL 5mg/ml,100,120.00," 12,000.00 ",0.00,"12,000.00",26.00,"2,600.00","9,400.00",,,,,,,,
17188,22-Jun-18,Hospital,EUROXONE 1g,30,460.00," 13,800.00 ",0.00,"13,800.00",73.00,"2,190.00","11,610.00",,,,,,,,
17188,22-Jun-18,Hospital,CLAVIC 500mg/125mg,2,"2,800.00"," 5,600.00 ",0.00,"5,600.00","1,174.00","2,348.00","3,252.00",,,,,,,,
17188,22-Jun-18,Hospital,NERVAMIN PLUS 500mg/50mg/100mg/100mcg,4,"1,550.00"," 6,200.00 ",0.00,"6,200.00",488.00,"1,952.00","4,248.00",,,,,,,,
17188,22-Jun-18,Hospital,SODAMPEN 1g IM/IV,50,128.00," 6,400.00 ",0.00,"6,400.00",40.00,"2,000.00","4,400.00",,,,,,,,
17188,22-Jun-18,Hospital,UNIDOL 500mg/ml,1,"6,000.00"," 6,000.00 ",0.00,"6,000.00","1,250.00","1,250.00","4,750.00",,,,,,,,
17188,22-Jun-18,Hospital,EVAPROST 125mcg/ml,2,"3,960.00"," 7,920.00 ",0.00,"7,920.00","1,872.00","3,744.00","4,176.00",,,,,,,,
17188,22-Jun-18,Hospital,BUPIRIGHT 5mg/ml,6,"3,100.00"," 18,600.00 ",0.00,"18,600.00",825.00,"4,950.00","13,650.00",,,,,,,,
17188,22-Jun-18,Hospital,CEPROTRON 500mg,3,"1,750.00"," 5,250.00 ",0.00,"5,250.00",415.00,"1,245.00","4,005.00",,,,,,,,
17188,22-Jun-18,Hospital,APROCARE 150mg,1,750.00, 750.00 ,0.00,750.00,219.00,219.00,531.00,,,,,,,,
17188,22-Jun-18,Hospital,ERGON 125mcg,2,"2,000.00"," 4,000.00 ",0.00,"4,000.00",128.00,256.00,"3,744.00",,,,,,,,
17189,25-Jun-18,Hospital,AMSUTAS 500mg/250mg,200,280.00," 56,000.00 ",0.00,"56,000.00",55.00,"11,000.00","45,000.00",,,,,,,,
17191,25-Jun-18,Hospital,ERGON 125mcg,20,"2,000.00"," 40,000.00 ",0.00,"40,000.00",128.00,"2,560.00","37,440.00",,,,,,,,
17191,25-Jun-18,Hospital,MONOWEL 1g,300,834.12," 250,236.00 ",0.00,"250,236.00",459.00,"137,700.00","112,536.00",,,,,,,,
17191,25-Jun-18,Hospital,ANTIZOAL 5mg/ml,300,120.00," 36,000.00 ",0.00,"36,000.00",22.00,"6,600.00","29,400.00",,,,,,,,
17191,25-Jun-18,Hospital,EUROXONE 1g,200,380.00," 76,000.00 ",0.00,"76,000.00",73.00,"14,600.00","61,400.00",,,,,,,,
17192,25-Jun-18,Hospital,SODAMPEN 1g IM/IV,500,128.00," 64,000.00 ",0.00,"64,000.00",40.00,"20,000.00","44,000.00",,,,,,,,
17192,25-Jun-18,Hospital,EVAPROST 125mcg/ml,30,"4,800.00"," 144,000.00 ",0.00,"144,000.00","1,872.00","56,160.00","87,840.00",,,,,,,,
17192,25-Jun-18,Hospital,MAXIFER 20mg/ml,19,"2,450.00"," 46,550.00 ",0.00,"46,550.00",818.00,"15,542.00","31,008.00",,,,,,,,
17200,02-Jul-18,Hospital,MAXIFER 20mg/ml,41,"2,450.00"," 100,450.00 ",0.00,"100,450.00",818.00,"33,538.00","66,912.00",,,,,,,,
17200,02-Jul-18,Hospital,ZEFXON 40mg,300,533.40," 160,020.00 ",0.00,"160,020.00",293.00,"87,900.00","72,120.00",,,,,,,,
17200,02-Jul-18,Hospital,CEFUREX,75,"2,324.00"," 174,300.00 ",0.00,"174,300.00","1,278.20","95,865.00","78,435.00",,,,,,,,
17311,17-Aug-18,Hospital,PROFUREX 750mg ,500,377.44," 188,720.00 ",0.00,"188,720.00",208.00,"104,000.00","84,720.00",,,,,,,,
17311,17-Aug-18,Hospital,EUROXONE 1g,300,380.00," 114,000.00 ",0.00,"114,000.00",73.00,"21,900.00","92,100.00",,,,,,,,
17314,18-Aug-18,Hospital,DIFLOSID 75mg/ml,5,750.00," 3,750.00 ",0.00,"3,750.00",120.00,600.00,"3,150.00",,,,,,,,
17315,22-Aug-18,Hospital,LACTAMOX 500mg/125mg,4,"2,800.00"," 11,200.00 ",0.00,"11,200.00","1,174.00","4,696.00","6,504.00",,,,,,,,
17315,22-Aug-18,Hospital,BUPIRIGHT 5mg/ml,5,"3,100.00"," 15,500.00 ",0.00,"15,500.00",825.00,"4,125.00","11,375.00",,,,,,,,
17315,22-Aug-18,Hospital,CALIBRAL 500mg,1,780.00, 780.00 ,0.00,780.00,235.00,235.00,545.00,,,,,,,,
17315,22-Aug-18,Hospital,CEFZIME 750mg,5,"3,000.00"," 15,000.00 ",0.00,"15,000.00",750.00,"3,750.00","11,250.00",,,,,,,,
17315,22-Aug-18,Hospital,DIFLOSID 75mg/ml,5,750.00," 3,750.00 ",0.00,"3,750.00",120.00,600.00,"3,150.00",,,,,,,,
17315,22-Aug-18,Hospital,EVAPROST 250mcg/ml,1,"7,920.00"," 7,920.00 ",0.00,"7,920.00","3,575.00","3,575.00","4,345.00",,,,,,,,
17315,22-Aug-18,Hospital,ERGON 125mcg,2,"2,000.00"," 4,000.00 ",0.00,"4,000.00",128.00,256.00,"3,744.00",,,,,,,,
17315,22-Aug-18,Hospital,EUROXONE 1g,50,480.00," 24,000.00 ",0.00,"24,000.00",73.00,"3,650.00","20,350.00",,,,,,,,
17315,22-Aug-18,Hospital,MAXIFER 20mg/ml,2,"2,450.00"," 4,900.00 ",0.00,"4,900.00",818.00,"1,636.00","3,264.00",,,,,,,,
17315,22-Aug-18,Hospital,NERVAMIN PLUS 500mg/50mg/100mg/100mcg,1,"1,550.00"," 1,550.00 ",0.00,"1,550.00",488.00,488.00,"1,062.00",,,,,,,,
17315,22-Aug-18,Hospital,AGLOTAC 25mg/ml (50mg/2ml),3,800.00," 2,400.00 ",0.00,"2,400.00",480.00,"1,440.00",960.00,,,,,,,,
17315,22-Aug-18,Hospital,SODAMPEN 1g IM/IV,30,128.00," 3,840.00 ",0.00,"3,840.00",40.00,"1,200.00","2,640.00",,,,,,,,
17338,31-Aug-18,Hospital,SODAMPEN 1g IM/IV,500,128.00," 64,000.00 ",0.00,"64,000.00",40.00,"20,000.00","44,000.00",,,,,,,,
17340,31-Aug-18,Hospital,ZEFXON 40mg,300,533.40," 160,020.00 ",0.00,"160,020.00",293.00,"87,900.00","72,120.00",,,,,,,,
17340,31-Aug-18,Hospital,ERGON 125mcg,20,"2,000.00"," 40,000.00 ",0.00,"40,000.00",128.00,"2,560.00","37,440.00",,,,,,,,
17340,31-Aug-18,Hospital,MAXIFER 20mg/ml,54,"2,450.00"," 132,300.00 ",0.00,"132,300.00",818.00,"44,172.00","88,128.00",,,,,,,,
17345,03-Sep-18,Hospital,EVAPROST 125mcg/ml,30,"4,800.00"," 144,000.00 ",0.00,"144,000.00","1,872.00","56,160.00","87,840.00",,,,,,,,
17349,03-Sep-18,Hospital,DIFLOSID 75mg/ml,5,750.00," 3,750.00 ",0.00,"3,750.00",120.00,600.00,"3,150.00",,,,,,,,
17349,03-Sep-18,Hospital,UNIDOL 500mg/ml,1,"6,000.00"," 6,000.00 ",0.00,"6,000.00","1,250.00","1,250.00","4,750.00",,,,,,,,
17349,03-Sep-18,Hospital,AGLOTAC 25mg/ml (50mg/2ml),5,800.00," 4,000.00 ",0.00,"4,000.00",480.00,"2,400.00","1,600.00",,,,,,,,
17349,03-Sep-18,Hospital,NERVAMIN PLUS 500mg/50mg/100mg/100mcg,3,"1,550.00"," 4,650.00 ",0.00,"4,650.00",488.00,"1,464.00","3,186.00",,,,,,,,
17349,03-Sep-18,Hospital,CEPROTRON 500mg,2,"1,750.00"," 3,500.00 ",0.00,"3,500.00",415.00,830.00,"2,670.00",,,,,,,,
17349,03-Sep-18,Hospital,LACTAMOX 500mg/125mg,3,"2,800.00"," 8,400.00 ",0.00,"8,400.00","1,174.00","3,522.00","4,878.00",,,,,,,,
17349,03-Sep-18,Hospital,NERVAPLEX 500mg,2,"1,550.00"," 3,100.00 ",0.00,"3,100.00",458.00,916.00,"2,184.00",,,,,,,,
17349,03-Sep-18,Hospital,EVAPROST 250mcg/ml,1,"7,920.00"," 7,920.00 ",0.00,"7,920.00","3,575.00","3,575.00","4,345.00",,,,,,,,
17349,03-Sep-18,Hospital,ERGON 125mcg,2,"2,000.00"," 4,000.00 ",0.00,"4,000.00",128.00,256.00,"3,744.00",,,,,,,,
17349,03-Sep-18,Hospital,CEFZIME 750mg,5,"3,000.00"," 15,000.00 ",0.00,"15,000.00",750.00,"3,750.00","11,250.00",,,,,,,,
17349,03-Sep-18,Hospital,CALIBRAL 500mg,1,780.00, 780.00 ,0.00,780.00,235.00,235.00,545.00,,,,,,,,
17349,03-Sep-18,Hospital,EVAPROST 125mcg/ml,2,"3,960.00"," 7,920.00 ",0.00,"7,920.00","1,872.00","3,744.00","4,176.00",,,,,,,,
17350,04-Sep-18,Hospital,ANTIZOAL 5mg/ml,100,120.00," 12,000.00 ",0.00,"12,000.00",26.00,"2,600.00","9,400.00",,,,,,,,
17606,05-Sep-18,Hospital,EVAPROST 125mcg/ml,3,"4,800.00"," 14,400.00 ",0.00,"14,400.00","1,872.00","5,616.00","8,784.00",,,,,,,,
17622,11-Sep-18,Hospital,ZEFXON 40mg,200,533.40," 106,680.00 ",0.00,"106,680.00",293.00,"58,600.00","48,080.00",,,,,,,,
17622,11-Sep-18,Hospital,ERGON 125mcg,2,"2,000.00"," 4,000.00 ",0.00,"4,000.00",128.00,256.00,"3,744.00",,,,,,,,
17623,11-Sep-18,Hospital,Acurium 10mg/ml,1,"3,740.00"," 3,740.00 ",0.00,"3,740.00",935.00,935.00,"2,805.00",,,,,,,,
17624,11-Sep-18,Hospital,EVAPROST 125mcg/ml,3,"3,960.00"," 11,880.00 ",0.00,"11,880.00","1,872.00","5,616.00","6,264.00",,,,,,,,
17624,11-Sep-18,Hospital,EVAPROST 250mcg/ml,1,"7,920.00"," 7,920.00 ",0.00,"7,920.00","3,575.00","3,575.00","4,345.00",,,,,,,,
17626,14-Sep-18,Hospital,MAXIFER 20mg/ml,66,"2,450.00"," 161,700.00 ",0.00,"161,700.00",818.00,"53,988.00","107,712.00",,,,,,,,
17627,14-Sep-18,Hospital,SODAMPEN 1g IM/IV,500,128.00," 64,000.00 ",0.00,"64,000.00",40.00,"20,000.00","44,000.00",,,,,,,,
17627,14-Sep-18,Hospital,PROFUREX 750mg ,500,377.44," 188,720.00 ",0.00,"188,720.00",208.00,"104,000.00","84,720.00",,,,,,,,
17627,14-Sep-18,Hospital,EVAPROST 250mcg/ml,10,"9,600.00"," 96,000.00 ",0.00,"96,000.00","3,575.00","35,750.00","60,250.00",,,,,,,,
17632,17-Sep-18,Hospital,CALIBRAL 500mg,1,780.00, 780.00 ,0.00,780.00,235.00,235.00,545.00,,,,,,,,
17632,17-Sep-18,Hospital,EVAPROST 125mcg/ml,2,"3,960.00"," 7,920.00 ",0.00,"7,920.00","1,872.00","3,744.00","4,176.00",,,,,,,,
17632,17-Sep-18,Hospital,UNIDOL 500mg/ml,1,"6,000.00"," 6,000.00 ",0.00,"6,000.00","1,250.00","1,250.00","4,750.00",,,,,,,,
17632,17-Sep-18,Hospital,AGLOTAC 25mg/ml (50mg/2ml),3,800.00," 2,400.00 ",0.00,"2,400.00",480.00,"1,440.00",960.00,,,,,,,,
17632,17-Sep-18,Hospital,NERVAMIN PLUS 500mg/50mg/100mg/100mcg,2,"1,550.00"," 3,100.00 ",0.00,"3,100.00",488.00,976.00,"2,124.00",,,,,,,,
17632,17-Sep-18,Hospital,NERVAPLEX 500mg,3,"1,550.00"," 4,650.00 ",0.00,"4,650.00",458.00,"1,374.00","3,276.00",,,,,,,,
17632,17-Sep-18,Hospital,EUROXONE 1g,50,480.00," 24,000.00 ",0.00,"24,000.00",73.00,"3,650.00","20,350.00",,,,,,,,
17632,17-Sep-18,Hospital,Diflosid 25mg/ml,5,750.00," 3,750.00 ",0.00,"3,750.00",130.00,650.00,"3,100.00",,,,,,,,
17632,17-Sep-18,Hospital,CEFZIME 750mg,8,"3,000.00"," 24,000.00 ",0.00,"24,000.00",750.00,"6,000.00","18,000.00",,,,,,,,
17632,17-Sep-18,Hospital,BUPIRIGHT 5mg/ml,6,"3,100.00"," 18,600.00 ",0.00,"18,600.00",825.00,"4,950.00","13,650.00",,,,,,,,
17632,17-Sep-18,Hospital,LACTAMOX 500mg/125mg,3,"2,800.00"," 8,400.00 ",0.00,"8,400.00","1,174.00","3,522.00","4,878.00",,,,,,,,
17704 / SI1960,17-Nov-18,Hospital,NERVAPLEX 500mg,5,"1,550.00"," 7,750.00 ",0.00,"7,750.00",458.00,"2,290.00","5,460.00",,,,,,,,
17704 / SI1960,17-Nov-18,Hospital,DEXAMAX 4MG,2,750.00," 1,500.00 ",0.00,"1,500.00",100.00,200.00,"1,300.00",,,,,,,,
17704 / SI1960,17-Nov-18,Hospital,DIFLOSID 75mg/ml,3,750.00," 2,250.00 ",0.00,"2,250.00",120.00,360.00,"1,890.00",,,,,,,,
17704 / SI1960,17-Nov-18,Hospital,LACTAMOX 500mg/125mg,3,"2,800.00"," 8,400.00 ",0.00,"8,400.00","1,174.00","3,522.00","4,878.00",,,,,,,,
17705,19-Nov-18,Hospital,EVAPROST 250mcg/ml,20,"4,800.00"," 96,000.00 ",0.00,"96,000.00","3,575.00","71,500.00","24,500.00",,,,,,,,
17717,23-Nov-18,Hospital,Ambitox,140,90.00," 12,600.00 ",0.00,"12,600.00",8.50,"1,190.00","11,410.00",,,,,,,,
17722 / SI1976,26-Nov-18,Hospital,NERVAMIN PLUS 500mg/50mg/100mg/100mcg,2,"1,550.00"," 3,100.00 ",0.00,"3,100.00",488.00,976.00,"2,124.00",,,,,,,,
17722 / SI1976,26-Nov-18,Hospital,BUPIRIGHT 5mg/ml,6,"3,100.00"," 18,600.00 ",0.00,"18,600.00",825.00,"4,950.00","13,650.00",,,,,,,,
17722 / SI1976,26-Nov-18,Hospital,CEFZIME 750mg,5,"3,000.00"," 15,000.00 ",0.00,"15,000.00",750.00,"3,750.00","11,250.00",,,,,,,,
17722 / SI1976,26-Nov-18,Hospital,CEPROTRON 500mg,2,"1,750.00"," 3,500.00 ",0.00,"3,500.00",415.00,830.00,"2,670.00",,,,,,,,
17722 / SI1976,26-Nov-18,Hospital,UNIDOL 500mg/ml,1,"6,000.00"," 6,000.00 ",0.00,"6,000.00","1,250.00","1,250.00","4,750.00",,,,,,,,
17722 / SI1976,26-Nov-18,Hospital,EVAPROST 125mcg/ml,3,"3,960.00"," 11,880.00 ",0.00,"11,880.00","1,872.00","5,616.00","6,264.00",,,,,,,,
17722 / SI1976,26-Nov-18,Hospital,DIFLOSID 75mg/ml,5,750.00," 3,750.00 ",0.00,"3,750.00",120.00,600.00,"3,150.00",,,,,,,,
17722 / SI1976,26-Nov-18,Hospital,Ranirex 25mg/ml,3,800.00," 2,400.00 ",0.00,"2,400.00",50.00,150.00,"2,250.00",,,,,,,,
17722 / SI1976,26-Nov-18,Hospital,LACTAMOX 500mg/125mg,2,"2,800.00"," 5,600.00 ",0.00,"5,600.00","1,174.00","2,348.00","3,252.00",,,,,,,,
17725,26-Nov-18,Hospital,TOCINOX,3000,90.00," 270,000.00 ",0.00,"270,000.00",8.50,"25,500.00","244,500.00",,,,,,,,
17727,26-Nov-18,Hospital,EVAPROST 250mcg/ml,20,"9,600.00"," 192,000.00 ",0.00,"192,000.00","3,575.00","71,500.00","120,500.00",,,,,,,,
17728,26-Nov-18,Hospital,ERGON 125mcg,13,"2,000.00"," 26,000.00 ",0.00,"26,000.00",128.00,"1,664.00","24,336.00",,,,,,,,
17753A,28-Sep-18,Hospital,NERVAMIN PLUS 500mg/50mg/100mg/100mcg,2,"1,550.00"," 3,100.00 ",0.00,"3,100.00",488.00,976.00,"2,124.00",,,,,,,,
17753A,28-Sep-18,Hospital,UNIDOL 500mg/ml,1,"6,000.00"," 6,000.00 ",0.00,"6,000.00","1,250.00","1,250.00","4,750.00",,,,,,,,
17753A,28-Sep-18,Hospital,EVAPROST 125mcg/ml,1,"3,960.00"," 3,960.00 ",0.00,"3,960.00","1,872.00","1,872.00","2,088.00",,,,,,,,
17753A,28-Sep-18,Hospital,ERGON 125mcg,2,"2,000.00"," 4,000.00 ",0.00,"4,000.00",128.00,256.00,"3,744.00",,,,,,,,
17753A,28-Sep-18,Hospital,Diflosid 25mg/ml,10,750.00," 7,500.00 ",0.00,"7,500.00",130.00,"1,300.00","6,200.00",,,,,,,,
17753A,28-Sep-18,Hospital,CLAVIC 500mg/125mg,3,"2,800.00"," 8,400.00 ",0.00,"8,400.00","1,174.00","3,522.00","4,878.00",,,,,,,,
17753A,28-Sep-18,Hospital,NERVAPLEX 500mg,4,"1,550.00"," 6,200.00 ",0.00,"6,200.00",458.00,"1,832.00","4,368.00",,,,,,,,
17753A,28-Sep-18,Hospital,CEPROTRON 500mg,4,"1,750.00"," 7,000.00 ",0.00,"7,000.00",415.00,"1,660.00","5,340.00",,,,,,,,
17753A,28-Sep-18,Hospital,CEFZIME 750mg,5,"3,000.00"," 15,000.00 ",0.00,"15,000.00",750.00,"3,750.00","11,250.00",,,,,,,,
17753A,28-Sep-18,Hospital,BUPIRIGHT 5mg/ml,7,"3,100.00"," 21,700.00 ",0.00,"21,700.00",825.00,"5,775.00","15,925.00",,,,,,,,
17760A,02-Oct-18,Hospital,PROFUREX 750mg ,1000,377.44," 377,440.00 ",0.00,"377,440.00",208.00,"208,000.00","169,440.00",,,,,,,,
17768,04-Oct-18,Hospital,Hyclens 0.2% Wound Spray,1080,280.00," 302,400.00 ",0.00,"302,400.00",115.00,"124,200.00","178,200.00",,,,,,,,
17769,04-Oct-18,Hospital,EVAPROST 250mcg/ml,10,"9,600.00"," 96,000.00 ",0.00,"96,000.00","3,575.00","35,750.00","60,250.00",,,,,,,,
17774A,27-Oct-18,Hospital,EVAPROST 125mcg/ml,3,"4,800.00"," 14,400.00 ",0.00,"14,400.00","1,872.00","5,616.00","8,784.00",,,,,,,,
17776,08-Oct-18,Hospital,PHYTOMEN 10mg/ml,5,900.00," 4,500.00 ",0.00,"4,500.00",270.00,"1,350.00","3,150.00",,,,,,,,
17783,11-Oct-18,Hospital,ANTIZOAL 5mg/ml,100,120.00," 12,000.00 ",0.00,"12,000.00",26.00,"2,600.00","9,400.00",,,,,,,,
17785,12-Oct-18,Hospital,EUROXONE 1g,50,480.00," 24,000.00 ",0.00,"24,000.00",73.00,"3,650.00","20,350.00",,,,,,,,
17785,12-Oct-18,Hospital,CALIBRAL 500mg,1,780.00, 780.00 ,0.00,780.00,235.00,235.00,545.00,,,,,,,,
17785,12-Oct-18,Hospital,EVAPROST 250mcg/ml,1,"7,920.00"," 7,920.00 ",0.00,"7,920.00","3,575.00","3,575.00","4,345.00",,,,,,,,
17785,12-Oct-18,Hospital,EVAPROST 125mcg/ml,2,"3,960.00"," 7,920.00 ",0.00,"7,920.00","1,872.00","3,744.00","4,176.00",,,,,,,,
17785,12-Oct-18,Hospital,ATOVAS 20mg,1,750.00, 750.00 ,0.00,750.00,202.00,202.00,548.00,,,,,,,,
17785,12-Oct-18,Hospital,DIFLOSID 75mg/ml,5,750.00," 3,750.00 ",0.00,"3,750.00",120.00,600.00,"3,150.00",,,,,,,,
17785,12-Oct-18,Hospital,UNIDOL 500mg/ml,1,"6,000.00"," 6,000.00 ",0.00,"6,000.00","1,250.00","1,250.00","4,750.00",,,,,,,,
17785,12-Oct-18,Hospital,NERVAPLEX 500mg,5,"1,550.00"," 7,750.00 ",0.00,"7,750.00",458.00,"2,290.00","5,460.00",,,,,,,,
17785,12-Oct-18,Hospital,CEPROTRON 500mg,3,"1,750.00"," 5,250.00 ",0.00,"5,250.00",415.00,"1,245.00","4,005.00",,,,,,,,
17785,12-Oct-18,Hospital,CEFZIME 750mg,5,"3,000.00"," 15,000.00 ",0.00,"15,000.00",750.00,"3,750.00","11,250.00",,,,,,,,
17785,12-Oct-18,Hospital,NERVAMIN PLUS 500mg/50mg/100mg/100mcg,6,"1,550.00"," 9,300.00 ",0.00,"9,300.00",488.00,"2,928.00","6,372.00",,,,,,,,
17786,12-Oct-18,Hospital,SODAMPEN 1g IM/IV,50,128.00," 6,400.00 ",0.00,"6,400.00",40.00,"2,000.00","4,400.00",,,,,,,,
17786,12-Oct-18,Hospital,UNIDOL 500mg/ml,1,"6,000.00"," 6,000.00 ",0.00,"6,000.00","1,250.00","1,250.00","4,750.00",,,,,,,,
17786,12-Oct-18,Hospital,MAXIFER 20mg/ml,2,"2,450.00"," 4,900.00 ",0.00,"4,900.00",818.00,"1,636.00","3,264.00",,,,,,,,
17786,12-Oct-18,Hospital,LACTAMOX 500mg/125mg,3,"2,800.00"," 8,400.00 ",0.00,"8,400.00","1,174.00","3,522.00","4,878.00",,,,,,,,
17787,15-Oct-18,Hospital,Hyclens 0.2% Wound Spray,1080,280.00," 302,400.00 ",0.00,"302,400.00",115.00,"124,200.00","178,200.00",,,,,,,,
17964,08-Jul-18,Hospital,SPASBACINE,100,750.00," 75,000.00 ",0.00,"75,000.00",250.00,"25,000.00","50,000.00",,,,,,,,
17965,09-Jul-18,Hospital,PROFUREX 750mg ,1000,377.44," 377,440.00 ",0.00,"377,440.00",208.00,"208,000.00","169,440.00",,,,,,,,
17966,09-Jul-18,Hospital,ANTIZOAL 5mg/ml,300,120.00," 36,000.00 ",0.00,"36,000.00",26.00,"7,800.00","28,200.00",,,,,,,,
17966,09-Jul-18,Hospital,ERGON 125mcg,20,"2,000.00"," 40,000.00 ",0.00,"40,000.00",128.00,"2,560.00","37,440.00",,,,,,,,
17969,09-Jul-18,Hospital,CALIBRAL 500mg,1,780.00, 780.00 ,0.00,780.00,235.00,235.00,545.00,,,,,,,,
17969,09-Jul-18,Hospital,EVAPROST 125mcg/ml,1,"3,960.00"," 3,960.00 ",0.00,"3,960.00","1,872.00","1,872.00","2,088.00",,,,,,,,
17969,09-Jul-18,Hospital,CEFZIME 750mg,5,"3,000.00"," 15,000.00 ",0.00,"15,000.00",750.00,"3,750.00","11,250.00",,,,,,,,
17969,09-Jul-18,Hospital,UNIDOL 500mg/ml,1,"6,000.00"," 6,000.00 ",0.00,"6,000.00","1,250.00","1,250.00","4,750.00",,,,,,,,
17984,13-Jul-18,Hospital,LACTAMOX 500mg/125mg,5,"2,800.00"," 14,000.00 ",0.00,"14,000.00","1,174.00","5,870.00","8,130.00",,,,,,,,
17984,13-Jul-18,Hospital,CEPROTRON 500mg,5,"1,750.00"," 8,750.00 ",0.00,"8,750.00",415.00,"2,075.00","6,675.00",,,,,,,,
17984,13-Jul-18,Hospital,NERVAMIN PLUS 500mg/50mg/100mg/100mcg,4,"1,550.00"," 6,200.00 ",0.00,"6,200.00",488.00,"1,952.00","4,248.00",,,,,,,,
17985,13-Jul-18,Hospital,DIFLOSID 75mg/ml,5,750.00," 3,750.00 ",0.00,"3,750.00",120.00,600.00,"3,150.00",,,,,,,,
17990,16-Jul-18,Hospital,MAXIFER 20mg/ml,69,"2,450.00"," 169,050.00 ",0.00,"169,050.00",818.00,"56,442.00","112,608.00",,,,,,,,
17990,16-Jul-18,Hospital,SODAMPEN 1g IM/IV,500,128.00," 64,000.00 ",0.00,"64,000.00",40.00,"20,000.00","44,000.00",,,,,,,,
17992,18-Jul-18,Hospital,ANTIZOAL 5mg/ml,100,120.00," 12,000.00 ",0.00,"12,000.00",26.00,"2,600.00","9,400.00",,,,,,,,
17996,20-Jul-18,Hospital,CALIBRAL 500mg,1,780.00, 780.00 ,0.00,780.00,235.00,235.00,545.00,,,,,,,,
17996,20-Jul-18,Hospital,BUPIRIGHT 5mg/ml,4,"3,100.00"," 12,400.00 ",0.00,"12,400.00",825.00,"3,300.00","9,100.00",,,,,,,,
17996,20-Jul-18,Hospital,CEFZIME 750mg,5,"3,000.00"," 15,000.00 ",0.00,"15,000.00",750.00,"3,750.00","11,250.00",,,,,,,,
17996,20-Jul-18,Hospital,CEPROTRON 500mg,2,"1,750.00"," 3,500.00 ",0.00,"3,500.00",415.00,830.00,"2,670.00",,,,,,,,
17996,20-Jul-18,Hospital,EVAPROST 125mcg/ml,1,"3,960.00"," 3,960.00 ",0.00,"3,960.00","1,872.00","1,872.00","2,088.00",,,,,,,,
17996,20-Jul-18,Hospital,EUROXONE 1g,50,480.00," 24,000.00 ",0.00,"24,000.00",73.00,"3,650.00","20,350.00",,,,,,,,
17996,20-Jul-18,Hospital,LACTAMOX 500mg/125mg,2,"2,800.00"," 5,600.00 ",0.00,"5,600.00","1,174.00","2,348.00","3,252.00",,,,,,,,
17996,20-Jul-18,Hospital,NERVAMIN PLUS 500mg/50mg/100mg/100mcg,3,"1,550.00"," 4,650.00 ",0.00,"4,650.00",488.00,"1,464.00","3,186.00",,,,,,,,
17996,20-Jul-18,Hospital,AGLOTAC 25mg/ml (50mg/2ml),3,800.00," 2,400.00 ",0.00,"2,400.00",480.00,"1,440.00",960.00,,,,,,,,
17996,20-Jul-18,Hospital,SODAMPEN 1g IM/IV,30,128.00," 3,840.00 ",0.00,"3,840.00",40.00,"1,200.00","2,640.00",,,,,,,,
17996,20-Jul-18,Hospital,APROCARE 150mg,2,870.00," 1,740.00 ",0.00,"1,740.00",219.00,438.00,"1,302.00",,,,,,,,
18000,23-Jul-18,Hospital,MAXIFER 20mg/ml,51,"2,450.00"," 124,950.00 ",0.00,"124,950.00",818.00,"41,718.00","83,232.00",,,,,,,,
18060,25-Jul-18,Hospital,BUPIRIGHT 5mg/ml,6,"3,100.00"," 18,600.00 ",0.00,"18,600.00",825.00,"4,950.00","13,650.00",,,,,,,,
18060,25-Jul-18,Hospital,ERGON 125mcg,2,"2,000.00"," 4,000.00 ",0.00,"4,000.00",128.00,256.00,"3,744.00",,,,,,,,
18060,25-Jul-18,Hospital,CALIBRAL 500mg,1,780.00, 780.00 ,0.00,780.00,235.00,235.00,545.00,,,,,,,,
18060,25-Jul-18,Hospital,AGLOTAC 25mg/ml (50mg/2ml),5,800.00," 4,000.00 ",0.00,"4,000.00",480.00,"2,400.00","1,600.00",,,,,,,,
18060,25-Jul-18,Hospital,CEPROTRON 500mg,3,"1,750.00"," 5,250.00 ",0.00,"5,250.00",415.00,"1,245.00","4,005.00",,,,,,,,
18060,25-Jul-18,Hospital,MAXIFER 20mg/ml,3,"2,450.00"," 7,350.00 ",0.00,"7,350.00",818.00,"2,454.00","4,896.00",,,,,,,,
18060,25-Jul-18,Hospital,NERVAMIN PLUS 500mg/50mg/100mg/100mcg,2,"1,550.00"," 3,100.00 ",0.00,"3,100.00",488.00,976.00,"2,124.00",,,,,,,,
18060,25-Jul-18,Hospital,EVAPROST 125mcg/ml,1,"3,960.00"," 3,960.00 ",0.00,"3,960.00","1,872.00","1,872.00","2,088.00",,,,,,,,
18060,25-Jul-18,Hospital,DIFLOSID 75mg/ml,2,750.00," 1,500.00 ",0.00,"1,500.00",120.00,240.00,"1,260.00",,,,,,,,
18060,25-Jul-18,Hospital,UNIDOL 500mg/ml,1,"6,000.00"," 6,000.00 ",0.00,"6,000.00","1,250.00","1,250.00","4,750.00",,,,,,,,
18063A,22-Oct-18,Hospital,PHYTOMEN 10mg/ml,10,900.00," 9,000.00 ",0.00,"9,000.00",270.00,"2,700.00","6,300.00",,,,,,,,
18067A,25-Oct-18,Hospital,SODAMPEN 1g IM/IV,500,128.00," 64,000.00 ",0.00,"64,000.00",40.00,"20,000.00","44,000.00",,,,,,,,
18067A,25-Oct-18,Hospital,ZEFXON 40mg,300,533.40," 160,020.00 ",0.00,"160,020.00",293.00,"87,900.00","72,120.00",,,,,,,,
18067A,25-Oct-18,Hospital,PROFUREX 750mg ,500,377.44," 188,720.00 ",0.00,"188,720.00",208.00,"104,000.00","84,720.00",,,,,,,,
18068A,25-Oct-18,Hospital,ERGON 125mcg,30,"2,000.00"," 60,000.00 ",0.00,"60,000.00",128.00,"3,840.00","56,160.00",,,,,,,,
18068A,25-Oct-18,Hospital,MAXIFER 20mg/ml,30,"2,450.00"," 73,500.00 ",0.00,"73,500.00",818.00,"24,540.00","48,960.00",,,,,,,,
18068A,25-Oct-18,Hospital,ANTIZOAL 5mg/ml,500,120.00," 60,000.00 ",0.00,"60,000.00",22.00,"11,000.00","49,000.00",,,,,,,,
18070,26-Oct-18,Hospital,UNIDOL 500mg/ml,1,"6,000.00"," 6,000.00 ",0.00,"6,000.00","1,250.00","1,250.00","4,750.00",,,,,,,,
18070,26-Oct-18,Hospital,CEFZIME 750mg,5,"3,000.00"," 15,000.00 ",0.00,"15,000.00",750.00,"3,750.00","11,250.00",,,,,,,,
18070,26-Oct-18,Hospital,Ranirex 25mg/ml,10,800.00," 8,000.00 ",0.00,"8,000.00",50.00,500.00,"7,500.00",,,,,,,,
18070,26-Oct-18,Hospital,LACTAMOX 500mg/125mg,3,"2,800.00"," 8,400.00 ",0.00,"8,400.00","1,174.00","3,522.00","4,878.00",,,,,,,,
18070,26-Oct-18,Hospital,ERGON 125mcg,2,"2,000.00"," 4,000.00 ",0.00,"4,000.00",128.00,256.00,"3,744.00",,,,,,,,
18070,26-Oct-18,Hospital,BUPIRIGHT 5mg/ml,7,"3,100.00"," 21,700.00 ",0.00,"21,700.00",825.00,"5,775.00","15,925.00",,,,,,,,
18070,26-Oct-18,Hospital,DIFLOSID 75mg/ml,5,750.00," 3,750.00 ",0.00,"3,750.00",120.00,600.00,"3,150.00",,,,,,,,
18070,26-Oct-18,Hospital,CEPROTRON 500mg,2,"1,750.00"," 3,500.00 ",0.00,"3,500.00",415.00,830.00,"2,670.00",,,,,,,,
18070,26-Oct-18,Hospital,ATOVAS 20mg,1,750.00, 750.00 ,0.00,750.00,202.00,202.00,548.00,,,,,,,,
18070,26-Oct-18,Hospital,SODAMPEN 1g IM/IV,30,128.00," 3,840.00 ",0.00,"3,840.00",40.00,"1,200.00","2,640.00",,,,,,,,
18071,31-Jul-18,Hospital,Hyclens 0.2% Wound Spray,1080,280.00," 302,400.00 ",0.00,"302,400.00",115.00,"124,200.00","178,200.00",,,,,,,,
18072,31-Jul-18,Hospital,EUROXONE 1g,300,380.00," 114,000.00 ",0.00,"114,000.00",73.00,"21,900.00","92,100.00",,,,,,,,
18073,01-Aug-18,Hospital,Hyclens 0.2% Wound Spray,1080,280.00," 302,400.00 ",0.00,"302,400.00",115.00,"124,200.00","178,200.00",,,,,,,,
18075,01-Aug-18,Hospital,BACTIV 625mg,150,529.20," 79,380.00 ",0.00,"79,380.00",291.00,"43,650.00","35,730.00",,,,,,,,
18075,01-Aug-18,Hospital,PROFUREX 750mg ,500,377.44," 188,720.00 ",0.00,"188,720.00",208.00,"104,000.00","84,720.00",,,,,,,,
18076,01-Aug-18,Hospital,ANTIZOAL 5mg/ml,100,120.00," 12,000.00 ",0.00,"12,000.00",26.00,"2,600.00","9,400.00",,,,,,,,
18077,02-Aug-18,Hospital,NERVAMIN PLUS 500mg/50mg/100mg/100mcg,3,"1,550.00"," 4,650.00 ",0.00,"4,650.00",488.00,"1,464.00","3,186.00",,,,,,,,
18077,02-Aug-18,Hospital,AXFLAM 25MG,2,750.00," 1,500.00 ",0.00,"1,500.00",88.00,176.00,"1,324.00",,,,,,,,
18078A,30-Oct-18,Hospital,MAXIFER 20mg/ml,90,"2,450.00"," 220,500.00 ",0.00,"220,500.00",818.00,"73,620.00","146,880.00",,,,,,,,
18078A,30-Oct-18,Hospital,EVAPROST 125mcg/ml,30,"4,800.00"," 144,000.00 ",0.00,"144,000.00","1,872.00","56,160.00","87,840.00",,,,,,,,
18079A,30-Oct-18,Hospital,EVAPROST 125mcg/ml,30,"4,800.00"," 144,000.00 ",0.00,"144,000.00","1,872.00","56,160.00","87,840.00",,,,,,,,
18080A,30-Oct-18,Hospital,EVAPROST 250mcg/ml,20,"9,600.00"," 192,000.00 ",0.00,"192,000.00","3,575.00","71,500.00","120,500.00",,,,,,,,
18084 / SI1929,06-Nov-18,Hospital,LACTAMOX 500mg/125mg,3,"2,800.00"," 8,400.00 ",0.00,"8,400.00","1,174.00","3,522.00","4,878.00",,,,,,,,
18084 / SI1929,06-Nov-18,Hospital,NERVAPLEX 500mg,3,"1,550.00"," 4,650.00 ",0.00,"4,650.00",458.00,"1,374.00","3,276.00",,,,,,,,
18084 / SI1929,06-Nov-18,Hospital,EVAPROST 250mcg/ml,2,"7,920.00"," 15,840.00 ",0.00,"15,840.00","3,575.00","7,150.00","8,690.00",,,,,,,,
18084 / SI1929,06-Nov-18,Hospital,DIFLOSID 75mg/ml,3,750.00," 2,250.00 ",0.00,"2,250.00",120.00,360.00,"1,890.00",,,,,,,,
18084 / SI1929,06-Nov-18,Hospital,CEPROTRON 500mg,2,"1,750.00"," 3,500.00 ",0.00,"3,500.00",415.00,830.00,"2,670.00",,,,,,,,
18084 / SI1929,06-Nov-18,Hospital,DEXAMAX 4MG,1,750.00, 750.00 ,0.00,750.00,100.00,100.00,650.00,,,,,,,,
18084 / SI1929,06-Nov-18,Hospital,EVAPROST 125mcg/ml,1,"3,960.00"," 3,960.00 ",0.00,"3,960.00","1,872.00","1,872.00","2,088.00",,,,,,,,
18084 / SI1929,06-Nov-18,Hospital,APROCARE 150mg,2,870.00," 1,740.00 ",0.00,"1,740.00",219.00,438.00,"1,302.00",,,,,,,,
18084 / SI1929,06-Nov-18,Hospital,CEFZIME 750mg,5,"3,000.00"," 15,000.00 ",0.00,"15,000.00",750.00,"3,750.00","11,250.00",,,,,,,,
18085,06-Nov-18,Hospital,Hyclens 0.2% Wound Spray,1080,280.00," 302,400.00 ",0.00,"302,400.00",135.00,"145,800.00","156,600.00",,,,,,,,
18087,07-Aug-18,Hospital,ERGON 125mcg,28,"2,000.00"," 56,000.00 ",0.00,"56,000.00",128.00,"3,584.00","52,416.00",,,,,,,,
18087,07-Aug-18,Hospital,ANTIZOAL 5mg/ml,500,120.00," 60,000.00 ",0.00,"60,000.00",26.00,"13,000.00","47,000.00",,,,,,,,
18087,07-Aug-18,Hospital,ZEFXON 40mg,100,533.40," 53,340.00 ",0.00,"53,340.00",293.00,"29,300.00","24,040.00",,,,,,,,
18089A / SI1930,07-Nov-18,Hospital,ANTIZOAL 5mg/ml,150,120.00," 18,000.00 ",0.00,"18,000.00",22.00,"3,300.00","14,700.00",,,,,,,,
18096,09-Aug-18,Hospital,CALIBRAL 500mg,1,780.00, 780.00 ,0.00,780.00,235.00,235.00,545.00,,,,,,,,
18096,09-Aug-18,Hospital,UNIDOL 500mg/ml,1,"6,000.00"," 6,000.00 ",0.00,"6,000.00","1,250.00","1,250.00","4,750.00",,,,,,,,
18096,09-Aug-18,Hospital,SODAMPEN 1g IM/IV,30,128.00," 3,840.00 ",0.00,"3,840.00",40.00,"1,200.00","2,640.00",,,,,,,,
18096,09-Aug-18,Hospital,NERVAMIN PLUS 500mg/50mg/100mg/100mcg,2,"1,550.00"," 3,100.00 ",0.00,"3,100.00",488.00,976.00,"2,124.00",,,,,,,,
18096,09-Aug-18,Hospital,CEPROTRON 500mg,3,"1,750.00"," 5,250.00 ",0.00,"5,250.00",415.00,"1,245.00","4,005.00",,,,,,,,
18096,09-Aug-18,Hospital,BUPIRIGHT 5mg/ml,4,"3,100.00"," 12,400.00 ",0.00,"12,400.00",825.00,"3,300.00","9,100.00",,,,,,,,
18096,09-Aug-18,Hospital,ATOVAS 20mg,1,750.00, 750.00 ,0.00,750.00,202.00,202.00,548.00,,,,,,,,
18096,09-Aug-18,Hospital,CEFZIME 750mg,4,"3,000.00"," 12,000.00 ",0.00,"12,000.00",750.00,"3,000.00","9,000.00",,,,,,,,
18098,10-Aug-18,Hospital,DIFLOSID 75mg/ml,5,750.00," 3,750.00 ",0.00,"3,750.00",120.00,600.00,"3,150.00",,,,,,,,
15811,08-Jul-18,Cam Sur,METMIC 500mg,3,500.00," 1,500.00 ",0.00,"1,500.00",228.00,684.00,816.00,,,,,,,,
15812,09-Jul-18,Cam Sur,VONWELT/GENERIC TRANEXAMIC ACID,1,"1,500.00"," 1,500.00 ",0.00,"1,500.00",330.00,330.00,"1,170.00",,,,,,,,
16034,06-Mar-18,Cam Sur,LACTAMOX 125mg/31.25mg/5ml,10,190.00," 1,900.00 ",0.00,"1,900.00",76.00,760.00,"1,140.00",,,,,,,,
16035,06-Mar-18,Cam Sur,LACTAMOX 125mg/31.25mg/5ml,4,190.00, 760.00 ,0.00,760.00,76.00,304.00,456.00,,,,,,,,
16035,06-Mar-18,Cam Sur,HISTARIL 1mg/50mg/5ml,16,88.00," 1,408.00 ",0.00,"1,408.00",,,"1,408.00",,,,,,,,
16036,06-Mar-18,Cam Sur,DOLO JAGA 500mg/50mg/100mg/100mcg,1,"1,600.00"," 1,600.00 ",0.00,"1,600.00",481.00,481.00,"1,119.00",,,,,,,,
16036,06-Mar-18,Cam Sur,ZETIFEN 250mg/5ml,6,80.00, 480.00 ,0.00,480.00,23.00,138.00,342.00,,,,,,,,
16037,15-Mar-18,Cam Sur,LACTAMOX 500mg/125mg,8,310.00," 2,480.00 ",0.00,"2,480.00","1,173.60","9,388.80","-6,908.80",,,,,,,,
16039,15-Mar-18,Cam Sur,MONILIASOL 500mg,2,750.00," 1,500.00 ",0.00,"1,500.00",240.00,480.00,"1,020.00",,,,,,,,
16040,06-Mar-18,Cam Sur,HISTARIL 2mg/100mg,1,800.00, 800.00 ,0.00,800.00,,,800.00,,,,,,,,
16040,06-Mar-18,Cam Sur,JAGAPLEX,1,"1,050.00"," 1,050.00 ",0.00,"1,050.00",395.00,395.00,655.00,,,,,,,,
16041,15-Mar-18,Cam Sur,LACTAMOX 125mg/31.25mg/5ml,6,190.00," 1,140.00 ",0.00,"1,140.00",76.00,456.00,684.00,,,,,,,,
16041,15-Mar-18,Cam Sur,LACTAMOX 250mg/62.5mg/5ml,10,310.00," 3,100.00 ",0.00,"3,100.00",130.00,"1,300.00","1,800.00",,,,,,,,
16042,16-Mar-18,Cam Sur,JAGAPLEX,2,"1,050.00"," 2,100.00 ",0.00,"2,100.00",395.00,790.00,"1,310.00",,,,,,,,
16043,16-Mar-18,Cam Sur,LACTAMOX 250mg/62.5mg/5ml,12,310.00," 3,720.00 ",0.00,"3,720.00",130.00,"1,560.00","2,160.00",,,,,,,,
16044,16-Mar-18,Cam Sur,FORTIPLEX,1,"1,050.00"," 1,050.00 ",0.00,"1,050.00",270.00,270.00,780.00,,,,,,,,
16044,16-Mar-18,Cam Sur,HISTARIL 1mg/50mg/5ml,8,88.00, 704.00 ,0.00,704.00,,,704.00,,,,,,,,
16044,16-Mar-18,Cam Sur,PROXAZIN 500mg,1,"1,750.00"," 1,750.00 ",0.00,"1,750.00",450.00,450.00,"1,300.00",,,,,,,,
16562,22-Mar-18,Cam Sur,PROXAZIN 500mg,1,"1,750.00"," 1,750.00 ",0.00,"1,750.00",450.00,450.00,"1,300.00",,,,,,,,
16562,22-Mar-18,Cam Sur,MONILIASOL 125mg/5ml,2,75.00, 150.00 ,0.00,150.00,26.00,52.00,98.00,,,,,,,,
16570,03-Apr-18,Cam Sur,LACTAMOX 250mg/62.5mg/5ml,10,310.00," 3,100.00 ",0.00,"3,100.00",130.00,"1,300.00","1,800.00",,,,,,,,
16571,05-Apr-18,Cam Sur,LACTAMOX 250mg/62.5mg/5ml,8,310.00," 2,480.00 ",0.00,"2,480.00",130.00,"1,040.00","1,440.00",,,,,,,,
16571,05-Apr-18,Cam Sur,FORTIPLEX,2,"1,050.00"," 2,100.00 ",0.00,"2,100.00",270.00,540.00,"1,560.00",,,,,,,,
16571,05-Apr-18,Cam Sur,HISTARIL 1mg/50mg/5ml,8,88.00, 704.00 ,0.00,704.00,24.47,195.76,508.24,,,,,,,,
16571,05-Apr-18,Cam Sur,ZETIFEN 250mg/5ml,12,58.00, 696.00 ,0.00,696.00,23.00,276.00,420.00,,,,,,,,
16572,05-Apr-18,Cam Sur,HISTARIL 2mg/100mg,1,800.00, 800.00 ,0.00,800.00,225.00,225.00,575.00,,,,,,,,
16573,05-Apr-18,Cam Sur,LACTAMOX 250mg/62.5mg/5ml,8,310.00," 2,480.00 ",0.00,"2,480.00",130.00,"1,040.00","1,440.00",,,,,,,,
16574,10-Apr-18,Cam Sur,HISTARIL 1mg/50mg/5ml,20,88.00," 1,760.00 ",0.00,"1,760.00",24.47,489.40,"1,270.60",,,,,,,,
16575,10-Apr-18,Cam Sur,NERVAPLEX 500mg,1,"1,600.00"," 1,600.00 ",0.00,"1,600.00",458.00,458.00,"1,142.00",,,,,,,,
16576,16-Apr-18,Cam Sur,DOLO JAGA 500mg/50mg/100mg/100mcg,2,"1,600.00"," 3,200.00 ",0.00,"3,200.00",481.00,962.00,"2,238.00",,,,,,,,
16577,10-Apr-18,Cam Sur,EUROXIME 500mg,1,"3,000.00"," 3,000.00 ",0.00,"3,000.00","1,450.00","1,450.00","1,550.00",,,,,,,,
16578,10-Apr-18,Cam Sur,NERVAPLEX 500mg,1,"1,600.00"," 1,600.00 ",0.00,"1,600.00",458.00,458.00,"1,142.00",,,,,,,,
16579,19-Apr-18,Cam Sur,ZETIFEN 125mg/5ml,10,68.00, 680.00 ,0.00,680.00,21.00,210.00,470.00,,,,,,,,
16579,19-Apr-18,Cam Sur,EUROXIME 500mg,1,"3,000.00"," 3,000.00 ",0.00,"3,000.00","1,450.00","1,450.00","1,550.00",,,,,,,,
16579,19-Apr-18,Cam Sur,EUROGYL 5mg/ml (500mg/100ml),20,120.00," 2,400.00 ",0.00,"2,400.00",23.00,460.00,"1,940.00",,,,,,,,
16579,19-Apr-18,Cam Sur,ENCLOXIL 500mg,1,"1,800.00"," 1,800.00 ",0.00,"1,800.00",540.00,540.00,"1,260.00",,,,,,,,
16579,19-Apr-18,Cam Sur,COZOLE 200mg/40mg/5ml,6,90.00, 540.00 ,0.00,540.00,32.40,194.40,345.60,,,,,,,,
16580,19-Apr-18,Cam Sur,MONILIASOL 125mg/5ml,10,75.00, 750.00 ,0.00,750.00,26.00,260.00,490.00,,,,,,,,
16580,19-Apr-18,Cam Sur,PROXAZIN 500mg,1,"1,750.00"," 1,750.00 ",0.00,"1,750.00",450.00,450.00,"1,300.00",,,,,,,,
16581,11-Apr-18,Cam Sur,NEUROGIN 39.50mg,1,"2,850.00"," 2,850.00 ",0.00,"2,850.00",590.00,590.00,"2,260.00",,,,,,,,
16581,11-Apr-18,Cam Sur,FOCID 5mg,6,650.00," 3,900.00 ",0.00,"3,900.00",188.00,"1,128.00","2,772.00",,,,,,,,
16582,06-Apr-18,Cam Sur,BERCEF 250mg/5ml,6,350.00," 2,100.00 ",0.00,"2,100.00",148.00,888.00,"1,212.00",,,,,,,,
16582,06-Apr-18,Cam Sur,BERCEF 50mg/ml,6,140.00, 840.00 ,0.00,840.00,42.00,252.00,588.00,,,,,,,,
16583,12-Apr-18,Cam Sur,LACTAMOX 125mg/31.25mg/5ml,24,95.00," 2,280.00 ",0.00,"2,280.00",76.00,"1,824.00",456.00,,,,,,,,
16584,12-Apr-18,Cam Sur,HISTARIL 2mg/100mg,3,800.00," 2,400.00 ",0.00,"2,400.00",225.00,675.00,"1,725.00",,,,,,,,
16585,12-Apr-18,Cam Sur,LACTAMOX 125mg/31.25mg/5ml,6,190.00," 1,140.00 ",0.00,"1,140.00",76.00,456.00,684.00,,,,,,,,
16586,18-Apr-18,Cam Sur,HISTARIL 2mg/100mg,2,800.00," 1,600.00 ",0.00,"1,600.00",225.00,450.00,"1,150.00",,,,,,,,
16586,18-Apr-18,Cam Sur,CAPSUGEN FORTE,6,700.00," 4,200.00 ",0.00,"4,200.00",310.00,"1,860.00","2,340.00",,,,,,,,
16587,19-Apr-18,Cam Sur,BROADMETZ 125mg/5ml,12,68.00, 816.00 ,0.00,816.00,24.00,288.00,528.00,,,,,,,,
16587,19-Apr-18,Cam Sur,BROADMETZ 250mg/5ml,12,95.00," 1,140.00 ",0.00,"1,140.00",28.00,336.00,804.00,,,,,,,,
16587,19-Apr-18,Cam Sur,CLAXIC 500mg/125mg,2,"2,700.00"," 5,400.00 ",0.00,"5,400.00","1,174.00","2,348.00","3,052.00",,,,,,,,
16587,19-Apr-18,Cam Sur,COZOLE 200mg/40mg/5ml,14,68.00, 952.00 ,0.00,952.00,32.40,453.60,498.40,,,,,,,,
16587,19-Apr-18,Cam Sur,LACTAMOX 125mg/31.25mg/5ml,6,190.00," 1,140.00 ",0.00,"1,140.00",76.00,456.00,684.00,,,,,,,,
16587,19-Apr-18,Cam Sur,OBYDOSE,0.6,"1,050.00", 630.00 ,0.00,630.00,265.00,159.00,471.00,,,,,,,,
16588,19-Apr-18,Cam Sur,JAGAPLEX,1,"1,050.00"," 1,050.00 ",0.00,"1,050.00",395.00,395.00,655.00,,,,,,,,
16588,19-Apr-18,Cam Sur,HISTARIL 1mg/50mg/5ml,10,88.00, 880.00 ,0.00,880.00,24.47,244.70,635.30,,,,,,,,
16589,19-Apr-18,Cam Sur,MONILIASOL 500mg,1.92,750.00," 1,440.00 ",0.00,"1,440.00",240.00,460.80,979.20,,,,,,,,
16590,19-Apr-18,Cam Sur,PROXAZIN 500mg,1,"1,750.00"," 1,750.00 ",0.00,"1,750.00",450.00,450.00,"1,300.00",,,,,,,,
16591,19-Apr-18,Cam Sur,JAGAPLEX,2,"1,050.00"," 2,100.00 ",0.00,"2,100.00",395.00,790.00,"1,310.00",,,,,,,,
16592,19-Apr-18,Cam Sur,LACTAMOX 500mg/125mg,1,"2,700.00"," 2,700.00 ",0.00,"2,700.00","1,173.60","1,173.60","1,526.40",,,,,,,,
16593,19-Apr-18,Cam Sur,CAPSUGEN FORTE,1,"1,400.00"," 1,400.00 ",0.00,"1,400.00",310.00,310.00,"1,090.00",,,,,,,,
16594,19-Apr-18,Cam Sur,LACTAMOX 125mg/31.25mg/5ml,5,190.00, 950.00 ,0.00,950.00,76.00,380.00,570.00,,,,,,,,
16595,19-Apr-18,Cam Sur,JAGAPLEX,2,"1,050.00"," 2,100.00 ",0.00,"2,100.00",395.00,790.00,"1,310.00",,,,,,,,
16596,19-Apr-18,Cam Sur,CLAVIC 500mg/125mg,1,"2,700.00"," 2,700.00 ",0.00,"2,700.00","1,174.00","1,174.00","1,526.00",,,,,,,,
16597,19-Apr-18,Cam Sur,PROXAZIN 500mg,1,"1,750.00"," 1,750.00 ",0.00,"1,750.00",450.00,450.00,"1,300.00",,,,,,,,
16598,19-Apr-18,Cam Sur,JAGAPLEX 120ml,6,116.67, 700.00 ,0.00,700.00,47.00,282.00,418.00,,,,,,,,
16599,15-Apr-18,Cam Sur,LACTAMOX 250mg/62.5mg/5ml,15,250.00," 3,750.00 ",0.00,"3,750.00",130.00,"1,950.00","1,800.00",,,,,,,,
16600,19-Apr-18,Cam Sur,HISTARIL 1mg/50mg/5ml,6,83.00, 498.00 ,0.00,498.00,24.47,146.82,351.18,,,,,,,,
16601,26-Apr-18,Cam Sur,FORTIPLEX,2,"1,050.00"," 2,100.00 ",0.00,"2,100.00",270.00,540.00,"1,560.00",,,,,,,,
16602,26-Apr-18,Cam Sur,CEFZIME 750mg,1,"3,200.00"," 3,200.00 ",0.00,"3,200.00",750.00,750.00,"2,450.00",,,,,,,,
16602,26-Apr-18,Cam Sur,BERCEF 250mg/5ml,6,380.00," 2,280.00 ",0.00,"2,280.00",148.00,888.00,"1,392.00",,,,,,,,
16602,26-Apr-18,Cam Sur,BERCEF 50mg/ml,6,140.00, 840.00 ,0.00,840.00,42.00,252.00,588.00,,,,,,,,
16603,26-Apr-18,Cam Sur,EUROXIME 500mg,1,"3,000.00"," 3,000.00 ",0.00,"3,000.00","1,450.00","1,450.00","1,550.00",,,,,,,,
16604,26-Apr-18,Cam Sur,MONILIASOL 500mg,2,750.00," 1,500.00 ",0.00,"1,500.00",240.00,480.00,"1,020.00",,,,,,,,
16605,26-Apr-18,Cam Sur,LACTAMOX 125mg/31.25mg/5ml,10,190.00," 1,900.00 ",0.00,"1,900.00",76.00,760.00,"1,140.00",,,,,,,,
16606,26-Apr-18,Cam Sur,HISTARIL 1mg/50mg/5ml,10,88.00, 880.00 ,0.00,880.00,24.47,244.70,635.30,,,,,,,,
16607,27-Apr-18,Cam Sur,JAGA 300mg/100mg/100mcg,1,800.00, 800.00 ,0.00,800.00,345.00,345.00,455.00,,,,,,,,
16607,27-Apr-18,Cam Sur,LACTAMOX 125mg/31.25mg/5ml,24,95.00," 2,280.00 ",0.00,"2,280.00",76.00,"1,824.00",456.00,,,,,,,,
16608,22-Apr-18,Cam Sur,HISTARIL 1mg/50mg/5ml,10,88.00, 880.00 ,0.00,880.00,24.47,244.70,635.30,,,,,,,,
16609,20-Apr-18,Cam Sur,CAPSUGEN FORTE,6,600.00," 3,600.00 ",0.00,"3,600.00",310.00,"1,860.00","1,740.00",,,,,,,,
16610,30-Apr-18,Cam Sur,HISTARIL 1mg/50mg/5ml,20,88.00," 1,760.00 ",0.00,"1,760.00",24.47,489.40,"1,270.60",,,,,,,,
16611,30-Apr-18,Cam Sur,NERVAPLEX 500mg,2,"1,600.00"," 3,200.00 ",0.00,"3,200.00",458.00,916.00,"2,284.00",,,,,,,,
16612,30-Apr-18,Cam Sur,CLAXIC 500mg/125mg,1,"2,700.00"," 2,700.00 ",0.00,"2,700.00","1,174.00","1,174.00","1,526.00",,,,,,,,
16613,02-May-18,Cam Sur,CAPSUGEN FORTE,3,"1,400.00"," 4,200.00 ",0.00,"4,200.00",310.00,930.00,"3,270.00",,,,,,,,
16614,03-May-18,Cam Sur,JAGAPLEX,1,"1,050.00"," 1,050.00 ",0.00,"1,050.00",395.00,395.00,655.00,,,,,,,,
16614,03-May-18,Cam Sur,MONILIASOL 500mg,1,750.00, 750.00 ,0.00,750.00,240.00,240.00,510.00,,,,,,,,
16614,03-May-18,Cam Sur,DOLO JAGA 500mg/50mg/100mg/100mcg,1,"1,600.00"," 1,600.00 ",0.00,"1,600.00",481.00,481.00,"1,119.00",,,,,,,,
16615,03-May-18,Cam Sur,MONILIASOL 125mg/5ml,10,75.00, 750.00 ,0.00,750.00,26.00,260.00,490.00,,,,,,,,
16616,10-May-18,Cam Sur,LACTAMOX 250mg/62.5mg/5ml,10,310.00," 3,100.00 ",0.00,"3,100.00",130.00,"1,300.00","1,800.00",,,,,,,,
16617,10-May-18,Cam Sur,CAPSUGEN FORTE,2,"1,200.00"," 2,400.00 ",0.00,"2,400.00",310.00,620.00,"1,780.00",,,,,,,,
16617,10-May-18,Cam Sur,MONILIASOL 125mg/5ml,20,75.00," 1,500.00 ",0.00,"1,500.00",26.00,520.00,980.00,,,,,,,,
16617,10-May-18,Cam Sur,AMOLTEX 2mg/5ml,4,68.00, 272.00 ,0.00,272.00,20.00,80.00,192.00,,,,,,,,
16618,11-May-18,Cam Sur,LACTAMOX 125mg/31.25mg/5ml,10,95.00, 950.00 ,0.00,950.00,76.00,760.00,190.00,,,,,,,,
16619,04-May-18,Cam Sur,LACTAMOX 125mg/31.25mg/5ml,17,190.00," 3,230.00 ",0.00,"3,230.00",76.00,"1,292.00","1,938.00",,,,,,,,
16620,15-May-18,Cam Sur,JAGA 300mg/100mg/100mcg,2,800.00," 1,600.00 ",0.00,"1,600.00",345.00,690.00,910.00,,,,,,,,
16620,15-May-18,Cam Sur,CAPSUGEN FORTE,6,600.00," 3,600.00 ",0.00,"3,600.00",310.00,"1,860.00","1,740.00",,,,,,,,
16621,16-May-18,Cam Sur,CENDALEX 125mg/5ml,6,100.00, 600.00 ,0.00,600.00,35.00,210.00,390.00,,,,,,,,
16621,16-May-18,Cam Sur,CENDALEX 250mg/5ml,6,125.00, 750.00 ,0.00,750.00,55.00,330.00,420.00,,,,,,,,
16621,16-May-18,Cam Sur,BROADMETZ 125mg/5ml,12,68.00, 816.00 ,0.00,816.00,24.00,288.00,528.00,,,,,,,,
16621,16-May-18,Cam Sur,BROADMETZ 250mg/5ml,12,95.00," 1,140.00 ",0.00,"1,140.00",28.00,336.00,804.00,,,,,,,,
16621,16-May-18,Cam Sur,COZOLE 200mg/40mg/5ml,20,90.00," 1,800.00 ",0.00,"1,800.00",32.40,648.00,"1,152.00",,,,,,,,
16621,16-May-18,Cam Sur,INTRAPLEM 50mg/ml - Drops,12,75.00, 900.00 ,0.00,900.00,23.00,276.00,624.00,,,,,,,,
16622,16-May-18,Cam Sur,ENERGEL SOFTGEL,2,"1,950.00"," 3,900.00 ",0.00,"3,900.00",550.00,"1,100.00","2,800.00",,,,,,,,
16622,16-May-18,Cam Sur,BROADMETZ 500mg,2,"1,050.00"," 2,100.00 ",0.00,"2,100.00",319.00,638.00,"1,462.00",,,,,,,,
16622,16-May-18,Cam Sur,LACTAMOX 500mg/125mg,2,"2,700.00"," 5,400.00 ",0.00,"5,400.00","1,174.00","2,348.00","3,052.00",,,,,,,,
16622,16-May-18,Cam Sur,EUROXIME 500mg,1,"3,000.00"," 3,000.00 ",0.00,"3,000.00","1,450.00","1,450.00","1,550.00",,,,,,,,
16622,16-May-18,Cam Sur,CENDALEX 500mg,2,900.00," 1,800.00 ",0.00,"1,800.00",300.00,600.00,"1,200.00",,,,,,,,
16622,16-May-18,Cam Sur,PARTEN 50mg,1,750.00, 750.00 ,0.00,750.00,115.00,115.00,635.00,,,,,,,,
16623,16-May-18,Cam Sur,CIFROX 500mg,1,"1,750.00"," 1,750.00 ",0.00,"1,750.00",450.00,450.00,"1,300.00",,,,,,,,
16624,16-May-18,Cam Sur,EUROXIME 500mg,1,"3,000.00"," 3,000.00 ",0.00,"3,000.00","1,450.00","1,450.00","1,550.00",,,,,,,,
16625,16-May-18,Cam Sur,LACTAMOX 500mg/125mg,2,"2,700.00"," 5,400.00 ",0.00,"5,400.00","1,174.00","2,348.00","3,052.00",,,,,,,,
16626,16-May-18,Cam Sur,BROADMETZ 100mg/ml,2,"1,050.00"," 2,100.00 ",420.00,"1,680.00",22.00,44.00,"1,636.00",,,,,,,,
16626,16-May-18,Cam Sur,CINNABLOC 25mg,4,500.00," 2,000.00 ",400.00,"1,600.00",133.00,532.00,"1,068.00",,,,,,,,
16627,16-May-18,Cam Sur,CIFROX 500mg,1,"1,750.00"," 1,750.00 ",0.00,"1,750.00",450.00,450.00,"1,300.00",,,,,,,,
16628,16-May-18,Cam Sur,LACTAMOX 500mg/125mg,2,"2,700.00"," 5,400.00 ",0.00,"5,400.00","1,174.00","2,348.00","3,052.00",,,,,,,,
16629,16-May-18,Cam Sur,LACTAMOX 500mg/125mg,2,"2,700.00"," 5,400.00 ",0.00,"5,400.00","1,174.00","2,348.00","3,052.00",,,,,,,,
16629,16-May-18,Cam Sur,CIFROX 500mg,1,"1,750.00"," 1,750.00 ",0.00,"1,750.00",450.00,450.00,"1,300.00",,,,,,,,
16630,17-May-18,Cam Sur,PENCHLOR 1mg/800mcg,12,88.00," 1,056.00 ",0.00,"1,056.00",31.00,372.00,684.00,,,,,,,,
16631,17-May-18,Cam Sur,FORTIPLEX,2,"1,050.00"," 2,100.00 ",0.00,"2,100.00",270.00,540.00,"1,560.00",,,,,,,,
16632,26-May-18,Cam Sur,LACTAMOX 500mg/125mg,1,"2,700.00"," 2,700.00 ",0.00,"2,700.00","1,173.60","1,173.60","1,526.40",,,,,,,,
16633,23-May-18,Cam Sur,LACTAMOX 250mg/62.5mg/5ml,10,310.00," 3,100.00 ",0.00,"3,100.00",130.00,"1,300.00","1,800.00",,,,,,,,
16634,23-May-18,Cam Sur,MONILIASOL 125mg/5ml,14,75.00," 1,050.00 ",0.00,"1,050.00",26.00,364.00,686.00,,,,,,,,
16635,23-May-18,Cam Sur,HISTARIL 1mg/50mg/5ml,12,88.00," 1,056.00 ",0.00,"1,056.00",24.47,293.64,762.36,,,,,,,,
16636,23-May-18,Cam Sur,ENERGEL SOFTGEL,2,"1,770.00"," 3,540.00 ",0.00,"3,540.00",550.00,"1,100.00","2,440.00",,,,,,,,
16637,23-May-18,Cam Sur,METMIC 500mg,2,750.00," 1,500.00 ",0.00,"1,500.00",228.00,456.00,"1,044.00",,,,,,,,
16638,23-May-18,Cam Sur,MONILIASOL 500mg,2,750.00," 1,500.00 ",0.00,"1,500.00",240.00,480.00,"1,020.00",,,,,,,,
16639,23-May-18,Cam Sur,ZETIFEN 125mg/5ml,12,68.00, 816.00 ,0.00,816.00,21.00,252.00,564.00,,,,,,,,
16640,23-May-18,Cam Sur,LACTAMOX 125mg/31.25mg/5ml,6,190.00," 1,140.00 ",0.00,"1,140.00",76.00,456.00,684.00,,,,,,,,
16640,23-May-18,Cam Sur,LACTAMOX 250mg/62.5mg/5ml,4,310.00," 1,240.00 ",0.00,"1,240.00",130.00,520.00,720.00,,,,,,,,
16641,23-May-18,Cam Sur,CENDALEX 125mg/5ml,6,100.00, 600.00 ,0.00,600.00,35.00,210.00,390.00,,,,,,,,
16641,23-May-18,Cam Sur,CENDALEX 250mg/5ml,6,125.00, 750.00 ,0.00,750.00,55.00,330.00,420.00,,,,,,,,
16642,23-May-18,Cam Sur,COZOLE 200mg/40mg/5ml,10,98.00, 980.00 ,0.00,980.00,32.40,324.00,656.00,,,,,,,,
16643,23-May-18,Cam Sur,CEFZIME 750mg,1,"3,800.00"," 3,800.00 ",0.00,"3,800.00",750.00,750.00,"3,050.00",,,,,,,,
16643,23-May-18,Cam Sur,EUROGYL 5mg/ml (500mg/100ml),6,120.00, 720.00 ,0.00,720.00,23.00,138.00,582.00,,,,,,,,
16644,23-May-18,Cam Sur,HISTARIL 1mg/50mg/5ml,12,88.00," 1,056.00 ",0.00,"1,056.00",24.47,293.64,762.36,,,,,,,,
16645,23-May-18,Cam Sur,MONILIASOL 500mg,2,750.00," 1,500.00 ",0.00,"1,500.00",240.00,480.00,"1,020.00",,,,,,,,
16645,23-May-18,Cam Sur,ZETIFEN 250mg/5ml,12,80.00, 960.00 ,0.00,960.00,23.00,276.00,684.00,,,,,,,,
16645,23-May-18,Cam Sur,BROADMETZ 100mg/ml,12,60.00, 720.00 ,0.00,720.00,22.00,264.00,456.00,,,,,,,,
16645,23-May-18,Cam Sur,METMIC 500mg,2,750.00," 1,500.00 ",0.00,"1,500.00",228.00,456.00,"1,044.00",,,,,,,,
16646,23-May-18,Cam Sur,MONILIASOL 125mg/5ml,12,75.00, 900.00 ,0.00,900.00,26.00,312.00,588.00,,,,,,,,
16647,23-May-18,Cam Sur,CINNABLOC 25mg,4,500.00," 2,000.00 ",0.00,"2,000.00",133.00,532.00,"1,468.00",,,,,,,,
16648,13-May-18,Cam Sur,CIFROX 500mg,1,"1,475.00"," 1,475.00 ",0.00,"1,475.00",450.00,450.00,"1,025.00",,,,,,,,
16649,24-May-18,Cam Sur,DOLO JAGA 500mg/50mg/100mg/100mcg,1,"1,600.00"," 1,600.00 ",160.00,"1,440.00",481.00,481.00,959.00,,,,,,,,
16650,24-May-18,Cam Sur,TOSYLAM 750mg,3,"1,833.33"," 5,500.00 ",0.00,"5,500.00",980.00,"2,940.00","2,560.00",,,,,,,,
16901,28-May-18,Cam Sur,LACTAMOX 250mg/62.5mg/5ml,5,310.00," 1,550.00 ",0.00,"1,550.00",130.00,650.00,900.00,,,,,,,,
16901,28-May-18,Cam Sur,JAGA 300mg/100mg/100mcg,1,"1,600.00"," 1,600.00 ",0.00,"1,600.00",345.00,345.00,"1,255.00",,,,,,,,
16901,28-May-18,Cam Sur,LACTAMOX 125mg/31.25mg/5ml,12,190.00," 2,280.00 ",0.00,"2,280.00",76.00,912.00,"1,368.00",,,,,,,,
16901,28-May-18,Cam Sur,LACTAMOX 500mg/125mg,1,"2,700.00"," 2,700.00 ",0.00,"2,700.00","1,174.00","1,174.00","1,526.00",,,,,,,,
16902,28-May-18,Cam Sur,LACTAMOX 500mg/125mg,1,"2,700.00"," 2,700.00 ",0.00,"2,700.00","1,174.00","1,174.00","1,526.00",,,,,,,,
16903,30-May-18,Cam Sur,LACTAMOX 125mg/31.25mg/5ml,19,95.00," 1,805.00 ",0.00,"1,805.00",76.00,"1,444.00",361.00,,,,,,,,
16903,30-May-18,Cam Sur,CAPSUGEN FORTE,2,600.00," 1,200.00 ",0.00,"1,200.00",310.00,620.00,580.00,,,,,,,,
16904,30-May-18,Cam Sur,JAGA 300mg/100mg/100mcg,1,"1,600.00"," 1,600.00 ",0.00,"1,600.00",345.00,345.00,"1,255.00",,,,,,,,
16905,30-May-18,Cam Sur,HISTARIL 2mg/100mg,0.98,800.00, 784.00 ,0.00,784.00,225.00,220.50,563.50,,,,,,,,
16906,30-May-18,Cam Sur,BUPIRIGHT 5mg/ml,2,"2,500.00"," 5,000.00 ",0.00,"5,000.00",825.00,"1,650.00","3,350.00",,,,,,,,
16907,02-Jun-18,Cam Sur,NERVAPLEX 500mg,2,"1,600.00"," 3,200.00 ",960.00,"2,240.00",458.00,916.00,"1,324.00",,,,,,,,
16908,02-Jun-18,Cam Sur,JAGAPLEX,3,800.00," 2,400.00 ",0.00,"2,400.00",395.00,"1,185.00","1,215.00",,,,,,,,
16909,05-Jun-18,Cam Sur,HISTARIL 1mg/50mg/5ml,20,88.00," 1,760.00 ",0.00,"1,760.00",24.47,489.40,"1,270.60",,,,,,,,
16910,05-Jun-18,Cam Sur,ENERGEL SOFTGEL,2,"1,770.00"," 3,540.00 ",0.00,"3,540.00",550.00,"1,100.00","2,440.00",,,,,,,,
16911,05-Jun-18,Cam Sur,JAGA 300mg/100mg/100mcg,1,"1,600.00"," 1,600.00 ",0.00,"1,600.00",345.00,345.00,"1,255.00",,,,,,,,
16912,05-Jun-18,Cam Sur,DOLO JAGA 500mg/50mg/100mg/100mcg,1,"1,600.00"," 1,600.00 ",0.00,"1,600.00",481.00,481.00,"1,119.00",,,,,,,,
16913,05-Jun-18,Cam Sur,NERVAPLEX 500mg,1,"1,600.00"," 1,600.00 ",0.00,"1,600.00",458.00,458.00,"1,142.00",,,,,,,,
16914,05-Jun-18,Cam Sur,MONILIASOL 125mg/5ml,10,75.00, 750.00 ,0.00,750.00,26.00,260.00,490.00,,,,,,,,
16915,05-Jun-18,Cam Sur,MONILIASOL 500mg,2,750.00," 1,500.00 ",0.00,"1,500.00",240.00,480.00,"1,020.00",,,,,,,,
16916,05-Jun-18,Cam Sur,LACTAMOX 500mg/125mg,1,"2,700.00"," 2,700.00 ",0.00,"2,700.00","1,174.00","1,174.00","1,526.00",,,,,,,,
16917,05-Jun-18,Cam Sur,LACTAMOX 125mg/31.25mg/5ml,12,190.00," 2,280.00 ",0.00,"2,280.00",76.00,912.00,"1,368.00",,,,,,,,
16918,05-Jun-18,Cam Sur,LACTAMOX 250mg/62.5mg/5ml,12,310.00," 3,720.00 ",0.00,"3,720.00",130.00,"1,560.00","2,160.00",,,,,,,,
16919,05-Jun-18,Cam Sur,CENDALEX 250mg/5ml,12,125.00," 1,500.00 ",0.00,"1,500.00",55.00,660.00,840.00,,,,,,,,
16920,05-Jun-18,Cam Sur,MULTI GROW 120ml,9,200.00," 1,800.00 ",0.00,"1,800.00",75.00,675.00,"1,125.00",,,,,,,,
16921,05-Jun-18,Cam Sur,COZOLE 200mg/40mg/5ml,10,90.00, 900.00 ,0.00,900.00,32.40,324.00,576.00,,,,,,,,
16921,05-Jun-18,Cam Sur,BERCEF 50mg/ml,10,140.00," 1,400.00 ",0.00,"1,400.00",42.00,420.00,980.00,,,,,,,,
16921,05-Jun-18,Cam Sur,MONILIASOL 125mg/5ml,6,75.00, 450.00 ,0.00,450.00,26.00,156.00,294.00,,,,,,,,
16922,08-Jun-18,Cam Sur,LACTAMOX 125mg/31.25mg/5ml,11,95.00," 1,045.00 ",0.00,"1,045.00",76.00,836.00,209.00,,,,,,,,
16922,08-Jun-18,Cam Sur,CAPSUGEN FORTE,2,600.00," 1,200.00 ",0.00,"1,200.00",310.00,620.00,580.00,,,,,,,,
16922,08-Jun-18,Cam Sur,JAGA 300mg/100mg/100mcg,2,800.00," 1,600.00 ",0.00,"1,600.00",345.00,690.00,910.00,,,,,,,,
16923,13-Jun-18,Cam Sur,PARTEN 50mg,1,750.00, 750.00 ,0.00,750.00,115.00,115.00,635.00,,,,,,,,
16923,13-Jun-18,Cam Sur,MONILIASOL 125mg/5ml,10,75.00, 750.00 ,0.00,750.00,26.00,260.00,490.00,,,,,,,,
16923,13-Jun-18,Cam Sur,COZOLE 200mg/40mg/5ml,20,90.00," 1,800.00 ",0.00,"1,800.00",32.40,648.00,"1,152.00",,,,,,,,
16923,13-Jun-18,Cam Sur,LACTAMOX 250mg/62.5mg/5ml,8,310.00," 2,480.00 ",0.00,"2,480.00",130.00,"1,040.00","1,440.00",,,,,,,,
16923,13-Jun-18,Cam Sur,ENERGEL SOFTGEL,2,"1,950.00"," 3,900.00 ",0.00,"3,900.00",550.00,"1,100.00","2,800.00",,,,,,,,
16923,13-Jun-18,Cam Sur,LACTAMOX 500mg/125mg,2,"2,700.00"," 5,400.00 ",0.00,"5,400.00","1,174.00","2,348.00","3,052.00",,,,,,,,
16924,13-Jun-18,Cam Sur,LACTAMOX 125mg/31.25mg/5ml,10,190.00," 1,900.00 ",0.00,"1,900.00",76.00,760.00,"1,140.00",,,,,,,,
16925,13-Jun-18,Cam Sur,LACTAMOX 250mg/62.5mg/5ml,16,310.00," 4,960.00 ",0.00,"4,960.00",130.00,"2,080.00","2,880.00",,,,,,,,
16926,13-Jun-18,Cam Sur,LACTAMOX 500mg/125mg,1,"2,700.00"," 2,700.00 ",0.00,"2,700.00","1,174.00","1,174.00","1,526.00",,,,,,,,
16927,13-Jun-18,Cam Sur,HISTARIL 1mg/50mg/5ml,16,83.50," 1,336.00 ",0.00,"1,336.00",24.47,391.52,944.48,,,,,,,,
16928,14-Jun-18,Cam Sur,CAPSUGEN FORTE,4,600.00," 2,400.00 ",0.00,"2,400.00",310.00,"1,240.00","1,160.00",,,,,,,,
16929,14-Jun-18,Cam Sur,HYPRO 10mg/20ml,10,450.00," 4,500.00 ",0.00,"4,500.00",182.00,"1,820.00","2,680.00",,,,,,,,
16930,18-Jun-18,Cam Sur,JAGAPLEX 120ml,6,116.67, 700.00 ,0.00,700.00,47.00,282.00,418.00,,,,,,,,
16931,18-Jun-18,Cam Sur,MONILIASOL 125mg/5ml,15,75.00," 1,125.00 ",0.00,"1,125.00",26.00,390.00,735.00,,,,,,,,
16932,18-Jun-18,Cam Sur,AMOLTEX 2mg/5ml,6,68.00, 408.00 ,0.00,408.00,20.00,120.00,288.00,,,,,,,,
16933,18-Jun-18,Cam Sur,CIFROX 500mg,2,"1,750.00"," 3,500.00 ",0.00,"3,500.00",450.00,900.00,"2,600.00",,,,,,,,
16934,18-Jun-18,Cam Sur,LACTAMOX 500mg/125mg,1,"2,700.00"," 2,700.00 ",0.00,"2,700.00","1,174.00","1,174.00","1,526.00",,,,,,,,
16935,18-Jun-18,Cam Sur,NERVAPLEX 500mg,1,"1,600.00"," 1,600.00 ",0.00,"1,600.00",458.00,458.00,"1,142.00",,,,,,,,
16936,18-Jun-18,Cam Sur,COZOLE 200mg/40mg/5ml,11,90.00, 990.00 ,0.00,990.00,32.40,356.40,633.60,,,,,,,,
16937,18-Jun-18,Cam Sur,FORTIPLEX,2,"1,050.00"," 2,100.00 ",0.00,"2,100.00",270.00,540.00,"1,560.00",,,,,,,,
16938,18-Jun-18,Cam Sur,CIFROX 500mg,2,"1,750.00"," 3,500.00 ",0.00,"3,500.00",450.00,900.00,"2,600.00",,,,,,,,
16939,19-Jun-18,Cam Sur,LACTAMOX 500mg/125mg,1,"2,700.00"," 2,700.00 ",810.00,"1,890.00","1,174.00","1,174.00",716.00,,,,,,,,
16940,19-Jun-18,Cam Sur,LACTAMOX 500mg/125mg,1,"2,700.00"," 2,700.00 ",0.00,"2,700.00","1,174.00","1,174.00","1,526.00",,,,,,,,
16941,19-Jun-18,Cam Sur,FORTIPLEX,1,"1,050.00"," 1,050.00 ",0.00,"1,050.00",270.00,270.00,780.00,,,,,,,,
16942,20-Jun-18,Cam Sur,NERVAPLEX 500mg,1,"1,600.00"," 1,600.00 ",0.00,"1,600.00",458.00,458.00,"1,142.00",,,,,,,,
16943,23-Jun-18,Cam Sur,CAPSUGEN FORTE,4,600.00," 2,400.00 ",0.00,"2,400.00",310.00,"1,240.00","1,160.00",,,,,,,,
16944,23-Jun-18,Cam Sur,LACTAMOX 125mg/31.25mg/5ml,14,95.00," 1,330.00 ",0.00,"1,330.00",76.00,"1,064.00",266.00,,,,,,,,
16945,23-Jun-18,Cam Sur,LACTAMOX 125mg/31.25mg/5ml,6,190.00," 1,140.00 ",0.00,"1,140.00",76.00,456.00,684.00,,,,,,,,
16946,23-Jun-18,Cam Sur,EUROXIME 250mg/5ml,6,400.00," 2,400.00 ",0.00,"2,400.00",139.00,834.00,"1,566.00",,,,,,,,
16946,23-Jun-18,Cam Sur,CENDALEX 250mg/5ml,4,125.00, 500.00 ,0.00,500.00,55.00,220.00,280.00,,,,,,,,
16946,23-Jun-18,Cam Sur,CENDALEX 125mg/5ml,8,100.00, 800.00 ,0.00,800.00,35.00,280.00,520.00,,,,,,,,
16946,23-Jun-18,Cam Sur,LACTAMOX 125mg/31.25mg/5ml,6,190.00," 1,140.00 ",0.00,"1,140.00",76.00,456.00,684.00,,,,,,,,
16946,23-Jun-18,Cam Sur,ZETIFEN 125mg/5ml,6,68.00, 408.00 ,0.00,408.00,21.00,126.00,282.00,,,,,,,,
16946,23-Jun-18,Cam Sur,MONILIASOL 125mg/5ml,12,75.00, 900.00 ,0.00,900.00,26.00,312.00,588.00,,,,,,,,
16947,25-Jun-18,Cam Sur,LACTAMOX 500mg/125mg,2,"2,700.00"," 5,400.00 ",0.00,"5,400.00","1,173.60","2,347.20","3,052.80",,,,,,,,
16947,25-Jun-18,Cam Sur,PARTEN 50mg,2,750.00," 1,500.00 ",0.00,"1,500.00",115.00,230.00,"1,270.00",,,,,,,,
16947,25-Jun-18,Cam Sur,LOZAK,2,"1,250.00"," 2,500.00 ",0.00,"2,500.00",270.00,540.00,"1,960.00",,,,,,,,
16947,25-Jun-18,Cam Sur,MONILIASOL 500mg,2,750.00," 1,500.00 ",0.00,"1,500.00",240.00,480.00,"1,020.00",,,,,,,,
16947,25-Jun-18,Cam Sur,ENCLOXIL 500mg,1,"1,800.00"," 1,800.00 ",0.00,"1,800.00",540.00,540.00,"1,260.00",,,,,,,,
16947,25-Jun-18,Cam Sur,ZAFEX 500mg,2,"3,000.00"," 6,000.00 ",0.00,"6,000.00","1,450.00","2,900.00","3,100.00",,,,,,,,
16948,25-Jun-18,Cam Sur,MONILIASOL 500mg,2,750.00," 1,500.00 ",0.00,"1,500.00",240.00,480.00,"1,020.00",,,,,,,,
16949,25-Jun-18,Cam Sur,LACTAMOX 250mg/62.5mg/5ml,6,310.00," 1,860.00 ",0.00,"1,860.00",130.00,780.00,"1,080.00",,,,,,,,
16950,25-Jun-18,Cam Sur,LACTAMOX 500mg/125mg,1,"2,700.00"," 2,700.00 ",0.00,"2,700.00","1,174.00","1,174.00","1,526.00",,,,,,,,
17401,12-Oct-18,Cam Sur,MONILIASOL 125mg/5ml,15,75.00," 1,125.00 ",0.00,"1,125.00",26.00,390.00,735.00,,,,,,,,
17402,12-Oct-18,Cam Sur,ENERGEL SOFTGEL,1,"1,770.00"," 1,770.00 ",0.00,"1,770.00",550.00,550.00,"1,220.00",,,,,,,,
17403,12-Oct-18,Cam Sur,HISTARIL 1mg/50mg/5ml,22,88.00," 1,936.00 ",0.00,"1,936.00",24.47,538.34,"1,397.66",,,,,,,,
17404,12-Oct-18,Cam Sur,MONILIASOL 125mg/5ml,15,55.00, 825.00 ,0.00,825.00,26.00,390.00,435.00,,,,,,,,
17405,12-Oct-18,Cam Sur,LACTAMOX 500mg/125mg,2,"2,880.00"," 5,760.00 ",0.00,"5,760.00","1,174.00","2,348.00","3,412.00",,,,,,,,
17406,12-Oct-18,Cam Sur,CIFROX 500mg,2,"1,750.00"," 3,500.00 ",0.00,"3,500.00",450.00,900.00,"2,600.00",,,,,,,,
17407,12-Oct-18,Cam Sur,CINNABLOC 25mg,2,500.00," 1,000.00 ",0.00,"1,000.00",133.00,266.00,734.00,,,,,,,,
17407,12-Oct-18,Cam Sur,MONILIASOL 125mg/5ml,16,75.00," 1,200.00 ",0.00,"1,200.00",26.00,416.00,784.00,,,,,,,,
17407,12-Oct-18,Cam Sur,ZETIFEN 250mg/5ml,12,80.00, 960.00 ,0.00,960.00,23.00,276.00,684.00,,,,,,,,
17407,12-Oct-18,Cam Sur,BERCEF 50mg/ml,12,145.00," 1,740.00 ",0.00,"1,740.00",42.00,504.00,"1,236.00",,,,,,,,
17407,12-Oct-18,Cam Sur,ENERGEL SOFTGEL,1,"1,950.00"," 1,950.00 ",0.00,"1,950.00",550.00,550.00,"1,400.00",,,,,,,,
17407,12-Oct-18,Cam Sur,LACTAMOX 500mg/125mg,2,"3,000.00"," 6,000.00 ",0.00,"6,000.00","1,174.00","2,348.00","3,652.00",,,,,,,,
17408,12-Oct-18,Cam Sur,BROXIL-M 15mg/5ml,6,125.00, 750.00 ,0.00,750.00,23.00,138.00,612.00,,,,,,,,
17409,17-Oct-18,Cam Sur,LACTAMOX 250mg/62.5mg/5ml,6,450.00," 2,700.00 ",0.00,"2,700.00",130.00,780.00,"1,920.00",,,,,,,,
17410,17-Oct-18,Cam Sur,LACTAMOX 125mg/31.25mg/5ml,6,310.00," 1,860.00 ",0.00,"1,860.00",76.00,456.00,"1,404.00",,,,,,,,
17411,18-Oct-18,Cam Sur,LACTAMOX 250mg/62.5mg/5ml,6,450.00," 2,700.00 ",0.00,"2,700.00",130.00,780.00,"1,920.00",,,,,,,,
17412,18-Oct-18,Cam Sur,LACTAMOX 500mg/125mg,1,"2,880.00"," 2,880.00 ",0.00,"2,880.00","1,174.00","1,174.00","1,706.00",,,,,,,,
17413,18-Oct-18,Cam Sur,CENDALEX 250mg/5ml,12,125.00," 1,500.00 ",0.00,"1,500.00",55.00,660.00,840.00,,,,,,,,
17414,18-Oct-18,Cam Sur,LACTAMOX 125mg/31.25mg/5ml,10,310.00," 3,100.00 ",0.00,"3,100.00",76.00,760.00,"2,340.00",,,,,,,,
17414,18-Oct-18,Cam Sur,COZOLE 200mg/40mg/5ml,12,90.00," 1,080.00 ",0.00,"1,080.00",32.40,388.80,691.20,,,,,,,,
17414,18-Oct-18,Cam Sur,ZETIFEN 125mg/5ml,7,68.00, 476.00 ,0.00,476.00,21.00,147.00,329.00,,,,,,,,
17415,18-Oct-18,Cam Sur,MONILIASOL 125mg/5ml,10,75.00, 750.00 ,0.00,750.00,26.00,260.00,490.00,,,,,,,,
17415,18-Oct-18,Cam Sur,LACTAMOX 250mg/62.5mg/5ml,6,450.00," 2,700.00 ",0.00,"2,700.00",130.00,780.00,"1,920.00",,,,,,,,
17416,19-Oct-18,Cam Sur,DOLO JAGA 500mg/50mg/100mg/100mcg,2,"1,100.00"," 2,200.00 ",0.00,"2,200.00",481.00,962.00,"1,238.00",,,,,,,,
17417,19-Oct-18,Cam Sur,JAGA 300mg/100mg/100mcg,1,"1,600.00"," 1,600.00 ",0.00,"1,600.00",345.00,345.00,"1,255.00",,,,,,,,
17418,25-Oct-18,Cam Sur,MULTI GROW 120ml,6,200.00," 1,200.00 ",0.00,"1,200.00",75.00,450.00,750.00,,,,,,,,
17418,25-Oct-18,Cam Sur,EUROGYL 5mg/ml (500mg/100ml),10,120.00," 1,200.00 ",0.00,"1,200.00",23.00,230.00,970.00,,,,,,,,
17418,25-Oct-18,Cam Sur,LACTAMOX 250mg/62.5mg/5ml,6,450.00," 2,700.00 ",0.00,"2,700.00",130.00,780.00,"1,920.00",,,,,,,,
17418,25-Oct-18,Cam Sur,TERMAGEN 500mg,2,550.00," 1,100.00 ",0.00,"1,100.00",60.00,120.00,980.00,,,,,,,,
17418,25-Oct-18,Cam Sur,HISTARIL 1mg/50mg/5ml,11,88.00, 968.00 ,0.00,968.00,24.47,269.17,698.83,,,,,,,,
17418,25-Oct-18,Cam Sur,ALGICAP 50mg/5ml,12,68.00, 816.00 ,0.00,816.00,24.00,288.00,528.00,,,,,,,,
17419,25-Oct-18,Cam Sur,MULTI GROW 120ml,6,200.00," 1,200.00 ",0.00,"1,200.00",75.00,450.00,750.00,,,,,,,,
17420,25-Oct-18,Cam Sur,CENDALEX 125mg/5ml,12,100.00," 1,200.00 ",0.00,"1,200.00",35.00,420.00,780.00,,,,,,,,
17421,25-Oct-18,Cam Sur,CIFROX 500mg,1,"1,750.00"," 1,750.00 ",0.00,"1,750.00",450.00,450.00,"1,300.00",,,,,,,,
17422,25-Oct-18,Cam Sur,NERVAPLEX 500mg,1,"1,600.00"," 1,600.00 ",0.00,"1,600.00",458.00,458.00,"1,142.00",,,,,,,,
17423,26-Oct-18,Cam Sur,JAGA 300mg/100mg/100mcg,1,800.00, 800.00 ,0.00,800.00,345.00,345.00,455.00,,,,,,,,
17423,26-Oct-18,Cam Sur,DOLO JAGA 500mg/50mg/100mg/100mcg,1,"1,100.00"," 1,100.00 ",0.00,"1,100.00",481.00,481.00,619.00,,,,,,,,
17424,27-Oct-18,Cam Sur,ZAFEX 500mg,1,"3,000.00"," 3,000.00 ",900.00,"2,100.00","1,450.00","1,450.00",650.00,,,,,,,,
17425,27-Oct-18,Cam Sur,HISTARIL 1mg/50mg/5ml,13,88.00," 1,144.00 ",0.00,"1,144.00",24.47,318.11,825.89,,,,,,,,
17426,27-Oct-18,Cam Sur,ORNEXIN 325mg/10mg/5mg,6,140.00, 840.00 ,0.00,840.00,43.00,258.00,582.00,,,,,,,,
17427,27-Oct-18,Cam Sur,LACTAMOX 500mg/125mg,1,"2,880.00"," 2,880.00 ",0.00,"2,880.00","1,174.00","1,174.00","1,706.00",,,,,,,,
17428,30-Oct-18,Cam Sur,LACTAMOX 500mg/125mg,1,"3,000.00"," 3,000.00 ",0.00,"3,000.00","1,174.00","1,174.00","1,826.00",,,,,,,,
17428,30-Oct-18,Cam Sur,GIAN ZINC 120ml,10,200.00," 2,000.00 ",0.00,"2,000.00",75.00,750.00,"1,250.00",,,,,,,,
17428,30-Oct-18,Cam Sur,LACTAMOX 250mg/62.5mg/5ml,7,450.00," 3,150.00 ",0.00,"3,150.00",130.00,910.00,"2,240.00",,,,,,,,
17428,30-Oct-18,Cam Sur,LEIVICLOX 250mg,12,250.00," 3,000.00 ",0.00,"3,000.00",68.00,816.00,"2,184.00",,,,,,,,
17428,30-Oct-18,Cam Sur,ORNEXIN 325mg/10mg/5mg,4,140.00, 560.00 ,0.00,560.00,43.00,172.00,388.00,,,,,,,,
17429,30-Oct-18,Cam Sur,MONILIASOL 125mg/5ml,14,75.00," 1,050.00 ",0.00,"1,050.00",26.00,364.00,686.00,,,,,,,,
17430,05-Nov-18,Cam Sur,LACTAMOX 250mg/62.5mg/5ml,8,450.00," 3,600.00 ",0.00,"3,600.00",130.00,"1,040.00","2,560.00",,,,,,,,
17431,05-Nov-18,Cam Sur,HISTARIL 1mg/50mg/5ml,3,88.00, 264.00 ,0.00,264.00,24.47,73.41,190.59,,,,,,,,
17431,05-Nov-18,Cam Sur,MONILIASOL 125mg/5ml,10,75.00, 750.00 ,0.00,750.00,26.00,260.00,490.00,,,,,,,,
17432,05-Nov-18,Cam Sur,MONILIASOL 125mg/5ml,10,55.00, 550.00 ,0.00,550.00,26.00,260.00,290.00,,,,,,,,
17433,05-Nov-18,Cam Sur,LACTAMOX 125mg/31.25mg/5ml,6,310.00," 1,860.00 ",0.00,"1,860.00",76.00,456.00,"1,404.00",,,,,,,,
17434,05-Nov-18,Cam Sur,FORTIPLEX,2,"2,100.00"," 4,200.00 ",0.00,"4,200.00",270.00,540.00,"3,660.00",,,,,,,,
17435 / SI2041,08-Nov-18,Cam Sur,SPEEDA,10,"6,750.00"," 67,500.00 ",0.00,"67,500.00","3,750.00","37,500.00","30,000.00",,,,,,,,
17436,08-Nov-18,Cam Sur,EUROXONE 1g,10,400.00," 4,000.00 ",0.00,"4,000.00",73.00,730.00,"3,270.00",,,,,,,,
17436,08-Nov-18,Cam Sur,CENDALEX 125mg/5ml,12,100.00," 1,200.00 ",0.00,"1,200.00",35.00,420.00,780.00,,,,,,,,
17436,08-Nov-18,Cam Sur,BERCEF 50mg/ml,10,140.00," 1,400.00 ",0.00,"1,400.00",42.00,420.00,980.00,,,,,,,,
17436,08-Nov-18,Cam Sur,BERCEF 250mg/5ml,10,380.00," 3,800.00 ",0.00,"3,800.00",148.00,"1,480.00","2,320.00",,,,,,,,
17436,08-Nov-18,Cam Sur,MONILIASOL 500mg,3,750.00," 2,250.00 ",0.00,"2,250.00",240.00,720.00,"1,530.00",,,,,,,,
17436,08-Nov-18,Cam Sur,CIFROX 500mg,1,"1,750.00"," 1,750.00 ",0.00,"1,750.00",450.00,450.00,"1,300.00",,,,,,,,
17437,08-Nov-18,Cam Sur,PROPHALAN,1,850.00, 850.00 ,0.00,850.00,365.00,365.00,485.00,,,,,,,,
17438,08-Nov-18,Cam Sur,MONILIASOL 125mg/5ml,12,55.00, 660.00 ,0.00,660.00,26.00,312.00,348.00,,,,,,,,
17439,08-Nov-18,Cam Sur,LACTAMOX 250mg/62.5mg/5ml,10,450.00," 4,500.00 ",0.00,"4,500.00",130.00,"1,300.00","3,200.00",,,,,,,,
17440,08-Nov-18,Cam Sur,MONILIASOL 500mg,3,750.00," 2,250.00 ",0.00,"2,250.00",240.00,720.00,"1,530.00",,,,,,,,
17441,08-Nov-18,Cam Sur,LACTAMOX 500mg/125mg,1,"2,880.00"," 2,880.00 ",0.00,"2,880.00","1,174.00","1,174.00","1,706.00",,,,,,,,
17442,08-Nov-18,Cam Sur,LACTAMOX 500mg/125mg,1,"2,880.00"," 2,880.00 ",0.00,"2,880.00","1,174.00","1,174.00","1,706.00",,,,,,,,
17443,09-Nov-18,Cam Sur,CINNABLOC 25mg,6,500.00," 3,000.00 ",0.00,"3,000.00",133.00,798.00,"2,202.00",,,,,,,,
17443,09-Nov-18,Cam Sur,VICEPHRIN 125mg/5ml,50,100.00," 5,000.00 ",0.00,"5,000.00",33.00,"1,650.00","3,350.00",,,,,,,,
17444,12-Nov-18,Cam Sur,DOLO JAGA 500mg/50mg/100mg/100mcg,2,"1,100.00"," 2,200.00 ",0.00,"2,200.00",481.00,962.00,"1,238.00",,,,,,,,
17444,12-Nov-18,Cam Sur,CAPSUGEN FORTE,4,600.00," 2,400.00 ",0.00,"2,400.00",310.00,"1,240.00","1,160.00",,,,,,,,
17446 / SI2040,15-Nov-18,Cam Sur,SPEEDA,19,"6,750.00"," 128,250.00 ",0.00,"128,250.00","3,750.00","71,250.00","57,000.00",,,,,,,,
17447,15-Nov-18,Cam Sur,JAGAPLEX,1,"1,050.00"," 1,050.00 ",0.00,"1,050.00",395.00,395.00,655.00,,,,,,,,
17447,15-Nov-18,Cam Sur,ZAFEX 500mg,1,"3,000.00"," 3,000.00 ",0.00,"3,000.00","1,450.00","1,450.00","1,550.00",,,,,,,,
17447,15-Nov-18,Cam Sur,LACTAMOX 500mg/125mg,2,"2,880.00"," 5,760.00 ",0.00,"5,760.00","1,174.00","2,348.00","3,412.00",,,,,,,,
17448,15-Nov-18,Cam Sur,MONILIASOL 125mg/5ml,8,75.00, 600.00 ,0.00,600.00,26.00,208.00,392.00,,,,,,,,
17448,15-Nov-18,Cam Sur,HISTARIL 1mg/50mg/5ml,13,88.00," 1,144.00 ",0.00,"1,144.00",24.47,318.11,825.89,,,,,,,,
17449,15-Nov-18,Cam Sur,LACTAMOX 250mg/62.5mg/5ml,6,"2,700.00"," 16,200.00 ",0.00,"16,200.00",130.00,780.00,"15,420.00",,,,,,,,
17450,15-Nov-18,Cam Sur,ENERGEL SOFTGEL,2,"1,710.00"," 3,420.00 ",0.00,"3,420.00",550.00,"1,100.00","2,320.00",,,,,,,,
17450,15-Nov-18,Cam Sur,MONILIASOL 500mg,3,750.00," 2,250.00 ",0.00,"2,250.00",240.00,720.00,"1,530.00",,,,,,,,
17451,06-Sep-18,Cam Sur,LACTAMOX 500mg/125mg,1,"2,700.00"," 2,700.00 ",0.00,"2,700.00","1,174.00","1,174.00","1,526.00",,,,,,,,
17452,10-Sep-18,Cam Sur,HISTARIL 1mg/50mg/5ml,15,88.00," 1,320.00 ",0.00,"1,320.00",24.47,367.05,952.95,,,,,,,,
17453,10-Sep-18,Cam Sur,LACTAMOX 250mg/62.5mg/5ml,6,310.00," 1,860.00 ",0.00,"1,860.00",130.00,780.00,"1,080.00",,,,,,,,
17454,14-Sep-18,Cam Sur,CINNABLOC 25mg,3.75,500.00," 1,875.00 ",375.00,"1,500.00",133.00,498.75,"1,001.25",,,,,,,,
17455,14-Sep-18,Cam Sur,ALGICAP 500mg,6,68.00, 408.00 ,0.00,408.00,228.00,"1,368.00",-960.00,,,,,,,,
17455,14-Sep-18,Cam Sur,MULTI GROW 120ml,4,200.00, 800.00 ,0.00,800.00,75.00,300.00,500.00,,,,,,,,
17455,14-Sep-18,Cam Sur,MONILIASOL 500mg,2,750.00," 1,500.00 ",0.00,"1,500.00",240.00,480.00,"1,020.00",,,,,,,,
17455,14-Sep-18,Cam Sur,VICOLAX 100mg/2mg,2,800.00," 1,600.00 ",0.00,"1,600.00",225.00,450.00,"1,150.00",,,,,,,,
17455,14-Sep-18,Cam Sur,ANEROCIN 300mg ,1,"3,990.00"," 3,990.00 ",0.00,"3,990.00",890.00,890.00,"3,100.00",,,,,,,,
17455,14-Sep-18,Cam Sur,ZELEX 200mg,1,"3,250.00"," 3,250.00 ",0.00,"3,250.00",750.00,750.00,"2,500.00",,,,,,,,
17456,14-Sep-18,Cam Sur,CEFZIME 750mg,10,320.00," 3,200.00 ",0.00,"3,200.00",750.00,"7,500.00","-4,300.00",,,,,,,,
17456,14-Sep-18,Cam Sur,LACTAMOX 500mg/125mg,1,"2,820.00"," 2,820.00 ",0.00,"2,820.00","1,174.00","1,174.00","1,646.00",,,,,,,,
17456,14-Sep-18,Cam Sur,TERMAGEN 500mg,2,550.00," 1,100.00 ",0.00,"1,100.00",60.00,120.00,980.00,,,,,,,,
17456,14-Sep-18,Cam Sur,DRILOZOLE DS 800mg,1,"1,000.00"," 1,000.00 ",0.00,"1,000.00",214.00,214.00,786.00,,,,,,,,
17457,15-Sep-18,Cam Sur,LACTAMOX 125mg/31.25mg/5ml,16,95.00," 1,520.00 ",0.00,"1,520.00",76.00,"1,216.00",304.00,,,,,,,,
17458,15-Sep-18,Cam Sur,CAPSUGEN FORTE,4,600.00," 2,400.00 ",0.00,"2,400.00",310.00,"1,240.00","1,160.00",,,,,,,,
17459,15-Sep-18,Cam Sur,DOLO JAGA 500mg/50mg/100mg/100mcg,1,"1,100.00"," 1,100.00 ",0.00,"1,100.00",481.00,481.00,619.00,,,,,,,,
17459,15-Sep-18,Cam Sur,JAGA 300mg/100mg/100mcg,1,800.00, 800.00 ,0.00,800.00,345.00,345.00,455.00,,,,,,,,
17460,15-Sep-18,Cam Sur,LACTAMOX 125mg/31.25mg/5ml,10,190.00," 1,900.00 ",0.00,"1,900.00",76.00,760.00,"1,140.00",,,,,,,,
17461,15-Sep-18,Cam Sur,LACTAMOX 250mg/62.5mg/5ml,6,310.00," 1,860.00 ",0.00,"1,860.00",130.00,780.00,"1,080.00",,,,,,,,
17462,15-Sep-18,Cam Sur,VICOLAX 100mg/2mg,3,800.00," 2,400.00 ",0.00,"2,400.00",225.00,675.00,"1,725.00",,,,,,,,
17463,15-Sep-18,Cam Sur,VICOLAX 100mg/2mg,3,800.00," 2,400.00 ",0.00,"2,400.00",225.00,675.00,"1,725.00",,,,,,,,
17464,17-Sep-18,Cam Sur,LACTAMOX 500mg/125mg,1,"2,820.00"," 2,820.00 ",0.00,"2,820.00","1,174.00","1,174.00","1,646.00",,,,,,,,
17465,17-Sep-18,Cam Sur,FORTIPLEX,2,"2,100.00"," 4,200.00 ",0.00,"4,200.00",270.00,540.00,"3,660.00",,,,,,,,
17466,18-Sep-18,Cam Sur,JAGA 300mg/100mg/100mcg,1,"1,600.00"," 1,600.00 ",0.00,"1,600.00",345.00,345.00,"1,255.00",,,,,,,,
17466,18-Sep-18,Cam Sur,GIAN ZINC 120ml,6,145.00, 870.00 ,0.00,870.00,75.00,450.00,420.00,,,,,,,,
17466,18-Sep-18,Cam Sur,LACTAMOX 250mg/62.5mg/5ml,6,310.00," 1,860.00 ",0.00,"1,860.00",130.00,780.00,"1,080.00",,,,,,,,
17466,18-Sep-18,Cam Sur,GIAN ZINC 120ml,6,200.00," 1,200.00 ",0.00,"1,200.00",75.00,450.00,750.00,,,,,,,,
17466,18-Sep-18,Cam Sur,BROADMETZ 250mg/5ml,13,125.00," 1,625.00 ",0.00,"1,625.00",28.00,364.00,"1,261.00",,,,,,,,
17467,18-Sep-18,Cam Sur,LACTAMOX 500mg/125mg,1,"2,820.00"," 2,820.00 ",0.00,"2,820.00","1,174.00","1,174.00","1,646.00",,,,,,,,
17468,18-Sep-18,Cam Sur,JAGAPLEX 120ml,6,116.67, 700.00 ,0.00,700.00,47.00,282.00,418.00,,,,,,,,
17469,18-Sep-18,Cam Sur,NERVAPLEX 500mg,1,"1,600.00"," 1,600.00 ",0.00,"1,600.00",458.00,458.00,"1,142.00",,,,,,,,
17470,18-Sep-18,Cam Sur,MULTI GROW 120ml,5,200.00," 1,000.00 ",0.00,"1,000.00",75.00,375.00,625.00,,,,,,,,
17471,18-Sep-18,Cam Sur,LACTAMOX 125mg/31.25mg/5ml,10,190.00," 1,900.00 ",0.00,"1,900.00",76.00,760.00,"1,140.00",,,,,,,,
17472,18-Sep-18,Cam Sur,LACTAMOX 500mg/125mg,1,"2,700.00"," 2,700.00 ",0.00,"2,700.00","1,174.00","1,174.00","1,526.00",,,,,,,,
17473,20-Sep-18,Cam Sur,BUPIRIGHT 5mg/ml,2,"3,000.00"," 6,000.00 ",0.00,"6,000.00",825.00,"1,650.00","4,350.00",,,,,,,,
17474,20-Sep-18,Cam Sur,BUPIRIGHT 5mg/ml,2,"3,000.00"," 6,000.00 ",0.00,"6,000.00",825.00,"1,650.00","4,350.00",,,,,,,,
17475,22-Sep-18,Cam Sur,LACTAMOX 500mg/125mg,2,"3,000.00"," 6,000.00 ",0.00,"6,000.00","1,174.00","2,348.00","3,652.00",,,,,,,,
17475,22-Sep-18,Cam Sur,JAGAPLEX,1,"1,050.00"," 1,050.00 ",0.00,"1,050.00",395.00,395.00,655.00,,,,,,,,
17475,22-Sep-18,Cam Sur,HISTARIL 1mg/50mg/5ml,6,88.00, 528.00 ,0.00,528.00,24.47,146.82,381.18,,,,,,,,
17475,22-Sep-18,Cam Sur,BROADMETZ 125mg/5ml,12,68.00, 816.00 ,0.00,816.00,24.00,288.00,528.00,,,,,,,,
17475,22-Sep-18,Cam Sur,ZETIFEN 250mg/5ml,6,90.00, 540.00 ,0.00,540.00,23.00,138.00,402.00,,,,,,,,
17475,22-Sep-18,Cam Sur,DOLO JAGA 500mg/50mg/100mg/100mcg,1,"1,600.00"," 1,600.00 ",0.00,"1,600.00",481.00,481.00,"1,119.00",,,,,,,,
17476,24-Sep-18,Cam Sur,FORTIPLEX,2,"1,050.00"," 2,100.00 ",0.00,"2,100.00",270.00,540.00,"1,560.00",,,,,,,,
17476,24-Sep-18,Cam Sur,LACTAMOX 125mg/31.25mg/5ml,6,310.00," 1,860.00 ",0.00,"1,860.00",76.00,456.00,"1,404.00",,,,,,,,
17476,24-Sep-18,Cam Sur,LACTAMOX 500mg/125mg,1,"3,000.00"," 3,000.00 ",0.00,"3,000.00","1,174.00","1,174.00","1,826.00",,,,,,,,
17476,24-Sep-18,Cam Sur,MONILIASOL 125mg/5ml,10,75.00, 750.00 ,0.00,750.00,26.00,260.00,490.00,,,,,,,,
17477,24-Sep-18,Cam Sur,LACTAMOX 250mg/62.5mg/5ml,10,490.00," 4,900.00 ",0.00,"4,900.00",130.00,"1,300.00","3,600.00",,,,,,,,
17477,24-Sep-18,Cam Sur,LACTAMOX 125mg/31.25mg/5ml,6,310.00," 1,860.00 ",0.00,"1,860.00",76.00,456.00,"1,404.00",,,,,,,,
17478,24-Sep-18,Cam Sur,LACTAMOX 500mg/125mg,1,"3,000.00"," 3,000.00 ",0.00,"3,000.00","1,174.00","1,174.00","1,826.00",,,,,,,,
17479,24-Sep-18,Cam Sur,HISTARIL 1mg/50mg/5ml,4,88.00, 352.00 ,0.00,352.00,24.47,97.88,254.12,,,,,,,,
17479,24-Sep-18,Cam Sur,MONILIASOL 125mg/5ml,14,75.00," 1,050.00 ",0.00,"1,050.00",26.00,364.00,686.00,,,,,,,,
17480,24-Sep-18,Cam Sur,LACTAMOX 125mg/31.25mg/5ml,8,310.00," 2,480.00 ",0.00,"2,480.00",76.00,608.00,"1,872.00",,,,,,,,
17481,25-Sep-18,Cam Sur,LACTAMOX 125mg/31.25mg/5ml,10,310.00," 3,100.00 ",0.00,"3,100.00",76.00,760.00,"2,340.00",,,,,,,,
17482,25-Sep-18,Cam Sur,NERVAPLEX 500mg,1,"1,600.00"," 1,600.00 ",0.00,"1,600.00",458.00,458.00,"1,142.00",,,,,,,,
17483,25-Sep-18,Cam Sur,ZAFEX 500mg,3,"2,000.00"," 6,000.00 ",0.00,"6,000.00","1,450.00","4,350.00","1,650.00",,,,,,,,
17483,25-Sep-18,Cam Sur,LACTAMOX 125mg/31.25mg/5ml,6,206.67," 1,240.00 ",0.00,"1,240.00",76.00,456.00,784.00,,,,,,,,
17484,26-Sep-18,Cam Sur,HISTARIL 1mg/50mg/5ml,10,88.00, 880.00 ,0.00,880.00,24.47,244.70,635.30,,,,,,,,
17485,26-Sep-18,Cam Sur,CAPSUGEN FORTE,1,"1,600.00"," 1,600.00 ",0.00,"1,600.00",310.00,310.00,"1,290.00",,,,,,,,
17486,26-Sep-18,Cam Sur,CAPSUGEN FORTE,1,600.00, 600.00 ,0.00,600.00,310.00,310.00,290.00,,,,,,,,
17486,26-Sep-18,Cam Sur,DOLO JAGA 500mg/50mg/100mg/100mcg,1,"1,100.00"," 1,100.00 ",0.00,"1,100.00",481.00,481.00,619.00,,,,,,,,
17487,28-Sep-18,Cam Sur,ENERGEL SOFTGEL,1,"1,950.00"," 1,950.00 ",0.00,"1,950.00",550.00,550.00,"1,400.00",,,,,,,,
17487,28-Sep-18,Cam Sur,PARTEN 50mg,2,750.00," 1,500.00 ",0.00,"1,500.00",115.00,230.00,"1,270.00",,,,,,,,
17488,28-Sep-18,Cam Sur,LACTAMOX 250mg/62.5mg/5ml,10,490.00," 4,900.00 ",0.00,"4,900.00",130.00,"1,300.00","3,600.00",,,,,,,,
17489,28-Sep-18,Cam Sur,ENCLOXIL 500mg,2,"1,800.00"," 3,600.00 ",0.00,"3,600.00",540.00,"1,080.00","2,520.00",,,,,,,,
17490,02-Oct-18,Cam Sur,DRILOZOLE DS 800mg,2,"1,000.00"," 2,000.00 ",0.00,"2,000.00",214.00,428.00,"1,572.00",,,,,,,,
17490,02-Oct-18,Cam Sur,HISTARIL 1mg/50mg/5ml,10,88.00, 880.00 ,0.00,880.00,24.47,244.70,635.30,,,,,,,,
17490,02-Oct-18,Cam Sur,AMOLTEX 2mg/5ml,10,68.00, 680.00 ,0.00,680.00,20.00,200.00,480.00,,,,,,,,
17491,02-Oct-18,Cam Sur,HISTARIL 1mg/50mg/5ml,6,88.00, 528.00 ,0.00,528.00,24.47,146.82,381.18,,,,,,,,
17491,02-Oct-18,Cam Sur,MONILIASOL 500mg,1,750.00, 750.00 ,0.00,750.00,240.00,240.00,510.00,,,,,,,,
17492,02-Oct-18,Cam Sur,LACTAMOX 250mg/62.5mg/5ml,6,450.00," 2,700.00 ",0.00,"2,700.00",130.00,780.00,"1,920.00",,,,,,,,
17493,02-Oct-18,Cam Sur,MONILIASOL 500mg,1,750.00, 750.00 ,0.00,750.00,240.00,240.00,510.00,,,,,,,,
17494,04-Oct-18,Cam Sur,LACTAMOX 500mg/125mg,2,"2,880.00"," 5,760.00 ","1,728.00","4,032.00","1,174.00","2,348.00","1,684.00",,,,,,,,
17495,04-Oct-18,Cam Sur,LACTAMOX 500mg/125mg,1,"2,880.00"," 2,880.00 ",0.00,"2,880.00","1,174.00","1,174.00","1,706.00",,,,,,,,
17496,04-Oct-18,Cam Sur,LACTAMOX 500mg/125mg,1,"2,880.00"," 2,880.00 ",0.00,"2,880.00","1,174.00","1,174.00","1,706.00",,,,,,,,
17497,03-Oct-18,Cam Sur,DOLO JAGA 500mg/50mg/100mg/100mcg,2,"1,100.00"," 2,200.00 ",0.00,"2,200.00",481.00,962.00,"1,238.00",,,,,,,,
17498,05-Oct-18,Cam Sur,JAGA 300mg/100mg/100mcg,2,800.00," 1,600.00 ",0.00,"1,600.00",345.00,690.00,910.00,,,,,,,,
17498,05-Oct-18,Cam Sur,CAPSUGEN FORTE,4,600.00," 2,400.00 ",0.00,"2,400.00",310.00,"1,240.00","1,160.00",,,,,,,,
17499,05-Oct-18,Cam Sur,DOLO JAGA 500mg/50mg/100mg/100mcg,1,"1,600.00"," 1,600.00 ",0.00,"1,600.00",481.00,481.00,"1,119.00",,,,,,,,
17500,11-Oct-18,Cam Sur,SPEEDA,27.4,"6,750.00"," 184,950.00 ",0.00,"184,950.00","3,750.00","102,750.00","82,200.00",,,,,,,,
17615,08-Sep-18,Cam Sur,SPEEDA,27,"6,750.00"," 182,250.00 ",0.00,"182,250.00","3,750.00","101,250.00","81,000.00",,,,,,,,
17801,25-Jun-18,Cam Sur,HISTARIL 1mg/50mg/5ml,15,88.00," 1,320.00 ",0.00,"1,320.00",24.47,367.05,952.95,,,,,,,,
17802,25-Jun-18,Cam Sur,LACTAMOX 500mg/125mg,1,"2,700.00"," 2,700.00 ",0.00,"2,700.00","1,174.00","1,174.00","1,526.00",,,,,,,,
17803,25-Jun-18,Cam Sur,LACTAMOX 250mg/62.5mg/5ml,14,250.00," 3,500.00 ",0.00,"3,500.00",130.00,"1,820.00","1,680.00",,,,,,,,
17804,27-Jun-18,Cam Sur,LACTAMOX 250mg/62.5mg/5ml,6,290.00," 1,740.00 ",0.00,"1,740.00",130.00,780.00,960.00,,,,,,,,
17805,27-Jun-18,Cam Sur,LACTAMOX 125mg/31.25mg/5ml,6,175.00," 1,050.00 ",0.00,"1,050.00",76.00,456.00,594.00,,,,,,,,
17805,27-Jun-18,Cam Sur,HISTARIL 1mg/50mg/5ml,5,88.00, 440.00 ,0.00,440.00,24.47,122.35,317.65,,,,,,,,
17806,28-Jun-18,Cam Sur,BROADMETZ 250mg/5ml,8,95.00, 760.00 ,0.00,760.00,28.00,224.00,536.00,,,,,,,,
17806,28-Jun-18,Cam Sur,CIFROX 500mg,2,"1,750.00"," 3,500.00 ",0.00,"3,500.00",450.00,900.00,"2,600.00",,,,,,,,
17807,28-Jun-18,Cam Sur,NERVAPLEX 500mg,1,"1,600.00"," 1,600.00 ",0.00,"1,600.00",458.00,458.00,"1,142.00",,,,,,,,
17808,28-Jun-18,Cam Sur,MONILIASOL 125mg/5ml,20,55.00," 1,100.00 ",0.00,"1,100.00",26.00,520.00,580.00,,,,,,,,
17809,28-Jun-18,Cam Sur,CIFROX 500mg,1,"1,750.00"," 1,750.00 ",0.00,"1,750.00",450.00,450.00,"1,300.00",,,,,,,,
17810,28-Jun-18,Cam Sur,FUROXIDE 10mg/2ml,20,220.00," 4,400.00 ",0.00,"4,400.00",80.00,"1,600.00","2,800.00",,,,,,,,
17811,30-Jun-18,Cam Sur,MONILIASOL 500mg,2,750.00," 1,500.00 ",375.00,"1,125.00",240.00,480.00,645.00,,,,,,,,
17811,30-Jun-18,Cam Sur,MONILIASOL 125mg/5ml,16,75.00," 1,200.00 ",300.00,900.00,26.00,416.00,484.00,,,,,,,,
17812,02-Jul-18,Cam Sur,CAPSUGEN FORTE,1,"1,200.00"," 1,200.00 ",0.00,"1,200.00",310.00,310.00,890.00,,,,,,,,
17812,02-Jul-18,Cam Sur,LACTAMOX 125mg/31.25mg/5ml,16,95.00," 1,520.00 ",0.00,"1,520.00",76.00,"1,216.00",304.00,,,,,,,,
17812,02-Jul-18,Cam Sur,JAGA 300mg/100mg/100mcg,2,800.00," 1,600.00 ",0.00,"1,600.00",345.00,690.00,910.00,,,,,,,,
17813,03-Jul-18,Cam Sur,LACTAMOX 500mg/125mg,1,"2,520.00"," 2,520.00 ",0.00,"2,520.00","1,174.00","1,174.00","1,346.00",,,,,,,,
17814,05-Jul-18,Cam Sur,MULTI GROW 120ml,6,200.00," 1,200.00 ",0.00,"1,200.00",75.00,450.00,750.00,,,,,,,,
17814,05-Jul-18,Cam Sur,LACTAMOX 250mg/62.5mg/5ml,8,310.00," 2,480.00 ",0.00,"2,480.00",130.00,"1,040.00","1,440.00",,,,,,,,
17814,05-Jul-18,Cam Sur,ZETIFEN 125mg/5ml,7,68.00, 476.00 ,0.00,476.00,21.00,147.00,329.00,,,,,,,,
17815,05-Jul-18,Cam Sur,MONILIASOL 500mg,2,750.00," 1,500.00 ",0.00,"1,500.00",240.00,480.00,"1,020.00",,,,,,,,
17816,05-Jul-18,Cam Sur,LACTAMOX 500mg/125mg,1,"2,700.00"," 2,700.00 ",0.00,"2,700.00","1,174.00","1,174.00","1,526.00",,,,,,,,
17817,05-Jul-18,Cam Sur,LACTAMOX 500mg/125mg,2,"2,700.00"," 5,400.00 ",0.00,"5,400.00","1,174.00","2,348.00","3,052.00",,,,,,,,
17818,05-Jul-18,Cam Sur,MULTI GROW 120ml,6,200.00," 1,200.00 ",0.00,"1,200.00",75.00,450.00,750.00,,,,,,,,
17819,19-Jul-18,Cam Sur,LACTAMOX 250mg/62.5mg/5ml,10,310.00," 3,100.00 ",0.00,"3,100.00",130.00,"1,300.00","1,800.00",,,,,,,,
17820,09-Jul-18,Cam Sur,ORNEXIN 325mg/10mg/5mg,6,140.00, 840.00 ,0.00,840.00,43.00,258.00,582.00,,,,,,,,
17821,09-Jul-18,Cam Sur,PROPHALAN,1,"1,150.00"," 1,150.00 ",0.00,"1,150.00",365.00,365.00,785.00,,,,,,,,
17822,09-Jul-18,Cam Sur,MULTI GROW 30ml,3,140.00, 420.00 ,0.00,420.00,55.00,165.00,255.00,,,,,,,,
17822,09-Jul-18,Cam Sur,MULTI GROW 120ml,3,200.00, 600.00 ,0.00,600.00,75.00,225.00,375.00,,,,,,,,
17823,12-Jul-18,Cam Sur,LACTAMOX 250mg/62.5mg/5ml,10,310.00," 3,100.00 ",0.00,"3,100.00",130.00,"1,300.00","1,800.00",,,,,,,,
17824,12-Jul-18,Cam Sur,ZETIFEN 250mg/5ml,10,80.00, 800.00 ,0.00,800.00,23.00,230.00,570.00,,,,,,,,
17825,12-Jul-18,Cam Sur,MONILIASOL 125mg/5ml,18,75.00," 1,350.00 ",0.00,"1,350.00",26.00,468.00,882.00,,,,,,,,
17826,12-Jul-18,Cam Sur,LACTAMOX 250mg/62.5mg/5ml,8,310.00," 2,480.00 ",0.00,"2,480.00",130.00,"1,040.00","1,440.00",,,,,,,,
17827,12-Jul-18,Cam Sur,LACTAMOX 500mg/125mg,1,"2,700.00"," 2,700.00 ",0.00,"2,700.00","1,174.00","1,174.00","1,526.00",,,,,,,,
17828,12-Jul-18,Cam Sur,HISTARIL 1mg/50mg/5ml,14,88.00," 1,232.00 ",0.00,"1,232.00",24.47,342.58,889.42,,,,,,,,
17828,12-Jul-18,Cam Sur,LACTAMOX 500mg/125mg,2,"2,700.00"," 5,400.00 ",0.00,"5,400.00","1,174.00","2,348.00","3,052.00",,,,,,,,
17828,12-Jul-18,Cam Sur,ALGICAP 50mg/5ml,6,68.00, 408.00 ,0.00,408.00,24.00,144.00,264.00,,,,,,,,
17828,12-Jul-18,Cam Sur,ZETIFEN 250mg/5ml,6,80.00, 480.00 ,0.00,480.00,23.00,138.00,342.00,,,,,,,,
17828,12-Jul-18,Cam Sur,BROADMETZ 100mg/ml,12,60.00, 720.00 ,0.00,720.00,22.00,264.00,456.00,,,,,,,,
17829,12-Jul-18,Cam Sur,METMIC 500mg,1,750.00, 750.00 ,0.00,750.00,228.00,228.00,522.00,,,,,,,,
17830,12-Jul-18,Cam Sur,CIFROX 500mg,1,"1,750.00"," 1,750.00 ",0.00,"1,750.00",450.00,450.00,"1,300.00",,,,,,,,
17831,12-Jul-18,Cam Sur,FORTIPLEX,2,"1,050.00"," 2,100.00 ",0.00,"2,100.00",270.00,540.00,"1,560.00",,,,,,,,
17831,12-Jul-18,Cam Sur,LACTAMOX 500mg/125mg,1,"2,700.00"," 2,700.00 ",0.00,"2,700.00","1,174.00","1,174.00","1,526.00",,,,,,,,
17831,12-Jul-18,Cam Sur,CIFROX 500mg,1,"1,750.00"," 1,750.00 ",0.00,"1,750.00",450.00,450.00,"1,300.00",,,,,,,,
17832,17-Jul-18,Cam Sur,MULTI GROW 30ml,3,140.00, 420.00 ,0.00,420.00,55.00,165.00,255.00,,,,,,,,
17832,17-Jul-18,Cam Sur,MULTI GROW 120ml,3,200.00, 600.00 ,0.00,600.00,75.00,225.00,375.00,,,,,,,,
17833,17-Jul-18,Cam Sur,LACTAMOX 125mg/31.25mg/5ml,6,126.67, 760.00 ,0.00,760.00,76.00,456.00,304.00,,,,,,,,
17833,17-Jul-18,Cam Sur,DOLO JAGA 500mg/50mg/100mg/100mcg,1,"1,600.00"," 1,600.00 ",480.00,"1,120.00",481.00,481.00,639.00,,,,,,,,
17833,17-Jul-18,Cam Sur,ZAFEX 500mg,2,"3,000.00"," 6,000.00 ","1,800.00","4,200.00","1,450.00","2,900.00","1,300.00",,,,,,,,
17833,17-Jul-18,Cam Sur,LACTAMOX 250mg/62.5mg/5ml,3,206.67, 620.00 ,0.00,620.00,130.00,390.00,230.00,,,,,,,,
17834,18-Jul-18,Cam Sur,BERCEF 50mg/ml,9,140.00," 1,260.00 ",0.00,"1,260.00",42.00,378.00,882.00,,,,,,,,
17834,18-Jul-18,Cam Sur,JAGAPLEX,1,"1,150.00"," 1,150.00 ",0.00,"1,150.00",395.00,395.00,755.00,,,,,,,,
17834,18-Jul-18,Cam Sur,CENDALEX 250mg/5ml,6,125.00, 750.00 ,0.00,750.00,55.00,330.00,420.00,,,,,,,,
17834,18-Jul-18,Cam Sur,MONILIASOL 500mg,1,750.00, 750.00 ,0.00,750.00,240.00,240.00,510.00,,,,,,,,
17834,18-Jul-18,Cam Sur,LACTAMOX 500mg/125mg,2,"2,700.00"," 5,400.00 ",0.00,"5,400.00","1,174.00","2,348.00","3,052.00",,,,,,,,
17835,18-Jul-18,Cam Sur,CIFROX 500mg,2,"1,750.00"," 3,500.00 ",0.00,"3,500.00",450.00,900.00,"2,600.00",,,,,,,,
17836,18-Jul-18,Cam Sur,EUROGYL 5mg/ml (500mg/100ml),6,120.00, 720.00 ,0.00,720.00,23.00,138.00,582.00,,,,,,,,
17837,18-Jul-18,Cam Sur,LACTAMOX 500mg/125mg,1,"2,700.00"," 2,700.00 ",0.00,"2,700.00","1,174.00","1,174.00","1,526.00",,,,,,,,
17838,18-Jul-18,Cam Sur,LACTAMOX 250mg/62.5mg/5ml,6,290.00," 1,740.00 ",0.00,"1,740.00",130.00,780.00,960.00,,,,,,,,
17840,21-Jul-18,Cam Sur,CAPSUGEN FORTE,2,600.00," 1,200.00 ",0.00,"1,200.00",310.00,620.00,580.00,,,,,,,,
17840,21-Jul-18,Cam Sur,LACTAMOX 125mg/31.25mg/5ml,10,95.00, 950.00 ,0.00,950.00,76.00,760.00,190.00,,,,,,,,
17840,21-Jul-18,Cam Sur,DOLO JAGA 500mg/50mg/100mg/100mcg,1,"1,100.00"," 1,100.00 ",0.00,"1,100.00",481.00,481.00,619.00,,,,,,,,
17841,21-Jul-18,Cam Sur,DOLO JAGA 500mg/50mg/100mg/100mcg,1,"1,600.00"," 1,600.00 ",0.00,"1,600.00",481.00,481.00,"1,119.00",,,,,,,,
17842,21-Jul-18,Cam Sur,LACTAMOX 125mg/31.25mg/5ml,10,190.00," 1,900.00 ",0.00,"1,900.00",76.00,760.00,"1,140.00",,,,,,,,
17844,24-Jul-18,Cam Sur,HISTARIL 1mg/50mg/5ml,6,88.00, 528.00 ,0.00,528.00,24.47,146.82,381.18,,,,,,,,
17844,24-Jul-18,Cam Sur,LACTAMOX 125mg/31.25mg/5ml,6,190.00," 1,140.00 ",0.00,"1,140.00",76.00,456.00,684.00,,,,,,,,
17844,24-Jul-18,Cam Sur,BERCEF 50mg/ml,4,140.00, 560.00 ,0.00,560.00,42.00,168.00,392.00,,,,,,,,
17845,26-Jul-18,Cam Sur,COZOLE 200mg/40mg/5ml,20,90.00," 1,800.00 ",0.00,"1,800.00",32.40,648.00,"1,152.00",,,,,,,,
17846,26-Jul-18,Cam Sur,CENDALEX 125mg/5ml,5,100.00, 500.00 ,0.00,500.00,35.00,175.00,325.00,,,,,,,,
17847,26-Jul-18,Cam Sur,BERCEF 50mg/ml,7,120.00, 840.00 ,0.00,840.00,42.00,294.00,546.00,,,,,,,,
17848,26-Jul-18,Cam Sur,MULTI GROW 120ml,12,200.00," 2,400.00 ",0.00,"2,400.00",75.00,900.00,"1,500.00",,,,,,,,
17849,26-Jul-18,Cam Sur,CENDALEX 250mg/5ml,10,125.00," 1,250.00 ",0.00,"1,250.00",55.00,550.00,700.00,,,,,,,,
17850,26-Jul-18,Cam Sur,LACTAMOX 125mg/31.25mg/5ml,10,190.00," 1,900.00 ",0.00,"1,900.00",76.00,760.00,"1,140.00",,,,,,,,
18001,26-Jul-18,Cam Sur,MONILIASOL 500mg,2,750.00," 1,500.00 ",0.00,"1,500.00",240.00,480.00,"1,020.00",,,,,,,,
18002,26-Jul-18,Cam Sur,CINNABLOC 25mg,4,500.00," 2,000.00 ",400.00,"1,600.00",133.00,532.00,"1,068.00",,,,,,,,
18003,30-Jul-18,Cam Sur,ZETIFEN 100mg/ml,10,58.00, 580.00 ,0.00,580.00,17.00,170.00,410.00,,,,,,,,
18004,26-Jul-18,Cam Sur,MONILIASOL 125mg/5ml,8,75.00, 600.00 ,0.00,600.00,26.00,208.00,392.00,,,,,,,,
18004,26-Jul-18,Cam Sur,CENDALEX 250mg/5ml,12,125.00," 1,500.00 ",0.00,"1,500.00",55.00,660.00,840.00,,,,,,,,
18004,26-Jul-18,Cam Sur,ZETIFEN 100mg/ml,20,58.00," 1,160.00 ",0.00,"1,160.00",17.00,340.00,820.00,,,,,,,,
18004,26-Jul-18,Cam Sur,ZAFEX 500mg,2,"3,000.00"," 6,000.00 ",0.00,"6,000.00","1,450.00","2,900.00","3,100.00",,,,,,,,
18004,26-Jul-18,Cam Sur,LACTAMOX 500mg/125mg,1,"2,700.00"," 2,700.00 ",0.00,"2,700.00","1,174.00","1,174.00","1,526.00",,,,,,,,
18005,07-Aug-18,Cam Sur,JAGAPLEX 120ml,6,116.67, 700.00 ,0.00,700.00,47.00,282.00,418.00,,,,,,,,
18006,26-Jul-18,Cam Sur,CIFROX 500mg,2,"1,750.00"," 3,500.00 ",0.00,"3,500.00",450.00,900.00,"2,600.00",,,,,,,,
18007,26-Jul-18,Cam Sur,LACTAMOX 500mg/125mg,2,"5,400.00"," 10,800.00 ",0.00,"10,800.00","1,174.00","2,348.00","8,452.00",,,,,,,,
18008,26-Jul-18,Cam Sur,LACTAMOX 500mg/125mg,1,"2,700.00"," 2,700.00 ",0.00,"2,700.00","1,174.00","1,174.00","1,526.00",,,,,,,,
18009,27-Jul-18,Cam Sur,DOLO JAGA 500mg/50mg/100mg/100mcg,1,"1,100.00"," 1,100.00 ",0.00,"1,100.00",481.00,481.00,619.00,,,,,,,,
18009,27-Jul-18,Cam Sur,CAPSUGEN FORTE,4,600.00," 2,400.00 ",0.00,"2,400.00",310.00,"1,240.00","1,160.00",,,,,,,,
18010,27-Jul-18,Cam Sur,LACTAMOX 125mg/31.25mg/5ml,14,95.00," 1,330.00 ",0.00,"1,330.00",76.00,"1,064.00",266.00,,,,,,,,
18011,30-Jul-18,Cam Sur,ENERGEL SOFTGEL,1,"1,950.00"," 1,950.00 ",0.00,"1,950.00",550.00,550.00,"1,400.00",,,,,,,,
18011,30-Jul-18,Cam Sur,ENCLOXIL 500mg,1,"1,800.00"," 1,800.00 ",0.00,"1,800.00",540.00,540.00,"1,260.00",,,,,,,,
18012,30-Jul-18,Cam Sur,FORTIPLEX,1,"1,050.00"," 1,050.00 ",0.00,"1,050.00",270.00,270.00,780.00,,,,,,,,
18012,30-Jul-18,Cam Sur,CIFROX 500mg,2,"1,750.00"," 3,500.00 ",0.00,"3,500.00",450.00,900.00,"2,600.00",,,,,,,,
18013,31-Jul-18,Cam Sur,JAGA 300mg/100mg/100mcg,2,800.00," 1,600.00 ",0.00,"1,600.00",345.00,690.00,910.00,,,,,,,,
18014,31-Jul-18,Cam Sur,JAGA 300mg/100mg/100mcg,1,"1,600.00"," 1,600.00 ",160.00,"1,440.00",345.00,345.00,"1,095.00",,,,,,,,
18015,02-Aug-18,Cam Sur,MONILIASOL 125mg/5ml,35,75.00," 2,625.00 ",0.00,"2,625.00",26.00,910.00,"1,715.00",,,,,,,,
18015,02-Aug-18,Cam Sur,FOCID 5mg,10,650.00," 6,500.00 ",0.00,"6,500.00",188.00,"1,880.00","4,620.00",,,,,,,,
18017,02-Aug-18,Cam Sur,LACTAMOX 500mg/125mg,0.65,"2,700.00"," 1,755.00 ",0.00,"1,755.00","1,174.00",763.10,991.90,,,,,,,,
18018,07-Aug-18,Cam Sur,LACTAMOX 500mg/125mg,1,"2,700.00"," 2,700.00 ",0.00,"2,700.00",,,"2,700.00",,,,,,,,
18019,03-Aug-18,Cam Sur,BUPIRIGHT 5mg/ml,2,"2,500.00"," 5,000.00 ",0.00,"5,000.00",825.00,"1,650.00","3,350.00",,,,,,,,
18020,07-Aug-18,Cam Sur,ENERGEL SOFTGEL,1,"1,950.00"," 1,950.00 ",0.00,"1,950.00",550.00,550.00,"1,400.00",,,,,,,,
18020,07-Aug-18,Cam Sur,METMIC 500mg,1,750.00, 750.00 ,0.00,750.00,228.00,228.00,522.00,,,,,,,,
18020,07-Aug-18,Cam Sur,CIFROX 500mg,1,"1,750.00"," 1,750.00 ",0.00,"1,750.00",450.00,450.00,"1,300.00",,,,,,,,
18020,07-Aug-18,Cam Sur,MONILIASOL 125mg/5ml,20,75.00," 1,500.00 ",0.00,"1,500.00",26.00,520.00,980.00,,,,,,,,
18020,07-Aug-18,Cam Sur,LACTAMOX 125mg/31.25mg/5ml,10,190.00," 1,900.00 ",0.00,"1,900.00",76.00,760.00,"1,140.00",,,,,,,,
18020,07-Aug-18,Cam Sur,LACTAMOX 500mg/125mg,1,"2,700.00"," 2,700.00 ",0.00,"2,700.00","1,174.00","1,174.00","1,526.00",,,,,,,,
18021,07-Aug-18,Cam Sur,MONILIASOL 500mg,2,750.00," 1,500.00 ",0.00,"1,500.00",240.00,480.00,"1,020.00",,,,,,,,
18021,07-Aug-18,Cam Sur,ZETIFEN 250mg/5ml,12,80.00, 960.00 ,0.00,960.00,23.00,276.00,684.00,,,,,,,,
18022,07-Aug-18,Cam Sur,LACTAMOX 500mg/125mg,1,"2,700.00"," 2,700.00 ",0.00,"2,700.00","1,174.00","1,174.00","1,526.00",,,,,,,,
18023,07-Aug-18,Cam Sur,MONILIASOL 500mg,1,750.00, 750.00 ,0.00,750.00,240.00,240.00,510.00,,,,,,,,
18024,07-Aug-18,Cam Sur,ZETIFEN 125mg/5ml,12,68.00, 816.00 ,0.00,816.00,21.00,252.00,564.00,,,,,,,,
18024,07-Aug-18,Cam Sur,CIFROX 500mg,1,"1,750.00"," 1,750.00 ",0.00,"1,750.00",450.00,450.00,"1,300.00",,,,,,,,
18025,07-Aug-18,Cam Sur,LACTAMOX 125mg/31.25mg/5ml,6,190.00," 1,140.00 ",0.00,"1,140.00",76.00,456.00,684.00,,,,,,,,
18026,08-Sep-18,Cam Sur,LACTAMOX 125mg/31.25mg/5ml,8,95.00, 760.00 ,0.00,760.00,76.00,608.00,152.00,,,,,,,,
18026,08-Sep-18,Cam Sur,DOLO JAGA 500mg/50mg/100mg/100mcg,2,"1,100.00"," 2,200.00 ",0.00,"2,200.00",481.00,962.00,"1,238.00",,,,,,,,
18028,15-Aug-18,Cam Sur,LACTAMOX 250mg/62.5mg/5ml,12,310.00," 3,720.00 ",0.00,"3,720.00",130.00,"1,560.00","2,160.00",,,,,,,,
18029,15-Aug-18,Cam Sur,LACTAMOX 500mg/125mg,1,"2,700.00"," 2,700.00 ",0.00,"2,700.00","1,174.00","1,174.00","1,526.00",,,,,,,,
18030,15-Aug-18,Cam Sur,LACTAMOX 250mg/62.5mg/5ml,12,310.00," 3,720.00 ",0.00,"3,720.00",130.00,"1,560.00","2,160.00",,,,,,,,
18031,15-Aug-18,Cam Sur,CLAVIC 250mg/62.5mg/5ml,12,310.00," 3,720.00 ",0.00,"3,720.00",130.00,"1,560.00","2,160.00",,,,,,,,
18031,15-Aug-18,Cam Sur,LACTAMOX 500mg/125mg,2,"2,700.00"," 5,400.00 ",0.00,"5,400.00","1,174.00","2,348.00","3,052.00",,,,,,,,
18031,15-Aug-18,Cam Sur,EUROGYL 5mg/ml (500mg/100ml),10,120.00," 1,200.00 ",0.00,"1,200.00",23.00,230.00,970.00,,,,,,,,
18031,15-Aug-18,Cam Sur,EUROXONE 1g,10,420.00," 4,200.00 ",0.00,"4,200.00",73.00,730.00,"3,470.00",,,,,,,,
18031,15-Aug-18,Cam Sur,MONILIASOL 125mg/5ml,6,75.00, 450.00 ,0.00,450.00,26.00,156.00,294.00,,,,,,,,
18032,15-Aug-18,Cam Sur,LACTAMOX 500mg/125mg,1,"2,700.00"," 2,700.00 ",0.00,"2,700.00","1,174.00","1,174.00","1,526.00",,,,,,,,
18032,15-Aug-18,Cam Sur,LACTAMOX 250mg/62.5mg/5ml,10,310.00," 3,100.00 ",0.00,"3,100.00",130.00,"1,300.00","1,800.00",,,,,,,,
18034,17-Aug-18,Cam Sur,LACTAMOX 125mg/31.25mg/5ml,12,95.00," 1,140.00 ",0.00,"1,140.00",76.00,912.00,228.00,,,,,,,,
18035,17-Aug-18,Cam Sur,LACTAMOX 250mg/62.5mg/5ml,16,190.00," 3,040.00 ",0.00,"3,040.00",130.00,"2,080.00",960.00,,,,,,,,
18036,17-Aug-18,Cam Sur,BUPIRIGHT 5mg/ml,2,"2,500.00"," 5,000.00 ",0.00,"5,000.00",825.00,"1,650.00","3,350.00",,,,,,,,
18037,17-Aug-18,Cam Sur,BUPIRIGHT 5mg/ml,2,"2,500.00"," 5,000.00 ",0.00,"5,000.00",825.00,"1,650.00","3,350.00",,,,,,,,
18038,22-Aug-18,Cam Sur,LACTAMOX 250mg/62.5mg/5ml,8,310.00," 2,480.00 ",0.00,"2,480.00",130.00,"1,040.00","1,440.00",,,,,,,,
18039,22-Aug-18,Cam Sur,JAGA 300mg/100mg/100mcg,1,800.00, 800.00 ,0.00,800.00,345.00,345.00,455.00,,,,,,,,
18039,22-Aug-18,Cam Sur,CAPSUGEN FORTE,4,600.00," 2,400.00 ",0.00,"2,400.00",310.00,"1,240.00","1,160.00",,,,,,,,
18040,23-Aug-18,Cam Sur,AMOLTEX 2mg/5ml,6,68.00, 408.00 ,0.00,408.00,20.00,120.00,288.00,,,,,,,,
18040,23-Aug-18,Cam Sur,HISTARIL 1mg/50mg/5ml,15,88.00," 1,320.00 ",0.00,"1,320.00",24.47,367.05,952.95,,,,,,,,
18040,23-Aug-18,Cam Sur,COZOLE 200mg/40mg/5ml,9,90.00, 810.00 ,0.00,810.00,32.40,291.60,518.40,,,,,,,,
18041,25-Aug-18,Cam Sur,DOLO JAGA 500mg/50mg/100mg/100mcg,2,"1,100.00"," 2,200.00 ",0.00,"2,200.00",481.00,962.00,"1,238.00",,,,,,,,
18042,25-Aug-18,Cam Sur,LACTAMOX 125mg/31.25mg/5ml,24,95.00," 2,280.00 ",0.00,"2,280.00",76.00,"1,824.00",456.00,,,,,,,,
18043,25-Aug-18,Cam Sur,LACTAMOX 125mg/31.25mg/5ml,6,190.00," 1,140.00 ",0.00,"1,140.00",76.00,456.00,684.00,,,,,,,,
18044,25-Aug-18,Cam Sur,HISTARIL 1mg/50mg/5ml,30,58.67," 1,760.00 ",0.00,"1,760.00",24.47,734.10,"1,025.90",,,,,,,,
18045,29-Aug-18,Cam Sur,ZAFEX 500mg,1,"3,000.00"," 3,000.00 ",900.00,"2,100.00","1,450.00","1,450.00",650.00,,,,,,,,
18046,30-Aug-18,Cam Sur,LACTAMOX 500mg/125mg,1,"2,700.00"," 2,700.00 ",0.00,"2,700.00","1,174.00","1,174.00","1,526.00",,,,,,,,
18046,30-Aug-18,Cam Sur,ZAFEX 500mg,1,"3,000.00"," 3,000.00 ",0.00,"3,000.00","1,450.00","1,450.00","1,550.00",,,,,,,,
18046,30-Aug-18,Cam Sur,AMETRIS 125mg,20,75.00," 1,500.00 ",0.00,"1,500.00",35.00,700.00,800.00,,,,,,,,
18046,30-Aug-18,Cam Sur,ZETIFEN 250mg/5ml,6,80.00, 480.00 ,0.00,480.00,23.00,138.00,342.00,,,,,,,,
18046,30-Aug-18,Cam Sur,LACTAMOX 125mg/31.25mg/5ml,6,190.00," 1,140.00 ",0.00,"1,140.00",76.00,456.00,684.00,,,,,,,,
18047,30-Aug-18,Cam Sur,LACTAMOX 125mg/31.25mg/5ml,12,190.00," 2,280.00 ",0.00,"2,280.00",76.00,912.00,"1,368.00",,,,,,,,
18048,30-Aug-18,Cam Sur,LACTAMOX 500mg/125mg,1,"2,700.00"," 2,700.00 ",0.00,"2,700.00","1,174.00","1,174.00","1,526.00",,,,,,,,
18049,04-Sep-18,Cam Sur,LACTAMOX 125mg/31.25mg/5ml,12,95.00," 1,140.00 ",0.00,"1,140.00",76.00,912.00,228.00,,,,,,,,
18049,04-Sep-18,Cam Sur,DOLO JAGA 500mg/50mg/100mg/100mcg,1,"1,100.00"," 1,100.00 ",0.00,"1,100.00",481.00,481.00,619.00,,,,,,,,
18050,06-Sep-18,Cam Sur,LACTAMOX 500mg/125mg,1,"1,700.00"," 1,700.00 ",0.00,"1,700.00","1,174.00","1,174.00",526.00,,,,,,,,
18050,06-Sep-18,Cam Sur,METMIC 500mg,2,750.00," 1,500.00 ",0.00,"1,500.00",228.00,456.00,"1,044.00",,,,,,,,
18050,06-Sep-18,Cam Sur,CENDALEX 100mg/ml,10,75.00, 750.00 ,0.00,750.00,31.00,310.00,440.00,,,,,,,,
18050,06-Sep-18,Cam Sur,CYFROX 500mg,2,"1,750.00"," 3,500.00 ",0.00,"3,500.00",120.00,240.00,"3,260.00",,,,,,,,
18050,06-Sep-18,Cam Sur,LACTAMOX 250mg/62.5mg/5ml,6,310.00," 1,860.00 ",0.00,"1,860.00",130.00,780.00,"1,080.00",,,,,,,,
18101A,16-Nov-18,Cam Sur,LACTAMOX 125mg/31.25mg/5ml,6,310.00," 1,860.00 ",558.00,"1,302.00",76.00,456.00,846.00,,,,,,,,
18101A,16-Nov-18,Cam Sur,ZAFEX 500mg,1,"3,600.00"," 3,600.00 ","1,080.00","2,520.00","1,450.00","1,450.00","1,070.00",,,,,,,,
18102A,22-Nov-18,Cam Sur,DOLO JAGA 500mg/50mg/100mg/100mcg,4,"1,100.00"," 4,400.00 ",0.00,"4,400.00",481.00,"1,924.00","2,476.00",,,,,,,,
18102A,22-Nov-18,Cam Sur,CAPSUGEN FORTE,2,600.00," 1,200.00 ",0.00,"1,200.00",310.00,620.00,580.00,,,,,,,,
18103A,23-Nov-18,Cam Sur,CIFROX 500mg,1,"1,750.00"," 1,750.00 ",0.00,"1,750.00",450.00,450.00,"1,300.00",,,,,,,,
18104A,23-Nov-18,Cam Sur,MONILIASOL 500mg,3,750.00," 2,250.00 ",0.00,"2,250.00",240.00,720.00,"1,530.00",,,,,,,,
18105A,23-Nov-18,Cam Sur,ENERGEL SOFTGEL,3,"1,770.00"," 5,310.00 ",0.00,"5,310.00",550.00,"1,650.00","3,660.00",,,,,,,,
18106A,23-Nov-18,Cam Sur,LACTAMOX 250mg/62.5mg/5ml,18,450.00," 8,100.00 ",0.00,"8,100.00",130.00,"2,340.00","5,760.00",,,,,,,,
18107A,23-Nov-18,Cam Sur,LACTAMOX 500mg/125mg,2,"2,880.00"," 5,760.00 ",0.00,"5,760.00","1,174.00","2,348.00","3,412.00",,,,,,,,
18108A,23-Nov-18,Cam Sur,LACTAMOX 500mg/125mg,1,"3,000.00"," 3,000.00 ",0.00,"3,000.00","1,174.00","1,174.00","1,826.00",,,,,,,,
18109a,23-Nov-18,Cam Sur,HISTARIL 1mg/50mg/5ml,10,88.00, 880.00 ,0.00,880.00,24.47,244.70,635.30,,,,,,,,
18110A,23-Nov-18,Cam Sur,MONILIASOL 125mg/5ml,20,55.00," 1,100.00 ",0.00,"1,100.00",26.00,520.00,580.00,,,,,,,,
18111A,23-Nov-18,Cam Sur,EUROXIME 250mg/5ml,7,400.00," 2,800.00 ",0.00,"2,800.00",139.00,973.00,"1,827.00",,,,,,,,
18111A,23-Nov-18,Cam Sur,LACTAMOX 500mg/125mg,1,"3,000.00"," 3,000.00 ",0.00,"3,000.00","1,174.00","1,174.00","1,826.00",,,,,,,,
18111A,23-Nov-18,Cam Sur,TERMAGEN 500mg,2,550.00," 1,100.00 ",0.00,"1,100.00",60.00,120.00,980.00,,,,,,,,
18111A,23-Nov-18,Cam Sur,METMIC 500mg,2,750.00," 1,500.00 ",0.00,"1,500.00",228.00,456.00,"1,044.00",,,,,,,,
18111A,23-Nov-18,Cam Sur,JAGAPLEX OB,1,"1,150.00"," 1,150.00 ",0.00,"1,150.00",155.00,155.00,995.00,,,,,,,,
18111A,23-Nov-18,Cam Sur,CORSTAPH 500mg,3,"1,800.00"," 5,400.00 ",0.00,"5,400.00",435.00,"1,305.00","4,095.00",,,,,,,,
18112A,23-Nov-18,Cam Sur,COZOLE 200mg/40mg/5ml,10,90.00, 900.00 ,0.00,900.00,32.40,324.00,576.00,,,,,,,,
18113a,23-Nov-18,Cam Sur,FORTIPLEX,1,"1,050.00"," 1,050.00 ",0.00,"1,050.00",270.00,270.00,780.00,,,,,,,,
18113a,23-Nov-18,Cam Sur,ZAFEX 500mg,1,"3,000.00"," 3,000.00 ",0.00,"3,000.00","1,450.00","1,450.00","1,550.00",,,,,,,,
18113a,23-Nov-18,Cam Sur,LACTAMOX 125mg/31.25mg/5ml,6,310.00," 1,860.00 ",0.00,"1,860.00",76.00,456.00,"1,404.00",,,,,,,,
18113a,23-Nov-18,Cam Sur,MONILIASOL 500mg,2,750.00," 1,500.00 ",0.00,"1,500.00",240.00,480.00,"1,020.00",,,,,,,,
18115A,28-Nov-18,Cam Sur,BROADMETZ 500mg,2,"1,050.00"," 2,100.00 ",0.00,"2,100.00",319.00,638.00,"1,462.00",,,,,,,,
18115A,28-Nov-18,Cam Sur,SUSTACHLOR 125mg/5ml,10,98.00, 980.00 ,0.00,980.00,29.00,290.00,690.00,,,,,,,,
18115A,28-Nov-18,Cam Sur,SPASCLOMIN 10mg/5ml,10,145.00," 1,450.00 ",0.00,"1,450.00",40.00,400.00,"1,050.00",,,,,,,,
18115A,28-Nov-18,Cam Sur,LACTAMOX 500mg/125mg,1,"3,000.00"," 3,000.00 ",0.00,"3,000.00","1,174.00","1,174.00","1,826.00",,,,,,,,
18115A,28-Nov-18,Cam Sur,MONILIASOL 500mg,2,750.00," 1,500.00 ",0.00,"1,500.00",240.00,480.00,"1,020.00",,,,,,,,
18115A,28-Nov-18,Cam Sur,LACTAMOX 125mg/31.25mg/5ml,10,310.00," 3,100.00 ",0.00,"3,100.00",76.00,760.00,"2,340.00",,,,,,,,
18115A,28-Nov-18,Cam Sur,BERCEF 50mg/ml,10,140.00," 1,400.00 ",0.00,"1,400.00",42.00,420.00,980.00,,,,,,,,
18115A,28-Nov-18,Cam Sur,DRILOZOLE 200mg/40mg/5ml,2,"1,000.00"," 2,000.00 ",0.00,"2,000.00",26.00,52.00,"1,948.00",,,,,,,,
18116a,28-Nov-18,Cam Sur,LACTAMOX 250mg/62.5mg/5ml,10,450.00," 4,500.00 ",0.00,"4,500.00",130.00,"1,300.00","3,200.00",,,,,,,,
18117A,28-Nov-18,Cam Sur,MONILIASOL 500mg,2,750.00," 1,500.00 ",0.00,"1,500.00",240.00,480.00,"1,020.00",,,,,,,,
18118A,28-Nov-18,Cam Sur,ZETIFEN 250mg/5ml,10,98.00, 980.00 ,0.00,980.00,23.00,230.00,750.00,,,,,,,,
18119A,28-Nov-18,Cam Sur,MULTI GROW 120ml,12,260.00," 3,120.00 ",0.00,"3,120.00",75.00,900.00,"2,220.00",,,,,,,,
18120A,28-Nov-18,Cam Sur,NERVAPLEX 500mg,1,"1,600.00"," 1,600.00 ",0.00,"1,600.00",458.00,458.00,"1,142.00",,,,,,,,
18167A,15-Nov-18,Cam Sur,Zetifen 500mg,1,300.00, 300.00 ,0.00,300.00,104.16,104.16,195.84,,,,,,,,
18167A,15-Nov-18,Cam Sur,SUSTACHLOR 500mg,1,"1,600.00"," 1,600.00 ",0.00,"1,600.00",330.00,330.00,"1,270.00",,,,,,,,
18167A,15-Nov-18,Cam Sur,NERVAPLEX 500mg,1,"1,750.00"," 1,750.00 ",0.00,"1,750.00",458.00,458.00,"1,292.00",,,,,,,,
18175A,24-Nov-18,Cam Sur,INTRAPLEM 100mg/5ml,12,80.00, 960.00 ,0.00,960.00,27.00,324.00,636.00,,,,,,,,
18175A,24-Nov-18,Cam Sur,BUTADIL 2mg/5ml,24,75.00," 1,800.00 ",0.00,"1,800.00",21.00,504.00,"1,296.00",,,,,,,,
15769,01-Mar-18,Cam Norte,METMIC 500mg,3,500.00," 1,500.00 ",0.00,"1,500.00",,,"1,500.00",,,,,,,,
15769,01-Mar-18,Cam Norte,CEFEXIL 500mg,3,"1,200.00"," 3,600.00 ",0.00,"3,600.00",535.00,"1,605.00","1,995.00",,,,,,,,
15770,01-Mar-18,Cam Norte,JAGAPLEX,1,"1,185.00"," 1,185.00 ",0.00,"1,185.00",395.00,395.00,790.00,,,,,,,,
15770,01-Mar-18,Cam Norte,FLUIFORT-M 250mg/5ml,5,99.00, 495.00 ,0.00,495.00,31.00,155.00,340.00,,,,,,,,
15770,01-Mar-18,Cam Norte,ALGICAP 50mg/5ml,6,80.00, 480.00 ,0.00,480.00,24.00,144.00,336.00,,,,,,,,
15770,01-Mar-18,Cam Norte,BROADMETZ 125mg/5ml,6,79.00, 474.00 ,0.00,474.00,24.00,144.00,330.00,,,,,,,,
15770,01-Mar-18,Cam Norte,HISTARIL 1mg/50mg/5ml,6,88.00, 528.00 ,0.00,528.00,24.47,146.82,381.18,,,,,,,,
15770,01-Mar-18,Cam Norte,ENCLOXIL 500mg,1,"1,800.00"," 1,800.00 ",0.00,"1,800.00",540.00,540.00,"1,260.00",,,,,,,,
15770,01-Mar-18,Cam Norte,APROCARE 150mg,1,870.00, 870.00 ,0.00,870.00,219.00,219.00,651.00,,,,,,,,
15770,01-Mar-18,Cam Norte,HISTARIL 2mg/100mg,1,800.00, 800.00 ,0.00,800.00,225.00,225.00,575.00,,,,,,,,
15770,01-Mar-18,Cam Norte,ARTAL-H 50mg/12.5mg,1,595.00, 595.00 ,0.00,595.00,198.00,198.00,397.00,,,,,,,,
15770,01-Mar-18,Cam Norte,TERMAGEN 500mg,1,200.00, 200.00 ,0.00,200.00,60.00,60.00,140.00,,,,,,,,
15770,01-Mar-18,Cam Norte,BROADMETZ 500mg,1,"1,070.00"," 1,070.00 ",0.00,"1,070.00",319.00,319.00,751.00,,,,,,,,
15771,01-Mar-18,Cam Norte,METMIC 500mg,2,750.00," 1,500.00 ",0.00,"1,500.00",,,"1,500.00",,,,,,,,
15772,01-Mar-18,Cam Norte,MULTI GROW 120ml,30,160.00," 4,800.00 ",0.00,"4,800.00",75.00,"2,250.00","2,550.00",,,,,,,,
15773,08-Mar-18,Cam Norte,CEFEXIL 500mg,3,"1,800.00"," 5,400.00 ",0.00,"5,400.00",535.00,"1,605.00","3,795.00",,,,,,,,
15774,07-Mar-18,Cam Norte,ISORANE 100% V/V 100ml,2,"3,429.00"," 6,858.00 ",0.00,"6,858.00","1,250.00","2,500.00","4,358.00",,,,,,,,
15775,08-Mar-18,Cam Norte,ALGICAP 50mg/5ml,2,800.00," 1,600.00 ",0.00,"1,600.00",24.00,48.00,"1,552.00",,,,,,,,
15775,08-Mar-18,Cam Norte,METMIC 500mg,2,750.00," 1,500.00 ",0.00,"1,500.00",,,"1,500.00",,,,,,,,
15776,05-Mar-18,Cam Norte,DOLO JAGA 500mg/50mg/100mg/100mcg,2,"1,600.00"," 3,200.00 ",0.00,"3,200.00",481.00,962.00,"2,238.00",,,,,,,,
15777,09-Mar-18,Cam Norte,FOCID 5mg,1,650.00, 650.00 ,0.00,650.00,188.00,188.00,462.00,,,,,,,,
15777,09-Mar-18,Cam Norte,JAGAPLEX,1,850.00, 850.00 ,0.00,850.00,395.00,395.00,455.00,,,,,,,,
15778,09-Mar-18,Cam Norte,EVAPROST 250mcg/ml,2,"5,500.00"," 11,000.00 ",0.00,"11,000.00","3,575.00","7,150.00","3,850.00",,,,,,,,
15779,12-Mar-18,Cam Norte,SOLUNATE 84mg/ml (8.4%),0,"12,000.00", -   ,0.00,0.00,"4,500.00",0.00,0.00,,,,,,,,
15780,12-Mar-18,Cam Norte,OMCARE 40mg,1,"3,600.00"," 3,600.00 ",0.00,"3,600.00",390.00,390.00,"3,210.00",,,,,,,,
15781,12-Mar-18,Cam Norte,BROXIL-M 15mg/5ml,6,74.00, 444.00 ,0.00,444.00,23.00,138.00,306.00,,,,,,,,
15781,12-Mar-18,Cam Norte,CEPROTRON 500mg,1,"1,750.00"," 1,750.00 ",0.00,"1,750.00",415.00,415.00,"1,335.00",,,,,,,,
15781,12-Mar-18,Cam Norte,LACTAMOX 500mg/125mg,1,"2,800.20"," 2,800.20 ",0.00,"2,800.20","1,173.60","1,173.60","1,626.60",,,,,,,,
15782,13-Mar-18,Cam Norte,MULTI GROW 30ml,30,175.00," 5,250.00 ",0.00,"5,250.00",55.00,"1,650.00","3,600.00",,,,,,,,
15792,05-Apr-18,Cam Norte,SODAMPEN 1g IM/IV,11,116.36," 1,280.00 ",0.00,"1,280.00",40.00,440.00,840.00,,,,,,,,
15793,06-Apr-18,Cam Norte,CEFEXIL 500mg,2,"1,800.00"," 3,600.00 ",0.00,"3,600.00",535.00,"1,070.00","2,530.00",,,,,,,,
15793,06-Apr-18,Cam Norte,BROXIL-M 30mg,3,670.00," 2,010.00 ",0.00,"2,010.00",210.00,630.00,"1,380.00",,,,,,,,
15794,10-Mar-18,Cam Norte,SOLUNATE 84mg/ml (8.4%),0.2,"12,000.00"," 2,400.00 ",0.00,"2,400.00","4,500.00",900.00,"1,500.00",,,,,,,,
15795,30-Apr-18,Cam Norte,EVAPROST 125mcg/ml,1,"2,880.00"," 2,880.00 ",0.00,"2,880.00","1,872.00","1,872.00","1,008.00",,,,,,,,
15796,11-Apr-18,Cam Norte,EVAPROST 250mcg/ml,1,"5,500.00"," 5,500.00 ",0.00,"5,500.00","3,575.00","3,575.00","1,925.00",,,,,,,,
15797,11-Apr-18,Cam Norte,EVAPROST 250mcg/ml,1,"5,500.00"," 5,500.00 ",0.00,"5,500.00","3,575.00","3,575.00","1,925.00",,,,,,,,
15799,12-Apr-18,Cam Norte,TRIVASC 35mg MR,1,"1,425.00"," 1,425.00 ",0.00,"1,425.00",445.00,445.00,980.00,,,,,,,,
15799,12-Apr-18,Cam Norte,METMIC 500mg,2,750.00," 1,500.00 ",0.00,"1,500.00",228.00,456.00,"1,044.00",,,,,,,,
15799,12-Apr-18,Cam Norte,JAGAPLEX,2,"1,185.00"," 2,370.00 ",0.00,"2,370.00",395.00,790.00,"1,580.00",,,,,,,,
15799,12-Apr-18,Cam Norte,BROXIL-M 30mg,1,670.00, 670.00 ,0.00,670.00,210.00,210.00,460.00,,,,,,,,
15800,12-Apr-18,Cam Norte,CINNABLOC 25mg,1,500.00, 500.00 ,0.00,500.00,133.00,133.00,367.00,,,,,,,,
15800,12-Apr-18,Cam Norte,XYNETIN 1500mg/200iu,1,"1,050.00"," 1,050.00 ",0.00,"1,050.00",310.00,310.00,740.00,,,,,,,,
15800,12-Apr-18,Cam Norte,EUROXIME 500mg,1,"3,000.00"," 3,000.00 ",0.00,"3,000.00","1,450.00","1,450.00","1,550.00",,,,,,,,
15800,12-Apr-18,Cam Norte,JAGAPLEX,1,"1,185.00"," 1,185.00 ",0.00,"1,185.00",395.00,395.00,790.00,,,,,,,,
15800,12-Apr-18,Cam Norte,OSTEO-PRO 750mg/10iu/10mg,1,"1,164.00"," 1,164.00 ",0.00,"1,164.00",458.00,458.00,706.00,,,,,,,,
15800,12-Apr-18,Cam Norte,BROXIL-M 30mg,2,670.00," 1,340.00 ",0.00,"1,340.00",210.00,420.00,920.00,,,,,,,,
15800,12-Apr-18,Cam Norte,PHILSTAT 20mg,2,240.00, 480.00 ,0.00,480.00,70.00,140.00,340.00,,,,,,,,
15800,12-Apr-18,Cam Norte,ARTAL,2,350.00, 700.00 ,0.00,700.00,115.00,230.00,470.00,,,,,,,,
15801,26-Jun-18,Cam Norte,JAGA 300mg/100mg/100mcg,1,"1,150.00"," 1,150.00 ",0.00,"1,150.00",345.00,345.00,805.00,,,,,,,,
15802,26-Jun-18,Cam Norte,LEIVICLOX 250mg,30,181.33," 5,440.00 ",0.00,"5,440.00",68.00,"2,040.00","3,400.00",,,,,,,,
15803,27-Jun-18,Cam Norte,BUPIRIGHT 5mg/ml,2.8,"2,321.73"," 6,500.84 ",0.00,"6,500.84",825.00,"2,310.00","4,190.84",,,,,,,,
15804,27-Jul-18,Cam Norte,FOCID 5mg,1,650.00, 650.00 ,0.00,650.00,188.00,188.00,462.00,,,,,,,,
15805,03-Jul-18,Cam Norte,LACTAMOX 500mg/125mg,1,"2,800.00"," 2,800.00 ",0.00,"2,800.00","1,174.00","1,174.00","1,626.00",,,,,,,,
15806,03-Jul-18,Cam Norte,JAGAPLEX,1,"1,185.00"," 1,185.00 ",0.00,"1,185.00",395.00,395.00,790.00,,,,,,,,
15807,04-Jul-18,Cam Norte,CEFZIME 750mg,1.1,"2,727.27"," 3,000.00 ",0.00,"3,000.00",750.00,825.00,"2,175.00",,,,,,,,
15808,04-Jul-18,Cam Norte,EVAPROST 250mcg/ml,2,"5,500.00"," 11,000.00 ",0.00,"11,000.00","3,575.00","7,150.00","3,850.00",,,,,,,,
15809,06-Jul-18,Cam Norte,ALGICAP 50mg/5ml,12,80.00, 960.00 ,0.00,960.00,24.00,288.00,672.00,,,,,,,,
15809,06-Jul-18,Cam Norte,VONWELT/GENERIC TRANEXAMIC ACID,4,"1,500.00"," 6,000.00 ",0.00,"6,000.00",330.00,"1,320.00","4,680.00",,,,,,,,
15809,06-Jul-18,Cam Norte,CEFEXIL 500mg,6,"1,800.00"," 10,800.00 ",0.00,"10,800.00",535.00,"3,210.00","7,590.00",,,,,,,,
15809,06-Jul-18,Cam Norte,RESPINAL 125mg/5ml,12,120.00," 1,440.00 ",0.00,"1,440.00",35.00,420.00,"1,020.00",,,,,,,,
15809,06-Jul-18,Cam Norte,RESPINAL 500mg,4,"1,500.00"," 6,000.00 ",0.00,"6,000.00",400.00,"1,600.00","4,400.00",,,,,,,,
15809,06-Jul-18,Cam Norte,METMIC 500mg,3,750.00," 2,250.00 ",0.00,"2,250.00",228.00,684.00,"1,566.00",,,,,,,,
15810,05-Jul-18,Cam Norte,JAGAPLEX,5,"1,185.00"," 5,925.00 ",0.00,"5,925.00",395.00,"1,975.00","3,950.00",,,,,,,,
15813,09-Jul-18,Cam Norte,BUPIRIGHT 5mg/ml,2.8,"2,321.43"," 6,500.00 ",0.00,"6,500.00",825.00,"2,310.00","4,190.00",,,,,,,,
15814,09-Jul-18,Cam Norte,JAGA 300mg/100mg/100mcg,2,"1,150.00"," 2,300.00 ",0.00,"2,300.00",345.00,690.00,"1,610.00",,,,,,,,
15815,09-Jul-18,Cam Norte,JAGAPLEX OB,2,850.00," 1,700.00 ",0.00,"1,700.00",155.00,310.00,"1,390.00",,,,,,,,
15816,10-Jul-18,Cam Norte,EUROXIME 250mg/5ml,5,400.00," 2,000.00 ",0.00,"2,000.00",139.00,695.00,"1,305.00",,,,,,,,
15817,10-Jul-18,Cam Norte,JAGAPLEX,3,"1,185.00"," 3,555.00 ",0.00,"3,555.00",395.00,"1,185.00","2,370.00",,,,,,,,
15818,10-Jul-18,Cam Norte,ISORANE 100% V/V 100ml,2,"3,000.00"," 6,000.00 ",0.00,"6,000.00","1,250.00","2,500.00","3,500.00",,,,,,,,
15819,12-Jul-18,Cam Norte,JAGA 300mg/100mg/100mcg,3,"1,150.00"," 3,450.00 ",0.00,"3,450.00",345.00,"1,035.00","2,415.00",,,,,,,,
15820,14-Jul-18,Cam Norte,EVAPROST 250mcg/ml,1,"11,000.00"," 11,000.00 ",0.00,"11,000.00","3,575.00","3,575.00","7,425.00",,,,,,,,
15821,17-Jul-18,Cam Norte,BROADMETZ 250mg/5ml,12,105.00," 1,260.00 ",0.00,"1,260.00",28.00,336.00,924.00,,,,,,,,
15821,17-Jul-18,Cam Norte,CEFEXIL 500mg,3,"1,800.00"," 5,400.00 ",0.00,"5,400.00",535.00,"1,605.00","3,795.00",,,,,,,,
15822,17-Jul-18,Cam Norte,METMIC 500mg,2,750.00," 1,500.00 ",0.00,"1,500.00",228.00,456.00,"1,044.00",,,,,,,,
15823,18-Jul-18,Cam Norte,ALGICAP 500mg,1,800.00, 800.00 ,0.00,800.00,228.00,228.00,572.00,,,,,,,,
15823,18-Jul-18,Cam Norte,OSTEO-PRO 750mg/10iu/10mg,1,"1,165.00"," 1,165.00 ",0.00,"1,165.00",458.00,458.00,707.00,,,,,,,,
15823,18-Jul-18,Cam Norte,JAGAPLEX,2,"1,185.00"," 2,370.00 ",0.00,"2,370.00",395.00,790.00,"1,580.00",,,,,,,,
15823,18-Jul-18,Cam Norte,AZECLO 100mg,1,"1,900.00"," 1,900.00 ",0.00,"1,900.00",595.00,595.00,"1,305.00",,,,,,,,
15824,18-Jul-18,Cam Norte,OSTEO-PRO 750mg/10iu/10mg,1,"1,156.00"," 1,156.00 ",0.00,"1,156.00",458.00,458.00,698.00,,,,,,,,
15825,18-Jul-18,Cam Norte,OMCARE 40mg,1,"3,600.00"," 3,600.00 ",0.00,"3,600.00",390.00,390.00,"3,210.00",,,,,,,,
15826,18-Jul-18,Cam Norte,EUROXONE 1g,11,345.45," 3,800.00 ",0.00,"3,800.00",73.00,803.00,"2,997.00",,,,,,,,
15827,18-Jul-18,Cam Norte,SOLUNATE 84mg/ml (8.4%),0.2,"12,000.00"," 2,400.00 ",0.00,"2,400.00","4,500.00",900.00,"1,500.00",,,,,,,,
15828 SI1899,21-Jul-18,Cam Norte,SPEEDA,40,"7,500.00"," 300,000.00 ",0.00,"300,000.00","3,750.00","150,000.00","150,000.00",,,,,,,,
15829,25-Jul-18,Cam Norte,BUPIRIGHT 5mg/ml,2.8,"2,321.43"," 6,500.00 ",0.00,"6,500.00",825.00,"2,310.00","4,190.00",,,,,,,,
15830,25-Jul-18,Cam Norte,ISORANE 100% V/V 100ml,2,"3,000.00"," 6,000.00 ",0.00,"6,000.00","1,250.00","2,500.00","3,500.00",,,,,,,,
15831,25-Jul-18,Cam Norte,SOLUNATE 84mg/ml (8.4%),0.2,"12,000.00"," 2,400.00 ",0.00,"2,400.00","4,500.00",900.00,"1,500.00",,,,,,,,
15832,26-Jul-18,Cam Norte,JAGAPLEX,1,"1,185.00"," 1,185.00 ",0.00,"1,185.00",395.00,395.00,790.00,,,,,,,,
15833,01-Aug-18,Cam Norte,ISORANE 100% V/V 100ml,2,"3,000.00"," 6,000.00 ",0.00,"6,000.00","1,250.00","2,500.00","3,500.00",,,,,,,,
15834,01-Aug-18,Cam Norte,SOLUNATE 84mg/ml (8.4%),0.2,"12,000.00"," 2,400.00 ",0.00,"2,400.00","4,500.00",900.00,"1,500.00",,,,,,,,
15835,01-Aug-18,Cam Norte,EVAPROST 250mcg/ml,2,"5,500.00"," 11,000.00 ",0.00,"11,000.00","3,575.00","7,150.00","3,850.00",,,,,,,,
15836,01-Aug-18,Cam Norte,EUROXIME 250mg/5ml,6,400.00," 2,400.00 ",0.00,"2,400.00",139.00,834.00,"1,566.00",,,,,,,,
15837,03-Aug-18,Cam Norte,ARTAL,3,350.00," 1,050.00 ",0.00,"1,050.00",115.00,345.00,705.00,,,,,,,,
15837,03-Aug-18,Cam Norte,COZOLE 200mg/40mg/5ml,12,90.00," 1,080.00 ",0.00,"1,080.00",32.40,388.80,691.20,,,,,,,,
15837,03-Aug-18,Cam Norte,LEIVICLOX 250mg,4,272.00," 1,088.00 ",0.00,"1,088.00",68.00,272.00,816.00,,,,,,,,
15837,03-Aug-18,Cam Norte,RESPINAL 125mg/5ml,12,120.00," 1,440.00 ",0.00,"1,440.00",35.00,420.00,"1,020.00",,,,,,,,
15838,04-Aug-18,Cam Norte,JAGA 300mg/100mg/100mcg,1,"1,150.00"," 1,150.00 ",0.00,"1,150.00",345.00,345.00,805.00,,,,,,,,
15839,04-Aug-18,Cam Norte,CINNABLOC 25mg,2,500.00," 1,000.00 ",0.00,"1,000.00",133.00,266.00,734.00,,,,,,,,
15840,06-Aug-18,Cam Norte,EUROXONE 1g,11,345.45," 3,800.00 ",0.00,"3,800.00",73.00,803.00,"2,997.00",,,,,,,,
15841,06-Aug-18,Cam Norte,EUROXONE 1g,11,345.45," 3,800.00 ",0.00,"3,800.00",73.00,803.00,"2,997.00",,,,,,,,
15842,06-Aug-18,Cam Norte,OMCARE 40mg,1,"3,600.00"," 3,600.00 ",0.00,"3,600.00",390.00,390.00,"3,210.00",,,,,,,,
15843,06-Aug-18,Cam Norte,OMCARE 40mg,1,"3,600.00"," 3,600.00 ",0.00,"3,600.00",390.00,390.00,"3,210.00",,,,,,,,
15844,06-Aug-18,Cam Norte,SOLUNATE 84mg/ml (8.4%),0.2,"12,000.00"," 2,400.00 ",0.00,"2,400.00","4,500.00",900.00,"1,500.00",,,,,,,,
15845,06-Aug-18,Cam Norte,SOLUNATE 84mg/ml (8.4%),0.2,"12,000.00"," 2,400.00 ",0.00,"2,400.00","4,500.00",900.00,"1,500.00",,,,,,,,
15846,08-Aug-18,Cam Norte,TRIVASC 35mg MR,2,"1,425.00"," 2,850.00 ",0.00,"2,850.00",445.00,890.00,"1,960.00",,,,,,,,
15846,08-Aug-18,Cam Norte,JAGA 300mg/100mg/100mcg,2,"1,150.00"," 2,300.00 ",0.00,"2,300.00",345.00,690.00,"1,610.00",,,,,,,,
15846,08-Aug-18,Cam Norte,BROADMETZ 500mg,2,"1,000.00"," 2,000.00 ",0.00,"2,000.00",319.00,638.00,"1,362.00",,,,,,,,
15846,08-Aug-18,Cam Norte,CEFEXIL 500mg,2,"1,800.00"," 3,600.00 ",0.00,"3,600.00",535.00,"1,070.00","2,530.00",,,,,,,,
15846,08-Aug-18,Cam Norte,HISTARIL 2mg/100mg,1,800.00, 800.00 ,0.00,800.00,225.00,225.00,575.00,,,,,,,,
15847,08-Aug-18,Cam Norte,ZAFEX 500mg,1,"3,000.00"," 3,000.00 ",0.00,"3,000.00","1,450.00","1,450.00","1,550.00",,,,,,,,
15848,09-Aug-18,Cam Norte,EUROXONE 1g,11,345.45," 3,800.00 ",0.00,"3,800.00",73.00,803.00,"2,997.00",,,,,,,,
15849,09-Aug-18,Cam Norte,MULTI GROW 30ml,18,116.67," 2,100.06 ",0.00,"2,100.06",55.00,990.00,"1,110.06",,,,,,,,
15850,10-Aug-18,Cam Norte,EVAPROST 250mcg/ml,20,"9,600.00"," 192,000.00 ",0.00,"192,000.00","3,575.00","71,500.00","120,500.00",,,,,,,,
15901,11-Aug-18,Cam Norte,ENERGEL SOFTGEL,2,"1,752.00"," 3,504.00 ",0.00,"3,504.00",550.00,"1,100.00","2,404.00",,,,,,,,
15901,11-Aug-18,Cam Norte,CEPROTRON 500mg,1,"1,750.00"," 1,750.00 ",0.00,"1,750.00",415.00,415.00,"1,335.00",,,,,,,,
15902,13-Aug-18,Cam Norte,SOLUNATE 84mg/ml (8.4%),0.2,"12,000.00"," 2,400.00 ",0.00,"2,400.00","4,500.00",900.00,"1,500.00",,,,,,,,
15903,13-Aug-18,Cam Norte,ISORANE 100% V/V 100ml,2,"3,000.00"," 6,000.00 ",0.00,"6,000.00","1,250.00","2,500.00","3,500.00",,,,,,,,
15904,18-Aug-18,Cam Norte,ENERGEL SOFTGEL,1,"1,750.00"," 1,750.00 ",0.00,"1,750.00",550.00,550.00,"1,200.00",,,,,,,,
15904,18-Aug-18,Cam Norte,AZECLO 100mg,2,"3,800.00"," 7,600.00 ",0.00,"7,600.00",595.00,"1,190.00","6,410.00",,,,,,,,
15905,18-Aug-18,Cam Norte,MULTI GROW 120ml,3,240.00, 720.00 ,0.00,720.00,75.00,225.00,495.00,,,,,,,,
15905,18-Aug-18,Cam Norte,MULTI GROW 30ml,3,175.00, 525.00 ,0.00,525.00,55.00,165.00,360.00,,,,,,,,
15907,14-Aug-18,Cam Norte,JAGAPLEX,1,"1,185.00"," 1,185.00 ",355.50,829.50,395.00,395.00,434.50,,,,,,,,
15907,14-Aug-18,Cam Norte,ENERGEL SOFTGEL,2,"1,750.00"," 3,500.00 ","1,050.00","2,450.00",550.00,"1,100.00","1,350.00",,,,,,,,
15907,14-Aug-18,Cam Norte,RAPICLAV 625mg,2,590.10," 1,180.20 ",354.06,826.14,198.00,396.00,430.14,,,,,,,,
15908,15-Aug-18,Cam Norte,OMCARE 40mg,1,"3,600.00"," 3,600.00 ",0.00,"3,600.00",450.00,450.00,"3,150.00",,,,,,,,
15909,15-Aug-18,Cam Norte,BUPIRIGHT 5mg/ml,2.8,"2,321.45"," 6,500.06 ",0.00,"6,500.06",825.00,"2,310.00","4,190.06",,,,,,,,
15910,17-Aug-18,Cam Norte,CLAXIC 250mg/62.5mg/5ml,6,310.00," 1,860.00 ",0.00,"1,860.00",130.00,780.00,"1,080.00",,,,,,,,
15910,17-Aug-18,Cam Norte,LACTAMOX 500mg/125mg,2,"2,800.20"," 5,600.40 ",0.00,"5,600.40","1,174.00","2,348.00","3,252.40",,,,,,,,
15910,17-Aug-18,Cam Norte,CINNABLOC 25mg,2,500.00," 1,000.00 ",0.00,"1,000.00",133.00,266.00,734.00,,,,,,,,
15910,17-Aug-18,Cam Norte,METMIC 500mg,2,750.00," 1,500.00 ",0.00,"1,500.00",228.00,456.00,"1,044.00",,,,,,,,
15910,17-Aug-18,Cam Norte,VONWELT/GENERIC TRANEXAMIC ACID,2,"1,500.00"," 3,000.00 ",0.00,"3,000.00",330.00,660.00,"2,340.00",,,,,,,,
15910,17-Aug-18,Cam Norte,CLAXIC 125mg/31.25mg/5ml,6,190.00," 1,140.00 ",0.00,"1,140.00",76.00,456.00,684.00,,,,,,,,
15910,17-Aug-18,Cam Norte,ARTAL,3,350.00," 1,050.00 ",0.00,"1,050.00",115.00,345.00,705.00,,,,,,,,
15911,18-Sep-18,Cam Norte,ZAFEX 500mg,1,"3,000.00"," 3,000.00 ",0.00,"3,000.00","1,450.00","1,450.00","1,550.00",,,,,,,,
15912,22-Aug-18,Cam Norte,ISORANE 100% V/V 100ml,2,"3,000.00"," 6,000.00 ",0.00,"6,000.00","1,250.00","2,500.00","3,500.00",,,,,,,,
15913,22-Aug-18,Cam Norte,SPLENDAMET 500mg,1,480.00, 480.00 ,0.00,480.00,128.00,128.00,352.00,,,,,,,,
15914,22-Aug-18,Cam Norte,ARTAL,1,350.00, 350.00 ,0.00,350.00,115.00,115.00,235.00,,,,,,,,
15914,22-Aug-18,Cam Norte,LACTAMOX 500mg/125mg,1,"2,800.20"," 2,800.20 ",0.00,"2,800.20","1,174.00","1,174.00","1,626.20",,,,,,,,
15915,01-Sep-18,Cam Norte,LEIVICLOX 250mg,30,181.33," 5,440.00 ",0.00,"5,440.00",68.00,"2,040.00","3,400.00",,,,,,,,
15916,01-Sep-18,Cam Norte,ENCLOXIL 500mg,1,"1,800.00"," 1,800.00 ",0.00,"1,800.00",540.00,540.00,"1,260.00",,,,,,,,
15916,01-Sep-18,Cam Norte,RAPICLAV 625mg,1,588.00, 588.00 ,0.00,588.00,198.00,198.00,390.00,,,,,,,,
15916,01-Sep-18,Cam Norte,RESPINAL 500mg,1,"1,500.00"," 1,500.00 ",0.00,"1,500.00",400.00,400.00,"1,100.00",,,,,,,,
15916,01-Sep-18,Cam Norte,HISTARIL 1mg/50mg/5ml,3,80.00, 240.00 ,0.00,240.00,24.47,73.41,166.59,,,,,,,,
15916,01-Sep-18,Cam Norte,JAGAPLEX,1,"1,185.00"," 1,185.00 ",0.00,"1,185.00",395.00,395.00,790.00,,,,,,,,
15916,01-Sep-18,Cam Norte,ARTAL,1,350.00, 350.00 ,0.00,350.00,115.00,115.00,235.00,,,,,,,,
15916,01-Sep-18,Cam Norte,FOCID 5mg,1,650.00, 650.00 ,0.00,650.00,188.00,188.00,462.00,,,,,,,,
15916,01-Sep-18,Cam Norte,BROXIL-M 30mg,1,670.00, 670.00 ,0.00,670.00,210.00,210.00,460.00,,,,,,,,
15916,01-Sep-18,Cam Norte,METMIC 500mg,1,750.00, 750.00 ,0.00,750.00,228.00,228.00,522.00,,,,,,,,
15916,01-Sep-18,Cam Norte,JAGA 300mg/100mg/100mcg,1,"1,150.00"," 1,150.00 ",0.00,"1,150.00",345.00,345.00,805.00,,,,,,,,
15916,01-Sep-18,Cam Norte,RESPINAL 125mg/5ml,3,120.00, 360.00 ,0.00,360.00,35.00,105.00,255.00,,,,,,,,
15917,01-Sep-18,Cam Norte,SOLUNATE 84mg/ml (8.4%),4,"19,000.00"," 76,000.00 ",0.00,"76,000.00","4,500.00","18,000.00","58,000.00",,,,,,,,
15918,01-Sep-18,Cam Norte,DOLO JAGA 500mg/50mg/100mg/100mcg,1,"1,600.00"," 1,600.00 ",0.00,"1,600.00",481.00,481.00,"1,119.00",,,,,,,,
15919,01-Sep-18,Cam Norte,CEFEXIL 500mg,4,"1,800.00"," 7,200.00 ",0.00,"7,200.00",535.00,"2,140.00","5,060.00",,,,,,,,
15919,01-Sep-18,Cam Norte,ALGICAP 50mg/5ml,12,80.00, 960.00 ,0.00,960.00,24.00,288.00,672.00,,,,,,,,
15919,01-Sep-18,Cam Norte,METMIC 500mg,2,750.00," 1,500.00 ",0.00,"1,500.00",228.00,456.00,"1,044.00",,,,,,,,
15920,01-Sep-18,Cam Norte,JAGAPLEX,1,"1,185.00"," 1,185.00 ",0.00,"1,185.00",395.00,395.00,790.00,,,,,,,,
15920,01-Sep-18,Cam Norte,SPLENDAMET 500mg,1,480.00, 480.00 ,0.00,480.00,128.00,128.00,352.00,,,,,,,,
15921,05-Sep-18,Cam Norte,SODAMPEN 1g IM/IV,11,116.36," 1,280.00 ",0.00,"1,280.00",40.00,440.00,840.00,,,,,,,,
15922,05-Sep-18,Cam Norte,SODAMPEN 1g IM/IV,11,116.36," 1,280.00 ",0.00,"1,280.00",40.00,440.00,840.00,,,,,,,,
15923,05-Sep-18,Cam Norte,EVAPROST 250mcg/ml,2,"5,500.00"," 11,000.00 ",0.00,"11,000.00","3,575.00","7,150.00","3,850.00",,,,,,,,
15924,07-Sep-18,Cam Norte,CEFZIME 750mg,1.1,"2,727.27"," 3,000.00 ",0.00,"3,000.00",750.00,825.00,"2,175.00",,,,,,,,
15925,05-Sep-18,Cam Norte,SOLUNATE 84mg/ml (8.4%),0.2,"12,000.00"," 2,400.00 ",0.00,"2,400.00","4,500.00",900.00,"1,500.00",,,,,,,,
15926,07-Sep-18,Cam Norte,SOLUNATE 84mg/ml (8.4%),0.2,"12,000.00"," 2,400.00 ",0.00,"2,400.00","4,500.00",900.00,"1,500.00",,,,,,,,
15927,07-Sep-18,Cam Norte,JAGAPLEX,2,"1,185.00"," 2,370.00 ",0.00,"2,370.00",395.00,790.00,"1,580.00",,,,,,,,
15928,10-Sep-18,Cam Norte,BUPIRIGHT 5mg/ml,2.2,"2,954.55"," 6,500.00 ",0.00,"6,500.00",825.00,"1,815.00","4,685.00",,,,,,,,
15929,10-Sep-18,Cam Norte,SODAMPEN 1g IM/IV,11,116.36," 1,280.00 ",0.00,"1,280.00",40.00,440.00,840.00,,,,,,,,
15930,13-Sep-18,Cam Norte,EUROXONE 1g,11,345.45," 3,800.00 ",0.00,"3,800.00",73.00,803.00,"2,997.00",,,,,,,,
15931,13-Sep-18,Cam Norte,EUROXONE 1g,11,345.45," 3,800.00 ",0.00,"3,800.00",73.00,803.00,"2,997.00",,,,,,,,
15933,15-Sep-18,Cam Norte,CEFEXIL 500mg,2,"1,800.00"," 3,600.00 ",0.00,"3,600.00",535.00,"1,070.00","2,530.00",,,,,,,,
15933,15-Sep-18,Cam Norte,ARTAL,2,350.00, 700.00 ,0.00,700.00,115.00,230.00,470.00,,,,,,,,
15933,15-Sep-18,Cam Norte,RESPINAL 125mg/5ml,9,120.00," 1,080.00 ",0.00,"1,080.00",35.00,315.00,765.00,,,,,,,,
15934,25-Sep-18,Cam Norte,JAGAPLEX,2,"1,185.00"," 2,370.00 ",0.00,"2,370.00",395.00,790.00,"1,580.00",,,,,,,,
15934,25-Sep-18,Cam Norte,ENCLOXIL 500mg,1,"1,800.00"," 1,800.00 ",0.00,"1,800.00",540.00,540.00,"1,260.00",,,,,,,,
15934,25-Sep-18,Cam Norte,JAGA 300mg/100mg/100mcg,1,"1,150.00"," 1,150.00 ",0.00,"1,150.00",345.00,345.00,805.00,,,,,,,,
15934,25-Sep-18,Cam Norte,HISTARIL 2mg/100mg,1,800.00, 800.00 ,0.00,800.00,225.00,225.00,575.00,,,,,,,,
15934,25-Sep-18,Cam Norte,CEPROTRON 500mg,1,"1,750.00"," 1,750.00 ",0.00,"1,750.00",415.00,415.00,"1,335.00",,,,,,,,
15934,25-Sep-18,Cam Norte,ZAFEX 500mg,1,"3,000.00"," 3,000.00 ",0.00,"3,000.00","1,450.00","1,450.00","1,550.00",,,,,,,,
15935,17-Sep-18,Cam Norte,EVAPROST 250mcg/ml,2,"5,500.00"," 11,000.00 ",0.00,"11,000.00","3,575.00","7,150.00","3,850.00",,,,,,,,
15936,19-Sep-18,Cam Norte,SODAMPEN 1g IM/IV,11,116.36," 1,280.00 ",0.00,"1,280.00",40.00,440.00,840.00,,,,,,,,
15937,17-Sep-18,Cam Norte,SOLUNATE 84mg/ml (8.4%),0.2,"12,000.00"," 2,400.00 ",0.00,"2,400.00","4,500.00",900.00,"1,500.00",,,,,,,,
15938,19-Sep-18,Cam Norte,SOLUNATE 84mg/ml (8.4%),0.2,"12,000.00"," 2,400.00 ",0.00,"2,400.00","4,500.00",900.00,"1,500.00",,,,,,,,
15939,19-Sep-18,Cam Norte,BUPIRIGHT 5mg/ml,2.8,"2,321.43"," 6,500.00 ",0.00,"6,500.00",825.00,"2,310.00","4,190.00",,,,,,,,
15941 SI1995,21-Sep-18,Cam Norte,SPEEDA,20,"9,985.00"," 199,700.00 ",0.00,"199,700.00","3,750.00","75,000.00","124,700.00",,,,,,,,
15942,21-Sep-18,Cam Norte,ANEROCIN 300mg ,1,"2,400.00"," 2,400.00 ",0.00,"2,400.00",890.00,890.00,"1,510.00",,,,,,,,
15943,21-Sep-18,Cam Norte,VITAFER OB,1,600.00, 600.00 ,0.00,600.00,155.00,155.00,445.00,,,,,,,,
15944,25-Sep-18,Cam Norte,METMIC 500mg,2,750.00," 1,500.00 ",0.00,"1,500.00",228.00,456.00,"1,044.00",,,,,,,,
15944,25-Sep-18,Cam Norte,TRIVASC 35mg MR,2,"1,425.00"," 2,850.00 ",0.00,"2,850.00",445.00,890.00,"1,960.00",,,,,,,,
15944,25-Sep-18,Cam Norte,CEFEXIL 500mg,2,"1,800.00"," 3,600.00 ",0.00,"3,600.00",535.00,"1,070.00","2,530.00",,,,,,,,
15945,26-Sep-18,Cam Norte,EUROXONE 1g,11,345.45," 3,800.00 ",0.00,"3,800.00",73.00,803.00,"2,997.00",,,,,,,,
15946,28-Sep-18,Cam Norte,EUROXONE 1g,11,345.45," 3,800.00 ",0.00,"3,800.00",73.00,803.00,"2,997.00",,,,,,,,
15947,28-Sep-18,Cam Norte,CEFZIME 750mg,1.1,"2,727.27"," 3,000.00 ",0.00,"3,000.00",750.00,825.00,"2,175.00",,,,,,,,
15948,28-Sep-18,Cam Norte,SODAMPEN 1g IM/IV,11,116.36," 1,280.00 ",0.00,"1,280.00",40.00,440.00,840.00,,,,,,,,
15949,03-Oct-18,Cam Norte,BROADMETZ 500mg,2,800.00," 1,600.00 ",0.00,"1,600.00",319.00,638.00,962.00,,,,,,,,
15950,03-Oct-18,Cam Norte,ISORANE 100% V/V 100ml,2,"3,000.00"," 6,000.00 ",0.00,"6,000.00","1,250.00","2,500.00","3,500.00",,,,,,,,
16501,13-Apr-18,Cam Norte,HEMOTRAN 500mg,1,"2,100.00"," 2,100.00 ",0.00,"2,100.00",685.00,685.00,"1,415.00",,,,,,,,
16501,13-Apr-18,Cam Norte,EUROXIME 500mg,1,"3,000.00"," 3,000.00 ",0.00,"3,000.00","1,450.00","1,450.00","1,550.00",,,,,,,,
16501,13-Apr-18,Cam Norte,LACTAMOX 500mg/125mg,1,"2,800.00"," 2,800.00 ",0.00,"2,800.00","1,173.60","1,173.60","1,626.40",,,,,,,,
16501,13-Apr-18,Cam Norte,DOLO JAGA 500mg/50mg/100mg/100mcg,2,"1,600.00"," 3,200.00 ",0.00,"3,200.00",481.00,962.00,"2,238.00",,,,,,,,
16501,13-Apr-18,Cam Norte,PHILSTAT 10MG,3,240.00, 720.00 ,0.00,720.00,75.00,225.00,495.00,,,,,,,,
16501,13-Apr-18,Cam Norte,METMIC 500mg,1,750.00, 750.00 ,0.00,750.00,228.00,228.00,522.00,,,,,,,,
16501,13-Apr-18,Cam Norte,CEFEXIL 500mg,2,"1,800.00"," 3,600.00 ",0.00,"3,600.00",535.00,"1,070.00","2,530.00",,,,,,,,
16501,13-Apr-18,Cam Norte,ARTAL,3,350.00," 1,050.00 ",0.00,"1,050.00",115.00,345.00,705.00,,,,,,,,
16502,13-Apr-18,Cam Norte,LEIVICLOX 250mg,30,181.33," 5,440.00 ",0.00,"5,440.00",68.00,"2,040.00","3,400.00",,,,,,,,
16503,10-Apr-18,Cam Norte,JAGAPLEX 120ml,18,96.67," 1,740.00 ",0.00,"1,740.00",47.00,846.00,894.00,,,,,,,,
16504,18-Apr-18,Cam Norte,VITAKIDS 120ml,18,106.67," 1,920.00 ",0.00,"1,920.00",49.00,882.00,"1,038.00",,,,,,,,
16505,14-Apr-18,Cam Norte,HEMOTRAN 500mg,2,"2,100.00"," 4,200.00 ",0.00,"4,200.00",685.00,"1,370.00","2,830.00",,,,,,,,
16506,18-Apr-18,Cam Norte,TERMAGEN 500mg,1,200.00, 200.00 ,0.00,200.00,60.00,60.00,140.00,,,,,,,,
16506,18-Apr-18,Cam Norte,METMIC 500mg,1,750.00, 750.00 ,0.00,750.00,228.00,228.00,522.00,,,,,,,,
16506,18-Apr-18,Cam Norte,BROXIL-M 30mg,1,670.00, 670.00 ,0.00,670.00,210.00,210.00,460.00,,,,,,,,
16506,18-Apr-18,Cam Norte,BROADMETZ 500mg,1,"1,050.00"," 1,050.00 ",0.00,"1,050.00",319.00,319.00,731.00,,,,,,,,
16507,19-Apr-18,Cam Norte,FLUIFORT-M 50mg,6,74.00, 444.00 ,0.00,444.00,23.00,138.00,306.00,,,,,,,,
16508,18-Apr-18,Cam Norte,SOLUNATE 84mg/ml (8.4%),0.2,"12,000.00"," 2,400.00 ",0.00,"2,400.00","4,500.00",900.00,"1,500.00",,,,,,,,
16509,18-Apr-18,Cam Norte,ISORANE 100% V/V 100ml,2,"3,429.00"," 6,858.00 ",0.00,"6,858.00","1,250.00","2,500.00","4,358.00",,,,,,,,
16510,19-Apr-18,Cam Norte,ISORANE 100% V/V 100ml,2,"3,429.00"," 6,858.00 ",0.00,"6,858.00","1,250.00","2,500.00","4,358.00",,,,,,,,
16511,18-Apr-18,Cam Norte,CEFEXIL 500mg,3,"1,200.00"," 3,600.00 ",0.00,"3,600.00",535.00,"1,605.00","1,995.00",,,,,,,,
16512,19-Jun-18,Cam Norte,METMIC 500mg,1,750.00, 750.00 ,225.00,525.00,228.00,228.00,297.00,,,,,,,,
16513,25-Apr-18,Cam Norte,SOLUNATE 84mg/ml (8.4%),0.2,"12,000.00"," 2,400.00 ",0.00,"2,400.00","4,500.00",900.00,"1,500.00",,,,,,,,
16514,26-Apr-18,Cam Norte,SOLUNATE 84mg/ml (8.4%),0.2,"12,000.00"," 2,400.00 ",0.00,"2,400.00","4,500.00",900.00,"1,500.00",,,,,,,,
16515,26-Apr-18,Cam Norte,EUROXONE 1g,11,345.45," 3,800.00 ",0.00,"3,800.00",73.00,803.00,"2,997.00",,,,,,,,
16516,26-Apr-18,Cam Norte,SOLUNATE 84mg/ml (8.4%),0.18,"12,000.00"," 2,160.00 ",0.00,"2,160.00","4,500.00",810.00,"1,350.00",,,,,,,,
16517,30-Apr-18,Cam Norte,EVAPROST 250mcg/ml,1,"5,500.00"," 5,500.00 ",0.00,"5,500.00","3,575.00","3,575.00","1,925.00",,,,,,,,
16518,30-Apr-18,Cam Norte,EVAPROST 250mcg/ml,1,"5,500.00"," 5,500.00 ",0.00,"5,500.00","3,575.00","3,575.00","1,925.00",,,,,,,,
16519,30-Apr-18,Cam Norte,RESPINAL 125mg/5ml,1,120.00, 120.00 ,0.00,120.00,35.00,35.00,85.00,,,,,,,,
16519,30-Apr-18,Cam Norte,FLUIFORT-M 100mg/5ml,1,92.00, 92.00 ,0.00,92.00,27.00,27.00,65.00,,,,,,,,
16519,30-Apr-18,Cam Norte,ZETIFEN 250mg/5ml,1,80.00, 80.00 ,0.00,80.00,23.00,23.00,57.00,,,,,,,,
16519,30-Apr-18,Cam Norte,VOXOLL 30mg,1,71.00, 71.00 ,0.00,71.00,168.00,168.00,-97.00,,,,,,,,
16519,30-Apr-18,Cam Norte,JAGAPLEX 120ml,4,145.00, 580.00 ,0.00,580.00,47.00,188.00,392.00,,,,,,,,
16520,03-May-18,Cam Norte,PHILSTAT 20mg,1,310.00, 310.00 ,0.00,310.00,70.00,70.00,240.00,,,,,,,,
16520,03-May-18,Cam Norte,JAGAPLEX,1,"1,185.00"," 1,185.00 ",0.00,"1,185.00",395.00,395.00,790.00,,,,,,,,
16520,03-May-18,Cam Norte,DOLO JAGA 500mg/50mg/100mg/100mcg,1,"1,600.00"," 1,600.00 ",0.00,"1,600.00",481.00,481.00,"1,119.00",,,,,,,,
16520,03-May-18,Cam Norte,ENCLOXIL 500mg,2,"1,800.00"," 3,600.00 ",0.00,"3,600.00",540.00,"1,080.00","2,520.00",,,,,,,,
16521,02-May-18,Cam Norte,PUROXEL 40mg,1,"1,200.00"," 1,200.00 ",0.00,"1,200.00",200.00,200.00,"1,000.00",,,,,,,,
16522,04-May-18,Cam Norte,PHILSTAT 10MG,1,240.00, 240.00 ,0.00,240.00,75.00,75.00,165.00,,,,,,,,
16522,04-May-18,Cam Norte,BROADMETZ 250mg/5ml,6,105.00, 630.00 ,0.00,630.00,28.00,168.00,462.00,,,,,,,,
16522,04-May-18,Cam Norte,CINNABLOC 25mg,1,500.00, 500.00 ,0.00,500.00,133.00,133.00,367.00,,,,,,,,
16522,04-May-18,Cam Norte,PHILSTAT 20mg,1,310.00, 310.00 ,0.00,310.00,70.00,70.00,240.00,,,,,,,,
16522,04-May-18,Cam Norte,ENCLOXIL 500mg,2,"1,800.00"," 3,600.00 ",0.00,"3,600.00",540.00,"1,080.00","2,520.00",,,,,,,,
16522,04-May-18,Cam Norte,METMIC 500mg,2,750.00," 1,500.00 ",0.00,"1,500.00",228.00,456.00,"1,044.00",,,,,,,,
16522,04-May-18,Cam Norte,HEMOTRAN 500mg,1,"2,100.00"," 2,100.00 ",0.00,"2,100.00",685.00,685.00,"1,415.00",,,,,,,,
16522,04-May-18,Cam Norte,RESPINAL 500mg,2,"1,500.00"," 3,000.00 ",0.00,"3,000.00",400.00,800.00,"2,200.00",,,,,,,,
16522,04-May-18,Cam Norte,CEFEXIL 500mg,2,"1,800.00"," 3,600.00 ",0.00,"3,600.00",535.00,"1,070.00","2,530.00",,,,,,,,
16522,04-May-18,Cam Norte,ALGICAP 50mg/5ml,6,80.00, 480.00 ,0.00,480.00,24.00,144.00,336.00,,,,,,,,
16522,04-May-18,Cam Norte,ALGICAP 500mg,1,800.00, 800.00 ,0.00,800.00,228.00,228.00,572.00,,,,,,,,
16522,04-May-18,Cam Norte,ARTAL,1,350.00, 350.00 ,0.00,350.00,115.00,115.00,235.00,,,,,,,,
16523,04-May-18,Cam Norte,EUROXIME 250mg/5ml,6,440.00," 2,640.00 ",0.00,"2,640.00",139.00,834.00,"1,806.00",,,,,,,,
16523,04-May-18,Cam Norte,LEIVICLOX 250mg,6,272.00," 1,632.00 ",0.00,"1,632.00",68.00,408.00,"1,224.00",,,,,,,,
16523,04-May-18,Cam Norte,RESPINAL 125mg/5ml,6,120.00, 720.00 ,0.00,720.00,35.00,210.00,510.00,,,,,,,,
16524,08-May-18,Cam Norte,CINNABLOC 25mg,1,500.00, 500.00 ,0.00,500.00,133.00,133.00,367.00,,,,,,,,
16524,08-May-18,Cam Norte,BERCEF 250mg/5ml,6,450.00," 2,700.00 ",0.00,"2,700.00",148.00,888.00,"1,812.00",,,,,,,,
16524,08-May-18,Cam Norte,ENERGEL SOFTGEL,1,"1,750.00"," 1,750.00 ",0.00,"1,750.00",550.00,550.00,"1,200.00",,,,,,,,
16524,08-May-18,Cam Norte,DOLO JAGA 500mg/50mg/100mg/100mcg,1,"1,600.00"," 1,600.00 ",0.00,"1,600.00",481.00,481.00,"1,119.00",,,,,,,,
16524,08-May-18,Cam Norte,TOSYLAM 750mg,1,"2,750.00"," 2,750.00 ",0.00,"2,750.00",980.00,980.00,"1,770.00",,,,,,,,
16525,28-May-18,Cam Norte,SOLUNATE 84mg/ml (8.4%),0.2,"12,000.00"," 2,400.00 ",0.00,"2,400.00","4,500.00",900.00,"1,500.00",,,,,,,,
16526,26-May-18,Cam Norte,BUPIRIGHT 5mg/ml,2.8,"2,321.43"," 6,500.00 ",0.00,"6,500.00",825.00,"2,310.00","4,190.00",,,,,,,,
16527,15-May-18,Cam Norte,EVAPROST 250mcg/ml,2,"5,500.00"," 11,000.00 ",0.00,"11,000.00","3,575.00","7,150.00","3,850.00",,,,,,,,
16528,15-May-18,Cam Norte,SOLUNATE 84mg/ml (8.4%),0.2,"12,000.00"," 2,400.00 ",0.00,"2,400.00","4,500.00",900.00,"1,500.00",,,,,,,,
16529,16-May-18,Cam Norte,ZETIFEN 100mg/ml,6,58.00, 348.00 ,0.00,348.00,17.00,102.00,246.00,,,,,,,,
16529,16-May-18,Cam Norte,LACTAMOX 250mg/62.5mg/5ml,6,310.00," 1,860.00 ",0.00,"1,860.00",130.00,780.00,"1,080.00",,,,,,,,
16529,16-May-18,Cam Norte,PHILSTAT 20mg,2,310.00, 620.00 ,0.00,620.00,70.00,140.00,480.00,,,,,,,,
16529,16-May-18,Cam Norte,PHILSTAT 10MG,2,240.00, 480.00 ,0.00,480.00,75.00,150.00,330.00,,,,,,,,
16529,16-May-18,Cam Norte,METMIC 500mg,2,750.00," 1,500.00 ",0.00,"1,500.00",228.00,456.00,"1,044.00",,,,,,,,
16529,16-May-18,Cam Norte,TRIVASC 35mg MR,1,"1,425.00"," 1,425.00 ",0.00,"1,425.00",445.00,445.00,980.00,,,,,,,,
16529,16-May-18,Cam Norte,DOLO JAGA 500mg/50mg/100mg/100mcg,2,"1,600.00"," 3,200.00 ",0.00,"3,200.00",481.00,962.00,"2,238.00",,,,,,,,
16529,16-May-18,Cam Norte,CEFEXIL 500mg,2,"1,800.00"," 3,600.00 ",0.00,"3,600.00",535.00,"1,070.00","2,530.00",,,,,,,,
16529,16-May-18,Cam Norte,ARTAL,2,350.00, 700.00 ,0.00,700.00,115.00,230.00,470.00,,,,,,,,
16529,16-May-18,Cam Norte,BERCEF 50mg/ml,6,175.00," 1,050.00 ",0.00,"1,050.00",42.00,252.00,798.00,,,,,,,,
16530,16-May-18,Cam Norte,ISORANE 100% V/V 100ml,2,"3,429.00"," 6,858.00 ",0.00,"6,858.00","1,250.00","2,500.00","4,358.00",,,,,,,,
16531,16-May-18,Cam Norte,BUPIRIGHT 5mg/ml,2.8,"2,321.43"," 6,500.00 ",0.00,"6,500.00",825.00,"2,310.00","4,190.00",,,,,,,,
16532,25-May-18,Cam Norte,CYFROX 500mg,3,260.00, 780.00 ,0.00,780.00,120.00,360.00,420.00,,,,,,,,
16533,23-May-18,Cam Norte,LACTAMOX 250mg/62.5mg/5ml,6,310.00," 1,860.00 ",0.00,"1,860.00",130.00,780.00,"1,080.00",,,,,,,,
16533,23-May-18,Cam Norte,CINNABLOC 25mg,1,500.00, 500.00 ,0.00,500.00,133.00,133.00,367.00,,,,,,,,
16533,23-May-18,Cam Norte,HEMOTRAN 500mg,1,"2,100.00"," 2,100.00 ",0.00,"2,100.00",685.00,685.00,"1,415.00",,,,,,,,
16533,23-May-18,Cam Norte,RESPINAL 500mg,3,"1,500.00"," 4,500.00 ",0.00,"4,500.00",400.00,"1,200.00","3,300.00",,,,,,,,
16533,23-May-18,Cam Norte,ANOLMIN 250MG,4,175.00, 700.00 ,0.00,700.00,35.00,140.00,560.00,,,,,,,,
16533,23-May-18,Cam Norte,METMIC 500mg,4,750.00," 3,000.00 ",0.00,"3,000.00",228.00,912.00,"2,088.00",,,,,,,,
16533,23-May-18,Cam Norte,CEFEXIL 500mg,2,"1,800.00"," 3,600.00 ",0.00,"3,600.00",535.00,"1,070.00","2,530.00",,,,,,,,
16533,23-May-18,Cam Norte,RESPINAL 125mg/5ml,6,120.00, 720.00 ,0.00,720.00,35.00,210.00,510.00,,,,,,,,
16534,23-May-18,Cam Norte,BUPIRIGHT 5mg/ml,2.8,"2,321.43"," 6,500.00 ",0.00,"6,500.00",825.00,"2,310.00","4,190.00",,,,,,,,
16535,31-May-18,Cam Norte,CEFEXIL 500mg,1,"1,800.00"," 1,800.00 ",0.00,"1,800.00",535.00,535.00,"1,265.00",,,,,,,,
16535,31-May-18,Cam Norte,OSTEO-PRO 750mg/10iu/10mg,2,"1,164.80"," 2,329.60 ",0.00,"2,329.60",458.00,916.00,"1,413.60",,,,,,,,
16535,31-May-18,Cam Norte,EUROXIME 500mg,1,"3,000.00"," 3,000.00 ",0.00,"3,000.00","1,450.00","1,450.00","1,550.00",,,,,,,,
16535,31-May-18,Cam Norte,VONWELT/GENERIC TRANEXAMIC ACID,1,"1,520.00"," 1,520.00 ",0.00,"1,520.00",330.00,330.00,"1,190.00",,,,,,,,
16536,31-May-18,Cam Norte,LACTAMOX 500mg/125mg,1,"2,800.00"," 2,800.00 ",0.00,"2,800.00","1,174.00","1,174.00","1,626.00",,,,,,,,
16537,31-May-18,Cam Norte,VISTREP 500MG,3,240.00, 720.00 ,0.00,720.00,102.50,307.50,412.50,,,,,,,,
16538,01-Jun-18,Cam Norte,BUPIRIGHT 5mg/ml,2.8,"2,321.43"," 6,500.00 ",0.00,"6,500.00",825.00,"2,310.00","4,190.00",,,,,,,,
16539,01-Jun-18,Cam Norte,ISORANE 100% V/V 100ml,2,"3,429.00"," 6,858.00 ",0.00,"6,858.00","1,250.00","2,500.00","4,358.00",,,,,,,,
16540,09-Jun-18,Cam Norte,EVAPROST 250mcg/ml,2,"5,500.00"," 11,000.00 ",0.00,"11,000.00","3,575.00","7,150.00","3,850.00",,,,,,,,
16541,02-Jun-18,Cam Norte,BUPIRIGHT 5mg/ml,2.8,"2,321.43"," 6,500.00 ",0.00,"6,500.00",825.00,"2,310.00","4,190.00",,,,,,,,
16542,09-Jun-18,Cam Norte,SODAMPEN 1g IM/IV,11,116.36," 1,280.00 ",0.00,"1,280.00",40.00,440.00,840.00,,,,,,,,
16543,09-Jun-18,Cam Norte,ISORANE 100% V/V 100ml,2,"3,429.00"," 6,858.00 ",0.00,"6,858.00","1,250.00","2,500.00","4,358.00",,,,,,,,
16544,09-Jun-18,Cam Norte,VONWELT/GENERIC TRANEXAMIC ACID,3,"1,520.00"," 4,560.00 ",0.00,"4,560.00",330.00,990.00,"3,570.00",,,,,,,,
16544,09-Jun-18,Cam Norte,CEFEXIL 500mg,3,"1,800.00"," 5,400.00 ",0.00,"5,400.00",535.00,"1,605.00","3,795.00",,,,,,,,
16544,09-Jun-18,Cam Norte,ARTAL,3,350.00," 1,050.00 ",0.00,"1,050.00",115.00,345.00,705.00,,,,,,,,
16544,09-Jun-18,Cam Norte,METMIC 500mg,4,750.00," 3,000.00 ",0.00,"3,000.00",228.00,912.00,"2,088.00",,,,,,,,
16544,09-Jun-18,Cam Norte,ALGICAP 50mg/5ml,6,80.00, 480.00 ,0.00,480.00,24.00,144.00,336.00,,,,,,,,
16545,09-Jun-18,Cam Norte,HISTARIL 2mg/100mg,2,800.00," 1,600.00 ",0.00,"1,600.00",225.00,450.00,"1,150.00",,,,,,,,
16545,09-Jun-18,Cam Norte,TRIVASC 35mg MR,2,"1,425.00"," 2,850.00 ",0.00,"2,850.00",445.00,890.00,"1,960.00",,,,,,,,
16545,09-Jun-18,Cam Norte,CINNABLOC 25mg,2,500.00," 1,000.00 ",0.00,"1,000.00",133.00,266.00,734.00,,,,,,,,
16546,20-Jun-18,Cam Norte,SODAMPEN 1g IM/IV,11,116.36," 1,280.00 ",0.00,"1,280.00",40.00,440.00,840.00,,,,,,,,
16547,22-Jun-18,Cam Norte,ALGICAP 500mg,2,800.00," 1,600.00 ",0.00,"1,600.00",228.00,456.00,"1,144.00",,,,,,,,
16547,22-Jun-18,Cam Norte,LACTAMOX 500mg/125mg,2,"2,800.20"," 5,600.40 ",0.00,"5,600.40","1,174.00","2,348.00","3,252.40",,,,,,,,
16547,22-Jun-18,Cam Norte,METMIC 500mg,3,750.00," 2,250.00 ",0.00,"2,250.00",228.00,684.00,"1,566.00",,,,,,,,
16547,22-Jun-18,Cam Norte,BROADMETZ 125mg/5ml,6,79.00, 474.00 ,0.00,474.00,24.00,144.00,330.00,,,,,,,,
16547,22-Jun-18,Cam Norte,RESPINAL 125mg/5ml,6,120.00, 720.00 ,0.00,720.00,35.00,210.00,510.00,,,,,,,,
16547,22-Jun-18,Cam Norte,RESPINAL 500mg,3,"1,500.00"," 4,500.00 ",0.00,"4,500.00",400.00,"1,200.00","3,300.00",,,,,,,,
16547,22-Jun-18,Cam Norte,ARTAL,2,350.00, 700.00 ,0.00,700.00,115.00,230.00,470.00,,,,,,,,
16547,22-Jun-18,Cam Norte,CEFEXIL 500mg,3,"1,800.00"," 5,400.00 ",0.00,"5,400.00",535.00,"1,605.00","3,795.00",,,,,,,,
16547,22-Jun-18,Cam Norte,DOLO JAGA 500mg/50mg/100mg/100mcg,2,"1,600.00"," 3,200.00 ",0.00,"3,200.00",481.00,962.00,"2,238.00",,,,,,,,
16547,22-Jun-18,Cam Norte,HISTARIL 1mg/50mg/5ml,12,80.00, 960.00 ,0.00,960.00,24.47,293.64,666.36,,,,,,,,
16548,23-Jun-18,Cam Norte,TRANEXT 500mg,3,833.33," 2,500.00 ",0.00,"2,500.00",250.00,750.00,"1,750.00",,,,,,,,
16549,23-Jun-18,Cam Norte,FOCID 5mg,1,650.00, 650.00 ,0.00,650.00,188.00,188.00,462.00,,,,,,,,
16549,23-Jun-18,Cam Norte,JAGAPLEX OB,1,850.00, 850.00 ,0.00,850.00,155.00,155.00,695.00,,,,,,,,
16550,26-Jun-18,Cam Norte,PARTEN 50mg,1,400.00, 400.00 ,0.00,400.00,115.00,115.00,285.00,,,,,,,,
16550,26-Jun-18,Cam Norte,JAGA 300mg/100mg/100mcg,1,"1,150.00"," 1,150.00 ",0.00,"1,150.00",345.00,345.00,805.00,,,,,,,,
16550,26-Jun-18,Cam Norte,SPLENDAMET 500mg,1,480.00, 480.00 ,0.00,480.00,128.00,128.00,352.00,,,,,,,,
16550,26-Jun-18,Cam Norte,ANEROCIN 300mg ,1,"3,800.00"," 3,800.00 ",0.00,"3,800.00",890.00,890.00,"2,910.00",,,,,,,,
17839,18-Jul-18,Cam Norte,LACTAMOX 500mg/125mg,1,"2,700.00"," 2,700.00 ",0.00,"2,700.00","1,174.00","1,174.00","1,526.00",,,,,,,,
18027,10-Aug-18,Cam Norte,HISTARIL 1mg/50mg/5ml,6,88.00, 528.00 ,0.00,528.00,24.47,146.82,381.18,,,,,,,,
18027,10-Aug-18,Cam Norte,DOLO JAGA 500mg/50mg/100mg/100mcg,1,"1,600.00"," 1,600.00 ",0.00,"1,600.00",481.00,481.00,"1,119.00",,,,,,,,
18033,16-Aug-18,Cam Norte,LACTAMOX 250mg/62.5mg/5ml,10,310.00," 3,100.00 ",0.00,"3,100.00",130.00,"1,300.00","1,800.00",,,,,,,,
18042A,14-Nov-18,Cam Norte,TERMAGEN 500mg,2,220.00, 440.00 ,0.00,440.00,60.00,120.00,320.00,,,,,,,,
18151,03-Oct-18,Cam Norte,EUROXONE 1g,11,345.45," 3,800.00 ",0.00,"3,800.00",73.00,803.00,"2,997.00",,,,,,,,
18152,03-Oct-18,Cam Norte,DOLO JAGA 500mg/50mg/100mg/100mcg,2,"1,600.00"," 3,200.00 ",0.00,"3,200.00",481.00,962.00,"2,238.00",,,,,,,,
18152,03-Oct-18,Cam Norte,CEFEXIL 500mg,2,"1,800.00"," 3,600.00 ",0.00,"3,600.00",535.00,"1,070.00","2,530.00",,,,,,,,
18152,03-Oct-18,Cam Norte,METMIC 500mg,2,750.00," 1,500.00 ",0.00,"1,500.00",228.00,456.00,"1,044.00",,,,,,,,
18152,03-Oct-18,Cam Norte,ARTAL,1,350.00, 350.00 ,0.00,350.00,115.00,115.00,235.00,,,,,,,,
18152,03-Oct-18,Cam Norte,CINNABLOC 25mg,2,500.00," 1,000.00 ",0.00,"1,000.00",133.00,266.00,734.00,,,,,,,,
18154 SI1928,09-Oct-18,Cam Norte,SPEEDA,20,"9,985.00"," 199,700.00 ",0.00,"199,700.00","3,750.00","75,000.00","124,700.00",,,,,,,,
18155,09-Oct-18,Cam Norte,SODAMPEN 1g IM/IV,11,116.36," 1,280.00 ",0.00,"1,280.00",40.00,440.00,840.00,,,,,,,,
18156,09-Oct-18,Cam Norte,SOLUNATE 84mg/ml (8.4%),0.2,"12,000.00"," 2,400.00 ",0.00,"2,400.00","4,500.00",900.00,"1,500.00",,,,,,,,
18157,09-Oct-18,Cam Norte,EVAPROST 250mcg/ml,2,"5,500.00"," 11,000.00 ",0.00,"11,000.00","3,575.00","7,150.00","3,850.00",,,,,,,,
18158,09-Oct-18,Cam Norte,BUPIRIGHT 5mg/ml,4,"3,875.00"," 15,500.00 ",0.00,"15,500.00",825.00,"3,300.00","12,200.00",,,,,,,,
18159,09-Oct-18,Cam Norte,ISORANE 100% V/V 100ml,10,"6,250.00"," 62,500.00 ",0.00,"62,500.00","1,250.00","12,500.00","50,000.00",,,,,,,,
18160,10-Oct-18,Cam Norte,PHILSTAT 10MG,2,400.00, 800.00 ,0.00,800.00,75.00,150.00,650.00,,,,,,,,
18160,10-Oct-18,Cam Norte,JAGAPLEX,3,"1,185.00"," 3,555.00 ",0.00,"3,555.00",395.00,"1,185.00","2,370.00",,,,,,,,
18161,11-Oct-18,Cam Norte,BROXIL-M 15mg/5ml,5,74.00, 370.00 ,0.00,370.00,23.00,115.00,255.00,,,,,,,,
18161,11-Oct-18,Cam Norte,CEFEXIL 500mg,2,"1,800.00"," 3,600.00 ",0.00,"3,600.00",535.00,"1,070.00","2,530.00",,,,,,,,
18161,11-Oct-18,Cam Norte,ARTAL,1,380.00, 380.00 ,0.00,380.00,115.00,115.00,265.00,,,,,,,,
18161,11-Oct-18,Cam Norte,PARTEN 50mg,5,380.00," 1,900.00 ",0.00,"1,900.00",115.00,575.00,"1,325.00",,,,,,,,
18161,11-Oct-18,Cam Norte,ALGICAP 50mg/5ml,12,80.00, 960.00 ,0.00,960.00,24.00,288.00,672.00,,,,,,,,
18161,11-Oct-18,Cam Norte,TRIVASC 35mg MR,1,"1,425.00"," 1,425.00 ",0.00,"1,425.00",445.00,445.00,980.00,,,,,,,,
18162,12-Oct-18,Cam Norte,ISORANE 100% V/V 100ml,2,"3,000.00"," 6,000.00 ",0.00,"6,000.00","1,250.00","2,500.00","3,500.00",,,,,,,,
18163,07-Oct-18,Cam Norte,SOLUNATE 84mg/ml (8.4%),0.2,"12,000.00"," 2,400.00 ",0.00,"2,400.00","4,500.00",900.00,"1,500.00",,,,,,,,
18164,15-Oct-18,Cam Norte,EVAPROST 250mcg/ml,2,"5,500.00"," 11,000.00 ",0.00,"11,000.00","3,575.00","7,150.00","3,850.00",,,,,,,,
18165,15-Oct-18,Cam Norte,SODAMPEN 1g IM/IV,11,116.36," 1,280.00 ",0.00,"1,280.00",40.00,440.00,840.00,,,,,,,,
18166,15-Oct-18,Cam Norte,ZAFEX 500mg,2,"3,000.00"," 6,000.00 ",0.00,"6,000.00","1,450.00","2,900.00","3,100.00",,,,,,,,
18166,15-Oct-18,Cam Norte,JAGAPLEX,2,"1,185.00"," 2,370.00 ",0.00,"2,370.00",395.00,790.00,"1,580.00",,,,,,,,
18166,15-Oct-18,Cam Norte,LACTAMOX 500mg/125mg,1,"5,640.00"," 5,640.00 ",0.00,"5,640.00","1,174.00","1,174.00","4,466.00",,,,,,,,
18166,15-Oct-18,Cam Norte,TRIVASC 35mg MR,1,"1,425.00"," 1,425.00 ",0.00,"1,425.00",445.00,445.00,980.00,,,,,,,,
18167,16-Oct-18,Cam Norte,SPEEDA,20,"7,500.00"," 150,000.00 ",0.00,"150,000.00","3,750.00","75,000.00","75,000.00",,,,,,,,
18168,17-Oct-18,Cam Norte,DOLO JAGA 500mg/50mg/100mg/100mcg,1,"1,600.00"," 1,600.00 ",0.00,"1,600.00",481.00,481.00,"1,119.00",,,,,,,,
18168,17-Oct-18,Cam Norte,HISTARIL 1mg/50mg/5ml,12,80.00, 960.00 ,0.00,960.00,24.47,293.64,666.36,,,,,,,,
18168,17-Oct-18,Cam Norte,CEFEXIL 500mg,1,"1,800.00"," 1,800.00 ",0.00,"1,800.00",535.00,535.00,"1,265.00",,,,,,,,
18169,18-Oct-18,Cam Norte,HYPRO 10mg/20ml,10,720.00," 7,200.00 ",0.00,"7,200.00",182.00,"1,820.00","5,380.00",,,,,,,,
18170,18-Oct-18,Cam Norte,LEIVICLOX 250mg,30,181.33," 5,440.00 ",0.00,"5,440.00",68.00,"2,040.00","3,400.00",,,,,,,,
18171,24-Oct-18,Cam Norte,SOLUNATE 84mg/ml (8.4%),0.2,"12,000.00"," 2,400.00 ",0.00,"2,400.00","4,500.00",900.00,"1,500.00",,,,,,,,
18172,24-Oct-18,Cam Norte,ISORANE 100% V/V 100ml,2,"3,000.00"," 6,000.00 ",0.00,"6,000.00","1,250.00","2,500.00","3,500.00",,,,,,,,
18173,24-Oct-18,Cam Norte,BUPIRIGHT 5mg/ml,2.8,"2,321.43"," 6,500.00 ",0.00,"6,500.00",825.00,"2,310.00","4,190.00",,,,,,,,
18174,24-Oct-18,Cam Norte,SODAMPEN 1g IM/IV,11,116.36," 1,280.00 ",0.00,"1,280.00",40.00,440.00,840.00,,,,,,,,
18175,24-Oct-18,Cam Norte,EVAPROST 250mcg/ml,2,"5,500.00"," 11,000.00 ",0.00,"11,000.00","3,575.00","7,150.00","3,850.00",,,,,,,,
18176 SI1996,24-Oct-18,Cam Norte,SPEEDA,20,"9,985.00"," 199,700.00 ",0.00,"199,700.00","3,750.00","75,000.00","124,700.00",,,,,,,,
18179,29-Oct-18,Cam Norte,SODAMPEN 1g IM/IV,11,116.36," 1,280.00 ",0.00,"1,280.00",40.00,440.00,840.00,,,,,,,,
18180,29-Oct-18,Cam Norte,SODAMPEN 1g IM/IV,11,116.36," 1,280.00 ",0.00,"1,280.00",40.00,440.00,840.00,,,,,,,,
18181,31-Oct-18,Cam Norte,SODAMPEN 1g IM/IV,11,116.36," 1,280.00 ",0.00,"1,280.00",40.00,440.00,840.00,,,,,,,,
18182,31-Oct-18,Cam Norte,SODAMPEN 1g IM/IV,11,116.36," 1,280.00 ",0.00,"1,280.00",40.00,440.00,840.00,,,,,,,,
18183,05-Nov-18,Cam Norte,JAGA 300mg/100mg/100mcg,1,"1,200.00"," 1,200.00 ",0.00,"1,200.00",345.00,345.00,855.00,,,,,,,,
18183,05-Nov-18,Cam Norte,BERCEF 250mg/5ml,6,450.00," 2,700.00 ",0.00,"2,700.00",148.00,888.00,"1,812.00",,,,,,,,
18183,05-Nov-18,Cam Norte,FEXIL 250mg/5ml,6,198.00," 1,188.00 ",0.00,"1,188.00",65.00,390.00,798.00,,,,,,,,
18183,05-Nov-18,Cam Norte,TRIVASC 35mg MR,2,"1,425.00"," 2,850.00 ",0.00,"2,850.00",445.00,890.00,"1,960.00",,,,,,,,
18183,05-Nov-18,Cam Norte,CEPROTRON 500mg,2,"1,750.00"," 3,500.00 ",0.00,"3,500.00",415.00,830.00,"2,670.00",,,,,,,,
18183,05-Nov-18,Cam Norte,VICOLAX 100mg/2mg,1,800.00, 800.00 ,0.00,800.00,225.00,225.00,575.00,,,,,,,,
18183,05-Nov-18,Cam Norte,CINNABLOC 25mg,4,625.00," 2,500.00 ",0.00,"2,500.00",133.00,532.00,"1,968.00",,,,,,,,
18184,03-Nov-18,Cam Norte,JAGAPLEX,3,"1,185.00"," 3,555.00 ",0.00,"3,555.00",395.00,"1,185.00","2,370.00",,,,,,,,
18185,03-Nov-18,Cam Norte,HYPRO 10mg/20ml,10,720.00," 7,200.00 ",0.00,"7,200.00",182.00,"1,820.00","5,380.00",,,,,,,,
18186,06-Nov-18,Cam Norte,LACTAMOX 125mg/31.25mg/5ml,3,190.00, 570.00 ,0.00,570.00,76.00,228.00,342.00,,,,,,,,
18186,06-Nov-18,Cam Norte,EUROXIME 250mg/5ml,3,440.00," 1,320.00 ",0.00,"1,320.00",139.00,417.00,903.00,,,,,,,,
18186,06-Nov-18,Cam Norte,JAGAPLEX,1,"1,185.00"," 1,185.00 ",0.00,"1,185.00",395.00,395.00,790.00,,,,,,,,
18186,06-Nov-18,Cam Norte,CEFEXIL 500mg,1,"1,800.00"," 1,800.00 ",0.00,"1,800.00",535.00,535.00,"1,265.00",,,,,,,,
18186,06-Nov-18,Cam Norte,LACTAMOX 250mg/62.5mg/5ml,3,310.00, 930.00 ,0.00,930.00,130.00,390.00,540.00,,,,,,,,
18186,06-Nov-18,Cam Norte,CEFEXIL 250mg/5ml,3,198.00, 594.00 ,0.00,594.00,65.00,195.00,399.00,,,,,,,,
18186,06-Nov-18,Cam Norte,ALGICAP 50mg/5ml,3,80.00, 240.00 ,0.00,240.00,24.00,72.00,168.00,,,,,,,,
18187,06-Nov-18,Cam Norte,MULTI GROW 30ml,30,116.67," 3,500.00 ",0.00,"3,500.00",55.00,"1,650.00","1,850.00",,,,,,,,
18187,06-Nov-18,Cam Norte,MULTI GROW 120ml,30,150.00," 4,500.00 ",0.00,"4,500.00",75.00,"2,250.00","2,250.00",,,,,,,,
18188,06-Nov-18,Cam Norte,HYPRO 10mg/20ml,10,825.00," 8,250.00 ",0.00,"8,250.00",182.00,"1,820.00","6,430.00",,,,,,,,
18189,07-Nov-18,Cam Norte,VICOLAX 100mg/2mg,1,800.00, 800.00 ,0.00,800.00,225.00,225.00,575.00,,,,,,,,
18189,07-Nov-18,Cam Norte,JAGAPLEX,2,"1,185.00"," 2,370.00 ",0.00,"2,370.00",395.00,790.00,"1,580.00",,,,,,,,
18189,07-Nov-18,Cam Norte,METMIC 500mg,2,750.00," 1,500.00 ",0.00,"1,500.00",228.00,456.00,"1,044.00",,,,,,,,
18189,07-Nov-18,Cam Norte,TRIVASC 35mg MR,2,"1,425.00"," 2,850.00 ",0.00,"2,850.00",445.00,890.00,"1,960.00",,,,,,,,
18190,07-Nov-18,Cam Norte,SODAMPEN 1g IM/IV,11,116.36," 1,280.00 ",0.00,"1,280.00",40.00,440.00,840.00,,,,,,,,
18191,07-Nov-18,Cam Norte,SODAMPEN 1g IM/IV,11,116.36," 1,280.00 ",0.00,"1,280.00",40.00,440.00,840.00,,,,,,,,
18193,08-Nov-18,Cam Norte,Traman 50mg/ml,1,"1,250.00"," 1,250.00 ",0.00,"1,250.00",250.00,250.00,"1,000.00",,,,,,,,
18194,08-Nov-18,Cam Norte,Diflosid 25mg/ml,1,"1,200.00"," 1,200.00 ",0.00,"1,200.00",130.00,130.00,"1,070.00",,,,,,,,
18195,08-Nov-18,Cam Norte,EUROXONE 1g,10,380.00," 3,800.00 ",0.00,"3,800.00",73.00,730.00,"3,070.00",,,,,,,,
18196,08-Nov-18,Cam Norte,CEFZIME 750mg,1,"3,000.00"," 3,000.00 ",0.00,"3,000.00",750.00,750.00,"2,250.00",,,,,,,,
18197,08-Nov-18,Cam Norte,OMCARE 40mg,1,"2,300.00"," 2,300.00 ",0.00,"2,300.00",450.00,450.00,"1,850.00",,,,,,,,
18198,08-Nov-18,Cam Norte,SODAMPEN 1g IM/IV,20,135.00," 2,700.00 ",0.00,"2,700.00",40.00,800.00,"1,900.00",,,,,,,,
18199,08-Nov-18,Cam Norte,PUROXEL 40mg,1,"1,200.00"," 1,200.00 ",0.00,"1,200.00",200.00,200.00,"1,000.00",,,,,,,,
18200,08-Nov-18,Cam Norte,DOLO JAGA 500mg/50mg/100mg/100mcg,1,"1,200.00"," 1,200.00 ",0.00,"1,200.00",481.00,481.00,719.00,,,,,,,,
18251,09-Nov-18,Cam Norte,BUPIRIGHT 5mg/ml,4,"3,875.00"," 15,500.00 ",0.00,"15,500.00",825.00,"3,300.00","12,200.00",,,,,,,,
18252,23-Nov-18,Cam Norte,SODAMPEN 1g IM/IV,11,116.36," 1,280.00 ",0.00,"1,280.00",40.00,440.00,840.00,,,,,,,,
18253,10-Nov-18,Cam Norte,SODAMPEN 1g IM/IV,11,116.36," 1,280.00 ",0.00,"1,280.00",40.00,440.00,840.00,,,,,,,,
18254,10-Nov-18,Cam Norte,EVAPROST 250mcg/ml,2,"5,500.00"," 11,000.00 ",0.00,"11,000.00","3,575.00","7,150.00","3,850.00",,,,,,,,
18255,10-Nov-18,Cam Norte,Ambitox,50,120.00," 6,000.00 ",0.00,"6,000.00",8.50,425.00,"5,575.00",,,,,,,,
18256,10-Nov-18,Cam Norte,Ambitox,20,120.00," 2,400.00 ",0.00,"2,400.00",8.50,170.00,"2,230.00",,,,,,,,
18257,12-Nov-18,Cam Norte,Ambitox,30,120.00," 3,600.00 ",0.00,"3,600.00",8.50,255.00,"3,345.00",,,,,,,,
18259 / SI1997,19-Nov-18,Cam Norte,SPEEDA,20,"9,985.00"," 199,700.00 ",0.00,"199,700.00","3,750.00","75,000.00","124,700.00",,,,,,,,
18260,13-Nov-18,Cam Norte,EVAPROST 250mcg/ml,2,"5,500.00"," 11,000.00 ",0.00,"11,000.00","3,575.00","7,150.00","3,850.00",,,,,,,,
18261,13-Nov-18,Cam Norte,SODAMPEN 1g IM/IV,22,116.36," 2,560.00 ",0.00,"2,560.00",40.00,880.00,"1,680.00",,,,,,,,
18262,13-Nov-18,Cam Norte,BUPIRIGHT 5mg/ml,2.8,"2,321.43"," 6,500.00 ",0.00,"6,500.00",825.00,"2,310.00","4,190.00",,,,,,,,
18262A,13-Nov-18,Cam Norte,BUPIRIGHT 5mg/ml,2.8,"2,321.43"," 6,500.00 ",0.00,"6,500.00",825.00,"2,310.00","4,190.00",,,,,,,,
18263,17-Nov-18,Cam Norte,SODAMPEN 1g IM/IV,11,116.36," 1,280.00 ",0.00,"1,280.00",40.00,440.00,840.00,,,,,,,,
18264,17-Nov-18,Cam Norte,SODAMPEN 1g IM/IV,11,116.36," 1,280.00 ",0.00,"1,280.00",40.00,440.00,840.00,,,,,,,,
18265,17-Nov-18,Cam Norte,EVAPROST 250mcg/ml,2,"5,760.00"," 11,520.00 ",0.00,"11,520.00","3,575.00","7,150.00","4,370.00",,,,,,,,
18266,20-Nov-18,Cam Norte,Ambitox,50,120.00," 6,000.00 ",0.00,"6,000.00",8.50,425.00,"5,575.00",,,,,,,,
18267,20-Nov-18,Cam Norte,OSTEO-PRO 750mg/10iu/10mg,2,"1,164.80"," 2,329.60 ",0.00,"2,329.60",458.00,916.00,"1,413.60",,,,,,,,
18268,20-Nov-18,Cam Norte,PARTEN 50mg,3,350.00," 1,050.00 ",0.00,"1,050.00",115.00,345.00,705.00,,,,,,,,
18268,20-Nov-18,Cam Norte,BROXIL-M 15mg/5ml,6,74.00, 444.00 ,0.00,444.00,23.00,138.00,306.00,,,,,,,,
18268,20-Nov-18,Cam Norte,ARTAL,1,350.00, 350.00 ,0.00,350.00,115.00,115.00,235.00,,,,,,,,
18268,20-Nov-18,Cam Norte,CEFEXIL 500mg,2,"1,800.00"," 3,600.00 ",0.00,"3,600.00",535.00,"1,070.00","2,530.00",,,,,,,,
18268,20-Nov-18,Cam Norte,VONWELT/GENERIC TRANEXAMIC ACID,2,"1,500.00"," 3,000.00 ",0.00,"3,000.00",330.00,660.00,"2,340.00",,,,,,,,
18268,20-Nov-18,Cam Norte,BROADMETZ 500mg,2,"1,070.00"," 2,140.00 ",0.00,"2,140.00",319.00,638.00,"1,502.00",,,,,,,,
18268,20-Nov-18,Cam Norte,METMIC 500mg,2,750.00," 1,500.00 ",0.00,"1,500.00",228.00,456.00,"1,044.00",,,,,,,,
18269 / SI1998,30-Nov-18,Cam Norte,SPEEDA,20,"9,985.00"," 199,700.00 ",0.00,"199,700.00","3,750.00","75,000.00","124,700.00",,,,,,,,
18270,22-Nov-18,Cam Norte,JAGAPLEX,4,"1,185.00"," 4,740.00 ",0.00,"4,740.00",395.00,"1,580.00","3,160.00",,,,,,,,
18271 / SI1999,23-Nov-18,Cam Norte,SPEEDA,20,"7,500.00"," 150,000.00 ",0.00,"150,000.00","3,750.00","75,000.00","75,000.00",,,,,,,,
18272,23-Nov-18,Cam Norte,SOLUNATE 84mg/ml (8.4%),0.2,"12,000.00"," 2,400.00 ",0.00,"2,400.00","4,500.00",900.00,"1,500.00",,,,,,,,
18273,23-Nov-18,Cam Norte,Ambitox,50,120.00," 6,000.00 ",0.00,"6,000.00",8.50,425.00,"5,575.00",,,,,,,,
18276,26-Nov-18,Cam Norte,DOLO JAGA 500mg/50mg/100mg/100mcg,1,"1,185.00"," 1,185.00 ",0.00,"1,185.00",481.00,481.00,704.00,,,,,,,,
18277,27-Nov-18,Cam Norte,ISORANE 100% V/V 100ml,2,"3,000.00"," 6,000.00 ",0.00,"6,000.00","1,250.00","2,500.00","3,500.00",,,,,,,,
18278,27-Nov-18,Cam Norte,CEFZIME 750mg,1.1,"2,727.27"," 3,000.00 ",0.00,"3,000.00",750.00,825.00,"2,175.00",,,,,,,,
18279,27-Nov-18,Cam Norte,EUROXIME 250mg/5ml,6,400.00," 2,400.00 ",0.00,"2,400.00",139.00,834.00,"1,566.00",,,,,,,,
,,,,,,,,,,,,,,,,,,,
  ,,  ,  ,  ," 5,681,529.07 "," 37,541,971.44 "," 575,921.58 "," 36,965,969.86 "," 1,971,289.14 "," 13,777,522.20 "," 23,188,447.66 ",,,,,,,,
,,,,,,,,,,,,,,,,,,,
