MEDSHIELD PHARMA CORP,,,,,,,,,,,,
SALES SUMMARY REPORT,,,,,,,,,,,,
AS OF DECEMBER 2025,,,,,,,,,,,,
,,,,,,,,,,,,
,,,,,,,,,,,,
Area,DR Number,Date Delivered,Product, Qty , CP , Total CP , Disc , Net CP , TP/UNIT , TOTAL TP , Net Income ,%
Government,DR RT 0002009,21-Feb-25,"PAGBILAO # 411,290",1.00,"104,995.00","104,995.00",0.00,"104,995.00","213,312.00","213,312.00","-108,317.00",-103%
Government,DR RT 0002010,01-Feb-25,,1.00,"148,236.00","148,236.00",0.00,"148,236.00",,,"148,236.00",100%
Government,DR RT 0002011,01-Feb-25,,1.00,"59,740.00","59,740.00",0.00,"59,740.00",,,"59,740.00",100%
Government,DR RT 0002003-2004,31-Jan-25,"PAGBILAO # 2,070,000",1.00,"2,069,000.00","2,069,000.00",0.00,"2,069,000.00","1,374,000.00","1,374,000.00","695,000.00",34%
Government,DR RT 0002005-2006,31-May-25,"PAGBILAO # 6,334,470",1.00,"6,333,000.00","6,333,000.00",0.00,"6,333,000.00","2,916,065.28","2,916,065.28","3,416,934.72",54%
Government,DR RT 0002007-2008,01-Feb-25,"PAGBILAO # 474,160",1.00,"469,000.00","469,000.00",0.00,"469,000.00","415,000.00","415,000.00","54,000.00",12%
Government,DR RT 0872,21-Feb-25,"PAGBILAO # 3,658,000",1.00,"764,600.00","764,600.00",0.00,"764,600.00","2,618,955.96","2,618,955.96","-1,854,355.96",-243%
Government,DR RT 0873,21-Feb-25,,1.00,"295,544.50","295,544.50",0.00,"295,544.50",,,"295,544.50",100%
Government,DR RT 0874,21-Feb-25,,1.00,"2,595,995.00","2,595,995.00",0.00,"2,595,995.00",,,"2,595,995.00",100%
Admin,DR 025263,03-Jan-25,CIUMADE,7.00,678.57,"4,749.99",0.00,"4,749.99",450.00,"3,150.00","1,599.99",34%
Admin,DR 025263,03-Jan-25,SANOMAX - FA,7.00,857.14,"5,999.98",0.00,"5,999.98",560.00,"3,920.00","2,079.98",35%
Admin,DR 025263,03-Jan-25,LACTAMOX 500MG/125MG,2.00,"2,800.00","5,600.00",0.00,"5,600.00","1,115.00","2,230.00","3,370.00",60%
Admin,DR 025263,03-Jan-25,MUCOLIFAR 500MG,2.00,"3,500.00","7,000.00",0.00,"7,000.00","1,100.00","2,200.00","4,800.00",69%
Admin,DR 025263,03-Jan-25,ANEROCIN 300MG,2.00,"3,800.00","7,600.00",0.00,"7,600.00",979.00,"1,958.00","5,642.00",74%
Admin,DR 025263,03-Jan-25,GLOVES SMALL NITRILE NONSTERILE (SURGITECH),3.00,450.00,"1,350.00",0.00,"1,350.00",200.00,600.00,750.00,56%
Admin,DR 025264,08-Jan-25,CIUMADE,7.00,678.57,"4,749.99",0.00,"4,749.99",450.00,"3,150.00","1,599.99",34%
Admin,DR 025264,08-Jan-25,FERGLOBIN 250MG CAP,7.00,517.86,"3,625.02",0.00,"3,625.02",325.00,"2,275.00","1,350.02",37%
Admin,DR 025264,08-Jan-25,APCELAC 500MG HERBAL FOOD SUPPLEMENT,7.00,655.00,"4,585.00",0.00,"4,585.00",400.00,"2,800.00","1,785.00",39%
Admin,DR 025264,08-Jan-25,CIXTOR-Z 500mg,7.00,630.00,"4,410.00",0.00,"4,410.00",210.00,"1,470.00","2,940.00",67%
Admin,DR 025264,08-Jan-25,TRANEXSAPH 500MG,7.00,"1,500.00","10,500.00",0.00,"10,500.00",365.00,"2,555.00","7,945.00",76%
Admin,DR 025264,08-Jan-25,ENCLOXIL 500MG,7.00,"1,392.86","9,750.02",0.00,"9,750.02",780.00,"5,460.00","4,290.02",44%
Quezon,DR 025488,02-Jan-25,HYCLENS WOUND SPRAY 2% 120ML BOV,20.00,550.00,"11,000.00","1,100.00","9,900.00",392.00,"7,840.00","2,060.00",19%
Quezon,DR 025489,02-Jan-25,BERCEF 250MG/5ML,20.00,450.00,"9,000.00",0.00,"9,000.00",180.00,"3,600.00","5,400.00",60%
Quezon,DR 025490,02-Jan-25,BENERVA PLUS 500MG/50MG/100MG/100MCG,2.00,"1,200.00","2,400.00",0.00,"2,400.00",615.00,"1,230.00","1,170.00",49%
Quezon,DR 025491,03-Jan-25,JAGA 300MG/100MG/100MCG CAP,3.00,"1,078.00","3,234.00",0.00,"3,234.00",530.00,"1,590.00","1,644.00",51%
Quezon,DR 025492,03-Jan-25,PREHEXA CAPSULE,3.00,945.00,"2,835.00",850.50,"1,984.50",243.00,729.00,"1,255.50",44%
Quezon,DR 025493,03-Jan-25,ROSVA 20-20MG,2.00,948.00,"1,896.00",568.80,"1,327.20",273.00,546.00,781.20,41%
Quezon,DR 025493,03-Jan-25,EMZART-40 40MG,2.00,642.50,"1,285.00",385.50,899.50,156.00,312.00,587.50,46%
Quezon,DR 025494,07-Jan-25,FERGLOBIN 250MG CAP,10.00,800.00,"8,000.00","2,400.00","5,600.00",325.00,"3,250.00","2,350.00",29%
Quezon,DR 025495,07-Jan-25,BUFEN 200MG/5ML,12.00,115.00,"1,380.00",0.00,"1,380.00",47.50,570.00,810.00,59%
Quezon,DR 025495,07-Jan-25,CENDALEX 100MG/ML,20.00,125.00,"2,500.00",0.00,"2,500.00",35.70,714.00,"1,786.00",71%
Quezon,DR 025495,07-Jan-25,HYCLENS GARGLE 0.12% 120ML,12.00,208.00,"2,496.00",0.00,"2,496.00",88.00,"1,056.00","1,440.00",58%
Batangas,DR 025521,07-Jan-25,LACTAMOX 500MG/125MG,3.00,"3,600.00","10,800.00",540.00,"10,260.00","1,115.00","3,345.00","6,915.00",64%
Batangas,DR 025521,07-Jan-25,JAGA 300MG/100MG/100MCG CAP,2.00,"1,590.00","3,180.00",159.00,"3,021.00",530.00,"1,060.00","1,961.00",62%
Batangas,DR 025521,07-Jan-25,VOXOLL 30MG,2.00,800.00,"1,600.00",80.00,"1,520.00",168.00,336.00,"1,184.00",74%
Batangas,DR 025521,07-Jan-25,EMLOR PLUS 5MG/50MG,7.00,590.00,"4,130.00",206.50,"3,923.50",216.00,"1,512.00","2,411.50",58%
Batangas,DR 025522,07-Jan-25,ZELEX 200MG CAP,2.00,"2,800.00","5,600.00",280.00,"5,320.00",925.00,"1,850.00","3,470.00",62%
Batangas,DR 025522,07-Jan-25,ENHAMOX 250MG/62.5MG/5ML 60ML,30.00,400.00,"12,000.00",600.00,"11,400.00",136.00,"4,080.00","7,320.00",61%
Batangas,DR 025522,07-Jan-25,OPRA-40 40MG,5.00,"1,470.00","7,350.00",367.50,"6,982.50",454.50,"2,272.50","4,710.00",64%
Batangas,DR 025522,07-Jan-25,CENDALEX 500MG,6.00,"1,100.00","6,600.00",330.00,"6,270.00",287.50,"1,725.00","4,545.00",69%
Batangas,DR 025523,07-Jan-25,ANIN 50 PLUS 50MG/12.5MG,5.00,600.00,"3,000.00",150.00,"2,850.00",105.00,525.00,"2,325.00",78%
Batangas,DR 025524,07-Jan-25,DOLO-JAGA 500MG/50MG/100MG/100MCG,10.00,"1,800.00","18,000.00",0.00,"18,000.00",615.00,"6,150.00","11,850.00",66%
Batangas,DR 025525,07-Jan-25,VOXOLL 30MG,5.00,750.00,"3,750.00",0.00,"3,750.00",168.00,840.00,"2,910.00",78%
Batangas,DR 025525,07-Jan-25,AFENAX 100MG TAB,5.00,"1,980.00","9,900.00",0.00,"9,900.00",595.00,"2,975.00","6,925.00",70%
Batangas,DR 025525,07-Jan-25,CIUMADE TAB,3.00,990.00,"2,970.00",0.00,"2,970.00",450.00,"1,350.00","1,620.00",55%
Batangas,DR 025526,07-Jan-25,EMLOR PLUS 5MG/50MG,20.00,590.00,"11,800.00",0.00,"11,800.00",216.00,"4,320.00","7,480.00",63%
Batangas,DR 025527,07-Jan-25,LACTAMOX 500MG/125MG,3.00,"3,000.00","9,000.00",0.00,"9,000.00","1,115.00","3,345.00","5,655.00",63%
Batangas,DR 025527,07-Jan-25,JAGA 300MG/100MG/100MCG CAP,3.00,"1,590.00","4,770.00",0.00,"4,770.00",530.00,"1,590.00","3,180.00",67%
Batangas,DR 025528,07-Jan-25,ROSVA 20-20MG,7.00,"1,092.00","7,644.00",0.00,"7,644.00",273.00,"1,911.00","5,733.00",75%
Batangas,DR 025528,07-Jan-25,TRIDEN 160MG TAB,4.00,"2,560.00","10,240.00",0.00,"10,240.00",720.00,"2,880.00","7,360.00",72%
Batangas,DR 025529,07-Jan-25,TRIZEF 200MG TAB,2.00,"9,375.00","18,750.00",0.00,"18,750.00","1,600.00","3,200.00","15,550.00",83%
Batangas,DR 025530,07-Jan-25,HYCLENS GARGLE 0.12% 60ML,10.00,153.00,"1,530.00",0.00,"1,530.00",65.00,650.00,880.00,58%
Batangas,DR 025531,07-Jan-25,ENHAMOX 250MG/62.5MG/5ML 60ML,10.00,400.00,"4,000.00",0.00,"4,000.00",136.00,"1,360.00","2,640.00",66%
Batangas,DR 025532,07-Jan-25,ZELEX 200MG CAP,2.00,"2,800.00","5,600.00",0.00,"5,600.00",925.00,"1,850.00","3,750.00",67%
Admin,DR 025265,13-Jan-25,SOLVAPRINE 10MG TAB,14.00,671.43,"9,400.02",0.00,"9,400.02",150.00,"2,100.00","7,300.02",78%
Admin,DR 025265,13-Jan-25,FERGLOBIN 250MG CAP,7.00,517.86,"3,625.02",0.00,"3,625.02",325.00,"2,275.00","1,350.02",37%
Quezon,DR 025496,09-Jan-25,JAGA 300MG/100MG/100MCG CAP,1.00,"1,540.00","1,540.00",0.00,"1,540.00",530.00,530.00,"1,010.00",66%
Quezon,DR 025497,10-Jan-25,EXECORE 500MG TAB,1.00,"1,400.00","1,400.00",245.00,"1,155.00",78.00,78.00,"1,077.00",77%
Quezon,DR 025497,10-Jan-25,CIXTOR-Z MAX,1.00,"1,000.00","1,000.00",175.00,825.00,398.00,398.00,427.00,43%
Quezon,DR 025498,10-Jan-25,DOLO-JAGA 500MG/50MG/100MG/100MCG,1.00,"2,000.00","2,000.00",600.00,"1,400.00",615.00,615.00,785.00,39%
Quezon,DR 025498,10-Jan-25,CIUMADE TAB,2.00,"1,450.00","2,900.00",870.00,"2,030.00",450.00,900.00,"1,130.00",39%
Quezon,DR 025499,10-Jan-25,KZIDINE 35MG,10.00,"1,350.00","13,500.00","4,725.00","8,775.00",600.00,"6,000.00","2,775.00",21%
Quezon,DR 025500,13-Jan-25,SANOMAX-FA,4.00,"1,400.00","5,600.00","1,680.00","3,920.00",560.00,"2,240.00","1,680.00",30%
Batangas,DR 025534,01-Feb-25,EMZART-80 80MG,6.00,663.50,"3,981.00",0.00,"3,981.00",264.00,"1,584.00","2,397.00",60%
Batangas,DR 025534,01-Feb-25,EMZART-40 40MG,4.00,384.00,"1,536.00",0.00,"1,536.00",156.00,624.00,912.00,59%
Batangas,DR 025534,01-Feb-25,XURIC 40-40MG,4.00,295.50,"1,182.00",0.00,"1,182.00",115.00,460.00,722.00,61%
Batangas,DR 025534,01-Feb-25,SQCEF 250MG/5ML,12.00,157.50,"1,890.00",0.00,"1,890.00",92.00,"1,104.00",786.00,42%
Batangas,DR 025535,01-Feb-25,TACHYBAN 3MG/ML 2ML,4.00,"2,341.25","9,365.00",0.00,"9,365.00","1,166.00","4,664.00","4,701.00",50%
Batangas,DR 025535,01-Feb-25,ATREX 1MG/ML IV,4.00,"1,040.00","4,160.00",0.00,"4,160.00",210.00,840.00,"3,320.00",80%
Batangas,DR 025535,01-Feb-25,EVAPROST 125MCG/0.5ML,4.00,1680,6720,0.00,"6,720.00",1872,7488,-768.00,-11%
Batangas,DR 025536,01-Feb-25,SPASBASCINE 20MG/ML,6.00,480,2880,0.00,"2,880.00",142,852,"2,028.00",70%
Batangas,DR 025536,01-Feb-25,HYCORT 250MG VIAL,8.00,"1,900.00","15,200.00",0.00,"15,200.00",640.00,"5,120.00","10,080.00",66%
Batangas,DR 025536,01-Feb-25,HEMOBAS 100MG/ML (500MG/5ML) 5ML,10.00,600.00,"6,000.00",0.00,"6,000.00",190.00,"1,900.00","4,100.00",68%
Batangas,DR 025537,01-Feb-25,FENTIN 50MG/ML 2ML,4.00,"2,286.00","9,144.00",0.00,"9,144.00",885.00,"3,540.00","5,604.00",61%
Batangas,DR 025538,16-Jan-25,LACTAMOX 500MG/125MG,2.00,"3,600.00","7,200.00",360.00,"6,840.00","1,115.00","2,230.00","4,610.00",64%
Batangas,DR 025538,16-Jan-25,CENDALEX 500MG,4.00,"1,100.00","4,400.00",220.00,"4,180.00",287.50,"1,150.00","3,030.00",69%
Batangas,DR 025538,16-Jan-25,ZELEX 200MG CAP,2.00,"2,800.00","5,600.00",280.00,"5,320.00",925.00,"1,850.00","3,470.00",62%
Batangas,DR 025538,16-Jan-25,HISTARIL 100MG/2MG,1.00,960.00,960.00,48.00,912.00,300.00,300.00,612.00,64%
Batangas,DR 025538,16-Jan-25,HISTARIL 1MG/50MG/5ML SYR,7.00,96.00,672.00,33.60,638.40,33.00,231.00,407.40,61%
Batangas,DR 025539,16-Jan-25,DOLO-JAGA 500MG/50MG/100MG/100MCG,5.00,"1,800.00","9,000.00",0.00,"9,000.00",615.00,"3,075.00","5,925.00",66%
Batangas,DR 025540,16-Jan-25,LACTAMOX 500MG/125MG,3.00,"3,000.00","9,000.00",0.00,"9,000.00","1,115.00","3,345.00","5,655.00",63%
Batangas,DR 025541,16-Jan-25,EMLOR PLUS 5MG/50MG,10.00,590.00,"5,900.00",0.00,"5,900.00",216.00,"2,160.00","3,740.00",63%
Batangas,DR 025541,16-Jan-25,EMZART-40 40MG,8.00,548.00,"4,384.00",0.00,"4,384.00",156.00,"1,248.00","3,136.00",72%
Batangas,DR 025542,16-Jan-25,VOXOLL 30MG,10.00,715.00,"7,150.00",0.00,"7,150.00",168.00,"1,680.00","5,470.00",77%
Batangas,DR 025542,16-Jan-25,VOXOLL 15MG/5ML,12.00,72.00,864.00,0.00,864.00,33.00,396.00,468.00,54%
Batangas,DR 025543,16-Jan-25,ROSVA 20-20MG,10.00,"1,092.00","10,920.00",0.00,"10,920.00",273.00,"2,730.00","8,190.00",75%
Batangas,DR 025544,16-Jan-25,TRIZEF 200MG TAB,1.00,"9,375.00","9,375.00",0.00,"9,375.00","1,600.00","1,600.00","7,775.00",83%
Batangas,DR 025545,16-Jan-25,TRIZEF 200MG TAB,1.00,"9,375.00","9,375.00",0.00,"9,375.00","1,600.00","1,600.00","7,775.00",83%
Batangas,DR 025546,16-Jan-25,HYCLENS WOUND SPRAY 2% 60ML,12.00,286.00,"3,432.00",0.00,"3,432.00",114.66,"1,375.92","2,056.08",60%
Batangas,DR 025547,16-Jan-25,LACTAMOX 500MG/125MG,2.00,"3,600.00","7,200.00",0.00,"7,200.00","1,115.00","2,230.00","4,970.00",69%
Batangas,DR 025548,16-Jan-25,JAGA 300MG/100MG/100MCG CAP,2.00,"1,590.00","3,180.00",0.00,"3,180.00",530.00,"1,060.00","2,120.00",67%
Admin,DR 025266,17-Jan-25,SOLVAPRINE 10MG TAB,7.00,671.43,"4,700.01",0.00,"4,700.01",150.00,"1,050.00","3,650.01",78%
Admin,DR 025266,17-Jan-25,DOLOGESIC 325MG/37.5MG TAB,7.00,945.00,"6,615.00",0.00,"6,615.00",270.00,"1,890.00","4,725.00",71%
Admin,DR 025266,17-Jan-25,HYCLENS OB WASH ANTISEPTIC,10.00,152.50,"1,525.00",0.00,"1,525.00",138.60,"1,386.00",139.00,9%
Admin,DR 025267,15-Jan-25,MEDIROSE 1000MG/992MG,7.00,"1,000.00","7,000.00",0.00,"7,000.00",145.00,"1,015.00","5,985.00",86%
Admin,DR 025267,15-Jan-25,DIACYSTEINE 600- 600MG,7.00,385.00,"2,695.00",0.00,"2,695.00",115.00,805.00,"1,890.00",70%
Admin,DR 025267,15-Jan-25,HYCLENS WOUND SPRAY (60ML),20.00,229.32,"4,586.40",0.00,"4,586.40",114.66,"2,293.20","2,293.20",50%
Admin,DR 025267,15-Jan-25,HYCLENS OB WASH ANTISEPTIC,10.00,152.50,"1,525.00",0.00,"1,525.00",138.60,"1,386.00",139.00,9%
Quezon,DR 025551,15-Jan-25,CARVIDA 6.25MG,50.00,528.00,"26,400.00",0.00,"26,400.00",132.00,"6,600.00","19,800.00",75%
Quezon,DR 025551,15-Jan-25,ANIN 50 PLUS 50MG/12.5MG,36.00,420.00,"15,120.00",0.00,"15,120.00",105.00,"3,780.00","11,340.00",75%
Quezon,DR 025551,15-Jan-25,EMZART-40 40MG,36.00,429.00,"15,444.00",0.00,"15,444.00",156.00,"5,616.00","9,828.00",64%
Quezon,DR 025551,15-Jan-25,EMZART-80 80MG,12.00,726.00,"8,712.00",0.00,"8,712.00",264.00,"3,168.00","5,544.00",64%
Quezon,DR 025552,17-Jan-25,VOXOLL 15MG/5ML,10.00,80.00,800.00,240.00,560.00,33.00,330.00,230.00,29%
Quezon,DR 025553,17-Jan-25,VOXOLL 15MG/5ML,24.00,80.00,"1,920.00",576.00,"1,344.00",33.00,792.00,552.00,29%
Quezon,DR 025554,20-Jan-25,DOPAMET 250MG,5.00,800.00,"4,000.00",0.00,"4,000.00",195.00,975.00,"3,025.00",76%
Quezon,DR 025554,20-Jan-25,SOLVAPRINE 10MG TAB,10.00,"1,000.00","10,000.00",0.00,"10,000.00",150.00,"1,500.00","8,500.00",85%
Quezon,DR 025554,20-Jan-25,CIUMADE TAB,10.00,"1,500.00","15,000.00",0.00,"15,000.00",450.00,"4,500.00","10,500.00",70%
Quezon,DR 025555,20-Jan-25,EUROMED MAGNESIUM SULFATE 250MG/ML (25%) 20ML,30.00,70.00,"2,100.00",0.00,"2,100.00",57.75,"1,732.50",367.50,18%
Quezon,DR 025555,20-Jan-25,CETHERGO 200MCG/ML IV,1.00,"4,375.00","4,375.00",0.00,"4,375.00","1,222.00","1,222.00","3,153.00",72%
Quezon,DR 025555,20-Jan-25,MERGOT 125MCG,2.00,"1,150.00","2,300.00",0.00,"2,300.00",680.00,"1,360.00",940.00,41%
Hospital,DR MS 02955,10-Jan-25,ANTIZOAL 5MG/ML (500MG/100ML) 100ML,100.00,120.00,"12,000.00",0.00,"12,000.00",15.00,"1,500.00","10,500.00",88%
Hospital,DR MS 02954,08-Jan-25,RAXIDINE 25MG/ML 2ML,10.00,"1,300.00","13,000.00",0.00,"13,000.00",100.00,"1,000.00","12,000.00",92%
Hospital,DR MS 02952,08-Jan-25,GOPAMINE 40MG/ML (200MG/5ML) 5ML,20.00,465.00,"9,300.00",0.00,"9,300.00",155.00,"3,100.00","6,200.00",67%
Admin,DR 025269,22-Jan-25,SANOVIZ OB PLUS,10.00,"1,575.00","15,750.00",0.00,"15,750.00",525.00,"5,250.00","10,500.00",67%
Admin,DR 025269,22-Jan-25,CIUMADE,7.00,678.57,"4,749.99",0.00,"4,749.99",450.00,"3,150.00","1,599.99",34%
Admin,DR 025269,22-Jan-25,SANOMAX - FA,7.00,857.14,"5,999.98",0.00,"5,999.98",560.00,"3,920.00","2,079.98",35%
Admin,DR 025269,22-Jan-25,FERGLOBIN 250MG CAP,7.00,517.86,"3,625.02",0.00,"3,625.02",325.00,"2,275.00","1,350.02",37%
Admin,DR 025269,22-Jan-25,KOXIB 200MG CAP,7.00,"2,800.00","19,600.00",0.00,"19,600.00",925.00,"6,475.00","13,125.00",67%
Admin,DR 025269,22-Jan-25,APCELAC 500MG HERBAL FOOD SUPPLEMENT,7.00,655.00,"4,585.00",0.00,"4,585.00",400.00,"2,800.00","1,785.00",39%
Admin,DR 025269,22-Jan-25,DUOGESIC 325MG/37.5MG TAB,7.00,"1,414.29","9,900.03",0.00,"9,900.03",100.00,700.00,"9,200.03",93%
Admin,DR 025269,22-Jan-25,GLOVES MEDIUM NITRILE NONSTERILE (SURGITECH),2.00,450.00,900.00,0.00,900.00,200.00,400.00,500.00,56%
Batangas,DR 025603,23-Jan-25,ANEROCIN 300MG CAP,2.00,"3,800.00","7,600.00",0.00,"7,600.00",979.00,"1,958.00","5,642.00",74%
Batangas,DR 025603,23-Jan-25,AFENAX 100MG TAB,3.00,"1,980.00","5,940.00",0.00,"5,940.00",595.00,"1,785.00","4,155.00",70%
Batangas,DR 025602,23-Jan-25,JAGA 300MG/100MG/100MCG CAP,5.00,"1,590.00","7,950.00",0.00,"7,950.00",530.00,"2,650.00","5,300.00",67%
Batangas,DR 025602,23-Jan-25,LACTAMOX 500MG/125MG,2.00,"3,000.00","6,000.00",0.00,"6,000.00","1,115.00","2,230.00","3,770.00",63%
Batangas,DR 025601,23-Jan-25,EMLOR PLUS 5MG/50MG,10.00,590.00,"5,900.00",0.00,"5,900.00",216.00,"2,160.00","3,740.00",63%
Batangas,DR 025601,23-Jan-25,CIUMADE TAB,5.00,990.00,"4,950.00",0.00,"4,950.00",450.00,"2,250.00","2,700.00",55%
Batangas,DR 025550,23-Jan-25,DOLOGESIC 325MG/37.5MG TAB,10.00,"1,080.00","10,800.00",0.00,"10,800.00",270.00,"2,700.00","8,100.00",75%
Batangas,DR 025550,23-Jan-25,ANIN 50 PLUS 50MG/12.5MG,5.00,600.00,"3,000.00",0.00,"3,000.00",105.00,525.00,"2,475.00",83%
Batangas,DR 025549,23-Jan-25,LACTAMOX 500MG/125MG,2.00,"3,600.00","7,200.00",360.00,"6,840.00","1,115.00","2,230.00","4,610.00",64%
Batangas,DR 025549,23-Jan-25,CENDALEX 500MG,4.00,"1,100.00","4,400.00",220.00,"4,180.00",287.50,"1,150.00","3,030.00",69%
Quezon,DR 025557,23-Jan-25,OPTRYL 5MG/G (0.5%) 5G,35.00,215.00,"7,525.00",0.00,"7,525.00",136.10,"4,763.50","2,761.50",37%
Quezon,DR 025558,24-Jan-25,HYCLENS WOUND SPRAY 2% 60ML,33.00,254.55,"8,400.00",0.00,"8,400.00",114.66,"3,783.78","4,616.22",55%
Quezon,DR 025559,24-Jan-25,EXECORE 500MG TAB,1.00,"3,400.00","3,400.00","1,020.00","2,380.00",78.00,78.00,"2,302.00",68%
Quezon,DR 025559,24-Jan-25,CIXTOR-Z MAX 500MG/10MG/1000IU,1.00,757.00,757.00,227.10,529.90,445.00,445.00,84.90,11%
Quezon,DR 025560,24-Jan-25,FOLACID 5MG CAP,10.00,615.00,"6,150.00","1,845.00","4,305.00",236.25,"2,362.50","1,942.50",32%
Quezon,DR 025561,24-Jan-25,GITOR-40 40MG,30.00,"3,500.00","105,000.00",0.00,"105,000.00",875.00,"26,250.00","78,750.00",75%
Quezon,DR 025563,27-Jan-25,KZIDINE 35MG,10.00,"1,350.00","13,500.00","4,725.00","8,775.00",600.00,"6,000.00","2,775.00",21%
Quezon,DR 025562,24-Jan-25,HYCLENS WOUND SPRAY 2% 60ML,19.00,252.00,"4,788.00",0.00,"4,788.00",114.66,"2,178.54","2,609.46",55%
Hospital,DR MS 02943,16-Jan-25,OPTRYL 5MG/G (0.5%) 5G,25.00,315.00,"7,875.00",0.00,"7,875.00",136.10,"3,402.50","4,472.50",57%
Hospital,DR MS 02933,16-Jan-25,BABY WASH 100ML (JOHNSON),50.00,85.00,"4,250.00",0.00,"4,250.00",58.00,"2,900.00","1,350.00",32%
Hospital,DR MS 02933,16-Jan-25,BABY OIL 50ML (JOHNSON),50.00,64.00,"3,200.00",0.00,"3,200.00",50.00,"2,500.00",700.00,22%
Hospital,DR MS 02933,16-Jan-25,FOLEY CATHETER 2WAY FR16 30ML (PARTNERS),50.00,70.00,"3,500.00",0.00,"3,500.00",38.00,"1,900.00","1,600.00",46%
Hospital,DR MS 02933,16-Jan-25,PAPER TOWEL 175PULL-UPS (FEMME),24.00,80.00,"1,920.00",0.00,"1,920.00",53.75,"1,290.00",630.00,33%
Hospital,DR MS 02975,23-Jan-25,OPTRYL 5MG/G (0.5%) 5G,25.00,315.00,"7,875.00",0.00,"7,875.00",136.10,"3,402.50","4,472.50",57%
Hospital,DR MS 02959,15-Jan-25,FENTIN 50MG/ML 2ML,3.00,"2,598.75","7,796.25",0.00,"7,796.25",885.00,"2,655.00","5,141.25",66%
Hospital,DR MS 02963,16-Jan-25,AMBIMOX 500MG CAP,1.00,337.50,337.50,0.00,337.50,157.00,157.00,180.50,53%
Hospital,DR MS 02964,16-Jan-25,FOLEY CATHETER 2WAY FR16 30ML (PARTNERS),100.00,70.00,"7,000.00",0.00,"7,000.00",38.00,"3,800.00","3,200.00",46%
Hospital,DR MS 02964,16-Jan-25,NELATON CATHETER FR.8 (ORMED),40.00,58.00,"2,320.00",0.00,"2,320.00",14.00,560.00,"1,760.00",76%
Hospital,DR 02976,24-Jan-25,RAXIDINE 25MG/ML 2ML,100.00,130.00,"13,000.00",0.00,"13,000.00",100.00,"10,000.00","3,000.00",23%
Hospital,DR MS 02961,16-Jan-25,RAXIDINE 25MG/ML 2ML,100.00,130.00,"13,000.00",0.00,"13,000.00",100.00,"10,000.00","3,000.00",23%
Hospital,DR MS 02971,21-Jan-25,EUROMED MAGNESIUM SULFATE 250MG/ML (25%) 20ML,15.00,70.00,"1,050.00",0.00,"1,050.00",57.75,866.25,183.75,18%
Hospital,DR MS 02950,27-Jan-25,EVAPROST 125MCG/0.5ML,40.00,396.00,"15,840.00",0.00,"15,840.00","1,872.00","74,880.00","-59,040.00",-373%
Hospital,DR MS 02972,21-Jan-25,SOBINATE 84MG/ML (8.4%) 20ML,26.00,380.00,"9,880.00",0.00,"9,880.00",142.00,"3,692.00","6,188.00",63%
Hospital,DR MS 02972,21-Jan-25,EPIBBAS 1MG/ML IV,5.00,"1,200.00","6,000.00",0.00,"6,000.00",145.00,725.00,"5,275.00",88%
Hospital,DR MS 02972,21-Jan-25,EPIBBAS 1MG/ML IV,10.00,"1,200.00","12,000.00",0.00,"12,000.00",145.00,"1,450.00","10,550.00",88%
Hospital,DR MS 02972,21-Jan-25,ANTIZOAL 5MG/ML,70.00,90.00,"6,300.00",0.00,"6,300.00",16.00,"1,120.00","5,180.00",82%
Hospital,DR MS 02972,21-Jan-25,BUPIRIGHT 5MG/ML 0.5% IN 8% 4ML,40.00,620.00,"24,800.00",0.00,"24,800.00",165.18,"6,607.20","18,192.80",73%
Hospital,DR MS 02972,21-Jan-25,EROXIME 750MG IV,4.00,"3,000.00","12,000.00",0.00,"12,000.00",175.00,700.00,"11,300.00",94%
Hospital,DR MS 02972,21-Jan-25,MUCOLIFAR 500MG TAB,3.00,"3,500.00","10,500.00",0.00,"10,500.00","1,100.00","3,300.00","7,200.00",69%
Hospital,DR MS 02972,21-Jan-25,DIFLOSID 25MG/ML 3ML,7.00,750.00,"5,250.00",0.00,"5,250.00",126.00,882.00,"4,368.00",83%
Hospital,DR MS 02972,21-Jan-25,MERGOT 125MCG,2.00,"2,000.00","4,000.00",0.00,"4,000.00",680.00,"1,360.00","2,640.00",66%
Hospital,DR MS 02972,21-Jan-25,EVAPROST 125MCG/0.5ML,4.00,"3,960.00","15,840.00",0.00,"15,840.00","1,872.00","7,488.00","8,352.00",53%
Hospital,DR MS 02972,21-Jan-25,SITIXON 1G 10ML,40.00,120.00,"4,800.00",0.00,"4,800.00",32.00,"1,280.00","3,520.00",73%
Hospital,DR MS 02972,21-Jan-25,LACTAMOX 500MG/125MG,10.00,"2,800.20","28,002.00",0.00,"28,002.00","1,115.00","11,150.00","16,852.00",60%
Hospital,DR MS 02972,21-Jan-25,CETHERGO 200MCG/ML IV,1.00,"4,375.00","4,375.00",0.00,"4,375.00","1,222.00","1,222.00","3,153.00",72%
Admin,DR 025270,27-Jan-25,CIUMADE,7.00,678.57,"4,749.99",0.00,"4,749.99",450.00,"3,150.00","1,599.99",34%
Admin,DR 025270,27-Jan-25,FERGLOBIN 250MG CAP,7.00,517.86,"3,625.02",0.00,"3,625.02",325.00,"2,275.00","1,350.02",37%
Admin,DR 025270,27-Jan-25,SANOMAX-FA,7.00,857.14,"5,999.98",0.00,"5,999.98",560.00,"3,920.00","2,079.98",35%
Admin,DR 025270,27-Jan-25,FOLACID 5MG CAP,7.00,464.29,"3,250.03",0.00,"3,250.03",236.25,"1,653.75","1,596.28",49%
Admin,DR 025270,27-Jan-25,CIXTOR-Z 500mg,7.00,630.00,"4,410.00",0.00,"4,410.00",210.00,"1,470.00","2,940.00",67%
Admin,DR 025270,27-Jan-25,SOLVAPRINE 10MG TAB,14.00,671.43,"9,400.02",0.00,"9,400.02",150.00,"2,100.00","7,300.02",78%
Admin,DR 025270,27-Jan-25,HYCLENS OB WASH ANTISEPTIC,10.00,152.50,"1,525.00",0.00,"1,525.00",138.60,"1,386.00",139.00,9%
Admin,DR 025270,27-Jan-25,"MICROPORE 1"" - 1530-1 - 3M",1.00,"1,080.00","1,080.00",0.00,"1,080.00",525.00,525.00,555.00,51%
Admin,DR 025270,27-Jan-25,HYCLENS GARGLE (60ML),10.00,195.00,"1,950.00",0.00,"1,950.00",65.00,650.00,"1,300.00",67%
Admin,DR 025270,27-Jan-25,,0.00,,,0.00,0.00,,,0.00,#DIV/0!
Admin,DR 025270,27-Jan-25,,0.00,,,0.00,0.00,,,0.00,#DIV/0!
Admin,DR 025272,27-Jan-25,ENCLOXIL 500MG,7.00,"1,392.86","9,750.02",0.00,"9,750.02",780.00,"5,460.00","4,290.02",44%
Admin,DR 025272,27-Jan-25,APCELAC 500MG,7.00,655.00,"4,585.00",0.00,"4,585.00",400.00,"2,800.00","1,785.00",39%
Admin,DR 025274,01-Feb-25,BENERVA PLUS 500MG/50MG/100MG/100MCG,3.00,"1,200.00","3,600.00",0.00,"3,600.00",615.00,"1,845.00","1,755.00",49%
Government,DR MS 02989,31-Jan-25,ISOLYTE 30MG TAB,5.00,559.00,"2,795.00",0.00,"2,795.00",230.00,"1,150.00","1,645.00",59%
Government,DR MS 02989,31-Jan-25,WELLTRATE 50MG,66.67,322.50,"21,500.00",0.00,"21,500.00",257.00,"17,133.33","4,366.67",20%
Government,DR MS 02989,31-Jan-25,ALLERCHEM 5MG/5ML,72.00,27.00,"1,944.00",0.00,"1,944.00",18.50,"1,332.00",612.00,31%
Government,DR MS 02989,31-Jan-25,PROLAXA 2MG/ML (200MG/100ML) 100ML,200.00,36.62,"7,324.00",0.00,"7,324.00",27.00,"5,400.00","1,924.00",26%
Government,DR MS 02989,31-Jan-25,DIACYSTEINE 600- 600MG,100.00,162.00,"16,200.00",0.00,"16,200.00",115.00,"11,500.00","4,700.00",29%
Government,DR MS 02884,31-Jan-25,GLOVES MEDIUM LATEX NONSTERILE (SURGITECH),270.00,282.00,"76,140.00",0.00,"76,140.00",200.00,"54,000.00","22,140.00",29%
Government,DR MS 02885,31-Jan-25,GLOVES MEDIUM LATEX NONSTERILE (SURGITECH),30.00,282.00,"8,460.00",0.00,"8,460.00",200.00,"6,000.00","2,460.00",29%
Government,DR MS 02991,31-Jan-25,IV CANNULA WITH WINGS & INJECTION VALVE G24 (HEXACARE),10.00,"1,972.00","19,720.00",0.00,"19,720.00","1,008.00","10,080.00","9,640.00",49%
Government,DR MS 02844,31-Jan-25,FLUCYSTEINE 200MG 30's,33.33,486.00,"16,200.00",0.00,"16,200.00",210.00,"7,000.00","9,200.00",57%
Government,DR MS 02844,31-Jan-25,DIXIN 250MCG,2.00,296.00,592.00,0.00,592.00,250.00,500.00,92.00,16%
Government,DR MS 02846,31-Jan-25,ATORBET 40MG,15.00,450.00,"6,750.00",0.00,"6,750.00",185.00,"2,775.00","3,975.00",59%
Government,DR MS 02887,31-Jan-25,AMCETAM 150MG/ML 2ML,100.00,77.50,"7,750.00",0.00,"7,750.00",42.00,"4,200.00","3,550.00",46%
Government,DR MS 02887,31-Jan-25,HYDROCORTIBAS 100MG VIAL,80.00,352.10,"28,168.00",0.00,"28,168.00",256.00,"20,480.00","7,688.00",27%
Government,DR MS 02993,31-Jan-25,VAZI2R 80MG,5.00,479.00,"2,395.00",0.00,"2,395.00",295.00,"1,475.00",920.00,38%
Government,DR MS 02845,31-Jan-25,EPICARE 1MG/ML IV,12.00,277.50,"3,330.00",0.00,"3,330.00",115.00,"1,380.00","1,950.00",59%
Government,DR MS 02845,31-Jan-25,MICROSCOT 20MG 5G,100.00,107.75,"10,775.00",0.00,"10,775.00",26.00,"2,600.00","8,175.00",76%
Government,DR MS 02883,31-Jan-25,CARVESAPH 6.25MG,10.00,105.00,"1,050.00",0.00,"1,050.00",46.00,460.00,590.00,56%
Government,DR MS 02883,31-Jan-25,GOPAMINE 40MG/ML (200MG/5ML) 5ML,24.00,496.25,"11,910.00",0.00,"11,910.00",155.00,"3,720.00","8,190.00",69%
Government,DR MS 02883,31-Jan-25,LAZICARE 10MG/ML (20MG/2ML) 2ML,50.00,100.00,"5,000.00",0.00,"5,000.00",55.00,"2,750.00","2,250.00",45%
Government,DR MS 02883,31-Jan-25,AMCETAM 150MG/ML 2ML,400.00,77.50,"31,000.00",0.00,"31,000.00",42.00,"16,800.00","14,200.00",46%
Government,DR MS 02883,31-Jan-25,NEBULIZER KIT ADULT (SURGITECH),600.00,39.44,"23,664.00",0.00,"23,664.00",36.00,"21,600.00","2,064.00",9%
Government,DR MS 02908,31-Jan-25,EURYTHMIC 50MG/ML (150MG/3ML),4.00,"2,663.75","10,655.00",0.00,"10,655.00","1,535.00","6,140.00","4,515.00",42%
Government,DR MS 02908,31-Jan-25,HYOSUR 20MG/ML,30.00,340.00,"10,200.00",0.00,"10,200.00",177.00,"5,310.00","4,890.00",48%
Government,DR MS 02908,31-Jan-25,IV CANNULA WITH WINGS LUER LOCK G18 1.5X38MM (CATHULA),60.00,"3,380.00","202,800.00",0.00,"202,800.00","2,200.00","132,000.00","70,800.00",35%
Government,DR MS 02908,31-Jan-25,IV CANNULA WITH WINGS & INJECTION VALVE G20 1.1X32MM (CATHULA),60.00,"3,380.00","202,800.00",0.00,"202,800.00","2,200.00","132,000.00","70,800.00",35%
Government,DR MS 02908,31-Jan-25,IV CANNULA WITH WINGS LUER LOCK G22 .8X25MM (CATHULA),36.00,"3,380.00","121,680.00",0.00,"121,680.00","2,200.00","79,200.00","42,480.00",35%
Government,DR MS 02908,31-Jan-25,IV CANNULA WITH INJECTION PORT LUER LOCK G24 0.7X19MM (CATHULA),36.00,3380,121680,0.00,"121,680.00",2400,86400,"35,280.00",29%
Government,DR MS 02908,31-Jan-25,IV CANNULA WITHOUT INJECTION PORT LUER LOCK G26 0.6X19MM (CATHULA),36.00,"3,380.00","121,680.00",0.00,"121,680.00","2,400.00","86,400.00","35,280.00",29%
Government,DR MS 02908,31-Jan-25,ENOXAGET-40 40MG/0.4ML,10.00,"1,239.44","12,394.40",0.00,"12,394.40",640.00,"6,400.00","5,994.40",48%
Government,DR MS 02987,31-Jan-25,FENTIN 50MG/ML 2ML,4.00,"1,771.25","7,085.00",0.00,"7,085.00",885.00,"3,540.00","3,545.00",50%
Government,DR MS 02987,31-Jan-25,TROYNOXA-60 60MG/0.6ML,20.00,"1,042.25","20,845.00",0.00,"20,845.00",404.00,"8,080.00","12,765.00",61%
Hospital,DR MS 02981,28-Jan-25,PULSE OXIMETER PROBE ADULT FOR EDAN IM70,1.00,"13,500.00","13,500.00",0.00,"13,500.00","10,000.00","10,000.00","3,500.00",26%
Hospital,DR MS 02994,31-Jan-25,ATREX 1MG/ML IV,5.00,900.00,"4,500.00",0.00,"4,500.00",210.00,"1,050.00","3,450.00",77%
Hospital,DR MS 02994,31-Jan-25,SUCROSAPH 20MG/ML (100MG/5ML) 5ML,5.00,"2,490.00","12,450.00",0.00,"12,450.00",318.00,"1,590.00","10,860.00",87%
Quezon,DR 025564,28-Jan-25,MULTI-GROW 120ML,50.00,255.00,"12,750.00",0.00,"12,750.00",90.00,"4,500.00","8,250.00",65%
Quezon,DR 025565,30-Jan-25,JAGA 300MG/100MG/100MCG CAP,1.00,"1,540.00","1,540.00",0.00,"1,540.00",530.00,530.00,"1,010.00",66%
Quezon,DR 025566,31-Jan-25,PREHEXA CAPSULE,3.00,945.00,"2,835.00",850.50,"1,984.50",243.00,729.00,"1,255.50",44%
Quezon,DR 025567,31-Jan-25,KZIDINE 35MG,50.00,"1,500.00","75,000.00",0.00,"75,000.00",600.00,"30,000.00","45,000.00",60%
Quezon,DR 025567,31-Jan-25,FEBULAS 40-40MG,30.00,"1,800.00","54,000.00",0.00,"54,000.00",210.00,"6,300.00","47,700.00",88%
Quezon,DR 025567,31-Jan-25,SI2NORM 50MG,30.00,"1,008.00","30,240.00",0.00,"30,240.00",338.00,"10,140.00","20,100.00",66%
Quezon,DR 025567,31-Jan-25,CLOVAS 75MG TAB,30.00,"1,410.00","42,300.00",0.00,"42,300.00",386.40,"11,592.00","30,708.00",73%
Quezon,DR 025567,31-Jan-25,ZILTEM 25MG,10.00,"3,750.00","37,500.00",0.00,"37,500.00","1,533.33","15,333.30","22,166.70",59%
Quezon,DR 025568,31-Jan-25,EMZART-40 40MG,1.00,495.00,495.00,148.50,346.50,156.00,156.00,190.50,38%
Quezon,DR 025568,31-Jan-25,ROSVA 20-20MG,2.00,570.00,"1,140.00",342.00,798.00,273.00,546.00,252.00,22%
Quezon,DR 025569,08-Feb-25,UNISOL-M,4.00,825.00,"3,300.00",0.00,"3,300.00",385.00,"1,540.00","1,760.00",53%
Quezon,DR 025570,08-Feb-25,BENERVA PLUS 500MG/50MG/100MG/100MCG,3.00,"1,200.00","3,600.00",0.00,"3,600.00",615.00,"1,845.00","1,755.00",49%
Quezon,DR 025570,08-Feb-25,JAGA 300MG/100MG/100MCG CAP,3.00,"1,078.00","3,234.00",0.00,"3,234.00",530.00,"1,590.00","1,644.00",51%
Government,DR RT 0002016,23-Jan-25,"PAGBILAO # 13,500,000",1.00,"11,567,580.00","11,567,580.00",0.00,"11,567,580.00","4,229,349.44","4,229,349.44","7,338,230.56",63%
Admin,DR 025276,05-Feb-25,ENHAMOX 500MG/125MG,3.00,"2,800.00","8,400.00",0.00,"8,400.00","1,115.00","3,345.00","5,055.00",60%
Admin,DR 025276,05-Feb-25,DOPAMET 250MG,7.00,780.00,"5,460.00",0.00,"5,460.00",195.00,"1,365.00","4,095.00",75%
Admin,DR 025276,05-Feb-25,CIXTOR-Z 500MG/10MG,7.00,630.00,"4,410.00",0.00,"4,410.00",210.00,"1,470.00","2,940.00",67%
Admin,DR 025276,05-Feb-25,SOLVAPRINE 10MG TAB,7.00,671.43,"4,700.01",0.00,"4,700.01",150.00,"1,050.00","3,650.01",78%
Admin,DR 025276,05-Feb-25,HYCLENS OB WASH 1% 100ML,10.00,152.50,"1,525.00",0.00,"1,525.00",138.60,"1,386.00",139.00,9%
Admin,DR 025276,05-Feb-25,TRANEXSAPH 500MG,3.00,"1,500.00","4,500.00",0.00,"4,500.00",365.00,"1,095.00","3,405.00",76%
Quezon,DR 025556,22-Jan-25,EPIBBAS 1MG/ML IV,24.00,780.00,"18,720.00",0.00,"18,720.00",145.00,"3,480.00","15,240.00",81%
Quezon,DR 025556,22-Jan-25,PHYTOBAS 10MG/ML IV,30.00,830.00,"24,900.00",0.00,"24,900.00",140.00,"4,200.00","20,700.00",83%
Hospital,DR MS 02980,27-Jan-25,NELATON CATHETER FR.8 (ORMED),5.00,25.00,125.00,0.00,125.00,14.00,70.00,55.00,44%
Hospital,DR MS 02980,27-Jan-25,NELATON CATHETER FR.10 (ORMED),10.00,25.00,250.00,0.00,250.00,14.00,140.00,110.00,44%
Hospital,DR MS 02980,27-Jan-25,NON VENTED MASK MEDIUM (EASEFIT),3.00,"6,200.00","18,600.00",0.00,"18,600.00","4,500.00","13,500.00","5,100.00",27%
Hospital,DR MS 02980,27-Jan-25,MATERNITY PADS 8s (SANITEX),10.00,130.00,"1,300.00",0.00,"1,300.00",90.00,900.00,400.00,31%
Hospital,DR MS 02980,27-Jan-25,NELATON CATHETER FR.16 (ORMED),5.00,25.00,125.00,0.00,125.00,14.00,70.00,55.00,44%
Hospital,DR MS 02980,27-Jan-25,PAPER TOWEL 175PULL-UPS (FEMME),36.00,80.00,"2,880.00",0.00,"2,880.00",53.75,"1,935.00",945.00,33%
Hospital,DR MS 02958,16-Jan-25,ZEFTACARE 1G IV,150.00,274.00,"41,100.00",0.00,"41,100.00",44.00,"6,600.00","34,500.00",84%
Hospital,DR MS 02958,16-Jan-25,AMCETAM 150MG/ML 2ML,53.00,308.00,"16,324.00",0.00,"16,324.00",42.00,"2,226.00","14,098.00",86%
Hospital,DR MS 02958,16-Jan-25,TAZACIN 4G/500MG IV,100.00,495.00,"49,500.00",0.00,"49,500.00",148.00,"14,800.00","34,700.00",70%
Hospital,DR MS 02958,16-Jan-25,MERAZOL-40 40MG,5.00,"1,400.00","7,000.00",0.00,"7,000.00",200.00,"1,000.00","6,000.00",86%
Hospital,DR MS 02973,23-Jan-25,HYCLENS WOUND SPRAY 2% 60ML,30.00,300.00,"9,000.00",0.00,"9,000.00",114.66,"3,439.80","5,560.20",62%
Hospital,DR MS 02973,23-Jan-25,PHYTOBAS 10MG/ML IV,5.00,900.00,"4,500.00",0.00,"4,500.00",140.00,700.00,"3,800.00",84%
Hospital,DR RT 0002019,08-Feb-25,CAMERA WITH SD CARD AND LENS EOS RP RF24-105MM PRO (CANON),1.00,"124,000.00","124,000.00",0.00,"124,000.00","80,897.00","80,897.00","43,103.00",35%
Hospital,DR MS 02999,01-Feb-25,AMINOSOL 25MG/ML (250MG/10ML) 10ML,5.00,660.00,"3,300.00",0.00,"3,300.00",85.00,425.00,"2,875.00",87%
Hospital,DR MS 02998,08-Feb-25,DIFLOSID 25MG/ML 3ML,10.00,390.00,"3,900.00",0.00,"3,900.00",126.00,"1,260.00","2,640.00",68%
Hospital,DR MS 03061,08-Feb-25,RAXIDINE 25MG/ML 2ML,10.00,"1,300.00","13,000.00",0.00,"13,000.00",100.00,"1,000.00","12,000.00",92%
Quezon,DR 025572,08-Feb-25,FERGLOBIN 250MG CAP,10.00,800.00,"8,000.00","2,400.00","5,600.00",325.00,"3,250.00","2,350.00",29%
Marinduque,DR 025573,08-Feb-25,BENERVA FORTE 300MG/100MG/100MCG,30.00,"1,540.00","46,200.00","13,860.00","32,340.00",525.00,"15,750.00","16,590.00",36%
Marinduque,DR 025573,08-Feb-25,FERGLOBIN 250MG CAP,10.00,800.00,"8,000.00","2,400.00","5,600.00",325.00,"3,250.00","2,350.00",29%
Marinduque,DR 025574,08-Feb-25,AFENAX 100MG TAB,10.00,"2,100.00","21,000.00",0.00,"21,000.00",595.00,"5,950.00","15,050.00",72%
Marinduque,DR 025574,08-Feb-25,VITACORE 100MG/100MG/1MG 3ML,10.00,"1,000.00","10,000.00",0.00,"10,000.00",110.00,"1,100.00","8,900.00",89%
Marinduque,DR 025574,08-Feb-25,HYCLENS WOUND SPRAY 2% 60ML,36.00,280.00,"10,080.00",0.00,"10,080.00",114.66,"4,127.76","5,952.24",59%
Marinduque,DR 025574,08-Feb-25,ANEROCIN 300MG CAP,1.00,"3,100.00","3,100.00",0.00,"3,100.00",979.00,979.00,"2,121.00",68%
Marinduque,DR 025574,08-Feb-25,BUFEN 200MG/5ML,36.00,121.00,"4,356.00",0.00,"4,356.00",47.50,"1,710.00","2,646.00",61%
Marinduque,DR 025575,08-Feb-25,DOLO-JAGA 500MG/50MG/100MG/100MCG,5.00,"2,000.00","10,000.00",0.00,"10,000.00",615.00,"3,075.00","6,925.00",69%
Marinduque,DR 025575,08-Feb-25,FEBULAS 40-40MG,10.00,"1,250.00","12,500.00",0.00,"12,500.00",210.00,"2,100.00","10,400.00",83%
Marinduque,DR 025576,08-Feb-25,DOLO-JAGA 500MG/50MG/100MG/100MCG,9.00,"2,000.00","18,000.00","5,400.00","12,600.00",615.00,"5,535.00","7,065.00",39%
Marinduque,DR 025576,08-Feb-25,JAGA 300MG/100MG/100MCG CAP,2.00,"1,540.00","3,080.00",924.00,"2,156.00",530.00,"1,060.00","1,096.00",36%
Quezon,DR 025577,08-Feb-25,HISTARIL 100MG/2MG,20.00,900.00,"18,000.00",0.00,"18,000.00",300.00,"6,000.00","12,000.00",67%
Quezon,DR 025577,08-Feb-25,ANEROCIN 300MG CAP,1.00,"3,100.00","3,100.00",0.00,"3,100.00",979.00,979.00,"2,121.00",68%
Marinduque,DR 025578,08-Feb-25,JAGA 300MG/100MG/100MCG CAP,3.00,"1,540.00","4,620.00","1,386.00","3,234.00",530.00,"1,590.00","1,644.00",36%
Quezon,DR 025579,08-Feb-25,DOLO-JAGA 500MG/50MG/100MG/100MCG,1.00,"2,000.00","2,000.00",600.00,"1,400.00",615.00,615.00,785.00,39%
Quezon,DR 025579,08-Feb-25,JAGA 300MG/100MG/100MCG CAP,1.00,"1,540.00","1,540.00",462.00,"1,078.00",530.00,530.00,548.00,36%
Government,DR MS 02855,15-Feb-25,RESPI-SAPH 250MCG/ML (500MCG/2ML) 2ML 30's,6.67,"1,515.00","10,100.00",0.00,"10,100.00",460.00,"3,066.67","7,033.33",70%
Government,DR MS 02855,15-Feb-25,EPICARE 1MG/ML IV,2.00,277.50,555.00,0.00,555.00,115.00,230.00,325.00,59%
Government,DR MS 02855,15-Feb-25,MICROSCOT 20MG 5G,200.00,107.75,"21,550.00",0.00,"21,550.00",26.00,"5,200.00","16,350.00",76%
Government,DR MS 02855,15-Feb-25,FLUCYSTEINE-600 600MG 6G,20.00,162.00,"3,240.00",0.00,"3,240.00",93.00,"1,860.00","1,380.00",43%
Government,DR MS 02855,15-Feb-25,HAIXONE WITH DILUENT 1G,500.00,50.70,"25,350.00",0.00,"25,350.00",26.00,"13,000.00","12,350.00",49%
Government,DR MS 02888,15-Feb-25,CARVESAPH 6.25MG,5.00,105.00,525.00,0.00,525.00,46.00,230.00,295.00,56%
Government,DR MS 02888,15-Feb-25,GOPAMINE 40MG/ML (200MG/5ML) 5ML,2.00,496.25,992.50,0.00,992.50,155.00,310.00,682.50,69%
Government,DR MS 02888,15-Feb-25,LAZICARE 10MG/ML (20MG/2ML) 2ML,30.00,100.00,"3,000.00",0.00,"3,000.00",55.00,"1,650.00","1,350.00",45%
Government,DR MS 02888,15-Feb-25,PLAZIMIDE 5MG/ML (10MG/2ML),30.00,175.00,"5,250.00",0.00,"5,250.00",60.00,"1,800.00","3,450.00",66%
Government,DR MS 02888,15-Feb-25,AMCETAM 150MG/ML 2ML,50.00,77.50,"3,875.00",0.00,"3,875.00",42.00,"2,100.00","1,775.00",46%
Government,DR MS 02888,15-Feb-25,DULXATIVE 10MG,2.00,562.50,"1,125.00",0.00,"1,125.00",363.00,726.00,399.00,35%
Government,DR MS 02888,15-Feb-25,SAPHIXIME-200 200MG,16.67,207.90,"3,465.00",0.00,"3,465.00",262.00,"4,366.66",-901.66,-26%
Government,DR MS 02888,15-Feb-25,CEFUROX 250MG/5ML 50ML,100.00,147.89,"14,789.00",0.00,"14,789.00",108.00,"10,800.00","3,989.00",27%
Government,DR MS 02888,15-Feb-25,CUROXIM 750MG WITH DILUENT,"1,000.00",49.30,"49,300.00",0.00,"49,300.00",27.00,"27,000.00","22,300.00",45%
Government,DR MS 02888,15-Feb-25,CLOXACIN 250MG/5ML,40.00,38.03,"1,521.20",0.00,"1,521.20",31.00,"1,240.00",281.20,18%
Government,DR MS 02888,15-Feb-25,DIPHENPORS 50MG/ML 1ML,3.00,295.80,887.40,0.00,887.40,140.00,420.00,467.40,53%
Government,DR MS 02888,15-Feb-25,LAZICARE 10MG/ML (20MG/2ML) 2ML,50.00,81.70,"4,085.00",0.00,"4,085.00",55.00,"2,750.00","1,335.00",33%
Government,DR MS 02888,15-Feb-25,HYDROCORTIBAS 100MG VIAL,100.00,352.10,"35,210.00",0.00,"35,210.00",256.00,"25,600.00","9,610.00",27%
Government,DR MS 02888,15-Feb-25,OMCARE 40MG WITH DILUENT,"1,000.00",47.89,"47,890.00",0.00,"47,890.00",33.00,"33,000.00","14,890.00",31%
Government,DR MS 02905,15-Feb-25,FENORIX 200MG,14.40,"1,500.00","21,600.00",0.00,"21,600.00",207.00,"2,980.80","18,619.20",86%
Government,DR MS 02905,15-Feb-25,HYOSUR 20MG/ML,9.00,340.00,"3,060.00",0.00,"3,060.00",177.00,"1,593.00","1,467.00",48%
Government,DR MS 02905,15-Feb-25,HYOSUR 20MG/ML,8.00,340.00,"2,720.00",0.00,"2,720.00",177.00,"1,416.00","1,304.00",48%
Government,DR MS 02905,15-Feb-25,HYOSUR 20MG/ML,8.00,340.00,"2,720.00",0.00,"2,720.00",177.00,"1,416.00","1,304.00",48%
Government,DR MS 02905,15-Feb-25,ABHAY-TOX 40IU/0.5ML VIAL,40.00,852.50,"34,100.00",0.00,"34,100.00",570.00,"22,800.00","11,300.00",33%
Government,DR MS 02905,15-Feb-25,CLINDAPHIL-600 150MG/ML (600MG/4ML) 4ML,40.00,"1,197.20","47,888.00",0.00,"47,888.00",685.00,"27,400.00","20,488.00",43%
Government,DR MS 02905,15-Feb-25,IV CANNULA WITH WINGS LUER LOCK G22 .8X25MM (CATHULA),8.00,"3,380.00","27,040.00",0.00,"27,040.00","2,200.00","17,600.00","9,440.00",35%
Government,DR MS 02905,15-Feb-25,IV CANNULA WITH INJECTION PORT LUER LOCK G24 0.7X19MM (CATHULA),8.00,"3,380.00","27,040.00",0.00,"27,040.00","2,400.00","19,200.00","7,840.00",29%
Government,DR MS 02905,15-Feb-25,BAAMCILLIN-250 250MG,50.00,245.10,"12,255.00",0.00,"12,255.00",105.00,"5,250.00","7,005.00",57%
Government,DR MS 02996,15-Feb-25,CETHERGO 200MCG/ML IV,0.40,"1,584.50",633.80,0.00,633.80,"1,222.00",488.80,145.00,23%
Government,DR MS 02996,15-Feb-25,ANTIZOAL 5MG/ML (500MG/100ML) 100ML,200.00,22.54,"4,508.00",0.00,"4,508.00",15.00,"3,000.00","1,508.00",33%
Government,DR MS 02996,15-Feb-25,INSUGET 30/70 (30IU/70IU/ML) 10ML,20.00,754.25,"15,085.00",0.00,"15,085.00",565.00,"11,300.00","3,785.00",25%
Batangas,DR 025613,08-Feb-25,ZILTEM 25MG,2.00,"5,600.00","11,200.00",0.00,"11,200.00","1,533.33","3,066.66","8,133.34",73%
Batangas,DR 025605,08-Feb-25,CARDIZAR 50MG TAB,4.00,420.00,"1,680.00",84.00,"1,596.00",120.00,480.00,"1,116.00",66%
Batangas,DR 025605,08-Feb-25,CENDALEX 100MG/ML,20.00,130.00,"2,600.00",130.00,"2,470.00",35.70,714.00,"1,756.00",68%
Batangas,DR 025606,08-Feb-25,ENHAMOX 500MG/125MG,3.00,"3,600.00","10,800.00",540.00,"10,260.00","1,115.00","3,345.00","6,915.00",64%
Batangas,DR 025607,08-Feb-25,DOLO-JAGA 500MG/50MG/100MG/100MCG,5.00,"1,800.00","9,000.00",0.00,"9,000.00",615.00,"3,075.00","5,925.00",66%
Batangas,DR 025607,08-Feb-25,CENDALEX 500MG,2.00,990.00,"1,980.00",0.00,"1,980.00",287.50,575.00,"1,405.00",71%
Batangas,DR 025607,08-Feb-25,TERMAGEN 500MG TAB,2.00,300.00,600.00,0.00,600.00,105.00,210.00,390.00,65%
Batangas,DR 025608,08-Feb-25,TRIZEF 200MG TAB,2.00,"9,375.00","18,750.00",0.00,"18,750.00","1,600.00","3,200.00","15,550.00",83%
Batangas,DR 025609,08-Feb-25,ENHAMOX 500MG/125MG,3.00,"3,000.00","9,000.00",0.00,"9,000.00","1,115.00","3,345.00","5,655.00",63%
Batangas,DR 025609,08-Feb-25,EMLOR PLUS 5MG/50MG,8.00,590.00,"4,720.00",0.00,"4,720.00",216.00,"1,728.00","2,992.00",63%
Batangas,DR 025610,08-Feb-25,CIXTOR-Z MAX 500MG/10MG/1000IU,4.00,"1,600.00","6,400.00",0.00,"6,400.00",445.00,"1,780.00","4,620.00",72%
Batangas,DR 025610,08-Feb-25,ROSVA 20-20MG,5.00,"1,090.00","5,450.00",0.00,"5,450.00",273.00,"1,365.00","4,085.00",75%
Batangas,DR 025611,08-Feb-25,AFENAX 100MG TAB,5.00,"1,980.00","9,900.00",0.00,"9,900.00",595.00,"2,975.00","6,925.00",70%
Batangas,DR 025612,08-Feb-25,DOLOGESIC 325MG/37.5MG TAB,8.00,"1,080.00","8,640.00",0.00,"8,640.00",270.00,"2,160.00","6,480.00",75%
Batangas,DR 025604,08-Feb-25,ENHAMOX 250MG/62.5MG/5ML 60ML,20.00,400.00,"8,000.00",400.00,"7,600.00",136.00,"2,720.00","4,880.00",61%
Batangas,DR 025604,08-Feb-25,HISTARIL 100MG/2MG,2.00,960.00,"1,920.00",96.00,"1,824.00",300.00,600.00,"1,224.00",64%
Batangas,DR 025604,08-Feb-25,EMLOR PLUS 5MG/50MG,5.00,590.00,"2,950.00",147.50,"2,802.50",216.00,"1,080.00","1,722.50",58%
Batangas,DR 025604,08-Feb-25,ZELEX 200MG CAP,2.00,"2,800.00","5,600.00",280.00,"5,320.00",925.00,"1,850.00","3,470.00",62%
Admin,DR 025279,12-Feb-25,CIUMADE,7.00,678.57,"4,749.99",0.00,"4,749.99",450.00,"3,150.00","1,599.99",34%
Admin,DR 025279,12-Feb-25,SANOMAX - FA,7.00,857.14,"5,999.98",0.00,"5,999.98",560.00,"3,920.00","2,079.98",35%
Admin,DR 025279,12-Feb-25,CIXTOR-Z 500mg,7.00,630.00,"4,410.00",0.00,"4,410.00",210.00,"1,470.00","2,940.00",67%
Admin,DR 025279,12-Feb-25,FERGLOBIN 250MG CAP,7.00,517.86,"3,625.02",0.00,"3,625.02",325.00,"2,275.00","1,350.02",37%
Admin,DR 025279,12-Feb-25,FOLACID 5MG CAP,7.00,464.29,"3,250.03",0.00,"3,250.03",236.25,"1,653.75","1,596.28",49%
Admin,DR 025279,12-Feb-25,SOLVAPRINE 10MG TAB,14.00,671.43,"9,400.02",0.00,"9,400.02",150.00,"2,100.00","7,300.02",78%
Admin,DR 025279,12-Feb-25,TRANEXSAPH 500MG,3.00,"1,500.00","4,500.00",0.00,"4,500.00",365.00,"1,095.00","3,405.00",76%
Admin,DR 025279,12-Feb-25,MUCOLIFAR 500MG,3.00,"3,500.00","10,500.00",0.00,"10,500.00","1,100.00","3,300.00","7,200.00",69%
Batangas,DR 025614,15-Feb-25,CENDALEX 500MG,6.00,"1,100.00","6,600.00",330.00,"6,270.00",287.50,"1,725.00","4,545.00",69%
Batangas,DR 025614,15-Feb-25,JAGA 300MG/100MG/100MCG CAP,2.00,"1,590.00","3,180.00",159.00,"3,021.00",530.00,"1,060.00","1,961.00",62%
Batangas,DR 025614,15-Feb-25,ENHAMOX 250MG/62.5MG/5ML 60ML,20.00,400.00,"8,000.00",400.00,"7,600.00",136.00,"2,720.00","4,880.00",61%
Batangas,DR 025614,15-Feb-25,EMLOR PLUS 5MG/50MG,5.00,590.00,"2,950.00",147.50,"2,802.50",216.00,"1,080.00","1,722.50",58%
Batangas,DR 025615,15-Feb-25,ROSVA 10-10MG,5.00,735.00,"3,675.00",0.00,"3,675.00",250.00,"1,250.00","2,425.00",66%
Batangas,DR 025615,15-Feb-25,ROSVA 20-20MG,5.00,"1,090.00","5,450.00",0.00,"5,450.00",273.00,"1,365.00","4,085.00",75%
Batangas,DR 025615,15-Feb-25,ANIN 50 PLUS 50MG/12.5MG,5.00,525.00,"2,625.00",0.00,"2,625.00",105.00,525.00,"2,100.00",80%
Batangas,DR 025616,15-Feb-25,ENHAMOX 500MG/125MG,3.00,"3,000.00","9,000.00",0.00,"9,000.00","1,115.00","3,345.00","5,655.00",63%
Batangas,DR 025616,15-Feb-25,VOXOLL 30MG,5.00,715.00,"3,575.00",0.00,"3,575.00",168.00,840.00,"2,735.00",77%
Batangas,DR 025616,15-Feb-25,CIUMADE TAB,3.00,990.00,"2,970.00",0.00,"2,970.00",450.00,"1,350.00","1,620.00",55%
Batangas,DR 025617,15-Feb-25,EMZART-80 80MG,5.00,948.00,"4,740.00",0.00,"4,740.00",264.00,"1,320.00","3,420.00",72%
Batangas,DR 025617,15-Feb-25,EMZART-40 40MG,5.00,548.00,"2,740.00",0.00,"2,740.00",156.00,780.00,"1,960.00",72%
Batangas,DR 025617,15-Feb-25,AFENAX 100MG TAB,5.00,"1,980.00","9,900.00",0.00,"9,900.00",595.00,"2,975.00","6,925.00",70%
Batangas,DR 025618,15-Feb-25,EMLOR PLUS 5MG/50MG,10.00,590.00,"5,900.00",0.00,"5,900.00",216.00,"2,160.00","3,740.00",63%
Batangas,DR 025618,15-Feb-25,TRIDEN 160MG TAB,5.00,"2,560.00","12,800.00",0.00,"12,800.00",720.00,"3,600.00","9,200.00",72%
Batangas,DR 025619,15-Feb-25,HYCLENS GARGLE 0.12% 120ML,12.00,193.00,"2,316.00",0.00,"2,316.00",88.00,"1,056.00","1,260.00",54%
Batangas,DR 025619,15-Feb-25,HYCLENS WOUND SPRAY 2% 60ML,10.00,286.00,"2,860.00",0.00,"2,860.00",114.66,"1,146.60","1,713.40",60%
Admin,DR 025277,15-Feb-25,AMLODIPINE BESILATE 10MG TABLET 100'S REGIVASC,1.00,125.00,125.00,0.00,125.00,32.00,32.00,93.00,74%
Admin,DR 025277,15-Feb-25,CIXTOR-Z 500MG/10MG,1.00,515.00,515.00,0.00,515.00,210.00,210.00,305.00,59%
Admin,DR 025278,15-Feb-25,DISPOSABLE DIAPER ADULT MEDIUM (HEXACARE),1.00,206.40,206.40,0.00,206.40,172.00,172.00,34.40,17%
Admin,DR 025278,15-Feb-25,COTTON BALLS 1000S (TENDERSOFT),1.00,216.00,216.00,0.00,216.00,180.00,180.00,36.00,17%
Hospital,DR MS 02962,08-Feb-25,GYNE-TOCIN 10IU/ML IV,7.00,375.00,"2,625.00",0.00,"2,625.00",81.00,567.00,"2,058.00",78%
Hospital,DR MS 02962,08-Feb-25,GYNE-TOCIN 10IU/ML IV,10.00,375.00,"3,750.00",0.00,"3,750.00",81.00,810.00,"2,940.00",78%
Government,DR MS 02916,22-Feb-25,ENERFLOW 325MG/100MG,600.00,150.00,"90,000.00",0.00,"90,000.00",160.00,"96,000.00","-6,000.00",-7%
Government,DR MS 02916,22-Feb-25,OSCIVIT 1250MG/250IU,39.00,275.00,"10,725.00",0.00,"10,725.00",190.00,"7,410.00","3,315.00",31%
Government,DR MS 02916,22-Feb-25,AMBICAL-PLUS 500MG/200IU,561.00,275.00,"154,275.00",0.00,"154,275.00",149.50,"83,869.50","70,405.50",46%
Government,DR MS 02916,22-Feb-25,RAMAVIT 100MG/5MG/50MCG,400.00,94.00,"37,600.00",0.00,"37,600.00",80.00,"32,000.00","5,600.00",15%
Government,DR MS 02916,22-Feb-25,EPPITREXIL 500MG,94.00,244.00,"22,936.00",0.00,"22,936.00",140.00,"13,160.00","9,776.00",43%
Government,DR MS 02916,22-Feb-25,ENOCEE 500MG TAB,150.00,80.00,"12,000.00",0.00,"12,000.00",50.00,"7,500.00","4,500.00",38%
Government,DR MS 02916,22-Feb-25,SII-TO-VAC 0.5ML,150.00,875.00,"131,250.00",0.00,"131,250.00",550.00,"82,500.00","48,750.00",37%
Quezon,DR 025582,15-Feb-25,CIUMADE TAB,2.00,"1,450.00","2,900.00",870.00,"2,030.00",450.00,900.00,"1,130.00",39%
Quezon,DR 025582,15-Feb-25,FERGLOBIN 250MG CAP,2.00,800.00,"1,600.00",480.00,"1,120.00",325.00,650.00,470.00,29%
Quezon,DR 025582,15-Feb-25,SOLVAPRINE 10MG TAB,2.00,"1,000.00","2,000.00",600.00,"1,400.00",150.00,300.00,"1,100.00",55%
Quezon,DR 025582,15-Feb-25,ANEROCIN 300MG CAP,1.00,"3,100.00","3,100.00",930.00,"2,170.00",979.00,979.00,"1,191.00",38%
Quezon,DR 025582,15-Feb-25,DOLO-JAGA 500MG/50MG/100MG/100MCG,1.00,"2,000.00","2,000.00",600.00,"1,400.00",615.00,615.00,785.00,39%
Quezon,DR 025581,15-Feb-25,VOXOLL 15MG/5ML,24.00,80.00,"1,920.00",576.00,"1,344.00",33.00,792.00,552.00,29%
Quezon,DR 025581,15-Feb-25,VOXOLL 30MG,2.00,800.00,"1,600.00",480.00,"1,120.00",168.00,336.00,784.00,49%
Quezon,DR 025580,15-Feb-25,HYCLENS OB WASH 1% 100ML,20.00,326.00,"6,520.00",652.00,"5,868.00",138.60,"2,772.00","3,096.00",47%
Quezon,DR 025583,15/02/2025,KZIDINE 35MG, 10.00 ," 1,350.00 "," 13,500.00 "," 4,725.00 ","8,775.00", 600.00 ," 6,000.00 ","2,775.00",21%
Hospital,DR MS 03070,15/02/2025,VITACORE 100MG/100MG/1MG 3ML, 2.00 , 675.00 ," 1,350.00 ", -   ,"1,350.00", 110.00 , 220.00 ,"1,130.00",84%
Hospital,DR MS 03002,15/02/2025,METACORT 4MG/ML (8MG/2ML) 2ML, 5.00 ," 1,690.00 "," 8,450.00 ", -   ,"8,450.00", 500.00 ," 2,500.00 ","5,950.00",70%
Hospital,DR MS 03065,15/02/2025,AMINOSOL 25MG/ML (250MG/10ML) 10ML, 5.00 , 570.00 ," 2,850.00 ", -   ,"2,850.00", 85.00 , 425.00 ,"2,425.00",85%
Hospital,DR MS 03066,15/02/2025,RAXIDINE 25MG/ML 2ML, 10.00 , 555.00 ," 5,550.00 ", -   ,"5,550.00", 100.00 ," 1,000.00 ","4,550.00",82%
Hospital,DR MS 03064,15/02/2025,HYCLENS WOUND SPRAY 2% 60ML, 50.00 , 249.49 ," 12,474.50 ", -   ,"12,474.50", 114.66 ," 5,733.00 ","6,741.50",54%
Hospital,DR MS 03058,08/02/2025,TAZACIN 4G/500MG IV, 200.00 , 495.00 ," 99,000.00 ", -   ,"99,000.00", 148.00 ," 29,600.00 ","69,400.00",70%
Hospital,DR MS 03058,08/02/2025,OPREX 40MG IV, 10.00 , 960.00 ," 9,600.00 ", -   ,"9,600.00", 180.00 ," 1,800.00 ","7,800.00",81%
Hospital,DR MS 03058,08/02/2025,RELAXSAPH 500MCG+2.5MG/2.5ML, 18.00 ," 1,154.00 "," 20,772.00 ", -   ,"20,772.00", 265.00 ," 4,770.00 ","16,002.00",77%
Hospital,DR MS 03058,08/02/2025,HIVENT PLUS 500MCG+2.5MG/2.5ML, 10.00 ," 1,154.00 "," 11,540.00 ", -   ,"11,540.00", 381.00 ," 3,810.00 ","7,730.00",67%
Hospital,DR MS 03062,15/02/2025,ANTIZOAL 5MG/ML (500MG/100ML) 100ML, 30.00 , 90.00 ," 2,700.00 ", -   ,"2,700.00", 15.00 , 450.00 ,"2,250.00",83%
Hospital,DR MS 03062,15/02/2025,AFENAX 100MG TAB, 1.00 ," 1,935.00 "," 1,935.00 ", -   ,"1,935.00", 595.00 , 595.00 ,"1,340.00",69%
Hospital,DR MS 03062,15/02/2025,EROXIME 750MG IV, 3.00 ," 3,000.00 "," 9,000.00 ", -   ,"9,000.00", 175.00 , 525.00 ,"8,475.00",94%
Hospital,DR MS 03062,15/02/2025,DIFLOSID 25MG/ML 3ML, 1.00 , 750.00 , 750.00 , -   ,750.00, 126.00 , 126.00 ,624.00,83%
Hospital,DR MS 03062,15/02/2025,DIFLOSID 25MG/ML 3ML, 4.00 , 750.00 ," 3,000.00 ", -   ,"3,000.00", 126.00 , 504.00 ,"2,496.00",83%
Hospital,DR MS 03062,15/02/2025,MERGOT 125MCG, 1.00 ," 2,000.00 "," 2,000.00 ", -   ,"2,000.00", 680.00 , 680.00 ,"1,320.00",66%
Hospital,DR MS 03062,15/02/2025,EVAPROST 250MCG/ML IV, 3.00 ," 9,600.00 "," 28,800.00 ", -   ,"28,800.00"," 3,575.00 "," 10,725.00 ","18,075.00",63%
Hospital,DR MS 03062,15/02/2025,LACTAMOX 500MG/125MG, 3.00 ," 2,800.20 "," 8,400.60 ", -   ,"8,400.60"," 1,115.00 "," 3,345.00 ","5,055.60",60%
Hospital,DR MS 03062,15/02/2025,ENHAMOX 500MG/125MG, 5.00 ," 2,800.20 "," 14,001.00 ", -   ,"14,001.00"," 1,115.00 "," 5,575.00 ","8,426.00",60%
Hospital,DR MS 03062,15/02/2025,DOLO-JAGA 500MG/50MG/100MG/100MCG, 5.00 ," 1,550.00 "," 7,750.00 ", -   ,"7,750.00", 615.00 ," 3,075.00 ","4,675.00",60%
Hospital,DR MS 03062,15-Feb-25,EPIX 1MG/ML IV,10.00,"1,200.00","12,000.00",0.00,"12,000.00",120.00,"1,200.00","10,800.00",90%
Hospital,DR MS 03062,15-Feb-25,ATREX 1MG/ML IV,2.00,900.00,"1,800.00",0.00,"1,800.00",210.00,420.00,"1,380.00",77%
Hospital,DR MS 03062,15-Feb-25,SUCROSAPH 20MG/ML (100MG/5ML) 5ML,4.00,"2,490.00","9,960.00",0.00,"9,960.00",318.00,"1,272.00","8,688.00",87%
Admin,DR 025280,18-Feb-25,CIUMADE,7.00,678.57,"4,749.99",0.00,"4,749.99",450.00,"3,150.00","1,599.99",34%
Admin,DR 025280,18-Feb-25,SANOMAX - FA,7.00,857.14,"5,999.98",0.00,"5,999.98",560.00,"3,920.00","2,079.98",35%
Admin,DR 025280,18-Feb-25,MERGOT 125MCG,7.00,"2,000.00","14,000.00",0.00,"14,000.00",680.00,"4,760.00","9,240.00",66%
Admin,DR 025280,18-Feb-25,ZELEX 200MG CAP,7.00,"2,800.00","19,600.00",0.00,"19,600.00",925.00,"6,475.00","13,125.00",67%
Admin,DR 025280,18-Feb-25,DUOGESIC 325MG/37.5MG TAB,7.00,"1,414.29","9,900.03",0.00,"9,900.03",100.00,700.00,"9,200.03",93%
Admin,DR 025280,18-Feb-25,SOLVAPRINE 10MG TAB,7.00,671.43,"4,700.01",0.00,"4,700.01",150.00,"1,050.00","3,650.01",78%
Admin,DR 025280,18-Feb-25,APCELAC 500MG HERBAL FOOD SUPPLEMENT,7.00,655.00,"4,585.00",0.00,"4,585.00",400.00,"2,800.00","1,785.00",39%
Admin,DR 025280,18-Feb-25,HYCLENS OB WASH ANTISEPTIC,10.00,152.50,"1,525.00",0.00,"1,525.00",138.60,"1,386.00",139.00,9%
Admin,DR 025280,18-Feb-25,GLOVES MEDIUM NITRILE NONSTERILE (SURGITECH),2.00,450.00,900.00,0.00,900.00,200.00,400.00,500.00,56%
Hospital,DR MS 03067,15-Feb-25,AMADOL 150MG/ML 2ML,20.00,363.75,"7,275.00",0.00,"7,275.00",65.00,"1,300.00","5,975.00",82%
Hospital,DR MS 03072,15-Feb-25,EVAPROST 250MCG/ML IV,2.00,"6,800.00","13,600.00",0.00,"13,600.00","3,575.00","7,150.00","6,450.00",47%
Hospital,DR MS 03072,15-Feb-25,ENDOPROST 125MCG/ML,2.00,"3,290.00","6,580.00",0.00,"6,580.00",940.00,"1,880.00","4,700.00",71%
Hospital,DR MS 03072,15-Feb-25,CEFTRINOVA 1G,100.00,188.00,"18,800.00",0.00,"18,800.00",17.00,"1,700.00","17,100.00",91%
Batangas,DR 025620,22-Feb-25,EMLOR PLUS 5MG/50MG,5.00,590.00,"2,950.00",147.50,"2,802.50",216.00,"1,080.00","1,722.50",58%
Batangas,DR 025620,22-Feb-25,ZELEX 200MG CAP,2.00,"2,800.00","5,600.00",280.00,"5,320.00",925.00,"1,850.00","3,470.00",62%
Batangas,DR 025620,22-Feb-25,CENDALEX 500MG,6.00,"1,100.00","6,600.00",330.00,"6,270.00",287.50,"1,725.00","4,545.00",69%
Batangas,DR 025621,22-Feb-25,CENDALEX 500MG,3.00,"1,100.00","3,300.00",0.00,"3,300.00",287.50,862.50,"2,437.50",74%
Batangas,DR 025622,22-Feb-25,JAGA 300MG/100MG/100MCG CAP,1.00,"1,590.00","1,590.00",0.00,"1,590.00",530.00,530.00,"1,060.00",67%
Batangas,DR 025623,21-Feb-25,VOXOLL 30MG,1.00,800.00,800.00,0.00,800.00,168.00,168.00,632.00,79%
Batangas,DR 025624,21-Feb-25,EMLOR PLUS 5MG/50MG,3.00,590.00,"1,770.00",0.00,"1,770.00",216.00,648.00,"1,122.00",63%
Batangas,DR 025625,21-Feb-25,DOLO-JAGA 500MG/50MG/100MG/100MCG,5.00,"1,800.00","9,000.00",0.00,"9,000.00",615.00,"3,075.00","5,925.00",66%
Batangas,DR 025625,21-Feb-25,CIUMADE TAB,3.00,990.00,"2,970.00",0.00,"2,970.00",450.00,"1,350.00","1,620.00",55%
Batangas,DR 025626,21-Feb-25,EMZART-40 40MG,10.00,548.00,"5,480.00",0.00,"5,480.00",156.00,"1,560.00","3,920.00",72%
Batangas,DR 025626,21-Feb-25,EMLOR PLUS 5MG/50MG,5.00,590.00,"2,950.00",0.00,"2,950.00",216.00,"1,080.00","1,870.00",63%
Batangas,DR 025626,21-Feb-25,ROSVA 10-10MG,5.00,735.00,"3,675.00",0.00,"3,675.00",250.00,"1,250.00","2,425.00",66%
Batangas,DR 025627,21-Feb-25,MUCOLIFAR 500MG TAB,5.00,"3,850.00","19,250.00",0.00,"19,250.00","1,100.00","5,500.00","13,750.00",71%
Admin,DR 025281,21-Feb-25,ENCLOXIL 500MG CAP,7.00,"1,392.86","9,750.02",0.00,"9,750.02",780.00,"5,460.00","4,290.02",44%
Admin,DR 025281,21-Feb-25,APCELAC 500MG,7.00,655.00,"4,585.00",0.00,"4,585.00",400.00,"2,800.00","1,785.00",39%
Admin,DR 025281,21-Feb-25,FERGLOBIN 250MG CAP,7.00,517.86,"3,625.02",0.00,"3,625.02",325.00,"2,275.00","1,350.02",37%
Admin,DR 025281,21-Feb-25,ENHAMOX 500MG/125MG,7.00,"2,800.00","19,600.00",0.00,"19,600.00","1,115.00","7,805.00","11,795.00",60%
Admin,DR 025281,21-Feb-25,DIACYSTEINE 600- 600MG,7.00,385.00,"2,695.00",0.00,"2,695.00",115.00,805.00,"1,890.00",70%
Admin,DR 025281,21-Feb-25,AFENAX 100MG TAB,7.00,"1,900.00","13,300.00",0.00,"13,300.00",595.00,"4,165.00","9,135.00",69%
Admin,DR 025281,21-Feb-25,CIXTOR-Z 500MG/10MG,7.00,630.00,"4,410.00",0.00,"4,410.00",210.00,"1,470.00","2,940.00",67%
Quezon,DR 025589,22-Feb-25,KZIDINE 35MG,10.00,"1,350.00","13,500.00","4,725.00","8,775.00",600.00,"6,000.00","2,775.00",21%
Quezon,DR 025587,22-Feb-25,AMINOSOL 25MG/ML (250MG/10ML) 10ML,3.00,665.00,"1,995.00",0.00,"1,995.00",85.00,255.00,"1,740.00",87%
Quezon,DR 025587,22-Feb-25,GOPAMINE 40MG/ML (200MG/5ML) 5ML,40.00,630.00,"25,200.00",0.00,"25,200.00",155.00,"6,200.00","19,000.00",75%
Quezon,DR 025587,22-Feb-25,EPIX 1MG/ML IV,20.00,780.00,"15,600.00",0.00,"15,600.00",120.00,"2,400.00","13,200.00",85%
Quezon,DR 025587,22-Feb-25,PHYTOBAS 10MG/ML IV,30.00,830.00,"24,900.00",0.00,"24,900.00",140.00,"4,200.00","20,700.00",83%
Quezon,DR 025587,22-Feb-25,CETHERGO 200MCG/ML IV,1.00,"4,375.00","4,375.00",0.00,"4,375.00","1,222.00","1,222.00","3,153.00",72%
Quezon,DR 025584,22-Feb-25,ENHAMOX 500MG/125MG,2.00,"3,800.00","7,600.00","2,280.00","5,320.00","1,115.00","2,230.00","3,090.00",41%
Quezon,DR 025585,22-Feb-25,AMOLTEX 2MG/5ML,30.00,98.00,"2,940.00",0.00,"2,940.00",28.00,840.00,"2,100.00",71%
Quezon,DR 025586,22-Feb-25,CENDALEX 100MG/ML,24.00,125.00,"3,000.00",0.00,"3,000.00",35.70,856.80,"2,143.20",71%
Quezon,DR 025586,22-Feb-25,BUFEN 200MG/5ML,24.00,120.00,"2,880.00",0.00,"2,880.00",47.50,"1,140.00","1,740.00",60%
Quezon,DR 025586,22-Feb-25,HYCLENS GARGLE 0.12% 120ML,12.00,208.00,"2,496.00",0.00,"2,496.00",88.00,"1,056.00","1,440.00",58%
Quezon,DR 025586,22-Feb-25,HYCLENS WOUND SPRAY 2% 60ML,12.00,280.00,"3,360.00",0.00,"3,360.00",114.66,"1,375.92","1,984.08",59%
Quezon,DR 025588,22-Feb-25,SANOMAX-FA,5.00,"1,400.00","7,000.00","2,100.00","4,900.00",560.00,"2,800.00","2,100.00",30%
Hospital,DR MS 03005,22-Feb-25,BUPIRIGHT 5MG/ML 0.5% IN 8% 4ML,25.00,620.00,"15,500.00",0.00,"15,500.00",165.18,"4,129.50","11,370.50",73%
Hospital,DR MS 03005,22-Feb-25,BUPIRIGHT 5MG/ML 0.5% IN 8% 4ML,15.00,620.00,"9,300.00",0.00,"9,300.00",165.18,"2,477.70","6,822.30",73%
Hospital,DR MS 03005,22-Feb-25,DIFLOSID 25MG/ML 3ML,15.00,750.00,"11,250.00",0.00,"11,250.00",126.00,"1,890.00","9,360.00",83%
Hospital,DR MS 03005,22-Feb-25,ENDOPROST 125MCG/ML,2.00,"1,980.00","3,960.00",0.00,"3,960.00",940.00,"1,880.00","2,080.00",53%
Hospital,DR MS 03005,22-Feb-25,SITIXON 1G 10ML,60.00,120.00,"7,200.00",0.00,"7,200.00",32.00,"1,920.00","5,280.00",73%
Hospital,DR MS 03005,22-Feb-25,ENHAMOX 500MG/125MG,5.00,"2,800.20","14,001.00",0.00,"14,001.00","1,115.00","5,575.00","8,426.00",60%
Hospital,DR MS 03005,22-Feb-25,SUCROSAPH 20MG/ML (100MG/5ML) 5ML,8.00,"2,490.00","19,920.00",0.00,"19,920.00",318.00,"2,544.00","17,376.00",87%
Hospital,DR MS 03005,22-Feb-25,DOLO-JAGA 500MG/50MG/100MG/100MCG,2.00,"1,550.00","3,100.00",0.00,"3,100.00",615.00,"1,230.00","1,870.00",60%
Hospital,DR MS 03005,22-Feb-25,AMBIDOL 50MG/ML (100MG/2ML) 2ML,5.00,"1,200.00","6,000.00",0.00,"6,000.00",62.00,310.00,"5,690.00",95%
Hospital,DR MS 03005,22-Feb-25,EPIX 1MG/ML IV,5.00,"1,200.00","6,000.00",0.00,"6,000.00",120.00,600.00,"5,400.00",90%
Hospital,DR MS 03005,22-Feb-25,ATREX 1MG/ML IV,2.00,900.00,"1,800.00",0.00,"1,800.00",210.00,420.00,"1,380.00",77%
Government,DR MS 03016,28-Feb-25,DISPOSABLE SYRINGE/TUBERCULIN 1CC (CAREPLUS),50.00,320.00,"16,000.00",0.00,"16,000.00",220.00,"11,000.00","5,000.00",31%
Government,DR MS 03016,28-Feb-25,GLOVES SMALL LATEX NONSTERILE (SCHULLERMED),30.00,245.00,"7,350.00",0.00,"7,350.00",220.00,"6,600.00",750.00,10%
Government,DR MS 03016,28-Feb-25,GLOVES MEDIUM LATEX NONSTERILE (SCHULLERMED),10.00,245.00,"2,450.00",0.00,"2,450.00",220.00,"2,200.00",250.00,10%
Government,DR MS 03016,28-Feb-25,GLOVES LARGE LATEX NONSTERILE (SCHULLERMED),30.00,245.00,"7,350.00",0.00,"7,350.00",220.00,"6,600.00",750.00,10%
Government,DR MS 03016,28-Feb-25,ISOPROPHYL ALCOHOL 70% 500ML (SAFEWELL),100.00,145.00,"14,500.00",0.00,"14,500.00",50.00,"5,000.00","9,500.00",66%
Government,DR MS 02853,28-Feb-25,MERAZOL-40 40MG,80.00,366.20,"29,296.00",0.00,"29,296.00",200.00,"16,000.00","13,296.00",45%
Government,DR MS 02894,28-Feb-25,UNDERPADS ANTIBACTERIAL X-LARGE (HEXACARE),120.00,211.30,"25,356.00",0.00,"25,356.00",105.03,"12,604.13","12,751.87",50%
Government,DR MS 02894,28-Feb-25,NOVAC PLUS 1G/500MG,200.00,63.38,"12,676.00",0.00,"12,676.00",45.00,"9,000.00","3,676.00",29%
Government,DR MS 02894,28-Feb-25,CUROXIM 750MG WITH DILUENT,"2,400.00",49.30,"118,320.00",0.00,"118,320.00",27.00,"64,800.00","53,520.00",45%
Government,DR MS 02894,28-Feb-25,LAZICARE 10MG/ML (20MG/2ML) 2ML,50.00,81.70,"4,085.00",0.00,"4,085.00",55.00,"2,750.00","1,335.00",33%
Government,DR MS 02894,28-Feb-25,HYDROCORTIBAS 100MG VIAL,50.00,352.10,"17,605.00",0.00,"17,605.00",256.00,"12,800.00","4,805.00",27%
Government,DR MS 02894,28-Feb-25,PLAZIMIDE 5MG/ML (10MG/2ML),20.00,81.70,"1,634.00",0.00,"1,634.00",60.00,"1,200.00",434.00,27%
Government,DR MS 02912,28-Feb-25,BAAMCILLIN-250 250MG,100.00,245.10,"24,510.00",0.00,"24,510.00",105.00,"10,500.00","14,010.00",57%
Government,DR MS 02946,28-Feb-25,VOLUMETRIC SOLUTION INFUSION SET 150ML (POLYMED),300.00,211.27,"63,381.00",0.00,"63,381.00",80.00,"24,000.00","39,381.00",62%
Government,DR MS 02946,28-Feb-25,VOLUMETRIC SOLUTION INFUSION SET 150ML (POLYMED),200.00,211.27,"42,254.00",0.00,"42,254.00",80.00,"16,000.00","26,254.00",62%
Government,DR MS 03013,28-Feb-25,EUROMED MAGNESIUM SULFATE 250MG/ML (25%) 20ML,200.00,65.00,"13,000.00",0.00,"13,000.00",57.75,"11,550.00","1,450.00",11%
Batangas,DR 025631,28-Feb-25,JAGA 300MG/100MG/100MCG CAP,5.00,"1,590.00","7,950.00",0.00,"7,950.00",530.00,"2,650.00","5,300.00",67%
Batangas,DR 025631,28-Feb-25,DOLOGESIC 325MG/37.5MG TAB,3.00,"1,080.00","3,240.00",0.00,"3,240.00",270.00,810.00,"2,430.00",75%
Batangas,DR 025631,28-Feb-25,VOXOLL 30MG,12.00,72.00,864.00,0.00,864.00,168.00,"2,016.00","-1,152.00",-133%
Batangas,DR 025629,28-Feb-25,EMZART-80 80MG,20.00,948.00,"18,960.00",0.00,"18,960.00",264.00,"5,280.00","13,680.00",72%
Batangas,DR 025630,28-Feb-25,EMZART-40 40MG,10.00,548.00,"5,480.00",0.00,"5,480.00",156.00,"1,560.00","3,920.00",72%
Batangas,DR 025630,28-Feb-25,TRIDEN 160MG TAB,3.00,"2,560.00","7,680.00",0.00,"7,680.00",720.00,"2,160.00","5,520.00",72%
Batangas,DR 025628,28-Feb-25,ENHAMOX 500MG/125MG,3.00,"3,600.00","10,800.00",540.00,"10,260.00","1,115.00","3,345.00","6,915.00",64%
Batangas,DR 025628,28-Feb-25,ENHAMOX 250MG/62.5MG/5ML 60ML,22.00,400.00,"8,800.00",440.00,"8,360.00",136.00,"2,992.00","5,368.00",61%
Batangas,DR 025628,28-Feb-25,EMLOR PLUS 5MG/50MG,2.00,590.00,"1,180.00",59.00,"1,121.00",216.00,432.00,689.00,58%
Government,DR MS 03011,28-Feb-25,DISPOSABLE DIAPER ADULT LARGE (PRIME CARE),2.00,273.32,546.64,0.00,546.64,238.90,477.80,68.84,13%
Government,DR MS 03055,28-Feb-25,DISPOSABLE INFUSION SET ADULT 20MACRODROPS/ML (SURGITECH),650.00,28.17,"18,310.50",0.00,"18,310.50",14.00,"9,100.00","9,210.50",50%
Government,DR MS 03055,28-Feb-25,DISPOSABLE SYRINGE 10CC G21X1 1/4 (INDOPLAS),15.00,"1,197.00","17,955.00",0.00,"17,955.00",323.00,"4,845.00","13,110.00",73%
Government,DR MS 02986,28-Feb-25,EPIBBAS 1MG/ML IV,11.00,277.50,"3,052.50",0.00,"3,052.50",145.00,"1,595.00","1,457.50",48%
Government,DR MS 02986,28-Feb-25,CORPILYN 250MG,"1,000.00",24.51,"24,510.00",0.00,"24,510.00",11.80,"11,800.00","12,710.00",52%
Government,DR MS 02986,28-Feb-25,BUPIRIGHT 5MG/ML 0.5% IN 8% 4ML,20.00,286.75,"5,735.00",0.00,"5,735.00",165.18,"3,303.60","2,431.40",42%
Government,DR MS 02986,28-Feb-25,INSULIN SYRINGE WITH NEEDLE 1/2CC 29GX1/2 (TERUMO),15.00,"1,197.00","17,955.00",0.00,"17,955.00",750.00,"11,250.00","6,705.00",37%
Government,DR MS 02947,28-Feb-25,ABHAY-TOX 40IU/0.5ML VIAL,80.00,852.50,"68,200.00",0.00,"68,200.00",570.00,"45,600.00","22,600.00",33%
Government,DR MS 02947,28-Feb-25,CHROMIC 2/0 CURVED CUTTING BROWN (TUDOR),10.00,422.52,"4,225.20",0.00,"4,225.20",336.00,"3,360.00",865.20,20%
Government,DR MS 02947,28-Feb-25,IV WRIST SPLINT ADULT LARGE (INDOPLAS),"1,000.00",91.55,"91,550.00",0.00,"91,550.00",60.00,"60,000.00","31,550.00",34%
Government,DR MS 02947,28-Feb-25,IV WRIST SPLINT PEDIA MEDIUM (INDOPLAS),800.00,91.55,"73,240.00",0.00,"73,240.00",50.00,"40,000.00","33,240.00",45%
Government,DR MS 02947,28-Feb-25,DEXTROSE PLAIN LACTATED RINGERS PLR 1000ML (EUROMED),240.00,92.96,"22,310.40",0.00,"22,310.40",70.00,"16,800.00","5,510.40",25%
Government,DR MS 02947,28-Feb-25,AZCORE 500MG TAB,33.33,847.50,"28,250.00",0.00,"28,250.00",285.00,"9,500.00","18,750.00",66%
Government,DR MS 02947,28-Feb-25,DISPOSABLE DIAPER ADULT LARGE (HEXACARE),9.00,273.20,"2,458.80",0.00,"2,458.80",194.00,"1,746.00",712.80,29%
Government,DR MS 02947,28-Feb-25,DISPOSABLE DIAPER ADULT LARGE (SURE-GUARD),7.00,273.20,"1,912.40",0.00,"1,912.40",170.00,"1,190.00",722.40,38%
Government,DR MS 02947,28-Feb-25,DISPOSABLE DIAPER ADULT LARGE (EVERWELL),1.00,273.20,273.20,0.00,273.20,170.00,170.00,103.20,38%
Government,DR MS 02850,28-Feb-25,EPICARE 1MG/ML IV,9.00,277.50,"2,497.50",0.00,"2,497.50",115.00,"1,035.00","1,462.50",59%
Government,DR MS 02850,28-Feb-25,MICROSCOT 20MG 5G,500.00,107.75,"53,875.00",0.00,"53,875.00",26.00,"13,000.00","40,875.00",76%
Government,DR MS 02850,28-Feb-25,FLUCYSTEINE-600 600MG 6G,100.00,162.00,"16,200.00",0.00,"16,200.00",93.00,"9,300.00","6,900.00",43%
Government,DR MS 02850,28-Feb-25,FLUCYSTEINE 200MG 30's,33.33,388.80,"12,960.00",0.00,"12,960.00",210.00,"7,000.00","5,960.00",46%
Government,DR MS 02850,28-Feb-25,CORPILYN 500MG,800.00,21.13,"16,904.00",0.00,"16,904.00",13.50,"10,800.00","6,104.00",36%
Government,DR MS 02850,28-Feb-25,FREDTOR 10MG,5.00,650.00,"3,250.00",0.00,"3,250.00",95.00,475.00,"2,775.00",85%
Government,DR MS 02850,28-Feb-25,DM FUROSEMIDE 20MG,5.00,51.00,255.00,0.00,255.00,40.00,200.00,55.00,22%
Government,DR MS 02893,28-Feb-25,LAZICARE 10MG/ML (20MG/2ML) 2ML,30.00,81.70,"2,451.00",0.00,"2,451.00",55.00,"1,650.00",801.00,33%
Government,DR MS 02893,28-Feb-25,PLAZIMIDE 5MG/ML (10MG/2ML),30.00,81.70,"2,451.00",0.00,"2,451.00",60.00,"1,800.00",651.00,27%
Government,DR MS 02893,28-Feb-25,AMCETAM 150MG/ML 2ML,100.00,77.50,"7,750.00",0.00,"7,750.00",42.00,"4,200.00","3,550.00",46%
Government,DR MS 02893,28-Feb-25,CUROXIM 750MG WITH DILUENT,"2,000.00",49.30,"98,600.00",0.00,"98,600.00",27.00,"54,000.00","44,600.00",45%
Government,DR MS 02893,28-Feb-25,HYDROCORTIBAS 100MG VIAL,200.00,352.10,"70,420.00",0.00,"70,420.00",256.00,"51,200.00","19,220.00",27%
Government,DR MS 02893,28-Feb-25,OMCARE 40MG WITH DILUENT,"1,500.00",47.89,"71,835.00",0.00,"71,835.00",33.00,"49,500.00","22,335.00",31%
Government,DR MS 02893,28-Feb-25,DISPOSABLE DIAPER ADULT LARGE (SURGITECH),281.00,273.20,"76,769.20",0.00,"76,769.20",250.00,"70,250.00","6,519.20",8%
Government,DR MS 02893,28-Feb-25,DISPOSABLE SYRINGE 3CC 23GX1 (TERUMO),40.00,986.00,"39,440.00",0.00,"39,440.00",500.00,"20,000.00","19,440.00",49%
Government,DR MS 02893,28-Feb-25,UNDERPADS ANTIBACTERIAL X-LARGE (HEXACARE),60.00,211.30,"12,678.00",0.00,"12,678.00",105.03,"6,302.06","6,375.94",50%
Government,DR MS 02893,28-Feb-25,UNDERPADS ANTIBACTERIAL LARGE (HEXACARE),40.00,211.30,"8,452.00",0.00,"8,452.00",105.00,"4,200.00","4,252.00",50%
Government,DR MS 02893,28-Feb-25,MICROPORE 1X10 2.5CMX9.1M (3M),34.00,774.60,"26,336.40",0.00,"26,336.40",490.00,"16,660.00","9,676.40",37%
Government,DR MS 02893,28-Feb-25,MICROPORE 1X10 2.5CMX9.1M (3M),30.00,774.60,"23,238.00",0.00,"23,238.00",490.00,"14,700.00","8,538.00",37%
Government,DR MS 02893,28-Feb-25,MICROPORE 1X10 2.5CMX9.1M (3M),1.00,774.60,774.60,0.00,774.60,490.00,490.00,284.60,37%
Government,DR MS 02893,28-Feb-25,MICROPORE 1X10 2.5CMX9.1M (3M),30.00,774.60,"23,238.00",0.00,"23,238.00",490.00,"14,700.00","8,538.00",37%
Government,DR MS 02893,28-Feb-25,NASAL OXYGEN CANNULA ADULT (HEXACARE),"1,200.00",30.99,"37,188.00",0.00,"37,188.00",22.00,"26,400.00","10,788.00",29%
Government,DR MS 02893,28-Feb-25,MICROPORE 1X10 2.5CMX9.1M (3M),30.00,774.60,"23,238.00",0.00,"23,238.00",490.00,"14,700.00","8,538.00",37%
Government,DR MS 02911,28-Feb-25,CLODIN 75MCG,5.00,590.00,"2,950.00",0.00,"2,950.00",380.00,"1,900.00","1,050.00",36%
Government,DR MS 02911,28-Feb-25,IV CANNULA WITH WINGS LUER LOCK G18 1.5X38MM (CATHULA),8.00,"3,380.00","27,040.00",0.00,"27,040.00","2,200.00","17,600.00","9,440.00",35%
Government,DR MS 02911,28-Feb-25,IV CANNULA WITH WINGS & INJECTION VALVE G20 1.1X32MM (CATHULA),8.00,"3,380.00","27,040.00",0.00,"27,040.00","2,200.00","17,600.00","9,440.00",35%
Government,DR MS 02911,28-Feb-25,IV CANNULA WITH WINGS LUER LOCK G22 .8X25MM (CATHULA),10.00,"3,380.00","33,800.00",0.00,"33,800.00","2,200.00","22,000.00","11,800.00",35%
Government,DR MS 02911,28-Feb-25,IV CANNULA WITH INJECTION PORT LUER LOCK G24 0.7X19MM (CATHULA),5.00,"3,380.00","16,900.00",0.00,"16,900.00","2,400.00","12,000.00","4,900.00",29%
Government,DR MS 02911,28-Feb-25,DISPOSABLE INFUSION SET ADULT 20MACRODROPS/ML (HEXACARE),450.00,28.17,"12,676.50",0.00,"12,676.50",8.40,"3,780.00","8,896.50",70%
Government,DR MS 02911,28-Feb-25,DISPOSABLE INFUSION SET ADULT 20MACRODROPS/ML (HEXACARE),100.00,28.17,"2,817.00",0.00,"2,817.00",8.40,840.00,"1,977.00",70%
Government,DR MS 02911,28-Feb-25,NEBULIZER KIT ADULT (SURGITECH),600.00,39.44,"23,664.00",0.00,"23,664.00",36.00,"21,600.00","2,064.00",9%
Government,DR MS 02911,28-Feb-25,BAAMCILLIN-250 250MG,50.00,245.10,"12,255.00",0.00,"12,255.00",105.00,"5,250.00","7,005.00",57%
Government,DR MS 02911,28-Feb-25,ENOXAGET-40 40MG/0.4ML,25.00,"1,239.44","30,986.00",0.00,"30,986.00",640.00,"16,000.00","14,986.00",48%
Admin,DR 025282,27-Feb-25,ANIN 50 PLUS 50MG/12.5MG,10.00,105.00,"1,050.00",0.00,"1,050.00",105.00,"1,050.00",0.00,0%
Admin,DR 025283,03-Mar-25,CIUMADE TAB,7.00,678.57,"4,749.99",0.00,"4,749.99",450.00,"3,150.00","1,599.99",34%
Admin,DR 025283,03-Mar-25,BENERVA PLUS 500MG/50MG/100MG/100MCG,3.00,"1,200.00","3,600.00",0.00,"3,600.00",615.00,"1,845.00","1,755.00",49%
Admin,DR 025283,03-Mar-25,SOLVAPRINE 10MG TAB,14.00,671.43,"9,400.02",0.00,"9,400.02",150.00,"2,100.00","7,300.02",78%
Admin,DR 025283,03-Mar-25,HYCLENS WOUND SPRAY 2% 60ML,10.00,229.32,"2,293.20",0.00,"2,293.20",114.66,"1,146.60","1,146.60",50%
Admin,DR 025283,03-Mar-25,HYCLENS OB WASH 1% 100ML,8.00,152.50,"1,220.00",0.00,"1,220.00",138.60,"1,108.80",111.20,9%
Hospital,DR MS 03025,28-Feb-25,HYCLENS WOUND SPRAY 2% 60ML,40.00,270.00,"10,800.00",0.00,"10,800.00",114.66,"4,586.40","6,213.60",58%
Hospital,DR MS 03021,28-Feb-25,PHYTOBAS 10MG/ML IV,10.00,570.00,"5,700.00",0.00,"5,700.00",140.00,"1,400.00","4,300.00",75%
Hospital,DR MS 03022,28-Feb-25,CATAMED 75MCG,2.00,"2,100.00","4,200.00",0.00,"4,200.00",404.00,808.00,"3,392.00",81%
Hospital,DR MS 03017,28-Feb-25,GENTACARE 80MG/2ML (40MG/ML) 2ML,10.00,363.75,"3,637.50",0.00,"3,637.50",48.00,480.00,"3,157.50",87%
Hospital,DR MS 03018,28-Feb-25,AMADOL 150MG/ML 2ML,10.00,363.75,"3,637.50",0.00,"3,637.50",65.00,650.00,"2,987.50",82%
Hospital,DR MS 03020,28-Feb-25,GYNE-TOCIN 10IU/ML IV,20.00,375.00,"7,500.00",0.00,"7,500.00",81.00,"1,620.00","5,880.00",78%
Government,DR MS 03068,28-Feb-25,SPEEDA 2.5IU/0.5ML,136.00,"6,985.00","949,960.00",0.00,"949,960.00","4,750.00","646,000.00","303,960.00",32%
Government,DR MS 03068,28-Feb-25,ANTITET 1500IU/0.7ML,20.00,"1,770.00","35,400.00",0.00,"35,400.00","1,195.00","23,900.00","11,500.00",32%
Government,DR MS 03068,28-Feb-25,ABHAY-TOX 40IU/0.5ML VIAL,10.00,970.00,"9,700.00",0.00,"9,700.00",570.00,"5,700.00","4,000.00",41%
Government,DR MS 02862,28-Feb-25,FLUCYSTEINE-600 600MG 6G,60.00,162.00,"9,720.00",0.00,"9,720.00",93.00,"5,580.00","4,140.00",43%
Government,DR MS 02862,28-Feb-25,FLUCYSTEINE 200MG 30's,20.70,388.80,"8,048.16",0.00,"8,048.16",210.00,"4,347.00","3,701.16",46%
Government,DR MS 02862,28-Feb-25,CORPILYN 500MG,"1,500.00",21.13,"31,695.00",0.00,"31,695.00",13.50,"20,250.00","11,445.00",36%
Government,DR MS 02862,28-Feb-25,ATORBET 40MG,10.00,450.00,"4,500.00",0.00,"4,500.00",185.00,"1,850.00","2,650.00",59%
Government,DR MS 02862,28-Feb-25,EXECORE 500MG TAB,200.00,140.00,"28,000.00",0.00,"28,000.00",78.00,"15,600.00","12,400.00",44%
Government,DR MS 02862,28-Feb-25,REGICET 5MG/5ML,288.00,27.00,"7,776.00",0.00,"7,776.00",19.00,"5,472.00","2,304.00",30%
Government,DR MS 02862,28-Feb-25,XYLOCAINE PUMP SPRAY 10% 100MG/ML 50ML,8.00,"1,450.50","11,604.00",0.00,"11,604.00","2,400.00","19,200.00","-7,596.00",-65%
Quezon,DR 025590,28-Feb-25,UNISOL-M,7.00,785.71,"5,500.00",0.00,"5,500.00",385.00,"2,695.00","2,805.00",51%
Government,DR MS 02862,28-Feb-25,MICROSCOT 20MG 5G,200.00,107.75,"21,550.00",0.00,"21,550.00",26.00,"5,200.00","16,350.00",76%
Government,DR MS 02862,28-Feb-25,MERAZOL-40 40MG,500.00,366.20,"183,100.00",0.00,"183,100.00",200.00,"100,000.00","83,100.00",45%
Quezon,DR 025591,28-Feb-25,CARVIDA 6.25MG,30.00,528.00,"15,840.00",0.00,"15,840.00",132.00,"3,960.00","11,880.00",75%
Quezon,DR 025591,28-Feb-25,TANAFEN 450MG/35MG,20.00,850.00,"17,000.00",0.00,"17,000.00",175.00,"3,500.00","13,500.00",79%
Government,DR MS 02892,28-Feb-25,SAPHIXIME-200 200MG,50.00,207.90,"10,395.00",0.00,"10,395.00",262.00,"13,100.00","-2,705.00",-26%
Government,DR MS 02892,28-Feb-25,CEFUROX 250MG/5ML 50ML,288.00,147.89,"42,592.32",0.00,"42,592.32",108.00,"31,104.00","11,488.32",27%
Government,DR MS 02892,28-Feb-25,DIPHENPORS 50MG/ML 1ML,100.00,295.80,"29,580.00",0.00,"29,580.00",140.00,"14,000.00","15,580.00",53%
Quezon,DR 025592,28-Feb-25,UNISOL-M,3.00,"1,350.00","4,050.00","1,215.00","2,835.00",385.00,"1,155.00","1,680.00",41%
Government,DR MS 02892,28-Feb-25,TROYNOXA-60 60MG/0.6ML,"1,500.00","1,042.25","1,563,375.00",0.00,"1,563,375.00",404.00,"606,000.00","957,375.00",61%
Government,DR MS 02892,28-Feb-25,LAZICARE 10MG/ML (20MG/2ML) 2ML,300.00,81.70,"24,510.00",0.00,"24,510.00",55.00,"16,500.00","8,010.00",33%
Government,DR MS 02892,28-Feb-25,HYDROCORTIBAS 100MG VIAL,500.00,352.10,"176,050.00",0.00,"176,050.00",256.00,"128,000.00","48,050.00",27%
Government,DR MS 02892,28-Feb-25,PLAZIMIDE 5MG/ML (10MG/2ML),300.00,81.70,"24,510.00",0.00,"24,510.00",60.00,"18,000.00","6,510.00",27%
Government,DR MS 02903,28-Feb-25,CARESEF 750MG WITH DILUENT,"1,240.00",49.30,"61,132.00",0.00,"61,132.00",35.00,"43,400.00","17,732.00",29%
Government,DR MS 02903,28-Feb-25,CUROXIM 750MG WITH DILUENT,"2,800.00",49.30,"138,040.00",0.00,"138,040.00",27.00,"75,600.00","62,440.00",45%
Quezon,DR 025593,28-Feb-25,BENERVA PLUS 500MG/50MG/100MG/100MCG,3.00,"1,200.00","3,600.00",0.00,"3,600.00",615.00,"1,845.00","1,755.00",49%
Quezon,DR 025593,28-Feb-25,JAGA 300MG/100MG/100MCG CAP,3.00,"1,078.00","3,234.00",0.00,"3,234.00",530.00,"1,590.00","1,644.00",51%
Government,DR MS 02903,28-Feb-25,ENOXAGET-40 40MG/0.4ML,750.00,"1,239.44","929,580.00",0.00,"929,580.00",640.00,"480,000.00","449,580.00",48%
Government,DR MS 02944,28-Feb-25,BUPIRIGHT 5MG/ML 0.5% IN 8% 4ML,"1,500.00",286.75,"430,125.00",0.00,"430,125.00",165.18,"247,770.00","182,355.00",42%
Government,DR MS 02944,28-Feb-25,ZINACARE 750MG WITH DILUENT,"1,960.00",49.30,"96,628.00",0.00,"96,628.00",26.00,"50,960.00","45,668.00",47%
Government,DR MS 02944,28-Feb-25,IRBEQ 150 150MG,5.00,515.00,"2,575.00",0.00,"2,575.00",353.00,"1,765.00",810.00,31%
Government,DR MS 02992,28-Feb-25,MOTILIA 10MG,5.00,115.00,575.00,0.00,575.00,82.50,412.50,162.50,28%
Government,DR MS 02992,28-Feb-25,VAZI2R 80MG,5.00,479.00,"2,395.00",0.00,"2,395.00",295.00,"1,475.00",920.00,38%
Government,DR MS 02992,28-Feb-25,SORBANCE -5 5MG,33.33,129.30,"4,310.00",0.00,"4,310.00",34.00,"1,133.33","3,176.67",74%
Government,DR MS 03012,28-Feb-25,METACORT 4MG/ML (8MG/2ML) 2ML,150.00,211.30,"31,695.00",0.00,"31,695.00",500.00,"75,000.00","-43,305.00",-137%
Government,DR MS 03012,28-Feb-25,NEBULIZER KIT WITH MASK PEDIA (PARTNERS),"1,500.00",39.44,"59,160.00",0.00,"59,160.00",30.00,"45,000.00","14,160.00",24%
Batangas,DR 025637,08-Mar-25,ZELEX 200MG CAP,2.00,"2,800.00","5,600.00",0.00,"5,600.00",925.00,"1,850.00","3,750.00",67%
Batangas,DR 025636,08-Mar-25,ENHAMOX 250MG/62.5MG/5ML 60ML,10.00,400.00,"4,000.00",0.00,"4,000.00",136.00,"1,360.00","2,640.00",66%
Batangas,DR 025635,08-Mar-25,DOLO-JAGA 500MG/50MG/100MG/100MCG,5.00,"1,800.00","9,000.00",0.00,"9,000.00",615.00,"3,075.00","5,925.00",66%
Batangas,DR 025634,08-Mar-25,CIXTOR-Z MAX 500MG/10MG/1000IU,3.00,"1,600.00","4,800.00",0.00,"4,800.00",445.00,"1,335.00","3,465.00",72%
Batangas,DR 025634,08-Mar-25,EMLOR PLUS 5MG/50MG,10.00,590.00,"5,900.00",0.00,"5,900.00",216.00,"2,160.00","3,740.00",63%
Batangas,DR 025634,08-Mar-25,VOXOLL 30MG,7.00,800.00,"5,600.00",0.00,"5,600.00",168.00,"1,176.00","4,424.00",79%
Batangas,DR 025633,08-Mar-25,ROSVA 20-20MG,10.00,"1,090.00","10,900.00",0.00,"10,900.00",273.00,"2,730.00","8,170.00",75%
Batangas,DR 025633,08-Mar-25,CIUMADE TAB,3.00,990.00,"2,970.00",0.00,"2,970.00",450.00,"1,350.00","1,620.00",55%
Batangas,DR 025632,08-Mar-25,AFENAX 100MG TAB,4.00,"1,980.00","7,920.00",0.00,"7,920.00",595.00,"2,380.00","5,540.00",70%
Batangas,DR 025632,08-Mar-25,ROSVA 10-10MG,3.00,735.00,"2,205.00",0.00,"2,205.00",250.00,750.00,"1,455.00",66%
Batangas,DR 025632,08-Mar-25,DOLOGESIC 325MG/37.5MG TAB,3.00,"1,080.00","3,240.00",0.00,"3,240.00",270.00,810.00,"2,430.00",75%
Hospital,DR RT 0002020,05-Mar-25,"QMC # 559,400.00",1.00,"424,760.00","424,760.00",0.00,"424,760.00","279,700.00","279,700.00","145,060.00",34%
Hospital,DR RT 0002021,05-Mar-25,,1.00,"134,320.00","134,320.00",0.00,"134,320.00",,,"134,320.00",100%
Government,DR MS 02858,08-Mar-25,ATORBET 40MG,5.00,450.00,"2,250.00",0.00,"2,250.00",185.00,925.00,"1,325.00",59%
Government,DR MS 02858,08-Mar-25,EPICARE 1MG/ML IV,2.00,277.50,555.00,0.00,555.00,115.00,230.00,325.00,59%
Government,DR MS 02858,08-Mar-25,MICROSCOT 20MG 5G,20.00,107.75,"2,155.00",0.00,"2,155.00",26.00,520.00,"1,635.00",76%
Government,DR MS 02889,08-Mar-25,DIPHENPORS 50MG/ML 1ML,3.00,295.80,887.40,0.00,887.40,140.00,420.00,467.40,53%
Government,DR MS 02889,08-Mar-25,DIPHENPORS 50MG/ML 1ML,2.00,295.80,591.60,0.00,591.60,140.00,280.00,311.60,53%
Government,DR MS 02889,08-Mar-25,PLAZIMIDE 5MG/ML (10MG/2ML),10.00,175.00,"1,750.00",0.00,"1,750.00",60.00,600.00,"1,150.00",66%
Government,DR MS 02889,08-Mar-25,AMCETAM 150MG/ML 2ML,50.00,77.50,"3,875.00",0.00,"3,875.00",42.00,"2,100.00","1,775.00",46%
Government,DR MS 02889,08-Mar-25,DISPOSABLE INFUSION SET ADULT 20MACRODROPS/ML (HEXACARE),300.00,28.17,"8,451.00",0.00,"8,451.00",8.40,"2,520.00","5,931.00",70%
Government,DR MS 02889,08-Mar-25,DISPOSABLE INFUSION SET ADULT 20MACRODROPS/ML (HEXACARE),200.00,28.17,"5,634.00",0.00,"5,634.00",8.40,"1,680.00","3,954.00",70%
Government,DR MS 02909,08-Mar-25,CLODIN 75MCG,1.00,590.00,590.00,0.00,590.00,380.00,380.00,210.00,36%
Government,DR MS 02909,08-Mar-25,MATERNITY PADS 8s (MAXIFREE),30.00,90.16,"2,704.80",0.00,"2,704.80",60.00,"1,800.00",904.80,33%
Government,DR MS 02909,08-Mar-25,IV CANNULA WITH WINGS LUER LOCK G22 .8X25MM (CATHULA),5.00,"3,380.00","16,900.00",0.00,"16,900.00","2,200.00","11,000.00","5,900.00",35%
Government,DR MS 02909,08-Mar-25,IV CANNULA WITH INJECTION PORT LUER LOCK G24 0.7X19MM (CATHULA),3.00,"3,380.00","10,140.00",0.00,"10,140.00","2,400.00","7,200.00","2,940.00",29%
Government,DR MS 03008,08-Mar-25,NEBULIZER KIT WITH MASK PEDIA (PARTNERS),100.00,39.44,"3,944.00",0.00,"3,944.00",30.00,"3,000.00",944.00,24%
Government,DR MS 03031,08-Mar-25,EPIX 1MG/ML IV,3.00,277.50,832.50,0.00,832.50,120.00,360.00,472.50,57%
Government,DR MS 02904,08-Mar-25,VELON 6.25MG TAB,5.00,105.00,525.00,0.00,525.00,55.00,275.00,250.00,48%
Government,DR MS 02904,08-Mar-25,KOVENT SF 25MCG/250MCG MDI,8.00,496.00,"3,968.00",0.00,"3,968.00",320.00,"2,560.00","1,408.00",35%
Government,DR MS 02904,08-Mar-25,ABHAY-TOX 40IU/0.5ML VIAL,10.00,852.50,"8,525.00",0.00,"8,525.00",570.00,"5,700.00","2,825.00",33%
Government,DR MS 02904,08-Mar-25,ABHAY-TOX 40IU/0.5ML VIAL,10.00,852.50,"8,525.00",0.00,"8,525.00",570.00,"5,700.00","2,825.00",33%
Government,DR MS 02904,08-Mar-25,ABHAY-TOX 40IU/0.5ML VIAL,10.00,852.50,"8,525.00",0.00,"8,525.00",570.00,"5,700.00","2,825.00",33%
Government,DR MS 02904,08-Mar-25,ABHAY-TOX 40IU/0.5ML VIAL,20.00,852.50,"17,050.00",0.00,"17,050.00",570.00,"11,400.00","5,650.00",33%
Government,DR MS 02904,08-Mar-25,IV CANNULA WITH WINGS LUER LOCK G18 1.5X38MM (CATHULA),2.00,"3,380.00","6,760.00",0.00,"6,760.00","2,200.00","4,400.00","2,360.00",35%
Government,DR MS 02904,08-Mar-25,IV CANNULA WITH WINGS LUER LOCK G18 1.5X38MM (CATHULA),6.00,"3,380.00","20,280.00",0.00,"20,280.00","2,200.00","13,200.00","7,080.00",35%
Government,DR MS 02904,08-Mar-25,IV CANNULA WITH WINGS & INJECTION VALVE G20 1.1X32MM (CATHULA),7.00,"3,380.00","23,660.00",0.00,"23,660.00","2,200.00","15,400.00","8,260.00",35%
Government,DR MS 02904,08-Mar-25,IV CANNULA WITH WINGS LUER LOCK G22 .8X25MM (CATHULA),15.00,"3,380.00","50,700.00",0.00,"50,700.00","2,200.00","33,000.00","17,700.00",35%
Government,DR MS 02904,08-Mar-25,IV CANNULA WITH INJECTION PORT LUER LOCK G24 0.7X19MM (CATHULA),15.00,"3,380.00","50,700.00",0.00,"50,700.00","2,400.00","36,000.00","14,700.00",29%
Government,DR MS 02882,08-Mar-25,CUROXIM 750MG WITH DILUENT,"2,000.00",49.30,"98,600.00",0.00,"98,600.00",27.00,"54,000.00","44,600.00",45%
Government,DR MS 02945,08-Mar-25,AMCETAM 150MG/ML 2ML,180.00,77.50,"13,950.00",0.00,"13,950.00",42.00,"7,560.00","6,390.00",46%
Government,DR MS 03032,08-Mar-25,IV CANNULA WITH WINGS LUER LOCK G18 1.5X38MM (CATHULA),4.00,"3,380.00","13,520.00",0.00,"13,520.00","2,200.00","8,800.00","4,720.00",35%
Government,DR MS 03010,08-Mar-25,LIFERZIN 1G IV,18.00,295.80,"5,324.40",0.00,"5,324.40",175.00,"3,150.00","2,174.40",41%
Government,DR MS 03010,08-Mar-25,LIFERZIN 1G IV,1.00,295.80,295.80,0.00,295.80,175.00,175.00,120.80,41%
Government,DR MS 03010,08-Mar-25,LIFERZIN 1G IV,1.00,295.80,295.80,0.00,295.80,175.00,175.00,120.80,41%
Government,DR MS 03010,08-Mar-25,PLAZIMIDE 5MG/ML (10MG/2ML),10.00,81.70,817.00,0.00,817.00,60.00,600.00,217.00,27%
Government,DR MS 03010,08-Mar-25,ANTIZOAL 5MG/ML (500MG/100ML) 100ML,200.00,22.54,"4,508.00",0.00,"4,508.00",15.00,"3,000.00","1,508.00",33%
Government,DR MS 03010,08-Mar-25,CORPILYN 500MG,200.00,21.13,"4,226.00",0.00,"4,226.00",13.50,"2,700.00","1,526.00",36%
Government,DR MS 03010,08-Mar-25,CORPILYN 250MG,300.00,24.51,"7,353.00",0.00,"7,353.00",11.80,"3,540.00","3,813.00",52%
Government,DR MS 03010,08-Mar-25,ALLERCHEM 5MG/5ML,100.00,27.00,"2,700.00",0.00,"2,700.00",18.50,"1,850.00",850.00,31%
Government,DR MS 03010,08-Mar-25,CIPROGYL 2MG/ML (200MG/100ML),100.00,36.62,"3,662.00",0.00,"3,662.00",26.00,"2,600.00","1,062.00",29%
Government,DR MS 03010,08-Mar-25,NEBULIZER KIT ADULT (SURGITECH),100.00,39.44,"3,944.00",0.00,"3,944.00",36.00,"3,600.00",344.00,9%
Government,DR MS 03010,08-Mar-25,CLOXANE 500MG,2.00,370.00,740.00,0.00,740.00,266.00,532.00,208.00,28%
Government,DR MS 03010,08-Mar-25,DIUFED 10MG/ML (20MG/2ML) 2ML,5.00,81.70,408.50,0.00,408.50,48.00,240.00,168.50,41%
Government,DR MS 03010,08-Mar-25,HYDROCORTIBAS 100MG VIAL,10.00,352.10,"3,521.00",0.00,"3,521.00",256.00,"2,560.00",961.00,27%
Government,DR MS 03030,08-Mar-25,ZINACARE 750MG W/ DILUENT,500.00,49.30,"24,650.00",0.00,"24,650.00",26.00,"13,000.00","11,650.00",47%
Government,DR MS 03030,08-Mar-25,HAIXONE WITH DILUENT 1G,300.00,50.70,"15,210.00",0.00,"15,210.00",26.00,"7,800.00","7,410.00",49%
Hospital,DR MS 03026,10-Mar-25,KOVENT SF 25MCG/250MCG MDI,10.00,940.00,"9,400.00",0.00,"9,400.00",320.00,"3,200.00","6,200.00",66%
Hospital,DR MS 03026,10-Mar-25,NOREPINSAPH-1 1MG/ML (10MG/10ML),20.00,888.00,"17,760.00",0.00,"17,760.00",222.00,"4,440.00","13,320.00",75%
Hospital,DR MS 03026,10-Mar-25,KIDIMEED C PLUS 30ML,20.00,104.00,"2,080.00",0.00,"2,080.00",26.00,520.00,"1,560.00",75%
Hospital,DR MS 03027,15-Mar-25,DISPOSABLE BABY DIAPER LARGE NON WOVEN (HEXACARE),3.00,380.00,"1,140.00",0.00,"1,140.00",230.00,690.00,450.00,39%
Hospital,DR MS 03027,15-Mar-25,BABY WASH 100ML (JOHNSON),36.00,85.00,"3,060.00",0.00,"3,060.00",58.00,"2,088.00",972.00,32%
Hospital,DR MS 03027,15-Mar-25,DISPOSABLE SYRINGE WITHOUT NEEDLE 20CC/ML (TERUMO),4.00,"1,200.00","4,800.00",0.00,"4,800.00",700.00,"2,800.00","2,000.00",42%
Hospital,DR MS 03027,15-Mar-25,BATHROOM TISSUE 2PLY 12'S (FEMME),2.00,168.00,336.00,0.00,336.00,107.00,214.00,122.00,36%
Hospital,DR MS 03027,15-Mar-25,COTTON BALLS 1000S (TENDERSOFT),5.00,260.00,"1,300.00",0.00,"1,300.00",180.00,900.00,400.00,31%
Hospital,DR MS 03027,15-Mar-25,FOLEY CATHETER 2WAY FR16 30ML (PARTNERS),50.00,70.00,"3,500.00",0.00,"3,500.00",38.00,"1,900.00","1,600.00",46%
Hospital,DR MS 03027,15-Mar-25,PAPER TOWEL 175PULL-UPS (FEMME),25.00,80.00,"2,000.00",0.00,"2,000.00",53.75,"1,343.75",656.25,33%
Hospital,DR MS 03035,15-Mar-25,AFENAX 100MG TAB,1.00,"1,935.00","1,935.00",0.00,"1,935.00",595.00,595.00,"1,340.00",69%
Hospital,DR MS 03035,15-Mar-25,EROXIME 750MG IV,3.00,"3,000.00","9,000.00",0.00,"9,000.00",175.00,525.00,"8,475.00",94%
Hospital,DR MS 03035,15-Mar-25,MUCOLIFAR 500MG TAB,1.00,"3,500.00","3,500.00",0.00,"3,500.00","1,100.00","1,100.00","2,400.00",69%
Hospital,DR MS 03035,15-Mar-25,ENDOPROST 125MCG/ML,4.00,"1,980.00","7,920.00",0.00,"7,920.00",940.00,"3,760.00","4,160.00",53%
Hospital,DR MS 03035,15-Mar-25,ENHAMOX 500MG/125MG,6.00,"2,800.20","16,801.20",0.00,"16,801.20","1,115.00","6,690.00","10,111.20",60%
Hospital,DR MS 03035,15-Mar-25,SUCROSAPH 20MG/ML (100MG/5ML) 5ML,5.00,"2,490.00","12,450.00",0.00,"12,450.00",318.00,"1,590.00","10,860.00",87%
Hospital,DR MS 03035,15-Mar-25,DOLO-JAGA 500MG/50MG/100MG/100MCG,2.00,"1,550.00","3,100.00",0.00,"3,100.00",615.00,"1,230.00","1,870.00",60%
Hospital,DR MS 03035,15-Mar-25,DOLO-JAGA 500MG/50MG/100MG/100MCG,1.00,"12,000.00","12,000.00",0.00,"12,000.00",615.00,615.00,"11,385.00",95%
Hospital,DR MS 03028,15-Mar-25,OPTRYL 5MG/G (0.5%) 5G,50.00,315.00,"15,750.00",0.00,"15,750.00",136.10,"6,805.00","8,945.00",57%
Hospital,DR MS 03037,15-Mar-25,DUOMAX 150MG/75MG,71.00,975.00,"69,225.00",0.00,"69,225.00",713.65,"50,669.15","18,555.85",27%
Hospital,DR MS 03037,15-Mar-25,QUADMAX 150MG/75MG/400MG/275MG,60.00,"1,175.00","70,500.00",0.00,"70,500.00",889.92,"53,395.20","17,104.80",24%
Government,DR MS 03045,15-Mar-25,ZINACARE 750MG W/ DILUENT,"3,000.00",49.30,"147,900.00",0.00,"147,900.00",26,78000,"69,900.00",47%
Government,DR MS 02990,15-Mar-25,EPICARE 1MG/ML IV,30.00,277.50,"8,325.00",0.00,"8,325.00",115,3450,"4,875.00",59%
Government,DR MS 02990,15-Mar-25,AMCETAM 150MG/ML 2ML,200.00,77.50,"15,500.00",0.00,"15,500.00",42.00,"8,400.00","7,100.00",46%
Government,DR MS 02990,15-Mar-25,SAPHENYTOIN 50MG/ML 2ML,20.00,"1,771.25","35,425.00",0.00,"35,425.00",639.00,"12,780.00","22,645.00",64%
Government,DR MS 02990,15-Mar-25,ACETYPHIL-600 600MG,100.00,162.00,"16,200.00",0.00,"16,200.00",103.00,"10,300.00","5,900.00",36%
Government,DR MS 02990,15-Mar-25,CETYSL-200 200MG,33.33,388.80,"12,960.00",0.00,"12,960.00",92.00,"3,066.67","9,893.33",76%
Government,DR MS 02990,15-Mar-25,PORBACT 500MG/250MG,"1,000.00",36.62,"36,620.00",0.00,"36,620.00",21.00,"21,000.00","15,620.00",43%
Government,DR MS 02990,15-Mar-25,CORPILYN 250MG,"1,500.00",24.51,"36,765.00",0.00,"36,765.00",11.80,"17,700.00","19,065.00",52%
Government,DR MS 02990,15-Mar-25,PHIZOLIN 1G,300.00,26.76,"8,028.00",0.00,"8,028.00",168.00,"50,400.00","-42,372.00",-528%
Government,DR MS 02990,15-Mar-25,GIOCILLIN 500MG,150.00,211.30,"31,695.00",0.00,"31,695.00",135.00,"20,250.00","11,445.00",36%
Government,DR MS 03043,15-Mar-25,CORPILYN 1G,"1,500.00",29.58,"44,370.00",0.00,"44,370.00",14.00,"21,000.00","23,370.00",53%
Admin,DR 025284,12-Mar-25,FERGLOBIN FA 60MG/400MCG CAP,7.00,642.86,"4,500.02",0.00,"4,500.02",325.00,"2,275.00","2,225.02",49%
Admin,DR 025284,12-Mar-25,CIUMADE TAB,7.00,678.57,"4,749.99",0.00,"4,749.99",450.00,"3,150.00","1,599.99",34%
Admin,DR 025284,12-Mar-25,SANOMAX-FA,7.00,857.14,"5,999.98",0.00,"5,999.98",560.00,"3,920.00","2,079.98",35%
Admin,DR 025284,12-Mar-25,SOLVAPRINE 10MG TAB,14.00,671.43,"9,400.02",0.00,"9,400.02",150.00,"2,100.00","7,300.02",78%
Admin,DR 025284,12-Mar-25,TRANEXSAPH 500MG,3.00,"1,500.00","4,500.00",0.00,"4,500.00",365.00,"1,095.00","3,405.00",76%
Admin,DR 025284,12-Mar-25,HYCLENS OB WASH 1% 100ML,20.00,152.50,"3,050.00",0.00,"3,050.00",138.60,"2,772.00",278.00,9%
Admin,DR 025284,12-Mar-25,HYCLENS WOUND SPRAY 2% 60ML,10.00,229.32,"2,293.20",0.00,"2,293.20",114.66,"1,146.60","1,146.60",50%
Admin,DR 025284,12-Mar-25,FOLACID 5MG CAP,7.00,464.29,"3,250.03",0.00,"3,250.03",236.25,"1,653.75","1,596.28",49%
Batangas,DR 025639,15-Mar-25,DOLO-JAGA 500MG/50MG/100MG/100MCG,5.00,"1,800.00","9,000.00",0.00,"9,000.00",615.00,"3,075.00","5,925.00",66%
Batangas,DR 025639,15-Mar-25,DOLOGESIC 325MG/37.5MG TAB,4.00,"1,080.00","4,320.00",0.00,"4,320.00",270.00,"1,080.00","3,240.00",75%
Batangas,DR 025639,15-Mar-25,TRIDEN 160MG TAB,1.00,"2,560.00","2,560.00",0.00,"2,560.00",720.00,720.00,"1,840.00",72%
Batangas,DR 025640,15-Mar-25,ENHAMOX 500MG/125MG,5.00,"3,000.00","15,000.00",0.00,"15,000.00","1,115.00","5,575.00","9,425.00",63%
Batangas,DR 025641,15-Mar-25,EMLOR PLUS 5MG/50MG,10.00,590.00,"5,900.00",0.00,"5,900.00",216.00,"2,160.00","3,740.00",63%
Batangas,DR 025641,15-Mar-25,AFENAX 100MG TAB,5.00,"1,980.00","9,900.00",0.00,"9,900.00",595.00,"2,975.00","6,925.00",70%
Batangas,DR 025641,15-Mar-25,VOXOLL 15MG/5ML,12.00,80.00,960.00,0.00,960.00,33.00,396.00,564.00,59%
Batangas,DR 025642,15-Mar-25,HYCLENS WOUND SPRAY 2% 60ML,30.00,250.00,"7,500.00",0.00,"7,500.00",114.66,"3,439.80","4,060.20",54%
Batangas,DR 025638,15-Mar-25,CENDALEX 500MG,3.00,"1,100.00","3,300.00",165.00,"3,135.00",287.50,862.50,"2,272.50",69%
Batangas,DR 025638,15-Mar-25,ZELEX 200MG CAP,1.00,"2,800.00","2,800.00",140.00,"2,660.00",925.00,925.00,"1,735.00",62%
Admin,DR 025286,17-Mar-25,DOPAMET 250MG,7.00,780.00,"5,460.00",0.00,"5,460.00",195.00,"1,365.00","4,095.00",75%
Admin,DR 025286,17-Mar-25,APCELAC 500MG,7.00,655.00,"4,585.00",0.00,"4,585.00",400.00,"2,800.00","1,785.00",39%
Admin,DR 025286,17-Mar-25,CIXTOR-Z 500mg,7.00,630.00,"4,410.00",0.00,"4,410.00",210.00,"1,470.00","2,940.00",67%
Admin,DR 025286,17-Mar-25,ENCLOXIL 500MG CAP,7.00,"1,392.86","9,750.02",0.00,"9,750.02",780.00,"5,460.00","4,290.02",44%
Admin,DR 025286,17-Mar-25,ENHAMOX 500MG/125MG,3.00,"2,800.00","8,400.00",0.00,"8,400.00","1,115.00","3,345.00","5,055.00",60%
Admin,DR 025286,17-Mar-25,HYCLENS OB WASH 1% 100ML,10.00,152.50,"1,525.00",0.00,"1,525.00",138.60,"1,386.00",139.00,9%
Hospital,DR MS 03046,15-Mar-25,RAXIDINE 25MG/ML 2ML,10.00,"1,300.00","13,000.00",0.00,"13,000.00",100.00,"1,000.00","12,000.00",92%
Hospital,DR MS 03049,15-Mar-25,EGG SHELL MATTRESS (URATEX),20.00,"1,300.00","26,000.00",0.00,"26,000.00",804.83,"16,096.60","9,903.40",38%
Hospital,DR MS 03049,15-Mar-25,UNDERPADS ANTIBACTERIAL LARGE (HEXACARE),5.00,195.00,975.00,0.00,975.00,105.00,525.00,450.00,46%
Hospital,DR MS 03047,15-Mar-25,AMINOSOL 25MG/ML (250MG/10ML) 10ML,5.00,660.00,"3,300.00",0.00,"3,300.00",85.00,425.00,"2,875.00",87%
Quezon,DR RT 0002023,22-Mar-25,"GULANG GULANG # 44,080.00",1.00,"44,080.00","44,080.00",0.00,"44,080.00","34,676.00","34,676.00","9,404.00",21%
Quezon,DR 025594,08-Mar-25,OPTRYL 5MG/G (0.5%) 5G,50.00,215.00,"10,750.00",0.00,"10,750.00",136.10,"6,805.00","3,945.00",37%
Quezon,DR 025595,08-Mar-25,DOPAMET 250MG,10.00,800.00,"8,000.00",0.00,"8,000.00",195.00,"1,950.00","6,050.00",76%
Quezon,DR 025651,08-Mar-25,CIUMADE TAB,3.00,"1,400.00","4,200.00","1,260.00","2,940.00",450.00,"1,350.00","1,590.00",38%
Quezon,DR 025651,08-Mar-25,EXECORE 500MG TAB,1.00,"3,400.00","3,400.00","1,020.00","2,380.00",78.00,78.00,"2,302.00",68%
Quezon,DR 025651,08-Mar-25,DOLO-JAGA 500MG/50MG/100MG/100MCG,2.00,"2,000.00","4,000.00","1,200.00","2,800.00",615.00,"1,230.00","1,570.00",39%
Quezon,DR 025651,08-Mar-25,SOLVAPRINE 10MG TAB,2.00,"1,000.00","2,000.00",600.00,"1,400.00",150.00,300.00,"1,100.00",55%
Quezon,DR 025652,15-Mar-25,HYCLENS WOUND SPRAY 2% 60ML,20.00,550.00,"11,000.00","1,100.00","9,900.00",114.66,"2,293.20","7,606.80",69%
Quezon,DR 025653,15-Mar-25,VOXOLL 15MG/5ML,10.00,80.00,800.00,240.00,560.00,33.00,330.00,230.00,29%
Quezon,DR 025654,15-Mar-25,VOXOLL 15MG/5ML,15.00,80.00,"1,200.00",360.00,840.00,33.00,495.00,345.00,29%
Quezon,DR 025655,15-Mar-25,JAGA 300MG/100MG/100MCG CAP,1.00,"1,540.00","1,540.00",0.00,"1,540.00",530.00,530.00,"1,010.00",66%
Quezon,DR 025656,15-Mar-25,KZIDINE 35MG,10.00,"1,350.00","13,500.00","4,725.00","8,775.00",600.00,"6,000.00","2,775.00",21%
Quezon,DR 025657,15-Mar-25,SAPHARIN 20MG/ML,10.00,270.00,"2,700.00",0.00,"2,700.00",154.00,"1,540.00","1,160.00",43%
Quezon,DR 025658,15-Mar-25,EUROMED MAGNESIUM SULFATE 250MG/ML (25%) 20ML,30.00,100.00,"3,000.00",0.00,"3,000.00",57.75,"1,732.50","1,267.50",42%
Quezon,DR 025658,15-Mar-25,MERGOT 125MCG,2.00,"1,150.00","2,300.00",0.00,"2,300.00",680.00,"1,360.00",940.00,41%
Quezon,DR 025659,15-Mar-25,SANOVIZ OB PLUS CAP,2.00,700.00,"1,400.00",0.00,"1,400.00",525.00,"1,050.00",350.00,25%
Quezon,DR 025660,15-Mar-25,HYCLENS WOUND SPRAY 2% 60ML,10.00,280.00,"2,800.00",0.00,"2,800.00",114.66,"1,146.60","1,653.40",59%
Quezon,DR 025660,15-Mar-25,HYCLENS WOUND SPRAY 2% 120ML BOV,3.00,550.00,"1,650.00",0.00,"1,650.00",392.00,"1,176.00",474.00,29%
Quezon,DR 025660,15-Mar-25,HYCLENS OB WASH 1% 100ML,5.00,326.00,"1,630.00",0.00,"1,630.00",138.60,693.00,937.00,57%
Quezon,DR 025661,15-Mar-25,MULTI-GROW 120ML,50.00,255.00,"12,750.00",0.00,"12,750.00",90.00,"4,500.00","8,250.00",65%
Quezon,DR 025661,15-Mar-25,AMOLTEX 2MG/5ML,36.00,98.00,"3,528.00",0.00,"3,528.00",28.00,"1,008.00","2,520.00",71%
Quezon,DR 025662,15-Mar-25,EMZART-40 40MG,13.00,576.00,"7,488.00",0.00,"7,488.00",156.00,"2,028.00","5,460.00",73%
Quezon,DR 025665,08-Mar-25,MERGOT 125MCG,1.00,850.00,850.00,0.00,850.00,680.00,680.00,170.00,20%
Quezon,DR 025666,22-Mar-25,FOLACID 5MG CAP,10.00,615.00,"6,150.00","1,845.00","4,305.00",236.25,"2,362.50","1,942.50",32%
Quezon,DR 025663,08-Mar-25,UNISOL-M,1.00,"1,400.00","1,400.00",420.00,980.00,385.00,385.00,595.00,43%
Quezon,DR 025663,08-Mar-25,CIXTOR-Z 500MG/10MG,1.00,757.00,757.00,227.10,529.90,210.00,210.00,319.90,42%
Quezon,DR 025663,08-Mar-25,FOLACID 5MG CAP,1.00,800.00,800.00,240.00,560.00,236.25,236.25,323.75,40%
Admin,DR 025287,20-Mar-25,TRANEXSAPH 500MG,7.00,"1,500.00","10,500.00",0.00,"10,500.00",365.00,"2,555.00","7,945.00",76%
Admin,DR 025287,20-Mar-25,HYCLENS OB WASH 1% 100ML,10.00,326.00,"3,260.00",0.00,"3,260.00",138.60,"1,386.00","1,874.00",57%
Admin,DR 025287,20-Mar-25,SANOMAX-FA,7.00,"1,400.00","9,800.00",0.00,"9,800.00",560.00,"3,920.00","5,880.00",60%
Admin,DR 025287,20-Mar-25,FERGLOBIN FA 60MG/400MCG CAP,7.00,642.86,"4,500.02",0.00,"4,500.02",325.00,"2,275.00","2,225.02",49%
Admin,DR 025287,20-Mar-25,CIUMADE TAB,7.00,678.57,"4,749.99",0.00,"4,749.99",450.00,"3,150.00","1,599.99",34%
Admin,DR 025287,20-Mar-25,MEDIROSE 1000MG/992MG,7.00,"1,000.00","7,000.00",0.00,"7,000.00",145.00,"1,015.00","5,985.00",86%
Batangas,DR 025650,22-Mar-25,AMCETAM 150MG/ML 2ML,10.00,245.00,"2,450.00",0.00,"2,450.00",42.00,420.00,"2,030.00",83%
Batangas,DR 025650,22-Mar-25,PLAZIMIDE 5MG/ML (10MG/2ML),10.00,140.00,"1,400.00",0.00,"1,400.00",60.00,600.00,800.00,57%
Batangas,DR 025650,22-Mar-25,AMBIDAZOL 125MG/5ML,6.00,36.00,216.00,0.00,216.00,17.00,102.00,114.00,53%
Batangas,DR 025650,22-Mar-25,EUROMED MAGNESIUM SULFATE 250MG/ML (25%) 20ML,10.00,168.00,"1,680.00",0.00,"1,680.00",57.75,577.50,"1,102.50",66%
Batangas,DR 025650,22-Mar-25,MAZINE 10MG/G 20G,6.00,142.00,852.00,0.00,852.00,55.00,330.00,522.00,61%
Batangas,DR 025650,22-Mar-25,DOLOGESIC 325MG/37.5MG TAB,2.00,756.00,"1,512.00",0.00,"1,512.00",270.00,540.00,972.00,64%
Batangas,DR 025650,22-Mar-25,AMBILYTE SACHET,1.00,150.00,150.00,0.00,150.00,57.00,57.00,93.00,62%
Batangas,DR 025649,22-Mar-25,HYCLENS GARGLE 0.12% 120ML,10.00,198.00,"1,980.00",0.00,"1,980.00",88.00,880.00,"1,100.00",56%
Batangas,DR 025649,22-Mar-25,HYCLENS WOUND SPRAY 2% 60ML,12.00,286.00,"3,432.00",0.00,"3,432.00",114.66,"1,375.92","2,056.08",60%
Batangas,DR 025648,22-Mar-25,TRIZEF 200MG TAB,2.00,"9,375.00","18,750.00",0.00,"18,750.00","1,600.00","3,200.00","15,550.00",83%
Batangas,DR 025647,22-Mar-25,TRIDEN 160MG TAB,5.00,"2,560.00","12,800.00",0.00,"12,800.00",720.00,"3,600.00","9,200.00",72%
Batangas,DR 025646,22-Mar-25,AFENAX 100MG TAB,5.00,"1,980.00","9,900.00",0.00,"9,900.00",595.00,"2,975.00","6,925.00",70%
Batangas,DR 025646,22-Mar-25,JAGA 300MG/100MG/100MCG CAP,3.00,"1,590.00","4,770.00",0.00,"4,770.00",530.00,"1,590.00","3,180.00",67%
Batangas,DR 025645,22-Mar-25,EMZART-80 80MG,10.00,948.00,"9,480.00",0.00,"9,480.00",264.00,"2,640.00","6,840.00",72%
Batangas,DR 025645,22-Mar-25,EMLOR PLUS 5MG/50MG,10.00,590.00,"5,900.00",0.00,"5,900.00",216.00,"2,160.00","3,740.00",63%
Batangas,DR 025644,22-Mar-25,VOXOLL 30MG,5.00,800.00,"4,000.00",0.00,"4,000.00",168.00,840.00,"3,160.00",79%
Batangas,DR 025644,22-Mar-25,ROSVA 10-10MG,5.00,735.00,"3,675.00",0.00,"3,675.00",250.00,"1,250.00","2,425.00",66%
Batangas,DR 025644,22-Mar-25,ROSVA 20-20MG,5.00,"1,090.00","5,450.00",0.00,"5,450.00",273.00,"1,365.00","4,085.00",75%
Batangas,DR 025644,22-Mar-25,DOLOGESIC 325MG/37.5MG TAB,3.00,"1,080.00","3,240.00",0.00,"3,240.00",270.00,810.00,"2,430.00",75%
Batangas,DR 025643,22-Mar-25,JAGA 300MG/100MG/100MCG CAP,2.00,"1,590.00","3,180.00",159.00,"3,021.00",530.00,"1,060.00","1,961.00",62%
Batangas,DR 025643,22-Mar-25,ENHAMOX 500MG/125MG,3.00,"3,600.00","10,800.00",540.00,"10,260.00","1,115.00","3,345.00","6,915.00",64%
Batangas,DR 025643,22-Mar-25,CENDALEX 500MG,5.00,"1,100.00","5,500.00",275.00,"5,225.00",287.50,"1,437.50","3,787.50",69%
Batangas,DR 025643,22-Mar-25,EMLOR PLUS 5MG/50MG,5.00,590.00,"2,950.00",147.50,"2,802.50",216.00,"1,080.00","1,722.50",58%
Batangas,DR 025643,22-Mar-25,ENHAMOX 250MG/62.5MG/5ML 60ML,20.00,400.00,"8,000.00",400.00,"7,600.00",136.00,"2,720.00","4,880.00",61%
Quezon,DR 025667,22-Mar-25,SANOMAX-FA,5.00,"1,400.00","7,000.00","2,100.00","4,900.00",560.00,"2,800.00","2,100.00",30%
Quezon,DR 025599,22-Mar-25,SAPHLOR-50 50MG,1.00,300.00,300.00,30.00,270.00,63.00,63.00,207.00,69%
Quezon,DR 025599,22-Mar-25,CLOPEGEN 75MG,1.00,850.00,850.00,85.00,765.00,98.00,98.00,667.00,78%
Quezon,DR 025599,22-Mar-25,TELSITAN-40 40MG,1.00,750.00,750.00,75.00,675.00,341.00,341.00,334.00,45%
Quezon,DR 025599,22-Mar-25,FENOCARE 200MG CAP,1.00,600.00,600.00,60.00,540.00,272.00,272.00,268.00,45%
Quezon,DR 025599,22-Mar-25,SAPHCLAZIDE-60 60MG,1.00,700.00,700.00,70.00,630.00,515.00,515.00,115.00,16%
Quezon,DR 025598,22-Mar-25,CIXTOR-Z 500MG/10MG,5.00,757.00,"3,785.00","1,135.50","2,649.50",210.00,"1,050.00","1,599.50",42%
Quezon,DR 025597,22-Mar-25,VOXOLL 15MG/5ML,24.00,80.00,"1,920.00",576.00,"1,344.00",33.00,792.00,552.00,29%
Quezon,DR 025596,22-Mar-25,FERGLOBIN 250MG CAP,10.00,750.00,"7,500.00","2,250.00","5,250.00",325.00,"3,250.00","2,000.00",27%
Hospital,DR MS 03078,22-Mar-25,EUROXONE 1G IV,100.00,219.00,"21,900.00",0.00,"21,900.00",73.00,"7,300.00","14,600.00",67%
Hospital,DR MS 03076,22-Mar-25,BABY OIL 50ML (JOHNSON),36.00,64.00,"2,304.00",0.00,"2,304.00",50.00,"1,800.00",504.00,22%
Hospital,DR MS 03076,22-Mar-25,PAPER TOWEL 175PULL-UPS (FEMME),30.00,80.00,"2,400.00",0.00,"2,400.00",53.75,"1,612.50",787.50,33%
Hospital,DR MS 03048,22-Mar-25,ANTIZOAL 5MG/ML (500MG/100ML) 100ML,100.00,120.00,"12,000.00",0.00,"12,000.00",15.00,"1,500.00","10,500.00",88%
Hospital,DR MS 03075,22-Mar-25,DISPOSABLE DIAPER ADULT XL (HEXACARE),4.00,320.00,"1,280.00",0.00,"1,280.00",203.00,812.01,467.99,37%
Hospital,DR MS 03075,22-Mar-25,DISPOSABLE DIAPER ADULT XL (EVERWELL),31.00,320.00,"9,920.00",0.00,"9,920.00",170.00,"5,270.00","4,650.00",47%
Hospital,DR MS 03075,22-Mar-25,BATHROOM TISSUE 2PLY 12'S (FEMME),6.00,168.00,"1,008.00",0.00,"1,008.00",107.00,642.00,366.00,36%
Government,DR MS 03009,29-Mar-25,CORPILYN 250MG,10.00,245.10,"2,451.00",0.00,"2,451.00",11.80,118.00,"2,333.00",95%
Government,DR MS 03009,29-Mar-25,CLINDANOVA 300MG CAP,3.00,472.00,"1,416.00",0.00,"1,416.00",370.00,"1,110.00",306.00,22%
Government,DR MS 03009,29-Mar-25,CELEKOP 200MG CAP,5.00,254.00,"1,270.00",0.00,"1,270.00",130.00,650.00,620.00,49%
Hospital,DR MS 03039,15-Mar-25,PHYTOBAS 10MG/ML IV,10.00,900.00,"9,000.00",0.00,"9,000.00",140.00,"1,400.00","7,600.00",84%
Government,DR MS 03009,29-Mar-25,ALLERCHEM 5MG/5ML,30.00,27.00,810.00,0.00,810.00,18.50,555.00,255.00,31%
Government,DR MS 03009,29-Mar-25,MEDIVAZT-20 20MG,3.00,200.00,600.00,0.00,600.00,120.00,360.00,240.00,40%
Government,DR MS 03009,29-Mar-25,CETIRIGEN 2.5MG/ML,30.00,35.50,"1,065.00",0.00,"1,065.00",21.00,630.00,435.00,41%
Government,DR MS 03009,29-Mar-25,CLOXANE 500MG,5.00,370.00,"1,850.00",0.00,"1,850.00",266.00,"1,330.00",520.00,28%
Hospital,DR MS 03079,22-Mar-25,METACORT 4MG/ML (8MG/2ML) 2ML,5.00,"1,690.00","8,450.00",0.00,"8,450.00",500.00,"2,500.00","5,950.00",70%
Government,DR MS 03009,29-Mar-25,GENTAM 40MG/ML (80MG/2ML) 2ML,10.00,84.50,845.00,0.00,845.00,43.00,430.00,415.00,49%
Government,DR MS 03009,29-Mar-25,HYDROCORTIBAS 100MG VIAL,10.00,352.10,"3,521.00",0.00,"3,521.00",256.00,"2,560.00",961.00,27%
Government,DR MS 03009,29-Mar-25,PLAZIMIDE 5MG/ML (10MG/2ML),5.00,81.70,408.50,0.00,408.50,60.00,300.00,108.50,27%
Government,DR MS 03009,29-Mar-25,ABHAY-TOX 40IU/0.5ML VIAL,30.00,852.50,"25,575.00",0.00,"25,575.00",570.00,"17,100.00","8,475.00",33%
Government,DR MS 03029,29-Mar-25,ZINACARE 750MG W/ DILUENT,200.00,49.30,"9,860.00",0.00,"9,860.00",26.00,"5,200.00","4,660.00",47%
Government,DR MS 03029,29-Mar-25,AZCORE 500MG TAB,10.00,847.50,"8,475.00",0.00,"8,475.00",285.00,"2,850.00","5,625.00",66%
Government,DR MS 03029,29-Mar-25,HAIXONE WITH DILUENT 1G,200.00,50.70,"10,140.00",0.00,"10,140.00",26.00,"5,200.00","4,940.00",49%
Government,DR MS 03080,29-Mar-25,OPREX 40MG IV,30.00,366.20,"10,986.00",0.00,"10,986.00",180.00,"5,400.00","5,586.00",51%
Admin,DR 025289,25-Mar-25,BENERVA PLUS 500MG/50MG/100MG/100MCG,3.00,"1,200.00","3,600.00",0.00,"3,600.00",615.00,"1,845.00","1,755.00",49%
Batangas,DR 025704,29-Mar-25,TRIDEN 160MG TAB,3.00,"2,560.00","7,680.00",0.00,"7,680.00",720.00,"2,160.00","5,520.00",72%
Batangas,DR 025704,29-Mar-25,TERMAGEN 500MG TAB,1.00,250.00,250.00,0.00,250.00,105.00,105.00,145.00,58%
Batangas,DR 025704,29-Mar-25,ZILTEM 25MG,1.00,"5,600.00","5,600.00",0.00,"5,600.00","1,533.33","1,533.33","4,066.67",73%
Batangas,DR 025703,29-Mar-25,DOLO-JAGA 500MG/50MG/100MG/100MCG,5.00,"1,800.00","9,000.00",0.00,"9,000.00",615.00,"3,075.00","5,925.00",66%
Batangas,DR 025703,29-Mar-25,EMLOR PLUS 5MG/50MG,10.00,590.00,"5,900.00",0.00,"5,900.00",216.00,"2,160.00","3,740.00",63%
Batangas,DR 025702,29-Mar-25,EMZART-40 40MG,10.00,548.00,"5,480.00",0.00,"5,480.00",156.00,"1,560.00","3,920.00",72%
Batangas,DR 025702,29-Mar-25,ROSVA 20-20MG,10.00,"1,090.00","10,900.00",0.00,"10,900.00",273.00,"2,730.00","8,170.00",75%
Batangas,DR 025701,29-Mar-25,HIVENT PLUS 500MCG+2.5MG/2.5ML,10.00,708.75,"7,087.50",0.00,"7,087.50",381.00,"3,810.00","3,277.50",46%
Batangas,DR 025705,29-Mar-25,ZELEX 200MG CAP,2.00,"2,800.00","5,600.00",0.00,"5,600.00",925.00,"1,850.00","3,750.00",67%
Batangas,DR 025705,29-Mar-25,EMLOR PLUS 5MG/50MG,5.00,590.00,"2,950.00",0.00,"2,950.00",216.00,"1,080.00","1,870.00",63%
Batangas,DR 025705,29-Mar-25,ENHAMOX 250MG/62.5MG/5ML 60ML,10.00,400.00,"4,000.00",0.00,"4,000.00",136.00,"1,360.00","2,640.00",66%
Admin,DR 025290,31-Mar-25,SOLVAPRINE 10MG TAB,14.00,671.43,"9,400.02",0.00,"9,400.02",150.00,"2,100.00","7,300.02",78%
Admin,DR 025290,31-Mar-25,CIXTOR-Z 500MG/10MG,7.00,630.00,"4,410.00",0.00,"4,410.00",210.00,"1,470.00","2,940.00",67%
Admin,DR 025290,31-Mar-25,APCELAC 500MG,7.00,655.00,"4,585.00",0.00,"4,585.00",400.00,"2,800.00","1,785.00",39%
Admin,DR 025290,31-Mar-25,SANOMAX-FA,7.00,"1,400.00","9,800.00",0.00,"9,800.00",560.00,"3,920.00","5,880.00",60%
Admin,DR 025290,31-Mar-25,CIUMADE TAB,7.00,678.57,"4,749.99",0.00,"4,749.99",450.00,"3,150.00","1,599.99",34%
Batangas,DR 025711,05-Apr-25,JAGA 300MG/100MG/100MCG CAP,2.00,"1,590.00","3,180.00",0.00,"3,180.00",530.00,"1,060.00","2,120.00",67%
Batangas,DR 025710,05-Apr-25,CENDALEX 500MG,2.00,"1,100.00","2,200.00",0.00,"2,200.00",287.50,575.00,"1,625.00",74%
Batangas,DR 025709,05-Apr-25,ENHAMOX 500MG/125MG,2.00,"3,600.00","7,200.00",0.00,"7,200.00","1,115.00","2,230.00","4,970.00",69%
Batangas,DR 025708,05-Apr-25,ROSVA 10-10MG,5.00,735.00,"3,675.00",0.00,"3,675.00",250.00,"1,250.00","2,425.00",66%
Batangas,DR 025708,05-Apr-25,PREVEN-Z GOLD 500MG/10MG/1000IU,3.00,"1,600.00","4,800.00",0.00,"4,800.00",445.00,"1,335.00","3,465.00",72%
Batangas,DR 025708,05-Apr-25,JAGA 300MG/100MG/100MCG CAP,5.00,"1,590.00","7,950.00",0.00,"7,950.00",530.00,"2,650.00","5,300.00",67%
Batangas,DR 025707,05-Apr-25,EMLOR PLUS 5MG/50MG,15.00,590.00,"8,850.00",0.00,"8,850.00",216.00,"3,240.00","5,610.00",63%
Batangas,DR 025707,05-Apr-25,DOLOGESIC 325MG/37.5MG TAB,5.00,"1,080.00","5,400.00",0.00,"5,400.00",270.00,"1,350.00","4,050.00",75%
Batangas,DR 025706,05-Apr-25,CENDALEX 500MG,6.00,"1,100.00","6,600.00",330.00,"6,270.00",287.50,"1,725.00","4,545.00",69%
Batangas,DR 025706,05-Apr-25,EMLOR PLUS 5MG/50MG,3.00,590.00,"1,770.00",88.50,"1,681.50",216.00,648.00,"1,033.50",58%
Batangas,DR 025706,05-Apr-25,ENHAMOX 500MG/125MG,3.00,"3,600.00","10,800.00",540.00,"10,260.00","1,115.00","3,345.00","6,915.00",64%
Hospital,DR MS 02982,05-Apr-25,HYPERSTOP 25MG TAB,10.00,63.00,630.00,0.00,630.00,38.00,380.00,250.00,40%
Hospital,DR MS 02982,05-Apr-25,ENOXAGET-40 40MG/0.4ML,500.00,"1,239.44","619,720.00",0.00,"619,720.00",640.00,"320,000.00","299,720.00",48%
Hospital,DR MS 02982,05-Apr-25,TROYNOXA-60 60MG/0.6ML,"1,000.00","1,042.25","1,042,250.00",0.00,"1,042,250.00",404.00,"404,000.00","638,250.00",61%
Hospital,DR MS 02982,05-Apr-25,DIUFED 10MG/ML (20MG/2ML) 2ML,"1,500.00",81.70,"122,550.00",0.00,"122,550.00",48.00,"72,000.00","50,550.00",41%
Hospital,DR MS 02982,05-Apr-25,IRBEQ 150 150MG,5.00,515.00,"2,575.00",0.00,"2,575.00",353.00,"1,765.00",810.00,31%
Hospital,DR MS 02982,05-Apr-25,SUCROL-500 500MG,5.00,125.00,625.00,0.00,625.00,35.00,175.00,450.00,72%
Hospital,DR MS 02982,05-Apr-25,MYCLOSIL 10MG,1.00,120.00,120.00,0.00,120.00,83.00,83.00,37.00,31%
Hospital,DR MS 02982,05-Apr-25,IMPODEX 500MCG,1.00,82.00,82.00,0.00,82.00,54.00,54.00,28.00,34%
Hospital,DR MS 02982,05-Apr-25,MORNEM 500MG,148.00,245.00,"36,260.00",0.00,"36,260.00",160.00,"23,680.00","12,580.00",35%
Hospital,DR MS 02984,05-Apr-25,ENDOPROST 250MCG/ML,100.00,"2,475.00","247,500.00",0.00,"247,500.00","1,325.00","132,500.00","115,000.00",46%
Hospital,DR MS 03051,05-Apr-25,ENDOPROST 250MCG/ML,200.00,"2,475.00","495,000.00",0.00,"495,000.00","1,325.00","265,000.00","230,000.00",46%
Hospital,DR MS 03051,05-Apr-25,KOVENT SF 25MCG/250MCG MDI,30.00,496.00,"14,880.00",0.00,"14,880.00",320.00,"9,600.00","5,280.00",35%
Hospital,DR MS 03051,05-Apr-25,SAPHARIN 20MG/ML,34.00,291.50,"9,911.00",0.00,"9,911.00",154.00,"5,236.00","4,675.00",47%
Hospital,DR MS 03051,05-Apr-25,ZEFTACARE 1G IV,410.00,59.15,"24,251.50",0.00,"24,251.50",44.00,"18,040.00","6,211.50",26%
Hospital,DR MS 03004,05-Apr-25,MORNEM 500MG,352.00,245.00,"86,240.00",0.00,"86,240.00",160.00,"56,320.00","29,920.00",35%
Hospital,DR MS 03023,05-Apr-25,HAIXONE WITH DILUENT 1G,"6,000.00",50.70,"304,200.00",0.00,"304,200.00",26.00,"156,000.00","148,200.00",49%
Hospital,DR MS 03036,05-Apr-25,ZEFTACARE 1G IV,"3,590.00",59.15,"212,348.50",0.00,"212,348.50",44.00,"157,960.00","54,388.50",26%
Hospital,DR MS 03089,05-Apr-25,SAPHARIN 20MG/ML,16.00,291.50,"4,664.00",0.00,"4,664.00",154.00,"2,464.00","2,200.00",47%
Quezon,DR 025600,29-Mar-25,ATREX 1MG/ML IV,5.00,780.00,"3,900.00",0.00,"3,900.00",210.00,"1,050.00","2,850.00",73%
Quezon,DR 025600,29-Mar-25,EPIX 1MG/ML IV,20.00,780.00,"15,600.00",0.00,"15,600.00",120.00,"2,400.00","13,200.00",85%
Quezon,DR 025600,29-Mar-25,SAPHARIN 20MG/ML,1.00,"2,410.71","2,410.71",0.00,"2,410.71",154.00,154.00,"2,256.71",94%
Quezon,DR 025600,29-Mar-25,OPTRYL 5MG/G (0.5%) 5G,50.00,215.00,"10,750.00",0.00,"10,750.00",136.10,"6,805.00","3,945.00",37%
Quezon,DR 025600,29-Mar-25,PHYTOBAS 10MG/ML IV,30.00,830.00,"24,900.00",0.00,"24,900.00",140.00,"4,200.00","20,700.00",83%
Quezon,DR 025675,05-Apr-25,KZIDINE 35MG,10.00,"1,350.00","13,500.00","4,725.00","8,775.00",600.00,"6,000.00","2,775.00",21%
Quezon,DR 025674,29-Mar-25,EMZART-80 80MG,10.00,363.00,"3,630.00",0.00,"3,630.00",264.00,"2,640.00",990.00,27%
Quezon,DR 025673,29-Mar-25,CARVIDA 6.25MG,50.00,528.00,"26,400.00",0.00,"26,400.00",132.00,"6,600.00","19,800.00",75%
Quezon,DR 025672,05-Apr-25,HYCLENS WOUND SPRAY 2% 60ML,26.00,258.46,"6,720.00",0.00,"6,720.00",114.66,"2,981.16","3,738.84",56%
Marinduque,DR 025670,29-Mar-25,JAGA 300MG/100MG/100MCG CAP,4.00,"1,540.00","6,160.00","1,848.00","4,312.00",530.00,"2,120.00","2,192.00",36%
Marinduque,DR 025669,29-Mar-25,HYCLENS WOUND SPRAY 2% 60ML,35.00,280.00,"9,800.00",980.00,"8,820.00",114.66,"4,013.10","4,806.90",49%
Quezon,DR 025668,29-Mar-25,VOXOLL 30MG,2.00,800.00,"1,600.00",480.00,"1,120.00",168.00,336.00,784.00,49%
Admin,DR 025291,07-Apr-25,FOLACID 5MG CAP,7.00,464.29,"3,250.03",0.00,"3,250.03",236.25,"1,653.75","1,596.28",49%
Admin,DR 025291,07-Apr-25,FERGLOBIN FA 60MG/400MCG CAP,7.00,642.86,"4,500.02",0.00,"4,500.02",325.00,"2,275.00","2,225.02",49%
Admin,DR 025291,07-Apr-25,KOXIB 200MG CAP,7.00,"2,800.00","19,600.00",0.00,"19,600.00",925.00,"6,475.00","13,125.00",67%
Admin,DR 025291,07-Apr-25,DOPAMET 250MG,7.00,780.00,"5,460.00",0.00,"5,460.00",195.00,"1,365.00","4,095.00",75%
Admin,DR 025291,07-Apr-25,MERGOT 125MCG,7.00,"2,000.00","14,000.00",0.00,"14,000.00",680.00,"4,760.00","9,240.00",66%
Admin,DR 025291,07-Apr-25,DIACYSTEINE 600- 600MG,7.00,385.00,"2,695.00",0.00,"2,695.00",115.00,805.00,"1,890.00",70%
Admin,DR 025291,07-Apr-25,GLOVES MEDIUM NITRILE NONSTERILE (SURGITECH),3.00,450.00,"1,350.00",0.00,"1,350.00",200.00,600.00,750.00,56%
Admin,DR 025291,07-Apr-25,HYCLENS OB WASH 1% 100ML,10.00,152.50,"1,525.00",0.00,"1,525.00",138.60,"1,386.00",139.00,9%
Admin,DR 025292,07-Apr-25,TRANSPORE 0.5X10 1.25CMX9.1M (3M),1.00,"1,100.00","1,100.00",0.00,"1,100.00",650.00,650.00,450.00,41%
Quezon,DR 025678,05-Apr-25,HYCLENS WOUND SPRAY 2% 60ML,12.00,280.00,"3,360.00",336.00,"3,024.00",114.66,"1,375.92","1,648.08",49%
Quezon,DR 025677,05-Apr-25,HYCLENS GARGLE 0.12% 120ML,24.00,208.00,"4,992.00",0.00,"4,992.00",88.00,"2,112.00","2,880.00",58%
Quezon,DR 025676,05-Apr-25,EPIX 1MG/ML IV,10.00,780.00,"7,800.00",0.00,"7,800.00",120.00,"1,200.00","6,600.00",85%
Admin,DR 025293,12-Apr-25,HYCLENS WOUND SPRAY 2% 60ML,2.00,220.00,440.00,0.00,440.00,114.66,229.32,210.68,48%
Hospital,DR MS 03097,05-Apr-25,ENDOPROST 125MCG/ML,5.00,"3,960.00","19,800.00",0.00,"19,800.00",940.00,"4,700.00","15,100.00",76%
Hospital,DR MS 03098,05-Apr-25,RAXIDINE 25MG/ML 2ML,10.00,"1,300.00","13,000.00",0.00,"13,000.00",100.00,"1,000.00","12,000.00",92%
Hospital,DR MS 03096,12-Apr-25,ANTIZOAL 5MG/ML (500MG/100ML) 100ML,100.00,120.00,"12,000.00",0.00,"12,000.00",15.00,"1,500.00","10,500.00",88%
Hospital,DR MS 03094,12-Apr-25,ANTIZOAL 5MG/ML (500MG/100ML) 100ML,70.00,90.00,"6,300.00",0.00,"6,300.00",15.00,"1,050.00","5,250.00",83%
Hospital,DR MS 03094,12-Apr-25,BUPIRIGHT 5MG/ML 0.5% IN 8% 4ML,50.00,620.00,"31,000.00",0.00,"31,000.00",165.18,"8,259.00","22,741.00",73%
Hospital,DR MS 03094,12-Apr-25,DIFLOSID 25MG/ML 3ML,9.00,750.00,"6,750.00",0.00,"6,750.00",126.00,"1,134.00","5,616.00",83%
Hospital,DR MS 03094,12-Apr-25,DIFLOSID 25MG/ML 3ML,1.00,750.00,750.00,0.00,750.00,126.00,126.00,624.00,83%
Hospital,DR MS 03094,12-Apr-25,ENDOPROST 125MCG/ML,4.00,"1,980.00","7,920.00",0.00,"7,920.00",940.00,"3,760.00","4,160.00",53%
Hospital,DR MS 03094,12-Apr-25,EVAPROST 250MCG/ML IV,1.00,"9,600.00","9,600.00",0.00,"9,600.00","3,575.00","3,575.00","6,025.00",63%
Hospital,DR MS 03094,12-Apr-25,EUROXONE 1G IV,30.00,120.00,"3,600.00",0.00,"3,600.00",73.00,"2,190.00","1,410.00",39%
Hospital,DR MS 03094,12-Apr-25,ENHAMOX 500MG/125MG,7.00,"2,800.20","19,601.40",0.00,"19,601.40","1,115.00","7,805.00","11,796.40",60%
Hospital,DR MS 03094,12-Apr-25,DOLO-JAGA 500MG/50MG/100MG/100MCG,2.00,"1,550.00","3,100.00",0.00,"3,100.00",615.00,"1,230.00","1,870.00",60%
Hospital,DR MS 03094,12-Apr-25,LIFERZIN 1G IV,3.00,"1,280.00","3,840.00",0.00,"3,840.00",175.00,525.00,"3,315.00",86%
Hospital,DR MS 03094,12-Apr-25,AMBIDOL 50MG/ML (100MG/2ML) 2ML,7.00,"1,200.00","8,400.00",0.00,"8,400.00",62.00,434.00,"7,966.00",95%
Hospital,DR MS 03094,12-Apr-25,MERGOT 125MCG,1.00,"2,000.00","2,000.00",0.00,"2,000.00",680.00,680.00,"1,320.00",66%
Admin,DR 025294,08-Apr-25,SOLVAPRINE 10MG TAB,7.00,671.43,"4,700.01",0.00,"4,700.01",150.00,"1,050.00","3,650.01",78%
Admin,DR 025294,08-Apr-25,APCELAC 500MG,7.00,655.00,"4,585.00",0.00,"4,585.00",400.00,"2,800.00","1,785.00",39%
Quezon,DR 025679,05-Apr-25,BENERVA PLUS 500MG/50MG/100MG/100MCG,3.00,"1,200.00","3,600.00",0.00,"3,600.00",615.00,"1,845.00","1,755.00",49%
Quezon,DR 025679,05/04/2025,JAGA 300MG/100MG/100MCG CAP, 2.00 ," 1,078.00 "," 2,156.00 ", -   ,"2,156.00", 530.00 ," 1,060.00 ","1,096.00",51%
Hospital,DR RT 0001005,12/04/2025,"QMC # 141,140.00", 1.00 ," 28,930.00 "," 28,930.00 ", -   ,"28,930.00"," 82,365.00 "," 82,365.00 ","-53,435.00",-185%
Hospital,DR RT 0001006,12/04/2025,, 1.00 ," 39,540.00 "," 39,540.00 ", -   ,"39,540.00",,,"39,540.00",100%
Hospital,DR RT 0001007,12/04/2025,, 1.00 ," 34,930.00 "," 34,930.00 ", -   ,"34,930.00",,,"34,930.00",100%
Hospital,DR RT 0001008,12/04/2025,, 1.00 ," 25,720.00 "," 25,720.00 ", -   ,"25,720.00",,,"25,720.00",100%
Hospital,DR RT 0001009-0001010,12/04/2025,, 1.00 ," 11,700.00 "," 11,700.00 ", -   ,"11,700.00",,,"11,700.00",100%
Batangas,DR 025712,12/04/2025,KETOROBAS 30MG/ML, 8.00 , 400.00 ," 3,200.00 ", -   ,"3,200.00", 130.00 ," 1,040.00 ","2,160.00",68%
Batangas,DR 025712,12/04/2025,RETANYX 10MG, 2.00 , 100.00 , 200.00 , -   ,200.00, 36.00 , 72.00 ,128.00,64%
Batangas,DR 025712,12/04/2025,RETAPROBAN 20MG/G (2% w/w) 5G, 4.00 , 84.00 , 336.00 , -   ,336.00, 42.00 , 168.00 ,168.00,50%
Batangas,DR 025712,12/04/2025,EASYLAC-3.35G/5ML, 6.00 , 220.00 ," 1,320.00 ", -   ,"1,320.00", 101.00 , 606.00 ,714.00,54%
Batangas,DR 025713,12/04/2025,ROYALENATE 84MG/ML (8.4%) 20ML, 14.00 , 131.50 ," 1,841.00 ", -   ,"1,841.00", 65.67 , 919.33 ,921.67,50%
Batangas,DR 025713,12/04/2025,AMBIDAZOL 125MG/5ML, 6.00 , 36.00 , 216.00 , -   ,216.00, 17.00 , 102.00 ,114.00,53%
Batangas,DR 025713,12/04/2025,SITIBAS-80 80MG, 2.00 , 455.00 , 910.00 , -   ,910.00, 182.00 , 364.00 ,546.00,60%
Batangas,DR 025713,12/04/2025,DOBUTASAPH 12.50MG/ML (250MG/20ML), 10.00 , 392.00 ," 3,920.00 ", -   ,"3,920.00", 188.20 ," 1,882.00 ","2,038.00",52%
Batangas,DR 025714,12/04/2025,FERROLIC 300MG/250MCG, 2.00 , 150.00 , 300.00 , -   ,300.00, 65.00 , 130.00 ,170.00,57%
Batangas,DR 025714,12/04/2025,PRO-FERR 5MG, 2.00 , 230.00 , 460.00 , -   ,460.00, 65.00 , 130.00 ,330.00,72%
Batangas,DR 025714,12/04/2025,MEOXICLAV-DS 457MG/5ML 70ML, 6.00 , 318.00 ," 1,908.00 ", -   ,"1,908.00", 158.00 , 948.00 ,960.00,50%
Batangas,DR 025714,12-Apr-25,MYRENTYL 10MG/60ML,4.00,34.00,136.00,0.00,136.00,17.00,68.00,68.00,50%
Batangas,DR 025715,12-Apr-25,DOLO-JAGA 500MG/50MG/100MG/100MCG,5.00,"1,800.00","9,000.00",0.00,"9,000.00",615.00,"3,075.00","5,925.00",66%
Batangas,DR 025715,12-Apr-25,ROSVA 10-10MG,10.00,735.00,"7,350.00",0.00,"7,350.00",250.00,"2,500.00","4,850.00",66%
Batangas,DR 025716,12-Apr-25,TRIDEN 160MG TAB,5.00,"2,560.00","12,800.00",0.00,"12,800.00",720.00,"3,600.00","9,200.00",72%
Batangas,DR 025717,12-Apr-25,ROSVA 20-20MG,10.00,"1,090.00","10,900.00",0.00,"10,900.00",273.00,"2,730.00","8,170.00",75%
Batangas,DR 025718,12-Apr-25,EMLOR PLUS 5MG/50MG,10.00,590.00,"5,900.00",0.00,"5,900.00",216.00,"2,160.00","3,740.00",63%
Batangas,DR 025719,12-Apr-25,ENHAMOX 250MG/62.5MG/5ML 60ML,10.00,400.00,"4,000.00",200.00,"3,800.00",136.00,"1,360.00","2,440.00",61%
Batangas,DR 025719,12-Apr-25,ZELEX 200MG CAP,2.00,"2,800.00","5,600.00",280.00,"5,320.00",925.00,"1,850.00","3,470.00",62%
Batangas,DR 025719,12-Apr-25,EMLOR PLUS 5MG/50MG,4.00,590.00,"2,360.00",118.00,"2,242.00",216.00,864.00,"1,378.00",58%
Government,DR RT 0001015,12-Apr-25,"PAGBILAO # 10,000.00-4",1.00,"9,875.00","9,875.00",0.00,"9,875.00","6,497.75","6,497.75","3,377.25",34%
Quezon,DR 025682,12-Apr-25,CIXTOR-Z 500MG/10MG,8.00,757.00,"6,056.00","1,816.80","4,239.20",210.00,"1,680.00","2,559.20",42%
Quezon,DR 025683,12-Apr-25,FEBULAS 40-40MG,3.00,497.00,"1,491.00",298.20,"1,192.80",210.00,630.00,562.80,38%
Quezon,DR 025684,12-Apr-25,BERCEF 250MG/5ML,10.00,450.00,"4,500.00",0.00,"4,500.00",180.00,"1,800.00","2,700.00",60%
Quezon,DR 025685,12-Apr-25,EMZART-40 40MG,3.00,495.00,"1,485.00",445.50,"1,039.50",156.00,468.00,571.50,38%
Marinduque,DR 025686,12-Apr-25,JAGA 300MG/100MG/100MCG CAP,2.00,"1,540.00","3,080.00",924.00,"2,156.00",530.00,"1,060.00","1,096.00",36%
Marinduque,DR 025686,12-Apr-25,DOLO-JAGA 500MG/50MG/100MG/100MCG,2.00,"2,000.00","4,000.00","1,200.00","2,800.00",615.00,"1,230.00","1,570.00",39%
Quezon,DR 025687,12-Apr-25,ANEROCIN 300MG CAP,10.00,"2,800.00","28,000.00",0.00,"28,000.00",979.00,"9,790.00","18,210.00",65%
Quezon,DR 025687,12-Apr-25,ALVICA INTENSE 70ML,10.00,470.00,"4,700.00",0.00,"4,700.00",235.00,"2,350.00","2,350.00",50%
Quezon,DR 025687,12-Apr-25,HYOPAN 10MG,5.00,900.00,"4,500.00",0.00,"4,500.00",234.00,"1,170.00","3,330.00",74%
Quezon,DR 25681,12-Apr-25,EUROMED MAGNESIUM SULFATE 250MG/ML (25%) 20ML,25.00,100.00,"2,500.00",0.00,"2,500.00",57.75,"1,443.75","1,056.25",42%
Quezon,DR 25681,12-Apr-25,AMINOSOL 25MG/ML (250MG/10ML) 10ML,3.00,665.00,"1,995.00",0.00,"1,995.00",85.00,255.00,"1,740.00",87%
Quezon,DR 25681,12-Apr-25,GOPAMINE 40MG/ML (200MG/5ML) 5ML,126.00,200.00,"25,200.00",0.00,"25,200.00",155.00,"19,530.00","5,670.00",23%
Batangas,DR 025720,19-Apr-25,EMZART-40 40MG,20.00,548.00,"10,960.00",0.00,"10,960.00",156.00,"3,120.00","7,840.00",72%
Batangas,DR 025720,19-Apr-25,DOLO-JAGA 500MG/50MG/100MG/100MCG,1.00,"1,800.00","1,800.00",0.00,"1,800.00",615.00,615.00,"1,185.00",66%
Batangas,DR 025721,19-Apr-25,EMLOR PLUS 5MG/50MG,15.00,590.00,"8,850.00",0.00,"8,850.00",216.00,"3,240.00","5,610.00",63%
Batangas,DR 025721,19-Apr-25,CIUMADE TAB,3.00,990.00,"2,970.00",0.00,"2,970.00",450.00,"1,350.00","1,620.00",55%
Batangas,DR 025722,19-Apr-25,HYCLENS WOUND SPRAY 2% 60ML,20.00,286.00,"5,720.00",0.00,"5,720.00",114.66,"2,293.20","3,426.80",60%
Batangas,DR 025723,19-Apr-25,ENDOPROST 125MCG/ML,2.00,"1,880.00","3,760.00",0.00,"3,760.00",940.00,"1,880.00","1,880.00",50%
Government,DR RT 0001020,26-Apr-25,"PESO PROVINCIAL # 19,864.00",1.00,"9,820.00","9,820.00",0.00,"9,820.00","13,044.85","13,044.85","-3,224.85",-33%
Government,DR RT 0001021,26-Apr-25,,1.00,"10,005.00","10,005.00",0.00,"10,005.00",,,"10,005.00",100%
Government,DR MED 0000001,26-Apr-25,"PESO PROVINCIAL # 960,000.00",1.00,"959,400.00","959,400.00",0.00,"959,400.00","631,285.20","631,285.20","328,114.80",34%
Government,DR RT 0001022,26-Apr-25,"PESO PROVINCIAL # 101,500.00",1.00,"101,350.00","101,350.00",0.00,"101,350.00","66,369.17","66,369.17","34,980.83",35%
Admin,DR 025295,22-Apr-25,SANOMAX-FA,7.00,857.14,"5,999.98",0.00,"5,999.98",560.00,"3,920.00","2,079.98",35%
Admin,DR 025295,22-Apr-25,CIUMADE TAB,7.00,678.57,"4,749.99",0.00,"4,749.99",450.00,"3,150.00","1,599.99",34%
Admin,DR 025295,22-Apr-25,SOLVAPRINE 10MG TAB,14.00,671.43,"9,400.02",0.00,"9,400.02",150.00,"2,100.00","7,300.02",78%
Admin,DR 025295,22-Apr-25,FERGLOBIN FA 60MG/400MCG CAP,7.00,642.86,"4,500.02",0.00,"4,500.02",325.00,"2,275.00","2,225.02",49%
Quezon,DR 025695,26-Apr-25,SANOMAX-FA,5.00,"1,400.00","7,000.00","2,100.00","4,900.00",560.00,"2,800.00","2,100.00",30%
Quezon,DR 025694,26-Apr-25,AMOLTEX 2MG/5ML,28.00,98.00,"2,744.00",0.00,"2,744.00",28.00,784.00,"1,960.00",71%
Quezon,DR 025692,26-Apr-25,CIUMADE TAB,10.00,"1,450.00","14,500.00",0.00,"14,500.00",450.00,"4,500.00","10,000.00",69%
Quezon,DR 025691,26-Apr-25,HYCLENS OB WASH 1% 100ML,10.00,326.00,"3,260.00",0.00,"3,260.00",138.60,"1,386.00","1,874.00",57%
Quezon,DR 025689,19-Apr-25,AMINOSOL 25MG/ML (250MG/10ML) 10ML,5.00,665.00,"3,325.00",0.00,"3,325.00",85.00,425.00,"2,900.00",87%
Quezon,DR 025688,19-Apr-25,CIUMADE TAB,2.00,"1,450.00","2,900.00",870.00,"2,030.00",450.00,900.00,"1,130.00",39%
Quezon,DR 025688,19-Apr-25,FERGLOBIN 250MG CAP,2.00,800.00,"1,600.00",480.00,"1,120.00",325.00,650.00,470.00,29%
Quezon,DR 025690,19-Apr-25,EUROMED MAGNESIUM SULFATE 250MG/ML (25%) 20ML,40.00,100.00,"4,000.00",0.00,"4,000.00",57.75,"2,310.00","1,690.00",42%
Quezon,DR 025690,19-Apr-25,MERGOT 125MCG,2.00,"1,150.00","2,300.00",0.00,"2,300.00",680.00,"1,360.00",940.00,41%
Quezon,DR 025690,19-Apr-25,PHYTOMEN 10MG/ML,30.00,830.00,"24,900.00",0.00,"24,900.00",142.00,"4,260.00","20,640.00",83%
Quezon,DR 025693,26-Apr-25,ENHAMOX 500MG/125MG,1.00,"3,800.00","3,800.00",0.00,"3,800.00","1,115.00","1,115.00","2,685.00",71%
Batangas,DR 025728,26-Apr-25,MUCOLIFAR 500MG TAB,3.00,"3,850.00","11,550.00",0.00,"11,550.00","1,100.00","3,300.00","8,250.00",71%
Batangas,DR 025727,26-Apr-25,DOLOGESIC 325MG/37.5MG TAB,5.00,"1,080.00","5,400.00",0.00,"5,400.00",270.00,"1,350.00","4,050.00",75%
Batangas,DR 025727,26-Apr-25,ENHAMOX 500MG/125MG,3.00,"3,000.00","9,000.00",0.00,"9,000.00","1,115.00","3,345.00","5,655.00",63%
Batangas,DR 025726,26-Apr-25,DOLO-JAGA 500MG/50MG/100MG/100MCG,6.00,"1,800.00","10,800.00",0.00,"10,800.00",615.00,"3,690.00","7,110.00",66%
Batangas,DR 025726,26-Apr-25,CIUMADE TAB,3.00,990.00,"2,970.00",0.00,"2,970.00",450.00,"1,350.00","1,620.00",55%
Batangas,DR 025725,26-Apr-25,ENHAMOX 250MG/62.5MG/5ML 60ML,16.00,400.00,"6,400.00",320.00,"6,080.00",136.00,"2,176.00","3,904.00",61%
Batangas,DR 025725,26-Apr-25,HISTARIL 50MG/1MG/5ML,1.00,960.00,960.00,48.00,912.00,35.00,35.00,877.00,91%
Batangas,DR 025725,26-Apr-25,VOXOLL 30MG,1.00,800.00,800.00,40.00,760.00,168.00,168.00,592.00,74%
Batangas,DR 025724,26-Apr-25,ENHAMOX 500MG/125MG,4.00,"3,600.00","14,400.00",720.00,"13,680.00","1,115.00","4,460.00","9,220.00",64%
Batangas,DR 025724,26-Apr-25,CENDALEX 500MG,6.00,"1,100.00","6,600.00",330.00,"6,270.00",287.50,"1,725.00","4,545.00",69%
Batangas,DR 025724,26-Apr-25,ZELEX 200MG CAP,1.00,"2,800.00","2,800.00",140.00,"2,660.00",925.00,925.00,"1,735.00",62%
Hospital,DR MS 03120,26-Apr-25,ABHAY-TOX 40IU/0.5ML VIAL,5.00,"1,600.00","8,000.00",0.00,"8,000.00",570.00,"2,850.00","5,150.00",64%
Hospital,DR MS 03087,26-Apr-25,ENDOPROST 125MCG/ML,4.00,"1,980.00","7,920.00",0.00,"7,920.00",940.00,"3,760.00","4,160.00",53%
Hospital,DR MS 03109,26-Apr-25,DEXTAR-S 4MG/ML 2ML,10.00,"1,200.00","12,000.00",0.00,"12,000.00",420.00,"4,200.00","7,800.00",65%
Hospital,DR MS 03099,26-Apr-25,GOPAMINE 40MG/ML (200MG/5ML) 5ML,5.00,750.00,"3,750.00",0.00,"3,750.00",155.00,775.00,"2,975.00",79%
Hospital,DR MS 03116,26-Apr-25,RAXIDINE 25MG/ML 2ML,10.00,"1,300.00","13,000.00",0.00,"13,000.00",100.00,"1,000.00","12,000.00",92%
Hospital,DR MS 03117,26-Apr-25,REPAIR FOR IM70 MONITOR,1.00,"64,000.00","64,000.00",0.00,"64,000.00","49,900.00","49,900.00","14,100.00",22%
Hospital,DR MS 03107,26-Apr-25,BABY WASH 100ML (JOHNSON),36.00,85.00,"3,060.00",0.00,"3,060.00",58.00,"2,088.00",972.00,32%
Hospital,DR MS 03107,26-Apr-25,GAUZE ROLL 24X28/36X100 (PROHEALTH),7.00,"1,150.00","8,050.00",0.00,"8,050.00",700.00,"4,900.00","3,150.00",39%
Hospital,DR MS 03107,26-Apr-25,COTTON BALLS 1000S (TENDERSOFT),5.00,260.00,"1,300.00",0.00,"1,300.00",180.00,900.00,400.00,31%
Hospital,DR MS 03107,26-Apr-25,PAPER TOWEL 175PULL-UPS (FEMME),35.00,80.00,"2,800.00",0.00,"2,800.00",53.75,"1,881.25",918.75,33%
Hospital,DR MS 03086,26-Apr-25,ISOXULIDE 5MG/ML 2ML,10.00,"2,152.00","21,520.00",0.00,"21,520.00",538.00,"5,380.00","16,140.00",75%
Hospital,DR MS 03086,26-Apr-25,AZCORE 500MG TAB,2.00,"3,825.00","7,650.00",0.00,"7,650.00",285.00,570.00,"7,080.00",93%
Hospital,DR MS 03086,26-Apr-25,GLIFRED MR30-30MG,8.00,428.00,"3,424.00",0.00,"3,424.00",54.00,432.00,"2,992.00",87%
Hospital,DR MS 03086,26-Apr-25,GLIZEN 60MG,10.00,"1,488.00","14,880.00",0.00,"14,880.00",372.00,"3,720.00","11,160.00",75%
Hospital,DR MS 03086,26-Apr-25,DEXTROSE PLAIN 0.9% SODIUM CHLORIDE PNSS 1000ML (EUROMED),36.00,205.00,"7,380.00",0.00,"7,380.00",82.00,"2,952.00","4,428.00",60%
Hospital,DR MS 03086,26-Apr-25,PROFOSOL 100MG/ML,20.00,968.00,"19,360.00",0.00,"19,360.00",242.00,"4,840.00","14,520.00",75%
Hospital,DR MS 03086,26-Apr-25,DEXICORT 5MG/ML,1.00,"24,192.00","24,192.00",0.00,"24,192.00","6,048.00","6,048.00","18,144.00",75%
Hospital,DR MS 03118,26-Apr-25,PHYTOBAS 10MG/ML IV,10.00,900.00,"9,000.00",0.00,"9,000.00",140.00,"1,400.00","7,600.00",84%
Hospital,DR MS 03129,26-Apr-25,DISPOSABLE SYRINGE LUER LOCK 20CC W/O SYRINGE (TERUMO),4.00,"1,200.00","4,800.00",0.00,"4,800.00",750.00,"3,000.00","1,800.00",38%
Hospital,DR MS 03122,26-Apr-25,AMADOL 150MG/ML 2ML,10.00,363.75,"3,637.50",0.00,"3,637.50",65.00,650.00,"2,987.50",82%
Quezon,DR 025698,30-Apr-25,KZIDINE 35MG,10.00,"1,350.00","13,500.00","4,725.00","8,775.00",600.00,"6,000.00","2,775.00",21%
Quezon,DR 025697,26-Apr-25,CENDALEX 100MG/ML,24.00,125.00,"3,000.00",0.00,"3,000.00",35.70,856.80,"2,143.20",71%
Quezon,DR 025696,26-Apr-25,VOXOLL 15MG/5ML,19.00,80.00,"1,520.00",456.00,"1,064.00",33.00,627.00,437.00,29%
Admin,DR 025296,30-Apr-25,CIUMADE TAB,7.00,678.57,"4,749.99",0.00,"4,749.99",450.00,"3,150.00","1,599.99",34%
Admin,DR 025296,30-Apr-25,SOLVAPRINE 10MG TAB,7.00,671.43,"4,700.01",0.00,"4,700.01",150.00,"1,050.00","3,650.01",78%
Admin,DR 025296,30-Apr-25,LACTAMOX 500MG/125MG,3.00,"2,800.00","8,400.00",0.00,"8,400.00","1,115.00","3,345.00","5,055.00",60%
Quezon,DR 025699,30-Apr-25,BENERVA PLUS 500MG/50MG/100MG/100MCG,2.00,"1,200.00","2,400.00",0.00,"2,400.00",615.00,"1,230.00","1,170.00",49%
Quezon,DR 025699,30-Apr-25,JAGA 300MG/100MG/100MCG CAP,2.00,"1,078.00","2,156.00",0.00,"2,156.00",530.00,"1,060.00","1,096.00",51%
Quezon,DR 025751,30-Apr-25,EXECORE 500MG TAB,2.00,"3,400.00","6,800.00","2,040.00","4,760.00",78.00,156.00,"4,604.00",68%
Quezon,DR 025752,30-Apr-25,CARVIDA 6.25MG,30.00,528.00,"15,840.00",0.00,"15,840.00",132.00,"3,960.00","11,880.00",75%
Quezon,DR 025752,30-Apr-25,ZILTEM 25MG,10.00,"3,750.00","37,500.00",0.00,"37,500.00","1,533.33","15,333.30","22,166.70",59%
Quezon,DR 025753,30-Apr-25,FOLACID 5MG CAP,10.00,615.00,"6,150.00","1,845.00","4,305.00",236.25,"2,362.50","1,942.50",32%
Batangas,DR 025736,30-Apr-25,CENDALEX 500MG,6.00,"1,100.00","6,600.00",330.00,"6,270.00",287.50,"1,725.00","4,545.00",69%
Batangas,DR 025736,30-Apr-25,JAGA 300MG/100MG/100MCG CAP,2.00,"1,590.00","3,180.00",159.00,"3,021.00",530.00,"1,060.00","1,961.00",62%
Batangas,DR 025736,30-Apr-25,ZELEX 200MG CAP,1.00,"2,800.00","2,800.00",140.00,"2,660.00",925.00,925.00,"1,735.00",62%
Batangas,DR 025736,30-Apr-25,HISTARIL 50MG/1MG/5ML,12.00,96.00,"1,152.00",57.60,"1,094.40",35.00,420.00,674.40,59%
Batangas,DR 025735,30-Apr-25,HYCLENS WOUND SPRAY 2% 60ML,12.00,286.00,"3,432.00",0.00,"3,432.00",114.66,"1,375.92","2,056.08",60%
Batangas,DR 025734,30-Apr-25,TRIZEF 200MG TAB,1.00,"9,375.00","9,375.00",0.00,"9,375.00","1,600.00","1,600.00","7,775.00",83%
Batangas,DR 025734,30-Apr-25,VOXOLL 15MG/5ML,10.00,66.00,660.00,0.00,660.00,33.00,330.00,330.00,50%
Batangas,DR 025733,30-Apr-25,TRIZEF 200MG TAB,2.00,"9,375.00","18,750.00",0.00,"18,750.00","1,600.00","3,200.00","15,550.00",83%
Batangas,DR 025732,30-Apr-25,JAGA 300MG/100MG/100MCG CAP,5.00,"1,590.00","7,950.00",0.00,"7,950.00",530.00,"2,650.00","5,300.00",67%
Batangas,DR 025732,30-Apr-25,EMZART-40 40MG,10.00,548.00,"5,480.00",0.00,"5,480.00",156.00,"1,560.00","3,920.00",72%
Batangas,DR 025732,30-Apr-25,ANIN 50 PLUS 50MG/12.5MG,5.00,600.00,"3,000.00",0.00,"3,000.00",105.00,525.00,"2,475.00",83%
Batangas,DR 025731,30-Apr-25,ENHAMOX 500MG/125MG,5.00,"3,000.00","15,000.00",0.00,"15,000.00","1,115.00","5,575.00","9,425.00",63%
Batangas,DR 025730,30-Apr-25,DOLOGESIC 325MG/37.5MG TAB,5.00,"1,080.00","5,400.00",0.00,"5,400.00",270.00,"1,350.00","4,050.00",75%
Batangas,DR 025730,30-Apr-25,VOXOLL 30MG,10.00,715.00,"7,150.00",0.00,"7,150.00",168.00,"1,680.00","5,470.00",77%
Batangas,DR 025729,30-Apr-25,CENDALEX 500MG,4.00,"1,100.00","4,400.00",0.00,"4,400.00",287.50,"1,150.00","3,250.00",74%
Hospital,DR MS 03146,26-Apr-25,LEPIXA 100MG/ML (500MG/5ML),20.00,"2,100.00","42,000.00",0.00,"42,000.00",800.00,"16,000.00","26,000.00",62%
Hospital,DR MS 03144,26-Apr-25,LEPIXA 500-500MG,1.00,"2,587.50","2,587.50",0.00,"2,587.50",920.00,920.00,"1,667.50",64%
Hospital,DR MS 03141,26-Apr-25,AMINOSOL 25MG/ML (250MG/10ML) 10ML,5.00,660.00,"3,300.00",0.00,"3,300.00",85.00,425.00,"2,875.00",87%
Hospital,DR MS 03140,26-Apr-25,ANTIZOAL 5MG/ML (500MG/100ML) 100ML,30.00,90.00,"2,700.00",0.00,"2,700.00",15.00,450.00,"2,250.00",83%
Hospital,DR MS 03140,26-Apr-25,DIFLOSID 25MG/ML 3ML,3.00,750.00,"2,250.00",0.00,"2,250.00",126.00,378.00,"1,872.00",83%
Hospital,DR MS 03140,26-Apr-25,ENDOPROST 125MCG/ML,4.00,"1,980.00","7,920.00",0.00,"7,920.00",940.00,"3,760.00","4,160.00",53%
Hospital,DR MS 03140,26-Apr-25,EVAPROST 250MCG/ML IV,1.00,"9,600.00","9,600.00",0.00,"9,600.00","3,575.00","3,575.00","6,025.00",63%
Hospital,DR MS 03140,26-Apr-25,EUROXONE 1G IV,10.00,120.00,"1,200.00",0.00,"1,200.00",73.00,730.00,470.00,39%
Hospital,DR MS 03140,26-Apr-25,ENHAMOX 500MG/125MG,5.00,"2,800.20","14,001.00",0.00,"14,001.00","1,115.00","5,575.00","8,426.00",60%
Hospital,DR MS 03140,26-Apr-25,ATREX 1MG/ML IV,3.00,900.00,"2,700.00",0.00,"2,700.00",210.00,630.00,"2,070.00",77%
Hospital,DR MS 03133,26-Apr-25,SUCROSAPH 20MG/ML (100MG/5ML) 5ML,5.00,"2,490.00","12,450.00",0.00,"12,450.00",318.00,"1,590.00","10,860.00",87%
Admin,DR 025297,10-May-25,CIUMADE TAB,7.00,678.57,"4,749.99",0.00,"4,749.99",450.00,"3,150.00","1,599.99",34%
Admin,DR 025297,10-May-25,FERGLOBIN FA 60MG/400MCG CAP,7.00,642.86,"4,500.02",0.00,"4,500.02",325.00,"2,275.00","2,225.02",49%
Admin,DR 025297,10-May-25,FOLACID 5MG CAP,7.00,464.29,"3,250.03",0.00,"3,250.03",236.25,"1,653.75","1,596.28",49%
Admin,DR 025297,10-May-25,CIXTOR-Z 500MG/10MG,7.00,630.00,"4,410.00",0.00,"4,410.00",210.00,"1,470.00","2,940.00",67%
Admin,DR 025297,10-May-25,APCELAC 500MG,7.00,655.00,"4,585.00",0.00,"4,585.00",400.00,"2,800.00","1,785.00",39%
Admin,DR 025297,10-May-25,HARFURIN 100MG CAP,2.00,714.80,"1,429.60",0.00,"1,429.60",220.00,440.00,989.60,69%
Hospital,DR MS 02982,05-Apr-25,MYDOPA 250MG,30.00,800.00,"24,000.00",0.00,"24,000.00",280.00,"8,400.00","15,600.00",65%
Government,DR RT 0001045,10-May-25,"PAGBILAO # 66,000.00",1.00,"65,670.00","65,670.00",0.00,"65,670.00","44,918.57","44,918.57","20,751.43",32%
Quezon,DR 025756,10-May-25,HYCLENS WOUND SPRAY 2% 60ML,39.00,258.46,"10,080.00",0.00,"10,080.00",114.66,"4,471.74","5,608.26",56%
Quezon,DR 025755,10-May-25,HYCLENS WOUND SPRAY 2% 60ML,10.00,280.00,"2,800.00",280.00,"2,520.00",114.66,"1,146.60","1,373.40",49%
Quezon,DR 025754,10-May-25,HYCLENS WOUND SPRAY 2% 60ML,12.00,280.00,"3,360.00",336.00,"3,024.00",114.66,"1,375.92","1,648.08",49%
Hospital,DR MS 03143,10-May-25,GENTAM 40MG/ML (80MG/2ML) 2ML,10.00,363.75,"3,637.50",0.00,"3,637.50",43.00,430.00,"3,207.50",88%
Quezon,DR RT 0001039,10-May-25,"GULANG GULANG # 48,525.00",1.00,"48,525.00","48,525.00",0.00,"48,525.00","32,350.00","32,350.00","16,175.00",33%
Hospital,DR MS 03155,10-May-25,"HEPA B 10MCG/0.5ML MULTIDOSE, PEDIATRIC",2.00,"349,850.00","699,700.00",0.00,"699,700.00","187,500.00","375,000.00","324,700.00",46%
Hospital,DR MS 03155,10-May-25,HEPABIG 100I.U/0.5ML IV,25.00,"4,997.00","124,925.00",0.00,"124,925.00","2,900.00","72,500.00","52,425.00",42%
Batangas,DR 025737,10-May-25,CENDALEX 500MG,4.00,"1,100.00","4,400.00",220.00,"4,180.00",287.50,"1,150.00","3,030.00",69%
Batangas,DR 025737,10-May-25,ENHAMOX 500MG/125MG,3.00,"3,600.00","10,800.00",540.00,"10,260.00","1,115.00","3,345.00","6,915.00",64%
Batangas,DR 025737,10-May-25,EMLOR PLUS 5MG/50MG,3.00,590.00,"1,770.00",88.50,"1,681.50",216.00,648.00,"1,033.50",58%
Batangas,DR 025738,10-May-25,ROSVA 10-10MG,5.00,735.00,"3,675.00",0.00,"3,675.00",250.00,"1,250.00","2,425.00",66%
Batangas,DR 025738,10-May-25,ROSVA 20-20MG,5.00,"1,090.00","5,450.00",0.00,"5,450.00",273.00,"1,365.00","4,085.00",75%
Batangas,DR 025738,10-May-25,TRIDEN 160MG TAB,3.00,"2,560.00","7,680.00",0.00,"7,680.00",720.00,"2,160.00","5,520.00",72%
Government,DR MS 02529,10-May-25,UNISOL-M,40.00,"1,995.00","79,800.00",0.00,"79,800.00",385.00,"15,400.00","64,400.00",81%
Batangas,DR 025739,10-May-25,ZILTEM 25MG,2.00,"5,600.00","11,200.00",0.00,"11,200.00","1,533.33","3,066.66","8,133.34",73%
Batangas,DR 025740,10-May-25,ANIN 50 PLUS 50MG/12.5MG,5.00,600.00,"3,000.00",0.00,"3,000.00",105.00,525.00,"2,475.00",83%
Batangas,DR 025741,10-May-25,EMZART-80 80MG,10.00,948.00,"9,480.00",0.00,"9,480.00",264.00,"2,640.00","6,840.00",72%
Government,DR RT 0001054,17-May-25,"PAGBILAO # 9,093.00",1.00,"9,030.00","9,030.00",0.00,"9,030.00","5,941.74","5,941.74","3,088.26",34%
Hospital,DR MS 03156,10-May-25,FENTIN 50MG/ML 2ML,2.00,"4,200.00","8,400.00",0.00,"8,400.00",885.00,"1,770.00","6,630.00",79%
Hospital,DR MS 03147,10-May-25,ANTIZOAL 5MG/ML (500MG/100ML) 100ML,100.00,120.00,"12,000.00",0.00,"12,000.00",15.00,"1,500.00","10,500.00",88%
Hospital,DR MS 03149,10-May-25,ANTIZOAL 5MG/ML (500MG/100ML) 100ML,30.00,90.00,"2,700.00",0.00,"2,700.00",15.00,450.00,"2,250.00",83%
Hospital,DR MS 03149,10-May-25,EROXIME 750MG IV,4.00,"3,000.00","12,000.00",0.00,"12,000.00",175.00,700.00,"11,300.00",94%
Hospital,DR MS 03149,10-May-25,DIFLOSID 25MG/ML 3ML,10.00,750.00,"7,500.00",0.00,"7,500.00",126.00,"1,260.00","6,240.00",83%
Hospital,DR MS 03149,10-May-25,ENDOPROST 125MCG/ML,6.00,"1,980.00","11,880.00",0.00,"11,880.00",940.00,"5,640.00","6,240.00",53%
Hospital,DR MS 03149,10-May-25,EVAPROST 250MCG/ML IV,2.00,"9,600.00","19,200.00",0.00,"19,200.00","3,575.00","7,150.00","12,050.00",63%
Hospital,DR MS 03149,10-May-25,ENHAMOX 500MG/125MG,6.00,"2,800.20","16,801.20",0.00,"16,801.20","1,115.00","6,690.00","10,111.20",60%
Hospital,DR MS 03149,10-May-25,SUCROSAPH 20MG/ML (100MG/5ML) 5ML,6.00,"2,490.00","14,940.00",0.00,"14,940.00",318.00,"1,908.00","13,032.00",87%
Hospital,DR MS 03149,10-May-25,ATREX 1MG/ML IV,3.00,900.00,"2,700.00",0.00,"2,700.00",210.00,630.00,"2,070.00",77%
Quezon,DR 025757,10-May-25,FERGLOBIN 250MG CAP,10.00,800.00,"8,000.00","2,400.00","5,600.00",325.00,"3,250.00","2,350.00",29%
Quezon,DR 025757,10-May-25,HYCLENS WOUND SPRAY 2% 60ML,10.00,252.00,"2,520.00",0.00,"2,520.00",114.66,"1,146.60","1,373.40",55%
Quezon,DR 025764,17-May-25,CIUMADE TAB,4.00,"1,450.00","5,800.00","1,740.00","4,060.00",450.00,"1,800.00","2,260.00",39%
Quezon,DR 025763,17-May-25,DOPAMET 250MG,10.00,728.00,"7,280.00",0.00,"7,280.00",195.00,"1,950.00","5,330.00",73%
Quezon,DR 025763,17-May-25,FOLACID 5MG CAP,10.00,750.00,"7,500.00",0.00,"7,500.00",236.25,"2,362.50","5,137.50",69%
Quezon,DR 025762,10-May-25,CETHERGO 200MCG/ML IV,1.00,"4,375.00","4,375.00",0.00,"4,375.00","1,222.00","1,222.00","3,153.00",72%
Quezon,DR 025762,10-May-25,OPTRYL 5MG/G (0.5%) 5G,50.00,215.00,"10,750.00",0.00,"10,750.00",136.10,"6,805.00","3,945.00",37%
Quezon,DR 025762,10-May-25,SAPHARIN 20MG/ML,2.00,"2,410.70","4,821.40",0.00,"4,821.40",154.00,308.00,"4,513.40",94%
Marinduque,DR 025761,10-May-25,DOLO-JAGA 500MG/50MG/100MG/100MCG,5.00,"2,000.00","10,000.00",0.00,"10,000.00",615.00,"3,075.00","6,925.00",69%
Marinduque,DR 025761,10-May-25,BUFEN 200MG/5ML,36.00,143.00,"5,148.00",0.00,"5,148.00",47.50,"1,710.00","3,438.00",67%
Quezon,DR 025760,10-May-25,VOXOLL 15MG/5ML,24.00,80.00,"1,920.00",576.00,"1,344.00",33.00,792.00,552.00,29%
Quezon,DR 025759,10-May-25,EXECORE 500MG TAB,2.00,"3,400.00","6,800.00","2,040.00","4,760.00",78.00,156.00,"4,604.00",68%
Quezon,DR 025758,10-May-25,HYCLENS WOUND SPRAY 2% 60ML,20.00,252.00,"5,040.00",0.00,"5,040.00",114.66,"2,293.20","2,746.80",55%
Admin,DR 025298,14-May-25,GLOVES SMALL NITRILE NONSTERILE (SURGITECH),3.00,450.00,"1,350.00",0.00,"1,350.00",200.00,600.00,750.00,56%
Admin,DR 025298,14-May-25,DUOGESIC 325MG/37.5MG TAB,7.00,"1,414.29","9,900.03",0.00,"9,900.03",100.00,700.00,"9,200.03",93%
Admin,DR 025298,14-May-25,ENCLOXIL 500MG CAP,7.00,"1,392.86","9,750.02",0.00,"9,750.02",780.00,"5,460.00","4,290.02",44%
Admin,DR 025298,14-May-25,SOLVAPRINE 10MG TAB,7.00,671.43,"4,700.01",0.00,"4,700.01",150.00,"1,050.00","3,650.01",78%
Admin,DR 025298,14-May-25,CIUMADE TAB,7.00,678.57,"4,749.99",0.00,"4,749.99",450.00,"3,150.00","1,599.99",34%
Admin,DR 025298,14-May-25,APCELAC 500MG,7.00,655.00,"4,585.00",0.00,"4,585.00",400.00,"2,800.00","1,785.00",39%
Admin,DR 025298,14-May-25,FERGLOBIN FA 60MG/400MCG CAP,7.00,642.86,"4,500.02",0.00,"4,500.02",325.00,"2,275.00","2,225.02",49%
Government,DR RT 0985,24-May-25,"PROVINCIAL TOURISM OFFICE # 125,000.00",1.00,"124,750.00","124,750.00",0.00,"124,750.00","82,085.50","82,085.50","42,664.50",34%
Government,DR RT 0984,24-May-25,"PROVINCIAL TOURISM OFFICE # 21,780.00",1.00,"21,470.00","21,470.00",0.00,"21,470.00","14,127.26","14,127.26","7,342.74",34%
Hospital,DR MS 03163,24-May-25,"GENVAC-B 10MCG/0.5ML MONODOSE, PEDIATRIC",10.00,"40,250.00","402,500.00",0.00,"402,500.00","16,150.00","161,500.00","241,000.00",60%
Hospital,DR MS 03163,24-May-25,HEPABIG 100I.U/0.5ML IV,50.00,"2,149.00","107,450.00",0.00,"107,450.00","2,900.00","145,000.00","-37,550.00",-35%
Hospital,DR MS 03162,24-May-25,MONOWEL 1G IV,500.00,644.00,"322,000.00",0.00,"322,000.00",458.77,"229,387.20","92,612.80",29%
Hospital,DR MS 03161,24-May-25,"GENVAC-B 10MCG/0.5ML MONODOSE, PEDIATRIC",10.00,"40,450.00","404,500.00",0.00,"404,500.00","16,150.00","161,500.00","243,000.00",60%
Hospital,DR MS 03165,24-May-25,PULSE OXIMTER ADULT (CHOICEMMED),2.00,"2,480.00","4,960.00",0.00,"4,960.00","1,350.00","2,700.00","2,260.00",46%
Hospital,DR MS 03165,24-May-25,DIGITAL FOREHEAD THERMOMETER INFRARED (DELI),2.00,"2,480.00","4,960.00",0.00,"4,960.00",599.00,"1,198.00","3,762.00",76%
Hospital,DR MS 03165,24-May-25,BP APPARATUS ANEROID SPHYGMOMANOMETER (BAXTEL),2.00,"5,865.00","11,730.00",0.00,"11,730.00","2,379.00","4,758.00","6,972.00",59%
Hospital,DR MS 03166,24-May-25,WHEEL CHAIR ADULT,2.00,"4,800.00","9,600.00",0.00,"9,600.00","3,500.00","7,000.00","2,600.00",27%
Hospital,DR MS 03166,24-May-25,STRETCHER CONVERTABLE INTO WHEELCHAIR,2.00,"98,270.00","196,540.00",0.00,"196,540.00","33,500.00","67,000.00","129,540.00",66%
Hospital,DR MS 03164,24-May-25,FETAL DOPPLER W/ COLOR LCD DISPLAY 1976-11CC (WILCARE),3.00,"5,995.00","17,985.00",0.00,"17,985.00","4,000.00","12,000.00","5,985.00",33%
Hospital,DR MS 03164,24-May-25,MAYO SCISSOR STRAIGHT SIZE 7'' (OLTEN),30.00,"1,122.00","33,660.00",0.00,"33,660.00",473.00,"14,190.00","19,470.00",58%
Hospital,DR MS 03164,24-May-25,MAYO SCISSOR CURVED SIZE 7'' (OLTEN),20.00,"1,122.00","22,440.00",0.00,"22,440.00",473.00,"9,460.00","12,980.00",58%
Hospital,DR MS 03164,24-May-25,BANDAGE SCISSOR SIZE 7'' (OLTEN),30.00,974.00,"29,220.00",0.00,"29,220.00",544.00,"16,320.00","12,900.00",44%
Hospital,DR MS 03164,24-May-25,METZENBAUM CURVE SIZE 7'' (OLTEN),50.00,"1,274.00","63,700.00",0.00,"63,700.00",423.00,"21,150.00","42,550.00",67%
Hospital,DR MS 03164,24-May-25,METZENBAUM STRAIGHT SIZE 7'' (OLTEN),20.00,"1,274.00","25,480.00",0.00,"25,480.00",423.00,"8,460.00","17,020.00",67%
Hospital,DR MS 03164,24-May-25,NEEDLE HOLDER SIZE 7'' (OLTEN),20.00,"1,800.00","36,000.00",0.00,"36,000.00",488.00,"9,760.00","26,240.00",73%
Hospital,DR MS 03164,24-May-25,NEEDLE HOLDER SIZE 6'' (OLTEN),20.00,"1,800.00","36,000.00",0.00,"36,000.00",370.00,"7,400.00","28,600.00",79%
Hospital,DR MS 03164,24-May-25,BLADE HOLDER SIZE 3'' (OLTEN),20.00,824.00,"16,480.00",0.00,"16,480.00",130.00,"2,600.00","13,880.00",84%
Hospital,DR MS 03164,24-May-25,BLADE HOLDER SIZE 4'' (OLTEN),20.00,824.00,"16,480.00",0.00,"16,480.00",130.00,"2,600.00","13,880.00",84%
Hospital,DR RT 0002034,24-May-25,"QMC # 126,251.00",1.00,"126,150.00","126,150.00",0.00,"126,150.00","66,047.00","66,047.00","60,103.00",48%
Batangas,DR 025743,17-May-25,CENDALEX 500MG,4.00,"1,100.00","4,400.00",220.00,"4,180.00",287.50,"1,150.00","3,030.00",69%
Batangas,DR 025743,17-May-25,EMLOR PLUS 5MG/50MG,5.00,590.00,"2,950.00",147.50,"2,802.50",216.00,"1,080.00","1,722.50",58%
Batangas,DR 025743,17-May-25,ENHAMOX 500MG/125MG,2.00,"3,600.00","7,200.00",360.00,"6,840.00","1,115.00","2,230.00","4,610.00",64%
Batangas,DR 025743,17-May-25,ZELEX 200MG CAP,2.00,"2,800.00","5,600.00",280.00,"5,320.00",925.00,"1,850.00","3,470.00",62%
Batangas,DR 025744,17-May-25,DOLOGESIC 325MG/37.5MG TAB,3.00,"1,080.00","3,240.00",0.00,"3,240.00",270.00,810.00,"2,430.00",75%
Batangas,DR 025744,17-May-25,EMZART-40 40MG,10.00,548.00,"5,480.00",0.00,"5,480.00",156.00,"1,560.00","3,920.00",72%
Batangas,DR 025744,17-May-25,TERMAGEN 500MG TAB,4.00,300.00,"1,200.00",0.00,"1,200.00",105.00,420.00,780.00,65%
Batangas,DR 025744,17-May-25,DOLO-JAGA 500MG/50MG/100MG/100MCG,2.00,"1,800.00","3,600.00",0.00,"3,600.00",615.00,"1,230.00","2,370.00",66%
Batangas,DR 025745,17-May-25,EMLOR PLUS 5MG/50MG,10.00,590.00,"5,900.00",0.00,"5,900.00",216.00,"2,160.00","3,740.00",63%
Batangas,DR 025745,17-May-25,AFENAX 100MG TAB,4.00,"1,980.00","7,920.00",0.00,"7,920.00",595.00,"2,380.00","5,540.00",70%
Quezon,DR 025765,17-May-25,BENERVA PLUS 500MG/50MG/100MG/100MCG,3.00,"1,200.00","3,600.00",0.00,"3,600.00",615.00,"1,845.00","1,755.00",49%
Quezon,DR 025765,17-May-25,JAGA 300MG/100MG/100MCG CAP,3.00,"1,078.00","3,234.00",0.00,"3,234.00",530.00,"1,590.00","1,644.00",51%
Government,DR RM 0002035,24-May-25,"PAGBILAO # 3,273,976",1.00,"2,062,128.00","2,062,128.00",0.00,"2,062,128.00","1,530,222.43","1,530,222.43","531,905.57",26%
Government,DR RM 0002036,24-May-25,,1.00,"231,762.00","231,762.00",0.00,"231,762.00",,,"231,762.00",100%
Government,DR RM 0002037,24-May-25,,1.00,"31,676.00","31,676.00",0.00,"31,676.00",,,"31,676.00",100%
Government,DR RM 0002040,24-May-25,"PAGBILAO # 2,511,299.00",1.00,"1,431,072.00","1,431,072.00",0.00,"1,431,072.00","1,188,562.51","1,188,562.51","242,509.49",17%
Government,DR RM 0002041,24-May-25,,1.00,"375,254.00","375,254.00",0.00,"375,254.00",,,"375,254.00",100%
Government,DR RT 0002038,24-May-25,"PAGBILAO # 3,072,944",1.00,"2,173,450.00","2,173,450.00",0.00,"2,173,450.00","1,512,820.96","1,512,820.96","660,629.04",30%
Government,DR RT 0002039,24-May-25,,1.00,"125,670.00","125,670.00",0.00,"125,670.00",,,"125,670.00",100%
Admin,DR 025299,21-May-25,BENERVA PLUS 500MG/50MG/100MG/100MCG,2.00,"1,708.00","3,416.00",0.00,"3,416.00",615.00,"1,230.00","2,186.00",64%
Admin,DR 025299,21-May-25,ENHAMOX 500MG/125MG,2.00,"2,800.00","5,600.00",0.00,"5,600.00","1,115.00","2,230.00","3,370.00",60%
Admin,DR 025299,21-May-25,DIACYSTEINE 600- 600MG,7.00,385.00,"2,695.00",0.00,"2,695.00",115.00,805.00,"1,890.00",70%
Admin,DR 025299,21-May-25,TRANEXSAPH 500MG,2.00,"1,500.00","3,000.00",0.00,"3,000.00",365.00,730.00,"2,270.00",76%
Admin,DR 025299,21-May-25,HYCLENS WOUND SPRAY 2% 60ML,10.00,229.32,"2,293.20",0.00,"2,293.20",114.66,"1,146.60","1,146.60",50%
Admin,DR 025299,21-May-25,HYCLENS OB WASH 1% 100ML,10.00,152.50,"1,525.00",0.00,"1,525.00",138.60,"1,386.00",139.00,9%
Admin,DR 025299,21-May-25,MUCOLIFAR 500MG TAB,2.00,"3,500.00","7,000.00",0.00,"7,000.00","1,100.00","2,200.00","4,800.00",69%
Admin,DR 025299,21-May-25,CIUMADE,7.00,678.57,"4,749.99",0.00,"4,749.99",450.00,"3,150.00","1,599.99",34%
Admin,DR 025299,21-May-25,SANOMAX - FA,7.00,857.14,"5,999.98",0.00,"5,999.98",560.00,"3,920.00","2,079.98",35%
Admin,DR 025299,21-May-25,SOLVAPRINE 10MG TAB,7.00,671.43,"4,700.01",0.00,"4,700.01",150.00,"1,050.00","3,650.01",78%
Hospital,DR MS 03138,24-May-25,CHROMOGENIC ENZYME SUBSTRATE TEST (COLIKAT RAPID),2.00,"40,650.00","81,300.00",0.00,"81,300.00","28,800.00","57,600.00","23,700.00",29%
Hospital,DR MS 03138,24-May-25,SAMPLE VESSELS 120ML WITH SODIUM THIOSULFATE,2.00,"17,900.00","35,800.00",0.00,"35,800.00","9,800.00","19,600.00","16,200.00",45%
Hospital,DR MS 03138,24-May-25,VESSEL COMPARATOR,200.00,"3,250.00","650,000.00",0.00,"650,000.00","2,000.00","400,000.00","250,000.00",38%
Hospital,DR MS 03138,24-May-25,CM SERIES FLUORESCENCE ANALYSIS VIEWING CABINET,1.00,"40,500.00","40,500.00",0.00,"40,500.00","41,800.00","41,800.00","-1,300.00",-3%
Hospital,DR MS 03138,24-May-25,CHROMOGENIC ENZYME SUBSTRATE TEST (COLIKAT RAPID),1.00,"37,000.00","37,000.00",0.00,"37,000.00","28,800.00","28,800.00","8,200.00",22%
Hospital,DR MS 03173,13-Sep-25,"QMC # 845,260.00",1.00,"643,500.00","643,500.00",0.00,"643,500.00","420,899.35","420,899.35","222,600.65",35%
Admin,DR 025300,22-May-25,HIVENT PLUS 500MCG+2.5MG/2.5ML,1.00,396.00,396.00,0.00,396.00,381.00,381.00,15.00,4%
Hospital,DR MS 03158,31-May-25,MONOWEL 1G IV,500.00,644.50,"322,250.00",0.00,"322,250.00",458.77,"229,387.20","92,862.80",29%
Quezon,DR 025773,24-May-25,SANOMAX-FA,5.00,"1,400.00","7,000.00","2,100.00","4,900.00",560.00,"2,800.00","2,100.00",30%
Quezon,DR 025772,24-May-25,TRANEXSAPH 500MG,1.00,850.00,850.00,255.00,595.00,365.00,365.00,230.00,27%
Quezon,DR 025770,24-May-25,HYCLENS WOUND SPRAY 2% 60ML,13.00,258.46,"3,360.00",0.00,"3,360.00",114.66,"1,490.58","1,869.42",56%
Quezon,DR 025770,24-May-25,HYCLENS OB WASH 1% 100ML,13.00,300.92,"3,912.00",0.00,"3,912.00",138.60,"1,801.80","2,110.20",54%
Quezon,DR 025771,24-May-25,KZIDINE 35MG,10.00,"1,350.00","13,500.00","4,725.00","8,775.00",600.00,"6,000.00","2,775.00",21%
Quezon,DR 025769,24-May-25,GITOR-40 40MG,20.00,"3,500.00","70,000.00",0.00,"70,000.00",875.00,"17,500.00","52,500.00",75%
Quezon,DR 025769,24-May-25,KZIDINE 35MG,20.00,"1,500.00","30,000.00",0.00,"30,000.00",600.00,"12,000.00","18,000.00",60%
Quezon,DR 025769,24-May-25,EMZART-80 80MG,30.00,726.00,"21,780.00",0.00,"21,780.00",264.00,"7,920.00","13,860.00",64%
Quezon,DR 025769,24-May-25,EMZART-40 40MG,30.00,429.00,"12,870.00",0.00,"12,870.00",156.00,"4,680.00","8,190.00",64%
Quezon,DR 025769,24-May-25,ANIN 50 PLUS 50MG/12.5MG,40.00,420.00,"16,800.00",0.00,"16,800.00",105.00,"4,200.00","12,600.00",75%
Quezon,DR 025768,24-May-25,KZIDINE 35MG,2.00,"1,350.00","2,700.00",810.00,"1,890.00",600.00,"1,200.00",690.00,26%
Quezon,DR 025767,24-May-25,SANOMAX-FA,5.00,"1,400.00","7,000.00","2,100.00","4,900.00",560.00,"2,800.00","2,100.00",30%
Quezon,DR 025766,24-May-25,TROPIN 1MG/ML IM/IV/SC,10.00,780.00,"7,800.00",0.00,"7,800.00",210.00,"2,100.00","5,700.00",73%
Batangas,DR 025750,24-May-25,CENDALEX 500MG,8.00,"1,100.00","8,800.00",0.00,"8,800.00",287.50,"2,300.00","6,500.00",74%
Batangas,DR 025749,24-May-25,HYCLENS WOUND SPRAY 2% 60ML,10.00,286.00,"2,860.00",0.00,"2,860.00",114.66,"1,146.60","1,713.40",60%
Batangas,DR 025749,24-May-25,HYCLENS GARGLE 0.12% 120ML,10.00,153.00,"1,530.00",0.00,"1,530.00",88.00,880.00,650.00,42%
Batangas,DR 025748,24-May-25,EMLOR PLUS 5MG/50MG,10.00,590.00,"5,900.00",0.00,"5,900.00",216.00,"2,160.00","3,740.00",63%
Batangas,DR 025748,24-May-25,ROSVA 20-20MG,5.00,"1,090.00","5,450.00",0.00,"5,450.00",273.00,"1,365.00","4,085.00",75%
Batangas,DR 025747,24-May-25,ENHAMOX 500MG/125MG,3.00,"3,000.00","9,000.00",0.00,"9,000.00","1,115.00","3,345.00","5,655.00",63%
Batangas,DR 025747,24-May-25,AFENAX 100MG TAB,3.00,"1,980.00","5,940.00",0.00,"5,940.00",595.00,"1,785.00","4,155.00",70%
Batangas,DR 025747,24-May-25,TERMAGEN 500MG TAB,1.00,300.00,300.00,0.00,300.00,105.00,105.00,195.00,65%
Batangas,DR 025746,24-May-25,BENERVA PLUS 500MG/50MG/100MG/100MCG,5.00,"1,800.00","9,000.00",0.00,"9,000.00",615.00,"3,075.00","5,925.00",66%
Batangas,DR 025746,24-May-25,DOLOGESIC 325MG/37.5MG TAB,4.00,"1,080.00","4,320.00",0.00,"4,320.00",270.00,"1,080.00","3,240.00",75%
Batangas,DR 025746,24-May-25,VOXOLL 30MG,5.00,715.00,"3,575.00",0.00,"3,575.00",168.00,840.00,"2,735.00",77%
Hospital,DR MS 03187,24-May-25,AMADOL 150MG/ML 2ML,10.00,363.75,"3,637.50",0.00,"3,637.50",65.00,650.00,"2,987.50",82%
Hospital,DR MS 03185,24-May-25,GYNE-TOCIN 10IU/ML,10.00,375.00,"3,750.00",0.00,"3,750.00",90.00,900.00,"2,850.00",76%
Hospital,DR MS 03184,24-May-25,HYCLENS WOUND SPRAY 2% 60ML,50.00,249.49,"12,474.50",0.00,"12,474.50",114.66,"5,733.00","6,741.50",54%
Hospital,DR MS 03181,24-May-25,GOPAMINE 40MG/ML (200MG/5ML) 5ML,10.00,"1,920.00","19,200.00",0.00,"19,200.00",155.00,"1,550.00","17,650.00",92%
Hospital,DR MS 03182,24-May-25,PHYTOBAS 10MG/ML IV,10.00,570.00,"5,700.00",0.00,"5,700.00",140.00,"1,400.00","4,300.00",75%
Hospital,DR MS 03183,24-May-25,DIFLOSID 25MG/ML 3ML,5.00,390.00,"1,950.00",0.00,"1,950.00",126.00,630.00,"1,320.00",68%
Hospital,DR MS 03178,24-May-25,AFENAX 100MG TAB,1.00,"1,935.00","1,935.00",0.00,"1,935.00",595.00,595.00,"1,340.00",69%
Hospital,DR MS 03178,24-May-25,BUPIRIGHT 5MG/ML 0.5% IN 8% 4ML,30.00,620.00,"18,600.00",0.00,"18,600.00",165.18,"4,955.40","13,644.60",73%
Hospital,DR MS 03178,24-May-25,FINOX 500MG,1.00,780.00,780.00,0.00,780.00,287.00,287.00,493.00,63%
Hospital,DR MS 03178,24-May-25,EROXIME 750MG IV,2.00,"3,000.00","6,000.00",0.00,"6,000.00",175.00,350.00,"5,650.00",94%
Hospital,DR MS 03178,24-May-25,MUCOLIFAR 500MG TAB,1.00,"3,500.00","3,500.00",0.00,"3,500.00","1,100.00","1,100.00","2,400.00",69%
Hospital,DR MS 03178,24-May-25,DIFLOSID 25MG/ML 3ML,2.00,750.00,"1,500.00",0.00,"1,500.00",126.00,252.00,"1,248.00",83%
Hospital,DR MS 03178,24-May-25,DIFLOSID 25MG/ML 3ML,1.00,750.00,750.00,0.00,750.00,126.00,126.00,624.00,83%
Hospital,DR MS 03178,24-May-25,ENHAMOX 500MG/125MG,4.00,"2,800.20","11,200.80",0.00,"11,200.80","1,115.00","4,460.00","6,740.80",60%
Hospital,DR MS 03178,24-May-25,SUCROSAPH 20MG/ML (100MG/5ML) 5ML,5.00,"2,490.00","12,450.00",0.00,"12,450.00",318.00,"1,590.00","10,860.00",87%
Hospital,DR MS 03178,24-May-25,AMBIDOL 50MG/ML (100MG/2ML) 2ML,10.00,"1,200.00","12,000.00",0.00,"12,000.00",62.00,620.00,"11,380.00",95%
Hospital,DR MS 03178,24-May-25,EPIX 1MG/ML IV,5.00,"1,200.00","6,000.00",0.00,"6,000.00",120.00,600.00,"5,400.00",90%
Hospital,DR MS 03172,24-May-25,PHYTOBAS 10MG/ML IV,10.00,900.00,"9,000.00",0.00,"9,000.00",140.00,"1,400.00","7,600.00",84%
Hospital,DR MS 03172,24-May-25,ANTIZOAL 5MG/ML (500MG/100ML) 100ML,100.00,120.00,"12,000.00",0.00,"12,000.00",15.00,"1,500.00","10,500.00",88%
Hospital,DR MS 03168,24-May-25,FENTIN 50MG/ML 2ML,2.00,"4,200.00","8,400.00",0.00,"8,400.00",885.00,"1,770.00","6,630.00",79%
Hospital,DR MS 03157,24-May-25,BABY WASH 100ML (JOHNSON),48.00,85.00,"4,080.00",0.00,"4,080.00",58.00,"2,784.00","1,296.00",32%
Hospital,DR MS 03157,24-May-25,BATHROOM TISSUE 2PLY 12'S (FEMME),5.00,168.00,840.00,0.00,840.00,107.00,535.00,305.00,36%
Hospital,DR MS 03157,24-May-25,PAPER TOWEL 175PULL-UPS (FEMME),25.00,80.00,"2,000.00",0.00,"2,000.00",53.75,"1,343.75",656.25,33%
Hospital,DR MS 03157,24-May-25,AMBUBAG MANUAL RESUSCITATOR SILICONE ADULT (PRIMAPLUS),1.00,"2,500.00","2,500.00",0.00,"2,500.00","1,350.00","1,350.00","1,150.00",46%
Hospital,DR RT 0001072,31-May-25,"QMC # 112,996.00",1.00,"112,569.60","112,569.60",0.00,"112,569.60","63,960.00","63,960.00","48,609.60",43%
Hospital,DR MS 03159,31-May-25,"HEPA B 10MCG/0.5ML MULTIDOSE, PEDIATRIC",2.00,"349,850.00","699,700.00",0.00,"699,700.00","187,500.00","375,000.00","324,700.00",46%
Hospital,DR MS 03159,31-May-25,HEPABIG 100I.U/0.5ML IV,25.00,"4,997.00","124,925.00",0.00,"124,925.00","2,900.00","72,500.00","52,425.00",42%
Hospital,DR MS 03159,31-May-25,"GENVAC-B 10MCG/0.5ML MONODOSE, PEDIATRIC",2.00,"49,850.00","99,700.00",0.00,"99,700.00","16,150.00","32,300.00","67,400.00",68%
Hospital,DR MS 03196,31-May-25,ECG MACHINE 3 CHANNEL (MEDX),1.00,"98,500.00","98,500.00",0.00,"98,500.00","55,000.00","55,000.00","43,500.00",44%
Hospital,DR MS 03197,31-May-25,GLOVES MEDIUM LATEX NONSTERILE (INDOPLAS),5.00,278.00,"1,390.00",0.00,"1,390.00",185.00,925.00,465.00,33%
Hospital,DR MS 03197,31-May-25,GLOVES SMALL LATEX NONSTERILE (INDOPLAS),5.00,278.00,"1,390.00",0.00,"1,390.00",185.00,925.00,465.00,33%
Hospital,DR MS 03197,31-May-25,GLOVES LARGE LATEX NONSTERILE (INDOPLAS),5.00,278.00,"1,390.00",0.00,"1,390.00",185.00,925.00,465.00,33%
Hospital,DR MS 03197,31-May-25,DISPOSABLE SYRINGE WITH NEEDLE 3CC- LUER LOCK TIP (TERUMO),2.00,998.00,"1,996.00",0.00,"1,996.00",700.00,"1,400.00",596.00,30%
Hospital,DR MS 03197,31-May-25,DISPOSABLE SYRINGE WITH NEEDLE 5CC- LUER LOCK TIP (TERUMO),2.00,"1,098.00","2,196.00",0.00,"2,196.00",750.00,"1,500.00",696.00,32%
Hospital,DR MS 03197,31-May-25,DISPOSABLE SYRINGE WITH NEEDLE 10CC- LUER LOCK TIP (TERUMO),5.00,"1,198.00","5,990.00",0.00,"5,990.00",850.00,"4,250.00","1,740.00",29%
Hospital,DR MS 03197,31-May-25,MICROPIPETTE TIPS DESIGN W/ PLASTIC TUBES TAPPED TO A NARROW POINTS COLOR YELLOW,1.00,998.00,998.00,0.00,998.00,350.00,350.00,648.00,65%
Hospital,DR MS 03195,31-May-25,WARDING BOX MEDIUM BEIGE,1.00,"2,090.00","2,090.00",0.00,"2,090.00",620.50,620.50,"1,469.50",70%
Hospital,DR MS 03195,31-May-25,WARDING BOX MEDIUM WHITE,1.00,"2,090.00","2,090.00",0.00,"2,090.00",620.50,620.50,"1,469.50",70%
Hospital,DR MS 03195,31-May-25,UV LIGHT GERMICIDAL TROLLEY 100W (ECOSHIFT),1.00,"25,990.00","25,990.00",0.00,"25,990.00","5,800.00","5,800.00","20,190.00",78%
Hospital,DR MS 03195,31-May-25,MEDICAL GRADE HEPA MACHINE 62SQM 7710i (BLUEAIR),1.00,"82,990.00","82,990.00",0.00,"82,990.00","38,697.00","38,697.00","44,293.00",53%
Hospital,DR MS 03195,31-May-25,MEDICAL GRADE HEPA MACHINE 38SQM 7410i (BLUEAIR),2.00,"62,990.00","125,980.00",0.00,"125,980.00","33,877.00","67,754.00","58,226.00",46%
Hospital,DR MS 03050,31-May-25,MONOWEL 1G IV,"1,500.00",644.00,"966,000.00",0.00,"966,000.00",458.77,"688,161.60","277,838.40",29%
Hospital,DR MS 03170,31-May-25,MONOWEL 1G IV,"1,500.00",644.00,"966,000.00",0.00,"966,000.00",458.77,"688,161.60","277,838.40",29%
Hospital,DR RT 0001048,31-May-25,"QMC # 111,696.00",1.00,"111,430.00","111,430.00",0.00,"111,430.00","56,520.00","56,520.00","54,910.00",49%
Admin,DR 025801,29-May-25,SANOMAX-FA,7.00,857.14,"5,999.98",0.00,"5,999.98",560.00,"3,920.00","2,079.98",35%
Admin,DR 025801,29-May-25,CIUMADE TAB,7.00,678.57,"4,749.99",0.00,"4,749.99",450.00,"3,150.00","1,599.99",34%
Admin,DR 025801,29-May-25,FERGLOBIN FA 60MG/400MCG CAP,7.00,642.86,"4,500.02",0.00,"4,500.02",325.00,"2,275.00","2,225.02",49%
Admin,DR 025801,29-May-25,FOLACID 5MG CAP,3.00,464.29,"1,392.87",0.00,"1,392.87",236.25,708.75,684.12,49%
Admin,DR 025801,29-May-25,DOPAMET 250MG,7.00,780.00,"5,460.00",0.00,"5,460.00",195.00,"1,365.00","4,095.00",75%
Admin,DR 025801,29-May-25,TRANEXSAPH 500MG,3.00,"1,500.00","4,500.00",0.00,"4,500.00",365.00,"1,095.00","3,405.00",76%
Government,DR RT 0001059,07-Jun-25,"PAGBILAO # 187,000",1.00,"186,600.00","186,600.00",0.00,"186,600.00","141,250.00","141,250.00","45,350.00",24%
Government,DR RT 0001058,07-Jun-25,"PAGBILAO # 9,000.00",1.00,"8,900.00","8,900.00",0.00,"8,900.00","4,500.00","4,500.00","4,400.00",49%
Hospital,DR RT 0987,07-Jun-25,"QMC # 42,400.00",1.00,"42,240.00","42,240.00",0.00,"42,240.00","24,000.00","24,000.00","18,240.00",43%
Hospital,DR MS 03167,07-Jun-25,CIPROGYL 2MG/ML (200MG/100ML),"1,000.00",36.62,"36,620.00",0.00,"36,620.00",26.00,"26,000.00","10,620.00",29%
Hospital,DR MS 03167,07-Jun-25,DIXIN 250MCG/ML 2ML,6.00,"1,450.70","8,704.20",0.00,"8,704.20","1,050.00","6,300.00","2,404.20",28%
Hospital,DR MS 03167,07-Jun-25,HYFER-250 250MG/5ML,8.00,20.00,160.00,0.00,160.00,14.00,112.00,48.00,30%
Hospital,DR MS 03167,07-Jun-25,TOVIT 60ML,10.00,21.13,211.30,0.00,211.30,18.00,180.00,31.30,15%
Hospital,DR MS 03167,07-Jun-25,SORBANCE-10 10MG,1.00,124.00,124.00,0.00,124.00,85.00,85.00,39.00,31%
Hospital,DR MS 03167,07-Jun-25,VASOTRATE 60MG,0.57,290.50,166.00,0.00,166.00,197.00,112.57,53.43,32%
Hospital,DR MS 03167,07-Jun-25,MOXYLOR 100MG/ML 10ML,4.00,19.25,77.00,0.00,77.00,18.00,72.00,5.00,6%
Hospital,DR MS 03154,07-Jun-25,OPREX 40MG IV,280.00,366.20,"102,536.00",0.00,"102,536.00",180.00,"50,400.00","52,136.00",51%
Hospital,DR MS 03154,07-Jun-25,REMEF 500MG,44.00,113.00,"4,972.00",0.00,"4,972.00",77.00,"3,388.00","1,584.00",32%
Hospital,DR MS 03154,07-Jun-25,FENOCARE 200MG CAP,1.20,"1,500.00","1,800.00",0.00,"1,800.00",272.00,326.40,"1,473.60",82%
Hospital,DR MS 03154,07-Jun-25,DISPOSABLE NEEDLE G18 (INDOPLAS),7.00,254.00,"1,778.00",0.00,"1,778.00",130.00,910.00,868.00,49%
Hospital,DR MS 03154,07-Jun-25,UMBILICAL CORD CLAMP (SURGITECH),7.00,423.00,"2,961.00",0.00,"2,961.00",260.00,"1,820.00","1,141.00",39%
Hospital,DR MS 03154,07-Jun-25,GAUZE PAD STERILE 4x4-8PLY 28X24 MESH (INDOPLAS),260.00,325.00,"84,500.00",0.00,"84,500.00",240.00,"62,400.00","22,100.00",26%
Hospital,DR MS 03154,07-Jun-25,OXYGEN MASK NEONATE (INDOPLAS),40.00,59.15,"2,366.00",0.00,"2,366.00",45.00,"1,800.00",566.00,24%
Hospital,DR MS 03154,07-Jun-25,OXYGEN MASK PEDIA (SURGITECH),70.00,67.61,"4,732.70",0.00,"4,732.70",36.00,"2,520.00","2,212.70",47%
Hospital,DR MS 03154,07-Jun-25,ENDOPROST 125MCG/ML,20.00,"1,400.00","28,000.00",0.00,"28,000.00",940.00,"18,800.00","9,200.00",33%
Hospital,DR MS 03154,07-Jun-25,ENDOPROST 250MCG/ML,120.00,"2,475.00","297,000.00",0.00,"297,000.00","1,325.00","159,000.00","138,000.00",46%
Hospital,DR MS 03154,07-Jun-25,ENDOPROST 250MCG/ML,200.00,"2,475.00","495,000.00",0.00,"495,000.00","1,325.00","265,000.00","230,000.00",46%
Hospital,DR MS 03154,07-Jun-25,SOLVAPRINE 10MG TAB,1.00,211.20,211.20,0.00,211.20,150.00,150.00,61.20,29%
Hospital,DR MS 03150,07-Jun-25,MATERNITY PADS 8s (MAXIFREE),39.00,90.16,"3,516.24",0.00,"3,516.24",60.00,"2,340.00","1,176.24",33%
Hospital,DR MS 03123,07-Jun-25,NICARSAPH 1MG/ML 10ML,200.00,154.93,"30,986.00",0.00,"30,986.00",90.00,"18,000.00","12,986.00",42%
Hospital,DR MS 03123,07-Jun-25,PHIZOLIN 1G,120.00,267.60,"32,112.00",0.00,"32,112.00",168.00,"20,160.00","11,952.00",37%
Hospital,DR MS 03123,07-Jun-25,OPREX 40MG IV,120.00,366.20,"43,944.00",0.00,"43,944.00",180.00,"21,600.00","22,344.00",51%
Hospital,DR MS 03123,07-Jun-25,OPREX 40MG IV,100.00,366.20,"36,620.00",0.00,"36,620.00",180.00,"18,000.00","18,620.00",51%
Hospital,DR MS 03123,07-Jun-25,CORSIN-300 150MG/ML (300MG/2ML) 2ML,"2,400.00",87.32,"209,568.00",0.00,"209,568.00",52.00,"124,800.00","84,768.00",40%
Hospital,DR MS 03123,07-Jun-25,CLINDASAPH 600 150MG/ML (600MG/4ML) 4ML,200.00,"1,197.20","239,440.00",0.00,"239,440.00",649.00,"129,800.00","109,640.00",46%
Hospital,DR MS 03123,07-Jun-25,DIUFED 10MG/ML (20MG/2ML) 2ML,920.00,81.70,"75,164.00",0.00,"75,164.00",48.00,"44,160.00","31,004.00",41%
Hospital,DR MS 03123,07-Jun-25,CLOXANE 500MG,1.00,370.00,370.00,0.00,370.00,266.00,266.00,104.00,28%
Hospital,DR MS 03123,07-Jun-25,DULXATIVE 10MG,10.00,562.50,"5,625.00",0.00,"5,625.00",363.00,"3,630.00","1,995.00",35%
Hospital,DR MS 03123,07-Jun-25,BLESOFOXITIN 1G IV,"1,000.00",195.07,"195,070.00",0.00,"195,070.00",129.00,"129,000.00","66,070.00",34%
Hospital,DR MS 03123,07-Jun-25,TROPIN 1MG/ML IM/IV/SC,18.00,805.00,"14,490.00",0.00,"14,490.00",210.00,"3,780.00","10,710.00",74%
Hospital,DR MS 03123,07-Jun-25,CLOPINOVA 75MG,16.00,138.00,"2,208.00",0.00,"2,208.00",87.00,"1,392.00",816.00,37%
Hospital,DR MS 03123,07-Jun-25,GASTRODOL-H 10MG,6.00,270.00,"1,620.00",0.00,"1,620.00",230.00,"1,380.00",240.00,15%
Hospital,DR MS 03123,07-Jun-25,DIPHENPORS 50MG/ML 1ML,30.00,295.80,"8,874.00",0.00,"8,874.00",140.00,"4,200.00","4,674.00",53%
Hospital,DR MS 03123,07-Jun-25,HYDROCORTIBAS 100MG VIAL,120.00,352.10,"42,252.00",0.00,"42,252.00",256.00,"30,720.00","11,532.00",27%
Hospital,DR MS 03123,07-Jun-25,DOTHIX 100MG,40.00,175.00,"7,000.00",0.00,"7,000.00",146.00,"5,840.00","1,160.00",17%
Hospital,DR MS 03123,07-Jun-25,SAPHIXIME-200 200MG,10.00,207.90,"2,079.00",0.00,"2,079.00",262.00,"2,620.00",-541.00,-26%
Hospital,DR MS 03123,07-Jun-25,DM CALCIUM CARBONATE 500MG,5.00,100.00,500.00,0.00,500.00,68.50,342.50,157.50,32%
Hospital,DR MS 03123,07-Jun-25,INHIBITA 40MG CAP,6.00,472.00,"2,832.00",0.00,"2,832.00",335.00,"2,010.00",822.00,29%
Hospital,DR MS 03124,07-Jun-25,QUINOGEN 500MG,2.00,451.00,902.00,0.00,902.00,550.00,"1,100.00",-198.00,-22%
Hospital,DR MS 03124,07-Jun-25,"NYSTRIN 100,000 IU/ML",10.00,123.94,"1,239.40",0.00,"1,239.40",88.00,880.00,359.40,29%
Hospital,DR MS 03124,07-Jun-25,ORABAC 200MG/5ML,6.00,100.75,604.50,0.00,604.50,52.00,312.00,292.50,48%
Hospital,DR MS 03124,07-Jun-25,SCHEEPRIL 5MG TAB,7.00,370.00,"2,590.00",0.00,"2,590.00",263.00,"1,841.00",749.00,29%
Hospital,DR MS 03124,07-Jun-25,GOSTAT 40MG,52.00,450.00,"23,400.00",0.00,"23,400.00",189.00,"9,828.00","13,572.00",58%
Hospital,DR MS 03124,07-Jun-25,EMICOX 200MG CAP,13.00,254.00,"3,302.00",0.00,"3,302.00",202.00,"2,626.00",676.00,20%
Hospital,DR MS 03124,07-Jun-25,DIALIX 2.5MG/ML,7.00,35.50,248.50,0.00,248.50,21.00,147.00,101.50,41%
Hospital,DR MS 03124,07-Jun-25,COCILONE-0.5 500MCG,2.00,183.00,366.00,0.00,366.00,148.00,296.00,70.00,19%
Hospital,DR MS 03124,07-Jun-25,GENTAM 40MG/ML (80MG/2ML) 2ML,72.00,84.50,"6,084.00",0.00,"6,084.00",43.00,"3,096.00","2,988.00",49%
Hospital,DR MS 03124,07-Jun-25,LEVETRAMED-500 500MG,23.33,388.80,"9,072.00",0.00,"9,072.00",190.00,"4,433.33","4,638.67",51%
Hospital,DR MS 03124,07-Jun-25,SEZUVIN 100MG/ML (500MG/5ML),200.00,"1,126.76","225,352.00",0.00,"225,352.00",255.00,"51,000.00","174,352.00",77%
Hospital,DR MS 03124,07-Jun-25,ABHAY-TOX 40IU/0.5ML IM,20.00,852.50,"17,050.00",0.00,"17,050.00",,,"17,050.00",100%
Hospital,DR MS 03124,07-Jun-25,SURGICAL BLADES S11 (PARTNERS),2.00,394.00,788.00,0.00,788.00,270.00,540.00,248.00,31%
Hospital,DR MS 03124,07-Jun-25,SURGICAL BLADES S12 (PARTNERS),0.20,394.00,78.80,0.00,78.80,270.00,54.00,24.80,31%
Hospital,DR MS 03124,07-Jun-25,SURGICAL BLADES S15 (PARTNERS),1.00,394.00,394.00,0.00,394.00,270.00,270.00,124.00,31%
Government,DR MS 03001,07-Jun-25,,200.00,95.00,"19,000.00",0.00,"19,000.00",,,"19,000.00",100%
Government,DR MS 03001,07-Jun-25,TOBRAMYZIN 3MG/ML (0.3% w/v) 5ML,500.00,350.00,"175,000.00",0.00,"175,000.00",145.00,"72,500.00","102,500.00",59%
Government,DR MS 03001,07-Jun-25,,135.00,138.00,"18,630.00",0.00,"18,630.00",,,"18,630.00",100%
Government,DR MS 02921,07-Jun-25,VAROLOX 250MG/5ML 60ML,100.00,120.00,"12,000.00",0.00,"12,000.00",27.00,"2,700.00","9,300.00",78%
Government,DR MS 02921,07-Jun-25,AMBIMOX 500MG CAP,100.00,749.00,"74,900.00",0.00,"74,900.00",157.00,"15,700.00","59,200.00",79%
Government,DR MS 02921,07-Jun-25,MOXYLOR 100MG/ML,120.00,119.00,"14,280.00",0.00,"14,280.00",16.00,"1,920.00","12,360.00",87%
Government,DR MS 02921,07-Jun-25,CELEKOP 200MG CAP,90.00,"2,054.44","184,900.00",0.00,"184,900.00",130.00,"11,700.00","173,200.00",94%
Government,DR MS 02921,07-Jun-25,ZYTACT 200MG/5ML,50.00,324.00,"16,200.00",0.00,"16,200.00",42.00,"2,100.00","14,100.00",87%
Government,DR MS 02921,07-Jun-25,NERVESAPH 100MG/5MG/50MCG,150.00,629.00,"94,350.00",0.00,"94,350.00",60.00,"9,000.00","85,350.00",90%
Government,DR MS 02921,07-Jun-25,DIACEF 250MG/5ML,200.00,179.00,"35,800.00",0.00,"35,800.00",33.00,"6,600.00","29,200.00",82%
Government,DR MS 02921,07-Jun-25,EXEL 500MG,80.00,898.00,"71,840.00",0.00,"71,840.00",253.00,"20,240.00","51,600.00",72%
Government,DR MS 02921,07-Jun-25,EXEL 100MG/ML,150.00,119.00,"17,850.00",0.00,"17,850.00",18.00,"2,700.00","15,150.00",85%
Government,DR MS 02921,07-Jun-25,CELEKOP 200MG CAP,30.00,"1,088.00","32,640.00",0.00,"32,640.00",130.00,"3,900.00","28,740.00",88%
Government,DR MS 02921,07-Jun-25,ALLERCHEM 5MG/5ML,100.00,238.00,"23,800.00",0.00,"23,800.00",18.50,"1,850.00","21,950.00",92%
Government,DR MS 02921,07-Jun-25,EXEL 100MG/ML,60.00,140.31,"8,418.75",0.00,"8,418.75",18.00,"1,080.00","7,338.75",87%
Government,DR MS 02921,07-Jun-25,ASMAIR 1MG/50MG/5ML,100.00,140.31,"14,031.25",0.00,"14,031.25",20.00,"2,000.00","12,031.25",86%
Government,DR MS 02921,07-Jun-25,ACCETHROM 125MG/ML 60ML,50.00,159.00,"7,950.00",0.00,"7,950.00",125.00,"6,250.00","1,700.00",21%
Government,DR MS 02921,07-Jun-25,KIDIMEED C PLUS 30ML,115.00,147.74,"16,990.00",0.00,"16,990.00",26.00,"2,990.00","14,000.00",82%
Government,DR MS 02921,07-Jun-25,KIDIMEED C PLUS 60ML,115.00,147.74,"16,990.00",0.00,"16,990.00",21.00,"2,415.00","14,575.00",86%
Government,DR MS 02921,07-Jun-25,CLINDANOVA 300MG CAP,20.00,"1,649.00","32,980.00",0.00,"32,980.00",370.00,"7,400.00","25,580.00",78%
Quezon,DR 025778,31-May-25,HISTARIL 100MG/2MG,20.00,900.00,"18,000.00",0.00,"18,000.00",300.00,"6,000.00","12,000.00",67%
Quezon,DR 025778,31-May-25,ALVICA INTENSE 70ML,10.00,470.00,"4,700.00",0.00,"4,700.00",235.00,"2,350.00","2,350.00",50%
Marinduque,DR 025775,31-May-25,FEBULAS 40-40MG,12.00,840.00,"10,080.00",0.00,"10,080.00",210.00,"2,520.00","7,560.00",75%
Marinduque,DR 025775,31-May-25,EMZART-40 40MG,9.00,495.00,"4,455.00",0.00,"4,455.00",156.00,"1,404.00","3,051.00",68%
Marinduque,DR 025776,31-May-25,JAGA 300MG/100MG/100MCG CAP,2.00,"1,540.00","3,080.00",924.00,"2,156.00",530.00,"1,060.00","1,096.00",36%
Marinduque,DR 025777,31-May-25,DOLO-JAGA 500MG/50MG/100MG/100MCG,3.00,"2,000.00","6,000.00","1,800.00","4,200.00",615.00,"1,845.00","2,355.00",39%
Marinduque,DR 025777,31-May-25,JAGA 300MG/100MG/100MCG CAP,2.00,"1,540.00","3,080.00",924.00,"2,156.00",530.00,"1,060.00","1,096.00",36%
Quezon,DR 025774,31-May-25,SOLVAPRINE 10MG TAB,10.00,"1,000.00","10,000.00",0.00,"10,000.00",150.00,"1,500.00","8,500.00",85%
Quezon,DR 025774,31-May-25,SANOMAX-FA,10.00,"1,400.00","14,000.00",0.00,"14,000.00",560.00,"5,600.00","8,400.00",60%
Batangas,DR 025851,31-May-25,ENHAMOX 250MG/62.5MG/5ML 60ML,20.00,400.00,"8,000.00",400.00,"7,600.00",136.00,"2,720.00","4,880.00",61%
Hospital,DR MS 03198,31-May-25,RAXIDINE 25MG/ML 2ML,10.00,"1,300.00","13,000.00",0.00,"13,000.00",100.00,"1,000.00","12,000.00",92%
Hospital,DR MS 03202,31-May-25,SANISCRUB-E (0.5% + 70%),10.00,280.00,"2,800.00",0.00,"2,800.00",125.00,"1,250.00","1,550.00",55%
Hospital,DR MS 03208,31-May-25,SUCROSAPH 20MG/ML (100MG/5ML) 5ML,5.00,"2,490.00","12,450.00",0.00,"12,450.00",318.00,"1,590.00","10,860.00",87%
Hospital,DR MS 03208,31-May-25,EPIX 1MG/ML IV,10.00,600.00,"6,000.00",0.00,"6,000.00",120.00,"1,200.00","4,800.00",80%
Admin,DR 025802,04-Jun-25,CIUMADE TAB,7.00,678.57,"4,749.99",0.00,"4,749.99",450.00,"3,150.00","1,599.99",34%
Admin,DR 025802,04-Jun-25,FERGLOBIN FA 60MG/400MCG CAP,7.00,642.86,"4,500.02",0.00,"4,500.02",325.00,"2,275.00","2,225.02",49%
Admin,DR 025802,04-Jun-25,APCELAC 500MG,7.00,655.00,"4,585.00",0.00,"4,585.00",400.00,"2,800.00","1,785.00",39%
Admin,DR 025802,04-Jun-25,SOLVAPRINE 10MG TAB,14.00,671.43,"9,400.02",0.00,"9,400.02",150.00,"2,100.00","7,300.02",78%
Admin,DR 025802,04-Jun-25,CIXTOR-Z 500MG/10MG,7.00,630.00,"4,410.00",0.00,"4,410.00",210.00,"1,470.00","2,940.00",67%
Admin,DR 025802,04-Jun-25,HYCLENS OB WASH 1% 100ML,15.00,152.50,"2,287.50",0.00,"2,287.50",138.60,"2,079.00",208.50,9%
Admin,DR 025802,04-Jun-25,GLOVES MEDIUM NITRILE NONSTERILE (SURGITECH),3.00,450.00,"1,350.00",0.00,"1,350.00",200.00,600.00,750.00,56%
Admin,DR 025802,04-Jun-25,FUROXEN 500MG,3.00,"2,485.71","7,457.14",0.00,"7,457.14","1,337.50","4,012.50","3,444.64",46%
Admin,DR 025802,04-Jun-25,ENHAMOX 500MG/125MG,3.00,"2,800.00","8,400.00",0.00,"8,400.00","1,115.00","3,345.00","5,055.00",60%
Government,DR MS 02921,07-Jun-25,AXALAV 500MG/125MG (625MG),107.00,"1,011.00","108,177.00",0.00,"108,177.00",157.50,"16,852.50","91,324.50",84%
Government,DR MS 02921,07-Jun-25,RANICLAV 625MG TAB,39.00,674.00,"26,286.00",0.00,"26,286.00",122.00,"4,758.00","21,528.00",82%
Government,DR MS 02921,07-Jun-25,AXALAV 500MG/125MG (625MG),0.33,"1,011.00",337.00,0.00,337.00,157.50,52.50,284.50,84%
Government,DR MS 02921,07-Jun-25,MIXCLAV 250MG/62.5MG 5ML,200.00,374.00,"74,800.00",0.00,"74,800.00",98.00,"19,600.00","55,200.00",74%
Government,DR MS 02921,07-Jun-25,KATHREX 800MG/160MG (960MG),50.00,774.00,"38,700.00",0.00,"38,700.00",132.00,"6,600.00","32,100.00",83%
Government,DR MS 02921,07-Jun-25,MEOXICLAV 400mg/57mg 70ml,50.00,239.00,"11,950.00",0.00,"11,950.00",135.00,"6,750.00","5,200.00",44%
Government,DR MS 02921,07-Jun-25,,50.00,559.00,"27,950.00",0.00,"27,950.00",,,"27,950.00",100%
Government,DR MS 02921,07-Jun-25,ACCEDOME 1MG/ML 60ML,70.00,249.00,"17,430.00",0.00,"17,430.00",47.00,"3,290.00","14,140.00",81%
Government,DR MS 02921,07-Jun-25,ERZIN 500MG TAB,50.00,"1,199.00","59,950.00",0.00,"59,950.00",450.00,"22,500.00","37,450.00",62%
Government,DR MS 02921,07-Jun-25,MONPHEVIN 200MG/5ML,80.00,147.00,"11,760.00",0.00,"11,760.00",49.00,"3,920.00","7,840.00",67%
Government,DR MS 02921,07-Jun-25,,150.00,49.00,"7,350.00",0.00,"7,350.00",,,"7,350.00",100%
Government,DR MS 02922,07-Jun-25,HYCLENS WOUND SPRAY (60ML),50.00,284.00,"14,200.00",0.00,"14,200.00",114.66,"5,733.00","8,467.00",60%
Government,DR MS 02922,07-Jun-25,OFPLEMED FORTE 600MG,100.00,889.00,"88,900.00",0.00,"88,900.00",184.00,"18,400.00","70,500.00",79%
Government,DR MS 02922,07-Jun-25,OFPLEMED 300MG/5ML SYR,100.00,140.00,"14,000.00",0.00,"14,000.00",50.00,"5,000.00","9,000.00",64%
Government,DR MS 02922,07-Jun-25,MYREFEN 500MG CAP,60.00,439.00,"26,340.00",0.00,"26,340.00",78.00,"4,680.00","21,660.00",82%
Government,DR MS 02922,07-Jun-25,MEDIZOLE 500MG,20.00,279.00,"5,580.00",0.00,"5,580.00",100.00,"2,000.00","3,580.00",64%
Government,DR MS 02922,07-Jun-25,MICROSCOT 20MG 5G,50.00,349.00,"17,450.00",0.00,"17,450.00",26.00,"1,300.00","16,150.00",93%
Government,DR MS 02922,07-Jun-25,MYREVIT 120ML,100.00,194.00,"19,400.00",0.00,"19,400.00",34.00,"3,400.00","16,000.00",82%
Government,DR MS 02922,07-Jun-25,SKYVIT CAP,100.00,389.00,"38,900.00",0.00,"38,900.00",68.00,"6,800.00","32,100.00",83%
Government,DR MS 02922,07-Jun-25,INHIBITA 40MG CAP,50.00,319.00,"15,950.00",0.00,"15,950.00",335.00,"16,750.00",-800.00,-5%
Government,DR MS 02922,07-Jun-25,GIOZOLE 40MG W/ DILUENT,10.00,279.00,"2,790.00",0.00,"2,790.00",33.00,330.00,"2,460.00",88%
Government,DR MS 02922,07-Jun-25,AMBILYTE SACHET,2.00,325.00,650.00,0.00,650.00,57.00,114.00,536.00,82%
Government,DR MS 02922,07-Jun-25,AMBIRETIC 500MG,120.00,349.00,"41,880.00",0.00,"41,880.00",39.00,"4,680.00","37,200.00",89%
Government,DR MS 02922,07-Jun-25,PARA100 100MG/ML,200.00,64.00,"12,800.00",0.00,"12,800.00",15.00,"3,000.00","9,800.00",77%
Government,DR MS 02922,07-Jun-25,HYFER-250 250MG/5ML,100.00,94.00,"9,400.00",0.00,"9,400.00",14.00,"1,400.00","8,000.00",85%
Hospital,DR MS 03124,07-Jun-25,SURGICAL BLADES S20 (PARTNERS),1.00,394.00,394.00,0.00,394.00,270.00,270.00,124.00,31%
Hospital,DR MS 03124,07-Jun-25,SURGICAL BLADES S20 (PARTNERS),0.80,394.00,315.20,0.00,315.20,270.00,216.00,99.20,31%
Hospital,DR MS 03124,07-Jun-25,SURGICAL BLADES S21 (PARTNERS),4.00,394.00,"1,576.00",0.00,"1,576.00",270.00,"1,080.00",496.00,31%
Hospital,DR MS 03125,07-Jun-25,TRANEXSAPH 500MG,9.00,675.00,"6,075.00",0.00,"6,075.00",365.00,"3,285.00","2,790.00",46%
Hospital,DR MS 03125,07-Jun-25,ISOLYTE 30MG TAB,4.00,559.00,"2,236.00",0.00,"2,236.00",230.00,920.00,"1,316.00",59%
Hospital,DR MS 03125,07-Jun-25,LOMOH-60 60MG/0.6ML,660.00,"1,042.25","687,885.00",0.00,"687,885.00",395.00,"260,700.00","427,185.00",62%
Hospital,DR MS 03105,07-Jun-25,ANTIZOAL 5MG/ML (500MG/100ML) 100ML,"1,300.00",22.54,"29,302.00",0.00,"29,302.00",15.00,"19,500.00","9,802.00",33%
Hospital,DR MS 03105,07-Jun-25,ZINACARE 750MG W/ DILUENT,"2,000.00",49.30,"98,600.00",0.00,"98,600.00",26.00,"52,000.00","46,600.00",47%
Hospital,DR MS 03105,07-Jun-25,GOPICIN 250MG,"1,100.00",24.51,"26,961.00",0.00,"26,961.00",12.00,"13,200.00","13,761.00",51%
Hospital,DR MS 03105,07-Jun-25,PORBACT 500MG/250MG,200.00,36.62,"7,324.00",0.00,"7,324.00",21.00,"4,200.00","3,124.00",43%
Hospital,DR MS 03105,07-Jun-25,CORPILYN 500MG,"1,400.00",21.13,"29,582.00",0.00,"29,582.00",13.50,"18,900.00","10,682.00",36%
Hospital,DR MS 03105,07-Jun-25,ZEFTACARE 1G IV,"2,300.00",59.15,"136,045.00",0.00,"136,045.00",44.00,"101,200.00","34,845.00",26%
Hospital,DR MS 03105,07-Jun-25,CORPILYN 1G,500.00,29.58,"14,790.00",0.00,"14,790.00",14.00,"7,000.00","7,790.00",53%
Hospital,DR MS 03105,07-Jun-25,HAIXONE WITH DILUENT 1G,"3,000.00",50.70,"152,100.00",0.00,"152,100.00",26.00,"78,000.00","74,100.00",49%
Hospital,DR MS 03105,07-Jun-25,COCINE 250MG/ML (500MG/2ML),16.00,537.50,"8,600.00",0.00,"8,600.00",580.00,"9,280.00",-680.00,-8%
Hospital,DR MS 03105,07-Jun-25,"XYLODENT 20MG/ML (2%)/1: 100,000 1.8ML",4.00,"1,450.50","5,802.00",0.00,"5,802.00",870.00,"3,480.00","2,322.00",40%
Hospital,DR MS 03105,07-Jun-25,EXECORE 500MG TAB,380.00,140.00,"53,200.00",0.00,"53,200.00",78.00,"29,640.00","23,560.00",44%
Hospital,DR MS 03105,07-Jun-25,BIOLAC 3.33G/5ML,80.00,121.13,"9,690.40",0.00,"9,690.40",105.00,"8,400.00","1,290.40",13%
Hospital,DR MS 03105,07-Jun-25,CLINDANOVA 300MG CAP,6.00,472.00,"2,832.00",0.00,"2,832.00",370.00,"2,220.00",612.00,22%
Hospital,DR MS 03105,07-Jun-25,DIXIN 250MCG,4.00,296.00,"1,184.00",0.00,"1,184.00",250.00,"1,000.00",184.00,16%
Hospital,DR MS 03105,07-Jun-25,FEROSE 20MG/ML (100MG/5ML) 5ML,80.00,422.55,"33,804.00",0.00,"33,804.00",317.50,"25,400.00","8,404.00",25%
Hospital,DR MS 03105,07-Jun-25,EMACIF 100MG/5ML,6.00,102.82,616.92,0.00,616.92,75.00,450.00,166.92,27%
Hospital,DR MS 03106,07-Jun-25,DM FUROSEMIDE 20MG,7.00,51.00,357.00,0.00,357.00,40.00,280.00,77.00,22%
Hospital,DR MS 03106,07-Jun-25,KOVENT SF 25MCG/250MCG MDI,8.00,496.00,"3,968.00",0.00,"3,968.00",320.00,"2,560.00","1,408.00",35%
Hospital,DR MS 03106,07-Jun-25,AMBIDAZOL 125MG/5ML,6.00,26.76,160.56,0.00,160.56,17.00,102.00,58.56,36%
Hospital,DR MS 03104,07-Jun-25,OPREX 40MG IV,56.00,366.20,"20,507.20",0.00,"20,507.20",180.00,"10,080.00","10,427.20",51%
Hospital,DR MS 03101,07-Jun-25,INSULIN SYRINGE WITH NEEDLE 1/2CC 29GX1/2 (TERUMO),26.00,"1,197.00","31,122.00",0.00,"31,122.00",750.00,"19,500.00","11,622.00",37%
Hospital,DR MS 03101,07-Jun-25,MATERNITY PADS 8s (MAXIFREE),400.00,90.16,"36,064.00",0.00,"36,064.00",60.00,"24,000.00","12,064.00",33%
Hospital,DR MS 03101,07-Jun-25,NEBULIZER KIT WITH MASK PEDIA (PARTNERS),140.00,39.44,"5,521.60",0.00,"5,521.60",30.00,"4,200.00","1,321.60",24%
Hospital,DR MS 03101,07-Jun-25,SPINAL NEEDLE G25 X89MM (ORMED),3.00,"9,859.00","29,577.00",0.00,"29,577.00",40.00,120.00,"29,457.00",100%
Hospital,DR MS 03101,07-Jun-25,SPINAL NEEDLE G25 X89MM (ORMED),1.00,"9,859.00","9,859.00",0.00,"9,859.00",40.00,40.00,"9,819.00",100%
Hospital,DR MS 03101,07-Jun-25,IV CANNULA 18G - HEXACARE,17.00,"1,972.00","33,524.00",0.00,"33,524.00",700.00,"11,900.00","21,624.00",65%
Hospital,DR MS 03101,07-Jun-25,IV CANNULA 20G - HEXACARE,20.00,"2,817.00","56,340.00",0.00,"56,340.00",650.00,"13,000.00","43,340.00",77%
Hospital,DR MS 03101,07-Jun-25,IV CANNULA 22G - HEXACARE,14.00,"1,972.00","27,608.00",0.00,"27,608.00",700.00,"9,800.00","17,808.00",65%
Government,DR MS 02922,07-Jun-25,SALBUSAPH 1MG/ML (2.5MG/2.5ML),40.00,979.00,"39,160.00",0.00,"39,160.00",162.00,"6,480.00","32,680.00",83%
Government,DR MS 02922,07-Jun-25,SALBUSAPH 1MG/ML (2.5MG/2.5ML),21.00,"2,140.48","44,950.00",0.00,"44,950.00",162.00,"3,402.00","41,548.00",92%
Government,DR MS 02922,07-Jun-25,,200.00,143.00,"28,600.00",0.00,"28,600.00",,,"28,600.00",100%
Government,DR MS 02922,07-Jun-25,,100.00,89.00,"8,900.00",0.00,"8,900.00",,,"8,900.00",100%
Government,DR MS 02922,07-Jun-25,KIDIMEED C PLUS 60ML,100.00,140.00,"14,000.00",0.00,"14,000.00",21.00,"2,100.00","11,900.00",85%
Government,DR MS 02922,07-Jun-25,ASCORSAPH-ZEE 500MG/10MG,100.00,344.00,"34,400.00",0.00,"34,400.00",129.00,"12,900.00","21,500.00",63%
Government,DR MS 02922,07-Jun-25,AMBIDAZOL 125MG/5ML,50.00,79.00,"3,950.00",0.00,"3,950.00",17.00,850.00,"3,100.00",78%
Quezon,DR 025790,07-Jun-25,CARVIDA 6.25MG,50.00,528.00,"26,400.00",0.00,"26,400.00",132.00,"6,600.00","19,800.00",75%
Quezon,DR 025790,07-Jun-25,SI2NORM 50MG,10.00,"1,008.00","10,080.00",0.00,"10,080.00",338.00,"3,380.00","6,700.00",66%
Quezon,DR 025790,07-Jun-25,FORMET-500 500MG,30.00,500.00,"15,000.00",0.00,"15,000.00",70.00,"2,100.00","12,900.00",86%
Quezon,DR 025783,07-Jun-25,FERGLOBIN 250MG CAP,10.00,800.00,"8,000.00","2,400.00","5,600.00",325.00,"3,250.00","2,350.00",29%
Quezon,DR 025785,07-Jun-25,BENERVA PLUS 500MG/50MG/100MG/100MCG,6.00,"1,200.00","7,200.00",0.00,"7,200.00",615.00,"3,690.00","3,510.00",49%
Quezon,DR 025786,07-Jun-25,VOXOLL 30MG,3.00,800.00,"2,400.00",720.00,"1,680.00",168.00,504.00,"1,176.00",49%
Quezon,DR 025786,07-Jun-25,JAGA 300MG/100MG/100MCG CAP,1.00,"1,540.00","1,540.00",462.00,"1,078.00",530.00,530.00,548.00,36%
Quezon,DR 025787,07-Jun-25,KZIDINE 35MG,10.00,"1,350.00","13,500.00","4,725.00","8,775.00",600.00,"6,000.00","2,775.00",21%
Quezon,DR 025788,07-Jun-25,EXECORE 500MG TAB,1.00,"3,400.00","3,400.00","1,020.00","2,380.00",78.00,78.00,"2,302.00",68%
Quezon,DR 025789,07-Jun-25,HYCLENS GARGLE 0.12% 120ML,24.00,208.00,"4,992.00",0.00,"4,992.00",88.00,"2,112.00","2,880.00",58%
Government,DR RT 0001061,14-Jun-25,"PESO # 55,000.00",1.00,"55,350.00","55,350.00",0.00,"55,350.00","36,420.30","36,420.30","18,929.70",34%
Government,DR RT 0001060,14-Jun-25,"PESO # 18,000.00",1.00,"17,670.00","17,670.00",0.00,"17,670.00","11,626.86","11,626.86","6,043.14",34%
Government,DR RT 0001065,14-Jun-25,"PAGBILAO # 54,000.00",1.00,"53,595.00","53,595.00",0.00,"53,595.00","36,730.00","36,730.00","16,865.00",31%
Government,DR RT 0001096,14-Jun-25,"PAGBILAO # 19,000.00-1",1.00,"18,840.00","18,840.00",0.00,"18,840.00","12,396.72","12,396.72","6,443.28",34%
Quezon,DR 025784,07-Jun-25,HYCLENS WOUND SPRAY 2% 60ML,12.00,280.00,"3,360.00",336.00,"3,024.00",114.66,"1,375.92","1,648.08",49%
Batangas,DR 025853,07-Jun-25,ENHAMOX 250MG/62.5MG/5ML 60ML,15.00,400.00,"6,000.00",300.00,"5,700.00",136.00,"2,040.00","3,660.00",61%
Batangas,DR 025853,07-Jun-25,JAGA 300MG/100MG/100MCG CAP,2.00,"1,590.00","3,180.00",159.00,"3,021.00",530.00,"1,060.00","1,961.00",62%
Batangas,DR 025853,07-Jun-25,HISTARIL 50MG/1MG/5ML,12.00,96.00,"1,152.00",57.60,"1,094.40",35.00,420.00,674.40,59%
Batangas,DR 025853,07-Jun-25,VOXOLL 15MG/5ML,12.00,72.00,864.00,43.20,820.80,33.00,396.00,424.80,49%
Batangas,DR 025854,07-Jun-25,ENHAMOX 500MG/125MG,2.00,"3,600.00","7,200.00",0.00,"7,200.00","1,115.00","2,230.00","4,970.00",69%
Batangas,DR 025855,07-Jun-25,ENHAMOX 500MG/125MG,2.00,"3,600.00","7,200.00",0.00,"7,200.00","1,115.00","2,230.00","4,970.00",69%
Batangas,DR 025856,07-Jun-25,ENHAMOX 250MG/62.5MG/5ML 60ML,15.00,400.00,"6,000.00",0.00,"6,000.00",136.00,"2,040.00","3,960.00",66%
Batangas,DR 025857,07-Jun-25,ZELEX 200MG CAP,2.00,"2,800.00","5,600.00",0.00,"5,600.00",925.00,"1,850.00","3,750.00",67%
Batangas,DR 025858,07-Jun-25,BENERVA PLUS 500MG/50MG/100MG/100MCG,5.00,"1,800.00","9,000.00",0.00,"9,000.00",615.00,"3,075.00","5,925.00",66%
Batangas,DR 025858,07-Jun-25,DOLOGESIC 325MG/37.5MG TAB,6.00,"1,080.00","6,480.00",0.00,"6,480.00",270.00,"1,620.00","4,860.00",75%
Batangas,DR 025859,07-Jun-25,TRIDEN 160MG TAB,3.00,"2,560.00","7,680.00",0.00,"7,680.00",720.00,"2,160.00","5,520.00",72%
Government,DR RT 0001141,05-Jul-25,"PAGBILAO # 3,000.00",1.00,"2,985.00","2,985.00",0.00,"2,985.00","2,464.00","2,464.00",521.00,17%
Batangas,DR 025859,07-Jun-25,CIUMADE TAB,3.00,990.00,"2,970.00",0.00,"2,970.00",450.00,"1,350.00","1,620.00",55%
Batangas,DR 025859,07-Jun-25,MUCOLIFAR 500MG TAB,3.00,"3,850.00","11,550.00",0.00,"11,550.00","1,100.00","3,300.00","8,250.00",71%
Batangas,DR 025860,07-Jun-25,JAGA 300MG/100MG/100MCG CAP,2.00,1590,3180,0.00,"3,180.00",530,1060,"2,120.00",67%
Quezon,DR 025780,07-Jun-25,HYCLENS WOUND SPRAY 2% 60ML,52.00,258.46,"13,440.00",0.00,"13,440.00",114.66,"5,962.32","7,477.68",56%
Batangas,DR 025852,07-Jun-25,CENDALEX 500MG,8.00,"1,100.00","8,800.00",440.00,"8,360.00",287.50,"2,300.00","6,060.00",69%
Batangas,DR 025852,07-Jun-25,EMLOR PLUS 5MG/50MG,10.00,590.00,"5,900.00",295.00,"5,605.00",216.00,"2,160.00","3,445.00",58%
Batangas,DR 025852,07-Jun-25,ZELEX 200MG CAP,2.00,"2,800.00","5,600.00",280.00,"5,320.00",925.00,"1,850.00","3,470.00",62%
Batangas,DR 025852,07-Jun-25,HISTARIL 100MG/2MG,2.00,960.00,"1,920.00",96.00,"1,824.00",300.00,600.00,"1,224.00",64%
Batangas,DR 025852,07-Jun-25,ENHAMOX 500MG/125MG,5.00,"3,600.00","18,000.00",900.00,"17,100.00","1,115.00","5,575.00","11,525.00",64%
Quezon,DR 025782,07-Jun-25,FOLACID 5MG CAP,10.00,615.00,"6,150.00","1,845.00","4,305.00",236.25,"2,362.50","1,942.50",32%
Admin,DR 025803,10-Jun-25,SOLVAPRINE 10MG TAB,7.00,671.43,"4,700.01",0.00,"4,700.01",150.00,"1,050.00","3,650.01",78%
Admin,DR 025803,10-Jun-25,DIACYSTEINE 600- 600MG,5.00,385.00,"1,925.00",0.00,"1,925.00",115.00,575.00,"1,350.00",70%
Admin,DR 025803,10-Jun-25,ACETYPHIL-600 600MG,2.00,385.00,770.00,0.00,770.00,103.00,206.00,564.00,73%
Admin,DR 025803,10-Jun-25,CIXTOR-Z 500mg,7.00,630.00,"4,410.00",0.00,"4,410.00",210.00,"1,470.00","2,940.00",67%
Admin,DR 025803,10-Jun-25,APCELAC 500MG,7.00,655.00,"4,585.00",0.00,"4,585.00",400.00,"2,800.00","1,785.00",39%
Admin,DR 025803,10-Jun-25,HYCLENS OB WASH 1% 100ML,15.00,152.50,"2,287.50",0.00,"2,287.50",138.60,"2,079.00",208.50,9%
Admin,DR 025803,10-Jun-25,SANOMAX-FA,7.00,857.14,"5,999.98",0.00,"5,999.98",560.00,"3,920.00","2,079.98",35%
Admin,DR 025803,10-Jun-25,CIUMADE TAB,7.00,678.57,"4,749.99",0.00,"4,749.99",450.00,"3,150.00","1,599.99",34%
Admin,DR 025803,10-Jun-25,,0.00,,,0.00,0.00,,,0.00,#DIV/0!
Quezon,DR 025779,07-Jun-25,AMINOSOL 25MG/ML (250MG/10ML) 10ML,5.00,665.00,"3,325.00",0.00,"3,325.00",85.00,425.00,"2,900.00",87%
Quezon,DR 025779,07-Jun-25,EUROMED MAGNESIUM SULFATE 250MG/ML (25%) 20ML,50.00,100.00,"5,000.00",0.00,"5,000.00",57.75,"2,887.50","2,112.50",42%
Quezon,DR 025779,07-Jun-25,PHYTOBAS 10MG/ML IV,20.00,830.00,"16,600.00",0.00,"16,600.00",140.00,"2,800.00","13,800.00",83%
Quezon,DR 025779,07-Jun-25,EPIX 1MG/ML IV,30.00,780.00,"23,400.00",0.00,"23,400.00",120.00,"3,600.00","19,800.00",85%
Batangas,DR 025861,07-Jun-25,EMLOR PLUS 5MG/50MG,5.00,590.00,"2,950.00",0.00,"2,950.00",216.00,"1,080.00","1,870.00",63%
Batangas,DR 025862,14-Jun-25,ENHAMOX 500MG/125MG,5.00,"3,000.00","15,000.00",0.00,"15,000.00","1,115.00","5,575.00","9,425.00",63%
Batangas,DR 025863,14-Jun-25,EMZART-40 40MG,10.00,548.00,"5,480.00",0.00,"5,480.00",156.00,"1,560.00","3,920.00",72%
Batangas,DR 025863,14-Jun-25,EMLOR PLUS 5MG/50MG,10.00,590.00,"5,900.00",0.00,"5,900.00",216.00,"2,160.00","3,740.00",63%
Batangas,DR 025863,14-Jun-25,DOLOGESIC 325MG/37.5MG TAB,3.00,"1,080.00","3,240.00",0.00,"3,240.00",270.00,810.00,"2,430.00",75%
Batangas,DR 025864,14-Jun-25,ROSVA 20-20MG,5.00,"1,090.00","5,450.00",0.00,"5,450.00",273.00,"1,365.00","4,085.00",75%
Batangas,DR 025864,14-Jun-25,TRIDEN 160MG TAB,3.00,"2,560.00","7,680.00",0.00,"7,680.00",720.00,"2,160.00","5,520.00",72%
Batangas,DR 025864,14-Jun-25,ANIN 50 PLUS 50MG/12.5MG,1.00,600.00,600.00,0.00,600.00,105.00,105.00,495.00,83%
Batangas,DR 025865,14-Jun-25,EPIX 1MG/ML IV,4.00,600.00,"2,400.00",0.00,"2,400.00",120.00,480.00,"1,920.00",80%
Batangas,DR 025865,14-Jun-25,EXECORE 500MG TAB,10.00,195.00,"1,950.00",0.00,"1,950.00",78.00,780.00,"1,170.00",60%
Batangas,DR 025865,14-Jun-25,AMCETAM 150MG/ML 2ML,12.00,245.00,"2,940.00",0.00,"2,940.00",42.00,504.00,"2,436.00",83%
Batangas,DR 025865,14-Jun-25,DALAMYCIN-600 150MG/ML (600MG/4ML) 4ML,6.00,"1,800.00","10,800.00",0.00,"10,800.00",650.00,"3,900.00","6,900.00",64%
Batangas,DR 025865,14-Jun-25,ENDOPROST 125MCG/ML,2.00,"1,872.50","3,745.00",0.00,"3,745.00",940.00,"1,880.00","1,865.00",50%
Batangas,DR 025865,14-Jun-25,RETAPROBAN 20MG/G (2% w/w) 5G,16.00,70.00,"1,120.00",0.00,"1,120.00",42.00,672.00,448.00,40%
Batangas,DR 025866,14-Jun-25,EMZART-80 80MG,2.00,663.50,"1,327.00",0.00,"1,327.00",264.00,528.00,799.00,60%
Admin,DR 025804,17-Jun-25,ENCLOXIL 500MG CAP,7.00,"1,392.86","9,750.02",0.00,"9,750.02",780.00,"5,460.00","4,290.02",44%
Admin,DR 025804,17-Jun-25,FERGLOBIN FA 60MG/400MCG CAP,7.00,642.86,"4,500.02",0.00,"4,500.02",325.00,"2,275.00","2,225.02",49%
Admin,DR 025804,17-Jun-25,CIUMADE TAB,7.00,678.57,"4,749.99",0.00,"4,749.99",450.00,"3,150.00","1,599.99",34%
Admin,DR 025804,17-Jun-25,KOXIB 200MG CAP,4.00,"2,800.00","11,200.00",0.00,"11,200.00",925.00,"3,700.00","7,500.00",67%
Admin,DR 025804,17-Jun-25,AFENAX 100MG TAB,4.00,"1,900.00","7,600.00",0.00,"7,600.00",595.00,"2,380.00","5,220.00",69%
Admin,DR 025804,17-Jun-25,HYCLENS WOUND SPRAY 2% 60ML,10.00,229.32,"2,293.20",0.00,"2,293.20",114.66,"1,146.60","1,146.60",50%
Admin,DR 025804,17-Jun-25,HYCLENS OB WASH 1% 100ML,10.00,152.50,"1,525.00",0.00,"1,525.00",138.60,"1,386.00",139.00,9%
Hospital,DR MS 03222,21-Jun-25,RAXIDINE 25MG/ML 2ML,10.00,"1,300.00","13,000.00",0.00,"13,000.00",100.00,"1,000.00","12,000.00",92%
Hospital,DR MS 03213,21-Jun-25,AMINOSOL 25MG/ML (250MG/10ML) 10ML,2.00,641.00,"1,282.00",0.00,"1,282.00",85.00,170.00,"1,112.00",87%
Quezon,DR 025792,14-Jun-25,FERGLOBIN 250MG CAP,2.00,800.00,"1,600.00",480.00,"1,120.00",325.00,650.00,470.00,29%
Quezon,DR 025791,14-Jun-25,JAGA 300MG/100MG/100MCG CAP,5.00,"1,078.00","5,390.00",0.00,"5,390.00",530.00,"2,650.00","2,740.00",51%
Admin,DR 025806,18-Jun-25,BENERVA PLUS 500MG/50MG/100MG/100MCG,2.00,"1,200.00","2,400.00",0.00,"2,400.00",615.00,"1,230.00","1,170.00",49%
Government,DR RT 0001107,21-Jun-25,"PAGBILAO # 28,000.00",1.00,"27,760.00","27,760.00",0.00,"27,760.00","18,266.08","18,266.08","9,493.92",34%
Government,DR RT 0001106,21-Jun-25,"PAGBILAO # 51,675.00",1.00,"51,428.00","51,428.00",0.00,"51,428.00","33,839.62","33,839.62","17,588.38",34%
Hospital,DR RT 0002057,21-Jun-25,"QMC # 130,994.00",1.00,"48,262.00","48,262.00",0.00,"48,262.00","92,829.00","92,829.00","-44,567.00",-92%
Hospital,DR RT 0002058,21-Jun-25,,1.00,"40,812.00","40,812.00",0.00,"40,812.00",,,"40,812.00",100%
Hospital,DR RT 0002060,21-Jun-25,,1.00,"41,536.00","41,536.00",0.00,"41,536.00",,,"41,536.00",100%
Admin,DR 025807,24-Jun-25,CIUMADE TAB,7.00,678.57,"4,749.99",0.00,"4,749.99",450.00,"3,150.00","1,599.99",34%
Admin,DR 025807,24-Jun-25,SOLVAPRINE 10MG TAB,7.00,671.43,"4,700.01",0.00,"4,700.01",150.00,"1,050.00","3,650.01",78%
Admin,DR 025807,24-Jun-25,FOLACID 5MG CAP,7.00,464.29,"3,250.03",0.00,"3,250.03",236.25,"1,653.75","1,596.28",49%
Admin,DR 025807,24/06/2025,SANOMAX - FA, 7.00 , 857.14 ," 5,999.98 ", -   ,"5,999.98", 560.00 ," 3,920.00 ","2,079.98",35%
Quezon,DR 025793,21/06/2025,SANOMAX-FA, 5.00 ," 1,400.00 "," 7,000.00 "," 2,100.00 ","4,900.00", 560.00 ," 2,800.00 ","2,100.00",30%
Marinduque,DR 025794,21/06/2025,HYCLENS WOUND SPRAY 2% 60ML, 50.00 , 280.00 ," 14,000.00 ", -   ,"14,000.00", 114.66 ," 5,733.00 ","8,267.00",59%
Marinduque,DR 025796,21/06/2025,BENERVA FORTE 300MG/100MG/100MCG, 15.00 ," 1,540.00 "," 23,100.00 "," 6,930.00 ","16,170.00", 525.00 ," 7,875.00 ","8,295.00",36%
Marinduque,DR 025797,21/06/2025,BUFEN 200MG/5ML, 13.00 , 145.00 ," 1,885.00 ", -   ,"1,885.00", 47.50 , 617.50 ,"1,267.50",67%
Marinduque,DR 025797,21/06/2025,BUFEN 200MG/5ML, 11.00 , 145.00 ," 1,595.00 ", -   ,"1,595.00", 47.50 , 522.50 ,"1,072.50",67%
Marinduque,DR 025797,21/06/2025,DOLO-JAGA 500MG/50MG/100MG/100MCG, 1.00 ," 2,000.00 "," 2,000.00 ", -   ,"2,000.00", 615.00 , 615.00 ,"1,385.00",69%
Quezon,DR 025798,21/06/2025,UNISOL-M, 4.00 , 825.00 ," 3,300.00 ", -   ,"3,300.00", 385.00 ," 1,540.00 ","1,760.00",53%
Quezon,DR 025799,21/06/2025,VOXOLL 15MG/5ML, 10.00 , 80.00 , 800.00 , 240.00 ,560.00, 33.00 , 330.00 ,230.00,29%
Hospital,DR MS 03221,28/06/2025,ANTIZOAL 5MG/ML (500MG/100ML) 100ML, 70.00 , 90.00 ," 6,300.00 ", -   ,"6,300.00", 15.00 ," 1,050.00 ","5,250.00",83%
Hospital,DR MS 03221,28/06/2025,AFENAX 100MG TAB, 2.00 ," 1,935.00 "," 3,870.00 ", -   ,"3,870.00", 595.00 ," 1,190.00 ","2,680.00",69%
Hospital,DR MS 03221,28/06/2025,EROXIME 750MG IV, 3.00 ," 3,000.00 "," 9,000.00 ", -   ,"9,000.00", 175.00 , 525.00 ,"8,475.00",94%
Hospital,DR MS 03221,28/06/2025,MUCOLIFAR 500MG TAB, 1.00 ," 3,500.00 "," 3,500.00 ", -   ,"3,500.00"," 1,100.00 "," 1,100.00 ","2,400.00",69%
Hospital,DR MS 03221,28/06/2025,MERGOT 125MCG, 1.00 ," 2,000.00 "," 2,000.00 ", -   ,"2,000.00", 680.00 , 680.00 ,"1,320.00",66%
Hospital,DR MS 03221,28/06/2025,CETHERGO 200MCG/ML IV, 1.00 ," 4,375.00 "," 4,375.00 ", -   ,"4,375.00"," 1,222.00 "," 1,222.00 ","3,153.00",72%
Hospital,DR MS 03221,28/06/2025,PLAZIMIDE 5MG/ML (10MG/2ML), 5.00 , 250.00 ," 1,250.00 ", -   ,"1,250.00", 60.00 , 300.00 ,950.00,76%
Hospital,DR MS 03221,28/06/2025,AMBIDOL 50MG/ML (100MG/2ML) 2ML, 10.00 ," 1,200.00 "," 12,000.00 ", -   ,"12,000.00", 62.00 , 620.00 ,"11,380.00",95%
Hospital,DR MS 03221,28/06/2025,MOHSIDEX 4MG/ML (8MG/2ML) 2ML, 5.00 ," 1,200.00 "," 6,000.00 ", -   ,"6,000.00", 180.00 , 900.00 ,"5,100.00",85%
Hospital,DR MS 03221,28/06/2025,BUPIRIGHT 5MG/ML 0.5% IN 8% 4ML, 6.00 ," 3,100.00 "," 18,600.00 ", -   ,"18,600.00", 165.18 , 991.08 ,"17,608.92",95%
Hospital,DR MS 03221,28/06/2025,DIFLOSID 25MG/ML 3ML, 2.00 , 750.00 ," 1,500.00 ", -   ,"1,500.00", 126.00 , 252.00 ,"1,248.00",83%
Hospital,DR MS 03221,28/06/2025,DIFLOSID 25MG/ML 3ML, 8.00 , 750.00 ," 6,000.00 ", -   ,"6,000.00", 126.00 ," 1,008.00 ","4,992.00",83%
Hospital,DR MS 03221,28/06/2025,SITIXON 1G 10ML, 3.00 ," 1,200.00 "," 3,600.00 ", -   ,"3,600.00", 32.00 , 96.00 ,"3,504.00",97%
Hospital,DR MS 03221,28/06/2025,ENHAMOX 500MG/125MG, 7.00 ," 2,800.20 "," 19,601.40 ", -   ,"19,601.40"," 1,115.00 "," 7,805.00 ","11,796.40",60%
Hospital,DR MS 03221,28/06/2025,BENERVA FORTE 300MG/100MG/100MCG, 3.00 ," 1,550.00 "," 4,650.00 ", -   ,"4,650.00", 525.00 ," 1,575.00 ","3,075.00",66%
Hospital,DR MS 03221,28/06/2025,EVAPROST 250MCG/ML IV, 2.00 ," 9,600.00 "," 19,200.00 ", -   ,"19,200.00"," 3,575.00 "," 7,150.00 ","12,050.00",63%
Hospital,DR MS 03221,28/06/2025,ENDOPROST 125MCG/ML, 2.00 ," 1,980.00 "," 3,960.00 ", -   ,"3,960.00", 940.00 ," 1,880.00 ","2,080.00",53%
Marinduque,DR 025795,21/06/2025,HYCLENS WOUND SPRAY 2% 60ML, 50.00 , 280.00 ," 14,000.00 ", -   ,"14,000.00", 114.66 ," 5,733.00 ","8,267.00",59%
Batangas,DR 025870,28/06/2025,EMLOR PLUS 5MG/50MG, 20.00 , 590.00 ," 11,800.00 ", -   ,"11,800.00", 216.00 ," 4,320.00 ","7,480.00",63%
Batangas,DR 025870,28/06/2025,DOLOGESIC 325MG/37.5MG TAB, 4.00 ," 1,080.00 "," 4,320.00 ", -   ,"4,320.00", 270.00 ," 1,080.00 ","3,240.00",75%
Batangas,DR 025868,28/06/2025,BENERVA PLUS 500MG/50MG/100MG/100MCG, 4.00 ," 1,800.00 "," 7,200.00 ", -   ,"7,200.00", 615.00 ," 2,460.00 ","4,740.00",66%
Batangas,DR 025868,28/06/2025,JAGA 300MG/100MG/100MCG CAP, 5.00 ," 1,590.00 "," 7,950.00 ", -   ,"7,950.00", 530.00 ," 2,650.00 ","5,300.00",67%
Batangas,DR 025869,28/06/2025,EMZART-80 80MG, 5.00 , 948.00 ," 4,740.00 ", -   ,"4,740.00", 264.00 ," 1,320.00 ","3,420.00",72%
Batangas,DR 025869,28-Jun-25,TRIDEN 160MG TAB,3.00,"2,560.00","7,680.00",0.00,"7,680.00",720.00,"2,160.00","5,520.00",72%
Batangas,DR 025869,28-Jun-25,CIUMADE TAB,3.00,990.00,"2,970.00",0.00,"2,970.00",450.00,"1,350.00","1,620.00",55%
Batangas,DR 025871,28-Jun-25,EMZART-80 80MG,10.00,948.00,"9,480.00",0.00,"9,480.00",264.00,"2,640.00","6,840.00",72%
Batangas,DR 025871,28-Jun-25,DOLOGESIC 325MG/37.5MG TAB,1.00,"1,080.00","1,080.00",0.00,"1,080.00",270.00,270.00,810.00,75%
Batangas,DR 025871,28-Jun-25,EMLOR PLUS 5MG/50MG,10.00,590.00,"5,900.00",0.00,"5,900.00",216.00,"2,160.00","3,740.00",63%
Batangas,DR 025872,28-Jun-25,BENERVA PLUS 500MG/50MG/100MG/100MCG,5.00,"1,800.00","9,000.00",0.00,"9,000.00",615.00,"3,075.00","5,925.00",66%
Batangas,DR 025872,28-Jun-25,AFENAX 100MG TAB,3.00,"1,980.00","5,940.00",0.00,"5,940.00",595.00,"1,785.00","4,155.00",70%
Batangas,DR 025873,28-Jun-25,JAGA 300MG/100MG/100MCG CAP,5.00,"1,590.00","7,950.00",0.00,"7,950.00",530.00,"2,650.00","5,300.00",67%
Batangas,DR 025874,28-Jun-25,CEFUSAPH 125MG/ML,144.00,126.54,"18,221.76",0.00,"18,221.76",65.00,"9,360.00","8,861.76",49%
Batangas,DR 025875,28-Jun-25,AZITHROM 500MG,33.33,51.00,"1,700.00",0.00,"1,700.00",39.00,"1,300.00",400.00,24%
Batangas,DR 025875,28-Jun-25,CALCIUM GLUCONATE - EUROMED,0.20,"3,000.00",600.00,0.00,600.00,"1,680.00",336.00,264.00,44%
Batangas,DR 025875,28-Jun-25,DOBUTASAPH 12.50MG/ML (250MG/20ML),1.00,"1,450.00","1,450.00",0.00,"1,450.00",188.20,188.20,"1,261.80",87%
Batangas,DR 025867,28-Jun-25,ENHAMOX 500MG/125MG,4.00,"3,600.00","14,400.00",720.00,"13,680.00","1,115.00","4,460.00","9,220.00",64%
Batangas,DR 025867,28-Jun-25,JAGA 300MG/100MG/100MCG CAP,3.00,"1,590.00","4,770.00",238.50,"4,531.50",530.00,"1,590.00","2,941.50",62%
Batangas,DR 025867,28-Jun-25,CENDALEX 500MG,8.00,"1,100.00","8,800.00",440.00,"8,360.00",287.50,"2,300.00","6,060.00",69%
Batangas,DR 025867,28-Jun-25,EMLOR PLUS 5MG/50MG,6.00,590.00,"3,540.00",177.00,"3,363.00",216.00,"1,296.00","2,067.00",58%
Batangas,DR 025867,28-Jun-25,ZELEX 200MG CAP,2.00,"2,800.00","5,600.00",280.00,"5,320.00",925.00,"1,850.00","3,470.00",62%
Hospital,DR RT 0001073,28-Jun-25,"QMC # 107,178.00",1.00,"66,274.00","66,274.00",0.00,"66,274.00","62,550.00","62,550.00","3,724.00",6%
Hospital,DR RT 0001074,28-Jun-25,,1.00,"40,684.00","40,684.00",0.00,"40,684.00",,,"40,684.00",100%
Government,DR RT 0001113,28-Jun-25,"PAGBILAO # 230,400.00",1.00,"229,860.00","229,860.00",0.00,"229,860.00","151,247.88","151,247.88","78,612.12",34%
Government,DR RT 0001112,28-Jun-25,"PAGBILAO # 891,530.00",1.00,"650,192.20","650,192.20",0.00,"650,192.20","427,826.47","427,826.47","222,365.73",34%
Government,DR RT 0002062,28-Jun-25,"PAGBILAO # 404,280.00",1.00,"300,820.00","300,820.00",0.00,"300,820.00","197,939.56","197,939.56","102,880.44",34%
Batangas,DR 025875,28-Jun-25,DOPABAS 40MG/ML (200MG/5ML) 5ML,2.00,800.00,"1,600.00",0.00,"1,600.00",400.00,800.00,800.00,50%
Batangas,DR 025875,28-Jun-25,ENOXAGET-60 60MG/0.6ML,15.00,"1,295.00","19,425.00",0.00,"19,425.00",740.00,"11,100.00","8,325.00",43%
Batangas,DR 025875,28-Jun-25,SAPHARIN 20MG/ML,2.00,380.00,760.00,0.00,760.00,154.00,308.00,452.00,59%
Batangas,DR 025876,28-Jun-25,HYCORT 250MG VIAL,10.00,962.50,"9,625.00",0.00,"9,625.00",640.00,"6,400.00","3,225.00",34%
Batangas,DR 025876,28-Jun-25,SPASBASCINE 20MG/ML,12.00,402.50,"4,830.00",0.00,"4,830.00",142.00,"1,704.00","3,126.00",65%
Batangas,DR 025876,28-Jun-25,SYLVITE 2MEQ/ML 20ML,6.00,245.00,"1,470.00",0.00,"1,470.00",140.00,840.00,630.00,43%
Batangas,DR 025876,28-Jun-25,BRICALIN 500MCG/ML AMP,0.10,"10,500.00","1,050.00",0.00,"1,050.00","5,975.00",597.50,452.50,43%
Batangas,DR 025876,28-Jun-25,AZITHROM 500MG,50.00,51.00,"2,550.00",0.00,"2,550.00",39.00,"1,950.00",600.00,24%
Batangas,DR 025876,28-Jun-25,DULXATIVE 10MG,1.00,640.00,640.00,0.00,640.00,363.00,363.00,277.00,43%
Batangas,DR 025877,28-Jun-25,SUPRAPHIL 200 200MG,1.67,300.00,500.00,0.00,500.00,128.00,213.33,286.67,57%
Batangas,DR 025877,28-Jun-25,DULCOLAX 5MG,10.00,136.00,"1,360.00",0.00,"1,360.00",79.20,792.00,568.00,42%
Batangas,DR 025877,28-Jun-25,NITROFIX SR 30MG TAB,1.00,925.00,925.00,0.00,925.00,520.00,520.00,405.00,44%
Batangas,DR 025877,28-Jun-25,MYCLOSIL 10MG,1.00,175.00,175.00,0.00,175.00,83.00,83.00,92.00,53%
Batangas,DR 025877,28-Jun-25,BICARGEN 650MG TAB,1.67,120.00,200.00,0.00,200.00,60.00,100.00,100.00,50%
Batangas,DR 025877,28-Jun-25,DOBUTASAPH 12.50MG/ML (250MG/20ML),15.00,141.75,"2,126.25",0.00,"2,126.25",188.20,"2,823.00",-696.75,-33%
Batangas,DR 025878,28-Jun-25,DOPABAS 40MG/ML (200MG/5ML) 5ML,1.00,800.00,800.00,0.00,800.00,400.00,400.00,400.00,50%
Batangas,DR 025878,28-Jun-25,ENOXAGET-60 60MG/0.6ML,15.00,"1,295.00","19,425.00",0.00,"19,425.00",740.00,"11,100.00","8,325.00",43%
Batangas,DR 025878,28-Jun-25,SEREDOL 5MG/ML,1.00,"2,352.00","2,352.00",0.00,"2,352.00","1,212.00","1,212.00","1,140.00",48%
Batangas,DR 025878,28-Jun-25,SAPHARIN 20MG/ML,1.00,355.00,355.00,0.00,355.00,154.00,154.00,201.00,57%
Batangas,DR 025878,28-Jun-25,HYCORT 250MG VIAL,10.00,962.50,"9,625.00",0.00,"9,625.00",640.00,"6,400.00","3,225.00",34%
Batangas,DR 025878,28-Jun-25,SPASBASCINE 20MG/ML,10.00,402.50,"4,025.00",0.00,"4,025.00",142.00,"1,420.00","2,605.00",65%
Batangas,DR 025878,28-Jun-25,AMADOL 150MG/ML 2ML,50.00,100.00,"5,000.00",0.00,"5,000.00",65.00,"3,250.00","1,750.00",35%
Government,DR MS 03034,30-Jun-25,UNAZEUS 500MG/250MG,200.00,366.20,"73,240.00",0.00,"73,240.00",260.00,"52,000.00","21,240.00",29%
Government,DR MS 03034,30-Jun-25,ZINACARE 750MG W/ DILUENT,"3,000.00",49.30,"147,900.00",0.00,"147,900.00",26.00,"78,000.00","69,900.00",47%
Government,DR MS 03034,30-Jun-25,HAIXONE WITH DILUENT 1G,"3,000.00",50.70,"152,100.00",0.00,"152,100.00",26.00,"78,000.00","74,100.00",49%
Government,DR MS 03034,30-Jun-25,CORPILYN 500MG,"1,000.00",21.13,"21,130.00",0.00,"21,130.00",13.50,"13,500.00","7,630.00",36%
Government,DR MS 03007,30-Jun-25,LOMOH-40 40MG/0.4ML,100.00,619.72,"61,972.00",0.00,"61,972.00",320.00,"32,000.00","29,972.00",48%
Government,DR MS 03007,30-Jun-25,DIUFED 10MG/ML (20MG/2ML) 2ML,100.00,81.70,"8,170.00",0.00,"8,170.00",48.00,"4,800.00","3,370.00",41%
Government,DR MS 03007,30-Jun-25,HYDROCORTIBAS 100MG VIAL,200.00,352.10,"70,420.00",0.00,"70,420.00",256.00,"51,200.00","19,220.00",27%
Government,DR MS 03007,30-Jun-25,ISOLYTE 30MG TAB,10.00,559.00,"5,590.00",0.00,"5,590.00",230.00,"2,300.00","3,290.00",59%
Government,DR MS 03007,30-Jun-25,MUPISAPH 20MG/G OINMENT,100.00,107.75,"10,775.00",0.00,"10,775.00",50.00,"5,000.00","5,775.00",54%
Government,DR MS 03226,30-Jun-25,ACETYLNOVA 200MG 30's,33.33,486.00,"16,200.00",0.00,"16,200.00",303.00,"10,100.00","6,100.00",38%
Government,DR MS 02854,30-Jun-25,FLUCYSTEINE 200MG 30's,33.33,388.80,"12,960.00",0.00,"12,960.00",210.00,"7,000.00","5,960.00",46%
Government,DR MS 02854,30-Jun-25,FLUCYSTEINE-600 600MG 6G,100.00,162.00,"16,200.00",0.00,"16,200.00",93.00,"9,300.00","6,900.00",43%
Government,DR MS 02854,30-Jun-25,CORPILYN 500MG,"1,000.00",21.13,"21,130.00",0.00,"21,130.00",13.50,"13,500.00","7,630.00",36%
Government,DR MS 02854,30-Jun-25,MICROSCOT 20MG 5G,100.00,107.75,"10,775.00",0.00,"10,775.00",26.00,"2,600.00","8,175.00",76%
Government,DR MS 02899,30-Jun-25,PORBACT 500MG/250MG,800.00,36.62,"29,296.00",0.00,"29,296.00",21.00,"16,800.00","12,496.00",43%
Government,DR MS 02899,30-Jun-25,LAZICARE 10MG/ML (20MG/2ML) 2ML,100.00,81.70,"8,170.00",0.00,"8,170.00",55.00,"5,500.00","2,670.00",33%
Government,DR MS 02899,30-Jun-25,GENTAM 40MG/ML (80MG/2ML) 2ML,20.00,84.50,"1,690.00",0.00,"1,690.00",43.00,860.00,830.00,49%
Government,DR MS 02899,30-Jun-25,ISOLYTE 30MG TAB,10.00,559.00,"5,590.00",0.00,"5,590.00",230.00,"2,300.00","3,290.00",59%
Government,DR MS 02899,30-Jun-25,IV CANNULA WITH WINGS LUER LOCK G18 1.5X38MM (CATHULA),20.00,"3,380.00","67,600.00",0.00,"67,600.00","2,200.00","44,000.00","23,600.00",35%
Government,DR MS 02899,30-Jun-25,IV CANNULA WITH WINGS & INJECTION VALVE G20 1.1X32MM (CATHULA),30.00,"3,380.00","101,400.00",0.00,"101,400.00","2,200.00","66,000.00","35,400.00",35%
Government,DR MS 02899,30-Jun-25,IV CANNULA WITH WINGS & INJECTION VALVE G20 1.1X32MM (CATHULA),20.00,"3,380.00","67,600.00",0.00,"67,600.00","2,200.00","44,000.00","23,600.00",35%
Government,DR MS 02899,30-Jun-25,IV CANNULA WITH WINGS LUER LOCK G22 .8X25MM (CATHULA),20.00,"3,380.00","67,600.00",0.00,"67,600.00","2,200.00","44,000.00","23,600.00",35%
Government,DR MS 02899,30-Jun-25,IV CANNULA WITH INJECTION PORT LUER LOCK G24 0.7X19MM (CATHULA),40.00,"3,380.00","135,200.00",0.00,"135,200.00","2,400.00","96,000.00","39,200.00",29%
Government,DR MS 02899,30-Jun-25,IV CANNULA WITH INJECTION PORT LUER LOCK G24 0.7X19MM (CATHULA),10.00,"3,380.00","33,800.00",0.00,"33,800.00","2,400.00","24,000.00","9,800.00",29%
Government,DR MS 02899,30-Jun-25,IV CANNULA WITHOUT INJECTION PORT LUER LOCK G26 0.6X19MM (CATHULA),10.00,"3,380.00","33,800.00",0.00,"33,800.00","2,400.00","24,000.00","9,800.00",29%
Government,DR MS 02899,30-Jun-25,MATERNITY PADS 8s (MAXIFREE),"1,440.00",90.16,"129,830.40",0.00,"129,830.40",60.00,"86,400.00","43,430.40",33%
Government,DR MS 02899,30-Jun-25,OMCARE 40MG WITH DILUENT,"3,000.00",47.89,"143,670.00",0.00,"143,670.00",33.00,"99,000.00","44,670.00",31%
Government,DR MS 02899,30-Jun-25,SPINAL NEEDLE G25X90MM(ORMED),0.75,"9,859.00","7,394.25",0.00,"7,394.25","4,000.00","3,000.00","4,394.25",59%
Government,DR MS 02899,30-Jun-25,SPINAL NEEDLE G25X90MM(ORMED),0.25,"9,859.00","2,464.75",0.00,"2,464.75","4,000.00","1,000.00","1,464.75",59%
Government,DR MS 02906,30-Jun-25,ENOXAGET-40 40MG/0.4ML,50.00,"1,239.44","61,972.00",0.00,"61,972.00",640.00,"32,000.00","29,972.00",48%
Government,DR MS 02906,30-Jun-25,ABHAY-TOX 40IU/0.5ML IM,60.00,852.50,"51,150.00",0.00,"51,150.00",,,"51,150.00",100%
Government,DR MS 02906,30-Jun-25,BAAMCILLIN-250 250MG,50.00,245.10,"12,255.00",0.00,"12,255.00",105.00,"5,250.00","7,005.00",57%
Government,DR MS 02988,30-Jun-25,CETHERGO 200MCG/ML IV,6.00,"1,584.50","9,507.00",0.00,"9,507.00","1,222.00","7,332.00","2,175.00",23%
Government,DR MS 02988,30-Jun-25,DISPOSABLE NEEDLE G25 (ORMED),30.00,211.00,"6,330.00",0.00,"6,330.00",150.00,"4,500.00","1,830.00",29%
Government,DR MS 03082,30-Jun-25,SURGICAL BLADES S10 (PARTNERS),8.00,394.00,"3,152.00",0.00,"3,152.00",298.00,"2,384.00",768.00,24%
Government,DR MS 03082,30-Jun-25,SPINAL NEEDLE G25X90MM(ORMED),1.35,"9,859.00","13,309.65",0.00,"13,309.65","4,000.00","5,400.00","7,909.65",59%
Government,DR MS 03082,30-Jun-25,PORBACT 500MG/250MG,200.00,36.62,"7,324.00",0.00,"7,324.00",21.00,"4,200.00","3,124.00",43%
Government,DR MS 03227,30-Jun-25,SPINAL NEEDLE G25X90MM(ORMED),0.65,"9,859.00","6,408.35",0.00,"6,408.35","4,000.00","2,600.00","3,808.35",59%
Quezon,DR RT 0001117,28-Jun-25,"GULANG GULANG # 26,250.00",1.00,"26,250.00","26,250.00",0.00,"26,250.00","13,125.00","13,125.00","13,125.00",50%
Admin,DR 025808,30-Jun-25,CIUMADE TAB,7.00,678.57,"4,749.99",0.00,"4,749.99",450.00,"3,150.00","1,599.99",34%
Admin,DR 025808,30-Jun-25,SANOMAX-FA,7.00,857.14,"5,999.98",0.00,"5,999.98",560.00,"3,920.00","2,079.98",35%
Admin,DR 025808,30-Jun-25,FERGLOBIN 250MG CAP,7.00,517.86,"3,625.02",0.00,"3,625.02",325.00,"2,275.00","1,350.02",37%
Admin,DR 025808,30-Jun-25,APCELAC 500MG,7.00,655.00,"4,585.00",0.00,"4,585.00",400.00,"2,800.00","1,785.00",39%
Admin,DR 025808,30-Jun-25,DIACYSTEINE 600- 600MG,3.00,385.00,"1,155.00",0.00,"1,155.00",115.00,345.00,810.00,70%
Admin,DR 025808,30-Jun-25,TRANEXSAPH 500MG,3.00,"1,500.00","4,500.00",0.00,"4,500.00",365.00,"1,095.00","3,405.00",76%
Admin,DR 025808,30-Jun-25,ENHAMOX 500MG/125MG,3.00,"2,800.00","8,400.00",0.00,"8,400.00","1,115.00","3,345.00","5,055.00",60%
Admin,DR 025808,30-Jun-25,MERGOT 125MCG,3.00,"2,000.00","6,000.00",0.00,"6,000.00",680.00,"2,040.00","3,960.00",66%
Admin,DR 025808,30-Jun-25,MUCOLIFAR 500MG TAB,3.00,"3,500.00","10,500.00",0.00,"10,500.00","1,100.00","3,300.00","7,200.00",69%
Admin,DR 025808,30-Jun-25,HYCLENS OB WASH 1% 100ML,10.00,152.50,"1,525.00",0.00,"1,525.00",138.60,"1,386.00",139.00,9%
Hospital,DR MS 03244,30-Jun-25,ANTIZOAL 5MG/ML (500MG/100ML) 100ML,100.00,90.00,"9,000.00",0.00,"9,000.00",15.00,"1,500.00","7,500.00",83%
Hospital,DR MS 03244,30-Jun-25,EVAPROST 250MCG/ML IV,1.00,"9,600.00","9,600.00",0.00,"9,600.00","3,575.00","3,575.00","6,025.00",63%
Hospital,DR MS 03244,30-Jun-25,MERGOT 125MCG,1.00,"2,000.00","2,000.00",0.00,"2,000.00",680,680,"1,320.00",66%
Hospital,DR MS 03244,30-Jun-25,DIFLOSID 25MG/ML 3ML,3.00,750.00,"2,250.00",0.00,"2,250.00",126.00,378.00,"1,872.00",83%
Hospital,DR MS 03244,30-Jun-25,SITIXON 1G 10ML,70.00,120.00,"8,400.00",0.00,"8,400.00",32.00,"2,240.00","6,160.00",73%
Hospital,DR MS 03244,30-Jun-25,ENHAMOX 500MG/125MG,4.00,"2,800.20","11,200.80",0.00,"11,200.80","1,115.00","4,460.00","6,740.80",60%
Hospital,DR MS 03244,30-Jun-25,FINOX 500MG,1.00,780.00,780.00,0.00,780.00,287.00,287.00,493.00,63%
Hospital,DR MS 03244,30-Jun-25,ENDOPROST 125MCG/ML,2.00,"1,980.00","3,960.00",0.00,"3,960.00",940.00,"1,880.00","2,080.00",53%
Quezon,DR 025902,30-Jun-25,SANOMAX-FA,5.00,"1,400.00","7,000.00","2,100.00","4,900.00",560.00,"2,800.00","2,100.00",30%
Quezon,DR 025901,28-Jun-25,AMOLTEX 2MG/5ML,36.00,98.00,"3,528.00",0.00,"3,528.00",28.00,"1,008.00","2,520.00",71%
Quezon,DR 025800,28-Jun-25,CIUMADE TAB,2.00,"1,450.00","2,900.00",870.00,"2,030.00",450.00,900.00,"1,130.00",39%
Quezon,DR 025903,30-Jun-25,CARVIDA 6.25MG,33.00,528.00,"17,424.00",0.00,"17,424.00",132.00,"4,356.00","13,068.00",75%
Batangas,DR 025879,05-Jul-25,EMLOR PLUS 5MG/50MG,5.00,590.00,"2,950.00",147.50,"2,802.50",216.00,"1,080.00","1,722.50",58%
Batangas,DR 025879,05-Jul-25,ZELEX 200MG CAP,2.00,"2,800.00","5,600.00",280.00,"5,320.00",925.00,"1,850.00","3,470.00",62%
Batangas,DR 025879,05-Jul-25,ENHAMOX 250MG/62.5MG/5ML 60ML,12.00,400.00,"4,800.00",240.00,"4,560.00",136.00,"1,632.00","2,928.00",61%
Batangas,DR 025880,05-Jul-25,ANIN 50 PLUS 50MG/12.5MG,5.00,600.00,"3,000.00",0.00,"3,000.00",105.00,525.00,"2,475.00",83%
Batangas,DR 025880,05-Jul-25,ROSVA 10-10MG,5.00,735.00,"3,675.00",0.00,"3,675.00",250.00,"1,250.00","2,425.00",66%
Batangas,DR 025880,05-Jul-25,EMZART-40 40MG,10.00,548.00,"5,480.00",0.00,"5,480.00",156.00,"1,560.00","3,920.00",72%
Batangas,DR 025881,05-Jul-25,EMZART-80 80MG,10.00,948.00,"9,480.00",0.00,"9,480.00",264.00,"2,640.00","6,840.00",72%
Batangas,DR 025881,05-Jul-25,EMLOR PLUS 5MG/50MG,10.00,590.00,"5,900.00",0.00,"5,900.00",216.00,"2,160.00","3,740.00",63%
Quezon,DR 025911,19-Jul-25,EMZART-40 40MG,3.00,429.00,"1,287.00",386.10,900.90,156.00,468.00,432.90,34%
Hospital,DR MS 03101,07-Jun-25,IV CANNULA 24G - HEXACARE,11.00,"1,972.00","21,692.00",0.00,"21,692.00",800.00,"8,800.00","12,892.00",59%
Hospital,DR MS 03101,07-Jun-25,IV CANNULA 26G - HEXACARE,12.00,"2,817.00","33,804.00",0.00,"33,804.00",800.00,"9,600.00","24,204.00",72%
Hospital,DR MS 03101,07-Jun-25,ENOXAGET-40 40MG/0.4ML,450.00,"1,239.44","557,748.00",0.00,"557,748.00",640.00,"288,000.00","269,748.00",48%
Hospital,DR MS 03101,07-Jun-25,DISPOSABLE DIAPER ADULT LARGE (HEXACARE),200.00,239.40,"47,880.00",0.00,"47,880.00",194.00,"38,800.00","9,080.00",19%
Hospital,DR MS 03101,07-Jun-25,UNDERPADS ANTIBACTERIAL LARGE (HEXACARE),780.00,211.30,"164,814.00",0.00,"164,814.00",105.00,"81,900.00","82,914.00",50%
Government,DR MS 03114,07-Jun-25,INSULIN SYRINGE WITH NEEDLE 1/2CC 29GX1/2 (TERUMO),4.00,"1,197.00","4,788.00",0.00,"4,788.00",750.00,"3,000.00","1,788.00",37%
Government,DR MS 03114,07-Jun-25,IV CANNULA WITH WINGS LUER LOCK G18 1.5X38MM (CATHULA),2.20,"3,380.00","7,436.00",0.00,"7,436.00","2,200.00","4,840.00","2,596.00",35%
Government,DR MS 03114,07-Jun-25,IV CANNULA WITH WINGS & INJECTION VALVE G20 1.1X32MM (CATHULA),2.20,"3,380.00","7,436.00",0.00,"7,436.00","2,200.00","4,840.00","2,596.00",35%
Government,DR MS 03114,07-Jun-25,IV CANNULA WITH WINGS LUER LOCK G22 .8X25MM (CATHULA),2.20,"3,380.00","7,436.00",0.00,"7,436.00","2,200.00","4,840.00","2,596.00",35%
Government,DR MS 03114,07-Jun-25,DISPOSABLE DIAPER ADULT XL (HEXACARE),10.00,239.40,"2,394.00",0.00,"2,394.00",203.00,"2,030.03",363.97,15%
Government,DR MS 03114,07-Jun-25,UNDERPADS ANTIBACTERIAL LARGE (HEXACARE),40.00,211.30,"8,452.00",0.00,"8,452.00",105.00,"4,200.00","4,252.00",50%
Government,DR MS 03114,07-Jun-25,ENOXAGET-40 40MG/0.4ML,100.00,"1,239.44","123,944.00",0.00,"123,944.00",640.00,"64,000.00","59,944.00",48%
Government,DR MS 03114,07-Jun-25,IV CANNULA 18G - HEXACARE,1.00,"1,972.00","1,972.00",0.00,"1,972.00",700.00,700.00,"1,272.00",65%
Government,DR MS 03114,07-Jun-25,IV CANNULA 20G - HEXACARE,1.00,"2,817.00","2,817.00",0.00,"2,817.00",650.00,650.00,"2,167.00",77%
Government,DR MS 03114,07-Jun-25,IV CANNULA 22G - HEXACARE,1.00,"1,972.00","1,972.00",0.00,"1,972.00",700.00,700.00,"1,272.00",65%
Government,DR MS 03114,07-Jun-25,IV CANNULA 24G - HEXACARE,1.00,"1,972.00","1,972.00",0.00,"1,972.00",800.00,800.00,"1,172.00",59%
Government,DR MS 03114,07-Jun-25,IV CANNULA 26G - HEXACARE,1.00,"2,817.00","2,817.00",0.00,"2,817.00",800.00,800.00,"2,017.00",72%
Government,DR MS 03114,07-Jun-25,SPINAL NEEDLE G25 X89MM (ORMED),1.00,"9,859.00","9,859.00",0.00,"9,859.00",40.00,40.00,"9,819.00",100%
Government,DR MS 03111,07-Jun-25,GOSTAT 40MG,8.00,450.00,"3,600.00",0.00,"3,600.00",189.00,"1,512.00","2,088.00",58%
Government,DR MS 03111,07-Jun-25,KOVENT SF 25MCG/250MCG MDI,80.00,496.00,"39,680.00",0.00,"39,680.00",320.00,"25,600.00","14,080.00",35%
Government,DR MS 03111,07-Jun-25,REGIZINE 5MG/5ML,204.00,27.00,"5,508.00",0.00,"5,508.00",20.00,"4,080.00","1,428.00",26%
Government,DR MS 03111,07-Jun-25,QUINOGEN 500MG,1.00,451.00,451.00,0.00,451.00,550.00,550.00,-99.00,-22%
Government,DR MS 03111,07-Jun-25,ORABAC 200MG/5ML,22.00,100.75,"2,216.50",0.00,"2,216.50",52.00,"1,144.00","1,072.50",48%
Government,DR MS 03111,07-Jun-25,AMCETAM 150MG/ML 2ML,44.00,77.50,"3,410.00",0.00,"3,410.00",42.00,"1,848.00","1,562.00",46%
Government,DR MS 03111,07-Jun-25,ANTIZOAL 5MG/ML (500MG/100ML) 100ML,"1,860.00",22.54,"41,924.40",0.00,"41,924.40",15.00,"27,900.00","14,024.40",33%
Government,DR MS 03111,07-Jun-25,ZINACARE 750MG W/ DILUENT,"4,000.00",49.30,"197,200.00",0.00,"197,200.00",26.00,"104,000.00","93,200.00",47%
Government,DR MS 03110,07-Jun-25,HAIXONE WITH DILUENT 1G,"5,520.00",50.70,"279,864.00",0.00,"279,864.00",26.00,"143,520.00","136,344.00",49%
Government,DR MS 03110,07-Jun-25,CORPILYN 500MG,"2,060.00",21.13,"43,527.80",0.00,"43,527.80",13.50,"27,810.00","15,717.80",36%
Government,DR MS 03110,07-Jun-25,CORPILYN 1G,260.00,29.58,"7,690.80",0.00,"7,690.80",14.00,"3,640.00","4,050.80",53%
Government,DR MS 03110,07-Jun-25,GOPICIN 250MG,"2,230.00",24.51,"54,657.30",0.00,"54,657.30",12.00,"26,760.00","27,897.30",51%
Government,DR MS 03110,07-Jun-25,PORBACT 500MG/250MG,780.00,36.62,"28,563.60",0.00,"28,563.60",21.00,"16,380.00","12,183.60",43%
Government,DR MS 03110,07-Jun-25,FLUCYSTEINE 200MG 30's,91.00,388.80,"35,380.80",0.00,"35,380.80",210.00,"19,110.00","16,270.80",46%
Government,DR MS 03110,07-Jun-25,"XYLODENT 20MG/ML (2%)/1: 100,000 1.8ML",4.00,"1,450.50","5,802.00",0.00,"5,802.00",870.00,"3,480.00","2,322.00",40%
Government,DR MS 03110,07-Jun-25,EMACIF 100MG/5ML,10.00,102.82,"1,028.20",0.00,"1,028.20",75.00,750.00,278.20,27%
Batangas,DR 025882,05-Jul-25,BENERVA PLUS 500MG/50MG/100MG/100MCG,5.00,"1,800.00","9,000.00",0.00,"9,000.00",615.00,"3,075.00","5,925.00",66%
Batangas,DR 25883,05-Jul-25,ENHAMOX 250MG/62.5MG/5ML 60ML,12.00,400.00,"4,800.00",0.00,"4,800.00",136.00,"1,632.00","3,168.00",66%
Batangas,DR 25883,05-Jul-25,CENDALEX 500MG,4.00,"1,100.00","4,400.00",0.00,"4,400.00",287.50,"1,150.00","3,250.00",74%
Batangas,DR 025884,05-Jul-25,CENDALEX 500MG,4.00,"1,100.00","4,400.00",0.00,"4,400.00",287.50,"1,150.00","3,250.00",74%
Marinduque,DR RT 0002030,05-Jul-25,"MARINDUQUE # 250,000.00",1.00,"248,500.00","248,500.00",0.00,"248,500.00","165,108.00","165,108.00","83,392.00",34%
Marinduque,DR RT 0002031,05-Jul-25,"MARINDUQUE # 450,000.00",1.00,"379,600.00","379,600.00",0.00,"379,600.00","303,736.80","303,736.80","75,863.20",20%
Marinduque,DR RT 0002032,05-Jul-25,,1.00,"49,800.00","49,800.00",0.00,"49,800.00",,,"49,800.00",100%
Marinduque,DR RT 0002033,05-Jul-25,,1.00,"20,000.00","20,000.00",0.00,"20,000.00",,,"20,000.00",100%
Marinduque,DR RT 0001046,05-Jul-25,"MARINDUQUE # 363,494.00",1.00,"363,300.00","363,300.00",0.00,"363,300.00","190,990.00","190,990.00","172,310.00",47%
Government,DR RT 0001143,05-Jul-25,"PAGBILAO # 11,000.00",1.00,"10,794.00","10,794.00",0.00,"10,794.00","7,102.45","7,102.45","3,691.55",34%
Quezon,DR 025905,05-Jul-25,BENERVA PLUS 500MG/50MG/100MG/100MCG,6.00,"1,200.00","7,200.00",0.00,"7,200.00",615.00,"3,690.00","3,510.00",49%
Quezon,DR 025906,05-Jul-25,KZIDINE 35MG,10.00,"1,350.00","13,500.00","4,725.00","8,775.00",600.00,"6,000.00","2,775.00",21%
Quezon,DR 025907,05-Jul-25,EXECORE 500MG TAB,1.00,"3,400.00","3,400.00","1,020.00","2,380.00",78.00,78.00,"2,302.00",68%
Quezon,DR 025908,05-Jul-25,HYCLENS OB WASH 1% 100ML,20.00,326.00,"6,520.00",652.00,"5,868.00",138.60,"2,772.00","3,096.00",47%
Quezon,DR 025910,05-Jul-25,PHYTOBAS 10MG/ML IV,30.00,830.00,"24,900.00",0.00,"24,900.00",140.00,"4,200.00","20,700.00",83%
Quezon,DR 025909,03-Jul-25,VOXOLL 15MG/5ML,12.00,80.00,960.00,288.00,672.00,33.00,396.00,276.00,29%
Admin,DR 025809,19-Jul-25,CIUMADE TAB,8.00,678.57,"5,428.56",0.00,"5,428.56",450,3600,"1,828.56",34%
Admin,DR 025809,19-Jul-25,SOLVAPRINE 10MG TAB,7.00,671.43,"4,700.01",0.00,"4,700.01",150,1050,"3,650.01",78%
Admin,DR 025809,19-Jul-25,DOPAMET 250MG,7.00,780.00,"5,460.00",0.00,"5,460.00",195,1365,"4,095.00",75%
Admin,DR 025809,19-Jul-25,APCELAC 500MG,7.00,655.00,"4,585.00",0.00,"4,585.00",400,2800,"1,785.00",39%
Admin,DR 025809,19-Jul-25,CIXTOR-Z 500MG/10MG,7.00,630.00,"4,410.00",0.00,"4,410.00",210.00,"1,470.00","2,940.00",67%
Admin,DR 025809,19-Jul-25,FERGLOBIN FA 60MG/400MCG CAP,7.00,642.86,"4,500.02",0.00,"4,500.02",325.00,"2,275.00","2,225.02",49%
Admin,DR 025809,19-Jul-25,GLOVES MEDIUM NITRILE NONSTERILE (SURGITECH),3.00,450.00,"1,350.00",0.00,"1,350.00",200.00,600.00,750.00,56%
Batangas,DR 025885,12-Jul-25,ANEROCIN 300MG CAP,2.00,"3,800.00","7,600.00",0.00,"7,600.00",979.00,"1,958.00","5,642.00",74%
Batangas,DR 025885,12-Jul-25,TRIDEN 160MG TAB,3.00,"2,560.00","7,680.00",0.00,"7,680.00",720.00,"2,160.00","5,520.00",72%
Batangas,DR 025886,12-Jul-25,AFENAX 100MG TAB,3.00,"1,980.00","5,940.00",0.00,"5,940.00",595.00,"1,785.00","4,155.00",70%
Batangas,DR 025886,12-Jul-25,EMZART-40 40MG,10.00,548.00,"5,480.00",0.00,"5,480.00",156.00,"1,560.00","3,920.00",72%
Batangas,DR 025886,12-Jul-25,PREVEN-Z GOLD 500MG/10MG/1000IU,3.00,"1,800.00","5,400.00",0.00,"5,400.00",445.00,"1,335.00","4,065.00",75%
Batangas,DR 025887,12-Jul-25,BENERVA PLUS 500MG/50MG/100MG/100MCG,5.00,"1,800.00","9,000.00",0.00,"9,000.00",615.00,"3,075.00","5,925.00",66%
Batangas,DR 025888,12-Jul-25,HYCLENS WOUND SPRAY 2% 60ML,12.00,286.00,"3,432.00",0.00,"3,432.00",114.66,"1,375.92","2,056.08",60%
Batangas,DR 025888,12-Jul-25,HYCLENS GARGLE 0.12% 120ML,12.00,193.00,"2,316.00",0.00,"2,316.00",88.00,"1,056.00","1,260.00",54%
Admin,DR 025810,19-Jul-25,CALCI-MAX 600- 1500MG/200IU,7.00,678.57,"4,749.99",0.00,"4,749.99",350.00,"2,450.00","2,299.99",48%
Admin,DR 025810,19-Jul-25,SANOMAX - FA,7.00,857.14,"5,999.98",0.00,"5,999.98",560.00,"3,920.00","2,079.98",35%
Admin,DR 025810,19-Jul-25,SOLVAPRINE 10MG TAB,14.00,671.43,"9,400.02",0.00,"9,400.02",150.00,"2,100.00","7,300.02",78%
Admin,DR 025810,19-Jul-25,FOLACID 5MG CAP,7.00,464.29,"3,250.03",0.00,"3,250.03",236.25,"1,653.75","1,596.28",49%
Admin,DR 025810,19-Jul-25,ENHAMOX 500MG/125MG,2.00,"2,800.00","5,600.00",0.00,"5,600.00","1,115.00","2,230.00","3,370.00",60%
Admin,DR 025810,19-Jul-25,BENERVA PLUS 500MG/50MG/100MG/100MCG,2.00,"1,200.00","2,400.00",0.00,"2,400.00",615.00,"1,230.00","1,170.00",49%
Admin,DR 025810,19-Jul-25,HYCLENS WOUND SPRAY 2% 60ML,10.00,229.32,"2,293.20",0.00,"2,293.20",114.66,"1,146.60","1,146.60",50%
Hospital,DR MS 03272,12-Jul-25,ANTIZOAL 5MG/ML (500MG/100ML) 100ML,100.00,90.00,"9,000.00",0.00,"9,000.00",15.00,"1,500.00","7,500.00",83%
Hospital,DR MS 03272,12-Jul-25,DIFLOSID 25MG/ML 3ML,8.00,750.00,"6,000.00",0.00,"6,000.00",126.00,"1,008.00","4,992.00",83%
Hospital,DR MS 03272,12-Jul-25,MERGOT 125MCG,1.00,"2,000.00","2,000.00",0.00,"2,000.00",680.00,680.00,"1,320.00",66%
Hospital,DR MS 03272,12-Jul-25,ENDOPROST 250MCG/ML,6.00,"4,800.00","28,800.00",0.00,"28,800.00","1,325.00","7,950.00","20,850.00",72%
Hospital,DR MS 03272,12-Jul-25,ENDOPROST 125MCG/ML,4.00,"1,980.00","7,920.00",0.00,"7,920.00",940.00,"3,760.00","4,160.00",53%
Hospital,DR MS 03272,12-Jul-25,BENERVA PLUS 500MG/50MG/100MG/100MCG,7.00,"1,550.00","10,850.00",0.00,"10,850.00",615.00,"4,305.00","6,545.00",60%
Hospital,DR MS 03272,12-Jul-25,SITIXON 1G 10ML,30.00,120.00,"3,600.00",0.00,"3,600.00",32.00,960.00,"2,640.00",73%
Hospital,DR MS 03272,12-Jul-25,ENHAMOX 500MG/125MG,7.00,"2,800.20","19,601.40",0.00,"19,601.40","1,115.00","7,805.00","11,796.40",60%
Hospital,DR MS 03272,12-Jul-25,LIFERZIN 1G IV,2.00,"1,280.00","2,560.00",0.00,"2,560.00",175.00,350.00,"2,210.00",86%
Hospital,DR MS 03272,12-Jul-25,AMBIDOL 50MG/ML (100MG/2ML) 2ML,10.00,"1,200.00","12,000.00",0.00,"12,000.00",62.00,620.00,"11,380.00",95%
Hospital,DR MS 03272,12-Jul-25,MOHSIDEX 4MG/ML (8MG/2ML) 2ML,10.00,"1,200.00","12,000.00",0.00,"12,000.00",180.00,"1,800.00","10,200.00",85%
Hospital,DR MS 03272,12-Jul-25,AMINOSOL 25MG/ML (250MG/10ML) 10ML,3.00,641.00,"1,923.00",0.00,"1,923.00",85.00,255.00,"1,668.00",87%
Hospital,DR MS 03268,12-Jul-25,MERGOT 125MCG,1.00,"1,980.00","1,980.00",0.00,"1,980.00",680.00,680.00,"1,300.00",66%
Hospital,DR MS 03267,12-Jul-25,OPTRYL 5MG/G (0.5%) 5G,50.00,315.00,"15,750.00",0.00,"15,750.00",136.10,"6,805.00","8,945.00",57%
Hospital,DR MS 03266,12-Jul-25,RAXIDINE 25MG/ML 2ML,10.00,555.00,"5,550.00",0.00,"5,550.00",100.00,"1,000.00","4,550.00",82%
Hospital,DR MS 03265,12-Jul-25,GENTAM 40MG/ML (80MG/2ML) 2ML,10.00,363.75,"3,637.50",0.00,"3,637.50",43.00,430.00,"3,207.50",88%
Hospital,DR MS 03263,12-Jul-25,AMADOL 150MG/ML 2ML,30.00,363.75,"10,912.50",0.00,"10,912.50",65.00,"1,950.00","8,962.50",82%
Hospital,DR MS 03264,12-Jul-25,BUPIRIGHT 5MG/ML 0.5% IN 8% 4ML,20.00,555.00,"11,100.00",0.00,"11,100.00",165.18,"3,303.60","7,796.40",70%
Hospital,DR MS 03262,12-Jul-25,PHYTOBAS 10MG/ML IV,20.00,570.00,"11,400.00",0.00,"11,400.00",140.00,"2,800.00","8,600.00",75%
Hospital,DR MS 03269,12-Jul-25,SITIXON 1G 10ML,50.00,135.00,"6,750.00",0.00,"6,750.00",32.00,"1,600.00","5,150.00",76%
Hospital,DR MS 03261,12-Jul-25,GYNE-TOCIN 10IU/ML,5.00,375.00,"1,875.00",0.00,"1,875.00",90.00,450.00,"1,425.00",76%
Hospital,DR MS 03260,12-Jul-25,MOHSIDEX 4MG/ML (8MG/2ML) 2ML,10.00,"1,690.00","16,900.00",0.00,"16,900.00",180.00,"1,800.00","15,100.00",89%
Hospital,DR MS 03271,12-Jul-25,BABY OIL 50ML (JOHNSON),24.00,64.00,"1,536.00",0.00,"1,536.00",50.00,"1,200.00",336.00,22%
Hospital,DR MS 03271,12-Jul-25,AMBUBAG MANUAL RESUSCITATOR SILICONE ADULT (PRIMAPLUS),2.00,"2,500.00","5,000.00",0.00,"5,000.00","1,350.00","2,700.00","2,300.00",46%
Hospital,DR MS 03271,12-Jul-25,PAPER TOWEL 175PULL-UPS (FEMME),60.00,80.00,"4,800.00",0.00,"4,800.00",53.75,"3,225.00","1,575.00",33%
Hospital,DR MS 03270,12-Jul-25,DISPOSABLE BABY DIAPER LARGE NON WOVEN (HEXACARE),2.00,380.00,760.00,0.00,760.00,230.00,460.00,300.00,39%
Hospital,DR MS 03270,12-Jul-25,BATHROOM TISSUE 2PLY 12'S (FEMME),3.00,168.00,504.00,0.00,504.00,107.00,321.00,183.00,36%
Hospital,DR MS 03270,12-Jul-25,DISPOSABLE BABY DIAPER MEDIUM NON WOVEN (HEXACARE),1.00,990.00,990.00,0.00,990.00,200.00,200.00,790.00,80%
Government,DR RT 0001149,19-Jul-25,"PAGBILAO # 3,500.00",1.00,"3,444.00","3,444.00",0.00,"3,444.00","1,624.00","1,624.00","1,820.00",53%
Government,DR RT 0001150,19-Jul-25,"PAGBILAO # 833,154.00",1.00,"605,700.00","605,700.00",0.00,"605,700.00","398,550.60","398,550.60","207,149.40",34%
Marinduque,DR 025915,19-Jul-25,BENERVA PLUS 500MG/50MG/100MG/100MCG,5.00,"2,000.00","10,000.00",0.00,"10,000.00",615.00,"3,075.00","6,925.00",69%
Marinduque,DR 025915,19-Jul-25,VITACORE 100MG/100MG/1MG 3ML,100.00,100.00,"10,000.00",0.00,"10,000.00",110.00,"11,000.00","-1,000.00",-10%
Marinduque,DR 025916,19-Jul-25,HYCLENS WOUND SPRAY 2% 60ML,6.00,280.00,"1,680.00",168.00,"1,512.00",114.66,687.96,824.04,49%
Marinduque,DR 025917,19-Jul-25,ALVICA INTENSE 70ML,10.00,470.00,"4,700.00",0.00,"4,700.00",235.00,"2,350.00","2,350.00",50%
Marinduque,DR 025917,19-Jul-25,ANEROCIN 300MG CAP,10.00,"2,800.00","28,000.00",0.00,"28,000.00",979.00,"9,790.00","18,210.00",65%
Marinduque,DR 025918,19-Jul-25,JAGA 300MG/100MG/100MCG CAP,6.00,"1,540.00","9,240.00","2,772.00","6,468.00",530.00,"3,180.00","3,288.00",36%
Marinduque,DR 025918,19-Jul-25,HYCLENS WOUND SPRAY 2% 60ML,36.00,280.00,"10,080.00","1,008.00","9,072.00",114.66,"4,127.76","4,944.24",49%
Batangas,DR 025891,19-Jul-25,DOLOGESIC 325MG/37.5MG TAB,5.00,"1,080.00","5,400.00",0.00,"5,400.00",270.00,"1,350.00","4,050.00",75%
Batangas,DR 025891,19-Jul-25,ROSVA 10-10MG,5.00,735.00,"3,675.00",0.00,"3,675.00",250.00,"1,250.00","2,425.00",66%
Batangas,DR 025891,19-Jul-25,VOXOLL 30MG,1.00,715.00,715.00,0.00,715.00,168.00,168.00,547.00,77%
Batangas,DR 025890,19-Jul-25,EMZART-80 80MG,10.00,948.00,"9,480.00",0.00,"9,480.00",264.00,"2,640.00","6,840.00",72%
Batangas,DR 025890,19-Jul-25,PREVEN-Z GOLD 500MG/10MG/1000IU,2.00,"1,800.00","3,600.00",0.00,"3,600.00",445.00,890.00,"2,710.00",75%
Batangas,DR 025889,19-Jul-25,CENDALEX 500MG,5.00,"1,100.00","5,500.00",275.00,"5,225.00",287.50,"1,437.50","3,787.50",69%
Batangas,DR 025889,19-Jul-25,EMLOR PLUS 5MG/50MG,5.00,590.00,"2,950.00",147.50,"2,802.50",216.00,"1,080.00","1,722.50",58%
Quezon,DR 025914,19-Jul-25,HEPARIN CAP VIOLET NEEDLESS (ORMED),2.00,"5,350.00","10,700.00",0.00,"10,700.00","3,500.00","7,000.00","3,700.00",35%
Quezon,DR 025912,19-Jul-25,HYCLENS WOUND SPRAY 2% 60ML,10.00,280.00,"2,800.00",0.00,"2,800.00",114.66,"1,146.60","1,653.40",59%
Quezon,DR 025913,19-Jul-25,CIUMADE TAB,10.00,"1,450.00","14,500.00",0.00,"14,500.00",450.00,"4,500.00","10,000.00",69%
Quezon,DR 025913,19-Jul-25,DOPAMET 250MG,10.00,847.00,"8,470.00",0.00,"8,470.00",195.00,"1,950.00","6,520.00",77%
Admin,DR 025811,26-Jul-25,DUOGESIC 325MG/37.5MG TAB,7.00,"1,414.29","9,900.03",0.00,"9,900.03",100.00,700.00,"9,200.03",93%
Admin,DR 025811,26-Jul-25,KOXIB 200MG CAP,2.00,"2,800.00","5,600.00",0.00,"5,600.00",925.00,"1,850.00","3,750.00",67%
Admin,DR 025811,26-Jul-25,ZELEX 200MG CAP,5.00,"2,800.00","14,000.00",0.00,"14,000.00",925.00,"4,625.00","9,375.00",67%
Admin,DR 025811,26-Jul-25,AFENAX 100MG TAB,7.00,"1,900.00","13,300.00",0.00,"13,300.00",595.00,"4,165.00","9,135.00",69%
Hospital,DR RT 0002107,19-Jul-25,"QMC # 605,550.00",1.00,"586,630.50","586,630.50",0.00,"586,630.50","306,004.60","306,004.60","280,625.90",48%
Hospital,DR RT 0002108,19-Jul-25,,1.00,"17,970.00","17,970.00",0.00,"17,970.00",,,"17,970.00",100%
Hospital,DR RT 0001210,19-Jul-25,"QMC # 108,598.62",1.00,"102,045.00","102,045.00",0.00,"102,045.00","78,571.25","78,571.25","23,473.75",23%
Hospital,DR RT 0001211,19-Jul-25,,1.00,"6,153.00","6,153.00",0.00,"6,153.00",,,"6,153.00",100%
Hospital,DR RT 0001124,19-Jul-25,"QMC # 981,828.00",1.00,"980,842.50","980,842.50",0.00,"980,842.50","682,233.10","682,233.10","298,609.40",30%
Government,DR RT 0002075,19-Jul-25,"PAGBILAO # 13,500,000",1.00,"13,230,000.00","13,230,000.00",0.00,"13,230,000.00","4,229,349.44","4,229,349.44","9,000,650.56",68%
Government,DR RT 0001152,19-Jul-25,"PAGBILAO # 7,000.00",1.00,"6,930.00","6,930.00",0.00,"6,930.00","5,638.31","5,638.31","1,291.69",19%
Government,DR RT 0001151,19-Jul-25,"PAGBILAO # 17,070.00",1.00,"16,726.50","16,726.50",0.00,"16,726.50","8,244.69","8,244.69","8,481.81",51%
Quezon,DR 025919,19-Jul-25,FOLACID 5MG CAP,10.00,615.00,"6,150.00","1,845.00","4,305.00",236.25,"2,362.50","1,942.50",32%
Quezon,DR 025920,19-Jul-25,SI2NORM 50MG,20.00,"1,008.00","20,160.00",0.00,"20,160.00",338.00,"6,760.00","13,400.00",66%
Quezon,DR 025920,19-Jul-25,KZIDINE 35MG,30.00,"1,500.00","45,000.00",0.00,"45,000.00",600.00,"18,000.00","27,000.00",60%
Quezon,DR 025920,19-Jul-25,TRIDEN 160MG TAB,10.00,"1,980.00","19,800.00",0.00,"19,800.00",720.00,"7,200.00","12,600.00",64%
Quezon,DR 025920,19-Jul-25,GITOR-40 40MG,10.00,"3,500.00","35,000.00",0.00,"35,000.00",875.00,"8,750.00","26,250.00",75%
Quezon,DR 025921,19-Jul-25,FERGLOBIN 250MG CAP,2.00,800.00,"1,600.00",480.00,"1,120.00",325.00,650.00,470.00,29%
Quezon,DR 025921,19-Jul-25,ANEROCIN 300MG CAP,1.00,"2,800.00","2,800.00",840.00,"1,960.00",979.00,979.00,981.00,35%
Quezon,DR 025922,19-Jul-25,SANOVIZ OB PLUS CAP,20.00,"1,400.00","28,000.00",0.00,"28,000.00",525.00,"10,500.00","17,500.00",63%
Admin,DR 025812,26-Jul-25,ENCLOXIL 500MG CAP,7.00,"1,392.86","9,750.02",0.00,"9,750.02",780.00,"5,460.00","4,290.02",44%
Admin,DR 025812,26-Jul-25,APCELAC 500MG,7.00,655.00,"4,585.00",0.00,"4,585.00",400.00,"2,800.00","1,785.00",39%
Admin,DR 025812,26-Jul-25,CIXTOR-Z 500MG/10MG,7.00,630.00,"4,410.00",0.00,"4,410.00",210.00,"1,470.00","2,940.00",67%
Admin,DR 025812,26-Jul-25,SOLVAPRINE 10MG TAB,14.00,671.43,"9,400.02",0.00,"9,400.02",150.00,"2,100.00","7,300.02",78%
Admin,DR 025812,26-Jul-25,TRANEXSAPH 500MG,3.00,"1,500.00","4,500.00",0.00,"4,500.00",365.00,"1,095.00","3,405.00",76%
Admin,DR 025812,26-Jul-25,MERGOT 125MCG,3.00,"2,000.00","6,000.00",0.00,"6,000.00",680.00,"2,040.00","3,960.00",66%
Admin,DR 025812,26-Jul-25,MEDIROSE 1000MG/992MG,7.00,"1,000.00","7,000.00",0.00,"7,000.00",145.00,"1,015.00","5,985.00",86%
Hospital,DR MS 03289,19-Jul-25,FENTIN 50MG/ML 2ML,3.00,"2,598.75","7,796.25",0.00,"7,796.25",885.00,"2,655.00","5,141.25",66%
Hospital,DR MS 03288,19-Jul-25,MERGOT 125MCG,1.00,"1,980.00","1,980.00",0.00,"1,980.00",680.00,680.00,"1,300.00",66%
Hospital,DR MS 03282,19-Jul-25,HYCLENS WOUND SPRAY 2% 60ML,50.00,249.49,"12,474.50",0.00,"12,474.50",114.66,"5,733.00","6,741.50",54%
Admin,DR 025814,26-Jul-25,HYCLENS OB WASH 1% 100ML,20.00,152.50,"3,050.00",0.00,"3,050.00",138.60,"2,772.00",278.00,9%
Government,DR RT 0001153,26-Jul-25,"PAGBILAO # 31,800.00",1.00,"31,724.00","31,724.00",0.00,"31,724.00","23,120.00","23,120.00","8,604.00",27%
Government,DR MS 03194,26-Jul-25,ANTIZOAL 5MG/ML (500MG/100ML) 100ML,"1,000.00",22.54,"22,540.00",0.00,"22,540.00",15.00,"15,000.00","7,540.00",33%
Government,DR MS 03194,26-Jul-25,AMTRIX WITH DILUENT 1G,"5,000.00",50.70,"253,500.00",0.00,"253,500.00",26.00,"130,000.00","123,500.00",49%
Government,DR MS 03194,26-Jul-25,CORPILYN 1G,750.00,29.58,"22,185.00",0.00,"22,185.00",14.00,"10,500.00","11,685.00",53%
Government,DR MS 03194,26-Jul-25,CORPILYN 250MG,"2,000.00",24.51,"49,020.00",0.00,"49,020.00",11.80,"23,600.00","25,420.00",52%
Government,DR MS 03194,26-Jul-25,CORPILYN 500MG,"1,500.00",21.13,"31,695.00",0.00,"31,695.00",13.50,"20,250.00","11,445.00",36%
Government,DR MS 03194,26-Jul-25,MYOMIDE 20MG/ML,100.00,340.00,"34,000.00",0.00,"34,000.00",125.00,"12,500.00","21,500.00",63%
Government,DR MS 03194,26-Jul-25,ZINACARE 750MG W/ DILUENT,"5,000.00",49.30,"246,500.00",0.00,"246,500.00",26.00,"130,000.00","116,500.00",47%
Government,DR MS 03194,26-Jul-25,SITIVAST -40 40MG,10.00,450.00,"4,500.00",0.00,"4,500.00",171.00,"1,710.00","2,790.00",62%
Government,DR MS 03194,26-Jul-25,BETTER C 500MG,5.00,65.00,325.00,0.00,325.00,47.00,235.00,90.00,28%
Government,DR MS 03194,26-Jul-25,PLAZIMIDE 5MG/ML (10MG/2ML),50.00,175.00,"8,750.00",0.00,"8,750.00",60.00,"3,000.00","5,750.00",66%
Government,DR MS 03194,26-Jul-25,SAPHIXIME-200 200MG,93.33,207.90,"19,404.00",0.00,"19,404.00",262.00,"24,453.33","-5,049.33",-26%
Government,DR MS 03194,26-Jul-25,DATAB 2MG CAP,5.00,42.00,210.00,0.00,210.00,51.00,255.00,-45.00,-21%
Government,DR MS 03194,26-Jul-25,EMICOX 200MG CAP,30.00,254.00,"7,620.00",0.00,"7,620.00",202.00,"6,060.00","1,560.00",20%
Government,DR MS 03194,26-Jul-25,KOVENT SF 25MCG/250MCG MDI,462.00,496.00,"229,152.00",0.00,"229,152.00",320.00,"147,840.00","81,312.00",35%
Government,DR MS 03194,26-Jul-25,KOVENT SF 25MCG/250MCG MDI,288.00,496.00,"142,848.00",0.00,"142,848.00",320.00,"92,160.00","50,688.00",35%
Government,DR MS 03189,26-Jul-25,OLXARIN 4000IU/0.4ML (40MG/0.4ML),125.00,"1,239.44","154,930.00",0.00,"154,930.00",620.00,"77,500.00","77,430.00",50%
Government,DR MS 03189,26-Jul-25,HYTRIX 100MG,100.00,352.10,"35,210.00",0.00,"35,210.00",210.00,"21,000.00","14,210.00",40%
Quezon,DR 025923,26-Jul-25,AMOLTEX 2MG/5ML,30.00,98.00,"2,940.00",0.00,"2,940.00",28.00,840.00,"2,100.00",71%
Government,DR MS 03284,26-Jul-25,METOCLON 5MG/ML (10MG/2ML),25.00,350.00,"8,750.00",0.00,"8,750.00",120.00,"3,000.00","5,750.00",66%
Government,DR MS 03284,26-Jul-25,HAIXONE WITH DILUENT 1G,"2,500.00",50.70,"126,750.00",0.00,"126,750.00",26.00,"65,000.00","61,750.00",49%
Government,DR MS 03284,26-Jul-25,EXECORE 500MG TAB,500.00,140.00,"70,000.00",0.00,"70,000.00",78.00,"39,000.00","31,000.00",44%
Government,DR MS 03284,26-Jul-25,SUPRAPHIL 200 200MG,6.67,207.90,"1,386.00",0.00,"1,386.00",128.00,853.33,532.67,38%
Government,DR MS 03284,26-Jul-25,ZINACARE 750MG W/ DILUENT,"3,600.00",49.30,"177,480.00",0.00,"177,480.00",26.00,"93,600.00","83,880.00",47%
Government,DR MS 03284,26-Jul-25,HYTRIX 100MG,200.00,352.10,"70,420.00",0.00,"70,420.00",210.00,"42,000.00","28,420.00",40%
Government,DR MS 03299,26-Jul-25,HAIXONE WITH DILUENT 1G,"2,500.00",50.70,"126,750.00",0.00,"126,750.00",26.00,"65,000.00","61,750.00",49%
Government,DR MS 03299,26-Jul-25,ZINACARE 750MG W/ DILUENT,720.00,49.30,"35,496.00",0.00,"35,496.00",26.00,"18,720.00","16,776.00",47%
Government,DR MS 03299,26-Jul-25,ZINACARE 750MG W/ DILUENT,280.00,49.30,"13,804.00",0.00,"13,804.00",26.00,"7,280.00","6,524.00",47%
Government,DR MS 03299,26-Jul-25,ZINACARE 750MG W/ DILUENT,400.00,49.30,"19,720.00",0.00,"19,720.00",26.00,"10,400.00","9,320.00",47%
Government,DR RT 0001024,26-Jul-25,"PAGBILAO # 327,050.00",1.00,"289,362.50","289,362.50",0.00,"289,362.50","231,484.00","231,484.00","57,878.50",20%
Admin,DR 025815,26-Jul-25,CALCI-MAX 600- 1500MG/200IU,7.00,678.57,"4,749.99",0.00,"4,749.99",350.00,"2,450.00","2,299.99",48%
Admin,DR 025815,26-Jul-25,SANOMAX - FA,7.00,857.14,"5,999.98",0.00,"5,999.98",560.00,"3,920.00","2,079.98",35%
Admin,DR 025815,26-Jul-25,FERGLOBIN FA 60MG/400MCG CAP,7.00,857.14,"5,999.98",0.00,"5,999.98",325.00,"2,275.00","3,724.98",62%
Quezon,DR 025924,26-Jul-25,HYCLENS WOUND SPRAY 2% 60ML,6.00,280.00,"1,680.00",168.00,"1,512.00",114.66,687.96,824.04,49%
Quezon,DR 025924,26-Jul-25,HYCLENS GARGLE 0.12% 120ML,6.00,208.00,"1,248.00",124.80,"1,123.20",88.00,528.00,595.20,48%
Quezon,DR 025925,26-Jul-25,AMINOSOL 25MG/ML (250MG/10ML) 10ML,5.00,665.00,"3,325.00",0.00,"3,325.00",85.00,425.00,"2,900.00",87%
Quezon,DR 025925,26-Jul-25,TROPIN 1MG/ML IM/IV/SC,10.00,780.00,"7,800.00",0.00,"7,800.00",210.00,"2,100.00","5,700.00",73%
Quezon,DR 025925,26-Jul-25,EPIX 1MG/ML IV,30.00,780.00,"23,400.00",0.00,"23,400.00",120.00,"3,600.00","19,800.00",85%
Quezon,DR 025925,26-Jul-25,CETHERGO 200MCG/ML IV,1.00,"4,375.00","4,375.00",0.00,"4,375.00","1,222.00","1,222.00","3,153.00",72%
Quezon,DR 025925,26-Jul-25,MERGOT 125MCG,2.00,"1,150.00","2,300.00",0.00,"2,300.00",680.00,"1,360.00",940.00,41%
Quezon,DR 025925,26-Jul-25,PHYTOBAS 10MG/ML IV,30.00,830.00,"24,900.00",0.00,"24,900.00",140.00,"4,200.00","20,700.00",83%
Quezon,DR 025925,26-Jul-25,VITACORE 100MG/100MG/1MG 3ML,3.00,700.00,"2,100.00",0.00,"2,100.00",110.00,330.00,"1,770.00",84%
Quezon,DR 025926,26-Jul-25,KZIDINE 35MG,10.00,"1,350.00","13,500.00","4,725.00","8,775.00",600.00,"6,000.00","2,775.00",21%
Quezon,DR 025927,26-Jul-25,SOLVAPRINE 10MG TAB,3.00,"1,000.00","3,000.00",900.00,"2,100.00",150.00,450.00,"1,650.00",55%
Quezon,DR 025927,26-Jul-25,FOLACID 5MG CAP,3.00,700.00,"2,100.00",630.00,"1,470.00",236.25,708.75,761.25,36%
Quezon,DR 025928,26-Jul-25,CARVIDA 6.25MG,50.00,528.00,"26,400.00",0.00,"26,400.00",132.00,"6,600.00","19,800.00",75%
Quezon,DR 025930,26-Jul-25,SANOMAX-FA,5.00,"1,400.00","7,000.00","2,100.00","4,900.00",560.00,"2,800.00","2,100.00",30%
Quezon,DR 025929,26-Jul-25,HYCLENS OB WASH 1% 100ML,20.00,326.00,"6,520.00",652.00,"5,868.00",138.60,"2,772.00","3,096.00",47%
Batangas,DR 025892,31-Jul-25,CENDALEX 500MG,10.00,"1,100.00","11,000.00",550.00,"10,450.00",287.50,"2,875.00","7,575.00",69%
Batangas,DR 025892,31-Jul-25,ENHAMOX 500MG/125MG,6.00,"3,600.00","21,600.00","1,080.00","20,520.00","1,115.00","6,690.00","13,830.00",64%
Batangas,DR 025892,31-Jul-25,HISTARIL 100MG/2MG,2.00,960.00,"1,920.00",96.00,"1,824.00",300.00,600.00,"1,224.00",64%
Batangas,DR 025892,31-Jul-25,VOXOLL 30MG,1.00,800.00,800.00,40.00,760.00,168.00,168.00,592.00,74%
Batangas,DR 025893,31-Jul-25,ZELEX 200MG CAP,1.00,"2,800.00","2,800.00",140.00,"2,660.00",925.00,925.00,"1,735.00",62%
Batangas,DR 025893,31-Jul-25,EMLOR PLUS 5MG/50MG,3.00,590.00,"1,770.00",88.50,"1,681.50",216.00,648.00,"1,033.50",58%
Batangas,DR 025893,31-Jul-25,ENHAMOX 250MG/62.5MG/5ML 60ML,17.00,400.00,"6,800.00",340.00,"6,460.00",136.00,"2,312.00","4,148.00",61%
Batangas,DR 025893,31-Jul-25,VOXOLL 15MG/5ML,10.00,70.00,700.00,35.00,665.00,33.00,330.00,335.00,48%
Batangas,DR 025894,31-Jul-25,TRIDEN 160MG TAB,5.00,"2,560.00","12,800.00",0.00,"12,800.00",720.00,"3,600.00","9,200.00",72%
Batangas,DR 025894,31-Jul-25,DOLOGESIC 325MG/37.5MG TAB,1.00,"1,080.00","1,080.00",0.00,"1,080.00",270.00,270.00,810.00,75%
Batangas,DR 025894,31-Jul-25,CIUMADE TAB,2.00,990.00,"1,980.00",0.00,"1,980.00",450.00,900.00,"1,080.00",55%
Batangas,DR 025895,31-Jul-25,ROSVA 20-20MG,5.00,"1,090.00","5,450.00",0.00,"5,450.00",273.00,"1,365.00","4,085.00",75%
Batangas,DR 025895,31-Jul-25,ROSVA 10-10MG,2.00,735.00,"1,470.00",0.00,"1,470.00",250.00,500.00,970.00,66%
Batangas,DR 025895,31-Jul-25,BENERVA PLUS 500MG/50MG/100MG/100MCG,3.00,"1,800.00","5,400.00",0.00,"5,400.00",615.00,"1,845.00","3,555.00",66%
Batangas,DR 025895,31-Jul-25,EMLOR PLUS 5MG/50MG,4.00,590.00,"2,360.00",0.00,"2,360.00",216.00,864.00,"1,496.00",63%
Batangas,DR 025895,31-Jul-25,VOXOLL 30MG,4.00,715.00,"2,860.00",0.00,"2,860.00",168.00,672.00,"2,188.00",77%
Hospital,DR MS 03088,09-Aug-25,CEFUROX 250MG/5ML 50ML,20.00,147.89,"2,957.80",0.00,"2,957.80",108.00,"2,160.00",797.80,27%
Batangas,DR 025896,31-Jul-25,HYCLENS WOUND SPRAY 2% 60ML,12.00,286.00,"3,432.00",0.00,"3,432.00",114.66,"1,375.92","2,056.08",60%
Hospital,DR MS 03024,02-Aug-25,HAIXONE WITH DILUENT 1G,"4,500.00",50.70,"228,150.00",0.00,"228,150.00",26.00,"117,000.00","111,150.00",49%
Admin,DR 025816,30-Jul-25,CIXTOR-Z 500MG/10MG,7.00,630.00,"4,410.00",0.00,"4,410.00",210.00,"1,470.00","2,940.00",67%
Admin,DR 025816,30-Jul-25,SOLVAPRINE 10MG TAB,7.00,671.43,"4,700.01",0.00,"4,700.01",150.00,"1,050.00","3,650.01",78%
Admin,DR 025816,30-Jul-25,SANOMAX-FA,7.00,857.14,"5,999.98",0.00,"5,999.98",560.00,"3,920.00","2,079.98",35%
Admin,DR 025816,30-Jul-25,CALCI-MAX 600- 1500MG/200IU,7.00,678.57,"4,749.99",0.00,"4,749.99",350,2450,"2,299.99",48%
Hospital,DR MS 03003,02-Aug-25,EUROMED MAGNESIUM SULFATE 250MG/ML (25%) 20ML,515.00,65.00,"33,475.00",0.00,"33,475.00",57.75,"29,741.25","3,733.75",11%
Hospital,MS DR 03052,02-Aug-25,EVAPROST 250MCG/ML IV,70.00,"4,950.00","346,500.00",0.00,"346,500.00","3,575.00","250,250.00","96,250.00",28%
Hospital,DR MS 02983,02-Aug-25,SORBANCE -5 5MG,16.67,129.30,"2,155.00",0.00,"2,155.00",34.00,566.67,"1,588.33",74%
Hospital,DR MS 02983,02-Aug-25,ENOXAGET-40 40MG/0.4ML,35.00,"1,239.44","43,380.40",0.00,"43,380.40",640.00,"22,400.00","20,980.40",48%
Hospital,DR MS 02983,02-Aug-25,EUROMED MAGNESIUM SULFATE 250MG/ML (25%) 20ML,85.00,65.00,"5,525.00",0.00,"5,525.00",57.75,"4,908.75",616.25,11%
Hospital,DR MS 02983,02-Aug-25,AZCORE 500MG TAB,16.67,847.50,"14,125.00",0.00,"14,125.00",285.00,"4,750.00","9,375.00",66%
Hospital,DR MS 02983,02-Aug-25,VAZI2R 80MG,20.00,479.00,"9,580.00",0.00,"9,580.00",295.00,"5,900.00","3,680.00",38%
Hospital,DR MS 02983,02-Aug-25,SAPHARIN 20MG/ML,34.00,291.50,"9,911.00",0.00,"9,911.00",154.00,"5,236.00","4,675.00",47%
Hospital,DR MS 02941,02-Aug-25,ENOXAGET-40 40MG/0.4ML,215.00,"1,239.44","266,479.60",0.00,"266,479.60",640.00,"137,600.00","128,879.60",48%
Hospital,DR MS 02941,02-Aug-25,BIOLAC 3.33G/5ML,36.00,121.13,"4,360.68",0.00,"4,360.68",105.00,"3,780.00",580.68,13%
Hospital,DR MS 02941,02-Aug-25,MORNEM 500MG,200.00,246.00,"49,200.00",0.00,"49,200.00",160.00,"32,000.00","17,200.00",35%
Hospital,DR MS 02941,02-Aug-25,ZEFTACARE 1G IV,"1,200.00",59.15,"70,980.00",0.00,"70,980.00",44.00,"52,800.00","18,180.00",26%
Hospital,DR MS 02941,02-Aug-25,SAPHARIN 20MG/ML,8.00,291.50,"2,332.00",0.00,"2,332.00",154.00,"1,232.00","1,100.00",47%
Hospital,DR MS 02941,02-Aug-25,SAPHARIN 20MG/ML,7.00,291.50,"2,040.50",0.00,"2,040.50",154.00,"1,078.00",962.50,47%
Hospital,DR MS 02941,02-Aug-25,SAPHARIN 20MG/ML,1.00,291.50,291.50,0.00,291.50,154.00,154.00,137.50,47%
Hospital,DR MS 02868,02-Aug-25,DULXATIVE 10MG,30.00,562.50,"16,875.00",0.00,"16,875.00",363.00,"10,890.00","5,985.00",35%
Quezon,DR 025933,31-Jul-25,HYCLENS GARGLE 0.12% 120ML,20.00,208.00,"4,160.00",0.00,"4,160.00",88.00,"1,760.00","2,400.00",58%
Quezon,DR 025934,31-Jul-25,EMZART-40 40MG,30.00,429.00,"12,870.00",0.00,"12,870.00",156.00,"4,680.00","8,190.00",64%
Quezon,DR 025934,31-Jul-25,ANIN 50 PLUS 50MG/12.5MG,30.00,420.00,"12,600.00",0.00,"12,600.00",105.00,"3,150.00","9,450.00",75%
Quezon,DR 025934,31-Jul-25,CLOVAS 75MG TAB,30.00,"1,410.00","42,300.00",0.00,"42,300.00",386.40,"11,592.00","30,708.00",73%
Quezon,DR 025934,31-Jul-25,FEBULAS 40-40MG,20.00,"1,800.00","36,000.00",0.00,"36,000.00",210.00,"4,200.00","31,800.00",88%
Hospital,DR MS 02868,02-Aug-25,GOUTSAPH 500MCG TAB,7.00,183.00,"1,281.00",0.00,"1,281.00",148.00,"1,036.00",245.00,19%
Hospital,DR MS 02868,02-Aug-25,CARVESAPH 6.25MG,40.00,105.00,"4,200.00",0.00,"4,200.00",46.00,"1,840.00","2,360.00",56%
Hospital,DR MS 02868,02-Aug-25,CLINDANOVA 300MG CAP,12.00,472.00,"5,664.00",0.00,"5,664.00",370.00,"4,440.00","1,224.00",22%
Hospital,DR MS 02868,02-Aug-25,KOVENT SF 25MCG/250MCG MDI,20.00,496.00,"9,920.00",0.00,"9,920.00",320.00,"6,400.00","3,520.00",35%
Hospital,DR MS 02868,02-Aug-25,LAZICARE 10MG/ML (20MG/2ML) 2ML,"1,500.00",81.70,"122,550.00",0.00,"122,550.00",55.00,"82,500.00","40,050.00",33%
Hospital,DR MS 02868,02-Aug-25,BIOLAC 3.33G/5ML,764.00,121.13,"92,543.32",0.00,"92,543.32",105.00,"80,220.00","12,323.32",13%
Hospital,DR MS 02868,02-Aug-25,PLAZIMIDE 5MG/ML (10MG/2ML),200.00,175.00,"35,000.00",0.00,"35,000.00",60.00,"12,000.00","23,000.00",66%
Hospital,DR MS 02868,02-Aug-25,HYDROGEN PEROXIDE 3% 10VOL 120ML (GREATSTAR),"1,000.00",98.59,"98,590.00",0.00,"98,590.00",30.00,"30,000.00","68,590.00",70%
Hospital,DR MS 02868,02-Aug-25,AMBICAL 500MG TAB,2.00,100.00,200.00,0.00,200.00,55.00,110.00,90.00,45%
Hospital,DR MS 02868,02-Aug-25,TROYNOXA-60 60MG/0.6ML,250.00,"1,042.25","260,562.50",0.00,"260,562.50",404.00,"101,000.00","159,562.50",61%
Hospital,DR MS 02868,02-Aug-25,FORMET-500 500MG,10.00,125.00,"1,250.00",0.00,"1,250.00",70.00,700.00,550.00,44%
Hospital,DR MS 02868,02-Aug-25,DOPAMET 250MG,5.00,800.00,"4,000.00",0.00,"4,000.00",195.00,975.00,"3,025.00",76%
Hospital,DR MS 02868,02-Aug-25,ABHAY-TOX 40IU/0.5ML VIAL,150.00,852.50,"127,875.00",0.00,"127,875.00",570.00,"85,500.00","42,375.00",33%
Hospital,DR MS 02868,02-Aug-25,EMICOX 200MG CAP,10.00,254.00,"2,540.00",0.00,"2,540.00",202.00,"2,020.00",520.00,20%
Hospital,DR MS 02867,02-Aug-25,CORPILYN 1G,500.00,29.58,"14,790.00",0.00,"14,790.00",14.00,"7,000.00","7,790.00",53%
Hospital,DR MS 02867,02-Aug-25,ATREX 1MG/ML IV,30.00,805.00,"24,150.00",0.00,"24,150.00",210.00,"6,300.00","17,850.00",74%
Hospital,DR MS 02867,02-Aug-25,BETZINE 16MG TAB,2.00,"1,162.00","2,324.00",0.00,"2,324.00",230.00,460.00,"1,864.00",80%
Hospital,DR MS 02867,02-Aug-25,CIPROGYL 2MG/ML (200MG/100ML) 100ML,"1,000.00",36.62,"36,620.00",0.00,"36,620.00",22.00,"22,000.00","14,620.00",40%
Hospital,DR MS 02867,02-Aug-25,ACIPRO 2MG/ML (200MG/100ML) 100ML,500.00,36.62,"18,310.00",0.00,"18,310.00",23.00,"11,500.00","6,810.00",37%
Hospital,DR MS 02867,02-Aug-25,CLOPINOVA 75MG,50.00,138.00,"6,900.00",0.00,"6,900.00",87.00,"4,350.00","2,550.00",37%
Hospital,DR MS 02867,02-Aug-25,DIXIN 250MCG,4.00,296.00,"1,184.00",0.00,"1,184.00",250.00,"1,000.00",184.00,16%
Hospital,DR MS 02867,02-Aug-25,DIPHENPORS 50MG/ML 1ML,60.00,295.80,"17,748.00",0.00,"17,748.00",140.00,"8,400.00","9,348.00",53%
Hospital,DR MS 02867,02-Aug-25,GENTAM 40MG/ML (80MG/2ML) 2ML,60.00,84.50,"5,070.00",0.00,"5,070.00",43.00,"2,580.00","2,490.00",49%
Hospital,DR MS 02867,02-Aug-25,IRBEQ 150 150MG,10.00,515.00,"5,150.00",0.00,"5,150.00",353,3530,"1,620.00",31%
Hospital,DR MS 02867,02-Aug-25,IROMAX 20MG/ML (100MG/5ML) 5ML,200.00,422.55,"84,510.00",0.00,"84,510.00",300,60000,"24,510.00",29%
Hospital,DR MS 02867,02-Aug-25,AMBIDAZOL 125MG/5ML,20.00,26.76,535.20,0.00,535.20,17.00,340.00,195.20,36%
Hospital,DR MS 02867,02-Aug-25,MERAZOL-40 40MG,"1,000.00",366.20,"366,200.00",0.00,"366,200.00",200.00,"200,000.00","166,200.00",45%
Hospital,DR MS 02867,02-Aug-25,EXECORE 500MG TAB,"1,000.00",140.00,"140,000.00",0.00,"140,000.00",78.00,"78,000.00","62,000.00",44%
Quezon,DR 025946,16-Aug-25,KZIDINE 35MG,10.00,"1,350.00","13,500.00","4,725.00","8,775.00",600.00,"6,000.00","2,775.00",21%
Government,DR MS 03110,07-Jun-25,EXECORE 500MG TAB,200.00,140.00,"28,000.00",0.00,"28,000.00",78.00,"15,600.00","12,400.00",44%
Government,DR MS 03110,07-Jun-25,DM FUROSEMIDE 20MG,10.00,51.00,510.00,0.00,510.00,40.00,400.00,110.00,22%
Government,DR MS 03110,07-Jun-25,ZEFTACARE 1G IV,20.00,59.15,"1,183.00",0.00,"1,183.00",44.00,880.00,303.00,26%
Government,DR MS 03110,07-Jun-25,DIXIN 250MCG,10.00,296.00,"2,960.00",0.00,"2,960.00",250.00,"2,500.00",460.00,16%
Government,DR MS 03110,07-Jun-25,CLINDANOVA 300MG CAP,20.00,472.00,"9,440.00",0.00,"9,440.00",370.00,"7,400.00","2,040.00",22%
Government,DR MS 03110,07-Jun-25,TROPIN 1MG/ML IM/IV/SC,2.00,805.00,"1,610.00",0.00,"1,610.00",210.00,420.00,"1,190.00",74%
Government,DR MS 03110,07-Jun-25,DIPHENPORS 50MG/ML 1ML,20.00,295.80,"5,916.00",0.00,"5,916.00",140.00,"2,800.00","3,116.00",53%
Government,DR MS 03135,07-Jun-25,PLAZIMIDE 5MG/ML (10MG/2ML),66.00,175.00,"11,550.00",0.00,"11,550.00",60.00,"3,960.00","7,590.00",66%
Government,DR MS 03135,07-Jun-25,SAPHARIN 20MG/ML,6.00,291.50,"1,749.00",0.00,"1,749.00",154.00,924.00,825.00,47%
Government,DR MS 03135,07-Jun-25,GENTACARE 80MG/2ML (40MG/ML) 2ML,30.00,84.50,"2,535.00",0.00,"2,535.00",48.00,"1,440.00","1,095.00",43%
Government,DR MS 03135,07-Jun-25,DEXTAR-S 4MG/ML 2ML,20.00,211.30,"4,226.00",0.00,"4,226.00",420.00,"8,400.00","-4,174.00",-99%
Government,DR MS 03135,07-Jun-25,SURGICAL BLADES S11 (PARTNERS),1.00,394.00,394.00,0.00,394.00,270.00,270.00,124.00,31%
Government,DR MS 03135,07-Jun-25,SURGICAL BLADES S12 (PARTNERS),1.00,394.00,394.00,0.00,394.00,270.00,270.00,124.00,31%
Government,DR MS 03135,07-Jun-25,SURGICAL BLADES S15 (PARTNERS),1.00,394.00,394.00,0.00,394.00,270.00,270.00,124.00,31%
Government,DR MS 03135,07-Jun-25,SURGICAL BLADES S20 (PARTNERS),1.00,394.00,394.00,0.00,394.00,270,270,124.00,31%
Government,DR MS 03135,07-Jun-25,SURGICAL BLADES S21 (PARTNERS),1.00,394.00,394.00,0.00,394.00,270.00,270.00,124.00,31%
Government,DR MS 03135,07-Jun-25,EMICOX 200MG CAP,24.00,254.00,"6,096.00",0.00,"6,096.00",202.00,"4,848.00","1,248.00",20%
Government,DR MS 03135,07-Jun-25,DIACYSTEINE 600- 600MG,76.00,162.00,"12,312.00",0.00,"12,312.00",115.00,"8,740.00","3,572.00",29%
Government,DR MS 03135,07-Jun-25,LOMOH-60 60MG/0.6ML,20.00,"1,042.25","20,845.00",0.00,"20,845.00",395.00,"7,900.00","12,945.00",62%
Government,DR MS 03135,07-Jun-25,ISOLYTE 30MG TAB,10.00,559.00,"5,590.00",0.00,"5,590.00",230.00,"2,300.00","3,290.00",59%
Government,DR MS 03135,07-Jun-25,,0.00,,,0.00,0.00,,,0.00,#DIV/0!
Government,DR MS 03135,07-Jun-25,ABHAY-TOX 40IU/0.5ML IM,68.00,852.50,"57,970.00",0.00,"57,970.00",,,"57,970.00",100%
Government,DR MS 03135,07-Jun-25,ABHAY-TOX 40IU/0.5ML IM,20.00,852.50,"17,050.00",0.00,"17,050.00",,,"17,050.00",100%
Government,DR MS 03135,07-Jun-25,DULXATIVE 10MG,2.00,562.50,"1,125.00",0.00,"1,125.00",363.00,726.00,399.00,35%
Government,DR MS 03135,07-Jun-25,DULXATIVE 10MG,2.00,562.50,"1,125.00",0.00,"1,125.00",363.00,726.00,399.00,35%
Government,DR MS 03134,07-Jun-25,OMCARE 40MG WITH DILUENT,"1,104.00",47.89,"52,870.56",0.00,"52,870.56",33.00,"36,432.00","16,438.56",31%
Government,DR MS 03134,07-Jun-25,OMCARE 40MG WITH DILUENT,"1,196.00",47.89,"57,276.44",0.00,"57,276.44",33.00,"39,468.00","17,808.44",31%
Government,DR MS 03134,07-Jun-25,HYDROCORTIBAS 100MG VIAL,110.00,352.10,"38,731.00",0.00,"38,731.00",256.00,"28,160.00","10,571.00",27%
Government,DR MS 03134,07-Jun-25,DIUFED 10MG/ML (20MG/2ML) 2ML,100.00,81.70,"8,170.00",0.00,"8,170.00",48.00,"4,800.00","3,370.00",41%
Government,DR MS 03134,07-Jun-25,SQCEF 250MG/5ML,144.00,147.89,"21,296.16",0.00,"21,296.16",92.00,"13,248.00","8,048.16",38%
Government,DR MS 03134,07-Jun-25,NOVAC PLUS 1G/500MG,200.00,63.38,"12,676.00",0.00,"12,676.00",45.00,"9,000.00","3,676.00",29%
Government,DR MS 03134,07-Jun-25,MYOMIDE 20MG/ML,100.00,340.00,"34,000.00",0.00,"34,000.00",125.00,"12,500.00","21,500.00",63%
Government,DR MS 03134,07-Jun-25,DISPOSABLE INFUSION SET ADULT 20MACRODROPS/ML (SURGITECH),200.00,28.17,"5,634.00",0.00,"5,634.00",14.00,"2,800.00","2,834.00",50%
Government,DR MS 03134,07-Jun-25,NICARSAPH 1MG/ML 10ML,200.00,154.93,"30,986.00",0.00,"30,986.00",90.00,"18,000.00","12,986.00",42%
Government,DR MS 03134,07-Jun-25,CLINDASAPH 600 150MG/ML (600MG/4ML) 4ML,20.00,"1,197.20","23,944.00",0.00,"23,944.00",649.00,"12,980.00","10,964.00",46%
Government,DR MS 03134,07-Jun-25,CAPTOBES 25MG TAB,3.00,63.00,189.00,0.00,189.00,38.00,114.00,75.00,40%
Government,DR MS 03134,07-Jun-25,TROVIPRI 20MG,8.00,200.00,"1,600.00",0.00,"1,600.00",120.00,960.00,640.00,40%
Government,DR MS 03134,07-Jun-25,LEVETRAMED-500 500MG,6.67,388.80,"2,592.00",0.00,"2,592.00",190.00,"1,266.67","1,325.33",51%
Government,DR MS 03134,07-Jun-25,DIALIX 2.5MG/ML,34.00,35.50,"1,207.00",0.00,"1,207.00",21.00,714.00,493.00,41%
Government,DR MS 03134,07-Jun-25,SEZUVIN 100MG/ML (500MG/5ML),36.00,"1,126.76","40,563.36",0.00,"40,563.36",255.00,"9,180.00","31,383.36",77%
Government,DR MS 03134,07-Jun-25,SCHEEPRIL 5MG TAB,1.00,370.00,370.00,0.00,370.00,263.00,263.00,107.00,29%
Government,DR MS 03153,07-Jun-25,NOVAKAST-10 10MG,8.00,434.00,"3,472.00",0.00,"3,472.00",195.00,"1,560.00","1,912.00",55%
Government,DR MS 03153,07-Jun-25,EPICARE 1MG/ML IV,10.00,277.50,"2,775.00",0.00,"2,775.00",115.00,"1,150.00","1,625.00",59%
Government,DR MS 03153,07-Jun-25,XYCLOVIRAX 400MG,11.00,168.90,"1,857.90",0.00,"1,857.90",210.00,"2,310.00",-452.10,-24%
Government,DR MS 03153,07-Jun-25,XYCLOVIRAX 400MG,2.33,168.90,394.10,0.00,394.10,210.00,490.00,-95.90,-24%
Government,DR MS 03153,07-Jun-25,HISTAKON 8MG,5.00,725.00,"3,625.00",0.00,"3,625.00",153.00,765.00,"2,860.00",79%
Government,DR MS 03153,07-Jun-25,PERISPA 50MG,10.00,947.70,"9,477.00",0.00,"9,477.00",726.00,"7,260.00","2,217.00",23%
Government,DR MS 03153,07-Jun-25,ERGOMET 200MCG/ML,7.00,316.90,"2,218.30",0.00,"2,218.30",218.00,"1,526.00",692.30,31%
Government,DR MS 03153,07-Jun-25,HYFER-250 250MG/5ML,100.00,20.00,"2,000.00",0.00,"2,000.00",14.00,"1,400.00",600.00,30%
Government,DR MS 03153,07-Jun-25,NOVACEE 100MG/5ML SYRUP,72.00,28.50,"2,052.00",0.00,"2,052.00",39.00,"2,808.00",-756.00,-37%
Government,DR MS 03153,07-Jun-25,NOVACEE 100MG/5ML SYRUP,8.00,28.50,228.00,0.00,228.00,39.00,312.00,-84.00,-37%
Government,DR MS 03153,07-Jun-25,SORBANCE-10 10MG,1.00,124.00,124.00,0.00,124.00,85.00,85.00,39.00,31%
Government,DR MS 03153,07-Jun-25,VASOTRATE 60MG,1.43,290.50,415.00,0.00,415.00,197.00,281.43,133.57,32%
Government,DR MS 03153,07-Jun-25,ENDOPROST 125MCG/ML,20.00,"1,400.00","28,000.00",0.00,"28,000.00",940.00,"18,800.00","9,200.00",33%
Government,DR MS 03153,07-Jun-25,ENDOPROST 250MCG/ML,8.00,"2,475.00","19,800.00",0.00,"19,800.00","1,325.00","10,600.00","9,200.00",46%
Government,DR MS 03152,07-Jun-25,DIXIN 250MCG/ML 2ML,8.00,"1,450.70","11,605.60",0.00,"11,605.60","1,050.00","8,400.00","3,205.60",28%
Government,DR MS 03152,07-Jun-25,GAUZE PAD STERILE 4x4-8PLY 28X24 MESH (INDOPLAS),4.00,325.00,"1,300.00",0.00,"1,300.00",240.00,960.00,340.00,26%
Government,DR MS 03152,07-Jun-25,OXYGEN MASK NEONATE (INDOPLAS),100.00,59.15,"5,915.00",0.00,"5,915.00",45,4500,"1,415.00",24%
Government,DR MS 03152,07-Jun-25,OXYGEN MASK PEDIA (SURGITECH),100.00,67.61,"6,761.00",0.00,"6,761.00",36.00,"3,600.00","3,161.00",47%
Government,DR MS 03152,07-Jun-25,DISPOSABLE NEEDLE G18 (INDOPLAS),4.00,254.00,"1,016.00",0.00,"1,016.00",130,520,496.00,49%
Government,DR MS 03152,07-Jun-25,DISPOSABLE NEEDLE G20 (ORMED),1.00,211.00,211.00,0.00,211.00,150.00,150.00,61.00,29%
Government,DR MS 02968,07-Jun-25,ACETYLNOVA 200MG 30's,20.00,432.00,"8,640.00",0.00,"8,640.00",303.00,"6,060.00","2,580.00",30%
Government,DR MS 02968,07-Jun-25,FLUZETRIN,100.00,400.00,"40,000.00",0.00,"40,000.00",377.00,"37,700.00","2,300.00",6%
Government,DR MS 02968,07-Jun-25,CORBIMAX 500MG,200.00,230.00,"46,000.00",0.00,"46,000.00",48.00,"9,600.00","36,400.00",79%
Government,DR MS 02968,07-Jun-25,AZCORE 500MG TAB,7.00,900.00,"6,300.00",0.00,"6,300.00",285.00,"1,995.00","4,305.00",68%
Government,DR MS 02968,07-Jun-25,,85.00,570.00,"48,450.00",0.00,"48,450.00",,,"48,450.00",100%
Government,DR MS 02968,07-Jun-25,VALERI 1MG/G (0.1% w/w) 10G,150.00,70.00,"10,500.00",0.00,"10,500.00",32.00,"4,800.00","5,700.00",54%
Government,DR MS 02968,07-Jun-25,NYSECOD 50MG,40.00,"1,500.00","60,000.00",0.00,"60,000.00",914.00,"36,560.00","23,440.00",39%
Hospital,DR MS 02867,02-Aug-25,HAIXONE WITH DILUENT 1G,"7,500.00",50.70,"380,250.00",0.00,"380,250.00",26.00,"195,000.00","185,250.00",49%
Hospital,DR MS 02867,02-Aug-25,EMACIF 100MG/5ML,5.00,102.82,514.10,0.00,514.10,75.00,375.00,139.10,27%
Hospital,DR MS 02831,02-Aug-25,EVAPROST 250MCG/ML IV,30.00,"4,950.00","148,500.00",0.00,"148,500.00","3,575.00","107,250.00","41,250.00",28%
Hospital,DR MS 03293,02-Aug-25,EMERGENCY CART STAINLESS WITH DRAWER,1.00,"17,600.00","17,600.00",0.00,"17,600.00","17,000.00","17,000.00",600.00,3%
Hospital,DR MS 03293,02-Aug-25,MEDICAL WEIGHING SCALE DIAL TYPE ROUND (MEDX),1.00,"6,300.00","6,300.00",0.00,"6,300.00","3,200.00","3,200.00","3,100.00",49%
Hospital,DR MS 03293,02-Aug-25,PRIVACY SCREEN 3 FOLDS PANEL,1.00,"5,900.00","5,900.00",0.00,"5,900.00","3,000.00","3,000.00","2,900.00",49%
Hospital,DR MS 03294,02-Aug-25,UV LIGHT GERMICIDAL TUBE 40W (ECOSHIFT),10.00,"2,580.00","25,800.00",0.00,"25,800.00",800.00,"8,000.00","17,800.00",69%
Hospital,DR MS 03294,02-Aug-25,DROPLIGHT GOOSE NECK EXAMINATION LAMP,39.00,"4,995.00","194,805.00",0.00,"194,805.00","2,500.00","97,500.00","97,305.00",50%
Government,DR RT 0001168,09-Aug-25,"PAGBILAO # 36,000.00-1",1.00,"35,845.00","35,845.00",0.00,"35,845.00","28,113.91","28,113.91","7,731.09",22%
Admin,DR 025817,09-Aug-25,CALCI-MAX 600- 1500MG/200IU,7.00,678.57,"4,749.99",0.00,"4,749.99",350.00,"2,450.00","2,299.99",48%
Admin,DR 025817,09-Aug-25,GLOVES MEDIUM NITRILE NONSTERILE (SURGITECH),2.00,450.00,900.00,0.00,900.00,200.00,400.00,500.00,56%
Admin,DR 025817,09-Aug-25,APCELAC 500MG,7.00,655.00,"4,585.00",0.00,"4,585.00",400.00,"2,800.00","1,785.00",39%
Admin,DR 025817,09-Aug-25,MUCOLIFAR 500MG,3.00,"3,500.00","10,500.00",0.00,"10,500.00","1,100.00","3,300.00","7,200.00",69%
Admin,DR 025817,09-Aug-25,TRANEXSAPH 500MG,3.00,"1,500.00","4,500.00",0.00,"4,500.00",365.00,"1,095.00","3,405.00",76%
Hospital,DR MS 03210,31-Jul-25,BABY OIL 50ML (JOHNSON),36.00,64.00,"2,304.00",0.00,"2,304.00",50.00,"1,800.00",504.00,22%
Hospital,DR MS 03210,31-Jul-25,PAPER TOWEL 175PULL-UPS (FEMME),60.00,80.00,"4,800.00",0.00,"4,800.00",53.75,"3,225.00","1,575.00",33%
Hospital,DR MS 03211,31-Jul-25,DEXTAR-S 4MG/ML 2ML,10.00,"1,200.00","12,000.00",0.00,"12,000.00",420.00,"4,200.00","7,800.00",65%
Hospital,DR MS 03211,31-Jul-25,ANTIZOAL 5MG/ML (500MG/100ML) 100ML,40.00,90.00,"3,600.00",0.00,"3,600.00",15.00,600.00,"3,000.00",83%
Hospital,DR MS 03211,31-Jul-25,MUCOLIFAR 500MG TAB,1.00,"3,500.00","3,500.00",0.00,"3,500.00","1,100.00","1,100.00","2,400.00",69%
Hospital,DR MS 03211,31-Jul-25,DIFLOSID 25MG/ML 3ML,1.00,750.00,750.00,0.00,750.00,126.00,126.00,624.00,83%
Hospital,DR MS 03211,31-Jul-25,DIFLOSID 25MG/ML 3ML,2.00,750.00,"1,500.00",0.00,"1,500.00",126.00,252.00,"1,248.00",83%
Hospital,DR MS 03211,31-Jul-25,EPIX 1MG/ML IV,10.00,"1,200.00","12,000.00",0.00,"12,000.00",120.00,"1,200.00","10,800.00",90%
Hospital,DR MS 03211,31-Jul-25,AMBIDOL 50MG/ML (100MG/2ML) 2ML,3.00,"1,200.00","3,600.00",0.00,"3,600.00",62.00,186.00,"3,414.00",95%
Hospital,DR MS 03211,31-Jul-25,BENERVA FORTE 300MG/100MG/100MCG,1.00,"1,550.00","1,550.00",0.00,"1,550.00",525.00,525.00,"1,025.00",66%
Hospital,DR MS 03301,31-Jul-25,ELECTAB 600MG,10.00,"1,420.00","14,200.00",0.00,"14,200.00",365.00,"3,650.00","10,550.00",74%
Hospital,DR MS 03301,31-Jul-25,OPREX 40MG IV,10.00,960.00,"9,600.00",0.00,"9,600.00",180.00,"1,800.00","7,800.00",81%
Hospital,DR MS 03301,31-Jul-25,SITIXON 1G 10ML,20.00,188.00,"3,760.00",0.00,"3,760.00",32.00,640.00,"3,120.00",83%
Hospital,DR MS 03301,31-Jul-25,VENTACT 1MG/ML (2.5MG/2.5ML),10.00,"1,148.00","11,480.00",0.00,"11,480.00",140.00,"1,400.00","10,080.00",88%
Hospital,DR MS 03301,31-Jul-25,BLESOFOXITIN 1G IV,100.00,500.00,"50,000.00",0.00,"50,000.00",129.00,"12,900.00","37,100.00",74%
Hospital,DR MS 03301,31-Jul-25,BICARGEN 650MG TAB,10.00,127.00,"1,270.00",0.00,"1,270.00",60.00,600.00,670.00,53%
Hospital,DR MS 03301,31-Jul-25,CELEKOP 200MG CAP,10.00,432.00,"4,320.00",0.00,"4,320.00",130.00,"1,300.00","3,020.00",70%
Hospital,DR MS 03301,31-Jul-25,VERTEX 25MG TAB,10.00,316.00,"3,160.00",0.00,"3,160.00",79.00,790.00,"2,370.00",75%
Hospital,DR MS 03301,31-Jul-25,DIUFED 10MG/ML (20MG/2ML) 2ML,10.00,383.00,"3,830.00",0.00,"3,830.00",48.00,480.00,"3,350.00",87%
Hospital,DR MS 03304,31-Jul-25,ANTIZOAL 5MG/ML (500MG/100ML) 100ML,100.00,90.00,"9,000.00",0.00,"9,000.00",15.00,"1,500.00","7,500.00",83%
Hospital,DR MS 03304,31-Jul-25,BUPIRIGHT 5MG/ML 0.5% IN 8% 4ML,35.00,620.00,"21,700.00",0.00,"21,700.00",165.18,"5,781.30","15,918.70",73%
Hospital,DR MS 03304,31-Jul-25,FINOX 500MG,1.00,780.00,780.00,0.00,780.00,287.00,287.00,493.00,63%
Hospital,DR MS 03304,31-Jul-25,MUCOLIFAR 500MG TAB,1.00,"3,500.00","3,500.00",0.00,"3,500.00","1,100.00","1,100.00","2,400.00",69%
Hospital,DR MS 03304,31-Jul-25,HYCLENS WOUND SPRAY 2% 60ML,30.00,300.00,"9,000.00",0.00,"9,000.00",114.66,"3,439.80","5,560.20",62%
Hospital,DR MS 03304,31-Jul-25,PHYTOBAS 10MG/ML IV,10.00,900.00,"9,000.00",0.00,"9,000.00",140.00,"1,400.00","7,600.00",84%
Hospital,DR MS 03304,31-Jul-25,TROPIN 1MG/ML IM/IV/SC,5.00,900.00,"4,500.00",0.00,"4,500.00",210.00,"1,050.00","3,450.00",77%
Hospital,DR MS 03308,31-Jul-25,BABY WASH COTTONTOUCH 50ML (JOHNSON),36.00,128.00,"4,608.00",0.00,"4,608.00",74.31,"2,675.16","1,932.84",42%
Hospital,DR MS 03308,31-Jul-25,BODYWASH PURE WHITE 450ML (SAFEGUARD),24.00,255.00,"6,120.00",0.00,"6,120.00",159.50,"3,828.00","2,292.00",37%
Hospital,DR MS 03313,31-Jul-25,SITIXON 1G 10ML,100.00,135.00,"13,500.00",0.00,"13,500.00",32.00,"3,200.00","10,300.00",76%
Hospital,DR MS 03312,31-Jul-25,AMINOSOL 25MG/ML (250MG/10ML) 10ML,5.00,570.00,"2,850.00",0.00,"2,850.00",85.00,425.00,"2,425.00",85%
Hospital,DR MS 03314,31-Jul-25,EURYTHMIC 50MG/ML (150MG/3ML),5.00,"5,156.25","25,781.25",0.00,"25,781.25","1,535.00","7,675.00","18,106.25",70%
Hospital,DR MS 03309,31-Jul-25,NON VENTED MASK MEDIUM (EASEFIT),2.00,"6,200.00","12,400.00",0.00,"12,400.00","4,500.00","9,000.00","3,400.00",27%
Hospital,DR MS 03309,31-Jul-25,NON VENTED MASK LARGE (EASEFIT),2.00,"6,200.00","12,400.00",0.00,"12,400.00","4,500.00","9,000.00","3,400.00",27%
Hospital,DR MS 03315,31-Jul-25,PHYTOBAS 10MG/ML IV,10.00,900.00,"9,000.00",0.00,"9,000.00",140.00,"1,400.00","7,600.00",84%
Admin,DR 025818,09-Aug-25,SORBIFER DURULES 310MG,5.00,"1,250.00","6,250.00",0.00,"6,250.00",833.14,"4,165.70","2,084.30",33%
Admin,DR 025818,09-Aug-25,SORBIFER DURULES 310MG,2.00,0.00,0.00,0.00,0.00,833.14,"1,666.28","-1,666.28",#DIV/0!
Admin,DR 025819,09-Aug-25,SANOMAX-FA,7.00,857.14,"5,999.98",0.00,"5,999.98",560.00,"3,920.00","2,079.98",35%
Admin,DR 025819,09-Aug-25,CALCI-MAX 600- 1500MG/200IU,7.00,678.57,"4,749.99",0.00,"4,749.99",350.00,"2,450.00","2,299.99",48%
Admin,DR 025819,09-Aug-25,HYCLENS WOUND SPRAY 2% 60ML,10.00,229.32,"2,293.20",0.00,"2,293.20",114.66,"1,146.60","1,146.60",50%
Admin,DR 025819,09-Aug-25,DOPAMET 250MG,7.00,780.00,"5,460.00",0.00,"5,460.00",195.00,"1,365.00","4,095.00",75%
Government,DR RT 0002052,09-Aug-25,"PAGBILAO # 288,255.00",1.00,"190,265.00","190,265.00",0.00,"190,265.00","189,332.92","189,332.92",932.08,0%
Government,DR RT 0002053,09-Aug-25,,1.00,"40,235.00","40,235.00",0.00,"40,235.00",,,"40,235.00",100%
Government,DR RT 0002054,09-Aug-25,,1.00,"57,240.00","57,240.00",0.00,"57,240.00",,,"57,240.00",100%
Admin,DR 025820,16-Aug-25,ENHAMOX 500MG/125MG,3.00,"2,800.00","8,400.00",0.00,"8,400.00","1,115.00","3,345.00","5,055.00",60%
Admin,DR 025820,16-Aug-25,FERGLOBIN FA 60MG/400MCG CAP,7.00,642.86,"4,500.02",0.00,"4,500.02",325.00,"2,275.00","2,225.02",49%
Admin,DR 025820,16-Aug-25,SOLVAPRINE 10MG TAB,7.00,671.43,"4,700.01",0.00,"4,700.01",150.00,"1,050.00","3,650.01",78%
Government,DR RT 0002080,16-Aug-25,"PAGBILAO # 417,149.00-1",1.00,"165,800.00","165,800.00",0.00,"165,800.00","155,429.00","155,429.00","10,371.00",6%
Government,DR RT 0002081,16-Aug-25,,1.00,"52,670.00","52,670.00",0.00,"52,670.00",,,"52,670.00",100%
Government,DR RT 0002082,16-Aug-25,,1.00,"73,100.00","73,100.00",0.00,"73,100.00",,,"73,100.00",100%
Government,DR RT 0002083,16-Aug-25,,1.00,"124,550.00","124,550.00",0.00,"124,550.00",,,"124,550.00",100%
Government,DR RT 0002076,16-Aug-25,"PAGBILAO # 417,149.00-2",1.00,"165,800.00","165,800.00",0.00,"165,800.00","155,429.00","155,429.00","10,371.00",6%
Government,DR RT 0002077,16-Aug-25,,1.00,"52,670.00","52,670.00",0.00,"52,670.00",,,"52,670.00",100%
Government,DR RT 0002078,16-Aug-25,,1.00,"73,100.00","73,100.00",0.00,"73,100.00",,,"73,100.00",100%
Government,DR RT 0002079,16-Aug-25,,1.00,"124,550.00","124,550.00",0.00,"124,550.00",,,"124,550.00",100%
Government,DR RT 0001169,16-Aug-25,"PAGBILAO # 730,670.00",1.00,"726,100.00","726,100.00",0.00,"726,100.00","233,760.00","233,760.00","492,340.00",68%
Hospital,DR RT 0001181,16-Aug-25,"QMC # 206,923.50",1.00,"206,820.00","206,820.00",0.00,"206,820.00","118,242.00","118,242.00","88,578.00",43%
Hospital,DR RT 0002090,16-Aug-25,"QMC # 157,565.00",1.00,"87,970.00","87,970.00",0.00,"87,970.00","107,440.00","107,440.00","-19,470.00",-22%
Hospital,DR RT 0002091,16-Aug-25,,1.00,"69,417.00","69,417.00",0.00,"69,417.00",,,"69,417.00",100%
Government,DR MS 03212,16-Aug-25,ANTITET 1500IU/0.7ML,100.00,"2,750.00","275,000.00",0.00,"275,000.00","1,195.00","119,500.00","155,500.00",57%
Government,DR MS 03236,16-Aug-25,ANTITET 1500IU/0.7ML,400.00,"2,750.00","1,100,000.00",0.00,"1,100,000.00","1,195.00","478,000.00","622,000.00",57%
Government,DR MS 03318,16-Aug-25,ANTITET 1500IU/0.7ML,200.00,"2,750.00","550,000.00",0.00,"550,000.00","1,195.00","239,000.00","311,000.00",57%
Quezon,DR 025936,02-Aug-25,JAGA 300MG/100MG/100MCG CAP,6.00,"1,078.00","6,468.00",0.00,"6,468.00",530.00,"3,180.00","3,288.00",51%
Quezon,DR 025937,02-Aug-25,FOLACID 5MG CAP,3.00,750.00,"2,250.00",675.00,"1,575.00",236.25,708.75,866.25,39%
Quezon,DR 025937,02-Aug-25,EXECORE 500MG TAB,1.00,"3,400.00","3,400.00","1,020.00","2,380.00",78.00,78.00,"2,302.00",68%
Quezon,DR 025938,02-Aug-25,KZIDINE 35MG,10.00,"1,350.00","13,500.00","4,725.00","8,775.00",600.00,"6,000.00","2,775.00",21%
Batangas,DR 025898,09-Aug-25,ENHAMOX 250MG/62.5MG/5ML 60ML,12.00,400.00,"4,800.00",0.00,"4,800.00",136.00,"1,632.00","3,168.00",66%
Batangas,DR 025899,09-Aug-25,EMLOR PLUS 5MG/50MG,5.00,590.00,"2,950.00",0.00,"2,950.00",216.00,"1,080.00","1,870.00",63%
Batangas,DR 025900,09-Aug-25,EMZART-40 40MG,10.00,548.00,"5,480.00",0.00,"5,480.00",156.00,"1,560.00","3,920.00",72%
Batangas,DR 025900,09-Aug-25,AFENAX 100MG TAB,5.00,"1,980.00","9,900.00",0.00,"9,900.00",595.00,"2,975.00","6,925.00",70%
Batangas,DR 025951,09-Aug-25,ANIN 50 PLUS 50MG/12.5MG,5.00,600.00,"3,000.00",0.00,"3,000.00",105.00,525.00,"2,475.00",83%
Batangas,DR 025951,09-Aug-25,BENERVA PLUS 500MG/50MG/100MG/100MCG,5.00,"1,800.00","9,000.00",0.00,"9,000.00",615.00,"3,075.00","5,925.00",66%
Batangas,DR 025951,09-Aug-25,EMLOR PLUS 5MG/50MG,10.00,590.00,"5,900.00",0.00,"5,900.00",216.00,"2,160.00","3,740.00",63%
Batangas,DR 025952,09-Aug-25,ROSVA 20-20MG,10.00,"1,080.00","10,800.00",0.00,"10,800.00",273,2730,"8,070.00",75%
Batangas,DR 025952,09-Aug-25,ROSVA 10-10MG,5.00,735.00,"3,675.00",0.00,"3,675.00",250.00,"1,250.00","2,425.00",66%
Batangas,DR 025953,09-Aug-25,EMZART-80 80MG,10.00,948.00,"9,480.00",0.00,"9,480.00",264.00,"2,640.00","6,840.00",72%
Batangas,DR 025953,09-Aug-25,ENHAMOX 500MG/125MG,3.00,"3,000.00","9,000.00",0.00,"9,000.00","1,115.00","3,345.00","5,655.00",63%
Batangas,DR 025954,09-Aug-25,DOLOGESIC 325MG/37.5MG TAB,5.00,"1,080.00","5,400.00",0.00,"5,400.00",270.00,"1,350.00","4,050.00",75%
Batangas,DR 025897,09-Aug-25,ENHAMOX 250MG/62.5MG/5ML 60ML,20.00,400.00,"8,000.00",400.00,"7,600.00",136.00,"2,720.00","4,880.00",61%
Batangas,DR 025897,09-Aug-25,ENHAMOX 500MG/125MG,4.00,"3,600.00","14,400.00",720.00,"13,680.00","1,115.00","4,460.00","9,220.00",64%
Batangas,DR 025897,09-Aug-25,ZELEX 200MG CAP,4.00,"2,800.00","11,200.00",560.00,"10,640.00",925.00,"3,700.00","6,940.00",62%
Batangas,DR 025897,09-Aug-25,CENDALEX 500MG,4.00,"1,100.00","4,400.00",220.00,"4,180.00",287.50,"1,150.00","3,030.00",69%
Quezon,DR 025940,09-Aug-25,VOXOLL 15MG/5ML,10.00,56.00,560.00,0.00,560.00,33.00,330.00,230.00,41%
Quezon,DR 025941,09-Aug-25,BENERVA PLUS 500MG/50MG/100MG/100MCG,1.00,"2,000.00","2,000.00",600.00,"1,400.00",615.00,615.00,785.00,39%
Quezon,DR 025942,09-Aug-25,HEPARIN CAP VIOLET NEEDLESS (ORMED),1.00,"5,350.00","5,350.00",0.00,"5,350.00","3,500.00","3,500.00","1,850.00",35%
Quezon,DR 025943,09-Aug-25,SOLVAPRINE 10MG TAB,5.00,"1,000.00","5,000.00",0.00,"5,000.00",150.00,750.00,"4,250.00",85%
Quezon,DR 025943,09-Aug-25,DOPAMET 250MG,5.00,847.00,"4,235.00",0.00,"4,235.00",195.00,975.00,"3,260.00",77%
Quezon,DR 025944,09-Aug-25,HYCLENS WOUND SPRAY 2% 60ML,24.00,280.00,"6,720.00",672.00,"6,048.00",114.66,"2,751.84","3,296.16",49%
Quezon,DR 025945,09-Aug-25,FERGLOBIN 250MG CAP,10.00,800.00,"8,000.00","2,400.00","5,600.00",325.00,"3,250.00","2,350.00",29%
Hospital,DR MS 03328,09-Aug-25,ANTIZOAL 5MG/ML (500MG/100ML) 100ML,140.00,90.00,"12,600.00",0.00,"12,600.00",15.00,"2,100.00","10,500.00",83%
Hospital,DR MS 03328,09-Aug-25,ANTIZOAL 5MG/ML (500MG/100ML) 100ML,60.00,90.00,"5,400.00",0.00,"5,400.00",15.00,900.00,"4,500.00",83%
Hospital,DR MS 03328,09-Aug-25,DIFLOSID 25MG/ML 3ML,14.00,750.00,"10,500.00",0.00,"10,500.00",126.00,"1,764.00","8,736.00",83%
Hospital,DR MS 03328,09-Aug-25,DIFLOSID 25MG/ML 3ML,1.00,750.00,750.00,0.00,750.00,126.00,126.00,624.00,83%
Hospital,DR MS 03328,09-Aug-25,MERGOT 125MCG,1.00,"2,000.00","2,000.00",0.00,"2,000.00",680.00,680.00,"1,320.00",66%
Hospital,DR MS 03328,09-Aug-25,ENDOPROST 125MCG/ML,2.00,"1,980.00","3,960.00",0.00,"3,960.00",940.00,"1,880.00","2,080.00",53%
Hospital,DR MS 03328,09-Aug-25,EVAPROST 250MCG/ML IV,3.00,"9,600.00","28,800.00",0.00,"28,800.00","3,575.00","10,725.00","18,075.00",63%
Hospital,DR MS 03328,09-Aug-25,BENERVA PLUS 500MG/50MG/100MG/100MCG,5.00,"1,550.00","7,750.00",0.00,"7,750.00",615.00,"3,075.00","4,675.00",60%
Hospital,DR MS 03328,09-Aug-25,SITIXON 1G 10ML,30.00,120.00,"3,600.00",0.00,"3,600.00",32.00,960.00,"2,640.00",73%
Hospital,DR MS 03328,09-Aug-25,ENHAMOX 500MG/125MG,5.00,"2,800.20","14,001.00",0.00,"14,001.00","1,115.00","5,575.00","8,426.00",60%
Hospital,DR MS 03328,09-Aug-25,LIFERZIN 1G IV,2.00,"1,280.00","2,560.00",0.00,"2,560.00",175.00,350.00,"2,210.00",86%
Hospital,DR MS 03328,09-Aug-25,AMBIDOL 50MG/ML (100MG/2ML) 2ML,5.00,"1,200.00","6,000.00",0.00,"6,000.00",62.00,310.00,"5,690.00",95%
Hospital,DR MS 03328,09-Aug-25,MOHSIDEX 4MG/ML (8MG/2ML) 2ML,10.00,"1,200.00","12,000.00",0.00,"12,000.00",180.00,"1,800.00","10,200.00",85%
Hospital,DR MS 03328,09-Aug-25,BUPIRIGHT 5MG/ML 0.5% IN 8% 4ML,30.00,620.00,"18,600.00",0.00,"18,600.00",165.18,"4,955.40","13,644.60",73%
Hospital,DR MS 03328,09-Aug-25,MUCOLIFAR 500MG TAB,2.00,"3,500.00","7,000.00",0.00,"7,000.00","1,100.00","2,200.00","4,800.00",69%
Hospital,DR MS 03328,09-Aug-25,HYCLENS WOUND SPRAY 2% 60ML,30.00,300.00,"9,000.00",0.00,"9,000.00",114.66,"3,439.80","5,560.20",62%
Hospital,DR MS 03324,09-Aug-25,CETHERGO 200MCG/ML IV,1.00,"4,225.00","4,225.00",0.00,"4,225.00","1,222.00","1,222.00","3,003.00",71%
Hospital,DR MS 03324,09-Aug-25,FENTIN 50MG/ML 2ML,2.00,"4,200.00","8,400.00",0.00,"8,400.00",885.00,"1,770.00","6,630.00",79%
Batangas,DR 025957,16-Aug-25,TRIDEN 160MG TAB,3.00,"2,560.00","7,680.00",0.00,"7,680.00",720.00,"2,160.00","5,520.00",72%
Batangas,DR 025957,16-Aug-25,BENERVA PLUS 500MG/50MG/100MG/100MCG,5.00,"1,800.00","9,000.00",0.00,"9,000.00",615.00,"3,075.00","5,925.00",66%
Batangas,DR 025958,16-Aug-25,BENERVA FORTE 300MG/100MG/100MCG,5.00,"1,590.00","7,950.00",0.00,"7,950.00",525.00,"2,625.00","5,325.00",67%
Batangas,DR 025959,16-Aug-25,HYCLENS WOUND SPRAY 2% 60ML,12.00,286.00,"3,432.00",0.00,"3,432.00",114.66,"1,375.92","2,056.08",60%
Batangas,DR 025955,16-Aug-25,BENERVA FORTE 300MG/100MG/100MCG,2.00,"1,590.00","3,180.00",159.00,"3,021.00",525.00,"1,050.00","1,971.00",62%
Batangas,DR 025956,16-Aug-25,DOLOGESIC 325MG/37.5MG TAB,10.00,"1,080.00","10,800.00",0.00,"10,800.00",270.00,"2,700.00","8,100.00",75%
Batangas,DR 025956,16-Aug-25,AFENAX 100MG TAB,3.00,"1,980.00","5,940.00",0.00,"5,940.00",595.00,"1,785.00","4,155.00",70%
Government,DR RT 0002092,16-Aug-25,"PAGBILAO # 147,528.00",1.00,"42,944.00","42,944.00",0.00,"42,944.00","96,695.00","96,695.00","-53,751.00",-125%
Government,DR RT 0002093,16-Aug-25,,1.00,"59,554.00","59,554.00",0.00,"59,554.00",,,"59,554.00",100%
Government,DR RT 0002094,16-Aug-25,,1.00,"44,390.00","44,390.00",0.00,"44,390.00",,,"44,390.00",100%
Government,DR RT 0001193,16-Aug-25,"TOURISM # 5,720.00",1.00,"5,680.00","5,680.00",0.00,"5,680.00","4,240.00","4,240.00","1,440.00",25%
Government,DR MEI 0000004,16-Aug-25,"PAGBILAO # 16,000.00-1",1.00,"15,800.00","15,800.00",0.00,"15,800.00","10,396.40","10,396.40","5,403.60",34%
Government,DR MEI 0000003,16-Aug-25,"PAGBILAO # 52,500.00",1.00,"52,312.50","52,312.50",0.00,"52,312.50","34,421.63","34,421.63","17,890.87",34%
Government,DR RT 0001194,16-Aug-25,"TOURISM # 19,540.00",1.00,"19,460.00","19,460.00",0.00,"19,460.00","5,572.00","5,572.00","13,888.00",71%
Government,DR RT 0001192,16-Aug-25,"TOURISM # 89,100.00",1.00,"88,600.00","88,600.00",0.00,"88,600.00","58,300.00","58,300.00","30,300.00",34%
Admin,DR 025821,18-Aug-25,CALCI-MAX 600- 1500MG/200IU,7.00,678.57,"4,749.99",0.00,"4,749.99",350.00,"2,450.00","2,299.99",48%
Admin,DR 025821,18-Aug-25,SANOMAX-FA,7.00,857.14,"5,999.98",0.00,"5,999.98",560.00,"3,920.00","2,079.98",35%
Admin,DR 025821,18-Aug-25,FOLACID 5MG CAP,7.00,464.29,"3,250.03",0.00,"3,250.03",236.25,"1,653.75","1,596.28",49%
Admin,DR 025821,18-Aug-25,FERGLOBIN FA 60MG/400MCG CAP,7.00,857.14,"5,999.98",0.00,"5,999.98",325.00,"2,275.00","3,724.98",62%
Admin,DR 025821,18-Aug-25,APCELAC 500MG,7.00,655.00,"4,585.00",0.00,"4,585.00",400.00,"2,800.00","1,785.00",39%
Admin,DR 025821,18-Aug-25,SOLVAPRINE 10MG TAB,14.00,671.43,"9,400.02",0.00,"9,400.02",150.00,"2,100.00","7,300.02",78%
Admin,DR 025822,22-Aug-25,CALCI-MAX 600- 1500MG/200IU,7.00,678.57,"4,749.99",0.00,"4,749.99",350.00,"2,450.00","2,299.99",48%
Admin,DR 025822,22-Aug-25,SANOMAX - FA,7.00,857.14,"5,999.98",0.00,"5,999.98",560.00,"3,920.00","2,079.98",35%
Admin,DR 025822,22-Aug-25,SOLVAPRINE 10MG TAB,14.00,671.43,"9,400.02",0.00,"9,400.02",150.00,"2,100.00","7,300.02",78%
Admin,DR 025822,22-Aug-25,FERGLOBIN FA 60MG/400MCG CAP,7.00,857.14,"5,999.98",0.00,"5,999.98",325.00,"2,275.00","3,724.98",62%
Admin,DR 025822,22-Aug-25,APCELAC 500MG,7.00,655.00,"4,585.00",0.00,"4,585.00",400.00,"2,800.00","1,785.00",39%
Admin,DR 025822,22-Aug-25,FOLACID 5MG CAP,7.00,464.29,"3,250.03",0.00,"3,250.03",236.25,"1,653.75","1,596.28",49%
Admin,DR 025822,22-Aug-25,HYCLENS OB WASH ANTISEPTIC,20.00,152.50,"3,050.00",0.00,"3,050.00",138.60,"2,772.00",278.00,9%
Batangas,DR 025960,23-Aug-25,ENHAMOX 500MG/125MG,3.00,"3,600.00","10,800.00",540.00,"10,260.00","1,115.00","3,345.00","6,915.00",64%
Batangas,DR 025960,23-Aug-25,ENHAMOX 250MG/62.5MG/5ML 60ML,10.00,400.00,"4,000.00",200.00,"3,800.00",136.00,"1,360.00","2,440.00",61%
Batangas,DR 025960,23-Aug-25,CENDALEX 500MG,5.00,"1,100.00","5,500.00",275.00,"5,225.00",287.50,"1,437.50","3,787.50",69%
Batangas,DR 025960,23-Aug-25,EMLOR PLUS 5MG/50MG,4.00,590.00,"2,360.00",118.00,"2,242.00",216.00,864.00,"1,378.00",58%
Batangas,DR 025966,23-Aug-25,EMZART-40 40MG,10.00,548.00,"5,480.00",0.00,"5,480.00",156.00,"1,560.00","3,920.00",72%
Batangas,DR 025966,23-Aug-25,BENERVA PLUS 500MG/50MG/100MG/100MCG,2.00,"1,800.00","3,600.00",0.00,"3,600.00",615.00,"1,230.00","2,370.00",66%
Batangas,DR 025966,23-Aug-25,ROSVA 10-10MG,5.00,735.00,"3,675.00",0.00,"3,675.00",250.00,"1,250.00","2,425.00",66%
Batangas,DR 025967,23-Aug-25,EMLOR PLUS 5MG/50MG,10.00,590.00,"5,900.00",0.00,"5,900.00",216.00,"2,160.00","3,740.00",63%
Batangas,DR 025967,23-Aug-25,TRIDEN 160MG TAB,3.00,"2,560.00","7,680.00",0.00,"7,680.00",720.00,"2,160.00","5,520.00",72%
Batangas,DR 025961,23-Aug-25,ENHAMOX 500MG/125MG,2.00,"3,600.00","7,200.00",0.00,"7,200.00","1,115.00","2,230.00","4,970.00",69%
Batangas,DR 025962,23-Aug-25,CENDALEX 500MG,4.00,"1,100.00","4,400.00",0.00,"4,400.00",287.50,"1,150.00","3,250.00",74%
Batangas,DR 025963,23-Aug-25,EMLOR PLUS 5MG/50MG,2.00,590.00,"1,180.00",0.00,"1,180.00",216.00,432.00,748.00,63%
Batangas,DR 025964,23-Aug-25,HISTARIL 100MG/2MG,1.00,960.00,960.00,0.00,960.00,300.00,300.00,660.00,69%
Batangas,DR 025965,23-Aug-25,BENERVA FORTE 300MG/100MG/100MCG,2.00,"1,590.00","3,180.00",0.00,"3,180.00",525.00,"1,050.00","2,130.00",67%
Quezon,DR 0026206,23-Aug-25,AMOLTEX 2MG/5ML,36.00,98.00,"3,528.00",0.00,"3,528.00",28.00,"1,008.00","2,520.00",71%
Quezon,DR 0026205,23-Aug-25,PREHEXA CAPSULE,10.00,750.00,"7,500.00",0.00,"7,500.00",243.00,"2,430.00","5,070.00",68%
Quezon,DR 0026204,23-Aug-25,FOLACID 5MG CAP,10.00,615.00,"6,150.00","1,845.00","4,305.00",236.25,"2,362.50","1,942.50",32%
Quezon,DR 0026203,23-Aug-25,BUFEN 200MG/5ML,12.00,118.75,"1,425.00",0.00,"1,425.00",47.50,570.00,855.00,60%
Quezon,DR 0026203,23-Aug-25,HYCLENS WOUND SPRAY 2% 60ML,9.00,280.00,"2,520.00",0.00,"2,520.00",114.66,"1,031.94","1,488.06",59%
Quezon,DR 0026202,23-Aug-25,CENDALEX 100MG/ML,12.00,125.00,"1,500.00",0.00,"1,500.00",35.70,428.40,"1,071.60",71%
Quezon,DR 0026202,23-Aug-25,HYCLENS WOUND SPRAY 2% 60ML,12.00,280.00,"3,360.00",0.00,"3,360.00",114.66,"1,375.92","1,984.08",59%
Quezon,DR 025948,23-Aug-25,HYCLENS OB WASH 1% 100ML,20.00,326.00,"6,520.00",652.00,"5,868.00",138.60,"2,772.00","3,096.00",47%
Quezon,DR 025947,23-Aug-25,BENERVA PLUS 500MG/50MG/100MG/100MCG,1.00,"1,400.00","1,400.00",0.00,"1,400.00",615.00,615.00,785.00,56%
Admin,DR 025823,26-Aug-25,DIACYSTEINE 600- 600MG,7.00,385.00,"2,695.00",0.00,"2,695.00",115.00,805.00,"1,890.00",70%
Admin,DR 025823,26-Aug-25,TRANEXSAPH 500MG,4.00,"1,500.00","6,000.00",0.00,"6,000.00",365.00,"1,460.00","4,540.00",76%
Admin,DR 025823,26-Aug-25,ENCLOXIL 500MG CAP,7.00,"1,392.86","9,750.02",0.00,"9,750.02",780.00,"5,460.00","4,290.02",44%
Admin,DR 025823,26-Aug-25,DOPAMET 250MG,7.00,780.00,"5,460.00",0.00,"5,460.00",195.00,"1,365.00","4,095.00",75%
Admin,DR 025823,26-Aug-25,GLOVES MEDIUM NITRILE NONSTERILE (LTN),3.00,450.00,"1,350.00",0.00,"1,350.00",220.00,660.00,690.00,51%
Quezon,DR 025947,23-Aug-25,SAPHLOR-50 50MG,2.00,600.00,"1,200.00",0.00,"1,200.00",63.00,126.00,"1,074.00",90%
Quezon,DR 025950,23-Aug-25,HISTARIL 50MG/1MG/5ML,10.00,98.00,980.00,294.00,686.00,35.00,350.00,336.00,34%
Quezon,DR 025949,23-Aug-25,CARVIDA 6.25MG,45.00,528.00,"23,760.00",0.00,"23,760.00",132.00,"5,940.00","17,820.00",75%
Quezon,DR 0026201,23-Aug-25,GITOR-40 40MG,20.00,"3,500.00","70,000.00",0.00,"70,000.00",875.00,"17,500.00","52,500.00",75%
Quezon,DR 0026201,23-Aug-25,ATV PLUS 5MG/10MG,40.00,"1,000.00","40,000.00",0.00,"40,000.00",175.00,"7,000.00","33,000.00",83%
Quezon,DR 0026201,23-Aug-25,EMZART-80 80MG,30.00,726.00,"21,780.00",0.00,"21,780.00",264.00,"7,920.00","13,860.00",64%
Quezon,DR 0026201,23-Aug-25,SI2NORM 50MG,30.00,"1,008.00","30,240.00",0.00,"30,240.00",338.00,"10,140.00","20,100.00",66%
Quezon,DR 025935,23-Aug-25,XURIC 40-40MG,4.00,460.00,"1,840.00",552.00,"1,288.00",115.00,460.00,828.00,45%
Quezon,DR 025935,23-Aug-25,IRBEQ 150 150MG,1.00,"1,400.00","1,400.00",420.00,980.00,353.00,353.00,627.00,45%
Quezon,DR 025935,23-Aug-25,REGIVASC 5MG TAB,1.00,100.00,100.00,30.00,70.00,23.00,23.00,47.00,47%
Quezon,DR 025932,23-Aug-25,VOXOLL 15MG/5ML,10.00,80.00,800.00,240.00,560.00,33.00,330.00,230.00,29%
Quezon,DR 025931,23-Aug-25,KZIDINE 35MG,10.00,"1,350.00","13,500.00","4,725.00","8,775.00",600.00,"6,000.00","2,775.00",21%
Hospital,DR MS 03330,23-Aug-25,ANTIZOAL 5MG/ML (500MG/100ML) 100ML,100.00,120.00,"12,000.00",0.00,"12,000.00",15.00,"1,500.00","10,500.00",88%
Admin,DR MS 03332,23-Aug-25,GYNE-TOCIN 10IU/ML IV,10.00,375.00,"3,750.00",0.00,"3,750.00",81.00,810.00,"2,940.00",78%
Hospital,DR MS 03333,23-Aug-25,LIFERZIN 1G IV,10.00,900.00,"9,000.00",0.00,"9,000.00",175.00,"1,750.00","7,250.00",81%
Hospital,DR MS 03335,23-Aug-25,MOHSIDEX 4MG/ML (8MG/2ML) 2ML,10.00,"1,690.00","16,900.00",0.00,"16,900.00",180.00,"1,800.00","15,100.00",89%
Hospital,DR MS 03339,23-Aug-25,RAXIDINE 25MG/ML 2ML,10.00,"1,300.00","13,000.00",0.00,"13,000.00",100.00,"1,000.00","12,000.00",92%
Hospital,DR MS 03353,23-Aug-25,ENDOPROST 125MCG/ML,6.00,"1,800.00","10,800.00",0.00,"10,800.00",940.00,"5,640.00","5,160.00",48%
Batangas,DR 025969,30-Aug-25,CENDALEX 500MG,4.00,"1,100.00","4,400.00",220.00,"4,180.00",287.50,"1,150.00","3,030.00",69%
Batangas,DR 025969,30-Aug-25,ZELEX 200MG CAP,2.00,"2,800.00","5,600.00",280.00,"5,320.00",925.00,"1,850.00","3,470.00",62%
Batangas,DR 025969,30-Aug-25,BENERVA FORTE 300MG/100MG/100MCG,2.00,"1,590.00","3,180.00",159.00,"3,021.00",525.00,"1,050.00","1,971.00",62%
Batangas,DR 025970,30-Aug-25,EMZART-80 80MG,20.00,948.00,"18,960.00",0.00,"18,960.00",264.00,"5,280.00","13,680.00",72%
Batangas,DR 025971,30-Aug-25,EMZART-40 40MG,10.00,548.00,"5,480.00",0.00,"5,480.00",156.00,"1,560.00","3,920.00",72%
Batangas,DR 025971,30-Aug-25,EMLOR PLUS 5MG/50MG,10.00,590.00,"5,900.00",0.00,"5,900.00",216.00,"2,160.00","3,740.00",63%
Batangas,DR 025971,30-Aug-25,RIBER 500MG,3.00,300.00,900.00,0.00,900.00,90.00,270.00,630.00,70%
Batangas,DR 025972,30-Aug-25,DOLOGESIC 325MG/37.5MG TAB,5.00,"1,080.00","5,400.00",0.00,"5,400.00",270.00,"1,350.00","4,050.00",75%
Batangas,DR 025972,30-Aug-25,BENERVA PLUS 500MG/50MG/100MG/100MCG,3.00,"1,800.00","5,400.00",0.00,"5,400.00",615.00,"1,845.00","3,555.00",66%
Batangas,DR 025972,30-Aug-25,AFENAX 100MG TAB,3.00,"1,980.00","5,940.00",0.00,"5,940.00",595.00,"1,785.00","4,155.00",70%
Government,DR MS 02968,07-Jun-25,SAPHIXIME 400MG,100.00,181.00,"18,100.00",0.00,"18,100.00",175.00,"17,500.00",600.00,3%
Government,DR MS 02968,07-Jun-25,HAIXONE WITH DILUENT 1G,20.00,65.00,"1,300.00",0.00,"1,300.00",26.00,520.00,780.00,60%
Government,DR MS 02968,07-Jun-25,CETIRIGEN 10MG,100.00,119.00,"11,900.00",0.00,"11,900.00",31.00,"3,100.00","8,800.00",74%
Government,DR MS 02968,07-Jun-25,CLINTOP 300MG,80.00,500.00,"40,000.00",0.00,"40,000.00",320.00,"25,600.00","14,400.00",36%
Government,DR MS 02968,07-Jun-25,RETABETASOL 500MCG/G(0.5%W/W),150.00,320.00,"48,000.00",0.00,"48,000.00",44.00,"6,600.00","41,400.00",86%
Government,DR MS 02968,07-Jun-25,CLOXANE 500MG,100.00,424.00,"42,400.00",0.00,"42,400.00",266.00,"26,600.00","15,800.00",37%
Government,DR MS 02968,07-Jun-25,DOTHIX 100MG,100.00,298.00,"29,800.00",0.00,"29,800.00",146.00,"14,600.00","15,200.00",51%
Government,DR MS 02968,07-Jun-25,FUSIFRED 20MG/G (2% w/w) 10G,200.00,190.00,"38,000.00",0.00,"38,000.00",80.00,"16,000.00","22,000.00",58%
Government,DR MS 02968,07-Jun-25,INOX 100MG,30.00,"1,960.00","58,800.00",0.00,"58,800.00","1,331.00","39,930.00","18,870.00",32%
Government,DR MS 02968,07-Jun-25,KETSOKANT 20MG/G(2% W/W),200.00,150.00,"30,000.00",0.00,"30,000.00",39.00,"7,800.00","22,200.00",74%
Government,DR MS 02968,07-Jun-25,LINDELL 50MG/ML (5%),100.00,249.00,"24,900.00",0.00,"24,900.00",283.00,"28,300.00","-3,400.00",-14%
Government,DR MS 02968,07-Jun-25,VONWELT PREDNISONE 10MG,150.00,170.00,"25,500.00",0.00,"25,500.00",81.00,"12,150.00","13,350.00",52%
Government,DR MS 02968,07-Jun-25,,160.00,100.00,"16,000.00",0.00,"16,000.00",,,"16,000.00",100%
Government,DR MS 03001,07-Jun-25,,100.00,300.00,"30,000.00",0.00,"30,000.00",,,"30,000.00",100%
Government,DR MS 03001,07-Jun-25,VALERI 1MG/G (0.1% w/w) 10G,500.00,70.00,"35,000.00",0.00,"35,000.00",32.00,"16,000.00","19,000.00",54%
Government,DR MS 03001,07-Jun-25,CASTOR OIL WITH CINNAMON OIL 30ML,50.00,95.00,"4,750.00",0.00,"4,750.00",37.92,"1,896.00","2,854.00",60%
Government,DR MS 03001,07-Jun-25,CLOBECHEM 500MCG/G (0.05% w/w) 5G,700.00,70.00,"49,000.00",0.00,"49,000.00",49.80,"34,860.00","14,140.00",29%
Government,DR MS 03001,07-Jun-25,DESTRIMOLE 10MG/G (1% w/w) 15G,300.00,300.00,"90,000.00",0.00,"90,000.00",38.00,"11,400.00","78,600.00",87%
Government,DR MS 03001,07-Jun-25,,200.00,260.00,"52,000.00",0.00,"52,000.00",,,"52,000.00",100%
Government,DR MS 03001,07-Jun-25,CANDIVA EAR DROPS 15ML,200.00,600.00,"120,000.00",0.00,"120,000.00",459.10,"91,820.00","28,180.00",23%
Government,DR MS 03001,07-Jun-25,EROXENE 5MG/G (0.5% w/w),500.00,155.00,"77,500.00",0.00,"77,500.00",100.00,"50,000.00","27,500.00",35%
Government,DR MS 03001,07-Jun-25,FUSIFRED 20MG/G (2% w/w) 10G,800.00,265.00,"212,000.00",0.00,"212,000.00",80.00,"64,000.00","148,000.00",70%
Government,DR MS 03001,07-Jun-25,KURT 10MG/G (1% w/w) 15G,500.00,277.00,"138,500.00",0.00,"138,500.00",98.00,"49,000.00","89,500.00",65%
Government,DR MS 03001,07-Jun-25,RETACONAZOL 20MG/G (2% w/w) 15G,600.00,117.00,"70,200.00",0.00,"70,200.00",41.50,"24,900.00","45,300.00",65%
Government,DR MS 03001,07-Jun-25,,200.00,520.00,"104,000.00",0.00,"104,000.00",,,"104,000.00",100%
Government,DR MS 03001,07-Jun-25,MICOZINE 20MG/G (2% w/w) 30G,500.00,160.00,"80,000.00",0.00,"80,000.00",70.00,"35,000.00","45,000.00",56%
Government,DR MS 03001,07-Jun-25,MUPORS 20MG/G (2%) 5G,"1,000.00",135.00,"135,000.00",0.00,"135,000.00",40.00,"40,000.00","95,000.00",70%
Government,DR MS 03001,07-Jun-25,ACEFLO 250MCG/1000UNITS/3.5MG 5ML,250.00,440.00,"110,000.00",0.00,"110,000.00",348.00,"87,000.00","23,000.00",21%
Government,DR MS 03001,07-Jun-25,OFLOBIZ 3MG/ML (0.3%) 5ML,200.00,285.00,"57,000.00",0.00,"57,000.00",197.00,"39,400.00","17,600.00",31%
Government,DR MS 03001,07-Jun-25,,100.00,360.00,"36,000.00",0.00,"36,000.00",,,"36,000.00",100%
Government,DR MS 03001,07-Jun-25,LINDELL 50MG/ML (5%),500.00,290.00,"145,000.00",0.00,"145,000.00",283.00,"141,500.00","3,500.00",2%
Government,DR MS 03001,07-Jun-25,,300.00,360.00,"108,000.00",0.00,"108,000.00",,,"108,000.00",100%
Government,DR MS 03001,07-Jun-25,,50.00,140.00,"7,000.00",0.00,"7,000.00",,,"7,000.00",100%
Government,DR MS 03001,07-Jun-25,ACCEDIAZINE 10MG/G (1% w/w) 25G,365.00,138.00,"50,370.00",0.00,"50,370.00",63.00,"22,995.00","27,375.00",54%
Batangas,DR 025973,30-Aug-25,TRIZEF 200MG TAB,2.00,"9,375.00","18,750.00",0.00,"18,750.00","1,600.00","3,200.00","15,550.00",83%
Batangas,DR 025974,30-Aug-25,TRIZEF 200MG TAB,1.00,"9,375.00","9,375.00",0.00,"9,375.00","1,600.00","1,600.00","7,775.00",83%
Batangas,DR 025974,30-Aug-25,TRIDEN 160MG TAB,2.00,"2,560.00","5,120.00",0.00,"5,120.00",720.00,"1,440.00","3,680.00",72%
Batangas,DR 025968,30-Aug-25,HYCLENS WOUND SPRAY 2% 60ML,10.00,286.00,"2,860.00",0.00,"2,860.00",114.66,"1,146.60","1,713.40",60%
Batangas,DR 025968,30-Aug-25,HYCLENS OB WASH 1% 100ML,6.00,310.00,"1,860.00",0.00,"1,860.00",138.60,831.60,"1,028.40",55%
Marinduque,DR 0026219,30-Aug-25,TRIDEN 160MG TAB,4.00,"1,980.00","7,920.00","2,376.00","5,544.00",720.00,"2,880.00","2,664.00",34%
Marinduque,DR 0026218,30-Aug-25,TOSYLAM 750MG,2.00,"2,175.00","4,350.00",0.00,"4,350.00","1,450.00","2,900.00","1,450.00",33%
Marinduque,DR 0026218,30-Aug-25,TOSYLAM 750MG,3.00,"4,350.00","13,050.00",0.00,"13,050.00","1,450.00","4,350.00","8,700.00",67%
Marinduque,DR 0026218,30-Aug-25,ANEROCIN 300MG CAP,5.00,"2,800.00","14,000.00",0.00,"14,000.00",979.00,"4,895.00","9,105.00",65%
Marinduque,DR 0026218,30-Aug-25,ROSVA 20-20MG,10.00,661.00,"6,610.00",0.00,"6,610.00",273.00,"2,730.00","3,880.00",59%
Marinduque,DR 0026216,30-Aug-25,FERGLOBIN 250MG CAP,10.00,800.00,"8,000.00","2,400.00","5,600.00",325.00,"3,250.00","2,350.00",29%
Hospital,DR MS 03355,30-Aug-25,PAPER TOWEL 175PULL-UPS (FEMME),30.00,80.00,"2,400.00",0.00,"2,400.00",53.75,"1,612.50",787.50,33%
Hospital,DR MS 03355,30-Aug-25,BATHROOM TISSUE 2PLY 12'S (FEMME),4.00,168.00,672.00,0.00,672.00,107.00,428.00,244.00,36%
Hospital,DR MS 03336,30-Aug-25,BABY OIL 50ML (JOHNSON),24.00,64.00,"1,536.00",0.00,"1,536.00",50.00,"1,200.00",336.00,22%
Hospital,DR MS 03336,30-Aug-25,PAPER TOWEL 175PULL-UPS (FEMME),30.00,80.00,"2,400.00",0.00,"2,400.00",53.75,"1,612.50",787.50,33%
Hospital,DR MS 03359,30-Aug-25,COTTON BALLS 1000S (TENDERSOFT),2.00,260.00,520.00,0.00,520.00,180.00,360.00,160.00,31%
Admin,DR 025824,02-Sep-25,HYCLENS OB WASH 1% 100ML,15.00,152.50,"2,287.50",0.00,"2,287.50",138.60,"2,079.00",208.50,9%
Admin,DR 025824,02-Sep-25,SOLVAPRINE 10MG TAB,9.00,671.43,"6,042.87",0.00,"6,042.87",150.00,"1,350.00","4,692.87",78%
Admin,DR 025824,02-Sep-25,HYCLENS WOUND SPRAY 2% 60ML,15.00,229.32,"3,439.80",0.00,"3,439.80",114.66,"1,719.90","1,719.90",50%
Admin,DR 025826,05-Sep-25,CIXTOR-Z 500mg,7.00,630.00,"4,410.00",0.00,"4,410.00",210.00,"1,470.00","2,940.00",67%
Admin,DR 025826,05-Sep-25,MERGOT 125MCG,7.00,"2,000.00","14,000.00",0.00,"14,000.00",680.00,"4,760.00","9,240.00",66%
Admin,DR 025826,05-Sep-25,CALCI-MAX 600- 1500MG/200IU,7.00,678.57,"4,749.99",0.00,"4,749.99",350.00,"2,450.00","2,299.99",48%
Admin,DR 025826,05-Sep-25,HYCLENS OB WASH 1% 100ML,10.00,152.50,"1,525.00",0.00,"1,525.00",138.60,"1,386.00",139.00,9%
Admin,DR 025826,05-Sep-25,MEDIROSE 1000MG/992MG,7.00,"1,000.00","7,000.00",0.00,"7,000.00",145.00,"1,015.00","5,985.00",86%
Quezon,DR 0026208,06-Sep-25,TROPIN 1MG/ML IM/IV/SC,0.50,"7,800.00","3,900.00",0.00,"3,900.00",210.00,105.00,"3,795.00",97%
Quezon,DR 0026208,06-Sep-25,SAPHARIN 20MG/ML,2.00,"2,410.70","4,821.40",0.00,"4,821.40",154.00,308.00,"4,513.40",94%
Quezon,DR 0026208,06-Sep-25,EUROMED MAGNESIUM SULFATE 250MG/ML (25%) 20ML,50.00,100.00,"5,000.00",0.00,"5,000.00",57.75,"2,887.50","2,112.50",42%
Quezon,DR 0026208,06-Sep-25,PHYTOBAS 10MG/ML IV,20.00,830.00,"16,600.00",0.00,"16,600.00",140.00,"2,800.00","13,800.00",83%
Quezon,DR 0026209,06-Sep-25,KZIDINE 35MG,10.00,"1,350.00","13,500.00",0.00,"13,500.00",600.00,"6,000.00","7,500.00",56%
Quezon,DR 0026210,06-Sep-25,SANOMAX-FA,5.00,"1,400.00","7,000.00","2,100.00","4,900.00",560.00,"2,800.00","2,100.00",30%
Quezon,DR 0026211,06-Sep-25,ROYALENATE 84MG/ML (8.4%) 20ML,46.00,200.00,"9,200.00",0.00,"9,200.00",65.67,"3,020.67","6,179.33",67%
Quezon,DR 0026212,06-Sep-25,BUFEN 200MG/5ML,15.00,118.00,"1,770.00",0.00,"1,770.00",47.50,712.50,"1,057.50",60%
Quezon,DR 0026213,06-Sep-25,BUFEN 200MG/5ML,6.00,118.00,708.00,212.40,495.60,47.50,285.00,210.60,30%
Quezon,DR 0026213,06-Sep-25,CENDALEX 100MG/ML,6.00,125.00,750.00,225.00,525.00,35.70,214.20,310.80,41%
Quezon,DR 0026213,06-Sep-25,HYCLENS GARGLE 0.12% 120ML,6.00,236.00,"1,416.00",141.60,"1,274.40",88.00,528.00,746.40,53%
Quezon,DR 0026213,06-Sep-25,HYCLENS WOUND SPRAY 2% 60ML,12.00,280.00,"3,360.00",336.00,"3,024.00",114.66,"1,375.92","1,648.08",49%
Quezon,DR 0026214,06-Sep-25,FERGLOBIN 250MG CAP,2.00,800.00,"1,600.00",480.00,"1,120.00",325.00,650.00,470.00,29%
Quezon,DR 0026225,06-Sep-25,HYCLENS WOUND SPRAY 2% 60ML,8.00,280.00,"2,240.00",0.00,"2,240.00",114.66,917.28,"1,322.72",59%
Quezon,DR 0026225,06-Sep-25,CALCI-MAX 600- 1500MG/200IU,5.00,"1,100.00","5,500.00",0.00,"5,500.00",350.00,"1,750.00","3,750.00",68%
Quezon,DR 0026224,06-Sep-25,KZIDINE 35MG,10.00,"1,350.00","13,500.00","4,725.00","8,775.00",600.00,"6,000.00","2,775.00",21%
Quezon,DR 0026223,06-Sep-25,VOXOLL 15MG/5ML,10.00,80.00,800.00,240.00,560.00,33.00,330.00,230.00,29%
Quezon,DR 0026223,06-Sep-25,VOXOLL 30MG,2.00,800.00,"1,600.00",480.00,"1,120.00",168.00,336.00,784.00,49%
Quezon,DR 0026221,06-Sep-25,HYCLENS GARGLE 0.12% 120ML,15.00,236.00,"3,540.00",0.00,"3,540.00",88.00,"1,320.00","2,220.00",63%
Quezon,DR 0026221,06-Sep-25,CENDALEX 100MG/ML,15.00,125.00,"1,875.00",0.00,"1,875.00",35.70,535.50,"1,339.50",71%
Quezon,DR 0026220,06-Sep-25,CARVIDA 6.25MG,50.00,528.00,"26,400.00",0.00,"26,400.00",132.00,"6,600.00","19,800.00",75%
Quezon,DR 0026220,06-Sep-25,ANIN 50 PLUS 50MG/12.5MG,50.00,420.00,"21,000.00",0.00,"21,000.00",105.00,"5,250.00","15,750.00",75%
Quezon,DR 0026222,06-Sep-25,HYCLENS WOUND SPRAY 2% 60ML,12.00,280.00,"3,360.00",336.00,"3,024.00",114.66,"1,375.92","1,648.08",49%
Batangas,DR 026975,06-Sep-25,EMZART-40 40MG,10.00,548.00,"5,480.00",0.00,"5,480.00",156.00,"1,560.00","3,920.00",72%
Batangas,DR 026975,06-Sep-25,CIUMADE TAB,3.00,990.00,"2,970.00",0.00,"2,970.00",450.00,"1,350.00","1,620.00",55%
Batangas,DR 026975,06-Sep-25,BENERVA PLUS 500MG/50MG/100MG/100MCG,3.00,"1,800.00","5,400.00",0.00,"5,400.00",615.00,"1,845.00","3,555.00",66%
Batangas,DR 025976,06-Sep-25,DOLOGESIC 325MG/37.5MG TAB,5.00,"1,080.00","5,400.00",0.00,"5,400.00",270.00,"1,350.00","4,050.00",75%
Batangas,DR 025976,06-Sep-25,PREVEN-Z GOLD 500MG/10MG/1000IU,3.00,"1,800.00","5,400.00",0.00,"5,400.00",445.00,"1,335.00","4,065.00",75%
Batangas,DR 025977,06-Sep-25,ROSVA 20-20MG,10.00,"1,090.00","10,900.00",0.00,"10,900.00",273.00,"2,730.00","8,170.00",75%
Hospital,DR MS 03370,06-Sep-25,PHYTOBAS 10MG/ML IV,10.00,900.00,"9,000.00",0.00,"9,000.00",140.00,"1,400.00","7,600.00",84%
Hospital,DR MS 03385,06-Sep-25,EURYTHMIC 50MG/ML (150MG/3ML),8.00,"5,156.25","41,250.00",0.00,"41,250.00","1,535.00","12,280.00","28,970.00",70%
Hospital,DR MS 03379,06-Sep-25,PHYTOBAS 10MG/ML IV,20.00,570.00,"11,400.00",0.00,"11,400.00",140.00,"2,800.00","8,600.00",75%
Hospital,DR MS 03382,06-Sep-25,GOPAMINE 40MG/ML (200MG/5ML) 5ML,10.00,"1,920.00","19,200.00",0.00,"19,200.00",155.00,"1,550.00","17,650.00",92%
Hospital,DR MS 03380,06-Sep-25,AMADOL 150MG/ML 2ML,30.00,363.75,"10,912.50",0.00,"10,912.50",65.00,"1,950.00","8,962.50",82%
Hospital,DR MS 03375,06-Sep-25,MAZINE 10MG/G 20G,20.00,300.50,"6,010.00",0.00,"6,010.00",55.00,"1,100.00","4,910.00",82%
Hospital,DR MS 03381,06-Sep-25,FENTIN 50MG/ML 2ML,4.00,"2,598.75","10,395.00",0.00,"10,395.00",885.00,"3,540.00","6,855.00",66%
Hospital,DR MS 03381,06-Sep-25,FENTIN 50MG/ML 2ML,6.00,"2,598.75","15,592.50",0.00,"15,592.50",885.00,"5,310.00","10,282.50",66%
Hospital,DR MS 03377,06-Sep-25,DIFLOSID 25MG/ML 3ML,5.00,390.00,"1,950.00",0.00,"1,950.00",126.00,630.00,"1,320.00",68%
Hospital,DR MS 03376,06-Sep-25,OPTRYL 5MG/G (0.5%) 5G,50.00,315.00,"15,750.00",0.00,"15,750.00",136.10,"6,805.00","8,945.00",57%
Hospital,DR MS 03171,13-Sep-25,MATERNITY PADS 8s (MAXIFREE),586.00,90.16,"52,833.76",0.00,"52,833.76",60.00,"35,160.00","17,673.76",33%
Hospital,DR MS 03177,13-Sep-25,CORPILYN 1G,200.00,29.58,"5,916.00",0.00,"5,916.00",14.00,"2,800.00","3,116.00",53%
Hospital,DR MS 03177,13-Sep-25,CORPILYN 250MG,440.00,24.51,"10,784.40",0.00,"10,784.40",11.80,"5,192.00","5,592.40",52%
Hospital,DR MS 03177,13-Sep-25,CORPILYN 500MG,560.00,21.13,"11,832.80",0.00,"11,832.80",13.50,"7,560.00","4,272.80",36%
Hospital,DR MS 03177,13-Sep-25,SITIVAST -40 40MG,28.00,450.00,"12,600.00",0.00,"12,600.00",171.00,"4,788.00","7,812.00",62%
Hospital,DR MS 03177,13-Sep-25,PHIZOLIN 1G,45.00,267.60,"12,042.00",0.00,"12,042.00",168.00,"7,560.00","4,482.00",37%
Hospital,DR MS 03177,13-Sep-25,PHIZOLIN 1G,3.00,267.60,802.80,0.00,802.80,168.00,504.00,298.80,37%
Hospital,DR MS 03177,13-Sep-25,ZEFTACARE 1G IV,920.00,59.15,"54,418.00",0.00,"54,418.00",44.00,"40,480.00","13,938.00",26%
Hospital,DR MS 03177,13-Sep-25,AMTRIX WITH DILUENT 1G,"1,200.00",50.70,"60,840.00",0.00,"60,840.00",26.00,"31,200.00","29,640.00",49%
Hospital,DR MS 03177,13-Sep-25,CORSIN-300 150MG/ML (300MG/2ML) 2ML,960.00,87.32,"83,827.20",0.00,"83,827.20",52.00,"49,920.00","33,907.20",40%
Hospital,DR MS 03177,13-Sep-25,DALINC 150MG/ML (600MG/4ML) 4ML,160.00,598.60,"95,776.00",0.00,"95,776.00",250.00,"40,000.00","55,776.00",58%
Hospital,DR MS 03177,13-Sep-25,CLOPINOVA 75MG,10.00,138.00,"1,380.00",0.00,"1,380.00",87.00,870.00,510.00,37%
Hospital,DR MS 03177,13-Sep-25,DIXIN 250MCG,14.00,296.00,"4,144.00",0.00,"4,144.00",250.00,"3,500.00",644.00,16%
Hospital,DR MS 03177,13-Sep-25,DIXIN 250MCG/ML 2ML,8.00,"1,450.70","11,605.60",0.00,"11,605.60","1,050.00","8,400.00","3,205.60",28%
Hospital,DR MS 03177,13-Sep-25,DIPHENPORS 50MG/ML 1ML,12.00,295.80,"3,549.60",0.00,"3,549.60",140.00,"1,680.00","1,869.60",53%
Hospital,DR MS 03177,13-Sep-25,HYTRIX 100MG,50.00,352.10,"17,605.00",0.00,"17,605.00",210.00,"10,500.00","7,105.00",40%
Hospital,DR MS 03177,13-Sep-25,OLXARIN 4000IU/0.4ML (40MG/0.4ML),200.00,"1,239.44","247,888.00",0.00,"247,888.00",620.00,"124,000.00","123,888.00",50%
Hospital,DR MS 03177,13-Sep-25,BIOLAC 3.33G/5ML,30.00,121.13,"3,633.90",0.00,"3,633.90",105.00,"3,150.00",483.90,13%
Hospital,DR MS 03177,13-Sep-25,SCHEEPRIL 5MG TAB,18.00,370.00,"6,660.00",0.00,"6,660.00",263.00,"4,734.00","1,926.00",29%
Hospital,DR MS 03176,13-Sep-25,XOPRAZOLE PLUS 40MG,10.00,472.00,"4,720.00",0.00,"4,720.00",320.00,"3,200.00","1,520.00",32%
Hospital,DR MS 03176,13-Sep-25,OPREX 40MG IV,225.00,366.20,"82,395.00",0.00,"82,395.00",180.00,"40,500.00","41,895.00",51%
Hospital,DR MS 03176,13-Sep-25,CARDOWIN 1MG/ML 10ML,80.00,154.93,"12,394.40",0.00,"12,394.40",90.00,"7,200.00","5,194.40",42%
Hospital,DR MS 03176,13-Sep-25,DISPOSABLE DIAPER ADULT XL (HEXACARE),80.00,239.40,"19,152.00",0.00,"19,152.00",203.00,"16,240.22","2,911.78",15%
Hospital,DR MS 03176,13-Sep-25,AZFED 200MG/5ML,24.00,100.75,"2,418.00",0.00,"2,418.00",60.00,"1,440.00",978.00,40%
Hospital,DR MS 03176,13-Sep-25,EMICOX 200MG CAP,10.00,254.00,"2,540.00",0.00,"2,540.00",202.00,"2,020.00",520.00,20%
Hospital,DR MS 03176,13-Sep-25,PERISPA 50MG,7.00,947.70,"6,633.90",0.00,"6,633.90",726.00,"5,082.00","1,551.90",23%
Hospital,DR MS 03176,13-Sep-25,PERISPA 50MG,3.00,947.70,"2,843.10",0.00,"2,843.10",726.00,"2,178.00",665.10,23%
Hospital,DR MS 03176,13-Sep-25,DIUFED 10MG/ML (20MG/2ML) 2ML,368.00,81.70,"30,065.60",0.00,"30,065.60",48.00,"17,664.00","12,401.60",41%
Hospital,DR MS 03176,13-Sep-25,GENTAM 40MG/ML (80MG/2ML) 2ML,30.00,84.50,"2,535.00",0.00,"2,535.00",43.00,"1,290.00","1,245.00",49%
Hospital,DR MS 03176,13-Sep-25,ISOLYTE 30MG TAB,12.00,559.00,"6,708.00",0.00,"6,708.00",230.00,"2,760.00","3,948.00",59%
Hospital,DR MS 03176,13-Sep-25,UNDERPADS ANTIBACTERIAL X-LARGE (HEXACARE),312.00,211.30,"65,925.60",0.00,"65,925.60",105.03,"32,770.73","33,154.87",50%
Hospital,DR MS 03176,13-Sep-25,DOTHIX 100MG,20.00,175.00,"3,500.00",0.00,"3,500.00",146.00,"2,920.00",580.00,17%
Hospital,DR MS 03176,13-Sep-25,SAPHIXIME-200 200MG,6.67,207.90,"1,386.00",0.00,"1,386.00",262.00,"1,746.67",-360.67,-26%
Hospital,DR MS 03207,13-Sep-25,MATERNITY PADS 8s (MAXIFREE),975.00,90.16,"87,906.00",0.00,"87,906.00",60.00,"58,500.00","29,406.00",33%
Hospital,DR MS 03207,13-Sep-25,WELLTRATE 50MG,16.67,322.50,"5,375.00",0.00,"5,375.00",257.00,"4,283.33","1,091.67",20%
Hospital,DR MS 03206,13-Sep-25,AMSUMED 500MG/250MG,80.00,36.62,"2,929.60",0.00,"2,929.60",19.00,"1,520.00","1,409.60",48%
Hospital,DR MS 03206,13-Sep-25,VELON 6.25MG TAB,10.00,105.00,"1,050.00",0.00,"1,050.00",55.00,550.00,500.00,48%
Hospital,DR MS 03206,13-Sep-25,ACIFOX 1G,40.00,"1,950.70","78,028.00",0.00,"78,028.00",980.00,"39,200.00","38,828.00",50%
Hospital,DR MS 03206,13-Sep-25,ZINACARE 750MG W/ DILUENT,800.00,49.30,"39,440.00",0.00,"39,440.00",26.00,"20,800.00","18,640.00",47%
Hospital,DR MS 03216,13-Sep-25,IROMAX 20MG/ML (100MG/5ML) 5ML,60.00,422.55,"25,353.00",0.00,"25,353.00",300.00,"18,000.00","7,353.00",29%
Hospital,DR MS 03216,13-Sep-25,ASTHAVERT-250 25MCG/250MCG,32.00,496.00,"15,872.00",0.00,"15,872.00",260.00,"8,320.00","7,552.00",48%
Hospital,DR MS 03216,13-Sep-25,MECID 500MG CAP,18.00,113.00,"2,034.00",0.00,"2,034.00",89.00,"1,602.00",432.00,21%
Hospital,DR MS 03216,13-Sep-25,VASOTRATE 60MG,13.71,290.50,"3,984.00",0.00,"3,984.00",197.00,"2,701.71","1,282.29",32%
Hospital,DR MS 03218,13-Sep-25,CIPROGYL 2MG/ML (200MG/100ML),560.00,36.62,"20,507.20",0.00,"20,507.20",26.00,"14,560.00","5,947.20",29%
Hospital,DR MS 03218,13-Sep-25,EXECORE 500MG TAB,650.00,140.00,"91,000.00",0.00,"91,000.00",78.00,"50,700.00","40,300.00",44%
Hospital,DR MS 03218,13-Sep-25,LEVONOVA 500MG,7.00,451.00,"3,157.00",0.00,"3,157.00",124.00,868.00,"2,289.00",73%
Hospital,DR MS 03218,13-Sep-25,AMBIDAZOL 125MG/5ML,24.00,26.76,642.24,0.00,642.24,17.00,408.00,234.24,36%
Hospital,DR MS 03218,13-Sep-25,HYFER-250 250MG/5ML,32.00,20.00,640.00,0.00,640.00,14.00,448.00,192.00,30%
Hospital,DR MS 03218,13-Sep-25,ABHAY-TOX 40IU/0.5ML VIAL,8.00,852.50,"6,820.00",0.00,"6,820.00",570.00,"4,560.00","2,260.00",33%
Hospital,DR MS 03234,13-Sep-25,ALLECUR P 2.5MG/ML,28.00,35.50,994.00,0.00,994.00,21.00,588.00,406.00,41%
Hospital,DR MS 03234,13-Sep-25,HEMAGLOB 500MG,10.00,675.00,"6,750.00",0.00,"6,750.00",133.00,"1,330.00","5,420.00",80%
Hospital,DR MS 03234,13-Sep-25,DIXIN 250MCG/ML 2ML,6.00,"1,450.70","8,704.20",0.00,"8,704.20","1,050.00","6,300.00","2,404.20",28%
Hospital,DR MS 03234,13-Sep-25,CIPROGYL 2MG/ML (200MG/100ML),"1,000.00",36.62,"36,620.00",0.00,"36,620.00",26.00,"26,000.00","10,620.00",29%
Hospital,DR MS 03234,13-Sep-25,KLEVRA 500MG,80.00,388.80,"31,104.00",0.00,"31,104.00",195.00,"15,600.00","15,504.00",50%
Hospital,DR MS 03234,13-Sep-25,DIPHENPORS 50MG/ML 1ML,30.00,295.80,"8,874.00",0.00,"8,874.00",140.00,"4,200.00","4,674.00",53%
Hospital,DR MS 03234,13-Sep-25,LOMOH-40 40MG/0.4ML,500.00,619.72,"309,860.00",0.00,"309,860.00",320.00,"160,000.00","149,860.00",48%
Hospital,DR MS 03234,13-Sep-25,DALINC 150MG/ML (600MG/4ML) 4ML,400.00,598.60,"239,440.00",0.00,"239,440.00",250.00,"100,000.00","139,440.00",58%
Hospital,DR MS 03234,13-Sep-25,CORSIN-300 150MG/ML (300MG/2ML) 2ML,"2,000.00",87.32,"174,640.00",0.00,"174,640.00",52.00,"104,000.00","70,640.00",40%
Hospital,DR MS 03258,13-Sep-25,OPREX 40MG IV,840.00,366.20,"307,608.00",0.00,"307,608.00",180.00,"151,200.00","156,408.00",51%
Hospital,DR MS 03258,13-Sep-25,OPREX 40MG IV,160.00,366.20,"58,592.00",0.00,"58,592.00",180.00,"28,800.00","29,792.00",51%
Hospital,DR MS 03273,13-Sep-25,HAIXONE WITH DILUENT 1G,"1,000.00",50.70,"50,700.00",0.00,"50,700.00",26.00,"26,000.00","24,700.00",49%
Hospital,DR MS 03275,13-Sep-25,HAIXONE WITH DILUENT 1G,"1,500.00",50.70,"76,050.00",0.00,"76,050.00",26.00,"39,000.00","37,050.00",49%
Hospital,DR MS 03286,13-Sep-25,UNDERPADS ANTIBACTERIAL X-LARGE (HEXACARE),"2,808.00",211.30,"593,330.40",0.00,"593,330.40",105.03,"294,936.56","298,393.84",50%
Hospital,DR MS 03297,13-Sep-25,ZINACARE 750MG W/ DILUENT,"1,700.00",49.30,"83,810.00",0.00,"83,810.00",26.00,"44,200.00","39,610.00",47%
Hospital,DR MS 03297,13-Sep-25,ZINACARE 750MG W/ DILUENT,800.00,49.30,"39,440.00",0.00,"39,440.00",26.00,"20,800.00","18,640.00",47%
Hospital,DR MS 03297,13-Sep-25,MECID 500MG CAP,20.00,113.00,"2,260.00",0.00,"2,260.00",89.00,"1,780.00",480.00,21%
Hospital,DR MS 03297,13-Sep-25,HAIXONE WITH DILUENT 1G,"2,000.00",50.70,"101,400.00",0.00,"101,400.00",26.00,"52,000.00","49,400.00",49%
Hospital,DR MS 03297,13-Sep-25,HYTRIX 100MG,100.00,352.10,"35,210.00",0.00,"35,210.00",210.00,"21,000.00","14,210.00",40%
Hospital,DR MS 03297,13-Sep-25,ERZOL 5MG/ML (500MG/100ML) 100ML,266.00,22.54,"5,995.64",0.00,"5,995.64",15.00,"3,990.00","2,005.64",33%
Hospital,DR MS 03297,13-Sep-25,ERZOL 5MG/ML (500MG/100ML) 100ML,734.00,22.54,"16,544.36",0.00,"16,544.36",15.00,"11,010.00","5,534.36",33%
Hospital,DR MS 03297,13-Sep-25,CORSIN-300 150MG/ML (300MG/2ML) 2ML,190.00,873.20,"165,908.00",0.00,"165,908.00",52.00,"9,880.00","156,028.00",94%
Hospital,DR MS 03297,13-Sep-25,CARDOWIN 1MG/ML 10ML,500.00,154.93,"77,465.00",0.00,"77,465.00",90.00,"45,000.00","32,465.00",42%
Hospital,DR MS 03297,13-Sep-25,FREDTOR 40MG,50.00,450.00,"22,500.00",0.00,"22,500.00",165.00,"8,250.00","14,250.00",63%
Government,DR MS 03193,13-Sep-25,IV CANNULA WITHOUT INJECTION PORT LUER LOCK G26 0.6X19MM (CATHULA),0.20,"3,380.00",676.00,0.00,676.00,"2,400.00",480.00,196.00,29%
Government,DR MS 03193,13-Sep-25,ACETYLNOVA 200MG 30's,36.33,388.80,"14,126.40",0.00,"14,126.40",303.00,"11,009.00","3,117.40",22%
Government,DR MS 03193,13-Sep-25,EMICOX 200MG CAP,10.00,254.00,"2,540.00",0.00,"2,540.00",202.00,"2,020.00",520.00,20%
Government,DR MS 03193,13-Sep-25,ANTIZOAL 5MG/ML (500MG/100ML) 100ML,800.00,22.54,"18,032.00",0.00,"18,032.00",15.00,"12,000.00","6,032.00",33%
Government,DR MS 03193,13-Sep-25,ZINACARE 750MG W/ DILUENT,934.00,49.30,"46,046.20",0.00,"46,046.20",26.00,"24,284.00","21,762.20",47%
Government,DR MS 03193,13-Sep-25,ZINACARE 750MG W/ DILUENT,666.00,49.30,"32,833.80",0.00,"32,833.80",26.00,"17,316.00","15,517.80",47%
Government,DR MS 03192,13-Sep-25,OLXARIN 6000IU/0.6ML 60MG/0.6ML,5.00,"2,084.50","10,422.50",0.00,"10,422.50",780.00,"3,900.00","6,522.50",63%
Government,DR MS 03192,13-Sep-25,EPICARE 1MG/ML IV,40.00,277.50,"11,100.00",0.00,"11,100.00",115.00,"4,600.00","6,500.00",59%
Government,DR MS 03192,13-Sep-25,DIUFED 10MG/ML (20MG/2ML) 2ML,40.00,81.70,"3,268.00",0.00,"3,268.00",48.00,"1,920.00","1,348.00",41%
Government,DR MS 03192,13-Sep-25,PORFEVER 150MG/ML (300MG/2ML) 2ML,20.00,77.50,"1,550.00",0.00,"1,550.00",50.00,"1,000.00",550.00,35%
Government,DR MS 03192,13-Sep-25,GENTAM 40MG/ML (80MG/2ML) 2ML,20.00,84.50,"1,690.00",0.00,"1,690.00",43.00,860.00,830.00,49%
Government,DR MS 03192,13-Sep-25,SAPHARIN 20MG/ML,24.00,291.50,"6,996.00",0.00,"6,996.00",154.00,"3,696.00","3,300.00",47%
Government,DR MS 03192,13-Sep-25,HYTRIX 100MG,50.00,352.10,"17,605.00",0.00,"17,605.00",210.00,"10,500.00","7,105.00",40%
Government,DR MS 03192,13-Sep-25,SORBANCE -5 5MG,33.33,129.30,"4,310.00",0.00,"4,310.00",34.00,"1,133.33","3,176.67",74%
Government,DR MS 03192,13-Sep-25,GAUZE PAD STERILE 4x4-8PLY 28X24 MESH (INDOPLAS),16.00,325.00,"5,200.00",0.00,"5,200.00",240.00,"3,840.00","1,360.00",26%
Government,DR MS 03192,13-Sep-25,ISOLYTE 30MG TAB,10.00,559.00,"5,590.00",0.00,"5,590.00",230.00,"2,300.00","3,290.00",59%
Government,DR MS 03192,13-Sep-25,ZOSART-62.5 50MG/12.5MG,20.00,176.00,"3,520.00",0.00,"3,520.00",105.00,"2,100.00","1,420.00",40%
Government,DR MS 03192,13-Sep-25,DISPOSABLE INFUSION SET ADULT 20MACRODROPS/ML (HEXACARE),80.00,28.17,"2,253.60",0.00,"2,253.60",8.40,672.00,"1,581.60",70%
Government,DR MS 03192,13-Sep-25,PLAZIMIDE 5MG/ML (10MG/2ML),64.00,175.00,"11,200.00",0.00,"11,200.00",60.00,"3,840.00","7,360.00",66%
Government,DR MS 03192,13-Sep-25,CARDOWIN 1MG/ML 10ML,80.00,154.93,"12,394.40",0.00,"12,394.40",90.00,"7,200.00","5,194.40",42%
Government,DR MS 03192,13-Sep-25,GIOZOLE 40MG W/ DILUENT,920.00,47.89,"44,058.80",0.00,"44,058.80",33.00,"30,360.00","13,698.80",31%
Government,DR MS 03192,13-Sep-25,OLXARIN 4000IU/0.4ML (40MG/0.4ML),50.00,"1,239.44","61,972.00",0.00,"61,972.00",620.00,"31,000.00","30,972.00",50%
Government,DR MS 03209,13-Sep-25,NOVAC PLUS 1G/500MG,80.00,63.38,"5,070.40",0.00,"5,070.40",45.00,"3,600.00","1,470.40",29%
Government,DR MS 03209,13-Sep-25,AMSUMED 500MG/250MG,320.00,36.62,"11,718.40",0.00,"11,718.40",19.00,"6,080.00","5,638.40",48%
Government,DR MS 03209,13-Sep-25,VOLUMETRIC SOLUTION INFUSION SET 150ML (POLYVOL),"1,000.00",211.27,"211,270.00",0.00,"211,270.00",155.00,"155,000.00","56,270.00",27%
Government,DR MS 03209,13-Sep-25,NOVACEE 100MG/5ML SYRUP,40.00,28.50,"1,140.00",0.00,"1,140.00",39.00,"1,560.00",-420.00,-37%
Government,DR MS 03209,13-Sep-25,VELON 6.25MG TAB,10.00,105.00,"1,050.00",0.00,"1,050.00",55.00,550.00,500.00,48%
Government,DR MS 03217,13-Sep-25,TROVIPRI 80MG,10.00,479.00,"4,790.00",0.00,"4,790.00",320.00,"3,200.00","1,590.00",33%
Government,DR MS 03217,13-Sep-25,EXECORE 500MG TAB,80.00,140.00,"11,200.00",0.00,"11,200.00",78.00,"6,240.00","4,960.00",44%
Government,DR MS 03217,13-Sep-25,ASTHAVERT-250 25MCG/250MCG,40.00,496.00,"19,840.00",0.00,"19,840.00",260.00,"10,400.00","9,440.00",48%
Government,DR MS 03217,13-Sep-25,LEVONOVA 500MG,4.00,451.00,"1,804.00",0.00,"1,804.00",124.00,496.00,"1,308.00",73%
Government,DR MS 03217,13-Sep-25,HYFER-250 250MG/5ML,40.00,20.00,800.00,0.00,800.00,14.00,560.00,240.00,30%
Government,DR MS 03217,13-Sep-25,REGICET 5MG/5ML,72.00,27.00,"1,944.00",0.00,"1,944.00",19.00,"1,368.00",576.00,30%
Government,DR MS 03217,13-Sep-25,BISACODEN 10MG,3.20,"2,812.50","9,000.00",0.00,"9,000.00","1,665.00","5,328.00","3,672.00",41%
Government,DR MS 03217,13-Sep-25,ABHAY-TOX 40IU/0.5ML VIAL,35.00,852.50,"29,837.50",0.00,"29,837.50",570.00,"19,950.00","9,887.50",33%
Government,DR MS 03228,13-Sep-25,ALLECUR P 2.5MG/ML,36.00,35.50,"1,278.00",0.00,"1,278.00",21.00,756.00,522.00,41%
Government,DR MS 03228,13-Sep-25,NOVAFENAC 25MG/ML 3ML,10.00,91.55,915.50,0.00,915.50,60.00,600.00,315.50,34%
Government,DR MS 03228,13-Sep-25,SPASBASCINE 20MG/ML,40.00,340.00,"13,600.00",0.00,"13,600.00",142.00,"5,680.00","7,920.00",58%
Government,DR MS 03228,13-Sep-25,MICROPORE 1X10 2.5CMX9.1M (3M),7.00,774.60,"5,422.20",0.00,"5,422.20",490.00,"3,430.00","1,992.20",37%
Government,DR MS 03228,13-Sep-25,MICROPORE 1X10 2.5CMX9.1M (3M),4.00,774.60,"3,098.40",0.00,"3,098.40",490.00,"1,960.00","1,138.40",37%
Government,DR MS 03228,13-Sep-25,AZITHRIX 500MG,1.00,"4,960.00","4,960.00",0.00,"4,960.00","1,814.00","1,814.00","3,146.00",63%
Government,DR MS 03242,13-Sep-25,VOLUMETRIC SOLUTION INFUSION SET 150ML (POLYVOL),"2,000.00",211.27,"422,540.00",0.00,"422,540.00",155.00,"310,000.00","112,540.00",27%
Government,DR MS 03391,13-Sep-25,VOLUMETRIC SOLUTION INFUSION SET 150ML (POLYVOL),"1,980.00",211.27,"418,314.60",0.00,"418,314.60",155.00,"306,900.00","111,414.60",27%
Government,DR MS 03391,13-Sep-25,MICROPORE 1X10 2.5CMX9.1M (3M),78.00,774.60,"60,418.80",0.00,"60,418.80",490.00,"38,220.00","22,198.80",37%
Government,DR MS 03391,13-Sep-25,MICROPORE 1X10 2.5CMX9.1M (3M),3.00,774.60,"2,323.80",0.00,"2,323.80",490.00,"1,470.00",853.80,37%
Government,DR MS 03391,13-Sep-25,MICROPORE 1X10 2.5CMX9.1M (3M),14.00,774.60,"10,844.40",0.00,"10,844.40",490.00,"6,860.00","3,984.40",37%
Government,DR MS 03191,13-Sep-25,HYCLENS SKIN CLEANSER 4G/100ML 60ML,30.00,159.72,"4,791.60",0.00,"4,791.60",113.40,"3,402.00","1,389.60",29%
Government,DR MS 03191,13-Sep-25,EUROMED MAGNESIUM SULFATE 250MG/ML (25%) 20ML,50.00,65.00,"3,250.00",0.00,"3,250.00",57.75,"2,887.50",362.50,11%
Government,DR MS 03191,13-Sep-25,DIACYSTEINE 600- 600MG,33.00,162.00,"5,346.00",0.00,"5,346.00",115.00,"3,795.00","1,551.00",29%
Government,DR MS 03191,13-Sep-25,DIACYSTEINE 600- 600MG,1.00,162.00,162.00,0.00,162.00,115.00,115.00,47.00,29%
Government,DR MS 03191,13-Sep-25,CORPILYN 1G,140.00,29.58,"4,141.20",0.00,"4,141.20",14.00,"1,960.00","2,181.20",53%
Government,DR MS 03191,13-Sep-25,CORPILYN 250MG,890.00,24.51,"21,813.90",0.00,"21,813.90",11.80,"10,502.00","11,311.90",52%
Government,DR MS 03191,13-Sep-25,CORPILYN 500MG,830.00,21.13,"17,537.90",0.00,"17,537.90",13.50,"11,205.00","6,332.90",36%
Government,DR MS 03191,13-Sep-25,ASTAT 20MG,15.00,200.00,"3,000.00",0.00,"3,000.00",96.00,"1,440.00","1,560.00",52%
Government,DR MS 03191,13-Sep-25,SITIVAST -40 40MG,12.00,450.00,"5,400.00",0.00,"5,400.00",171.00,"2,052.00","3,348.00",62%
Government,DR MS 03191,13-Sep-25,AZFED 200MG/5ML,8.00,100.75,806.00,0.00,806.00,60.00,480.00,326.00,40%
Government,DR MS 03191,13-Sep-25,ZEFTACARE 1G IV,80.00,59.15,"4,732.00",0.00,"4,732.00",44.00,"3,520.00","1,212.00",26%
Government,DR MS 03191,13-Sep-25,AMTRIX WITH DILUENT 1G,650.00,50.70,"32,955.00",0.00,"32,955.00",26.00,"16,900.00","16,055.00",49%
Government,DR MS 03191,13-Sep-25,PHILCEF-DS 250MG/5ML,72.00,147.89,"10,648.08",0.00,"10,648.08",93.00,"6,696.00","3,952.08",37%
Government,DR MS 03191,13-Sep-25,DALINC 150MG/ML (600MG/4ML) 4ML,16.00,598.60,"9,577.60",0.00,"9,577.60",250.00,"4,000.00","5,577.60",58%
Government,DR MS 03191,13-Sep-25,DIXIN 250MCG/ML 2ML,2.00,"1,450.70","2,901.40",0.00,"2,901.40","1,050.00","2,100.00",801.40,28%
Government,DR MS 03191,13-Sep-25,DIPHENPORS 50MG/ML 1ML,8.00,295.80,"2,366.40",0.00,"2,366.40",140.00,"1,120.00","1,246.40",53%
Government,DR MS 03191,13-Sep-25,UNDERPADS ANTIBACTERIAL X-LARGE (HEXACARE),60.00,211.30,"12,678.00",0.00,"12,678.00",105.03,"6,302.06","6,375.94",50%
Government,DR MS 03251,13-Sep-25,VOLUMETRIC SOLUTION INFUSION SET 150ML (POLYVOL),500.00,211.27,"105,635.00",0.00,"105,635.00",155.00,"77,500.00","28,135.00",27%
Government,DR MS 03259,13-Sep-25,CORPILYN 250MG,950.00,24.51,"23,284.50",0.00,"23,284.50",11.80,"11,210.00","12,074.50",52%
Government,DR MS 03259,13-Sep-25,CORPILYN 250MG,50.00,24.51,"1,225.50",0.00,"1,225.50",11.80,590.00,635.50,52%
Government,DR MS 03259,13-Sep-25,CORPILYN 500MG,200.00,21.13,"4,226.00",0.00,"4,226.00",13.50,"2,700.00","1,526.00",36%
Government,DR MS 03259,13-Sep-25,CORPILYN 500MG,"1,000.00",21.13,"21,130.00",0.00,"21,130.00",13.50,"13,500.00","7,630.00",36%
Admin,DR 025827,10-Sep-25,ZELEX 200MG CAP,7.00,"2,800.00","19,600.00",0.00,"19,600.00",925.00,"6,475.00","13,125.00",67%
Admin,DR 025827,10-Sep-25,CALCI-MAX 600- 1500MG/200IU,7.00,678.57,"4,749.99",0.00,"4,749.99",350.00,"2,450.00","2,299.99",48%
Admin,DR 025827,10-Sep-25,CIXTOR-Z 500MG/10MG,7.00,630.00,"4,410.00",0.00,"4,410.00",210.00,"1,470.00","2,940.00",67%
Admin,DR 025827,10-Sep-25,DUVAGEN 10MG,7.00,671.43,"4,700.01",0.00,"4,700.01",365.00,"2,555.00","2,145.01",46%
Admin,DR 025827,10-Sep-25,BENERVA PLUS 500MG/50MG/100MG/100MCG,2.00,"1,200.00","2,400.00",0.00,"2,400.00",615.00,"1,230.00","1,170.00",49%
Admin,DR 025827,10-Sep-25,DOLOGESIC 325MG/37.5MG TAB,6.00,945.00,"5,670.00",0.00,"5,670.00",270.00,"1,620.00","4,050.00",71%
Hospital,DR MS 03206,13-Sep-25,INSULIN SYRINGE WITH NEEDLE 1/2CC 29GX1/2 (TERUMO),10.00,"1,197.00","11,970.00",0.00,"11,970.00",750.00,"7,500.00","4,470.00",37%
Admin,DR 025827,10-Sep-25,DUOGESIC 325MG/37.5MG TAB,1.00,"1,414.29","1,414.29",0.00,"1,414.29",100.00,100.00,"1,314.29",93%
Hospital,DR MS 03206,13-Sep-25,DISPOSABLE NEEDLE G18 (INDOPLAS),4.00,254.00,"1,016.00",0.00,"1,016.00",130.00,520.00,496.00,49%
Hospital,DR MS 03206,13-Sep-25,UMBILICAL CORD CLAMP (SURGITECH),3.00,423.00,"1,269.00",0.00,"1,269.00",260.00,780.00,489.00,39%
Hospital,DR MS 03206,13-Sep-25,GAUZE PAD STERILE 4x4-8PLY 28X24 MESH (INDOPLAS),104.00,325.00,"33,800.00",0.00,"33,800.00",240.00,"24,960.00","8,840.00",26%
Hospital,DR MS 03206,13-Sep-25,ANTIZOAL 5MG/ML (500MG/100ML) 100ML,800.00,22.54,"18,032.00",0.00,"18,032.00",15.00,"12,000.00","6,032.00",33%
Hospital,DR MS 03206,13-Sep-25,SURGICAL BLADES S11 (PARTNERS),8.00,394.00,"3,152.00",0.00,"3,152.00",270.00,"2,160.00",992.00,31%
Hospital,DR MS 03206,13-Sep-25,SURGICAL BLADES S12 (PARTNERS),0.80,394.00,315.20,0.00,315.20,270.00,216.00,99.20,31%
Hospital,DR MS 03206,13-Sep-25,SURGICAL BLADES S15 (PARTNERS),4.00,394.00,"1,576.00",0.00,"1,576.00",270.00,"1,080.00",496.00,31%
Hospital,DR MS 03206,13-Sep-25,SURGICAL BLADES S20 (PARTNERS),7.00,394.00,"2,758.00",0.00,"2,758.00",270.00,"1,890.00",868.00,31%
Hospital,DR MS 03206,13-Sep-25,SURGICAL BLADES S20 (PARTNERS),0.20,394.00,78.80,0.00,78.80,270.00,54.00,24.80,31%
Hospital,DR MS 03206,13-Sep-25,SURGICAL BLADES S21 (PARTNERS),16.00,394.00,"6,304.00",0.00,"6,304.00",270.00,"4,320.00","1,984.00",31%
Hospital,DR MS 03206,13-Sep-25,OXYGEN MASK NEONATE (SURE-GUARD),60.00,59.15,"3,549.00",0.00,"3,549.00",40.00,"2,400.00","1,149.00",32%
Hospital,DR MS 03206,13-Sep-25,OXYGEN MASK PEDIA (SURGITECH),80.00,67.61,"5,408.80",0.00,"5,408.80",36.00,"2,880.00","2,528.80",47%
Hospital,DR MS 03206,13-Sep-25,SPINAL NEEDLE G25 X89MM (ORMED),2.00,"9,859.00","19,718.00",0.00,"19,718.00",40.00,80.00,"19,638.00",100%
Hospital,DR MS 03206,13-Sep-25,NEBULIZER KIT WITH MASK PEDIA (PARTNERS),39.00,39.44,"1,538.16",0.00,"1,538.16",30.00,"1,170.00",368.16,24%
Hospital,DR MS 03206,13-Sep-25,NEBULIZER KIT WITH MASK PEDIA (PARTNERS),13.00,39.44,512.72,0.00,512.72,30.00,390.00,122.72,24%
Hospital,DR MS 03206,13-Sep-25,NEBULIZER KIT WITH MASK PEDIA (PARTNERS),8.00,39.44,315.52,0.00,315.52,30.00,240.00,75.52,24%
Hospital,DR MS 03216,13-Sep-25,TROVIPRI 20MG,15.00,479.00,"7,185.00",0.00,"7,185.00",120.00,"1,800.00","5,385.00",75%
Hospital,DR MS 03216,13-Sep-25,TROPIN 1MG/ML IM/IV/SC,8.00,805.00,"6,440.00",0.00,"6,440.00",210.00,"1,680.00","4,760.00",74%
Hospital,DR MS 03216,13-Sep-25,BISACODEN 10MG,2.00,"2,812.50","5,625.00",0.00,"5,625.00","1,665.00","3,330.00","2,295.00",41%
Hospital,DR MS 03216,13-Sep-25,AMBICAL 500MG TAB,3.00,100.00,300.00,0.00,300.00,55.00,165.00,135.00,45%
Hospital,DR MS 03216,13-Sep-25,SITIFIX 100MG/5ML,24.00,102.82,"2,467.68",0.00,"2,467.68",78.00,"1,872.00",595.68,24%
Hospital,DR MS 03216,13-Sep-25,CLINDANOVA 300MG CAP,10.00,472.00,"4,720.00",0.00,"4,720.00",370.00,"3,700.00","1,020.00",22%
Hospital,DR MS 03216,13-Sep-25,COCINE 250MG/ML (500MG/2ML),7.00,537.50,"3,762.50",0.00,"3,762.50",580.00,"4,060.00",-297.50,-8%
Hospital,DR MS 03216,13-Sep-25,"Z-NYST 100,000 IU/ML",40.00,123.94,"4,957.60",0.00,"4,957.60",60.00,"2,400.00","2,557.60",52%
Hospital,DR MS 03216,13-Sep-25,CLODIN 75MCG,8.00,590.00,"4,720.00",0.00,"4,720.00",380.00,"3,040.00","1,680.00",36%
Hospital,DR MS 03216,13-Sep-25,MOHSIDEX 4MG/ML (8MG/2ML) 2ML,10.00,211.30,"2,113.00",0.00,"2,113.00",180.00,"1,800.00",313.00,15%
Hospital,DR MS 03383,06-Sep-25,RAXIDINE 25MG/ML 2ML,10.00,"1,300.00","13,000.00",0.00,"13,000.00",100.00,"1,000.00","12,000.00",92%
Government,DR MS 03259,13-Sep-25,HAIXONE WITH DILUENT 1G,"1,000.00",50.70,"50,700.00",0.00,"50,700.00",26.00,"26,000.00","24,700.00",49%
Government,DR MS 03259,13-Sep-25,HAIXONE WITH DILUENT 1G,"4,830.00",50.70,"244,881.00",0.00,"244,881.00",26.00,"125,580.00","119,301.00",49%
Government,DR MS 03259,13-Sep-25,EXECORE 500MG TAB,720.00,140.00,"100,800.00",0.00,"100,800.00",78.00,"56,160.00","44,640.00",44%
Government,DR MS 03259,13-Sep-25,VOLUMETRIC SOLUTION INFUSION SET 150ML (POLYVOL),"1,000.00",211.27,"211,270.00",0.00,"211,270.00",155.00,"155,000.00","56,270.00",27%
Government,DR MS 03259,13-Sep-25,MICROPORE 1X10 2.5CMX9.1M (3M),30.00,774.60,"23,238.00",0.00,"23,238.00",490.00,"14,700.00","8,538.00",37%
Government,DR MS 03259,13-Sep-25,MICROPORE 1X10 2.5CMX9.1M (3M),30.00,774.60,"23,238.00",0.00,"23,238.00",490.00,"14,700.00","8,538.00",37%
Government,DR MS 03259,"45,913.00",MICROPORE 1X10 2.5CMX9.1M (3M),30.00,774.60,"23,238.00",0.00,"23,238.00",490.00,"14,700.00","8,538.00",37%
Government,DR MS 03259,13-Sep-25,MICROPORE 1X10 2.5CMX9.1M (3M),7.00,774.60,"5,422.20",0.00,"5,422.20",490.00,"3,430.00","1,992.20",37%
Government,DR MS 03259,13/09/2025,MICROPORE 1X10 2.5CMX9.1M (3M), 2.00 , 774.60 ," 1,549.20 ", -   ,"1,549.20", 490.00 , 980.00 ,569.20,37%
Hospital,DR MS 03397,06/09/2025,BUPIRIGHT 5MG/ML 0.5% IN 8% 4ML, 50.00 , 620.00 ," 31,000.00 ", -   ,"31,000.00", 165.18 ," 8,259.00 ","22,741.00",73%
Government,DR MS 03259,13/09/2025,GIOZOLE 40MG W/ DILUENT," 2,000.00 ", 47.89 ," 95,780.00 ", -   ,"95,780.00", 33.00 ," 66,000.00 ","29,780.00",31%
Government,DR MS 03259,13/09/2025,MICROPORE 1X10 2.5CMX9.1M (3M), 1.00 , 774.60 , 774.60 , -   ,774.60, 490.00 , 490.00 ,284.60,37%
Hospital,DR MS 03397,06/09/2025,EROXIME 750MG IV, 40.00 , 300.00 ," 12,000.00 ", -   ,"12,000.00", 175.00 ," 7,000.00 ","5,000.00",42%
Hospital,DR MS 03397,06/09/2025,EROXIME 750MG IV, 10.00 , 300.00 ," 3,000.00 ", -   ,"3,000.00", 175.00 ," 1,750.00 ","1,250.00",42%
Hospital,DR MS 03397,06/09/2025,DIFLOSID 25MG/ML 3ML, 10.00 , 750.00 ," 7,500.00 ", -   ,"7,500.00", 126.00 ," 1,260.00 ","6,240.00",83%
Government,DR MS 03285,13/09/2025,ABHAY-TOX 40IU/0.5ML VIAL, 100.00 , 852.50 ," 85,250.00 ", -   ,"85,250.00", 570.00 ," 57,000.00 ","28,250.00",33%
Hospital,DR MS 03397,06/09/2025,MERGOT 125MCG, 1.00 ," 2,000.00 "," 2,000.00 ", -   ,"2,000.00", 680.00 , 680.00 ,"1,320.00",66%
Government,DR MS 03285,13/09/2025,GIOZOLE 40MG W/ DILUENT," 2,000.00 ", 47.89 ," 95,780.00 ", -   ,"95,780.00", 33.00 ," 66,000.00 ","29,780.00",31%
Hospital,DR MS 03397,06/09/2025,ENDOPROST 125MCG/ML, 6.00 ," 1,980.00 "," 11,880.00 ", -   ,"11,880.00", 940.00 ," 5,640.00 ","6,240.00",53%
Government,DR MS 03285,13/09/2025,UNDERPADS ANTIBACTERIAL X-LARGE (HEXACARE), 100.00 , 211.30 ," 21,130.00 ", -   ,"21,130.00", 105.03 ," 10,503.44 ","10,626.56",50%
Hospital,DR MS 03397,06/09/2025,EVAPROST 250MCG/ML IV, 1.00 ," 9,600.00 "," 9,600.00 ", -   ,"9,600.00"," 3,575.00 "," 3,575.00 ","6,025.00",63%
Hospital,DR MS 03397,06/09/2025,EVAPROST 250MCG/ML IV, 1.00 ," 9,600.00 "," 9,600.00 ", -   ,"9,600.00"," 3,575.00 "," 3,575.00 ","6,025.00",63%
Government,DR MS 03317,13/09/2025,ZINACARE 750MG W/ DILUENT," 11,400.00 ", 49.30 ," 562,020.00 ", -   ,"562,020.00", 26.00 ," 296,400.00 ","265,620.00",47%
Government,DR MS 03317,13/09/2025,ABHAY-TOX 40IU/0.5ML VIAL, 120.00 , 852.50 ," 102,300.00 ", -   ,"102,300.00", 570.00 ," 68,400.00 ","33,900.00",33%
Hospital,DR MS 03397,06/09/2025,SITIXON 1G 10ML, 30.00 , 120.00 ," 3,600.00 ", -   ,"3,600.00", 32.00 , 960.00 ,"2,640.00",73%
Government,DR MS 03317,13/09/2025,ABHAY-TOX 40IU/0.5ML VIAL, 97.00 , 852.50 ," 82,692.50 ", -   ,"82,692.50", 570.00 ," 55,290.00 ","27,402.50",33%
Government,DR MS 03317,13/09/2025,GIOZOLE 40MG W/ DILUENT," 4,280.00 ", 47.89 ," 204,969.20 ", -   ,"204,969.20", 33.00 ," 141,240.00 ","63,729.20",31%
Hospital,DR MS 03397,06/09/2025,ENHAMOX 500MG/125MG, 6.00 ," 2,800.20 "," 16,801.20 ", -   ,"16,801.20"," 1,115.00 "," 6,690.00 ","10,111.20",60%
Hospital,DR MS 03397,06/09/2025,BENERVA PLUS 500MG/50MG/100MG/100MCG, 3.00 ," 1,550.00 "," 4,650.00 ", -   ,"4,650.00", 615.00 ," 1,845.00 ","2,805.00",60%
Hospital,DR MS 03397,06/09/2025,AMBIDOL 50MG/ML (100MG/2ML) 2ML, 5.00 ," 1,200.00 "," 6,000.00 ", -   ,"6,000.00", 62.00 , 310.00 ,"5,690.00",95%
Hospital,DR MS 03397,06/09/2025,PHYTOBAS 10MG/ML IV, 7.00 , 900.00 ," 6,300.00 ", -   ,"6,300.00", 140.00 , 980.00 ,"5,320.00",84%
Hospital,DR MS 03397,06/09/2025,TROPIN 1MG/ML IM/IV/SC, 3.00 , 900.00 ," 2,700.00 ", -   ,"2,700.00", 210.00 , 630.00 ,"2,070.00",77%
Hospital,DR MS 03397,06/09/2025,HYCLENS WOUND SPRAY 2% 60ML, 30.00 , 300.00 ," 9,000.00 ", -   ,"9,000.00", 114.66 ," 3,439.80 ","5,560.20",62%
Batangas,DR 025985,13/09/2025,BENERVA PLUS 500MG/50MG/100MG/100MCG, 3.00 ," 1,800.00 "," 5,400.00 ", -   ,"5,400.00", 615.00 ," 1,845.00 ","3,555.00",66%
Batangas,DR 025985,13/09/2025,EMLOR PLUS 5MG/50MG, 20.00 , 590.00 ," 11,800.00 ", -   ,"11,800.00", 216.00 ," 4,320.00 ","7,480.00",63%
Government,DR MS 03417,20/09/2025,SQCEF 250MG/5ML, 504.00 , 147.89 ," 74,536.56 ", -   ,"74,536.56", 92.00 ," 46,368.00 ","28,168.56",38%
Government,DR MS 03416,20/09/2025,ANTITET 1500IU/0.7ML, 100.00 ," 2,750.00 "," 275,000.00 ", -   ,"275,000.00"," 1,195.00 "," 119,500.00 ","155,500.00",57%
Government,DR MS 03416,20/09/2025,MICROSCOT 20MG 15G, 500.00 , 107.75 ," 53,875.00 ", -   ,"53,875.00", 90.00 ," 45,000.00 ","8,875.00",16%
Government,DR MS 03416,20/09/2025,NEUROBE 100MG/100MG/1MG 3ML, 200.00 , 200.00 ," 40,000.00 ", -   ,"40,000.00", 121.00 ," 24,200.00 ","15,800.00",40%
Hospital,DR MS 03412,20/09/2025,DISPOSABLE DIAPER ADULT XL (HEXACARE)," 1,422.00 ", 239.40 ," 340,426.80 ", -   ,"340,426.80", 203.00 ," 288,669.92 ","51,756.88",15%
Hospital,DR MS 03412,20/09/2025,DISPOSABLE DIAPER ADULT XL (HEXACARE), 28.00 , 239.40 ," 6,703.20 ", -   ,"6,703.20", 203.00 ," 5,684.08 ","1,019.12",15%
Admin,DR 025828,15/09/2025,CALCI-MAX 600- 1500MG/200IU, 7.00 , 678.57 ," 4,749.99 ", -   ,"4,749.99", 350.00 ," 2,450.00 ","2,299.99",48%
Admin,DR 025828,15/09/2025,FERGLOBIN FA 60MG/400MCG CAP, 7.00 , 642.86 ," 4,500.02 ", -   ,"4,500.02", 325.00 ," 2,275.00 ","2,225.02",49%
Admin,DR 025828,15/09/2025,CIXTOR-Z 500MG/10MG, 7.00 , 630.00 ," 4,410.00 ", -   ,"4,410.00", 210.00 ," 1,470.00 ","2,940.00",67%
Quezon,DR 0026235,13/09/2025,BENERVA PLUS 500MG/50MG/100MG/100MCG, 1.00 ," 1,400.00 "," 1,400.00 ", -   ,"1,400.00", 615.00 , 615.00 ,785.00,56%
Quezon,DR 0026234,13/09/2025,KZIDINE 35MG, 10.00 ," 1,350.00 "," 13,500.00 "," 4,725.00 ","8,775.00", 600.00 ," 6,000.00 ","2,775.00",21%
Quezon,DR 0026233,13/09/2025,HYCLENS GARGLE 0.12% 60ML, 6.00 , 138.60 , 831.60 , -   ,831.60, 65.00 , 390.00 ,441.60,53%
Quezon,DR 0026232,13/09/2025,BENERVA FORTE 300MG/100MG/100MCG, 1.00 ," 1,540.00 "," 1,540.00 ", 462.00 ,"1,078.00", 525.00 , 525.00 ,553.00,36%
Quezon,DR 0026231,13/09/2025,KZIDINE 35MG, 30.00 ," 1,500.00 "," 45,000.00 ", -   ,"45,000.00", 600.00 ," 18,000.00 ","27,000.00",60%
Quezon,DR 0026231,13/09/2025,TANAFEN 450MG/35MG, 16.00 , 700.00 ," 11,200.00 ", -   ,"11,200.00", 175.00 ," 2,800.00 ","8,400.00",75%
Quezon,DR 0026231,13/09/2025,CLOVAS 75MG TAB, 20.00 ," 1,410.00 "," 28,200.00 ", -   ,"28,200.00", 386.40 ," 7,728.00 ","20,472.00",73%
Quezon,DR 0026229,13/09/2025,VOXOLL 15MG/5ML, 14.00 , 80.00 ," 1,120.00 ", 336.00 ,784.00, 33.00 , 462.00 ,322.00,29%
Quezon,DR 0026228,13/09/2025,VOXOLL 15MG/5ML, 10.00 , 80.00 , 800.00 , 240.00 ,560.00, 33.00 , 330.00 ,230.00,29%
Quezon,DR 0026227,13/09/2025,FERGLOBIN 250MG CAP, 2.00 , 800.00 ," 1,600.00 ", 480.00 ,"1,120.00", 325.00 , 650.00 ,470.00,29%
Quezon,DR 0026226,13/09/2025,ANEROCIN 300MG CAP, 1.00 ," 3,100.00 "," 3,100.00 ", 930.00 ,"2,170.00", 979.00 , 979.00 ,"1,191.00",38%
Quezon,DR 0026230,13/09/2025,BENERVA PLUS 500MG/50MG/100MG/100MCG, 1.00 ," 1,540.00 "," 1,540.00 ", -   ,"1,540.00", 615.00 , 615.00 ,925.00,60%
Batangas,DR 025988,20/09/2025,TRIZEF 200MG TAB, 3.00 ," 9,375.00 "," 28,125.00 ", -   ,"28,125.00"," 1,600.00 "," 4,800.00 ","23,325.00",83%
Batangas,DR 025989,20/09/2025,EMZART-80 80MG, 10.00 , 948.00 ," 9,480.00 ", -   ,"9,480.00", 264.00 ," 2,640.00 ","6,840.00",72%
Batangas,DR 025989,20/09/2025,TRIDEN 160MG TAB, 3.00 ," 2,560.00 "," 7,680.00 ", -   ,"7,680.00", 720.00 ," 2,160.00 ","5,520.00",72%
Batangas,DR 025990,20/09/2025,VOXOLL 30MG, 10.00 , 715.00 ," 7,150.00 ", -   ,"7,150.00", 168.00 ," 1,680.00 ","5,470.00",77%
Batangas,DR 025990,20/09/2025,BENERVA PLUS 500MG/50MG/100MG/100MCG, 3.00 ," 1,800.00 "," 5,400.00 ", -   ,"5,400.00", 615.00 ," 1,845.00 ","3,555.00",66%
Batangas,DR 025990,20/09/2025,AFENAX 100MG TAB, 3.00 ," 1,980.00 "," 5,940.00 ", -   ,"5,940.00", 595.00 ," 1,785.00 ","4,155.00",70%
Batangas,DR 025991,20/09/2025,ANEROCIN 300MG CAP, 2.00 ," 3,400.00 "," 6,800.00 ", -   ,"6,800.00", 979.00 ," 1,958.00 ","4,842.00",71%
Batangas,DR 025991,20/09/2025,ROSVA 10-10MG, 5.00 , 735.00 ," 3,675.00 ", -   ,"3,675.00", 250.00 ," 1,250.00 ","2,425.00",66%
Batangas,DR 025991,20/09/2025,ANIN 50 PLUS 50MG/12.5MG, 9.00 , 600.00 ," 5,400.00 ", -   ,"5,400.00", 105.00 , 945.00 ,"4,455.00",83%
Batangas,DR 025992,20/09/2025,AMINOSOL 25MG/ML (250MG/10ML) 10ML, 2.00 , 380.00 , 760.00 , -   ,760.00, 85.00 , 170.00 ,590.00,78%
Batangas,DR 025992,20/09/2025,LAZICARE 10MG/ML (20MG/2ML) 2ML, 6.00 , 600.00 ," 3,600.00 ", -   ,"3,600.00", 55.00 , 330.00 ,"3,270.00",91%
Batangas,DR 025992,20/09/2025,EUROMED MAGNESIUM SULFATE 250MG/ML (25%) 20ML, 10.00 , 168.00 ," 1,680.00 ", -   ,"1,680.00", 57.75 , 577.50 ,"1,102.50",66%
Batangas,DR 025992,20/09/2025,GYNE-TOCIN 10IU/ML IV, 4.00 , 180.00 , 720.00 , -   ,720.00, 81.00 , 324.00 ,396.00,55%
Batangas,DR 025992,20/09/2025,NUPIRA 1MG/ML (4MG/4ML), 2.00 ," 5,700.00 "," 11,400.00 ", -   ,"11,400.00"," 1,100.00 "," 2,200.00 ","9,200.00",81%
Batangas,DR 025993,20/09/2025,AMCETAM 150MG/ML 2ML, 10.00 , 245.00 ," 2,450.00 ", -   ,"2,450.00", 42.00 , 420.00 ,"2,030.00",83%
Batangas,DR 025993,20/09/2025,SAPHARIN 20MG/ML, 4.00 , 600.00 ," 2,400.00 ", -   ,"2,400.00", 154.00 , 616.00 ,"1,784.00",74%
Batangas,DR 025993,20/09/2025,PLAZIMIDE 5MG/ML (10MG/2ML), 10.00 , 73.00 , 730.00 , -   ,730.00, 60.00 , 600.00 ,130.00,18%
Batangas,DR 025987,20/09/2025,ENHAMOX 500MG/125MG, 2.00 ," 3,600.00 "," 7,200.00 ", 360.00 ,"6,840.00"," 1,115.00 "," 2,230.00 ","4,610.00",64%
Batangas,DR 025987,20/09/2025,ZELEX 200MG CAP, 2.00 ," 2,800.00 "," 5,600.00 ", 280.00 ,"5,320.00", 925.00 ," 1,850.00 ","3,470.00",62%
Government,DR RT 0001238,20/09/2025,"PESO # 3,450,000.00", 1.00 ," 3,448,500.00 "," 3,448,500.00 ", -   ,"3,448,500.00"," 2,269,113.00 "," 2,269,113.00 ","1,179,387.00",34%
Batangas,DR 025987,20/09/2025,CARDIZAR 50MG TAB, 6.00 , 360.00 ," 2,160.00 ", 108.00 ,"2,052.00", 120.00 , 720.00 ,"1,332.00",62%
Batangas,DR 025987,20/09/2025,EMLOR PLUS 5MG/50MG, 8.00 , 590.00 ," 4,720.00 ", 236.00 ,"4,484.00", 216.00 ," 1,728.00 ","2,756.00",58%
Batangas,DR 025987,20/09/2025,VOXOLL 30MG, 1.00 , 800.00 , 800.00 , 40.00 ,760.00, 168.00 , 168.00 ,592.00,74%
Government,DR RT 0001236,20/09/2025,"PPDC # 15,000.00", 1.00 ," 14,725.00 "," 14,725.00 ", -   ,"14,725.00"," 9,689.05 "," 9,689.05 ","5,035.95",34%
Government,DR MEI 0000005,20/09/2025,"PPDC # 50,000.00", 1.00 ," 49,500.00 "," 49,500.00 ", -   ,"49,500.00",,,"49,500.00",100%
Government,DR MEI 0000006,20/09/2025,"PAGBILAO # 107,500.00", 1.00 ," 107,125.00 "," 107,125.00 ", -   ,"107,125.00"," 70,488.25 "," 70,488.25 ","36,636.75",34%
Admin,DR 025829,22/09/2025,CALCI-MAX 600- 1500MG/200IU, 7.00 , 678.57 ," 4,749.99 ", -   ,"4,749.99", 350.00 ," 2,450.00 ","2,299.99",48%
Admin,DR 025829,22/09/2025,FERGLOBIN FA 60MG/400MCG CAP, 7.00 , 642.86 ," 4,500.02 ", -   ,"4,500.02", 325.00 ," 2,275.00 ","2,225.02",49%
Admin,DR 025829,22/09/2025,APCELAC 500MG, 7.00 , 655.00 ," 4,585.00 ", -   ,"4,585.00", 400.00 ," 2,800.00 ","1,785.00",39%
Admin,DR 025829,22/09/2025,ENCLOXIL 500MG CAP, 7.00 ," 1,392.86 "," 9,750.02 ", -   ,"9,750.02", 780.00 ," 5,460.00 ","4,290.02",44%
Admin,DR 025829,22/09/2025,DIACYSTEINE 600- 600MG, 7.00 , 385.00 ," 2,695.00 ", -   ,"2,695.00", 115.00 , 805.00 ,"1,890.00",70%
Admin,DR 025829,22/09/2025,ENHAMOX 500MG/125MG, 3.00 ," 2,800.00 "," 8,400.00 ", -   ,"8,400.00"," 1,115.00 "," 3,345.00 ","5,055.00",60%
Admin,DR 025829,22/09/2025,MICROPORE 1X10 2.5CMX9.1M (3M), 1.00 ," 1,080.00 "," 1,080.00 ", -   ,"1,080.00", 490.00 , 490.00 ,590.00,55%
Admin,DR 025829,22/09/2025,GLOVES MEDIUM NITRILE NONSTERILE (GLOMED), 3.00 , 450.00 ," 1,350.00 ", -   ,"1,350.00", 200.00 , 600.00 ,750.00,56%
Quezon,DR 0026242,20/09/2025,AMOLTEX 2MG/5ML, 36.00 , 98.00 ," 3,528.00 ", -   ,"3,528.00", 28.00 ," 1,008.00 ","2,520.00",71%
Quezon,DR 0026241,20/09/2025,VOXOLL 15MG/5ML, 10.00 , 80.00 , 800.00 , 240.00 ,560.00, 33.00 , 330.00 ,230.00,29%
Quezon,DR 0026240,20/09/2025,BENERVA FORTE 300MG/100MG/100MCG, 1.00 ," 1,540.00 "," 1,540.00 ", 462.00 ,"1,078.00", 525.00 , 525.00 ,553.00,36%
Quezon,DR 0026239,20/09/2025,HYCLENS WOUND SPRAY 2% 120ML BOV, 20.00 , 550.00 ," 11,000.00 "," 1,100.00 ","9,900.00", 392.00 ," 7,840.00 ","2,060.00",19%
Quezon,DR 0026238,20/09/2025,BENERVA PLUS 500MG/50MG/100MG/100MCG, 2.00 ," 1,200.00 "," 2,400.00 ", -   ,"2,400.00", 615.00 ," 1,230.00 ","1,170.00",49%
Quezon,DR 0026237,20/09/2025,OPTRYL 5MG/G (0.5%) 5G, 30.00 , 215.00 ," 6,450.00 ", -   ,"6,450.00", 136.10 ," 4,083.00 ","2,367.00",37%
Quezon,DR 0026237,20/09/2025,CETHERGO 200MCG/ML IV, 1.00 ," 4,375.00 "," 4,375.00 ", -   ,"4,375.00"," 1,222.00 "," 1,222.00 ","3,153.00",72%
Quezon,DR 0026236,20/09/2025,IRBEQ 150 150MG, 2.00 ," 1,000.00 "," 2,000.00 ", 600.00 ,"1,400.00", 353.00 , 706.00 ,694.00,35%
Quezon,DR 0026236,20/09/2025,AMO-5 5MG, 3.00 , 305.00 , 915.00 , 274.50 ,640.50, 76.00 , 228.00 ,412.50,45%
Quezon,DR 0026236,20/09/2025,FEBULAS 40-40MG, 3.00 , 735.00 ," 2,205.00 ", 661.50 ,"1,543.50", 210.00 , 630.00 ,913.50,41%
Quezon,DR 0026236,20/09/2025,CARDIZAR 50MG TAB, 3.00 , 420.00 ," 1,260.00 ", 378.00 ,882.00, 120.00 , 360.00 ,522.00,41%
Hospital,DR MS 03420,20/09/2025,PHYTOBAS 10MG/ML IV, 20.00 , 900.00 ," 18,000.00 ", -   ,"18,000.00", 140.00 ," 2,800.00 ","15,200.00",84%
Hospital,DR MS 03427,20/09/2025,GENTAM 40MG/ML (80MG/2ML) 2ML, 10.00 , 315.00 ," 3,150.00 ", -   ,"3,150.00", 43.00 , 430.00 ,"2,720.00",86%
Hospital,DR MS 03426,20/09/2025,RAXIDINE 25MG/ML 2ML, 12.00 ," 1,300.00 "," 15,600.00 ", -   ,"15,600.00", 100.00 ," 1,200.00 ","14,400.00",92%
Hospital,DR MS 03428,20/09/2025,SYLVITE 2MEQ/ML 20ML, 20.00 , 450.00 ," 9,000.00 ", -   ,"9,000.00", 140.00 ," 2,800.00 ","6,200.00",69%
Hospital,DR MS 03400,20/09/2025,NELATON STRAIGHT CATHETER FR.16 STERILE (KENXIN), 11.00 , 58.00 , 638.00 , -   ,638.00, 35.00 , 385.00 ,253.00,40%
Hospital,DR MS 03425,20/09/2025,NELATON STRAIGHT CATHETER FR.16 STERILE (KENXIN), 20.00 , 58.00 ," 1,160.00 ", -   ,"1,160.00", 35.00 , 700.00 ,460.00,40%
Hospital,DR MS 03425,20/09/2025,FOLEY CATHETER 2WAY FR16 30ML (PARTNERS), 50.00 , 70.00 ," 3,500.00 ", -   ,"3,500.00", 38.00 ," 1,900.00 ","1,600.00",46%
Hospital,DR MS 03418,20-Sep-25,PAPER TOWEL 175PULL-UPS (FEMME),60.00,80.00,"4,800.00",0.00,"4,800.00",53.75,"3,225.00","1,575.00",33%
Hospital,DR MS 03418,20-Sep-25,NON VENTED MASK LARGE (EASEFIT),2.00,"6,200.00","12,400.00",0.00,"12,400.00",4500,9000,"3,400.00",27%
Hospital,DR MS 03418,20-Sep-25,BATHROOM TISSUE 2PLY 12'S (FEMME),5.00,168.00,840.00,0.00,840.00,107,535,305.00,36%
Hospital,DR MS 03418,20-Sep-25,BODYWASH PURE WHITE 450ML (SAFEGUARD),12.00,255.00,"3,060.00",0.00,"3,060.00",159.50,"1,914.00","1,146.00",37%
Quezon,DR 0026243,20-Sep-25,HYCLENS WOUND SPRAY 2% 60ML,10.00,280.00,"2,800.00",280.00,"2,520.00",114.66,"1,146.60","1,373.40",49%
Hospital,DR MS 03430,20-Sep-25,MERGOT 125MCG,1.00,"2,000.00","2,000.00",0.00,"2,000.00",680.00,680.00,"1,320.00",66%
Hospital,DR MS 03430,20-Sep-25,BENERVA PLUS 500MG/50MG/100MG/100MCG,6.00,"1,550.00","9,300.00",0.00,"9,300.00",615.00,"3,690.00","5,610.00",60%
Hospital,DR MS 03430,20-Sep-25,ENDOPROST 125MCG/ML,6.00,"1,980.00","11,880.00",0.00,"11,880.00",940,5640,"6,240.00",53%
Hospital,DR MS 03430,20-Sep-25,ENDOPROST 250MCG/ML,2.00,"4,800.00","9,600.00",0.00,"9,600.00",1325,2650,"6,950.00",72%
Hospital,DR MS 03430,20-Sep-25,AMINOSOL 25MG/ML (250MG/10ML) 10ML,2.00,641.00,"1,282.00",0.00,"1,282.00",85.00,170.00,"1,112.00",87%
Hospital,DR MS 03430,20-Sep-25,ENHAMOX 500MG/125MG,4.00,"2,800.20","11,200.80",0.00,"11,200.80","1,115.00","4,460.00","6,740.80",60%
Hospital,DR MS 03430,20-Sep-25,AMBIDOL 50MG/ML (100MG/2ML) 2ML,5.00,"1,200.00","6,000.00",0.00,"6,000.00",62.00,310.00,"5,690.00",95%
Hospital,DR MS 03430,20-Sep-25,TROPIN 1MG/ML IM/IV/SC,3.00,900.00,"2,700.00",0.00,"2,700.00",210.00,630.00,"2,070.00",77%
Hospital,DR MS 03449,30-Sep-25,"QMC # 31,500.00",1.00,"30,750.00","30,750.00",0.00,"30,750.00","10,335.00","10,335.00","20,415.00",66%
Hospital,DR MS 03439,30-Sep-25,ANTITET 1500IU/0.7ML,150.00,"2,750.00","412,500.00",0.00,"412,500.00","1,195.00","179,250.00","233,250.00",57%
Hospital,DR MS 03439,30-Sep-25,SAPHIXIME-200 200MG,3.33,207.90,693.00,0.00,693.00,262.00,873.33,-180.33,-26%
Hospital,DR MS 03439,30-Sep-25,BISACODEN 10MG,10.00,"2,812.50","28,125.00",0.00,"28,125.00","1,665.00","16,650.00","11,475.00",41%
Hospital,DR MS 03439,30-Sep-25,FEDVITS CAP,3.00,101.00,303.00,0.00,303.00,68.00,204.00,99.00,33%
Hospital,DR MS 03438,30-Sep-25,CORPILYN 250MG,"3,960.00",24.51,"97,059.60",0.00,"97,059.60",11.80,"46,728.00","50,331.60",52%
Hospital,DR MS 03438,30-Sep-25,CORPILYN 500MG,"5,040.00",21.13,"106,495.20",0.00,"106,495.20",13.50,"68,040.00","38,455.20",36%
Hospital,DR MS 03438,30-Sep-25,ZEFTACARE 1G IV,"1,000.00",59.15,"59,150.00",0.00,"59,150.00",44.00,"44,000.00","15,150.00",26%
Hospital,DR MS 03438,30-Sep-25,DIFLU 150MG CAP,8.33,170.40,"1,420.00",0.00,"1,420.00",150.00,"1,250.00",170.00,12%
Hospital,DR MS 03438,30-Sep-25,MECID 500MG CAP,30.00,113.00,"3,390.00",0.00,"3,390.00",89.00,"2,670.00",720.00,21%
Hospital,DR MS 03438,30-Sep-25,ANTIZOAL 5MG/ML (500MG/100ML) 100ML,"1,000.00",22.54,"22,540.00",0.00,"22,540.00",15.00,"15,000.00","7,540.00",33%
Hospital,DR MS 03438,30-Sep-25,IV CANNULA 18G - HEXACARE,16.00,"1,972.00","31,552.00",0.00,"31,552.00",700.00,"11,200.00","20,352.00",65%
Hospital,DR MS 03438,30-Sep-25,IV CANNULA 20G - HEXACARE,19.00,"2,817.00","53,523.00",0.00,"53,523.00",650.00,"12,350.00","41,173.00",77%
Hospital,DR MS 03438,30-Sep-25,IV CANNULA 24G - HEXACARE,10.00,"1,972.00","19,720.00",0.00,"19,720.00",800.00,"8,000.00","11,720.00",59%
Hospital,DR MS 03438,30-Sep-25,IV CANNULA 26G - HEXACARE,10.00,"2,817.00","28,170.00",0.00,"28,170.00",800.00,"8,000.00","20,170.00",72%
Hospital,DR MS 03438,30-Sep-25,IV CANNULA 22G - HEXACARE,10.00,"1,972.00","19,720.00",0.00,"19,720.00",700.00,"7,000.00","12,720.00",65%
Admin,DR 025830,30-Sep-25,CALCI-MAX 600- 1500MG/200IU,7.00,678.57,"4,749.99",0.00,"4,749.99",350.00,"2,450.00","2,299.99",48%
Admin,DR 025830,30-Sep-25,SANOMAX-FA,7.00,857.14,"5,999.98",0.00,"5,999.98",560.00,"3,920.00","2,079.98",35%
Admin,DR 025830,30-Sep-25,DIACYSTEINE 600- 600MG,7.00,385.00,"2,695.00",0.00,"2,695.00",115.00,805.00,"1,890.00",70%
Admin,DR 025830,30-Sep-25,FERGLOBIN 250MG CAP,7.00,517.86,"3,625.00",0.00,"3,625.00",325.00,"2,275.00","1,350.00",37%
Admin,DR 025830,30-Sep-25,ZELEX 200MG CAP,7.00,"2,800.00","19,600.00",0.00,"19,600.00",925.00,"6,475.00","13,125.00",67%
Admin,DR 025830,30-Sep-25,DUVAGEN 10MG,7.00,"1,678.57","11,749.99",0.00,"11,749.99",365.00,"2,555.00","9,194.99",78%
Admin,DR 025830,30-Sep-25,APCELAC 500MG,7.00,655.00,"4,585.00",0.00,"4,585.00",400.00,"2,800.00","1,785.00",39%
Admin,DR 025830,30-Sep-25,CIXTOR-Z 500MG/10MG,7.00,630.00,"4,410.00",0.00,"4,410.00",210.00,"1,470.00","2,940.00",67%
Admin,DR 025830,30-Sep-25,HYCLENS OB WASH 1% 100ML,15.00,152.50,"2,287.50",0.00,"2,287.50",138.60,"2,079.00",208.50,9%
Quezon,DR 026053,30-Sep-25,PHYTOBAS 10MG/ML IV,20.00,830.00,"16,600.00",0.00,"16,600.00",140.00,"2,800.00","13,800.00",83%
Quezon,DR 026053,30-Sep-25,AMINOSOL 25MG/ML (250MG/10ML) 10ML,5.00,665.00,"3,325.00",0.00,"3,325.00",85.00,425.00,"2,900.00",87%
Quezon,DR 026053,30-Sep-25,TROPIN 1MG/ML IM/IV/SC,5.00,780.00,"3,900.00",0.00,"3,900.00",210.00,"1,050.00","2,850.00",73%
Quezon,DR 026053,30-Sep-25,EUROMED MAGNESIUM SULFATE 250MG/ML (25%) 20ML,50.00,100.00,"5,000.00",0.00,"5,000.00",57.75,"2,887.50","2,112.50",42%
Quezon,DR 026052,30-Sep-25,HISTARIL 50MG/1MG/5ML,15.00,98.00,"1,470.00",441.00,"1,029.00",35.00,525.00,504.00,34%
Quezon,DR 026052,30-Sep-25,VOXOLL 15MG/5ML,14.00,80.00,"1,120.00",336.00,784.00,33.00,462.00,322.00,29%
Quezon,DR 026051,30-Sep-25,HISTARIL 50MG/1MG/5ML,10.00,98.00,980.00,294.00,686.00,35.00,350.00,336.00,34%
Batangas,DR 025994,30-Sep-25,CENDALEX 500MG,6.00,"1,100.00","6,600.00",330.00,"6,270.00",287.50,"1,725.00","4,545.00",69%
Batangas,DR 025994,30-Sep-25,ENHAMOX 500MG/125MG,3.00,"3,600.00","10,800.00",540.00,"10,260.00","1,115.00","3,345.00","6,915.00",64%
Batangas,DR 025994,30-Sep-25,BENERVA FORTE 300MG/100MG/100MCG,2.00,"1,590.00","3,180.00",159.00,"3,021.00",525.00,"1,050.00","1,971.00",62%
Batangas,DR 025994,30-Sep-25,ZELEX 200MG CAP,2.00,"2,800.00","5,600.00",280.00,"5,320.00",925.00,"1,850.00","3,470.00",62%
Batangas,DR 025995,30-Sep-25,HISTARIL 100MG/2MG,2.00,960.00,"1,920.00",96.00,"1,824.00",300.00,600.00,"1,224.00",64%
Batangas,DR 025995,30-Sep-25,HISTARIL 50MG/1MG/5ML,20.00,96.00,"1,920.00",96.00,"1,824.00",35.00,700.00,"1,124.00",59%
Batangas,DR 025996,30-Sep-25,DOLOGESIC 325MG/37.5MG TAB,5.00,"1,080.00","5,400.00",0.00,"5,400.00",270.00,"1,350.00","4,050.00",75%
Batangas,DR 025996,30-Sep-25,AFENAX 100MG TAB,3.00,"1,980.00","5,940.00",0.00,"5,940.00",595.00,"1,785.00","4,155.00",70%
Batangas,DR 025996,30-Sep-25,TRIDEN 160MG TAB,3.00,"2,560.00","7,680.00",0.00,"7,680.00",720.00,"2,160.00","5,520.00",72%
Batangas,DR 025997,30-Sep-25,EMZART-40 40MG,10.00,548.00,"5,480.00",0.00,"5,480.00",156.00,"1,560.00","3,920.00",72%
Batangas,DR 025997,30-Sep-25,BENERVA PLUS 500MG/50MG/100MG/100MCG,5.00,"1,800.00","9,000.00",0.00,"9,000.00",615.00,"3,075.00","5,925.00",66%
Batangas,DR 025998,30-Sep-25,HYCLENS GARGLE 0.12% 120ML,5.00,193.00,965.00,0.00,965.00,88.00,440.00,525.00,54%
Batangas,DR 025998,30-Sep-25,HYCLENS WOUND SPRAY 2% 60ML,12.00,286.00,"3,432.00",0.00,"3,432.00",114.66,"1,375.92","2,056.08",60%
Batangas,DR 025999,30-Sep-25,DIACYSTEINE 600- 600MG,8.00,240.00,"1,920.00",0.00,"1,920.00",115.00,920.00,"1,000.00",52%
Batangas,DR 025999,30-Sep-25,MERGOT 125MCG,1.00,"1,360.00","1,360.00",0.00,"1,360.00",680.00,680.00,680.00,50%
Hospital,DR MS 03429,30-Sep-25,ANTIZOAL 5MG/ML (500MG/100ML) 100ML,100.00,120.00,"12,000.00",0.00,"12,000.00",15.00,"1,500.00","10,500.00",88%
Government,DR MS 03434,04-Oct-25,DISPOSABLE SYRINGE/TUBERCULIN 1CC (CAREPLUS),50.00,395.00,"19,750.00",0.00,"19,750.00",220.00,"11,000.00","8,750.00",44%
Government,DR MS 03434,04-Oct-25,ISOPROPHYL ALCOHOL 70% 500ML (SAFEWELL),100.00,145.00,"14,500.00",0.00,"14,500.00",50.00,"5,000.00","9,500.00",66%
Government,DR MS 03435,04-Oct-25,"GENVAC-B 10MCG/0.5ML MONODOSE, PEDIATRIC",0.60,"40,250.00","24,150.00",0.00,"24,150.00","16,150.00","9,690.00","14,460.00",60%
Government,DR MS 03435,04-Oct-25,SPEEDA 2.5IU/0.5ML,20.00,"9,365.00","187,300.00",0.00,"187,300.00","4,750.00","95,000.00","92,300.00",49%
Government,DR MS 03435,04-Oct-25,BCG VACCINE 500MG/ML+1ML DILUENT IN AMPULE,0.68,"43,950.00","29,886.00",0.00,"29,886.00","29,500.00","20,060.00","9,826.00",33%
Government,DR RT 0001258,04-Oct-25,"TOURISM # 300,000.00",1.00,"299,200.00","299,200.00",0.00,"299,200.00","196,873.60","196,873.60","102,326.40",34%
Hospital,DR RT 0001260,04-Oct-25,"QMC # 61,900.00",1.00,"61,850.00","61,850.00",0.00,"61,850.00","30,995.00","30,995.00","30,855.00",50%
Government,DR RT 0001270,04-Oct-25,"PPDC # 190,296.00",1.00,"189,600.00","189,600.00",0.00,"189,600.00","115,980.00","115,980.00","73,620.00",39%
Government,DR RT 0001259,04-Oct-25,"TOURISM # 368,000.00",1.00,"367,680.00","367,680.00",0.00,"367,680.00","241,933.44","241,933.44","125,746.56",34%
Government,DR RT 0001243,04-Oct-25,"PAGBILAO # 135,160.00",1.00,"134,840.00","134,840.00",0.00,"134,840.00","88,724.72","88,724.72","46,115.28",34%
Admin,DR 025831,06-Oct-25,CALCI-MAX 600- 1500MG/200IU,7.00,678.57,"4,749.99",0.00,"4,749.99",350.00,"2,450.00","2,299.99",48%
Admin,DR 025831,06-Oct-25,CIXTOR-Z 500MG/10MG,7.00,630.00,"4,410.00",0.00,"4,410.00",210.00,"1,470.00","2,940.00",67%
Admin,DR 025831,06-Oct-25,APCELAC 500MG,7.00,655.00,"4,585.00",0.00,"4,585.00",400.00,"2,800.00","1,785.00",39%
Admin,DR 025831,06-Oct-25,SANOMAX-FA,7.00,857.14,"5,999.98",0.00,"5,999.98",560.00,"3,920.00","2,079.98",35%
Admin,DR 025831,06-Oct-25,HYCLENS OB WASH 1% 100ML,15.00,152.50,"2,287.50",0.00,"2,287.50",138.60,"2,079.00",208.50,9%
Admin,DR 025831,06-Oct-25,HYCLENS WOUND SPRAY 2% 60ML,10.00,229.32,"2,293.20",0.00,"2,293.20",114.66,"1,146.60","1,146.60",50%
Admin,DR 025831,06-Oct-25,GLOVES MEDIUM NITRILE NONSTERILE (LTN),2.00,450.00,900.00,0.00,900.00,220.00,440.00,460.00,51%
Hospital,DR MS 03463,11-Oct-25,ZYTACT 200MG/5ML,15.00,100.75,"1,511.25",0.00,"1,511.25",42.00,630.00,881.25,58%
Hospital,DR MS 03463,11-Oct-25,ALLERJEC 2.5MG/ML,20.00,35.50,710.00,0.00,710.00,18.00,360.00,350.00,49%
Hospital,DR MS 03463,11-Oct-25,AMBIDAZOL 125MG/5ML,60.00,26.76,"1,605.60",0.00,"1,605.60",17.00,"1,020.00",585.60,36%
Hospital,DR MS 03463,11-Oct-25,MUCORIGHT 600MG,50.00,324.00,"16,200.00",0.00,"16,200.00",329.00,"16,450.00",-250.00,-2%
Hospital,DR MS 03253,11-Oct-25,MATERNITY PADS 8s (MAXIFREE),"1,000.00",90.16,"90,160.00",0.00,"90,160.00",60.00,"60,000.00","30,160.00",33%
Hospital,DR MS 03257,11-Oct-25,MATERNITY PADS 8s (MAXIFREE),"1,536.00",90.16,"138,485.76",0.00,"138,485.76",60.00,"92,160.00","46,325.76",33%
Hospital,DR MS 03274,11-Oct-25,MATERNITY PADS 8s (MAXIFREE),"1,464.00",90.16,"131,994.24",0.00,"131,994.24",60.00,"87,840.00","44,154.24",33%
Hospital,DR MS 03298,11-Oct-25,MATERNITY PADS 8s (MAXIFREE),"2,336.00",90.16,"210,613.76",0.00,"210,613.76",60.00,"140,160.00","70,453.76",33%
Hospital,DR MS 03310,11-Oct-25,MATERNITY PADS 8s (MAXIFREE),"1,488.00",90.16,"134,158.08",0.00,"134,158.08",60.00,"89,280.00","44,878.08",33%
Hospital,DR MS 03464,11-Oct-25,MATERNITY PADS 8s (MAXIFREE),"1,488.00",90.16,"134,158.08",0.00,"134,158.08",60.00,"89,280.00","44,878.08",33%
Quezon,DR 026054,04-Oct-25,FOLACID 5MG CAP,10.00,615.00,"6,150.00","1,845.00","4,305.00",236.25,"2,362.50","1,942.50",32%
Quezon,DR 026055,04-Oct-25,CENDALEX 100MG/ML,20.00,125.00,"2,500.00",0.00,"2,500.00",35.70,714.00,"1,786.00",71%
Quezon,DR 026056,04-Oct-25,KZIDINE 35MG,10.00,"1,350.00","13,500.00","4,725.00","8,775.00",600.00,"6,000.00","2,775.00",21%
Quezon,DR 026057,04-Oct-25,BENERVA FORTE 300MG/100MG/100MCG,1.00,"1,540.00","1,540.00",0.00,"1,540.00",525.00,525.00,"1,015.00",66%
Quezon,DR 026058,04-Oct-25,BENERVA PLUS 500MG/50MG/100MG/100MCG,1.00,"2,000.00","2,000.00",600.00,"1,400.00",615.00,615.00,785.00,39%
Quezon,DR 026059,04-Oct-25,EXECORE 500MG TAB,1.00,"3,400.00","3,400.00","1,020.00","2,380.00",78.00,78.00,"2,302.00",68%
Quezon,DR 026060,04-Oct-25,CARVIDA 6.25MG,50.00,528.00,"26,400.00",0.00,"26,400.00",132.00,"6,600.00","19,800.00",75%
Quezon,DR 026061,04-Oct-25,EMZART-40 40MG,13.00,396.00,"5,148.00",0.00,"5,148.00",156.00,"2,028.00","3,120.00",61%
Quezon,DR 026062,04-Oct-25,KIDDIREL 15ML,12.00,80.00,960.00,0.00,960.00,41.00,492.00,468.00,49%
Quezon,DR 026063,04-Oct-25,EMZART-40 40MG,3.00,429.00,"1,287.00",386.10,900.90,156.00,468.00,432.90,34%
Quezon,DR 0026244,04-Oct-25,SANOMAX-FA,5.00,"1,400.00","7,000.00","2,100.00","4,900.00",560.00,"2,800.00","2,100.00",30%
Quezon,DR 0026245,04-Oct-25,KZIDINE 35MG,10.00,"1,350.00","13,500.00","4,725.00","8,775.00",600.00,"6,000.00","2,775.00",21%
Quezon,DR 0026250,04-Oct-25,BENERVA PLUS 500MG/50MG/100MG/100MCG,1.00,"2,000.00","2,000.00",600.00,"1,400.00",615.00,615.00,785.00,39%
Batangas,DR 026002,04-Oct-25,EMZART-80 80MG,10.00,948.00,"9,480.00",0.00,"9,480.00",264.00,"2,640.00","6,840.00",72%
Batangas,DR 026002,04-Oct-25,EMLOR PLUS 5MG/50MG,10.00,590.00,"5,900.00",0.00,"5,900.00",216.00,"2,160.00","3,740.00",63%
Batangas,DR 026000,04-Oct-25,DOLOGESIC 325MG/37.5MG TAB,5.00,"1,080.00","5,400.00",0.00,"5,400.00",270.00,"1,350.00","4,050.00",75%
Batangas,DR 026000,04-Oct-25,VOXOLL 30MG,5.00,715.00,"3,575.00",0.00,"3,575.00",168.00,840.00,"2,735.00",77%
Batangas,DR 026000,04-Oct-25,BENERVA PLUS 500MG/50MG/100MG/100MCG,5.00,"1,800.00","9,000.00",0.00,"9,000.00",615.00,"3,075.00","5,925.00",66%
Batangas,DR 026004,11-Oct-25,EMZART-80 80MG,10.00,948.00,"9,480.00",0.00,"9,480.00",264.00,"2,640.00","6,840.00",72%
Batangas,DR 026004,11-Oct-25,ROSVA 20-20MG,3.00,"1,080.00","3,240.00",0.00,"3,240.00",273.00,819.00,"2,421.00",75%
Batangas,DR 026006,11-Oct-25,HYCLENS WOUND SPRAY 2% 60ML,12.00,286.00,"3,432.00",0.00,"3,432.00",114.66,"1,375.92","2,056.08",60%
Batangas,DR 026005,11-Oct-25,DOLOGESIC 325MG/37.5MG TAB,5.00,"1,080.00","5,400.00",0.00,"5,400.00",270.00,"1,350.00","4,050.00",75%
Batangas,DR 026005,11-Oct-25,AFENAX 100MG TAB,3.00,"1,980.00","5,940.00",0.00,"5,940.00",595.00,"1,785.00","4,155.00",70%
Batangas,DR 026003,11-Oct-25,CENDALEX 500MG,4.00,"1,100.00","4,400.00",220.00,"4,180.00",287.50,"1,150.00","3,030.00",69%
Batangas,DR 026003,11-Oct-25,ENHAMOX 500MG/125MG,2.00,"3,600.00","7,200.00",360.00,"6,840.00","1,115.00","2,230.00","4,610.00",64%
Batangas,DR 026003,11-Oct-25,ZELEX 200MG CAP,2.00,"2,800.00","5,600.00",280.00,"5,320.00",925.00,"1,850.00","3,470.00",62%
Batangas,DR 026003,11-Oct-25,EMLOR PLUS 5MG/50MG,5.00,590.00,"2,950.00",147.50,"2,802.50",216.00,"1,080.00","1,722.50",58%
Batangas,DR 026003,11-Oct-25,VOXOLL 15MG/5ML,6.00,72.00,432.00,21.60,410.40,33.00,198.00,212.40,49%
Hospital,DR RT 0002106,11-Oct-25,"QMC # 985,170.00",1.00,"981,300.00","981,300.00",0.00,"981,300.00","667,900.00","667,900.00","313,400.00",32%
Hospital,DR RT 0002105,11-Oct-25,"QMC # 407,373.75",1.00,"406,885.00","406,885.00",0.00,"406,885.00","249,688.65","249,688.65","157,196.35",39%
Marinduque,DR RT 0001215,11-Oct-25,"MARINDUQUE # 253,607.00",1.00,"253,607.00","253,607.00",0.00,"253,607.00","163,858.00","163,858.00","89,749.00",35%
Government,DR RT 0001297,18-Oct-25,"PAGBILAO # 19,000.00-2",1.00,"18,840.00","18,840.00",0.00,"18,840.00","12,396.72","12,396.72","6,443.28",34%
Hospital,DR RM 0002114,18-Oct-25,"QMC # 102,275.00",1.00,"102,150.00","102,150.00",0.00,"102,150.00","53,318.00","53,318.00","48,832.00",48%
Hospital,DR RT 0001295,18-Oct-25,"QMC # 23,686.00",1.00,"23,560.00","23,560.00",0.00,"23,560.00","13,490.00","13,490.00","10,070.00",43%
Hospital,DR RM 0002111,18-Oct-25,"QMC # 83,732.50",1.00,"83,565.00","83,565.00",0.00,"83,565.00","53,118.00","53,118.00","30,447.00",36%
Quezon,DR 026064,11-Oct-25,DUVAGEN 10MG,10.00,"1,300.00","13,000.00","3,900.00","9,100.00",365.00,"3,650.00","5,450.00",42%
Quezon,DR 026065,11-Oct-25,CIXTOR-Z 500MG/10MG,6.00,630.83,"3,785.00",0.00,"3,785.00",210.00,"1,260.00","2,525.00",67%
Quezon,DR 026065,11-Oct-25,SOLVAPRINE 10MG TAB,1.00,700.00,700.00,0.00,700.00,150.00,150.00,550.00,79%
Quezon,DR 026066,11-Oct-25,VOXOLL 15MG/5ML,15.00,80.00,"1,200.00",360.00,840.00,33.00,495.00,345.00,29%
Quezon,DR 026067,11-Oct-25,HISTARIL 50MG/1MG/5ML,15.00,98.00,"1,470.00",441.00,"1,029.00",35.00,525.00,504.00,34%
Quezon,DR 026068,11-Oct-25,VOXOLL 15MG/5ML,20.00,80.00,"1,600.00",480.00,"1,120.00",33.00,660.00,460.00,29%
Hospital,DR MS 03305,13-Sep-25,BIOLAC 3.33G/5ML,290.00,121.13,"35,127.70",0.00,"35,127.70",105.00,"30,450.00","4,677.70",13%
Hospital,DR MS 03320,13-Sep-25,ZINACARE 750MG W/ DILUENT,"2,500.00",49.30,"123,250.00",0.00,"123,250.00",26.00,"65,000.00","58,250.00",47%
Hospital,DR MS 03320,13-Sep-25,DEXTAR-S 4MG/ML 2ML,90.00,211.30,"19,017.00",0.00,"19,017.00",420.00,"37,800.00","-18,783.00",-99%
Hospital,DR MS 03320,13-Sep-25,ELECTAB 600MG,223.33,382.50,"85,425.00",0.00,"85,425.00",365.00,"81,516.67","3,908.33",5%
Hospital,DR MS 03320,13-Sep-25,APFOLIC 5MG,5.00,225.00,"1,125.00",0.00,"1,125.00",72.80,364.00,761.00,68%
Hospital,DR MS 03320,13-Sep-25,CARDOZ 6.25MG,77.14,98.00,"7,560.00",0.00,"7,560.00",43.00,"3,317.14","4,242.86",56%
Hospital,DR MS 03320,13-Sep-25,CLOPINOVA 75MG,2.00,138.00,276.00,0.00,276.00,87.00,174.00,102.00,37%
Hospital,DR MS 03320,13-Sep-25,SCHEEPRIL 5MG TAB,10.00,370.00,"3,700.00",0.00,"3,700.00",263.00,"2,630.00","1,070.00",29%
Hospital,DR MS 03320,13-Sep-25,CORPILYN 1G,800.00,29.58,"23,664.00",0.00,"23,664.00",14.00,"11,200.00","12,464.00",53%
Hospital,DR MS 03340,13-Sep-25,ZEFTACARE 1G IV,240.00,59.15,"14,196.00",0.00,"14,196.00",44.00,"10,560.00","3,636.00",26%
Hospital,DR MS 03341,13-Sep-25,EXECORE 500MG TAB,400.00,140.00,"56,000.00",0.00,"56,000.00",78.00,"31,200.00","24,800.00",44%
Hospital,DR MS 03341,13-Sep-25,VELON 6.25MG TAB,18.00,105.00,"1,890.00",0.00,"1,890.00",55.00,990.00,900.00,48%
Hospital,DR MS 03341,13-Sep-25,CELEKOP 200MG CAP,17.00,254.00,"4,318.00",0.00,"4,318.00",130.00,"2,210.00","2,108.00",49%
Hospital,DR MS 03341,13-Sep-25,CELEKOP 200MG CAP,3.00,254.00,762.00,0.00,762.00,130.00,390.00,372.00,49%
Hospital,DR MS 03351,13-Sep-25,COCINE 250MG/ML (500MG/2ML),20.00,537.50,"10,750.00",0.00,"10,750.00",580.00,"11,600.00",-850.00,-8%
Hospital,DR MS 03351,13-Sep-25,VAZI2R 80MG,15.00,479.00,"7,185.00",0.00,"7,185.00",295.00,"4,425.00","2,760.00",38%
Hospital,DR MS 03351,13-Sep-25,GOUTSAPH 500MCG TAB,5.00,183.00,915.00,0.00,915.00,148.00,740.00,175.00,19%
Hospital,DR MS 03351,13-Sep-25,DIUFED 10MG/ML (20MG/2ML) 2ML,"1,000.00",81.70,"81,700.00",0.00,"81,700.00",48.00,"48,000.00","33,700.00",41%
Hospital,DR MS 03351,13-Sep-25,ELECTAB 600MG,233.33,382.50,"89,250.00",0.00,"89,250.00",365.00,"85,166.67","4,083.33",5%
Hospital,DR MS 03357,13-Sep-25,ZEFTACARE 1G IV,"2,400.00",59.15,"141,960.00",0.00,"141,960.00",44.00,"105,600.00","36,360.00",26%
Hospital,DR MS 03357,13-Sep-25,MECID 500MG CAP,5.00,113.00,565.00,0.00,565.00,89.00,445.00,120.00,21%
Hospital,DR MS 03357,13-Sep-25,XOPRAZOLE PLUS 40MG,14.00,472.00,"6,608.00",0.00,"6,608.00",320.00,"4,480.00","2,128.00",32%
Hospital,DR MS 03357,13-Sep-25,ABHAY-TOX 40IU/0.5ML VIAL,50.00,852.50,"42,625.00",0.00,"42,625.00",570.00,"28,500.00","14,125.00",33%
Hospital,DR MS 03357,13-Sep-25,CORPILYN 1G,200.00,29.58,"5,916.00",0.00,"5,916.00",14.00,"2,800.00","3,116.00",53%
Hospital,DR MS 03365,13-Sep-25,HAIXONE WITH DILUENT 1G,"4,500.00",50.70,"228,150.00",0.00,"228,150.00",26.00,"117,000.00","111,150.00",49%
Hospital,DR MS 03374,13-Sep-25,OLXARIN 6000IU/0.6ML 60MG/0.6ML,350.00,"2,084.52","729,582.00",0.00,"729,582.00",780.00,"273,000.00","456,582.00",63%
Hospital,DR MS 03374,13-Sep-25,AMINOSTERIL INFANT 6% 100ml,10.00,630.59,"6,305.90",0.00,"6,305.90",492.80,"4,928.00","1,377.90",22%
Hospital,DR MS 03374,13-Sep-25,AMINOSTERIL INFANT 6% 100ml,240.00,630.59,"151,341.60",0.00,"151,341.60",492.80,"118,272.00","33,069.60",22%
Hospital,DR MS 03374,13-Sep-25,OXYGEN MASK NEONATE (SURGITECH),100.00,59.15,"5,915.00",0.00,"5,915.00",45.00,"4,500.00","1,415.00",24%
Hospital,DR MS 03374,13-Sep-25,OXYGEN MASK PEDIA (SURGITECH),200.00,67.61,"13,522.00",0.00,"13,522.00",36.00,"7,200.00","6,322.00",47%
Hospital,DR MS 03374,13-Sep-25,DISPOSABLE NEEDLE AGANI G18 X 1 1/8 (TERUMO),23.00,254.00,"5,842.00",0.00,"5,842.00",300.00,"6,900.00","-1,058.00",-18%
Hospital,DR MS 03374,13-Sep-25,DISPOSABLE NEEDLE AGANI G18 X 1 1/8 (TERUMO),1.00,254.00,254.00,0.00,254.00,300.00,300.00,-46.00,-18%
Hospital,DR MS 03374,13-Sep-25,NEBULIZER KIT WITH MASK PEDIA (PARTNERS),500.00,39.44,"19,720.00",0.00,"19,720.00",30.00,"15,000.00","4,720.00",24%
Hospital,DR MS 03374,13-Sep-25,SPINAL NEEDLE G25 X89MM (ORMED),"1,400.00",98.59,"138,026.00",0.00,"138,026.00",40.00,"56,000.00","82,026.00",59%
Hospital,DR MS 03397,06-Sep-25,ANTIZOAL 5MG/ML (500MG/100ML) 100ML,100.00,90.00,"9,000.00",0.00,"9,000.00",15.00,"1,500.00","7,500.00",83%
Hospital,DR MS 03408,13-Sep-25,ZEFTACARE 1G IV,310.00,59.15,"18,336.50",0.00,"18,336.50",44.00,"13,640.00","4,696.50",26%
Hospital,DR MS 03408,13-Sep-25,CLINDANOVA 300MG CAP,5.00,472.00,"2,360.00",0.00,"2,360.00",370.00,"1,850.00",510.00,22%
Hospital,DR MS 03408,13-Sep-25,KHRIZCOPAN 10MG,5.00,270.00,"1,350.00",0.00,"1,350.00",218.00,"1,090.00",260.00,19%
Hospital,DR MS 03408,13-Sep-25,XOPRAZOLE PLUS 40MG,10.00,472.00,"4,720.00",0.00,"4,720.00",320.00,"3,200.00","1,520.00",32%
Hospital,DR MS 03408,13-Sep-25,LESTOR 40MG,45.00,450.00,"20,250.00",0.00,"20,250.00",165.00,"7,425.00","12,825.00",63%
Hospital,DR MS 03408,13-Sep-25,BISACODEN 10MG,6.00,"2,812.50","16,875.00",0.00,"16,875.00","1,665.00","9,990.00","6,885.00",41%
Hospital,DR MS 03408,13-Sep-25,HYTRIX 100MG,200.00,352.10,"70,420.00",0.00,"70,420.00",210.00,"42,000.00","28,420.00",40%
Hospital,DR MS 03408,13-Sep-25,OPREX 40MG IV,300.00,366.20,"109,860.00",0.00,"109,860.00",180.00,"54,000.00","55,860.00",51%
Hospital,DR MS 03408,13-Sep-25,OPREX 40MG IV,180.00,366.20,"65,916.00",0.00,"65,916.00",180.00,"32,400.00","33,516.00",51%
Hospital,DR MS 03408,13-Sep-25,OPREX 40MG IV,20.00,366.20,"7,324.00",0.00,"7,324.00",180.00,"3,600.00","3,724.00",51%
Hospital,DR MS 03411,13-Sep-25,ZEFTACARE 1G IV,100.00,59.15,"5,915.00",0.00,"5,915.00",44.00,"4,400.00","1,515.00",26%
Hospital,DR MS 03411,13-Sep-25,CLINDANOVA 300MG CAP,15.00,472.00,"7,080.00",0.00,"7,080.00",370.00,"5,550.00","1,530.00",22%
Hospital,DR MS 03409,13-Sep-25,UMBILICAL CORD CLAMP (PARTNERS),20.00,423.00,"8,460.00",0.00,"8,460.00",260.00,"5,200.00","3,260.00",39%
Hospital,DR MS 03409,13-Sep-25,FACEMASK (INDOPLAS),70.00,70.50,"4,935.00",0.00,"4,935.00",50.00,"3,500.00","1,435.00",29%
Hospital,DR MS 03409,13-Sep-25,DISPOSABLE NEEDLE G18 (ORMED),3.50,254.00,889.00,0.00,889.00,150.00,525.00,364.00,41%
Hospital,DR MS 03409,13-Sep-25,DISPOSABLE NEEDLE G18 (ORMED),2.00,254.00,508.00,0.00,508.00,150.00,300.00,208.00,41%
Hospital,DR MS 03409,13-Sep-25,DISPOSABLE NEEDLE G20 (INDOPLAS),12.00,211.00,"2,532.00",0.00,"2,532.00",150.00,"1,800.00",732.00,29%
Hospital,DR MS 03409,13-Sep-25,SURGICAL BLADES S12 (PARTNERS),2.00,394.00,788.00,0.00,788.00,270.00,540.00,248.00,31%
Hospital,DR MS 03409,13-Sep-25,SURGICAL BLADES S20 (PARTNERS),10.00,394.00,"3,940.00",0.00,"3,940.00",270.00,"2,700.00","1,240.00",31%
Hospital,DR MS 03409,13-Sep-25,,0.00,,,0.00,0.00,,,0.00,#DIV/0!
Hospital,DR MS 03410,13-Sep-25,PORFEVER 150MG/ML (300MG/2ML) 2ML,58.00,77.50,"4,495.00",0.00,"4,495.00",50.00,"2,900.00","1,595.00",35%
Hospital,DR MS 03410,13-Sep-25,PORFEVER 150MG/ML (300MG/2ML) 2ML,542.00,77.50,"42,005.00",0.00,"42,005.00",50.00,"27,100.00","14,905.00",35%
Hospital,DR MS 03410,13-Sep-25,RELAXSAPH 500MCG+2.5MG/2.5ML,203.33,464.70,"94,489.00",0.00,"94,489.00",265.00,"53,883.33","40,605.67",43%
Batangas,DR 025986,13-Sep-25,HYCLENS GARGLE 0.12% 120ML,6.00,193.00,"1,158.00",0.00,"1,158.00",88.00,528.00,630.00,54%
Batangas,DR 025978,13-Sep-25,ENHAMOX 500MG/125MG,2.00,"3,600.00","7,200.00",0.00,"7,200.00","1,115.00","2,230.00","4,970.00",69%
Batangas,DR 025979,13-Sep-25,ZELEX 200MG CAP,1.00,"2,800.00","2,800.00",0.00,"2,800.00",925.00,925.00,"1,875.00",67%
Batangas,DR 025980,13-Sep-25,ZELEX 200MG CAP,1.00,"2,800.00","2,800.00",0.00,"2,800.00",925.00,925.00,"1,875.00",67%
Batangas,DR 025981,13-Sep-25,EMLOR PLUS 5MG/50MG,5.00,590.00,"2,950.00",0.00,"2,950.00",216.00,"1,080.00","1,870.00",63%
Batangas,DR 025982,13-Sep-25,VOXOLL 30MG,1.00,800.00,800.00,0.00,800.00,168.00,168.00,632.00,79%
Batangas,DR 025982,13-Sep-25,VOXOLL 15MG/5ML,6.00,72.00,432.00,0.00,432.00,33.00,198.00,234.00,54%
Batangas,DR 025983,13-Sep-25,ZILTEM 25MG,3.00,"5,600.00","16,800.00",0.00,"16,800.00","1,533.33","4,599.99","12,200.01",73%
Batangas,DR 025984,13-Sep-25,ROSVA 20-20MG,5.00,"1,090.00","5,450.00",0.00,"5,450.00",273.00,"1,365.00","4,085.00",75%
Batangas,DR 025984,13-Sep-25,TRIDEN 160MG TAB,3.00,"2,560.00","7,680.00",0.00,"7,680.00",720.00,"2,160.00","5,520.00",72%
Quezon,DR 026069,11-Oct-25,HYCLENS WOUND SPRAY 2% 60ML,12.00,280.00,"3,360.00",336.00,"3,024.00",114.66,"1,375.92","1,648.08",49%
Quezon,DR 026070,11-Oct-25,HYCLENS GARGLE 0.12% 60ML,12.00,128.00,"1,536.00",153.60,"1,382.40",65.00,780.00,602.40,39%
Quezon,DR 026071,11-Oct-25,BENERVA FORTE 300MG/100MG/100MCG,1.00,"1,540.00","1,540.00",462.00,"1,078.00",525.00,525.00,553.00,36%
Quezon,DR 026072,11-Oct-25,TANAFEN 450MG/35MG,20.00,850.00,"17,000.00",0.00,"17,000.00",175.00,"3,500.00","13,500.00",79%
Quezon,DR 026072,11-Oct-25,CLOVAS 75MG TAB,20.00,"1,410.00","28,200.00",0.00,"28,200.00",386.40,"7,728.00","20,472.00",73%
Quezon,DR 026072,11-Oct-25,CARVIDA 6.25MG,30.00,528.00,"15,840.00",0.00,"15,840.00",132.00,"3,960.00","11,880.00",75%
Quezon,DR 026072,11-Oct-25,EMZART-40 40MG,30.00,429.00,"12,870.00",0.00,"12,870.00",156.00,"4,680.00","8,190.00",64%
Quezon,DR 026072,11-Oct-25,AMLOTHIX 5mg,30.00,380.00,"11,400.00",0.00,"11,400.00",38.00,"1,140.00","10,260.00",90%
Quezon,DR 026073,18-Oct-25,KZIDINE 35MG,10.00,"1,350.00","13,500.00","4,725.00","8,775.00",600.00,"6,000.00","2,775.00",21%
Hospital,DR MS 03459,11-Oct-25,DIFLOSID 25MG/ML 3ML,5.00,390.00,"1,950.00",0.00,"1,950.00",126.00,630.00,"1,320.00",68%
Hospital,DR MS 03460,11-Oct-25,RANICLAV 625MG TAB,5.00,275.66,"1,378.30",0.00,"1,378.30",122.00,610.00,768.30,56%
Hospital,DR MS 03461,11-Oct-25,SITIXON 1G 10ML,50.00,135.00,"6,750.00",0.00,"6,750.00",32.00,"1,600.00","5,150.00",76%
Hospital,DR MS 03462,11-Oct-25,GYNE-TOCIN 10IU/ML IV,10.00,375.00,"3,750.00",0.00,"3,750.00",81.00,810.00,"2,940.00",78%
Hospital,DR MS 03476,11-Oct-25,RAXIDINE 25MG/ML 2ML,2.00,"1,300.00","2,600.00",0.00,"2,600.00",100.00,200.00,"2,400.00",92%
Hospital,DR MS 03476,11-Oct-25,RAXIDINE 25MG/ML 2ML,10.00,"1,300.00","13,000.00",0.00,"13,000.00",100.00,"1,000.00","12,000.00",92%
Hospital,DR MS 03475,11-Oct-25,CLOVAS 75MG TAB,4.00,987.00,"3,948.00",0.00,"3,948.00",386.40,"1,545.60","2,402.40",61%
Hospital,DR MS 03471,11-Oct-25,NELATON STRAIGHT CATHETER FR.16 STERILE (KENXIN),20.00,58.00,"1,160.00",0.00,"1,160.00",35.00,700.00,460.00,40%
Hospital,DR MS 03469,18-Oct-25,AFENAX 100MG TAB,1.00,"1,935.00","1,935.00",0.00,"1,935.00",595.00,595.00,"1,340.00",69%
Hospital,DR MS 03469,18-Oct-25,ANTIZOAL 5MG/ML (500MG/100ML) 100ML,150.00,90.00,"13,500.00",0.00,"13,500.00",15.00,"2,250.00","11,250.00",83%
Hospital,DR MS 03469,18-Oct-25,BENERVA PLUS 500MG/50MG/100MG/100MCG,15.00,"1,550.00","23,250.00",0.00,"23,250.00",615.00,"9,225.00","14,025.00",60%
Hospital,DR MS 03469,18-Oct-25,CETHERGO 200MCG/ML IV,1.00,"4,375.00","4,375.00",0.00,"4,375.00","1,222.00","1,222.00","3,153.00",72%
Hospital,DR MS 03469,18-Oct-25,DIFLOSID 25MG/ML 3ML,15.00,750.00,"11,250.00",0.00,"11,250.00",126.00,"1,890.00","9,360.00",83%
Hospital,DR MS 03469,18-Oct-25,ENDOPROST 125MCG/ML,6.00,"1,980.00","11,880.00",0.00,"11,880.00",940.00,"5,640.00","6,240.00",53%
Hospital,DR MS 03469,18-Oct-25,ENHAMOX 500MG/125MG,16.66,"2,801.32","46,670.00",0.00,"46,670.00","1,115.00","18,575.90","28,094.10",60%
Hospital,DR MS 03469,18-Oct-25,EROXIME 750MG IV,5.00,"3,000.00","15,000.00",0.00,"15,000.00",175.00,875.00,"14,125.00",94%
Hospital,DR MS 03469,18-Oct-25,LIFERZIN 1G IV,4.00,"1,280.00","5,120.00",0.00,"5,120.00",175.00,700.00,"4,420.00",86%
Hospital,DR MS 03469,18-Oct-25,PHYTOBAS 10MG/ML IV,15.00,900.00,"13,500.00",0.00,"13,500.00",140.00,"2,100.00","11,400.00",84%
Hospital,DR MS 03469,18-Oct-25,MOHSIDEX 4MG/ML (8MG/2ML) 2ML,5.00,"1,200.00","6,000.00",0.00,"6,000.00",180.00,900.00,"5,100.00",85%
Hospital,DR MS 03469,18-Oct-25,GENTAM 40MG/ML (80MG/2ML) 2ML,6.00,90.00,540.00,0.00,540.00,43.00,258.00,282.00,52%
Hospital,DR MS 03469,18-Oct-25,EPIX 1MG/ML IV,5.00,"1,200.00","6,000.00",0.00,"6,000.00",120.00,600.00,"5,400.00",90%
Hospital,DR MS 03469,18-Oct-25,0.9% SODIUM CHLORIDE 9MG/ML 50ML (PHILRX ),200.00,80.00,"16,000.00",0.00,"16,000.00",32.26,"6,452.50","9,547.50",60%
Hospital,DR MS 03480,18-Oct-25,NELATON STRAIGHT CATHETER FR.16 STERILE (KENXIN),40.00,58.00,"2,320.00",0.00,"2,320.00",35.00,"1,400.00",920.00,40%
Hospital,DR MS 03480,18-Oct-25,NELATON STRAIGHT CATHETER FR.16 STERILE (KENXIN),10.00,58.00,580.00,0.00,580.00,35.00,350.00,230.00,40%
Hospital,DR MS 03481,18-Oct-25,DIAPER NEWBORN PREMIUM,2.00,380.00,760.00,0.00,760.00,200.00,400.00,360.00,47%
Hospital,DR MS 03481,18-Oct-25,DISPOSABLE BABY DIAPER LARGE NON WOVEN (HEXACARE),2.00,480.00,960.00,0.00,960.00,230.00,460.00,500.00,52%
Hospital,DR MS 03481,18-Oct-25,DISPOSABLE BABY DIAPER MEDIUM NON WOVEN (HEXACARE),2.00,990.00,"1,980.00",0.00,"1,980.00",200.00,400.00,"1,580.00",80%
Hospital,DR MS 03481,18-Oct-25,BODYWASH PURE WHITE 450ML (SAFEGUARD),12.00,255.00,"3,060.00",0.00,"3,060.00",159.50,"1,914.00","1,146.00",37%
Hospital,DR MS 03470,18-Oct-25,DISPOSABLE BABY DIAPER LARGE NON WOVEN (HEXACARE),1.00,380.00,380.00,0.00,380.00,230.00,230.00,150.00,39%
Hospital,DR MS 03470,18-Oct-25,BATHROOM TISSUE 2PLY 12'S (FEMME),4.00,168.00,672.00,0.00,672.00,107.00,428.00,244.00,36%
Hospital,DR MS 03470,18-Oct-25,BABY OIL 50ML (JOHNSON),12.00,64.00,768.00,0.00,768.00,50.00,600.00,168.00,22%
Hospital,DR MS 03470,18-Oct-25,NON VENTED MASK LARGE (EASEFIT),1.00,"6,200.00","6,200.00",0.00,"6,200.00","4,500.00","4,500.00","1,700.00",27%
Hospital,DR MS 03470,18-Oct-25,BABY WASH COTTONTOUCH 50ML (JOHNSON),36.00,128.00,"4,608.00",0.00,"4,608.00",74.31,"2,675.16","1,932.84",42%
Hospital,DR MS 03470,18-Oct-25,COTTON BALLS 1000S (TENDERSOFT),10.00,260.00,"2,600.00",0.00,"2,600.00",180.00,"1,800.00",800.00,31%
Hospital,DR MS 03470,18-Oct-25,FOLEY CATHETER 2WAY FR16 30ML (PARTNERS),50.00,70.00,"3,500.00",0.00,"3,500.00",38.00,"1,900.00","1,600.00",46%
Hospital,DR MS 03470,18-Oct-25,PAPER TOWEL 175PULL-UPS (FEMME),60.00,80.00,"4,800.00",0.00,"4,800.00",53.75,"3,225.00","1,575.00",33%
Government,DR RT 0001312,17-Oct-25,"PAGBILAO # 50,000",1.00,"49,810.00","49,810.00",0.00,"49,810.00","32,774.98","32,774.98","17,035.02",34%
Hospital,DR RT 0001293,18-Oct-25,"QMC # 165,000",1.00,"164,780.00","164,780.00",0.00,"164,780.00","88,000.00","88,000.00","76,780.00",47%
Hospital,DR RT 0001292,18-Oct-25,"QMC # 213,400",1.00,"212,546.40","212,546.40",0.00,"212,546.40","128,040.00","128,040.00","84,506.40",40%
Hospital,DR MS 03486,18-Oct-25,MINOR SURGERY SET 37's (OLTEN),10.00,"31,000.00","310,000.00",0.00,"310,000.00","15,507.00","155,070.00","154,930.00",50%
Hospital,DR MS 03486,18-Oct-25,INSTRUMENT TRAY WITH COVER STAINLESS STEEL 12x8x2.5 (OLTEN),10.00,"2,870.00","28,700.00",0.00,"28,700.00",1437,14370,"14,330.00",50%
Hospital,DR MS 03486,18-Oct-25,ARMY SET NAVY 8'' X 1/4 2'S (OLTEN),10.00,"1,790.00","17,900.00",0.00,"17,900.00",898.00,"8,980.00","8,920.00",50%
Hospital,DR MS 03486,18-Oct-25,BLADE HOLDER SIZE 4'' (OLTEN),10.00,260.00,"2,600.00",0.00,"2,600.00",130.00,"1,300.00","1,300.00",50%
Hospital,DR MS 03486,18-Oct-25,THUMB FORCEP 8'' (OLTEN),10.00,660.00,"6,600.00",0.00,"6,600.00",330.00,"3,300.00","3,300.00",50%
Hospital,DR MS 03486,18-Oct-25,THUMB FORCEP 10'' (OLTEN),10.00,790.00,"7,900.00",0.00,"7,900.00",397.00,"3,970.00","3,930.00",50%
Hospital,DR MS 03486,18-Oct-25,TISSUE FORCEP SIZE 5 3/4'' (OLTEN),10.00,500.00,"5,000.00",0.00,"5,000.00",251.00,"2,510.00","2,490.00",50%
Hospital,DR MS 03486,18-Oct-25,NEEDLE HOLDER SIZE 6'' (OLTEN),20.00,740.00,"14,800.00",0.00,"14,800.00",370.00,"7,400.00","7,400.00",50%
Hospital,DR MS 03486,18-Oct-25,BOBCOC 6'' OLTEN,20.00,990.00,"19,800.00",0.00,"19,800.00",498.00,"9,960.00","9,840.00",50%
Hospital,DR MS 03486,18-Oct-25,ALLIS SIZE 6'' OLTEN,30.00,820.00,"24,600.00",0.00,"24,600.00",414.00,"12,420.00","12,180.00",50%
Hospital,DR MS 03486,18-Oct-25,KELLY CURVED 6'' OLTEN,30.00,740.00,"22,200.00",0.00,"22,200.00",370,11100,"11,100.00",50%
Hospital,DR MS 03486,18-Oct-25,MOSQUITO CURVED SIZE 5'' OLTEN,30.00,700.00,"21,000.00",0.00,"21,000.00",353,10590,"10,410.00",50%
Hospital,DR MS 03486,18-Oct-25,KIDNEY BASIN 10'' OLTEN,10.00,950.00,"9,500.00",0.00,"9,500.00",479.00,"4,790.00","4,710.00",50%
Hospital,DR MS 03486,18-Oct-25,METZ SCISSOR STRAIGHT SIZE 6'' OLTEN,10.00,770.00,"7,700.00",0.00,"7,700.00",385,3850,"3,850.00",50%
Hospital,DR MS 03486,18-Oct-25,METZ SCISSOR CURVE SIZE 6'' OLTEN,10.00,770.00,"7,700.00",0.00,"7,700.00",385.00,"3,850.00","3,850.00",50%
Hospital,DR MS 03486,18-Oct-25,MAYO SCISSOR CURVE SIZE 6'' OLTEN,10.00,770.00,"7,700.00",0.00,"7,700.00",385,3850,"3,850.00",50%
Hospital,DR MS 03486,18-Oct-25,MAYO SCISSOR STRAIGHT SIZE 6'' OLTEN,10.00,770.00,"7,700.00",0.00,"7,700.00",385.00,"3,850.00","3,850.00",50%
Hospital,DR 03499,25-Oct-25,MONOWEL 1G IV,"1,500.00",644.00,"966,000.00",0.00,"966,000.00",458.77,"688,161.60","277,838.40",29%
Hospital,DR RT 0001296,25-Oct-25,"QMC # 281,480.00",1.00,"280,900.00","280,900.00",0.00,"280,900.00",105502,105502,"175,398.00",62%
Hospital,DR RT 0001294,25-Oct-25,"QMC # 24,970.00",1.00,"24,820.00","24,820.00",0.00,"24,820.00","15,260.00","15,260.00","9,560.00",39%
Hospital,DR RM 0002109,25-Oct-25,"QMC # 144,740.00",1.00,"144,300.00","144,300.00",0.00,"144,300.00",82180,82180,"62,120.00",43%
Hospital,DR RM 0002112,25-Oct-25,"QMC # 409,770.00",1.00,"357,420.00","357,420.00",0.00,"357,420.00","174,098.06","174,098.06","183,321.94",51%
Hospital,DR RM 0002113,25-Oct-25,,1.00,"52,025.00","52,025.00",0.00,"52,025.00",,,"52,025.00",100%
Hospital,DR MS 03473,25-Oct-25,ECG MACHINE 3 CHANNEL (MEDX),2.00,"98,800.00","197,600.00",0.00,"197,600.00","55,000.00","110,000.00","87,600.00",44%
Hospital,DR MS 03472,25-Oct-25,LUBRICATING JELLY 3G (ORMED),20.00,"2,985.00","59,700.00",0.00,"59,700.00",950.00,"19,000.00","40,700.00",68%
Batangas,DR 026012,18-Oct-25,HYCLENS GARGLE 0.12% 60ML,12.00,153.00,"1,836.00",0.00,"1,836.00",65.00,780.00,"1,056.00",58%
Hospital,DR MS 03477,25-Oct-25,BCG VACCINE 500MG/ML+1ML DILUENT IN AMPULE,6.00,"57,350.00","344,100.00",0.00,"344,100.00","29,500.00","177,000.00","167,100.00",49%
Batangas,DR 026008,18-Oct-25,ENHAMOX 250MG/62.5MG/5ML 60ML,12.00,400.00,"4,800.00",0.00,"4,800.00",136.00,"1,632.00","3,168.00",66%
Batangas,DR 026009,18-Oct-25,EMLOR PLUS 5MG/50MG,5.00,590.00,"2,950.00",0.00,"2,950.00",216.00,"1,080.00","1,870.00",63%
Hospital,DR MS 03474,25-Oct-25,"QMC # 132,000.00",1.00,"131,700.00","131,700.00",0.00,"131,700.00","25,834.00","25,834.00","105,866.00",80%
Hospital,DR RM 0002110,25-Oct-25,"QMC # 79,770.00",1.00,"79,600.00","79,600.00",0.00,"79,600.00","39,546.00","39,546.00","40,054.00",50%
Hospital,DR MS 03478,25-Oct-25,MONOWEL 1G IV,"1,500.00",644.00,"966,000.00",0.00,"966,000.00",458.77,"688,161.60","277,838.40",29%
Hospital,DR MS 03479,25-Oct-25,SEMI AUTOMATIC BIOPSY GUN G18 X 13CM,2.00,"41,990.00","83,980.00",0.00,"83,980.00","21,060.00","42,120.00","41,860.00",50%
Hospital,DR MS 03479,25-Oct-25,CO-AXIAL NEEDLE G17 X 9.6CM (CURWAY),2.00,"18,790.00","37,580.00",0.00,"37,580.00","9,440.00","18,880.00","18,700.00",50%
Hospital,DR MS 03479,25-Oct-25,AUTOMATIC BIOPSY NEEDLE G14 X 10CM (CURWAY) 5'S,1.00,"33,490.00","33,490.00",0.00,"33,490.00","16,791.00","16,791.00","16,699.00",50%
Hospital,DR MS 03479,25-Oct-25,FLEXIMA APDL PIGTAIL CATHETER FR10,5.00,"8,240.00","41,200.00",0.00,"41,200.00","4,140.00","20,700.00","20,500.00",50%
Hospital,DR MS 03479,25-Oct-25,FLEXIMA APDL PIGTAIL CATHETER FR12,5.00,"8,240.00","41,200.00",0.00,"41,200.00","4,140.00","20,700.00","20,500.00",50%
Hospital,DR MS 03479,25-Oct-25,DISINFECTANT SOAKING TRAY STAINLESS W LID 14X14 INCH 14''X12''X2-1/2,2.00,"3,990.00","7,980.00",0.00,"7,980.00","2,018.00","4,036.00","3,944.00",49%
Hospital,DR MS 03479,25-Oct-25,VESSEL COMPARATOR,2.00,"3,240.00","6,480.00",0.00,"6,480.00","2,000.00","4,000.00","2,480.00",38%
Hospital,DR MS 03479,25-Oct-25,CHROMOGENIC ENZYME SUBSTRATE TEST (COLIKAT RAPID),6.00,"40,680.00","244,080.00",0.00,"244,080.00","28,800.00","172,800.00","71,280.00",29%
Hospital,DR MS 03479,25-Oct-25,SAMPLE VESSELS 120ML WITH SODIUM THIOSULFATE,6.00,"17,930.00","107,580.00",0.00,"107,580.00","9,800.00","58,800.00","48,780.00",45%
Hospital,DR MS 03479,25-Oct-25,,1.00,"12,390.00","12,390.00",0.00,"12,390.00",,,"12,390.00",100%
Hospital,DR MS 03479,25-Oct-25,,1.00,"12,240.00","12,240.00",0.00,"12,240.00",,,"12,240.00",100%
Hospital,DR MS 03479,25-Oct-25,,1.00,"9,490.00","9,490.00",0.00,"9,490.00",,,"9,490.00",100%
Government,DR MS 03492,25-Oct-25,MEDICAL OXYGEN 50 POUNDS - REFILL,16.00,200.00,"3,200.00",0.00,"3,200.00",800,12800,"-9,600.00",-300%
Government,DR MS 03492,25-Oct-25,MEDICAL OXYGEN 25 POUNDS - REFILL,8.00,200.00,"1,600.00",0.00,"1,600.00",600.00,"4,800.00","-3,200.00",-200%
Government,DR MS 03492,25-Oct-25,OXYCAN 5 LITERS,8.00,"2,860.00","22,880.00",0.00,"22,880.00",350.00,"2,800.00","20,080.00",88%
Government,DR MS 03492,25-Oct-25,JET SPRAY FLUIDS 3% 10% 4OZ 118ML (SALONPAS),21.00,300.00,"6,300.00",0.00,"6,300.00",240.50,"5,050.50","1,249.50",20%
Government,DR MS 03492,25-Oct-25,POVIDONE IODINE DRY POWDER SPRAY 55G (BETADINE),17.00,400.00,"6,800.00",0.00,"6,800.00",300,5100,"1,700.00",25%
Government,DR MS 03492,25-Oct-25,INSTANT COLD PACK,25.00,120.00,"3,000.00",0.00,"3,000.00",120.00,"3,000.00",0.00,0%
Government,DR MS 03492,25-Oct-25,"SAM SPLINT, SMALL 9 INCHES",8.00,520.00,"4,160.00",0.00,"4,160.00",150.00,"1,200.00","2,960.00",71%
Government,DR MS 03492,25-Oct-25,"SAM SPLINT, MEDIUM 18 INCHES",8.00,780.00,"6,240.00",0.00,"6,240.00",300.00,"2,400.00","3,840.00",62%
Government,DR MS 03492,25-Oct-25,"SAM SPLINT, LARGE 36 INCHES",8.00,"1,300.00","10,400.00",0.00,"10,400.00",650.00,"5,200.00","5,200.00",50%
Government,DR MS 03492,25-Oct-25,GLOVES LARGE LATEX NONSTERILE (INDOPLAS),8.00,230.00,"1,840.00",0.00,"1,840.00",185.00,"1,480.00",360.00,20%
Hospital,DR MS 03374,13-Sep-25,INSULIN SYRINGE WITH NEEDLE 1/2CC 29GX1/2 (TERUMO),91.00,"1,197.00","108,927.00",0.00,"108,927.00",750.00,"68,250.00","40,677.00",37%
Hospital,DR MS 03372,13-Sep-25,ANTITET 1500IU/0.7ML,150.00,"2,750.00","412,500.00",0.00,"412,500.00","1,195.00","179,250.00","233,250.00",57%
Hospital,DR MS 03358,13-Sep-25,CLINDATEC 150MG/ML (300MG/2ML) 2ML,"3,000.00",87.32,"261,960.00",0.00,"261,960.00",55.00,"165,000.00","96,960.00",37%
Hospital,DR MS 03358,13-Sep-25,FED-CEE 500MG,5.00,65.00,325.00,0.00,325.00,46.00,230.00,95.00,29%
Hospital,DR MS 03352,13-Sep-25,KARVIDOL 6.25MG TAB,7.20,350.00,"2,520.00",0.00,"2,520.00",198.00,"1,425.60","1,094.40",43%
Hospital,DR MS 03352,13-Sep-25,PERISPA 50MG,6.67,947.70,"6,318.00",0.00,"6,318.00",726.00,"4,840.00","1,478.00",23%
Hospital,DR MS 03352,13-Sep-25,XYCLOVIRAX 400MG,3.33,168.90,563.00,0.00,563.00,210.00,700.00,-137.00,-24%
Hospital,DR MS 03342,13-Sep-25,EXECORE 500MG TAB,400.00,140.00,"56,000.00",0.00,"56,000.00",78.00,"31,200.00","24,800.00",44%
Hospital,DR MS 03342,13-Sep-25,CELEKOP 200MG CAP,10.00,254.00,"2,540.00",0.00,"2,540.00",130.00,"1,300.00","1,240.00",49%
Hospital,DR MS 03342,13-Sep-25,VELON 6.25MG TAB,6.00,105.00,630.00,0.00,630.00,55.00,330.00,300.00,48%
Hospital,DR MS 03316,13-Sep-25,ANTITET 1500IU/0.7ML,100.00,"2,750.00","275,000.00",0.00,"275,000.00","1,195.00","119,500.00","155,500.00",57%
Government,DR MS 03325,13-Sep-25,LOMOH-40 40MG/0.4ML,250.00,619.72,"154,930.00",0.00,"154,930.00",320,80000,"74,930.00",48%
Government,DR MS 03325,13-Sep-25,ERZOL 5MG/ML (500MG/100ML) 100ML,"1,000.00",22.54,"22,540.00",0.00,"22,540.00",15,15000,"7,540.00",33%
Government,DR MS 03325,13-Sep-25,KOVENT SF 25MCG/250MCG MDI,744.00,496.00,"369,024.00",0.00,"369,024.00",320.00,"238,080.00","130,944.00",35%
Government,DR MS 03390,13-Sep-25,SII-TO-VAC 0.5ML,500.00,734.00,"367,000.00",0.00,"367,000.00",550.00,"275,000.00","92,000.00",25%
Government,DR MS 03390,13-Sep-25,"EPOKINE 10,000IU/1ML",100.00,"5,665.00","566,500.00",0.00,"566,500.00","1,820.00","182,000.00","384,500.00",68%
Government,DR MS 03390,13-Sep-25,RECORMON 5000IU/0.3ML,20.00,"12,000.00","240,000.00",0.00,"240,000.00","8,225.00","164,500.00","75,500.00",31%
Government,DR MS 03319,13-Sep-25,GABAVEX 100MG,10.00,"1,200.00","12,000.00",0.00,"12,000.00",348.00,"3,480.00","8,520.00",71%
Government,DR MS 03319,13-Sep-25,METOCLON 5MG/ML (10MG/2ML),25.00,163.40,"4,085.00",0.00,"4,085.00",120.00,"3,000.00","1,085.00",27%
Government,DR MS 03319,13-Sep-25,AZCORE 500MG TAB,110.00,847.50,"93,225.00",0.00,"93,225.00",285.00,"31,350.00","61,875.00",66%
Government,DR MS 03190,13-Sep-25,CIPROGYL 2MG/ML (200MG/100ML),300.00,36.62,"10,986.00",0.00,"10,986.00",26.00,"7,800.00","3,186.00",29%
Government,DR MS 03190,13-Sep-25,VOLUMETRIC SOLUTION INFUSION SET 150ML (POLYVOL),100.00,211.27,"21,127.00",0.00,"21,127.00",155.00,"15,500.00","5,627.00",27%
Government,DR MS 03190,13-Sep-25,VOLUMETRIC SOLUTION INFUSION SET 150ML (POLYVOL),300.00,211.27,"63,381.00",0.00,"63,381.00",155.00,"46,500.00","16,881.00",27%
Government,DR MS 03190,13-Sep-25,VOLUMETRIC SOLUTION INFUSION SET 150ML (POLYVOL),100.00,211.27,"21,127.00",0.00,"21,127.00",155.00,"15,500.00","5,627.00",27%
Government,DR MS 03190,13-Sep-25,VOLUMETRIC SOLUTION INFUSION SET 150ML (POLYVOL),100.00,211.27,"21,127.00",0.00,"21,127.00",155.00,"15,500.00","5,627.00",27%
Government,DR MS 03190,13-Sep-25,VOLUMETRIC SOLUTION INFUSION SET 150ML (POLYVOL),100.00,211.27,"21,127.00",0.00,"21,127.00",155.00,"15,500.00","5,627.00",27%
Government,DR MS 03190,13-Sep-25,VOLUMETRIC SOLUTION INFUSION SET 150ML (POLYVOL),10.00,211.27,"2,112.70",0.00,"2,112.70",155.00,"1,550.00",562.70,27%
Government,DR MS 03190,13-Sep-25,VOLUMETRIC SOLUTION INFUSION SET 150ML (POLYVOL),10.00,211.27,"2,112.70",0.00,"2,112.70",155.00,"1,550.00",562.70,27%
Government,DR MS 03190,13-Sep-25,INSULIN SYRINGE WITH NEEDLE 1/2CC 29GX1/2 (TERUMO),4.00,"1,197.00","4,788.00",0.00,"4,788.00",750.00,"3,000.00","1,788.00",37%
Government,DR MS 03193,13-Sep-25,IV CANNULA WITH INJECTION PORT LUER LOCK G24 0.7X19MM (CATHULA),3.00,"3,380.00","10,140.00",0.00,"10,140.00","2,400.00","7,200.00","2,940.00",29%
Government,DR MS 03193,13-Sep-25,IV CANNULA WITH INJECTION PORT LUER LOCK G24 0.7X19MM (CATHULA),0.13,"3,380.00",439.40,0.00,439.40,"2,400.00",312.00,127.40,29%
Government,DR MS 03193,13-Sep-25,IV CANNULA WITH INJECTION PORT LUER LOCK G24 0.7X19MM (CATHULA),0.05,"3,380.00",169.00,0.00,169.00,"2,400.00",120.00,49.00,29%
Government,DR MS 03193,13-Sep-25,IV CANNULA WITHOUT INJECTION PORT LUER LOCK G26 0.6X19MM (CATHULA),0.02,"3,380.00",67.60,0.00,67.60,"2,400.00",48.00,19.60,29%
Government,DR MS 03193,13-Sep-25,IV CANNULA WITHOUT INJECTION PORT LUER LOCK G26 0.6X19MM (CATHULA),6.00,"3,380.00","20,280.00",0.00,"20,280.00","2,400.00","14,400.00","5,880.00",29%
Government,DR MS 03492,25-Oct-25,GAUZE PAD STERILE 4''x8''x8PLY 28X24 MESH (PARTNERS),8.00,640.00,"5,120.00",0.00,"5,120.00",130.00,"1,040.00","4,080.00",80%
Government,DR MS 03492,25-Oct-25,NASAL OXYGEN CANNULA PEDIA (SURGITECH),38.00,35.00,"1,330.00",0.00,"1,330.00",20.00,760.00,570.00,43%
Government,DR MS 03492,25-Oct-25,NASAL OXYGEN CANNULA ADULT (SURGITECH),39.00,30.00,"1,170.00",0.00,"1,170.00",20.00,780.00,390.00,33%
Government,DR MS 03492,25-Oct-25,IRRIGATION SOLUTION 1L (EUROMED),8.00,85.00,680.00,0.00,680.00,90.00,720.00,-40.00,-6%
Government,DR MS 03492,25-Oct-25,DISPOSABLE SYRINGE WITHOUT NEEDLE 50CC/ML (TERUMO),8.00,"1,160.00","9,280.00",0.00,"9,280.00",400.00,"3,200.00","6,080.00",66%
Government,DR MS 03492,25-Oct-25,BATTERY AA,20.00,220.00,"4,400.00",0.00,"4,400.00",96.00,"1,920.00","2,480.00",56%
Government,DR MS 03492,25-Oct-25,ELASTIC BANDAGE 2X5 (INDOPLAS),20.00,20.00,400.00,0.00,400.00,12.00,240.00,160.00,40%
Government,DR MS 03492,25-Oct-25,ELASTIC BANDAGE 3X5 (INDOPLAS),20.00,25.00,500.00,0.00,500.00,24.00,480.00,20.00,4%
Government,DR MS 03492,25-Oct-25,ELASTIC BANDAGE 6X5 (INDOPLAS),20.00,40.00,800.00,0.00,800.00,48.00,960.00,-160.00,-20%
Government,DR MS 03492,25-Oct-25,WADDING SHEET - 4X5,6.00,60.00,360.00,0.00,360.00,47.00,282.00,78.00,22%
Government,DR MS 03492,25-Oct-25,WADDING SHEET - 6X5,8.00,75.00,600.00,0.00,600.00,56.00,448.00,152.00,25%
Government,DR MS 03492,25-Oct-25,PLASTER OF PARIS BANDAGE 6X5,8.00,190.00,"1,520.00",0.00,"1,520.00",75.00,600.00,920.00,61%
Government,DR MS 03492,25-Oct-25,TRIANGULAR BANDAGE,8.00,65.00,520.00,0.00,520.00,75.00,600.00,-80.00,-15%
Batangas,DR 026007,18-Oct-25,ENHAMOX 500MG/125MG,2.00,"3,600.00","7,200.00",360.00,"6,840.00","1,115.00","2,230.00","4,610.00",64%
Batangas,DR 026007,18-Oct-25,BENERVA FORTE 300MG/100MG/100MCG,2.00,"1,590.00","3,180.00",159.00,"3,021.00",525.00,"1,050.00","1,971.00",62%
Batangas,DR 026007,18-Oct-25,ZELEX 200MG CAP,2.00,"2,800.00","5,600.00",280.00,"5,320.00",925.00,"1,850.00","3,470.00",62%
Batangas,DR 026007,18-Oct-25,VOXOLL 30MG,2.00,800.00,"1,600.00",80.00,"1,520.00",168.00,336.00,"1,184.00",74%
Batangas,DR 026007,18-Oct-25,ENHAMOX 250MG/62.5MG/5ML 60ML,12.00,400.00,"4,800.00",240.00,"4,560.00",136.00,"1,632.00","2,928.00",61%
Government,DR MS 03492,25-Oct-25,MICROPORE 1X10 2.5CMX9.1M (3M),5.00,"1,060.00","5,300.00",0.00,"5,300.00",490.00,"2,450.00","2,850.00",54%
Government,DR MS 03492,25-Oct-25,ADHESIVE BANDAGE WOUND DRESSING PARATULLE 10CM X 10M X 1'S,25.00,45.00,"1,125.00",0.00,"1,125.00",38.00,950.00,175.00,16%
Batangas,DR 026011,18-Oct-25,BENERVA PLUS 500MG/50MG/100MG/100MCG,5.00,"1,800.00","9,000.00",0.00,"9,000.00",615.00,"3,075.00","5,925.00",66%
Batangas,DR 026011,18-Oct-25,EMLOR PLUS 5MG/50MG,7.00,590.00,"4,130.00",0.00,"4,130.00",216.00,"1,512.00","2,618.00",63%
Batangas,DR 026011,18-Oct-25,VOXOLL 15MG/5ML,8.00,72.00,576.00,0.00,576.00,33,264,312.00,54%
Hospital,DR MS 03487,25-Oct-25,BLADE HOLDER SIZE 3'' (OLTEN),1.00,256.00,256.00,0.00,256.00,130.00,130.00,126.00,49%
Hospital,DR MS 03487,25-Oct-25,TOWEL CLIPS 5 1/2'',4.00,705.00,"2,820.00",0.00,"2,820.00",358.00,"1,432.00","1,388.00",49%
Hospital,DR MS 03487,25-Oct-25,OVUM FORCEP 9 1/2'' (OLTEN),1.00,"1,120.00","1,120.00",0.00,"1,120.00",562.00,562.00,558.00,50%
Hospital,DR MS 03487,25-Oct-25,NEEDLE HOLDER 8'' (OLTEN),2.00,970.00,"1,940.00",0.00,"1,940.00",488.00,976.00,964.00,50%
Hospital,DR MS 03487,25-Oct-25,NEEDLE HOLDER 7 1/4 (OLTEN),6.00,970.00,"5,820.00",0.00,"5,820.00",488.00,"2,928.00","2,892.00",50%
Hospital,DR MS 03487,25-Oct-25,BOBCOC 7 1/2'' (OLTEN),6.00,990.00,"5,940.00",0.00,"5,940.00",498.00,"2,988.00","2,952.00",50%
Hospital,DR MS 03487,25-Oct-25,ALLIES 7 1/2'' (OLTEN),6.00,970.00,"5,820.00",0.00,"5,820.00",488.00,"2,928.00","2,892.00",50%
Hospital,DR MS 03487,25-Oct-25,KELLY STRAIGHT 8'' (OLTEN),6.00,970.00,"5,820.00",0.00,"5,820.00",488.00,"2,928.00","2,892.00",50%
Hospital,DR MS 03487,25-Oct-25,MOSQUITO CURVED 5 1/2 (OLTEN),6.00,705.00,"4,230.00",0.00,"4,230.00",355.00,"2,130.00","2,100.00",50%
Hospital,DR MS 03487,25-Oct-25,MIXTER 7'' (OLTEN),3.00,"1,020.00","3,060.00",0.00,"3,060.00",510.00,"1,530.00","1,530.00",50%
Hospital,DR MS 03487,25-Oct-25,MIXTER 8'' (OLTEN),3.00,"1,090.00","3,270.00",0.00,"3,270.00",548.00,"1,644.00","1,626.00",50%
Batangas,DR 026013,25-Oct-25,HISTARIL 50MG/1MG/5ML,2.00,960.00,"1,920.00",96.00,"1,824.00",35.00,70.00,"1,754.00",91%
Batangas,DR 026013,25-Oct-25,ZELEX 200MG CAP,1.00,"2,800.00","2,800.00",140.00,"2,660.00",925.00,925.00,"1,735.00",62%
Batangas,DR 026014,25-Oct-25,TRIZEF 200MG TAB,2.00,"9,375.00","18,750.00",0.00,"18,750.00","1,600.00","3,200.00","15,550.00",83%
Batangas,DR 026015,25-Oct-25,DOLOGESIC 325MG/37.5MG TAB,5.00,"1,080.00","5,400.00",0.00,"5,400.00",270.00,"1,350.00","4,050.00",75%
Batangas,DR 026015,25-Oct-25,VOXOLL 30MG,5.00,715.00,"3,575.00",0.00,"3,575.00",168.00,840.00,"2,735.00",77%
Batangas,DR 026015,25-Oct-25,TRIDEN 160MG TAB,3.00,"2,560.00","7,680.00",0.00,"7,680.00",720.00,"2,160.00","5,520.00",72%
Batangas,DR 26016,25-Oct-25,AFENAX 100MG TAB,5.00,"1,980.00","9,900.00",0.00,"9,900.00",595.00,"2,975.00","6,925.00",70%
Batangas,DR 26016,25-Oct-25,EMZART-40 40MG,10.00,548.00,"5,480.00",0.00,"5,480.00",156.00,"1,560.00","3,920.00",72%
Hospital,DR MS 03499,25-Oct-25,MONOWEL 1G IV,"1,500.00",644.00,"966,000.00",0.00,"966,000.00",458.77,"688,161.60","277,838.40",29%
Government,DR RM 0002084,31-Oct-25,"PAGBILAO # 569,792.00",1.00,"177,660.00","177,660.00",0.00,"177,660.00","374,123.01","374,123.01","-196,463.01",-111%
Government,DR RM 0002085,31-Oct-25,,1.00,"95,374.00","95,374.00",0.00,"95,374.00",,,"95,374.00",100%
Government,DR RM 0002086,31-Oct-25,,1.00,"196,150.00","196,150.00",0.00,"196,150.00",,,"196,150.00",100%
Government,DR RM 0002087,31-Oct-25,,1.00,"99,392.00","99,392.00",0.00,"99,392.00",,,"99,392.00",100%
Quezon,DR 026074,18-Oct-25,ZEFTACARE 1G IV,50.00,120.00,"6,000.00",0.00,"6,000.00",44.00,"2,200.00","3,800.00",63%
Quezon,DR 026075,18-Oct-25,ZEFTACARE 1G IV,50.00,120.00,"6,000.00",0.00,"6,000.00",44.00,"2,200.00","3,800.00",63%
Quezon,DR 026076,18-Oct-25,BENERVA FORTE 300MG/100MG/100MCG,1.00,"1,540.00","1,540.00",0.00,"1,540.00",525.00,525.00,"1,015.00",66%
Quezon,DR 026076,18-Oct-25,BENERVA PLUS 500MG/50MG/100MG/100MCG,1.00,"2,000.00","2,000.00",0.00,"2,000.00",615.00,615.00,"1,385.00",69%
Quezon,DR 026077,18-Oct-25,VOXOLL 15MG/5ML,15.00,80.00,"1,200.00",360.00,840.00,33.00,495.00,345.00,29%
Quezon,DR 026078,18-Oct-25,VOXOLL 30MG,3.00,800.00,"2,400.00",720.00,"1,680.00",168.00,504.00,"1,176.00",49%
Quezon,DR 026079,18-Oct-25,HYCLENS WOUND SPRAY 2% 60ML,11.00,254.55,"2,800.00",0.00,"2,800.00",114.66,"1,261.26","1,538.74",55%
Quezon,DR 026080,18-Oct-25,SANOMAX-FA,5.00,"1,400.00","7,000.00","2,100.00","4,900.00",560.00,"2,800.00","2,100.00",30%
Quezon,DR 026081,25-Oct-25,KZIDINE 35MG,10.00,"1,350.00","13,500.00","4,725.00","8,775.00",600.00,"6,000.00","2,775.00",21%
Quezon,DR 026083,25-Oct-25,BUFEN 200MG/5ML,20.00,121.00,"2,420.00",0.00,"2,420.00",47.50,950.00,"1,470.00",61%
Quezon,DR 026083,25-Oct-25,HYCLENS GARGLE 0.12% 60ML,12.00,128.00,"1,536.00",0.00,"1,536.00",65.00,780.00,756.00,49%
Quezon,DR 026084,25-Oct-25,VOXOLL 15MG/5ML,10.00,80.00,800.00,240.00,560.00,33.00,330.00,230.00,29%
Quezon,DR 026085,25-Oct-25,VOXOLL 15MG/5ML,10.00,80.00,800.00,240.00,560.00,33.00,330.00,230.00,29%
Quezon,DR 026086,25-Oct-25,GITOR-40 40MG,38.00,"3,500.00","133,000.00",0.00,"133,000.00",875.00,"33,250.00","99,750.00",75%
Quezon,DR 026086,25-Oct-25,SI2NORM 50MG,20.00,882.00,"17,640.00",0.00,"17,640.00",338.00,"6,760.00","10,880.00",62%
Quezon,DR 026087,25-Oct-25,KZIDINE 35MG,1.00,"1,350.00","1,350.00",405.00,945.00,600.00,600.00,345.00,26%
Quezon,DR 026087,25-Oct-25,AMO-5 5MG,1.00,304.00,304.00,91.20,212.80,76.00,76.00,136.80,45%
Quezon,DR 026088,25-Oct-25,FOLACID 5MG CAP,10.00,615.00,"6,150.00",0.00,"6,150.00",236.25,"2,362.50","3,787.50",62%
Quezon,DR 026089,25-Oct-25,SANOMAX-FA,5.00,"1,400.00","7,000.00","2,100.00","4,900.00",560.00,"2,800.00","2,100.00",30%
Quezon,DR 026090,25-Oct-25,BENERVA FORTE 300MG/100MG/100MCG,1.00,"1,078.00","1,078.00",0.00,"1,078.00",525.00,525.00,553.00,51%
Government,DR MS 03501,31-Oct-25,CORPILYN 500MG,20.00,13.50,270.00,0.00,270.00,13.50,270.00,0.00,0%
Government,DR MS 03501,31-Oct-25,CORPILYN 500MG,"1,460.00",13.50,"19,710.00",0.00,"19,710.00",13.50,"19,710.00",0.00,0%
Admin,DR 025834,28-Oct-25,CALCI-MAX 600- 1500MG/200IU,7.00,678.57,"4,749.99",0.00,"4,749.99",350.00,"2,450.00","2,299.99",48%
Admin,DR 025834,28-Oct-25,SANOMAX-FA,7.00,857.14,"5,999.98",0.00,"5,999.98",560.00,"3,920.00","2,079.98",35%
Admin,DR 025834,28-Oct-25,DUVAGEN 10MG,7.00,671.43,"4,700.01",0.00,"4,700.01",365.00,"2,555.00","2,145.01",46%
Hospital,DR MS 03490,31-Oct-25,AMBIDAZOL 125MG/5ML,20.00,26.76,535.20,0.00,535.20,17.00,340.00,195.20,36%
Hospital,DR MS 03490,31-Oct-25,"XYLODENT 20MG/ML (2%)/1: 100,000 1.8ML",8.00,"1,450.50","11,604.00",0.00,"11,604.00",870.00,"6,960.00","4,644.00",40%
Hospital,DR MS 03490,31-Oct-25,XOPRAZOLE PLUS 40MG,30.00,472.00,"14,160.00",0.00,"14,160.00",320.00,"9,600.00","4,560.00",32%
Hospital,DR MS 03490,31-Oct-25,TROVIPRI 80MG,5.00,479.00,"2,395.00",0.00,"2,395.00",320.00,"1,600.00",795.00,33%
Hospital,DR MS 03490,31-Oct-25,CEFIXSAPH-100 100MG/5ML,10.00,102.82,"1,028.20",0.00,"1,028.20",130.00,"1,300.00",-271.80,-26%
Hospital,DR MS 03490,31-Oct-25,PERISPA 50MG,3.33,947.70,"3,159.00",0.00,"3,159.00",726.00,"2,420.00",739.00,23%
Hospital,DR MS 03490,31-Oct-25,HYOSAPH 20MG/ML,150.00,340.00,"51,000.00",0.00,"51,000.00",170.00,"25,500.00","25,500.00",50%
Hospital,DR MS 03490,31-Oct-25,SAPHORBIDE-30 30MG,5.00,559.00,"2,795.00",0.00,"2,795.00",291.00,"1,455.00","1,340.00",48%
Hospital,DR MS 03490,31-Oct-25,METOCLOSIL 5MG/ML (10MG/2ML),50.00,81.70,"4,085.00",0.00,"4,085.00",60.00,"3,000.00","1,085.00",27%
Hospital,DR MS 03490,31-Oct-25,FEDVITS CAP,3.00,101.00,303.00,0.00,303.00,68.00,204.00,99.00,33%
Quezon,DR 026091,31-Oct-25,MERGOT 125MCG,2.00,"1,150.00","2,300.00",0.00,"2,300.00",680.00,"1,360.00",940.00,41%
Quezon,DR 026091,31-Oct-25,AMINOSOL 25MG/ML (250MG/10ML) 10ML,5.00,665.00,"3,325.00",0.00,"3,325.00",85.00,425.00,"2,900.00",87%
Quezon,DR 026091,31-Oct-25,TROPIN 1MG/ML IM/IV/SC,5.00,780.00,"3,900.00",0.00,"3,900.00",210.00,"1,050.00","2,850.00",73%
Quezon,DR 026091,31-Oct-25,OPTRYL 5MG/G (0.5%) 5G,30.00,215.00,"6,450.00",0.00,"6,450.00",136.10,"4,083.00","2,367.00",37%
Quezon,DR 026091,31-Oct-25,PHYTOBAS 10MG/ML IV,20.00,830.00,"16,600.00",0.00,"16,600.00",140.00,"2,800.00","13,800.00",83%
Quezon,DR 026092,31-Oct-25,KZIDINE 35MG,10.00,"1,350.00","13,500.00","4,725.00","8,775.00",600.00,"6,000.00","2,775.00",21%
Quezon,DR 026093,31-Oct-25,AMOLTEX 2MG/5ML,30.00,98.00,"2,940.00",0.00,"2,940.00",28.00,840.00,"2,100.00",71%
Marinduque,DR 026094,31-Oct-25,FERGLOBIN 250MG CAP,10.00,800.00,"8,000.00","2,400.00","5,600.00",325.00,"3,250.00","2,350.00",29%
Marinduque,DR 026095,31-Oct-25,BENERVA PLUS 500MG/50MG/100MG/100MCG,10.00,"2,000.00","20,000.00",0.00,"20,000.00",615.00,"6,150.00","13,850.00",69%
Marinduque,DR 026096,31-Oct-25,HYCLENS WOUND SPRAY 2% 60ML,14.00,280.00,"3,920.00",392.00,"3,528.00",114.66,"1,605.24","1,922.76",49%
Marinduque,DR 026097,31-Oct-25,BENERVA FORTE 300MG/100MG/100MCG,15.00,"1,540.00","23,100.00","6,930.00","16,170.00",525.00,"7,875.00","8,295.00",36%
Batangas,DR 026021,31-Oct-25,EMZART-80 80MG,10.00,948.00,"9,480.00",0.00,"9,480.00",264.00,"2,640.00","6,840.00",72%
Batangas,DR 026019,31-Oct-25,BENERVA PLUS 500MG/50MG/100MG/100MCG,5.00,"1,800.00","9,000.00",0.00,"9,000.00",615.00,"3,075.00","5,925.00",66%
Batangas,DR 026019,31-Oct-25,EMLOR PLUS 5MG/50MG,10.00,590.00,"5,900.00",0.00,"5,900.00",216.00,"2,160.00","3,740.00",63%
Batangas,DR 026020,31-Oct-25,BENERVA FORTE 300MG/100MG/100MCG,5.00,"1,590.00","7,950.00",0.00,"7,950.00",525.00,"2,625.00","5,325.00",67%
Batangas,DR 026020,31-Oct-25,TRIDEN 160MG TAB,3.00,"2,560.00","7,680.00",0.00,"7,680.00",720.00,"2,160.00","5,520.00",72%
Batangas,DR 026022,31-Oct-25,ENHAMOX 250MG/62.5MG/5ML 60ML,30.00,400.00,"12,000.00",600.00,"11,400.00",136.00,"4,080.00","7,320.00",61%
Batangas,DR 026022,31-Oct-25,BENERVA FORTE 300MG/100MG/100MCG,2.00,"1,590.00","3,180.00",159.00,"3,021.00",525.00,"1,050.00","1,971.00",62%
Batangas,DR 026022,31-Oct-25,ZELEX 200MG CAP,2.00,"2,800.00","5,600.00",280.00,"5,320.00",925.00,"1,850.00","3,470.00",62%
Batangas,DR 026022,31-Oct-25,CARDIZAR 50MG TAB,3.00,360.00,"1,080.00",54.00,"1,026.00",120.00,360.00,666.00,62%
Batangas,DR 026017,31-Oct-25,HYCLENS GARGLE 0.12% 120ML,12.00,153.00,"1,836.00",0.00,"1,836.00",88.00,"1,056.00",780.00,42%
Batangas,DR 026018,31-Oct-25,HIVENT PLUS 500MCG+2.5MG/2.5ML,4.00,525.00,"2,100.00",0.00,"2,100.00",381.00,"1,524.00",576.00,27%
Batangas,DR 026018,31-Oct-25,TAZACIN 4G/500MG IV,20.00,227.50,"4,550.00",0.00,"4,550.00",148.00,"2,960.00","1,590.00",35%
Admin,DR 025835,05-Nov-25,APCELAC 500MG,7.00,655.00,"4,585.00",0.00,"4,585.00",400.00,"2,800.00","1,785.00",39%
Admin,DR 025835,05-Nov-25,SANOMAX-FA,7.00,857.14,"5,999.98",0.00,"5,999.98",560.00,"3,920.00","2,079.98",35%
Admin,DR 025835,05-Nov-25,CALCI-MAX 600- 1500MG/200IU,7.00,678.57,"4,749.99",0.00,"4,749.99",350.00,"2,450.00","2,299.99",48%
Admin,DR 025835,05-Nov-25,FERGLOBIN 250MG CAP,7.00,517.86,"3,625.00",0.00,"3,625.00",325.00,"2,275.00","1,350.00",37%
Admin,DR 025835,05-Nov-25,MUCOLIFAR 500MG TAB,3.00,"3,500.00","10,500.00",0.00,"10,500.00","1,100.00","3,300.00","7,200.00",69%
Admin,DR 025835,05-Nov-25,ENHAMOX 500MG/125MG,3.00,"2,800.00","8,400.00",0.00,"8,400.00","1,115.00","3,345.00","5,055.00",60%
Admin,DR 025835,05-Nov-25,HYCLENS OB WASH 1% 100ML,15.00,152.50,"2,287.50",0.00,"2,287.50",138.60,"2,079.00",208.50,9%
Admin,DR 025835,05-Nov-25,GLOVES MEDIUM NITRILE NONSTERILE (GLOMED),3.00,450.00,"1,350.00",0.00,"1,350.00",200.00,600.00,750.00,56%
Admin,DR 025835,05-Nov-25,HEMOXIN 500MG,3.00,"1,500.00","4,500.00",0.00,"4,500.00",435.00,"1,305.00","3,195.00",71%
Hospital,DR MS 03491,31-Oct-25,BABY OIL 50ML (JOHNSON),12.00,64,768,0.00,768.00,50,600,168.00,22%
Hospital,DR MS 03491,31-Oct-25,NON VENTED MASK MEDIUM (EASEFIT),2.00,"6,200.00","12,400.00",0.00,"12,400.00",4500,9000,"3,400.00",27%
Hospital,DR MS 03482,31-Oct-25,BABY OIL 50ML (JOHNSON),12.00,64.00,768.00,0.00,768.00,50,600,168.00,22%
Hospital,DR MS 03482,31-Oct-25,HYCLENS WOUND SPRAY 2% 60ML,50.00,252.00,"12,600.00",0.00,"12,600.00",114.66,"5,733.00","6,867.00",55%
Hospital,DR MS 03493,31-Oct-25,EVAPROST 125MCG/0.5ML,2.00,"3,960.00","7,920.00",0.00,"7,920.00","1,872.00","3,744.00","4,176.00",53%
Hospital,DR MS 03493,31-Oct-25,DEXASAN 4MG/ML 2ML,20.00,"1,200.00","24,000.00",0.00,"24,000.00",200.00,"4,000.00","20,000.00",83%
Hospital,DR MS 03496,31-Oct-25,RAXIDINE 25MG/ML 2ML,10.00,555.00,"5,550.00",0.00,"5,550.00",100.00,"1,000.00","4,550.00",82%
Hospital,DR MS 03495,31-Oct-25,PHYTOBAS 10MG/ML IV,20.00,570.00,"11,400.00",0.00,"11,400.00",140.00,"2,800.00","8,600.00",75%
Hospital,DR MS 03494,31-Oct-25,GENTAM 40MG/ML (80MG/2ML) 2ML,10.00,315.00,"3,150.00",0.00,"3,150.00",43.00,430.00,"2,720.00",86%
Hospital,DR MS 03483,31-Oct-25,BUPIRIGHT 5MG/ML 0.5% IN 8% 4ML,50.00,555.00,"27,750.00",0.00,"27,750.00",165.18,"8,259.00","19,491.00",70%
Government,DR RM 0002129,29-Nov-25,"PAGBILAO # 153,057.00",1.00,"32,861.00","32,861.00",0.00,"32,861.00","100,184.45","100,184.45","-67,323.45",-205%
Government,DR RM 0002130,29-Nov-25,,1.00,"67,414.00","67,414.00",0.00,"67,414.00",,,"67,414.00",100%
Government,DR RM 0002131,29-Nov-25,,1.00,"26,626.00","26,626.00",0.00,"26,626.00",,,"26,626.00",100%
Government,DR RM 0002132,29-Nov-25,,1.00,"25,353.00","25,353.00",0.00,"25,353.00",,,"25,353.00",100%
Government,DR MS 03514,22-Nov-25,COTTON ROLL 400G (TENDERSOFT),20.00,290.00,"5,800.00",0.00,"5,800.00",150.00,"3,000.00","2,800.00",48%
Government,DR MS 03514,22-Nov-25,ISOPROPHYL ALCOHOL 70% GALLON (DR.J),20.00,597.00,"11,940.00",0.00,"11,940.00",462.00,"9,240.00","2,700.00",23%
Admin,DR 025836,11-Nov-25,CALCI-MAX 600- 1500MG/200IU,7.00,678.57,"4,749.99",0.00,"4,749.99",350.00,"2,450.00","2,299.99",48%
Admin,DR 025836,11-Nov-25,FOLACID 5MG CAP,7.00,464.29,"3,250.03",0.00,"3,250.03",236.25,"1,653.75","1,596.28",49%
Admin,DR 025836,11-Nov-25,ENCLOXIL 500MG CAP,7.00,"1,392.86","9,750.02",0.00,"9,750.02",780.00,"5,460.00","4,290.02",44%
Admin,DR 025836,11-Nov-25,DIACYSTEINE 600- 600MG,7.00,385.00,"2,695.00",0.00,"2,695.00",115.00,805.00,"1,890.00",70%
Admin,DR 025836,11-Nov-25,MERGOT 125MCG,3.00,"2,000.00","6,000.00",0.00,"6,000.00",680.00,"2,040.00","3,960.00",66%
Admin,DR 025836,11-Nov-25,DOLOGESIC 325MG/37.5MG TAB,3.00,945.00,"2,835.00",0.00,"2,835.00",270.00,810.00,"2,025.00",71%
Admin,DR 025836,11-Nov-25,HYCLENS OB WASH 1% 100ML,10.00,152.50,"1,525.00",0.00,"1,525.00",138.60,"1,386.00",139.00,9%
Admin,DR 025836,11-Nov-25,CIXTOR-Z 500MG/10MG,7.00,630.00,"4,410.00",0.00,"4,410.00",210.00,"1,470.00","2,940.00",67%
Admin,DR 025836,11-Nov-25,ULTRASOUND TRANSMISSION GEL 5 LITERS,1.00,"1,800.00","1,800.00",0.00,"1,800.00",580.00,580.00,"1,220.00",68%
Admin,DR 025836,11-Nov-25,ROSEANNE 1000MG/992MG,7.00,"1,000.00","7,000.00",0.00,"7,000.00",112.00,784.00,"6,216.00",89%
Batangas,DR 026023,08-Nov-25,ENHAMOX 500MG/125MG,3.00,"3,600.00","10,800.00",540.00,"10,260.00","1,115.00","3,345.00","6,915.00",64%
Batangas,DR 026023,08-Nov-25,CENDALEX 500MG,6.00,"1,100.00","6,600.00",330.00,"6,270.00",287.50,"1,725.00","4,545.00",69%
Batangas,DR 026024,08-Nov-25,VOXOLL 30MG,3.00,715.00,"2,145.00",0.00,"2,145.00",168.00,504.00,"1,641.00",77%
Batangas,DR 026024,08-Nov-25,AFENAX 100MG TAB,3.00,"1,980.00","5,940.00",0.00,"5,940.00",595.00,"1,785.00","4,155.00",70%
Batangas,DR 026024,08-Nov-25,PREVEN-Z GOLD 500MG/10MG/1000IU,3.00,"1,760.00","5,280.00",0.00,"5,280.00",445.00,"1,335.00","3,945.00",75%
Batangas,DR 026025,08-Nov-25,TRIDEN 160MG TAB,3.00,"2,560.00","7,680.00",0.00,"7,680.00",720.00,"2,160.00","5,520.00",72%
Batangas,DR 026025,08-Nov-25,BENERVA PLUS 500MG/50MG/100MG/100MCG,5.00,"1,800.00","9,000.00",0.00,"9,000.00",615.00,"3,075.00","5,925.00",66%
Batangas,DR 026027,08-Nov-25,ENHAMOX 500MG/125MG,2.00,"3,600.00","7,200.00",0.00,"7,200.00","1,115.00","2,230.00","4,970.00",69%
Batangas,DR 026028,08-Nov-25,ENHAMOX 500MG/125MG,1.00,"3,600.00","3,600.00",0.00,"3,600.00","1,115.00","1,115.00","2,485.00",69%
Batangas,DR 026029,08-Nov-25,CENDALEX 500MG,3.00,"1,100.00","3,300.00",0.00,"3,300.00",287.50,862.50,"2,437.50",74%
Batangas,DR 026030,08-Nov-25,CENDALEX 500MG,3.00,"1,100.00","3,300.00",0.00,"3,300.00",287.50,862.50,"2,437.50",74%
Batangas,DR 026031,15-Nov-25,DOLOGESIC 325MG/37.5MG TAB,5.00,"1,080.00","5,400.00",0.00,"5,400.00",270.00,"1,350.00","4,050.00",75%
Batangas,DR 026031,15-Nov-25,VOXOLL 30MG,6.00,715.00,"4,290.00",0.00,"4,290.00",168.00,"1,008.00","3,282.00",77%
Batangas,DR 026031,15-Nov-25,EMZART-40 40MG,10.00,548.00,"5,480.00",0.00,"5,480.00",156.00,"1,560.00","3,920.00",72%
Quezon,DR 026111,22-Nov-25,KZIDINE 35MG,10.00,"1,350.00","13,500.00","4,725.00","8,775.00",600.00,"6,000.00","2,775.00",21%
Quezon,DR 026110,15-Nov-25,BENERVA FORTE 300MG/100MG/100MCG,1.00,"1,540.00","1,540.00",462.00,"1,078.00",525.00,525.00,553.00,36%
Quezon,DR 026109,15-Nov-25,FERGLOBIN 250MG CAP,10.00,800.00,"8,000.00","2,400.00","5,600.00",325.00,"3,250.00","2,350.00",29%
Quezon,DR 026108,15-Nov-25,VOXOLL 15MG/5ML,10.00,80.00,800.00,240.00,560.00,33.00,330.00,230.00,29%
Quezon,DR 026107,15-Nov-25,VOXOLL 15MG/5ML,16.00,80.00,"1,280.00",384.00,896.00,33.00,528.00,368.00,29%
Quezon,DR 026107,15-Nov-25,HISTARIL 50MG/1MG/5ML,10.00,98.00,980.00,294.00,686.00,35,350,336.00,34%
Quezon,DR 026106,15-Nov-25,FERGLOBIN 250MG CAP,2.00,800.00,"1,600.00",480.00,"1,120.00",325.00,650.00,470.00,29%
Quezon,DR 026105,15-Nov-25,CARVIDA 6.25MG,16.00,528.00,"8,448.00",0.00,"8,448.00",132.00,"2,112.00","6,336.00",75%
Quezon,DR 026105,15-Nov-25,CLOVAS 75MG TAB,30.00,"1,410.00","42,300.00",0.00,"42,300.00",386.40,"11,592.00","30,708.00",73%
Quezon,DR 026102,15-Nov-25,VOXOLL 15MG/5ML,24.00,80.00,"1,920.00",576.00,"1,344.00",33.00,792.00,552.00,29%
Admin,DR 025838,19-Nov-25,CALCI-MAX 600- 1500MG/200IU,7.00,678.57,"4,749.99",0.00,"4,749.99",350,2450,"2,299.99",48%
Admin,DR 025838,19-Nov-25,SANOMAX - FA,7.00,857.14,"5,999.98",0.00,"5,999.98",560,3920,"2,079.98",35%
Admin,DR 025838,19-Nov-25,FERGLOBIN FA 60MG/400MCG CAP,7.00,642.86,"4,500.02",0.00,"4,500.02",325.00,"2,275.00","2,225.02",49%
Admin,DR 025838,19-Nov-25,DUVAGEN 10MG,7.00,671.43,"4,700.01",0.00,"4,700.01",365,2555,"2,145.01",46%
Admin,DR 025838,19-Nov-25,HEMOXIN 500MG,3.00,"1,500.00","4,500.00",0.00,"4,500.00",435,1305,"3,195.00",71%
Admin,DR 025838,19-Nov-25,HYCLENS OB WASH 1% 100ML,15.00,152.50,"2,287.50",0.00,"2,287.50",138.6,2079,208.50,9%
Quezon,DR 026104,08-Nov-25,HYCLENS WOUND SPRAY 2% 60ML,11.00,254.55,"2,800.00",0.00,"2,800.00",114.66,"1,261.26","1,538.74",55%
Quezon,DR 026098,08-Nov-25,KZIDINE 35MG,10.00,"1,350.00","13,500.00","4,725.00","8,775.00",600,6000,"2,775.00",21%
Quezon,DR 026099,08-Nov-25,BENERVA FORTE 300MG/100MG/100MCG,1.00,"1,540.00","1,540.00",0.00,"1,540.00",525,525,"1,015.00",66%
Quezon,DR 026101,08-Nov-25,BENERVA PLUS 500MG/50MG/100MG/100MCG,9.00,"1,066.67","9,600.00",0.00,"9,600.00",615,5535,"4,065.00",42%
Quezon,DR 026103,08-Nov-25,HYCLENS GARGLE 0.12% 60ML,12.00,128.00,"1,536.00",0.00,"1,536.00",65.00,780.00,756.00,49%
Quezon,DR 026103,08-Nov-25,HYCLENS WOUND SPRAY 2% 60ML,6.00,280.00,"1,680.00",0.00,"1,680.00",114.66,687.96,992.04,59%
Hospital,DR MS 03513,22-Nov-25,ANTIZOAL 5MG/ML (500MG/100ML) 100ML,50.00,120.00,"6,000.00",0.00,"6,000.00",15.00,750.00,"5,250.00",88%
Hospital,DR MS 03511,22-Nov-25,BENERVA PLUS 500MG/50MG/100MG/100MCG,6.00,"1,550.00","9,300.00",0.00,"9,300.00",615.00,"3,690.00","5,610.00",60%
Hospital,DR MS 03511,22-Nov-25,BUPIRIGHT 5MG/ML 0.5% IN 8% 4ML,30.00,620.00,"18,600.00",0.00,"18,600.00",165.18,"4,955.40","13,644.60",73%
Hospital,DR MS 03511,22-Nov-25,ENDOPROST 250MCG/ML,6.00,"4,800.00","28,800.00",0.00,"28,800.00",1325,7950,"20,850.00",72%
Hospital,DR MS 03511,22-Nov-25,ENHAMOX 500MG/125MG,5.00,"2,800.20","14,001.00",0.00,"14,001.00",1115,5575,"8,426.00",60%
Hospital,DR MS 03511,22-Nov-25,PHYTOBAS 10MG/ML IV,5.00,900.00,"4,500.00",0.00,"4,500.00",140.00,700.00,"3,800.00",84%
Hospital,DR MS 03511,22-Nov-25,SITIXON 1G 10ML,30.00,120.00,"3,600.00",0.00,"3,600.00",32.00,960.00,"2,640.00",73%
Hospital,DR MS 03511,22-Nov-25,TROPIN 1MG/ML IM/IV/SC,2.00,900.00,"1,800.00",0.00,"1,800.00",210.00,420.00,"1,380.00",77%
Batangas,DR 026035,22-Nov-25,BENERVA FORTE 300MG/100MG/100MCG,3.00,"1,590.00","4,770.00",0.00,"4,770.00",525.00,"1,575.00","3,195.00",67%
Batangas,DR 026035,22-Nov-25,RIBER 500MG,5.00,300.00,"1,500.00",0.00,"1,500.00",90.00,450.00,"1,050.00",70%
Batangas,DR 026035,22-Nov-25,VOXOLL 15MG/5ML,20.00,72.00,"1,440.00",0.00,"1,440.00",33.00,660.00,780.00,54%
Batangas,DR 026034,22-Nov-25,TRIDEN 160MG TAB,3.00,"2,560.00","7,680.00",0.00,"7,680.00",720.00,"2,160.00","5,520.00",72%
Batangas,DR 026034,22-Nov-25,ROSVA 10-10MG,10.00,738.00,"7,380.00",0.00,"7,380.00",250.00,"2,500.00","4,880.00",66%
Batangas,DR 026033,22-Nov-25,EMLOR PLUS 5MG/50MG,9.00,590.00,"5,310.00",0.00,"5,310.00",216.00,"1,944.00","3,366.00",63%
Batangas,DR 026033,22-Nov-25,EMZART-40 40MG,10.00,548.00,"5,480.00",0.00,"5,480.00",156.00,"1,560.00","3,920.00",72%
Batangas,DR 026032,22-Nov-25,ENHAMOX 500MG/125MG,4.00,"3,600.00","14,400.00",720.00,"13,680.00","1,115.00","4,460.00","9,220.00",64%
Batangas,DR 026032,22-Nov-25,ENHAMOX 250MG/62.5MG/5ML 60ML,20.00,400.00,"8,000.00",400.00,"7,600.00",136.00,"2,720.00","4,880.00",61%
Batangas,DR 026032,22-Nov-25,CENDALEX 500MG,6.00,"1,100.00","6,600.00",330.00,"6,270.00",287.50,"1,725.00","4,545.00",69%
Batangas,DR 026032,22-Nov-25,ZELEX 200MG CAP,2.00,"2,800.00","5,600.00",280.00,"5,320.00",925.00,"1,850.00","3,470.00",62%
Batangas,DR 026032,22-Nov-25,EMLOR PLUS 5MG/50MG,5.00,590.00,"2,950.00",147.50,"2,802.50",216.00,"1,080.00","1,722.50",58%
Batangas,DR 026032,22-Nov-25,VOXOLL 30MG,2.00,800.00,"1,600.00",80.00,"1,520.00",168.00,336.00,"1,184.00",74%
Batangas,DR 026032,22-Nov-25,VOXOLL 15MG/5ML,20.00,72.00,"1,440.00",72.00,"1,368.00",33.00,660.00,708.00,49%
Hospital,DR MS 03511,22-Nov-25,EPIX 1MG/ML IV,10.00,"1,200.00","12,000.00",0.00,"12,000.00",120,1200,"10,800.00",90%
Hospital,DR MS 03511,22-Nov-25,0.9% SODIUM CHLORIDE 9MG/ML 50ML (PHILRX ),44.00,80.00,"3,520.00",0.00,"3,520.00",32.26,1419.55,"2,100.45",60%
Government,DR MS 03506,22-Nov-25,FLUCYSTEINE 200MG 30's,16.67,420.00,"7,000.00",0.00,"7,000.00",210.00,"3,500.00","3,500.00",50%
Government,DR MS 03506,22-Nov-25,AZCORE 500MG TAB,10.00,"1,300.00","13,000.00",0.00,"13,000.00",285.00,"2,850.00","10,150.00",78%
Government,DR MS 03506,22-Nov-25,EXECORE 500MG TAB,30.00,"3,000.00","90,000.00",0.00,"90,000.00",78.00,"2,340.00","87,660.00",97%
Government,DR MS 03506,22-Nov-25,CELEKOP 200MG CAP,10.00,360.00,"3,600.00",0.00,"3,600.00",130.00,"1,300.00","2,300.00",64%
Government,DR MS 03506,22-Nov-25,VERTEX 25MG TAB,10.00,100.00,"1,000.00",0.00,"1,000.00",79,790,210.00,21%
Government,DR MS 03506,22-Nov-25,CLOPINOVA 75MG,10.00,160.00,"1,600.00",0.00,"1,600.00",87.00,870.00,730.00,46%
Government,DR MS 03506,22-Nov-25,SQCEF 125MG/5ML,100.00,200.00,"20,000.00",0.00,"20,000.00",84.00,"8,400.00","11,600.00",58%
Government,DR MS 03506,22-Nov-25,NATRAVOX 228.5MG/5ML,30.00,160.00,"4,800.00",0.00,"4,800.00",222.00,"6,660.00","-1,860.00",-39%
Government,DR MS 03506,22-Nov-25,MEOXICLAV-DS 457MG/5ML 70ML,30.00,300.00,"9,000.00",0.00,"9,000.00",158.00,"4,740.00","4,260.00",47%
Government,DR MS 03506,22-Nov-25,OFPLEMED 300MG/5ML 120ML,100.00,120.00,"12,000.00",0.00,"12,000.00",51.00,"5,100.00","6,900.00",58%
Government,DR MS 03506,22-Nov-25,DM MEBENDAZOLE 100MG/5ML,10.00,30.00,300.00,0.00,300.00,24,240,60.00,20%
Government,DR MS 03506,22-Nov-25,MICROSCOT 20MG 15G,100.00,140.00,"14,000.00",0.00,"14,000.00",90.00,"9,000.00","5,000.00",36%
Government,DR MS 03506,22-Nov-25,BURNSIL 10MG/G(1%W/W) 25G,30.00,180.00,"5,400.00",0.00,"5,400.00",75.00,"2,250.00","3,150.00",58%
Government,DR MS 03507,22-Nov-25,AMLOTHIX 10MG TAB,10.00,480.00,"4,800.00",0.00,"4,800.00",33.00,330.00,"4,470.00",93%
Government,DR MS 03507,22-Nov-25,LESTOR 40MG,20.00,750.00,"15,000.00",0.00,"15,000.00",165.00,"3,300.00","11,700.00",78%
Government,DR MS 03514,22-Nov-25,IRRIGATION SYRINGE ASEPTO BULB (SIMPLEX),20.00,62.00,"1,240.00",0.00,"1,240.00",42,840,400.00,32%
Government,DR MS 03514,22-Nov-25,BOUFFANT CAP BRAIDED,4.00,177.00,708.00,0.00,708.00,75.00,300.00,408.00,58%
Government,DR MS 03514,22-Nov-25,DISPOSABLE SYRINGE 10CC 23GX1 (SUREGUARD),12.00,"1,313.00","15,756.00",0.00,"15,756.00",290,3480,"12,276.00",78%
Government,DR MS 03514,22-Nov-25,DISPOSABLE SYRINGE/TUBERCULIN 1CC 25GX5/8 (TERUMO),20.00,"1,170.00","23,400.00",0.00,"23,400.00",980,19600,"3,800.00",16%
Government,DR MS 03514,22-Nov-25,DISPOSABLE SYRINGE 3CC 23GX1 (TERUMO),30.00,993.00,"29,790.00",0.00,"29,790.00",500.00,"15,000.00","14,790.00",50%
Government,DR MS 03514,22-Nov-25,INSULIN SYRINGE WITH NEEDLE 1CC 29GX5/8 (INDOPLAS),5.00,522.00,"2,610.00",0.00,"2,610.00",350.00,"1,750.00",860.00,33%
Government,DR MS 03514,22-Nov-25,DUODENAL TUBE STOMACH TUBE FR 16 125CM (SIMPLEX),30.00,22.00,660.00,0.00,660.00,15.00,450.00,210.00,32%
Government,DR MS 03514,22-Nov-25,DISPOSABLE SYRINGE 5CC 23GX1 (SUREGUARD),15.00,"1,076.00","16,140.00",0.00,"16,140.00",270.00,"4,050.00","12,090.00",75%
Government,DR MS 03514,22-Nov-25,ECG PAPER 80x20,20.00,120.00,"2,400.00",0.00,"2,400.00",50.00,"1,000.00","1,400.00",58%
Government,DR MS 03514,22-Nov-25,ELASTIC BANDAGE 2X5 (INDOPLAS),36.00,21.00,756.00,0.00,756.00,12.00,432.00,324.00,43%
Government,DR MS 03514,22-Nov-25,ELASTIC BANDAGE 3X5 (INDOPLAS),36.00,29.00,"1,044.00",0.00,"1,044.00",24.00,864.00,180.00,17%
Government,DR MS 03514,22-Nov-25,ELASTIC BANDAGE 4X5 (INDOPLAS),36.00,32.00,"1,152.00",0.00,"1,152.00",38.00,"1,368.00",-216.00,-19%
Government,DR MS 03514,22-Nov-25,ELASTIC BANDAGE 6X5 (INDOPLAS),36.00,42.00,"1,512.00",0.00,"1,512.00",48.00,"1,728.00",-216.00,-14%
Government,DR MS 03514,22-Nov-25,GLOVES LARGE LATEX NONSTERILE (PROCARE),5.00,233.00,"1,165.00",0.00,"1,165.00",220.00,"1,100.00",65.00,6%
Government,DR MS 03514,22-Nov-25,GLOVES LARGE LATEX NONSTERILE (INDOPLAS),20.00,233.00,"4,660.00",0.00,"4,660.00",185.00,"3,700.00",960.00,21%
Government,DR MS 03514,22-Nov-25,GLOVES MEDIUM LATEX NONSTERILE (INDOPLAS),70.00,233.00,"16,310.00",0.00,"16,310.00",185.00,"12,950.00","3,360.00",21%
Government,DR MS 03514,22-Nov-25,GLOVES SMALL LATEX NONSTERILE (INDOPLAS),70.00,233.00,"16,310.00",0.00,"16,310.00",185.00,"12,950.00","3,360.00",21%
Government,DR MS 03514,22-Nov-25,DISPOSABLE FACEMASK (INDOPLAS),30.00,87.00,"2,610.00",0.00,"2,610.00",55.00,"1,650.00",960.00,37%
Government,DR MS 03514,22-Nov-25,PULSE OXIMTER ADULT (INDOPLAS),4.00,"1,047.00","4,188.00",0.00,"4,188.00",550.00,"2,200.00","1,988.00",47%
Government,DR MS 03514,22-Nov-25,PULSE OXIMETER (XIAOO),2.00,"2,097.00","4,194.00",0.00,"4,194.00",600.00,"1,200.00","2,994.00",71%
Government,DR MS 03514,22-Nov-25,GAUZE BANDAGE 2X10 YARDS,10.00,189.00,"1,890.00",0.00,"1,890.00",101.00,"1,010.00",880.00,47%
Government,DR MS 03514,22-Nov-25,GAUZE PAD STERILE 4''x8''x8PLY 28X24 MESH (PARTNERS),150.00,255.00,"38,250.00",0.00,"38,250.00",130.00,"19,500.00","18,750.00",49%
Government,DR MS 03514,22-Nov-25,IV CANNULA WITH INJECTION PORT LUER LOCK G26 X 3/4 (CATHY),5.00,"3,000.00","15,000.00",0.00,"15,000.00","1,200.00","6,000.00","9,000.00",60%
Hospital,DR MS 03487,25-Oct-25,THUMB FORCEP 8'' (OLTEN),2.00,660.00,"1,320.00",0.00,"1,320.00",330.00,660.00,660.00,50%
Hospital,DR MS 03487,25-Oct-25,THUMB FORCEP 10'' (OLTEN),2.00,790.00,"1,580.00",0.00,"1,580.00",397.00,794.00,786.00,50%
Hospital,DR MS 03487,25-Oct-25,TOOTHED FORCEP 5 1/2'' TISSUE (OLTEN),2.00,460.00,920.00,0.00,920.00,231.00,462.00,458.00,50%
Hospital,DR MS 03487,25-Oct-25,NON TOOTHED FORCEP 5 1/2'' THUMB (OLTEN),2.00,460.00,920.00,0.00,920.00,231.00,462.00,458.00,50%
Hospital,DR MS 03487,25-Oct-25,DE BAKEY FORCEP 8'' (OLTEN),2.00,"1,595.00","3,190.00",0.00,"3,190.00",799.00,"1,598.00","1,592.00",50%
Hospital,DR MS 03487,25-Oct-25,BLADE HOLDER SIZE 3'' (OLTEN),1.00,260.00,260.00,0.00,260.00,130.00,130.00,130.00,50%
Hospital,DR MS 03487,25-Oct-25,ARMY SET NAVY 8'' X 1/4 2'S (OLTEN),2.00,"1,795.00","3,590.00",0.00,"3,590.00",898.00,"1,796.00","1,794.00",50%
Hospital,DR MS 03487,25-Oct-25,INSTRUMENT TRAY WITH COVER 12x10x2.5,15.00,"3,160.00","47,400.00",0.00,"47,400.00","1,582.00","23,730.00","23,670.00",50%
Hospital,DR MS 03487,25-Oct-25,INSTRUMENT TRAY WITH COVER STAINLESS STEEL 10x8x2.5 (OLTEN),15.00,"2,465.00","36,975.00",0.00,"36,975.00","1,285.00","19,275.00","17,700.00",48%
Hospital,DR MS 03487,25-Oct-25,INSTRUMENT TRAY WITH COVER STAINLESS STEEL 12x8x2.5 (OLTEN),15.00,"2,873.00","43,095.00",0.00,"43,095.00","1,437.00","21,555.00","21,540.00",50%
Hospital,DR MS 03487,25-Oct-25,MAYO SCISSOR SLIM STRAIGHT SIZE 8'' (OLTEN),25.00,"1,036.00","25,900.00",0.00,"25,900.00",518.00,"12,950.00","12,950.00",50%
Hospital,DR MS 03487,25-Oct-25,METZ SCISSOR CURVED SIZE 8'' (OLTEN),25.00,"1,124.00","28,100.00",0.00,"28,100.00",562.00,"14,050.00","14,050.00",50%
Hospital,DR MS 03487,25-Oct-25,KIDNEY BASIN STAINLESS STEEL 12'' (OLTEN),15.00,"1,148.00","17,220.00",0.00,"17,220.00",574.00,"8,610.00","8,610.00",50%
Hospital,DR MS 03487,25-Oct-25,KIDNEY BASIN STAINLESS STEEL 10'' (OLTEN),45.00,958.00,"43,110.00",0.00,"43,110.00",498.00,"22,410.00","20,700.00",48%
Hospital,DR MS 03487,25-Oct-25,KIDNEY BASIN STAINLESS STEEL 7'' (OLTEN),45.00,566.00,"25,470.00",0.00,"25,470.00",283.00,"12,735.00","12,735.00",50%
Hospital,DR MS 03487,25-Oct-25,KELLY CURVED 8'' (OLTEN),6.00,975.00,"5,850.00",0.00,"5,850.00",488.00,"2,928.00","2,922.00",50%
Admin,DR 025832,17-Oct-25,DUVAGEN 10MG,7.00,671.43,"4,700.01",0.00,"4,700.01",365.00,"2,555.00","2,145.01",46%
Admin,DR 025832,17-Oct-25,APCELAC 500MG,7.00,655.00,"4,585.00",0.00,"4,585.00",400.00,"2,800.00","1,785.00",39%
Admin,DR 025832,17-Oct-25,TRANEXSAPH 500MG,1.00,"1,500.00","1,500.00",0.00,"1,500.00",365.00,365.00,"1,135.00",76%
Admin,DR 025832,17-Oct-25,ENHAMOX 500MG/125MG,3.00,"2,800.00","8,400.00",0.00,"8,400.00","1,115.00","3,345.00","5,055.00",60%
Admin,DR 025832,17-Oct-25,CALCI-MAX 600- 1500MG/200IU,7.00,678.57,"4,749.99",0.00,"4,749.99",350.00,"2,450.00","2,299.99",48%
Admin,DR 025832,17-Oct-25,SANOMAX-FA,7.00,857.14,"5,999.98",0.00,"5,999.98",560.00,"3,920.00","2,079.98",35%
Admin,DR 025832,17-Oct-25,FERGLOBIN FA 60MG/400MCG CAP,7.00,642.86,"4,500.02",0.00,"4,500.02",325.00,"2,275.00","2,225.02",49%
Admin,DR 025832,17-Oct-25,HYCLENS OB WASH 1% 100ML,10.00,152.50,"1,525.00",0.00,"1,525.00",138.60,"1,386.00",139.00,9%
Admin,DR 025833,22-Oct-25,CALCI-MAX 600- 1500MG/200IU,7.00,678.57,"4,749.99",0.00,"4,749.99",350.00,"2,450.00","2,299.99",48%
Admin,DR 025833,22-Oct-25,BENERVA PLUS 500MG/50MG/100MG/100MCG,2.00,"1,200.00","2,400.00",0.00,"2,400.00",615.00,"1,230.00","1,170.00",49%
Admin,DR 025833,22-Oct-25,HARFURIN 100MG CAP,1.00,714.80,714.80,0.00,714.80,220.00,220.00,494.80,69%
Admin,DR 025833,22-Oct-25,ANEROCIN 300MG CAP,2.00,"3,800.00","7,600.00",0.00,"7,600.00",979.00,"1,958.00","5,642.00",74%
Admin,DR 025833,22-Oct-25,HYCLENS OB WASH 1% 100ML,10.00,152.50,"1,525.00",0.00,"1,525.00",138.60,"1,386.00",139.00,9%
Admin,DR 025833,22-Oct-25,,0.00,,,0.00,0.00,,,0.00,#DIV/0!
Batangas,DR 026010,25-Oct-25,BENERVA FORTE 300MG/100MG/100MCG,2.00,"1,590.00","3,180.00",0.00,"3,180.00",525.00,"1,050.00","2,130.00",67%
Batangas,DR 026013,25-Oct-25,CENDALEX 500MG,6.00,"1,100.00","6,600.00",330.00,"6,270.00",287.50,"1,725.00","4,545.00",69%
Batangas,DR 026013,25-Oct-25,ENHAMOX 500MG/125MG,3.00,"3,600.00","10,800.00",540.00,"10,260.00","1,115.00","3,345.00","6,915.00",64%
Batangas,DR 026013,25-Oct-25,EMLOR PLUS 5MG/50MG,6.00,590.00,"3,540.00",177.00,"3,363.00",216.00,"1,296.00","2,067.00",58%
Government,DR MS 03514,22-Nov-25,IV CANNULA WITH WINGS LUER LOCK G18 1.5X38MM (CATHULA),3.00,"3,000.00","9,000.00",0.00,"9,000.00","2,200.00","6,600.00","2,400.00",27%
Government,DR MS 03514,22-Nov-25,IV CANNULA WITH INJECTION PORT LUER LOCK G22 X 1 (CATHY),4.00,"3,000.00","12,000.00",0.00,"12,000.00","1,200.00","4,800.00","7,200.00",60%
Government,DR MS 03514,22-Nov-25,IV CANNULA WITH WINGS & PORT G24 (PRIMAFLON),3.00,"3,000.00","9,000.00",0.00,"9,000.00","2,000.00","6,000.00","3,000.00",33%
Government,DR MS 03514,22-Nov-25,HEPARIN CAP VIOLET NEEDLESS (ORMED),1.00,"12,200.00","12,200.00",0.00,"12,200.00","3,500.00","3,500.00","8,700.00",71%
Government,DR MS 03515,22-Nov-25,LEUKOPLAST 1'' (2.5CMX5M),0.17,"2,760.00",460.00,0.00,460.00,"4,200.00",700.00,-240.00,-52%
Government,DR MS 03515,22-Nov-25,"LEUKOPLAST 2"" (5CMX5M) 01524-0",2.00,372.00,744.00,0.00,744.00,380.00,760.00,-16.00,-2%
Government,DR MS 03515,22-Nov-25,PIPETTE TIPS:BLUE WITHOUT CROWN 1000UL 500's,5.00,425.00,"2,125.00",0.00,"2,125.00",300.00,"1,500.00",625.00,29%
Government,DR MS 03515,22-Nov-25,PIPETTE TIPS:YELLOW WITHOUT CROWN 2000UL 500's,2.00,425.00,850.00,0.00,850.00,300.00,600.00,250.00,29%
Government,DR MS 03515,22-Nov-25,SPHYGMOMANOMETER ADULT INDOPLAS,2.00,"1,527.00","3,054.00",0.00,"3,054.00",600.00,"1,200.00","1,854.00",61%
Government,DR MS 03515,22-Nov-25,SPHYGMOMANOMETER PEDIA TOPCARE,1.00,"2,097.00","2,097.00",0.00,"2,097.00",650.00,650.00,"1,447.00",69%
Government,DR MS 03515,22-Nov-25,SUCTION CATHETER FR8 (KENXIN),50.00,11.00,550.00,0.00,550.00,8.00,400.00,150.00,27%
Government,DR MS 03515,22-Nov-25,SUCTION CATHETER FR16 (KENXIN),25.00,11.00,275.00,0.00,275.00,8.00,200.00,75.00,27%
Government,DR MS 03515,22-Nov-25,DIGITAL THERMOMETER (SURGITECH),10.00,102.00,"1,020.00",0.00,"1,020.00",65.00,650.00,370.00,36%
Government,DR MS 03515,22-Nov-25,DIGITAL FOREHEAD THERMOMETER INFRARED (HI8US),3.00,"1,297.00","3,891.00",0.00,"3,891.00",240.00,720.00,"3,171.00",81%
Government,DR MS 03515,22-Nov-25,DIGITAL FOREHEAD THERMOMETER INFRARED,1.00,"1,297.00","1,297.00",0.00,"1,297.00","3,000.00","3,000.00","-1,703.00",-131%
Government,DR MS 03515,22-Nov-25,URINE COLLECTOR PEDIA 100ML (INDOPLAS),4.00,500.00,"2,000.00",0.00,"2,000.00",430.00,"1,720.00",280.00,14%
Government,DR MS 03515,22-Nov-25,VACUTAINER LAVENDER TOP EDTA K3 3ML 100's (VACUGEN),50.00,599.00,"29,950.00",0.00,"29,950.00",492.00,"24,600.00","5,350.00",18%
Government,DR MS 03515,22-Nov-25,VACUTAINER RED TOP NO ADDITIVE 3ML 100's (VACUGEN),3.00,522.00,"1,566.00",0.00,"1,566.00",492.00,"1,476.00",90.00,6%
Government,DR MS 03515,22-Nov-25,VACUTAINER YELLOW TOP : GEL AND CLOT ACTIVATOR 4ML (KINGMED),3.00,792.00,"2,376.00",0.00,"2,376.00",690.00,"2,070.00",306.00,13%
Government,DR MS 03515,22-Nov-25,WOODEN APPLICATOR STICK : NON STERILE - PARTNERS,2.00,185.00,370.00,0.00,370.00,215.00,430.00,-60.00,-16%
Government,DR MS 03515,22-Nov-25,BLOOD GLUCOSE TEST STRIP (SD CHECK),12.00,"1,300.00","15,600.00",0.00,"15,600.00",950.00,"11,400.00","4,200.00",27%
Government,DR MS 03515,22-Nov-25,STETHOSCOPE ADULT PARTNERS,4.00,912.00,"3,648.00",0.00,"3,648.00",570.00,"2,280.00","1,368.00",38%
Government,DR MS 03512,22-Nov-25,ISOPROPHYL ALCOHOL 70% GALLON (DR.J),100.00,849.00,"84,900.00",0.00,"84,900.00",462.00,"46,200.00","38,700.00",46%
Government,DR MS 03512,22-Nov-25,COTTON ROLL 400G (TENDERSOFT),24.00,290.00,"6,960.00",0.00,"6,960.00",150.00,"3,600.00","3,360.00",48%
Government,DR MS 03512,22-Nov-25,TRANSPORE 1 ICNH 3M CLEAR,100.00,780.00,"78,000.00",0.00,"78,000.00",770.00,"77,000.00","1,000.00",1%
Government,DR MS 03512,22-Nov-25,GLOVES SMALL LATEX NONSTERILE (INDOPLAS),100.00,247.00,"24,700.00",0.00,"24,700.00",185.00,"18,500.00","6,200.00",25%
Government,DR MS 03512,22-Nov-25,GLOVES MEDIUM LATEX NONSTERILE (INDOPLAS),200.00,247.00,"49,400.00",0.00,"49,400.00",185.00,"37,000.00","12,400.00",25%
Government,DR MS 03512,22-Nov-25,GLOVES LARGE LATEX NONSTERILE (INDOPLAS),50.00,247.00,"12,350.00",0.00,"12,350.00",185.00,"9,250.00","3,100.00",25%
Government,DR MS 03512,22-Nov-25,FACEMASK (INDOPLAS),200.00,90.00,"18,000.00",0.00,"18,000.00",50.00,"10,000.00","8,000.00",44%
Government,DR MS 03512,22-Nov-25,LUBRICATING JELLY 150G (PARTNERS),100.00,165.00,"16,500.00",0.00,"16,500.00",98.00,"9,800.00","6,700.00",41%
Government,DR MS 03512,22-Nov-25,SPECIMEN/SPUTUM CAP: BLUE PLASTIC,"3,000.00",9.50,"28,500.00",0.00,"28,500.00",3.75,"11,250.00","17,250.00",61%
Government,DR MS 03512,22-Nov-25,IDENTIFICATION BRACELET WRITEON CHILD PINK,20.00,375.00,"7,500.00",0.00,"7,500.00",280.00,"5,600.00","1,900.00",25%
Government,DR MS 03512,22-Nov-25,TORNIQUET FLAT,100.00,18.00,"1,800.00",0.00,"1,800.00",20.00,"2,000.00",-200.00,-11%
Government,DR MS 03512,22-Nov-25,IDENTIFICATION BRACELET WRITEON PINK ADULT,20.00,375.00,"7,500.00",0.00,"7,500.00",280.00,"5,600.00","1,900.00",25%
Hospital,DR MS 03583,29-Nov-25,"QMC # 31,500",1.00,"31,350.00","31,350.00",0.00,"31,350.00","13,485.00","13,485.00","17,865.00",57%
Government,DR MEI 0000002,29-Nov-25,"PAGBILAO # 985,190",1.00,"984,626.00","984,626.00",0.00,"984,626.00","647,883.91","647,883.91","336,742.09",34%
Government,DR MEI 0000015,29-Nov-25,"PAGBILAO # 879,800",1.00,"876,090.00","876,090.00",0.00,"876,090.00","576,467.22","576,467.22","299,622.78",34%
Government,DR RM 0002140,29-Nov-25,"PAGBILAO # 2,166,450",1.00,"1,669,225.00","1,669,225.00",0.00,"1,669,225.00","906,572.26","906,572.26","762,652.74",46%
Government,DR RT 0001377,29-Nov-25,"PAGBILAO # 10,150.00",1.00,"10,098.00","10,098.00",0.00,"10,098.00","4,125.66","4,125.66","5,972.34",59%
Government,DR RM 0002155,29-Nov-25,"PAGBILAO # 921,080.00",1.00,"676,000.00","676,000.00",0.00,"676,000.00","105,793.24","105,793.24","570,206.76",84%
Government,DR RM 0002156,29-Nov-25,,1.00,"167,000.00","167,000.00",0.00,"167,000.00",,,"167,000.00",100%
Government,DR RM 0002157,29-Nov-25,,1.00,"26,080.00","26,080.00",0.00,"26,080.00",,,"26,080.00",100%
Government,DR RM 0002158,29-Nov-25,,1.00,"49,000.00","49,000.00",0.00,"49,000.00",,,"49,000.00",100%
Government,DR RM 0002135,29-Nov-25,"PAGBILAO # 588,760.90",1.00,"315,000.00","315,000.00",0.00,"315,000.00","384,930.00","384,930.00","-69,930.00",-22%
Government,DR RM 0002136,29-Nov-25,,1.00,0.00,0.00,0.00,0.00,,,0.00,#DIV/0!
Government,DR RM 0002137,29-Nov-25,,1.00,"270,000.00","270,000.00",0.00,"270,000.00",,,"270,000.00",100%
Government,DR RT 0001379,29-Nov-25,"PAGBILAO # 18,900",1.00,"18,798.00","18,798.00",0.00,"18,798.00","12,405.66","12,405.66","6,392.34",34%
Government,DR RM 0002134,29-Nov-25,"PAGBILAO # 1,302,640",1.00,"1,002,250.00","1,002,250.00",0.00,"1,002,250.00","532,280.50","532,280.50","469,969.50",47%
Government,DR RM 0002142,29-Nov-25,"PAGBILAO # 411,000",1.00,"409,780.00","409,780.00",0.00,"409,780.00","269,635.24","269,635.24","140,144.76",34%
Government,DR RT 0001367,29-Nov-25,"PAGBILAO # 37,040.00",1.00,"36,735.00","36,735.00",0.00,"36,735.00","24,171.63","24,171.63","12,563.37",34%
Government,DR RM 0002141,29-Nov-25,"PAGBILAO # 170,200",1.00,"169,845.00","169,845.00",0.00,"169,845.00","111,758.01","111,758.01","58,086.99",34%
Government,DR MEI 0000014,29-Nov-25,"PAGBILAO # 196,000",1.00,"195,437.50","195,437.50",0.00,"195,437.50","128,449.83","128,449.83","66,987.67",34%
Government,DR RM 0002146,29-Nov-25,"PAGBILAO # 373,500",1.00,"275,500.00","275,500.00",0.00,"275,500.00","244,447.00","244,447.00","31,053.00",11%
Government,DR RM 0002147,29-Nov-25,,1.00,"97,300.00","97,300.00",0.00,"97,300.00",,,"97,300.00",100%
Government,DR RT 0001397,29-Nov-25,"PAGBILAO # 200,000",1.00,"199,100.00","199,100.00",0.00,"199,100.00","131,007.80","131,007.80","68,092.20",34%
Government,DR RT 0001390,29-Nov-25,"PAGBILAO # 3,150",1.00,"2,913.75","2,913.75",0.00,"2,913.75","1,917.25","1,917.25",996.50,34%
Government,DR RT 0001389,29-Nov-25,"PAGBILAO # 15,750",1.00,"15,666.00","15,666.00",0.00,"15,666.00","10,335.66","10,335.66","5,330.34",34%
Government,DR RM 0002143,29-Nov-25,"PAGBILAO # 415,593",1.00,"119,086.00","119,086.00",0.00,"119,086.00","133,504.14","133,504.14","-14,418.14",-12%
Government,DR RM 0002144,29-Nov-25,,1.00,"284,393.00","284,393.00",0.00,"284,393.00",,,"284,393.00",100%
Government,DR RM 0002145,29-Nov-25,,1.00,"11,521.00","11,521.00",0.00,"11,521.00",,,"11,521.00",100%
Government,DR RM 0002154,29-Nov-25,"PAGBILAO # 56,239",1.00,"55,768.00","55,768.00",0.00,"55,768.00","36,695.34","36,695.34","19,072.66",34%
Government,DR RM 0002153,29-Nov-25,"PAGBILAO # 2,568,250",1.00,"2,566,250.00","2,566,250.00",0.00,"2,566,250.00","936,864.00","936,864.00","1,629,386.00",63%
Government,DR RT 0001437,29-Nov-25,"PAGBILAO # 14,000",1.00,"13,965.00","13,965.00",0.00,"13,965.00","8,876.00","8,876.00","5,089.00",36%
Government,DR RT 0001413,29-Nov-25,"PAGBILAO # 20,000",1.00,"19,800.00","19,800.00",0.00,"19,800.00","9,999.00","9,999.00","9,801.00",50%
Government,DR MEI 0000016,29-Nov-25,"PAGBILAO # 41,000",1.00,"40,650.00","40,650.00",0.00,"40,650.00","26,747.70","26,747.70","13,902.30",34%
Government,DR RT 0001440,29-Nov-25,"PAGBILAO # 29,156",1.00,"28,952.00","28,952.00",0.00,"28,952.00","15,247.63","15,247.63","13,704.37",47%
Government,DR RT 0001433,29-Nov-25,"PAGBILAO # 61,000",1.00,"60,908.00","60,908.00",0.00,"60,908.00","51,286.71","51,286.71","9,621.29",16%
Government,DR RT 0001416,29-Nov-25,"PAGBILAO # 33,750",1.00,"33,547.50","33,547.50",0.00,"33,547.50","18,900.00","18,900.00","14,647.50",44%
Government,DR RM 0002159,29-Nov-25,"PAGBILAO # 145,973",1.00,"145,745.00","145,745.00",0.00,"145,745.00","73,797.00","73,797.00","71,948.00",49%
Government,DR RT 0001415,29-Nov-25,"PAGBILAO # 75,000",1.00,"74,500.00","74,500.00",0.00,"74,500.00","42,500.00","42,500.00","32,000.00",43%
Government,DR RM 0002161,29-Nov-25,"PAGBILAO # 160,000",1.00,"159,600.00","159,600.00",0.00,"159,600.00","91,993.00","91,993.00","67,607.00",42%
Government,DR RT 0001411,29-Nov-25,"PAGBILAO # 49,290",1.00,"49,120.00","49,120.00",0.00,"49,120.00","33,847.54","33,847.54","15,272.46",31%
Government,DR RT 0001412,29-Nov-25,"PAGBILAO # 31,075",1.00,"30,875.75","30,875.75",0.00,"30,875.75","21,715.00","21,715.00","9,160.75",30%
Government,DR RT 0001447,29-Nov-25,"PAGBILAO # 48,000",1.00,"47,928.00","47,928.00",0.00,"47,928.00","31,536.62","31,536.62","16,391.38",34%
Government,DR RT 0001446,29-Nov-25,"PAGBILAO # 6,000",1.00,"5,985.00","5,985.00",0.00,"5,985.00","3,938.13","3,938.13","2,046.87",34%
Government,DR RT 0001444,29-Nov-25,"PAGBILAO # 26,000",1.00,"25,985.00","25,985.00",0.00,"25,985.00","17,098.13","17,098.13","8,886.87",34%
Government,DR RT 0001443,29-Nov-25,"PAGBILAO # 16,000-1",1.00,"15,922.00","15,922.00",0.00,"15,922.00","10,476.68","10,476.68","5,445.32",34%
Government,DR RT 0001530,31-Dec-25,"PAGBILAO # 71,000",1.00,"46,945.00","46,945.00",0.00,"46,945.00","30,889.81","30,889.81","16,055.19",34%
Government,DR RT 0001441,29-Nov-25,"PAGBILAO # 222,500",1.00,"222,100.00","222,100.00",0.00,"222,100.00","13,950.00","13,950.00","208,150.00",94%
Government,DR RT 0001436,29-Nov-25,"PAGBILAO # 335,000",1.00,"334,320.00","334,320.00",0.00,"334,320.00","163,500.00","163,500.00","170,820.00",51%
Government,DR RT 0001435,29-Nov-25,"PAGBILAO # 20,000-1",1.00,"19,950.00","19,950.00",0.00,"19,950.00","9,999.00","9,999.00","9,951.00",50%
Quezon,DR 026124,29-Nov-25,BENERVA FORTE 300MG/100MG/100MCG,2.00,770.00,"1,540.00",0.00,"1,540.00",525.00,"1,050.00",490.00,32%
Quezon,DR 026123,29-Nov-25,AMOLTEX 2MG/5ML,36.00,98.00,"3,528.00",0.00,"3,528.00",28.00,"1,008.00","2,520.00",71%
Quezon,DR 026122,29-Nov-25,HYCLENS WOUND SPRAY 2% 60ML,12.00,280.00,"3,360.00",0.00,"3,360.00",114.66,"1,375.92","1,984.08",59%
Quezon,DR 026122,29-Nov-25,CIUMADE TAB,5.00,"1,400.00","7,000.00",0.00,"7,000.00",450.00,"2,250.00","4,750.00",68%
Quezon,DR 026122,29-Nov-25,DOPAMET 250MG,3.00,700.00,"2,100.00",0.00,"2,100.00",195.00,585.00,"1,515.00",72%
Quezon,DR 026121,29-Nov-25,BENERVA FORTE 300MG/100MG/100MCG,1.00,"1,540.00","1,540.00",0.00,"1,540.00",525.00,525.00,"1,015.00",66%
Government,DR RT 0001439,29-Nov-25,"PAGBILAO # 49,960",1.00,"49,624.50","49,624.50",0.00,"49,624.50","27,779.50","27,779.50","21,845.00",44%
Quezon,DR 026120,29-Nov-25,AMO-5 5MG,10.00,304.00,"3,040.00",0.00,"3,040.00",76.00,760.00,"2,280.00",75%
Quezon,DR 026119,29-Nov-25,SOLVAPRINE 10MG TAB,2.00,"1,000.00","2,000.00",600.00,"1,400.00",150.00,300.00,"1,100.00",55%
Quezon,DR 026119,29-Nov-25,FERGLOBIN FA 60MG/400MCG CAP,1.00,900.00,900.00,270.00,630.00,325.00,325.00,305.00,34%
Quezon,DR 026118,29-Nov-25,BENERVA FORTE 300MG/100MG/100MCG,1.00,"1,540.00","1,540.00",539.00,"1,001.00",525.00,525.00,476.00,31%
Government,DR RT 0001438,29-Nov-25,"PAGBILAO # 22,500",1.00,"22,451.00","22,451.00",0.00,"22,451.00","3,493.00","3,493.00","18,958.00",84%
Batangas,DR 026036,29-Nov-25,EMZART-80 80MG,10.00,948.00,"9,480.00",0.00,"9,480.00",264.00,"2,640.00","6,840.00",72%
Batangas,DR 026036,29-Nov-25,EMZART-40 40MG,10.00,548.00,"5,480.00",0.00,"5,480.00",156.00,"1,560.00","3,920.00",72%
Batangas,DR 026037,29-Nov-25,BENERVA PLUS 500MG/50MG/100MG/100MCG,5.00,"1,800.00","9,000.00",0.00,"9,000.00",615.00,"3,075.00","5,925.00",66%
Batangas,DR 026037,29-Nov-25,TRIDEN 160MG TAB,3.00,"2,560.00","7,680.00",0.00,"7,680.00",720.00,"2,160.00","5,520.00",72%
Government,DR RT 0001432,29-Nov-25,"PAGBILAO # 21,000",1.00,"20,820.00","20,820.00",0.00,"20,820.00","15,000.00","15,000.00","5,820.00",28%
Batangas,DR 026038,29-Nov-25,EMLOR PLUS 5MG/50MG,10.00,590.00,"5,900.00",0.00,"5,900.00",216.00,"2,160.00","3,740.00",63%
Batangas,DR 026038,29-Nov-25,ENHAMOX 500MG/125MG,3.00,"3,000.00","9,000.00",0.00,"9,000.00","1,115.00","3,345.00","5,655.00",63%
Batangas,DR 026039,29-Nov-25,HYCLENS GARGLE 0.12% 60ML,10.00,193.00,"1,930.00",0.00,"1,930.00",65.00,650.00,"1,280.00",66%
Batangas,DR 026040,29-Nov-25,HYCLENS WOUND SPRAY 2% 60ML,36.00,250.00,"9,000.00",0.00,"9,000.00",114.66,"4,127.76","4,872.24",54%
Government,DR MS 03512,22-Nov-25,ZINC OXIDE TAPE: 2.5CM X 5CM FUJI,24.00,480.00,"11,520.00",0.00,"11,520.00",110.00,"2,640.00","8,880.00",77%
Government,DR MS 03512,22-Nov-25,BOUFFANT CAP BRAIDED,30.00,180.00,"5,400.00",0.00,"5,400.00",75.00,"2,250.00","3,150.00",58%
Government,DR MS 03512,22-Nov-25,BP CUFF: ADULT 50 X 14CM,30.00,164.00,"4,920.00",0.00,"4,920.00",250.00,"7,500.00","-2,580.00",-52%
Government,DR MS 03512,22-Nov-25,DIGITAL THERMOMETER (SURGITECH),100.00,104.00,"10,400.00",0.00,"10,400.00",65.00,"6,500.00","3,900.00",38%
Government,DR MS 03512,22-Nov-25,BP RUBBER BULB W/ CONTROL BULB (DENJECT),10.00,165.00,"1,650.00",0.00,"1,650.00",150.00,"1,500.00",150.00,9%
Government,DR RT 0001400,29-Nov-25,"PAGBILAO # 12,120.00",1.00,"12,074.00","12,074.00",0.00,"12,074.00","7,916.00","7,916.00","4,158.00",34%
Government,DR RT 0001387,29-Nov-25,"PAGBILAO # 171,550.00",1.00,"171,111.75","171,111.75",0.00,"171,111.75","93,727.50","93,727.50","77,384.25",45%
Government,DR RT 0001381,29-Nov-25,"PAGBILAO # 2,490.00",1.00,"2,481.00","2,481.00",0.00,"2,481.00","1,279.00","1,279.00","1,202.00",48%
Government,DR RM 0002148,29-Nov-25,"PAGBILAO # 35,130.00",1.00,"35,040.00","35,040.00",0.00,"35,040.00","18,245.00","18,245.00","16,795.00",48%
Government,DR RT 0001376,29-Nov-25,"PAGBILAO # 66,000",1.00,"65,895.00","65,895.00",0.00,"65,895.00","43,495.00","43,495.00","22,400.00",34%
Government,DR RT 0001375,29-Nov-25,"PAGBILAO # 8,000",1.00,"7,980.00","7,980.00",0.00,"7,980.00","5,332.00","5,332.00","2,648.00",33%
Government,DR RT 0001368,29/11/2025,"PAGBILAO # 155,000", 1.00 ," 154,660.00 "," 154,660.00 ", -   ,"154,660.00"," 61,000.00 "," 61,000.00 ","93,660.00",61%
Admin,DR 025839,25/11/2025,CALCI-MAX 600- 1500MG/200IU, 7.00 , 678.57 ," 4,749.99 ", -   ,"4,749.99", 350.00 ," 2,450.00 ","2,299.99",48%
Admin,DR 025839,25/11/2025,DOLOGESIC 325MG/37.5MG TAB, 7.00 , 945.00 ," 6,615.00 ", -   ,"6,615.00", 270.00 ," 1,890.00 ","4,725.00",71%
Admin,DR 025839,25/11/2025,FOLACID 5MG CAP, 7.00 , 464.29 ," 3,250.03 ", -   ,"3,250.03", 236.25 ," 1,653.75 ","1,596.28",49%
Admin,DR 025839,25/11/2025,APCELAC 500MG, 7.00 , 655.00 ," 4,585.00 ", -   ,"4,585.00", 400.00 ," 2,800.00 ","1,785.00",39%
Admin,DR 025839,25/11/2025,FERGLOBIN FA 60MG/400MCG CAP, 7.00 , 642.86 ," 4,500.02 ", -   ,"4,500.02", 325.00 ," 2,275.00 ","2,225.02",49%
Admin,DR 025839,25/11/2025,DOPAMET 250MG, 7.00 , 780.00 ," 5,460.00 ", -   ,"5,460.00", 195.00 ," 1,365.00 ","4,095.00",75%
Quezon,DR 026117,22/11/2025,SANOMAX-FA, 5.00 ," 1,400.00 "," 7,000.00 "," 2,100.00 ","4,900.00", 560.00 ," 2,800.00 ","2,100.00",30%
Quezon,DR 026116,22/11/2025,ZEFTACARE 1G IV, 30.00 , 120.00 ," 3,600.00 ", -   ,"3,600.00", 44.00 ," 1,320.00 ","2,280.00",63%
Quezon,DR 026115,22/11/2025,CENDALEX 100MG/ML, 30.00 , 125.00 ," 3,750.00 ", -   ,"3,750.00", 35.70 ," 1,071.00 ","2,679.00",71%
Quezon,DR 026114,22/11/2025,VOXOLL 15MG/5ML, 2.00 , 800.00 ," 1,600.00 ", 480.00 ,"1,120.00", 33.00 , 66.00 ,"1,054.00",66%
Quezon,DR 026114,22/11/2025,BENERVA FORTE 300MG/100MG/100MCG, 1.00 ," 1,540.00 "," 1,540.00 ", 462.00 ,"1,078.00", 525.00 , 525.00 ,553.00,36%
Quezon,DR 026113,22/11/2025,FOLACID 5MG CAP, 10.00 , 615.00 ," 6,150.00 "," 1,845.00 ","4,305.00", 236.25 ," 2,362.50 ","1,942.50",32%
Quezon,DR 026112,22/11/2025,EMZART-80 80MG, 10.00 , 660.00 ," 6,600.00 ", -   ,"6,600.00", 264.00 ," 2,640.00 ","3,960.00",60%
Government,DR RT 0001364,29/11/2025,"PAGBILAO # 28,500", 1.00 ," 28,343.00 "," 28,343.00 ", -   ,"28,343.00"," 17,493.00 "," 17,493.00 ","10,850.00",38%
Government,DR RM 0002138,29/11/2025,"PAGBILAO # 652,997.00", 1.00 ," 590,021.00 "," 590,021.00 ", -   ,"590,021.00"," 425,830.00 "," 425,830.00 ","164,191.00",28%
Government,DR RM 0002139,29/11/2025,, 1.00 ," 59,976.00 "," 59,976.00 ", -   ,"59,976.00",,,"59,976.00",100%
Government,DR RT 0001369,29/11/2025,"PAGBILAO # 9,100.00", 1.00 ," 8,950.00 "," 8,950.00 ", -   ,"8,950.00"," 3,890.00 "," 3,890.00 ","5,060.00",57%
Government,DR RT 0001516,31/12/2025,"PAGBILAO # 253,100.00", 1.00 ," 135,120.00 "," 135,120.00 ", -   ,"135,120.00"," 166,307.10 "," 166,307.10 ","-31,187.10",-23%
Government,DR RM 0002133,29/11/2025,"PAGBILAO # 500,000", 1.00 ," 498,000.00 "," 498,000.00 ", -   ,"498,000.00"," 318,838.00 "," 318,838.00 ","179,162.00",36%
Government,DR RT 0001350,29/11/2025,"PAGBILAO # 882,000.00", 1.00 ," 875,000.00 "," 875,000.00 ", -   ,"875,000.00"," 514,500.00 "," 514,500.00 ","360,500.00",41%
Government,DR RT 0001403,29/11/2025,"PAGBILAO # 4,500", 1.00 ," 4,500.00 "," 4,500.00 ", -   ,"4,500.00"," 2,951.13 "," 2,951.13 ","1,548.87",34%
Government,DR RT 0001409,29/11/2025,"PAGBILAO # 67,060", 1.00 ," 66,950.00 "," 66,950.00 ", -   ,"66,950.00"," 38,420.00 "," 38,420.00 ","28,530.00",43%
Batangas,DR 026041,29/11/2025,VOXOLL 15MG/5ML, 4.00 , 72.00 , 288.00 , -   ,288.00, 33.00 , 132.00 ,156.00,54%
Batangas,DR 026041,29/11/2025,VOXOLL 30MG, 1.00 , 800.00 , 800.00 , -   ,800.00, 168.00 , 168.00 ,632.00,79%
Batangas,DR 026042,29/11/2025,EMLOR PLUS 5MG/50MG, 5.00 , 590.00 ," 2,950.00 ", -   ,"2,950.00", 216.00 ," 1,080.00 ","1,870.00",63%
Batangas,DR 026043,29/11/2025,HISTARIL 100MG/2MG, 1.00 , 960.00 , 960.00 , -   ,960.00, 300.00 , 300.00 ,660.00,69%
Batangas,DR 026044,29/11/2025,HISTARIL 50MG/1MG/5ML, 12.00 , 96.00 ," 1,152.00 ", -   ,"1,152.00", 35.00 , 420.00 ,732.00,64%
Government,DR RT 0001429,29/11/2025,"PAGBILAO # 400,000", 1.00 ," 399,500.00 "," 399,500.00 ", -   ,"399,500.00"," 262,871.00 "," 262,871.00 ","136,629.00",34%
Government,DR RT 0001434,29/11/2025,"PAGBILAO # 86,000", 1.00 ," 85,810.00 "," 85,810.00 ", -   ,"85,810.00"," 60,800.00 "," 60,800.00 ","25,010.00",29%
Government,DR MS 03584,29/11/2025,"PAGBILAO # 122,514.80", 1.00 ," 63,105.00 "," 63,105.00 ", -   ,"63,105.00"," 45,900.50 "," 45,900.50 ","17,204.50",27%
Government,DR MS 03585,29/11/2025,, 1.00 ," 58,971.00 "," 58,971.00 ", -   ,"58,971.00",,,"58,971.00",100%
Government,DR RM 0002095,29/11/2025,"PAGBILAO # 2,900,746.89", 1.00 ," 143,700.00 "," 143,700.00 ", -   ,"143,700.00"," 233,362.00 "," 233,362.00 ","-89,662.00",-62%
Government,DR RM 0002096,29/11/2025,, 1.00 ," 674,520.00 "," 674,520.00 ", -   ,"674,520.00",,,"674,520.00",100%
Government,DR RM 0002097,29/11/2025,, 1.00 ," 1,307,110.00 "," 1,307,110.00 ", -   ,"1,307,110.00",,,"1,307,110.00",100%
Government,DR RT 0001388,29/11/2025,"TOURISM # 90,000", 1.00 ," 89,000.00 "," 89,000.00 ", -   ,"89,000.00"," 58,562.00 "," 58,562.00 ","30,438.00",34%
Government,DR RT 0001392,29/11/2025,"TOURISM # 39,000", 1.00 ," 38,850.00 "," 38,850.00 ", -   ,"38,850.00"," 25,563.30 "," 25,563.30 ","13,286.70",34%
Admin,DR 025840,02/12/2025,CALCI-MAX 600- 1500MG/200IU, 5.00 , 678.57 ," 3,392.85 ", -   ,"3,392.85", 350.00 ," 1,750.00 ","1,642.85",48%
Admin,DR 025840,02/12/2025,SANOMAX-FA, 7.00 , 857.14 ," 5,999.98 ", -   ,"5,999.98", 560.00 ," 3,920.00 ","2,079.98",35%
Admin,DR 025840,02/12/2025,HYCLENS OB WASH 1% 100ML, 10.00 , 152.50 ," 1,525.00 ", -   ,"1,525.00", 138.60 ," 1,386.00 ",139.00,9%
Admin,DR 025840,02/12/2025,HYCLENS WOUND SPRAY 2% 60ML, 10.00 , 229.32 ," 2,293.20 ", -   ,"2,293.20", 114.66 ," 1,146.60 ","1,146.60",50%
Admin,DR 025840,02/12/2025,APCELAC 500MG, 7.00 , 655.00 ," 4,585.00 ", -   ,"4,585.00", 400.00 ," 2,800.00 ","1,785.00",39%
Admin,DR 025840,02/12/2025,BENERVA PLUS 500MG/50MG/100MG/100MCG, 2.00 ," 1,200.00 "," 2,400.00 ", -   ,"2,400.00", 615.00 ," 1,230.00 ","1,170.00",49%
Admin,DR 025840,02/12/2025,ENHAMOX 500MG/125MG, 3.00 ," 2,800.00 "," 8,400.00 ", -   ,"8,400.00"," 1,115.00 "," 3,345.00 ","5,055.00",60%
Admin,DR 025840,02/12/2025,DOLOGESIC 325MG/37.5MG TAB, 3.00 , 945.00 ," 2,835.00 ", -   ,"2,835.00", 270.00 , 810.00 ,"2,025.00",71%
Hospital,DR MS 03582,22/11/2025,OPTRYL 5MG/G (0.5%) 5G, 50.00 , 315.00 ," 15,750.00 ", -   ,"15,750.00", 136.10 ," 6,805.00 ","8,945.00",57%
Hospital,DR MS 03581,22/11/2025,DIFLOSID 25MG/ML 3ML, 5.00 , 390.00 ," 1,950.00 ", -   ,"1,950.00", 126.00 , 630.00 ,"1,320.00",68%
Hospital,DR MS 03580,22/11/2025,DIPHENPORS 50MG/ML 1ML, 5.00 , 900.00 ," 4,500.00 ", -   ,"4,500.00", 140.00 , 700.00 ,"3,800.00",84%
Hospital,DR MS 03579,22/11/2025,RANICLAV 625MG TAB, 3.00 , 275.66 , 826.98 , -   ,826.98, 122.00 , 366.00 ,460.98,56%
Hospital,DR MS 03578,22/11/2025,SITIXON 1G 10ML, 50.00 , 135.00 ," 6,750.00 ", -   ,"6,750.00", 32.00 ," 1,600.00 ","5,150.00",76%
Hospital,DR MS 03577,22/11/2025,MAZINE 10MG/G 20G, 20.00 , 204.75 ," 4,095.00 ", -   ,"4,095.00", 55.00 ," 1,100.00 ","2,995.00",73%
Hospital,DR MS 03572,22/11/2025,AMADOL 150MG/ML 2ML, 30.00 , 363.75 ," 10,912.50 ", -   ,"10,912.50", 65.00 ," 1,950.00 ","8,962.50",82%
Hospital,DR MS 03571,22/11/2025,AMBUBAG MANUAL RESUSCITATOR ADULT REUSABLE SILICONE (PARTNERS), 2.00 ," 2,500.00 "," 5,000.00 ", -   ,"5,000.00"," 1,510.00 "," 3,020.00 ","1,980.00",40%
Hospital,DR MS 03539,22/11/2025,FENTIN 50MG/ML 2ML, 2.00 ," 4,200.00 "," 8,400.00 ", -   ,"8,400.00", 885.00 ," 1,770.00 ","6,630.00",79%
Hospital,DR MS 03540,22/11/2025,RAXIDINE 25MG/ML 2ML, 3.00 ," 1,300.00 "," 3,900.00 ", -   ,"3,900.00", 100.00 , 300.00 ,"3,600.00",92%
Hospital,DR MS 03540,22/11/2025,RAXIDINE 25MG/ML 2ML, 9.00 ," 1,300.00 "," 11,700.00 ", -   ,"11,700.00", 100.00 , 900.00 ,"10,800.00",92%
Hospital,DR MS 03541,22/11/2025,ANTIZOAL 5MG/ML (500MG/100ML) 100ML, 50.00 , 120.00 ," 6,000.00 ", -   ,"6,000.00", 15.00 , 750.00 ,"5,250.00",88%
Hospital,DR MS 03541,22/11/2025,PHYTOBAS 10MG/ML IV, 10.00 , 500.00 ," 5,000.00 ", -   ,"5,000.00", 140.00 ," 1,400.00 ","3,600.00",72%
Hospital,DR MS 03519,22/11/2025,ENDOPROST 125MCG/ML, 10.00 ," 1,960.00 "," 19,600.00 ", -   ,"19,600.00", 940.00 ," 9,400.00 ","10,200.00",52%
Hospital,DR MS 03518,22/11/2025,GYNE-TOCIN 10IU/ML IV, 15.00 , 375.00 ," 5,625.00 ", -   ,"5,625.00", 81.00 ," 1,215.00 ","4,410.00",78%
Hospital,DR MS 03518,22/11/2025,GYNE-TOCIN 10IU/ML IV, 5.00 , 375.00 ," 1,875.00 ", -   ,"1,875.00", 81.00 , 405.00 ,"1,470.00",78%
Hospital,DR MS 03516,22/11/2025,GENTAM 40MG/ML (80MG/2ML) 2ML, 8.00 , 315.00 ," 2,520.00 ", -   ,"2,520.00", 43.00 , 344.00 ,"2,176.00",86%
Hospital,DR MS 03516,22/11/2025,GENTAM 40MG/ML (80MG/2ML) 2ML, 2.00 , 315.00 , 630.00 , -   ,630.00, 43.00 , 86.00 ,544.00,86%
Hospital,DR MS 03542,22/11/2025,AFENAX 100MG TAB, 1.00 ," 1,935.00 "," 1,935.00 ", -   ,"1,935.00", 595.00 , 595.00 ,"1,340.00",69%
Hospital,DR MS 03542,22/11/2025,ANTIZOAL 5MG/ML (500MG/100ML) 100ML, 160.00 , 90.00 ," 14,400.00 ", -   ,"14,400.00", 15.00 ," 2,400.00 ","12,000.00",83%
Hospital,DR MS 03542,22/11/2025,ANTIZOAL 5MG/ML (500MG/100ML) 100ML, 40.00 , 90.00 ," 3,600.00 ", -   ,"3,600.00", 15.00 , 600.00 ,"3,000.00",83%
Hospital,DR MS 03542,22/11/2025,BENERVA PLUS 500MG/50MG/100MG/100MCG, 13.00 ," 1,550.00 "," 20,150.00 ", -   ,"20,150.00", 615.00 ," 7,995.00 ","12,155.00",60%
Hospital,DR MS 03542,22/11/2025,BUPIRIGHT 5MG/ML 0.5% IN 8% 4ML, 50.00 , 620.00 ," 31,000.00 ", -   ,"31,000.00", 165.18 ," 8,259.00 ","22,741.00",73%
Hospital,DR MS 03542,22/11/2025,DIFLOSID 25MG/ML 3ML, 15.00 , 750.00 ," 11,250.00 ", -   ,"11,250.00", 126.00 ," 1,890.00 ","9,360.00",83%
Hospital,DR MS 03542,22/11/2025,ENDOPROST 250MCG/ML, 4.00 ," 4,800.00 "," 19,200.00 ", -   ,"19,200.00"," 1,325.00 "," 5,300.00 ","13,900.00",72%
Hospital,DR MS 03542,22/11/2025,ENDOPROST 125MCG/ML, 4.00 ," 1,980.00 "," 7,920.00 ", -   ,"7,920.00", 940.00 ," 3,760.00 ","4,160.00",53%
Hospital,DR MS 03542,22/11/2025,ENHAMOX 500MG/125MG, 16.00 ," 2,800.20 "," 44,803.20 ", -   ,"44,803.20"," 1,115.00 "," 17,840.00 ","26,963.20",60%
Hospital,DR MS 03542,22/11/2025,MERGOT 125MCG, 1.00 ," 2,000.00 "," 2,000.00 ", -   ,"2,000.00", 680.00 , 680.00 ,"1,320.00",66%
Hospital,DR MS 03542,22/11/2025,MUCOLIFAR 500MG TAB, 2.00 ," 3,500.00 "," 7,000.00 ", -   ,"7,000.00"," 1,100.00 "," 2,200.00 ","4,800.00",69%
Hospital,DR MS 03542,22/11/2025,PHYTOBAS 10MG/ML IV, 30.00 , 900.00 ," 27,000.00 ", -   ,"27,000.00", 140.00 ," 4,200.00 ","22,800.00",84%
Hospital,DR MS 03542,22/11/2025,SITIXON 1G 10ML, 30.00 , 120.00 ," 3,600.00 ", -   ,"3,600.00", 32.00 , 960.00 ,"2,640.00",73%
Hospital,DR MS 03542,22/11/2025,TROPIN 1MG/ML IM/IV/SC, 2.00 , 900.00 ," 1,800.00 ", -   ,"1,800.00", 210.00 , 420.00 ,"1,380.00",77%
Hospital,DR MS 03542,22/11/2025,AMINOSOL 25MG/ML (250MG/10ML) 10ML, 1.00 , 641.00 , 641.00 , -   ,641.00, 85.00 , 85.00 ,556.00,87%
Hospital,DR MS 03542,22/11/2025,EPIX 1MG/ML IV, 5.00 ," 1,200.00 "," 6,000.00 ", -   ,"6,000.00", 120.00 , 600.00 ,"5,400.00",90%
Hospital,DR MS 03542,22/11/2025,HYCLENS WOUND SPRAY 2% 60ML, 100.00 , 300.00 ," 30,000.00 ", -   ,"30,000.00", 114.66 ," 11,466.00 ","18,534.00",62%
Hospital,DR MS 03542,22/11/2025,GENTAM 40MG/ML (80MG/2ML) 2ML, 3.00 , 420.00 ," 1,260.00 ", -   ,"1,260.00", 43.00 , 129.00 ,"1,131.00",90%
Hospital,DR MS 03542,22/11/2025,AMBIDOL 50MG/ML (100MG/2ML) 2ML, 10.00 ," 1,200.00 "," 12,000.00 ", -   ,"12,000.00", 62.00 , 620.00 ,"11,380.00",95%
Hospital,DR MS 03551,22/11/2025,BODYWASH PURE WHITE 450ML (SAFEGUARD), 12.00 , 255.00 ," 3,060.00 ", -   ,"3,060.00", 159.50 ," 1,914.00 ","1,146.00",37%
Hospital,DR MS 03551,22/11/2025,PAPER TOWEL 175PULL-UPS (FEMME), 30.00 , 80.00 ," 2,400.00 ", -   ,"2,400.00", 53.75 ," 1,612.50 ",787.50,33%
Hospital,DR MS 03551,22/11/2025,BATHROOM TISSUE 2PLY 12'S (FEMME), 3.00 , 168.00 , 504.00 , -   ,504.00, 107.00 , 321.00 ,183.00,36%
Hospital,DR MS 03551,22/11/2025,AMBUBAG MANUAL RESUSCITATOR SILICONE ADULT (PRIMAPLUS), 3.00 ," 2,500.00 "," 7,500.00 ", -   ,"7,500.00"," 1,350.00 "," 4,050.00 ","3,450.00",46%
Hospital,DR MS 03551,22/11/2025,NON VENTED MASK LARGE (EASEFIT), 2.00 ," 6,200.00 "," 12,400.00 ", -   ,"12,400.00"," 4,500.00 "," 9,000.00 ","3,400.00",27%
Government,DR RT 0001394,29/11/2025,"TOURISM # 45,820", 1.00 ," 45,550.00 "," 45,550.00 ", -   ,"45,550.00"," 32,214.80 "," 32,214.80 ","13,335.20",29%
Government,DR RT 0001395,29/11/2025,"TOURISM # 67,600", 1.00 ," 67,456.00 "," 67,456.00 ", -   ,"67,456.00"," 44,386.05 "," 44,386.05 ","23,069.95",34%
Government,DR RM 0002165,29/11/2025,"PPDC # 164,420", 1.00 ," 164,052.00 "," 164,052.00 ", -   ,"164,052.00"," 107,946.22 "," 107,946.22 ","56,105.78",34%
Government,DR RT 0001458,29/11/2025,"PAGBILAO # 9,000", 1.00 ," 8,940.00 "," 8,940.00 ", -   ,"8,940.00"," 4,194.00 "," 4,194.00 ","4,746.00",53%
Hospital,DR MS 03489,29/11/2025,ANTIZOAL 5MG/ML (500MG/100ML) 100ML," 1,600.00 ", 22.54 ," 36,064.00 ", -   ,"36,064.00", 15.00 ," 24,000.00 ","12,064.00",33%
Hospital,DR MS 03489,29/11/2025,LOMOH-60 60MG/0.6ML," 1,000.00 "," 1,042.25 "," 1,042,250.00 ", -   ,"1,042,250.00", 395.00 ," 395,000.00 ","647,250.00",62%
Hospital,DR MS 03489,29/11/2025,DIPHENPORS 50MG/ML 1ML, 50.00 , 295.80 ," 14,790.00 ", -   ,"14,790.00", 140.00 ," 7,000.00 ","7,790.00",53%
Hospital,DR MS 03489,29/11/2025,TROVIPRI 80MG, 15.00 , 479.00 ," 7,185.00 ", -   ,"7,185.00", 320.00 ," 4,800.00 ","2,385.00",33%
Hospital,DR MS 03489,29/11/2025,DIFLU 150MG CAP, 8.00 , 170.40 ," 1,363.20 ", -   ,"1,363.20", 150.00 ," 1,200.00 ",163.20,12%
Hospital,DR MS 03576,29/11/2025,PORSROSE 20MG/ML (100MG/5ML) 5ML, 84.00 , 422.55 ," 35,494.20 ", -   ,"35,494.20", 285.00 ," 23,940.00 ","11,554.20",33%
Hospital,DR MS 03576,29/11/2025,CLOPINOVA 75MG, 7.00 , 138.00 , 966.00 , -   ,966.00, 87.00 , 609.00 ,357.00,37%
Hospital,DR MS 03576,29/11/2025,CELEKOP 200MG CAP, 7.00 , 254.00 ," 1,778.00 ", -   ,"1,778.00", 130.00 , 910.00 ,868.00,49%
Hospital,DR MS 03576,29/11/2025,CIPROGYL 2MG/ML (200MG/100ML), 400.00 , 36.62 ," 14,648.00 ", -   ,"14,648.00", 26.00 ," 10,400.00 ","4,248.00",29%
Hospital,DR MS 03576,29/11/2025,CORSIN-300 150MG/ML (300MG/2ML) 2ML, 260.00 , 87.32 ," 22,703.20 ", -   ,"22,703.20", 52.00 ," 13,520.00 ","9,183.20",40%
Hospital,DR MS 03576,29/11/2025,K-LYTE 600MG TABLET, 21.00 ," 1,275.00 "," 26,775.00 ", -   ,"26,775.00"," 1,120.00 "," 23,520.00 ","3,255.00",12%
Hospital,DR MS 03576,29/11/2025,LAZICARE 10MG/ML (20MG/2ML) 2ML, 310.00 , 81.70 ," 25,327.00 ", -   ,"25,327.00", 55.00 ," 17,050.00 ","8,277.00",33%
Hospital,DR MS 03593,29/11/2025,IV CANNULA 20G - HEXACARE, 30.00 ," 2,817.00 "," 84,510.00 ", -   ,"84,510.00", 650.00 ," 19,500.00 ","65,010.00",77%
Government,DR MS 03421,29/11/2025,CORPILYN 250MG," 3,070.00 ", 24.51 ," 75,245.70 ", -   ,"75,245.70", 11.80 ," 36,226.00 ","39,019.70",52%
Government,DR MS 03421,29/11/2025,CORPILYN 500MG," 1,160.00 ", 21.13 ," 24,510.80 ", -   ,"24,510.80", 13.50 ," 15,660.00 ","8,850.80",36%
Government,DR MS 03485,29/11/2025,DIPHENPORS 50MG/ML 1ML, 72.00 , 295.80 ," 21,297.60 ", -   ,"21,297.60", 140.00 ," 10,080.00 ","11,217.60",53%
Government,DR MS 03485,29/11/2025,ALLERJEC 2.5MG/ML, 100.00 , 35.50 ," 3,550.00 ", -   ,"3,550.00", 18.00 ," 1,800.00 ","1,750.00",49%
Government,DR MS 03485,29/11/2025,DALINC 150MG/ML (600MG/4ML) 4ML, 144.00 , 598.60 ," 86,198.40 ", -   ,"86,198.40", 250.00 ," 36,000.00 ","50,198.40",58%
Government,DR MS 03485,29/11/2025,CORPILYN 500MG," 5,050.00 ", 21.13 ," 106,706.50 ", -   ,"106,706.50", 13.50 ," 68,175.00 ","38,531.50",36%
Government,DR MS 03485,29/11/2025,TROVIPRI 40MG, 20.00 , 450.00 ," 9,000.00 ", -   ,"9,000.00", 176.00 ," 3,520.00 ","5,480.00",61%
Government,DR MS 03485,29/11/2025,MUCORIGHT 600MG, 50.00 , 324.00 ," 16,200.00 ", -   ,"16,200.00", 329.00 ," 16,450.00 ",-250.00,-2%
Government,DR MS 03485,29/11/2025,ZYTACT 200MG/5ML, 80.00 , 100.75 ," 8,060.00 ", -   ,"8,060.00", 42.00 ," 3,360.00 ","4,700.00",58%
Government,DR MS 03485,29/11/2025,KARVIDOL 6.25MG TAB, 27.00 , 350.00 ," 9,450.00 ", -   ,"9,450.00", 198.00 ," 5,346.00 ","4,104.00",43%
Government,DR MS 03484,29/11/2025,MASOLEV 100MG/ML (500MG/5ML), 144.00 ," 1,126.76 "," 162,253.44 ", -   ,"162,253.44", 295.00 ," 42,480.00 ","119,773.44",74%
Government,DR MS 03484,29/11/2025,MICROPORE 1X10 2.5CMX9.1M (3M), 120.00 , 774.60 ," 92,952.00 ", -   ,"92,952.00", 490.00 ," 58,800.00 ","34,152.00",37%
Government,DR MS 03484,29/11/2025,MICROPORE 1X10 2.5CMX9.1M (3M), 60.00 , 774.60 ," 46,476.00 ", -   ,"46,476.00", 490.00 ," 29,400.00 ","17,076.00",37%
Government,DR MS 03484,29/11/2025,MICROPORE 1X10 2.5CMX9.1M (3M), 60.00 , 774.60 ," 46,476.00 ", -   ,"46,476.00", 490.00 ," 29,400.00 ","17,076.00",37%
Government,DR MS 03484,29/11/2025,MICROPORE 1X10 2.5CMX9.1M (3M), 30.00 , 774.60 ," 23,238.00 ", -   ,"23,238.00", 490.00 ," 14,700.00 ","8,538.00",37%
Government,DR MS 03484,29/11/2025,MICROPORE 1X10 2.5CMX9.1M (3M), 30.00 , 774.60 ," 23,238.00 ", -   ,"23,238.00", 490.00 ," 14,700.00 ","8,538.00",37%
Government,DR MS 03484,29/11/2025,INSULIN SYRINGE WITH NEEDLE 1/2CC 29GX1/2 (TERUMO), 12.00 ," 1,197.00 "," 14,364.00 ", -   ,"14,364.00", 750.00 ," 9,000.00 ","5,364.00",37%
Government,DR MS 03484,29/11/2025,CIPROGYL 2MG/ML (200MG/100ML)," 1,200.00 ", 36.62 ," 43,944.00 ", -   ,"43,944.00", 26.00 ," 31,200.00 ","12,744.00",29%
Government,DR MS 03484,29/11/2025,ASTAT 20MG, 14.00 , 200.00 ," 2,800.00 ", -   ,"2,800.00", 96.00 ," 1,344.00 ","1,456.00",52%
Government,DR MS 03484,29/11/2025,ANTIZOAL 5MG/ML (500MG/100ML) 100ML," 6,640.00 ", 22.54 ," 149,665.60 ", -   ,"149,665.60", 15.00 ," 99,600.00 ","50,065.60",33%
Government,DR MS 03484,29/11/2025,AMSUNEX 500MG/250MG," 2,800.00 ", 36.62 ," 102,536.00 ", -   ,"102,536.00", 22.00 ," 61,600.00 ","40,936.00",40%
Admin,DR 025842,09/12/2025,DIACYSTEINE 600- 600MG, 7.00 , 385.00 ," 2,695.00 ", -   ,"2,695.00", 115.00 , 805.00 ,"1,890.00",70%
Admin,DR 025842,09/12/2025,HEMOXIN 500MG, 2.00 ," 1,500.00 "," 3,000.00 ", -   ,"3,000.00", 435.00 , 870.00 ,"2,130.00",71%
Admin,DR 025842,09/12/2025,HYCLENS OB WASH 1% 100ML, 10.00 , 152.50 ," 1,525.00 ", -   ,"1,525.00", 138.60 ," 1,386.00 ",139.00,9%
Government,DR RT 0001402,29/11/2025,"PAGBILAO # 45,000", 1.00 ," 44,850.00 "," 44,850.00 ", -   ,"44,850.00"," 13,800.00 "," 13,800.00 ","31,050.00",69%
Government,DR RT 0001452,29/11/2025,"PAGBILAO # 11,000-1", 1.00 ," 10,956.00 "," 10,956.00 ", -   ,"10,956.00"," 7,209.05 "," 7,209.05 ","3,746.95",34%
Government,DR RT 0001448,29/11/2025,"PAGBILAO # 32,050", 1.00 ," 31,785.00 "," 31,785.00 ", -   ,"31,785.00"," 17,073.90 "," 17,073.90 ","14,711.10",46%
Government,DR RT 0001450,29/11/2025,"PAGBILAO # 11,000-2", 1.00 ," 10,960.00 "," 10,960.00 ", -   ,"10,960.00"," 7,211.68 "," 7,211.68 ","3,748.32",34%
Hospital,DR RM 0002162,29/11/2025,"QMC # 91,500", 1.00 ," 91,130.00 "," 91,130.00 ", -   ,"91,130.00"," 52,045.00 "," 52,045.00 ","39,085.00",43%
Hospital,DR MS CANCELLED,29/11/2025,TORVASTATIN 40MG, -   , 450.00 , -   , -   ,0.00, 155.00 , -   ,0.00,#DIV/0!
Hospital,DR MS CANCELLED,29/11/2025,LAXAVIS 5MG TAB, -   , 100.00 , -   , -   ,0.00, 85.00 , -   ,0.00,#DIV/0!
Hospital,DR MS CANCELLED,29/11/2025,PHIZOLIN 1G, -   , 267.60 , -   , -   ,0.00, 168.00 , -   ,0.00,#DIV/0!
Hospital,DR MS CANCELLED,29/11/2025,CUROXIM 750MG WITH DILUENT, -   , 49.30 , -   , -   ,0.00, 27.00 , -   ,0.00,#DIV/0!
Hospital,DR MS CANCELLED,29/11/2025,CUROXIM 750MG WITH DILUENT, -   , 49.30 , -   , -   ,0.00, 27.00 , -   ,0.00,#DIV/0!
Hospital,DR MS CANCELLED,29/11/2025,CUROXIM 750MG WITH DILUENT, -   , 49.30 , -   , -   ,0.00, 27.00 , -   ,0.00,#DIV/0!
Hospital,DR MS CANCELLED,29/11/2025,CIPROGYL 2MG/ML (200MG/100ML), -   , 36.62 , -   , -   ,0.00, 26.00 , -   ,0.00,#DIV/0!
Hospital,DR MS CANCELLED,29/11/2025,CORSIN-300 150MG/ML (300MG/2ML) 2ML, -   , 87.32 , -   , -   ,0.00, 52.00 , -   ,0.00,#DIV/0!
Hospital,DR MS CANCELLED,29/11/2025,CLOPINOVA 75MG, -   , 138.00 , -   , -   ,0.00, 87.00 , -   ,0.00,#DIV/0!
Hospital,DR MS CANCELLED,29/11/2025,LAZICARE 10MG/ML (20MG/2ML) 2ML, -   , 81.70 , -   , -   ,0.00, 55.00 , -   ,0.00,#DIV/0!
Hospital,DR MS CANCELLED,29/11/2025,HYTRIX 100MG, -   , 352.10 , -   , -   ,0.00, 210.00 , -   ,0.00,#DIV/0!
Hospital,DR MS CANCELLED,29/11/2025,PORSROSE 20MG/ML (100MG/5ML) 5ML, -   , 422.55 , -   , -   ,0.00, 285.00 , -   ,0.00,#DIV/0!
Hospital,DR MS CANCELLED,29/11/2025,MASOLEV 100MG/ML (500MG/5ML), -   ," 1,126.76 ", -   , -   ,0.00, 295.00 , -   ,0.00,#DIV/0!
Government,DR RT 0001366,29/11/2025,"PAGBILAO # 7,500", 1.00 ," 7,400.00 "," 7,400.00 ", -   ,"7,400.00"," 4,869.20 "," 4,869.20 ","2,530.80",34%
Government,DR RT 0001478,13/12/2025,"PAGBILAO # 4,400", 1.00 ," 4,400.00 "," 4,400.00 ", -   ,"4,400.00"," 2,520.00 "," 2,520.00 ","1,880.00",43%
Government,DR RM 0002166,06/12/2025,"PAGBILAO # 145,973", 1.00 ," 145,669.10 "," 145,669.10 ", -   ,"145,669.10"," 73,797.00 "," 73,797.00 ","71,872.10",49%
Government,DR RT 0001470,13/12/2025,"PAGBILAO # 10,620-1", 1.00 ," 10,536.00 "," 10,536.00 ", -   ,"10,536.00"," 6,410.69 "," 6,410.69 ","4,125.31",39%
Government,DR RT 0001466,13/12/2025,"PAGBILAO # 50,000-1", 1.00 ," 49,950.00 "," 49,950.00 ", -   ,"49,950.00"," 32,867.10 "," 32,867.10 ","17,082.90",34%
Government,DR RT 0001464,13/12/2025,"PAGBILAO # 10,915", 1.00 ," 10,832.00 "," 10,832.00 ", -   ,"10,832.00"," 7,267.60 "," 7,267.60 ","3,564.40",33%
Government,DR RT 0001479,13/12/2025,"PAGBILAO # 642,000", 1.00 ," 640,510.00 "," 640,510.00 ", -   ,"640,510.00"," 421,455.58 "," 421,455.58 ","219,054.42",34%
Government,DR MS 03599,13/12/2025,SPEEDA 2.5IU/0.5ML, 140.00 ," 6,970.00 "," 975,800.00 ", -   ,"975,800.00"," 4,750.00 "," 665,000.00 ","310,800.00",32%
Government,DR MS 03599,13/12/2025,ABHAY-TOX 40IU/0.5ML VIAL, 12.00 ," 1,190.00 "," 14,280.00 ", -   ,"14,280.00", 570.00 ," 6,840.00 ","7,440.00",52%
Government,DR MS 03599,13/12/2025,MOXYLOR 250MG/5ML, 30.00 , 54.00 ," 1,620.00 ", -   ,"1,620.00", 28.00 , 840.00 ,780.00,48%
Government,DR MS 03599,13/12/2025,CLOXANE 500MG, 5.00 , 647.00 ," 3,235.00 ", -   ,"3,235.00", 266.00 ," 1,330.00 ","1,905.00",59%
Government,DR MS 03599,13/12/2025,CELEKOP 200MG CAP, 3.00 , 355.00 ," 1,065.00 ", -   ,"1,065.00", 130.00 , 390.00 ,675.00,63%
Government,DR MS 03597,13/12/2025,XRAY FILM 10X12 (FUJI), 2.00 ," 2,990.00 "," 5,980.00 ", -   ,"5,980.00"," 2,952.00 "," 5,904.00 ",76.00,1%
Government,DR MS 03597,13/12/2025,XRAY FILM 11X14 (FUJI), 3.00 ," 3,770.00 "," 11,310.00 ", -   ,"11,310.00"," 3,276.00 "," 9,828.00 ","1,482.00",13%
Government,DR MS 03597,13/12/2025,X-RAY FILM 14X14 (FUJI), 4.00 ," 5,045.00 "," 20,180.00 ", -   ,"20,180.00"," 4,626.00 "," 18,504.00 ","1,676.00",8%
Government,DR MS 03597,13/12/2025,XRAY FILM 14X17 (FUJI), 4.00 ," 6,170.00 "," 24,680.00 ", -   ,"24,680.00"," 5,268.00 "," 21,072.00 ","3,608.00",15%
Government,DR MS 03597,13/12/2025,XRAY ENVELOPE 11X14, 1.00 , 430.00 , 430.00 , -   ,430.00, 400.00 , 400.00 ,30.00,7%
Government,DR MS 03597,13/12/2025,XRAY ENVELOPE 14X14, 1.00 , 535.00 , 535.00 , -   ,535.00, 510.00 , 510.00 ,25.00,5%
Government,DR MS 03597,13/12/2025,XRAY ENVELOPE 14X17, 1.00 , 560.00 , 560.00 , -   ,560.00, 650.00 , 650.00 ,-90.00,-16%
Government,DR MS 03597,13/12/2025,X-RAY FIXER: POWDER MANUAL FUJI, 6.00 ," 1,460.00 "," 8,760.00 ", -   ,"8,760.00"," 1,560.00 "," 9,360.00 ",-600.00,-7%
Government,DR MS 03597,13/12/2025,X-RAY DEVELOPER POWDER MANUAL FUJI, 6.00 ," 1,345.00 "," 8,070.00 ", -   ,"8,070.00"," 1,560.00 "," 9,360.00 ","-1,290.00",-16%
Government,DR MS 03597,13/12/2025,X-RAY CASETTE : 8X10 WITH INTENSIFY SCREEN, 1.00 ," 16,945.00 "," 16,945.00 ", -   ,"16,945.00"," 12,995.00 "," 12,995.00 ","3,950.00",23%
Government,DR MS 03596,13/12/2025,XRAY FILM 10X12 (FUJI), 2.00 ," 2,990.00 "," 5,980.00 ", -   ,"5,980.00"," 2,952.00 "," 5,904.00 ",76.00,1%
Government,DR MS 03596,13/12/2025,XRAY FILM 11X14 (FUJI), 2.00 ," 3,770.00 "," 7,540.00 ", -   ,"7,540.00"," 3,276.00 "," 6,552.00 ",988.00,13%
Government,DR MS 03596,13/12/2025,X-RAY FILM 14X14 (FUJI), 3.00 ," 5,045.00 "," 15,135.00 ", -   ,"15,135.00"," 4,626.00 "," 13,878.00 ","1,257.00",8%
Government,DR MS 03596,13/12/2025,XRAY FILM 14X17 (FUJI), 3.00 ," 6,170.00 "," 18,510.00 ", -   ,"18,510.00"," 5,268.00 "," 15,804.00 ","2,706.00",15%
Government,DR MS 03596,13/12/2025,XRAY ENVELOPE 11X14, 2.00 , 430.00 , 860.00 , -   ,860.00, 400.00 , 800.00 ,60.00,7%
Government,DR MS 03596,13/12/2025,XRAY ENVELOPE 14X14, 2.00 , 535.00 ," 1,070.00 ", -   ,"1,070.00", 510.00 ," 1,020.00 ",50.00,5%
Government,DR MS 03596,13/12/2025,XRAY ENVELOPE 14X17, 2.00 , 560.00 ," 1,120.00 ", -   ,"1,120.00", 650.00 ," 1,300.00 ",-180.00,-16%
Government,DR MS 03596,13/12/2025,X-RAY FIXER: POWDER MANUAL FUJI, 6.00 ," 1,075.00 "," 6,450.00 ", -   ,"6,450.00"," 1,560.00 "," 9,360.00 ","-2,910.00",-45%
Government,DR MS 03596,13/12/2025,X-RAY DEVELOPER POWDER MANUAL FUJI, 6.00 ," 1,345.00 "," 8,070.00 ", -   ,"8,070.00"," 1,560.00 "," 9,360.00 ","-1,290.00",-16%
Government,DR MS 03596,13/12/2025,X-RAY CASETTE : 14X14 WITH INTENSIFY SCREEN FUJI, 1.00 ," 21,295.00 "," 21,295.00 ", -   ,"21,295.00"," 17,595.00 "," 17,595.00 ","3,700.00",17%
Government,DR MS 03508,13/12/2025,COTTON ROLL 400G (TENDERSOFT), 25.00 , 293.00 ," 7,325.00 ", -   ,"7,325.00", 150.00 ," 3,750.00 ","3,575.00",49%
Government,DR MS 03508,13/12/2025,GAUZE ROLL 24X28/36X100 (PROHEALTH), 40.00 ," 1,170.00 "," 46,800.00 ", -   ,"46,800.00", 700.00 ," 28,000.00 ","18,800.00",40%
Government,DR MS 03508,13/12/2025,ACETIC ACID 10% 500ML (MEDIC), 1.00 , 340.00 , 340.00 , -   ,340.00, 300.00 , 300.00 ,40.00,12%
Government,DR MS 03508,13/12/2025,ISOPROPHYL ALCOHOL 70% GALLON (DR.J), 70.00 , 600.00 ," 42,000.00 ", -   ,"42,000.00", 462.00 ," 32,340.00 ","9,660.00",23%
Government,DR MS 03508,13/12/2025,BP APPARATUS: DESK TYPE ADULT (INDOPLAS), 4.00 ," 1,269.00 "," 5,076.00 ", -   ,"5,076.00"," 1,000.00 "," 4,000.00 ","1,076.00",21%
Government,DR MS 03508,13/12/2025,CAPILLARY SEALER FOR MICROHEMATOCRIT TUBE, 3.00 , 284.00 , 852.00 , -   ,852.00, 180.00 , 540.00 ,312.00,37%
Government,DR MS 03508,13/12/2025,DENTAL NEEDLE G30 SHORT (DENJECT), 2.00 , 510.00 ," 1,020.00 ", -   ,"1,020.00", 330.00 , 660.00 ,360.00,35%
Government,DR MS 03508,13/12/2025,ECG PAPER 80x20, 12.00 , 120.00 ," 1,440.00 ", -   ,"1,440.00", 50.00 , 600.00 ,840.00,58%
Government,DR MS 03508,13/12/2025,GLOVES LARGE LATEX NONSTERILE (INDOPLAS), 30.00 , 230.00 ," 6,900.00 ", -   ,"6,900.00", 185.00 ," 5,550.00 ","1,350.00",20%
Government,DR MS 03508,13/12/2025,GLOVES MEDIUM LATEX NONSTERILE (INDOPLAS), 30.00 , 230.00 ," 6,900.00 ", -   ,"6,900.00", 185.00 ," 5,550.00 ","1,350.00",20%
Government,DR MS 03508,13/12/2025,DISPOSABLE FACEMASK (INDOPLAS), 100.00 , 90.00 ," 9,000.00 ", -   ,"9,000.00", 55.00 ," 5,500.00 ","3,500.00",39%
Government,DR MS 03508,13/12/2025,PULSE OXIMETER ADULT (INDOPLAS), 6.00 ," 1,050.00 "," 6,300.00 ", -   ,"6,300.00", 700.00 ," 4,200.00 ","2,100.00",33%
Government,DR MS 03508,13/12/2025,PULSE OXIMETER PEDIA, 3.00 ," 2,100.00 "," 6,300.00 ", -   ,"6,300.00", 650.00 ," 1,950.00 ","4,350.00",69%
Government,DR MS 03508,13/12/2025,GLASS SLIDES CLEAR (SAIL), 50.00 , 60.00 ," 3,000.00 ", -   ,"3,000.00", 50.00 ," 2,500.00 ",500.00,17%
Government,DR MS 03508,13/12/2025,GRAM STAIN SET (MEDIC), 1.00 ," 2,615.00 "," 2,615.00 ", -   ,"2,615.00"," 2,507.00 "," 2,507.00 ",108.00,4%
Government,DR MS 03508,13/12/2025,LUBRICATING JELLY 150G (PARTNERS), 10.00 , 165.00 ," 1,650.00 ", -   ,"1,650.00", 98.00 , 980.00 ,670.00,41%
Government,DR MS 03508,13/12/2025,OCCULT BLOOD SET 200/300 TEST (MEDIC), 1.00 ," 6,240.00 "," 6,240.00 ", -   ,"6,240.00"," 3,500.00 "," 3,500.00 ","2,740.00",44%
Government,DR MS 03508,13/12/2025,OXYGEN REGULATOR, 3.00 ," 1,275.00 "," 3,825.00 ", -   ,"3,825.00", 900.00 ," 2,700.00 ","1,125.00",29%
Government,DR MS 03508,13/12/2025,PENLIGHT (KINGMED), 10.00 , 128.00 ," 1,280.00 ", -   ,"1,280.00", 120.00 ," 1,200.00 ",80.00,6%
Government,DR MS 03508,13/12/2025,POVIDONE IODINE 10% 1G (JCHIEME), 6.00 ," 1,275.00 "," 7,650.00 ", -   ,"7,650.00"," 1,200.00 "," 7,200.00 ",450.00,6%
Government,DR MS 03508,13/12/2025,PREGNANCY TEST (PARTNERS), 100.00 , 12.75 ," 1,275.00 ", -   ,"1,275.00", 7.68 , 768.00 ,507.00,40%
Government,DR MS 03508,13/12/2025,SPHYGMOMANOMETER ADULT INDOPLAS, 4.00 ," 1,530.00 "," 6,120.00 ", -   ,"6,120.00", 600.00 ," 2,400.00 ","3,720.00",61%
Government,DR MS 03508,13/12/2025,, 5.00 , 600.00 ," 3,000.00 ", -   ,"3,000.00",,,"3,000.00",100%
Government,DR MS 03508,13/12/2025,, 10.00 , 35.00 , 350.00 , -   ,350.00,,,350.00,100%
Government,DR MS 03508,13/12/2025,THERMAL PAPER 110MMX20M (SONY), 0.50 ," 11,300.00 "," 5,650.00 ", -   ,"5,650.00"," 8,200.00 "," 4,100.00 ","1,550.00",27%
Government,DR MS 03508,13/12/2025,DIGITAL THERMOMETER (SURGITECH), 20.00 , 105.00 ," 2,100.00 ", -   ,"2,100.00", 65.00 ," 1,300.00 ",800.00,38%
Government,DR MS 03508,13/12/2025,FLAT TOURNIQUET, 10.00 , 18.00 , 180.00 , -   ,180.00, 7.00 , 70.00 ,110.00,61%
Government,DR MS 03508,13/12/2025,ULTRASOUND GEL 250ML, 4.00 , 83.00 , 332.00 , -   ,332.00, 80.00 , 320.00 ,12.00,4%
Government,DR MS 03509,13/12/2025,ULTRASOUND TRANSMISSION GEL 5 LITERS, 1.00 , 970.00 , 970.00 , -   ,970.00, 580.00 , 580.00 ,390.00,40%
Government,DR MS 03509,13/12/2025,WBC DILLUTING FLUID : 500ML (MEDIC), 1.00 , 288.00 , 288.00 , -   ,288.00, 210.00 , 210.00 ,78.00,27%
Government,DR MS 03509,13/12/2025,X-RAY CASETTE : 8X10 WITH INTENSIFY SCREEN, 1.00 ," 16,950.00 "," 16,950.00 ", -   ,"16,950.00"," 12,995.00 "," 12,995.00 ","3,955.00",23%
Government,DR MS 03509,13/12/2025,X-RAY CASETTE : 14X14 WITH INTENSIFY SCREEN FUJI, 1.00 ," 22,950.00 "," 22,950.00 ", -   ,"22,950.00"," 17,595.00 "," 17,595.00 ","5,355.00",23%
Government,DR MS 03509,13/12/2025,X-RAY DEVELOPER POWDER MANUAL FUJI, 4.00 ," 1,350.00 "," 5,400.00 ", -   ,"5,400.00"," 1,560.00 "," 6,240.00 ",-840.00,-16%
Government,DR MS 03509,13/12/2025,XRAY FILM 8X10 (FUJI), 1.00 ," 2,240.00 "," 2,240.00 ", -   ,"2,240.00"," 2,160.00 "," 2,160.00 ",80.00,4%
Government,DR MS 03509,13/12/2025,XRAY FILM 10X12 (FUJI), 1.00 ," 2,990.00 "," 2,990.00 ", -   ,"2,990.00"," 2,952.00 "," 2,952.00 ",38.00,1%
Government,DR MS 03509,13/12/2025,XRAY FILM 11X14 (FUJI), 2.00 ," 3,775.00 "," 7,550.00 ", -   ,"7,550.00"," 3,276.00 "," 6,552.00 ",998.00,13%
Government,DR MS 03509,13/12/2025,X-RAY FILM 14X14 (FUJI), 3.00 ," 5,050.00 "," 15,150.00 ", -   ,"15,150.00"," 4,626.00 "," 13,878.00 ","1,272.00",8%
Government,DR MS 03509,13/12/2025,XRAY FILM 14X17 (FUJI), 4.00 ," 6,170.00 "," 24,680.00 ", -   ,"24,680.00"," 5,268.00 "," 21,072.00 ","3,608.00",15%
Government,DR MS 03509,13/12/2025,X-RAY FIXER: POWDER MANUAL FUJI, 4.00 ," 1,078.00 "," 4,312.00 ", -   ,"4,312.00"," 1,560.00 "," 6,240.00 ","-1,928.00",-45%
Admin,DR 025843,15/12/2025,CIUMADE TAB, 7.00 , 678.57 ," 4,749.99 ", -   ,"4,749.99", 450.00 ," 3,150.00 ","1,599.99",34%
Admin,DR 025843,15/12/2025,SANOMAX-FA, 7.00 , 857.14 ," 5,999.98 ", -   ,"5,999.98", 560.00 ," 3,920.00 ","2,079.98",35%
Admin,DR 025843,15/12/2025,BENERVA PLUS 500MG/50MG/100MG/100MCG, 2.00 ," 1,200.00 "," 2,400.00 ", -   ,"2,400.00", 615.00 ," 1,230.00 ","1,170.00",49%
Admin,DR 025843,15/12/2025,HEMOXIN 500MG, 2.00 ," 1,500.00 "," 3,000.00 ", -   ,"3,000.00", 435.00 , 870.00 ,"2,130.00",71%
Admin,DR 025843,15/12/2025,GLOVES MEDIUM NITRILE NONSTERILE (GLOMED), 3.00 , 450.00 ," 1,350.00 ", -   ,"1,350.00", 200.00 , 600.00 ,750.00,56%
Government,DR MS 03595,13/12/2025,ACETIC ACID 10% 500ML (MEDIC), 1.00 , 339.00 , 339.00 , -   ,339.00, 300.00 , 300.00 ,39.00,12%
Government,DR MS 03595,13/12/2025,ANTI HUMAN GLOBULIN (EPICLONE), 1.00 , 980.00 , 980.00 , -   ,980.00," 1,100.00 "," 1,100.00 ",-120.00,-12%
Government,DR MS 03595,13/12/2025,, 5.00 ," 1,383.00 "," 6,915.00 ", -   ,"6,915.00",,,"6,915.00",100%
Government,DR MS 03595,13/12/2025,, 5.00 ," 1,383.00 "," 6,915.00 ", -   ,"6,915.00",,,"6,915.00",100%
Government,DR MS 03595,13/12/2025,SDCHECK BLOOD TEST STRIPS GOLD, 20.00 ," 1,197.00 "," 23,940.00 ", -   ,"23,940.00"," 1,300.00 "," 26,000.00 ","-2,060.00",-9%
Government,DR MS 03595,13/12/2025,LANCET G21, 3.00 , 477.00 ," 1,431.00 ", -   ,"1,431.00", 400.00 ," 1,200.00 ",231.00,16%
Government,DR MS 03595,13/12/2025,BLOOD TYPING SERA : ANTI A 1X10ML (EPICLONE), 3.00 , 717.00 ," 2,151.00 ", -   ,"2,151.00", 580.00 ," 1,740.00 ",411.00,19%
Government,DR MS 03595,13/12/2025,BLOOD TYPING SERA : ANTI B 1X10ML (EPICLONE), 3.00 , 717.00 ," 2,151.00 ", -   ,"2,151.00", 580.00 ," 1,740.00 ",411.00,19%
Government,DR MS 03595,13/12/2025,BLOOD TYPING SERA : ANTI C 1X10ML (EPICLONE), 3.00 , 807.00 ," 2,421.00 ", -   ,"2,421.00", 700.00 ," 2,100.00 ",321.00,13%
Government,DR MS 03595,13/12/2025,CAPILLARY NA-HEPARINIZED MICRO HAEMATOCRIT : RED TIN TUBE (HIRSCHMAN), 10.00 , 237.00 ," 2,370.00 ", -   ,"2,370.00", 180.00 ," 1,800.00 ",570.00,24%
Government,DR MS 03595,13/12/2025,COVER GLASS CLEAR 22X22MM (CITOTEST), 20.00 , 333.00 ," 6,660.00 ", -   ,"6,660.00", 60.00 ," 1,200.00 ","5,460.00",82%
Government,DR MS 03595,13/12/2025,GLASS SLIDES CLEAR (SAIL), 20.00 , 57.00 ," 1,140.00 ", -   ,"1,140.00", 50.00 ," 1,000.00 ",140.00,12%
Government,DR MS 03595,13/12/2025,BENEDICT'S QUALITATIVE SOLUTION, 1.00 , 261.00 , 261.00 , -   ,261.00, 250.00 , 250.00 ,11.00,4%
Government,DR MS 03595,13/12/2025,, 1.00 ," 7,389.00 "," 7,389.00 ", -   ,"7,389.00",,,"7,389.00",100%
Government,DR MS 03595,13/12/2025,HEMA QUICK STAIN SET (MEDIC), 1.00 ," 4,269.00 "," 4,269.00 ", -   ,"4,269.00"," 4,700.00 "," 4,700.00 ",-431.00,-10%
Government,DR MS 03595,13/12/2025,MICRO CENTRIFUGE TUBE : 1.5 WITH LID, 3.00 ," 1,152.00 "," 3,456.00 ", -   ,"3,456.00", 998.00 ," 2,994.00 ",462.00,13%
Government,DR MS 03595,13/12/2025,YELLOW TOP : GEL CLOT ACTIVATOR TUBE 0.5ML (KINGMED), 5.00 , 530.00 ," 2,650.00 ", -   ,"2,650.00", 650.00 ," 3,250.00 ",-600.00,-23%
Government,DR MS 03595,13/12/2025,LAVENDER TOP : 0.5ML (EDTA), 5.00 ," 1,247.00 "," 6,235.00 ", -   ,"6,235.00", 650.00 ," 3,250.00 ","2,985.00",48%
Government,DR MS 03595,13/12/2025,OCCULT BLOOD SET 200/300 TEST (MEDIC), 1.00 ," 6,237.00 "," 6,237.00 ", -   ,"6,237.00"," 3,500.00 "," 3,500.00 ","2,737.00",44%
Government,DR MS 03595,13/12/2025,GRAM STAIN SET (MEDIC), 1.00 ," 2,613.00 "," 2,613.00 ", -   ,"2,613.00"," 2,507.00 "," 2,507.00 ",106.00,4%
Government,DR MS 03595,13/12/2025,REES AND ECKER 250ML (MEDIC), 1.00 , 393.00 , 393.00 , -   ,393.00, 350.00 , 350.00 ,43.00,11%
Government,DR MS 03595,13/12/2025,WOODEN APPLICATOR STICK : NON STERILE - PARTNERS, 3.00 , 267.00 , 801.00 , -   ,801.00, 215.00 , 645.00 ,156.00,19%
Government,DR MS 03595,13/12/2025,URINE STRIPS : 10DG (RIGHTSIGN), 10.00 , 747.00 ," 7,470.00 ", -   ,"7,470.00", 650.00 ," 6,500.00 ",970.00,13%
Government,DR MS 03595,13/12/2025,VACUTAINER YELLOW TOP : GEL AND CLOT ACTIVATOR 4ML (KINGMED), 10.00 , 792.00 ," 7,920.00 ", -   ,"7,920.00", 690.00 ," 6,900.00 ","1,020.00",13%
Government,DR MS 03595,13/12/2025,RAPID ANTIBODY MEDIUM, 1.00 ," 1,047.00 "," 1,047.00 ", -   ,"1,047.00", 924.00 , 924.00 ,123.00,12%
Government,DR MS 03595,13/12/2025,PAPANICOLAOU STAIN SET 10X500ML (MEDIC), 1.00 ," 21,470.00 "," 21,470.00 ", -   ,"21,470.00"," 7,000.00 "," 7,000.00 ","14,470.00",67%
Government,DR MS 03595,13/12/2025,WBC DILLUTING FLUID : 500ML (MEDIC), 1.00 , 285.00 , 285.00 , -   ,285.00, 210.00 , 210.00 ,75.00,26%
Government,DR MS 03454,13/12/2025,FLUCYSTEINE 200MG 30's, 33.33 , 435.00 ," 14,500.00 ", -   ,"14,500.00", 210.00 ," 7,000.00 ","7,500.00",52%
Government,DR MS 03454,13/12/2025,MUCORIGHT 600MG, 50.00 , 400.00 ," 20,000.00 ", -   ,"20,000.00", 329.00 ," 16,450.00 ","3,550.00",18%
Government,DR MS 03454,13/12/2025,URISOL 100MG TAB, 2.00 , 240.00 , 480.00 , -   ,480.00, 71.00 , 142.00 ,338.00,70%
Government,DR MS 03454,13/12/2025,, 20.00 , 25.00 , 500.00 , -   ,500.00,,,500.00,100%
Government,DR MS 03454,13/12/2025,SHELOGEL 200MG/100MG, 2.00 , 115.00 , 230.00 , -   ,230.00, 84.00 , 168.00 ,62.00,27%
Government,DR MS 03454,13/12/2025,AMBIMOX 500MG CAP, 20.00 , 260.00 ," 5,200.00 ", -   ,"5,200.00", 157.00 ," 3,140.00 ","2,060.00",40%
Government,DR MS 03454,13/12/2025,WELLTRATE 50MG, 10.00 , 450.00 ," 4,500.00 ", -   ,"4,500.00", 257.00 ," 2,570.00 ","1,930.00",43%
Government,DR MS 03454,13/12/2025,EDIXIN 250MG/5ML, 50.00 , 48.00 ," 2,400.00 ", -   ,"2,400.00", 31.00 ," 1,550.00 ",850.00,35%
Government,DR MS 03454,13/12/2025,EDIXIN 500MG, 50.00 , 440.00 ," 22,000.00 ", -   ,"22,000.00", 257.00 ," 12,850.00 ","9,150.00",42%
Government,DR MS 03454,13/12/2025,NOVACEE 100MG/5ML 15ML, 20.00 , 20.00 , 400.00 , -   ,400.00, 17.00 , 340.00 ,60.00,15%
Government,DR MS 03454,13/12/2025,NOVACEE 100MG/5ML 60ML, 50.00 , 25.00 ," 1,250.00 ", -   ,"1,250.00", 15.50 , 775.00 ,475.00,38%
Government,DR MS 03454,13/12/2025,MYREVIT-C 500MG TAB, 5.00 , 230.00 ," 1,150.00 ", -   ,"1,150.00", 46.00 , 230.00 ,920.00,80%
Government,DR RT 0001417,29/11/2025,"PAGBILAO # 20,000-2", 1.00 ," 19,900.00 "," 19,900.00 ", -   ,"19,900.00"," 9,999.00 "," 9,999.00 ","9,901.00",50%
Government,DR RT 0001457,29/11/2025,"PAGBILAO # 53,000", 1.00 ," 52,920.00 "," 52,920.00 ", -   ,"52,920.00"," 34,821.36 "," 34,821.36 ","18,098.64",34%
Government,DR RT 0001460,29/11/2025,"PAGBILAO # 175,000", 1.00 ," 174,500.00 "," 174,500.00 ", -   ,"174,500.00"," 112,500.00 "," 112,500.00 ","62,000.00",36%
Government,DR RT 0001456,29/11/2025,"PAGBILAO # 125,790", 1.00 ," 125,346.00 "," 125,346.00 ", -   ,"125,346.00"," 82,213.15 "," 82,213.15 ","43,132.85",34%
Government,DR RM 0002164,29/11/2025,"PAGBILAO # 103,100", 1.00 ," 102,960.00 "," 102,960.00 ", -   ,"102,960.00"," 67,716.75 "," 67,716.75 ","35,243.25",34%
Government,DR RT 0001455,29/11/2025,"PAGBILAO # 10,620", 1.00 ," 10,512.00 "," 10,512.00 ", -   ,"10,512.00"," 6,394.90 "," 6,394.90 ","4,117.10",39%
Government,DR RT 0001453,29/11/2025,"PAGBILAO # 17,000-1", 1.00 ," 16,923.00 "," 16,923.00 ", -   ,"16,923.00"," 11,135.33 "," 11,135.33 ","5,787.67",34%
Government,DR RT 0001451,29/11/2025,"PAGBILAO # 6,000-1", 1.00 ," 5,970.00 "," 5,970.00 ", -   ,"5,970.00"," 3,928.26 "," 3,928.26 ","2,041.74",34%
Government,DR RT 0001418,29/11/2025,"PAGBILAO # 32,250", 1.00 ," 32,000.00 "," 32,000.00 ", -   ,"32,000.00"," 21,056.00 "," 21,056.00 ","10,944.00",34%
Government,DR RT 0001431,29/11/2025,"PAGBILAO # 102,500", 1.00 ," 102,220.00 "," 102,220.00 ", -   ,"102,220.00"," 72,350.26 "," 72,350.26 ","29,869.74",29%
Hospital,DR MS 03586,29/11/2025,MATERNITY PADS 8s (MAXIFREE), 688.00 , 90.16 ," 62,030.08 ", -   ,"62,030.08", 60.00 ," 41,280.00 ","20,750.08",33%
Hospital,DR MS 03545,29/11/2025,PORSROSE 20MG/ML (100MG/5ML) 5ML, 36.00 , 422.55 ," 15,211.80 ", -   ,"15,211.80", 285.00 ," 10,260.00 ","4,951.80",33%
Hospital,DR MS 03545,29/11/2025,CLOPINOVA 75MG, 10.00 , 138.00 ," 1,380.00 ", -   ,"1,380.00", 87.00 , 870.00 ,510.00,37%
Hospital,DR MS 03545,29/11/2025,CELEKOP 200MG CAP, 12.00 , 254.00 ," 3,048.00 ", -   ,"3,048.00", 130.00 ," 1,560.00 ","1,488.00",49%
Hospital,DR MS 03545,29/11/2025,HYTRIX 100MG, 80.00 , 352.10 ," 28,168.00 ", -   ,"28,168.00", 210.00 ," 16,800.00 ","11,368.00",40%
Hospital,DR MS 03545,29/11/2025,CORSIN-300 150MG/ML (300MG/2ML) 2ML, 520.00 , 87.32 ," 45,406.40 ", -   ,"45,406.40", 52.00 ," 27,040.00 ","18,366.40",40%
Hospital,DR MS 03545,29/11/2025,K-LYTE 600MG TABLET, 39.00 ," 1,275.00 "," 49,725.00 ", -   ,"49,725.00"," 1,120.00 "," 43,680.00 ","6,045.00",12%
Hospital,DR MS 03545,29/11/2025,LAZICARE 10MG/ML (20MG/2ML) 2ML, 200.00 , 81.70 ," 16,340.00 ", -   ,"16,340.00", 55.00 ," 11,000.00 ","5,340.00",33%
Hospital,DR MS 03489,29/11/2025,MEFIDIN 500MG CAPSULE, 30.00 , 113.00 ," 3,390.00 ", -   ,"3,390.00", 74.00 ," 2,220.00 ","1,170.00",35%
Hospital,DR MS 03489,29/11/2025,OPREX 40MG IV, 500.00 , 366.20 ," 183,100.00 ", -   ,"183,100.00", 180.00 ," 90,000.00 ","93,100.00",51%
Hospital,DR MS 03489,29/11/2025,OPREX 40MG IV, 19.00 , 366.20 ," 6,957.80 ", -   ,"6,957.80", 180.00 ," 3,420.00 ","3,537.80",51%
Government,DR MS 03484,29/11/2025,CELEKOP 200MG CAP, 86.00 , 254.00 ," 21,844.00 ", -   ,"21,844.00", 130.00 ," 11,180.00 ","10,664.00",49%
Government,DR MS 03484,29/11/2025,GENTAM 40MG/ML (80MG/2ML) 2ML, 100.00 , 84.50 ," 8,450.00 ", -   ,"8,450.00", 43.00 ," 4,300.00 ","4,150.00",49%
Government,DR MS 03484,29/11/2025,HYFER-250 250MG/5ML, 360.00 , 20.00 ," 7,200.00 ", -   ,"7,200.00", 14.00 ," 5,040.00 ","2,160.00",30%
Government,DR MS 03500,29/11/2025,LOMOH-60 60MG/0.6ML, 70.00 ," 1,042.25 "," 72,957.50 ", -   ,"72,957.50", 395.00 ," 27,650.00 ","45,307.50",62%
Government,DR MS 03500,29/11/2025,LOMOH-40 40MG/0.4ML, 700.00 , 619.72 ," 433,804.00 ", -   ,"433,804.00", 320.00 ," 224,000.00 ","209,804.00",48%
Government,DR MS 03500,29/11/2025,KOVENT SF 25MCG/250MCG MDI, 280.00 , 496.00 ," 138,880.00 ", -   ,"138,880.00", 320.00 ," 89,600.00 ","49,280.00",35%
Government,DR MS 03500,29/11/2025,TROVIPRI 80MG, 20.00 , 479.00 ," 9,580.00 ", -   ,"9,580.00", 320.00 ," 6,400.00 ","3,180.00",33%
Government,DR MS 03500,29/11/2025,LAZICARE 10MG/ML (20MG/2ML) 2ML, 360.00 , 81.70 ," 29,412.00 ", -   ,"29,412.00", 55.00 ," 19,800.00 ","9,612.00",33%
Government,DR MS 03500,29/11/2025,NOVACEE 100MG/5ML SYRUP, 216.00 , 28.50 ," 6,156.00 ", -   ,"6,156.00", 39.00 ," 8,424.00 ","-2,268.00",-37%
Government,DR MS 03500,29/11/2025,NOVACEE 100MG/5ML SYRUP, 64.00 , 28.50 ," 1,824.00 ", -   ,"1,824.00", 39.00 ," 2,496.00 ",-672.00,-37%
Government,DR MS 03500,29/11/2025,METOCLOSIL 5MG/ML (10MG/2ML), 200.00 , 175.00 ," 35,000.00 ", -   ,"35,000.00", 60.00 ," 12,000.00 ","23,000.00",66%
Government,DR MS 03500,29/11/2025,HYOSAPH 20MG/ML, 460.00 , 340.00 ," 156,400.00 ", -   ,"156,400.00", 170.00 ," 78,200.00 ","78,200.00",50%
Government,DR MS 03500,29/11/2025,DISPOSABLE NEEDLE AGANI G20 X1 (TERUMO), 1.00 , 211.00 , 211.00 , -   ,211.00, 30.00 , 30.00 ,181.00,86%
Government,DR MS 03500,29/11/2025,DISPOSABLE INFUSION SET ADULT 20MACRODROPS/ML (HEXACARE), 650.00 , 28.17 ," 18,310.50 ", -   ,"18,310.50", 8.40 ," 5,460.00 ","12,850.50",70%
Government,DR MS 03500,29/11/2025,PORFEVER 150MG/ML (300MG/2ML) 2ML, 156.00 , 77.50 ," 12,090.00 ", -   ,"12,090.00", 50.00 ," 7,800.00 ","4,290.00",35%
Government,DR MS 03500,29/11/2025,EVAPROST 125MCG/0.5ML, 40.00 ," 2,800.00 "," 112,000.00 ", -   ,"112,000.00"," 1,872.00 "," 74,880.00 ","37,120.00",33%
Government,DR MS 03500,29/11/2025,CARDOWIN 1MG/ML 10ML, 720.00 , 154.93 ," 111,549.60 ", -   ,"111,549.60", 90.00 ," 64,800.00 ","46,749.60",42%
Government,DR MS 03534,29/11/2025,HYTRIX 100MG, 100.00 , 352.10 ," 35,210.00 ", -   ,"35,210.00", 210.00 ," 21,000.00 ","14,210.00",40%
Government,DR MS 03549,29/11/2025,K-LYTE 600MG TABLET, 42.00 ," 1,275.00 "," 53,550.00 ", -   ,"53,550.00"," 1,120.00 "," 47,040.00 ","6,510.00",12%
Government,DR MS 03549,29/11/2025,EUROZYLLIN 250MG," 1,200.00 ", 24.51 ," 29,412.00 ", -   ,"29,412.00", 15.00 ," 18,000.00 ","11,412.00",39%
Government,DR MS 03549,29/11/2025,EUROZYLLIN 1G, 800.00 , 29.58 ," 23,664.00 ", -   ,"23,664.00", 21.00 ," 16,800.00 ","6,864.00",29%
Government,DR MS 03549,29/11/2025,HYTRIX 100MG, 96.00 , 352.10 ," 33,801.60 ", -   ,"33,801.60", 210.00 ," 20,160.00 ","13,641.60",40%
Government,DR MS 03570,29/11/2025,K-LYTE 600MG TABLET, 188.00 ," 1,275.00 "," 239,700.00 ", -   ,"239,700.00"," 1,120.00 "," 210,560.00 ","29,140.00",12%
Government,DR MS 03570,29/11/2025,EUROZYLLIN 250MG, 800.00 , 24.51 ," 19,608.00 ", -   ,"19,608.00", 15.00 ," 12,000.00 ","7,608.00",39%
Government,DR MS 03570,29/11/2025,EUROZYLLIN 1G, 100.00 , 29.58 ," 2,958.00 ", -   ,"2,958.00", 21.00 ," 2,100.00 ",858.00,29%
Government,DR MS 03570,29/11/2025,HYTRIX 100MG, 94.00 , 352.10 ," 33,097.40 ", -   ,"33,097.40", 210.00 ," 19,740.00 ","13,357.40",40%
Government,DR MS 03570,29/11/2025,DISPOSABLE INFUSION SET ADULT 20MACRODROPS/ML (HEXACARE), 70.00 , 28.17 ," 1,971.90 ", -   ,"1,971.90", 8.40 , 588.00 ,"1,383.90",70%
Hospital,DR RT 0001471,29/11/2025,"QMC # 51,320", 1.00 ," 51,240.00 "," 51,240.00 ", -   ,"51,240.00"," 25,660.00 "," 25,660.00 ","25,580.00",50%
Admin,DR 025842,09/12/2025,CIUMADE TAB, 7.00 , 678.57 ," 4,749.99 ", -   ,"4,749.99", 450.00 ," 3,150.00 ","1,599.99",34%
Admin,DR 025842,09/12/2025,FERGLOBIN FA 60MG/400MCG CAP, 7.00 , 642.86 ," 4,500.02 ", -   ,"4,500.02", 325.00 ," 2,275.00 ","2,225.02",49%
Admin,DR 025842,09/12/2025,DUVAGEN 10MG, 7.00 ," 1,678.57 "," 11,749.99 ", -   ,"11,749.99", 365.00 ," 2,555.00 ","9,194.99",78%
Admin,DR 025842,09/12/2025,APCELAC 500MG, 7.00 , 655.00 ," 4,585.00 ", -   ,"4,585.00", 400.00 ," 2,800.00 ","1,785.00",39%
Admin,DR 025842,09/12/2025,ZELEX 200MG CAP, 7.00 ," 2,800.00 "," 19,600.00 ", -   ,"19,600.00", 925.00 ," 6,475.00 ","13,125.00",67%
Admin,DR 025842,09/12/2025,MERGOT 125MCG, 7.00 ," 2,000.00 "," 14,000.00 ", -   ,"14,000.00", 680.00 ," 4,760.00 ","9,240.00",66%
Government,DR MS 03454,13/12/2025,PHILPRIN 80MG, 10.00 , 90.00 , 900.00 , -   ,900.00, 51.00 , 510.00 ,390.00,43%
Government,DR MS 03454,13/12/2025,AZCORE 500MG TAB, 16.70 , 900.00 ," 15,030.00 ", -   ,"15,030.00", 285.00 ," 4,759.50 ","10,270.50",68%
Government,DR MS 03454,13/12/2025,BISACODEN 10MG, 1.00 ," 3,000.00 "," 3,000.00 ", -   ,"3,000.00"," 1,665.00 "," 1,665.00 ","1,335.00",45%
Government,DR MS 03454,13/12/2025,DINOSED 250MCG/ML (500MCG/2ML), 33.33 ," 1,890.00 "," 63,000.00 ", -   ,"63,000.00", 420.00 ," 14,000.00 ","49,000.00",78%
Government,DR MS 03454,13/12/2025,CEPRIME 20MG/ML, 10.00 , 150.00 ," 1,500.00 ", -   ,"1,500.00", 101.00 ," 1,010.00 ",490.00,33%
Government,DR MS 03454,13/12/2025,EMACIF 100MG/5ML, 10.00 , 115.00 ," 1,150.00 ", -   ,"1,150.00", 75.00 , 750.00 ,400.00,35%
Government,DR MS 03454,13/12/2025,EXECORE 500MG TAB, 300.00 , 255.00 ," 76,500.00 ", -   ,"76,500.00", 78.00 ," 23,400.00 ","53,100.00",69%
Government,DR MS 03454,13/12/2025,EMICOX 200MG CAP, 30.00 , 360.00 ," 10,800.00 ", -   ,"10,800.00", 202.00 ," 6,060.00 ","4,740.00",44%
Government,DR MS 03454,13/12/2025,CETIRILIFE 10MG, 7.00 , 120.00 , 840.00 , -   ,840.00, 27.00 , 189.00 ,651.00,78%
Government,DR MS 03454,13/12/2025,ALLERJEC 2.5MG/ML, 100.00 , 44.00 ," 4,400.00 ", -   ,"4,400.00", 18.00 ," 1,800.00 ","2,600.00",59%
Government,DR MS 03454,13/12/2025,DIALIX 1MG/ML, 100.00 , 45.00 ," 4,500.00 ", -   ,"4,500.00", 26.00 ," 2,600.00 ","1,900.00",42%
Government,DR MS 03454,13/12/2025,CHOLOROLEM 500MG, 2.00 , 600.00 ," 1,200.00 ", -   ,"1,200.00", 306.00 , 612.00 ,588.00,49%
Government,DR MS 03454,13/12/2025,VERTEX 25MG TAB, 7.00 , 105.00 , 735.00 , -   ,735.00, 79.00 , 553.00 ,182.00,25%
Government,DR MS 03454,13/12/2025,XAFLOQUIN 500MG, 10.00 , 500.00 ," 5,000.00 ", -   ,"5,000.00", 168.00 ," 1,680.00 ","3,320.00",66%
Government,DR MS 03455,13/12/2025,CLARITHROMED 125MG, 50.00 , 230.00 ," 11,500.00 ", -   ,"11,500.00", 120.00 ," 6,000.00 ","5,500.00",48%
Government,DR MS 03455,13/12/2025,, 50.00 , 465.00 ," 23,250.00 ", -   ,"23,250.00",,,"23,250.00",100%
Government,DR MS 03455,13/12/2025,CLIN-GEN 300MG CAP, 5.00 , 500.00 ," 2,500.00 ", -   ,"2,500.00", 360.00 ," 1,800.00 ",700.00,28%
Government,DR MS 03455,13/12/2025,CLOPINOVA 75MG, 30.00 , 160.00 ," 4,800.00 ", -   ,"4,800.00", 87.00 ," 2,610.00 ","2,190.00",46%
Government,DR MS 03455,13/12/2025,CLOXANE 500MG, 20.00 , 425.00 ," 8,500.00 ", -   ,"8,500.00", 266.00 ," 5,320.00 ","3,180.00",37%
Government,DR MS 03455,13/12/2025,MEOXICLAV-DS 457MG/5ML 70ML, 40.00 , 300.00 ," 12,000.00 ", -   ,"12,000.00", 158.00 ," 6,320.00 ","5,680.00",47%
Government,DR MS 03455,13/12/2025,RANICLAV 625MG TAB, 215.00 , 250.00 ," 53,750.00 ", -   ,"53,750.00", 122.00 ," 26,230.00 ","27,520.00",51%
Government,DR MS 03455,13/12/2025,KATHREX 480MG/5ML, 20.00 , 35.00 , 700.00 , -   ,700.00, 35.00 , 700.00 ,0.00,0%
Government,DR MS 03455,13/12/2025,EMETIL-10MG, 10.00 , 90.00 , 900.00 , -   ,900.00, 71.00 , 710.00 ,190.00,21%
Government,DR MS 03455,13/12/2025,KODOXY 100MG, 2.00 , 295.00 , 590.00 , -   ,590.00, 110.00 , 220.00 ,370.00,63%
Government,DR MS 03455,13/12/2025,INFACARE 5MG CAP, 5.00 , 150.00 , 750.00 , -   ,750.00, 115.00 , 575.00 ,175.00,23%
Government,DR MS 03455,13/12/2025,GABAVEX 100MG, 2.00 , 680.00 ," 1,360.00 ", -   ,"1,360.00", 348.00 , 696.00 ,664.00,49%
Government,DR MS 03455,13/12/2025,KHRIZCOPAN 10MG, 10.00 , 350.00 ," 3,500.00 ", -   ,"3,500.00", 218.00 ," 2,180.00 ","1,320.00",38%
Government,DR MS 03455,13/12/2025,SOLVAPRINE 10MG TAB, 3.00 , 540.00 ," 1,620.00 ", -   ,"1,620.00", 150.00 , 450.00 ,"1,170.00",72%
Government,DR MS 03455,13/12/2025,EASYLAC-3.35G/5ML, 50.00 , 175.00 ," 8,750.00 ", -   ,"8,750.00", 101.00 ," 5,050.00 ","3,700.00",42%
Government,DR MS 03455,13/12/2025,OFPLEMED 300MG/5ML 120ML, 50.00 , 120.00 ," 6,000.00 ", -   ,"6,000.00", 51.00 ," 2,550.00 ","3,450.00",58%
Government,DR MS 03455,13/12/2025,OFPLEMED FORTE 600MG, 5.00 , 560.00 ," 2,800.00 ", -   ,"2,800.00", 184.00 , 920.00 ,"1,880.00",67%
Government,DR MS 03455,13/12/2025,LORIN 10MG, 1.00 , 220.00 , 220.00 , -   ,220.00, 110.00 , 110.00 ,110.00,50%
Government,DR MS 03455,13/12/2025,DM MEBENDAZOLE 100MG/5ML, 10.00 , 35.00 , 350.00 , -   ,350.00, 24.00 , 240.00 ,110.00,31%
Government,DR MS 03455,13/12/2025,MECID 500MG CAP, 60.00 , 180.00 ," 10,800.00 ", -   ,"10,800.00", 89.00 ," 5,340.00 ","5,460.00",51%
Government,DR MS 03455,13/12/2025,MEDIZOLE 500MG, 5.00 , 140.00 , 700.00 , -   ,700.00, 100.00 , 500.00 ,200.00,29%
Government,DR MS 03455,13/12/2025,NOVAKAST 4MG, 2.00 , 900.00 ," 1,800.00 ", -   ,"1,800.00", 204.00 , 408.00 ,"1,392.00",77%
Government,DR MS 03455,13/12/2025,NOVAKAST 5MG, 2.00 , 930.00 ," 1,860.00 ", -   ,"1,860.00", 313.00 , 626.00 ,"1,234.00",66%
Government,DR MS 03455,13/12/2025,SONAP 500MG, 2.00 , 540.00 ," 1,080.00 ", -   ,"1,080.00", 346.00 , 692.00 ,388.00,36%
Government,DR MS 03455,13/12/2025,OMETIFT 20MG, 10.00 , 235.00 ," 2,350.00 ", -   ,"2,350.00", 89.00 , 890.00 ,"1,460.00",62%
Government,DR MS 03456,13/12/2025,XOPRAZOLE PLUS 40MG, 10.00 , 500.00 ," 5,000.00 ", -   ,"5,000.00", 320.00 ," 3,200.00 ","1,800.00",36%
Government,DR MS 03456,13/12/2025,MILGESIC 100MG/5ML DROPS, 150.00 , 20.00 ," 3,000.00 ", -   ,"3,000.00", 16.00 ," 2,400.00 ",600.00,20%
Government,DR MS 03456,13/12/2025,HYFER-125 125MG/5ML, 150.00 , 45.00 ," 6,750.00 ", -   ,"6,750.00", 13.00 ," 1,950.00 ","4,800.00",71%
Government,DR MS 03456,13/12/2025,PARAGESIC 125MG, 9.60 , 389.58 ," 3,740.00 ", -   ,"3,740.00", 537.00 ," 5,155.20 ","-1,415.20",-38%
Government,DR MS 03456,13/12/2025,PHILPARA 500MG, 30.00 , 105.00 ," 3,150.00 ", -   ,"3,150.00", 36.00 ," 1,080.00 ","2,070.00",66%
Government,DR MS 03456,13/12/2025,ELECTAB 600MG, 16.67 , 450.00 ," 7,500.00 ", -   ,"7,500.00", 365.00 ," 6,083.33 ","1,416.67",19%
Government,DR MS 03456,13/12/2025,KALIGEN 750MG, 2.00 ," 1,345.00 "," 2,690.00 ", -   ,"2,690.00"," 1,130.00 "," 2,260.00 ",430.00,16%
Government,DR MS 03456,13/12/2025,VENTACT 1MG/ML (2.5MG/2.5ML), 166.67 , 450.00 ," 75,000.00 ", -   ,"75,000.00", 140.00 ," 23,333.33 ","51,666.67",69%
Government,DR MS 03456,13/12/2025,VENTOMAX 2MG/5ML 60ML SYRUP, 71.00 , 20.00 ," 1,420.00 ", -   ,"1,420.00", 16.00 ," 1,136.00 ",284.00,20%
Government,DR MS 03456,13/12/2025,NOBUTOL 2MG/5ML 60ML, 1.00 , 20.00 , 20.00 , -   ,20.00, 16.00 , 16.00 ,4.00,20%
Government,DR MS 03456,13/12/2025,RELAXSAPH 500MCG+2.5MG/2.5ML, 167.00 ," 1,140.00 "," 190,380.00 ", -   ,"190,380.00", 265.00 ," 44,255.00 ","146,125.00",77%
Government,DR MS 03456,13/12/2025,APTRADOL 50MG CAP, 5.00 , 280.00 ," 1,400.00 ", -   ,"1,400.00", 142.00 , 710.00 ,690.00,49%
Government,DR MS 03456,13/12/2025,HEMOXIN 500MG, 5.00 , 580.00 ," 2,900.00 ", -   ,"2,900.00", 435.00 ," 2,175.00 ",725.00,25%
Government,DR MS 03456,13/12/2025,RAMAVIT 100MG/5MG/50MCG, 30.00 , 100.00 ," 3,000.00 ", -   ,"3,000.00", 80.00 ," 2,400.00 ",600.00,20%
Government,DR MS 03456,13/12/2025,LEMZINC 10MG/ML, 30.00 , 50.00 ," 1,500.00 ", -   ,"1,500.00", 20.00 , 600.00 ,900.00,60%
Government,DR MS 03457,13/12/2025,AMLOTHIN 5MG, 30.00 , 85.00 ," 2,550.00 ", -   ,"2,550.00", 25.00 , 750.00 ,"1,800.00",71%
Government,DR MS 03457,13/12/2025,AMLOTHIN 10MG TAB, 20.00 , 130.00 ," 2,600.00 ", -   ,"2,600.00", 33.00 , 660.00 ,"1,940.00",75%
Government,DR MS 03457,13/12/2025,CARDOZ 6.25MG, 18.21 , 140.00 ," 2,550.08 ", -   ,"2,550.08", 43.00 , 783.24 ,"1,766.84",69%
Government,DR MS 03457,13/12/2025,ASTAT 20MG, 10.00 , 615.00 ," 6,150.00 ", -   ,"6,150.00", 96.00 , 960.00 ,"5,190.00",84%
Government,DR MS 03457,13/12/2025,TROVIPRI 40MG, 20.00 , 635.00 ," 12,700.00 ", -   ,"12,700.00", 176.00 ," 3,520.00 ","9,180.00",72%
Government,DR MS 03457,13/12/2025,VAZI2R 80MG, 3.00 ," 1,500.00 "," 4,500.00 ", -   ,"4,500.00", 295.00 , 885.00 ,"3,615.00",80%
Government,DR MS 03457,13/12/2025,CLODIN 75MCG, 10.00 , 710.00 ," 7,100.00 ", -   ,"7,100.00", 380.00 ," 3,800.00 ","3,300.00",46%
Government,DR MS 03457,13/12/2025,DM FUROSEMIDE 20MG, 2.00 , 120.00 , 240.00 , -   ,240.00, 40.00 , 80.00 ,160.00,67%
Government,DR MS 03457,13/12/2025,ZEBET 80MG, 2.00 , 440.00 , 880.00 , -   ,880.00, 113.00 , 226.00 ,654.00,74%
Government,DR MS 03457,13/12/2025,SAPHORBIDE-30 30MG, 5.00 ," 1,040.00 "," 5,200.00 ", -   ,"5,200.00", 291.00 ," 1,455.00 ","3,745.00",72%
Government,DR MS 03457,13/12/2025,ZYLTAN 50MG, 50.00 , 180.00 ," 9,000.00 ", -   ,"9,000.00", 54.00 ," 2,700.00 ","6,300.00",70%
Government,DR MS 03457,13/12/2025,ARTICURE 100MG, 20.00 , 280.00 ," 5,600.00 ", -   ,"5,600.00", 136.00 ," 2,720.00 ","2,880.00",51%
Government,DR MS 03457,13/12/2025,GLYCEMET 500MG, 20.00 , 160.00 ," 3,200.00 ", -   ,"3,200.00", 39.00 , 780.00 ,"2,420.00",76%
Government,DR MS 03457,13/12/2025,KELCITRA 1080MG, 3.00 ," 1,750.00 "," 5,250.00 ", -   ,"5,250.00", 380.00 ," 1,140.00 ","4,110.00",78%
Government,DR MS 03457,13/12/2025,ORANOL 10MG, 1.00 , 610.00 , 610.00 , -   ,610.00, 65.00 , 65.00 ,545.00,89%
Government,DR MS 03457,13/12/2025,ROZATIN-20 20MG, 3.00 ," 7,450.00 "," 22,350.00 ", -   ,"22,350.00", 273.00 , 819.00 ,"21,531.00",96%
Government,DR MS 03457,13/12/2025,MIA FORTE 500MG TAB, 10.00 , 595.00 ," 5,950.00 ", -   ,"5,950.00", 320.00 ," 3,200.00 ","2,750.00",46%
Government,DR MS 03457,13/12/2025,DIASTATIN 40MG TAB, 10.00 , 595.00 ," 5,950.00 ", -   ,"5,950.00", 213.00 ," 2,130.00 ","3,820.00",64%
Government,DR MS 03457,13/12/2025,SPIROPHIL 25MG, 5.00 ," 1,420.00 "," 7,100.00 ", -   ,"7,100.00", 213.00 ," 1,065.00 ","6,035.00",85%
Government,DR MS 03457,13/12/2025,XANGINART 35MG, 100.00 , 270.00 ," 27,000.00 ", -   ,"27,000.00", 60.00 ," 6,000.00 ","21,000.00",78%
Government,DR MS 03445,13/12/2025,FLUCYSTEINE 200MG 30's, 6.67 , 432.00 ," 2,880.00 ", -   ,"2,880.00", 210.00 ," 1,400.00 ","1,480.00",51%
Government,DR MS 03445,13/12/2025,MUCORIGHT 600MG, 20.00 , 499.00 ," 9,980.00 ", -   ,"9,980.00", 329.00 ," 6,580.00 ","3,400.00",34%
Government,DR MS 03445,13/12/2025,AZCORE 500MG TAB, 5.00 ," 1,340.00 "," 6,700.00 ", -   ,"6,700.00", 285.00 ," 1,425.00 ","5,275.00",79%
Government,DR MS 03445,13/12/2025,MOXYLOR 100MG/ML 10ML, 30.00 , 24.00 , 720.00 , -   ,720.00, 18.00 , 540.00 ,180.00,25%
Government,DR MS 03445,13/12/2025,EMICOX 200MG CAP, 30.00 , 359.00 ," 10,770.00 ", -   ,"10,770.00", 202.00 ," 6,060.00 ","4,710.00",44%
Government,DR MS 03445,13/12/2025,EXEL 500MG, 10.00 , 441.00 ," 4,410.00 ", -   ,"4,410.00", 253.00 ," 2,530.00 ","1,880.00",43%
Government,DR MS 03445,13/12/2025,DIALIX 1MG/ML, 50.00 , 76.00 ," 3,800.00 ", -   ,"3,800.00", 26.00 ," 1,300.00 ","2,500.00",66%
Government,DR MS 03445,13/12/2025,CLOPINOVA 75MG, 10.00 , 159.00 ," 1,590.00 ", -   ,"1,590.00", 87.00 , 870.00 ,720.00,45%
Government,DR MS 03445,13/12/2025,CLOXANE 500MG, 20.00 , 649.00 ," 12,980.00 ", -   ,"12,980.00", 266.00 ," 5,320.00 ","7,660.00",59%
Government,DR MS 03445,13/12/2025,RANICLAV 625MG TAB, 30.00 , 289.00 ," 8,670.00 ", -   ,"8,670.00", 122.00 ," 3,660.00 ","5,010.00",58%
Government,DR MS 03445,13/12/2025,TOVIT 60ML SYR, 30.00 , 49.00 ," 1,470.00 ", -   ,"1,470.00", 18.00 , 540.00 ,930.00,63%
Government,DR MS 03445,13/12/2025,OMETIFT 20MG, 10.00 , 299.00 ," 2,990.00 ", -   ,"2,990.00", 89.00 , 890.00 ,"2,100.00",70%
Government,DR MS 03445,13/12/2025,MOXINOVA CV 228.5MG/5ML, 20.00 , 159.00 ," 3,180.00 ", -   ,"3,180.00", 149.00 ," 2,980.00 ",200.00,6%
Government,DR MS 03445,13/12/2025,MEOXICLAV-DS 457MG/5ML 70ML, 20.00 , 299.00 ," 5,980.00 ", -   ,"5,980.00", 158.00 ," 3,160.00 ","2,820.00",47%
Government,DR MS 03445,13/12/2025,CORPILYN 250MG," 1,000.00 ", 48.00 ," 48,000.00 ", -   ,"48,000.00", 11.80 ," 11,800.00 ","36,200.00",75%
Government,DR MS 03445,13/12/2025,AMBILIN 500-500MG, 100.00 , 490.00 ," 49,000.00 ", -   ,"49,000.00", 120.00 ," 12,000.00 ","37,000.00",76%
Government,DR MS 03445,13/12/2025,CORPILYN 1G, 300.00 , 35.00 ," 10,500.00 ", -   ,"10,500.00", 14.00 ," 4,200.00 ","6,300.00",60%
Government,DR MS 03445,13/12/2025,ANTITET 1500IU/0.7ML, 30.00 ," 1,800.00 "," 54,000.00 ", -   ,"54,000.00"," 1,195.00 "," 35,850.00 ","18,150.00",34%
Government,DR MS 03445,13/12/2025,EPICARE 1MG/ML IV, 10.00 , 360.00 ," 3,600.00 ", -   ,"3,600.00", 115.00 ," 1,150.00 ","2,450.00",68%
Government,DR MS 03445,13/12/2025,HAIXONE WITH DILUENT 1G, 500.00 , 65.00 ," 32,500.00 ", -   ,"32,500.00", 26.00 ," 13,000.00 ","19,500.00",60%
Government,DR MS 03445,13/12/2025,DANOXIME 750MG W/ DILUENT," 1,000.00 ", 88.00 ," 88,000.00 ", -   ,"88,000.00", 29.50 ," 29,500.00 ","58,500.00",66%
Government,DR MS 03445,13/12/2025,KALYX 2MEQ/ML 20ML, 20.00 , 280.00 ," 5,600.00 ", -   ,"5,600.00", 145.00 ," 2,900.00 ","2,700.00",48%
Government,DR MS 03445,13/12/2025,HYTRIX 100MG, 20.00 , 700.00 ," 14,000.00 ", -   ,"14,000.00", 210.00 ," 4,200.00 ","9,800.00",70%
Government,DR MS 03446,13/12/2025,KETORIGHT 30MG/ML, 5.00 , 270.00 ," 1,350.00 ", -   ,"1,350.00", 130.00 , 650.00 ,700.00,52%
Government,DR MS 03446,13/12/2025,SPASBASCINE 20MG/ML, 10.00 , 450.00 ," 4,500.00 ", -   ,"4,500.00", 142.00 ," 1,420.00 ","3,080.00",68%
Government,DR MS 03446,13/12/2025,PLAZIMIDE 5MG/ML (10MG/2ML), 10.00 , 250.00 ," 2,500.00 ", -   ,"2,500.00", 60.00 , 600.00 ,"1,900.00",76%
Government,DR MS 03446,13/12/2025,ANTIZOAL 5MG/ML (500MG/100ML) 100ML, 100.00 , 38.00 ," 3,800.00 ", -   ,"3,800.00", 15.00 ," 1,500.00 ","2,300.00",61%
Government,DR MS 03446,13/12/2025,GIOZOLE 40MG W/ DILUENT, 300.00 , 85.00 ," 25,500.00 ", -   ,"25,500.00", 33.00 ," 9,900.00 ","15,600.00",61%
Government,DR MS 03441,13/12/2025,MILGESIC 100MG/5ML DROPS, 144.00 , 25.00 ," 3,600.00 ", -   ,"3,600.00", 16.00 ," 2,304.00 ","1,296.00",36%
Government,DR MS 03441,13/12/2025,HYFER-250 250MG/5ML, 144.00 , 28.00 ," 4,032.00 ", -   ,"4,032.00", 14.00 ," 2,016.00 ","2,016.00",50%
Government,DR MS 03441,13/12/2025,RELAXSAPH 500MCG+2.5MG/2.5ML, 10.00 ," 1,050.00 "," 10,500.00 ", -   ,"10,500.00", 265.00 ," 2,650.00 ","7,850.00",75%
Government,DR MS 03441,13/12/2025,VENTACT 1MG/ML (2.5MG/2.5ML), 20.00 , 510.00 ," 10,200.00 ", -   ,"10,200.00", 140.00 ," 2,800.00 ","7,400.00",73%
Government,DR MS 03441,13/12/2025,MICROSCOT 20MG 15G, 10.00 , 140.00 ," 1,400.00 ", -   ,"1,400.00", 90.00 , 900.00 ,500.00,36%
Government,DR MS 03441,13/12/2025,MAZINE 10MG/G 20G, 10.00 , 325.00 ," 3,250.00 ", -   ,"3,250.00", 55.00 , 550.00 ,"2,700.00",83%
Government,DR MS 03441,13/12/2025,AMZELLIN 250-250MG, 50.00 , 480.00 ," 24,000.00 ", -   ,"24,000.00", 120.00 ," 6,000.00 ","18,000.00",75%
Government,DR MS 03441,13/12/2025,GIOCILLIN 500MG, 50.00 , 490.00 ," 24,500.00 ", -   ,"24,500.00", 135.00 ," 6,750.00 ","17,750.00",72%
Government,DR MS 03441,13/12/2025,AMPINEX PLUS 500MG/250MG, 200.00 , 57.00 ," 11,400.00 ", -   ,"11,400.00", 25.00 ," 5,000.00 ","6,400.00",56%
Government,DR MS 03441,13/12/2025,ANTITET 1500IU/0.7ML, 40.00 ," 1,800.00 "," 72,000.00 ", -   ,"72,000.00"," 1,195.00 "," 47,800.00 ","24,200.00",34%
Government,DR MS 03441,13/12/2025,HAIXONE WITH DILUENT 1G, 600.00 , 65.00 ," 39,000.00 ", -   ,"39,000.00", 26.00 ," 15,600.00 ","23,400.00",60%
Government,DR MS 03441,13/12/2025,DANOXIME 750MG W/ DILUENT, 600.00 , 88.00 ," 52,800.00 ", -   ,"52,800.00", 29.50 ," 17,700.00 ","35,100.00",66%
Government,DR MS 03441,13/12/2025,CIPROGYL 2MG/ML (200MG/100ML), 120.00 , 60.00 ," 7,200.00 ", -   ,"7,200.00", 26.00 ," 3,120.00 ","4,080.00",57%
Government,DR MS 03441,13/12/2025,DEXAMAK 4MG/ML (8MG/2ML), 10.00 ," 1,000.00 "," 10,000.00 ", -   ,"10,000.00", 404.00 ," 4,040.00 ","5,960.00",60%
Government,DR MS 03441,13/12/2025,MOHSIDEX 4MG/ML (8MG/2ML) 2ML, 5.00 ," 1,000.00 "," 5,000.00 ", -   ,"5,000.00", 180.00 , 900.00 ,"4,100.00",82%
Government,DR MS 03441,13/12/2025,VOVENIL 25MG/ML 3ML, 20.00 , 185.00 ," 3,700.00 ", -   ,"3,700.00", 50.00 ," 1,000.00 ","2,700.00",73%
Government,DR MS 03441,13/12/2025,DIPHENPORS 50MG/ML 1ML, 10.00 , 700.00 ," 7,000.00 ", -   ,"7,000.00", 140.00 ," 1,400.00 ","5,600.00",80%
Government,DR MS 03441,13/12/2025,EPICARE 1MG/ML IV, 10.00 , 360.00 ," 3,600.00 ", -   ,"3,600.00", 115.00 ," 1,150.00 ","2,450.00",68%
Government,DR MS 03441,13/12/2025,GENTAM 40MG/ML (80MG/2ML) 2ML, 40.00 , 200.00 ," 8,000.00 ", -   ,"8,000.00", 43.00 ," 1,720.00 ","6,280.00",79%
Government,DR MS 03441,13/12/2025,HYTRIX 100MG, 50.00 , 700.00 ," 35,000.00 ", -   ,"35,000.00", 210.00 ," 10,500.00 ","24,500.00",70%
Government,DR MS 03441,13/12/2025,SPASBASCINE 20MG/ML, 50.00 , 450.00 ," 22,500.00 ", -   ,"22,500.00", 142.00 ," 7,100.00 ","15,400.00",68%
Government,DR MS 03441,13/12/2025,"XYLODENT 20MG/ML (2%)/1: 100,000 1.8ML", 4.00 ," 1,600.00 "," 6,400.00 ", -   ,"6,400.00", 870.00 ," 3,480.00 ","2,920.00",46%
Government,DR MS 03441,13/12/2025,METOCLON 5MG/ML (10MG/2ML), 10.00 , 500.00 ," 5,000.00 ", -   ,"5,000.00", 120.00 ," 1,200.00 ","3,800.00",76%
Government,DR MS 03443,13/12/2025,ERZOL 5MG/ML (500MG/100ML) 100ML, 250.00 , 38.00 ," 9,500.00 ", -   ,"9,500.00", 15.00 ," 3,750.00 ","5,750.00",61%
Government,DR MS 03443,13/12/2025,OMCARE 40MG WITH DILUENT, 200.00 , 85.00 ," 17,000.00 ", -   ,"17,000.00", 33.00 ," 6,600.00 ","10,400.00",61%
Government,DR MS 03443,13/12/2025,PORFEVER 150MG/ML (300MG/2ML) 2ML, 20.00 , 160.00 ," 3,200.00 ", -   ,"3,200.00", 50.00 ," 1,000.00 ","2,200.00",69%
Government,DR MS 03443,13/12/2025,PHYTOCARE 10MG/ML, 20.00 , 520.00 ," 10,400.00 ", -   ,"10,400.00", 130.00 ," 2,600.00 ","7,800.00",75%
Government,DR MS 03443,13/12/2025,BRICALIN 500MCG/ML AMP, 1.00 ," 7,450.00 "," 7,450.00 ", -   ,"7,450.00"," 5,975.00 "," 5,975.00 ","1,475.00",20%
Government,DR MS 03443,13/12/2025,ABHAY-TOX 40IU/0.5ML VIAL, 30.00 ," 1,200.00 "," 36,000.00 ", -   ,"36,000.00", 570.00 ," 17,100.00 ","18,900.00",53%
Government,DR MS 03443,13/12/2025,AMBIDOL 50MG/ML (100MG/2ML) 2ML, 20.00 , 250.00 ," 5,000.00 ", -   ,"5,000.00", 62.00 ," 1,240.00 ","3,760.00",75%
Government,DR MS 03443,13/12/2025,XED 100MG/ML (500MG/5ML) 5ML, 40.00 , 510.00 ," 20,400.00 ", -   ,"20,400.00", 180.00 ," 7,200.00 ","13,200.00",65%
Government,DR MS 03443,13/12/2025,VITACORE 100MG/100MG/1MG 3ML, 20.00 , 460.00 ," 9,200.00 ", -   ,"9,200.00", 110.00 ," 2,200.00 ","7,000.00",76%
Government,DR MS 03443,13/12/2025,, 5.00 , 165.00 , 825.00 , -   ,825.00,,,825.00,100%
Government,DR MS 03444,13/12/2025,REGIVASC 5MG TAB, 4.00 , 250.00 ," 1,000.00 ", -   ,"1,000.00", 23.00 , 92.00 ,908.00,91%
Government,DR MS 03444,13/12/2025,AMLOTHIN 10MG TAB, 10.00 , 480.00 ," 4,800.00 ", -   ,"4,800.00", 33.00 , 330.00 ,"4,470.00",93%
Government,DR MS 03444,13/12/2025,FREDTOR 40MG, 6.00 , 700.00 ," 4,200.00 ", -   ,"4,200.00", 165.00 , 990.00 ,"3,210.00",76%
Government,DR MS 03444,13/12/2025,CATAMED 75MCG, 10.00 , 750.00 ," 7,500.00 ", -   ,"7,500.00", 404.00 ," 4,040.00 ","3,460.00",46%
Government,DR MS 03444,13/12/2025,FENOCARE 200MG CAP, 2.00 ," 1,300.00 "," 2,600.00 ", -   ,"2,600.00", 272.00 , 544.00 ,"2,056.00",79%
Government,DR MS 03444,13/12/2025,CLODIN 150MCG, 2.00 ," 1,400.00 "," 2,800.00 ", -   ,"2,800.00", 413.00 , 826.00 ,"1,974.00",71%
Government,DR MS 03444,13/12/2025,ZYLTAN 50MG, 10.00 , 250.00 ," 2,500.00 ", -   ,"2,500.00", 54.00 , 540.00 ,"1,960.00",78%
Government,DR MS 03444,13/12/2025,LAZICARE 10MG/ML (20MG/2ML) 2ML, 50.00 , 200.00 ," 10,000.00 ", -   ,"10,000.00", 55.00 ," 2,750.00 ","7,250.00",73%
Government,DR MS 03444,13/12/2025,SEREDOL 5MG/ML, 4.00 ," 1,350.00 "," 5,400.00 ", -   ,"5,400.00"," 1,212.00 "," 4,848.00 ",552.00,10%
Government,DR MS 03444,13/12/2025,SAPHARIN 20MG/ML, 5.00 , 850.00 ," 4,250.00 ", -   ,"4,250.00", 154.00 , 770.00 ,"3,480.00",82%
Government,DR MS 03444,13/12/2025,CARDIPEN 1MG/ML 2ML, 10.00 ," 2,450.00 "," 24,500.00 ", -   ,"24,500.00"," 2,355.00 "," 23,550.00 ",950.00,4%
Government,DR RT 0001489,13/12/2025,"PAGBILAO # 12,500", 1.00 ," 12,490.00 "," 12,490.00 ", -   ,"12,490.00"," 7,286.71 "," 7,286.71 ","5,203.29",42%
Admin,DR 025844,18/12/2025,FERGLOBIN FA 60MG/400MCG CAP, 7.00 , 642.86 ," 4,500.02 ", -   ,"4,500.02", 325.00 ," 2,275.00 ","2,225.02",49%
Admin,DR 025844,18/12/2025,CIUMADE TAB, 7.00 , 678.57 ," 4,749.99 ", -   ,"4,749.99", 450.00 ," 3,150.00 ","1,599.99",34%
Admin,DR 025844,18/12/2025,SANOMAX-FA, 7.00 , 857.14 ," 5,999.98 ", -   ,"5,999.98", 560.00 ," 3,920.00 ","2,079.98",35%
Admin,DR 025844,18/12/2025,DUVAGEN 10MG, 7.00 ," 1,678.57 "," 11,749.99 ", -   ,"11,749.99", 365.00 ," 2,555.00 ","9,194.99",78%
Admin,DR 025844,18/12/2025,MUCOLIFAR 500MG TAB, 7.00 ," 3,500.00 "," 24,500.00 ", -   ,"24,500.00"," 1,100.00 "," 7,700.00 ","16,800.00",69%
Admin,DR 025844,18/12/2025,HYCLENS OB WASH 1% 100ML, 7.00 , 152.50 ," 1,067.50 ", -   ,"1,067.50", 138.60 , 970.20 ,97.30,9%
Admin,DR 025844,18/12/2025,HYCLENS OB WASH 1% 100ML, 7.00 , 152.50 ," 1,067.50 ", -   ,"1,067.50", 138.60 , 970.20 ,97.30,9%
Government,DR MEI 0000017,20/12/2025,"PPDC # 62,500", 1.00 ," 61,550.00 "," 61,550.00 ", -   ,"61,550.00"," 40,499.90 "," 40,499.90 ","21,050.10",34%
Government,DR MEI 0000019,20/12/2025,"PPDC # 120,000", 1.00 ," 119,400.00 "," 119,400.00 ", -   ,"119,400.00"," 78,565.20 "," 78,565.20 ","40,834.80",34%
Government,DR RM 0002170,20/12/2025,"PPDC # 76,160", 1.00 ," 65,240.00 "," 65,240.00 ", -   ,"65,240.00"," 49,744.80 "," 49,744.80 ","15,495.20",24%
Government,DR RM 002171,20/12/2025,, 1.00 ," 10,360.00 "," 10,360.00 ", -   ,"10,360.00",,,"10,360.00",100%
Government,DR RT 0001507,20/12/2025,"PPDC # 20,800", 1.00 ," 20,750.00 "," 20,750.00 ", -   ,"20,750.00"," 13,653.50 "," 13,653.50 ","7,096.50",34%
Government,DR RT 0001506,20/12/2025,"PPDC # 33,000", 1.00 ," 32,824.00 "," 32,824.00 ", -   ,"32,824.00"," 21,598.19 "," 21,598.19 ","11,225.81",34%
Government,DR RT 0001505,20/12/2025,"PPDC # 25,000", 1.00 ," 24,910.00 "," 24,910.00 ", -   ,"24,910.00"," 16,390.78 "," 16,390.78 ","8,519.22",34%
Government,DR RT 0001504,20/12/2025,"PPDC # 50,000", 1.00 ," 49,820.00 "," 49,820.00 ", -   ,"49,820.00"," 32,781.56 "," 32,781.56 ","17,038.44",34%
Government,DR DR 0001393,20/12/2025,"PAGBILAO # 90,000", 1.00 ," 89,700.00 "," 89,700.00 ", -   ,"89,700.00"," 38,750.00 "," 38,750.00 ","50,950.00",57%
Hospital,DR RT 0001508,20/12/2025,"QMC # 542,292.50", 1.00 ," 541,545.00 "," 541,545.00 ", -   ,"541,545.00"," 372,262.25 "," 372,262.25 ","169,282.75",31%
Admin,DR 025845,19/12/2025,ENCLOXIL 500MG CAP, 7.00 ," 1,392.86 "," 9,750.02 ", -   ,"9,750.02", 780.00 ," 5,460.00 ","4,290.02",44%
Admin,DR 025845,19/12/2025,SANOMAX-FA, 7.00 , 857.14 ," 5,999.98 ", -   ,"5,999.98", 560.00 ," 3,920.00 ","2,079.98",35%
Admin,DR 025845,19/12/2025,CIUMADE TAB, 7.00 , 678.57 ," 4,749.99 ", -   ,"4,749.99", 450.00 ," 3,150.00 ","1,599.99",34%
Government,DR RT 0001408,20/12/2025,"PAGBILAO # 2,316,267-1", 1.00 ," 2,314,000.00 "," 2,314,000.00 ", -   ,"2,314,000.00"," 1,332,390.00 "," 1,332,390.00 ","981,610.00",42%
Government,DR RM 0002172,20/12/2025,"PAGBILAO # 2,162,681.15", 1.00 ," 736,200.00 "," 736,200.00 ", -   ,"736,200.00"," 1,096,615.80 "," 1,096,615.80 ","-360,415.80",-49%
Government,DR RM 0002173,20/12/2025,, 1.00 ," 967,850.00 "," 967,850.00 ", -   ,"967,850.00",,,"967,850.00",100%
Government,DR RM 0002174,20/12/2025,, 1.00 ," 456,570.00 "," 456,570.00 ", -   ,"456,570.00",,,"456,570.00",100%
Government,DR RT 0001503,27/12/2025,"PPOC # 116,890", 1.00 ," 116,500.00 "," 116,500.00 ", -   ,"116,500.00"," 64,000.00 "," 64,000.00 ","52,500.00",45%
Batangas,DR 026049,13/12/2025,ENHAMOX 500MG/125MG, 2.00 ," 3,600.00 "," 7,200.00 ", -   ,"7,200.00"," 1,115.00 "," 2,230.00 ","4,970.00",69%
Batangas,DR 026050,13/12/2025,TRIZEF 200MG TAB, 2.00 ," 9,375.00 "," 18,750.00 ", -   ,"18,750.00"," 1,600.00 "," 3,200.00 ","15,550.00",83%
Batangas,DR 026048,13/12/2025,ENHAMOX 250MG/62.5MG/5ML 60ML, 10.00 , 400.00 ," 4,000.00 ", 200.00 ,"3,800.00", 136.00 ," 1,360.00 ","2,440.00",61%
Batangas,DR 026048,13/12/2025,ENHAMOX 500MG/125MG, 4.00 ," 3,600.00 "," 14,400.00 ", 720.00 ,"13,680.00"," 1,115.00 "," 4,460.00 ","9,220.00",64%
Batangas,DR 0026402,13/12/2025,BENERVA PLUS 500MG/50MG/100MG/100MCG, 5.00 ," 1,800.00 "," 9,000.00 ", -   ,"9,000.00", 615.00 ," 3,075.00 ","5,925.00",66%
Batangas,DR 0026402,13/12/2025,DOLOGESIC 325MG/37.5MG TAB, 5.00 ," 1,080.00 "," 5,400.00 ", -   ,"5,400.00", 270.00 ," 1,350.00 ","4,050.00",75%
Batangas,DR 0026403,13/12/2025,EMZART-40 40MG, 10.00 , 548.00 ," 5,480.00 ", -   ,"5,480.00", 156.00 ," 1,560.00 ","3,920.00",72%
Batangas,DR 0026403,13/12/2025,EMLOR PLUS 5MG/50MG, 10.00 , 590.00 ," 5,900.00 ", -   ,"5,900.00", 216.00 ," 2,160.00 ","3,740.00",63%
Batangas,DR 026046,06/12/2025,TRIZEF 200MG TAB, 2.00 ," 9,375.00 "," 18,750.00 ", -   ,"18,750.00"," 1,600.00 "," 3,200.00 ","15,550.00",83%
Batangas,DR 026045,06/12/2025,BENERVA PLUS 500MG/50MG/100MG/100MCG, 5.00 ," 1,800.00 "," 9,000.00 ", -   ,"9,000.00", 615.00 ," 3,075.00 ","5,925.00",66%
Batangas,DR 026045,06/12/2025,EMLOR PLUS 5MG/50MG, 10.00 , 590.00 ," 5,900.00 ", -   ,"5,900.00", 216.00 ," 2,160.00 ","3,740.00",63%
Batangas,DR 026047,06/12/2025,AFENAX 100MG TAB, 5.00 ," 1,980.00 "," 9,900.00 ", -   ,"9,900.00", 595.00 ," 2,975.00 ","6,925.00",70%
Batangas,DR 026047,06/12/2025,DOLOGESIC 325MG/37.5MG TAB, 3.00 ," 1,080.00 "," 3,240.00 ", -   ,"3,240.00", 270.00 , 810.00 ,"2,430.00",75%
Batangas,DR 026047,06/12/2025,VOXOLL 30MG, 5.00 , 715.00 ," 3,575.00 ", -   ,"3,575.00", 168.00 , 840.00 ,"2,735.00",77%
Batangas,DR 0026401,06/12/2025,CENDALEX 500MG, 4.00 ," 1,100.00 "," 4,400.00 ", 220.00 ,"4,180.00", 287.50 ," 1,150.00 ","3,030.00",69%
Batangas,DR 0026401,06/12/2025,EMLOR PLUS 5MG/50MG, 5.00 , 590.00 ," 2,950.00 ", 147.50 ,"2,802.50", 216.00 ," 1,080.00 ","1,722.50",58%
Batangas,DR 0026401,06/12/2025,BENERVA FORTE 300MG/100MG/100MCG, 1.00 ," 1,590.00 "," 1,590.00 ", 79.50 ,"1,510.50", 525.00 , 525.00 ,985.50,62%
Quezon,DR 026134,13/12/2025,HYCLENS OB WASH 1% 100ML, 20.00 , 326.00 ," 6,520.00 ", 652.00 ,"5,868.00", 138.60 ," 2,772.00 ","3,096.00",47%
Quezon,DR 026133,06/12/2025,HYCLENS WOUND SPRAY 2% 60ML, 1.00 ," 3,882.00 "," 3,882.00 ", 388.20 ,"3,493.80", 114.66 , 114.66 ,"3,379.14",87%
Quezon,DR 026132,06/12/2025,HYCLENS WOUND SPRAY 2% 60ML, 10.00 , 280.00 ," 2,800.00 ", 280.00 ,"2,520.00", 114.66 ," 1,146.60 ","1,373.40",49%
Quezon,DR 026131,06/12/2025,MULTI-GROW 120ML, 36.00 , 265.00 ," 9,540.00 ", -   ,"9,540.00", 90.00 ," 3,240.00 ","6,300.00",66%
Quezon,DR 026131,06/12/2025,MULTI-GROW 30ML, 36.00 , 195.00 ," 7,020.00 ", -   ,"7,020.00", 70.00 ," 2,520.00 ","4,500.00",64%
Quezon,DR 026130,06/12/2025,FERGLOBIN 250MG CAP, 10.00 , 850.00 ," 8,500.00 ", -   ,"8,500.00", 325.00 ," 3,250.00 ","5,250.00",62%
Quezon,DR 026129,06/12/2025,KZIDINE 35MG, 30.00 ," 1,500.00 "," 45,000.00 ", -   ,"45,000.00", 600.00 ," 18,000.00 ","27,000.00",60%
Quezon,DR 026128,06/12/2025,HYCLENS WOUND SPRAY 2% 60ML, 10.00 , 280.00 ," 2,800.00 ", 280.00 ,"2,520.00", 114.66 ," 1,146.60 ","1,373.40",49%
Quezon,DR 026127,06/12/2025,KZIDINE 35MG, 10.00 ," 1,350.00 "," 13,500.00 "," 4,725.00 ","8,775.00", 600.00 ," 6,000.00 ","2,775.00",21%
Quezon,DR 026126,06/12/2025,BENERVA FORTE 300MG/100MG/100MCG, 1.00 ," 1,540.00 "," 1,540.00 ", 462.00 ,"1,078.00", 525.00 , 525.00 ,553.00,36%
Quezon,DR 026142,13/12/2025,BENERVA PLUS 500MG/50MG/100MG/100MCG, 2.00 ," 2,000.00 "," 4,000.00 "," 1,200.00 ","2,800.00", 615.00 ," 1,230.00 ","1,570.00",39%
Quezon,DR 026142,13/12/2025,ENHAMOX 500MG/125MG, 1.00 ," 3,800.00 "," 3,800.00 "," 1,140.00 ","2,660.00"," 1,115.00 "," 1,115.00 ","1,545.00",41%
Government,DR MS 03446,13/12/2025,PHYTOCARE 10MG/ML, 5.00 , 510.00 ," 2,550.00 ", -   ,"2,550.00", 130.00 , 650.00 ,"1,900.00",75%
Government,DR MS 03447,13/12/2025,AMLOTHIN 5MG, 20.00 , 249.00 ," 4,980.00 ", -   ,"4,980.00", 25.00 , 500.00 ,"4,480.00",90%
Government,DR MS 03447,13/12/2025,AMLOTHIN 10MG TAB, 20.00 , 479.00 ," 9,580.00 ", -   ,"9,580.00", 33.00 , 660.00 ,"8,920.00",93%
Government,DR MS 03447,13/12/2025,DIUFED 10MG/ML (20MG/2ML) 2ML, 10.00 , 200.00 ," 2,000.00 ", -   ,"2,000.00", 48.00 , 480.00 ,"1,520.00",76%
Government,DR MS 03447,13/12/2025,DIAMIR 30MG TAB, 10.00 , 149.00 ," 1,490.00 ", -   ,"1,490.00", 56.50 , 565.00 ,925.00,62%
Government,DR MS 03447,13/12/2025,CARDOWIN 1MG/ML 10ML, 30.00 , 644.00 ," 19,320.00 ", -   ,"19,320.00", 90.00 ," 2,700.00 ","16,620.00",86%
Government,DR MS 03440,13/12/2025,AZCORE 500MG TAB, 5.00 ," 1,340.00 "," 6,700.00 ", -   ,"6,700.00", 285.00 ," 1,425.00 ","5,275.00",79%
Government,DR MS 03440,13/12/2025,WELLTRATE 50MG, 16.67 , 340.50 ," 5,675.00 ", -   ,"5,675.00", 257.00 ," 4,283.33 ","1,391.67",25%
Government,DR MS 03440,13/12/2025,EXEL 500MG, 6.00 , 440.00 ," 2,640.00 ", -   ,"2,640.00", 253.00 ," 1,518.00 ","1,122.00",43%
Government,DR MS 03440,13/12/2025,EXECORE 500MG TAB, 50.00 , 309.00 ," 15,450.00 ", -   ,"15,450.00", 78.00 ," 3,900.00 ","11,550.00",75%
Government,DR MS 03440,13/12/2025,EMICOX 200MG CAP, 15.00 , 359.00 ," 5,385.00 ", -   ,"5,385.00", 202.00 ," 3,030.00 ","2,355.00",44%
Government,DR MS 03440,13/12/2025,CETIRILIFE 10MG, 1.00 , 119.00 , 119.00 , -   ,119.00, 27.00 , 27.00 ,92.00,77%
Government,DR MS 03440,13/12/2025,CLARITROL 500MG TAB, 4.00 , 560.00 ," 2,240.00 ", -   ,"2,240.00", 340.00 ," 1,360.00 ",880.00,39%
Government,DR MS 03440,13/12/2025,XYVEEMOX 625MG TAB, 30.00 , 289.00 ," 8,670.00 ", -   ,"8,670.00", 123.00 ," 3,690.00 ","4,980.00",57%
Government,DR MS 03440,13/12/2025,XOPRAZOLE PLUS 40MG, 8.00 , 550.00 ," 4,400.00 ", -   ,"4,400.00", 320.00 ," 2,560.00 ","1,840.00",42%
Government,DR MS 03440,13/12/2025,PHILPARA 500MG, 5.00 , 180.00 , 900.00 , -   ,900.00, 36.00 , 180.00 ,720.00,80%
Government,DR MS 03440,13/12/2025,XANGINART 35MG, 16.67 , 270.00 ," 4,500.00 ", -   ,"4,500.00", 60.00 ," 1,000.00 ","3,500.00",78%
Government,DR MS 03440,13/12/2025,RAMAVIT 100MG/5MG/50MCG, 10.00 , 100.00 ," 1,000.00 ", -   ,"1,000.00", 80.00 , 800.00 ,200.00,20%
Government,DR MS 03440,13/12/2025,, 60.00 , 25.00 ," 1,500.00 ", -   ,"1,500.00",,,"1,500.00",100%
Government,DR MS 03440,13/12/2025,NOVACEE 100MG/5ML 15ML, 36.00 , 38.00 ," 1,368.00 ", -   ,"1,368.00", 17.00 , 612.00 ,756.00,55%
Government,DR MS 03440,13/12/2025,RAPH C 100MG/5ML 60ML, 36.00 , 65.00 ," 2,340.00 ", -   ,"2,340.00", 18.25 , 657.00 ,"1,683.00",72%
Government,DR MS 03440,13/12/2025,TOCEF 20MG/ML, 20.00 , 170.00 ," 3,400.00 ", -   ,"3,400.00", 79.00 ," 1,580.00 ","1,820.00",54%
Government,DR MS 03440,13/12/2025,EMACIF 100MG/5ML, 30.00 , 200.00 ," 6,000.00 ", -   ,"6,000.00", 75.00 ," 2,250.00 ","3,750.00",63%
Government,DR MS 03440,13/12/2025,SQCEF 250MG/5ML, 25.00 , 200.00 ," 5,000.00 ", -   ,"5,000.00", 92.00 ," 2,300.00 ","2,700.00",54%
Government,DR MS 03440,13/12/2025,DIALIX 1MG/ML, 40.00 , 120.00 ," 4,800.00 ", -   ,"4,800.00", 26.00 ," 1,040.00 ","3,760.00",78%
Government,DR MS 03440,13/12/2025,, 12.00 , 230.00 ," 2,760.00 ", -   ,"2,760.00",,,"2,760.00",100%
Government,DR MS 03440,13/12/2025,MEOXICLAV-DS 457MG/5ML 70ML, 26.00 , 300.00 ," 7,800.00 ", -   ,"7,800.00", 158.00 ," 4,108.00 ","3,692.00",47%
Government,DR MS 03440,13/12/2025,NATRAVOX 642.9MG/5ML, 6.00 , 350.00 ," 2,100.00 ", -   ,"2,100.00", 343.00 ," 2,058.00 ",42.00,2%
Government,DR MS 03440,13/12/2025,HISTAMOX 12.5MG 60ML SYRUP, 30.00 , 45.00 ," 1,350.00 ", -   ,"1,350.00", 16.00 , 480.00 ,870.00,64%
Government,DR MS 03441,13/12/2025,DOMPY 1ML/ML, 20.00 , 85.00 ," 1,700.00 ", -   ,"1,700.00", 38.00 , 760.00 ,940.00,55%
Government,DR MS 03441,13/12/2025,ACCELAC 3.35MG/ML 60ML, 36.00 , 175.00 ," 6,300.00 ", -   ,"6,300.00", 85.00 ," 3,060.00 ","3,240.00",51%
Government,DR MS 03441,13/12/2025,OFPLEMED 300MG/5ML, 72.00 , 68.00 ," 4,896.00 ", -   ,"4,896.00", 31.00 ," 2,232.00 ","2,664.00",54%
Government,DR MS 03441,13/12/2025,TOVIT 60ML SYR, 36.00 , 50.00 ," 1,800.00 ", -   ,"1,800.00", 18.00 , 648.00 ,"1,152.00",64%
Government,DR MS 03441,13/12/2025,"NYSTRIN 100,000 IU/ML", 4.00 , 220.00 , 880.00 , -   ,880.00, 88.00 , 352.00 ,528.00,60%
Quezon,DR 026142,13/12/2025,ANEROCIN 300MG CAP, 1.00 ," 2,800.00 "," 2,800.00 ", 840.00 ,"1,960.00", 979.00 , 979.00 ,981.00,35%
Quezon,DR 026141,14/12/2025,MERGOT 125MCG, 2.00 ," 1,360.00 "," 2,720.00 ", 816.00 ,"1,904.00", 680.00 ," 1,360.00 ",544.00,20%
Quezon,DR 026140,14/12/2025,VOXOLL 15MG/5ML, 12.00 , 80.00 , 960.00 , 288.00 ,672.00, 33.00 , 396.00 ,276.00,29%
Quezon,DR 026139,14/12/2025,VOXOLL 15MG/5ML, 15.00 , 80.00 ," 1,200.00 ", 360.00 ,840.00, 33.00 , 495.00 ,345.00,29%
Quezon,DR 026138,14/12/2025,HYCLENS WOUND SPRAY 2% 60ML, 11.00 , 254.55 ," 2,800.00 ", -   ,"2,800.00", 114.66 ," 1,261.26 ","1,538.74",55%
Quezon,DR 026137,14/12/2025,HYCLENS GARGLE 0.12% 60ML, 20.00 , 208.00 ," 4,160.00 ", -   ,"4,160.00", 65.00 ," 1,300.00 ","2,860.00",69%
Quezon,DR 026135,14/12/2025,KZIDINE 35MG, 10.00 ," 1,350.00 "," 13,500.00 "," 4,725.00 ","8,775.00", 600.00 ," 6,000.00 ","2,775.00",21%
Quezon,DR 025825,14/12/2025,ZEFTACARE 1G IV, 50.00 , 120.00 ," 6,000.00 ", -   ,"6,000.00", 44.00 ," 2,200.00 ","3,800.00",63%
Quezon,DR 026143,20/12/2025,EMZART-80 80MG, 30.00 , 660.00 ," 19,800.00 ", -   ,"19,800.00", 264.00 ," 7,920.00 ","11,880.00",60%
Quezon,DR 026144,20/12/2025,KZIDINE 35MG, 10.00 ," 1,350.00 "," 13,500.00 "," 4,725.00 ","8,775.00", 600.00 ," 6,000.00 ","2,775.00",21%
Quezon,DR 026145,20/12/2025,MULTI-GROW 120ML, 6.00 , 285.00 ," 1,710.00 ", -   ,"1,710.00", 90.00 , 540.00 ,"1,170.00",68%
Quezon,DR 026146,20/12/2025,SANOMAX-FA, 5.00 ," 1,400.00 "," 7,000.00 "," 2,100.00 ","4,900.00", 560.00 ," 2,800.00 ","2,100.00",30%
Quezon,DR 026147,20/12/2025,AMOLTEX 2MG/5ML, 36.00 , 97.92 ," 3,525.00 ", -   ,"3,525.00", 28.00 ," 1,008.00 ","2,517.00",71%
Quezon,DR 026148,20/12/2025,HYCLENS GARGLE 0.12% 120ML, 6.00 , 208.00 ," 1,248.00 ", -   ,"1,248.00", 88.00 , 528.00 ,720.00,58%
Quezon,DR 026148,20/12/2025,HYCLENS GARGLE 0.12% 60ML, 6.00 , 150.00 , 900.00 , -   ,900.00, 65.00 , 390.00 ,510.00,57%
Quezon,DR 026149,20/12/2025,KZIDINE 35MG, 10.00 ," 1,350.00 "," 13,500.00 "," 4,725.00 ","8,775.00", 600.00 ," 6,000.00 ","2,775.00",21%
Government,DR RT 0001520,27/12/2025,"PHO # 56,500", 1.00 ," 54,918.00 "," 54,918.00 ", -   ,"54,918.00"," 36,136.04 "," 36,136.04 ","18,781.96",34%
Government,DR RT 0001521,27/12/2025,"PHO # 56,500-1", 1.00 ," 55,935.00 "," 55,935.00 ", -   ,"55,935.00"," 36,805.23 "," 36,805.23 ","19,129.77",34%
Government,DR RT 0001519,27/12/2025,"TOURISM # 40,000", 1.00 ," 39,900.00 "," 39,900.00 ", -   ,"39,900.00"," 20,254.20 "," 20,254.20 ","19,645.80",49%
Government,DR RT 0001518,27/12/2025,"PPDC # 15,000", 1.00 ," 14,958.75 "," 14,958.75 ", -   ,"14,958.75"," 9,842.86 "," 9,842.86 ","5,115.89",34%
Government,DR MEI 0000020,27/12/2025,"PPDC # 30,000", 1.00 ," 29,850.00 "," 29,850.00 ", -   ,"29,850.00"," 19,641.30 "," 19,641.30 ","10,208.70",34%
Government,DR MS 03610,27/12/2025,FLUCYSTEINE 200MG 30's, 16.67 , 429.00 ," 7,150.00 ", -   ,"7,150.00", 210.00 ," 3,500.00 ","3,650.00",51%
Government,DR MS 03610,27/12/2025,MUCORIGHT 600MG, 50.00 , 499.25 ," 24,962.50 ", -   ,"24,962.50", 329.00 ," 16,450.00 ","8,512.50",34%
Government,DR MS 03610,27/12/2025,XYCLOVIRAX 800MG TAB, 2.00 , 559.25 ," 1,118.50 ", -   ,"1,118.50", 275.00 , 550.00 ,568.50,51%
Government,DR MS 03610,27/12/2025,HAV-C 500MG TAB, 50.00 , 229.25 ," 11,462.50 ", -   ,"11,462.50", 59.00 ," 2,950.00 ","8,512.50",74%
Government,DR MS 03610,27/12/2025,AZCORE 500MG TAB, 50.00 ," 1,349.00 "," 67,450.00 ", -   ,"67,450.00", 285.00 ," 14,250.00 ","53,200.00",79%
Government,DR MS 03610,27/12/2025,HISTAKON 8MG, 5.00 , 499.25 ," 2,496.25 ", -   ,"2,496.25", 153.00 , 765.00 ,"1,731.25",69%
Government,DR MS 03610,27/12/2025,BETZINE 16MG TAB, 20.00 , 899.25 ," 17,985.00 ", -   ,"17,985.00", 230.00 ," 4,600.00 ","13,385.00",74%
Government,DR MS 03610,27/12/2025,SAPHIXIME-200 200MG, 50.00 , 359.25 ," 17,962.50 ", -   ,"17,962.50", 262.00 ," 13,100.00 ","4,862.50",27%
Government,DR MS 03610,27/12/2025,AEROX 500MG TAB, 150.00 , 309.90 ," 46,485.00 ", -   ,"46,485.00", 93.00 ," 13,950.00 ","32,535.00",70%
Government,DR MS 03610,27/12/2025,EMICOX 200MG CAP, 10.00 , 359.25 ," 3,592.50 ", -   ,"3,592.50", 202.00 ," 2,020.00 ","1,572.50",44%
Government,DR MS 03610,27/12/2025,CYFROX 500MG, 10.00 , 499.25 ," 4,992.50 ", -   ,"4,992.50", 239.00 ," 2,390.00 ","2,602.50",52%
Government,DR MS 03610,27/12/2025,CLARITROL 500MG TAB, 10.00 , 561.25 ," 5,612.50 ", -   ,"5,612.50", 340.00 ," 3,400.00 ","2,212.50",39%
Government,DR MS 03610,27/12/2025,CLIN-GEN 300MG CAP, 15.00 , 749.25 ," 11,238.75 ", -   ,"11,238.75", 360.00 ," 5,400.00 ","5,838.75",52%
Government,DR MS 03610,27/12/2025,CLOXANE 500MG, 15.00 , 649.25 ," 9,738.75 ", -   ,"9,738.75", 266.00 ," 3,990.00 ","5,748.75",59%
Government,DR MS 03610,27/12/2025,RANICLAV 625MG TAB, 40.00 , 289.90 ," 11,596.00 ", -   ,"11,596.00", 122.00 ," 4,880.00 ","6,716.00",58%
Government,DR MS 03610,27/12/2025,CUREL 500MCG TAB, 5.00 , 199.25 , 996.25 , -   ,996.25, 110.00 , 550.00 ,446.25,45%
Government,DR MS 03610,27/12/2025,DUBAMOL 10MG TAB, 5.00 , 299.25 ," 1,496.25 ", -   ,"1,496.25", 79.00 , 395.00 ,"1,101.25",74%
Government,DR MS 03610,27/12/2025,PERISPA 50MG, 40.00 , 824.90 ," 32,996.00 ", -   ,"32,996.00", 726.00 ," 29,040.00 ","3,956.00",12%
Government,DR MS 03610,27/12/2025,FERRICORE 325MG TAB, 50.00 , 249.25 ," 12,462.50 ", -   ,"12,462.50", 68.00 ," 3,400.00 ","9,062.50",73%
Government,DR MS 03610,27/12/2025,MUZZAPEN-300MG, 1.50 , 830.83 ," 1,246.25 ", -   ,"1,246.25", 313.00 , 469.50 ,776.75,62%
Government,DR MS 03610,27/12/2025,HYOPAN 10MG, 10.00 , 349.25 ," 3,492.50 ", -   ,"3,492.50", 234.00 ," 2,340.00 ","1,152.50",33%
Government,DR MS 03610,27/12/2025,FEVRAL 200MG TAB, 2.00 , 349.25 , 698.50 , -   ,698.50, 108.00 , 216.00 ,482.50,69%
Government,DR MS 03610,27/12/2025,HIVENT PLUS 500MCG+2.5MG/2.5ML, 25.00 ," 1,049.25 "," 26,231.25 ", -   ,"26,231.25", 381.00 ," 9,525.00 ","16,706.25",64%
Government,DR MS 03610,27/12/2025,SOLVAPRINE 10MG TAB, 30.00 , 219.25 ," 6,577.50 ", -   ,"6,577.50", 150.00 ," 4,500.00 ","2,077.50",32%
Government,DR MS 03612,27/12/2025,OFPLEMED FORTE 600MG, 15.00 , 499.25 ," 7,488.75 ", -   ,"7,488.75", 184.00 ," 2,760.00 ","4,728.75",63%
Government,DR MS 03612,27/12/2025,NOVAKAST 5MG, 2.00 , 929.25 ," 1,858.50 ", -   ,"1,858.50", 313.00 , 626.00 ,"1,232.50",66%
Government,DR MS 03612,27/12/2025,NOVAKAST 4MG, 3.00 , 899.25 ," 2,697.75 ", -   ,"2,697.75", 204.00 , 612.00 ,"2,085.75",77%
Government,DR MS 03612,27/12/2025,OMETIFT 20MG, 10.00 , 299.25 ," 2,992.50 ", -   ,"2,992.50", 89.00 , 890.00 ,"2,102.50",70%
Government,DR MS 03612,27/12/2025,APLIN-ORS LYCHEE 4.1G, 8.33 , 173.10 ," 1,442.50 ", -   ,"1,442.50", 68.00 , 566.67 ,875.83,61%
Government,DR MS 03612,27/12/2025,ELECTAB 600MG, 10.00 , 449.25 ," 4,492.50 ", -   ,"4,492.50", 365.00 ," 3,650.00 ",842.50,19%
Government,DR MS 03612,27/12/2025,, 30.00 , 899.25 ," 26,977.50 ", -   ,"26,977.50",,,"26,977.50",100%
Government,DR MS 03612,27/12/2025,AGORAM 50MG CAP, 10.00 , 219.25 ," 2,192.50 ", -   ,"2,192.50", 127.00 ," 1,270.00 ",922.50,42%
Government,DR MS 03612,27/12/2025,TRANEXSAPH 500MG, 10.00 , 699.25 ," 6,992.50 ", -   ,"6,992.50", 365.00 ," 3,650.00 ","3,342.50",48%
Government,DR MS 03612,27/12/2025,APPELINC 30MG TAB, 20.00 , 699.25 ," 13,985.00 ", -   ,"13,985.00", 390.00 ," 7,800.00 ","6,185.00",44%
Government,DR MS 03612,27/12/2025,GASTROCIN 225MG/200MG/5ML 120ML, 15.00 , 55.25 , 828.75 , -   ,828.75, 68.00 ," 1,020.00 ",-191.25,-23%
Government,DR MS 03612,27/12/2025,NOVACEE 100MG/5ML 60ML, 144.00 , 64.90 ," 9,345.60 ", -   ,"9,345.60", 15.50 ," 2,232.00 ","7,113.60",76%
Government,DR MS 03612,27/12/2025,NOVACEE 100MG/5ML 15ML, 40.00 , 37.90 ," 1,516.00 ", -   ,"1,516.00", 17.00 , 680.00 ,836.00,55%
Government,DR MS 03612,27/12/2025,AZFED 200MG/5ML, 20.00 , 377.25 ," 7,545.00 ", -   ,"7,545.00", 60.00 ," 1,200.00 ","6,345.00",84%
Government,DR MS 03612,27/12/2025,, 15.00 , 149.25 ," 2,238.75 ", -   ,"2,238.75",,,"2,238.75",100%
Government,DR MS 03612,27/12/2025,EXEL 100MG/ML, 20.00 , 55.25 ," 1,105.00 ", -   ,"1,105.00", 18.00 , 360.00 ,745.00,67%
Government,DR MS 03612,27/12/2025,DIACEF 250MG/5ML, 30.00 , 47.25 ," 1,417.50 ", -   ,"1,417.50", 33.00 , 990.00 ,427.50,30%
Government,DR MS 03612,27/12/2025,TOCEF 20MG/ML, 50.00 , 169.25 ," 8,462.50 ", -   ,"8,462.50", 79.00 ," 3,950.00 ","4,512.50",53%
Government,DR MS 03612,27/12/2025,, 60.00 , 199.25 ," 11,955.00 ", -   ,"11,955.00",,,"11,955.00",100%
Government,DR MS 03612,27/12/2025,DIALIX 1MG/ML, 144.00 , 119.90 ," 17,265.60 ", -   ,"17,265.60", 26.00 ," 3,744.00 ","13,521.60",78%
Government,DR MS 03612,27/12/2025,RAHMACIN 125MG/60ML, 30.00 , 229.25 ," 6,877.50 ", -   ,"6,877.50", 110.00 ," 3,300.00 ","3,577.50",52%
Government,DR MS 03612,27/12/2025,DERMAFINA 500MCG/MG (0.05% U/U), 2.00 , 234.25 , 468.50 , -   ,468.50, 40.00 , 80.00 ,388.50,83%
Government,DR MS 03612,27/12/2025,MEOXICLAV-DS 457MG/5ML 70ML, 15.00 , 299.25 ," 4,488.75 ", -   ,"4,488.75", 158.00 ," 2,370.00 ","2,118.75",47%
Government,DR MS 03613,27/12/2025,DOMPY 1ML/ML, 50.00 , 84.90 ," 4,245.00 ", -   ,"4,245.00", 38.00 ," 1,900.00 ","2,345.00",55%
Government,DR MS 03613,27/12/2025,MONPHEVIN 200MG/5ML, 5.00 , 47.25 , 236.25 , -   ,236.25, 49.00 , 245.00 ,-8.75,-4%
Government,DR MS 03613,27/12/2025,FERLUM 15MG/0.6ML, 15.00 , 24.25 , 363.75 , -   ,363.75, 15.00 , 225.00 ,138.75,38%
Government,DR MS 03613,27/12/2025,, 20.00 , 144.25 ," 2,885.00 ", -   ,"2,885.00",,,"2,885.00",100%
Government,DR MS 03613,27/12/2025,HYCLENS GARGLE (120ML), 100.00 , 157.90 ," 15,790.00 ", -   ,"15,790.00", 88.00 ," 8,800.00 ","6,990.00",44%
Government,DR MS 03613,27/12/2025,, 5.00 , 119.25 , 596.25 , -   ,596.25,,,596.25,100%
Government,DR MS 03613,27/12/2025,B-LACT 3.35G/5ML 120ML SYRUP, 10.00 , 175.25 ," 1,752.50 ", -   ,"1,752.50", 102.00 ," 1,020.00 ",732.50,42%
Government,DR MS 03613,27/12/2025,MOTILLEX 5MG/5ML, 10.00 , 27.25 , 272.50 , -   ,272.50, 15.00 , 150.00 ,122.50,45%
Government,DR MS 03613,27/12/2025,, 2.00 , 319.25 , 638.50 , -   ,638.50,,,638.50,100%
Government,DR MS 03613,27/12/2025,FEDEMOL 250MG/5ML 60ML SYRUP, 100.00 , 27.90 ," 2,790.00 ", -   ,"2,790.00", 15.00 ," 1,500.00 ","1,290.00",46%
Government,DR MS 03613,27/12/2025,LEFESONE 10MG/5ML, 20.00 , 135.25 ," 2,705.00 ", -   ,"2,705.00", 54.00 ," 1,080.00 ","1,625.00",60%
Government,DR MS 03613,27/12/2025,BUTAMOL 2MG/5ML, 200.00 , 19.90 ," 3,980.00 ", -   ,"3,980.00", 15.00 ," 3,000.00 ",980.00,25%
Government,DR MS 03613,27/12/2025,VENTACT 1MG/ML (2.5MG/2.5ML), 10.00 , 507.00 ," 5,070.00 ", -   ,"5,070.00", 140.00 ," 1,400.00 ","3,670.00",72%
Government,DR MS 03613,27/12/2025,BURNSIL 10MG/G(1%W/W) 25G, 20.00 , 184.25 ," 3,685.00 ", -   ,"3,685.00", 75.00 ," 1,500.00 ","2,185.00",59%
Government,DR MS 03613,27/12/2025,TOBRADEPORS 5ML, 10.00 , 289.25 ," 2,892.50 ", -   ,"2,892.50", 52.00 , 520.00 ,"2,372.50",82%
Government,DR MS 03613,27/12/2025,TACHYBAN 3MG/ML 2ML, 1.00 ," 3,296.25 "," 3,296.25 ", -   ,"3,296.25"," 1,166.00 "," 1,166.00 ","2,130.25",65%
Government,DR MS 03613,27/12/2025,AMIODEX 50MG/ML (150MG/3ML), 0.50 ," 4,342.50 "," 2,171.25 ", -   ,"2,171.25"," 1,765.00 ", 882.50 ,"1,288.75",59%
Government,DR MS 03613,27/12/2025,CORPILYN 250MG, 50.00 , 47.25 ," 2,362.50 ", -   ,"2,362.50", 11.80 , 590.00 ,"1,772.50",75%
Government,DR MS 03613,27/12/2025,CORPILYN 500MG, 50.00 , 48.25 ," 2,412.50 ", -   ,"2,412.50", 13.50 , 675.00 ,"1,737.50",72%
Government,DR MS 03613,27/12/2025,CORPILYN 1G, 50.00 , 34.25 ," 1,712.50 ", -   ,"1,712.50", 14.00 , 700.00 ,"1,012.50",59%
Government,DR MS 03613,27/12/2025,AMPINEX PLUS 500MG/250MG, 20.00 , 56.25 ," 1,125.00 ", -   ,"1,125.00", 25.00 , 500.00 ,625.00,56%
Government,DR MS 03613,27/12/2025,VINRAB 200IU/ML (1000IU/5ML) 5ML, 50.00 ," 2,199.25 "," 109,962.50 ", -   ,"109,962.50",,,"109,962.50",100%
Government,DR MS 03613,27/12/2025,ANTITET 1500IU/0.7ML, 7.50 ," 1,799.00 "," 13,492.50 ", -   ,"13,492.50"," 1,195.00 "," 8,962.50 ","4,530.00",34%
Government,DR MS 03613,27/12/2025,, 20.00 , 399.25 ," 7,985.00 ", -   ,"7,985.00",,,"7,985.00",100%
Government,DR MS 03613,27/12/2025,BUPIRIGHT 5MG/ML 0.5% IN 8% 4ML, 5.00 , 679.25 ," 3,396.25 ", -   ,"3,396.25", 165.18 , 825.90 ,"2,570.35",76%
Government,DR MS 03614,27/12/2025,HAIXONE WITH DILUENT 1G, 400.00 , 64.95 ," 25,980.00 ", -   ,"25,980.00", 26.00 ," 10,400.00 ","15,580.00",60%
Government,DR MS 03614,27/12/2025,CORSIN-300 150MG/ML (300MG/2ML) 2ML, 200.00 , 159.90 ," 31,980.00 ", -   ,"31,980.00", 52.00 ," 10,400.00 ","21,580.00",67%
Government,DR MS 03614,27/12/2025,ZINACARE 750MG W/ DILUENT, 600.00 , 87.95 ," 52,770.00 ", -   ,"52,770.00", 26.00 ," 15,600.00 ","37,170.00",70%
Government,DR MS 03614,27/12/2025,DIXIN 250MCG/ML 2ML, 1.00 ," 2,492.50 "," 2,492.50 ", -   ,"2,492.50"," 1,050.00 "," 1,050.00 ","1,442.50",58%
Government,DR MS 03614,27/12/2025,DIPHENPORS 50MG/ML 1ML, 1.00 , 692.50 , 692.50 , -   ,692.50, 140.00 , 140.00 ,552.50,80%
Government,DR MS 03614,27/12/2025,DOBURIS 50MG/ML 5ML, 1.00 ," 1,196.25 "," 1,196.25 ", -   ,"1,196.25", 750.00 , 750.00 ,446.25,37%
Government,DR MS 03614,27/12/2025,EPIX 1MG/ML IV, 2.00 , 352.50 , 705.00 , -   ,705.00, 120.00 , 240.00 ,465.00,66%
Government,DR MS 03614,27/12/2025,GENTAM 40MG/ML (80MG/2ML) 2ML, 1.00 , 192.50 , 192.50 , -   ,192.50, 43.00 , 43.00 ,149.50,78%
Government,DR MS 03614,27/12/2025,, 10.00 , 59.25 , 592.50 , -   ,592.50,,,592.50,100%
Government,DR MS 03614,27/12/2025,HYOSAPH 20MG/ML, 5.00 , 442.50 ," 2,212.50 ", -   ,"2,212.50", 170.00 , 850.00 ,"1,362.50",62%
Government,DR MS 03614,27/12/2025,HYDROCORTIBAS 100MG VIAL, 10.00 , 699.00 ," 6,990.00 ", -   ,"6,990.00", 256.00 ," 2,560.00 ","4,430.00",63%
Government,DR MS 03614,27/12/2025,HYCORT 250MG VIAL, 2.00 ," 1,642.50 "," 3,285.00 ", -   ,"3,285.00", 640.00 ," 1,280.00 ","2,005.00",61%
Government,DR MS 03614,27/12/2025,KETOROBAS 30MG/ML, 1.00 , 262.50 , 262.50 , -   ,262.50, 130.00 , 130.00 ,132.50,50%
Government,DR MS 03614,27/12/2025,, 15.00 , 56.25 , 843.75 , -   ,843.75,,,843.75,100%
Government,DR MS 03614,27/12/2025,PLAZIMIDE 5MG/ML (10MG/2ML), 2.00 , 242.50 , 485.00 , -   ,485.00, 60.00 , 120.00 ,365.00,75%
Government,DR MS 03614,27/12/2025,ANTIZOAL 5MG/ML (500MG/100ML) 100ML, 100.00 , 37.90 ," 3,790.00 ", -   ,"3,790.00", 15.00 ," 1,500.00 ","2,290.00",60%
Government,DR MS 03614,27/12/2025,, 10.00 , 179.25 ," 1,792.50 ", -   ,"1,792.50",,,"1,792.50",100%
Government,DR MS 03614,27/12/2025,OMCARE 40MG WITH DILUENT, 50.00 , 84.25 ," 4,212.50 ", -   ,"4,212.50", 33.00 ," 1,650.00 ","2,562.50",61%
Government,DR MS 03614,27/12/2025,GYNE-TOCIN 10IU/ML, 3.00 , 392.50 ," 1,177.50 ", -   ,"1,177.50", 90.00 , 270.00 ,907.50,77%
Government,DR MS 03614,27/12/2025,PHYTOBAS 10MG/ML IV, 1.50 , 512.50 , 768.75 , -   ,768.75, 140.00 , 210.00 ,558.75,73%
Government,DR MS 03614,27/12/2025,RAXIDINE 25MG/ML 2ML, 1.00 , 532.50 , 532.50 , -   ,532.50, 100.00 , 100.00 ,432.50,81%
Government,DR MS 03614,27/12/2025,ABHAY-TOX 40IU/0.5ML VIAL, 10.00 ," 1,199.00 "," 11,990.00 ", -   ,"11,990.00", 570.00 ," 5,700.00 ","6,290.00",52%
Government,DR MS 03614,27/12/2025,AMBIDOL 50MG/ML (100MG/2ML) 2ML, 2.00 , 252.50 , 505.00 , -   ,505.00, 62.00 , 124.00 ,381.00,75%
Government,DR MS 03614,27/12/2025,HEMOBAS 100MG/ML (500MG/5ML) 5ML, 2.00 , 502.50 ," 1,005.00 ", -   ,"1,005.00", 190.00 , 380.00 ,625.00,62%
Government,DR MS 03614,27/12/2025,DOPABAS 40MG/ML (200MG/5ML) 5ML, 1.00 ," 1,192.50 "," 1,192.50 ", -   ,"1,192.50", 400.00 , 400.00 ,792.50,66%
Government,DR MS 03615,27/12/2025,AMBLOSYL 5MG TAB, 5.00 , 249.25 ," 1,246.25 ", -   ,"1,246.25", 25.00 , 125.00 ,"1,121.25",90%
Government,DR MS 03615,27/12/2025,AMLOTHIN 10MG TAB, 15.00 , 479.25 ," 7,188.75 ", -   ,"7,188.75", 33.00 , 495.00 ,"6,693.75",93%
Government,DR MS 03615,27/12/2025,TROVIPRI 40MG, 20.00 , 699.25 ," 13,985.00 ", -   ,"13,985.00", 176.00 ," 3,520.00 ","10,465.00",75%
Government,DR MS 03615,27/12/2025,TROVIPRI 80MG, 10.00 , 919.25 ," 9,192.50 ", -   ,"9,192.50", 320.00 ," 3,200.00 ","5,992.50",65%
Government,DR MS 03615,27/12/2025,CLODIN 75MCG, 10.00 , 749.25 ," 7,492.50 ", -   ,"7,492.50", 380.00 ," 3,800.00 ","3,692.50",49%
Government,DR MS 03615,27/12/2025,FENO-T6 160MG, 67.00 , 779.90 ," 52,253.30 ", -   ,"52,253.30", 110.00 ," 7,370.00 ","44,883.30",86%
Government,DR MS 03615,27/12/2025,FENORIX 200MG, 10.00 ," 1,299.25 "," 12,992.50 ", -   ,"12,992.50", 207.00 ," 2,070.00 ","10,922.50",84%
Government,DR MS 03615,27/12/2025,FUSEDEX 20MG TAB, 3.00 , 249.25 , 747.75 , -   ,747.75, 40.00 , 120.00 ,627.75,84%
Government,DR MS 03615,27/12/2025,FUSEDEX 40MG TAB, 3.00 , 349.25 ," 1,047.75 ", -   ,"1,047.75", 80.00 , 240.00 ,807.75,77%
Government,DR MS 03615,27/12/2025,GLYCINORM-80 80MG, 15.00 , 449.25 ," 6,738.75 ", -   ,"6,738.75", 110.00 ," 1,650.00 ","5,088.75",76%
Government,DR MS 03615,27/12/2025,ISORDIL 5MG TABLET, 2.00 , 799.25 ," 1,598.50 ", -   ,"1,598.50"," 2,607.00 "," 5,214.00 ","-3,615.50",-226%
Government,DR MS 03615,27/12/2025,ISOLYTE 30MG TAB, 5.00 , 799.25 ," 3,996.25 ", -   ,"3,996.25", 230.00 ," 1,150.00 ","2,846.25",71%
Government,DR MS 03615,27/12/2025,GLYCEMET 500MG, 40.00 , 199.90 ," 7,996.00 ", -   ,"7,996.00", 39.00 ," 1,560.00 ","6,436.00",80%
Government,DR MS 03615,27/12/2025,SKANT 250MG TAB, 3.00 , 799.25 ," 2,397.75 ", -   ,"2,397.75", 328.00 , 984.00 ,"1,413.75",59%
Government,DR MS 03615,27/12/2025,ORANOL 10MG, 2.00 , 599.25 ," 1,198.50 ", -   ,"1,198.50", 65.00 , 130.00 ,"1,068.50",89%
Government,DR MS 03615,27/12/2025,ORANOL 40MG, 3.00 ," 1,799.25 "," 5,397.75 ", -   ,"5,397.75", 88.00 , 264.00 ,"5,133.75",95%
Government,DR MS 03615,27/12/2025,ROSUBOLIC 10MG TAB, 3.00 , 699.25 ," 2,097.75 ", -   ,"2,097.75", 194.00 , 582.00 ,"1,515.75",72%
Government,DR MS 03615,27/12/2025,ROSUVIN 20MG, 5.00 , 999.25 ," 4,996.25 ", -   ,"4,996.25", 210.00 ," 1,050.00 ","3,946.25",79%
Government,DR MS 03615,27/12/2025,DIASTATIN 40MG TAB, 10.00 , 596.25 ," 5,962.50 ", -   ,"5,962.50", 213.00 ," 2,130.00 ","3,832.50",64%
Government,DR MS 03615,27/12/2025,SPIRODEN 50MG TAB, 1.00 ," 1,999.00 "," 1,999.00 ", -   ,"1,999.00", 625.00 , 625.00 ,"1,374.00",69%
Government,DR MS 03615,27/12/2025,EFFEZIDINE 35MG TAB, 17.00 , 269.25 ," 4,577.25 ", -   ,"4,577.25", 73.00 ," 1,241.00 ","3,336.25",73%
Government,DR MS 03615,27/12/2025,SAPHARIN 20MG/ML, 1.00 , 840.00 , 840.00 , -   ,840.00, 154.00 , 154.00 ,686.00,82%
Government,DR MS 03615,27/12/2025,INSUGET R 100 I.U/10ML, 20.00 , 709.00 ," 14,180.00 ", -   ,"14,180.00", 545.00 ," 10,900.00 ","3,280.00",23%
Batangas,DR 0026404,27/12/2025,CENDALEX 500MG, 4.00 ," 1,100.00 "," 4,400.00 ", 220.00 ,"4,180.00", 287.50 ," 1,150.00 ","3,030.00",69%
Batangas,DR 0026404,27/12/2025,EMLOR PLUS 5MG/50MG, 5.00 , 590.00 ," 2,950.00 ", 147.50 ,"2,802.50", 216.00 ," 1,080.00 ","1,722.50",58%
Batangas,DR 0026404,27/12/2025,ZELEX 200MG CAP, 4.00 ," 2,800.00 "," 11,200.00 ", 560.00 ,"10,640.00", 925.00 ," 3,700.00 ","6,940.00",62%
Batangas,DR 0026404,27/12/2025,HISTARIL 100MG/2MG, 2.00 , 960.00 ," 1,920.00 ", 96.00 ,"1,824.00", 300.00 , 600.00 ,"1,224.00",64%
Batangas,DR 0026404,27/12/2025,HISTARIL 50MG/1MG/5ML, 5.00 , 96.00 , 480.00 , 24.00 ,456.00, 35.00 , 175.00 ,281.00,59%
Batangas,DR 0026406,27/12/2025,ANEROCIN 300MG CAP, 3.00 ," 3,400.00 "," 10,200.00 ", -   ,"10,200.00", 979.00 ," 2,937.00 ","7,263.00",71%
Batangas,DR 0026406,27/12/2025,TRIDEN 160MG TAB, 3.00 ," 2,560.00 "," 7,680.00 ", -   ,"7,680.00", 720.00 ," 2,160.00 ","5,520.00",72%
Batangas,DR 0026407,27/12/2025,VOXOLL 30MG, 10.00 , 715.00 ," 7,150.00 ", -   ,"7,150.00", 168.00 ," 1,680.00 ","5,470.00",77%
Batangas,DR 0026407,27/12/2025,EMLOR PLUS 5MG/50MG, 10.00 , 590.00 ," 5,900.00 ", -   ,"5,900.00", 216.00 ," 2,160.00 ","3,740.00",63%
Batangas,DR 0026407,27/12/2025,BENERVA PLUS 500MG/50MG/100MG/100MCG, 3.00 ," 1,800.00 "," 5,400.00 ", -   ,"5,400.00", 615.00 ," 1,845.00 ","3,555.00",66%
Batangas,DR 0026408,27/12/2025,EMZART-80 80MG, 10.00 , 948.00 ," 9,480.00 ", -   ,"9,480.00", 264.00 ," 2,640.00 ","6,840.00",72%
Batangas,DR 0026408,27/12/2025,EMZART-40 40MG, 10.00 , 548.00 ," 5,480.00 ", -   ,"5,480.00", 156.00 ," 1,560.00 ","3,920.00",72%
Batangas,DR 0026410,27/12/2025,HYCLENS WOUND SPRAY 2% 60ML, 12.00 , 286.00 ," 3,432.00 ", -   ,"3,432.00", 114.66 ," 1,375.92 ","2,056.08",60%
Batangas,DR 0026411,27/12/2025,CETHERGO 200MCG/ML IV, 1.00 ," 2,800.00 "," 2,800.00 ", -   ,"2,800.00"," 1,222.00 "," 1,222.00 ","1,578.00",56%
Batangas,DR 0026411,27/12/2025,MYOMIDE 20MG/ML, 2.00 , 420.00 , 840.00 , -   ,840.00, 125.00 , 250.00 ,590.00,70%
Batangas,DR 0026411,27/12/2025,DIPHENPORS 50MG/ML 1ML, 1.00 , 500.00 , 500.00 , -   ,500.00, 140.00 , 140.00 ,360.00,72%
Batangas,DR 0026411,27/12/2025,LEVOXUS 500MG, 1.00 ," 1,100.00 "," 1,100.00 ", -   ,"1,100.00", 550.00 , 550.00 ,550.00,50%
Batangas,DR 0026411,27/12/2025,EXECORE 500MG TAB, 10.00 , 170.00 ," 1,700.00 ", -   ,"1,700.00", 78.00 , 780.00 ,920.00,54%
Batangas,DR 0026411,27/12/2025,AMIODAL 50MG/ML (150MG/3ML), 1.00 ," 1,375.00 "," 1,375.00 ", -   ,"1,375.00"," 1,181.00 "," 1,181.00 ",194.00,14%
Quezon,DR 026151,27/12/2025,AMCETAM 150MG/ML 2ML, 8.00 , 363.80 ," 2,910.40 ", -   ,"2,910.40", 42.00 , 336.00 ,"2,574.40",88%
Quezon,DR 026152,27/12/2025,BENERVA FORTE 300MG/100MG/100MCG, 2.00 ," 1,540.00 "," 3,080.00 ", 924.00 ,"2,156.00", 525.00 ," 1,050.00 ","1,106.00",36%
Quezon,DR 026152,27/12/2025,VOXOLL 15MG/5ML, 12.00 , 80.00 , 960.00 , 288.00 ,672.00, 33.00 , 396.00 ,276.00,29%
Quezon,DR 026153,29/12/2025,HYCLENS WOUND SPRAY 2% 60ML, 12.00 , 280.00 ," 3,360.00 ", 336.00 ,"3,024.00", 114.66 ," 1,375.92 ","1,648.08",49%
Quezon,DR 026154,29/12/2025,HYCLENS WOUND SPRAY 2% 60ML, 12.00 , 280.00 ," 3,360.00 ", 336.00 ,"3,024.00", 114.66 ," 1,375.92 ","1,648.08",49%
Quezon,DR 026154,29/12/2025,HYCLENS GARGLE 0.12% 60ML, 12.00 , 208.00 ," 2,496.00 ", 249.60 ,"2,246.40", 65.00 , 780.00 ,"1,466.40",59%
Quezon,DR 026155,29/12/2025,AMOLTEX 2MG/5ML, 24.00 , 98.00 ," 2,352.00 ", -   ,"2,352.00", 28.00 , 672.00 ,"1,680.00",71%
Quezon,DR 026155,29/12/2025,HYCLENS GARGLE 0.12% 120ML, 24.00 , 208.00 ," 4,992.00 ", -   ,"4,992.00", 88.00 ," 2,112.00 ","2,880.00",58%
Quezon,DR 026156,29/12/2025,FOLACID 5MG CAP, 10.00 , 650.00 ," 6,500.00 "," 1,950.00 ","4,550.00", 236.25 ," 2,362.50 ","2,187.50",34%
Hospital,DR RT 0001531,31/12/2025,"QMC # 122,723", 1.00 ," 122,500.00 "," 122,500.00 ", -   ,"122,500.00"," 69,200.00 "," 69,200.00 ","53,300.00",44%
Hospital,DR RM 0002179,31/12/2025,"QMC # 213,200", 1.00 ," 204,480.75 "," 204,480.75 ", -   ,"204,480.75"," 77,005.00 "," 77,005.00 ","127,475.75",62%
Hospital,DR RM 0002180,31/12/2025,, 1.00 ," 8,277.50 "," 8,277.50 ", -   ,"8,277.50",,,"8,277.50",100%
Hospital,DR RT 0001532,31/12/2025,"QMC # 700,000", 1.00 ," 699,500.00 "," 699,500.00 ", -   ,"699,500.00"," 530,000.00 "," 530,000.00 ","169,500.00",24%
Government,DR RT 0001414,31/12/2025,"PAGBILAO # 1,100,000", 1.00 ," 1,044,525.00 "," 1,044,525.00 ", -   ,"1,044,525.00"," 132,250.00 "," 132,250.00 ","912,275.00",87%
Government,DR RT 0001459,31/12/2025,"PAGBILAO # 57,540", 1.00 ," 57,330.00 "," 57,330.00 ", -   ,"57,330.00"," 37,729.72 "," 37,729.72 ","19,600.28",34%
Government,DR RT 0001463,31/12/2025,"PAGBILAO # 64,165", 1.00 ," 63,541.00 "," 63,541.00 ", -   ,"63,541.00"," 42,108.71 "," 42,108.71 ","21,432.29",34%
Government,DR RT 0001462,31/12/2025,"PAGBILAO # 63,250", 1.00 ," 62,716.75 "," 62,716.75 ", -   ,"62,716.75"," 41,467.16 "," 41,467.16 ","21,249.59",34%
Government,DR RT 0001055,31/12/2025,"TOURISM # 356,000", 1.00 ," 355,300.00 "," 355,300.00 ", -   ,"355,300.00"," 233,787.40 "," 233,787.40 ","121,512.60",34%
Hospital,DR RT 0001533,31/12/2025,"QMC # 127,722.50", 1.00 ," 127,471.75 "," 127,471.75 ", -   ,"127,471.75"," 80,882.35 "," 80,882.35 ","46,589.40",37%
Hospital,DR RM 0002183,31/12/2025,"QMC # 597,322", 1.00 ," 596,440.80 "," 596,440.80 ", -   ,"596,440.80"," 274,638.39 "," 274,638.39 ","321,802.41",54%
Hospital,DR MS 03626,31/12/2025,STRAIGHT KELLY 7'', 8.00 ,,, -   ,0.00, 431.00 ," 3,448.00 ","-3,448.00",#DIV/0!
Hospital,DR MS 03626,31/12/2025,NEEDLE HOLDER SIZE 7'' (OLTEN), 2.00 ,,, -   ,0.00, 488.00 , 976.00 ,-976.00,#DIV/0!
Hospital,DR MS 03626,31/12/2025,TISSUE FORCEF 5'', 2.00 ,,, -   ,0.00, 231.00 , 462.00 ,-462.00,#DIV/0!
Hospital,DR MS 03626,31/12/2025,BLADE HOLDER SIZE 3'' (OLTEN), 2.00 ,,, -   ,0.00, 130.00 , 260.00 ,-260.00,#DIV/0!
Hospital,DR MS 03626,31/12/2025,MAYO SCISSOR STRAIGHT SIZE 7'' (OLTEN), 2.00 ,,, -   ,0.00, 473.00 , 946.00 ,-946.00,#DIV/0!
Hospital,DR MS 03626,31/12/2025,METZ SCISSOR 7'', 2.00 ,,, -   ,0.00, 473.00 , 946.00 ,-946.00,#DIV/0!
Hospital,DR MS 03626,31/12/2025,APELOS RETRACTOR, 2.00 ,,, -   ,0.00, 832.00 ," 1,664.00 ","-1,664.00",#DIV/0!
Hospital,DR MS 03626,31/12/2025,, 2.00 ," 10,450.00 "," 20,900.00 ", -   ,"20,900.00",,,"20,900.00",100%
Hospital,DR MS 03626,31/12/2025,STRAIGHT KELLY 7'', 32.00 ,,, -   ,0.00, 431.00 ," 13,792.00 ","-13,792.00",#DIV/0!
Hospital,DR MS 03626,31/12/2025,NEEDLE HOLDER SIZE 7'' (OLTEN), 8.00 ,,, -   ,0.00, 488.00 ," 3,904.00 ","-3,904.00",#DIV/0!
Hospital,DR MS 03626,31/12/2025,TISSUE FORCEF 5'', 8.00 ,,, -   ,0.00, 231.00 ," 1,848.00 ","-1,848.00",#DIV/0!
Hospital,DR MS 03626,31/12/2025,BLADE HOLDER SIZE 3'' (OLTEN), 8.00 ,,, -   ,0.00, 130.00 ," 1,040.00 ","-1,040.00",#DIV/0!
Hospital,DR MS 03626,31/12/2025,MAYO SCISSOR STRAIGHT SIZE 7'' (OLTEN), 8.00 ,,, -   ,0.00, 473.00 ," 3,784.00 ","-3,784.00",#DIV/0!
Hospital,DR MS 03626,31/12/2025,METZ SCISSOR 7'', 8.00 ,,, -   ,0.00, 473.00 ," 3,784.00 ","-3,784.00",#DIV/0!
Hospital,DR MS 03626,31/12/2025,APELOS RETRACTOR, 8.00 ,,, -   ,0.00, 832.00 ," 6,656.00 ","-6,656.00",#DIV/0!
Hospital,DR MS 03626,31/12/2025,UTERINE ELEVATOR WITH STOPPER (6.5CM) 12 INCH (RING HANDLE), 8.00 ,,, -   ,0.00," 1,041.00 "," 8,328.00 ","-8,328.00",#DIV/0!
Hospital,DR MS 03626,31/12/2025,ALLIS FORCEFS 7 INCHES, 8.00 ,,, -   ,0.00, 488.00 ," 3,904.00 ","-3,904.00",#DIV/0!
Hospital,DR MS 03626,31/12/2025,VAGINAL SPECULUM (PEDERSON TYPE) SMALL, 8.00 ,,, -   ,0.00, 498.00 ," 3,984.00 ","-3,984.00",#DIV/0!
Hospital,DR MS 03626,31/12/2025,VAGINAL SPECULUM (PEDERSON TYPE) MEDIUM, 8.00 ,,, -   ,0.00, 498.00 ," 3,984.00 ","-3,984.00",#DIV/0!
Hospital,DR MS 03626,31/12/2025,VAGINAL SPECULUM (PEDERSON TYPE) LARGE, 8.00 ,,, -   ,0.00, 498.00 ," 3,984.00 ","-3,984.00",#DIV/0!
Hospital,DR MS 03626,31/12/2025,, 8.00 ," 16,480.00 "," 131,840.00 ", -   ,"131,840.00",,,"131,840.00",100%
Hospital,DR MS 03623,31/12/2025,PIPER FORCEPS SIZE 17 1/4'', 1.00 ," 10,520.00 "," 10,520.00 ", -   ,"10,520.00"," 5,262.60 "," 5,262.60 ","5,257.40",50%
Hospital,DR MS 03623,31/12/2025,VAGINAL SPECULUM (PEDERSON TYPE) SMALL, 10.00 , 995.00 ," 9,950.00 ", -   ,"9,950.00", 498.00 ," 4,980.00 ","4,970.00",50%
Hospital,DR MS 03623,31/12/2025,VAGINAL SPECULUM (PEDERSON TYPE) MEDIUM, 10.00 , 995.00 ," 9,950.00 ", -   ,"9,950.00", 498.00 ," 4,980.00 ","4,970.00",50%
Hospital,DR MS 03623,31/12/2025,VAGINAL SPECULUM (PEDERSON TYPE) LARGE, 10.00 , 995.00 ," 9,950.00 ", -   ,"9,950.00", 498.00 ," 4,980.00 ","4,970.00",50%
Hospital,DR MS 03623,31/12/2025,VAGINAL RETRACTOR/SPECULA 75X23MM 2'S/SET, 10.00 ," 1,970.00 "," 19,700.00 ", -   ,"19,700.00", 985.00 ," 9,850.00 ","9,850.00",50%
Hospital,DR MS 03623,31/12/2025,THUMB FORCEP 5 1/2'' (OLTEN), 14.00 , 490.00 ," 6,860.00 ", -   ,"6,860.00", 246.00 ," 3,444.00 ","3,416.00",50%
Hospital,DR MS 03623,31/12/2025,BP APPARATUS WITH STAND (INDOPLAS), 2.00 ," 7,000.00 "," 14,000.00 ", -   ,"14,000.00"," 3,500.00 "," 7,000.00 ","7,000.00",50%
Hospital,DR MS 03623,31/12/2025,KIDNEY BASIN STAINLESS STEEL 10'' (OLTEN), 5.00 , 995.00 ," 4,975.00 ", -   ,"4,975.00", 498.00 ," 2,490.00 ","2,485.00",50%
Hospital,DR MS 03623,31/12/2025,KIDNEY BASIN SIZE 8'' (OLTEN), 5.00 , 630.00 ," 3,150.00 ", -   ,"3,150.00", 317.00 ," 1,585.00 ","1,565.00",50%
Hospital,DR MS 03623,31/12/2025,"ALLIS TEETH 5X6, 7 1/2''", 48.00 , 975.00 ," 46,800.00 ", -   ,"46,800.00", 488.00 ," 23,424.00 ","23,376.00",50%
Hospital,DR MS 03623,31/12/2025,KELLY CURVED 8'' (OLTEN), 48.00 , 975.00 ," 46,800.00 ", -   ,"46,800.00", 488.00 ," 23,424.00 ","23,376.00",50%
Hospital,DR MS 03623,31/12/2025,KELLY STRAIGHT 8'' (OLTEN), 48.00 , 975.00 ," 46,800.00 ", -   ,"46,800.00", 488.00 ," 23,424.00 ","23,376.00",50%
Hospital,DR MS 03623,31/12/2025,BOBCOC 7 1/2'' (OLTEN), 16.00 , 995.00 ," 15,920.00 ", -   ,"15,920.00", 498.00 ," 7,968.00 ","7,952.00",50%
Hospital,DR MS 03623,31/12/2025,TISSUE DISSECTING FORCEFS 5 1/2'' (1/2), 8.00 , 460.00 ," 3,680.00 ", -   ,"3,680.00", 231.00 ," 1,848.00 ","1,832.00",50%
Hospital,DR MS 03623,31/12/2025,TISSUE DISSECTING FORCEFS 5 1/2'' (1/2), 8.00 , 460.00 ," 3,680.00 ", -   ,"3,680.00", 231.00 ," 1,848.00 ","1,832.00",50%
Hospital,DR MS 03623,31/12/2025,ARMY NAVY 8''X1/2''X1/4'', 16.00 ," 1,795.00 "," 28,720.00 ", -   ,"28,720.00", 898.00 ," 14,368.00 ","14,352.00",50%
Hospital,DR MS 03623,31/12/2025,MAYO STRAIGHT SIZE 8'', 8.00 ," 1,035.00 "," 8,280.00 ", -   ,"8,280.00", 518.00 ," 4,144.00 ","4,136.00",50%
Hospital,DR MS 03623,31/12/2025,MAYO STRAIGHT SIZE 8'', 8.00 ," 1,120.00 "," 8,960.00 ", -   ,"8,960.00", 518.00 ," 4,144.00 ","4,816.00",54%
Hospital,DR MS 03623,31/12/2025,BANDAGE SCISSOR SIZE 7 1/2'', 8.00 ," 1,100.00 "," 8,800.00 ", -   ,"8,800.00", 550.00 ," 4,400.00 ","4,400.00",50%
Hospital,DR MS 03623,31/12/2025,BLADDER RETRACTOR/BALFOUR CENTRAL BLADE SIZE 45X80MM, 8.00 ," 3,355.00 "," 26,840.00 ", -   ,"26,840.00"," 1,679.00 "," 13,432.00 ","13,408.00",50%
Hospital,DR MS 03623,31/12/2025,RICHARDSON EASTMAN RETRACTOR SET OF 2PCS, 8.00 ," 2,740.00 "," 21,920.00 ", -   ,"21,920.00"," 1,371.00 "," 10,968.00 ","10,952.00",50%
Hospital,DR MS 03623,31/12/2025,NEEDLE HOLDER 8'' (OLTEN), 16.00 , 975.00 ," 15,600.00 ", -   ,"15,600.00", 488.00 ," 7,808.00 ","7,792.00",50%
Hospital,DR MS 03625,31/12/2025,TOWEL CLIPS 5 1/2'', 32.00 , 710.00 ," 22,720.00 ", -   ,"22,720.00", 358.00 ," 11,456.00 ","11,264.00",50%
Hospital,DR MS 03625,31/12/2025,KIDNEY BASIN SIZE 6'', 8.00 , 515.00 ," 4,120.00 ", -   ,"4,120.00", 258.00 ," 2,064.00 ","2,056.00",50%
Hospital,DR MS 03625,31/12/2025,KIDNEY BASIN SIZE 8'' (OLTEN), 8.00 , 635.00 ," 5,080.00 ", -   ,"5,080.00", 317.00 ," 2,536.00 ","2,544.00",50%
Hospital,DR MS 03625,31/12/2025,"BLADE HOLDER SIZE #4, 5 1/4", 8.00 , 260.00 ," 2,080.00 ", -   ,"2,080.00", 130.00 ," 1,040.00 ","1,040.00",50%
Hospital,DR MS 03625,31/12/2025,INSTRUMENT TRAY WITH COVER 12x10x2.5, 8.00 ," 3,160.00 "," 25,280.00 ", -   ,"25,280.00"," 1,582.00 "," 12,656.00 ","12,624.00",50%
Hospital,DR MS 03625,31/12/2025,, 1.00 ," 23,880.00 "," 23,880.00 ", -   ,"23,880.00",,,"23,880.00",100%
Hospital,DR MS 03625,31/12/2025,, 1.00 ," 23,880.00 "," 23,880.00 ", -   ,"23,880.00",,,"23,880.00",100%
Hospital,DR MS 03625,31/12/2025,, 1.00 ," 23,880.00 "," 23,880.00 ", -   ,"23,880.00",,,"23,880.00",100%
Hospital,DR MS 03625,31/12/2025,MONOCRYL 0'' 31MM 1/2C 70CM (ETHICON), 1.00 ," 12,400.00 "," 12,400.00 ", -   ,"12,400.00"," 6,200.00 "," 6,200.00 ","6,200.00",50%
Hospital,DR MS 03625,31/12/2025,MONOCRYL 1'' 40MM 1/2C 70CM (ETHICON), 1.00 ," 12,250.00 "," 12,250.00 ", -   ,"12,250.00"," 6,125.00 "," 6,125.00 ","6,125.00",50%
Hospital,DR MS 03625,31/12/2025,MONOCRYL 3-0'' 26MM 1/2C 70CM (ETHICON), 1.00 ," 9,500.00 "," 9,500.00 ", -   ,"9,500.00"," 4,750.00 "," 4,750.00 ","4,750.00",50%
Hospital,DR MS 03625,31/12/2025,UTERINE ELEVATOR WITH STOPPER (6.5CM) 12 INCH (RING HANDLE), 2.00 ," 2,200.00 "," 4,400.00 ", -   ,"4,400.00"," 1,041.00 "," 2,082.00 ","2,318.00",53%
Hospital,DR MS 03625,31/12/2025,"ALLIS TEETH 5X6, 7 1/2''", 24.00 , 975.00 ," 23,400.00 ", -   ,"23,400.00", 488.00 ," 11,712.00 ","11,688.00",50%
Hospital,DR MS 03625,31/12/2025,"ALLIS TEETH 5X6, 7 1/2''", 24.00 , 975.00 ," 23,400.00 ", -   ,"23,400.00", 488.00 ," 11,712.00 ","11,688.00",50%
Hospital,DR MS 03625,31/12/2025,RICHARDSON EASTMAN RETRACTOR SET OF 2PCS, 10.00 ," 2,745.00 "," 27,450.00 ", -   ,"27,450.00"," 1,371.00 "," 13,710.00 ","13,740.00",50%
Hospital,DR MS 03621,31/12/2025,"ALLIS TEETH 5X6, 7 1/2''", 12.00 ,,, -   ,0.00, 488.00 ," 5,856.00 ","-5,856.00",#DIV/0!
Hospital,DR MS 03621,31/12/2025,KELLY CURVED 8'' (OLTEN), 12.00 ,,, -   ,0.00, 488.00 ," 5,856.00 ","-5,856.00",#DIV/0!
Hospital,DR MS 03621,31/12/2025,KELLY STRAIGHT 8'' (OLTEN), 12.00 ,,, -   ,0.00, 488.00 ," 5,856.00 ","-5,856.00",#DIV/0!
Hospital,DR MS 03621,31/12/2025,MOSQUITO CURVED 5 1/2 (OLTEN), 12.00 ,,, -   ,0.00, 355.00 ," 4,260.00 ","-4,260.00",#DIV/0!
Hospital,DR MS 03621,31/12/2025,TOOTHED FORCEP 5 1/2'' TISSUE (OLTEN), 2.00 ,,, -   ,0.00, 231.00 , 462.00 ,-462.00,#DIV/0!
Hospital,DR MS 03621,31/12/2025,TOOTHELESS FORCEF SIZE 5 1/2'', 2.00 ,,, -   ,0.00, 231.00 , 462.00 ,-462.00,#DIV/0!
Hospital,DR MS 03621,31/12/2025,NEEDLE HOLDER 8'' (OLTEN), 2.00 ,,, -   ,0.00, 488.00 , 976.00 ,-976.00,#DIV/0!
Hospital,DR MS 03621,31/12/2025,NEEDLE HOLDER SIZE 7'' (OLTEN), 2.00 ,,, -   ,0.00, 488.00 , 976.00 ,-976.00,#DIV/0!
Hospital,DR MS 03621,31/12/2025,TOWEL CLIPS 5 1/2'', 8.00 ,,, -   ,0.00, 358.00 ," 2,864.00 ","-2,864.00",#DIV/0!
Hospital,DR MS 03621,31/12/2025,BOBCOC 7 1/2'' (OLTEN), 4.00 ,,, -   ,0.00, 498.00 ," 1,992.00 ","-1,992.00",#DIV/0!
Hospital,DR MS 03621,31/12/2025,, 1.00 ," 100,000.00 "," 100,000.00 ", -   ,"100,000.00",,,"100,000.00",100%
Hospital,DR MS 03621,31/12/2025,ARMY NAVY 8''X1/2''X1/4'', 4.00 ,,, -   ,0.00, 898.00 ," 3,592.00 ","-3,592.00",#DIV/0!
Hospital,DR MS 03621,31/12/2025,MAYO STRAIGHT SIZE 8'', 2.00 ,,, -   ,0.00, 518.00 ," 1,036.00 ","-1,036.00",#DIV/0!
Hospital,DR MS 03621,31/12/2025,METZ SCISSOR CURVED SIZE 8'' (OLTEN), 2.00 ,,, -   ,0.00, 562.00 ," 1,124.00 ","-1,124.00",#DIV/0!
Hospital,DR MS 03621,31/12/2025,OCHSNER CURVED 8'', 8.00 ,,, -   ,0.00, 539.00 ," 4,312.00 ","-4,312.00",#DIV/0!
Hospital,DR MS 03621,31/12/2025,OCHSNER STRAIGHT 8'', 8.00 ,,, -   ,0.00, 539.00 ," 4,312.00 ","-4,312.00",#DIV/0!
Hospital,DR MS 03621,31/12/2025,LONG THUMB SIZE 10'', 2.00 ,,, -   ,0.00, 397.00 , 794.00 ,-794.00,#DIV/0!
Hospital,DR MS 03621,31/12/2025,BLADE HOLDER #4 5 1/2, 2.00 ,,, -   ,0.00, 130.00 , 260.00 ,-260.00,#DIV/0!
Hospital,DR MS 03621,31/12/2025,KIDNEY BASIN SIZE 6'', 2.00 ,,, -   ,0.00, 258.00 , 516.00 ,-516.00,#DIV/0!
Hospital,DR MS 03621,31/12/2025,INSTRUMENT TRAY WITH COVER STAINLESS STEEL 10x8x2.5 (OLTEN), 2.00 ,,, -   ,0.00," 1,285.00 "," 2,570.00 ","-2,570.00",#DIV/0!
Hospital,DR MS 03622,31/12/2025,RICHARDSON EASTMAN RETRACTOR SET OF 2PCS, 2.00 ,,, -   ,0.00," 1,371.00 "," 2,742.00 ","-2,742.00",#DIV/0!
Hospital,DR MS 03622,31/12/2025,BLADDER RETRACTOR/BALFOUR CENTRAL BLADE SIZE 70X85MM, 2.00 ,,, -   ,0.00," 2,741.00 "," 5,482.00 ","-5,482.00",#DIV/0!
Hospital,DR MS 03622,31/12/2025,MEDIUM DEAVER - 12 INCHES HEIGHT (HEAD 2), 2.00 ,,, -   ,0.00," 2,340.00 "," 4,680.00 ","-4,680.00",#DIV/0!
Hospital,DR MS 03622,31/12/2025,MALLEABLE RETRACTOR SIZE 12''X2 1/2'', 2.00 ,,, -   ,0.00, 600.00 ," 1,200.00 ","-1,200.00",#DIV/0!
Hospital,DR MS 03622,31/12/2025,PEANS 9 1/2'', 6.00 ,,, -   ,0.00, 609.00 ," 3,654.00 ","-3,654.00",#DIV/0!
Hospital,DR MS 03622,31/12/2025,MIXTER 7'' (OLTEN), 12.00 ," 1,030.00 "," 12,360.00 ", -   ,"12,360.00", 510.00 ," 6,120.00 ","6,240.00",50%
Hospital,DR MS 03622,31/12/2025,, 2.00 ," 15,350.00 "," 30,700.00 ", -   ,"30,700.00",,,"30,700.00",100%
Hospital,DR MS 03628,31/12/2025,MONOWEL 1G IV," 1,500.00 ", 644.00 ," 966,000.00 ", -   ,"966,000.00", 458.77 ," 688,161.60 ","277,838.40",29%
Government,DR MS 03533,31/12/2025,CUROXIM 750MG WITH DILUENT," 1,000.00 ", 49.30 ," 49,300.00 ", -   ,"49,300.00", 27.00 ," 27,000.00 ","22,300.00",45%
Government,DR MS 03533,31/12/2025,GIOZOLE 40MG W/ DILUENT," 2,000.00 ", 47.89 ," 95,780.00 ", -   ,"95,780.00", 33.00 ," 66,000.00 ","29,780.00",31%
Government,DR MS 03533,31/12/2025,ANTITET 1500IU/0.7ML, 50.00 ," 2,750.00 "," 137,500.00 ", -   ,"137,500.00"," 1,195.00 "," 59,750.00 ","77,750.00",57%
Government,DR MS 03533,31/12/2025,ASTAT 20MG, 5.00 , 200.00 ," 1,000.00 ", -   ,"1,000.00", 96.00 , 480.00 ,520.00,52%
Government,DR MS 03533,31/12/2025,TORVASTATIN 40MG, 2.00 , 450.00 , 900.00 , -   ,900.00, 155.00 , 310.00 ,590.00,66%
Government,DR MS 03533,31/12/2025,VAZI2R 80MG, 4.00 , 479.00 ," 1,916.00 ", -   ,"1,916.00", 295.00 ," 1,180.00 ",736.00,38%
Government,DR MS 03533,31/12/2025,KHRIZCOPAN 10MG, 13.00 , 270.00 ," 3,510.00 ", -   ,"3,510.00", 218.00 ," 2,834.00 ",676.00,19%
Government,DR MS 03533,31/12/2025,EZYMUC 600MG, 300.00 , 162.00 ," 48,600.00 ", -   ,"48,600.00", 100.00 ," 30,000.00 ","18,600.00",38%
Government,DR MS 03533,31/12/2025,ALLERJEC 2.5MG/ML, 50.00 , 35.50 ," 1,775.00 ", -   ,"1,775.00", 18.00 , 900.00 ,875.00,49%
Government,DR MS 03533,31/12/2025,PHIZOLIN 1G, 10.00 , 267.60 ," 2,676.00 ", -   ,"2,676.00", 168.00 ," 1,680.00 ",996.00,37%
Government,DR MS 03533,31/12/2025,BETZINE 16MG TAB, 50.00 ," 1,162.00 "," 58,100.00 ", -   ,"58,100.00", 230.00 ," 11,500.00 ","46,600.00",80%
Government,DR MS 03533,31/12/2025,BISACODEN 10MG, 0.60 ," 2,812.50 "," 1,687.50 ", -   ,"1,687.50"," 1,665.00 ", 999.00 ,688.50,41%
Government,DR MS 03533,31/12/2025,CLOXANE 500MG, 60.00 , 370.00 ," 22,200.00 ", -   ,"22,200.00", 266.00 ," 15,960.00 ","6,240.00",28%
Government,DR MS 03533,31/12/2025,CLIN-GEN 300MG CAP, 10.00 , 472.00 ," 4,720.00 ", -   ,"4,720.00", 360.00 ," 3,600.00 ","1,120.00",24%
Government,DR MS 03533,31/12/2025,DIXIN 250MCG/ML 2ML, 1.00 ," 2,895.00 "," 2,895.00 ", -   ,"2,895.00"," 1,050.00 "," 1,050.00 ","1,845.00",64%
Government,DR MS 03533,31/12/2025,GLOVEDOL 6.25MG TAB, 500.00 , 105.00 ," 52,500.00 ", -   ,"52,500.00", 44.50 ," 22,250.00 ","30,250.00",58%
Government,DR MS 03533,31/12/2025,CELEKOP 200MG CAP, 30.00 , 254.00 ," 7,620.00 ", -   ,"7,620.00", 130.00 ," 3,900.00 ","3,720.00",49%
Government,DR MS 03550,31/12/2025,GIOZOLE 40MG W/ DILUENT," 1,000.00 ", 47.89 ," 47,890.00 ", -   ,"47,890.00", 33.00 ," 33,000.00 ","14,890.00",31%
Government,DR MS 03550,31/12/2025,ANTITET 1500IU/0.7ML, 50.00 ," 2,750.00 "," 137,500.00 ", -   ,"137,500.00"," 1,195.00 "," 59,750.00 ","77,750.00",57%
Government,DR MS 03550,31/12/2025,TORVASTATIN 40MG, 68.00 , 450.00 ," 30,600.00 ", -   ,"30,600.00", 155.00 ," 10,540.00 ","20,060.00",66%
Government,DR MS 03550,31/12/2025,ALLERJEC 2.5MG/ML, 50.00 , 35.50 ," 1,775.00 ", -   ,"1,775.00", 18.00 , 900.00 ,875.00,49%
Government,DR MS 03550,31/12/2025,PHIZOLIN 1G, 17.00 , 267.60 ," 4,549.20 ", -   ,"4,549.20", 168.00 ," 2,856.00 ","1,693.20",37%
Government,DR MS 03550,31/12/2025,VAZI2R 80MG, 4.00 , 479.00 ," 1,916.00 ", -   ,"1,916.00", 295.00 ," 1,180.00 ",736.00,38%
Government,DR MS 03550,31/12/2025,GLOVEDOL 6.25MG TAB, 492.00 , 105.00 ," 51,660.00 ", -   ,"51,660.00", 44.50 ," 21,894.00 ","29,766.00",58%
Government,DR MS 03550,31/12/2025,BETZINE 16MG TAB, 48.00 ," 1,162.00 "," 55,776.00 ", -   ,"55,776.00", 230.00 ," 11,040.00 ","44,736.00",80%
Government,DR MS 03550,31/12/2025,KHRIZCOPAN 10MG, 10.00 , 270.00 ," 2,700.00 ", -   ,"2,700.00", 218.00 ," 2,180.00 ",520.00,19%
Government,DR MS 03550,31/12/2025,CELEKOP 200MG CAP, 16.00 , 254.00 ," 4,064.00 ", -   ,"4,064.00", 130.00 ," 2,080.00 ","1,984.00",49%
Government,DR MS 03550,31/12/2025,CLIN-GEN 300MG CAP, 12.00 , 472.00 ," 5,664.00 ", -   ,"5,664.00", 360.00 ," 4,320.00 ","1,344.00",24%
Government,DR MS 03550,31/12/2025,EZYMUC 600MG, 200.00 , 162.00 ," 32,400.00 ", -   ,"32,400.00", 100.00 ," 20,000.00 ","12,400.00",38%
Government,DR MS 03550,31/12/2025,CLOXANE 500MG, 72.00 , 370.00 ," 26,640.00 ", -   ,"26,640.00", 266.00 ," 19,152.00 ","7,488.00",28%
Government,DR MS 03550,31/12/2025,PEPTOBURG 3.35G/5ML, 150.00 , 121.13 ," 18,169.50 ", -   ,"18,169.50", 94.08 ," 14,112.00 ","4,057.50",22%
Government,DR MS 03550,31/12/2025,CUROXIM 750MG WITH DILUENT," 1,640.00 ", 49.30 ," 80,852.00 ", -   ,"80,852.00", 27.00 ," 44,280.00 ","36,572.00",45%
Government,DR MS 03569,31/12/2025,GIOZOLE 40MG W/ DILUENT," 1,000.00 ", 47.89 ," 47,890.00 ", -   ,"47,890.00", 33.00 ," 33,000.00 ","14,890.00",31%
Government,DR MS 03569,31/12/2025,TORVASTATIN 40MG, 50.00 , 450.00 ," 22,500.00 ", -   ,"22,500.00", 155.00 ," 7,750.00 ","14,750.00",66%
Government,DR MS 03569,31/12/2025,GLOVEDOL 6.25MG TAB, 508.00 , 105.00 ," 53,340.00 ", -   ,"53,340.00", 44.50 ," 22,606.00 ","30,734.00",58%
Government,DR MS 03569,31/12/2025,BETZINE 16MG TAB, 36.00 ," 1,162.00 "," 41,832.00 ", -   ,"41,832.00", 230.00 ," 8,280.00 ","33,552.00",80%
Government,DR MS 03569,31/12/2025,KHRIZCOPAN 10MG, 10.00 , 270.00 ," 2,700.00 ", -   ,"2,700.00", 218.00 ," 2,180.00 ",520.00,19%
Hospital,DR MS 03573,31/12/2025,TROVIPRI 80MG, 5.00 , 479.00 ," 2,395.00 ", -   ,"2,395.00", 320.00 ," 1,600.00 ",795.00,33%
Hospital,DR MS 03573,31/12/2025,MORNEM 500MG, 400.00 , 345.00 ," 138,000.00 ", -   ,"138,000.00", 160.00 ," 64,000.00 ","74,000.00",54%
Hospital,DR MS 03573,31/12/2025,BIOLAC 3.33G/5ML, 108.00 , 121.13 ," 13,082.04 ", -   ,"13,082.04", 105.00 ," 11,340.00 ","1,742.04",13%
Hospital,DR MS 03573,31/12/2025,HAIXONE WITH DILUENT 1G, 301.00 , 50.70 ," 15,260.70 ", -   ,"15,260.70", 26.00 ," 7,826.00 ","7,434.70",49%
Hospital,DR MS 03573,31/12/2025,HAIXONE WITH DILUENT 1G, 3.00 , 50.70 , 152.10 , -   ,152.10, 26.00 , 78.00 ,74.10,49%
Hospital,DR MS 03573,31/12/2025,HYTRIX 100MG, 90.00 , 352.10 ," 31,689.00 ", -   ,"31,689.00", 210.00 ," 18,900.00 ","12,789.00",40%
Hospital,DR MS 03544,31/12/2025,TROVIPRI 80MG, 10.00 , 479.00 ," 4,790.00 ", -   ,"4,790.00", 320.00 ," 3,200.00 ","1,590.00",33%
Hospital,DR MS 03544,31/12/2025,IRBEXCEL 150MG, 10.71 , 144.20 ," 1,545.00 ", -   ,"1,545.00", 93.00 , 996.43 ,548.57,36%
Hospital,DR MS 03544,31/12/2025,SORBANCE-10 10MG, 1.00 , 124.00 , 124.00 , -   ,124.00, 85.00 , 85.00 ,39.00,31%
Hospital,DR MS 03544,31/12/2025,MORNEM 500MG, 200.00 , 345.00 ," 69,000.00 ", -   ,"69,000.00", 160.00 ," 32,000.00 ","37,000.00",54%
Hospital,DR MS 03544,31/12/2025,AMBIDAZOL 125MG/5ML, 10.00 , 26.76 , 267.60 , -   ,267.60, 17.00 , 170.00 ,97.60,36%
Hospital,DR MS 03544,31/12/2025,BIOLAC 3.33G/5ML, 92.00 , 121.13 ," 11,143.96 ", -   ,"11,143.96", 105.00 ," 9,660.00 ","1,483.96",13%
Hospital,DR MS 03544,31/12/2025,HAIXONE WITH DILUENT 1G, 576.00 , 50.70 ," 29,203.20 ", -   ,"29,203.20", 26.00 ," 14,976.00 ","14,227.20",49%
Hospital,DR MS 03544,31/12/2025,CIPROGYL 2MG/ML (200MG/100ML), 400.00 , 35.50 ," 14,200.00 ", -   ,"14,200.00", 26.00 ," 10,400.00 ","3,800.00",27%
Hospital,DR MS 03537,31/12/2025,EZYMUC 600MG, 100.00 , 162.00 ," 16,200.00 ", -   ,"16,200.00", 100.00 ," 10,000.00 ","6,200.00",38%
Hospital,DR MS 03537,31/12/2025,HAIXONE WITH DILUENT 1G, 864.00 , 50.70 ," 43,804.80 ", -   ,"43,804.80", 26.00 ," 22,464.00 ","21,340.80",49%
Hospital,DR MS 03537,31/12/2025,ALLERJEC 2.5MG/ML, 11.00 , 35.50 , 390.50 , -   ,390.50, 18.00 , 198.00 ,192.50,49%
Hospital,DR MS 03174,31/12/2025,COCINE 250MG/ML (500MG/2ML), 50.00 , 531.00 ," 26,550.00 ", -   ,"26,550.00", 580.00 ," 29,000.00 ","-2,450.00",-9%
Hospital,DR MS 03174,31/12/2025,BETZINE 16MG TAB, 10.00 ," 1,162.00 "," 11,620.00 ", -   ,"11,620.00", 230.00 ," 2,300.00 ","9,320.00",80%
Hospital,DR MS 03174,31/12/2025,MORNEM 500MG," 2,000.00 ", 245.00 ," 490,000.00 ", -   ,"490,000.00", 160.00 ," 320,000.00 ","170,000.00",35%
Hospital,DR MS 03174,31/12/2025,XOPRAZOLE PLUS 40MG, 50.00 , 472.00 ," 23,600.00 ", -   ,"23,600.00", 320.00 ," 16,000.00 ","7,600.00",32%
Hospital,DR RM 0002191,31/12/2025,"QMC # 268,031", 1.00 ," 267,875.00 "," 267,875.00 ", -   ,"267,875.00"," 144,880.00 "," 144,880.00 ","122,995.00",46%
Government,DR RT 0001491,31/12/2025,"ABOITIZ # 68,307.69", 1.00 ," 68,307.69 "," 68,307.69 ", -   ,"68,307.69"," 44,400.00 "," 44,400.00 ","23,907.69",35%
Hospital,DR RM 0002181,31/12/2025,"QMC # 609,629.50", 1.00 ," 608,638.00 "," 608,638.00 ", -   ,"608,638.00"," 302,701.20 "," 302,701.20 ","305,936.80",50%
Government,DR MS 03456,13/12/2025,VONWELT PREDNISONE 10MG, 2.00 , 170.00 , 340.00 , -   ,340.00, 81.00 , 162.00 ,178.00,52%
Government,DR MS 03569,31/12/2025,CELEKOP 200MG CAP, 4.00 , 254.00 ," 1,016.00 ", -   ,"1,016.00", 130.00 , 520.00 ,496.00,49%
Government,DR MS 03569,31/12/2025,CLIN-GEN 300MG CAP, 8.00 , 472.00 ," 3,776.00 ", -   ,"3,776.00", 360.00 ," 2,880.00 ",896.00,24%
Government,DR MS 03569,31/12/2025,CLOXANE 500MG, 62.00 , 370.00 ," 22,940.00 ", -   ,"22,940.00", 266.00 ," 16,492.00 ","6,448.00",28%
Government,DR MS 03569,31/12/2025,PEPTOBURG 3.35G/5ML, 150.00 , 121.13 ," 18,169.50 ", -   ,"18,169.50", 94.08 ," 14,112.00 ","4,057.50",22%
Government,DR MS 03569,31/12/2025,CUROXIM 750MG WITH DILUENT, 270.00 , 49.30 ," 13,311.00 ", -   ,"13,311.00", 27.00 ," 7,290.00 ","6,021.00",45%
Government,DR MS 03569,31/12/2025,CUROXIM 750MG WITH DILUENT, 90.00 , 49.30 ," 4,437.00 ", -   ,"4,437.00", 27.00 ," 2,430.00 ","2,007.00",45%
Government,DR MS 03569,31/12/2025,AZMONT 10MG TAB, 15.00 , 434.00 ," 6,510.00 ", -   ,"6,510.00", 175.00 ," 2,625.00 ","3,885.00",60%
Government,DR MS 03569,31/12/2025,METRAM 500MG, 20.00 , 125.00 ," 2,500.00 ", -   ,"2,500.00", 83.00 ," 1,660.00 ",840.00,34%
Government,DR MS 03569,31/12/2025,HEMOXIN 500MG, 5.00 , 675.00 ," 3,375.00 ", -   ,"3,375.00", 435.00 ," 2,175.00 ","1,200.00",36%
Government,DR MS 03569,31/12/2025,LENOXA 500MG, 1.00 , 451.00 , 451.00 , -   ,451.00, 307.00 , 307.00 ,144.00,32%
Government,DR MS 03569,31/12/2025,MICROSCOT 20MG 5G, 125.00 , 107.75 ," 13,468.75 ", -   ,"13,468.75", 26.00 ," 3,250.00 ","10,218.75",76%
Government,DR MS 03569,31/12/2025,MICROSCOT 20MG 5G, 75.00 , 107.75 ," 8,081.25 ", -   ,"8,081.25", 26.00 ," 1,950.00 ","6,131.25",76%
Government,DR MS 03569,31/12/2025,XOPRAZOLE PLUS 40MG, 40.00 , 472.00 ," 18,880.00 ", -   ,"18,880.00", 320.00 ," 12,800.00 ","6,080.00",32%
Hospital,DR RM 0002190,31/12/2025,"QMC # 243,780", 1.00 ," 243,380.00 "," 243,380.00 ", -   ,"243,380.00"," 112,185.00 "," 112,185.00 ","131,195.00",54%
Hospital,DR RT 0001536,31/12/2025,"QMC # 306,000", 1.00 ," 305,400.00 "," 305,400.00 ", -   ,"305,400.00"," 119,970.00 "," 119,970.00 ","185,430.00",61%
Government,DR MEI 0000021,31/12/2025,"PPDC # 150,000", 1.00 ," 149,250.00 "," 149,250.00 ", -   ,"149,250.00"," 98,206.50 "," 98,206.50 ","51,043.50",34%
Quezon,DR 026125,06/12/2025,TROPIN 1MG/ML IM/IV/SC, 5.00 , 780.00 ," 3,900.00 ", -   ,"3,900.00", 210.00 ," 1,050.00 ","2,850.00",73%
Quezon,DR 026125,06/12/2025,CETHERGO 200MCG/ML IV, 0.50 ," 8,750.00 "," 4,375.00 ", -   ,"4,375.00"," 1,222.00 ", 611.00 ,"3,764.00",86%
Batangas,DR 0026405,27/12/2025,SANISCRUB-E (0.5% + 70%), 30.00 , 400.00 ," 12,000.00 ", -   ,"12,000.00", 125.00 ," 3,750.00 ","8,250.00",69%
Hospital,DR MS 03608,31/12/2025,IV CANNULA 20G - HEXACARE, 25.00 ," 2,817.00 "," 70,425.00 ", -   ,"70,425.00", 650.00 ," 16,250.00 ","54,175.00",77%
Hospital,DR MS 03608,31/12/2025,IV CANNULA WITH WINGS & INJECTION VALVE G20 1.1X32MM (CANCARE), 3.00 ," 2,817.00 "," 8,451.00 ", -   ,"8,451.00"," 1,400.00 "," 4,200.00 ","4,251.00",50%
Hospital,DR MS 03608,31/12/2025,IV CANNULA 18G - CAREPLUS, 30.00 ," 1,972.00 "," 59,160.00 ", -   ,"59,160.00"," 1,000.00 "," 30,000.00 ","29,160.00",49%
Government,DR RT 0001534,31/12/2025,"PHO # 56,500", 1.00 ," 55,935.00 "," 55,935.00 ", -   ,"55,935.00"," 36,136.04 "," 36,136.04 ","19,798.96",35%
Government,DR RM 0002175,31/12/2025,"PAGBILAO # 921,080.00", 1.00 ," 160,780.00 "," 160,780.00 ", -   ,"160,780.00"," 105,793.24 "," 105,793.24 ","54,986.76",34%
Government,DR RM 0002176,31/12/2025,"PAGBILAO # 921,080-1", 1.00 ," 676,000.00 "," 676,000.00 ", -   ,"676,000.00"," 494,210.64 "," 494,210.64 ","181,789.36",27%
Government,DR RM 0002177,31/12/2025,, 1.00 ," 8,640.00 "," 8,640.00 ", -   ,"8,640.00",,,"8,640.00",100%
Government,DR RM 0002178,31/12/2025,, 1.00 ," 73,440.00 "," 73,440.00 ", -   ,"73,440.00",,,"73,440.00",100%
Hospital,DR MS 03602,31/12/2025,DUOMAX 150MG/75MG, 25.00 , 977.00 ," 24,425.00 ", -   ,"24,425.00", 713.65 ," 17,841.25 ","6,583.75",27%
Hospital,DR MS 03602,31/12/2025,QUADMAX, 58.00 ," 1,177.00 "," 68,266.00 ", -   ,"68,266.00", 860.00 ," 49,880.00 ","18,386.00",27%
Hospital,DR MS 03543,31/12/2025,EPOGEN 4000IU/0.4ML, 105.00 , 591.55 ," 62,112.75 ", -   ,"62,112.75", 360.00 ," 37,800.00 ","24,312.75",39%
Hospital,DR MS 03386,31/12/2025,EPOGEN 4000IU/0.4ML, 400.00 , 591.55 ," 236,620.00 ", -   ,"236,620.00", 360.00 ," 144,000.00 ","92,620.00",39%
Hospital,DR MS 03364,31/12/2025,EPOGEN 4000IU/0.4ML, 400.00 , 591.55 ," 236,620.00 ", -   ,"236,620.00", 360.00 ," 144,000.00 ","92,620.00",39%
Hospital,DR MS 03296,31/12/2025,EPOGEN 4000IU/0.4ML, 500.00 , 591.55 ," 295,775.00 ", -   ,"295,775.00", 360.00 ," 180,000.00 ","115,775.00",39%
Hospital,DR MS 03175,31/12/2025,EPOGEN 4000IU/0.4ML, 500.00 , 591.55 ," 295,775.00 ", -   ,"295,775.00", 360.00 ," 180,000.00 ","115,775.00",39%
,,,,,," 185,777,264.24 "," 380,443.20 "," 185,396,821.04 ",," 94,760,630.25 "," 90,636,190.79 ",
,,,,,,,,,,,,
