data_layer,source_workbook,source_sheet,source_row_number,source_header_row_number,DR,DATE,AREA,PRODUCT,GROSS SALES,UNIT PRICE,GROSS,DISCOUNT,column_9,QTY,TP,TOTAL,NET INCOME
raw_sales_report,Medshield (Keith San Miguel).xlsx,sales2017,6,5,,,,,,,,%,AMOUNT,,,,
raw_sales_report,Medshield (Keith San Miguel).xlsx,sales2017,7,5,10003,2017-05-17,GOVERNMENT,#REF!,,,0,,0,0,,0,0
raw_sales_report,Medshield (Keith San Miguel).xlsx,sales2017,8,5,11472,2017-05-19,GOVERNMENT,#REF!,20,2080,41600,,0,20,,0,41600
raw_sales_report,Medshield (Keith San Miguel).xlsx,sales2017,9,5,11472,2017-05-19,GOVERNMENT,#REF!,20,3150,63000,,0,20,,0,63000
raw_sales_report,Medshield (Keith San Miguel).xlsx,sales2017,10,5,11472,2017-05-19,GOVERNMENT,#REF!,20,3000,60000,,0,20,,0,60000
raw_sales_report,Medshield (Keith San Miguel).xlsx,sales2017,11,5,11472,2017-05-19,GOVERNMENT,#REF!,20,3200,64000,,0,20,,0,64000
raw_sales_report,Medshield (Keith San Miguel).xlsx,sales2017,12,5,11472,2017-05-19,GOVERNMENT,#REF!,20,1725,34500,,0,20,,0,34500
raw_sales_report,Medshield (Keith San Miguel).xlsx,sales2017,13,5,11472,2017-05-19,GOVERNMENT,#REF!,16.666666666666668,2820,47000,,0,16.666666666666668,,0,47000
raw_sales_report,Medshield (Keith San Miguel).xlsx,sales2017,14,5,11472,2017-05-19,GOVERNMENT,#REF!,10,5500,55000,,0,10,,0,55000
raw_sales_report,Medshield (Keith San Miguel).xlsx,sales2017,15,5,11472,2017-05-19,GOVERNMENT,#REF!,20,880.0000000000001,17600.000000000004,,0,20,,0,17600.000000000004
raw_sales_report,Medshield (Keith San Miguel).xlsx,sales2017,16,5,11472,2017-05-19,GOVERNMENT,#REF!,33.333333333333336,2079,69300,,0,33.333333333333336,,0,69300
raw_sales_report,Medshield (Keith San Miguel).xlsx,sales2017,17,5,11472,2017-05-19,GOVERNMENT,#REF!,15,919.9999999999999,13799.999999999998,,0,15,,0,13799.999999999998
raw_sales_report,Medshield (Keith San Miguel).xlsx,sales2017,18,5,11472,2017-05-19,GOVERNMENT,#REF!,144,123.9,17841.600000000002,,0,144,,0,17841.600000000002
raw_sales_report,Medshield (Keith San Miguel).xlsx,sales2017,19,5,11494,2017-05-19,GOVERNMENT,#REF!,200,875,175000,,0,200,,0,175000
raw_sales_report,Medshield (Keith San Miguel).xlsx,sales2017,20,5,11494,2017-05-19,GOVERNMENT,#REF!,100,924,92400,,0,100,,0,92400
raw_sales_report,Medshield (Keith San Miguel).xlsx,sales2017,21,5,11983,2017-03-21,PHARMA,#REF!,3,855,2565,,0,3,345,1035,1530
raw_sales_report,Medshield (Keith San Miguel).xlsx,sales2017,22,5,11983,2017-03-21,PHARMA,#REF!,20,70,1400,,0,20,23,460,940
raw_sales_report,Medshield (Keith San Miguel).xlsx,sales2017,23,5,11983,2017-03-21,PHARMA,#REF!,2,2400,4800,,0,2,860,1720,3080
raw_sales_report,Medshield (Keith San Miguel).xlsx,sales2017,24,5,12197,2017-04-25,CAM NORTE,#REF!,3,450,1350,,,3,148,444,906
raw_sales_report,Medshield (Keith San Miguel).xlsx,sales2017,25,5,12197,2017-04-25,CAM NORTE,#REF!,3,310,930,,,3,129.7,389.09999999999997,540.9000000000001
raw_sales_report,Medshield (Keith San Miguel).xlsx,sales2017,26,5,12198,2017-04-26,CAM NORTE,#REF!,3,175,525,,,3,42,126,399
raw_sales_report,Medshield (Keith San Miguel).xlsx,sales2017,27,5,12198,2017-04-26,CAM NORTE,#REF!,3,450,1350,,,3,148,444,906
raw_sales_report,Medshield (Keith San Miguel).xlsx,sales2017,28,5,12198,2017-04-26,CAM NORTE,#REF!,3,190,570,,,3,75.6,226.79999999999998,343.20000000000005
raw_sales_report,Medshield (Keith San Miguel).xlsx,sales2017,29,5,12198,2017-04-26,CAM NORTE,#REF!,3,310,930,,,3,129.7,389.09999999999997,540.9000000000001
raw_sales_report,Medshield (Keith San Miguel).xlsx,sales2017,30,5,12198,2017-04-26,CAM NORTE,#REF!,3,440,1320,,,3,139.45,418.34999999999997,901.6500000000001
raw_sales_report,Medshield (Keith San Miguel).xlsx,sales2017,31,5,12198,2017-04-26,CAM NORTE,#REF!,6,80,480,,,6,24.47,146.82,333.18
raw_sales_report,Medshield (Keith San Miguel).xlsx,sales2017,32,5,12198,2017-04-26,CAM NORTE,#REF!,1,700,700,,,1,250,250,450
raw_sales_report,Medshield (Keith San Miguel).xlsx,sales2017,33,5,12198,2017-04-26,CAM NORTE,#REF!,1,650,650,,,1,202.5,202.5,447.5
raw_sales_report,Medshield (Keith San Miguel).xlsx,sales2017,34,5,12198,2017-04-26,CAM NORTE,#REF!,1,540,540,,,1,160,160,380
raw_sales_report,Medshield (Keith San Miguel).xlsx,sales2017,35,5,12198,2017-04-26,CAM NORTE,#REF!,1,975,975,,,1,307,307,668
raw_sales_report,Medshield (Keith San Miguel).xlsx,sales2017,36,5,12198,2017-04-26,CAM NORTE,#REF!,1,870,870,,,1,219,219,651
raw_sales_report,Medshield (Keith San Miguel).xlsx,sales2017,37,5,12198,2017-04-26,CAM NORTE,#REF!,1,500,500,,,1,133,133,367
raw_sales_report,Medshield (Keith San Miguel).xlsx,sales2017,38,5,12199,2017-04-26,CAM NORTE,#REF!,1,1425,1425,,,1,445,445,980
raw_sales_report,Medshield (Keith San Miguel).xlsx,sales2017,39,5,12199,2017-04-26,CAM NORTE,#REF!,1,1200,1200,,,1,351,351,849
raw_sales_report,Medshield (Keith San Miguel).xlsx,sales2017,40,5,12199,2017-04-26,CAM NORTE,#REF!,1,1800,1800,,,1,535,535,1265
raw_sales_report,Medshield (Keith San Miguel).xlsx,sales2017,41,5,12199,2017-04-26,CAM NORTE,#REF!,1,750,750,,,1,227.5,227.5,522.5
raw_sales_report,Medshield (Keith San Miguel).xlsx,sales2017,42,5,12199,2017-04-26,CAM NORTE,#REF!,1,3000,3000,,,1,1450,1450,1550
raw_sales_report,Medshield (Keith San Miguel).xlsx,sales2017,43,5,12199,2017-04-26,CAM NORTE,#REF!,1,1200,1200,,,1,345,345,855
raw_sales_report,Medshield (Keith San Miguel).xlsx,sales2017,44,5,12199,2017-04-26,CAM NORTE,#REF!,1,2800,2800,,,1,1173.6,1173.6,1626.4
raw_sales_report,Medshield (Keith San Miguel).xlsx,sales2017,45,5,12199,2017-04-26,CAM NORTE,#REF!,1,1600,1600,,,1,480.9,480.9,1119.1
raw_sales_report,Medshield (Keith San Miguel).xlsx,sales2017,46,5,12200,2017-04-21,CAM NORTE,#REF!,2,750,1500,,,2,227.5,455,1045
raw_sales_report,Medshield (Keith San Miguel).xlsx,sales2017,47,5,12399,2017-05-19,GOVERNMENT,#REF!,800,510,408000,,0,800,73,58400,349600
raw_sales_report,Medshield (Keith San Miguel).xlsx,sales2017,48,5,12765,2017-04-18,LAGUNA,#REF!,40,190,7600,,0,40,73,2920,4680
raw_sales_report,Medshield (Keith San Miguel).xlsx,sales2017,49,5,12765,2017-04-18,LAGUNA,#REF!,2,1225,2450,,0,2,415,830,1620
raw_sales_report,Medshield (Keith San Miguel).xlsx,sales2017,50,5,12765,2017-04-18,LAGUNA,#REF!,2,2100,4200,,0,2,1450,2900,1300
raw_sales_report,Medshield (Keith San Miguel).xlsx,sales2017,51,5,12780,2017-05-02,LAGUNA,#REF!,2,990,1980,,0,2,384,768,1212
raw_sales_report,Medshield (Keith San Miguel).xlsx,sales2017,52,5,12780,2017-05-02,LAGUNA,#REF!,2,2269.8,4539.6,,0,2,630,1260,3279.6000000000004
raw_sales_report,Medshield (Keith San Miguel).xlsx,sales2017,53,5,12780,2017-05-02,LAGUNA,#REF!,5,2546,12730,,0,5,680,3400,9330
raw_sales_report,Medshield (Keith San Miguel).xlsx,sales2017,54,5,12780,2017-05-02,LAGUNA,#REF!,2,4000,8000,,0,2,650,1300,6700
raw_sales_report,Medshield (Keith San Miguel).xlsx,sales2017,55,5,12781,2017-05-03,LAGUNA,#REF!,100,380,38000,,0,100,45,4500,33500
raw_sales_report,Medshield (Keith San Miguel).xlsx,sales2017,56,5,12781,2017-05-03,LAGUNA,#REF!,50,120,6000,,0,50,42,2100,3900
raw_sales_report,Medshield (Keith San Miguel).xlsx,sales2017,57,5,12782,2017-05-13,LAGUNA,#REF!,2,3000,6000,,0,2,650,1300,4700
raw_sales_report,Medshield (Keith San Miguel).xlsx,sales2017,58,5,12783,2017-05-09,LAGUNA,#REF!,40,73,2920,,0,40,73,2920,0
raw_sales_report,Medshield (Keith San Miguel).xlsx,sales2017,59,5,12783,2017-05-09,LAGUNA,#REF!,2,1450,2900,,0,2,1450,2900,0
raw_sales_report,Medshield (Keith San Miguel).xlsx,sales2017,60,5,12783,2017-05-09,LAGUNA,#REF!,2,415,830,,0,2,415,830,0
raw_sales_report,Medshield (Keith San Miguel).xlsx,sales2017,61,5,12784,2017-05-10,LAGUNA,#REF!,2,1800,3600,,0,2,540,1080,2520
raw_sales_report,Medshield (Keith San Miguel).xlsx,sales2017,62,5,12785,2017-05-10,LAGUNA,#REF!,12,310,3720,,0,12,129.7,1556.3999999999999,2163.6000000000004
raw_sales_report,Medshield (Keith San Miguel).xlsx,sales2017,63,5,12785,2017-05-10,LAGUNA,#REF!,6,190,1140,,0,6,75.6,453.59999999999997,686.4000000000001
raw_sales_report,Medshield (Keith San Miguel).xlsx,sales2017,64,5,12786,2017-05-10,LAGUNA,#REF!,12,200,2400,,0,12,155,1860,540
raw_sales_report,Medshield (Keith San Miguel).xlsx,sales2017,65,5,12787,2017-05-10,LAGUNA,#REF!,1,2800,2800,,0,1,1173.6,1173.6,1626.4
raw_sales_report,Medshield (Keith San Miguel).xlsx,sales2017,66,5,12787,2017-05-10,LAGUNA,#REF!,1,3000,3000,,0,1,1450,1450,1550
raw_sales_report,Medshield (Keith San Miguel).xlsx,sales2017,67,5,12788,2017-05-10,LAGUNA,#REF!,10,120,1200,,0,10,25,250,950
raw_sales_report,Medshield (Keith San Miguel).xlsx,sales2017,68,5,12789,2017-05-10,LAGUNA,#REF!,10,279.99,2799.9,,0,10,81,810,1989.9
raw_sales_report,Medshield (Keith San Miguel).xlsx,sales2017,69,5,12789,2017-05-10,LAGUNA,#REF!,10,600,6000,,0,10,170,1700,4300
raw_sales_report,Medshield (Keith San Miguel).xlsx,sales2017,70,5,12790,2017-05-11,LAGUNA,#REF!,4,480,1920,,0,4,207,828,1092
raw_sales_report,Medshield (Keith San Miguel).xlsx,sales2017,71,5,12791,2017-05-12,LAGUNA,#REF!,40,190,7600,,0,40,73,2920,4680
raw_sales_report,Medshield (Keith San Miguel).xlsx,sales2017,72,5,12791,2017-05-12,LAGUNA,#REF!,2,2100,4200,,0,2,1450,2900,1300
raw_sales_report,Medshield (Keith San Miguel).xlsx,sales2017,73,5,12791,2017-05-12,LAGUNA,#REF!,2,1225,2450,,0,2,415,830,1620
raw_sales_report,Medshield (Keith San Miguel).xlsx,sales2017,74,5,12792,2017-05-18,LAGUNA,#REF!,60,380,22800,,0,60,45,2700,20100
raw_sales_report,Medshield (Keith San Miguel).xlsx,sales2017,75,5,12792,2017-05-18,LAGUNA,#REF!,50,264,13200,,0,50,73,3650,9550
raw_sales_report,Medshield (Keith San Miguel).xlsx,sales2017,76,5,12792,2017-05-18,LAGUNA,#REF!,10,95,950,,0,10,24,240,710
raw_sales_report,Medshield (Keith San Miguel).xlsx,sales2017,77,5,12792,2017-05-18,LAGUNA,#REF!,35,110,3850,,0,35,40,1400,2450
raw_sales_report,Medshield (Keith San Miguel).xlsx,sales2017,78,5,12792,2017-05-18,LAGUNA,#REF!,10,2200,22000,,0,10,706,7060,14940
raw_sales_report,Medshield (Keith San Miguel).xlsx,sales2017,79,5,12793,2017-05-19,LAGUNA,#REF!,2,1900,3800,,0,2,595,1190,2610
raw_sales_report,Medshield (Keith San Miguel).xlsx,sales2017,80,5,12793,2017-05-19,LAGUNA,#REF!,2,1425,2850,,0,2,445,890,1960
raw_sales_report,Medshield (Keith San Miguel).xlsx,sales2017,81,5,12794,2017-05-19,LAGUNA,#REF!,2,1500,3000,,0,2,445,890,2110
raw_sales_report,Medshield (Keith San Miguel).xlsx,sales2017,82,5,12794,2017-05-19,LAGUNA,#REF!,2,805,1610,,0,2,210,420,1190
raw_sales_report,Medshield (Keith San Miguel).xlsx,sales2017,83,5,12794,2017-05-19,LAGUNA,#REF!,2,682,1364,,0,2,202.5,405,959
raw_sales_report,Medshield (Keith San Miguel).xlsx,sales2017,84,5,12795,2017-05-19,LAGUNA,#REF!,2,1400,2800,,0,2,900,1800,1000
raw_sales_report,Medshield (Keith San Miguel).xlsx,sales2017,85,5,12796,2017-05-18,LAGUNA,#REF!,1,800,800,,0,1,100,100,700
raw_sales_report,Medshield (Keith San Miguel).xlsx,sales2017,86,5,12797,2017-05-22,LAGUNA,#REF!,40,190,7600,,0,40,73,2920,4680
raw_sales_report,Medshield (Keith San Miguel).xlsx,sales2017,87,5,12797,2017-05-22,LAGUNA,#REF!,2,2100,4200,,0,2,1450,2900,1300
raw_sales_report,Medshield (Keith San Miguel).xlsx,sales2017,88,5,12797,2017-05-22,LAGUNA,#REF!,2,1225,2450,,0,2,415,830,1620
raw_sales_report,Medshield (Keith San Miguel).xlsx,sales2017,89,5,12798,2017-05-23,LAGUNA,#REF!,10,120,1200,,0,10,25,250,950
raw_sales_report,Medshield (Keith San Miguel).xlsx,sales2017,90,5,12799,2017-05-23,LAGUNA,#REF!,20,320,6400,,0,20,45,900,5500
raw_sales_report,Medshield (Keith San Miguel).xlsx,sales2017,91,5,12800,2017-05-29,LAGUNA,#REF!,40,190,7600,,0,40,73,2920,4680
raw_sales_report,Medshield (Keith San Miguel).xlsx,sales2017,92,5,12865,2017-05-04,MARINDUQUE,#REF!,5,975,4875,,0,5,307,1535,3340
raw_sales_report,Medshield (Keith San Miguel).xlsx,sales2017,93,5,12866,2017-05-04,MARINDUQUE,#REF!,2,1800,3600,,0,2,535,1070,2530
raw_sales_report,Medshield (Keith San Miguel).xlsx,sales2017,94,5,12867,2017-05-05,QUEZON,#REF!,12,180,2160,0.3,648,12,48,576,936
raw_sales_report,Medshield (Keith San Miguel).xlsx,sales2017,95,5,12868,2017-05-05,QUEZON,#REF!,10,1100,11000,,0,10,307,3070,7930
raw_sales_report,Medshield (Keith San Miguel).xlsx,sales2017,96,5,12869,2017-05-05,QUEZON,#REF!,8,750,6000,,0,8,202.5,1620,4380
raw_sales_report,Medshield (Keith San Miguel).xlsx,sales2017,97,5,12870,2017-05-09,QUEZON,#REF!,10,190,1900,,0,10,75,750,1150
raw_sales_report,Medshield (Keith San Miguel).xlsx,sales2017,98,5,12870,2017-05-09,QUEZON,#REF!,10,175,1750,,0,10,48,480,1270
raw_sales_report,Medshield (Keith San Miguel).xlsx,sales2017,99,5,12870,2017-05-09,QUEZON,#REF!,,,0,,0,0,,0,0
raw_sales_report,Medshield (Keith San Miguel).xlsx,sales2017,100,5,12871,2017-05-10,QUEZON,#REF!,12,198,2376,,0,12,65,780,1596
raw_sales_report,Medshield (Keith San Miguel).xlsx,sales2017,101,5,12871,2017-05-10,QUEZON,#REF!,1,1800,1800,,0,1,550,550,1250
raw_sales_report,Medshield (Keith San Miguel).xlsx,sales2017,102,5,12872,2017-05-10,QUEZON,#REF!,4,500,2000,,0,4,133,532,1468
raw_sales_report,Medshield (Keith San Miguel).xlsx,sales2017,103,5,12872,2017-05-10,QUEZON,#REF!,2,900,1800,,0,2,240,480,1320
raw_sales_report,Medshield (Keith San Miguel).xlsx,sales2017,104,5,12873,2017-05-10,QUEZON,#REF!,20,750,15000,,0,20,219,4380,10620
raw_sales_report,Medshield (Keith San Miguel).xlsx,sales2017,105,5,12874,2017-05-25,MARINDUQUE,#REF!,2,1400,2800,,0,2,420,840,1960
raw_sales_report,Medshield (Keith San Miguel).xlsx,sales2017,106,5,12875,2017-05-25,MARINDUQUE,#REF!,10,500,5000,,0,10,158,1580,3420
raw_sales_report,Medshield (Keith San Miguel).xlsx,sales2017,107,5,12876,2017-05-25,MARINDUQUE,#REF!,24,112,2688,,0,24,35,840,1848
raw_sales_report,Medshield (Keith San Miguel).xlsx,sales2017,108,5,12877,2017-05-21,QUEZON,#REF!,10,750,7500,,0,10,202.5,2025,5475
raw_sales_report,Medshield (Keith San Miguel).xlsx,sales2017,109,5,12903,2017-05-02,CAVITE,#REF!,10,1980,19800,0.4,7920,10,500,5000,6880
raw_sales_report,Medshield (Keith San Miguel).xlsx,sales2017,110,5,12903,2017-05-02,CAVITE,#REF!,5,1950,9750,0.4,3900,5,630,3150,2700
raw_sales_report,Medshield (Keith San Miguel).xlsx,sales2017,111,5,12904,2017-05-22,CAVITE,#REF!,10,1980,19800,0.4,7920,10,500,5000,6880
raw_sales_report,Medshield (Keith San Miguel).xlsx,sales2017,112,5,12904,2017-05-22,CAVITE,#REF!,5,1950,9750,0.4,3900,5,630,3150,2700
raw_sales_report,Medshield (Keith San Miguel).xlsx,sales2017,113,5,12905,2017-05-22,CAVITE,#REF!,2,1150,2300,,0,2,345,690,1610
raw_sales_report,Medshield (Keith San Miguel).xlsx,sales2017,114,5,12906,2017-05-23,CAVITE,#REF!,2,1320,2640,0.3,792,2,200,400,1448
raw_sales_report,Medshield (Keith San Miguel).xlsx,sales2017,115,5,12906,2017-05-23,CAVITE,#REF!,3,750,2250,0.3,675,3,225,675,900
raw_sales_report,Medshield (Keith San Miguel).xlsx,sales2017,116,5,12907,2017-05-22,CAVITE,#REF!,2,1425,2850,,,2,445,890,1960
raw_sales_report,Medshield (Keith San Miguel).xlsx,sales2017,117,5,12907,2017-05-22,CAVITE,#REF!,2,1120,2240,,,2,330,660,1580
raw_sales_report,Medshield (Keith San Miguel).xlsx,sales2017,118,5,12908,2017-05-22,CAVITE,#REF!,2,2000,4000,,,2,750,1500,2500
raw_sales_report,Medshield (Keith San Miguel).xlsx,sales2017,119,5,12908,2017-05-22,CAVITE,#REF!,3,950,2850,,,3,287.5,862.5,1987.5
raw_sales_report,Medshield (Keith San Miguel).xlsx,sales2017,120,5,12909,2017-06-02,CAVITE,#REF!,2,1500,3000,0.3,900,2,435,870,1230
raw_sales_report,Medshield (Keith San Miguel).xlsx,sales2017,121,5,12910,2017-06-02,CAVITE,#REF!,1,3000,3000,,0,1,1450,1450,1550
raw_sales_report,Medshield (Keith San Miguel).xlsx,sales2017,122,5,12951,2017-05-19,LAGUNA,#REF!,2,1400,2800,,0,2,90,180,2620
raw_sales_report,Medshield (Keith San Miguel).xlsx,sales2017,123,5,12979,2017-04-29,HOSPITAL,#REF!,2,3960,7920,,0,2,1872,3744,4176
raw_sales_report,Medshield (Keith San Miguel).xlsx,sales2017,124,5,12979,2017-04-29,HOSPITAL,#REF!,2,7920,15840,,0,2,3575,7150,8690
raw_sales_report,Medshield (Keith San Miguel).xlsx,sales2017,125,5,12979,2017-04-29,HOSPITAL,#REF!,1,1950,1950,,0,1,685,685,1265
raw_sales_report,Medshield (Keith San Miguel).xlsx,sales2017,126,5,12979,2017-04-29,HOSPITAL,#REF!,2,1550,3100,,0,2,480.9,961.8,2138.2
raw_sales_report,Medshield (Keith San Miguel).xlsx,sales2017,127,5,12979,2017-04-29,HOSPITAL,#REF!,5,800,4000,,0,5,100,500,3500
raw_sales_report,Medshield (Keith San Miguel).xlsx,sales2017,128,5,12979,2017-04-29,HOSPITAL,#REF!,3,2450,7350,,0,3,880.91,2642.73,4707.27
raw_sales_report,Medshield (Keith San Miguel).xlsx,sales2017,129,5,12979,2017-04-29,HOSPITAL,#REF!,1,1900,1900,,0,1,595,595,1305
raw_sales_report,Medshield (Keith San Miguel).xlsx,sales2017,130,5,12981,2017-05-03,ADMIN,#REF!,5,1200,6000,,0,7,420,2940,3060
raw_sales_report,Medshield (Keith San Miguel).xlsx,sales2017,131,5,12981,2017-05-03,ADMIN,#REF!,5,950,4750,,0,7,310,2170,2580
raw_sales_report,Medshield (Keith San Miguel).xlsx,sales2017,132,5,12984,2017-05-08,ADMIN,#REF!,2,2100,4200,0.3,1260,2,685,1370,1570
raw_sales_report,Medshield (Keith San Miguel).xlsx,sales2017,133,5,12984,2017-05-08,ADMIN,#REF!,2,650,1300,0.3,390,2,35,70,840
raw_sales_report,Medshield (Keith San Miguel).xlsx,sales2017,134,5,12984,2017-05-08,ADMIN,#REF!,1,3800,3800,0.3,1140,1,890,890,1770
raw_sales_report,Medshield (Keith San Miguel).xlsx,sales2017,135,5,12985,2017-05-08,ADMIN,#REF!,5,1200,6000,,0,7,420,2940,3060
raw_sales_report,Medshield (Keith San Miguel).xlsx,sales2017,136,5,12985,2017-05-08,ADMIN,#REF!,5,950,4750,,0,7,310,2170,2580
raw_sales_report,Medshield (Keith San Miguel).xlsx,sales2017,137,5,12986,2017-05-11,ADMIN,#REF!,1,1830,1830,,0,2,323.4,646.8,1183.2
raw_sales_report,Medshield (Keith San Miguel).xlsx,sales2017,138,5,12987,2017-05-11,ADMIN,#REF!,1,198,198,,0,2,68,136,62
raw_sales_report,Medshield (Keith San Miguel).xlsx,sales2017,139,5,12987,2017-05-11,ADMIN,#REF!,1,80,80,,0,2,24.47,48.94,31.060000000000002
raw_sales_report,Medshield (Keith San Miguel).xlsx,sales2017,140,5,12988,2017-05-11,ADMIN,#REF!,1,80,80,,0,2,24.47,48.94,31.060000000000002
raw_sales_report,Medshield (Keith San Miguel).xlsx,sales2017,141,5,12989,2017-05-12,ADMIN,#REF!,10,1100,11000,,0,14,318.4,4457.599999999999,6542.400000000001
raw_sales_report,Medshield (Keith San Miguel).xlsx,sales2017,142,5,12989,2017-05-12,ADMIN,#REF!,5,1750,8750,,0,7,500,3500,5250
raw_sales_report,Medshield (Keith San Miguel).xlsx,sales2017,143,5,12989,2017-05-12,ADMIN,#REF!,5,3000,15000,,0,7,1450,10150,4850
raw_sales_report,Medshield (Keith San Miguel).xlsx,sales2017,144,5,12990,2017-05-16,HOSPITAL,#REF!,1,700,700,,0,1,235,235,465
raw_sales_report,Medshield (Keith San Miguel).xlsx,sales2017,145,5,12990,2017-05-16,HOSPITAL,#REF!,4,2800,11200,,0,4,1173.6,4694.4,6505.6
raw_sales_report,Medshield (Keith San Miguel).xlsx,sales2017,146,5,12990,2017-05-16,HOSPITAL,#REF!,50,128,6400,,0,50,45,2250,4150
raw_sales_report,Medshield (Keith San Miguel).xlsx,sales2017,147,5,12990,2017-05-16,HOSPITAL,#REF!,1,930,930,,0,1,384,384,546
raw_sales_report,Medshield (Keith San Miguel).xlsx,sales2017,148,5,12990,2017-05-16,HOSPITAL,#REF!,3,1550,4650,,0,3,480.9,1442.6999999999998,3207.3
raw_sales_report,Medshield (Keith San Miguel).xlsx,sales2017,149,5,12990,2017-05-16,HOSPITAL,#REF!,3,1750,5250,,0,3,415,1245,4005
raw_sales_report,Medshield (Keith San Miguel).xlsx,sales2017,150,5,12992,2017-05-26,ADMIN,#REF!,,,0,,0,0,,0,0
raw_sales_report,Medshield (Keith San Miguel).xlsx,sales2017,151,5,12993,2017-05-17,ADMIN,#REF!,5,950,4750,,0,7,310,2170,2580
raw_sales_report,Medshield (Keith San Miguel).xlsx,sales2017,152,5,12993,2017-05-17,ADMIN,#REF!,5,1200,6000,,0,7,420,2940,3060
raw_sales_report,Medshield (Keith San Miguel).xlsx,sales2017,153,5,12993,2017-05-17,ADMIN,#REF!,5,650,3250,,0,7,187.5,1312.5,1937.5
raw_sales_report,Medshield (Keith San Miguel).xlsx,sales2017,154,5,12994,2017-05-18,ADMIN,#REF!,3,1550,4650,,0,3,445,1335,3315
raw_sales_report,Medshield (Keith San Miguel).xlsx,sales2017,155,5,12994,2017-05-18,ADMIN,#REF!,4,915,3660,,0,4,323,1292,2368
raw_sales_report,Medshield (Keith San Miguel).xlsx,sales2017,156,5,12994,2017-05-18,ADMIN,#REF!,2,3800,7600,,0,2,890,1780,5820
raw_sales_report,Medshield (Keith San Miguel).xlsx,sales2017,157,5,12994,2017-05-18,ADMIN,#REF!,30,450,13500,,0,30,148,4440,9060
raw_sales_report,Medshield (Keith San Miguel).xlsx,sales2017,158,5,12995,2017-05-18,ADMIN,#REF!,,,0,,0,0,,0,0
raw_sales_report,Medshield (Keith San Miguel).xlsx,sales2017,159,5,12996,2017-05-19,ADMIN,#REF!,5,650,3250,,0,5,202.5,1012.5,2237.5
raw_sales_report,Medshield (Keith San Miguel).xlsx,sales2017,160,5,12996,2017-05-19,ADMIN,#REF!,9,1100,9900,,0,9,310,2790,7110
raw_sales_report,Medshield (Keith San Miguel).xlsx,sales2017,161,5,12996,2017-05-19,ADMIN,#REF!,5,1500,7500,,0,5,435,2175,5325
raw_sales_report,Medshield (Keith San Miguel).xlsx,sales2017,162,5,12996,2017-05-19,ADMIN,#REF!,5,980,4900,,0,5,280,1400,3500
raw_sales_report,Medshield (Keith San Miguel).xlsx,sales2017,163,5,12996,2017-05-19,ADMIN,#REF!,3,1425,4275,,0,3,445,1335,2940
raw_sales_report,Medshield (Keith San Miguel).xlsx,sales2017,164,5,12996,2017-05-19,ADMIN,#REF!,20,1150,23000,,0,20,345,6900,16100
raw_sales_report,Medshield (Keith San Miguel).xlsx,sales2017,165,5,12996,2017-05-19,ADMIN,#REF!,5,650,3250,,0,5,170,850,2400
raw_sales_report,Medshield (Keith San Miguel).xlsx,sales2017,166,5,12998,2017-05-25,ADMIN,#REF!,10,1100,11000,,0,14,318.4,4457.599999999999,6542.400000000001
raw_sales_report,Medshield (Keith San Miguel).xlsx,sales2017,167,5,12998,2017-05-25,ADMIN,#REF!,5,725,3625,,0,7,215,1505,2120
raw_sales_report,Medshield (Keith San Miguel).xlsx,sales2017,168,5,12998,2017-05-25,ADMIN,#REF!,5,950,4750,,0,7,310,2170,2580
raw_sales_report,Medshield (Keith San Miguel).xlsx,sales2017,169,5,12998,2017-05-25,ADMIN,#REF!,5,1200,6000,,0,7,420,2940,3060
raw_sales_report,Medshield (Keith San Miguel).xlsx,sales2017,170,5,12999,2017-05-25,ADMIN,#REF!,2,1950,3900,0.3,1170,2,590,1180,1550
raw_sales_report,Medshield (Keith San Miguel).xlsx,sales2017,171,5,12999,2017-05-25,ADMIN,#REF!,2,2150,4300,0.3,1290,2,553,1106,1904
raw_sales_report,Medshield (Keith San Miguel).xlsx,sales2017,172,5,12999,2017-05-25,ADMIN,#REF!,2,3800,7600,0.3,2280,2,890,1780,3540
raw_sales_report,Medshield (Keith San Miguel).xlsx,sales2017,173,5,12999,2017-05-25,ADMIN,#REF!,4,125,500,0.3,150,4,35,140,210
raw_sales_report,Medshield (Keith San Miguel).xlsx,sales2017,174,5,12999,2017-05-25,ADMIN,#REF!,2,1550,3100,0.3,930,2,480.9,961.8,1208.2
raw_sales_report,Medshield (Keith San Miguel).xlsx,sales2017,175,5,13000,2017-05-26,HOSPITAL,#REF!,2,650,1300,,0,2,202.5,405,895
raw_sales_report,Medshield (Keith San Miguel).xlsx,sales2017,176,5,13000,2017-05-26,HOSPITAL,#REF!,2,3960,7920,,0,2,1872,3744,4176
raw_sales_report,Medshield (Keith San Miguel).xlsx,sales2017,177,5,13000,2017-05-26,HOSPITAL,#REF!,2,2800,5600,,0,2,1173.6,2347.2,3252.8
raw_sales_report,Medshield (Keith San Miguel).xlsx,sales2017,178,5,13000,2017-05-26,HOSPITAL,#REF!,5,1200,6000,,0,5,90,450,5550
raw_sales_report,Medshield (Keith San Miguel).xlsx,sales2017,179,5,13009,2017-05-08,SUPPLIES,#REF!,,,0,,0,0,,0,0
raw_sales_report,Medshield (Keith San Miguel).xlsx,sales2017,180,5,13010,2017-04-03,SUPPLIES,#REF!,,,0,,0,0,,0,0
raw_sales_report,Medshield (Keith San Miguel).xlsx,sales2017,181,5,13011,2017-05-12,PHARMA,#REF!,10,600,6000,,0,10,203,2030,3970
raw_sales_report,Medshield (Keith San Miguel).xlsx,sales2017,182,5,13011,2017-05-12,PHARMA,#REF!,5,1150,5750,,0,5,365,1825,3925
raw_sales_report,Medshield (Keith San Miguel).xlsx,sales2017,183,5,13011,2017-05-12,PHARMA,#REF!,20,600,12000,,0,20,168,3360,8640
raw_sales_report,Medshield (Keith San Miguel).xlsx,sales2017,184,5,13012,2017-05-12,PHARMA,#REF!,244,60,14640,,0,244,20.5,5002,9638
raw_sales_report,Medshield (Keith San Miguel).xlsx,sales2017,185,5,13014,2017-05-17,SUPPLIES,#REF!,,,0,,0,0,,0,0
raw_sales_report,Medshield (Keith San Miguel).xlsx,sales2017,186,5,13077,2017-04-27,CAM SUR,#REF!,1,1800,1800,,0,1,540,540,1260
raw_sales_report,Medshield (Keith San Miguel).xlsx,sales2017,187,5,13078,2017-04-27,CAM SUR,#REF!,1,1800,1800,,0,1,540,540,1260
raw_sales_report,Medshield (Keith San Miguel).xlsx,sales2017,188,5,13079,2017-04-27,CAM SUR,#REF!,1,1750,1750,,0,1,450,450,1300
raw_sales_report,Medshield (Keith San Miguel).xlsx,sales2017,189,5,13080,2017-05-03,CAM SUR,#REF!,1,2700,2700,,0,1,1173.6,1173.6,1526.4
raw_sales_report,Medshield (Keith San Miguel).xlsx,sales2017,190,5,13081,2017-05-03,CAM SUR,#REF!,1,975,975,,0,1,307,307,668
raw_sales_report,Medshield (Keith San Miguel).xlsx,sales2017,191,5,13082,2017-04-03,CAM SUR,#REF!,1,800,800,,0,1,225,225,575
raw_sales_report,Medshield (Keith San Miguel).xlsx,sales2017,192,5,13083,2017-04-03,CAM SUR,#REF!,2,3000,6000,0.3,1800,2,1450,2900,1300
raw_sales_report,Medshield (Keith San Miguel).xlsx,sales2017,193,5,13084,2017-04-03,CAM SUR,#REF!,5,175,875,,0,6,47,282,593
raw_sales_report,Medshield (Keith San Miguel).xlsx,sales2017,194,5,13085,2017-05-10,CAM SUR,#REF!,10,310,3100,,0,10,129.7,1297,1803
raw_sales_report,Medshield (Keith San Miguel).xlsx,sales2017,195,5,13086,2017-05-10,CAM SUR,#REF!,1,2700,2700,,0,1,1173.6,1173.6,1526.4
raw_sales_report,Medshield (Keith San Miguel).xlsx,sales2017,196,5,13087,2017-05-10,CAM SUR,#REF!,12,190,2280,,0,12,75.6,907.1999999999999,1372.8000000000002
raw_sales_report,Medshield (Keith San Miguel).xlsx,sales2017,197,5,13088,2017-05-10,CAM SUR,#REF!,1,800,800,,0,1,225,225,575
raw_sales_report,Medshield (Keith San Miguel).xlsx,sales2017,198,5,13089,2017-05-10,CAM SUR,#REF!,12,88,1056,,0,12,24.47,293.64,762.36
raw_sales_report,Medshield (Keith San Miguel).xlsx,sales2017,199,5,13090,2017-05-10,CAM SUR,#REF!,12,75,900,,0,12,26.25,315,585
raw_sales_report,Medshield (Keith San Miguel).xlsx,sales2017,200,5,13091,2017-05-10,CAM SUR,#REF!,12,190,2280,,0,12,75.6,907.1999999999999,1372.8000000000002
raw_sales_report,Medshield (Keith San Miguel).xlsx,sales2017,201,5,13092,2017-05-10,CAM SUR,#REF!,1,500,500,,0,1,133,133,367
raw_sales_report,Medshield (Keith San Miguel).xlsx,sales2017,202,5,13093,2017-05-10,CAM SUR,#REF!,1,750,750,,0,1,240,240,510
raw_sales_report,Medshield (Keith San Miguel).xlsx,sales2017,203,5,13094,2017-05-10,CAM SUR,#REF!,1,800,800,,0,1,225,225,575
raw_sales_report,Medshield (Keith San Miguel).xlsx,sales2017,204,5,13095,2017-05-10,CAM SUR,#REF!,1,1600,1600,,0,1,480.9,480.9,1119.1
raw_sales_report,Medshield (Keith San Miguel).xlsx,sales2017,205,5,13096,2017-05-10,CAM SUR,#REF!,1,2700,2700,,0,1,1173.6,1173.6,1526.4
raw_sales_report,Medshield (Keith San Miguel).xlsx,sales2017,206,5,13097,2017-05-10,CAM SUR,#REF!,6,190,1140,,0,6,75.6,453.59999999999997,686.4000000000001
raw_sales_report,Medshield (Keith San Miguel).xlsx,sales2017,207,5,13098,2017-05-10,CAM SUR,#REF!,10,175,1750,,0,10,47,470,1280
raw_sales_report,Medshield (Keith San Miguel).xlsx,sales2017,208,5,13099,2017-05-10,CAM SUR,#REF!,1,2500,2500,,0,1,790,790,1710
raw_sales_report,Medshield (Keith San Miguel).xlsx,sales2017,209,5,13100,2017-05-10,CAM SUR,#REF!,10,880,8800,,0,10,24.47,244.7,8555.3
raw_sales_report,Medshield (Keith San Miguel).xlsx,sales2017,210,5,13101,2017-04-26,CAM NORTE,#REF!,2,1165,2330,,0,2,333,666,1664
raw_sales_report,Medshield (Keith San Miguel).xlsx,sales2017,211,5,13102,2017-04-26,CAM NORTE,#REF!,2,1165,2330,,0,2,333,666,1664
raw_sales_report,Medshield (Keith San Miguel).xlsx,sales2017,212,5,13103,2017-05-03,CAM NORTE,#REF!,1,1900,1900,,0,1,595,595,1305
raw_sales_report,Medshield (Keith San Miguel).xlsx,sales2017,213,5,13104,2017-05-05,CAM NORTE,#REF!,1,1000,1000,,0,1,270,270,730
raw_sales_report,Medshield (Keith San Miguel).xlsx,sales2017,214,5,13104,2017-05-05,CAM NORTE,#REF!,1,2800,2800,,0,1,1173.6,1173.6,1626.4
raw_sales_report,Medshield (Keith San Miguel).xlsx,sales2017,215,5,13104,2017-05-05,CAM NORTE,#REF!,1,1600,1600,,0,1,480.9,480.9,1119.1
raw_sales_report,Medshield (Keith San Miguel).xlsx,sales2017,216,5,13104,2017-05-05,CAM NORTE,#REF!,1,1425,1425,,0,1,445,445,980
raw_sales_report,Medshield (Keith San Miguel).xlsx,sales2017,217,5,13104,2017-05-05,CAM NORTE,#REF!,1,1165,1165,,0,1,333,333,832
raw_sales_report,Medshield (Keith San Miguel).xlsx,sales2017,218,5,13105,2017-05-05,CAM NORTE,#REF!,1,2400,2400,,0,1,553,553,1847
raw_sales_report,Medshield (Keith San Miguel).xlsx,sales2017,219,5,13106,2017-05-05,CAM NORTE,#REF!,2,850,1700,,0,2,155,310,1390
raw_sales_report,Medshield (Keith San Miguel).xlsx,sales2017,220,5,13106,2017-05-05,CAM NORTE,#REF!,3,450,1350,,0,3,148,444,906
raw_sales_report,Medshield (Keith San Miguel).xlsx,sales2017,221,5,13106,2017-05-05,CAM NORTE,#REF!,10,180,1800,,0,10,56,560,1240
raw_sales_report,Medshield (Keith San Miguel).xlsx,sales2017,222,5,13106,2017-05-05,CAM NORTE,#REF!,6,88,528,,0,6,24.47,146.82,381.18
raw_sales_report,Medshield (Keith San Miguel).xlsx,sales2017,223,5,13106,2017-05-05,CAM NORTE,#REF!,6,80,480,,0,6,24.47,146.82,333.18
raw_sales_report,Medshield (Keith San Miguel).xlsx,sales2017,224,5,13107,2017-05-09,CAM NORTE,#REF!,1,3000,3000,,0,1,750,750,2250
raw_sales_report,Medshield (Keith San Miguel).xlsx,sales2017,225,5,13107,2017-05-09,CAM NORTE,#REF!,0.1,,0,,0,0.1,750,75,-75
raw_sales_report,Medshield (Keith San Miguel).xlsx,sales2017,226,5,13108,2017-05-09,CAM NORTE,#REF!,1,800,800,,0,1,100,100,700
raw_sales_report,Medshield (Keith San Miguel).xlsx,sales2017,227,5,13108,2017-05-09,CAM NORTE,#REF!,0.1,,0,,0,0.1,100,10,-10
raw_sales_report,Medshield (Keith San Miguel).xlsx,sales2017,228,5,13110,2017-05-09,CAM NORTE,#REF!,3,440,1320,,0,3,139.45,418.34999999999997,901.6500000000001
raw_sales_report,Medshield (Keith San Miguel).xlsx,sales2017,229,5,13110,2017-05-09,CAM NORTE,#REF!,3,190,570,,0,3,75.6,226.79999999999998,343.20000000000005
raw_sales_report,Medshield (Keith San Miguel).xlsx,sales2017,230,5,13110,2017-05-09,CAM NORTE,#REF!,3,310,930,,0,3,129.7,389.09999999999997,540.9000000000001
raw_sales_report,Medshield (Keith San Miguel).xlsx,sales2017,231,5,13110,2017-05-09,CAM NORTE,#REF!,6,198,1188,,0,6,65,390,798
raw_sales_report,Medshield (Keith San Miguel).xlsx,sales2017,232,5,13111,2017-05-09,CAM NORTE,#REF!,1,1000,1000,,0,1,270,270,730
raw_sales_report,Medshield (Keith San Miguel).xlsx,sales2017,233,5,13112,2017-05-09,CAM NORTE,#REF!,2,1800,3600,,0,2,535,1070,2530
raw_sales_report,Medshield (Keith San Miguel).xlsx,sales2017,234,5,13113,2017-05-09,CAM NORTE,#REF!,2,750,1500,,0,2,227.5,455,1045
raw_sales_report,Medshield (Keith San Miguel).xlsx,sales2017,235,5,13114,2017-05-09,CAM NORTE,#REF!,2,1200,2400,,0,2,351,702,1698
raw_sales_report,Medshield (Keith San Miguel).xlsx,sales2017,236,5,13115,2017-05-10,CAM NORTE,#REF!,5,2100,10500,,0,5,685,3425,7075
raw_sales_report,Medshield (Keith San Miguel).xlsx,sales2017,237,5,13115,2017-05-10,CAM NORTE,#REF!,5,1800,9000,,0,5,535,2675,6325
raw_sales_report,Medshield (Keith San Miguel).xlsx,sales2017,238,5,13115,2017-05-10,CAM NORTE,#REF!,4,750,3000,,0,4,227.5,910,2090
raw_sales_report,Medshield (Keith San Miguel).xlsx,sales2017,239,5,13115,2017-05-10,CAM NORTE,#REF!,10,198,1980,,0,10,65,650,1330
raw_sales_report,Medshield (Keith San Miguel).xlsx,sales2017,240,5,13115,2017-05-10,CAM NORTE,#REF!,1,1425,1425,,0,1,445,445,980
raw_sales_report,Medshield (Keith San Miguel).xlsx,sales2017,241,5,13116,2017-05-16,CAM NORTE,#REF!,1,750,750,,0,1,227.5,227.5,522.5
raw_sales_report,Medshield (Keith San Miguel).xlsx,sales2017,242,5,13117,2017-05-16,CAM NORTE,#REF!,2,1425,2850,,0,2,445,890,1960
raw_sales_report,Medshield (Keith San Miguel).xlsx,sales2017,243,5,13119,2017-05-20,CAM NORTE,#REF!,1,1800,1800,,0,1,540,540,1260
raw_sales_report,Medshield (Keith San Miguel).xlsx,sales2017,244,5,13120,2017-05-20,CAM NORTE,#REF!,2,680,1360,,0,2,187.5,375,985
raw_sales_report,Medshield (Keith San Miguel).xlsx,sales2017,245,5,13120,2017-05-20,CAM NORTE,#REF!,1,3000,3000,,0,1,1450,1450,1550
raw_sales_report,Medshield (Keith San Miguel).xlsx,sales2017,246,5,13120,2017-05-20,CAM NORTE,#REF!,1,1800,1800,,0,1,535,535,1265
raw_sales_report,Medshield (Keith San Miguel).xlsx,sales2017,247,5,13120,2017-05-20,CAM NORTE,#REF!,3,210,630,,0,3,65,195,435
raw_sales_report,Medshield (Keith San Miguel).xlsx,sales2017,248,5,13121,2017-05-20,CAM NORTE,#REF!,1,750,750,,0,1,227.5,227.5,522.5
raw_sales_report,Medshield (Keith San Miguel).xlsx,sales2017,249,5,13122,2017-05-22,CAM NORTE,#REF!,2,1166.5,2333,,0,2,333,666,1667
raw_sales_report,Medshield (Keith San Miguel).xlsx,sales2017,250,5,13123,2017-05-26,CAM NORTE,#REF!,6,58,348,,0,6,16.8,100.80000000000001,247.2
raw_sales_report,Medshield (Keith San Miguel).xlsx,sales2017,251,5,13123,2017-05-26,CAM NORTE,#REF!,6,78,468,,0,6,22.75,136.5,331.5
raw_sales_report,Medshield (Keith San Miguel).xlsx,sales2017,252,5,13123,2017-05-26,CAM NORTE,#REF!,5,1800,9000,,0,5,535,2675,6325
raw_sales_report,Medshield (Keith San Miguel).xlsx,sales2017,253,5,13124,2017-05-31,CAM NORTE,#REF!,2,750,1500,,0,2,227.5,455,1045
raw_sales_report,Medshield (Keith San Miguel).xlsx,sales2017,254,5,13124,2017-05-31,CAM NORTE,#REF!,2,2100,4200,,0,2,685,1370,2830
raw_sales_report,Medshield (Keith San Miguel).xlsx,sales2017,255,5,13125,2017-06-01,CAM NORTE,#REF!,20,128,2560,,0,20,45,900,1660
raw_sales_report,Medshield (Keith San Miguel).xlsx,sales2017,256,5,13125,2017-06-01,CAM NORTE,#REF!,2,,0,,0,2,45,90,-90
raw_sales_report,Medshield (Keith San Miguel).xlsx,sales2017,257,5,13126,2017-06-01,CAM NORTE,#REF!,1,2800,2800,,0,1,1173.6,1173.6,1626.4
raw_sales_report,Medshield (Keith San Miguel).xlsx,sales2017,258,5,13126,2017-06-01,CAM NORTE,#REF!,1,700,700,,0,1,250,250,450
raw_sales_report,Medshield (Keith San Miguel).xlsx,sales2017,259,5,13126,2017-06-01,CAM NORTE,#REF!,1,975,975,,0,1,307,307,668
raw_sales_report,Medshield (Keith San Miguel).xlsx,sales2017,260,5,13127,2017-06-01,CAM NORTE,#REF!,1,850,850,,0,1,155,155,695
raw_sales_report,Medshield (Keith San Miguel).xlsx,sales2017,261,5,13127,2017-06-01,CAM NORTE,#REF!,1,650,650,,0,1,187.5,187.5,462.5
raw_sales_report,Medshield (Keith San Miguel).xlsx,sales2017,262,5,13226,2017-05-03,BATANGAS,#REF!,4,900,3600,0.1,360,4,300,1200,2040
raw_sales_report,Medshield (Keith San Miguel).xlsx,sales2017,263,5,13229,2017-05-03,BATANGAS,#REF!,2,780,1560,0.1,156,2,227.5,455,949
raw_sales_report,Medshield (Keith San Miguel).xlsx,sales2017,264,5,13230,2017-05-03,BATANGAS,#REF!,10,600,6000,0.1,600,10,158,1580,3820
raw_sales_report,Medshield (Keith San Miguel).xlsx,sales2017,265,5,13231,2017-05-03,BATANGAS,#REF!,1,3200,3200,0.1,320,1,860,860,2020
raw_sales_report,Medshield (Keith San Miguel).xlsx,sales2017,266,5,13232,2017-05-03,BATANGAS,#REF!,12,180,2160,0.1,216,12,48,576,1368
raw_sales_report,Medshield (Keith San Miguel).xlsx,sales2017,267,5,13233,2017-05-03,BATANGAS,#REF!,10,84,840,0.1,84,10,24.5,245,511
raw_sales_report,Medshield (Keith San Miguel).xlsx,sales2017,268,5,13234,2017-05-03,BATANGAS,#REF!,2,3500,7000,0.1,700,2,650,1300,5000
raw_sales_report,Medshield (Keith San Miguel).xlsx,sales2017,269,5,13235,2017-05-03,BATANGAS,#REF!,10,48,480,,0,10,16.8,168,312
raw_sales_report,Medshield (Keith San Miguel).xlsx,sales2017,270,5,13236,2017-05-03,BATANGAS,#REF!,10,67,670,,0,10,23.45,234.5,435.5
raw_sales_report,Medshield (Keith San Miguel).xlsx,sales2017,271,5,13237,2017-05-03,BATANGAS,#REF!,4,180,720,,0,4,60,240,480
raw_sales_report,Medshield (Keith San Miguel).xlsx,sales2017,272,5,13238,2017-05-03,BATANGAS,#REF!,10,150,1500,,0,10,55,550,950
raw_sales_report,Medshield (Keith San Miguel).xlsx,sales2017,273,5,13239,2017-05-03,BATANGAS,#REF!,2,900,1800,,0,2,300,600,1200
raw_sales_report,Medshield (Keith San Miguel).xlsx,sales2017,274,5,13240,2017-05-03,BATANGAS,#REF!,2,3360,6720,0.1,672,2,1173.6,2347.2,3700.8
raw_sales_report,Medshield (Keith San Miguel).xlsx,sales2017,275,5,13241,2017-05-03,BATANGAS,#REF!,2,3360,6720,0.1,672,2,1173.6,2347.2,3700.8
raw_sales_report,Medshield (Keith San Miguel).xlsx,sales2017,276,5,13242,2017-05-04,MINDORO,#REF!,8,150,1200,,0,8,48.65,389.2,810.8
raw_sales_report,Medshield (Keith San Miguel).xlsx,sales2017,277,5,13242,2017-05-04,MINDORO,#REF!,11,170,1870,,0,11,67,737,1133
raw_sales_report,Medshield (Keith San Miguel).xlsx,sales2017,278,5,13242,2017-05-04,MINDORO,#REF!,11,170,1870,,0,11,75,825,1045
raw_sales_report,Medshield (Keith San Miguel).xlsx,sales2017,279,5,13242,2017-05-04,MINDORO,#REF!,10,133,1330,,0,10,55,550,780
raw_sales_report,Medshield (Keith San Miguel).xlsx,sales2017,280,5,13243,2017-05-04,MINDORO,#REF!,12,400,4800,,0,12,139.45,1673.3999999999999,3126.6000000000004
raw_sales_report,Medshield (Keith San Miguel).xlsx,sales2017,281,5,13244,2017-05-04,MINDORO,#REF!,10,155,1550,,0,10,48.5,485,1065
raw_sales_report,Medshield (Keith San Miguel).xlsx,sales2017,282,5,13245,2017-05-04,MINDORO,#REF!,5,573,2865,,0,5,310,1550,1315
raw_sales_report,Medshield (Keith San Miguel).xlsx,sales2017,283,5,13246,2017-05-23,BATANGAS,#REF!,2,3200,6400,0.1,640,2,860,1720,4040
raw_sales_report,Medshield (Keith San Miguel).xlsx,sales2017,284,5,13252,2017-05-10,HOSPITAL,#REF!,100,2450,245000,,0,100,880.91,88091,156909
raw_sales_report,Medshield (Keith San Miguel).xlsx,sales2017,285,5,13254,2017-05-10,HOSPITAL,#REF!,700,120,84000,,0,700,25,17500,66500
raw_sales_report,Medshield (Keith San Miguel).xlsx,sales2017,286,5,13255,2017-05-24,HOSPITAL,#REF!,200,750,150000,,0,200,280,56000,94000
raw_sales_report,Medshield (Keith San Miguel).xlsx,sales2017,287,5,13256,2017-05-24,BATANGAS,#REF!,5,500,2500,0.2,500,5,120,600,1400
raw_sales_report,Medshield (Keith San Miguel).xlsx,sales2017,288,5,13301,2017-05-10,BATANGAS,#REF!,13,80,1040,,0,13,24.47,318.11,721.89
raw_sales_report,Medshield (Keith San Miguel).xlsx,sales2017,289,5,13302,2017-05-11,BATANGAS,#REF!,16,300,4800,,0,16,129.7,2075.2,2724.8
raw_sales_report,Medshield (Keith San Miguel).xlsx,sales2017,290,5,13303,2017-05-11,BATANGAS,#REF!,15,100,1500,,0,15,26.93,403.95,1096.05
raw_sales_report,Medshield (Keith San Miguel).xlsx,sales2017,291,5,13304,2017-05-11,BATANGAS,#REF!,20,80,1600,,0,20,22.75,455,1145
raw_sales_report,Medshield (Keith San Miguel).xlsx,sales2017,292,5,13304,2017-05-11,BATANGAS,#REF!,2,150,300,,0,2,55,110,190
raw_sales_report,Medshield (Keith San Miguel).xlsx,sales2017,293,5,13305,2017-05-11,BATANGAS,#REF!,1,3200,3200,,0,1,860,860,2340
raw_sales_report,Medshield (Keith San Miguel).xlsx,sales2017,294,5,13306,2017-05-11,BATANGAS,#REF!,2,780,1560,0.1,156,2,227.5,455,949
raw_sales_report,Medshield (Keith San Miguel).xlsx,sales2017,295,5,13307,2017-05-11,BATANGAS,#REF!,4,480,1920,0.1,192,4,139.45,557.8,1170.2
raw_sales_report,Medshield (Keith San Miguel).xlsx,sales2017,296,5,13308,2017-05-11,BATANGAS,#REF!,10,80,800,0.1,80,10,23.45,234.5,485.5
raw_sales_report,Medshield (Keith San Miguel).xlsx,sales2017,297,5,13309,2017-05-11,BATANGAS,#REF!,9,58,522,0.1,52.2,9,16.8,151.20000000000002,318.6
raw_sales_report,Medshield (Keith San Miguel).xlsx,sales2017,298,5,13309,2017-05-11,BATANGAS,#REF!,7,96,672,0.1,67.2,7,25,175,429.79999999999995
raw_sales_report,Medshield (Keith San Miguel).xlsx,sales2017,299,5,13310,2017-05-11,BATANGAS,#REF!,25,96,2400,,0,25,25,625,1775
raw_sales_report,Medshield (Keith San Miguel).xlsx,sales2017,300,5,13311,2017-05-11,BATANGAS,#REF!,4,3360,13440,,0,4,1173.6,4694.4,8745.6
raw_sales_report,Medshield (Keith San Miguel).xlsx,sales2017,301,5,13312,2017-05-11,BATANGAS,#REF!,2,1026,2052,,0,2,270,540,1512
raw_sales_report,Medshield (Keith San Miguel).xlsx,sales2017,302,5,13313,2017-05-11,BATANGAS,#REF!,4,1098,4392,,0,4,240,960,3432
raw_sales_report,Medshield (Keith San Miguel).xlsx,sales2017,303,5,13314,2017-05-11,BATANGAS,#REF!,3,780,2340,,0,3,227.5,682.5,1657.5
raw_sales_report,Medshield (Keith San Miguel).xlsx,sales2017,304,5,13315,2017-05-11,BATANGAS,#REF!,2,3360,6720,,0,2,860,1720,5000
raw_sales_report,Medshield (Keith San Miguel).xlsx,sales2017,305,5,13316,2017-05-11,BATANGAS,#REF!,12,170,2040,,0,12,47,564,1476
raw_sales_report,Medshield (Keith San Miguel).xlsx,sales2017,306,5,13317,2017-05-11,BATANGAS,#REF!,4,900,3600,,0,4,300,1200,2400
raw_sales_report,Medshield (Keith San Miguel).xlsx,sales2017,307,5,13318,2017-05-11,BATANGAS,#REF!,3,780,2340,,0,3,168,504,1836
raw_sales_report,Medshield (Keith San Miguel).xlsx,sales2017,308,5,13319,2017-05-11,BATANGAS,#REF!,10,600,6000,,0,10,158,1580,4420
raw_sales_report,Medshield (Keith San Miguel).xlsx,sales2017,309,5,13320,2017-05-11,BATANGAS,#REF!,10,77,770,,0,10,24.5,245,525
raw_sales_report,Medshield (Keith San Miguel).xlsx,sales2017,310,5,13320,2017-05-11,BATANGAS,#REF!,10,176,1760,,0,10,48,480,1280
raw_sales_report,Medshield (Keith San Miguel).xlsx,sales2017,311,5,13320,2017-05-11,BATANGAS,#REF!,5,480,2400,,0,5,128,640,1760
raw_sales_report,Medshield (Keith San Miguel).xlsx,sales2017,312,5,13321,2017-05-11,BATANGAS,#REF!,20,260,5200,,0,20,45,900,4300
raw_sales_report,Medshield (Keith San Miguel).xlsx,sales2017,313,5,13321,2017-05-11,BATANGAS,#REF!,3,946,2838,,0,3,310,930,1908
raw_sales_report,Medshield (Keith San Miguel).xlsx,sales2017,314,5,13322,2017-05-15,BATANGAS,#REF!,12,400,4800,,0,18,139.45,2510.1,2289.9
raw_sales_report,Medshield (Keith San Miguel).xlsx,sales2017,315,5,13323,2017-05-16,BATANGAS,#REF!,12,180,2160,,0,12,48,576,1584
raw_sales_report,Medshield (Keith San Miguel).xlsx,sales2017,316,5,13324,2017-05-16,BATANGAS,#REF!,3,3360,10080,,0,3,1173.6,3520.7999999999997,6559.200000000001
raw_sales_report,Medshield (Keith San Miguel).xlsx,sales2017,317,5,13325,2017-05-16,BATANGAS,#REF!,1,1098,1098,,0,1,345,345,753
raw_sales_report,Medshield (Keith San Miguel).xlsx,sales2017,318,5,13326,2017-05-16,BATANGAS,#REF!,1,1080,1080,,0,1,240,240,840
raw_sales_report,Medshield (Keith San Miguel).xlsx,sales2017,319,5,13327,2017-05-16,BATANGAS,#REF!,3,6000,18000,,0,3,120,360,17640
raw_sales_report,Medshield (Keith San Miguel).xlsx,sales2017,320,5,13328,2017-05-16,BATANGAS,#REF!,4,550,2200,,0,4,133,532,1668
raw_sales_report,Medshield (Keith San Miguel).xlsx,sales2017,321,5,13329,2017-05-16,BATANGAS,#REF!,10,96,960,0.1,96,10,24.47,244.7,619.3
raw_sales_report,Medshield (Keith San Miguel).xlsx,sales2017,322,5,13330,2017-05-16,BATANGAS,#REF!,12,180,2160,0.1,216,12,48,576,1368
raw_sales_report,Medshield (Keith San Miguel).xlsx,sales2017,323,5,13331,2017-05-16,BATANGAS,#REF!,12,180,2160,0.1,216,12,48.5,582,1362
raw_sales_report,Medshield (Keith San Miguel).xlsx,sales2017,324,5,13332,2017-05-16,BATANGAS,#REF!,12,144,1728,0.1,172.8,12,38,456,1099.2
raw_sales_report,Medshield (Keith San Miguel).xlsx,sales2017,325,5,13333,2017-05-16,BATANGAS,#REF!,23,150,3450,,0,23,55,1265,2185
raw_sales_report,Medshield (Keith San Miguel).xlsx,sales2017,326,5,13334,2017-05-16,BATANGAS,#REF!,12,100,1200,,0,12,22.75,273,927
raw_sales_report,Medshield (Keith San Miguel).xlsx,sales2017,327,5,13335,2017-05-16,BATANGAS,#REF!,10,150,1500,,0,10,42,420,1080
raw_sales_report,Medshield (Keith San Miguel).xlsx,sales2017,328,5,13336,2017-05-16,BATANGAS,#REF!,5,80,400,,0,5,24.47,122.35,277.65
raw_sales_report,Medshield (Keith San Miguel).xlsx,sales2017,329,5,13337,2017-05-18,BATANGAS,#REF!,2,700,1400,,0,2,240,480,920
raw_sales_report,Medshield (Keith San Miguel).xlsx,sales2017,330,5,13338,2017-05-18,BATANGAS,#REF!,2,1600,3200,,0,2,480.9,961.8,2238.2
raw_sales_report,Medshield (Keith San Miguel).xlsx,sales2017,331,5,13339,2017-05-18,BATANGAS,#REF!,1,1144,1144,0.2,228.8,1,345,345,570.2
raw_sales_report,Medshield (Keith San Miguel).xlsx,sales2017,332,5,13340,2017-05-18,BATANGAS,#REF!,1,1144,1144,0.2,228.8,1,345,345,570.2
raw_sales_report,Medshield (Keith San Miguel).xlsx,sales2017,333,5,13341,2017-05-18,BATANGAS,#REF!,1,1144,1144,0.2,228.8,1,345,345,570.2
raw_sales_report,Medshield (Keith San Miguel).xlsx,sales2017,334,5,13342,2017-05-18,BATANGAS,#REF!,2,1069,2138,0.2,427.6,2,270,540,1170.4
raw_sales_report,Medshield (Keith San Miguel).xlsx,sales2017,335,5,13343,2017-05-18,BATANGAS,#REF!,1,1009,1009,0.2,201.8,1,270,270,537.2
raw_sales_report,Medshield (Keith San Miguel).xlsx,sales2017,336,5,13344,2017-05-19,BATANGAS,#REF!,10,1600,16000,,0,10,480.9,4809,11191
raw_sales_report,Medshield (Keith San Miguel).xlsx,sales2017,337,5,13344,2017-05-19,BATANGAS,#REF!,5,915,4575,,0,5,345,1725,2850
raw_sales_report,Medshield (Keith San Miguel).xlsx,sales2017,338,5,13344,2017-05-19,BATANGAS,#REF!,3,2700,8100,,0,3,1173.6,3520.7999999999997,4579.200000000001
raw_sales_report,Medshield (Keith San Miguel).xlsx,sales2017,339,5,13345,2017-05-23,BATANGAS,#REF!,2,2700,5400,,0,2,1173.6,2347.2,3052.8
raw_sales_report,Medshield (Keith San Miguel).xlsx,sales2017,340,5,13346,2017-05-23,BATANGAS,#REF!,12,400,4800,,0,12,139.45,1673.3999999999999,3126.6000000000004
raw_sales_report,Medshield (Keith San Miguel).xlsx,sales2017,341,5,13347,2017-05-23,BATANGAS,#REF!,10,600,6000,0.1,600,10,158,1580,3820
raw_sales_report,Medshield (Keith San Miguel).xlsx,sales2017,342,5,13348,2017-05-23,BATANGAS,#REF!,3,3360,10080,0.1,1008,3,1173.6,3520.7999999999997,5551.200000000001
raw_sales_report,Medshield (Keith San Miguel).xlsx,sales2017,343,5,13349,2017-05-23,BATANGAS,#REF!,4,900,3600,0.1,360,4,300,1200,2040
raw_sales_report,Medshield (Keith San Miguel).xlsx,sales2017,344,5,13350,2017-05-23,BATANGAS,#REF!,240,1140,273600,0.1,27360,240,240,57600,188640
raw_sales_report,Medshield (Keith San Miguel).xlsx,sales2017,345,5,13351,2017-05-23,BATANGAS,#REF!,3,3360,10080,,0,3,1173.6,3520.7999999999997,6559.200000000001
raw_sales_report,Medshield (Keith San Miguel).xlsx,sales2017,346,5,13352,2017-05-23,BATANGAS,#REF!,14,350,4900,,0,14,148,2072,2828
raw_sales_report,Medshield (Keith San Miguel).xlsx,sales2017,347,5,13353,2017-05-23,BATANGAS,#REF!,11,96,1056,,0,11,24.47,269.16999999999996,786.83
raw_sales_report,Medshield (Keith San Miguel).xlsx,sales2017,348,5,13354,2017-05-23,BATANGAS,#REF!,15,180,2700,,0,15,48,720,1980
raw_sales_report,Medshield (Keith San Miguel).xlsx,sales2017,349,5,13355,2017-05-23,BATANGAS,#REF!,2,1026,2052,,0,2,270,540,1512
raw_sales_report,Medshield (Keith San Miguel).xlsx,sales2017,350,5,13356,2017-05-23,BATANGAS,#REF!,2,1080,2160,,0,2,240,480,1680
raw_sales_report,Medshield (Keith San Miguel).xlsx,sales2017,351,5,13357,2017-05-23,BATANGAS,#REF!,3,6050,18150,,0,3,2750,8250,9900
raw_sales_report,Medshield (Keith San Miguel).xlsx,sales2017,352,5,13358,2017-05-23,BATANGAS,#REF!,5,1980,9900,,0,5,550,2750,7150
raw_sales_report,Medshield (Keith San Miguel).xlsx,sales2017,353,5,13359,2017-05-23,BATANGAS,#REF!,10,74,740,,0,10,23.45,234.5,505.5
raw_sales_report,Medshield (Keith San Miguel).xlsx,sales2017,354,5,13359,2017-05-23,BATANGAS,#REF!,10,88,880,,0,10,25,250,630
raw_sales_report,Medshield (Keith San Miguel).xlsx,sales2017,355,5,13360,2017-05-23,BATANGAS,#REF!,2,4200,8400,,0,2,1235,2470,5930
raw_sales_report,Medshield (Keith San Miguel).xlsx,sales2017,356,5,13361,2017-05-23,BATANGAS,#REF!,4,990,3960,,0,4,300,1200,2760
raw_sales_report,Medshield (Keith San Miguel).xlsx,sales2017,357,5,13401,2017-05-10,CAM SUR,#REF!,1,800,800,,0,1,225,225,575
raw_sales_report,Medshield (Keith San Miguel).xlsx,sales2017,358,5,13402,2017-05-10,CAM SUR,#REF!,1,1800,1800,,0,1,540,540,1260
raw_sales_report,Medshield (Keith San Miguel).xlsx,sales2017,359,5,13403,2017-05-13,CAM SUR,#REF!,2,750,1500,0.35,525,2,227.5,455,520
raw_sales_report,Medshield (Keith San Miguel).xlsx,sales2017,360,5,13404,2017-05-15,CAM SUR,#REF!,10,88,880,,0,10,24.47,244.7,635.3
raw_sales_report,Medshield (Keith San Miguel).xlsx,sales2017,361,5,13405,2017-05-15,CAM SUR,#REF!,1,800,800,,0,1,225,225,575
raw_sales_report,Medshield (Keith San Miguel).xlsx,sales2017,362,5,13406,2017-05-15,CAM SUR,#REF!,10,88,880,,0,10,24.47,244.7,635.3
raw_sales_report,Medshield (Keith San Miguel).xlsx,sales2017,363,5,13407,2017-05-16,CAM SUR,#REF!,2,1300,2600,,0,4,345,1380,1220
raw_sales_report,Medshield (Keith San Miguel).xlsx,sales2017,364,5,13408,2017-05-16,CAM SUR,#REF!,24,95,2280,,0,24,75.6,1814.3999999999999,465.60000000000014
raw_sales_report,Medshield (Keith San Miguel).xlsx,sales2017,365,5,13409,2017-05-16,CAM SUR,#REF!,6,195,1170,,0,6,75.6,453.59999999999997,716.4000000000001
raw_sales_report,Medshield (Keith San Miguel).xlsx,sales2017,366,5,13410,2017-05-17,CAM SUR,#REF!,1,1200,1200,0.3,360,1,345,345,495
raw_sales_report,Medshield (Keith San Miguel).xlsx,sales2017,367,5,13411,2017-05-17,CAM SUR,#REF!,11,310,3410,,0,11,129.7,1426.6999999999998,1983.3000000000002
raw_sales_report,Medshield (Keith San Miguel).xlsx,sales2017,368,5,13412,2017-05-17,CAM SUR,#REF!,1,2700,2700,,0,1,1173.6,1173.6,1526.4
raw_sales_report,Medshield (Keith San Miguel).xlsx,sales2017,369,5,13413,2017-05-17,CAM SUR,#REF!,1,2700,2700,,0,1,1173.6,1173.6,1526.4
raw_sales_report,Medshield (Keith San Miguel).xlsx,sales2017,370,5,13414,2017-05-17,CAM SUR,#REF!,1,1600,1600,,0,1,480.9,480.9,1119.1
raw_sales_report,Medshield (Keith San Miguel).xlsx,sales2017,371,5,13415,2017-05-17,CAM SUR,#REF!,1,1600,1600,,0,1,480.9,480.9,1119.1
raw_sales_report,Medshield (Keith San Miguel).xlsx,sales2017,372,5,13416,2017-05-17,CAM SUR,#REF!,1,2700,2700,,0,1,1173.6,1173.6,1526.4
raw_sales_report,Medshield (Keith San Miguel).xlsx,sales2017,373,5,13417,2017-05-17,CAM SUR,#REF!,10,88,880,,0,10,24.47,244.7,635.3
raw_sales_report,Medshield (Keith San Miguel).xlsx,sales2017,374,5,13418,2017-05-17,CAM SUR,#REF!,1,1600,1600,,0,1,480.9,480.9,1119.1
raw_sales_report,Medshield (Keith San Miguel).xlsx,sales2017,375,5,13419,2017-05-17,CAM SUR,#REF!,1,1200,1200,,0,1,345,345,855
raw_sales_report,Medshield (Keith San Miguel).xlsx,sales2017,376,5,13420,2017-05-17,CAM SUR,#REF!,1,948,948,,0,1,287.5,287.5,660.5
raw_sales_report,Medshield (Keith San Miguel).xlsx,sales2017,377,5,13421,2017-05-17,CAM SUR,#REF!,1,1450,1450,,0,1,445,445,1005
raw_sales_report,Medshield (Keith San Miguel).xlsx,sales2017,378,5,13422,2017-05-17,CAM SUR,#REF!,2,2700,5400,,0,2,1173.6,2347.2,3052.8
raw_sales_report,Medshield (Keith San Miguel).xlsx,sales2017,379,5,13423,2017-05-17,CAM SUR,#REF!,1,800,800,,0,1,225,225,575
raw_sales_report,Medshield (Keith San Miguel).xlsx,sales2017,380,5,13424,2017-05-17,CAM SUR,#REF!,10,78,780,,0,10,26.25,262.5,517.5
raw_sales_report,Medshield (Keith San Miguel).xlsx,sales2017,381,5,13425,2017-05-17,CAM SUR,#REF!,1,750,750,,0,1,240,240,510
raw_sales_report,Medshield (Keith San Miguel).xlsx,sales2017,382,5,13426,2017-05-17,CAM SUR,#REF!,1,900,900,,0,1,215,215,685
raw_sales_report,Medshield (Keith San Miguel).xlsx,sales2017,383,5,13427,2017-05-17,CAM SUR,#REF!,2,750,1500,,0,2,240,480,1020
raw_sales_report,Medshield (Keith San Miguel).xlsx,sales2017,384,5,13428,2017-05-23,CAM SUR,#REF!,10,190,1900,,0,10,75,750,1150
raw_sales_report,Medshield (Keith San Miguel).xlsx,sales2017,385,5,13430,2017-05-17,CAM SUR,#REF!,20,78,1560,,0,20,26.25,525,1035
raw_sales_report,Medshield (Keith San Miguel).xlsx,sales2017,386,5,13431,2017-05-17,CAM SUR,#REF!,1,1200,1200,,0,1,345,345,855
raw_sales_report,Medshield (Keith San Miguel).xlsx,sales2017,387,5,13432,2017-05-23,CAM SUR,#REF!,1,900,900,,0,1,215,215,685
raw_sales_report,Medshield (Keith San Miguel).xlsx,sales2017,388,5,13433,2017-05-23,CAM SUR,#REF!,1,3800,3800,,0,1,890,890,2910
raw_sales_report,Medshield (Keith San Miguel).xlsx,sales2017,389,5,13434,2017-05-23,CAM SUR,#REF!,1,2700,2700,,0,1,1173.6,1173.6,1526.4
raw_sales_report,Medshield (Keith San Miguel).xlsx,sales2017,390,5,13435,2017-05-23,CAM SUR,#REF!,1,2700,2700,,0,1,1173.6,1173.6,1526.4
raw_sales_report,Medshield (Keith San Miguel).xlsx,sales2017,391,5,13436,2017-05-23,CAM SUR,#REF!,8,214,1712,,0,8,75.6,604.8,1107.2
raw_sales_report,Medshield (Keith San Miguel).xlsx,sales2017,392,5,13437,2017-05-23,CAM SUR,#REF!,1,1600,1600,,0,1,480.9,480.9,1119.1
raw_sales_report,Medshield (Keith San Miguel).xlsx,sales2017,393,5,13438,2017-05-24,CAM SUR,#REF!,2,1600,3200,,0,2,480.9,961.8,2238.2
raw_sales_report,Medshield (Keith San Miguel).xlsx,sales2017,394,5,13439,2017-05-24,CAM SUR,#REF!,1,750,750,,0,1,240,240,510
raw_sales_report,Medshield (Keith San Miguel).xlsx,sales2017,395,5,13439,2017-05-24,CAM SUR,#REF!,10,80,800,,0,10,26.25,262.5,537.5
raw_sales_report,Medshield (Keith San Miguel).xlsx,sales2017,396,5,13440,2017-05-24,CAM SUR,#REF!,12,88,1056,,0,12,24.47,293.64,762.36
raw_sales_report,Medshield (Keith San Miguel).xlsx,sales2017,397,5,13441,2017-05-24,CAM SUR,#REF!,1,1600,1600,,0,1,480.9,480.9,1119.1
raw_sales_report,Medshield (Keith San Miguel).xlsx,sales2017,398,5,13442,2017-05-29,CAM SUR,#REF!,2,1300,2600,,0,4,345,1380,1220
raw_sales_report,Medshield (Keith San Miguel).xlsx,sales2017,399,5,13443,2017-05-29,CAM SUR,#REF!,24,95,2280,,0,24,75.6,1814.3999999999999,465.60000000000014
raw_sales_report,Medshield (Keith San Miguel).xlsx,sales2017,400,5,13444,2017-05-31,CAM SUR,#REF!,2,1600,3200,,0,2,480.9,961.8,2238.2
raw_sales_report,Medshield (Keith San Miguel).xlsx,sales2017,401,5,13445,2017-05-31,CAM SUR,#REF!,6,310,1860,,0,6,129.7,778.1999999999999,1081.8000000000002
raw_sales_report,Medshield (Keith San Miguel).xlsx,sales2017,402,5,13446,2017-05-31,CAM SUR,#REF!,12,88,1056,,0,12,24.47,293.64,762.36
raw_sales_report,Medshield (Keith San Miguel).xlsx,sales2017,403,5,13447,2017-05-31,CAM SUR,#REF!,1,2700,2700,,0,1,1173.6,1173.6,1526.4
raw_sales_report,Medshield (Keith San Miguel).xlsx,sales2017,404,5,13448,2017-05-31,CAM SUR,#REF!,1,2700,2700,,0,1,1173.6,1173.6,1526.4
raw_sales_report,Medshield (Keith San Miguel).xlsx,sales2017,405,5,13451,2017-05-24,LAGUNA,#REF!,6,870,5220,,0,6,219,1314,3906
raw_sales_report,Medshield (Keith San Miguel).xlsx,sales2017,406,5,13452,2017-05-24,LAGUNA,#REF!,18,310,5580,,0,18,129.7,2334.6,3245.4
raw_sales_report,Medshield (Keith San Miguel).xlsx,sales2017,407,5,13452,2017-05-24,LAGUNA,#REF!,12,190,2280,,0,12,75.6,907.1999999999999,1372.8000000000002
raw_sales_report,Medshield (Keith San Miguel).xlsx,sales2017,408,5,13453,2017-05-24,LAGUNA,#REF!,2,1800,3600,,0,2,540,1080,2520
raw_sales_report,Medshield (Keith San Miguel).xlsx,sales2017,409,5,13454,2017-05-24,LAGUNA,#REF!,10,320,3200,,0,10,73,730,2470
raw_sales_report,Medshield (Keith San Miguel).xlsx,sales2017,410,5,13456,2017-05-26,LAGUNA,#REF!,2,1200,2400,,0,2,280,560,1840
raw_sales_report,Medshield (Keith San Miguel).xlsx,sales2017,411,5,13457,2017-05-29,LAGUNA,#REF!,50,380,19000,,0,50,45,2250,16750
raw_sales_report,Medshield (Keith San Miguel).xlsx,sales2017,412,5,13457,2017-05-29,LAGUNA,#REF!,50,255,12750,,0,50,28,1400,11350
raw_sales_report,Medshield (Keith San Miguel).xlsx,sales2017,413,5,13458,2017-05-30,LAGUNA,#REF!,3,385,1155,,0,3,168,504,651
raw_sales_report,Medshield (Keith San Miguel).xlsx,sales2017,414,5,13458,2017-05-30,LAGUNA,#REF!,3,315,945,,0,3,104.5,313.5,631.5
raw_sales_report,Medshield (Keith San Miguel).xlsx,sales2017,415,5,13458,2017-05-30,LAGUNA,#REF!,6,500,3000,,0,6,250,1500,1500
raw_sales_report,Medshield (Keith San Miguel).xlsx,sales2017,416,5,13459,2017-05-30,LAGUNA,#REF!,2,683,1366,,0,2,202.5,405,961
raw_sales_report,Medshield (Keith San Miguel).xlsx,sales2017,417,5,13459,2017-05-30,LAGUNA,#REF!,2,2270,4540,,0,2,630,1260,3280
raw_sales_report,Medshield (Keith San Miguel).xlsx,sales2017,418,5,13501,2017-05-29,ADMIN,#REF!,10,650,6500,,0,14,187.5,2625,3875
raw_sales_report,Medshield (Keith San Miguel).xlsx,sales2017,419,5,13501,2017-05-29,ADMIN,#REF!,5,1500,7500,,0,7,540,3780,3720
raw_sales_report,Medshield (Keith San Miguel).xlsx,sales2017,420,5,13502,2017-05-29,ADMIN,#REF!,2,2750,5500,0.3,1650,2,980,1960,1890
raw_sales_report,Medshield (Keith San Miguel).xlsx,sales2017,421,5,13502,2017-05-29,ADMIN,#REF!,2,650,1300,0.3,390,2,135,270,640
raw_sales_report,Medshield (Keith San Miguel).xlsx,sales2017,422,5,13502,2017-05-29,ADMIN,#REF!,2,2100,4200,0.3,1260,2,685,1370,1570
raw_sales_report,Medshield (Keith San Miguel).xlsx,sales2017,423,5,13503,2017-05-29,ADMIN,#REF!,310,950,294500,,0,7,310,2170,292330
raw_sales_report,Medshield (Keith San Miguel).xlsx,sales2017,424,5,13504,2017-05-29,ADMIN,#REF!,3,35,105,,0,3,35,105,0
raw_sales_report,Medshield (Keith San Miguel).xlsx,sales2017,425,5,13504,2017-05-29,ADMIN,#REF!,,,0,,0,0,,0,0
raw_sales_report,Medshield (Keith San Miguel).xlsx,sales2017,426,5,13505,2017-06-08,ADMIN,#REF!,,,0,,0,0,,0,0
raw_sales_report,Medshield (Keith San Miguel).xlsx,sales2017,427,5,19136,2017-05-17,GOVERNMENT,#REF!,,,0,,0,0,,0,0
raw_sales_report,Medshield (Keith San Miguel).xlsx,sales2017,428,5,19137,2017-05-17,GOVERNMENT,#REF!,,,0,,0,0,,0,0
raw_sales_report,Medshield (Keith San Miguel).xlsx,sales2017,429,5,11499,2017-06-30,GOVERNMENT,#REF!,,,0,,0,0,,0,0
raw_sales_report,Medshield (Keith San Miguel).xlsx,sales2017,430,5,12613,2017-06-15,CAM SUR,#REF!,12,190,2280,,0,12,75.6,907.1999999999999,1372.8000000000002
raw_sales_report,Medshield (Keith San Miguel).xlsx,sales2017,431,5,12614,2017-06-15,CAM SUR,#REF!,12,310,3720,,0,12,129.7,1556.3999999999999,2163.6000000000004
raw_sales_report,Medshield (Keith San Miguel).xlsx,sales2017,432,5,12615,2017-06-15,CAM SUR,#REF!,12,88,1056,,0,12,24.47,293.64,762.36
raw_sales_report,Medshield (Keith San Miguel).xlsx,sales2017,433,5,12616,2017-06-15,CAM SUR,#REF!,12,190,2280,,0,12,75.6,907.1999999999999,1372.8000000000002
raw_sales_report,Medshield (Keith San Miguel).xlsx,sales2017,434,5,12617,2017-06-15,CAM SUR,#REF!,8,88,704,,0,8,24.47,195.76,508.24
raw_sales_report,Medshield (Keith San Miguel).xlsx,sales2017,435,5,12618,2017-06-15,CAM SUR,#REF!,1,2700,2700,,0,1,1173.6,1173.6,1526.4
raw_sales_report,Medshield (Keith San Miguel).xlsx,sales2017,436,5,12619,2017-06-15,CAM SUR,#REF!,1,1600,1600,,0,1,480.9,480.9,1119.1
raw_sales_report,Medshield (Keith San Miguel).xlsx,sales2017,437,5,12620,2017-06-17,CAM SUR,#REF!,2,1200,2400,,0,2,345,690,1710
raw_sales_report,Medshield (Keith San Miguel).xlsx,sales2017,438,5,12620,2017-06-17,CAM SUR,#REF!,2,3000,6000,,0,2,1450,2900,3100
raw_sales_report,Medshield (Keith San Miguel).xlsx,sales2017,439,5,12620,2017-06-17,CAM SUR,#REF!,1,1000,1000,,0,1,319,319,681
raw_sales_report,Medshield (Keith San Miguel).xlsx,sales2017,440,5,12620,2017-06-17,CAM SUR,#REF!,1,750,750,,0,1,25,25,725
raw_sales_report,Medshield (Keith San Miguel).xlsx,sales2017,441,5,12620,2017-06-17,CAM SUR,#REF!,1,650,650,,0,1,187.5,187.5,462.5
raw_sales_report,Medshield (Keith San Miguel).xlsx,sales2017,442,5,12620,2017-06-17,CAM SUR,#REF!,2,1600,3200,,0,2,480.9,961.8,2238.2
raw_sales_report,Medshield (Keith San Miguel).xlsx,sales2017,443,5,12625,2017-06-17,CAM SUR,#REF!,1,1300,1300,,0,2,323.4,646.8,653.2
raw_sales_report,Medshield (Keith San Miguel).xlsx,sales2017,444,5,12625,2017-06-17,CAM SUR,#REF!,8,95,760,,0,8,75.6,604.8,155.20000000000005
raw_sales_report,Medshield (Keith San Miguel).xlsx,sales2017,445,5,12626,2017-06-20,CAM SUR,#REF!,2,1600,3200,,0,2,480.9,961.8,2238.2
raw_sales_report,Medshield (Keith San Miguel).xlsx,sales2017,446,5,12626,2017-06-20,CAM SUR,#REF!,10,175,1750,,0,10,42,420,1330
raw_sales_report,Medshield (Keith San Miguel).xlsx,sales2017,447,5,12626,2017-06-20,CAM SUR,#REF!,10,240,2400,,0,10,75,750,1650
raw_sales_report,Medshield (Keith San Miguel).xlsx,sales2017,448,5,12628,2017-06-20,CAM SUR,#REF!,10,175,1750,,0,10,42,420,1330
raw_sales_report,Medshield (Keith San Miguel).xlsx,sales2017,449,5,12628,2017-06-20,CAM SUR,#REF!,10,88,880,,0,10,24.47,244.7,635.3
raw_sales_report,Medshield (Keith San Miguel).xlsx,sales2017,450,5,12629,2017-06-22,CAM SUR,#REF!,5,175,875,,0,6,175,1050,-175
raw_sales_report,Medshield (Keith San Miguel).xlsx,sales2017,451,5,12630,2017-06-15,CAM SUR,#REF!,1,3000,3000,,0,1,1450,1450,1550
raw_sales_report,Medshield (Keith San Miguel).xlsx,sales2017,452,5,12631,2017-06-15,CAM SUR,#REF!,10,88,880,,0,10,24.47,244.7,635.3
raw_sales_report,Medshield (Keith San Miguel).xlsx,sales2017,453,5,12632,2017-06-15,CAM SUR,#REF!,12,75,900,,0,12,26.25,315,585
raw_sales_report,Medshield (Keith San Miguel).xlsx,sales2017,454,5,12633,2017-06-15,CAM SUR,#REF!,10,310,3100,,0,10,129.7,1297,1803
raw_sales_report,Medshield (Keith San Miguel).xlsx,sales2017,455,5,12634,2017-06-15,CAM SUR,#REF!,2,750,1500,,0,2,262.86,525.72,974.28
raw_sales_report,Medshield (Keith San Miguel).xlsx,sales2017,456,5,12635,2017-06-22,CAM SUR,#REF!,1,800,800,,0,1,225,225,575
raw_sales_report,Medshield (Keith San Miguel).xlsx,sales2017,457,5,12636,2017-06-22,CAM SUR,#REF!,24,95,2280,,0,24,75.6,1814.3999999999999,465.60000000000014
raw_sales_report,Medshield (Keith San Miguel).xlsx,sales2017,458,5,12636,2017-06-22,CAM SUR,#REF!,1,1300,1300,,0,1,345,345,955
raw_sales_report,Medshield (Keith San Miguel).xlsx,sales2017,459,5,12637,2017-06-22,CAM SUR,#REF!,2,800,1600,,0,2,225,450,1150
raw_sales_report,Medshield (Keith San Miguel).xlsx,sales2017,460,5,12638,2017-06-27,CAM SUR,#REF!,15,310,4650,,0,15,129.7,1945.4999999999998,2704.5
raw_sales_report,Medshield (Keith San Miguel).xlsx,sales2017,461,5,12638,2017-06-27,CAM SUR,#REF!,5,75,375,,0,5,24.5,122.5,252.5
raw_sales_report,Medshield (Keith San Miguel).xlsx,sales2017,462,5,12639,2017-06-27,CAM SUR,#REF!,1,3000,3000,,0,1,1450,1450,1550
raw_sales_report,Medshield (Keith San Miguel).xlsx,sales2017,463,5,12639,2017-06-27,CAM SUR,#REF!,10,190,1900,,0,10,75.6,756,1144
raw_sales_report,Medshield (Keith San Miguel).xlsx,sales2017,464,5,12639,2017-06-27,CAM SUR,#REF!,9,175,1575,,0,9,55,495,1080
raw_sales_report,Medshield (Keith San Miguel).xlsx,sales2017,465,5,12639,2017-06-27,CAM SUR,#REF!,6,125,750,,0,6,35,210,540
raw_sales_report,Medshield (Keith San Miguel).xlsx,sales2017,466,5,12639,2017-06-27,CAM SUR,#REF!,12,68,816,,0,12,21,252,564
raw_sales_report,Medshield (Keith San Miguel).xlsx,sales2017,467,5,12639,2017-06-27,CAM SUR,#REF!,8,80,640,,0,8,23.45,187.6,452.4
raw_sales_report,Medshield (Keith San Miguel).xlsx,sales2017,468,5,12640,2017-06-27,CAM SUR,#REF!,12,75,900,,0,12,24.5,294,606
raw_sales_report,Medshield (Keith San Miguel).xlsx,sales2017,469,5,12641,2017-06-28,CAM SUR,#REF!,1,885,885,,0,1,265,265,620
raw_sales_report,Medshield (Keith San Miguel).xlsx,sales2017,470,5,12641,2017-06-28,CAM SUR,#REF!,1,2700,2700,,0,1,1173.6,1173.6,1526.4
raw_sales_report,Medshield (Keith San Miguel).xlsx,sales2017,471,5,12641,2017-06-28,CAM SUR,#REF!,1,800,800,,0,1,225,225,575
raw_sales_report,Medshield (Keith San Miguel).xlsx,sales2017,472,5,12642,2017-06-28,CAM SUR,#REF!,10,190,1900,,0,10,75.6,756,1144
raw_sales_report,Medshield (Keith San Miguel).xlsx,sales2017,473,5,12642,2017-06-28,CAM SUR,#REF!,10,310,3100,,0,10,129.7,1297,1803
raw_sales_report,Medshield (Keith San Miguel).xlsx,sales2017,474,5,12643,2017-06-28,CAM SUR,#REF!,20,220,4400,,0,20,23,460,3940
raw_sales_report,Medshield (Keith San Miguel).xlsx,sales2017,475,5,12644,2017-06-28,CAM SUR,#REF!,2,1200,2400,,0,3,345,1035,1365
raw_sales_report,Medshield (Keith San Miguel).xlsx,sales2017,476,5,12645,2017-06-29,CAM SUR,#REF!,2,2700,5400,,0,2,1173,2346,3054
raw_sales_report,Medshield (Keith San Miguel).xlsx,sales2017,477,5,12645,2017-06-29,CAM SUR,#REF!,6,190,1140,,0,6,75.6,453.59999999999997,686.4000000000001
raw_sales_report,Medshield (Keith San Miguel).xlsx,sales2017,478,5,12645,2017-06-29,CAM SUR,#REF!,1,885,885,,0,1,196,196,689
raw_sales_report,Medshield (Keith San Miguel).xlsx,sales2017,479,5,12646,2017-06-29,CAM SUR,#REF!,1,855,855,,0,1,122,122,733
raw_sales_report,Medshield (Keith San Miguel).xlsx,sales2017,480,5,12647,2017-06-29,CAM SUR,#REF!,2,500,1000,,0,2,133,266,734
raw_sales_report,Medshield (Keith San Miguel).xlsx,sales2017,481,5,12648,2017-06-29,CAM SUR,#REF!,1,3000,3000,,0,1,1450,1450,1550
raw_sales_report,Medshield (Keith San Miguel).xlsx,sales2017,482,5,12649,2017-06-29,CAM SUR,#REF!,1,2720,2720,,0,1,1173.6,1173.6,1546.4
raw_sales_report,Medshield (Keith San Miguel).xlsx,sales2017,483,5,12911,2017-06-09,CAVITE,#REF!,6,80,480,,0,6,24.47,146.82,333.18
raw_sales_report,Medshield (Keith San Miguel).xlsx,sales2017,484,5,12912,2017-06-09,CAVITE,#REF!,2,3000,6000,0.2,1200,2,1450,2900,1900
raw_sales_report,Medshield (Keith San Miguel).xlsx,sales2017,485,5,12913,2017-06-14,CAVITE,#REF!,1,1150,1150,0.2,230,1,345,345,575
raw_sales_report,Medshield (Keith San Miguel).xlsx,sales2017,486,5,12914,2017-06-14,CAVITE,#REF!,1,2790,2790,0.2,558,1,1173.6,1173.6,1058.4
raw_sales_report,Medshield (Keith San Miguel).xlsx,sales2017,487,5,12915,2017-06-14,CAVITE,#REF!,10,980,9800,,0,10,280,2800,7000
raw_sales_report,Medshield (Keith San Miguel).xlsx,sales2017,488,5,12915,2017-06-14,CAVITE,#REF!,10,1150,11500,,0,10,365,3650,7850
raw_sales_report,Medshield (Keith San Miguel).xlsx,sales2017,489,5,12915,2017-06-14,CAVITE,#REF!,5,1320,6600,,0,5,300,1500,5100
raw_sales_report,Medshield (Keith San Miguel).xlsx,sales2017,490,5,12915,2017-06-14,CAVITE,#REF!,2,160,320,,0,2,40,80,240
raw_sales_report,Medshield (Keith San Miguel).xlsx,sales2017,491,5,12915,2017-06-14,CAVITE,#REF!,3,260,780,,0,3,260,780,0
raw_sales_report,Medshield (Keith San Miguel).xlsx,sales2017,492,5,12916,2017-06-15,CAVITE,#REF!,2,1150,2300,0.3,690,3,345,1035,575
raw_sales_report,Medshield (Keith San Miguel).xlsx,sales2017,493,5,12917,2017-06-15,CAVITE,#REF!,10,1980,19800,0.4,7920,10,500,5000,6880
raw_sales_report,Medshield (Keith San Miguel).xlsx,sales2017,494,5,12918,2017-06-15,cavite,#REF!,1,4800,4800,0.2,960,1,1872,1872,1968
raw_sales_report,Medshield (Keith San Miguel).xlsx,sales2017,495,5,12919,2017-06-16,CAVITE,#REF!,2,3000,6000,,0,2,1450,2900,3100
raw_sales_report,Medshield (Keith San Miguel).xlsx,sales2017,496,5,12920,2017-06-23,cavite,#REF!,1,4800,4800,0.2,960,1,1872,1872,1968
raw_sales_report,Medshield (Keith San Miguel).xlsx,sales2017,497,5,12921,2017-06-27,CAVITE,#REF!,2,1150,2300,,0,3,345,1035,1265
raw_sales_report,Medshield (Keith San Miguel).xlsx,sales2017,498,5,12922,2017-06-29,CAVITE,#REF!,1,3000,3000,,0,1,1450,1450,1550
raw_sales_report,Medshield (Keith San Miguel).xlsx,sales2017,499,5,13018,2017-06-21,RAKKK,#REF!,,,0,,0,0,,0,0
raw_sales_report,Medshield (Keith San Miguel).xlsx,sales2017,500,5,13118,2017-05-17,CAM NORTE,#REF!,2,750,1500,,0,2,227.55,455.1,1044.9
raw_sales_report,Medshield (Keith San Miguel).xlsx,sales2017,501,5,13128,2017-06-06,CAM SUR,#REF!,2,1833.3333333333333,3666.6666666666665,,0,3,980,2940,726.6666666666665
raw_sales_report,Medshield (Keith San Miguel).xlsx,sales2017,502,5,13129,2017-06-06,CAM NORTE,#REF!,2,750,1500,,0,2,227.5,455,1045
raw_sales_report,Medshield (Keith San Miguel).xlsx,sales2017,503,5,13129,2017-06-06,CAM NORTE,#REF!,1,1070,1070,,0,1,319,319,751
raw_sales_report,Medshield (Keith San Miguel).xlsx,sales2017,504,5,13129,2017-06-06,CAM NORTE,#REF!,1,1425,1425,,0,1,445,445,980
raw_sales_report,Medshield (Keith San Miguel).xlsx,sales2017,505,5,13130,2017-06-08,CAM NORTE,#REF!,1,2100,2100,,0,1,685,685,1415
raw_sales_report,Medshield (Keith San Miguel).xlsx,sales2017,506,5,13131,2017-06-14,CAM NORTE,#REF!,6,58,348,,0,6,16.8,100.80000000000001,247.2
raw_sales_report,Medshield (Keith San Miguel).xlsx,sales2017,507,5,13131,2017-06-14,CAM NORTE,#REF!,6,78,468,,0,6,24.38,146.28,321.72
raw_sales_report,Medshield (Keith San Miguel).xlsx,sales2017,508,5,13132,2017-06-14,CAM NORTE,#REF!,2,1456,2912,,0,2,333,666,2246
raw_sales_report,Medshield (Keith San Miguel).xlsx,sales2017,509,5,13133,2017-06-14,CAM NORTE,#REF!,2,750,1500,,0,2,227.5,455,1045
raw_sales_report,Medshield (Keith San Miguel).xlsx,sales2017,510,5,13134,2017-06-14,CAM NORTE,#REF!,1,2820,2820,,0,1,1173.6,1173.6,1646.4
raw_sales_report,Medshield (Keith San Miguel).xlsx,sales2017,511,5,13135,2017-06-14,CAM NORTE,#REF!,1,1165,1165,,0,1,365.89,365.89,799.11
raw_sales_report,Medshield (Keith San Miguel).xlsx,sales2017,512,5,13135,2017-06-14,CAM NORTE,#REF!,1,1900,1900,,0,1,595,595,1305
raw_sales_report,Medshield (Keith San Miguel).xlsx,sales2017,513,5,13135,2017-06-14,CAM NORTE,#REF!,1,1800,1800,,0,1,540,540,1260
raw_sales_report,Medshield (Keith San Miguel).xlsx,sales2017,514,5,13135,2017-06-14,CAM NORTE,#REF!,2,1800,3600,,0,2,535,1070,2530
raw_sales_report,Medshield (Keith San Miguel).xlsx,sales2017,515,5,13136,2017-06-16,CAM NORTE,#REF!,6,2100,12600,,0,6,685,4110,8490
raw_sales_report,Medshield (Keith San Miguel).xlsx,sales2017,516,5,13136,2017-06-16,CAM NORTE,#REF!,6,750,4500,,0,6,227.5,1365,3135
raw_sales_report,Medshield (Keith San Miguel).xlsx,sales2017,517,5,13136,2017-06-16,CAM NORTE,#REF!,8,1800,14400,,0,8,535,4280,10120
raw_sales_report,Medshield (Keith San Miguel).xlsx,sales2017,518,5,13136,2017-06-16,CAM NORTE,#REF!,10,80,800,,0,10,24.5,245,555
raw_sales_report,Medshield (Keith San Miguel).xlsx,sales2017,519,5,13136,2017-06-16,CAM NORTE,#REF!,2,198,396,,0,2,55,110,286
raw_sales_report,Medshield (Keith San Miguel).xlsx,sales2017,520,5,13136,2017-06-16,CAM NORTE,#REF!,2,1050,2100,,0,2,319,638,1462
raw_sales_report,Medshield (Keith San Miguel).xlsx,sales2017,521,5,13136,2017-06-16,CAM NORTE,#REF!,6,180,1080,,0,6,56,336,744
raw_sales_report,Medshield (Keith San Miguel).xlsx,sales2017,522,5,13137,2017-06-16,CAM NORTE,#REF!,1,1200,1200,,0,1,345,345,855
raw_sales_report,Medshield (Keith San Miguel).xlsx,sales2017,523,5,13137,2017-06-16,CAM NORTE,#REF!,1,1000,1000,,0,1,155,155,845
raw_sales_report,Medshield (Keith San Miguel).xlsx,sales2017,524,5,13137,2017-06-16,CAM NORTE,#REF!,1,1600,1600,,0,1,480.9,480.9,1119.1
raw_sales_report,Medshield (Keith San Miguel).xlsx,sales2017,525,5,13137,2017-06-16,CAM NORTE,#REF!,1,800,800,,0,1,225,225,575
raw_sales_report,Medshield (Keith San Miguel).xlsx,sales2017,526,5,13137,2017-06-16,CAM NORTE,#REF!,12,88,1056,,0,12,24.47,293.64,762.36
raw_sales_report,Medshield (Keith San Miguel).xlsx,sales2017,527,5,13137,2017-06-16,CAM NORTE,#REF!,13,145,1885,,0,13,47,611,1274
raw_sales_report,Medshield (Keith San Miguel).xlsx,sales2017,528,5,13139,2017-06-16,CAM NORTE,#REF!,1,650,650,,0,1,187.5,187.5,462.5
raw_sales_report,Medshield (Keith San Miguel).xlsx,sales2017,529,5,13139,2017-06-16,CAM NORTE,#REF!,1,850,850,,0,1,155,155,695
raw_sales_report,Medshield (Keith San Miguel).xlsx,sales2017,530,5,13139,2017-06-16,CAM NORTE,#REF!,6,88,528,,0,6,24.47,146.82,381.18
raw_sales_report,Medshield (Keith San Miguel).xlsx,sales2017,531,5,13139,2017-06-16,CAM NORTE,#REF!,6,190,1140,,0,6,75.6,453.59999999999997,686.4000000000001
raw_sales_report,Medshield (Keith San Miguel).xlsx,sales2017,532,5,13139,2017-06-16,CAM NORTE,#REF!,6,175,1050,,0,6,42,252,798
raw_sales_report,Medshield (Keith San Miguel).xlsx,sales2017,533,5,13140,2017-06-10,CAM NORTE,#REF!,1,3000,3000,,0,1,1450,1450,1550
raw_sales_report,Medshield (Keith San Miguel).xlsx,sales2017,534,5,13140,2017-06-10,CAM NORTE,#REF!,1,1800,1800,,0,1,535,535,1265
raw_sales_report,Medshield (Keith San Miguel).xlsx,sales2017,535,5,13141,2017-06-16,CAM NORTE,#REF!,2,650,1300,,0,2,155,310,990
raw_sales_report,Medshield (Keith San Miguel).xlsx,sales2017,536,5,13142,2017-06-16,CAM NORTE,#REF!,1,1600,1600,,0,1,480.9,480.9,1119.1
raw_sales_report,Medshield (Keith San Miguel).xlsx,sales2017,537,5,13143,2017-06-16,CAM NORTE,#REF!,1,1600,1600,,0,1,480.9,480.9,1119.1
raw_sales_report,Medshield (Keith San Miguel).xlsx,sales2017,538,5,13144,2017-06-19,CAM NORTE,#REF!,22,380,8360,,0,22,73,1606,6754
raw_sales_report,Medshield (Keith San Miguel).xlsx,sales2017,539,5,13145,2017-06-19,CAM NORTE,#REF!,11,380,4180,,0,11,73,803,3377
raw_sales_report,Medshield (Keith San Miguel).xlsx,sales2017,540,5,13146,2017-06-19,CAM NORTE,#REF!,30,80,2400,,0,30,23.445,703.35,1696.65
raw_sales_report,Medshield (Keith San Miguel).xlsx,sales2017,541,5,13147,2017-06-19,CAM NORTE,#REF!,20,180,3600,,0,20,56,1120,2480
raw_sales_report,Medshield (Keith San Miguel).xlsx,sales2017,542,5,13148,2017-06-20,CAM NORTE,#REF!,50,78,3900,,0,50,24.38,1219,2681
raw_sales_report,Medshield (Keith San Miguel).xlsx,sales2017,543,5,13148,2017-06-20,CAM NORTE,#REF!,30,85,2550,,0,30,24,720,1830
raw_sales_report,Medshield (Keith San Miguel).xlsx,sales2017,544,5,13149,2017-06-21,CAM NORTE,#REF!,2,800,1600,,0,2,225,450,1150
raw_sales_report,Medshield (Keith San Miguel).xlsx,sales2017,545,5,13149,2017-06-21,CAM NORTE,#REF!,1,870,870,,0,1,182.5,182.5,687.5
raw_sales_report,Medshield (Keith San Miguel).xlsx,sales2017,546,5,13149,2017-06-21,CAM NORTE,#REF!,1,3000,3000,,0,1,1450,1450,1550
raw_sales_report,Medshield (Keith San Miguel).xlsx,sales2017,547,5,13150,2017-06-21,CAM NORTE,#REF!,2,750,1500,,0,2,227.5,455,1045
raw_sales_report,Medshield (Keith San Miguel).xlsx,sales2017,548,5,13151,2017-06-30,GOVERNMENT,#REF!,,,0,,0,0,,0,0
raw_sales_report,Medshield (Keith San Miguel).xlsx,sales2017,549,5,13152,2017-06-30,GOVERNMENT,#REF!,,,0,,0,0,,0,0
raw_sales_report,Medshield (Keith San Miguel).xlsx,sales2017,550,5,13153,2017-06-30,GOVERNMENT,#REF!,,,0,,0,0,,0,0
raw_sales_report,Medshield (Keith San Miguel).xlsx,sales2017,551,5,13154,2017-06-30,GOVERNMENT,#REF!,,,0,,0,0,,0,0
raw_sales_report,Medshield (Keith San Miguel).xlsx,sales2017,552,5,13156,2017-06-30,GOVERNMENT,#REF!,,,0,,0,0,,0,0
raw_sales_report,Medshield (Keith San Miguel).xlsx,sales2017,553,5,13157,2017-06-30,GOVERNMENT,#REF!,,,0,,0,0,,0,0
raw_sales_report,Medshield (Keith San Miguel).xlsx,sales2017,554,5,13158,2017-06-30,GOVERNMENT,#REF!,,,0,,0,0,,0,0
raw_sales_report,Medshield (Keith San Miguel).xlsx,sales2017,555,5,13159,2017-06-30,GOVERNMENT,#REF!,,,0,,0,0,,0,0
raw_sales_report,Medshield (Keith San Miguel).xlsx,sales2017,556,5,13160,2017-06-30,GOVERNMENT,#REF!,,,0,,0,0,,0,0
raw_sales_report,Medshield (Keith San Miguel).xlsx,sales2017,557,5,13161,2017-06-30,GOVERNMENT,#REF!,,,0,,0,0,,0,0
raw_sales_report,Medshield (Keith San Miguel).xlsx,sales2017,558,5,13247,2017-06-09,BATANGAS,#REF!,1,2700,2700,0.05,135,1,1173.6,1173.6,1391.4
raw_sales_report,Medshield (Keith San Miguel).xlsx,sales2017,559,5,13247,2017-06-09,BATANGAS,#REF!,10,300,3000,0.05,150,10,129.7,1297,1553
raw_sales_report,Medshield (Keith San Miguel).xlsx,sales2017,560,5,13247,2017-06-09,BATANGAS,#REF!,2,1300,2600,0.05,130,2,200,400,2070
raw_sales_report,Medshield (Keith San Miguel).xlsx,sales2017,561,5,13247,2017-06-09,BATANGAS,#REF!,1,2250,2250,0.05,112.5,1,750,750,1387.5
raw_sales_report,Medshield (Keith San Miguel).xlsx,sales2017,562,5,13248,2017-06-09,BATANGAS,#REF!,1,500,500,0.05,25,1,133,133,342
raw_sales_report,Medshield (Keith San Miguel).xlsx,sales2017,563,5,13248,2017-06-09,BATANGAS,#REF!,2,1800,3600,0.05,180,2,595,1190,2230
raw_sales_report,Medshield (Keith San Miguel).xlsx,sales2017,564,5,13257,2017-06-08,HOSPITAL,#REF!,700,120,84000,,0,700,25,17500,66500
raw_sales_report,Medshield (Keith San Miguel).xlsx,sales2017,565,5,13258,2017-06-08,HOSPITAL,#REF!,15,1800,27000,,0,15,590,8850,18150
raw_sales_report,Medshield (Keith San Miguel).xlsx,sales2017,566,5,13262,2017-06-17,HOSPITAL,#REF!,1,930,930,,0,1,384,384,546
raw_sales_report,Medshield (Keith San Miguel).xlsx,sales2017,567,5,13262,2017-06-17,HOSPITAL,#REF!,2,1550,3100,,0,2,458,916,2184
raw_sales_report,Medshield (Keith San Miguel).xlsx,sales2017,568,5,13262,2017-06-17,HOSPITAL,#REF!,1,700,700,,0,1,235,235,465
raw_sales_report,Medshield (Keith San Miguel).xlsx,sales2017,569,5,13262,2017-06-17,HOSPITAL,#REF!,5,3000,15000,,0,5,750,3750,11250
raw_sales_report,Medshield (Keith San Miguel).xlsx,sales2017,570,5,13263,2017-06-06,HOSPITAL,#REF!,30,4800,144000,,0,30,1872,56160,87840
raw_sales_report,Medshield (Keith San Miguel).xlsx,sales2017,571,5,13264,2017-06-30,HOSPITAL,#REF!,1,870,870,,0,1,182.5,182.5,687.5
raw_sales_report,Medshield (Keith San Miguel).xlsx,sales2017,572,5,13264,2017-06-30,HOSPITAL,#REF!,1,1900,1900,,0,1,595,595,1305
raw_sales_report,Medshield (Keith San Miguel).xlsx,sales2017,573,5,13264,2017-06-30,HOSPITAL,#REF!,1,930,930,,0,1,384,384,546
raw_sales_report,Medshield (Keith San Miguel).xlsx,sales2017,574,5,13264,2017-06-30,HOSPITAL,#REF!,3,2800,8400,,0,3,1173.6,3520.7999999999997,4879.200000000001
raw_sales_report,Medshield (Keith San Miguel).xlsx,sales2017,575,5,13264,2017-06-30,HOSPITAL,#REF!,5,4600,23000,,0,5,120,600,22400
raw_sales_report,Medshield (Keith San Miguel).xlsx,sales2017,576,5,13264,2017-06-30,HOSPITAL,#REF!,2,800,1600,,0,2,100,200,1400
raw_sales_report,Medshield (Keith San Miguel).xlsx,sales2017,577,5,13264,2017-06-30,HOSPITAL,#REF!,1,700,700,,0,1,235,235,465
raw_sales_report,Medshield (Keith San Miguel).xlsx,sales2017,578,5,13264,2017-06-30,HOSPITAL,#REF!,5,3000,15000,,0,5,210,1050,13950
raw_sales_report,Medshield (Keith San Miguel).xlsx,sales2017,579,5,13264,2017-06-30,HOSPITAL,#REF!,2,1750,3500,,0,2,415,830,2670
raw_sales_report,Medshield (Keith San Miguel).xlsx,sales2017,580,5,13264,2017-06-30,HOSPITAL,#REF!,1,3900,3900,,0,1,1872,1872,2028
raw_sales_report,Medshield (Keith San Miguel).xlsx,sales2017,581,5,13362,2017-05-30,BATANGAS,#REF!,5,2530,12650,,0,5,750,3750,8900
raw_sales_report,Medshield (Keith San Miguel).xlsx,sales2017,582,5,13363,2017-05-30,BATANGAS,#REF!,2,2970,5940,,0,2,1173.6,2347.2,3592.8
raw_sales_report,Medshield (Keith San Miguel).xlsx,sales2017,583,5,13364,2017-05-30,BATANGAS,#REF!,12,350,4200,0.1,420,12,110,1320,2460
raw_sales_report,Medshield (Keith San Miguel).xlsx,sales2017,584,5,13364,2017-05-30,BATANGAS,#REF!,4,350,1400,0.1,140,4,45,180,1080
raw_sales_report,Medshield (Keith San Miguel).xlsx,sales2017,585,5,13366,2017-06-06,BATANGAS,#REF!,2,960,1920,0.1,192,2,225,450,1278
raw_sales_report,Medshield (Keith San Miguel).xlsx,sales2017,586,5,13367,2017-06-06,BATANGAS,#REF!,5,160,800,0.1,80,5,47,235,485
raw_sales_report,Medshield (Keith San Miguel).xlsx,sales2017,587,5,13368,2017-06-06,BATANGAS,#REF!,7,84,588,0.1,58.800000000000004,7,26.25,183.75,345.45000000000005
raw_sales_report,Medshield (Keith San Miguel).xlsx,sales2017,588,5,13369,2017-06-06,BATANGAS,#REF!,12,72,864,,0,12,23,276,588
raw_sales_report,Medshield (Keith San Miguel).xlsx,sales2017,589,5,13370,2017-06-06,BATANGAS,#REF!,3,2300,6900,,0,3,595,1785,5115
raw_sales_report,Medshield (Keith San Miguel).xlsx,sales2017,590,5,13371,2017-06-06,BATANGAS,#REF!,9,600,5400,,0,9,158,1422,3978
raw_sales_report,Medshield (Keith San Miguel).xlsx,sales2017,591,5,13372,2017-06-06,BATANGAS,#REF!,2,1020,2040,,0,2,260,520,1520
raw_sales_report,Medshield (Keith San Miguel).xlsx,sales2017,592,5,13373,2017-06-06,BATANGAS,#REF!,3,3360,10080,,0,3,1173,3519,6561
raw_sales_report,Medshield (Keith San Miguel).xlsx,sales2017,593,5,13374,2017-06-06,BATANGAS,#REF!,3,3360,10080,,0,3,1173.6,3520.7999999999997,6559.200000000001
raw_sales_report,Medshield (Keith San Miguel).xlsx,sales2017,594,5,13375,2017-06-06,BATANGAS,#REF!,2,900,1800,,0,2,225,450,1350
raw_sales_report,Medshield (Keith San Miguel).xlsx,sales2017,595,5,13376,2017-06-06,BATANGAS,#REF!,3,1098,3294,,0,3,345,1035,2259
raw_sales_report,Medshield (Keith San Miguel).xlsx,sales2017,596,5,13377,2017-06-06,BATANGAS,#REF!,5,1300,6500,,0,5,200,1000,5500
raw_sales_report,Medshield (Keith San Miguel).xlsx,sales2017,597,5,13378,2017-06-06,BATANGAS,#REF!,2,1335,2670,,0,2,445,890,1780
raw_sales_report,Medshield (Keith San Miguel).xlsx,sales2017,598,5,13379,2017-06-06,BATANGAS,#REF!,6,190,1140,,0,6,75.6,453.59999999999997,686.4000000000001
raw_sales_report,Medshield (Keith San Miguel).xlsx,sales2017,599,5,13380,2017-06-06,BATANGAS,#REF!,30,380,11400,,0,30,110,3300,8100
raw_sales_report,Medshield (Keith San Miguel).xlsx,sales2017,600,5,13381,2017-06-06,BATANGAS,#REF!,5,990,4950,,0,5,300,1500,3450
raw_sales_report,Medshield (Keith San Miguel).xlsx,sales2017,601,5,13382,2017-06-06,BATANGAS,#REF!,5,2970,14850,,0,5,1173.6,5868,8982
raw_sales_report,Medshield (Keith San Miguel).xlsx,sales2017,602,5,13383,2017-06-06,BATANGAS,#REF!,2,1980,3960,,0,2,595,1190,2770
raw_sales_report,Medshield (Keith San Miguel).xlsx,sales2017,603,5,13383,2017-06-06,BATANGAS,#REF!,4,935,3740,,0,4,260,1040,2700
raw_sales_report,Medshield (Keith San Miguel).xlsx,sales2017,604,5,13384,2017-06-06,BATANGAS,#REF!,3,1800,5400,,0,3,630,1890,3510
raw_sales_report,Medshield (Keith San Miguel).xlsx,sales2017,605,5,13385,2017-06-06,BATANGAS,#REF!,2,1800,3600,,0,2,630,1260,2340
raw_sales_report,Medshield (Keith San Miguel).xlsx,sales2017,606,5,13386,2017-06-06,BATANGAS,#REF!,1,1335,1335,,0,1,445,445,890
raw_sales_report,Medshield (Keith San Miguel).xlsx,sales2017,607,5,13387,2017-06-06,BATANGAS,#REF!,5,180,900,,0,5,48,240,660
raw_sales_report,Medshield (Keith San Miguel).xlsx,sales2017,608,5,13388,2017-06-06,batangas,#REF!,10,96,960,,0,10,25,250,710
raw_sales_report,Medshield (Keith San Miguel).xlsx,sales2017,609,5,13389,2017-06-16,BATANGAS,#REF!,1,2300,2300,,0,1,595,595,1705
raw_sales_report,Medshield (Keith San Miguel).xlsx,sales2017,610,5,13390,2017-06-16,BATANGAS,#REF!,5,600,3000,,0,5,158,790,2210
raw_sales_report,Medshield (Keith San Miguel).xlsx,sales2017,611,5,13391,2017-06-16,BATANGAS,#REF!,1,3360,3360,,0,1,1173.6,1173.6,2186.4
raw_sales_report,Medshield (Keith San Miguel).xlsx,sales2017,612,5,13392,2017-06-16,BATANGAS,#REF!,1,3360,3360,,0,1,1173.6,1173.6,2186.4
raw_sales_report,Medshield (Keith San Miguel).xlsx,sales2017,613,5,13393,2017-06-16,BATANGAS,#REF!,2,1098,2196,,0,2,345,690,1506
raw_sales_report,Medshield (Keith San Miguel).xlsx,sales2017,614,5,13394,2017-06-16,BATANGAS,#REF!,2,1026,2052,,0,2,270,540,1512
raw_sales_report,Medshield (Keith San Miguel).xlsx,sales2017,615,5,13395,2017-06-06,BATANGAS,#REF!,24,60,1440,,0,24,23,552,888
raw_sales_report,Medshield (Keith San Miguel).xlsx,sales2017,616,5,13396,2017-06-06,BATANGAS,#REF!,25,80,2000,,0,25,24.47,611.75,1388.25
raw_sales_report,Medshield (Keith San Miguel).xlsx,sales2017,617,5,13397,2017-06-06,BATANGAS,#REF!,25,365,9125,,0,25,148,3700,5425
raw_sales_report,Medshield (Keith San Miguel).xlsx,sales2017,618,5,13398,2017-06-06,BATANGAS,#REF!,11,150,1650,,0,11,48.65,535.15,1114.85
raw_sales_report,Medshield (Keith San Miguel).xlsx,sales2017,619,5,13399,2017-06-16,BATANGAS,#REF!,12,300,3600,,0,12,129.7,1556.3999999999999,2043.6000000000001
raw_sales_report,Medshield (Keith San Miguel).xlsx,sales2017,620,5,13400,2017-06-09,BATANGAS,#REF!,20,300,6000,,0,20,129.7,2594,3406
raw_sales_report,Medshield (Keith San Miguel).xlsx,sales2017,621,5,13400,2017-06-09,BATANGAS,#REF!,5,500,2500,,0,5,225,1125,1375
raw_sales_report,Medshield (Keith San Miguel).xlsx,sales2017,622,5,13449,2017-06-15,CAM SUR,#REF!,12,94,1128,,0,12,23.45,281.4,846.6
raw_sales_report,Medshield (Keith San Miguel).xlsx,sales2017,623,5,13450,2017-06-15,CAM SUR,#REF!,1,1600,1600,,0,1,480.9,480.9,1119.1
raw_sales_report,Medshield (Keith San Miguel).xlsx,sales2017,624,5,13461,2017-06-06,LAGUNA,#REF!,2,900,1800,,0,2,247.2,494.4,1305.6
raw_sales_report,Medshield (Keith San Miguel).xlsx,sales2017,625,5,13462,2017-06-06,LAGUNA,#REF!,2,2500,5000,,0,2,240,480,4520
raw_sales_report,Medshield (Keith San Miguel).xlsx,sales2017,626,5,13462,2017-06-06,LAGUNA,#REF!,3,4000,12000,,0,3,650,1950,10050
raw_sales_report,Medshield (Keith San Miguel).xlsx,sales2017,627,5,13463,2017-06-06,LAGUNA,#REF!,20,157.5,3150,,0,20,25,500,2650
raw_sales_report,Medshield (Keith San Miguel).xlsx,sales2017,628,5,13463,2017-06-06,LAGUNA,#REF!,30,640,19200,,0,30,110,3300,15900
raw_sales_report,Medshield (Keith San Miguel).xlsx,sales2017,629,5,13464,2017-05-09,LAGUNA,#REF!,40,190,7600,,0,40,73,2920,4680
raw_sales_report,Medshield (Keith San Miguel).xlsx,sales2017,630,5,13464,2017-05-09,LAGUNA,#REF!,2,1225,2450,,0,2,415,830,1620
raw_sales_report,Medshield (Keith San Miguel).xlsx,sales2017,631,5,13464,2017-05-09,LAGUNA,#REF!,2,2100,4200,,0,2,1450,2900,1300
raw_sales_report,Medshield (Keith San Miguel).xlsx,sales2017,632,5,13465,2017-06-07,LAGUNA,#REF!,264,264,69696,,0,264,28,7392,62304
raw_sales_report,Medshield (Keith San Miguel).xlsx,sales2017,633,5,13465,2017-06-07,LAGUNA,#REF!,2,1250,2500,,0,2,365,730,1770
raw_sales_report,Medshield (Keith San Miguel).xlsx,sales2017,634,5,13465,2017-06-07,LAGUNA,#REF!,9,60,540,,0,9,17,153,387
raw_sales_report,Medshield (Keith San Miguel).xlsx,sales2017,635,5,13465,2017-06-07,LAGUNA,#REF!,3,975,2925,,0,3,307,921,2004
raw_sales_report,Medshield (Keith San Miguel).xlsx,sales2017,636,5,13465,2017-06-07,LAGUNA,#REF!,4,950,3800,,0,4,30,120,3680
raw_sales_report,Medshield (Keith San Miguel).xlsx,sales2017,637,5,13466,2017-06-08,LAGUNA,#REF!,2,1800,3600,,0,2,540,1080,2520
raw_sales_report,Medshield (Keith San Miguel).xlsx,sales2017,638,5,13467,2017-06-08,LAGUNA,#REF!,10,200,2000,,0,10,155,1550,450
raw_sales_report,Medshield (Keith San Miguel).xlsx,sales2017,639,5,13468,2017-06-19,LAGUNA,#REF!,2,683,1366,,0,2,202.5,405,961
raw_sales_report,Medshield (Keith San Miguel).xlsx,sales2017,640,5,13468,2017-06-19,LAGUNA,#REF!,2,990,1980,,0,2,384,768,1212
raw_sales_report,Medshield (Keith San Miguel).xlsx,sales2017,641,5,13469,2017-06-19,LAGUNA,#REF!,2,140,280,,0,2,90,180,100
raw_sales_report,Medshield (Keith San Miguel).xlsx,sales2017,642,5,13470,2017-06-13,LAGUNA,#REF!,20,190,3800,,0,20,73,1460,2340
raw_sales_report,Medshield (Keith San Miguel).xlsx,sales2017,643,5,13471,2017-06-13,LAGUNA,#REF!,50,190,9500,,0,50,73,3650,5850
raw_sales_report,Medshield (Keith San Miguel).xlsx,sales2017,644,5,13472,2017-06-15,LAGUNA,#REF!,2,1500,3000,,0,2,445,890,2110
raw_sales_report,Medshield (Keith San Miguel).xlsx,sales2017,645,5,13473,2017-06-15,LAGUNA,#REF!,30,279.99,8399.7,,0,30,81,2430,5969.700000000001
raw_sales_report,Medshield (Keith San Miguel).xlsx,sales2017,646,5,13473,2017-06-15,LAGUNA,#REF!,3,1800,5400,,0,3,550,1650,3750
raw_sales_report,Medshield (Keith San Miguel).xlsx,sales2017,647,5,13474,2017-06-15,LAGUNA,#REF!,1,2790,2790,,0,1,1173.6,1173.6,1616.4
raw_sales_report,Medshield (Keith San Miguel).xlsx,sales2017,648,5,13474,2017-06-15,LAGUNA,#REF!,6,310,1860,,0,6,129.7,778.1999999999999,1081.8000000000002
raw_sales_report,Medshield (Keith San Miguel).xlsx,sales2017,649,5,13474,2017-06-15,LAGUNA,#REF!,6,190,1140,,0,6,75.6,453.59999999999997,686.4000000000001
raw_sales_report,Medshield (Keith San Miguel).xlsx,sales2017,650,5,13475,2017-06-15,LAGUNA,#REF!,1,800,800,,0,1,100,100,700
raw_sales_report,Medshield (Keith San Miguel).xlsx,sales2017,651,5,13476,2017-06-15,LAGUNA,#REF!,20,200,4000,,0,20,45,900,3100
raw_sales_report,Medshield (Keith San Miguel).xlsx,sales2017,652,5,13477,2017-06-15,LAGUNA,#REF!,20,200,4000,,0,20,45,900,3100
raw_sales_report,Medshield (Keith San Miguel).xlsx,sales2017,653,5,13479,2017-06-16,LAGUNA,#REF!,6,990,5940,,0,6,384,2304,3636
raw_sales_report,Medshield (Keith San Miguel).xlsx,sales2017,654,5,13480,2017-06-16,LAGUNA,#REF!,4,1400,5600,,0,4,90,360,5240
raw_sales_report,Medshield (Keith San Miguel).xlsx,sales2017,655,5,13481,2017-06-20,LAGUNA,#REF!,2,2270,4540,,0,2,525,1050,3490
raw_sales_report,Medshield (Keith San Miguel).xlsx,sales2017,656,5,13482,2017-06-21,LAGUNA,#REF!,2,2200,4400,,0,2,650,1300,3100
raw_sales_report,Medshield (Keith San Miguel).xlsx,sales2017,657,5,13484,2017-06-22,LAGUNA,#REF!,2,1800,3600,,0,2,540,1080,2520
raw_sales_report,Medshield (Keith San Miguel).xlsx,sales2017,658,5,13485,2017-06-22,LAGUNA,#REF!,6,870,5220,,0,6,182.5,1095,4125
raw_sales_report,Medshield (Keith San Miguel).xlsx,sales2017,659,5,13486,2017-06-22,LAGUNA,#REF!,10,200,2000,,0,10,75.6,756,1244
raw_sales_report,Medshield (Keith San Miguel).xlsx,sales2017,660,5,13487,2017-06-22,LAGUNA,#REF!,2,2800,5600,,0,2,1173.6,2347.2,3252.8
raw_sales_report,Medshield (Keith San Miguel).xlsx,sales2017,661,5,13488,2017-06-22,LAGUNA,#REF!,1,1800,1800,,0,1,535,535,1265
raw_sales_report,Medshield (Keith San Miguel).xlsx,sales2017,662,5,13489,2017-06-23,LAGUNA,#REF!,3,4000,12000,,0,3,650,1950,10050
raw_sales_report,Medshield (Keith San Miguel).xlsx,sales2017,663,5,13492,2017-06-27,LAGUNA,#REF!,5,500,2500,,0,5,250,1250,1250
raw_sales_report,Medshield (Keith San Miguel).xlsx,sales2017,664,5,13492,2017-06-27,LAGUNA,#REF!,3,385,1155,,0,3,168,504,651
raw_sales_report,Medshield (Keith San Miguel).xlsx,sales2017,665,5,13482,2017-06-20,LAGUNA,#REF!,2,682,1364,,0,2,184.09,368.18,995.8199999999999
raw_sales_report,Medshield (Keith San Miguel).xlsx,sales2017,666,5,13494,2017-06-20,LAGUNA,#REF!,1,820,820,,0,1,240,240,580
raw_sales_report,Medshield (Keith San Miguel).xlsx,sales2017,667,5,13496,2017-06-30,LAGUNA,#REF!,50,190,9500,,0,50,73,3650,5850
raw_sales_report,Medshield (Keith San Miguel).xlsx,sales2017,668,5,13496,2017-06-30,LAGUNA,#REF!,2,2100,4200,,0,2,1450,2900,1300
raw_sales_report,Medshield (Keith San Miguel).xlsx,sales2017,669,5,13496,2017-06-30,LAGUNA,#REF!,2,1225,2450,,0,2,415,830,1620
raw_sales_report,Medshield (Keith San Miguel).xlsx,sales2017,670,5,13506,2017-06-01,ADMIN,#REF!,36,85,3060,,0,36,26.25,945,2115
raw_sales_report,Medshield (Keith San Miguel).xlsx,sales2017,671,5,13506,2017-06-01,ADMIN,#REF!,5,820,4100,,0,5,293.33,1466.6499999999999,2633.3500000000004
raw_sales_report,Medshield (Keith San Miguel).xlsx,sales2017,672,5,13506,2017-06-01,ADMIN,#REF!,10,650,6500,,0,10,182.5,1825,4675
raw_sales_report,Medshield (Keith San Miguel).xlsx,sales2017,673,5,13506,2017-06-01,ADMIN,#REF!,2,3300,6600,,0,2,950,1900,4700
raw_sales_report,Medshield (Keith San Miguel).xlsx,sales2017,674,5,13506,2017-06-01,ADMIN,#REF!,10,900,9000,,0,10,384,3840,5160
raw_sales_report,Medshield (Keith San Miguel).xlsx,sales2017,675,5,13506,2017-06-01,ADMIN,#REF!,5,2400,12000,,0,5,525,2625,9375
raw_sales_report,Medshield (Keith San Miguel).xlsx,sales2017,676,5,13506,2017-06-01,ADMIN,#REF!,10,500,5000,,0,10,158,1580,3420
raw_sales_report,Medshield (Keith San Miguel).xlsx,sales2017,677,5,13507,2017-06-01,ADMIN,#REF!,50,1100,55000,,0,50,219,10950,44050
raw_sales_report,Medshield (Keith San Miguel).xlsx,sales2017,678,5,13507,2017-06-01,ADMIN,#REF!,10,1550,15500,,0,10,445,4450,11050
raw_sales_report,Medshield (Keith San Miguel).xlsx,sales2017,679,5,13508,2017-06-01,LAGUNA,#REF!,30,880,26400,,0,30,458.77,13763.099999999999,12636.900000000001
raw_sales_report,Medshield (Keith San Miguel).xlsx,sales2017,680,5,13508,2017-06-01,LAGUNA,#REF!,110,480,52800,,0,110,45,4950,47850
raw_sales_report,Medshield (Keith San Miguel).xlsx,sales2017,681,5,13508,2017-06-01,LAGUNA,#REF!,30,32,960,,0,30,8,240,720
raw_sales_report,Medshield (Keith San Miguel).xlsx,sales2017,682,5,13508,2017-06-01,LAGUNA,#REF!,100,42,4200,,0,100,6.5,650,3550
raw_sales_report,Medshield (Keith San Miguel).xlsx,sales2017,683,5,13508,2017-06-01,LAGUNA,#REF!,100,120,12000,,0,100,24,2400,9600
raw_sales_report,Medshield (Keith San Miguel).xlsx,sales2017,684,5,13508,2017-06-01,LAGUNA,#REF!,200,12.5,2500,,0,200,4.75,950,1550
raw_sales_report,Medshield (Keith San Miguel).xlsx,sales2017,685,5,13508,2017-06-01,LAGUNA,#REF!,110,490,53900,,0,110,95,10450,43450
raw_sales_report,Medshield (Keith San Miguel).xlsx,sales2017,686,5,13512,2017-06-06,ADMIN,#REF!,5,950,4750,0.2,950,5,310,1550,2250
raw_sales_report,Medshield (Keith San Miguel).xlsx,sales2017,687,5,13515,2017-06-14,ADMIN,#REF!,2,2100,4200,0.3,1260,2,685,1370,1570
raw_sales_report,Medshield (Keith San Miguel).xlsx,sales2017,688,5,13516,2017-06-14,ADMIN,#REF!,2,2100,4200,0.3,1260,2,685,1370,1570
raw_sales_report,Medshield (Keith San Miguel).xlsx,sales2017,689,5,13517,2017-06-14,ADMIN,#REF!,5,725,3625,,0,7,215,1505,2120
raw_sales_report,Medshield (Keith San Miguel).xlsx,sales2017,690,5,13517,2017-06-14,ADMIN,#REF!,5,1200,6000,,0,7,420,2940,3060
raw_sales_report,Medshield (Keith San Miguel).xlsx,sales2017,691,5,13517,2017-06-14,ADMIN,#REF!,5,950,4750,,0,7,310,2170,2580
raw_sales_report,Medshield (Keith San Miguel).xlsx,sales2017,692,5,13518,2017-06-15,ADMIN,#REF!,20,950,19000,,0,20,287.5,5750,13250
raw_sales_report,Medshield (Keith San Miguel).xlsx,sales2017,693,5,13518,2017-06-15,ADMIN,#REF!,30,112,3360,,0,30,35,1050,2310
raw_sales_report,Medshield (Keith San Miguel).xlsx,sales2017,694,5,13520,2017-06-15,ADMIN,#REF!,2,3000,6000,0.3,1800,2,195,390,3810
raw_sales_report,Medshield (Keith San Miguel).xlsx,sales2017,695,5,13522,2017-06-16,ADMIN,#REF!,36,75,2700,,0,36,26.25,945,1755
raw_sales_report,Medshield (Keith San Miguel).xlsx,sales2017,696,5,13522,2017-06-16,ADMIN,#REF!,8,79,632,,0,8,28,224,408
raw_sales_report,Medshield (Keith San Miguel).xlsx,sales2017,697,5,13522,2017-06-16,ADMIN,#REF!,5,870,4350,,0,5,182.5,912.5,3437.5
raw_sales_report,Medshield (Keith San Miguel).xlsx,sales2017,698,5,13522,2017-06-16,ADMIN,#REF!,10,1425,14250,,0,10,445,4450,9800
raw_sales_report,Medshield (Keith San Miguel).xlsx,sales2017,699,5,13523,2017-06-16,ADMIN,#REF!,10,160,1600,,0,10,40,400,1200
raw_sales_report,Medshield (Keith San Miguel).xlsx,sales2017,700,5,13523,2017-06-16,ADMIN,#REF!,3,500,1500,,0,3,133,399,1101
raw_sales_report,Medshield (Keith San Miguel).xlsx,sales2017,701,5,13523,2017-06-16,ADMIN,#REF!,20,118,2360,,0,20,39,780,1580
raw_sales_report,Medshield (Keith San Miguel).xlsx,sales2017,702,5,13524,2017-07-13,GOVERNMENT,#REF!,,,0,,0,0,,0,0
raw_sales_report,Medshield (Keith San Miguel).xlsx,sales2017,703,5,13525,2017-07-13,GOVERNMENT,#REF!,,,0,,0,0,,0,0
raw_sales_report,Medshield (Keith San Miguel).xlsx,sales2017,704,5,13527,2017-06-30,GOVERNMENT,#REF!,,,0,,0,0,,0,0
raw_sales_report,Medshield (Keith San Miguel).xlsx,sales2017,705,5,13528,2017-06-24,ADMIN,#REF!,2,1950,3900,,0,2,590,1180,2720
raw_sales_report,Medshield (Keith San Miguel).xlsx,sales2017,706,5,13529,2017-06-24,ADMIN,#REF!,5,1200,6000,,0,7,420,2940,3060
raw_sales_report,Medshield (Keith San Miguel).xlsx,sales2017,707,5,13529,2017-06-24,ADMIN,#REF!,5,950,4750,,0,7,310,2170,2580
raw_sales_report,Medshield (Keith San Miguel).xlsx,sales2017,708,5,13529,2017-06-24,ADMIN,#REF!,5,2800,14000,,0,7,1173.6,8215.199999999999,5784.800000000001
raw_sales_report,Medshield (Keith San Miguel).xlsx,sales2017,709,5,13529,2017-06-24,ADMIN,#REF!,5,1100,5500,,0,7,146.8,1027.6000000000001,4472.4
raw_sales_report,Medshield (Keith San Miguel).xlsx,sales2017,710,5,13530,2017-06-28,ADMIN,#REF!,5,950,4750,0.2,950,5,310,1550,2250
raw_sales_report,Medshield (Keith San Miguel).xlsx,sales2017,711,5,13532,2017-06-30,ADMIN,#REF!,2,900,1800,,0,2,240,480,1320
raw_sales_report,Medshield (Keith San Miguel).xlsx,sales2017,712,5,13532,2017-06-30,ADMIN,#REF!,2,3100,6200,,0,2,950,1900,4300
raw_sales_report,Medshield (Keith San Miguel).xlsx,sales2017,713,5,13532,2017-06-30,ADMIN,#REF!,3,915,2745,,0,3,323,969,1776
raw_sales_report,Medshield (Keith San Miguel).xlsx,sales2017,714,5,13532,2017-06-30,ADMIN,#REF!,20,450,9000,,0,20,148,2960,6040
raw_sales_report,Medshield (Keith San Miguel).xlsx,sales2017,715,5,13533,2017-06-30,ADMIN,#REF!,2,1950,3900,0.3,1170,2,590,1180,1550
raw_sales_report,Medshield (Keith San Miguel).xlsx,sales2017,716,5,13534,2017-06-30,ADMIN,#REF!,5,650,3250,,0,5,187.5,937.5,2312.5
raw_sales_report,Medshield (Keith San Miguel).xlsx,sales2017,717,5,13534,2017-06-30,ADMIN,#REF!,5,135,675,,0,5,35,175,500
raw_sales_report,Medshield (Keith San Miguel).xlsx,sales2017,718,5,13537,2017-07-05,ADMIN,#REF!,30,650,19500,,0,30,184.09,5522.7,13977.3
raw_sales_report,Medshield (Keith San Miguel).xlsx,sales2017,719,5,13537,2017-07-05,ADMIN,#REF!,30,870,26100,,0,30,182.5,5475,20625
raw_sales_report,Medshield (Keith San Miguel).xlsx,sales2017,720,5,13537,2017-07-05,ADMIN,#REF!,30,975,29250,,0,30,384,11520,17730
raw_sales_report,Medshield (Keith San Miguel).xlsx,sales2017,721,5,13601,2017-06-15,BATANGAS,#REF!,12,96,1152,0.1,115.2,12,25,300,736.8
raw_sales_report,Medshield (Keith San Miguel).xlsx,sales2017,722,5,13602,2017-06-15,BATANGAS,#REF!,12,84,1008,0.1,100.80000000000001,12,24.5,294,613.2
raw_sales_report,Medshield (Keith San Miguel).xlsx,sales2017,723,5,13603,2017-06-15,BATANGAS,#REF!,2,3360,6720,0.1,672,2,1173.6,2347.2,3700.8
raw_sales_report,Medshield (Keith San Miguel).xlsx,sales2017,724,5,13604,2017-06-15,BATANGAS,#REF!,2,3200,6400,,0,2,920,1840,4560
raw_sales_report,Medshield (Keith San Miguel).xlsx,sales2017,725,5,13605,2017-06-15,BATANGAS,#REF!,1,3200,3200,,0,1,920,920,2280
raw_sales_report,Medshield (Keith San Miguel).xlsx,sales2017,726,5,13606,2017-06-15,BATANGAS,#REF!,2,780,1560,,0,2,168,336,1224
raw_sales_report,Medshield (Keith San Miguel).xlsx,sales2017,727,5,13607,2017-06-15,BATANGAS,#REF!,1,900,900,,0,1,300,300,600
raw_sales_report,Medshield (Keith San Miguel).xlsx,sales2017,728,5,13608,2017-06-15,BATANGAS,#REF!,8,84,672,,0,8,26.25,210,462
raw_sales_report,Medshield (Keith San Miguel).xlsx,sales2017,729,5,13609,2017-06-15,BATANGAS,#REF!,2,3360,6720,,0,2,1173.6,2347.2,4372.8
raw_sales_report,Medshield (Keith San Miguel).xlsx,sales2017,730,5,13610,2017-06-15,BATANGAS,#REF!,6,2530,15180,,0,6,750,4500,10680
raw_sales_report,Medshield (Keith San Miguel).xlsx,sales2017,731,5,13611,2017-06-15,BATANGAS,#REF!,5,1980,9900,,0,5,595,2975,6925
raw_sales_report,Medshield (Keith San Miguel).xlsx,sales2017,732,5,13612,2017-06-15,BATANGAS,#REF!,5,990,4950,,0,5,323,1615,3335
raw_sales_report,Medshield (Keith San Miguel).xlsx,sales2017,733,5,13613,2017-06-15,BATANGAS,#REF!,2,2600,5200,,0,2,650,1300,3900
raw_sales_report,Medshield (Keith San Miguel).xlsx,sales2017,734,5,13613,2017-06-15,BATANGAS,#REF!,1,1980,1980,,0,1,650,650,1330
raw_sales_report,Medshield (Keith San Miguel).xlsx,sales2017,735,5,13614,2017-06-15,BATANGAS,#REF!,2,2250,4500,,0,2,750,1500,3000
raw_sales_report,Medshield (Keith San Miguel).xlsx,sales2017,736,5,13615,2017-06-15,BATANGAS,#REF!,1,2250,2250,,0,1,750,750,1500
raw_sales_report,Medshield (Keith San Miguel).xlsx,sales2017,737,5,13616,2017-06-15,BATANGAS,#REF!,3,1335,4005,,0,3,445,1335,2670
raw_sales_report,Medshield (Keith San Miguel).xlsx,sales2017,738,5,13617,2017-06-17,BATANGAS,#REF!,12,400,4800,,0,12,139.45,1673.3999999999999,3126.6000000000004
raw_sales_report,Medshield (Keith San Miguel).xlsx,sales2017,739,5,13618,2017-06-17,BATANGAS,#REF!,3,1300,3900,,0,3,200,600,3300
raw_sales_report,Medshield (Keith San Miguel).xlsx,sales2017,740,5,13618,2017-06-17,BATANGAS,#REF!,1,2700,2700,,0,1,1173.6,1173.6,1526.4
raw_sales_report,Medshield (Keith San Miguel).xlsx,sales2017,741,5,13618,2017-06-17,BATANGAS,#REF!,2,2250,4500,,0,2,750,1500,3000
raw_sales_report,Medshield (Keith San Miguel).xlsx,sales2017,742,5,13619,2017-06-22,BATANGAS,#REF!,6,600,3600,0.1,360,6,158,948,2292
raw_sales_report,Medshield (Keith San Miguel).xlsx,sales2017,743,5,13620,2017-06-22,BATANGAS,#REF!,2,1098,2196,0.1,219.60000000000002,2,345,690,1286.4
raw_sales_report,Medshield (Keith San Miguel).xlsx,sales2017,744,5,13621,2017-06-22,BATANGAS,#REF!,2,780,1560,0.1,156,2,227.5,455,949
raw_sales_report,Medshield (Keith San Miguel).xlsx,sales2017,745,5,13622,2017-06-22,BATANGAS,#REF!,6,160,960,0.1,96,6,47,282,582
raw_sales_report,Medshield (Keith San Miguel).xlsx,sales2017,746,5,13623,2017-06-22,BATANGAS,#REF!,3,780,2340,0.1,234,3,224.73,674.1899999999999,1431.81
raw_sales_report,Medshield (Keith San Miguel).xlsx,sales2017,747,5,13624,2017-06-22,BATANGAS,#REF!,4,1920,7680,0.1,768,4,450,1800,5112
raw_sales_report,Medshield (Keith San Miguel).xlsx,sales2017,748,5,13625,2017-06-22,BATANGAS,#REF!,4,1920,7680,,0,4,450,1800,5880
raw_sales_report,Medshield (Keith San Miguel).xlsx,sales2017,749,5,13626,2017-06-22,BATANGAS,#REF!,7,900,6300,,0,7,300,2100,4200
raw_sales_report,Medshield (Keith San Miguel).xlsx,sales2017,750,5,13627,2017-06-22,BATANGAS,#REF!,23,96,2208,,0,23,25,575,1633
raw_sales_report,Medshield (Keith San Miguel).xlsx,sales2017,751,5,13628,2017-06-22,BATANGAS,#REF!,2,960,1920,,0,2,119,238,1682
raw_sales_report,Medshield (Keith San Miguel).xlsx,sales2017,752,5,13629,2017-06-22,BATANGAS,#REF!,12,160,1920,,0,12,47,564,1356
raw_sales_report,Medshield (Keith San Miguel).xlsx,sales2017,753,5,13630,2017-06-22,BATANGAS,#REF!,2,3200,6400,,0,2,920,1840,4560
raw_sales_report,Medshield (Keith San Miguel).xlsx,sales2017,754,5,13631,2017-06-22,BATANGAS,#REF!,1,1140,1140,,0,1,240,240,900
raw_sales_report,Medshield (Keith San Miguel).xlsx,sales2017,755,5,13632,2017-06-22,BATANGAS,#REF!,1,3360,3360,,0,1,129.7,129.7,3230.3
raw_sales_report,Medshield (Keith San Miguel).xlsx,sales2017,756,5,13633,2017-06-22,BATANGAS,#REF!,2,2250,4500,,0,2,750,1500,3000
raw_sales_report,Medshield (Keith San Miguel).xlsx,sales2017,757,5,13634,2017-06-22,BATANGAS,#REF!,3,4200,12600,,0,3,1235,3705,8895
raw_sales_report,Medshield (Keith San Miguel).xlsx,sales2017,758,5,13635,2017-06-22,BATANGAS,#REF!,5,500,2500,,0,5,120,600,1900
raw_sales_report,Medshield (Keith San Miguel).xlsx,sales2017,759,5,13635,2017-06-22,BATANGAS,#REF!,3,605,1815,,0,3,168,504,1311
raw_sales_report,Medshield (Keith San Miguel).xlsx,sales2017,760,5,13635,2017-06-22,BATANGAS,#REF!,2,650,1300,,0,2,218.46,436.92,863.0799999999999
raw_sales_report,Medshield (Keith San Miguel).xlsx,sales2017,761,5,13636,2017-06-22,BATANGAS,#REF!,20,260,5200,,0,20,55,1100,4100
raw_sales_report,Medshield (Keith San Miguel).xlsx,sales2017,762,5,13637,2017-06-23,BATANGAS,#REF!,10,3000,30000,,0,10,750,7500,22500
raw_sales_report,Medshield (Keith San Miguel).xlsx,sales2017,763,5,13638,2017-06-23,BATANGAS,#REF!,1,2450,2450,,0,1,891,891,1559
raw_sales_report,Medshield (Keith San Miguel).xlsx,sales2017,764,5,13638,2017-06-23,BATANGAS,#REF!,1,2200,2200,,0,1,650,650,1550
raw_sales_report,Medshield (Keith San Miguel).xlsx,sales2017,765,5,13639,2017-06-23,BATANGAS,#REF!,1,,0,,0,1,143.5,143.5,-143.5
raw_sales_report,Medshield (Keith San Miguel).xlsx,sales2017,766,5,13640,2017-06-23,MINDORO,#REF!,6,1500,9000,0.35,3150,6,435,2610,3240
raw_sales_report,Medshield (Keith San Miguel).xlsx,sales2017,767,5,13640,2017-06-23,MINDORO,#REF!,2,1600,3200,0.35,1120,2,450,900,1180
raw_sales_report,Medshield (Keith San Miguel).xlsx,sales2017,768,5,13640,2017-06-23,MINDORO,#REF!,10,100,1000,0.35,350,10,26.93,269.3,380.7
raw_sales_report,Medshield (Keith San Miguel).xlsx,sales2017,769,5,13641,2017-06-27,BATANGAS,#REF!,2,1600,3200,0.05,160,2,450,900,2140
raw_sales_report,Medshield (Keith San Miguel).xlsx,sales2017,770,5,13642,2017-06-22,BATANGAS,#REF!,15,180,2700,0.1,270,15,48,720,1710
raw_sales_report,Medshield (Keith San Miguel).xlsx,sales2017,771,5,13643,2017-06-28,BATANGAS,#REF!,2,3360,6720,0.1,672,2,1173.6,2347.2,3700.8
raw_sales_report,Medshield (Keith San Miguel).xlsx,sales2017,772,5,13644,2017-06-28,BATANGAS,#REF!,2,3360,6720,0.1,672,2,1173.6,2347.2,3700.8
raw_sales_report,Medshield (Keith San Miguel).xlsx,sales2017,773,5,13645,2017-06-28,BATANGAS,#REF!,3,3360,10080,,0,3,1173.6,3520.7999999999997,6559.200000000001
raw_sales_report,Medshield (Keith San Miguel).xlsx,sales2017,774,5,13646,2017-06-28,BATANGAS,#REF!,3,3360,10080,,0,3,1173.6,3520.7999999999997,6559.200000000001
raw_sales_report,Medshield (Keith San Miguel).xlsx,sales2017,775,5,13647,2017-06-28,BATANGAS,#REF!,23,180,4140,,0,23,48,1104,3036
raw_sales_report,Medshield (Keith San Miguel).xlsx,sales2017,776,5,13648,2017-06-28,BATANGAS,#REF!,6,600,3600,,0,6,158,948,2652
raw_sales_report,Medshield (Keith San Miguel).xlsx,sales2017,777,5,13649,2017-06-28,BATANGAS,#REF!,6,600,3600,,0,6,158,948,2652
raw_sales_report,Medshield (Keith San Miguel).xlsx,sales2017,778,5,13650,2017-06-28,BATANGAS,#REF!,4,780,3120,,0,4,132,528,2592
raw_sales_report,Medshield (Keith San Miguel).xlsx,sales2017,779,5,13651,2017-06-23,CAM NORTE,#REF!,6,175,1050,,0,6,42,252,798
raw_sales_report,Medshield (Keith San Miguel).xlsx,sales2017,780,5,13651,2017-06-23,CAM NORTE,#REF!,2,850,1700,,0,2,155,310,1390
raw_sales_report,Medshield (Keith San Miguel).xlsx,sales2017,781,5,13651,2017-06-23,CAM NORTE,#REF!,1,3500,3500,,0,1,890,890,2610
raw_sales_report,Medshield (Keith San Miguel).xlsx,sales2017,782,5,13652,2017-06-23,CAM NORTE,#REF!,1,750,750,,0,1,227.5,227.5,522.5
raw_sales_report,Medshield (Keith San Miguel).xlsx,sales2017,783,5,13653,2017-06-23,CAM NORTE,#REF!,10,80,800,,0,10,24.5,245,555
raw_sales_report,Medshield (Keith San Miguel).xlsx,sales2017,784,5,13653,2017-06-23,CAM NORTE,#REF!,6,440,2640,,0,6,139.44,836.64,1803.3600000000001
raw_sales_report,Medshield (Keith San Miguel).xlsx,sales2017,785,5,13653,2017-06-23,CAM NORTE,#REF!,6,310,1860,,0,6,129.7,778.1999999999999,1081.8000000000002
raw_sales_report,Medshield (Keith San Miguel).xlsx,sales2017,786,5,13653,2017-06-23,CAM NORTE,#REF!,3,190,570,,0,3,75.6,226.79999999999998,343.20000000000005
raw_sales_report,Medshield (Keith San Miguel).xlsx,sales2017,787,5,13653,2017-06-23,CAM NORTE,#REF!,1,700,700,,0,1,250,250,450
raw_sales_report,Medshield (Keith San Miguel).xlsx,sales2017,788,5,13653,2017-06-23,CAM NORTE,#REF!,1,1070,1070,,0,1,319,319,751
raw_sales_report,Medshield (Keith San Miguel).xlsx,sales2017,789,5,13653,2017-06-23,CAM NORTE,#REF!,1,1165,1165,,0,1,333,333,832
raw_sales_report,Medshield (Keith San Miguel).xlsx,sales2017,790,5,13653,2017-06-23,CAM NORTE,#REF!,1,2100,2100,,0,1,685,685,1415
raw_sales_report,Medshield (Keith San Miguel).xlsx,sales2017,791,5,13654,2017-06-24,CAM NORTE,#REF!,1,750,750,,0,1,227.5,227.5,522.5
raw_sales_report,Medshield (Keith San Miguel).xlsx,sales2017,792,5,13655,2017-06-24,CAM NORTE,#REF!,2,650,1300,,0,2,187.5,375,925
raw_sales_report,Medshield (Keith San Miguel).xlsx,sales2017,793,5,13656,2017-06-27,CAM NORTE,#REF!,1,3000,3000,,0,1,1450,1450,1550
raw_sales_report,Medshield (Keith San Miguel).xlsx,sales2017,794,5,13657,2017-06-27,CAM NORTE,#REF!,1,1900,1900,,0,1,595,595,1305
raw_sales_report,Medshield (Keith San Miguel).xlsx,sales2017,795,5,13657,2017-06-27,CAM NORTE,#REF!,1,800,800,,0,1,541,541,259
raw_sales_report,Medshield (Keith San Miguel).xlsx,sales2017,796,5,13664,2017-07-04,CAM NORTE,#REF!,2,1800,3600,,0,2,535,1070,2530
raw_sales_report,Medshield (Keith San Miguel).xlsx,sales2017,797,5,13664,2017-07-04,CAM NORTE,#REF!,2,750,1500,,0,2,22.5,45,1455
raw_sales_report,Medshield (Keith San Miguel).xlsx,sales2017,798,5,13664,2017-07-04,CAM NORTE,#REF!,1,1800,1800,,0,1,540,540,1260
raw_sales_report,Medshield (Keith San Miguel).xlsx,sales2017,799,5,13664,2017-07-04,CAM NORTE,#REF!,1,3000,3000,,0,1,1450,1450,1550
raw_sales_report,Medshield (Keith San Miguel).xlsx,sales2017,800,5,13664,2017-07-04,CAM NORTE,#REF!,1,1600,1600,,0,1,480.9,480.9,1119.1
raw_sales_report,Medshield (Keith San Miguel).xlsx,sales2017,801,5,13664,2017-07-04,CAM NORTE,#REF!,1,885,885,,0,1,265,265,620
raw_sales_report,Medshield (Keith San Miguel).xlsx,sales2017,802,5,13664,2017-07-04,CAM NORTE,#REF!,2,350,700,,0,2,250,500,200
raw_sales_report,Medshield (Keith San Miguel).xlsx,sales2017,803,5,13665,2017-07-04,CAM NORTE,#REF!,1,2800,2800,,0,1,1173.6,1173.6,1626.4
raw_sales_report,Medshield (Keith San Miguel).xlsx,sales2017,804,5,13701,2017-06-28,BATANGAS,#REF!,5,990,4950,,0,5,323,1615,3335
raw_sales_report,Medshield (Keith San Miguel).xlsx,sales2017,805,5,13702,2017-06-28,BATANGAS,#REF!,10,88,880,,0,10,25,250,630
raw_sales_report,Medshield (Keith San Miguel).xlsx,sales2017,806,5,13702,2017-06-28,BATANGAS,#REF!,1,3300,3300,,0,1,1450,1450,1850
raw_sales_report,Medshield (Keith San Miguel).xlsx,sales2017,807,5,13704,2017-06-28,BATANGAS,#REF!,6,100,600,,0,6,23,138,462
raw_sales_report,Medshield (Keith San Miguel).xlsx,sales2017,808,5,13705,2017-06-28,BATANGAS,#REF!,6,175,1050,,0,6,62,372,678
raw_sales_report,Medshield (Keith San Miguel).xlsx,sales2017,809,5,13706,2017-06-28,BATANGAS,#REF!,6,75,450,,0,6,26.25,157.5,292.5
raw_sales_report,Medshield (Keith San Miguel).xlsx,sales2017,810,5,13707,2017-06-28,BATANGAS,#REF!,6,400,2400,,0,6,139.45,836.6999999999999,1563.3000000000002
raw_sales_report,Medshield (Keith San Miguel).xlsx,sales2017,811,5,13708,2017-06-28,BATANGAS,#REF!,6,190,1140,,0,6,75.6,453.59999999999997,686.4000000000001
raw_sales_report,Medshield (Keith San Miguel).xlsx,sales2017,812,5,13709,2017-06-29,BATANGAS,#REF!,,,0,,0,0,,0,0
raw_sales_report,Medshield (Keith San Miguel).xlsx,sales2017,813,5,16349,2017-06-15,,#REF!,5,1000,5000,,0,5,,0,5000
raw_sales_report,Medshield (Keith San Miguel).xlsx,sales2017,814,5,FM,2017-06-08,ADMIN,#REF!,1,650,650,0.3,195,1,203,203,252
raw_sales_report,Medshield (Keith San Miguel).xlsx,sales2017,815,5,FM,2017-06-08,ADMIN,#REF!,1,650,650,0.3,195,1,218.46,218.46,236.54
raw_sales_report,Medshield (Keith San Miguel).xlsx,sales2017,816,5,FM,2017-06-08,ADMIN,#REF!,1,650,650,0.3,195,1,184.09,184.09,270.90999999999997
raw_sales_report,Medshield (Keith San Miguel).xlsx,sales2017,817,5,FM,2017-06-08,ADMIN,#REF!,2,95,190,0.3,57,2,30,60,73
raw_sales_report,Medshield (Keith San Miguel).xlsx,sales2017,818,5,FM,2017-06-08,ADMIN,#REF!,2,112,224,0.3,67.2,2,35,70,86.80000000000001
raw_sales_report,Medshield (Keith San Miguel).xlsx,sales2017,819,5,FM,2017-06-08,ADMIN,#REF!,1,480,480,0.3,144,1,143.5,143.5,192.5
raw_sales_report,Medshield (Keith San Miguel).xlsx,sales2017,820,5,FM,2017-06-08,ADMIN,#REF!,1,1500,1500,0.3,450,1,435,435,615
raw_sales_report,Medshield (Keith San Miguel).xlsx,sales2017,821,5,FM,2017-06-08,ADMIN,#REF!,1,650,650,0.3,195,1,187.5,187.5,267.5
raw_sales_report,Medshield (Keith San Miguel).xlsx,sales2017,822,5,FM,2017-06-08,ADMIN,#REF!,10,92,920,0.3,276,10,26.93,269.3,374.7
raw_sales_report,Medshield (Keith San Miguel).xlsx,sales2017,823,5,FM,2017-06-08,ADMIN,#REF!,4,78,312,0.3,93.6,4,22.75,91,127.4
raw_sales_report,Medshield (Keith San Miguel).xlsx,sales2017,824,5,FM,2017-06-08,ADMIN,#REF!,2,75,150,0.3,45,2,26.25,52.5,52.5
raw_sales_report,Medshield (Keith San Miguel).xlsx,sales2017,825,5,FM,2017-06-08,ADMIN,#REF!,4,98,392,0.3,117.6,4,30.8,123.2,151.2
raw_sales_report,Medshield (Keith San Miguel).xlsx,sales2017,826,5,FM,2017-06-08,ADMIN,#REF!,6,140,840,0.3,252,6,40.8,244.79999999999998,343.20000000000005
raw_sales_report,Medshield (Keith San Miguel).xlsx,sales2017,827,5,FM,2017-06-08,ADMIN,#REF!,1,960,960,0.3,288,1,300,300,372
raw_sales_report,Medshield (Keith San Miguel).xlsx,sales2017,828,5,FM,2017-06-08,ADMIN,#REF!,1,1320,1320,0.3,396,1,200,200,724
raw_sales_report,Medshield (Keith San Miguel).xlsx,sales2017,829,5,FM,2017-06-08,ADMIN,#REF!,2,98,196,0.3,58.8,2,28.7,57.4,79.79999999999998
raw_sales_report,Medshield (Keith San Miguel).xlsx,sales2017,830,5,FM,2017-06-08,ADMIN,#REF!,4,140,560,0.3,168,4,43,172,220
raw_sales_report,Medshield (Keith San Miguel).xlsx,sales2017,831,5,FM,2017-06-08,ADMIN,#REF!,1,1200,1200,0.3,360,1,28.7,28.7,811.3
raw_sales_report,Medshield (Keith San Miguel).xlsx,sales2017,832,5,FM,2017-06-08,ADMIN,#REF!,1,480,480,0.3,144,1,121.9,121.9,214.1
raw_sales_report,Medshield (Keith San Miguel).xlsx,sales2017,833,5,FM,2017-06-08,ADMIN,#REF!,2,90,180,0.3,54,2,26,52,74
raw_sales_report,Medshield (Keith San Miguel).xlsx,sales2017,834,5,FM,2017-06-08,ADMIN,#REF!,1,550,550,0.3,165,1,95,95,290
raw_sales_report,Medshield (Keith San Miguel).xlsx,sales2017,835,5,FM,2017-06-08,ADMIN,#REF!,10,58,580,0.3,174,10,16.8,168,238
raw_sales_report,Medshield (Keith San Miguel).xlsx,sales2017,836,5,FM,2017-06-08,ADMIN,#REF!,10,80,800,0.3,240,10,23.45,234.5,325.5
raw_sales_report,Medshield (Keith San Miguel).xlsx,sales2017,837,5,FM,2017-06-08,ADMIN,#REF!,2,200,400,0.3,120,2,57.6,115.2,164.8
raw_sales_report,Medshield (Keith San Miguel).xlsx,sales2017,838,5,FM,2017-06-08,ADMIN,#REF!,3,120,360,0.3,108,3,48,144,108
raw_sales_report,Medshield (Keith San Miguel).xlsx,sales2017,839,5,FM,2017-06-08,ADMIN,#REF!,4,80,320,0.3,96,4,24.47,97.88,126.12
raw_sales_report,Medshield (Keith San Miguel).xlsx,sales2017,840,5,FM,2017-06-08,ADMIN,#REF!,10,75,750,0.3,225,10,22.4,224,301
raw_sales_report,Medshield (Keith San Miguel).xlsx,sales2017,841,5,FM,2017-06-08,ADMIN,#REF!,10,79,790,0.3,237,10,28,280,273
raw_sales_report,Medshield (Keith San Miguel).xlsx,sales2017,842,5,FM,2017-06-08,ADMIN,#REF!,6,160,960,0.3,288,6,48.65,291.9,380.1
raw_sales_report,Medshield (Keith San Miguel).xlsx,sales2017,843,5,FM,2017-06-08,ADMIN,#REF!,6,95,570,0.3,171,6,28,168,231
raw_sales_report,Medshield (Keith San Miguel).xlsx,sales2017,844,5,FM,2017-06-08,ADMIN,#REF!,1,1200,1200,0.3,360,1,351,351,489
raw_sales_report,Medshield (Keith San Miguel).xlsx,sales2017,845,5,FM,2017-06-08,ADMIN,#REF!,1,2000,2000,0.3,600,1,750,750,650
raw_sales_report,Medshield (Keith San Miguel).xlsx,sales2017,846,5,FM,2017-06-08,ADMIN,#REF!,1,3000,3000,0.3,900,1,1450,1450,650
raw_sales_report,Medshield (Keith San Miguel).xlsx,sales2017,847,5,FM,2017-06-08,ADMIN,#REF!,1,675,675,0.3,202.5,1,200,200,272.5
raw_sales_report,Medshield (Keith San Miguel).xlsx,sales2017,848,5,FM,2017-06-08,ADMIN,#REF!,1,450,450,0.3,135,1,100,100,215
raw_sales_report,Medshield (Keith San Miguel).xlsx,sales2017,849,5,FM,2017-06-08,ADMIN,#REF!,2,85,170,0.3,51,2,24,48,71
raw_sales_report,Medshield (Keith San Miguel).xlsx,sales2017,850,5,FM,2017-06-08,ADMIN,#REF!,2,88,176,0.3,52.8,2,25,50,73.2
raw_sales_report,Medshield (Keith San Miguel).xlsx,sales2017,851,5,FM,2017-06-08,ADMIN,#REF!,1,600,600,0.3,180,1,96.88,96.88,323.12
raw_sales_report,Medshield (Keith San Miguel).xlsx,sales2017,852,5,FM,2017-06-08,ADMIN,#REF!,1,900,900,0.3,270,1,224.73,224.73,405.27
raw_sales_report,Medshield (Keith San Miguel).xlsx,sales2017,853,5,FM,2017-06-08,ADMIN,#REF!,1,870,870,0.3,261,1,182.5,182.5,426.5
raw_sales_report,Medshield (Keith San Miguel).xlsx,sales2017,854,5,FM,2017-06-08,ADMIN,#REF!,2,450,900,0.3,270,2,148,296,334
raw_sales_report,Medshield (Keith San Miguel).xlsx,sales2017,855,5,FM,2017-06-08,ADMIN,#REF!,2,175,350,0.3,105,2,42,84,161
raw_sales_report,Medshield (Keith San Miguel).xlsx,sales2017,856,5,FM,2017-06-08,ADMIN,#REF!,1,900,900,0.3,270,1,270,270,360
raw_sales_report,Medshield (Keith San Miguel).xlsx,sales2017,857,5,FM,2017-06-08,ADMIN,#REF!,1,975,975,0.3,292.5,1,384,384,298.5
raw_sales_report,Medshield (Keith San Miguel).xlsx,sales2017,858,5,FM,2017-06-08,ADMIN,#REF!,2,310,620,0.3,186,2,129.7,259.4,174.60000000000002
raw_sales_report,Medshield (Keith San Miguel).xlsx,sales2017,859,5,FM,2017-06-08,ADMIN,#REF!,1,950,950,0.3,285,1,287.5,287.5,377.5
raw_sales_report,Medshield (Keith San Miguel).xlsx,sales2017,860,5,FM,2017-06-08,ADMIN,#REF!,1,2200,2200,0.3,660,1,630,630,910
raw_sales_report,Medshield (Keith San Miguel).xlsx,sales2017,861,5,FM,2017-06-08,ADMIN,#REF!,1,1425,1425,0.3,427.5,1,445,445,552.5
raw_sales_report,Medshield (Keith San Miguel).xlsx,sales2017,862,5,FM,2017-06-08,ADMIN,#REF!,1,1200,1200,0.3,360,1,365,365,475
raw_sales_report,Medshield (Keith San Miguel).xlsx,sales2017,863,5,FM,2017-06-08,ADMIN,#REF!,1,1800,1800,0.3,540,1,590,590,670
raw_sales_report,Medshield (Keith San Miguel).xlsx,sales2017,864,5,FM,2017-06-08,ADMIN,#REF!,4,65,260,0.3,78,4,20.5,82,100
raw_sales_report,Medshield (Keith San Miguel).xlsx,sales2017,865,5,FM,2017-06-08,ADMIN,#REF!,1,3800,3800,0.3,1140,1,890,890,1770
raw_sales_report,Medshield (Keith San Miguel).xlsx,sales2017,866,5,FM,2017-06-08,ADMIN,#REF!,1,1250,1250,0.3,375,1,300,300,575
raw_sales_report,Medshield (Keith San Miguel).xlsx,sales2017,867,5,FM,2017-06-08,ADMIN,#REF!,3,190,570,0.3,171,3,55,165,234
raw_sales_report,Medshield (Keith San Miguel).xlsx,sales2017,868,5,FM,2017-06-08,ADMIN,#REF!,3,120,360,0.3,108,3,35,105,147
raw_sales_report,Medshield (Keith San Miguel).xlsx,sales2017,869,5,FM,2017-06-08,ADMIN,#REF!,2,120,240,0.3,72,2,31,62,106
raw_sales_report,Medshield (Keith San Miguel).xlsx,sales2017,870,5,FM,2017-06-08,ADMIN,#REF!,1,500,500,0.3,150,1,133,133,217
raw_sales_report,Medshield (Keith San Miguel).xlsx,sales2017,871,5,FM,2017-06-08,ADMIN,#REF!,1,160,160,0.3,48,1,40,40,72
raw_sales_report,Medshield (Keith San Miguel).xlsx,sales2017,872,5,FM,2017-06-08,ADMIN,#REF!,2,90,180,0.3,54,2,26,52,74
raw_sales_report,Medshield (Keith San Miguel).xlsx,sales2017,873,5,FM,2017-06-08,ADMIN,#REF!,1,800,800,0.3,240,1,225,225,335
raw_sales_report,Medshield (Keith San Miguel).xlsx,sales2017,874,5,FM,2017-06-08,ADMIN,#REF!,4,80,320,0.3,96,4,24.47,97.88,126.12
raw_sales_report,Medshield (Keith San Miguel).xlsx,sales2017,875,5,FM,2017-06-08,ADMIN,#REF!,1,1150,1150,0.3,345,1,345,345,460
raw_sales_report,Medshield (Keith San Miguel).xlsx,sales2017,876,5,FM,2017-06-08,ADMIN,#REF!,1,855,855,0.3,256.5,1,270,270,328.5
raw_sales_report,Medshield (Keith San Miguel).xlsx,sales2017,877,5,FM,2017-06-08,ADMIN,#REF!,4,145,580,0.3,174,4,47,188,218
raw_sales_report,Medshield (Keith San Miguel).xlsx,sales2017,878,5,FM,2017-06-08,ADMIN,#REF!,1,850,850,0.3,255,1,155,155,440
raw_sales_report,Medshield (Keith San Miguel).xlsx,sales2017,879,5,FM,2017-06-08,ADMIN,#REF!,4,74,296,0.3,88.8,4,23,92,115.19999999999999
raw_sales_report,Medshield (Keith San Miguel).xlsx,sales2017,880,5,FM,2017-06-08,ADMIN,#REF!,1,650,650,0.3,195,1,168,168,287
raw_sales_report,Medshield (Keith San Miguel).xlsx,sales2017,881,5,FM,2017-06-08,ADMIN,#REF!,2,400,800,0.3,240,2,139.45,278.9,281.1
raw_sales_report,Medshield (Keith San Miguel).xlsx,sales2017,882,5,FM,2017-06-08,ADMIN,#REF!,1,2800,2800,0.3,840,1,750,750,1210
raw_sales_report,Medshield (Keith San Miguel).xlsx,sales2017,883,5,FM,2017-06-08,ADMIN,#REF!,1,1650,1650,0.3,495,1,480.9,480.9,674.1
raw_sales_report,Medshield (Keith San Miguel).xlsx,sales2017,884,5,FM,2017-06-08,ADMIN,#REF!,2,660,1320,0.3,396,2,185,370,554
raw_sales_report,Medshield (Keith San Miguel).xlsx,sales2017,885,5,FM,2017-06-08,ADMIN,#REF!,1,540,540,0.3,162,1,165,165,213
raw_sales_report,Medshield (Keith San Miguel).xlsx,sales2017,886,5,FM,2017-06-08,ADMIN,#REF!,1,1120,1120,0.3,336,1,330,330,454
raw_sales_report,Medshield (Keith San Miguel).xlsx,sales2017,887,5,FM,2017-06-08,ADMIN,#REF!,1,780,780,0.3,234,1,210,210,336
raw_sales_report,Medshield (Keith San Miguel).xlsx,sales2017,888,5,FM,2017-06-08,ADMIN,#REF!,6,165,990,0.3,297,6,60,360,333
raw_sales_report,Medshield (Keith San Miguel).xlsx,sales2017,889,5,FM,2017-06-08,ADMIN,#REF!,2,285,570,0.3,171,2,81,162,237
raw_sales_report,Medshield (Keith San Miguel).xlsx,sales2017,890,5,FM,2017-06-08,ADMIN,#REF!,1,650,650,0.3,195,1,170,170,285
raw_sales_report,Medshield (Keith San Miguel).xlsx,sales2017,891,5,FM,2017-06-08,ADMIN,#REF!,1,750,750,0.3,225,1,235,235,290
raw_sales_report,Medshield (Keith San Miguel).xlsx,sales2017,892,5,FM,2017-06-08,ADMIN,#REF!,1,1750,1750,0.3,525,1,415,415,810
raw_sales_report,Medshield (Keith San Miguel).xlsx,sales2017,893,5,FM,2017-06-08,ADMIN,#REF!,4,118,472,0.3,141.6,4,39,156,174.39999999999998
raw_sales_report,Medshield (Keith San Miguel).xlsx,sales2017,894,5,FM,2017-06-08,ADMIN,#REF!,2,180,360,0.3,108,2,56,112,140
raw_sales_report,Medshield (Keith San Miguel).xlsx,sales2017,895,5,FM,2017-06-08,ADMIN,#REF!,1,725,725,0.3,217.5,1,215,215,292.5
raw_sales_report,Medshield (Keith San Miguel).xlsx,sales2017,896,5,FM,2017-06-08,ADMIN,#REF!,1,900,900,0.3,270,1,240,240,390
raw_sales_report,Medshield (Keith San Miguel).xlsx,sales2017,897,5,FM,2017-06-08,ADMIN,#REF!,1,1800,1800,0.3,540,1,535,535,725
raw_sales_report,Medshield (Keith San Miguel).xlsx,sales2017,898,5,FM,2017-06-08,ADMIN,#REF!,4,155,620,0.3,186,4,55,220,214
raw_sales_report,Medshield (Keith San Miguel).xlsx,sales2017,899,5,FM,2017-06-08,ADMIN,#REF!,1,1400,1400,0.3,420,1,420,420,560
raw_sales_report,Medshield (Keith San Miguel).xlsx,sales2017,900,5,FM,2017-06-08,ADMIN,#REF!,4,240,960,0.3,288,4,75,300,372
raw_sales_report,Medshield (Keith San Miguel).xlsx,sales2017,901,5,FM,2017-06-08,ADMIN,#REF!,4,175,700,0.3,210,4,55,220,270
raw_sales_report,Medshield (Keith San Miguel).xlsx,sales2017,902,5,FM,2017-06-08,ADMIN,#REF!,1,1150,1150,0.3,345,1,365,365,440
raw_sales_report,Medshield (Keith San Miguel).xlsx,sales2017,903,5,FM,2017-06-08,ADMIN,#REF!,1,1050,1050,0.3,315,1,310,310,425
raw_sales_report,Medshield (Keith San Miguel).xlsx,sales2017,904,5,FM,2017-06-08,ADMIN,#REF!,2,1000,2000,0.3,600,2,253,506,894
raw_sales_report,Medshield (Keith San Miguel).xlsx,sales2017,905,5,8574,2015-01-11,ADMIN,#REF!,12,650,7800,,0,12,75.6,907.1999999999999,6892.8
raw_sales_report,Medshield (Keith San Miguel).xlsx,sales2017,906,5,8574,2015-01-11,ADMIN,#REF!,5,915,4575,,0,5,305,1525,3050
raw_sales_report,Medshield (Keith San Miguel).xlsx,sales2017,907,5,12624,2017-06-16,CAM SUR,#REF!,20,200,4000,,0,20,52.5,1050,2950
raw_sales_report,Medshield (Keith San Miguel).xlsx,sales2017,908,5,12650,2017-06-30,CAM SUR,#REF!,20,350,7000,,0,20,125,2500,4500
raw_sales_report,Medshield (Keith San Miguel).xlsx,sales2017,909,5,12701,2017-07-18,CAM NORTE,#REF!,10,650,6500,,0,14,155,2170,4330
raw_sales_report,Medshield (Keith San Miguel).xlsx,sales2017,910,5,12702,2017-07-18,CAM NORTE,#REF!,20,125,2500,,0,22,45,990,1510
raw_sales_report,Medshield (Keith San Miguel).xlsx,sales2017,911,5,12703,2017-07-18,CAM NORTE,#REF!,22,380,8360,,0,22,73,1606,6754
raw_sales_report,Medshield (Keith San Miguel).xlsx,sales2017,912,5,12704,2017-07-18,CAM NORTE,#REF!,3,1400,4200,,0,3,250,750,3450
raw_sales_report,Medshield (Keith San Miguel).xlsx,sales2017,913,5,12705,2017-07-15,CAM NORTE,#REF!,2,1800,3600,,0,3,535,1605,1995
raw_sales_report,Medshield (Keith San Miguel).xlsx,sales2017,914,5,12706,2017-07-17,CAM NORTE,#REF!,20,175,3500,,0,30,55,1650,1850
raw_sales_report,Medshield (Keith San Miguel).xlsx,sales2017,915,5,12707,2017-07-18,CAM NORTE,#REF!,2,850,1700,,0,2,155,310,1390
raw_sales_report,Medshield (Keith San Miguel).xlsx,sales2017,916,5,12708,2017-07-18,CAM NORTE,#REF!,1,1800,1800,,0,1,540,540,1260
raw_sales_report,Medshield (Keith San Miguel).xlsx,sales2017,917,5,12709,2017-07-18,cam norte,#REF!,6,180,1080,,0,6,56,336,744
raw_sales_report,Medshield (Keith San Miguel).xlsx,sales2017,918,5,12709,2017-07-18,cam norte,#REF!,4,190,760,,0,4,75.6,302.4,457.6
raw_sales_report,Medshield (Keith San Miguel).xlsx,sales2017,919,5,12709,2017-07-18,cam norte,#REF!,2,310,620,,0,2,129.7,259.4,360.6
raw_sales_report,Medshield (Keith San Miguel).xlsx,sales2017,920,5,12709,2017-07-18,cam norte,#REF!,6,175,1050,,0,6,42,252,798
raw_sales_report,Medshield (Keith San Miguel).xlsx,sales2017,921,5,12709,2017-07-18,cam norte,#REF!,3,450,1350,,0,3,148,444,906
raw_sales_report,Medshield (Keith San Miguel).xlsx,sales2017,922,5,12923,2017-07-06,CAVITE,#REF!,6,145,870,,0,9,47,423,447
raw_sales_report,Medshield (Keith San Miguel).xlsx,sales2017,923,5,12923,2017-07-06,CAVITE,#REF!,6,105,630,,0,9,35,315,315
raw_sales_report,Medshield (Keith San Miguel).xlsx,sales2017,924,5,12923,2017-07-06,CAVITE,#REF!,6,150,900,,0,9,48,432,468
raw_sales_report,Medshield (Keith San Miguel).xlsx,sales2017,925,5,12923,2017-07-06,CAVITE,#REF!,6,175,1050,,0,9,75,675,375
raw_sales_report,Medshield (Keith San Miguel).xlsx,sales2017,926,5,12923,2017-07-06,CAVITE,#REF!,6,135,810,,0,9,55,495,315
raw_sales_report,Medshield (Keith San Miguel).xlsx,sales2017,927,5,12924,2017-07-12,CAVITE,#REF!,4,1320,5280,0.3,1584,4,200,800,2896
raw_sales_report,Medshield (Keith San Miguel).xlsx,sales2017,928,5,12925,2017-07-12,CAVITE,#REF!,3,750,2250,0.3,675,3,204.55,613.6500000000001,961.3499999999999
raw_sales_report,Medshield (Keith San Miguel).xlsx,sales2017,929,5,12926,2017-07-12,CAVITE,#REF!,3,1290,3870,0.3,1161,3,405,1215,1494
raw_sales_report,Medshield (Keith San Miguel).xlsx,sales2017,930,5,12927,2017-07-01,CAVITE,#REF!,2,1150,2300,,0,3,345,1035,1265
raw_sales_report,Medshield (Keith San Miguel).xlsx,sales2017,931,5,12928,2017-07-01,CAVITE,#REF!,3,1450,4350,,0,3,1450,4350,0
raw_sales_report,Medshield (Keith San Miguel).xlsx,sales2017,932,5,12928,2017-07-01,CAVITE,#REF!,20,148,2960,,0,20,148,2960,0
raw_sales_report,Medshield (Keith San Miguel).xlsx,sales2017,933,5,12928,2017-07-01,CAVITE,#REF!,20,24.47,489.4,,0,20,24.47,489.4,0
raw_sales_report,Medshield (Keith San Miguel).xlsx,sales2017,934,5,12929,2017-07-01,CAVITE,#REF!,3,3300,9900,,0,3,950,2850,7050
raw_sales_report,Medshield (Keith San Miguel).xlsx,sales2017,935,5,12929,2017-07-01,CAVITE,#REF!,1,1150,1150,,0,1,365,365,785
raw_sales_report,Medshield (Keith San Miguel).xlsx,sales2017,936,5,12929,2017-07-01,CAVITE,#REF!,2,650,1300,,0,2,184.09,368.18,931.8199999999999
raw_sales_report,Medshield (Keith San Miguel).xlsx,sales2017,937,5,12929,2017-07-01,CAVITE,#REF!,1,1120,1120,,0,1,330,330,790
raw_sales_report,Medshield (Keith San Miguel).xlsx,sales2017,938,5,12930,2017-07-18,CAVITE,#REF!,2,1600,3200,0.3,960,2,480.9,961.8,1278.2
raw_sales_report,Medshield (Keith San Miguel).xlsx,sales2017,939,5,12930,2017-07-18,CAVITE,#REF!,4,750,3000,0.3,900,4,26.25,105,1995
raw_sales_report,Medshield (Keith San Miguel).xlsx,sales2017,940,5,12931,2017-07-21,CAVITE,#REF!,1,1500,1500,,0,1,435,435,1065
raw_sales_report,Medshield (Keith San Miguel).xlsx,sales2017,941,5,13021,2017-07-03,SUPPLIES,#REF!,,,0,,0,0,,0,0
raw_sales_report,Medshield (Keith San Miguel).xlsx,sales2017,942,5,13022,2017-07-10,SUPPLIES,#REF!,,,0,,0,0,,0,0
raw_sales_report,Medshield (Keith San Miguel).xlsx,sales2017,943,5,13023,2017-07-10,SUPPLIES,#REF!,,,0,,0,0,,0,0
raw_sales_report,Medshield (Keith San Miguel).xlsx,sales2017,944,5,13024,2017-07-14,SUPPLIES,#REF!,,,0,,0,0,,0,0
raw_sales_report,Medshield (Keith San Miguel).xlsx,sales2017,945,5,13025,2017-07-25,SUPPLIES,#REF!,,,0,,0,0,,0,0
raw_sales_report,Medshield (Keith San Miguel).xlsx,sales2017,946,5,13042,2017-07-13,SUPPLIES,#REF!,,,0,,0,0,,0,0
raw_sales_report,Medshield (Keith San Miguel).xlsx,sales2017,947,5,13155,2017-05-26,EAST,#REF!,10,1425,14250,,0,10,445,4450,9800
raw_sales_report,Medshield (Keith San Miguel).xlsx,sales2017,948,5,13155,2017-05-26,EAST,#REF!,10,700,7000,,0,10,250,2500,4500
raw_sales_report,Medshield (Keith San Miguel).xlsx,sales2017,949,5,13155,2017-05-26,EAST,#REF!,3,1100,3300,,0,3,146.8,440.40000000000003,2859.6
raw_sales_report,Medshield (Keith San Miguel).xlsx,sales2017,950,5,13155,2017-05-26,EAST,#REF!,5,2200,11000,,0,5,525,2625,8375
raw_sales_report,Medshield (Keith San Miguel).xlsx,sales2017,951,5,13155,2017-05-26,EAST,#REF!,12,112,1344,,0,12,35,420,924
raw_sales_report,Medshield (Keith San Miguel).xlsx,sales2017,952,5,13162,2017-07-30,GOVERNMENT,#REF!,,,0,,0,0,,0,0
raw_sales_report,Medshield (Keith San Miguel).xlsx,sales2017,953,5,13163,2017-07-30,GOVERNMENT,#REF!,,,0,,0,0,,0,0
raw_sales_report,Medshield (Keith San Miguel).xlsx,sales2017,954,5,13164,2017-07-30,GOVERNMENT,#REF!,,,0,,0,0,,0,0
raw_sales_report,Medshield (Keith San Miguel).xlsx,sales2017,955,5,13165,2017-07-30,GOVERNMENT,#REF!,,,0,,0,0,,0,0
raw_sales_report,Medshield (Keith San Miguel).xlsx,sales2017,956,5,13166,2017-07-30,GOVERNMENT,#REF!,,,0,,0,0,,0,0
raw_sales_report,Medshield (Keith San Miguel).xlsx,sales2017,957,5,13167,2017-07-30,GOVERNMENT,#REF!,,,0,,0,0,,0,0
raw_sales_report,Medshield (Keith San Miguel).xlsx,sales2017,958,5,13168,2017-07-30,GOVERNMENT,#REF!,,,0,,0,0,,0,0
raw_sales_report,Medshield (Keith San Miguel).xlsx,sales2017,959,5,13169,2017-07-30,GOVERNMENT,#REF!,,,0,,0,0,,0,0
raw_sales_report,Medshield (Keith San Miguel).xlsx,sales2017,960,5,13265,2017-07-02,HOSPITAL,#REF!,500,120,60000,,0,500,22,11000,49000
raw_sales_report,Medshield (Keith San Miguel).xlsx,sales2017,961,5,13266,2017-07-02,HOSPITAL,#REF!,15,1800,27000,,0,15,590,8850,18150
raw_sales_report,Medshield (Keith San Miguel).xlsx,sales2017,962,5,13266,2017-07-03,HOSPITAL,#REF!,100,2450,245000,,0,100,891,89100,155900
raw_sales_report,Medshield (Keith San Miguel).xlsx,sales2017,963,5,13266,2017-07-03,HOSPITAL,#REF!,30,4800,144000,,0,30,1872,56160,87840
raw_sales_report,Medshield (Keith San Miguel).xlsx,sales2017,964,5,13266,2017-07-03,HOSPITAL,#REF!,30,9600,288000,,0,30,2145,64350,223650
raw_sales_report,Medshield (Keith San Miguel).xlsx,sales2017,965,5,13266,2017-07-03,HOSPITAL,#REF!,50,1280,64000,,0,50,450,22500,41500
raw_sales_report,Medshield (Keith San Miguel).xlsx,sales2017,966,5,13267,2017-07-03,HOSPITAL,#REF!,3,500,1500,,0,3,120,360,1140
raw_sales_report,Medshield (Keith San Miguel).xlsx,sales2017,967,5,13268,2017-07-10,HOSPITAL,#REF!,,,0,,0,0,,0,0
raw_sales_report,Medshield (Keith San Miguel).xlsx,sales2017,968,5,13269,2017-07-11,HOSPITAL,#REF!,10,1200,12000,,0,10,250,2500,9500
raw_sales_report,Medshield (Keith San Miguel).xlsx,sales2017,969,5,13270,2017-07-13,HOSPITAL,#REF!,1,650,650,,0,1,184,184,466
raw_sales_report,Medshield (Keith San Miguel).xlsx,sales2017,970,5,13270,2017-07-13,HOSPITAL,#REF!,3,2800,8400,,0,3,1173.6,3520.7999999999997,4879.200000000001
raw_sales_report,Medshield (Keith San Miguel).xlsx,sales2017,971,5,13270,2017-07-13,HOSPITAL,#REF!,1,1200,1200,,0,1,365,365,835
raw_sales_report,Medshield (Keith San Miguel).xlsx,sales2017,972,5,13270,2017-07-13,HOSPITAL,#REF!,1,4500,4500,,0,1,120,120,4380
raw_sales_report,Medshield (Keith San Miguel).xlsx,sales2017,973,5,13270,2017-07-13,HOSPITAL,#REF!,1,6000,6000,,0,1,25,25,5975
raw_sales_report,Medshield (Keith San Miguel).xlsx,sales2017,974,5,13270,2017-07-13,HOSPITAL,#REF!,1,700,700,,0,1,235,235,465
raw_sales_report,Medshield (Keith San Miguel).xlsx,sales2017,975,5,13270,2017-07-13,HOSPITAL,#REF!,3,1750,5250,,0,3,415,1245,4005
raw_sales_report,Medshield (Keith San Miguel).xlsx,sales2017,976,5,13270,2017-07-13,HOSPITAL,#REF!,2,2450,4900,,0,2,815,1630,3270
raw_sales_report,Medshield (Keith San Miguel).xlsx,sales2017,977,5,13270,2017-07-13,HOSPITAL,#REF!,1,3960,3960,,0,1,1872,1872,2088
raw_sales_report,Medshield (Keith San Miguel).xlsx,sales2017,978,5,13271,2017-07-15,HOSPITAL,#REF!,4,4500,18000,,0,4,120,480,17520
raw_sales_report,Medshield (Keith San Miguel).xlsx,sales2017,979,5,13271,2017-07-15,HOSPITAL,#REF!,3,1550,4650,,0,3,416.36,1249.08,3400.92
raw_sales_report,Medshield (Keith San Miguel).xlsx,sales2017,980,5,13272,2017-07-23,HOSPITAL,#REF!,1,4800,4800,,0,1,1872,1872,2928
raw_sales_report,Medshield (Keith San Miguel).xlsx,sales2017,981,5,13273,2017-07-23,HOSPITAL,#REF!,3,300,900,,0,3,75,225,675
raw_sales_report,Medshield (Keith San Miguel).xlsx,sales2017,982,5,13274,2017-07-22,HOSPITAL,#REF!,10,1200,12000,,0,10,250,2500,9500
raw_sales_report,Medshield (Keith San Miguel).xlsx,sales2017,983,5,13473,2017-06-15,LAGUNA,#REF!,50,380,19000,,0,50,45,2250,16750
raw_sales_report,Medshield (Keith San Miguel).xlsx,sales2017,984,5,13478,2017-06-15,LAGUNA,#REF!,6,500,3000,,0,6,310,1860,1140
raw_sales_report,Medshield (Keith San Miguel).xlsx,sales2017,985,5,13483,2017-06-21,LAGUNA,#REF!,2,2500,5000,,0,2,650,1300,3700
raw_sales_report,Medshield (Keith San Miguel).xlsx,sales2017,986,5,13483,2017-06-21,LAGUNA,#REF!,10,880,8800,,0,10,25,250,8550
raw_sales_report,Medshield (Keith San Miguel).xlsx,sales2017,987,5,13483,2017-06-21,LAGUNA,#REF!,5,975,4875,,0,5,384,1920,2955
raw_sales_report,Medshield (Keith San Miguel).xlsx,sales2017,988,5,13483,2017-06-21,LAGUNA,#REF!,5,960,4800,,0,5,240,1200,3600
raw_sales_report,Medshield (Keith San Miguel).xlsx,sales2017,989,5,13483,2017-06-21,LAGUNA,#REF!,10,420,4200,,0,10,8,80,4120
raw_sales_report,Medshield (Keith San Miguel).xlsx,sales2017,990,5,13483,2017-06-21,LAGUNA,#REF!,12,320,3840,,0,12,37,444,3396
raw_sales_report,Medshield (Keith San Miguel).xlsx,sales2017,991,5,13483,2017-06-21,LAGUNA,#REF!,30,580,17400,,0,30,293.37,8801.1,8598.9
raw_sales_report,Medshield (Keith San Miguel).xlsx,sales2017,992,5,13483,2017-06-21,LAGUNA,#REF!,10,350,3500,,0,10,60,600,2900
raw_sales_report,Medshield (Keith San Miguel).xlsx,sales2017,993,5,13483,2017-06-21,LAGUNA,#REF!,60,67.5,4050,,0,60,45,2700,1350
raw_sales_report,Medshield (Keith San Miguel).xlsx,sales2017,994,5,13490,2017-06-23,LAGUNA,#REF!,50,190,9500,,0,50,73,3650,5850
raw_sales_report,Medshield (Keith San Miguel).xlsx,sales2017,995,5,13490,2017-06-23,LAGUNA,#REF!,2,2100,4200,,0,2,1450,2900,1300
raw_sales_report,Medshield (Keith San Miguel).xlsx,sales2017,996,5,13491,2017-06-28,LAGUNA,#REF!,20,320,6400,,0,20,70.85,1417,4983
raw_sales_report,Medshield (Keith San Miguel).xlsx,sales2017,997,5,13491,2017-06-28,LAGUNA,#REF!,5,790,3950,,0,5,265,1325,2625
raw_sales_report,Medshield (Keith San Miguel).xlsx,sales2017,998,5,13491,2017-06-28,LAGUNA,#REF!,10,480,4800,,0,10,18,180,4620
raw_sales_report,Medshield (Keith San Miguel).xlsx,sales2017,999,5,13491,2017-06-28,LAGUNA,#REF!,3,950,2850,,0,3,320,960,1890
raw_sales_report,Medshield (Keith San Miguel).xlsx,sales2017,1000,5,13491,2017-06-28,LAGUNA,#REF!,60,67.5,4050,,0,60,45,2700,1350
raw_sales_report,Medshield (Keith San Miguel).xlsx,sales2017,1001,5,13491,2017-06-28,LAGUNA,#REF!,50,380,19000,,0,50,45,2250,16750
raw_sales_report,Medshield (Keith San Miguel).xlsx,sales2017,1002,5,13495,2017-06-29,LAGUNA,#REF!,10,600,6000,,0,10,170,1700,4300
raw_sales_report,Medshield (Keith San Miguel).xlsx,sales2017,1003,5,13495,2017-06-29,LAGUNA,#REF!,3,3850,11550,,0,3,1139.95,3419.8500000000004,8130.15
raw_sales_report,Medshield (Keith San Miguel).xlsx,sales2017,1004,5,13495,2017-06-29,LAGUNA,#REF!,100,264,26400,,0,100,73,7300,19100
raw_sales_report,Medshield (Keith San Miguel).xlsx,sales2017,1005,5,13495,2017-06-29,LAGUNA,#REF!,12,880,10560,,0,12,25,300,10260
raw_sales_report,Medshield (Keith San Miguel).xlsx,sales2017,1006,5,13495,2017-06-29,LAGUNA,#REF!,10,740,7400,,0,10,110,1100,6300
raw_sales_report,Medshield (Keith San Miguel).xlsx,sales2017,1007,5,13495,2017-06-29,LAGUNA,#REF!,5,1000,5000,,0,5,240,1200,3800
raw_sales_report,Medshield (Keith San Miguel).xlsx,sales2017,1008,5,13495,2017-06-29,LAGUNA,#REF!,3,1800,5400,,0,3,550,1650,3750
raw_sales_report,Medshield (Keith San Miguel).xlsx,sales2017,1009,5,13497,2017-07-03,LAGUNA,#REF!,20,640,12800,,0,20,110,2200,10600
raw_sales_report,Medshield (Keith San Miguel).xlsx,sales2017,1010,5,13498,2017-07-03,LAGUNA,#REF!,190,190,36100,,0,190,73,13870,22230
raw_sales_report,Medshield (Keith San Miguel).xlsx,sales2017,1011,5,13499,2017-07-04,LAGUNA,#REF!,,,0,,0,0,,0,0
raw_sales_report,Medshield (Keith San Miguel).xlsx,sales2017,1012,5,13500,2017-07-18,LAGUNA,#REF!,30,190,5700,,0,30,73,2190,3510
raw_sales_report,Medshield (Keith San Miguel).xlsx,sales2017,1013,5,13519,2017-06-01,ADMIN,#REF!,2,1500,3000,0.3,900,2,195,390,1710
raw_sales_report,Medshield (Keith San Miguel).xlsx,sales2017,1014,5,13526,2017-07-22,ADMIN,#REF!,24,88,2112,,0,24,25,600,1512
raw_sales_report,Medshield (Keith San Miguel).xlsx,sales2017,1015,5,13526,2017-07-22,ADMIN,#REF!,24,440,10560,,0,24,139.44,3346.56,7213.4400000000005
raw_sales_report,Medshield (Keith San Miguel).xlsx,sales2017,1016,5,13526,2017-07-22,ADMIN,#REF!,3,2200,6600,,0,3,525,1575,5025
raw_sales_report,Medshield (Keith San Miguel).xlsx,sales2017,1017,5,13526,2017-07-22,ADMIN,#REF!,3,2150,6450,,0,3,890,2670,3780
raw_sales_report,Medshield (Keith San Miguel).xlsx,sales2017,1018,5,13526,2017-07-22,ADMIN,#REF!,50,66,3300,,0,50,23,1150,2150
raw_sales_report,Medshield (Keith San Miguel).xlsx,sales2017,1019,5,13526,2017-07-22,ADMIN,#REF!,24,125,3000,,0,24,42,1008,1992
raw_sales_report,Medshield (Keith San Miguel).xlsx,sales2017,1020,5,13535,2017-07-05,ADMIN,#REF!,10,650,6500,,0,11,184.09,2024.99,4475.01
raw_sales_report,Medshield (Keith San Miguel).xlsx,sales2017,1021,5,13535,2017-07-05,ADMIN,#REF!,10,975,9750,,0,11,384,4224,5526
raw_sales_report,Medshield (Keith San Miguel).xlsx,sales2017,1022,5,13535,2017-07-05,ADMIN,#REF!,5,950,4750,,0,5,287.5,1437.5,3312.5
raw_sales_report,Medshield (Keith San Miguel).xlsx,sales2017,1023,5,13535,2017-07-05,ADMIN,#REF!,3,1200,3600,,0,3,365,1095,2505
raw_sales_report,Medshield (Keith San Miguel).xlsx,sales2017,1024,5,13535,2017-07-05,ADMIN,#REF!,10,870,8700,,0,11,182.5,2007.5,6692.5
raw_sales_report,Medshield (Keith San Miguel).xlsx,sales2017,1025,5,13536,2017-07-05,ADMIN,#REF!,5,670,3350,,0,5,210,1050,2300
raw_sales_report,Medshield (Keith San Miguel).xlsx,sales2017,1026,5,13536,2017-07-05,ADMIN,#REF!,10,1600,16000,,0,10,480.9,4809,11191
raw_sales_report,Medshield (Keith San Miguel).xlsx,sales2017,1027,5,13536,2017-07-05,ADMIN,#REF!,10,750,7500,,0,10,240,2400,5100
raw_sales_report,Medshield (Keith San Miguel).xlsx,sales2017,1028,5,13536,2017-07-05,ADMIN,#REF!,3,1500,4500,,0,3,435,1305,3195
raw_sales_report,Medshield (Keith San Miguel).xlsx,sales2017,1029,5,13538,2017-07-05,ADMIN,#REF!,3,500,1500,,0,3,40,120,1380
raw_sales_report,Medshield (Keith San Miguel).xlsx,sales2017,1030,5,13538,2017-07-05,ADMIN,#REF!,1,650,650,,0,1,187.5,187.5,462.5
raw_sales_report,Medshield (Keith San Miguel).xlsx,sales2017,1031,5,13538,2017-07-05,ADMIN,#REF!,1,2100,2100,,0,1,650,650,1450
raw_sales_report,Medshield (Keith San Miguel).xlsx,sales2017,1032,5,13539,2017-07-10,batangas,#REF!,6,445,2670,,0,6,140,840,1830
raw_sales_report,Medshield (Keith San Miguel).xlsx,sales2017,1033,5,13539,2017-07-10,batangas,#REF!,208,1320,274560,,0,208,400,83200,191360
raw_sales_report,Medshield (Keith San Miguel).xlsx,sales2017,1034,5,13539,2017-07-10,batangas,#REF!,2100,320,672000,,0,2100,73,153300,518700
raw_sales_report,Medshield (Keith San Miguel).xlsx,sales2017,1035,5,13539,2017-07-10,batangas,#REF!,16.3,1200,19560,,0,16.3,280,4564,14996
raw_sales_report,Medshield (Keith San Miguel).xlsx,sales2017,1036,5,13540,2017-07-10,QUEZON,#REF!,5,750,3750,,0,5,240,1200,2550
raw_sales_report,Medshield (Keith San Miguel).xlsx,sales2017,1037,5,13541,2017-07-10,HOSPITAL,#REF!,2,6000,12000,,0,2,25,50,11950
raw_sales_report,Medshield (Keith San Miguel).xlsx,sales2017,1038,5,13543,2017-07-11,ADMIN,#REF!,,,0,,0,0,,0,0
raw_sales_report,Medshield (Keith San Miguel).xlsx,sales2017,1039,5,13545,2017-07-14,batangas,#REF!,113.8,1250,142250,,0,113.8,318.09999999999997,36199.78,106050.22
raw_sales_report,Medshield (Keith San Miguel).xlsx,sales2017,1040,5,13545,2017-07-14,batangas,#REF!,300,590,177000,,0,300,155,46500,130500
raw_sales_report,Medshield (Keith San Miguel).xlsx,sales2017,1041,5,13545,2017-07-14,batangas,#REF!,15,140,2100,,0,15,39,585,1515
raw_sales_report,Medshield (Keith San Miguel).xlsx,sales2017,1042,5,13545,2017-07-14,batangas,#REF!,36.6,480,17568,,0,36.6,80,2928,14640
raw_sales_report,Medshield (Keith San Miguel).xlsx,sales2017,1043,5,13545,2017-07-14,batangas,#REF!,11.5,480,5520,,0,11.5,132.5,1523.75,3996.25
raw_sales_report,Medshield (Keith San Miguel).xlsx,sales2017,1044,5,13545,2017-07-14,batangas,#REF!,6.3,1500,9450,,0,6.3,277.5,1748.25,7701.75
raw_sales_report,Medshield (Keith San Miguel).xlsx,sales2017,1045,5,13545,2017-07-14,batangas,#REF!,640,140,89600,,0,640,42.5,27200,62400
raw_sales_report,Medshield (Keith San Miguel).xlsx,sales2017,1046,5,13545,2017-07-14,batangas,#REF!,800,98,78400,,0,800,8.5,6800,71600
raw_sales_report,Medshield (Keith San Miguel).xlsx,sales2017,1047,5,13546,2017-07-14,BATANGAS,#REF!,250,200,50000,,0,250,52.5,13125,36875
raw_sales_report,Medshield (Keith San Miguel).xlsx,sales2017,1048,5,13546,2017-07-14,BATANGAS,#REF!,495,95,47025,,0,495,28.5,14107.5,32917.5
raw_sales_report,Medshield (Keith San Miguel).xlsx,sales2017,1049,5,13546,2017-07-14,BATANGAS,#REF!,22,590,12980,,0,22,190,4180,8800
raw_sales_report,Medshield (Keith San Miguel).xlsx,sales2017,1050,5,13546,2017-07-14,BATANGAS,#REF!,2360,58,136880,,0,2360,16,37760,99120
raw_sales_report,Medshield (Keith San Miguel).xlsx,sales2017,1051,5,13547,2017-07-14,GOVERNMENT,#REF!,,,0,,0,0,,0,0
raw_sales_report,Medshield (Keith San Miguel).xlsx,sales2017,1052,5,13548,2017-07-14,GOVERNMENT,#REF!,,,0,,0,0,,0,0
raw_sales_report,Medshield (Keith San Miguel).xlsx,sales2017,1053,5,13549,2017-07-17,QUEZON,#REF!,5,650,3250,,0,7,187.5,1312.5,1937.5
raw_sales_report,Medshield (Keith San Miguel).xlsx,sales2017,1054,5,13549,2017-07-17,QUEZON,#REF!,5,1500,7500,,0,7,540,3780,3720
raw_sales_report,Medshield (Keith San Miguel).xlsx,sales2017,1055,5,13549,2017-07-17,QUEZON,#REF!,5,1750,8750,,0,7,500,3500,5250
raw_sales_report,Medshield (Keith San Miguel).xlsx,sales2017,1056,5,13550,2017-07-17,QUEZON,#REF!,2,1950,3900,,0,2,590,1180,2720
raw_sales_report,Medshield (Keith San Miguel).xlsx,sales2017,1057,5,13658,2017-06-28,CAM NORTE,#REF!,1,2727,2727,,0,1,1450,1450,1277
raw_sales_report,Medshield (Keith San Miguel).xlsx,sales2017,1058,5,13659,2017-06-28,CAM NORTE,#REF!,5,400,2000,,0,5,139.44,697.2,1302.8
raw_sales_report,Medshield (Keith San Miguel).xlsx,sales2017,1059,5,13660,2017-06-28,CAM NORTE,#REF!,1,455,455,,0,1,158,158,297
raw_sales_report,Medshield (Keith San Miguel).xlsx,sales2017,1060,5,13661,2017-06-28,CAM NORTE,#REF!,1,1591,1591,,0,1,415,415,1176
raw_sales_report,Medshield (Keith San Miguel).xlsx,sales2017,1061,5,13662,2017-06-30,CAM NORTE,#REF!,1,3000,3000,,0,1,1450,1450,1550
raw_sales_report,Medshield (Keith San Miguel).xlsx,sales2017,1062,5,13662,2017-06-30,CAM NORTE,#REF!,1,650,650,,0,1,184.09,184.09,465.90999999999997
raw_sales_report,Medshield (Keith San Miguel).xlsx,sales2017,1063,5,13662,2017-06-30,CAM NORTE,#REF!,6,79,474,,0,6,23.8,142.8,331.2
raw_sales_report,Medshield (Keith San Miguel).xlsx,sales2017,1064,5,13662,2017-06-30,CAM NORTE,#REF!,8,80,640,,0,8,24.5,196,444
raw_sales_report,Medshield (Keith San Miguel).xlsx,sales2017,1065,5,13663,2017-07-04,CAM NORTE,#REF!,1,975,975,0.35,341.25,1,384,384,249.75
raw_sales_report,Medshield (Keith San Miguel).xlsx,sales2017,1066,5,13666,2017-07-06,CAM NORTE,#REF!,20,380,7600,,0,20,73,1460,6140
raw_sales_report,Medshield (Keith San Miguel).xlsx,sales2017,1067,5,13667,2017-07-06,CAM NORTE,#REF!,1,3000,3000,,0,1,750,750,2250
raw_sales_report,Medshield (Keith San Miguel).xlsx,sales2017,1068,5,13667,2017-07-06,CAM NORTE,#REF!,1,1280,1280,,0,1,450,450,830
raw_sales_report,Medshield (Keith San Miguel).xlsx,sales2017,1069,5,13667,2017-07-06,CAM NORTE,#REF!,1,800,800,,0,1,100,100,700
raw_sales_report,Medshield (Keith San Miguel).xlsx,sales2017,1070,5,13667,2017-07-06,CAM NORTE,#REF!,8,3800,30400,,0,8,73,584,29816
raw_sales_report,Medshield (Keith San Miguel).xlsx,sales2017,1071,5,13668,2017-07-06,CAM NORTE,#REF!,1,800,800,,0,1,227.5,227.5,572.5
raw_sales_report,Medshield (Keith San Miguel).xlsx,sales2017,1072,5,13668,2017-07-06,CAM NORTE,#REF!,1,1070,1070,,0,1,319,319,751
raw_sales_report,Medshield (Keith San Miguel).xlsx,sales2017,1073,5,13668,2017-07-06,CAM NORTE,#REF!,1,1800,1800,,0,1,550,550,1250
raw_sales_report,Medshield (Keith San Miguel).xlsx,sales2017,1074,5,13669,2017-07-06,CAM NORTE,#REF!,20,175,3500,,0,20,55,1100,2400
raw_sales_report,Medshield (Keith San Miguel).xlsx,sales2017,1075,5,13669,2017-07-06,CAM NORTE,#REF!,20,240,4800,,0,20,75,1500,3300
raw_sales_report,Medshield (Keith San Miguel).xlsx,sales2017,1076,5,13670,2017-07-06,CAM NORTE,#REF!,12,175,2100,,0,18,55,990,1110
raw_sales_report,Medshield (Keith San Miguel).xlsx,sales2017,1077,5,13670,2017-07-06,CAM NORTE,#REF!,12,160,1920,,0,18,48.65,875.6999999999999,1044.3000000000002
raw_sales_report,Medshield (Keith San Miguel).xlsx,sales2017,1078,5,13670,2017-07-06,CAM NORTE,#REF!,12,145,1740,,0,18,47,846,894
raw_sales_report,Medshield (Keith San Miguel).xlsx,sales2017,1079,5,13671,2017-07-06,CAM NORTE,#REF!,20,360,7200,,0,20,110,2200,5000
raw_sales_report,Medshield (Keith San Miguel).xlsx,sales2017,1080,5,13673,2017-07-06,cam norte,#REF!,1,2546,2546,,0,1,750,750,1796
raw_sales_report,Medshield (Keith San Miguel).xlsx,sales2017,1081,5,13674,2017-07-06,cam norte,#REF!,1,1200,1200,,0,1,200,200,1000
raw_sales_report,Medshield (Keith San Miguel).xlsx,sales2017,1082,5,13675,2017-07-07,CAM NORTE,#REF!,6,310,1860,,0,6,129.7,778.1999999999999,1081.8000000000002
raw_sales_report,Medshield (Keith San Miguel).xlsx,sales2017,1083,5,13675,2017-07-07,CAM NORTE,#REF!,4,190,760,,0,4,75.602,302.408,457.592
raw_sales_report,Medshield (Keith San Miguel).xlsx,sales2017,1084,5,13675,2017-07-07,CAM NORTE,#REF!,6,105,630,,0,6,28,168,462
raw_sales_report,Medshield (Keith San Miguel).xlsx,sales2017,1085,5,13675,2017-07-07,CAM NORTE,#REF!,1,500,500,,0,1,158,158,342
raw_sales_report,Medshield (Keith San Miguel).xlsx,sales2017,1086,5,13675,2017-07-07,CAM NORTE,#REF!,1,650,650,,0,1,184.09,184.09,465.90999999999997
raw_sales_report,Medshield (Keith San Miguel).xlsx,sales2017,1087,5,13676,2017-07-07,CAM NORTE,#REF!,2,1800,3600,,0,2,535,1070,2530
raw_sales_report,Medshield (Keith San Miguel).xlsx,sales2017,1088,5,13676,2017-07-07,CAM NORTE,#REF!,1,2800,2800,,0,1,1173.6,1173.6,1626.4
raw_sales_report,Medshield (Keith San Miguel).xlsx,sales2017,1089,5,13676,2017-07-07,CAM NORTE,#REF!,1,500,500,,0,1,133,133,367
raw_sales_report,Medshield (Keith San Miguel).xlsx,sales2017,1090,5,13676,2017-07-07,CAM NORTE,#REF!,4,190,760,,0,4,75.6,302.4,457.6
raw_sales_report,Medshield (Keith San Miguel).xlsx,sales2017,1091,5,13676,2017-07-07,CAM NORTE,#REF!,6,310,1860,,0,6,129.7,778.1999999999999,1081.8000000000002
raw_sales_report,Medshield (Keith San Miguel).xlsx,sales2017,1092,5,13676,2017-07-07,CAM NORTE,#REF!,1,1750,1750,,0,1,550,550,1200
raw_sales_report,Medshield (Keith San Miguel).xlsx,sales2017,1093,5,13677,2017-07-07,cam norte,#REF!,1,3000,3000,,0,1,1450,1450,1550
raw_sales_report,Medshield (Keith San Miguel).xlsx,sales2017,1094,5,13677,2017-07-07,cam norte,#REF!,1,3800,3800,,0,1,890,890,2910
raw_sales_report,Medshield (Keith San Miguel).xlsx,sales2017,1095,5,13677,2017-07-07,cam norte,#REF!,3,190,570,,0,3,75.6,226.79999999999998,343.20000000000005
raw_sales_report,Medshield (Keith San Miguel).xlsx,sales2017,1096,5,13677,2017-07-07,cam norte,#REF!,6,310,1860,,0,6,129.7,778.1999999999999,1081.8000000000002
raw_sales_report,Medshield (Keith San Miguel).xlsx,sales2017,1097,5,13677,2017-07-07,cam norte,#REF!,3,450,1350,,0,3,148,444,906
raw_sales_report,Medshield (Keith San Miguel).xlsx,sales2017,1098,5,13678,2017-07-07,cam norte,#REF!,20,300,6000,,0,20,75,1500,4500
raw_sales_report,Medshield (Keith San Miguel).xlsx,sales2017,1099,5,13679,2017-07-11,CAM NORTE,#REF!,20,80,1600,,0,20,23.45,469,1131
raw_sales_report,Medshield (Keith San Miguel).xlsx,sales2017,1100,5,13680,2017-07-11,CAM NORTE,#REF!,5,3429,17145,,0,5,1250,6250,10895
raw_sales_report,Medshield (Keith San Miguel).xlsx,sales2017,1101,5,13681,2017-07-11,CAM NORTE,#REF!,1,2800,2800,,0,1,287.5,287.5,2512.5
raw_sales_report,Medshield (Keith San Miguel).xlsx,sales2017,1102,5,13682,2017-07-11,CAM NORTE,#REF!,1,1800,1800,,0,1,540,540,1260
raw_sales_report,Medshield (Keith San Miguel).xlsx,sales2017,1103,5,13683,2017-07-11,CAM NORTE,#REF!,1,1200,1200,,0,1,345,345,855
raw_sales_report,Medshield (Keith San Miguel).xlsx,sales2017,1104,5,13684,2017-07-11,CAM NORTE,#REF!,1,1600,1600,,0,1,480.9,480.9,1119.1
raw_sales_report,Medshield (Keith San Miguel).xlsx,sales2017,1105,5,13685,2017-07-11,CAM NORTE,#REF!,1,1800,1800,,0,1,535,535,1265
raw_sales_report,Medshield (Keith San Miguel).xlsx,sales2017,1106,5,13686,2017-07-11,CAM NORTE,#REF!,1,975,975,,0,1,384,384,591
raw_sales_report,Medshield (Keith San Miguel).xlsx,sales2017,1107,5,13687,2017-07-11,CAM NORTE,#REF!,1,700,700,,0,1,250,250,450
raw_sales_report,Medshield (Keith San Miguel).xlsx,sales2017,1108,5,13688,2017-07-11,CAM NORTE,#REF!,1,750,750,,0,1,227.5,227.5,522.5
raw_sales_report,Medshield (Keith San Miguel).xlsx,sales2017,1109,5,13689,2017-07-11,CAM NORTE,#REF!,1,1070,1070,,0,1,319,319,751
raw_sales_report,Medshield (Keith San Miguel).xlsx,sales2017,1110,5,13690,2017-07-11,CAM NORTE,#REF!,1,650,650,,0,1,184.09,184.09,465.90999999999997
raw_sales_report,Medshield (Keith San Miguel).xlsx,sales2017,1111,5,13691,2017-07-11,CAM NORTE,#REF!,1,500,500,,0,1,133,133,367
raw_sales_report,Medshield (Keith San Miguel).xlsx,sales2017,1112,5,13692,2017-07-11,CAM NORTE,#REF!,1,1900,1900,,0,1,595,595,1305
raw_sales_report,Medshield (Keith San Miguel).xlsx,sales2017,1113,5,13693,2017-07-11,CAM NORTE,#REF!,1,3000,3000,,0,1,1450,1450,1550
raw_sales_report,Medshield (Keith San Miguel).xlsx,sales2017,1114,5,13694,2017-07-11,CAM NORTE,#REF!,1,500,500,,0,1,158,158,342
raw_sales_report,Medshield (Keith San Miguel).xlsx,sales2017,1115,5,13695,2017-07-12,CAM NORTE,#REF!,1,,0,,0,2,250,500,-500
raw_sales_report,Medshield (Keith San Miguel).xlsx,sales2017,1116,5,13695,2017-07-12,CAM NORTE,#REF!,1,,0,,0,1,595,595,-595
raw_sales_report,Medshield (Keith San Miguel).xlsx,sales2017,1117,5,13696,2017-07-11,CAM NORTE,#REF!,1,3000,3000,,0,1,1450,1450,1550
raw_sales_report,Medshield (Keith San Miguel).xlsx,sales2017,1118,5,13697,2017-07-11,CAM NORTE,#REF!,1,1800,1800,,0,1,550,550,1250
raw_sales_report,Medshield (Keith San Miguel).xlsx,sales2017,1119,5,13698,2017-07-11,CAM NORTE,#REF!,1,1000,1000,,0,1,155,155,845
raw_sales_report,Medshield (Keith San Miguel).xlsx,sales2017,1120,5,13699,2017-07-14,CAM NORTE,#REF!,1,1800,1800,,0,1,540,540,1260
raw_sales_report,Medshield (Keith San Miguel).xlsx,sales2017,1121,5,13700,2017-07-15,CAM NORTE,#REF!,1,3000,3000,,0,1,1450,1450,1550
raw_sales_report,Medshield (Keith San Miguel).xlsx,sales2017,1122,5,13710,2017-07-04,BATANGAS,#REF!,12,150,1800,,0,12,55,660,1140
raw_sales_report,Medshield (Keith San Miguel).xlsx,sales2017,1123,5,13711,2017-07-04,BATANGAS,#REF!,12,90,1080,,0,12,31,372,708
raw_sales_report,Medshield (Keith San Miguel).xlsx,sales2017,1124,5,13712,2017-07-04,BATANGAS,#REF!,16,150,2400,,0,16,48.65,778.4,1621.6
raw_sales_report,Medshield (Keith San Miguel).xlsx,sales2017,1125,5,13713,2017-07-04,BATANGAS,#REF!,12,80,960,,0,12,26.93,323.15999999999997,636.84
raw_sales_report,Medshield (Keith San Miguel).xlsx,sales2017,1126,5,13714,2017-07-04,BATANGAS,#REF!,10,80,800,,0,10,24.47,244.7,555.3
raw_sales_report,Medshield (Keith San Miguel).xlsx,sales2017,1127,5,13715,2017-07-14,BATANGAS,#REF!,9,72,648,0.1,64.8,9,23,207,376.20000000000005
raw_sales_report,Medshield (Keith San Miguel).xlsx,sales2017,1128,5,13716,2017-07-14,BATANGAS,#REF!,2,1026,2052,0.1,205.20000000000002,2,207.27,414.54,1432.26
raw_sales_report,Medshield (Keith San Miguel).xlsx,sales2017,1129,5,13717,2017-07-14,BATANGAS,#REF!,3,900,2700,0.1,270,3,300,900,1530
raw_sales_report,Medshield (Keith San Miguel).xlsx,sales2017,1130,5,13718,2017-07-14,BATANGAS,#REF!,5,72,360,0.1,36,5,24.47,122.35,201.65
raw_sales_report,Medshield (Keith San Miguel).xlsx,sales2017,1131,5,13719,2017-07-14,BATANGAS,#REF!,2,3200,6400,0.1,640,2,920,1840,3920
raw_sales_report,Medshield (Keith San Miguel).xlsx,sales2017,1132,5,13720,2017-07-14,BATANGAS,#REF!,2,960,1920,0.1,192,2,225,450,1278
raw_sales_report,Medshield (Keith San Miguel).xlsx,sales2017,1133,5,13721,2017-07-14,BATANGAS,#REF!,6,264,1584,0.1,158.4,6,80.14,480.84000000000003,944.7599999999999
raw_sales_report,Medshield (Keith San Miguel).xlsx,sales2017,1134,5,13722,2017-07-14,BATANGAS,#REF!,2,3500,7000,0.1,700,2,650,1300,5000
raw_sales_report,Medshield (Keith San Miguel).xlsx,sales2017,1135,5,13723,2017-07-04,BATANGAS,#REF!,1,915,915,,0,1,310,310,605
raw_sales_report,Medshield (Keith San Miguel).xlsx,sales2017,1136,5,13724,2017-07-04,BATANGAS,#REF!,2,3000,6000,,0,2,1450,2900,3100
raw_sales_report,Medshield (Keith San Miguel).xlsx,sales2017,1137,5,13725,2017-07-04,BATANGAS,#REF!,1,550,550,,0,1,120.47,120.47,429.53
raw_sales_report,Medshield (Keith San Miguel).xlsx,sales2017,1138,5,13726,2017-07-04,BATANGAS,#REF!,1,1600,1600,,0,1,415,415,1185
raw_sales_report,Medshield (Keith San Miguel).xlsx,sales2017,1139,5,13728,2017-07-04,BATANGAS,#REF!,6,28.7,172.2,,0,6,28.7,172.2,0
raw_sales_report,Medshield (Keith San Miguel).xlsx,sales2017,1140,5,13729,2017-07-04,BATANGAS,#REF!,4,990,3960,,0,4,300,1200,2760
raw_sales_report,Medshield (Keith San Miguel).xlsx,sales2017,1141,5,13729,2017-07-04,BATANGAS,#REF!,4,1925,7700,,0,4,415,1660,6040
raw_sales_report,Medshield (Keith San Miguel).xlsx,sales2017,1142,5,13730,2017-07-04,BATANGAS,#REF!,3,2600,7800,,0,3,650,1950,5850
raw_sales_report,Medshield (Keith San Miguel).xlsx,sales2017,1143,5,13731,2017-07-04,BATANGAS,#REF!,2,700,1400,,0,2,218.46,436.92,963.0799999999999
raw_sales_report,Medshield (Keith San Miguel).xlsx,sales2017,1144,5,13731,2017-07-04,BATANGAS,#REF!,3,1980,5940,,0,3,650,1950,3990
raw_sales_report,Medshield (Keith San Miguel).xlsx,sales2017,1145,5,13731,2017-07-04,BATANGAS,#REF!,4,550,2200,,0,4,120.47,481.88,1718.12
raw_sales_report,Medshield (Keith San Miguel).xlsx,sales2017,1146,5,13732,2017-07-04,BATANGAS,#REF!,2,4200,8400,,0,2,1235,2470,5930
raw_sales_report,Medshield (Keith San Miguel).xlsx,sales2017,1147,5,13733,2017-07-04,BATANGAS,#REF!,2,5600,11200,,0,2,120,240,10960
raw_sales_report,Medshield (Keith San Miguel).xlsx,sales2017,1148,5,13734,2017-07-04,BATANGAS,#REF!,10,86,860,,0,10,26,260,600
raw_sales_report,Medshield (Keith San Miguel).xlsx,sales2017,1149,5,13734,2017-07-04,BATANGAS,#REF!,12,77,924,,0,12,24.5,294,630
raw_sales_report,Medshield (Keith San Miguel).xlsx,sales2017,1150,5,13735,2017-07-04,BATANGAS,#REF!,12,250,3000,,0,12,80.14,961.6800000000001,2038.32
raw_sales_report,Medshield (Keith San Miguel).xlsx,sales2017,1151,5,13736,2017-07-04,BATANGAS,#REF!,12,135,1620,,0,12,44,528,1092
raw_sales_report,Medshield (Keith San Miguel).xlsx,sales2017,1152,5,13737,2017-07-04,BATANGAS,#REF!,12,125,1500,,0,12,44,528,972
raw_sales_report,Medshield (Keith San Miguel).xlsx,sales2017,1153,5,13738,2017-07-12,BATANGAS,#REF!,4,1300,5200,,0,4,200,800,4400
raw_sales_report,Medshield (Keith San Miguel).xlsx,sales2017,1154,5,13739,2017-07-12,BATANGAS,#REF!,3,1020,3060,,0,3,260,780,2280
raw_sales_report,Medshield (Keith San Miguel).xlsx,sales2017,1155,5,13740,2017-07-12,BATANGAS,#REF!,4,84,336,,0,4,24.5,98,238
raw_sales_report,Medshield (Keith San Miguel).xlsx,sales2017,1156,5,13740,2017-07-12,BATANGAS,#REF!,6,160,960,,0,6,47,282,678
raw_sales_report,Medshield (Keith San Miguel).xlsx,sales2017,1157,5,13741,2017-07-12,BATANGAS,#REF!,11,186,2046,,0,11,48.5,533.5,1512.5
raw_sales_report,Medshield (Keith San Miguel).xlsx,sales2017,1158,5,13742,2017-07-12,BATANGAS,#REF!,20,180,3600,,0,20,48,960,2640
raw_sales_report,Medshield (Keith San Miguel).xlsx,sales2017,1159,5,13743,2017-07-12,BATANGAS,#REF!,17,72,1224,,0,17,23,391,833
raw_sales_report,Medshield (Keith San Miguel).xlsx,sales2017,1160,5,13744,2017-07-12,BATANGAS,#REF!,3,3360,10080,,0,3,1173,3519,6561
raw_sales_report,Medshield (Keith San Miguel).xlsx,sales2017,1161,5,13745,2017-07-12,BATANGAS,#REF!,3,3360,10080,,0,3,1173,3519,6561
raw_sales_report,Medshield (Keith San Miguel).xlsx,sales2017,1162,5,13746,2017-07-12,BATANGAS,#REF!,2,1098,2196,,0,2,345,690,1506
raw_sales_report,Medshield (Keith San Miguel).xlsx,sales2017,1163,5,13747,2017-07-12,BATANGAS,#REF!,2,1098,2196,,0,2,345,690,1506
raw_sales_report,Medshield (Keith San Miguel).xlsx,sales2017,1164,5,13748,2017-07-12,BATANGAS,#REF!,12,150,1800,,0,12,55,660,1140
raw_sales_report,Medshield (Keith San Miguel).xlsx,sales2017,1165,5,13748,2017-07-12,BATANGAS,#REF!,12,95,1140,,0,12,31,372,768
raw_sales_report,Medshield (Keith San Miguel).xlsx,sales2017,1166,5,13749,2017-07-12,BATANGAS,#REF!,5,4200,21000,,0,5,1235,6175,14825
raw_sales_report,Medshield (Keith San Miguel).xlsx,sales2017,1167,5,13750,2017-07-14,BATANGAS,#REF!,2700,240,648000,,0,2700,75,202500,445500
raw_sales_report,Medshield (Keith San Miguel).xlsx,sales2017,1168,5,13751,2017-07-04,LAGUNA,#REF!,2,3200,6400,,0,2,75,150,6250
raw_sales_report,Medshield (Keith San Miguel).xlsx,sales2017,1169,5,13752,2017-07-04,LAGUNA,#REF!,4,650,2600,,0,4,184.09,736.36,1863.6399999999999
raw_sales_report,Medshield (Keith San Miguel).xlsx,sales2017,1170,5,13753,2017-07-04,LAGUNA,#REF!,10,120,1200,,0,10,22,220,980
raw_sales_report,Medshield (Keith San Miguel).xlsx,sales2017,1171,5,13754,2017-07-04,LAGUNA,#REF!,4,500,2000,,0,4,184.09,736.36,1263.6399999999999
raw_sales_report,Medshield (Keith San Miguel).xlsx,sales2017,1172,5,13755,2017-07-04,LAGUNA,#REF!,4,850,3400,,0,4,260,1040,2360
raw_sales_report,Medshield (Keith San Miguel).xlsx,sales2017,1173,5,13756,2017-07-04,LAGUNA,#REF!,1,3000,3000,,0,1,1450,1450,1550
raw_sales_report,Medshield (Keith San Miguel).xlsx,sales2017,1174,5,13759,2017-07-11,LAGUNA,#REF!,3,2500,7500,,0,3,650,1950,5550
raw_sales_report,Medshield (Keith San Miguel).xlsx,sales2017,1175,5,13759,2017-07-11,LAGUNA,#REF!,19,279.99,5319.81,,0,19,81,1539,3780.8100000000004
raw_sales_report,Medshield (Keith San Miguel).xlsx,sales2017,1176,5,13759,2017-07-11,LAGUNA,#REF!,2,8800,17600,,0,2,950,1900,15700
raw_sales_report,Medshield (Keith San Miguel).xlsx,sales2017,1177,5,13759,2017-07-11,LAGUNA,#REF!,1,2500,2500,,0,1,186,186,2314
raw_sales_report,Medshield (Keith San Miguel).xlsx,sales2017,1178,5,13759,2017-07-11,LAGUNA,#REF!,100,264,26400,,0,100,73,7300,19100
raw_sales_report,Medshield (Keith San Miguel).xlsx,sales2017,1179,5,13759,2017-07-11,LAGUNA,#REF!,3,975,2925,,0,3,384,1152,1773
raw_sales_report,Medshield (Keith San Miguel).xlsx,sales2017,1180,5,13759,2017-07-11,LAGUNA,#REF!,500,42,21000,,0,500,8.5,4250,16750
raw_sales_report,Medshield (Keith San Miguel).xlsx,sales2017,1181,5,13759,2017-07-11,LAGUNA,#REF!,20,1200,24000,,0,20,130,2600,21400
raw_sales_report,Medshield (Keith San Miguel).xlsx,sales2017,1182,5,13759,2017-07-11,LAGUNA,#REF!,10,2600,26000,,0,10,850,8500,17500
raw_sales_report,Medshield (Keith San Miguel).xlsx,sales2017,1183,5,13759,2017-07-11,LAGUNA,#REF!,10,1000,10000,,0,10,240,2400,7600
raw_sales_report,Medshield (Keith San Miguel).xlsx,sales2017,1184,5,13759,2017-07-11,LAGUNA,#REF!,10,2500,25000,,0,10,150,1500,23500
raw_sales_report,Medshield (Keith San Miguel).xlsx,sales2017,1185,5,13760,2017-07-12,LAGUNA,#REF!,2,2900,5800,,0,2,650,1300,4500
raw_sales_report,Medshield (Keith San Miguel).xlsx,sales2017,1186,5,13761,2017-07-12,LAGUNA,#REF!,30,294,8820,,0,30,73,2190,6630
raw_sales_report,Medshield (Keith San Miguel).xlsx,sales2017,1187,5,13762,2017-07-13,LAGUNA,#REF!,2,1800,3600,,0,2,540,1080,2520
raw_sales_report,Medshield (Keith San Miguel).xlsx,sales2017,1188,5,13764,2017-07-13,LAGUNA,#REF!,10,120,1200,,0,10,24.67,246.70000000000002,953.3
raw_sales_report,Medshield (Keith San Miguel).xlsx,sales2017,1189,5,13765,2017-07-13,LAGUNA,#REF!,10,320,3200,,0,10,73,730,2470
raw_sales_report,Medshield (Keith San Miguel).xlsx,sales2017,1190,5,13766,2017-07-13,LAGUNA,#REF!,12,310,3720,,0,12,129.7,1556.3999999999999,2163.6000000000004
raw_sales_report,Medshield (Keith San Miguel).xlsx,sales2017,1191,5,13767,2017-07-14,LAGUNA,#REF!,50,46,2300,,0,50,13,650,1650
raw_sales_report,Medshield (Keith San Miguel).xlsx,sales2017,1192,5,13767,2017-07-14,LAGUNA,#REF!,150,264,39600,,0,150,73,10950,28650
raw_sales_report,Medshield (Keith San Miguel).xlsx,sales2017,1193,5,13767,2017-07-14,LAGUNA,#REF!,5,975,4875,,0,5,384,1920,2955
raw_sales_report,Medshield (Keith San Miguel).xlsx,sales2017,1194,5,13767,2017-07-14,LAGUNA,#REF!,60,67.5,4050,,0,60,6,360,3690
raw_sales_report,Medshield (Keith San Miguel).xlsx,sales2017,1195,5,13767,2017-07-14,laguna,#REF!,20,640,12800,,0,20,110,2200,10600
raw_sales_report,Medshield (Keith San Miguel).xlsx,sales2017,1196,5,13768,2017-07-14,LAGUNA,#REF!,20,640,12800,,0,20,110,2200,10600
raw_sales_report,Medshield (Keith San Miguel).xlsx,sales2017,1197,5,13769,2017-07-14,LAGUNA,#REF!,60,190,11400,,0,60,73,4380,7020
raw_sales_report,Medshield (Keith San Miguel).xlsx,sales2017,1198,5,13770,2017-07-21,LAGUNA,#REF!,60,190,11400,,0,60,73,4380,7020
raw_sales_report,Medshield (Keith San Miguel).xlsx,sales2017,1199,5,13770,2017-07-21,LAGUNA,#REF!,2,2100,4200,,0,2,1450,2900,1300
raw_sales_report,Medshield (Keith San Miguel).xlsx,sales2017,1200,5,13770,2017-07-21,LAGUNA,#REF!,2,1225,2450,,0,2,415,830,1620
raw_sales_report,Medshield (Keith San Miguel).xlsx,sales2017,1201,5,13771,2017-07-17,LAGUMA,#REF!,10,350,3500,,0,10,60,600,2900
raw_sales_report,Medshield (Keith San Miguel).xlsx,sales2017,1202,5,13772,2017-07-14,LAGUNA,#REF!,2,2100,4200,,0,2,650,1300,2900
raw_sales_report,Medshield (Keith San Miguel).xlsx,sales2017,1203,5,13773,2017-07-14,LAGUNA,#REF!,1,1280,1280,,0,1,450,450,830
raw_sales_report,Medshield (Keith San Miguel).xlsx,sales2017,1204,5,13775,2017-07-20,LAGUNA,#REF!,150,264,39600,,0,150,73,10950,28650
raw_sales_report,Medshield (Keith San Miguel).xlsx,sales2017,1205,5,13775,2017-07-20,LAGUNA,#REF!,2,1428,2856,,0,2,445,890,1966
raw_sales_report,Medshield (Keith San Miguel).xlsx,sales2017,1206,5,13775,2017-07-20,LAGUNA,#REF!,30,95,2850,,0,30,30,900,1950
raw_sales_report,Medshield (Keith San Miguel).xlsx,sales2017,1207,5,13775,2017-07-20,LAGUNA,#REF!,10,60,600,,0,10,45,450,150
raw_sales_report,Medshield (Keith San Miguel).xlsx,sales2017,1208,5,13775,2017-07-20,LAGUNA,#REF!,80,67.5,5400,,0,80,45,3600,1800
raw_sales_report,Medshield (Keith San Miguel).xlsx,sales2017,1209,5,13776,2017-07-25,LAGUNA,#REF!,1,2000,2000,,0,1,500,500,1500
raw_sales_report,Medshield (Keith San Miguel).xlsx,sales2017,1210,5,13777,2017-07-25,LAGUNA,#REF!,1,1400,1400,,0,1,900,900,500
raw_sales_report,Medshield (Keith San Miguel).xlsx,sales2017,1211,5,13778,2017-07-30,LAGUNA,#REF!,60,190,11400,,0,60,73,4380,7020
raw_sales_report,Medshield (Keith San Miguel).xlsx,sales2017,1212,5,13778,2017-07-30,LAGUNA,#REF!,2,2100,4200,,0,2,1450,2900,1300
raw_sales_report,Medshield (Keith San Miguel).xlsx,sales2017,1213,5,13779,2017-07-26,LAGUNA,#REF!,10,600,6000,,0,10,170,1700,4300
raw_sales_report,Medshield (Keith San Miguel).xlsx,sales2017,1214,5,13779,2017-07-26,LAGUNA,#REF!,2,3000,6000,,0,2,725,1450,4550
raw_sales_report,Medshield (Keith San Miguel).xlsx,sales2017,1215,5,13779,2017-07-26,LAGUNA,#REF!,90,264,23760,,0,90,73,6570,17190
raw_sales_report,Medshield (Keith San Miguel).xlsx,sales2017,1216,5,13779,2017-07-26,LAGUNA,#REF!,2,1750,3500,,0,2,312,624,2876
raw_sales_report,Medshield (Keith San Miguel).xlsx,sales2017,1217,5,13780,2017-07-25,LAGUNA,#REF!,4,870,3480,,0,4,219,876,2604
raw_sales_report,Medshield (Keith San Miguel).xlsx,sales2017,1218,5,13781,2017-07-25,LAGUNA,#REF!,6,310,1860,,0,6,129.7,778.1999999999999,1081.8000000000002
raw_sales_report,Medshield (Keith San Miguel).xlsx,sales2017,1219,5,13781,2017-07-25,LAGUNA,#REF!,1,2790,2790,,0,1,1173.6,1173.6,1616.4
raw_sales_report,Medshield (Keith San Miguel).xlsx,sales2017,1220,5,13782,2017-07-25,LAGUNA,#REF!,12,200,2400,,0,12,129.7,1556.3999999999999,843.6000000000001
raw_sales_report,Medshield (Keith San Miguel).xlsx,sales2017,1221,5,13783,2017-07-25,LAGUNA,#REF!,2,1800,3600,,0,2,540,1080,2520
raw_sales_report,Medshield (Keith San Miguel).xlsx,sales2017,1222,5,13783,2017-06-21,LAGUNA,#REF!,2,2500,5000,,0,2,650,1300,3700
raw_sales_report,Medshield (Keith San Miguel).xlsx,sales2017,1223,5,13783,2017-06-21,LAGUNA,#REF!,10,880,8800,,0,10,25,250,8550
raw_sales_report,Medshield (Keith San Miguel).xlsx,sales2017,1224,5,13783,2017-06-21,LAGUNA,#REF!,5,975,4875,,0,5,384,1920,2955
raw_sales_report,Medshield (Keith San Miguel).xlsx,sales2017,1225,5,13783,2017-06-21,LAGUNA,#REF!,5,960,4800,,0,5,240,1200,3600
raw_sales_report,Medshield (Keith San Miguel).xlsx,sales2017,1226,5,13783,2017-06-21,LAGUNA,#REF!,10,420,4200,,0,10,,0,4200
raw_sales_report,Medshield (Keith San Miguel).xlsx,sales2017,1227,5,13783,2017-06-21,LAGUNA,#REF!,12,320,3840,,0,12,,0,3840
raw_sales_report,Medshield (Keith San Miguel).xlsx,sales2017,1228,5,13783,2017-06-21,LAGUNA, ,30,580,17400,,0,30,293.37,8801.1,8598.9
raw_sales_report,Medshield (Keith San Miguel).xlsx,sales2017,1229,5,13783,2017-06-21,LAGUNA,#REF!,10,350,3500,,0,10,60,600,2900
raw_sales_report,Medshield (Keith San Miguel).xlsx,sales2017,1230,5,13783,2017-06-21,LAGUNA,#REF!,60,67.5,4050,,0,60,45,2700,1350
raw_sales_report,Medshield (Keith San Miguel).xlsx,sales2017,1231,5,13801,2017-06-30,CAM SUR,#REF!,10,500,5000,,0,10,155,1550,3450
raw_sales_report,Medshield (Keith San Miguel).xlsx,sales2017,1232,5,13802,2017-06-30,CAM SUR,#REF!,10,450,4500,,0,10,190,1900,2600
raw_sales_report,Medshield (Keith San Miguel).xlsx,sales2017,1233,5,13803,2017-07-04,CAM SUR,#REF!,10,88,880,,0,10,24.47,244.7,635.3
raw_sales_report,Medshield (Keith San Miguel).xlsx,sales2017,1234,5,13804,2017-07-04,CAM SUR,#REF!,20,75,1500,,0,20,26.25,525,975
raw_sales_report,Medshield (Keith San Miguel).xlsx,sales2017,1235,5,13805,2017-07-04,CAM SUR,#REF!,2,750,1500,,0,2,240,480,1020
raw_sales_report,Medshield (Keith San Miguel).xlsx,sales2017,1236,5,13806,2017-07-04,CAM SUR,#REF!,12,94,1128,,0,12,23.45,281.4,846.6
raw_sales_report,Medshield (Keith San Miguel).xlsx,sales2017,1237,5,13807,2017-07-04,CAM SUR,#REF!,6,80,480,,0,6,21,126,354
raw_sales_report,Medshield (Keith San Miguel).xlsx,sales2017,1238,5,13808,2017-07-04,CAM SUR,#REF!,12,190,2280,,0,12,75.6,907.1999999999999,1372.8000000000002
raw_sales_report,Medshield (Keith San Miguel).xlsx,sales2017,1239,5,13809,2017-07-04,CAM SUR,#REF!,1,2700,2700,,0,1,1173.6,1173.6,1526.4
raw_sales_report,Medshield (Keith San Miguel).xlsx,sales2017,1240,5,13810,2017-07-04,CAM SUR,#REF!,8,310,2480,,0,8,129.7,1037.6,1442.4
raw_sales_report,Medshield (Keith San Miguel).xlsx,sales2017,1241,5,13811,2017-07-04,CAM SUR,#REF!,19,88,1672,,0,19,24.47,464.92999999999995,1207.0700000000002
raw_sales_report,Medshield (Keith San Miguel).xlsx,sales2017,1242,5,13812,2017-07-04,CAM SUR,#REF!,8,175,1400,,0,8,75.6,604.8,795.2
raw_sales_report,Medshield (Keith San Miguel).xlsx,sales2017,1243,5,13813,2017-07-05,CAM SUR,#REF!,2,1200,2400,,0,2,345,690,1710
raw_sales_report,Medshield (Keith San Miguel).xlsx,sales2017,1244,5,13814,2017-07-05,CAM SUR,#REF!,1,800,800,,0,1,24.47,24.47,775.53
raw_sales_report,Medshield (Keith San Miguel).xlsx,sales2017,1245,5,13815,2017-07-05,CAM SUR,#REF!,10,190,1900,,0,10,75.6,756,1144
raw_sales_report,Medshield (Keith San Miguel).xlsx,sales2017,1246,5,13816,2017-07-15,CAM SUR,#REF!,1,1300,1300,,0,2,345,690,610
raw_sales_report,Medshield (Keith San Miguel).xlsx,sales2017,1247,5,13817,2017-07-15,CAM SUR,#REF!,10,88,880,0.35,308,10,24.47,244.7,327.3
raw_sales_report,Medshield (Keith San Miguel).xlsx,sales2017,1248,5,13818,2017-07-06,CAM SUR,#REF!,12,175,2100,,0,12,42,504,1596
raw_sales_report,Medshield (Keith San Miguel).xlsx,sales2017,1249,5,13818,2017-07-06,CAM SUR,#REF!,12,400,4800,,0,12,148,1776,3024
raw_sales_report,Medshield (Keith San Miguel).xlsx,sales2017,1250,5,13818,2017-07-06,CAM SUR,#REF!,2,900,1800,,0,2,300,600,1200
raw_sales_report,Medshield (Keith San Miguel).xlsx,sales2017,1251,5,13819,2017-07-12,CAM SUR,#REF!,1,1300,1300,,0,2,345,690,610
raw_sales_report,Medshield (Keith San Miguel).xlsx,sales2017,1252,5,13819,2017-07-12,CAM SUR,#REF!,20,95,1900,,0,20,75.6,1512,388
raw_sales_report,Medshield (Keith San Miguel).xlsx,sales2017,1253,5,13820,2017-07-12,CAM SUR,#REF!,40,490,19600,,0,40,55,2200,17400
raw_sales_report,Medshield (Keith San Miguel).xlsx,sales2017,1254,5,13821,2017-07-13,CAM SUR,#REF!,2,2700,5400,,0,2,1173.6,2347.2,3052.8
raw_sales_report,Medshield (Keith San Miguel).xlsx,sales2017,1255,5,13822,2017-07-13,CAM SUR,#REF!,2,1600,3200,,0,2,480.9,961.8,2238.2
raw_sales_report,Medshield (Keith San Miguel).xlsx,sales2017,1256,5,13823,2017-07-13,CAM SUR,#REF!,10,88,880,,0,10,24.47,244.7,635.3
raw_sales_report,Medshield (Keith San Miguel).xlsx,sales2017,1257,5,13824,2017-07-13,CAM SUR,#REF!,10,310,3100,,0,10,129.7,1297,1803
raw_sales_report,Medshield (Keith San Miguel).xlsx,sales2017,1258,5,13825,2017-07-13,CAM SUR,#REF!,2,1200,2400,,0,2,345,690,1710
raw_sales_report,Medshield (Keith San Miguel).xlsx,sales2017,1259,5,13826,2017-07-13,cam sur,#REF!,2,1450,2900,,0,2,450,900,2000
raw_sales_report,Medshield (Keith San Miguel).xlsx,sales2017,1260,5,13827,2017-07-13,cam sur,#REF!,2,850,1700,,0,2,260,520,1180
raw_sales_report,Medshield (Keith San Miguel).xlsx,sales2017,1261,5,13828,2017-07-13,cam sur,#REF!,2,500,1000,,0,2,133,266,734
raw_sales_report,Medshield (Keith San Miguel).xlsx,sales2017,1262,5,13829,2017-07-13,cam sur,#REF!,2,2700,5400,,0,2,1173.6,2347.2,3052.8
raw_sales_report,Medshield (Keith San Miguel).xlsx,sales2017,1263,5,13830,2017-07-13,cam sur,#REF!,2,1750,3500,,0,2,450,900,2600
raw_sales_report,Medshield (Keith San Miguel).xlsx,sales2017,1264,5,13831,2017-07-13,CAM SUR,#REF!,10,88,880,,0,10,24.47,244.7,635.3
raw_sales_report,Medshield (Keith San Miguel).xlsx,sales2017,1265,5,13832,2017-07-13,CAM SUR,#REF!,1,885,885,,0,1,265,265,620
raw_sales_report,Medshield (Keith San Miguel).xlsx,sales2017,1266,5,13833,2017-07-13,CAM SUR,#REF!,6,310,1860,,0,6,,0,1860
raw_sales_report,Medshield (Keith San Miguel).xlsx,sales2017,1267,5,13834,2017-07-15,CAM SUR,#REF!,1,2700,2700,,0,1,1173.6,1173.6,1526.4
raw_sales_report,Medshield (Keith San Miguel).xlsx,sales2017,1268,5,13834,2017-07-15,CAM SUR,#REF!,54,45,2430,,0,54,19.56,1056.24,1373.76
raw_sales_report,Medshield (Keith San Miguel).xlsx,sales2017,1269,5,13835,2017-07-17,CAM SUR,#REF!,6,88,528,,0,6,24.47,146.82,381.18
raw_sales_report,Medshield (Keith San Miguel).xlsx,sales2017,1270,5,13835,2017-07-17,CAM SUR,#REF!,6,190,1140,,0,6,75.6,453.59999999999997,686.4000000000001
raw_sales_report,Medshield (Keith San Miguel).xlsx,sales2017,1271,5,13835,2017-07-17,CAM SUR,#REF!,6,310,1860,,0,6,129.7,778.1999999999999,1081.8000000000002
raw_sales_report,Medshield (Keith San Miguel).xlsx,sales2017,1272,5,13835,2017-07-17,CAM SUR,#REF!,1,800,800,,0,1,225,225,575
raw_sales_report,Medshield (Keith San Miguel).xlsx,sales2017,1273,5,13836,2017-07-17,CAM SUR,#REF!,7,88,616,,0,7,24.47,171.29,444.71000000000004
raw_sales_report,Medshield (Keith San Miguel).xlsx,sales2017,1274,5,13836,2017-07-17,CAM SUR,#REF!,1,800,800,,0,1,225,225,575
raw_sales_report,Medshield (Keith San Miguel).xlsx,sales2017,1275,5,13837,2017-07-17,CAM SUR,#REF!,2,1600,3200,,0,3,480.9,1442.6999999999998,1757.3000000000002
raw_sales_report,Medshield (Keith San Miguel).xlsx,sales2017,1276,5,13838,2017-07-18,CAM SUR,#REF!,12,190,2280,,0,12,75.6,907.1999999999999,1372.8000000000002
raw_sales_report,Medshield (Keith San Miguel).xlsx,sales2017,1277,5,13839,2017-07-18,CAM SUR,#REF!,2,800,1600,,0,2,225,450,1150
raw_sales_report,Medshield (Keith San Miguel).xlsx,sales2017,1278,5,13840,2017-07-18,CAM SUR,#REF!,2,1200,2400,,0,2,345,690,1710
raw_sales_report,Medshield (Keith San Miguel).xlsx,sales2017,1279,5,13841,2017-07-22,CAM SUR,#REF!,1,3000,3000,,0,1,1450,1450,1550
raw_sales_report,Medshield (Keith San Miguel).xlsx,sales2017,1280,5,13841,2017-07-22,CAM SUR,#REF!,2,750,1500,,0,2,240,480,1020
raw_sales_report,Medshield (Keith San Miguel).xlsx,sales2017,1281,5,13842,2017-07-22,CAM SUR,#REF!,1,1600,1600,,0,1,480.9,480.9,1119.1
raw_sales_report,Medshield (Keith San Miguel).xlsx,sales2017,1282,5,13842,2017-07-22,CAM SUR,#REF!,1,2700,2700,,0,1,1173.6,1173.6,1526.4
raw_sales_report,Medshield (Keith San Miguel).xlsx,sales2017,1283,5,13842,2017-07-22,CAM SUR,#REF!,15,310,4650,,0,15,129.7,1945.4999999999998,2704.5
raw_sales_report,Medshield (Keith San Miguel).xlsx,sales2017,1284,5,13843,2017-07-25,CAM SUR,#REF!,12,175,2100,,0,12,42,504,1596
raw_sales_report,Medshield (Keith San Miguel).xlsx,sales2017,1285,5,13843,2017-07-25,CAM SUR,#REF!,6,88,528,,0,6,24.47,146.82,381.18
raw_sales_report,Medshield (Keith San Miguel).xlsx,sales2017,1286,5,13843,2017-07-25,CAM SUR,#REF!,12,240,2880,,0,12,75,900,1980
raw_sales_report,Medshield (Keith San Miguel).xlsx,sales2017,1287,5,13843,2017-07-25,CAM SUR,#REF!,1,2700,2700,,0,1,1173.6,1173.6,1526.4
raw_sales_report,Medshield (Keith San Miguel).xlsx,sales2017,1288,5,13844,2017-07-25,CAM SUR,#REF!,1,1200,1200,,0,1,345,345,855
raw_sales_report,Medshield (Keith San Miguel).xlsx,sales2017,1289,5,13844,2017-07-25,CAM SUR,#REF!,3,1050,3150,,0,3,270,810,2340
raw_sales_report,Medshield (Keith San Miguel).xlsx,sales2017,1290,5,13844,2017-07-25,CAM SUR,#REF!,4,1600,6400,,0,4,458,1832,4568
raw_sales_report,Medshield (Keith San Miguel).xlsx,sales2017,1291,5,13845,2017-07-26,CAM SUR,#REF!,18,95,1710,,0,18,75.6,1360.8,349.20000000000005
raw_sales_report,Medshield (Keith San Miguel).xlsx,sales2017,1292,5,13845,2017-07-26,CAM SUR,#REF!,1,1300,1300,,0,1,345,345,955
raw_sales_report,Medshield (Keith San Miguel).xlsx,sales2017,1293,5,13846,2017-07-26,CAM SUR,#REF!,2,1600,3200,,0,2,458,916,2284
raw_sales_report,Medshield (Keith San Miguel).xlsx,sales2017,1294,5,13847,2017-07-26,CAM SUR,#REF!,1,800,800,,0,1,225,225,575
raw_sales_report,Medshield (Keith San Miguel).xlsx,sales2017,1295,5,13848,2017-07-26,CAM SUR,#REF!,1,1200,1200,,0,1,345,345,855
raw_sales_report,Medshield (Keith San Miguel).xlsx,sales2017,1296,5,13849,2017-07-27,CAM SUR,#REF!,12,94,1128,,0,12,23.45,281.4,846.6
raw_sales_report,Medshield (Keith San Miguel).xlsx,sales2017,1297,5,13850,2017-07-27,CAM SUR,#REF!,12,85,1020,,0,12,23.45,281.4,738.6
raw_sales_report,Medshield (Keith San Miguel).xlsx,sales2017,1298,5,13851,2017-07-27,CAM SUR,#REF!,2,2700,5400,,0,2,1173.6,2347.2,3052.8
raw_sales_report,Medshield (Keith San Miguel).xlsx,sales2017,1299,5,13852,2017-07-27,CAM SUR,#REF!,1,3000,3000,,0,1,1450,1450,1550
raw_sales_report,Medshield (Keith San Miguel).xlsx,sales2017,1300,5,13853,2017-07-27,CAM SUR,#REF!,2,1600,3200,,0,2,458,916,2284
raw_sales_report,Medshield (Keith San Miguel).xlsx,sales2017,1301,5,13854,2017-07-27,CAM SUR,#REF!,2,750,1500,,0,2,227.5,455,1045
raw_sales_report,Medshield (Keith San Miguel).xlsx,sales2017,1302,5,13855,2017-07-27,CAM SUR,#REF!,1,750,750,,0,1,240,240,510
raw_sales_report,Medshield (Keith San Miguel).xlsx,sales2017,1303,5,13857,2017-07-27,CAM SUR,#REF!,1,750,750,,0,1,240,240,510
raw_sales_report,Medshield (Keith San Miguel).xlsx,sales2017,1304,5,13858,2017-07-27,CAM SUR,#REF!,1,885,885,,0,1,155,155,730
raw_sales_report,Medshield (Keith San Miguel).xlsx,sales2017,1305,5,13859,2017-07-27,CAM SUR,#REF!,10,310,3100,,0,10,129.7,1297,1803
raw_sales_report,Medshield (Keith San Miguel).xlsx,sales2017,1306,5,13860,2017-07-27,CAM SUR,#REF!,20,78,1560,,0,20,26.25,525,1035
raw_sales_report,Medshield (Keith San Miguel).xlsx,sales2017,1307,5,13861,2017-07-27,CAM SUR,#REF!,12,310,3720,,0,12,129.7,1556.3999999999999,2163.6000000000004
raw_sales_report,Medshield (Keith San Miguel).xlsx,sales2017,1308,5,13862,2017-07-27,CAM SUR,#REF!,1,2700,2700,,0,1,1173.6,1173.6,1526.4
raw_sales_report,Medshield (Keith San Miguel).xlsx,sales2017,1309,5,13863,2017-07-27,CAM SUR,#REF!,2,975,1950,,0,2,384,768,1182
raw_sales_report,Medshield (Keith San Miguel).xlsx,sales2017,1310,5,13864,2017-07-27,CAM SUR,#REF!,1,885,885,,0,1,270,270,615
raw_sales_report,Medshield (Keith San Miguel).xlsx,sales2017,1311,5,13865,2017-07-27,CAM SUR,#REF!,10,78,780,,0,10,26.25,262.5,517.5
raw_sales_report,Medshield (Keith San Miguel).xlsx,sales2017,1312,5,13866,2017-07-27,CAM SUR,#REF!,10,88,880,,0,10,24.47,244.7,635.3
raw_sales_report,Medshield (Keith San Miguel).xlsx,sales2017,1313,5,13867,2017-07-27,cam sur,#REF!,10,78,780,,0,10,26.25,262.5,517.5
raw_sales_report,Medshield (Keith San Miguel).xlsx,sales2017,1314,5,13901,2017-07-19,BATANGAS,#REF!,12,160,1920,0.1,192,12,47,564,1164
raw_sales_report,Medshield (Keith San Miguel).xlsx,sales2017,1315,5,13902,2017-07-19,BATANGAS,#REF!,3,3360,10080,0.1,1008,3,1173.6,3520.7999999999997,5551.200000000001
raw_sales_report,Medshield (Keith San Miguel).xlsx,sales2017,1316,5,13903,2017-07-19,BATANGAS,#REF!,2,180,360,0.1,36,2,48,96,228
raw_sales_report,Medshield (Keith San Miguel).xlsx,sales2017,1317,5,13903,2017-07-19,BATANGAS,#REF!,6,96,576,0.1,57.6,6,25,150,368.4
raw_sales_report,Medshield (Keith San Miguel).xlsx,sales2017,1318,5,13904,2017-07-19,BATANGAS,#REF!,10,80,800,0.1,80,10,23.45,234.5,485.5
raw_sales_report,Medshield (Keith San Miguel).xlsx,sales2017,1319,5,13905,2017-07-19,BATANGAS,#REF!,4,1600,6400,,0,4,415,1660,4740
raw_sales_report,Medshield (Keith San Miguel).xlsx,sales2017,1320,5,13906,2017-07-19,BATANGAS,#REF!,4,144,576,,0,4,38,152,424
raw_sales_report,Medshield (Keith San Miguel).xlsx,sales2017,1321,5,13907,2017-07-19,BATANGAS,#REF!,4,2530,10120,,0,4,750,3000,7120
raw_sales_report,Medshield (Keith San Miguel).xlsx,sales2017,1322,5,13908,2017-07-19,BATANGAS,#REF!,5,550,2750,,0,5,128,640,2110
raw_sales_report,Medshield (Keith San Miguel).xlsx,sales2017,1323,5,13908,2017-07-19,BATANGAS,#REF!,2,770,1540,,0,2,218.46,436.92,1103.08
raw_sales_report,Medshield (Keith San Miguel).xlsx,sales2017,1324,5,13908,2017-07-19,BATANGAS,#REF!,10,176,1760,,0,10,40,400,1360
raw_sales_report,Medshield (Keith San Miguel).xlsx,sales2017,1325,5,13909,2017-07-19,BATANGAS,#REF!,4,825,3300,,0,4,230,920,2380
raw_sales_report,Medshield (Keith San Miguel).xlsx,sales2017,1326,5,13909,2017-07-19,BATANGAS,#REF!,4,550,2200,,0,4,168,672,1528
raw_sales_report,Medshield (Keith San Miguel).xlsx,sales2017,1327,5,13910,2017-07-19,BATANGAS,#REF!,12,187,2244,,0,12,75,900,1344
raw_sales_report,Medshield (Keith San Miguel).xlsx,sales2017,1328,5,13910,2017-07-19,BATANGAS,#REF!,5,146,730,,0,5,55,275,455
raw_sales_report,Medshield (Keith San Miguel).xlsx,sales2017,1329,5,13910,2017-07-19,BATANGAS,#REF!,10,132,1320,,0,10,38,380,940
raw_sales_report,Medshield (Keith San Miguel).xlsx,sales2017,1330,5,13910,2017-07-19,BATANGAS,#REF!,20,154,3080,,0,20,42,840,2240
raw_sales_report,Medshield (Keith San Miguel).xlsx,sales2017,1331,5,13911,2017-07-20,BATANGAS,#REF!,10,3000,30000,,0,10,750,7500,22500
raw_sales_report,Medshield (Keith San Miguel).xlsx,sales2017,1332,5,13912,2017-07-25,BATANGAS,#REF!,6,300,1800,,0,6,129.7,778.1999999999999,1021.8000000000001
raw_sales_report,Medshield (Keith San Miguel).xlsx,sales2017,1333,5,13912,2017-07-25,BATANGAS,#REF!,10,180,1800,,0,10,75.6,756,1044
raw_sales_report,Medshield (Keith San Miguel).xlsx,sales2017,1334,5,13913,2017-07-25,BATANGAS,#REF!,4,1600,6400,,0,4,480.9,1923.6,4476.4
raw_sales_report,Medshield (Keith San Miguel).xlsx,sales2017,1335,5,13914,2017-07-27,BATANGAS,#REF!,21,60,1260,,0,21,23,483,777
raw_sales_report,Medshield (Keith San Miguel).xlsx,sales2017,1336,5,13915,2017-07-27,BATANGAS,#REF!,18,150,2700,,0,18,55,990,1710
raw_sales_report,Medshield (Keith San Miguel).xlsx,sales2017,1337,5,13916,2017-07-27,BATANGAS,#REF!,13,100,1300,,0,13,26.93,350.09,949.9100000000001
raw_sales_report,Medshield (Keith San Miguel).xlsx,sales2017,1338,5,13917,2017-07-27,BATANGAS,#REF!,18,300,5400,,0,18,75.6,1360.8,4039.2
raw_sales_report,Medshield (Keith San Miguel).xlsx,sales2017,1339,5,13918,2017-07-27,BATANGAS,#REF!,16,365,5840,,0,16,148,2368,3472
raw_sales_report,Medshield (Keith San Miguel).xlsx,sales2017,1340,5,13919,2017-07-27,BATANGAS,#REF!,24,80,1920,,0,24,24.47,587.28,1332.72
raw_sales_report,Medshield (Keith San Miguel).xlsx,sales2017,1341,5,13920,2017-07-27,BATANGAS,#REF!,2,900,1800,0.1,180,2,300,600,1020
raw_sales_report,Medshield (Keith San Miguel).xlsx,sales2017,1342,5,13921,2017-07-27,BATANGAS,#REF!,10,180,1800,0.1,180,10,48,480,1140
raw_sales_report,Medshield (Keith San Miguel).xlsx,sales2017,1343,5,13922,2017-07-27,BATANGAS,#REF!,11,350,3850,,0,11,148,1628,2222
raw_sales_report,Medshield (Keith San Miguel).xlsx,sales2017,1344,5,13923,2017-07-27,BATANGAS,#REF!,8,84,672,,0,8,26.25,210,462
raw_sales_report,Medshield (Keith San Miguel).xlsx,sales2017,1345,5,13924,2017-07-27,BATANGAS,#REF!,11,80,880,,0,11,23.45,257.95,622.05
raw_sales_report,Medshield (Keith San Miguel).xlsx,sales2017,1346,5,13925,2017-07-27,BATANGAS,#REF!,10,160,1600,,0,10,47,470,1130
raw_sales_report,Medshield (Keith San Miguel).xlsx,sales2017,1347,5,13926,2017-07-27,BATANGAS,#REF!,26,180,4680,,0,26,48,1248,3432
raw_sales_report,Medshield (Keith San Miguel).xlsx,sales2017,1348,5,13927,2017-07-27,BATANGAS,#REF!,8,72,576,,0,8,23,184,392
raw_sales_report,Medshield (Keith San Miguel).xlsx,sales2017,1349,5,13928,2017-07-27,BATANGAS,#REF!,3,3360,10080,,0,3,1173.6,3520.7999999999997,6559.200000000001
raw_sales_report,Medshield (Keith San Miguel).xlsx,sales2017,1350,5,13929,2017-07-27,BATANGAS,#REF!,2,3360,6720,,0,2,1173.6,2347.2,4372.8
raw_sales_report,Medshield (Keith San Miguel).xlsx,sales2017,1351,5,13930,2017-07-27,BATANGAS,#REF!,0.9,216,194.4,,0,0.9,56,50.4,144
raw_sales_report,Medshield (Keith San Miguel).xlsx,sales2017,1352,5,13930,2017-07-27,BATANGAS,#REF!,0.78,780,608.4,,0,0.78,168,131.04,477.36
raw_sales_report,Medshield (Keith San Miguel).xlsx,sales2017,1353,5,13930,2017-07-27,BATANGAS,#REF!,0.92,1098,1010.1600000000001,,0,0.92,345,317.40000000000003,692.76
raw_sales_report,Medshield (Keith San Miguel).xlsx,sales2017,1354,5,13930,2017-07-27,BATANGAS,#REF!,0.4,600,240,,0,0.4,158,63.2,176.8
raw_sales_report,Medshield (Keith San Miguel).xlsx,sales2017,1355,5,13930,2017-07-27,BATANGAS,#REF!,0.86,2300,1978,,0,0.86,595,511.7,1466.3
raw_sales_report,Medshield (Keith San Miguel).xlsx,sales2017,1356,5,13930,2017-07-27,BATANGAS,#REF!,0.79,1080,853.2,,0,0.79,240,189.60000000000002,663.6
raw_sales_report,Medshield (Keith San Miguel).xlsx,sales2017,1357,5,13930,2017-07-27,BATANGAS,#REF!,0.29,5600,1624,,0,0.29,1173.6,340.34399999999994,1283.656
raw_sales_report,Medshield (Keith San Miguel).xlsx,sales2017,1358,5,13930,2017-07-27,BATANGAS,#REF!,0.38,1078,409.64,,0,0.38,240,91.2,318.44
raw_sales_report,Medshield (Keith San Miguel).xlsx,sales2017,1359,5,13931,2017-07-27,BATANGAS,#REF!,1,1026,1026,,0,1,122,122,904
raw_sales_report,Medshield (Keith San Miguel).xlsx,sales2017,1360,5,13933,2017-07-28,BATANGAS,#REF!,250,200,50000,,0,250,52.5,13125,36875
raw_sales_report,Medshield (Keith San Miguel).xlsx,sales2017,1361,5,13933,2017-07-28,BATANGAS,#REF!,300,44,13200,,0,300,9.5,2850,10350
raw_sales_report,Medshield (Keith San Miguel).xlsx,sales2017,1362,5,14003,2017-07-20,MARINDUQUE,#REF!,60,175,10500,,0,60,75,4500,6000
raw_sales_report,Medshield (Keith San Miguel).xlsx,sales2017,1363,5,14003,2017-07-20,MARINDUQUE,#REF!,10,750,7500,,0,10,184.09,1840.9,5659.1
raw_sales_report,Medshield (Keith San Miguel).xlsx,sales2017,1364,5,14003,2017-07-20,MARINDUQUE,#REF!,10,450,4500,,0,10,113,1130,3370
raw_sales_report,Medshield (Keith San Miguel).xlsx,sales2017,1365,5,14004,2017-07-20,MARINDUQUE,#REF!,30,112,3360,,0,30,35,1050,2310
raw_sales_report,Medshield (Keith San Miguel).xlsx,sales2017,1366,5,14004,2017-07-20,MARINDUQUE,#REF!,10,750,7500,,0,10,184.09,1840.9,5659.1
raw_sales_report,Medshield (Keith San Miguel).xlsx,sales2017,1367,5,14005,2017-07-20,MARINDUQUE,#REF!,10,1050,10500,,0,10,384,3840,6660
raw_sales_report,Medshield (Keith San Miguel).xlsx,sales2017,1368,5,14006,2017-07-20,MARINDUQUE,#REF!,12,118,1416,,0,12,39,468,948
raw_sales_report,Medshield (Keith San Miguel).xlsx,sales2017,1369,5,14006,2017-07-20,MARINDUQUE,#REF!,30,155,4650,,0,30,55,1650,3000
raw_sales_report,Medshield (Keith San Miguel).xlsx,sales2017,1370,5,14006,2017-07-20,MARINDUQUE,#REF!,2,2600,5200,,0,2,650,1300,3900
raw_sales_report,Medshield (Keith San Miguel).xlsx,sales2017,1371,5,14010,2017-07-20,QUEZON,#REF!,30,1100,33000,,0,30,365,10950,22050
raw_sales_report,Medshield (Keith San Miguel).xlsx,sales2017,1372,5,14011,2017-07-20,QUEZON,#REF!,5,1100,5500,,0,5,365,1825,3675
raw_sales_report,Medshield (Keith San Miguel).xlsx,sales2017,1373,5,14012,2017-07-20,QUEZON,#REF!,5,1750,8750,,0,7,550,3850,4900
raw_sales_report,Medshield (Keith San Miguel).xlsx,sales2017,1374,5,14012,2017-07-20,QUEZON,#REF!,5,1200,6000,,0,7,420,2940,3060
raw_sales_report,Medshield (Keith San Miguel).xlsx,sales2017,1375,5,14012,2017-07-20,QUEZON,#REF!,5,950,4750,,0,7,310,2170,2580
raw_sales_report,Medshield (Keith San Miguel).xlsx,sales2017,1376,5,14015,2017-07-27,QUEZON,#REF!,2,650,1300,0.3,390,2,168,336,574
raw_sales_report,Medshield (Keith San Miguel).xlsx,sales2017,1377,5,14017,2017-07-27,QUEZON,#REF!,5,1200,6000,,0,5,420,2100,3900
raw_sales_report,Medshield (Keith San Miguel).xlsx,sales2017,1378,5,14017,2017-07-27,QUEZON,#REF!,5,950,4750,,0,5,310,1550,3200
raw_sales_report,Medshield (Keith San Miguel).xlsx,sales2017,1379,5,14017,2017-07-27,QUEZON,#REF!,5,650,3250,,0,5,187.5,937.5,2312.5
raw_sales_report,Medshield (Keith San Miguel).xlsx,sales2017,1380,5,14017,2017-07-27,QUEZON,#REF!,10,1100,11000,,0,10,146.8,1468,9532
raw_sales_report,Medshield (Keith San Miguel).xlsx,sales2017,1381,5,14019,2017-07-27,HOSPITAL,#REF!,1,750,750,,0,1,184.09,184.09,565.91
raw_sales_report,Medshield (Keith San Miguel).xlsx,sales2017,1382,5,14019,2017-07-27,HOSPITAL,#REF!,1,870,870,,0,1,182.5,182.5,687.5
raw_sales_report,Medshield (Keith San Miguel).xlsx,sales2017,1383,5,14019,2017-07-27,HOSPITAL,#REF!,1,1900,1900,,0,1,595,595,1305
raw_sales_report,Medshield (Keith San Miguel).xlsx,sales2017,1384,5,14019,2017-07-27,HOSPITAL,#REF!,2,930,1860,,0,2,384,768,1092
raw_sales_report,Medshield (Keith San Miguel).xlsx,sales2017,1385,5,14019,2017-07-27,HOSPITAL,#REF!,4,2800,11200,,0,4,1173.6,4694.4,6505.6
raw_sales_report,Medshield (Keith San Miguel).xlsx,sales2017,1386,5,14019,2017-07-27,HOSPITAL,#REF!,2,1500,3000,,0,2,458,916,2084
raw_sales_report,Medshield (Keith San Miguel).xlsx,sales2017,1387,5,14019,2017-07-27,HOSPITAL,#REF!,1,6000,6000,,0,1,25,25,5975
raw_sales_report,Medshield (Keith San Miguel).xlsx,sales2017,1388,5,14019,2017-07-27,HOSPITAL,#REF!,5,3000,15000,,0,5,750,3750,11250
raw_sales_report,Medshield (Keith San Miguel).xlsx,sales2017,1389,5,14019,2017-07-27,HOSPITAL,#REF!,2,1750,3500,,0,2,415,830,2670
raw_sales_report,Medshield (Keith San Miguel).xlsx,sales2017,1390,5,14019,2017-07-27,HOSPITAL,#REF!,5,1280,6400,,0,5,450,2250,4150
raw_sales_report,Medshield (Keith San Miguel).xlsx,sales2017,1391,5,14019,2017-07-27,HOSPITAL,#REF!,2,3960,7920,,0,2,1872,3744,4176
raw_sales_report,Medshield (Keith San Miguel).xlsx,sales2017,1392,5,14023,2017-07-06,HOSPITAL,#REF!,10,30,300,,0,10,30,300,0
raw_sales_report,Medshield (Keith San Miguel).xlsx,sales2017,1393,5,14023,2017-07-06,HOSPITAL,#REF!,1,590,590,,0,1,590,590,0
raw_sales_report,Medshield (Keith San Miguel).xlsx,sales2017,1394,5,14023,2017-07-06,HOSPITAL,#REF!,3,85,255,,0,3,85,255,0
raw_sales_report,Medshield (Keith San Miguel).xlsx,sales2017,1395,5,14023,2017-07-06,HOSPITAL,#REF!,10,26.95,269.5,,0,10,26.95,269.5,0
raw_sales_report,Medshield (Keith San Miguel).xlsx,sales2017,1396,5,14101,1901-12-25,SUPPLIES,#REF!,,,0,,0,0,,0,0
raw_sales_report,Medshield (Keith San Miguel).xlsx,sales2017,1397,5,14102,,SUPPLIES,#REF!,,,0,,0,0,,0,0
raw_sales_report,Medshield (Keith San Miguel).xlsx,sales2017,1398,5,14103,2017-07-01,SUPPLIES,#REF!,,,0,,0,0,,0,0
raw_sales_report,Medshield (Keith San Miguel).xlsx,sales2017,1399,5,14104,2017-07-01,SUPPLIES,#REF!,,,0,,0,0,,0,0
raw_sales_report,Medshield (Keith San Miguel).xlsx,sales2017,1400,5,14105,2017-07-01,SUPPLIES,#REF!,,,0,,0,0,,0,0
raw_sales_report,Medshield (Keith San Miguel).xlsx,sales2017,1401,5,14106,2017-08-01,SUPPLIES,#REF!,,,0,,0,0,,0,0
raw_sales_report,Medshield (Keith San Miguel).xlsx,sales2017,1402,5,14107,2017-08-03,SUPPLIES,#REF!,,,0,,0,0,,0,0
raw_sales_report,Medshield (Keith San Miguel).xlsx,sales2017,1403,5,19792,2017-07-30,GOVERNMENT,#REF!,,,0,,0,0,,0,0
raw_sales_report,Medshield (Keith San Miguel).xlsx,sales2017,1404,5,19793,2017-07-30,GOVERNMENT,#REF!,,,0,,0,0,,0,0
raw_sales_report,Medshield (Keith San Miguel).xlsx,sales2017,1405,5,19796,2017-07-27,ADMIN,#REF!,1,650,650,0.3,195,1,,0,455
raw_sales_report,Medshield (Keith San Miguel).xlsx,sales2017,1406,5,9795,2017-08-02,ADMIN,#REF!,5,3000,15000,,0,7,1450,10150,4850
raw_sales_report,Medshield (Keith San Miguel).xlsx,sales2017,1407,5,9795,2017-08-02,ADMIN,#REF!,5,725,3625,,0,7,215,1505,2120
raw_sales_report,Medshield (Keith San Miguel).xlsx,sales2017,1408,5,9795,2017-08-02,ADMIN,#REF!,5,1200,6000,,0,7,420,2940,3060
raw_sales_report,Medshield (Keith San Miguel).xlsx,sales2017,1409,5,9795,2017-08-02,ADMIN,#REF!,5,950,4750,,0,7,310,2170,2580
raw_sales_report,Medshield (Keith San Miguel).xlsx,sales2017,1410,5,9797,2017-08-02,GOVERNMENT,#REF!,,,0,,0,0,,0,0
raw_sales_report,Medshield (Keith San Miguel).xlsx,sales2017,1411,5,9798,2017-08-02,GOVERNMENT,#REF!,,,0,,0,0,,0,0
raw_sales_report,Medshield (Keith San Miguel).xlsx,sales2017,1412,5,9799,2017-08-03,QUEZON,#REF!,10,750,7500,,0,11,219,2409,5091
raw_sales_report,Medshield (Keith San Miguel).xlsx,sales2017,1413,5,9799,2017-08-03,QUEZON,#REF!,10,750,7500,,0,11,184.09,2024.99,5475.01
raw_sales_report,Medshield (Keith San Miguel).xlsx,sales2017,1414,5,9799,2017-08-03,QUEZON,#REF!,10,1100,11000,,0,10,384,3840,7160
raw_sales_report,Medshield (Keith San Miguel).xlsx,sales2017,1415,5,9799,2017-08-03,QUEZON,#REF!,5,950,4750,,0,5,287.5,1437.5,3312.5
raw_sales_report,Medshield (Keith San Miguel).xlsx,sales2017,1416,5,10094,2017-08-25,QUEZON,#REF!,10,750,7500,,0,11,184.09,2024.99,5475.01
raw_sales_report,Medshield (Keith San Miguel).xlsx,sales2017,1417,5,10094,2017-08-25,QUEZON,#REF!,10,1100,11000,,0,11,384,4224,6776
raw_sales_report,Medshield (Keith San Miguel).xlsx,sales2017,1418,5,10094,2017-08-25,QUEZON,#REF!,10,750,7500,,0,11,219,2409,5091
raw_sales_report,Medshield (Keith San Miguel).xlsx,sales2017,1419,5,10094,2017-08-25,QUEZON,#REF!,10,950,9500,,0,11,287.5,3162.5,6337.5
raw_sales_report,Medshield (Keith San Miguel).xlsx,sales2017,1420,5,10094,2017-08-25,QUEZON,#REF!,5,1100,5500,,0,5,365,1825,3675
raw_sales_report,Medshield (Keith San Miguel).xlsx,sales2017,1421,5,10096,2017-08-25,QUEZON,#REF!,10,480,4800,,0,10,128,1280,3520
raw_sales_report,Medshield (Keith San Miguel).xlsx,sales2017,1422,5,10110,2017-08-09,QUEZON,#REF!,30,1000,30000,,0,30,365,10950,19050
raw_sales_report,Medshield (Keith San Miguel).xlsx,sales2017,1423,5,10112,2017-08-14,QUEZON,#REF!,2,2100,4200,0.3,1260,2,685,1370,1570
raw_sales_report,Medshield (Keith San Miguel).xlsx,sales2017,1424,5,10112,2017-08-14,QUEZON,#REF!,2,2750,5500,0.3,1650,2,980,1960,1890
raw_sales_report,Medshield (Keith San Miguel).xlsx,sales2017,1425,5,10112,2017-08-14,QUEZON,#REF!,2,1750,3500,0.3,1050,2,450,900,1550
raw_sales_report,Medshield (Keith San Miguel).xlsx,sales2017,1426,5,10113,2017-08-14,QUEZON,#REF!,5,135,675,,0,7,35,245,430
raw_sales_report,Medshield (Keith San Miguel).xlsx,sales2017,1427,5,10113,2017-08-14,QUEZON,#REF!,5,725,3625,,0,7,215,1505,2120
raw_sales_report,Medshield (Keith San Miguel).xlsx,sales2017,1428,5,10113,2017-08-14,QUEZON,#REF!,5,650,3250,,0,7,187.5,1312.5,1937.5
raw_sales_report,Medshield (Keith San Miguel).xlsx,sales2017,1429,5,10113,2017-08-14,QUEZON,#REF!,5,950,4750,,0,7,310,2170,2580
raw_sales_report,Medshield (Keith San Miguel).xlsx,sales2017,1430,5,10113,2017-08-14,QUEZON,#REF!,5,1200,6000,,0,7,420,2940,3060
raw_sales_report,Medshield (Keith San Miguel).xlsx,sales2017,1431,5,10119,2017-09-04,HOSPITAL,#REF!,120,2450,294000,,0,120,880.91,105709.2,188290.8
raw_sales_report,Medshield (Keith San Miguel).xlsx,sales2017,1432,5,10119,2017-09-04,HOSPITAL,#REF!,60,128,7680,,0,60,40,2400,5280
raw_sales_report,Medshield (Keith San Miguel).xlsx,sales2017,1433,5,10148,2017-09-28,QUEZON,#REF!,5,650,3250,,0,7,187.5,1312.5,1937.5
raw_sales_report,Medshield (Keith San Miguel).xlsx,sales2017,1434,5,10148,2017-09-28,QUEZON,#REF!,5,1750,8750,,0,7,415,2905,5845
raw_sales_report,Medshield (Keith San Miguel).xlsx,sales2017,1435,5,10148,2017-09-28,QUEZON,#REF!,5,950,4750,,0,7,310,2170,2580
raw_sales_report,Medshield (Keith San Miguel).xlsx,sales2017,1436,5,10116,2017-08-14,GOVERNMENT,#REF!,,,,,,,,,0
raw_sales_report,Medshield (Keith San Miguel).xlsx,sales2017,1437,5,11985,2017-05-27,SUPPLIES,#REF!,,,0,,0,0,,0,0
raw_sales_report,Medshield (Keith San Miguel).xlsx,sales2017,1438,5,11986,2017-05-26,SUPPLIES,#REF!,,,0,,0,0,,0,0
raw_sales_report,Medshield (Keith San Miguel).xlsx,sales2017,1439,5,11987,2017-06-01,SUPPLIES,#REF!,,,0,,0,0,,0,0
raw_sales_report,Medshield (Keith San Miguel).xlsx,sales2017,1440,5,11990,2017-08-11,SUPPLIES,#REF!,,,0,,0,0,,0,0
raw_sales_report,Medshield (Keith San Miguel).xlsx,sales2017,1441,5,11991,2017-08-29,SUPPLIES,#REF!,,,0,,0,0,,0,0
raw_sales_report,Medshield (Keith San Miguel).xlsx,sales2017,1442,5,12710,2017-07-19,CAM NORTE,#REF!,4,3000,12000,,0,4,1450,5800,6200
raw_sales_report,Medshield (Keith San Miguel).xlsx,sales2017,1443,5,12711,2017-07-20,CAM NORTE,#REF!,2,3000,6000,,0,2.2,750,1650.0000000000002,4350
raw_sales_report,Medshield (Keith San Miguel).xlsx,sales2017,1444,5,12712,2017-07-28,CAM NORTE,#REF!,2,1280,2560,,0,2,450,900,1660
raw_sales_report,Medshield (Keith San Miguel).xlsx,sales2017,1445,5,12713,2017-07-20,CAM NORTE,#REF!,1,3000,3000,,0,1,1450,1450,1550
raw_sales_report,Medshield (Keith San Miguel).xlsx,sales2017,1446,5,12714,2017-07-20,CAM NORTE,#REF!,2,3000,6000,,0,2.2,750,1650.0000000000002,4350
raw_sales_report,Medshield (Keith San Miguel).xlsx,sales2017,1447,5,12715,2017-07-24,CAM NORTE,#REF!,2,3000,6000,,0,2,1450,2900,3100
raw_sales_report,Medshield (Keith San Miguel).xlsx,sales2017,1448,5,12716,2017-07-24,CAM NORTE,#REF!,20,360,7200,,0,20,110,2200,5000
raw_sales_report,Medshield (Keith San Miguel).xlsx,sales2017,1449,5,12717,2017-07-24,CAM NORTE,#REF!,2,800,1600,,0,2.2,100,220.00000000000003,1380
raw_sales_report,Medshield (Keith San Miguel).xlsx,sales2017,1450,5,12718,2017-07-27,CAM NORTE,#REF!,20,380,7600,,0,20,73,1460,6140
raw_sales_report,Medshield (Keith San Miguel).xlsx,sales2017,1451,5,12719,2017-07-27,CAM NORTE,#REF!,2,3000,6000,,0,2,750,1500,4500
raw_sales_report,Medshield (Keith San Miguel).xlsx,sales2017,1452,5,12720,2017-07-27,CAM NORTE,#REF!,2,1165,2330,,0,2,333,666,1664
raw_sales_report,Medshield (Keith San Miguel).xlsx,sales2017,1453,5,12721,2017-07-27,CAM NORTE,#REF!,2,750,1500,,0,2,227.5,455,1045
raw_sales_report,Medshield (Keith San Miguel).xlsx,sales2017,1454,5,12722,2017-07-27,CAM NORTE,#REF!,2,1250,2500,,0,2.2,450,990.0000000000001,1510
raw_sales_report,Medshield (Keith San Miguel).xlsx,sales2017,1455,5,12723,2017-07-27,CAM NORTE,#REF!,2,3000,6000,,0,2.2,750,1650.0000000000002,4350
raw_sales_report,Medshield (Keith San Miguel).xlsx,sales2017,1456,5,12724,2017-07-28,CAM NORTE,#REF!,6,180,1080,,0,6,56,336,744
raw_sales_report,Medshield (Keith San Miguel).xlsx,sales2017,1457,5,12724,2017-07-28,CAM NORTE,#REF!,6,120,720,,0,6,35,210,510
raw_sales_report,Medshield (Keith San Miguel).xlsx,sales2017,1458,5,12724,2017-07-28,CAM NORTE,#REF!,6,198,1188,,0,6,35,210,978
raw_sales_report,Medshield (Keith San Miguel).xlsx,sales2017,1459,5,12724,2017-07-28,CAM NORTE,#REF!,6,80,480,,0,6,227.5,1365,-885
raw_sales_report,Medshield (Keith San Miguel).xlsx,sales2017,1460,5,12724,2017-07-28,CAM NORTE,#REF!,1,978,978,,0,1,384,384,594
raw_sales_report,Medshield (Keith San Miguel).xlsx,sales2017,1461,5,12724,2017-07-28,CAM NORTE,#REF!,1,500,500,,0,1,158,158,342
raw_sales_report,Medshield (Keith San Miguel).xlsx,sales2017,1462,5,12724,2017-07-28,CAM NORTE,#REF!,5,1800,9000,,0,5,535,2675,6325
raw_sales_report,Medshield (Keith San Miguel).xlsx,sales2017,1463,5,12724,2017-07-28,CAM NORTE,#REF!,5,750,3750,,0,5,227.5,1137.5,2612.5
raw_sales_report,Medshield (Keith San Miguel).xlsx,sales2017,1464,5,12725,2017-07-24,CAM NORTE,#REF!,4,450,1800,,0,4,148,592,1208
raw_sales_report,Medshield (Keith San Miguel).xlsx,sales2017,1465,5,12726,2017-07-24,CAM NORTE,#REF!,1,3000,3000,,0,1,1450,1450,1550
raw_sales_report,Medshield (Keith San Miguel).xlsx,sales2017,1466,5,12726,2017-07-24,CAM NORTE,#REF!,6,79,474,,0,6,23.8,142.8,331.2
raw_sales_report,Medshield (Keith San Miguel).xlsx,sales2017,1467,5,12726,2017-07-24,CAM NORTE,#REF!,6,105,630,,0,6,28,168,462
raw_sales_report,Medshield (Keith San Miguel).xlsx,sales2017,1468,5,12727,2017-07-31,CAM NORTE,#REF!,72,80,5760,,0,72,23.45,1688.3999999999999,4071.6000000000004
raw_sales_report,Medshield (Keith San Miguel).xlsx,sales2017,1469,5,12728,2017-08-01,CAM NORTE,#REF!,5,400,2000,,0,5,139.4,697,1303
raw_sales_report,Medshield (Keith San Miguel).xlsx,sales2017,1470,5,12729,2017-08-01,CAM NORTE,#REF!,1,2727,2727,,0,1,1450,1450,1277
raw_sales_report,Medshield (Keith San Miguel).xlsx,sales2017,1471,5,12730,2017-08-01,CAM NORTE,#REF!,1,1591,1591,,0,1,415,415,1176
raw_sales_report,Medshield (Keith San Miguel).xlsx,sales2017,1472,5,12731,2017-08-01,CAM NORTE,#REF!,1,2546,2546,,0,1,750,750,1796
raw_sales_report,Medshield (Keith San Miguel).xlsx,sales2017,1473,5,12732,2017-08-01,CAM NORTE,#REF!,1,1200,1200,,0,1,200,200,1000
raw_sales_report,Medshield (Keith San Miguel).xlsx,sales2017,1474,5,12733,2017-08-01,CAM NORTE,#REF!,20,360,7200,,0,20,110,2200,5000
raw_sales_report,Medshield (Keith San Miguel).xlsx,sales2017,1475,5,12734,2017-08-01,CAM NORTE,#REF!,1,1280,1280,,0,1.1,450,495.00000000000006,785
raw_sales_report,Medshield (Keith San Miguel).xlsx,sales2017,1476,5,12735,2017-08-01,CAM NORTE,#REF!,20,380,7600,,0,22,73,1606,5994
raw_sales_report,Medshield (Keith San Miguel).xlsx,sales2017,1477,5,12736,2017-08-01,CAM NORTE,#REF!,3,5500,16500,,0,3,2145,6435,10065
raw_sales_report,Medshield (Keith San Miguel).xlsx,sales2017,1478,5,12737,2017-08-01,CAM NORTE,#REF!,1,1800,1800,,0,1,550,550,1250
raw_sales_report,Medshield (Keith San Miguel).xlsx,sales2017,1479,5,12737,2017-08-01,CAM NORTE,#REF!,1,1550,1550,,0,1,465,465,1085
raw_sales_report,Medshield (Keith San Miguel).xlsx,sales2017,1480,5,12737,2017-08-01,CAM NORTE,#REF!,6,440,2640,,0,6,139.44,836.64,1803.3600000000001
raw_sales_report,Medshield (Keith San Miguel).xlsx,sales2017,1481,5,12737,2017-08-01,CAM NORTE,#REF!,20,80,1600,,0,20,24.47,489.4,1110.6
raw_sales_report,Medshield (Keith San Miguel).xlsx,sales2017,1482,5,12737,2017-08-01,CAM NORTE,#REF!,20,65,1300,,0,20,20.5,410,890
raw_sales_report,Medshield (Keith San Miguel).xlsx,sales2017,1483,5,12737,2017-08-01,CAM NORTE,#REF!,12,310,3720,,0,12,129.7,1556.3999999999999,2163.6000000000004
raw_sales_report,Medshield (Keith San Miguel).xlsx,sales2017,1484,5,12738,2017-08-02,CAM NORTE,#REF!,2,750,1500,,0,2,227.5,455,1045
raw_sales_report,Medshield (Keith San Miguel).xlsx,sales2017,1485,5,12739,2017-08-02,CAM NORTE,#REF!,2,750,1500,,0,2,227.5,455,1045
raw_sales_report,Medshield (Keith San Miguel).xlsx,sales2017,1486,5,12742,2017-08-02,cam norte,#REF!,2,1800,3600,,0,2,535,1070,2530
raw_sales_report,Medshield (Keith San Miguel).xlsx,sales2017,1487,5,12743,2017-08-02,cam norte,#REF!,2,1165,2330,,0,2,333,666,1664
raw_sales_report,Medshield (Keith San Miguel).xlsx,sales2017,1488,5,12745,2017-08-02,cam norte,#REF!,1,700,700,,0,1,250,250,450
raw_sales_report,Medshield (Keith San Miguel).xlsx,sales2017,1489,5,12747,2017-08-02,cam norte,#REF!,1,1600,1600,,0,1,480.9,480.9,1119.1
raw_sales_report,Medshield (Keith San Miguel).xlsx,sales2017,1490,5,12748,2017-08-02,cam norte,#REF!,1,1070,1070,,0,1,319,319,751
raw_sales_report,Medshield (Keith San Miguel).xlsx,sales2017,1491,5,12750,2017-08-03,CAM NORTE,#REF!,20,380,7600,,0,20,73,1460,6140
raw_sales_report,Medshield (Keith San Miguel).xlsx,sales2017,1492,5,12932,2017-07-28,CAVITE,#REF!,2,1150,2300,,0,3,345,1035,1265
raw_sales_report,Medshield (Keith San Miguel).xlsx,sales2017,1493,5,12933,2017-08-22,CAVITE,#REF!,2,1600,3200,0.3,960,2,480.9,961.8,1278.2
raw_sales_report,Medshield (Keith San Miguel).xlsx,sales2017,1494,5,12934,2017-08-17,CAVITE,#REF!,2,1150,2300,,0,3,345,1035,1265
raw_sales_report,Medshield (Keith San Miguel).xlsx,sales2017,1495,5,12935,2017-08-17,CAVITE,#REF!,1,4800,4800,0.2,960,1,1872,1872,1968
raw_sales_report,Medshield (Keith San Miguel).xlsx,sales2017,1496,5,12936,2017-08-18,CAVITE,#REF!,8,160,1280,,0,8,48.65,389.2,890.8
raw_sales_report,Medshield (Keith San Miguel).xlsx,sales2017,1497,5,12938,2017-08-22,CAVITE,#REF!,3,2500,7500,0.3,2250,3,375,1125,4125
raw_sales_report,Medshield (Keith San Miguel).xlsx,sales2017,1498,5,12939,2017-08-22,CAVITE,#REF!,6,200,1200,0.2,240,6,39,234,726
raw_sales_report,Medshield (Keith San Miguel).xlsx,sales2017,1499,5,12939,2017-08-22,CAVITE,#REF!,1,2450,2450,0.2,490,1,880.91,880.91,1079.0900000000001
raw_sales_report,Medshield (Keith San Miguel).xlsx,sales2017,1500,5,12940,2017-08-22,CAVITE,#REF!,3,1500,4500,0.3,1350,3,435,1305,1845
raw_sales_report,Medshield (Keith San Miguel).xlsx,sales2017,1501,5,12940,2017-08-22,CAVITE,#REF!,3,2250,6750,0.3,2025,3,204.55,613.6500000000001,4111.35
raw_sales_report,Medshield (Keith San Miguel).xlsx,sales2017,1502,5,12940,2017-08-22,CAVITE,#REF!,2,1150,2300,0.3,690,2,345,690,920
raw_sales_report,Medshield (Keith San Miguel).xlsx,sales2017,1503,5,13015,2017-05-29,SUPPLIES,#REF!,,,0,,0,0,,0,0
raw_sales_report,Medshield (Keith San Miguel).xlsx,sales2017,1504,5,13016,2017-05-29,EQUIPMENT,#REF!,,,0,,0,0,,0,0
raw_sales_report,Medshield (Keith San Miguel).xlsx,sales2017,1505,5,13027,2017-08-17,SUPPLIES,#REF!,,,0,,0,0,,0,0
raw_sales_report,Medshield (Keith San Miguel).xlsx,sales2017,1506,5,13028,2017-08-27,SUPPLIES,#REF!,,,0,,0,0,,0,0
raw_sales_report,Medshield (Keith San Miguel).xlsx,sales2017,1507,5,13276,2017-08-01,HOSPITAL,#REF!,4,1550,6200,,0,4,458,1832,4368
raw_sales_report,Medshield (Keith San Miguel).xlsx,sales2017,1508,5,13277,2017-08-03,HOSPITAL,#REF!,5,750,3750,,0,5,182.5,912.5,2837.5
raw_sales_report,Medshield (Keith San Miguel).xlsx,sales2017,1509,5,13278,2017-08-03,HOSPITAL,#REF!,300,533.4,160020,,0,300,293.37,88011,72009
raw_sales_report,Medshield (Keith San Miguel).xlsx,sales2017,1510,5,13278,2017-08-03,HOSPITAL,#REF!,500,377.44,188720,,0,500,207.59,103795,84925
raw_sales_report,Medshield (Keith San Miguel).xlsx,sales2017,1511,5,13278,2017-08-03,HOSPITAL,#REF!,10,3528,35280,,0,10,291,2910,32370
raw_sales_report,Medshield (Keith San Miguel).xlsx,sales2017,1512,5,13279,2017-08-31,HOSPITAL,#REF!,20,80,1600,,0,20,22,440,1160
raw_sales_report,Medshield (Keith San Miguel).xlsx,sales2017,1513,5,13281,2017-08-07,HOSPITAL,#REF!,,,0,,0,0,,0,0
raw_sales_report,Medshield (Keith San Miguel).xlsx,sales2017,1514,5,13281,2017-08-07,HOSPITAL,#REF!,,,0,,0,0,,0,0
raw_sales_report,Medshield (Keith San Miguel).xlsx,sales2017,1515,5,13282,2017-08-07,HOSPITAL,#REF!,2,3960,7920,,0,2,1872,3744,4176
raw_sales_report,Medshield (Keith San Miguel).xlsx,sales2017,1516,5,13282,2017-08-07,HOSPITAL,#REF!,5,3000,15000,,0,5,750,3750,11250
raw_sales_report,Medshield (Keith San Miguel).xlsx,sales2017,1517,5,13283,2017-08-08,HOSPITAL,#REF!,15,1800,27000,,0,15,590,8850,18150
raw_sales_report,Medshield (Keith San Miguel).xlsx,sales2017,1518,5,13284,2017-08-08,HOSPITAL,#REF!,120,2450,294000,,0,120,880.91,105709.2,188290.8
raw_sales_report,Medshield (Keith San Miguel).xlsx,sales2017,1519,5,13284,2017-08-08,HOSPITAL,#REF!,60,1280,76800,,0,60,450,27000,49800
raw_sales_report,Medshield (Keith San Miguel).xlsx,sales2017,1520,5,13285,2017-08-08,HOSPITAL,#REF!,360,280,100800,,0,360,135,48600,52200
raw_sales_report,Medshield (Keith San Miguel).xlsx,sales2017,1521,5,13287,2017-08-17,HOSPITAL,#REF!,10,1057,10570,0.3,3171,10,310,3100,4299
raw_sales_report,Medshield (Keith San Miguel).xlsx,sales2017,1522,5,13288,2017-08-18,HOSPITAL,#REF!,2,1900,3800,,0,2,595,1190,2610
raw_sales_report,Medshield (Keith San Miguel).xlsx,sales2017,1523,5,13288,2017-08-18,HOSPITAL,#REF!,3,2800,8400,,0,3,1173.6,3520.7999999999997,4879.200000000001
raw_sales_report,Medshield (Keith San Miguel).xlsx,sales2017,1524,5,13288,2017-08-18,HOSPITAL,#REF!,1,1550,1550,,0,1,458,458,1092
raw_sales_report,Medshield (Keith San Miguel).xlsx,sales2017,1525,5,13288,2017-08-18,HOSPITAL,#REF!,1,1550,1550,,0,1,480.9,480.9,1069.1
raw_sales_report,Medshield (Keith San Miguel).xlsx,sales2017,1526,5,13288,2017-08-18,HOSPITAL,#REF!,1,6000,6000,,0,1,1250,1250,4750
raw_sales_report,Medshield (Keith San Miguel).xlsx,sales2017,1527,5,13288,2017-08-18,HOSPITAL,#REF!,1,700,700,,0,1,235,235,465
raw_sales_report,Medshield (Keith San Miguel).xlsx,sales2017,1528,5,13288,2017-08-18,HOSPITAL,#REF!,5,3000,15000,,0,5,50,250,14750
raw_sales_report,Medshield (Keith San Miguel).xlsx,sales2017,1529,5,13288,2017-08-18,HOSPITAL,#REF!,2,1750,3500,,0,2,415,830,2670
raw_sales_report,Medshield (Keith San Miguel).xlsx,sales2017,1530,5,13288,2017-08-18,HOSPITAL,#REF!,1,3960,3960,,0,1,187,187,3773
raw_sales_report,Medshield (Keith San Miguel).xlsx,sales2017,1531,5,13288,2017-08-18,HOSPITAL,#REF!,10,800,8000,,0,10,525,5250,2750
raw_sales_report,Medshield (Keith San Miguel).xlsx,sales2017,1532,5,13289,2017-08-25,HOSPITAL,#REF!,100,120,12000,,0,100,24.67,2467,9533
raw_sales_report,Medshield (Keith San Miguel).xlsx,sales2017,1533,5,13290,2017-08-31,HOSPITAL,#REF!,4,1550,6200,,0,4,458,1832,4368
raw_sales_report,Medshield (Keith San Miguel).xlsx,sales2017,1534,5,13290,2017-08-31,HOSPITAL,#REF!,5,3000,15000,,0,5,750,3750,11250
raw_sales_report,Medshield (Keith San Miguel).xlsx,sales2017,1535,5,13290,2017-08-31,HOSPITAL,#REF!,1,3960,3960,,0,1,1872,1872,2088
raw_sales_report,Medshield (Keith San Miguel).xlsx,sales2017,1536,5,13290,2017-08-31,HOSPITAL,#REF!,3,2450,7350,,0,3,891,2673,4677
raw_sales_report,Medshield (Keith San Miguel).xlsx,sales2017,1537,5,13291,2017-08-31,HOSPITAL,#REF!,5,2800,14000,,0,5,1173.6,5868,8132
raw_sales_report,Medshield (Keith San Miguel).xlsx,sales2017,1538,5,13292,2017-09-04,HOSPITAL,#REF!,720,280,201600,,0,720,135,97200,104400
raw_sales_report,Medshield (Keith San Miguel).xlsx,sales2017,1539,5,13785,2017-07-31,LAGUNA,#REF!,60,190,11400,,0,60,73,4380,7020
raw_sales_report,Medshield (Keith San Miguel).xlsx,sales2017,1540,5,13785,2017-07-31,LAGUNA,#REF!,2,1225,2450,,0,2,415,830,1620
raw_sales_report,Medshield (Keith San Miguel).xlsx,sales2017,1541,5,13785,2017-07-31,LAGUNA,#REF!,2,2100,4200,,0,2,1450,2900,1300
raw_sales_report,Medshield (Keith San Miguel).xlsx,sales2017,1542,5,13786,2017-07-31,LAGUNA,#REF!,2,1400,2800,,0,2,900,1800,1000
raw_sales_report,Medshield (Keith San Miguel).xlsx,sales2017,1543,5,13788,2017-08-01,LAGUNA,#REF!,4,500,2000,,0,4,250,1000,1000
raw_sales_report,Medshield (Keith San Miguel).xlsx,sales2017,1544,5,13788,2017-08-01,LAGUNA,#REF!,3,385,1155,,0,3,168,504,651
raw_sales_report,Medshield (Keith San Miguel).xlsx,sales2017,1545,5,13790,2017-08-03,LAGUNA,#REF!,1,2790,2790,,0,1,1173.6,1173.6,1616.4
raw_sales_report,Medshield (Keith San Miguel).xlsx,sales2017,1546,5,13790,2017-08-03,LAGUNA,#REF!,12,310,3720,,0,12,129.7,1556.3999999999999,2163.6000000000004
raw_sales_report,Medshield (Keith San Miguel).xlsx,sales2017,1547,5,13790,2017-08-03,LAGUNA,#REF!,4,870,3480,,0,4,219,876,2604
raw_sales_report,Medshield (Keith San Miguel).xlsx,sales2017,1548,5,13792,2017-08-09,LAGUNA,#REF!,50,190,9500,,0,50,43.8,2190,7310
raw_sales_report,Medshield (Keith San Miguel).xlsx,sales2017,1549,5,13792,2017-08-09,LAGUNA,#REF!,2,1225,2450,,0,2,415,830,1620
raw_sales_report,Medshield (Keith San Miguel).xlsx,sales2017,1550,5,13792,2017-08-09,LAGUNA,#REF!,2,2100,4200,,0,2,1450,2900,1300
raw_sales_report,Medshield (Keith San Miguel).xlsx,sales2017,1551,5,13793,2017-08-09,LAGUNA,#REF!,1,682.2,682.2,,0,1,184.09,184.09,498.11
raw_sales_report,Medshield (Keith San Miguel).xlsx,sales2017,1552,5,13793,2017-08-09,LAGUNA,#REF!,1,2269.8,2269.8,,0,1,525,525,1744.8000000000002
raw_sales_report,Medshield (Keith San Miguel).xlsx,sales2017,1553,5,13794,2017-08-10,LAGUNA,#REF!,12,310,3720,,0,12,129.7,1556.3999999999999,2163.6000000000004
raw_sales_report,Medshield (Keith San Miguel).xlsx,sales2017,1554,5,13794,2017-08-10,LAGUNA,#REF!,12,190,2280,,0,12,75.6,907.1999999999999,1372.8000000000002
raw_sales_report,Medshield (Keith San Miguel).xlsx,sales2017,1555,5,13795,2017-08-10,LAGUNA,#REF!,2,1800,3600,,0,2,540,1080,2520
raw_sales_report,Medshield (Keith San Miguel).xlsx,sales2017,1556,5,13796,2017-08-11,LAGUNA,#REF!,3,2500,7500,,0,3,750,2250,5250
raw_sales_report,Medshield (Keith San Miguel).xlsx,sales2017,1557,5,13797,2017-07-31,LAGUNA,#REF!,1,2269.8,2269.8,,0,1,525,525,1744.8000000000002
raw_sales_report,Medshield (Keith San Miguel).xlsx,sales2017,1558,5,13797,2017-07-31,LAGUNA,#REF!,1,1500,1500,,0,1,494,494,1006
raw_sales_report,Medshield (Keith San Miguel).xlsx,sales2017,1559,5,13798,2017-08-14,LAGUNA,#REF!,1,2269.8,2269.8,,0,1,554.58,554.58,1715.2200000000003
raw_sales_report,Medshield (Keith San Miguel).xlsx,sales2017,1560,5,13799,2017-08-14,LAGUNA,#REF!,2,4000,8000,,0,2,650,1300,6700
raw_sales_report,Medshield (Keith San Miguel).xlsx,sales2017,1561,5,13800,2017-08-14,LAGUNA,#REF!,1,1400,1400,,0,1,900,900,500
raw_sales_report,Medshield (Keith San Miguel).xlsx,sales2017,1562,5,13856,2017-07-27,CAM SUR,#REF!,,,0,,0,0,,0,0
raw_sales_report,Medshield (Keith San Miguel).xlsx,sales2017,1563,5,13868,2017-08-02,CAM SUR,#REF!,2,2800,5600,,0,2,75.6,151.2,5448.8
raw_sales_report,Medshield (Keith San Miguel).xlsx,sales2017,1564,5,13869,2017-08-02,CAM SUR,#REF!,1,800,800,,0,1,225,225,575
raw_sales_report,Medshield (Keith San Miguel).xlsx,sales2017,1565,5,13874,2017-08-07,CAM SUR,#REF!,1,,0,,0,1,129.7,129.7,-129.7
raw_sales_report,Medshield (Keith San Miguel).xlsx,sales2017,1566,5,13878,2017-08-08,CAM SUR,#REF!,1,3000,3000,,0,1,1450,1450,1550
raw_sales_report,Medshield (Keith San Miguel).xlsx,sales2017,1567,5,13879,2017-08-08,CAM SUR,#REF!,2,1200,2400,,0,2,345,690,1710
raw_sales_report,Medshield (Keith San Miguel).xlsx,sales2017,1568,5,13880,2017-08-08,CAM SUR,#REF!,20,88,1760,,0,20,24.47,489.4,1270.6
raw_sales_report,Medshield (Keith San Miguel).xlsx,sales2017,1569,5,13881,2017-08-08,CAM SUR,#REF!,2,2700,5400,,0,2,1173.6,2347.2,3052.8
raw_sales_report,Medshield (Keith San Miguel).xlsx,sales2017,1570,5,13882,2017-08-08,CAM SUR,#REF!,12,310,3720,,0,12,129.7,1556.3999999999999,2163.6000000000004
raw_sales_report,Medshield (Keith San Miguel).xlsx,sales2017,1571,5,13883,2017-08-08,CAM SUR,#REF!,2,1600,3200,,0,2,458,916,2284
raw_sales_report,Medshield (Keith San Miguel).xlsx,sales2017,1572,5,13884,2017-08-08,CAM SUR,#REF!,10,190,1900,,0,10,75.6,756,1144
raw_sales_report,Medshield (Keith San Miguel).xlsx,sales2017,1573,5,13885,2017-08-08,CAM SUR,#REF!,12,88,1056,,0,12,24.47,293.64,762.36
raw_sales_report,Medshield (Keith San Miguel).xlsx,sales2017,1574,5,13886,2017-08-08,CAM SUR,#REF!,6,450,2700,,0,6,139.44,836.64,1863.3600000000001
raw_sales_report,Medshield (Keith San Miguel).xlsx,sales2017,1575,5,13887,2017-08-08,CAM SUR,#REF!,2,800,1600,,0,2,225,450,1150
raw_sales_report,Medshield (Keith San Miguel).xlsx,sales2017,1576,5,13888,2017-08-08,CAM SUR,#REF!,2,750,1500,,0,2,240,480,1020
raw_sales_report,Medshield (Keith San Miguel).xlsx,sales2017,1577,5,13889,2017-08-08,CAM SUR,#REF!,10,78,780,,0,10,26.25,262.5,517.5
raw_sales_report,Medshield (Keith San Miguel).xlsx,sales2017,1578,5,13890,2017-08-08,CAM SUR,#REF!,2,1000,2000,,0,2,319,638,1362
raw_sales_report,Medshield (Keith San Miguel).xlsx,sales2017,1579,5,13891,2017-08-08,cam sur,#REF!,10,175,1750,,0,10,75.6,756,994
raw_sales_report,Medshield (Keith San Miguel).xlsx,sales2017,1580,5,13892,2017-08-08,cam sur,#REF!,2,1300,2600,,0,2,345,690,1910
raw_sales_report,Medshield (Keith San Miguel).xlsx,sales2017,1581,5,13892,2017-08-08,cam sur,#REF!,21,95,1995,,0,21,75.6,1587.6,407.4000000000001
raw_sales_report,Medshield (Keith San Miguel).xlsx,sales2017,1582,5,13893,2017-08-09,cam sur,#REF!,10,190,1900,,0,10,75.6,756,1144
raw_sales_report,Medshield (Keith San Miguel).xlsx,sales2017,1583,5,13895,2017-08-10,CAM SUR,#REF!,10,88,880,,0,10,24.47,244.7,635.3
raw_sales_report,Medshield (Keith San Miguel).xlsx,sales2017,1584,5,13896,2017-08-10,CAM SUR,#REF!,1,1050,1050,,0,1,270,270,780
raw_sales_report,Medshield (Keith San Miguel).xlsx,sales2017,1585,5,13897,2017-08-10,CAM SUR,#REF!,4,855,3420,,0,4,155,620,2800
raw_sales_report,Medshield (Keith San Miguel).xlsx,sales2017,1586,5,13897,2017-08-10,CAM SUR,#REF!,1,1150,1150,,0,1,345,345,805
raw_sales_report,Medshield (Keith San Miguel).xlsx,sales2017,1587,5,13898,2017-08-15,CAM SUR,#REF!,2,1150,2300,,0,2,365,730,1570
raw_sales_report,Medshield (Keith San Miguel).xlsx,sales2017,1588,5,13899,2017-08-15,CAM SUR,#REF!,8,88,704,,0,8,24.47,195.76,508.24
raw_sales_report,Medshield (Keith San Miguel).xlsx,sales2017,1589,5,13899,2017-08-15,CAM SUR,#REF!,1,800,800,,0,1,47,47,753
raw_sales_report,Medshield (Keith San Miguel).xlsx,sales2017,1590,5,13900,2017-08-15,CAM SUR,#REF!,1,1300,1300,,0,2,345,690,610
raw_sales_report,Medshield (Keith San Miguel).xlsx,sales2017,1591,5,13934,2017-08-25,BATANGAS,#REF!,3,2600,7800,,0,3,650,1950,5850
raw_sales_report,Medshield (Keith San Miguel).xlsx,sales2017,1592,5,13935,2017-08-02,BATANGAS,#REF!,11,264,2904,,0,11,80.14,881.54,2022.46
raw_sales_report,Medshield (Keith San Miguel).xlsx,sales2017,1593,5,13936,2017-08-02,BATANGAS,#REF!,5,350,1750,,0,5,148,740,1010
raw_sales_report,Medshield (Keith San Miguel).xlsx,sales2017,1594,5,13937,2017-08-02,BATANGAS,#REF!,11,72,792,,0,11,23,253,539
raw_sales_report,Medshield (Keith San Miguel).xlsx,sales2017,1595,5,13938,2017-08-02,BATANGAS,#REF!,11,96,1056,,0,11,24.47,269.16999999999996,786.83
raw_sales_report,Medshield (Keith San Miguel).xlsx,sales2017,1596,5,13939,2017-08-02,BATANGAS,#REF!,2,1026,2052,,0,2,345,690,1362
raw_sales_report,Medshield (Keith San Miguel).xlsx,sales2017,1597,5,13940,2017-08-02,BATANGAS,#REF!,2,1020,2040,,0,2,260,520,1520
raw_sales_report,Medshield (Keith San Miguel).xlsx,sales2017,1598,5,13941,2017-08-02,BATANGAS,#REF!,2,960,1920,,0,2,225,450,1470
raw_sales_report,Medshield (Keith San Miguel).xlsx,sales2017,1599,5,13942,2017-08-02,BATANGAS,#REF!,2,1335,2670,,0,2,445,890,1780
raw_sales_report,Medshield (Keith San Miguel).xlsx,sales2017,1600,5,13943,2017-08-02,BATANGAS,#REF!,3,1800,5400,,0,3,525,1575,3825
raw_sales_report,Medshield (Keith San Miguel).xlsx,sales2017,1601,5,13944,2017-08-02,BATANGAS,#REF!,7,4200,29400,,0,7,1235,8645,20755
raw_sales_report,Medshield (Keith San Miguel).xlsx,sales2017,1602,5,13945,2017-08-02,BATANGAS,#REF!,3,1980,5940,,0,3,650,1950,3990
raw_sales_report,Medshield (Keith San Miguel).xlsx,sales2017,1603,5,13946,2017-08-02,BATANGAS,#REF!,3,2530,7590,,0,3,750,2250,5340
raw_sales_report,Medshield (Keith San Miguel).xlsx,sales2017,1604,5,13947,2017-08-02,BATANGAS,#REF!,2,700,1400,,0,2,218.46,436.92,963.0799999999999
raw_sales_report,Medshield (Keith San Miguel).xlsx,sales2017,1605,5,13947,2017-08-02,BATANGAS,#REF!,3,1980,5940,,0,3,595,1785,4155
raw_sales_report,Medshield (Keith San Miguel).xlsx,sales2017,1606,5,13948,2017-08-02,BATANGAS,#REF!,5,3300,16500,,0,5,1450,7250,9250
raw_sales_report,Medshield (Keith San Miguel).xlsx,sales2017,1607,5,13949,2017-08-02,BATANGAS,#REF!,2,1800,3600,,0,2,525,1050,2550
raw_sales_report,Medshield (Keith San Miguel).xlsx,sales2017,1608,5,13950,2017-08-02,BATANGAS,#REF!,1,2250,2250,,0,1,750,750,1500
raw_sales_report,Medshield (Keith San Miguel).xlsx,sales2017,1609,5,13951,2017-07-18,CAM NORTE,#REF!,2,5500,11000,,0,2,2145,4290,6710
raw_sales_report,Medshield (Keith San Miguel).xlsx,sales2017,1610,5,13952,2017-07-18,CAM NORTE,#REF!,1,2880,2880,,0,1,1570.06,1570.06,1309.94
raw_sales_report,Medshield (Keith San Miguel).xlsx,sales2017,1611,5,13953,2017-07-18,CAM NORTE,#REF!,5,750,3750,,0,5,227.5,1137.5,2612.5
raw_sales_report,Medshield (Keith San Miguel).xlsx,sales2017,1612,5,13953,2017-07-18,CAM NORTE,#REF!,10,1800,18000,,0,10,535,5350,12650
raw_sales_report,Medshield (Keith San Miguel).xlsx,sales2017,1613,5,13953,2017-07-18,CAM NORTE,#REF!,1,1800,1800,,0,1,540,540,1260
raw_sales_report,Medshield (Keith San Miguel).xlsx,sales2017,1614,5,13954,2017-08-23,CAM NORTE,#REF!,2,650,1300,,0,2,187.5,375,925
raw_sales_report,Medshield (Keith San Miguel).xlsx,sales2017,1615,5,13954,2017-08-23,CAM NORTE,#REF!,1,850,850,,0,1,155,155,695
raw_sales_report,Medshield (Keith San Miguel).xlsx,sales2017,1616,5,13955,2017-08-24,CAM NORTE,#REF!,2,1250,2500,,0,2.2,450,990.0000000000001,1510
raw_sales_report,Medshield (Keith San Miguel).xlsx,sales2017,1617,5,13956,2017-08-21,CAM NORTE,#REF!,3,5400,16200,,0,3,535,1605,14595
raw_sales_report,Medshield (Keith San Miguel).xlsx,sales2017,1618,5,13956,2017-08-21,CAM NORTE,#REF!,3,750,2250,,0,3,227.5,682.5,1567.5
raw_sales_report,Medshield (Keith San Miguel).xlsx,sales2017,1619,5,13956,2017-08-21,CAM NORTE,#REF!,1,1165,1165,,0,1,433,433,732
raw_sales_report,Medshield (Keith San Miguel).xlsx,sales2017,1620,5,13957,2017-08-24,CAM NORTE,#REF!,2,750,1500,,0,2,227.5,455,1045
raw_sales_report,Medshield (Keith San Miguel).xlsx,sales2017,1621,5,13958,2017-08-25,CAM NORTE,#REF!,1,1800,1800,,0,1,540,540,1260
raw_sales_report,Medshield (Keith San Miguel).xlsx,sales2017,1622,5,13958,2017-08-25,CAM NORTE,#REF!,1,1000,1000,,0,1,155,155,845
raw_sales_report,Medshield (Keith San Miguel).xlsx,sales2017,1623,5,13958,2017-08-25,CAM NORTE,#REF!,1,1900,1900,,0,1,595,595,1305
raw_sales_report,Medshield (Keith San Miguel).xlsx,sales2017,1624,5,13958,2017-08-25,CAM NORTE,#REF!,3,440,1320,,0,3,139.44,418.32,901.6800000000001
raw_sales_report,Medshield (Keith San Miguel).xlsx,sales2017,1625,5,13958,2017-08-25,CAM NORTE,#REF!,6,120,720,,0,6,35,210,510
raw_sales_report,Medshield (Keith San Miguel).xlsx,sales2017,1626,5,13958,2017-08-25,CAM NORTE,#REF!,6,180,1080,,0,6,56,336,744
raw_sales_report,Medshield (Keith San Miguel).xlsx,sales2017,1627,5,13958,2017-08-25,CAM NORTE,#REF!,6,198,1188,,0,6,65,390,798
raw_sales_report,Medshield (Keith San Miguel).xlsx,sales2017,1628,5,13959,2017-08-25,CAM NORTE,#REF!,1,500,500,,0,1,133,133,367
raw_sales_report,Medshield (Keith San Miguel).xlsx,sales2017,1629,5,13959,2017-08-25,CAM NORTE,#REF!,3,440,1320,,0,3,139.45,418.34999999999997,901.6500000000001
raw_sales_report,Medshield (Keith San Miguel).xlsx,sales2017,1630,5,13959,2017-08-25,CAM NORTE,#REF!,1,800,800,,0,1,225,225,575
raw_sales_report,Medshield (Keith San Miguel).xlsx,sales2017,1631,5,13959,2017-08-25,CAM NORTE,#REF!,6,88,528,,0,6,24.47,146.82,381.18
raw_sales_report,Medshield (Keith San Miguel).xlsx,sales2017,1632,5,13959,2017-08-25,CAM NORTE,#REF!,3,175,525,,0,3,42,126,399
raw_sales_report,Medshield (Keith San Miguel).xlsx,sales2017,1633,5,14007,2017-08-11,BATANGAS,#REF!,61.5,890,54735,,0,61.5,280,17220,37515
raw_sales_report,Medshield (Keith San Miguel).xlsx,sales2017,1634,5,14007,2017-08-11,BATANGAS,#REF!,22.5,490,11025,,0,22.5,190,4275,6750
raw_sales_report,Medshield (Keith San Miguel).xlsx,sales2017,1635,5,14007,2017-08-11,BATANGAS,#REF!,25.9,2600,67340,,0,25.9,1150,29785,37555
raw_sales_report,Medshield (Keith San Miguel).xlsx,sales2017,1636,5,14007,2017-08-11,BATANGAS,#REF!,15,440,6600,,0,15,105,1575,5025
raw_sales_report,Medshield (Keith San Miguel).xlsx,sales2017,1637,5,14007,2017-08-11,BATANGAS,#REF!,30,2200,66000,,0,30,819,24570,41430
raw_sales_report,Medshield (Keith San Miguel).xlsx,sales2017,1638,5,14007,2017-08-11,BATANGAS,#REF!,30,98,2940,,0,30,37,1110,1830
raw_sales_report,Medshield (Keith San Miguel).xlsx,sales2017,1639,5,14007,2017-08-11,BATANGAS,#REF!,12,1800,21600,,0,12,590,7080,14520
raw_sales_report,Medshield (Keith San Miguel).xlsx,sales2017,1640,5,14007,2017-08-11,BATANGAS,#REF!,77,2200,169400,,0,77,822.5,63332.5,106067.5
raw_sales_report,Medshield (Keith San Miguel).xlsx,sales2017,1641,5,14007,2017-08-11,BATANGAS,#REF!,7.3,360,2628,,0,7.3,140,1022,1606
raw_sales_report,Medshield (Keith San Miguel).xlsx,sales2017,1642,5,14008,2017-08-14,HOPITAL,#REF!,1000,377.44,377440,,0,1000,207.59,207590,169850
raw_sales_report,Medshield (Keith San Miguel).xlsx,sales2017,1643,5,14009,2017-08-14,GOVERNMENT,#REF!,,,0,,0,0,,0,0
raw_sales_report,Medshield (Keith San Miguel).xlsx,sales2017,1644,5,14013,2017-07-25,QUEZON,#REF!,14,450,6300,,0,14,148,2072,4228
raw_sales_report,Medshield (Keith San Miguel).xlsx,sales2017,1645,5,14013,2017-07-25,QUEZON,#REF!,8,198,1584,,0,8,75,600,984
raw_sales_report,Medshield (Keith San Miguel).xlsx,sales2017,1646,5,14018,2017-08-07,QUEZON,#REF!,10,1100,11000,,0,10,146.8,1468,9532
raw_sales_report,Medshield (Keith San Miguel).xlsx,sales2017,1647,5,14018,2017-08-07,QUEZON,#REF!,5,950,4750,,0,5,310,1550,3200
raw_sales_report,Medshield (Keith San Miguel).xlsx,sales2017,1648,5,14018,2017-08-07,QUEZON,#REF!,5,1200,6000,,0,5,420,2100,3900
raw_sales_report,Medshield (Keith San Miguel).xlsx,sales2017,1649,5,14020,2017-08-31,GOVERNMENT,#REF!,,,0,,0,0,,0,0
raw_sales_report,Medshield (Keith San Miguel).xlsx,sales2017,1650,5,14021,2017-08-04,ADMIN,#REF!,5,950,4750,0.2,950,5,310,1550,2250
raw_sales_report,Medshield (Keith San Miguel).xlsx,sales2017,1651,5,14022,2017-08-07,ADMIN,#REF!,2,1950,3900,0.3,1170,2,590,1180,1550
raw_sales_report,Medshield (Keith San Miguel).xlsx,sales2017,1652,5,14024,2017-08-17,ADMIN,#REF!,5,950,4750,,0,7,435,3045,1705
raw_sales_report,Medshield (Keith San Miguel).xlsx,sales2017,1653,5,14024,2017-08-17,ADMIN,#REF!,5,1750,8750,,0,7,500,3500,5250
raw_sales_report,Medshield (Keith San Miguel).xlsx,sales2017,1654,5,14025,2017-08-17,ADMIN,#REF!,2,1950,3900,0.3,1170,2,590,1180,1550
raw_sales_report,Medshield (Keith San Miguel).xlsx,sales2017,1655,5,14025,2017-08-17,ADMIN,#REF!,2,1550,3100,0.3,930,2,458,916,1254
raw_sales_report,Medshield (Keith San Miguel).xlsx,sales2017,1656,5,14029,2017-08-25,GOVERNMENT,#REF!,,,0,,0,0,,0,0
raw_sales_report,Medshield (Keith San Miguel).xlsx,sales2017,1657,5,14032,2017-08-25,GOVERNMENT,#REF!,,,0,,0,0,,0,0
raw_sales_report,Medshield (Keith San Miguel).xlsx,sales2017,1658,5,14033,2017-08-23,ADMIN,#REF!,5,950,4750,,0,7,310,2170,2580
raw_sales_report,Medshield (Keith San Miguel).xlsx,sales2017,1659,5,14033,2017-08-23,ADMIN,#REF!,5,1200,6000,,0,7,420,2940,3060
raw_sales_report,Medshield (Keith San Miguel).xlsx,sales2017,1660,5,14033,2017-08-23,ADMIN,#REF!,5,725,3625,,0,7,215,1505,2120
raw_sales_report,Medshield (Keith San Miguel).xlsx,sales2017,1661,5,14033,2017-08-23,ADMIN,#REF!,5,135,675,,0,7,35,245,430
raw_sales_report,Medshield (Keith San Miguel).xlsx,sales2017,1662,5,14033,2017-08-23,ADMIN,#REF!,5,1100,5500,,0,7,146.8,1027.6000000000001,4472.4
raw_sales_report,Medshield (Keith San Miguel).xlsx,sales2017,1663,5,14035,2017-08-26,ADMIN,#REF!,5,950,4750,,0,5,310,1550,3200
raw_sales_report,Medshield (Keith San Miguel).xlsx,sales2017,1664,5,14035,2017-08-26,ADMIN,#REF!,5,1200,6000,,0,5,420,2100,3900
raw_sales_report,Medshield (Keith San Miguel).xlsx,sales2017,1665,5,14035,2017-08-26,ADMIN,#REF!,5,2800,14000,,0,5,1173.6,5868,8132
raw_sales_report,Medshield (Keith San Miguel).xlsx,sales2017,1666,5,14035,2017-08-26,ADMIN,#REF!,5,1100,5500,,0,5,146.8,734,4766
raw_sales_report,Medshield (Keith San Miguel).xlsx,sales2017,1667,5,14036,2017-08-26,ADMIN,#REF!,2,1950,3900,0.3,1170,2,590,1180,1550
raw_sales_report,Medshield (Keith San Miguel).xlsx,sales2017,1668,5,14037,2017-08-29,HOSPITAL,#REF!,200,750,150000,,0,200,280,56000,94000
raw_sales_report,Medshield (Keith San Miguel).xlsx,sales2017,1669,5,14037,2017-08-29,HOSPITAL,#REF!,50,4800,240000,,0,50,1872,93600,146400
raw_sales_report,Medshield (Keith San Miguel).xlsx,sales2017,1670,5,14055,2017-07-26,CAM NORTE,#REF!,1,1980,1980,0.1,198,1,500,500,1282
raw_sales_report,Medshield (Keith San Miguel).xlsx,sales2017,1671,5,14056,2017-07-26,CAM NORTE,#REF!,1,770,770,0.1,77,1,218.46,218.46,474.53999999999996
raw_sales_report,Medshield (Keith San Miguel).xlsx,sales2017,1672,5,14058,2017-07-26,CAM NORTE,#REF!,1,1900,1900,0.1,190,1,518,518,1192
raw_sales_report,Medshield (Keith San Miguel).xlsx,sales2017,1673,5,14059,2017-08-03,CAM NORTE,#REF!,1,1400,1400,0.1,140,1,420,420,840
raw_sales_report,Medshield (Keith San Miguel).xlsx,sales2017,1674,5,14060,2017-08-03,CAM NORTE,#REF!,1,900,900,0.1,90,1,224.73,224.73,585.27
raw_sales_report,Medshield (Keith San Miguel).xlsx,sales2017,1675,5,14062,2017-08-03,CAM NORTE,#REF!,1,1100,1100,0.1,110,1,310,310,680
raw_sales_report,Medshield (Keith San Miguel).xlsx,sales2017,1676,5,14063,2017-08-03,CAM NORTE,#REF!,1,650,650,0.1,65,1,184.09,184.09,400.90999999999997
raw_sales_report,Medshield (Keith San Miguel).xlsx,sales2017,1677,5,14064,2017-08-03,CAM NORTE,#REF!,1,2790,2790,0.1,279,1,75.6,75.6,2435.4
raw_sales_report,Medshield (Keith San Miguel).xlsx,sales2017,1678,5,14065,2017-08-03,CAM NORTE,#REF!,1,1800,1800,0.1,180,1,375,375,1245
raw_sales_report,Medshield (Keith San Miguel).xlsx,sales2017,1679,5,14066,2017-08-03,CAM NORTE,#REF!,1,450,450,0.1,45,1,200,200,205
raw_sales_report,Medshield (Keith San Miguel).xlsx,sales2017,1680,5,14067,2017-08-03,CAM NORTE,#REF!,1,840,840,0.1,84,1,240,240,516
raw_sales_report,Medshield (Keith San Miguel).xlsx,sales2017,1681,5,14069,2017-08-17,CAM NORTE,#REF!,20,650,13000,,0,28,155,4340,8660
raw_sales_report,Medshield (Keith San Miguel).xlsx,sales2017,1682,5,14070,2017-08-17,CAM NORTE,#REF!,30,380,11400,,0,30,73,2190,9210
raw_sales_report,Medshield (Keith San Miguel).xlsx,sales2017,1683,5,14071,2017-09-12,CAM NORTE,#REF!,3,5500,16500,,0,3,3575,10725,5775
raw_sales_report,Medshield (Keith San Miguel).xlsx,sales2017,1684,5,14072,2017-09-12,CAM NORTE,#REF!,2.2,3000,6600.000000000001,,0,2.2,750,1650.0000000000002,4950.000000000001
raw_sales_report,Medshield (Keith San Miguel).xlsx,sales2017,1685,5,14108,2017-08-16,SUPPLIES,#REF!,,,0,,0,0,,0,0
raw_sales_report,Medshield (Keith San Miguel).xlsx,sales2017,1686,5,14109,2017-08-14,SUPPLIES,#REF!,,,0,,0,0,,0,0
raw_sales_report,Medshield (Keith San Miguel).xlsx,sales2017,1687,5,14110,2017-08-16,SUPPLIES,#REF!,,,0,,0,0,,0,0
raw_sales_report,Medshield (Keith San Miguel).xlsx,sales2017,1688,5,14111,2017-08-17,SUPPLIES,#REF!,,,0,,0,0,,0,0
raw_sales_report,Medshield (Keith San Miguel).xlsx,sales2017,1689,5,14152,2017-08-02,batangas,#REF!,1,3360,3360,,0,1,920,920,2440
raw_sales_report,Medshield (Keith San Miguel).xlsx,sales2017,1690,5,14153,2017-08-02,batangas,#REF!,1,2300,2300,,0,1,595,595,1705
raw_sales_report,Medshield (Keith San Miguel).xlsx,sales2017,1691,5,14154,2017-08-02,batangas,#REF!,2,1020,2040,,0,2,260,520,1520
raw_sales_report,Medshield (Keith San Miguel).xlsx,sales2017,1692,5,14155,2017-08-02,batangas,#REF!,1,1146,1146,,0,1,240,240,906
raw_sales_report,Medshield (Keith San Miguel).xlsx,sales2017,1693,5,14156,2017-08-02,batangas,#REF!,2,960,1920,,0,2,225,450,1470
raw_sales_report,Medshield (Keith San Miguel).xlsx,sales2017,1694,5,14157,2017-08-02,batangas,#REF!,1,3360,3360,,0,1,1173.6,1173.6,2186.4
raw_sales_report,Medshield (Keith San Miguel).xlsx,sales2017,1695,5,14158,2017-08-02,batangas,#REF!,2,900,1800,,0,2,300,600,1200
raw_sales_report,Medshield (Keith San Miguel).xlsx,sales2017,1696,5,14159,2017-08-02,batangas,#REF!,8,160,1280,,0,8,47,376,904
raw_sales_report,Medshield (Keith San Miguel).xlsx,sales2017,1697,5,14160,2017-08-02,batangas,#REF!,5,72,360,,0,5,23,115,245
raw_sales_report,Medshield (Keith San Miguel).xlsx,sales2017,1698,5,14161,2017-08-02,batangas,#REF!,7,350,2450,,0,7,148,1036,1414
raw_sales_report,Medshield (Keith San Miguel).xlsx,sales2017,1699,5,14162,2017-08-04,BATANGAS,#REF!,870,320,278400,,0,870,64,55680,222720
raw_sales_report,Medshield (Keith San Miguel).xlsx,sales2017,1700,5,14163,2017-08-07,BATANGAS,#REF!,6,400,2400,,0,9,139.45,1255.05,1144.95
raw_sales_report,Medshield (Keith San Miguel).xlsx,sales2017,1701,5,14164,2017-08-18,BATANGAS,#REF!,2,1080,2160,,0,2,240,480,1680
raw_sales_report,Medshield (Keith San Miguel).xlsx,sales2017,1702,5,14165,2017-08-08,BATANGAS,#REF!,5,1300,6500,,0,5,200,1000,5500
raw_sales_report,Medshield (Keith San Miguel).xlsx,sales2017,1703,5,14166,2017-08-08,BATANGAS,#REF!,4,3360,13440,,0,4,1173.6,4694.4,8745.6
raw_sales_report,Medshield (Keith San Miguel).xlsx,sales2017,1704,5,14167,2017-08-08,BATANGAS,#REF!,7,144,1008,,0,7,38,266,742
raw_sales_report,Medshield (Keith San Miguel).xlsx,sales2017,1705,5,14168,2017-08-08,BATANGAS,#REF!,12,72,864,,0,12,23,276,588
raw_sales_report,Medshield (Keith San Miguel).xlsx,sales2017,1706,5,14169,2017-08-08,BATANGAS,#REF!,18,350,6300,,0,18,148,2664,3636
raw_sales_report,Medshield (Keith San Miguel).xlsx,sales2017,1707,5,14170,2017-08-08,BATANGAS,#REF!,9,84,756,,0,9,24.5,220.5,535.5
raw_sales_report,Medshield (Keith San Miguel).xlsx,sales2017,1708,5,14171,2017-08-08,BATANGAS,#REF!,20,96,1920,,0,20,25,500,1420
raw_sales_report,Medshield (Keith San Miguel).xlsx,sales2017,1709,5,14172,2017-08-08,BATANGAS,#REF!,10,160,1600,,0,10,45,450,1150
raw_sales_report,Medshield (Keith San Miguel).xlsx,sales2017,1710,5,14173,2017-08-08,BATANGAS,#REF!,10,180,1800,,0,10,48,480,1320
raw_sales_report,Medshield (Keith San Miguel).xlsx,sales2017,1711,5,14174,2017-08-08,BATANGAS,#REF!,2,1335,2670,,0,2,445,890,1780
raw_sales_report,Medshield (Keith San Miguel).xlsx,sales2017,1712,5,14175,2017-08-08,BATANGAS,#REF!,12,90,1080,,0,12,31,372,708
raw_sales_report,Medshield (Keith San Miguel).xlsx,sales2017,1713,5,14176,2017-08-08,BATANGAS,#REF!,10,187,1870,,0,10,67,670,1200
raw_sales_report,Medshield (Keith San Miguel).xlsx,sales2017,1714,5,14176,2017-08-08,BATANGAS,#REF!,9,170,1530,,0,9,48.5,436.5,1093.5
raw_sales_report,Medshield (Keith San Miguel).xlsx,sales2017,1715,5,14176,2017-08-08,BATANGAS,#REF!,3,1980,5940,,0,3,595,1785,4155
raw_sales_report,Medshield (Keith San Miguel).xlsx,sales2017,1716,5,14177,2017-08-08,BATANGAS,#REF!,8,180,1440,0.1,144,8,48,384,912
raw_sales_report,Medshield (Keith San Miguel).xlsx,sales2017,1717,5,14178,2017-08-08,BATANGAS,#REF!,16,96,1536,0.1,153.60000000000002,16,21,336,1046.4
raw_sales_report,Medshield (Keith San Miguel).xlsx,sales2017,1718,5,14179,2017-08-08,BATANGAS,#REF!,10,96,960,0.1,96,10,24.47,244.7,619.3
raw_sales_report,Medshield (Keith San Miguel).xlsx,sales2017,1719,5,14180,2017-08-08,BATANGAS,#REF!,6,84,504,0.1,50.400000000000006,6,26.25,157.5,296.1
raw_sales_report,Medshield (Keith San Miguel).xlsx,sales2017,1720,5,14181,2017-08-08,BATANGAS,#REF!,10,84,840,0.1,84,10,24.5,245,511
raw_sales_report,Medshield (Keith San Miguel).xlsx,sales2017,1721,5,14182,2017-08-08,BATANGAS,#REF!,12,180,2160,0.1,216,12,48.5,582,1362
raw_sales_report,Medshield (Keith San Miguel).xlsx,sales2017,1722,5,14183,2017-08-08,BATANGAS,#REF!,5,600,3000,0.1,300,5,158,790,1910
raw_sales_report,Medshield (Keith San Miguel).xlsx,sales2017,1723,5,14185,2017-08-14,BATANGAS,#REF!,75,45,3375,,0,75,108.33,8124.75,-4749.75
raw_sales_report,Medshield (Keith San Miguel).xlsx,sales2017,1724,5,14186,2017-08-08,BATANGAS,#REF!,10,180,1800,0.1,180,10,48,480,1140
raw_sales_report,Medshield (Keith San Miguel).xlsx,sales2017,1725,5,14187,2017-08-08,BATANGAS,#REF!,10,72,720,0.1,72,10,23,230,418
raw_sales_report,Medshield (Keith San Miguel).xlsx,sales2017,1726,5,14188,2017-08-15,BATANGAS,#REF!,10,350,3500,,0,10,148,1480,2020
raw_sales_report,Medshield (Keith San Miguel).xlsx,sales2017,1727,5,14189,2017-08-15,BATANGAS,#REF!,12,600,7200,,0,12,158,1896,5304
raw_sales_report,Medshield (Keith San Miguel).xlsx,sales2017,1728,5,14190,2017-08-15,BATANGAS,#REF!,2,180,360,,0,2,48,96,264
raw_sales_report,Medshield (Keith San Miguel).xlsx,sales2017,1729,5,14190,2017-08-15,BATANGAS,#REF!,3,3360,10080,,0,3,481,1443,8637
raw_sales_report,Medshield (Keith San Miguel).xlsx,sales2017,1730,5,14191,2017-08-15,BATANGAS,#REF!,3,3360,10080,,0,3,1173.6,3520.7999999999997,6559.200000000001
raw_sales_report,Medshield (Keith San Miguel).xlsx,sales2017,1731,5,14192,2017-08-15,BATANGAS,#REF!,3,3360,10080,,0,3,1173.6,3520.7999999999997,6559.200000000001
raw_sales_report,Medshield (Keith San Miguel).xlsx,sales2017,1732,5,14193,2017-08-15,BATANGAS,#REF!,2,3000,6000,,0,2,1450,2900,3100
raw_sales_report,Medshield (Keith San Miguel).xlsx,sales2017,1733,5,14194,2017-08-15,BATANGAS,#REF!,2,2250,4500,,0,2,980,1960,2540
raw_sales_report,Medshield (Keith San Miguel).xlsx,sales2017,1734,5,14195,2017-08-15,BATANGAS,#REF!,7,150,1050,,0,7,55,385,665
raw_sales_report,Medshield (Keith San Miguel).xlsx,sales2017,1735,5,14196,2017-08-15,BATANGAS,#REF!,6,4200,25200,,0,6,1235,7410,17790
raw_sales_report,Medshield (Keith San Miguel).xlsx,sales2017,1736,5,14197,2017-08-15,BATANGAS,#REF!,1,2530,2530,,0,1,750,750,1780
raw_sales_report,Medshield (Keith San Miguel).xlsx,sales2017,1737,5,14197,2017-08-15,BATANGAS,#REF!,15,187,2805,,0,15,75,1125,1680
raw_sales_report,Medshield (Keith San Miguel).xlsx,sales2017,1738,5,14197,2017-08-15,BATANGAS,#REF!,15,146,2190,,0,15,55,825,1365
raw_sales_report,Medshield (Keith San Miguel).xlsx,sales2017,1739,5,14198,2017-08-23,BATANGAS,#REF!,2,855,1710,,0,2,270,540,1170
raw_sales_report,Medshield (Keith San Miguel).xlsx,sales2017,1740,5,14198,2017-08-23,BATANGAS,#REF!,3,915,2745,,0,3,310,930,1815
raw_sales_report,Medshield (Keith San Miguel).xlsx,sales2017,1741,5,14199,2017-08-23,BATANGAS,#REF!,2,900,1800,,0,2,300,600,1200
raw_sales_report,Medshield (Keith San Miguel).xlsx,sales2017,1742,5,14199,2017-08-23,BATANGAS,#REF!,2,1026,2052,,0,2,270,540,1512
raw_sales_report,Medshield (Keith San Miguel).xlsx,sales2017,1743,5,14199,2017-08-23,BATANGAS,#REF!,4,3360,13440,,0,4,1173.6,4694.4,8745.6
raw_sales_report,Medshield (Keith San Miguel).xlsx,sales2017,1744,5,14200,2017-08-23,BATANGAS,#REF!,24,180,4320,,0,24,48,1152,3168
raw_sales_report,Medshield (Keith San Miguel).xlsx,sales2017,1745,5,14200,2017-08-23,BATANGAS,#REF!,12,96,1152,,0,12,24.47,293.64,858.36
raw_sales_report,Medshield (Keith San Miguel).xlsx,sales2017,1746,5,14200,2017-08-23,BATANGAS,#REF!,10,96,960,,0,10,25,250,710
raw_sales_report,Medshield (Keith San Miguel).xlsx,sales2017,1747,5,14200,2017-08-23,BATANGAS,#REF!,5,58,290,,0,5,16.8,84,206
raw_sales_report,Medshield (Keith San Miguel).xlsx,sales2017,1748,5,14202,2017-08-08,MARINDUQUE,#REF!,12,198,2376,,0,12,65,780,1596
raw_sales_report,Medshield (Keith San Miguel).xlsx,sales2017,1749,5,14202,2017-08-08,MARINDUQUE,#REF!,1,1800,1800,,0,1,535,535,1265
raw_sales_report,Medshield (Keith San Miguel).xlsx,sales2017,1750,5,14202,2017-08-08,MARINDUQUE,#REF!,1,1400,1400,,0,1,420,420,980
raw_sales_report,Medshield (Keith San Miguel).xlsx,sales2017,1751,5,14202,2017-08-08,MARINDUQUE,#REF!,12,175,2100,,0,12,75,900,1200
raw_sales_report,Medshield (Keith San Miguel).xlsx,sales2017,1752,5,14202,2017-08-08,MARINDUQUE,#REF!,36,180,6480,,0,36,56,2016,4464
raw_sales_report,Medshield (Keith San Miguel).xlsx,sales2017,1753,5,14203,2017-08-09,MARINDUQUE,#REF!,5,550,2750,,0,5,345,1725,1025
raw_sales_report,Medshield (Keith San Miguel).xlsx,sales2017,1754,5,14204,2017-08-15,QUEZON,#REF!,20,1050,21000,,0,20,310,6200,14800
raw_sales_report,Medshield (Keith San Miguel).xlsx,sales2017,1755,5,14204,2017-08-15,QUEZON,#REF!,2,1800,3600,,0,2,590,1180,2420
raw_sales_report,Medshield (Keith San Miguel).xlsx,sales2017,1756,5,14204,2017-08-15,QUEZON,#REF!,3,1100,3300,,0,3,146.8,440.40000000000003,2859.6
raw_sales_report,Medshield (Keith San Miguel).xlsx,sales2017,1757,5,14205,2017-08-15,QUEZON,#REF!,1,1500,1500,0.3,450,1,435,435,615
raw_sales_report,Medshield (Keith San Miguel).xlsx,sales2017,1758,5,14206,2017-08-15,QUEZON,#REF!,4,1400,5600,,0,4,420,1680,3920
raw_sales_report,Medshield (Keith San Miguel).xlsx,sales2017,1759,5,14206,2017-08-15,QUEZON,#REF!,4,650,2600,,0,4,187.5,750,1850
raw_sales_report,Medshield (Keith San Miguel).xlsx,sales2017,1760,5,14207,2017-08-16,MARINDUQUE,#REF!,1,1800,1800,,0,1,535,535,1265
raw_sales_report,Medshield (Keith San Miguel).xlsx,sales2017,1761,5,14207,2017-08-16,MARINDUQUE,#REF!,1,750,750,,0,1,235,235,515
raw_sales_report,Medshield (Keith San Miguel).xlsx,sales2017,1762,5,14207,2017-08-16,MARINDUQUE,#REF!,3,975,2925,,0,3,384,1152,1773
raw_sales_report,Medshield (Keith San Miguel).xlsx,sales2017,1763,5,14207,2017-08-16,MARINDUQUE,#REF!,12,175,2100,,0,12,75,900,1200
raw_sales_report,Medshield (Keith San Miguel).xlsx,sales2017,1764,5,14207,2017-08-16,MARINDUQUE,#REF!,12,155,1860,,0,12,55,660,1200
raw_sales_report,Medshield (Keith San Miguel).xlsx,sales2017,1765,5,14207,2017-08-16,MARINDUQUE,#REF!,7,2200,15400,,0,7,650,4550,10850
raw_sales_report,Medshield (Keith San Miguel).xlsx,sales2017,1766,5,14208,2017-08-08,MARINDUQUE,#REF!,3,2200,6600,,0,3,650,1950,4650
raw_sales_report,Medshield (Keith San Miguel).xlsx,sales2017,1767,5,14209,2017-08-08,EAST,#REF!,15,240,3600,,0,20,75,1500,2100
raw_sales_report,Medshield (Keith San Miguel).xlsx,sales2017,1768,5,14209,2017-08-08,EAST,#REF!,15,175,2625,,0,20,55,1100,1525
raw_sales_report,Medshield (Keith San Miguel).xlsx,sales2017,1769,5,14210,2017-08-18,EAST,#REF!,3,2750,8250,,0,4,980,3920,4330
raw_sales_report,Medshield (Keith San Miguel).xlsx,sales2017,1770,5,14210,2017-08-18,EAST,#REF!,3,650,1950,,0,4,168,672,1278
raw_sales_report,Medshield (Keith San Miguel).xlsx,sales2017,1771,5,14211,2017-08-18,EAST,#REF!,3,1200,3600,,0,4,330,1320,2280
raw_sales_report,Medshield (Keith San Miguel).xlsx,sales2017,1772,5,14212,2017-08-24,QUEZON,#REF!,6,175,1050,,0,6,42,252,798
raw_sales_report,Medshield (Keith San Miguel).xlsx,sales2017,1773,5,14212,2017-08-24,QUEZON,#REF!,6,450,2700,,0,6,148,888,1812
raw_sales_report,Medshield (Keith San Miguel).xlsx,sales2017,1774,5,14212,2017-08-24,QUEZON,#REF!,6,78,468,,0,6,22.75,136.5,331.5
raw_sales_report,Medshield (Keith San Miguel).xlsx,sales2017,1775,5,14212,2017-08-24,QUEZON,#REF!,6,92,552,,0,6,26.93,161.57999999999998,390.42
raw_sales_report,Medshield (Keith San Miguel).xlsx,sales2017,1776,5,14212,2017-08-24,QUEZON,#REF!,1,980,980,,0,1,280,280,700
raw_sales_report,Medshield (Keith San Miguel).xlsx,sales2017,1777,5,14212,2017-08-24,QUEZON,#REF!,6,310,1860,,0,6,129.7,778.1999999999999,1081.8000000000002
raw_sales_report,Medshield (Keith San Miguel).xlsx,sales2017,1778,5,14212,2017-08-24,QUEZON,#REF!,1,1150,1150,,0,1,345,345,805
raw_sales_report,Medshield (Keith San Miguel).xlsx,sales2017,1779,5,14212,2017-08-24,QUEZON,#REF!,6,95,570,,0,6,28.78,172.68,397.32
raw_sales_report,Medshield (Keith San Miguel).xlsx,sales2017,1780,5,14212,2017-08-24,QUEZON,#REF!,1,1800,1800,,0,1,550,550,1250
raw_sales_report,Medshield (Keith San Miguel).xlsx,sales2017,1781,5,14212,2017-08-24,QUEZON,#REF!,1,1425,1425,,0,1,445,445,980
raw_sales_report,Medshield (Keith San Miguel).xlsx,sales2017,1782,5,14212,2017-08-24,QUEZON,#REF!,1,800,800,,0,1,225,225,575
raw_sales_report,Medshield (Keith San Miguel).xlsx,sales2017,1783,5,14212,2017-08-24,QUEZON,#REF!,6,118,708,,0,6,39,234,474
raw_sales_report,Medshield (Keith San Miguel).xlsx,sales2017,1784,5,14213,2017-08-24,QUEZON,#REF!,6,74,444,,0,6,23,138,306
raw_sales_report,Medshield (Keith San Miguel).xlsx,sales2017,1785,5,14213,2017-08-24,QUEZON,#REF!,1,2800,2800,,0,1,750,750,2050
raw_sales_report,Medshield (Keith San Miguel).xlsx,sales2017,1786,5,14213,2017-08-24,QUEZON,#REF!,6,80,480,,0,6,47,282,198
raw_sales_report,Medshield (Keith San Miguel).xlsx,sales2017,1787,5,14213,2017-08-24,QUEZON,#REF!,6,145,870,,0,6,47,282,588
raw_sales_report,Medshield (Keith San Miguel).xlsx,sales2017,1788,5,14214,2017-08-24,QUEZON,#REF!,4,870,3480,,0,4,219,876,2604
raw_sales_report,Medshield (Keith San Miguel).xlsx,sales2017,1789,5,14214,2017-08-24,QUEZON,#REF!,10,118,1180,,0,10,39,390,790
raw_sales_report,Medshield (Keith San Miguel).xlsx,sales2017,1790,5,14214,2017-08-24,QUEZON,#REF!,1,750,750,,0,1,26.25,26.25,723.75
raw_sales_report,Medshield (Keith San Miguel).xlsx,sales2017,1791,5,14214,2017-08-24,QUEZON,#REF!,3,3800,11400,,0,3,890,2670,8730
raw_sales_report,Medshield (Keith San Miguel).xlsx,sales2017,1792,5,14215,2017-08-24,QUEZON,#REF!,12,74,888,,0,12,23,276,612
raw_sales_report,Medshield (Keith San Miguel).xlsx,sales2017,1793,5,14216,2017-08-25,QUEZON,#REF!,1,2790,2790,,0,1,1173.6,1173.6,1616.4
raw_sales_report,Medshield (Keith San Miguel).xlsx,sales2017,1794,5,14216,2017-08-25,QUEZON,#REF!,1,1070,1070,,0,1,319,319,751
raw_sales_report,Medshield (Keith San Miguel).xlsx,sales2017,1795,5,14217,2017-08-28,QUEZON,#REF!,2,1100,2200,,0,2,117.44,234.88,1965.12
raw_sales_report,Medshield (Keith San Miguel).xlsx,sales2017,1796,5,14218,2017-08-28,QUEZON,#REF!,1,4000,4000,0.3,1200,1,1235,1235,1565
raw_sales_report,Medshield (Keith San Miguel).xlsx,sales2017,1797,5,14218,2017-08-28,QUEZON,#REF!,1,2300,2300,0.3,690,1,980,980,630
raw_sales_report,Medshield (Keith San Miguel).xlsx,sales2017,1798,5,14218,2017-08-28,QUEZON,#REF!,12,170,2040,0.3,612,12,55,660,768
raw_sales_report,Medshield (Keith San Miguel).xlsx,sales2017,1799,5,14218,2017-08-28,QUEZON,#REF!,12,120,1440,0.3,432,12,31,372,636
raw_sales_report,Medshield (Keith San Miguel).xlsx,sales2017,1800,5,14219,2017-08-28,QUEZON,#REF!,3,175,525,0.3,157.5,3,42,126,241.5
raw_sales_report,Medshield (Keith San Miguel).xlsx,sales2017,1801,5,14219,2017-08-28,QUEZON,#REF!,3,450,1350,0.3,405,3,148,444,501
raw_sales_report,Medshield (Keith San Miguel).xlsx,sales2017,1802,5,14219,2017-08-28,QUEZON,#REF!,2,800,1600,0.3,480,2,225,450,670
raw_sales_report,Medshield (Keith San Miguel).xlsx,sales2017,1803,5,14220,2017-08-28,QUEZON,#REF!,12,175,2100,0.3,630,12,42,504,966
raw_sales_report,Medshield (Keith San Miguel).xlsx,sales2017,1804,5,14221,2017-08-28,QUEZON,#REF!,6,450,2700,0.3,810,6,148,888,1002
raw_sales_report,Medshield (Keith San Miguel).xlsx,sales2017,1805,5,14222,2017-08-28,QUEZON,#REF!,1,1050,1050,,0,1,310,310,740
raw_sales_report,Medshield (Keith San Miguel).xlsx,sales2017,1806,5,14223,2017-08-29,MARINDUQUE,#REF!,3,975,2925,,0,3,384,1152,1773
raw_sales_report,Medshield (Keith San Miguel).xlsx,sales2017,1807,5,14223,2017-08-29,MARINDUQUE,#REF!,2,1400,2800,,0,2,420,840,1960
raw_sales_report,Medshield (Keith San Miguel).xlsx,sales2017,1808,5,14223,2017-08-29,MARINDUQUE,#REF!,3,650,1950,,0,3,184.09,552.27,1397.73
raw_sales_report,Medshield (Keith San Miguel).xlsx,sales2017,1809,5,14223,2017-08-29,MARINDUQUE,#REF!,3,750,2250,,0,3,235,705,1545
raw_sales_report,Medshield (Keith San Miguel).xlsx,sales2017,1810,5,14223,2017-08-29,MARINDUQUE,#REF!,1,750,750,,0,1,26.25,26.25,723.75
raw_sales_report,Medshield (Keith San Miguel).xlsx,sales2017,1811,5,14223,2017-08-29,MARINDUQUE,#REF!,1,1500,1500,,0,1,143.5,143.5,1356.5
raw_sales_report,Medshield (Keith San Miguel).xlsx,sales2017,1812,5,14223,2017-08-29,MARINDUQUE,#REF!,2,200,400,,0,2,56,112,288
raw_sales_report,Medshield (Keith San Miguel).xlsx,sales2017,1813,5,14223,2017-08-29,MARINDUQUE,#REF!,10,80,800,,0,10,23.45,234.5,565.5
raw_sales_report,Medshield (Keith San Miguel).xlsx,sales2017,1814,5,14223,2017-08-29,MARINDUQUE,#REF!,10,58,580,,0,10,16.8,168,412
raw_sales_report,Medshield (Keith San Miguel).xlsx,sales2017,1815,5,14223,2017-08-29,MARINDUQUE,#REF!,10,450,4500,,0,10,148,1480,3020
raw_sales_report,Medshield (Keith San Miguel).xlsx,sales2017,1816,5,14223,2017-08-29,MARINDUQUE,#REF!,10,310,3100,,0,10,129.7,1297,1803
raw_sales_report,Medshield (Keith San Miguel).xlsx,sales2017,1817,5,14223,2017-08-29,MARINDUQUE,#REF!,10,190,1900,,0,10,55,550,1350
raw_sales_report,Medshield (Keith San Miguel).xlsx,sales2017,1818,5,14223,2017-08-29,MARINDUQUE,#REF!,10,75,750,,0,10,26.25,262.5,487.5
raw_sales_report,Medshield (Keith San Miguel).xlsx,sales2017,1819,5,14224,2017-08-29,MARINDUQUE,#REF!,10,118,1180,0.3,354,10,39,390,436
raw_sales_report,Medshield (Keith San Miguel).xlsx,sales2017,1820,5,14224,2017-08-29,MARINDUQUE,#REF!,10,155,1550,0.3,465,10,75,750,335
raw_sales_report,Medshield (Keith San Miguel).xlsx,sales2017,1821,5,14224,2017-08-29,MARINDUQUE,#REF!,10,90,900,0.3,270,10,26,260,370
raw_sales_report,Medshield (Keith San Miguel).xlsx,sales2017,1822,5,14225,2017-08-29,MARINDUQUE,#REF!,2,980,1960,0.3,588,2,280,560,812
raw_sales_report,Medshield (Keith San Miguel).xlsx,sales2017,1823,5,14225,2017-08-29,MARINDUQUE,#REF!,10,92,920,0.3,276,10,26.93,269.3,374.7
raw_sales_report,Medshield (Keith San Miguel).xlsx,sales2017,1824,5,14225,2017-08-29,MARINDUQUE,#REF!,10,78,780,0.3,234,10,22.75,227.5,318.5
raw_sales_report,Medshield (Keith San Miguel).xlsx,sales2017,1825,5,14226,2017-08-29,MARINDUQUE,#REF!,3,175,525,0.05,26.25,3,75,225,273.75
raw_sales_report,Medshield (Keith San Miguel).xlsx,sales2017,1826,5,14226,2017-08-29,MARINDUQUE,#REF!,3,240,720,0.05,36,3,55,165,519
raw_sales_report,Medshield (Keith San Miguel).xlsx,sales2017,1827,5,14227,2017-08-29,MARINDUQUE,#REF!,3,750,2250,0.3,675,3,240,720,855
raw_sales_report,Medshield (Keith San Miguel).xlsx,sales2017,1828,5,14227,2017-08-29,MARINDUQUE,#REF!,7,2790,19530,0.3,5859,7,1173.6,8215.199999999999,5455.800000000001
raw_sales_report,Medshield (Keith San Miguel).xlsx,sales2017,1829,5,14228,2017-08-30,MARINDUQUE,#REF!,1,2790,2790,,0,1,1173.6,1173.6,1616.4
raw_sales_report,Medshield (Keith San Miguel).xlsx,sales2017,1830,5,14228,2017-08-30,MARINDUQUE,#REF!,6,175,1050,,0,6,42,252,798
raw_sales_report,Medshield (Keith San Miguel).xlsx,sales2017,1831,5,14228,2017-08-30,MARINDUQUE,#REF!,6,80,480,,0,6,25,150,330
raw_sales_report,Medshield (Keith San Miguel).xlsx,sales2017,1832,5,14228,2017-08-30,MARINDUQUE,#REF!,3,155,465,,0,3,55,165,300
raw_sales_report,Medshield (Keith San Miguel).xlsx,sales2017,1833,5,14228,2017-08-30,MARINDUQUE,#REF!,6,75,450,,0,6,26.25,157.5,292.5
raw_sales_report,Medshield (Keith San Miguel).xlsx,sales2017,1834,5,14231,2017-09-13,QUEZON,#REF!,2,900,1800,,0,2,240,480,1320
raw_sales_report,Medshield (Keith San Miguel).xlsx,sales2017,1835,5,14231,2017-09-13,QUEZON,#REF!,2,1000,2000,,0,2,323,646,1354
raw_sales_report,Medshield (Keith San Miguel).xlsx,sales2017,1836,5,14231,2017-09-13,QUEZON,#REF!,1,1425,1425,,0,1,445,445,980
raw_sales_report,Medshield (Keith San Miguel).xlsx,sales2017,1837,5,14233,2017-09-13,QUEZON,#REF!,10,1800,18000,,0,10,535,5350,12650
raw_sales_report,Medshield (Keith San Miguel).xlsx,sales2017,1838,5,14233,2017-09-13,QUEZON,#REF!,12,58,696,,0,12,16.8,201.60000000000002,494.4
raw_sales_report,Medshield (Keith San Miguel).xlsx,sales2017,1839,5,14234,2017-09-14,QUEZON,#REF!,3,1150,3450,0.3,1035,3,345,1035,1380
raw_sales_report,Medshield (Keith San Miguel).xlsx,sales2017,1840,5,14234,2017-09-14,QUEZON,#REF!,3,980,2940,0.3,882,3,280,840,1218
raw_sales_report,Medshield (Keith San Miguel).xlsx,sales2017,1841,5,14234,2017-09-14,QUEZON,#REF!,3,540,1620,0.2,324,3,165,495,801
raw_sales_report,Medshield (Keith San Miguel).xlsx,sales2017,1842,5,14235,2017-09-15,MARINDUQUE,#REF!,2,960,1920,,0,2,200,400,1520
raw_sales_report,Medshield (Keith San Miguel).xlsx,sales2017,1843,5,14235,2017-09-15,MARINDUQUE,#REF!,1,480,480,,0,1,128,128,352
raw_sales_report,Medshield (Keith San Miguel).xlsx,sales2017,1844,5,14235,2017-09-15,MARINDUQUE,#REF!,1,1900,1900,,0,1,595,595,1305
raw_sales_report,Medshield (Keith San Miguel).xlsx,sales2017,1845,5,14235,2017-09-15,MARINDUQUE,#REF!,1,1200,1200,,0,1,351,351,849
raw_sales_report,Medshield (Keith San Miguel).xlsx,sales2017,1846,5,14235,2017-09-15,MARINDUQUE,#REF!,2,870,1740,,0,2,219,438,1302
raw_sales_report,Medshield (Keith San Miguel).xlsx,sales2017,1847,5,14235,2017-09-15,MARINDUQUE,#REF!,1,1425,1425,,0,1,445,445,980
raw_sales_report,Medshield (Keith San Miguel).xlsx,sales2017,1848,5,14235,2017-09-15,MARINDUQUE,#REF!,2,975,1950,,0,2,320,640,1310
raw_sales_report,Medshield (Keith San Miguel).xlsx,sales2017,1849,5,14235,2017-09-15,MARINDUQUE,#REF!,2,1000,2000,,0,2,253,506,1494
raw_sales_report,Medshield (Keith San Miguel).xlsx,sales2017,1850,5,14235,2017-09-15,MARINDUQUE,#REF!,1,2000,2000,,0,1,597,597,1403
raw_sales_report,Medshield (Keith San Miguel).xlsx,sales2017,1851,5,14235,2017-09-15,MARINDUQUE,#REF!,2,500,1000,,0,2,133,266,734
raw_sales_report,Medshield (Keith San Miguel).xlsx,sales2017,1852,5,14235,2017-09-15,MARINDUQUE,#REF!,1,650,650,,0,1,187.5,187.5,462.5
raw_sales_report,Medshield (Keith San Miguel).xlsx,sales2017,1853,5,14235,2017-09-15,MARINDUQUE,#REF!,1,750,750,,0,1,235,235,515
raw_sales_report,Medshield (Keith San Miguel).xlsx,sales2017,1854,5,14236,2017-09-15,MARINDUQUE,#REF!,1,1500,1500,,0,1,435,435,1065
raw_sales_report,Medshield (Keith San Miguel).xlsx,sales2017,1855,5,14236,2017-09-15,MARINDUQUE,#REF!,1,200,200,,0,1,16.8,16.8,183.2
raw_sales_report,Medshield (Keith San Miguel).xlsx,sales2017,1856,5,14236,2017-09-15,MARINDUQUE,#REF!,2,640,1280,,0,2,170,340,940
raw_sales_report,Medshield (Keith San Miguel).xlsx,sales2017,1857,5,14236,2017-09-15,MARINDUQUE,#REF!,6,75,450,,0,6,26.25,157.5,292.5
raw_sales_report,Medshield (Keith San Miguel).xlsx,sales2017,1858,5,14236,2017-09-15,MARINDUQUE,#REF!,6,58,348,,0,6,16.8,100.80000000000001,247.2
raw_sales_report,Medshield (Keith San Miguel).xlsx,sales2017,1859,5,14236,2017-09-15,MARINDUQUE,#REF!,6,80,480,,0,6,23.45,140.7,339.3
raw_sales_report,Medshield (Keith San Miguel).xlsx,sales2017,1860,5,14236,2017-09-15,MARINDUQUE,#REF!,6,160,960,,0,6,44,264,696
raw_sales_report,Medshield (Keith San Miguel).xlsx,sales2017,1861,5,14236,2017-09-15,MARINDUQUE,#REF!,6,165,990,,0,6,60,360,630
raw_sales_report,Medshield (Keith San Miguel).xlsx,sales2017,1862,5,14236,2017-09-15,MARINDUQUE,#REF!,6,88,528,,0,6,25,150,378
raw_sales_report,Medshield (Keith San Miguel).xlsx,sales2017,1863,5,14236,2017-09-15,MARINDUQUE,#REF!,6,85,510,,0,6,24,144,366
raw_sales_report,Medshield (Keith San Miguel).xlsx,sales2017,1864,5,14236,2017-09-15,MARINDUQUE,#REF!,6,175,1050,,0,6,75,450,600
raw_sales_report,Medshield (Keith San Miguel).xlsx,sales2017,1865,5,14236,2017-09-15,MARINDUQUE,#REF!,6,155,930,,0,6,55.53,333.18,596.8199999999999
raw_sales_report,Medshield (Keith San Miguel).xlsx,sales2017,1866,5,14237,2017-09-15,MARINDUQUE,#REF!,6,145,870,,0,6,47,282,588
raw_sales_report,Medshield (Keith San Miguel).xlsx,sales2017,1867,5,14237,2017-09-15,MARINDUQUE,#REF!,6,240,1440,,0,6,75,450,990
raw_sales_report,Medshield (Keith San Miguel).xlsx,sales2017,1868,5,14251,2017-08-16,CAM SUR,#REF!,2,2300,4600,,0,3,765,2295,2305
raw_sales_report,Medshield (Keith San Miguel).xlsx,sales2017,1869,5,14252,2017-08-16,CAM SUR,#REF!,2,2750,5500,,0,3,980,2940,2560
raw_sales_report,Medshield (Keith San Miguel).xlsx,sales2017,1870,5,14253,2017-08-16,CAM SUR,#REF!,10,88,880,,0,10,24.47,244.7,635.3
raw_sales_report,Medshield (Keith San Miguel).xlsx,sales2017,1871,5,14254,2017-08-16,CAM SUR,#REF!,1,1200,1200,,0,1,345,345,855
raw_sales_report,Medshield (Keith San Miguel).xlsx,sales2017,1872,5,14255,2017-08-18,CAM SUR,#REF!,6,88,528,,0,6,24.47,146.82,381.18
raw_sales_report,Medshield (Keith San Miguel).xlsx,sales2017,1873,5,14256,2017-08-18,CAM SUR,#REF!,1,800,800,,0,1,225,225,575
raw_sales_report,Medshield (Keith San Miguel).xlsx,sales2017,1874,5,14257,2017-08-18,CAM SUR,#REF!,6,190,1140,,0,6,75.6,453.59999999999997,686.4000000000001
raw_sales_report,Medshield (Keith San Miguel).xlsx,sales2017,1875,5,14258,2017-08-18,CAM SUR,#REF!,6,300,1800,,0,6,129.7,778.1999999999999,1021.8000000000001
raw_sales_report,Medshield (Keith San Miguel).xlsx,sales2017,1876,5,14259,2017-08-18,CAM SUR,#REF!,1,2760,2760,,0,1,1173.6,1173.6,1586.4
raw_sales_report,Medshield (Keith San Miguel).xlsx,sales2017,1877,5,14260,2017-08-18,CAM SUR,#REF!,1,3000,3000,,0,1,1450,1450,1550
raw_sales_report,Medshield (Keith San Miguel).xlsx,sales2017,1878,5,14261,2017-08-18,CAM SUR,#REF!,6,78,468,,0,6,26.25,157.5,310.5
raw_sales_report,Medshield (Keith San Miguel).xlsx,sales2017,1879,5,14262,2017-08-18,CAM SUR,#REF!,1,800,800,,0,1,240,240,560
raw_sales_report,Medshield (Keith San Miguel).xlsx,sales2017,1880,5,14263,2017-08-18,CAM SUR,#REF!,12,190,2280,,0,12,75.6,907.1999999999999,1372.8000000000002
raw_sales_report,Medshield (Keith San Miguel).xlsx,sales2017,1881,5,14264,2017-08-18,CAM SUR,#REF!,9,88,792,,0,9,24.47,220.23,571.77
raw_sales_report,Medshield (Keith San Miguel).xlsx,sales2017,1882,5,14265,2017-08-18,CAM SUR,#REF!,2,2700,5400,,0,2,1173.6,2347.2,3052.8
raw_sales_report,Medshield (Keith San Miguel).xlsx,sales2017,1883,5,14266,2017-08-18,CAM SUR,#REF!,2,1600,3200,,0,2,480.9,961.8,2238.2
raw_sales_report,Medshield (Keith San Miguel).xlsx,sales2017,1884,5,14267,2017-08-18,CAM SUR,#REF!,2,3000,6000,,0,2,1450,2900,3100
raw_sales_report,Medshield (Keith San Miguel).xlsx,sales2017,1885,5,14268,2017-08-18,CAM SUR,#REF!,3,500,1500,,0,3,133,399,1101
raw_sales_report,Medshield (Keith San Miguel).xlsx,sales2017,1886,5,14269,2017-08-18,cam sur,#REF!,1,2700,2700,,0,1,1173.6,1173.6,1526.4
raw_sales_report,Medshield (Keith San Miguel).xlsx,sales2017,1887,5,14270,2017-08-19,CAM SUR,#REF!,1,2760,2760,,0,1,1173.6,1173.6,1586.4
raw_sales_report,Medshield (Keith San Miguel).xlsx,sales2017,1888,5,14270,2017-08-19,CAM SUR,#REF!,1,1600,1600,,0,1,480.9,480.9,1119.1
raw_sales_report,Medshield (Keith San Miguel).xlsx,sales2017,1889,5,14270,2017-08-19,CAM SUR,#REF!,10,200,2000,,0,10,55,550,1450
raw_sales_report,Medshield (Keith San Miguel).xlsx,sales2017,1890,5,14271,2017-08-19,CAM SUR,#REF!,1,1200,1200,,0,1,345,345,855
raw_sales_report,Medshield (Keith San Miguel).xlsx,sales2017,1891,5,14271,2017-08-19,CAM SUR,#REF!,4,175,700,,0,6,42,252,448
raw_sales_report,Medshield (Keith San Miguel).xlsx,sales2017,1892,5,14271,2017-08-19,CAM SUR,#REF!,4,400,1600,,0,6,148,888,712
raw_sales_report,Medshield (Keith San Miguel).xlsx,sales2017,1893,5,14272,2017-08-22,CAM SUR,#REF!,3,1050,3150,,0,3,270,810,2340
raw_sales_report,Medshield (Keith San Miguel).xlsx,sales2017,1894,5,14272,2017-08-22,CAM SUR,#REF!,1,800,800,,0,1,225,225,575
raw_sales_report,Medshield (Keith San Miguel).xlsx,sales2017,1895,5,14272,2017-08-22,CAM SUR,#REF!,6,190,1140,,0,6,75.6,453.59999999999997,686.4000000000001
raw_sales_report,Medshield (Keith San Miguel).xlsx,sales2017,1896,5,14272,2017-08-22,CAM SUR,#REF!,6,310,1860,,0,6,129.7,778.1999999999999,1081.8000000000002
raw_sales_report,Medshield (Keith San Miguel).xlsx,sales2017,1897,5,14272,2017-08-22,CAM SUR,#REF!,6,175,1050,,0,6,42,252,798
raw_sales_report,Medshield (Keith San Miguel).xlsx,sales2017,1898,5,14273,2017-08-22,cam sur,#REF!,2,1600,3200,,0,2,458,916,2284
raw_sales_report,Medshield (Keith San Miguel).xlsx,sales2017,1899,5,14274,2017-08-22,CAM SUR,#REF!,10,190,1900,,0,10,23,230,1670
raw_sales_report,Medshield (Keith San Miguel).xlsx,sales2017,1900,5,14275,2017-08-22,CAM SUR,#REF!,6,855,5130,,0,6,270,1620,3510
raw_sales_report,Medshield (Keith San Miguel).xlsx,sales2017,1901,5,14275,2017-08-22,CAM SUR,#REF!,3,1150,3450,,0,3,345,1035,2415
raw_sales_report,Medshield (Keith San Miguel).xlsx,sales2017,1902,5,14275,2017-08-22,CAM SUR,#REF!,2,500,1000,,0,2,133,266,734
raw_sales_report,Medshield (Keith San Miguel).xlsx,sales2017,1903,5,14275,2017-08-22,CAM SUR,#REF!,2,650,1300,,0,2,187.5,375,925
raw_sales_report,Medshield (Keith San Miguel).xlsx,sales2017,1904,5,14276,2017-08-23,cam sur,#REF!,2,1750,3500,,0,2,450,900,2600
raw_sales_report,Medshield (Keith San Miguel).xlsx,sales2017,1905,5,14277,2017-08-23,cam sur,#REF!,12,88,1056,,0,12,24.47,293.64,762.36
raw_sales_report,Medshield (Keith San Miguel).xlsx,sales2017,1906,5,14278,2017-08-23,cam sur,#REF!,1,849.9,849.9,,0,1,260,260,589.9
raw_sales_report,Medshield (Keith San Miguel).xlsx,sales2017,1907,5,14279,2017-08-23,CAM SUR,#REF!,9,68,612,,0,9,21,189,423
raw_sales_report,Medshield (Keith San Miguel).xlsx,sales2017,1908,5,14280,2017-08-23,CAM SUR,#REF!,20,78,1560,,0,20,26.25,525,1035
raw_sales_report,Medshield (Keith San Miguel).xlsx,sales2017,1909,5,14281,2017-08-23,CAM SUR,#REF!,1,1050,1050,,0,1,270,270,780
raw_sales_report,Medshield (Keith San Miguel).xlsx,sales2017,1910,5,14282,2017-08-23,CAM SUR,#REF!,1,1050,1050,,0,1,421,421,629
raw_sales_report,Medshield (Keith San Miguel).xlsx,sales2017,1911,5,14283,2017-08-23,CAM SUR,#REF!,20,88,1760,,0,20,24.47,489.4,1270.6
raw_sales_report,Medshield (Keith San Miguel).xlsx,sales2017,1912,5,14284,2017-08-23,CAM SUR,#REF!,20,88,1760,,0,20,24.47,489.4,1270.6
raw_sales_report,Medshield (Keith San Miguel).xlsx,sales2017,1913,5,14285,2017-08-23,CAM SUR,#REF!,1,1300,1300,,0,1,345,345,955
raw_sales_report,Medshield (Keith San Miguel).xlsx,sales2017,1914,5,14286,2017-08-23,CAM SUR,#REF!,20,95,1900,,0,20,75.6,1512,388
raw_sales_report,Medshield (Keith San Miguel).xlsx,sales2017,1915,5,14287,2017-08-24,CAM SUR,#REF!,2,800,1600,,0,2,225,450,1150
raw_sales_report,Medshield (Keith San Miguel).xlsx,sales2017,1916,5,14288,2017-08-25,CAM SUR,#REF!,20,500,10000,,0,20,155,3100,6900
raw_sales_report,Medshield (Keith San Miguel).xlsx,sales2017,1917,5,14289,2017-08-24,CAM SUR,#REF!,1,1200,1200,,0,1,345,345,855
raw_sales_report,Medshield (Keith San Miguel).xlsx,sales2017,1918,5,14289,2017-08-24,CAM SUR,#REF!,12,88,1056,,0,12,24.47,293.64,762.36
raw_sales_report,Medshield (Keith San Miguel).xlsx,sales2017,1919,5,14289,2017-08-24,CAM SUR,#REF!,12,240,2880,,0,12,75,900,1980
raw_sales_report,Medshield (Keith San Miguel).xlsx,sales2017,1920,5,14290,2017-08-26,CAM SUR,#REF!,2,750,1500,,0,2,187.5,375,1125
raw_sales_report,Medshield (Keith San Miguel).xlsx,sales2017,1921,5,14291,2017-08-26,CAM SUR,#REF!,10,120,1200,,0,10,23,230,970
raw_sales_report,Medshield (Keith San Miguel).xlsx,sales2017,1922,5,14291,2017-08-26,CAM SUR,#REF!,0.9,3200,2880,,0,0.9,750,675,2205
raw_sales_report,Medshield (Keith San Miguel).xlsx,sales2017,1923,5,14291,2017-08-26,CAM SUR,#REF!,9,400,3600,,0,9,73,657,2943
raw_sales_report,Medshield (Keith San Miguel).xlsx,sales2017,1924,5,14292,2017-08-26,CAM SUR,#REF!,12,190,2280,,0,12,75.6,907.1999999999999,1372.8000000000002
raw_sales_report,Medshield (Keith San Miguel).xlsx,sales2017,1925,5,14293,2017-08-29,CAM SUR,#REF!,2,750,1500,,0,2,240,480,1020
raw_sales_report,Medshield (Keith San Miguel).xlsx,sales2017,1926,5,14294,2017-08-29,CAM SUR,#REF!,9,310,2790,,0,9,129.7,1167.3,1622.7
raw_sales_report,Medshield (Keith San Miguel).xlsx,sales2017,1927,5,14295,2017-08-19,CAM SUR,#REF!,1,2700,2700,,0,1,1173.6,1173.6,1526.4
raw_sales_report,Medshield (Keith San Miguel).xlsx,sales2017,1928,5,14296,2017-08-19,CAM SUR,#REF!,6,310,1860,,0,6,129.7,778.1999999999999,1081.8000000000002
raw_sales_report,Medshield (Keith San Miguel).xlsx,sales2017,1929,5,14297,2017-08-19,CAM SUR,#REF!,1,2700,2700,,0,1,1173.6,1173.6,1526.4
raw_sales_report,Medshield (Keith San Miguel).xlsx,sales2017,1930,5,14298,2017-08-30,CAM SUR,#REF!,10,600,6000,0.35,2100,10,185,1850,2050
raw_sales_report,Medshield (Keith San Miguel).xlsx,sales2017,1931,5,14299,2017-08-30,CAM SUR,#REF!,10,600,6000,0.35,2100,10,185,1850,2050
raw_sales_report,Medshield (Keith San Miguel).xlsx,sales2017,1932,5,14300,2017-08-31,CAM SUR,#REF!,16,95,1520,,0,16,75.6,1209.6,310.4000000000001
raw_sales_report,Medshield (Keith San Miguel).xlsx,sales2017,1933,5,14353,2017-08-17,LAGUNA,#REF!,1,2790,2790,,0,1,1173.6,1173.6,1616.4
raw_sales_report,Medshield (Keith San Miguel).xlsx,sales2017,1934,5,14353,2017-08-17,LAGUNA,#REF!,4,870,3480,,0,4,219,876,2604
raw_sales_report,Medshield (Keith San Miguel).xlsx,sales2017,1935,5,14353,2017-08-17,LAGUNA,#REF!,12,310,3720,,0,12,129.7,1556.3999999999999,2163.6000000000004
raw_sales_report,Medshield (Keith San Miguel).xlsx,sales2017,1936,5,14354,2017-08-17,LAGUNA,#REF!,1,1800,1800,,0,1,535,535,1265
raw_sales_report,Medshield (Keith San Miguel).xlsx,sales2017,1937,5,14355,2017-08-17,LAGUNA,#REF!,4,870,3480,,0,4,219,876,2604
raw_sales_report,Medshield (Keith San Miguel).xlsx,sales2017,1938,5,14355,2017-08-17,LAGUNA,#REF!,4,1120,4480,,0,4,210,840,3640
raw_sales_report,Medshield (Keith San Miguel).xlsx,sales2017,1939,5,14356,2017-08-18,LAGUNA,#REF!,2,3200,6400,,0,2,750,1500,4900
raw_sales_report,Medshield (Keith San Miguel).xlsx,sales2017,1940,5,14357,2017-08-18,LAGUNA,#REF!,50,190,9500,,0,50,75,3750,5750
raw_sales_report,Medshield (Keith San Miguel).xlsx,sales2017,1941,5,14358,2017-08-18,LAGUNA,#REF!,2,2100,4200,,0,2,1450,2900,1300
raw_sales_report,Medshield (Keith San Miguel).xlsx,sales2017,1942,5,14359,2017-08-22,LAGUNA,#REF!,50,190,9500,,0,50,75,3750,5750
raw_sales_report,Medshield (Keith San Miguel).xlsx,sales2017,1943,5,14360,2017-08-28,LAGUNA,#REF!,2,1400,2800,,0,2,900,1800,1000
raw_sales_report,Medshield (Keith San Miguel).xlsx,sales2017,1944,5,14360,2017-08-28,LAGUNA,#REF!,20,640,12800,,0,20,110,2200,10600
raw_sales_report,Medshield (Keith San Miguel).xlsx,sales2017,1945,5,14360,2017-08-28,LAGUNA,#REF!,2,824,1648,,0,2,85,170,1478
raw_sales_report,Medshield (Keith San Miguel).xlsx,sales2017,1946,5,14361,2017-08-25,LAGUNA,#REF!,1,682.2,682.2,,0,1,184.09,184.09,498.11
raw_sales_report,Medshield (Keith San Miguel).xlsx,sales2017,1947,5,14361,2017-08-25,LAGUNA,#REF!,1,1500,1500,,0,1,495,495,1005
raw_sales_report,Medshield (Keith San Miguel).xlsx,sales2017,1948,5,14363,2017-08-24,LAGUNA,#REF!,4,870,3480,,0,4,219,876,2604
raw_sales_report,Medshield (Keith San Miguel).xlsx,sales2017,1949,5,14363,2017-08-24,LAGUNA,#REF!,6,190,1140,,0,6,75.6,453.59999999999997,686.4000000000001
raw_sales_report,Medshield (Keith San Miguel).xlsx,sales2017,1950,5,14363,2017-08-24,LAGUNA,#REF!,11,310,3410,,0,11,129.7,1426.6999999999998,1983.3000000000002
raw_sales_report,Medshield (Keith San Miguel).xlsx,sales2017,1951,5,14364,2017-08-25,LAGUNA,#REF!,12,200,2400,,0,12,129.7,1556.3999999999999,843.6000000000001
raw_sales_report,Medshield (Keith San Miguel).xlsx,sales2017,1952,5,14366,2017-08-29,LAGUNA,#REF!,4,950,3800,,0,4,285.7,1142.8,2657.2
raw_sales_report,Medshield (Keith San Miguel).xlsx,sales2017,1953,5,14366,2017-08-29,LAGUNA,#REF!,100,260,26000,,0,100,68,6800,19200
raw_sales_report,Medshield (Keith San Miguel).xlsx,sales2017,1954,5,14366,2017-08-29,LAGUNA,#REF!,100,120,12000,,0,100,24.09,2409,9591
raw_sales_report,Medshield (Keith San Miguel).xlsx,sales2017,1955,5,14366,2017-08-29,LAGUNA,#REF!,1,2850,2850,,0,1,850,850,2000
raw_sales_report,Medshield (Keith San Miguel).xlsx,sales2017,1956,5,14366,2017-08-29,LAGUNA,#REF!,20,1560,31200,,0,20,750,15000,16200
raw_sales_report,Medshield (Keith San Miguel).xlsx,sales2017,1957,5,14366,2017-08-29,LAGUNA,#REF!,1,8800,8800,,0,1,950,950,7850
raw_sales_report,Medshield (Keith San Miguel).xlsx,sales2017,1958,5,14366,2017-08-29,LAGUNA,#REF!,20,240,4800,,0,20,135,2700,2100
raw_sales_report,Medshield (Keith San Miguel).xlsx,sales2017,1959,5,14366,2017-08-29,LAGUNA,#REF!,3,2500,7500,,0,3,650,1950,5550
raw_sales_report,Medshield (Keith San Miguel).xlsx,sales2017,1960,5,14366,2017-08-29,LAGUNA,#REF!,2,3850,7700,,0,2,1179.8500000000001,2359.7000000000003,5340.299999999999
raw_sales_report,Medshield (Keith San Miguel).xlsx,sales2017,1961,5,14366,2017-08-29,LAGUNA,#REF!,1.1,2900,3190.0000000000005,,0,1.1,1150,1265,1925.0000000000005
raw_sales_report,Medshield (Keith San Miguel).xlsx,sales2017,1962,5,14366,2017-08-29,LAGUNA,#REF!,30,150,4500,,0,30,55,1650,2850
raw_sales_report,Medshield (Keith San Miguel).xlsx,sales2017,1963,5,14367,2017-08-29,LAGUNA,#REF!,4,975,3900,,0,4,384,1536,2364
raw_sales_report,Medshield (Keith San Miguel).xlsx,sales2017,1964,5,14367,2017-08-29,LAGUNA,#REF!,5,186,930,,0,5,60,300,630
raw_sales_report,Medshield (Keith San Miguel).xlsx,sales2017,1965,5,14367,2017-08-29,LAGUNA,#REF!,10,350,3500,,0,10,60,600,2900
raw_sales_report,Medshield (Keith San Miguel).xlsx,sales2017,1966,5,14367,2017-08-29,LAGUNA,#REF!,1,1750,1750,,0,1,450,450,1300
raw_sales_report,Medshield (Keith San Miguel).xlsx,sales2017,1967,5,14367,2017-08-29,LAGUNA,#REF!,10,600,6000,,0,10,170,1700,4300
raw_sales_report,Medshield (Keith San Miguel).xlsx,sales2017,1968,5,14367,2017-08-29,LAGUNA,#REF!,40,580,23200,,0,40,293.37,11734.8,11465.2
raw_sales_report,Medshield (Keith San Miguel).xlsx,sales2017,1969,5,14367,2017-08-29,LAGUNA,#REF!,10,450,4500,,0,10,52.5,525,3975
raw_sales_report,Medshield (Keith San Miguel).xlsx,sales2017,1970,5,14367,2017-08-29,LAGUNA,#REF!,3,2420,7260,,0,3,1459,4377,2883
raw_sales_report,Medshield (Keith San Miguel).xlsx,sales2017,1971,5,14368,2017-08-31,LAGUNA,#REF!,2,1800,3600,,0,2,540,1080,2520
raw_sales_report,Medshield (Keith San Miguel).xlsx,sales2017,1972,5,14369,2017-08-31,LAGUNA,#REF!,2,2790,5580,,0,2,1173.6,2347.2,3232.8
raw_sales_report,Medshield (Keith San Miguel).xlsx,sales2017,1973,5,14370,2017-08-31,LAGUNA,#REF!,6,2640,15840,,0,6,730,4380,11460
raw_sales_report,Medshield (Keith San Miguel).xlsx,sales2017,1974,5,14401,2017-08-23,BATANGAS,#REF!,10,58,580,,0,10,16.8,168,412
raw_sales_report,Medshield (Keith San Miguel).xlsx,sales2017,1975,5,14401,2017-08-23,BATANGAS,#REF!,10,80,800,,0,10,23.45,234.5,565.5
raw_sales_report,Medshield (Keith San Miguel).xlsx,sales2017,1976,5,14401,2017-08-23,BATANGAS,#REF!,4,160,640,,0,4,47,188,452
raw_sales_report,Medshield (Keith San Miguel).xlsx,sales2017,1977,5,14403,2017-08-23,BATANGAS,#REF!,8,400,3200,,0,12,139.45,1673.3999999999999,1526.6000000000001
raw_sales_report,Medshield (Keith San Miguel).xlsx,sales2017,1978,5,14404,2017-08-23,BATANGAS,#REF!,5,400,2000,,0,5,139.45,697.25,1302.75
raw_sales_report,Medshield (Keith San Miguel).xlsx,sales2017,1979,5,14405,2017-08-23,BATANGAS,#REF!,21,80,1680,,0,21,22.75,477.75,1202.25
raw_sales_report,Medshield (Keith San Miguel).xlsx,sales2017,1980,5,14408,2017-08-29,BATANGAS,#REF!,2,1335,2670,,0,2,445,890,1780
raw_sales_report,Medshield (Keith San Miguel).xlsx,sales2017,1981,5,14409,2017-08-29,BATANGAS,#REF!,1,2250,2250,,0,1,750,750,1500
raw_sales_report,Medshield (Keith San Miguel).xlsx,sales2017,1982,5,14410,2017-08-29,BATANGAS,#REF!,1,2250,2250,,0,1,750,750,1500
raw_sales_report,Medshield (Keith San Miguel).xlsx,sales2017,1983,5,14411,2017-08-29,BATANGAS,#REF!,1,3360,3360,,0,1,1173.6,1173.6,2186.4
raw_sales_report,Medshield (Keith San Miguel).xlsx,sales2017,1984,5,14412,2017-08-29,BATANGAS,#REF!,1,3360,3360,,0,1,1173.6,1173.6,2186.4
raw_sales_report,Medshield (Keith San Miguel).xlsx,sales2017,1985,5,14413,2017-08-29,BATANGAS,#REF!,1,3360,3360,,0,1,920,920,2440
raw_sales_report,Medshield (Keith San Miguel).xlsx,sales2017,1986,5,14414,2017-08-29,BATANGAS,#REF!,1,3360,3360,,0,1,920,920,2440
raw_sales_report,Medshield (Keith San Miguel).xlsx,sales2017,1987,5,14415,2017-08-29,BATANGAS,#REF!,1,2200,2200,,0,1,595,595,1605
raw_sales_report,Medshield (Keith San Miguel).xlsx,sales2017,1988,5,14416,2017-08-29,BATANGAS,#REF!,1,1140,1140,,0,1,240,240,900
raw_sales_report,Medshield (Keith San Miguel).xlsx,sales2017,1989,5,14417,2017-08-31,BATANGAS,#REF!,10,3000,30000,,0,10,750,7500,22500
raw_sales_report,Medshield (Keith San Miguel).xlsx,sales2017,1990,5,14501,2017-08-29,CAM NORTE,#REF!,12,160,1920,,0,18,48.65,875.6999999999999,1044.3000000000002
raw_sales_report,Medshield (Keith San Miguel).xlsx,sales2017,1991,5,14504,2017-08-30,CAM NORTE,#REF!,3,5500,16500,,0,3,3575,10725,5775
raw_sales_report,Medshield (Keith San Miguel).xlsx,sales2017,1992,5,14508,2017-08-29,CAM NORTE,#REF!,12,175,2100,,0,18,55,990,1110
raw_sales_report,Medshield (Keith San Miguel).xlsx,sales2017,1993,5,16164,2017-08-08,BATANGAS,#REF!,,,0,,0,0,,0,0
raw_sales_report,Medshield (Keith San Miguel).xlsx,sales2017,1994,5,9800,2017-08-03,QUEZON,#REF!,20,950,19000,,0,20,310,6200,12800
raw_sales_report,Medshield (Keith San Miguel).xlsx,sales2017,1995,5,9800,2017-08-03,QUEZON,#REF!,4,1750,7000,,0,4,550,2200,4800
raw_sales_report,Medshield (Keith San Miguel).xlsx,sales2017,1996,5,10097,2017-09-11,quezon,#REF!,10,750,7500,,0,11,184.09,2024.99,5475.01
raw_sales_report,Medshield (Keith San Miguel).xlsx,sales2017,1997,5,10097,2017-09-11,quezon,#REF!,10,750,7500,,0,11,219,2409,5091
raw_sales_report,Medshield (Keith San Miguel).xlsx,sales2017,1998,5,10098,2017-09-11,ADMIN,#REF!,,,0,,0,0,,0,0
raw_sales_report,Medshield (Keith San Miguel).xlsx,sales2017,1999,5,10117,2017-09-01,ADMIN,#REF!,5,650,3250,,0,7,187.5,1312.5,1937.5
raw_sales_report,Medshield (Keith San Miguel).xlsx,sales2017,2000,5,10117,2017-09-01,ADMIN,#REF!,5,850,4250,,0,7,155,1085,3165
raw_sales_report,Medshield (Keith San Miguel).xlsx,sales2017,2001,5,10117,2017-09-01,ADMIN,#REF!,5,1200,6000,,0,7,420,2940,3060
raw_sales_report,Medshield (Keith San Miguel).xlsx,sales2017,2002,5,10117,2017-09-01,ADMIN,#REF!,5,950,4750,,0,7,310,2170,2580
raw_sales_report,Medshield (Keith San Miguel).xlsx,sales2017,2003,5,10118,2017-09-01,ADMIN,#REF!,2,1950,3900,0.3,1170,2,590,1180,1550
raw_sales_report,Medshield (Keith San Miguel).xlsx,sales2017,2004,5,10118,2017-09-01,ADMIN,#REF!,2,2100,4200,0.3,1260,2,685,1370,1570
raw_sales_report,Medshield (Keith San Miguel).xlsx,sales2017,2005,5,10121,2017-09-07,QUEZON,#REF!,30,750,22500,,0,30,219,6570,15930
raw_sales_report,Medshield (Keith San Miguel).xlsx,sales2017,2006,5,10121,2017-09-07,QUEZON,#REF!,30,750,22500,,0,30,219,6570,15930
raw_sales_report,Medshield (Keith San Miguel).xlsx,sales2017,2007,5,10121,2017-09-07,QUEZON,#REF!,10,950,9500,,0,10,287.5,2875,6625
raw_sales_report,Medshield (Keith San Miguel).xlsx,sales2017,2008,5,10122,2017-09-07,QUEZON,#REF!,5,950,4750,,0,5,287.5,1437.5,3312.5
raw_sales_report,Medshield (Keith San Miguel).xlsx,sales2017,2009,5,10123,2017-09-08,QUEZON,#REF!,5,725,3625,,0,7,215,1505,2120
raw_sales_report,Medshield (Keith San Miguel).xlsx,sales2017,2010,5,10123,2017-09-08,QUEZON,#REF!,5,1200,6000,,0,7,420,2940,3060
raw_sales_report,Medshield (Keith San Miguel).xlsx,sales2017,2011,5,10123,2017-09-08,QUEZON,#REF!,5,950,4750,,0,7,310,2170,2580
raw_sales_report,Medshield (Keith San Miguel).xlsx,sales2017,2012,5,10124,2017-09-08,ADMIN,#REF!,2,1950,3900,,0,2,491.67,983.34,2916.66
raw_sales_report,Medshield (Keith San Miguel).xlsx,sales2017,2013,5,10124,2017-09-08,ADMIN,#REF!,2,3800,7600,,0,2,890,1780,5820
raw_sales_report,Medshield (Keith San Miguel).xlsx,sales2017,2014,5,10124,2017-09-08,ADMIN,#REF!,2,670,1340,,0,2,210,420,920
raw_sales_report,Medshield (Keith San Miguel).xlsx,sales2017,2015,5,10136,2017-09-19,QUEZON,#REF!,5,1500,7500,,0,7,435,3045,4455
raw_sales_report,Medshield (Keith San Miguel).xlsx,sales2017,2016,5,10136,2017-09-19,QUEZON,#REF!,5,725,3625,,0,7,215,1505,2120
raw_sales_report,Medshield (Keith San Miguel).xlsx,sales2017,2017,5,10136,2017-09-19,QUEZON,#REF!,5,1200,6000,,0,7,420,2940,3060
raw_sales_report,Medshield (Keith San Miguel).xlsx,sales2017,2018,5,10136,2017-09-19,QUEZON,#REF!,5,950,4750,,0,7,310,2170,2580
raw_sales_report,Medshield (Keith San Miguel).xlsx,sales2017,2019,5,10137,2017-09-19,QUEZON,#REF!,2,650,1300,0.3,390,2,170,340,570
raw_sales_report,Medshield (Keith San Miguel).xlsx,sales2017,2020,5,10141,2017-09-25,BATANGAS,#REF!,22.5,781.8000000000001,17590.5,,0,22.5,300,6750,10840.5
raw_sales_report,Medshield (Keith San Miguel).xlsx,sales2017,2021,5,10141,2017-09-25,BATANGAS,#REF!,440,200,88000,,0,440,50,22000,66000
raw_sales_report,Medshield (Keith San Miguel).xlsx,sales2017,2022,5,10142,2017-09-25,BATANGAS,#REF!,30,890,26700,,0,30,280,8400,18300
raw_sales_report,Medshield (Keith San Miguel).xlsx,sales2017,2023,5,10142,2017-09-25,BATANGAS,#REF!,30,531,15930,,0,30,155,4650,11280
raw_sales_report,Medshield (Keith San Miguel).xlsx,sales2017,2024,5,10142,2017-09-25,BATANGAS,#REF!,25,260,6500,,0,25,115,2875,3625
raw_sales_report,Medshield (Keith San Miguel).xlsx,sales2017,2025,5,10142,2017-09-25,BATANGAS,#REF!,120,320,38400,,0,120,73,8760,29640
raw_sales_report,Medshield (Keith San Miguel).xlsx,sales2017,2026,5,10142,2017-09-25,BATANGAS,#REF!,100,480,48000,,0,100,88.93,8893,39107
raw_sales_report,Medshield (Keith San Miguel).xlsx,sales2017,2027,5,10142,2017-09-25,BATANGAS,#REF!,10,980,9800,,0,10,280,2800,7000
raw_sales_report,Medshield (Keith San Miguel).xlsx,sales2017,2028,5,10142,2017-09-25,BATANGAS,#REF!,1000,58,58000,,0,1000,14.5,14500,43500
raw_sales_report,Medshield (Keith San Miguel).xlsx,sales2017,2029,5,10143,2017-09-25,BATANGAS,#REF!,15,220,3300,,0,15,90,1350,1950
raw_sales_report,Medshield (Keith San Miguel).xlsx,sales2017,2030,5,10144,2017-09-25,ADMIN,#REF!,5,950,4750,,0,7,310,2170,2580
raw_sales_report,Medshield (Keith San Miguel).xlsx,sales2017,2031,5,10144,2017-09-25,ADMIN,#REF!,5,1200,6000,,0,7,420,2940,3060
raw_sales_report,Medshield (Keith San Miguel).xlsx,sales2017,2032,5,10145,2017-09-25,ADMIN,#REF!,2,1550,3100,,0,2,458,916,2184
raw_sales_report,Medshield (Keith San Miguel).xlsx,sales2017,2033,5,10145,2017-09-25,ADMIN,#REF!,2,1950,3900,,0,2,590,1180,2720
raw_sales_report,Medshield (Keith San Miguel).xlsx,sales2017,2034,5,11984,2017-05-26,SUPPLIES,#REF!,4,1500,6000,,0,4,435,1740,4260
raw_sales_report,Medshield (Keith San Miguel).xlsx,sales2017,2035,5,11984,2017-05-26,SUPPLIES,#REF!,5,990,4950,,0,5,480.9,2404.5,2545.5
raw_sales_report,Medshield (Keith San Miguel).xlsx,sales2017,2036,5,11992,2017-09-07,SUPPLIES,#REF!,,,0,,0,0,,0,0
raw_sales_report,Medshield (Keith San Miguel).xlsx,sales2017,2037,5,11997,2017-09-14,SUPPLIES,#REF!,,,0,,0,0,,0,0
raw_sales_report,Medshield (Keith San Miguel).xlsx,sales2017,2038,5,11998,2017-08-19,EQUIPMENT,#REF!,,,0,,0,0,,0,0
raw_sales_report,Medshield (Keith San Miguel).xlsx,sales2017,2039,5,12000,2017-09-19,SUPPLIES,#REF!,,,0,,0,0,,0,0
raw_sales_report,Medshield (Keith San Miguel).xlsx,sales2017,2040,5,12601,2017-06-07,CAM SUR,#REF!,7,310,2170,,0,7,129.7,907.8999999999999,1262.1000000000001
raw_sales_report,Medshield (Keith San Miguel).xlsx,sales2017,2041,5,12602,2017-06-07,,#REF!,12,75,900,,0,12,26.25,315,585
raw_sales_report,Medshield (Keith San Miguel).xlsx,sales2017,2042,5,12603,2017-06-07,,#REF!,2,1200,2400,,0,2,345,690,1710
raw_sales_report,Medshield (Keith San Miguel).xlsx,sales2017,2043,5,12604,2017-06-07,,#REF!,2,500,1000,,0,2,133,266,734
raw_sales_report,Medshield (Keith San Miguel).xlsx,sales2017,2044,5,12605,2017-06-07,,#REF!,2,750,1500,,0,2,240,480,1020
raw_sales_report,Medshield (Keith San Miguel).xlsx,sales2017,2045,5,12606,2017-06-07,,#REF!,1,3000,3000,,0,1,1450,1450,1550
raw_sales_report,Medshield (Keith San Miguel).xlsx,sales2017,2046,5,12607,2017-06-07,CAM SUR,#REF!,1,2700,2700,,0,1,1173.6,1173.6,1526.4
raw_sales_report,Medshield (Keith San Miguel).xlsx,sales2017,2047,5,12608,2017-06-17,CAM SUR,#REF!,10,88,880,,0,10,24.47,244.7,635.3
raw_sales_report,Medshield (Keith San Miguel).xlsx,sales2017,2048,5,12609,2017-06-17,CAM SUR,#REF!,6,175,1050,,0,6,47,282,768
raw_sales_report,Medshield (Keith San Miguel).xlsx,sales2017,2049,5,12610,2017-06-07,CAM SUR,#REF!,10,1600,16000,,0,10,480.9,4809,11191
raw_sales_report,Medshield (Keith San Miguel).xlsx,sales2017,2050,5,12610,2017-06-07,CAM SUR,#REF!,4,1250,5000,,0,4,330,1320,3680
raw_sales_report,Medshield (Keith San Miguel).xlsx,sales2017,2051,5,12611,2017-06-07,CAM SUR,#REF!,10,,0,,0,10,,0,0
raw_sales_report,Medshield (Keith San Miguel).xlsx,sales2017,2052,5,12612,2017-06-07,CAM SUR,#REF!,10,190,1900,,0,10,75.6,756,1144
raw_sales_report,Medshield (Keith San Miguel).xlsx,sales2017,2053,5,12623,2017-06-16,CAM SUR,#REF!,20,220,4400,,0,20,80,1600,2800
raw_sales_report,Medshield (Keith San Miguel).xlsx,sales2017,2054,5,12878,2017-08-17,HOSPITAL,#REF!,100,120,12000,,0,100,22,2200,9800
raw_sales_report,Medshield (Keith San Miguel).xlsx,sales2017,2055,5,12941,2017-09-05,CAVITE,#REF!,10,157.5,1575,0.2,315,10,39,390,870
raw_sales_report,Medshield (Keith San Miguel).xlsx,sales2017,2056,5,12942,2017-09-30,CAVITE,#REF!,1,650,650,0.2,130,1,187.5,187.5,332.5
raw_sales_report,Medshield (Keith San Miguel).xlsx,sales2017,2057,5,12946,2017-09-30,CAVITE,VITAFER,1,600,600,0.2,120,1,155,155,325
raw_sales_report,Medshield (Keith San Miguel).xlsx,sales2017,2058,5,19244,2017-09-30,CAVITE,#REF!,2,2500,5000,0.2,1000,2,375,750,3250
raw_sales_report,Medshield (Keith San Miguel).xlsx,sales2017,2059,5,12945,2017-09-04,CAVITE,#REF!,10,80,800,,0,15,24.47,367.04999999999995,432.95000000000005
raw_sales_report,Medshield (Keith San Miguel).xlsx,sales2017,2060,5,12946,2017-09-06,CAVITE,#REF!,4,1200,4800,0.3,1440,4,330,1320,2040
raw_sales_report,Medshield (Keith San Miguel).xlsx,sales2017,2061,5,12946,2017-09-06,CAVITE,#REF!,5,2500,12500,0.3,3750,5,375,1875,6875
raw_sales_report,Medshield (Keith San Miguel).xlsx,sales2017,2062,5,12946,2017-09-06,CAVITE,#REF!,3,540,1620,0.3,486,3,165,495,639
raw_sales_report,Medshield (Keith San Miguel).xlsx,sales2017,2063,5,12946,2017-09-06,CAVITE,#REF!,4,780,3120,0.3,936,4,330,1320,864
raw_sales_report,Medshield (Keith San Miguel).xlsx,sales2017,2064,5,12946,2017-09-06,CAVITE,#REF!,2,2000,4000,0.3,1200,2,750,1500,1300
raw_sales_report,Medshield (Keith San Miguel).xlsx,sales2017,2065,5,12946,2017-09-06,CAVITE,#REF!,4,975,3900,0.3,1170,4,384,1536,1194
raw_sales_report,Medshield (Keith San Miguel).xlsx,sales2017,2066,5,12947,2017-09-06,CAVITE,#REF!,3,900,2700,,0,5,270,1350,1350
raw_sales_report,Medshield (Keith San Miguel).xlsx,sales2017,2067,5,12950,2017-09-06,cavite,#REF!,6,310,1860,,0,6,129.7,778.1999999999999,1081.8000000000002
raw_sales_report,Medshield (Keith San Miguel).xlsx,sales2017,2068,5,13029,2017-09-21,SUPPLIES,#REF!,,,0,,0,0,,0,0
raw_sales_report,Medshield (Keith San Miguel).xlsx,sales2017,2069,5,13030,2017-09-21,SUPPLIES,#REF!,,,0,,0,0,,0,0
raw_sales_report,Medshield (Keith San Miguel).xlsx,sales2017,2070,5,13031,2017-09-22,SUPPLIES,#REF!,,,0,,0,0,,0,0
raw_sales_report,Medshield (Keith San Miguel).xlsx,sales2017,2071,5,13036,2017-09-26,SUPPLIES,#REF!,,,0,,0,0,,0,0
raw_sales_report,Medshield (Keith San Miguel).xlsx,sales2017,2072,5,13293,2017-09-06,HOSPITAL,#REF!,5,3000,15000,,0,5,750,3750,11250
raw_sales_report,Medshield (Keith San Miguel).xlsx,sales2017,2073,5,13293,2017-09-06,HOSPITAL,#REF!,1,4800,4800,,0,1,2145,2145,2655
raw_sales_report,Medshield (Keith San Miguel).xlsx,sales2017,2074,5,13294,2017-09-07,HOSPITAL,#REF!,3,750,2250,,0,3,184.09,552.27,1697.73
raw_sales_report,Medshield (Keith San Miguel).xlsx,sales2017,2075,5,13294,2017-09-07,HOSPITAL,#REF!,2,870,1740,,0,2,219,438,1302
raw_sales_report,Medshield (Keith San Miguel).xlsx,sales2017,2076,5,13294,2017-09-07,HOSPITAL,#REF!,3,2800,8400,,0,3,1173.6,3520.7999999999997,4879.200000000001
raw_sales_report,Medshield (Keith San Miguel).xlsx,sales2017,2077,5,13294,2017-09-07,HOSPITAL,#REF!,1,1200,1200,,0,1,365,365,835
raw_sales_report,Medshield (Keith San Miguel).xlsx,sales2017,2078,5,13294,2017-09-07,HOSPITAL,#REF!,1,6000,6000,,0,1,25,25,5975
raw_sales_report,Medshield (Keith San Miguel).xlsx,sales2017,2079,5,13294,2017-09-07,HOSPITAL,#REF!,2,700,1400,,0,2,235,470,930
raw_sales_report,Medshield (Keith San Miguel).xlsx,sales2017,2080,5,13294,2017-09-07,HOSPITAL,#REF!,1,3960,3960,,0,1,1872,1872,2088
raw_sales_report,Medshield (Keith San Miguel).xlsx,sales2017,2081,5,13294,2017-09-07,HOSPITAL,#REF!,2,1550,3100,,0,2,458,916,2184
raw_sales_report,Medshield (Keith San Miguel).xlsx,sales2017,2082,5,13296,2017-09-14,HOSPITAL,#REF!,2,4800,9600,,0,2,1872,3744,5856
raw_sales_report,Medshield (Keith San Miguel).xlsx,sales2017,2083,5,13297,2017-09-19,HOSPITAL,#REF!,2,870,1740,,0,2,219,438,1302
raw_sales_report,Medshield (Keith San Miguel).xlsx,sales2017,2084,5,13297,2017-09-19,HOSPITAL,#REF!,3,1900,5700,,0,3,595,1785,3915
raw_sales_report,Medshield (Keith San Miguel).xlsx,sales2017,2085,5,13297,2017-09-19,HOSPITAL,#REF!,3,2800,8400,,0,3,1173.6,3520.7999999999997,4879.200000000001
raw_sales_report,Medshield (Keith San Miguel).xlsx,sales2017,2086,5,13297,2017-09-19,HOSPITAL,#REF!,1,1200,1200,,0,1,365,365,835
raw_sales_report,Medshield (Keith San Miguel).xlsx,sales2017,2087,5,13297,2017-09-19,HOSPITAL,#REF!,1,1950,1950,,0,1,685,685,1265
raw_sales_report,Medshield (Keith San Miguel).xlsx,sales2017,2088,5,13297,2017-09-19,HOSPITAL,#REF!,4,4500,18000,,0,4,125,500,17500
raw_sales_report,Medshield (Keith San Miguel).xlsx,sales2017,2089,5,13297,2017-09-19,HOSPITAL,#REF!,1,6000,6000,,0,1,1250,1250,4750
raw_sales_report,Medshield (Keith San Miguel).xlsx,sales2017,2090,5,13297,2017-09-19,HOSPITAL,#REF!,2,700,1400,,0,2,235,470,930
raw_sales_report,Medshield (Keith San Miguel).xlsx,sales2017,2091,5,13297,2017-09-19,HOSPITAL,#REF!,5,3000,15000,,0,5,750,3750,11250
raw_sales_report,Medshield (Keith San Miguel).xlsx,sales2017,2092,5,13297,2017-09-19,HOSPITAL,#REF!,3,1750,5250,,0,3,415,1245,4005
raw_sales_report,Medshield (Keith San Miguel).xlsx,sales2017,2093,5,13298,2017-09-19,HOSPITAL,#REF!,50,128,6400,,0,50,40,2000,4400
raw_sales_report,Medshield (Keith San Miguel).xlsx,sales2017,2094,5,13298,2017-09-19,HOSPITAL,#REF!,2,3960,7920,,0,2,1872,3744,4176
raw_sales_report,Medshield (Keith San Miguel).xlsx,sales2017,2095,5,13298,2017-09-19,HOSPITAL,#REF!,3,2450,7350,,0,3,818,2454,4896
raw_sales_report,Medshield (Keith San Miguel).xlsx,sales2017,2096,5,13298,2017-09-19,HOSPITAL,#REF!,3,2000,6000,,0,3,128,384,5616
raw_sales_report,Medshield (Keith San Miguel).xlsx,sales2017,2097,5,13298,2017-09-19,HOSPITAL,#REF!,5,800,4000,,0,5,525,2625,1375
raw_sales_report,Medshield (Keith San Miguel).xlsx,sales2017,2098,5,13299,2017-09-19,HOSPITAL,#REF!,3,500,1500,,0,3,120,360,1140
raw_sales_report,Medshield (Keith San Miguel).xlsx,sales2017,2099,5,13509,2017-06-03,ADMIN,#REF!,5,1200,6000,,0,7,420,2940,3060
raw_sales_report,Medshield (Keith San Miguel).xlsx,sales2017,2100,5,13509,2017-06-03,ADMIN,#REF!,5,1100,5500,,0,7,146.8,1027.6000000000001,4472.4
raw_sales_report,Medshield (Keith San Miguel).xlsx,sales2017,2101,5,13509,2017-06-03,ADMIN,#REF!,5,950,4750,,0,7,310,2170,2580
raw_sales_report,Medshield (Keith San Miguel).xlsx,sales2017,2102,5,13531,2017-06-29,ADMIN,#REF!,30,1100,33000,,0,30,320,9600,23400
raw_sales_report,Medshield (Keith San Miguel).xlsx,sales2017,2103,5,13531,2017-06-29,ADMIN,#REF!,30,750,22500,,0,30,184.09,5522.7,16977.3
raw_sales_report,Medshield (Keith San Miguel).xlsx,sales2017,2104,5,13531,2017-06-29,ADMIN,#REF!,30,950,28500,,0,30,287.5,8625,19875
raw_sales_report,Medshield (Keith San Miguel).xlsx,sales2017,2105,5,13531,2017-06-29,ADMIN,#REF!,10,480,4800,,0,10,128,1280,3520
raw_sales_report,Medshield (Keith San Miguel).xlsx,sales2017,2106,5,13875,2017-08-07,CAM SUR,#REF!,20,88,1760,,0,20,24.47,489.4,1270.6
raw_sales_report,Medshield (Keith San Miguel).xlsx,sales2017,2107,5,13876,2017-08-07,CAM SUR,#REF!,5,310,1550,,0,5,129.7,648.5,901.5
raw_sales_report,Medshield (Keith San Miguel).xlsx,sales2017,2108,5,13877,2017-08-07,CAM SUR,#REF!,1,1600,1600,,0,1,480.9,480.9,1119.1
raw_sales_report,Medshield (Keith San Miguel).xlsx,sales2017,2109,5,13961,2017-08-25,CAM NORTE,#REF!,8,88,704,,0,8,24.47,195.76,508.24
raw_sales_report,Medshield (Keith San Miguel).xlsx,sales2017,2110,5,13961,2017-08-25,CAM NORTE,#REF!,6,120,720,,0,6,35,210,510
raw_sales_report,Medshield (Keith San Miguel).xlsx,sales2017,2111,5,13961,2017-08-25,CAM NORTE,#REF!,4,198,792,,0,4,112,448,344
raw_sales_report,Medshield (Keith San Miguel).xlsx,sales2017,2112,5,13961,2017-08-25,CAM NORTE,#REF!,6,440,2640,,0,6,148,888,1752
raw_sales_report,Medshield (Keith San Miguel).xlsx,sales2017,2113,5,13961,2017-08-25,CAM NORTE,#REF!,4,310,1240,,0,4,129.7,518.8,721.2
raw_sales_report,Medshield (Keith San Miguel).xlsx,sales2017,2114,5,13961,2017-08-25,CAM NORTE,#REF!,2,180,360,,0,2,56,112,248
raw_sales_report,Medshield (Keith San Miguel).xlsx,sales2017,2115,5,13961,2017-08-25,CAM NORTE,#REF!,2,1800,3600,,0,2,535,1070,2530
raw_sales_report,Medshield (Keith San Miguel).xlsx,sales2017,2116,5,13961,2017-08-25,CAM NORTE,#REF!,2,650,1300,,0,2,170.45,340.9,959.1
raw_sales_report,Medshield (Keith San Miguel).xlsx,sales2017,2117,5,13961,2017-08-25,CAM NORTE,#REF!,2,850,1700,,0,2,155,310,1390
raw_sales_report,Medshield (Keith San Miguel).xlsx,sales2017,2118,5,13961,2017-08-25,CAM NORTE,#REF!,1,3000,3000,,0,1,1450,1450,1550
raw_sales_report,Medshield (Keith San Miguel).xlsx,sales2017,2119,5,13962,2017-09-08,CAM NORTE,#REF!,2,1456,2912,,0,2,333,666,2246
raw_sales_report,Medshield (Keith San Miguel).xlsx,sales2017,2120,5,13963,2017-09-08,CAM NORTE,#REF!,12,145,1740,,0,18,47,846,894
raw_sales_report,Medshield (Keith San Miguel).xlsx,sales2017,2121,5,13964,2017-09-20,CAM NORTE,#REF!,3,3429,10287,,0,3,1250,3750,6537
raw_sales_report,Medshield (Keith San Miguel).xlsx,sales2017,2122,5,13965,2017-09-21,CAM NORTE,#REF!,1,2800,2800,,0,1,1173.6,1173.6,1626.4
raw_sales_report,Medshield (Keith San Miguel).xlsx,sales2017,2123,5,13965,2017-09-21,CAM NORTE,#REF!,1,800,800,,0,1,227.56,227.56,572.44
raw_sales_report,Medshield (Keith San Miguel).xlsx,sales2017,2124,5,13965,2017-09-21,CAM NORTE,#REF!,1,1600,1600,,0,1,480.9,480.9,1119.1
raw_sales_report,Medshield (Keith San Miguel).xlsx,sales2017,2125,5,13965,2017-09-21,CAM NORTE,#REF!,1,1000,1000,,0,1,270,270,730
raw_sales_report,Medshield (Keith San Miguel).xlsx,sales2017,2126,5,13965,2017-09-21,CAM NORTE,#REF!,1,1800,1800,,0,1,540,540,1260
raw_sales_report,Medshield (Keith San Miguel).xlsx,sales2017,2127,5,13965,2017-09-21,CAM NORTE,#REF!,1,2100,2100,,0,1,685,685,1415
raw_sales_report,Medshield (Keith San Miguel).xlsx,sales2017,2128,5,13965,2017-09-21,CAM NORTE,#REF!,1,800,800,,0,1,265,265,535
raw_sales_report,Medshield (Keith San Miguel).xlsx,sales2017,2129,5,13965,2017-09-21,CAM NORTE,#REF!,6,440,2640,,0,6,139.45,836.6999999999999,1803.3000000000002
raw_sales_report,Medshield (Keith San Miguel).xlsx,sales2017,2130,5,13965,2017-09-21,CAM NORTE,#REF!,6,80,480,,0,6,24.5,147,333
raw_sales_report,Medshield (Keith San Miguel).xlsx,sales2017,2131,5,13965,2017-09-21,CAM NORTE,#REF!,2,120,240,,0,2,35,70,170
raw_sales_report,Medshield (Keith San Miguel).xlsx,sales2017,2132,5,13966,2017-09-22,CAM NORTE,#REF!,5,750,3750,,0,5,227.5,1137.5,2612.5
raw_sales_report,Medshield (Keith San Miguel).xlsx,sales2017,2133,5,13967,2017-09-22,CAM NORTE,#REF!,5,1800,9000,,0,5,535,2675,6325
raw_sales_report,Medshield (Keith San Miguel).xlsx,sales2017,2134,5,13968,2017-09-22,CAM NORTE,#REF!,1,500,500,,0,1,133,133,367
raw_sales_report,Medshield (Keith San Miguel).xlsx,sales2017,2135,5,13969,2017-09-22,CAM NORTE,#REF!,8,80,640,,0,8,24.5,196,444
raw_sales_report,Medshield (Keith San Miguel).xlsx,sales2017,2136,5,13969,2017-08-28,CAM NORTE,#REF!,1,1070,1070,,0,1,319,319,751
raw_sales_report,Medshield (Keith San Miguel).xlsx,sales2017,2137,5,13969,2017-08-28,CAM NORTE,#REF!,1,700,700,,0,1,250,250,450
raw_sales_report,Medshield (Keith San Miguel).xlsx,sales2017,2138,5,13969,2017-08-28,CAM NORTE,#REF!,1,1900,1900,,0,1,595,595,1305
raw_sales_report,Medshield (Keith San Miguel).xlsx,sales2017,2139,5,13969,2017-08-28,CAM NORTE,#REF!,1,800,800,,0,1,225,225,575
raw_sales_report,Medshield (Keith San Miguel).xlsx,sales2017,2140,5,13969,2017-08-28,CAM NORTE,#REF!,1,1600,1600,,0,1,480.9,480.9,1119.1
raw_sales_report,Medshield (Keith San Miguel).xlsx,sales2017,2141,5,13969,2017-08-28,CAM NORTE,#REF!,2,1800,3600,,0,2,535,1070,2530
raw_sales_report,Medshield (Keith San Miguel).xlsx,sales2017,2142,5,13969,2017-08-28,CAM NORTE,#REF!,2,750,1500,,0,2,227.5,455,1045
raw_sales_report,Medshield (Keith San Miguel).xlsx,sales2017,2143,5,13969,2017-08-28,CAM NORTE,#REF!,2,750,1500,,0,2,158,316,1184
raw_sales_report,Medshield (Keith San Miguel).xlsx,sales2017,2144,5,13969,2017-08-28,CAM NORTE,#REF!,4,198,792,,0,4,535,112,680
raw_sales_report,Medshield (Keith San Miguel).xlsx,sales2017,2145,5,13970,2017-09-22,CAM NORTE,#REF!,7,79,553,,0,7,23.8,166.6,386.4
raw_sales_report,Medshield (Keith San Miguel).xlsx,sales2017,2146,5,13972,2017-09-26,CAM NORTE,#REF!,33,380,12540,,0,33,73,2409,10131
raw_sales_report,Medshield (Keith San Miguel).xlsx,sales2017,2147,5,13973,2017-09-27,CAM NORTE,#REF!,24,80,1920,,0,24,23.45,562.8,1357.2
raw_sales_report,Medshield (Keith San Miguel).xlsx,sales2017,2148,5,14039,2017-09-14,ADMIN,#REF!,3,900,2700,0.3,810,3,270,810,1080
raw_sales_report,Medshield (Keith San Miguel).xlsx,sales2017,2149,5,14039,2017-09-14,ADMIN,#REF!,1,3800,3800,0.3,1140,1,890,890,1770
raw_sales_report,Medshield (Keith San Miguel).xlsx,sales2017,2150,5,14039,2017-09-14,ADMIN,#REF!,3,1900,5700,0.3,1710,3,595,1785,2205
raw_sales_report,Medshield (Keith San Miguel).xlsx,sales2017,2151,5,14040,2017-09-14,EAST,#REF!,16,88,1408,,0,16,25,400,1008
raw_sales_report,Medshield (Keith San Miguel).xlsx,sales2017,2152,5,14040,2017-09-14,EAST,#REF!,2,750,1500,,0,2,219,438,1062
raw_sales_report,Medshield (Keith San Miguel).xlsx,sales2017,2153,5,14040,2017-09-14,EAST,#REF!,10,1450,14500,,0,10,480.9,4809,9691
raw_sales_report,Medshield (Keith San Miguel).xlsx,sales2017,2154,5,14040,2017-09-14,EAST,#REF!,3,700,2100,,0,3,250,750,1350
raw_sales_report,Medshield (Keith San Miguel).xlsx,sales2017,2155,5,14040,2017-09-14,EAST,#REF!,72,74,5328,,0,72,23.1,1663.2,3664.8
raw_sales_report,Medshield (Keith San Miguel).xlsx,sales2017,2156,5,14041,2017-09-14,QUEZON,#REF!,10,500,5000,,0,10,250,2500,2500
raw_sales_report,Medshield (Keith San Miguel).xlsx,sales2017,2157,5,14041,2017-09-14,QUEZON,#REF!,5,1500,7500,,0,5,435,2175,5325
raw_sales_report,Medshield (Keith San Miguel).xlsx,sales2017,2158,5,14041,2017-09-14,QUEZON,#REF!,5,2000,10000,,0,5,128,640,9360
raw_sales_report,Medshield (Keith San Miguel).xlsx,sales2017,2159,5,14042,2017-09-14,QUEZON,#REF!,5,1750,8750,,0,5,500,2500,6250
raw_sales_report,Medshield (Keith San Miguel).xlsx,sales2017,2160,5,14151,2017-08-02,BATANGAS,#REF!,1,3360,3360,,0,1,920,920,2440
raw_sales_report,Medshield (Keith San Miguel).xlsx,sales2017,2161,5,14184,2017-08-10,BATANGAS,#REF!,3,1150,3450,,0,3,365,1095,2355
raw_sales_report,Medshield (Keith San Miguel).xlsx,sales2017,2162,5,14229,2017-09-02,QUEZON,#REF!,20,80,1600,0.3,480,20,24.5,490,630
raw_sales_report,Medshield (Keith San Miguel).xlsx,sales2017,2163,5,14230,2017-09-02,QUEZON,#REF!,15,170,2550,0.3,765,15,55,825,960
raw_sales_report,Medshield (Keith San Miguel).xlsx,sales2017,2164,5,14232,2017-09-13,QUEZON,#REF!,2,640,1280,,0,2,170,340,940
raw_sales_report,Medshield (Keith San Miguel).xlsx,sales2017,2165,5,14232,2017-09-13,QUEZON,#REF!,10,75,750,,0,10,48,480,270
raw_sales_report,Medshield (Keith San Miguel).xlsx,sales2017,2166,5,14232,2017-09-13,QUEZON,#REF!,3,160,480,,0,3,40,120,360
raw_sales_report,Medshield (Keith San Miguel).xlsx,sales2017,2167,5,14232,2017-09-13,QUEZON,#REF!,1,500,500,,0,1,133,133,367
raw_sales_report,Medshield (Keith San Miguel).xlsx,sales2017,2168,5,14238,2017-09-15,MARINDUQUE,#REF!,10,870,8700,,0,10,219,2190,6510
raw_sales_report,Medshield (Keith San Miguel).xlsx,sales2017,2169,5,14239,2017-09-15,MARINDUQUE,#REF!,6,175,1050,,0,6,75,450,600
raw_sales_report,Medshield (Keith San Miguel).xlsx,sales2017,2170,5,14239,2017-09-15,MARINDUQUE,#REF!,6,155,930,,0,6,55.8,334.79999999999995,595.2
raw_sales_report,Medshield (Keith San Miguel).xlsx,sales2017,2171,5,14240,2017-09-22,MARINDUQUE,#REF!,4,2000,8000,,0,4,128,512,7488
raw_sales_report,Medshield (Keith San Miguel).xlsx,sales2017,2172,5,14241,2017-09-15,MARINDUQUE,#REF!,5,2790,13950,0.3,4185,5,1173.6,5868,3897
raw_sales_report,Medshield (Keith San Miguel).xlsx,sales2017,2173,5,14242,2017-09-15,MARINDUQUE,#REF!,13,2790,36270,0.324,11751.48,13,1173.4,15254.2,9264.32
raw_sales_report,Medshield (Keith San Miguel).xlsx,sales2017,2174,5,14243,2017-09-15,MARINDUQUE,#REF!,13,2790,36270,0.321,11642.67,13,1173.6,15256.8,9370.530000000002
raw_sales_report,Medshield (Keith San Miguel).xlsx,sales2017,2175,5,14244,2017-09-18,QUEZON,#REF!,10,750,7500,,0,10,345,3450,4050
raw_sales_report,Medshield (Keith San Miguel).xlsx,sales2017,2176,5,14245,2017-09-18,QUEZON,#REF!,1,16550,16550,,0,1,458,458,16092
raw_sales_report,Medshield (Keith San Miguel).xlsx,sales2017,2177,5,14246,2017-09-18,QUEZON,#REF!,1,656.6,656.6,,0,1,280,280,376.6
raw_sales_report,Medshield (Keith San Miguel).xlsx,sales2017,2178,5,14246,2017-09-18,QUEZON,#REF!,1,770.5,770.5,,0,1,345,345,425.5
raw_sales_report,Medshield (Keith San Miguel).xlsx,sales2017,2179,5,14246,2017-09-18,QUEZON,#REF!,3,650,1950,,0,3,168,504,1446
raw_sales_report,Medshield (Keith San Miguel).xlsx,sales2017,2180,5,14247,2017-09-19,QUEZON,#REF!,10,1425,14250,,0,10,445,4450,9800
raw_sales_report,Medshield (Keith San Miguel).xlsx,sales2017,2181,5,14247,2017-09-19,QUEZON,#REF!,24,112,2688,,0,24,35,840,1848
raw_sales_report,Medshield (Keith San Miguel).xlsx,sales2017,2182,5,14248,2017-09-19,EAST,#REF!,24,80,1920,,0,24,23.45,562.8,1357.2
raw_sales_report,Medshield (Keith San Miguel).xlsx,sales2017,2183,5,14248,2017-09-19,EAST,#REF!,24,105,2520,,0,24,28,672,1848
raw_sales_report,Medshield (Keith San Miguel).xlsx,sales2017,2184,5,14249,2017-09-20,EAST,#REF!,25,2790,69750,0.33,23017.5,25,1173.6,29339.999999999996,17392.500000000004
raw_sales_report,Medshield (Keith San Miguel).xlsx,sales2017,2185,5,14250,2017-09-21,QUEZON,#REF!,15,75,1125,,0,15,26.25,393.75,731.25
raw_sales_report,Medshield (Keith San Miguel).xlsx,sales2017,2186,5,14250,2017-09-21,QUEZON,#REF!,15,180,2700,,0,15,56,840,1860
raw_sales_report,Medshield (Keith San Miguel).xlsx,sales2017,2187,5,14301,2017-09-06,CAM SUR,#REF!,88,88,7744,,0,88,24.47,2153.3599999999997,5590.64
raw_sales_report,Medshield (Keith San Miguel).xlsx,sales2017,2188,5,14302,2017-09-06,CAM SUR,#REF!,20,78,1560,,0,20,26.25,525,1035
raw_sales_report,Medshield (Keith San Miguel).xlsx,sales2017,2189,5,14303,2017-09-06,CAM SUR,#REF!,2,1200,2400,,0,2,345,690,1710
raw_sales_report,Medshield (Keith San Miguel).xlsx,sales2017,2190,5,14304,2017-09-06,CAM SUR,#REF!,1,1750,1750,,0,1,450,450,1300
raw_sales_report,Medshield (Keith San Miguel).xlsx,sales2017,2191,5,14305,2017-09-06,CAM SUR,#REF!,1,750,750,,0,1,240,240,510
raw_sales_report,Medshield (Keith San Miguel).xlsx,sales2017,2192,5,14306,2017-09-09,CAM SUR,#REF!,2,885,1770,,0,2,265,530,1240
raw_sales_report,Medshield (Keith San Miguel).xlsx,sales2017,2193,5,14307,2017-09-09,CAM SUR,#REF!,20,200,4000,,0,20,50,1000,3000
raw_sales_report,Medshield (Keith San Miguel).xlsx,sales2017,2194,5,14308,2017-09-09,CAM SUR,#REF!,20,350,7000,,0,20,135,2700,4300
raw_sales_report,Medshield (Keith San Miguel).xlsx,sales2017,2195,5,14309,2017-09-12,CAM SUR,#REF!,3,1050,3150,,0,3,270,810,2340
raw_sales_report,Medshield (Keith San Miguel).xlsx,sales2017,2196,5,14310,2017-09-12,CAM SUR,#REF!,5,88,440,,0,5,24.47,122.35,317.65
raw_sales_report,Medshield (Keith San Miguel).xlsx,sales2017,2197,5,14311,2017-09-13,CAM SUR,#REF!,4,1200,4800,,0,6,345,2070,2730
raw_sales_report,Medshield (Keith San Miguel).xlsx,sales2017,2198,5,14311,2017-09-13,CAM SUR,#REF!,10,175,1750,0.3,525,10,47,470,755
raw_sales_report,Medshield (Keith San Miguel).xlsx,sales2017,2199,5,14312,2017-09-13,CAM SUR,#REF!,1,800,800,0.3,240,1,225,225,335
raw_sales_report,Medshield (Keith San Miguel).xlsx,sales2017,2200,5,14313,2017-09-13,CAM SUR,#REF!,1,1200,1200,0.3,360,1,345,345,495
raw_sales_report,Medshield (Keith San Miguel).xlsx,sales2017,2201,5,14314,2017-09-13,CAM SUR,#REF!,6,190,1140,0.3,342,6,75.6,453.59999999999997,344.40000000000003
raw_sales_report,Medshield (Keith San Miguel).xlsx,sales2017,2202,5,14315,2017-09-13,CAM SUR,#REF!,18,95,1710,,0,18,75.6,1360.8,349.20000000000005
raw_sales_report,Medshield (Keith San Miguel).xlsx,sales2017,2203,5,14316,2017-09-13,CAM SUR,#REF!,1,1300,1300,,0,2,345,690,610
raw_sales_report,Medshield (Keith San Miguel).xlsx,sales2017,2204,5,14317,2017-09-13,CAM SUR,#REF!,10,175,1750,0.3,525,10,47,470,755
raw_sales_report,Medshield (Keith San Miguel).xlsx,sales2017,2205,5,14317,2017-09-13,CAM SUR,#REF!,10,175,1750,0.3,525,10,75,750,475
raw_sales_report,Medshield (Keith San Miguel).xlsx,sales2017,2206,5,14318,2017-09-18,CAM SUR,#REF!,40,490,19600,,0,40,55,2200,17400
raw_sales_report,Medshield (Keith San Miguel).xlsx,sales2017,2207,5,14319,2017-09-19,CAM SUR,#REF!,10,88,880,,0,10,24.47,244.7,635.3
raw_sales_report,Medshield (Keith San Miguel).xlsx,sales2017,2208,5,14319,2017-09-19,CAM SUR,#REF!,10,128,1280,,0,10,56,560,720
raw_sales_report,Medshield (Keith San Miguel).xlsx,sales2017,2209,5,14319,2017-09-19,CAM SUR,#REF!,1,1600,1600,,0,1,480.9,480.9,1119.1
raw_sales_report,Medshield (Keith San Miguel).xlsx,sales2017,2210,5,14319,2017-09-19,CAM SUR,#REF!,2,2700,5400,,0,2,1173,2346,3054
raw_sales_report,Medshield (Keith San Miguel).xlsx,sales2017,2211,5,14319,2017-09-19,CAM SUR,#REF!,2,375,750,,0,2,240,480,270
raw_sales_report,Medshield (Keith San Miguel).xlsx,sales2017,2212,5,14319,2017-09-19,CAM SUR,#REF!,1,885,885,,0,1,265,265,620
raw_sales_report,Medshield (Keith San Miguel).xlsx,sales2017,2213,5,14320,2017-09-19,CAM SUR,#REF!,6,80,480,,0,6,23.45,140.7,339.3
raw_sales_report,Medshield (Keith San Miguel).xlsx,sales2017,2214,5,14321,2017-09-19,CAM SUR,#REF!,1,1750,1750,,0,1,450,450,1300
raw_sales_report,Medshield (Keith San Miguel).xlsx,sales2017,2215,5,14322,2017-09-19,CAM SUR,#REF!,1,2700,2700,,0,1,481,481,2219
raw_sales_report,Medshield (Keith San Miguel).xlsx,sales2017,2216,5,14323,2017-09-19,CAM SUR,#REF!,1,1600,1600,,0,1,458,458,1142
raw_sales_report,Medshield (Keith San Miguel).xlsx,sales2017,2217,5,14324,2017-09-19,CAM SUR,#REF!,1,885,885,,0,1,265,265,620
raw_sales_report,Medshield (Keith San Miguel).xlsx,sales2017,2218,5,14325,2017-09-19,CAM SUR,#REF!,6,78,468,,0,6,21,126,342
raw_sales_report,Medshield (Keith San Miguel).xlsx,sales2017,2219,5,14326,2017-09-19,CAM SUR,#REF!,10,190,1900,,0,10,75.6,756,1144
raw_sales_report,Medshield (Keith San Miguel).xlsx,sales2017,2220,5,14327,2017-09-19,CAM SUR,#REF!,10,310,3100,,0,10,129.7,1297,1803
raw_sales_report,Medshield (Keith San Miguel).xlsx,sales2017,2221,5,14328,2017-09-19,CAM SUR,#REF!,10,112,1120,,0,10,35,350,770
raw_sales_report,Medshield (Keith San Miguel).xlsx,sales2017,2222,5,14329,2017-09-19,CAM SUR,#REF!,6,310,1860,,0,6,129.7,778.1999999999999,1081.8000000000002
raw_sales_report,Medshield (Keith San Miguel).xlsx,sales2017,2223,5,14330,2017-09-19,CAM SUR,#REF!,1,885,885,,0,1,265,265,620
raw_sales_report,Medshield (Keith San Miguel).xlsx,sales2017,2224,5,14331,2017-09-20,CAM SUR,#REF!,2,1300,2600,,0,4,345,1380,1220
raw_sales_report,Medshield (Keith San Miguel).xlsx,sales2017,2225,5,14371,2017-09-04,LAGUNA,#REF!,2,2100,4200,,0,2,598,1196,3004
raw_sales_report,Medshield (Keith San Miguel).xlsx,sales2017,2226,5,14371,2017-09-04,LAGUNA,#REF!,20,190,3800,,0,20,73,1460,2340
raw_sales_report,Medshield (Keith San Miguel).xlsx,sales2017,2227,5,14373,2017-09-08,LAGUNA,#REF!,40,190,7600,,0,40,73,2920,4680
raw_sales_report,Medshield (Keith San Miguel).xlsx,sales2017,2228,5,14374,2017-09-05,LAGUNA,#REF!,1,2900,2900,,0,1,650,650,2250
raw_sales_report,Medshield (Keith San Miguel).xlsx,sales2017,2229,5,14375,2017-09-06,LAGUNA,#REF!,10,128,1280,,0,10,40,400,880
raw_sales_report,Medshield (Keith San Miguel).xlsx,sales2017,2230,5,14377,2017-09-06,LAGUNA,#REF!,10,128,1280,,0,10,40,400,880
raw_sales_report,Medshield (Keith San Miguel).xlsx,sales2017,2231,5,14378,2017-09-07,LAGUNA,#REF!,2,1800,3600,,0,2,435,870,2730
raw_sales_report,Medshield (Keith San Miguel).xlsx,sales2017,2232,5,14379,2017-09-07,LAGUNA,#REF!,12,190,2280,,0,12,75.6,907.1999999999999,1372.8000000000002
raw_sales_report,Medshield (Keith San Miguel).xlsx,sales2017,2233,5,14379,2017-09-07,LAGUNA,#REF!,8,310,2480,,0,8,129.7,1037.6,1442.4
raw_sales_report,Medshield (Keith San Miguel).xlsx,sales2017,2234,5,14379,2017-09-07,LAGUNA,#REF!,4,870,3480,,0,4,219,876,2604
raw_sales_report,Medshield (Keith San Miguel).xlsx,sales2017,2235,5,14380,2017-09-08,LAGUNA,#REF!,2,4000,8000,,0,2,650,1300,6700
raw_sales_report,Medshield (Keith San Miguel).xlsx,sales2017,2236,5,14382,2017-09-14,LAGUNA,#REF!,2,1500,3000,,0,2,445,890,2110
raw_sales_report,Medshield (Keith San Miguel).xlsx,sales2017,2237,5,14383,2017-09-14,LAGUNA,#REF!,5,500,2500,,0,5,250,1250,1250
raw_sales_report,Medshield (Keith San Miguel).xlsx,sales2017,2238,5,14384,2017-09-14,LAGUNA,#REF!,2,2200,4400,,0,2,650,1300,3100
raw_sales_report,Medshield (Keith San Miguel).xlsx,sales2017,2239,5,14386,2017-09-18,LAGUNA,#REF!,60,190,11400,,0,60,73,4380,7020
raw_sales_report,Medshield (Keith San Miguel).xlsx,sales2017,2240,5,14387,2017-09-14,LAGUNA,#REF!,2,1400,2800,,0,2,90,180,2620
raw_sales_report,Medshield (Keith San Miguel).xlsx,sales2017,2241,5,14387,2017-09-14,LAGUNA,#REF!,1,820,820,,0,1,240,240,580
raw_sales_report,Medshield (Keith San Miguel).xlsx,sales2017,2242,5,14388,2017-09-14,LAGUNA,#REF!,2,4000,8000,,0,2,650,1300,6700
raw_sales_report,Medshield (Keith San Miguel).xlsx,sales2017,2243,5,14390,2017-09-20,LAGUNA,#REF!,2,1800,3600,,0,2,435,870,2730
raw_sales_report,Medshield (Keith San Miguel).xlsx,sales2017,2244,5,14391,2017-09-20,LAGUNA,#REF!,2,2790,5580,,0,2,1173.6,2347.2,3232.8
raw_sales_report,Medshield (Keith San Miguel).xlsx,sales2017,2245,5,14392,2017-09-20,LAGUNA,#REF!,1,1800,1800,,0,1,535,535,1265
raw_sales_report,Medshield (Keith San Miguel).xlsx,sales2017,2246,5,14393,2017-09-20,LAGUNA,#REF!,40,190,7600,,0,40,73,2920,4680
raw_sales_report,Medshield (Keith San Miguel).xlsx,sales2017,2247,5,14393,2017-09-20,LAGUNA,#REF!,2,2100,4200,,0,2,1450,2900,1300
raw_sales_report,Medshield (Keith San Miguel).xlsx,sales2017,2248,5,14394,2017-09-20,LAGUNA,#REF!,60,190,11400,,0,60,73,4380,7020
raw_sales_report,Medshield (Keith San Miguel).xlsx,sales2017,2249,5,14394,2017-09-20,LAGUNA,#REF!,2,1225,2450,,0,2,415,830,1620
raw_sales_report,Medshield (Keith San Miguel).xlsx,sales2017,2250,5,14395,2017-09-26,LAGUNA,#REF!,2,683,1366,,0,2,184.09,368.18,997.8199999999999
raw_sales_report,Medshield (Keith San Miguel).xlsx,sales2017,2251,5,14396,2017-09-26,LAGUNA,#REF!,2,2900,5800,,0,2,650,1300,4500
raw_sales_report,Medshield (Keith San Miguel).xlsx,sales2017,2252,5,14402,2017-08-29,BATANGAS,#REF!,10,165,1650,,0,10,22,220,1430
raw_sales_report,Medshield (Keith San Miguel).xlsx,sales2017,2253,5,14402,2017-08-29,BATANGAS,#REF!,5,2530,12650,,0,5,750,3750,8900
raw_sales_report,Medshield (Keith San Miguel).xlsx,sales2017,2254,5,14402,2017-08-29,BATANGAS,#REF!,2,2530,5060,,0,2,785,1570,3490
raw_sales_report,Medshield (Keith San Miguel).xlsx,sales2017,2255,5,14402,2017-08-29,BATANGAS,#REF!,2,550,1100,,0,2,128,256,844
raw_sales_report,Medshield (Keith San Miguel).xlsx,sales2017,2256,5,14402,2017-08-29,BATANGAS,#REF!,14,88,1232,,0,14,25,350,882
raw_sales_report,Medshield (Keith San Miguel).xlsx,sales2017,2257,5,14402,2017-08-29,BATANGAS,#REF!,5,30,150,,0,5,129.7,648.5,-498.5
raw_sales_report,Medshield (Keith San Miguel).xlsx,sales2017,2258,5,14418,2017-09-07,BATANGAS,#REF!,4,3300,13200,,0,4,1560,6240,6960
raw_sales_report,Medshield (Keith San Miguel).xlsx,sales2017,2259,5,14419,2017-09-17,BATANGAS,#REF!,4,550,2200,,0,4,128,512,1688
raw_sales_report,Medshield (Keith San Miguel).xlsx,sales2017,2260,5,14419,2017-09-17,BATANGAS,#REF!,5,990,4950,,0,5,563,2815,2135
raw_sales_report,Medshield (Keith San Miguel).xlsx,sales2017,2261,5,14419,2017-09-17,BATANGAS,#REF!,5,1925,9625,,0,5,415,2075,7550
raw_sales_report,Medshield (Keith San Miguel).xlsx,sales2017,2262,5,14420,2017-09-07,BATANGAS,#REF!,2,198,396,,0,2,60,120,276
raw_sales_report,Medshield (Keith San Miguel).xlsx,sales2017,2263,5,14420,2017-09-07,BATANGAS,#REF!,10,176,1760,,0,10,40,400,1360
raw_sales_report,Medshield (Keith San Miguel).xlsx,sales2017,2264,5,14421,9/817,BATANGAS,#REF!,12,400,4800,,0,12,139.45,1673.3999999999999,3126.6000000000004
raw_sales_report,Medshield (Keith San Miguel).xlsx,sales2017,2265,5,14422,9/817,BATANGAS,#REF!,2,1980,3960,,0,2,500,1000,2960
raw_sales_report,Medshield (Keith San Miguel).xlsx,sales2017,2266,5,14423,2017-09-11,BATANGAS,#REF!,10,400,4000,,0,15,139.45,2091.75,1908.25
raw_sales_report,Medshield (Keith San Miguel).xlsx,sales2017,2267,5,14424,2017-09-14,BATANGAS,#REF!,10,180,1800,0.1,180,10,48,480,1140
raw_sales_report,Medshield (Keith San Miguel).xlsx,sales2017,2268,5,14425,2017-09-14,BATANGAS,#REF!,10,96,960,0.1,96,10,25,250,614
raw_sales_report,Medshield (Keith San Miguel).xlsx,sales2017,2269,5,14426,2017-09-14,BATANGAS,#REF!,6,480,2880,0.1,288,6,139.45,836.6999999999999,1755.3000000000002
raw_sales_report,Medshield (Keith San Miguel).xlsx,sales2017,2270,5,14427,2017-09-14,BATANGAS,#REF!,2,900,1800,0.1,180,2,300,600,1020
raw_sales_report,Medshield (Keith San Miguel).xlsx,sales2017,2271,5,14428,2017-09-14,BATANGAS,#REF!,2,780,1560,0.1,156,2,227.5,455,949
raw_sales_report,Medshield (Keith San Miguel).xlsx,sales2017,2272,5,14429,2017-09-14,BATANGAS,#REF!,2,1024,2048,0.1,204.8,2,270,540,1303.2
raw_sales_report,Medshield (Keith San Miguel).xlsx,sales2017,2273,5,14430,2017-09-14,BATANGAS,#REF!,1,2250,2250,,0,1,750,750,1500
raw_sales_report,Medshield (Keith San Miguel).xlsx,sales2017,2274,5,14431,2017-09-14,BATANGAS,#REF!,1,2250,2250,,0,1,750,750,1500
raw_sales_report,Medshield (Keith San Miguel).xlsx,sales2017,2275,5,14432,2017-09-14,BATANGAS,#REF!,8,350,2800,,0,8,148,1184,1616
raw_sales_report,Medshield (Keith San Miguel).xlsx,sales2017,2276,5,14432,2017-09-14,BATANGAS,#REF!,4,180,720,,0,4,48,192,528
raw_sales_report,Medshield (Keith San Miguel).xlsx,sales2017,2277,5,14433,2017-09-14,BATANGAS,#REF!,4,3360,13440,,0,4,1173.6,4694.4,8745.6
raw_sales_report,Medshield (Keith San Miguel).xlsx,sales2017,2278,5,14434,2017-09-14,BATANGAS,#REF!,2,1000,2000,,0,2,270,540,1460
raw_sales_report,Medshield (Keith San Miguel).xlsx,sales2017,2279,5,14435,2017-09-14,BATANGAS,#REF!,2,1080,2160,,0,2,240,480,1680
raw_sales_report,Medshield (Keith San Miguel).xlsx,sales2017,2280,5,14436,2017-09-14,BATANGAS,#REF!,2,3360,6720,,0,2,920,1840,4880
raw_sales_report,Medshield (Keith San Miguel).xlsx,sales2017,2281,5,14437,2017-09-14,BATANGAS,#REF!,2,1920,3840,,0,2,450,900,2940
raw_sales_report,Medshield (Keith San Miguel).xlsx,sales2017,2282,5,14438,2017-09-14,BATANGAS,#REF!,4,600,2400,,0,4,184.75,739,1661
raw_sales_report,Medshield (Keith San Miguel).xlsx,sales2017,2283,5,14439,2017-09-20,MINDORO,#REF!,3,750,2250,,0,3,225,675,1575
raw_sales_report,Medshield (Keith San Miguel).xlsx,sales2017,2284,5,14439,2017-09-20,MINDORO,#REF!,5,1500,7500,,0,5,540,2700,4800
raw_sales_report,Medshield (Keith San Miguel).xlsx,sales2017,2285,5,14439,2017-09-20,MINDORO,#REF!,1,850,850,,0,1,270,270,580
raw_sales_report,Medshield (Keith San Miguel).xlsx,sales2017,2286,5,14439,2017-09-20,MINDORO,#REF!,6,1600,9600,,0,6,480.9,2885.3999999999996,6714.6
raw_sales_report,Medshield (Keith San Miguel).xlsx,sales2017,2287,5,14440,2017-09-21,BATANGAS,#REF!,10,77,770,,0,10,24.5,245,525
raw_sales_report,Medshield (Keith San Miguel).xlsx,sales2017,2288,5,14440,2017-09-21,BATANGAS,#REF!,10,146,1460,,0,10,55.8,558,902
raw_sales_report,Medshield (Keith San Miguel).xlsx,sales2017,2289,5,14440,2017-09-21,BATANGAS,#REF!,1,3300,3300,,0,1,1560,1560,1740
raw_sales_report,Medshield (Keith San Miguel).xlsx,sales2017,2290,5,14441,2017-09-21,BATANGAS,#REF!,4,2970,11880,,0,4,1173.6,4694.4,7185.6
raw_sales_report,Medshield (Keith San Miguel).xlsx,sales2017,2291,5,14442,2017-09-21,BATANGAS,#REF!,5,990,4950,,0,5,323,1615,3335
raw_sales_report,Medshield (Keith San Miguel).xlsx,sales2017,2292,5,14442,2017-09-21,BATANGAS,#REF!,5,825,4125,,0,5,230,1150,2975
raw_sales_report,Medshield (Keith San Miguel).xlsx,sales2017,2293,5,14443,2017-09-21,BATANGAS,#REF!,3,1980,5940,,0,3,650,1950,3990
raw_sales_report,Medshield (Keith San Miguel).xlsx,sales2017,2294,5,14443,2017-09-21,BATANGAS,#REF!,5,700,3500,,0,5,218.46,1092.3,2407.7
raw_sales_report,Medshield (Keith San Miguel).xlsx,sales2017,2295,5,14444,2017-09-21,BATANGAS,#REF!,5,2530,12650,,0,5,750,3750,8900
raw_sales_report,Medshield (Keith San Miguel).xlsx,sales2017,2296,5,14445,2017-09-21,BATANGAS,#REF!,2,1980,3960,,0,2,685,1370,2590
raw_sales_report,Medshield (Keith San Miguel).xlsx,sales2017,2297,5,14445,2017-09-21,BATANGAS,#REF!,4,3300,13200,,0,4,1450,5800,7400
raw_sales_report,Medshield (Keith San Miguel).xlsx,sales2017,2298,5,14446,2017-09-21,BATANGAS,#REF!,2,3000,6000,,0,2,1450,2900,3100
raw_sales_report,Medshield (Keith San Miguel).xlsx,sales2017,2299,5,14447,2017-09-21,BATANGAS,#REF!,10,72,720,,0,10,23,230,490
raw_sales_report,Medshield (Keith San Miguel).xlsx,sales2017,2300,5,14448,2017-09-21,BATANGAS,#REF!,2,1300,2600,,0,2,200,400,2200
raw_sales_report,Medshield (Keith San Miguel).xlsx,sales2017,2301,5,14449,2017-09-21,BATANGAS,#REF!,1,960,960,,0,1,225,225,735
raw_sales_report,Medshield (Keith San Miguel).xlsx,sales2017,2302,5,14450,2017-09-21,BATANGAS,#REF!,3,900,2700,,0,3,300,900,1800
raw_sales_report,Medshield (Keith San Miguel).xlsx,sales2017,2303,5,14451,2017-09-08,CAVITE,#REF!,2,1100,2200,,0,3,146.8,440.40000000000003,1759.6
raw_sales_report,Medshield (Keith San Miguel).xlsx,sales2017,2304,5,14451,2017-09-21,BATANGAS,#REF!,7,144,1008,,0,7,38,266,742
raw_sales_report,Medshield (Keith San Miguel).xlsx,sales2017,2305,5,14452,2017-09-11,CAVITE,#REF!,6,78,468,0.1,46.800000000000004,6,22.75,136.5,284.7
raw_sales_report,Medshield (Keith San Miguel).xlsx,sales2017,2306,5,14452,2017-09-11,CAVITE,#REF!,6,92,552,0.1,55.2,6,36.93,221.57999999999998,275.22
raw_sales_report,Medshield (Keith San Miguel).xlsx,sales2017,2307,5,14452,2017-09-11,CAVITE,#REF!,1,650,650,0.1,65,1,168,168,417
raw_sales_report,Medshield (Keith San Miguel).xlsx,sales2017,2308,5,14452,2017-09-11,CAVITE,#REF!,1,980,980,0.1,98,1,280,280,602
raw_sales_report,Medshield (Keith San Miguel).xlsx,sales2017,2309,5,14452,2017-09-11,CAVITE,#REF!,1,1800,1800,0.1,180,1,590,590,1030
raw_sales_report,Medshield (Keith San Miguel).xlsx,sales2017,2310,5,14453,2017-09-21,BATANGAS,#REF!,12,190,2280,,0,12,75.6,907.1999999999999,1372.8000000000002
raw_sales_report,Medshield (Keith San Miguel).xlsx,sales2017,2311,5,14455,2017-09-13,CAVITE,#REF!,2,2450,4900,0.3,1470,2,880.91,1761.82,1668.18
raw_sales_report,Medshield (Keith San Miguel).xlsx,sales2017,2312,5,14456,2017-09-30,CAVITE,#REF!,1,3000,3000,0.1,300,1,1450,1450,1250
raw_sales_report,Medshield (Keith San Miguel).xlsx,sales2017,2313,5,14456,2017-09-30,CAVITE,#REF!,1,2500,2500,0.1,250,1,750,750,1500
raw_sales_report,Medshield (Keith San Miguel).xlsx,sales2017,2314,5,14457,2017-09-22,CAVITE,#REF!,6,92,552,0.1,55.2,6,26.93,161.57999999999998,335.22
raw_sales_report,Medshield (Keith San Miguel).xlsx,sales2017,2315,5,14457,2017-09-22,CAVITE,#REF!,6,78,468,0.1,46.800000000000004,6,22.75,136.5,284.7
raw_sales_report,Medshield (Keith San Miguel).xlsx,sales2017,2316,5,14457,2017-09-22,CAVITE,#REF!,6,80,480,0.1,48,6,24.47,146.82,285.18
raw_sales_report,Medshield (Keith San Miguel).xlsx,sales2017,2317,5,14457,2017-09-22,CAVITE,#REF!,1,500,500,0.1,50,1,133,133,317
raw_sales_report,Medshield (Keith San Miguel).xlsx,sales2017,2318,5,14457,2017-09-22,CAVITE,#REF!,1,650,650,0.1,65,1,168,168,417
raw_sales_report,Medshield (Keith San Miguel).xlsx,sales2017,2319,5,14457,2017-09-22,CAVITE,#REF!,1,800,800,0.1,80,1,225,225,495
raw_sales_report,Medshield (Keith San Miguel).xlsx,sales2017,2320,5,14502,2017-08-29,CAM NORTE,#REF!,12,145,1740,,0,18,47,846,894
raw_sales_report,Medshield (Keith San Miguel).xlsx,sales2017,2321,5,14505,2017-09-07,CAM NORTE,#REF!,2,1164.8,2329.6,,0,2,333,666,1663.6
raw_sales_report,Medshield (Keith San Miguel).xlsx,sales2017,2322,5,14553,2017-09-21,BATANGAS,#REF!,7,365,2555,,0,7,148,1036,1519
raw_sales_report,Medshield (Keith San Miguel).xlsx,sales2017,2323,5,14554,2017-09-21,BATANGAS,#REF!,11,150,1650,,0,11,44,484,1166
raw_sales_report,Medshield (Keith San Miguel).xlsx,sales2017,2324,5,14555,2017-09-21,BATANGAS,#REF!,7,150,1050,,0,7,42,294,756
raw_sales_report,Medshield (Keith San Miguel).xlsx,sales2017,2325,5,14556,2017-09-21,BATANGAS,#REF!,18,300,5400,,0,18,75.6,1360.8,4039.2
raw_sales_report,Medshield (Keith San Miguel).xlsx,sales2017,2326,5,14557,2017-09-21,BATANGAS,#REF!,21,80,1680,,0,21,24.47,513.87,1166.13
raw_sales_report,Medshield (Keith San Miguel).xlsx,sales2017,2327,5,14559,2017-09-26,BATANGAS,#REF!,2,850,1700,,0,2,270,540,1160
raw_sales_report,Medshield (Keith San Miguel).xlsx,sales2017,2328,5,14560,2017-09-26,BATANGAS,#REF!,2,550,1100,,0,2,128,256,844
raw_sales_report,Medshield (Keith San Miguel).xlsx,sales2017,2329,5,14561,2017-09-26,BATANGAS,#REF!,9,600,5400,,0,9,158,1422,3978
raw_sales_report,Medshield (Keith San Miguel).xlsx,sales2017,2330,5,14562,2017-09-26,BATANGAS,#REF!,10,160,1600,,0,10,47,470,1130
raw_sales_report,Medshield (Keith San Miguel).xlsx,sales2017,2331,5,14563,2017-09-26,BATANGAS,#REF!,1,2160,2160,,0,1,685,685,1475
raw_sales_report,Medshield (Keith San Miguel).xlsx,sales2017,2332,5,14564,2017-09-26,BATANGAS,#REF!,1,2160,2160,,0,1,685,685,1475
raw_sales_report,Medshield (Keith San Miguel).xlsx,sales2017,2333,5,14565,2017-09-26,BATANGAS,#REF!,2,850,1700,,0,2,270,540,1160
raw_sales_report,Medshield (Keith San Miguel).xlsx,sales2017,2334,5,14566,2017-09-26,BATANGAS,#REF!,3,780,2340,,0,3,168,504,1836
raw_sales_report,Medshield (Keith San Miguel).xlsx,sales2017,2335,5,14567,2017-09-26,BATANGAS,#REF!,5,4200,21000,,0,5,1235,6175,14825
raw_sales_report,Medshield (Keith San Miguel).xlsx,sales2017,2336,5,14568,2017-09-26,BATANGAS,#REF!,6,96,576,,0,6,26,156,420
raw_sales_report,Medshield (Keith San Miguel).xlsx,sales2017,2337,5,14568,2017-09-26,BATANGAS,#REF!,6,74,444,,0,6,23.45,140.7,303.3
raw_sales_report,Medshield (Keith San Miguel).xlsx,sales2017,2338,5,14568,2017-09-26,BATANGAS,#REF!,6,53,318,,0,6,16.8,100.80000000000001,217.2
raw_sales_report,Medshield (Keith San Miguel).xlsx,sales2017,2339,5,14568,2017-09-26,BATANGAS,#REF!,12,176,2112,,0,12,67,804,1308
raw_sales_report,Medshield (Keith San Miguel).xlsx,sales2017,2340,5,14569,2017-09-26,BATANGAS,#REF!,4,550,2200,,0,4,128,512,1688
raw_sales_report,Medshield (Keith San Miguel).xlsx,sales2017,2341,5,14569,2017-09-26,BATANGAS,#REF!,2,1980,3960,,0,2,595,1190,2770
raw_sales_report,Medshield (Keith San Miguel).xlsx,sales2017,2342,5,14570,2017-09-26,BATANGAS,#REF!,10,160,1600,,0,10,47,470,1130
raw_sales_report,Medshield (Keith San Miguel).xlsx,sales2017,2343,5,14571,2017-09-28,BATANGAS,#REF!,9,96,864,,0,9,24.47,220.23,643.77
raw_sales_report,Medshield (Keith San Miguel).xlsx,sales2017,2344,5,14572,2017-09-28,BATANGAS,#REF!,3,1500,4500,,0,3,277.5,832.5,3667.5
raw_sales_report,Medshield (Keith San Miguel).xlsx,sales2017,2345,5,14572,2017-09-28,BATANGAS,#REF!,180,181.81,32725.8,,0,180,82,14760,17965.8
raw_sales_report,Medshield (Keith San Miguel).xlsx,sales2017,2346,5,14601,2017-09-22,MARINDUQUE,#REF!,1,1150,1150,,0,1,345,345,805
raw_sales_report,Medshield (Keith San Miguel).xlsx,sales2017,2347,5,14602,2017-09-22,MARINDUQUE,#REF!,10,870,8700,0.33,2871,10,219,2190,3639
raw_sales_report,Medshield (Keith San Miguel).xlsx,sales2017,2348,5,14603,2017-09-22,MARINDUQUE,#REF!,3,2790,8370,0.3,2511,3,1173.6,3520.7999999999997,2338.2000000000003
raw_sales_report,Medshield (Keith San Miguel).xlsx,sales2017,2349,5,14604,2017-09-22,MARINDUQUE,#REF!,1,2790,2790,0.3,837,1,1173.6,1173.6,779.4000000000001
raw_sales_report,Medshield (Keith San Miguel).xlsx,sales2017,2350,5,14604,2017-09-22,MARINDUQUE,#REF!,1,1200,1200,0.3,360,1,330,330,510
raw_sales_report,Medshield (Keith San Miguel).xlsx,sales2017,2351,5,14604,2017-09-22,MARINDUQUE,#REF!,1,1800,1800,0.3,540,1,790,790,470
raw_sales_report,Medshield (Keith San Miguel).xlsx,sales2017,2352,5,14604,2017-09-22,MARINDUQUE,#REF!,1,650,650,0.3,195,1,168,168,287
raw_sales_report,Medshield (Keith San Miguel).xlsx,sales2017,2353,5,14604,2017-09-22,MARINDUQUE,#REF!,1,1900,1900,0.3,570,1,890,890,440
raw_sales_report,Medshield (Keith San Miguel).xlsx,sales2017,2354,5,14607,2017-09-27,QUEZON,#REF!,10,750,7500,,0,11,219,2409,5091
raw_sales_report,Medshield (Keith San Miguel).xlsx,sales2017,2355,5,14607,2017-09-27,QUEZON,#REF!,5,1425,7125,,0,5,445,2225,4900
raw_sales_report,Medshield (Keith San Miguel).xlsx,sales2017,2356,5,14607,2017-09-27,QUEZON,#REF!,5,1100,5500,,0,5,365,1825,3675
raw_sales_report,Medshield (Keith San Miguel).xlsx,sales2017,2357,5,14607,2017-09-27,QUEZON,#REF!,5,950,4750,,0,5,287.5,1437.5,3312.5
raw_sales_report,Medshield (Keith San Miguel).xlsx,sales2017,2358,5,14608,2017-09-27,QUEZON,#REF!,10,2790,27900,,0,10,1173.6,11736,16164
raw_sales_report,Medshield (Keith San Miguel).xlsx,sales2017,2359,5,14609,2017-09-28,QUEZON,#REF!,3,3800,11400,,0,3,890,2670,8730
raw_sales_report,Medshield (Keith San Miguel).xlsx,sales2017,2360,5,14610,2017-09-28,QUEZON,#REF!,1,635,635,,0,1,240,240,395
raw_sales_report,Medshield (Keith San Miguel).xlsx,sales2017,2361,5,14610,2017-09-28,QUEZON,#REF!,1,300,300,,0,1,135,135,165
raw_sales_report,Medshield (Keith San Miguel).xlsx,sales2017,2362,5,14611,2017-09-29,QUEZON,#REF!,20,240,4800,,0,20,75,1500,3300
raw_sales_report,Medshield (Keith San Miguel).xlsx,sales2017,2363,5,14611,2017-09-29,QUEZON,#REF!,20,175,3500,,0,20,75,1500,2000
raw_sales_report,Medshield (Keith San Miguel).xlsx,sales2017,2364,5,14612,2017-09-29,QUEZON,#REF!,20,80,1600,,0,30,23.45,703.5,896.5
raw_sales_report,Medshield (Keith San Miguel).xlsx,sales2017,2365,5,14612,2017-09-29,QUEZON,#REF!,14,112,1568,,0,21,35,735,833
raw_sales_report,Medshield (Keith San Miguel).xlsx,sales2017,2366,5,14751,2017-09-28,HOSPITAL,#REF!,720,280,201600,,0,720,135,97200,104400
raw_sales_report,Medshield (Keith San Miguel).xlsx,sales2017,2367,5,11994,2017-09-08,SUPPLIES,#REF!,,,0,,0,0,,0,0
raw_sales_report,Medshield (Keith San Miguel).xlsx,sales2017,2368,5,11995,2017-09-08,SUPPLIES,#REF!,,,0,,0,0,,0,0
raw_sales_report,Medshield (Keith San Miguel).xlsx,sales2017,2369,5,11996,2017-09-08,SUPPLIES,#REF!,,,0,,0,0,,0,0
raw_sales_report,Medshield (Keith San Miguel).xlsx,sales2017,2370,5,10120,2017-09-07,GOVERNMENT,#REF!,1,,0,,0,1,,0,0
raw_sales_report,Medshield (Keith San Miguel).xlsx,sales2017,2371,5,10129,2017-09-21,GOVERNMENT,#REF!,,,0,,0,0,,0,0
raw_sales_report,Medshield (Keith San Miguel).xlsx,sales2017,2372,5,10131,2017-09-21,GOVERNMENT,#REF!,,,0,,0,0,,0,0
raw_sales_report,Medshield (Keith San Miguel).xlsx,sales2017,2373,5,10132,2018-09-19,GOVERNMENT,#REF!,,,0,,0,0,,0,0
raw_sales_report,Medshield (Keith San Miguel).xlsx,sales2017,2374,5,10133,2018-09-19,GOVERNMENT,#REF!,,,0,,0,0,,0,0
raw_sales_report,Medshield (Keith San Miguel).xlsx,sales2017,2375,5,10134,2018-09-19,GOVERNMENT,#REF!,,,0,,0,0,,0,0
raw_sales_report,Medshield (Keith San Miguel).xlsx,sales2017,2376,5,10135,2018-09-19,GOVERNMENT,#REF!,,,0,,0,0,,0,0
raw_sales_report,Medshield (Keith San Miguel).xlsx,sales2017,2377,5,10138,2017-09-21,ADMIN,#REF!,100,120,12000,,0,100,26,2600,9400
raw_sales_report,Medshield (Keith San Miguel).xlsx,sales2017,2378,5,10147,,GOVERNMENT,#REF!,,,0,,0,0,,0,0
raw_sales_report,Medshield (Keith San Miguel).xlsx,sales2017,2379,5,10149,2017-10-09,ADMIN,#REF!,50,4800,240000,,0,50,1872,93600,146400
raw_sales_report,Medshield (Keith San Miguel).xlsx,sales2017,2380,5,10150,2017-10-09,ADMIN,#REF!,120,2450,294000,,0,120,818.18,98181.59999999999,195818.40000000002
raw_sales_report,Medshield (Keith San Miguel).xlsx,sales2017,2381,5,12627,2017-06-20,CAM SUR,#REF!,6,310,1860,,0,6,24.47,146.82,1713.18
raw_sales_report,Medshield (Keith San Miguel).xlsx,sales2017,2382,5,12886,,GOVERNMENT ,#REF!,,,0,,0,0,,0,0
raw_sales_report,Medshield (Keith San Miguel).xlsx,sales2017,2383,5,12891,2017-10-12,HOSPITAL,#REF!,2,3960,7920,,0,2,1872,3744,4176
raw_sales_report,Medshield (Keith San Miguel).xlsx,sales2017,2384,5,12893,2017-10-12,QUEZON,#REF!,20,750,15000,,0,20,202.5,4050,10950
raw_sales_report,Medshield (Keith San Miguel).xlsx,sales2017,2385,5,12893,2017-10-12,QUEZON,#REF!,20,750,15000,,0,20,219,4380,10620
raw_sales_report,Medshield (Keith San Miguel).xlsx,sales2017,2386,5,12893,2017-10-12,QUEZON,#REF!,10,950,9500,,0,10,287.5,2875,6625
raw_sales_report,Medshield (Keith San Miguel).xlsx,sales2017,2387,5,12893,2017-10-12,QUEZON,#REF!,5,480,2400,,0,5,128,640,1760
raw_sales_report,Medshield (Keith San Miguel).xlsx,sales2017,2388,5,12898,2017-10-16,HOSPITAL,#REF!,720,280,201600,,0,720,114.66,82555.2,119044.8
raw_sales_report,Medshield (Keith San Miguel).xlsx,sales2017,2389,5,12899,2017-10-15,HOSPITAL,#REF!,500,533.4,266700,,0,500,293.37,146685,120015
raw_sales_report,Medshield (Keith San Miguel).xlsx,sales2017,2390,5,12899,2017-10-15,HOSPITAL,#REF!,1000,377.44,377440,,0,1000,207.59,207590,169850
raw_sales_report,Medshield (Keith San Miguel).xlsx,sales2017,2391,5,13037,2017-10-20,SUPPLIES,#REF!,,,0,,0,0,,0,0
raw_sales_report,Medshield (Keith San Miguel).xlsx,sales2017,2392,5,13513,2017-06-08,ADMIN,#REF!,7,517.86,3625.02,,0,7,725,5075,-1449.98
raw_sales_report,Medshield (Keith San Miguel).xlsx,sales2017,2393,5,13513,2017-06-08,ADMIN,#REF!,7,607.143,4250.001,,0,7,270,1890,2360.001
raw_sales_report,Medshield (Keith San Miguel).xlsx,sales2017,2394,5,13513,2017-06-08,ADMIN,#REF!,7,1250,8750,,0,7,260,1820,6930
raw_sales_report,Medshield (Keith San Miguel).xlsx,sales2017,2395,5,13514,2017-06-08,ADMIN,#REF!,2,1950,3900,0.2,780,2,590,1180,1940
raw_sales_report,Medshield (Keith San Miguel).xlsx,sales2017,2396,5,13971,2017-10-11,CAM NORTE,#REF!,3,5500,16500,,0,3,1875,5625,10875
raw_sales_report,Medshield (Keith San Miguel).xlsx,sales2017,2397,5,13974,2017-10-05,CAM NORTE,#REF!,3,650,1950,,0,3,,0,1950
raw_sales_report,Medshield (Keith San Miguel).xlsx,sales2017,2398,5,13975,2017-10-05,CAM NORTE,#REF!,3,885,2655,,0,3,265,795,1860
raw_sales_report,Medshield (Keith San Miguel).xlsx,sales2017,2399,5,13976,2017-10-05,CAM NORTE,#REF!,3,1900,5700,,0,3,595,1785,3915
raw_sales_report,Medshield (Keith San Miguel).xlsx,sales2017,2400,5,13978,2017-10-05,CAM NORTE,#REF!,3,2800,8400,,0,3,1173.6,3520.7999999999997,4879.200000000001
raw_sales_report,Medshield (Keith San Miguel).xlsx,sales2017,2401,5,13979,2017-10-05,CAM NORTE,#REF!,5,591,2955,,0,5,351,1755,1200
raw_sales_report,Medshield (Keith San Miguel).xlsx,sales2017,2402,5,13980,2017-10-05,CAM NORTE,#REF!,9,310,2790,,0,9,129.7,1167.3,1622.7
raw_sales_report,Medshield (Keith San Miguel).xlsx,sales2017,2403,5,13981,2017-10-05,CAM NORTE,#REF!,10,450,4500,,0,10,148,1480,3020
raw_sales_report,Medshield (Keith San Miguel).xlsx,sales2017,2404,5,13982,2017-10-05,CAM NORTE,#REF!,10,99,990,,0,10,31.25,312.5,677.5
raw_sales_report,Medshield (Keith San Miguel).xlsx,sales2017,2405,5,14048,2017-10-09,ADMIN,#REF!,30,1450,43500,,0,30,1450,43500,0
raw_sales_report,Medshield (Keith San Miguel).xlsx,sales2017,2406,5,14049,2017-10-09,GOVERNMENT,#REF!,,,0,,0,0,,0,0
raw_sales_report,Medshield (Keith San Miguel).xlsx,sales2017,2407,5,14050,,ADMIN,#REF!,5,750,3750,,0,5,170,850,2900
raw_sales_report,Medshield (Keith San Miguel).xlsx,sales2017,2408,5,14050,,ADMIN,#REF!,30,138,4140,,0,30,26.25,787.5,3352.5
raw_sales_report,Medshield (Keith San Miguel).xlsx,sales2017,2409,5,14050,,ADMIN,#REF!,5,1250,6250,,0,5,90,450,5800
raw_sales_report,Medshield (Keith San Miguel).xlsx,sales2017,2410,5,14050,,ADMIN,#REF!,5,862,4310,,0,5,225,1125,3185
raw_sales_report,Medshield (Keith San Miguel).xlsx,sales2017,2411,5,14050,,ADMIN,#REF!,5,1725,8625,,0,5,435,2175,6450
raw_sales_report,Medshield (Keith San Miguel).xlsx,sales2017,2412,5,14050,,ADMIN,#REF!,5,2020,10100,,0,5,450,2250,7850
raw_sales_report,Medshield (Keith San Miguel).xlsx,sales2017,2413,5,14050,,ADMIN,#REF!,2,7500,15000,,0,2,348,696,14304
raw_sales_report,Medshield (Keith San Miguel).xlsx,sales2017,2414,5,14332,2017-09-22,CAM SUR,#REF!,6,310,1860,,0,6,129.7,778.1999999999999,1081.8000000000002
raw_sales_report,Medshield (Keith San Miguel).xlsx,sales2017,2415,5,14333,2017-09-26,CAM SUR,#REF!,15,885,13275,,0,15,270,4050,9225
raw_sales_report,Medshield (Keith San Miguel).xlsx,sales2017,2416,5,14334,2017-09-27,CAM SUR,#REF!,2,3000,6000,,0,2,1450,2900,3100
raw_sales_report,Medshield (Keith San Miguel).xlsx,sales2017,2417,5,14335,2017-09-27,CAM SUR,#REF!,12,88,1056,,0,12,24.47,293.64,762.36
raw_sales_report,Medshield (Keith San Miguel).xlsx,sales2017,2418,5,14337,2017-09-27,CAM SUR,#REF!,2,750,1500,,0,2,227.5,455,1045
raw_sales_report,Medshield (Keith San Miguel).xlsx,sales2017,2419,5,14338,2017-09-27,CAM SUR,#REF!,2,550,1100,,0,2,550,1100,0
raw_sales_report,Medshield (Keith San Miguel).xlsx,sales2017,2420,5,14339,2017-09-27,CAM SUR,#REF!,6,450,2700,,0,6,139.45,836.6999999999999,1863.3000000000002
raw_sales_report,Medshield (Keith San Miguel).xlsx,sales2017,2421,5,14340,2017-09-27,CAM SUR,#REF!,6,68,408,,0,6,21,126,282
raw_sales_report,Medshield (Keith San Miguel).xlsx,sales2017,2422,5,14340,2017-09-27,CAM SUR,#REF!,6,80,480,,0,6,23.45,140.7,339.3
raw_sales_report,Medshield (Keith San Miguel).xlsx,sales2017,2423,5,14341,2017-09-27,CAM SUR,#REF!,2,2700,5400,,0,2,1173.6,2347.2,3052.8
raw_sales_report,Medshield (Keith San Miguel).xlsx,sales2017,2424,5,14342,2017-09-27,CAM SUR,#REF!,2,2700,5400,,0,2,1173.6,2347.2,3052.8
raw_sales_report,Medshield (Keith San Miguel).xlsx,sales2017,2425,5,14343,2017-09-27,CAM SUR,#REF!,12,88,1056,,0,12,24.47,293.64,762.36
raw_sales_report,Medshield (Keith San Miguel).xlsx,sales2017,2426,5,14344,2017-09-27,CAM SUR,#REF!,2,,0,,0,2,240,480,-480
raw_sales_report,Medshield (Keith San Miguel).xlsx,sales2017,2427,5,14345,2017-09-28,CAM SUR,#REF!,1,1200,1200,,0,1,345,345,855
raw_sales_report,Medshield (Keith San Miguel).xlsx,sales2017,2428,5,14345,2017-09-28,CAM SUR,#REF!,1,1600,1600,,0,1,480.9,480.9,1119.1
raw_sales_report,Medshield (Keith San Miguel).xlsx,sales2017,2429,5,14346,2017-09-28,CAM SUR,#REF!,20,95,1900,,0,20,75.6,1512,388
raw_sales_report,Medshield (Keith San Miguel).xlsx,sales2017,2430,5,14347,2017-09-29,CAM SUR,#REF!,10,450,4500,,0,10,182,1820,2680
raw_sales_report,Medshield (Keith San Miguel).xlsx,sales2017,2431,5,14348,2017-09-29,CAM SUR,#REF!,40,175,7000,,0,40,85,3400,3600
raw_sales_report,Medshield (Keith San Miguel).xlsx,sales2017,2432,5,14349,2017-10-04,CAM SUR,#REF!,6,145.833,874.998,,0,6,47,282,592.998
raw_sales_report,Medshield (Keith San Miguel).xlsx,sales2017,2433,5,14350,2017-10-04,CAM SUR,#REF!,10,80,800,,0,10,23.45,234.5,565.5
raw_sales_report,Medshield (Keith San Miguel).xlsx,sales2017,2434,5,14350,2017-10-04,CAM SUR,#REF!,10,68,680,,0,10,21,210,470
raw_sales_report,Medshield (Keith San Miguel).xlsx,sales2017,2435,5,14350,2017-10-04,CAM SUR,#REF!,1,1750,1750,,0,1,450,450,1300
raw_sales_report,Medshield (Keith San Miguel).xlsx,sales2017,2436,5,14350,2017-10-04,CAM SUR,#REF!,1,1800,1800,,0,1,540,540,1260
raw_sales_report,Medshield (Keith San Miguel).xlsx,sales2017,2437,5,14398,2017-10-02,LAGUNA,#REF!,2,1400,2800,,0,2,90,180,2620
raw_sales_report,Medshield (Keith San Miguel).xlsx,sales2017,2438,5,14399,2017-10-02,LAGUNA,#REF!,60,190,11400,,0,60,73,4380,7020
raw_sales_report,Medshield (Keith San Miguel).xlsx,sales2017,2439,5,14399,2017-10-02,LAGUNA,#REF!,2,2100,4200,,0,2,1450,2900,1300
raw_sales_report,Medshield (Keith San Miguel).xlsx,sales2017,2440,5,14454,2017-09-17,CAVITE,#REF!,6,580,3480,0.3,1044,6,185,1110,1326
raw_sales_report,Medshield (Keith San Miguel).xlsx,sales2017,2441,5,14454,2017-09-17,CAVITE,#REF!,2,3800,7600,0.3,2280,2,890,1780,3540
raw_sales_report,Medshield (Keith San Miguel).xlsx,sales2017,2442,5,14454,2017-09-17,CAVITE,#REF!,2,500,1000,0.3,300,2,68,136,564
raw_sales_report,Medshield (Keith San Miguel).xlsx,sales2017,2443,5,14454,2017-09-17,CAVITE,#REF!,1,2500,2500,0.3,750,1,750,750,1000
raw_sales_report,Medshield (Keith San Miguel).xlsx,sales2017,2444,5,14459,2017-09-25,CAVITE,#REF!,5,635,3175,0.2,635,5,240.1,1200.5,1339.5
raw_sales_report,Medshield (Keith San Miguel).xlsx,sales2017,2445,5,14459,2017-09-25,CAVITE,#REF!,5,648,3240,0.2,648,5,345,1725,867
raw_sales_report,Medshield (Keith San Miguel).xlsx,sales2017,2446,5,14460,2017-10-03,CAVITE,#REF!,10,635,6350,0.2,1270,10,240.1,2401,2679
raw_sales_report,Medshield (Keith San Miguel).xlsx,sales2017,2447,5,14462,2017-10-04,CAVITE,#REF!,7,635,4445,0.2,889,7,240.1,1680.7,1875.3
raw_sales_report,Medshield (Keith San Miguel).xlsx,sales2017,2448,5,14462,2017-10-04,CAVITE,#REF!,7,648,4536,0.2,907.2,7,245,1715,1913.8000000000002
raw_sales_report,Medshield (Keith San Miguel).xlsx,sales2017,2449,5,14463,2017-10-04,CAVITE,#REF!,3,648,1944,0.2,388.8,3,,0,1555.2
raw_sales_report,Medshield (Keith San Miguel).xlsx,sales2017,2450,5,14463,2017-10-04,CAVITE,#REF!,3,592,1776,0.2,355.20000000000005,3,,0,1420.8
raw_sales_report,Medshield (Keith San Miguel).xlsx,sales2017,2451,5,14464,2017-10-04,CAVITE,#REF!,11,2500,27500,,0,11,1173.6,12909.599999999999,14590.400000000001
raw_sales_report,Medshield (Keith San Miguel).xlsx,sales2017,2452,5,14466,2017-10-03,CAVITE,#REF!,6,420,2520,,0,6,185,1110,1410
raw_sales_report,Medshield (Keith San Miguel).xlsx,sales2017,2453,5,14466,2017-10-03,CAVITE,#REF!,6,53.33,319.98,,0,6,24.47,146.82,173.16000000000003
raw_sales_report,Medshield (Keith San Miguel).xlsx,sales2017,2454,5,14466,2017-10-03,CAVITE,#REF!,15,300,4500,,0,15,148,2220,2280
raw_sales_report,Medshield (Keith San Miguel).xlsx,sales2017,2455,5,14466,2017-10-03,CAVITE,#REF!,1,2100,2100,,0,1,1450,1450,650
raw_sales_report,Medshield (Keith San Miguel).xlsx,sales2017,2456,5,14468,2017-10-05,CAVITE,#REF!,2,2790,5580,0.2,1116,2,1173.6,2347.2,2116.8
raw_sales_report,Medshield (Keith San Miguel).xlsx,sales2017,2457,5,14468,2017-10-05,CAVITE,#REF!,1,1150,1150,0.2,230,1,345,345,575
raw_sales_report,Medshield (Keith San Miguel).xlsx,sales2017,2458,5,14470,2017-10-19,CAVITE,#REF!,2,3000,6000,0.2,1200,2,1450,2900,1900
raw_sales_report,Medshield (Keith San Miguel).xlsx,sales2017,2459,5,14470,2017-10-19,CAVITE,#REF!,2,750,1500,0.2,300,2,225,450,750
raw_sales_report,Medshield (Keith San Miguel).xlsx,sales2017,2460,5,14471,2017-10-19,CAVITE,#REF!,1,4800,4800,,0,1,1450,1450,3350
raw_sales_report,Medshield (Keith San Miguel).xlsx,sales2017,2461,5,14472,2017-10-09,CAVITE,#REF!,6,480,2880,,0,6,182,1092,1788
raw_sales_report,Medshield (Keith San Miguel).xlsx,sales2017,2462,5,14573,2017-10-02,BATNGAS,#REF!,5,1272.72,6363.6,,0,5,823,4115,2248.6000000000004
raw_sales_report,Medshield (Keith San Miguel).xlsx,sales2017,2463,5,14573,2017-10-02,BATNGAS,#REF!,6,1600,9600,,0,6,345,2070,7530
raw_sales_report,Medshield (Keith San Miguel).xlsx,sales2017,2464,5,14574,2017-10-05,BATANGAS,#REF!,15,88,1320,,0,15,25,375,945
raw_sales_report,Medshield (Keith San Miguel).xlsx,sales2017,2465,5,14574,2017-10-05,BATANGAS,#REF!,5,935,4675,,0,5,260,1300,3375
raw_sales_report,Medshield (Keith San Miguel).xlsx,sales2017,2466,5,14575,2017-10-05,BATANGAS,#REF!,10,350,3500,,0,10,148,1480,2020
raw_sales_report,Medshield (Keith San Miguel).xlsx,sales2017,2467,5,14576,2017-10-05,BATANGAS,#REF!,14,180,2520,,0,14,48,672,1848
raw_sales_report,Medshield (Keith San Miguel).xlsx,sales2017,2468,5,14577,2017-10-05,BATANGAS,#REF!,2,1026,2052,,0,2,260,520,1532
raw_sales_report,Medshield (Keith San Miguel).xlsx,sales2017,2469,5,14578,2017-10-05,BATANGAS,#REF!,3,3360,10080,,0,3,1173.6,3520.7999999999997,6559.200000000001
raw_sales_report,Medshield (Keith San Miguel).xlsx,sales2017,2470,5,14579,2017-10-05,BATANGAS,#REF!,2,960,1920,,0,2,225,450,1470
raw_sales_report,Medshield (Keith San Miguel).xlsx,sales2017,2471,5,14580,2017-10-05,BATANGAS,#REF!,3,1098,3294,,0,3,345,1035,2259
raw_sales_report,Medshield (Keith San Miguel).xlsx,sales2017,2472,5,14581,2017-10-05,BATANGAS,#REF!,2,1026,2052,,0,2,270,540,1512
raw_sales_report,Medshield (Keith San Miguel).xlsx,sales2017,2473,5,14583,2017-10-06,BATANGAS,#REF!,6,365,2190,0.05,109.5,6,148,888,1192.5
raw_sales_report,Medshield (Keith San Miguel).xlsx,sales2017,2474,5,14583,2017-10-06,BATANGAS,#REF!,6,150,900,0.05,45,6,42,252,603
raw_sales_report,Medshield (Keith San Miguel).xlsx,sales2017,2475,5,14583,2017-10-06,BATANGAS,#REF!,1,750,750,0.05,37.5,1,225,225,487.5
raw_sales_report,Medshield (Keith San Miguel).xlsx,sales2017,2476,5,14584,2017-10-05,BATANGAS,#REF!,12,84,1008,,0,12,26.25,315,693
raw_sales_report,Medshield (Keith San Miguel).xlsx,sales2017,2477,5,14585,2017-10-05,BATANGAS,#REF!,5,600,3000,,0,5,158,790,2210
raw_sales_report,Medshield (Keith San Miguel).xlsx,sales2017,2478,5,14586,2017-10-05,BATANGAS,#REF!,2,3360,6720,,0,2,1173.6,2347.2,4372.8
raw_sales_report,Medshield (Keith San Miguel).xlsx,sales2017,2479,5,14586,2017-10-05,BATANGAS,#REF!,3,96,288,,0,3,25,75,213
raw_sales_report,Medshield (Keith San Miguel).xlsx,sales2017,2480,5,14587,2017-10-05,BATANGAS,#REF!,2,3360,6720,,0,2,1173.6,2347.2,4372.8
raw_sales_report,Medshield (Keith San Miguel).xlsx,sales2017,2481,5,14588,2017-10-05,BATANGAS,#REF!,14,96,1344,,0,14,24.47,342.58,1001.4200000000001
raw_sales_report,Medshield (Keith San Miguel).xlsx,sales2017,2482,5,14589,2017-10-05,BATANGAS,#REF!,3,1800,5400,,0,3,630,1890,3510
raw_sales_report,Medshield (Keith San Miguel).xlsx,sales2017,2483,5,14590,2017-10-05,BATANGAS,#REF!,5,2530,12650,,0,5,750,3750,8900
raw_sales_report,Medshield (Keith San Miguel).xlsx,sales2017,2484,5,14591,2017-10-12,BATANGAS,#REF!,5,1150,5750,,0,5,365,1825,3925
raw_sales_report,Medshield (Keith San Miguel).xlsx,sales2017,2485,5,14592,2017-10-17,BATANGAS,#REF!,6,100,600,,0,6,23,138,462
raw_sales_report,Medshield (Keith San Miguel).xlsx,sales2017,2486,5,14593,2017-10-05,BATANGAS,#REF!,5,1800,9000,,0,5,480.9,2404.5,6595.5
raw_sales_report,Medshield (Keith San Miguel).xlsx,sales2017,2487,5,14594,2017-10-05,BATANGAS,#REF!,4,990,3960,,0,4,300,1200,2760
raw_sales_report,Medshield (Keith San Miguel).xlsx,sales2017,2488,5,14594,2017-10-05,BATANGAS,#REF!,2,550,1100,,0,2,133,266,834
raw_sales_report,Medshield (Keith San Miguel).xlsx,sales2017,2489,5,14594,2017-10-05,BATANGAS,#REF!,1,1980,1980,,0,1,595,595,1385
raw_sales_report,Medshield (Keith San Miguel).xlsx,sales2017,2490,5,14595,2017-10-05,BATANGAS,#REF!,12,187,2244,,0,12,75,900,1344
raw_sales_report,Medshield (Keith San Miguel).xlsx,sales2017,2491,5,14595,2017-10-05,BATANGAS,#REF!,12,88,1056,,0,12,25,300,756
raw_sales_report,Medshield (Keith San Miguel).xlsx,sales2017,2492,5,14596,2017-10-06,BATANGAS,#REF!,5,160,800,0.05,40,5,40,200,560
raw_sales_report,Medshield (Keith San Miguel).xlsx,sales2017,2493,5,14596,2017-10-06,BATANGAS,#REF!,1,1750,1750,0.05,87.5,1,550,550,1112.5
raw_sales_report,Medshield (Keith San Miguel).xlsx,sales2017,2494,5,14596,2017-10-06,BATANGAS,#REF!,1,700,700,0.05,35,1,250,250,415
raw_sales_report,Medshield (Keith San Miguel).xlsx,sales2017,2495,5,14605,2017-09-25,QUEZON,#REF!,12,136.67,1640.04,,0,12,31,372,1268.04
raw_sales_report,Medshield (Keith San Miguel).xlsx,sales2017,2496,5,14605,2017-09-25,QUEZON,#REF!,24,112,2688,,0,24,35,840,1848
raw_sales_report,Medshield (Keith San Miguel).xlsx,sales2017,2497,5,14605,2017-09-25,QUEZON,#REF!,1,2300,2300,,0,1,765,765,1535
raw_sales_report,Medshield (Keith San Miguel).xlsx,sales2017,2498,5,14613,2017-10-02,QUEZON,#REF!,20,155,3100,0.3,930,20,55,1100,1070
raw_sales_report,Medshield (Keith San Miguel).xlsx,sales2017,2499,5,14613,2017-10-02,QUEZON,#REF!,20,170,3400,0.3,1020,20,48,960,1420
raw_sales_report,Medshield (Keith San Miguel).xlsx,sales2017,2500,5,14614,2017-10-03,QUEZON,#REF!,25,180,4500,,0,25,56,1400,3100
raw_sales_report,Medshield (Keith San Miguel).xlsx,sales2017,2501,5,14614,2017-10-03,QUEZON,#REF!,2,480,960,,0,2,128,256,704
raw_sales_report,Medshield (Keith San Miguel).xlsx,sales2017,2502,5,14614,2017-10-03,QUEZON,#REF!,2,1400,2800,,0,2,420,840,1960
raw_sales_report,Medshield (Keith San Miguel).xlsx,sales2017,2503,5,14615,2017-10-03,EAST,#REF!,1,1150,1150,0.3,345,1,345,345,460
raw_sales_report,Medshield (Keith San Miguel).xlsx,sales2017,2504,5,14615,2017-10-03,EAST,#REF!,1,980,980,0.3,294,1,280,280,406
raw_sales_report,Medshield (Keith San Miguel).xlsx,sales2017,2505,5,14615,2017-10-03,EAST,#REF!,1,500,500,0.3,150,1,133,133,217
raw_sales_report,Medshield (Keith San Miguel).xlsx,sales2017,2506,5,14616,2017-10-05,MARINDUQUE,#REF!,1,500,500,,0,1,133,133,367
raw_sales_report,Medshield (Keith San Miguel).xlsx,sales2017,2507,5,14616,2017-10-05,MARINDUQUE,#REF!,4,112,448,,0,4,26.25,105,343
raw_sales_report,Medshield (Keith San Miguel).xlsx,sales2017,2508,5,14616,2017-10-05,MARINDUQUE,#REF!,6,450,2700,,0,6,148,888,1812
raw_sales_report,Medshield (Keith San Miguel).xlsx,sales2017,2509,5,14617,2017-10-05,MARINDUQUE,#REF!,1,800,800,,0,1,225,225,575
raw_sales_report,Medshield (Keith San Miguel).xlsx,sales2017,2510,5,14618,2017-10-05,MARINDUQUE,#REF!,2,1900,3800,,0,2,595,1190,2610
raw_sales_report,Medshield (Keith San Miguel).xlsx,sales2017,2511,5,14618,2017-10-05,MARINDUQUE,#REF!,2,1150,2300,,0,2,365,730,1570
raw_sales_report,Medshield (Keith San Miguel).xlsx,sales2017,2512,5,14618,2017-10-05,MARINDUQUE,#REF!,10,870,8700,,0,10,219,2190,6510
raw_sales_report,Medshield (Keith San Miguel).xlsx,sales2017,2513,5,14618,2017-10-05,MARINDUQUE,#REF!,12,155,1860,,0,12,55,660,1200
raw_sales_report,Medshield (Keith San Miguel).xlsx,sales2017,2514,5,14618,2017-10-05,MARINDUQUE,#REF!,5,1000,5000,,0,5,323,1615,3385
raw_sales_report,Medshield (Keith San Miguel).xlsx,sales2017,2515,5,14618,2017-10-05,MARINDUQUE,#REF!,3,3800,11400,,0,3,890,2670,8730
raw_sales_report,Medshield (Keith San Miguel).xlsx,sales2017,2516,5,14618,2017-10-05,MARINDUQUE,#REF!,22,180,3960,,0,22,56,1232,2728
raw_sales_report,Medshield (Keith San Miguel).xlsx,sales2017,2517,5,14619,2017-10-05,MARINDUQUE,#REF!,24,112,2688,,0,24,35,840,1848
raw_sales_report,Medshield (Keith San Miguel).xlsx,sales2017,2518,5,14620,2017-10-05,MARINDUQUE,#REF!,2,750,1500,,0,2,235,470,1030
raw_sales_report,Medshield (Keith San Miguel).xlsx,sales2017,2519,5,14620,2017-10-05,MARINDUQUE,#REF!,1,1800,1800,,0,1,535,535,1265
raw_sales_report,Medshield (Keith San Miguel).xlsx,sales2017,2520,5,14621,2017-10-05,MARINDUQUE,#REF!,2,1800,3600,,0,2,550,1100,2500
raw_sales_report,Medshield (Keith San Miguel).xlsx,sales2017,2521,5,14621,2017-10-05,MARINDUQUE,#REF!,2,1980,3960,,0,2,500,1000,2960
raw_sales_report,Medshield (Keith San Miguel).xlsx,sales2017,2522,5,14621,2017-10-05,MARINDUQUE,#REF!,2,750,1500,,0,2,235,470,1030
raw_sales_report,Medshield (Keith San Miguel).xlsx,sales2017,2523,5,14621,2017-10-05,MARINDUQUE,#REF!,1,1800,1800,,0,1,535,535,1265
raw_sales_report,Medshield (Keith San Miguel).xlsx,sales2017,2524,5,14621,2017-10-05,MARINDUQUE,#REF!,10,450,4500,,0,10,148,1480,3020
raw_sales_report,Medshield (Keith San Miguel).xlsx,sales2017,2525,5,14622,2017-10-06,QUEZON,#REF!,2,980,1960,,0,2,280,560,1400
raw_sales_report,Medshield (Keith San Miguel).xlsx,sales2017,2526,5,14622,2017-10-06,QUEZON,#REF!,3,2200,6600,,0,3,630,1890,4710
raw_sales_report,Medshield (Keith San Miguel).xlsx,sales2017,2527,5,14624,2017-10-07,QUEZON,#REF!,5,750,3750,,0,5,240,1200,2550
raw_sales_report,Medshield (Keith San Miguel).xlsx,sales2017,2528,5,14625,2017-10-07,QUEZON,#REF!,11,681.82,7500.02,,0,11,219,2409,5091.02
raw_sales_report,Medshield (Keith San Miguel).xlsx,sales2017,2529,5,14625,2017-10-07,QUEZON,#REF!,11,681.82,7500.02,,0,11,202.5,2227.5,5272.52
raw_sales_report,Medshield (Keith San Miguel).xlsx,sales2017,2530,5,14625,2017-10-07,QUEZON,#REF!,5,950,4750,,0,5,287.5,1437.5,3312.5
raw_sales_report,Medshield (Keith San Miguel).xlsx,sales2017,2531,5,14625,2017-10-07,QUEZON,#REF!,3,1100,3300,,0,3,365,1095,2205
raw_sales_report,Medshield (Keith San Miguel).xlsx,sales2017,2532,5,14627,2017-10-07,QUEZON,#REF!,28,120,3360,0.3,1008,28,35,980,1372
raw_sales_report,Medshield (Keith San Miguel).xlsx,sales2017,2533,5,14627,2017-10-07,QUEZON,#REF!,24,175,4200,0.3,1260,24,42,1008,1932
raw_sales_report,Medshield (Keith San Miguel).xlsx,sales2017,2534,5,14628,2017-10-07,QUEZON,#REF!,11,886.36,9749.960000000001,,0,11,384,4224,5525.960000000001
raw_sales_report,Medshield (Keith San Miguel).xlsx,sales2017,2535,5,14628,2017-10-07,QUEZON,#REF!,5,1425,7125,,0,5,445,2225,4900
raw_sales_report,Medshield (Keith San Miguel).xlsx,sales2017,2536,5,14629,2017-10-07,QUEZON,#REF!,5,900,4500,,0,5,215,1075,3425
raw_sales_report,Medshield (Keith San Miguel).xlsx,sales2017,2537,5,14630,2017-10-10,MARINDUQUE,#REF!,2,1000,2000,,0,2,323,646,1354
raw_sales_report,Medshield (Keith San Miguel).xlsx,sales2017,2538,5,14630,2017-10-10,MARINDUQUE,#REF!,1,1800,1800,,0,1,535,535,1265
raw_sales_report,Medshield (Keith San Miguel).xlsx,sales2017,2539,5,14630,2017-10-10,MARINDUQUE,#REF!,12,170,2040,,0,12,55,660,1380
raw_sales_report,Medshield (Keith San Miguel).xlsx,sales2017,2540,5,14630,2017-10-10,MARINDUQUE,#REF!,12,198,2376,,0,12,65,780,1596
raw_sales_report,Medshield (Keith San Miguel).xlsx,sales2017,2541,5,14630,2017-10-10,MARINDUQUE,#REF!,10,118,1180,,0,10,39,390,790
raw_sales_report,Medshield (Keith San Miguel).xlsx,sales2017,2542,5,14630,2017-10-10,MARINDUQUE,#REF!,1,1900,1900,,0,1,595,595,1305
raw_sales_report,Medshield (Keith San Miguel).xlsx,sales2017,2543,5,14631,2017-10-07,QUEZON,#REF!,72,75,5400,,0,72,26.25,1890,3510
raw_sales_report,Medshield (Keith San Miguel).xlsx,sales2017,2544,5,14631,2017-10-07,QUEZON,#REF!,12,79,948,,0,12,23.8,285.6,662.4
raw_sales_report,Medshield (Keith San Miguel).xlsx,sales2017,2545,5,14631,2017-10-07,QUEZON,#REF!,12,98,1176,,0,12,28.7,344.4,831.6
raw_sales_report,Medshield (Keith San Miguel).xlsx,sales2017,2546,5,14631,2017-10-07,QUEZON,#REF!,45,92,4140,,0,45,26.93,1211.85,2928.15
raw_sales_report,Medshield (Keith San Miguel).xlsx,sales2017,2547,5,14631,2017-10-07,QUEZON,#REF!,5,640,3200,,0,5,170,850,2350
raw_sales_report,Medshield (Keith San Miguel).xlsx,sales2017,2548,5,14631,2017-10-07,QUEZON,#REF!,6,85,510,,0,6,24,144,366
raw_sales_report,Medshield (Keith San Miguel).xlsx,sales2017,2549,5,14632,2017-10-17,EAST,#REF!,2,2750,5500,,0,2,980,1960,3540
raw_sales_report,Medshield (Keith San Miguel).xlsx,sales2017,2550,5,14633,2017-10-17,EAST,#REF!,1,2750,2750,,0,1,980,980,1770
raw_sales_report,Medshield (Keith San Miguel).xlsx,sales2017,2551,5,14634,2017-10-17,EAST,#REF!,3,500,1500,,0,3,133,399,1101
raw_sales_report,Medshield (Keith San Miguel).xlsx,sales2017,2552,5,14634,2017-10-17,EAST,#REF!,2,900,1800,,0,2,240,480,1320
raw_sales_report,Medshield (Keith San Miguel).xlsx,sales2017,2553,5,14634,2017-10-17,EAST,#REF!,4,240,960,,0,4,75,300,660
raw_sales_report,Medshield (Keith San Miguel).xlsx,sales2017,2554,5,14635,2017-10-20,MARINDUQUE,#REF!,10,1900,19000,,0,10,595,5950,13050
raw_sales_report,Medshield (Keith San Miguel).xlsx,sales2017,2555,5,14635,2017-10-20,MARINDUQUE,#REF!,12,75,900,,0,12,22.4,268.79999999999995,631.2
raw_sales_report,Medshield (Keith San Miguel).xlsx,sales2017,2556,5,14636,2017-10-20,MARINDUQUE,#REF!,12,240,2880,0.321,924.48,12,75,900,1055.52
raw_sales_report,Medshield (Keith San Miguel).xlsx,sales2017,2557,5,14636,2017-10-20,MARINDUQUE,#REF!,12,175,2100,0.321,674.1,12,48,576,849.9000000000001
raw_sales_report,Medshield (Keith San Miguel).xlsx,sales2017,2558,5,14636,2017-10-20,MARINDUQUE,#REF!,12,175,2100,0.321,674.1,12,55,660,765.9000000000001
raw_sales_report,Medshield (Keith San Miguel).xlsx,sales2017,2559,5,14636,2017-10-20,MARINDUQUE,#REF!,12,155,1860,0.321,597.0600000000001,12,75,900,362.94000000000005
raw_sales_report,Medshield (Keith San Miguel).xlsx,sales2017,2560,5,14637,2017-10-20,MARINDUQUE,#REF!,24,290,6960,,0,24,114.66,2751.84,4208.16
raw_sales_report,Medshield (Keith San Miguel).xlsx,sales2017,2561,5,14637,2017-10-20,MARINDUQUE,#REF!,6,648,3888,,0,6,245,1470,2418
raw_sales_report,Medshield (Keith San Miguel).xlsx,sales2017,2562,5,14637,2017-10-20,MARINDUQUE,#REF!,5,635,3175,,0,5,240.1,1200.5,1974.5
raw_sales_report,Medshield (Keith San Miguel).xlsx,sales2017,2563,5,14637,2017-10-20,MARINDUQUE,#REF!,20,175,3500,,0,20,75,1500,2000
raw_sales_report,Medshield (Keith San Miguel).xlsx,sales2017,2564,5,14638,2017-10-20,MARINDUQUE,#REF!,24,112,2688,0.3,806.4,24,35,840,1041.6
raw_sales_report,Medshield (Keith San Miguel).xlsx,sales2017,2565,5,14638,2017-10-20,MARINDUQUE,#REF!,24,95,2280,0.3,684,24,30,720,876
raw_sales_report,Medshield (Keith San Miguel).xlsx,sales2017,2566,5,14639,2017-10-23,EAST,#REF!,5,2790,13950,,0,5,980,4900,9050
raw_sales_report,Medshield (Keith San Miguel).xlsx,sales2017,2567,5,14639,2017-10-23,EAST,#REF!,2,650,1300,,0,2,168,336,964
raw_sales_report,Medshield (Keith San Miguel).xlsx,sales2017,2568,5,14640,2017-10-24,EAST,#REF!,1,1800,1800,,0,1,550,550,1250
raw_sales_report,Medshield (Keith San Miguel).xlsx,sales2017,2569,5,14640,2017-10-24,EAST,#REF!,10,74,740,,0,10,24,240,500
raw_sales_report,Medshield (Keith San Miguel).xlsx,sales2017,2570,5,14640,2017-10-24,EAST,#REF!,10,80,800,,0,10,24.47,244.7,555.3
raw_sales_report,Medshield (Keith San Miguel).xlsx,sales2017,2571,5,14641,2017-10-24,EAST,#REF!,10,175,1750,,0,10,48,480,1270
raw_sales_report,Medshield (Keith San Miguel).xlsx,sales2017,2572,5,14641,2017-10-24,EAST,#REF!,1,1650,1650,,0,1,458,458,1192
raw_sales_report,Medshield (Keith San Miguel).xlsx,sales2017,2573,5,14642,2017-10-24,EAST,#REF!,14,450,6300,,0,14,148,2072,4228
raw_sales_report,Medshield (Keith San Miguel).xlsx,sales2017,2574,5,14642,2017-10-24,EAST,#REF!,2,980,1960,,0,2,280,560,1400
raw_sales_report,Medshield (Keith San Miguel).xlsx,sales2017,2575,5,14643,2017-10-24,QUEZON,#REF!,2,1050,2100,,0,2,310,620,1480
raw_sales_report,Medshield (Keith San Miguel).xlsx,sales2017,2576,5,14643,2017-10-24,QUEZON,#REF!,3,1400,4200,,0,3,420,1260,2940
raw_sales_report,Medshield (Keith San Miguel).xlsx,sales2017,2577,5,14644,2017-10-25,MARINDUQUE,#REF!,48,175,8400,,0,48,42,2016,6384
raw_sales_report,Medshield (Keith San Miguel).xlsx,sales2017,2578,5,14644,2017-10-25,MARINDUQUE,#REF!,5,1600,8000,,0,5,480.9,2404.5,5595.5
raw_sales_report,Medshield (Keith San Miguel).xlsx,sales2017,2579,5,14645,2017-10-25,MARINDUQUE,#REF!,30,310,9300,0.3,2790,30,129.7,3890.9999999999995,2619.0000000000005
raw_sales_report,Medshield (Keith San Miguel).xlsx,sales2017,2580,5,14645,2017-10-25,MARINDUQUE,#REF!,5,1100,5500,0.3,1650,5,310,1550,2300
raw_sales_report,Medshield (Keith San Miguel).xlsx,sales2017,2581,5,14646,2017-10-25,MARINDUQUE,#REF!,18,310,5580,0.325,1813.5,18,129.7,2334.6,1431.9
raw_sales_report,Medshield (Keith San Miguel).xlsx,sales2017,2582,5,14647,2017-10-26,QUEZON,#REF!,10,725,7250,,,10,215,2150,5100
raw_sales_report,Medshield (Keith San Miguel).xlsx,sales2017,2583,5,14647,2017-10-18,HOSPITAL,#REF!,5,3000,15000,,0,5,750,3750,11250
raw_sales_report,Medshield (Keith San Miguel).xlsx,sales2017,2584,5,14647,2017-10-18,HOSPITAL,#REF!,2,4800,9600,,0,2,1872,3744,5856
raw_sales_report,Medshield (Keith San Miguel).xlsx,sales2017,2585,5,14648,2017-10-18,QUEZON,#REF!,2,1600,3200,,0,2,480.9,961.8,2238.2
raw_sales_report,Medshield (Keith San Miguel).xlsx,sales2017,2586,5,14648,2017-10-18,QUEZON,#REF!,2,1150,2300,,0,2,345,690,1610
raw_sales_report,Medshield (Keith San Miguel).xlsx,sales2017,2587,5,14648,2017-10-18,QUEZON,#REF!,12,155,1860,,0,12,55,660,1200
raw_sales_report,Medshield (Keith San Miguel).xlsx,sales2017,2588,5,14649,2017-10-18,QUEZON,#REF!,12,112,1344,0.3,403.2,12,35,420,520.8
raw_sales_report,Medshield (Keith San Miguel).xlsx,sales2017,2589,5,14649,2017-10-18,QUEZON,#REF!,12,175,2100,0.3,630,12,42,504,966
raw_sales_report,Medshield (Keith San Miguel).xlsx,sales2017,2590,5,14649,2017-10-18,QUEZON,#REF!,1,2300,2300,0.3,690,1,765,765,845
raw_sales_report,Medshield (Keith San Miguel).xlsx,sales2017,2591,5,14650,2017-10-27,EAST,#REF!,3,1100,3300,,0,3,146.8,440.40000000000003,2859.6
raw_sales_report,Medshield (Keith San Miguel).xlsx,sales2017,2592,5,14650,2017-10-27,EAST,#REF!,24,400,9600,,0,24,139.45,3346.7999999999997,6253.200000000001
raw_sales_report,Medshield (Keith San Miguel).xlsx,sales2017,2593,5,14651,2017-09-24,CAVITE,#REF!,10,58,580,0.25,145,10,16.8,168,267
raw_sales_report,Medshield (Keith San Miguel).xlsx,sales2017,2594,5,14651,2017-09-24,CAVITE,#REF!,25,80,2000,0.25,500,25,23.45,586.25,913.75
raw_sales_report,Medshield (Keith San Miguel).xlsx,sales2017,2595,5,14653,,CAVITE,#REF!,5,300,1500,,0,5,114.66,573.3,926.7
raw_sales_report,Medshield (Keith San Miguel).xlsx,sales2017,2596,5,14654,,CAVITE,#REF!,2,480,960,,0,2,128,256,704
raw_sales_report,Medshield (Keith San Miguel).xlsx,sales2017,2597,5,14655,,CAVITE,#REF!,1,165,165,,0,1,35,35,130
raw_sales_report,Medshield (Keith San Miguel).xlsx,sales2017,2598,5,14655,,CAVITE,#REF!,1,50,50,,0,1,203,203,-153
raw_sales_report,Medshield (Keith San Miguel).xlsx,sales2017,2599,5,14655,,CAVITE,#REF!,1,750,750,,0,1,215,215,535
raw_sales_report,Medshield (Keith San Miguel).xlsx,sales2017,2600,5,14657,2017-10-10,CAVITE,#REF!,5,300,1500,0.2,300,5,114.66,573.3,626.7
raw_sales_report,Medshield (Keith San Miguel).xlsx,sales2017,2601,5,14657,2017-10-10,CAVITE,#REF!,2,1200,2400,0.25,600,2,120,240,1560
raw_sales_report,Medshield (Keith San Miguel).xlsx,sales2017,2602,5,14659,2017-10-19,CAVITE,#REF!,4,2750,11000,,0,4,1173,4692,6308
raw_sales_report,Medshield (Keith San Miguel).xlsx,sales2017,2603,5,14659,2017-10-19,CAVITE,#REF!,1,1500,1500,,0,1,435,435,1065
raw_sales_report,Medshield (Keith San Miguel).xlsx,sales2017,2604,5,14659,2017-10-19,CAVITE,#REF!,10,400,4000,,0,10,139.45,1394.5,2605.5
raw_sales_report,Medshield (Keith San Miguel).xlsx,sales2017,2605,5,14659,2017-10-19,CAVITE,#REF!,15,58,870,,0,15,16.8,252,618
raw_sales_report,Medshield (Keith San Miguel).xlsx,sales2017,2606,5,14659,2017-10-19,CAVITE,#REF!,10,80,800,,0,10,23.45,234.5,565.5
raw_sales_report,Medshield (Keith San Miguel).xlsx,sales2017,2607,5,14659,2017-10-19,CAVITE,#REF!,10,112,1120,,0,10,40,400,720
raw_sales_report,Medshield (Keith San Miguel).xlsx,sales2017,2608,5,14701,2017-10-04,LAGUNA,#REF!,100,880,88000,,0,100,458.77,45877,42123
raw_sales_report,Medshield (Keith San Miguel).xlsx,sales2017,2609,5,14701,2017-10-04,LAGUNA,#REF!,40,380,15200,,0,40,40,1600,13600
raw_sales_report,Medshield (Keith San Miguel).xlsx,sales2017,2610,5,14701,2017-10-04,LAGUNA,#REF!,4,680,2720,,0,4,6,24,2696
raw_sales_report,Medshield (Keith San Miguel).xlsx,sales2017,2611,5,14702,2017-10-10,LAGUNA,#REF!,4,975,3900,,0,4,384,1536,2364
raw_sales_report,Medshield (Keith San Miguel).xlsx,sales2017,2612,5,14702,2017-10-10,LAGUNA,#REF!,20,2200,44000,,0,20,819,16380,27620
raw_sales_report,Medshield (Keith San Miguel).xlsx,sales2017,2613,5,14702,2017-10-10,LAGUNA,#REF!,2,3300,6600,,0,2,1450,2900,3700
raw_sales_report,Medshield (Keith San Miguel).xlsx,sales2017,2614,5,14702,2017-10-10,LAGUNA,#REF!,24,320,7680,,0,24,125,3000,4680
raw_sales_report,Medshield (Keith San Miguel).xlsx,sales2017,2615,5,14702,2017-10-10,LAGUNA,#REF!,5,1380,6900,,0,5,864.29,4321.45,2578.55
raw_sales_report,Medshield (Keith San Miguel).xlsx,sales2017,2616,5,14702,2017-10-10,LAGUNA,#REF!,30,380,11400,,0,30,40,1200,10200
raw_sales_report,Medshield (Keith San Miguel).xlsx,sales2017,2617,5,14702,2017-10-10,LAGUNA,#REF!,1,1425,1425,,0,1,445,445,980
raw_sales_report,Medshield (Keith San Miguel).xlsx,sales2017,2618,5,14702,2017-10-10,LAGUNA,#REF!,5,2030,10150,,0,5,253,1265,8885
raw_sales_report,Medshield (Keith San Miguel).xlsx,sales2017,2619,5,14703,2017-10-09,LAGUNA,#REF!,40,190,7600,,0,40,73,2920,4680
raw_sales_report,Medshield (Keith San Miguel).xlsx,sales2017,2620,5,14703,2017-10-09,LAGUNA,#REF!,2,1225,2450,,0,2,415,830,1620
raw_sales_report,Medshield (Keith San Miguel).xlsx,sales2017,2621,5,14704,2017-10-12,LAGUNA,#REF!,4,870,3480,,0,4,219,876,2604
raw_sales_report,Medshield (Keith San Miguel).xlsx,sales2017,2622,5,14705,2017-10-12,LAGUNA,#REF!,6,500,3000,,0,6,310,1860,1140
raw_sales_report,Medshield (Keith San Miguel).xlsx,sales2017,2623,5,14706,2017-10-12,LAGUNA,#REF!,4,650,2600,,0,4,202.5,810,1790
raw_sales_report,Medshield (Keith San Miguel).xlsx,sales2017,2624,5,14707,2017-10-12,LAGUNA,#REF!,10,120,1200,,0,10,23,230,970
raw_sales_report,Medshield (Keith San Miguel).xlsx,sales2017,2625,5,14708,2017-10-12,LAGUNA,#REF!,2,824,1648,,0,2,70.8,141.6,1506.4
raw_sales_report,Medshield (Keith San Miguel).xlsx,sales2017,2626,5,14708,2017-10-12,LAGUNA,#REF!,2,1400,2800,,0,2,90,180,2620
raw_sales_report,Medshield (Keith San Miguel).xlsx,sales2017,2627,5,14710,2017-10-18,LAGUNA ,#REF!,2,6900,13800,,0,2,2000,4000,9800
raw_sales_report,Medshield (Keith San Miguel).xlsx,sales2017,2628,5,14710,2017-10-18,LAGUNA ,#REF!,100,380,38000,,0,100,40,4000,34000
raw_sales_report,Medshield (Keith San Miguel).xlsx,sales2017,2629,5,14711,2017-10-18,LAGUNA,#REF!,20,290,5800,,0,20,65,1300,4500
raw_sales_report,Medshield (Keith San Miguel).xlsx,sales2017,2630,5,14712,2017-10-18,LAGUNA,#REF!,20,128,2560,,0,20,40,800,1760
raw_sales_report,Medshield (Keith San Miguel).xlsx,sales2017,2631,5,14713,2017-10-18,LAGUNA,#REF!,9,1200,10800,,0,9,240.9,2168.1,8631.9
raw_sales_report,Medshield (Keith San Miguel).xlsx,sales2017,2632,5,14713,2017-10-18,LAGUNA,#REF!,5,750,3750,,0,5,220,1100,2650
raw_sales_report,Medshield (Keith San Miguel).xlsx,sales2017,2633,5,14713,2017-10-18,LAGUNA,#REF!,10,1800,18000,,0,10,823,8230,9770
raw_sales_report,Medshield (Keith San Miguel).xlsx,sales2017,2634,5,14713,2017-10-18,LAGUNA,#REF!,60,68,4080,,0,60,6,360,3720
raw_sales_report,Medshield (Keith San Miguel).xlsx,sales2017,2635,5,14714,2017-10-18,LAGUNA,#REF!,1,3000,3000,,0,1,650,650,2350
raw_sales_report,Medshield (Keith San Miguel).xlsx,sales2017,2636,5,14715,2017-10-24,LAGUNA,#REF!,2,4000,8000,,0,2,650,1300,6700
raw_sales_report,Medshield (Keith San Miguel).xlsx,sales2017,2637,5,14716,2017-10-24,LAGUNA,#REF!,2,990,1980,,0,2,384,768,1212
raw_sales_report,Medshield (Keith San Miguel).xlsx,sales2017,2638,5,14730,2017-10-14,LAGUNA,#REF!,50,90,4500,,0,50,26,1300,3200
raw_sales_report,Medshield (Keith San Miguel).xlsx,sales2017,2639,5,14730,2017-10-14,LAGUNA,#REF!,50,264,13200,,0,50,73,3650,9550
raw_sales_report,Medshield (Keith San Miguel).xlsx,sales2017,2640,5,14730,2017-10-14,LAGUNA,#REF!,40,480,19200,,0,40,45,1800,17400
raw_sales_report,Medshield (Keith San Miguel).xlsx,sales2017,2641,5,14730,2017-10-14,LAGUNA,#REF!,5,1200,6000,,0,5,265,1325,4675
raw_sales_report,Medshield (Keith San Miguel).xlsx,sales2017,2642,5,14730,2017-10-14,LAGUNA,#REF!,2,750,1500,,0,2,155,310,1190
raw_sales_report,Medshield (Keith San Miguel).xlsx,sales2017,2643,5,14730,2017-10-14,LAGUNA,#REF!,5,640,3200,,0,5,90,450,2750
raw_sales_report,Medshield (Keith San Miguel).xlsx,sales2017,2644,5,14755,2017-10-02,HOSPITAL,#REF!,500,120,60000,,0,500,26,13000,47000
raw_sales_report,Medshield (Keith San Miguel).xlsx,sales2017,2645,5,14756,2017-10-03,HOSPITAL,#REF!,1,750,750,,0,1,202.5,202.5,547.5
raw_sales_report,Medshield (Keith San Miguel).xlsx,sales2017,2646,5,14756,2017-10-03,HOSPITAL,#REF!,1,3960,3960,,0,1,1872,1872,2088
raw_sales_report,Medshield (Keith San Miguel).xlsx,sales2017,2647,5,14756,2017-10-03,HOSPITAL,#REF!,4,1550,6200,,0,4,458,1832,4368
raw_sales_report,Medshield (Keith San Miguel).xlsx,sales2017,2648,5,14756,2017-10-03,HOSPITAL,#REF!,1,6000,6000,,0,1,1250,1250,4750
raw_sales_report,Medshield (Keith San Miguel).xlsx,sales2017,2649,5,14756,2017-10-03,HOSPITAL,#REF!,5,3000,15000,,0,5,750,3750,11250
raw_sales_report,Medshield (Keith San Miguel).xlsx,sales2017,2650,5,14760,2017-11-10,HOSPITAL,#REF!,2160,280,604800,,0,2160,114.66,247665.6,357134.4
raw_sales_report,Medshield (Keith San Miguel).xlsx,sales2017,2651,5,14761,2017-11-19,HOSPITAL,#REF!,2,700,1400,,0,2,235,470,930
raw_sales_report,Medshield (Keith San Miguel).xlsx,sales2017,2652,5,14761,2017-11-19,HOSPITAL,#REF!,2,3000,6000,,0,2,750,1500,4500
raw_sales_report,Medshield (Keith San Miguel).xlsx,sales2017,2653,5,14761,2017-11-19,HOSPITAL,#REF!,3,1750,5250,,0,3,415,1245,4005
raw_sales_report,Medshield (Keith San Miguel).xlsx,sales2017,2654,5,14761,2017-11-19,HOSPITAL,#REF!,2,2800,5600,,0,2,1173,2346,3254
raw_sales_report,Medshield (Keith San Miguel).xlsx,sales2017,2655,5,14761,2017-11-19,HOSPITAL,#REF!,4,6000,24000,,0,4,1250,5000,19000
raw_sales_report,Medshield (Keith San Miguel).xlsx,sales2017,2656,5,14761,2017-11-19,HOSPITAL,#REF!,1,3968,3968,,0,1,1872,1872,2096
raw_sales_report,Medshield (Keith San Miguel).xlsx,sales2017,2657,5,14801,2017-10-05,CAM SUR,#REF!,2,650,1300,,0,2,345,690,610
raw_sales_report,Medshield (Keith San Miguel).xlsx,sales2017,2658,5,14802,2017-10-05,CAM SUR,#REF!,10,88,880,,0,10,24.47,244.7,635.3
raw_sales_report,Medshield (Keith San Miguel).xlsx,sales2017,2659,5,14803,2017-10-05,CAM SUR,#REF!,1,800,800,,0,1,225,225,575
raw_sales_report,Medshield (Keith San Miguel).xlsx,sales2017,2660,5,14804,2017-10-09,CAM SUR,#REF!,3,1066.67,3200.01,,0,3,480.9,1442.6999999999998,1757.3100000000004
raw_sales_report,Medshield (Keith San Miguel).xlsx,sales2017,2661,5,14805,2017-10-10,CAM SUR,#REF!,4,1600,6400,,0,4,458,1832,4568
raw_sales_report,Medshield (Keith San Miguel).xlsx,sales2017,2662,5,14806,2017-10-10,CAM SUR,#REF!,1,1600,1600,,0,1,458,458,1142
raw_sales_report,Medshield (Keith San Miguel).xlsx,sales2017,2663,5,14807,2017-10-12,CAM SUR,#REF!,1,1600,1600,,0,1,458,458,1142
raw_sales_report,Medshield (Keith San Miguel).xlsx,sales2017,2664,5,14808,2017-10-12,CAM SUR,#REF!,2,1600,3200,,0,2,480.9,961.8,2238.2
raw_sales_report,Medshield (Keith San Miguel).xlsx,sales2017,2665,5,14809,2017-10-12,CAM SUR,#REF!,10,310,3100,,0,10,129.7,1297,1803
raw_sales_report,Medshield (Keith San Miguel).xlsx,sales2017,2666,5,14811,2017-10-12,CAM SUR,#REF!,1,3000,3000,,0,1,1450,1450,1550
raw_sales_report,Medshield (Keith San Miguel).xlsx,sales2017,2667,5,14812,2017-10-12,CAM SUR,#REF!,12,88,1056,,0,12,24.47,293.64,762.36
raw_sales_report,Medshield (Keith San Miguel).xlsx,sales2017,2668,5,14813,2017-10-12,CAM SUR,#REF!,2,750,1500,,0,2,240,480,1020
raw_sales_report,Medshield (Keith San Miguel).xlsx,sales2017,2669,5,14814,2017-10-12,CAM SUR,#REF!,6,1600,9600,,0,6,480.9,2885.3999999999996,6714.6
raw_sales_report,Medshield (Keith San Miguel).xlsx,sales2017,2670,5,14815,2017-10-12,CAM SUR,#REF!,9,450,4050,,0,9,160,1440,2610
raw_sales_report,Medshield (Keith San Miguel).xlsx,sales2017,2671,5,14815,2017-10-12,CAM SUR,#REF!,5,1800,9000,,0,5,590,2950,6050
raw_sales_report,Medshield (Keith San Miguel).xlsx,sales2017,2672,5,14815,2017-10-12,CAM SUR,#REF!,5,885,4425,,0,5,265,1325,3100
raw_sales_report,Medshield (Keith San Miguel).xlsx,sales2017,2673,5,14815,2017-10-12,CAM SUR,#REF!,2,500,1000,,0,2,133,266,734
raw_sales_report,Medshield (Keith San Miguel).xlsx,sales2017,2674,5,14816,2017-10-12,CAM SUR,#REF!,1,1200,1200,,0,1,345,345,855
raw_sales_report,Medshield (Keith San Miguel).xlsx,sales2017,2675,5,14817,2017-10-12,CAM SUR,#REF!,1,2700,2700,,0,1,1173.6,1173.6,1526.4
raw_sales_report,Medshield (Keith San Miguel).xlsx,sales2017,2676,5,14818,2017-10-12,CAM SUR,#REF!,12,88,1056,,0,12,24.27,291.24,764.76
raw_sales_report,Medshield (Keith San Miguel).xlsx,sales2017,2677,5,14819,2017-10-12,CAM SUR,#REF!,10,190,1900,,0,10,75.6,756,1144
raw_sales_report,Medshield (Keith San Miguel).xlsx,sales2017,2678,5,14820,2017-10-12,CAM SUR,#REF!,10,310,3100,,0,10,129.7,1297,1803
raw_sales_report,Medshield (Keith San Miguel).xlsx,sales2017,2679,5,14821,2017-10-12,CAM SUR,#REF!,2,500,1000,,0,2,133,266,734
raw_sales_report,Medshield (Keith San Miguel).xlsx,sales2017,2680,5,14822,2017-10-12,CAM SUR,#REF!,2,1200,2400,,0,2,345,690,1710
raw_sales_report,Medshield (Keith San Miguel).xlsx,sales2017,2681,5,14823,2017-10-12,CAM SUR,#REF!,10,78,780,,0,10,23.45,234.5,545.5
raw_sales_report,Medshield (Keith San Miguel).xlsx,sales2017,2682,5,14824,2017-10-12,CAM SUR,#REF!,14,190,2660,,0,14,75.6,1058.3999999999999,1601.6000000000001
raw_sales_report,Medshield (Keith San Miguel).xlsx,sales2017,2683,5,14825,2017-10-12,CAM SUR,#REF!,10,88,880,,0,10,,0,880
raw_sales_report,Medshield (Keith San Miguel).xlsx,sales2017,2684,5,14825,2017-10-12,CAM SUR,#REF!,1,10.5,10.5,,0,1,,0,10.5
raw_sales_report,Medshield (Keith San Miguel).xlsx,sales2017,2685,5,14825,2017-10-12,CAM SUR,#REF!,20,800,16000,,0,20,,0,16000
raw_sales_report,Medshield (Keith San Miguel).xlsx,sales2017,2686,5,14826,2017-10-23,CAM SUR,#REF!,4,650,2600,,0,4,345,1380,1220
raw_sales_report,Medshield (Keith San Miguel).xlsx,sales2017,2687,5,14826,2017-10-23,CAM SUR,#REF!,1,95,95,,0,1,75.6,75.6,19.400000000000006
raw_sales_report,Medshield (Keith San Miguel).xlsx,sales2017,2688,5,14827,2017-10-23,CAM SUR,#REF!,19,95,1805,,0,19,75.6,1436.3999999999999,368.60000000000014
raw_sales_report,Medshield (Keith San Miguel).xlsx,sales2017,2689,5,14828,2017-10-13,CAM SUR,#REF!,6,260.05,1560.3000000000002,,0,6,129.7,778.1999999999999,782.1000000000003
raw_sales_report,Medshield (Keith San Miguel).xlsx,sales2017,2690,5,14829,2017-10-23,CAM SUR,#REF!,25,78,1950,,0,25,24.47,611.75,1338.25
raw_sales_report,Medshield (Keith San Miguel).xlsx,sales2017,2691,5,14830,2017-10-23,CAM SUR,#REF!,20,88,1760,,0,20,24.47,489.4,1270.6
raw_sales_report,Medshield (Keith San Miguel).xlsx,sales2017,2692,5,14831,2017-10-23,CAM SUR,#REF!,16,310,4960,,0,16,129.7,2075.2,2884.8
raw_sales_report,Medshield (Keith San Miguel).xlsx,sales2017,2693,5,14832,2017-10-23,CAM SUR,#REF!,8,310,2480,,0,8,129.7,1037.6,1442.4
raw_sales_report,Medshield (Keith San Miguel).xlsx,sales2017,2694,5,14833,2017-10-23,CAM SUR,#REF!,10,88,880,,0,10,24.47,244.7,635.3
raw_sales_report,Medshield (Keith San Miguel).xlsx,sales2017,2695,5,14834,2017-10-23,CAM SUR,#REF!,2,500,1000,,0,2,133,266,734
raw_sales_report,Medshield (Keith San Miguel).xlsx,sales2017,2696,5,14835,2017-10-23,CAM SUR,#REF!,12,88,1056,0.3,316.8,12,24.47,293.64,445.56000000000006
raw_sales_report,Medshield (Keith San Miguel).xlsx,sales2017,2697,5,14836,2017-10-23,CAM SUR,#REF!,15,95,1425,,0,15,75.6,1134,291
raw_sales_report,Medshield (Keith San Miguel).xlsx,sales2017,2698,5,14837,2017-10-23,CAM SUR,#REF!,2,1200,2400,,0,2,345,690,1710
raw_sales_report,Medshield (Keith San Miguel).xlsx,sales2017,2699,5,14838,2017-10-23,CAM SUR,#REF!,10,750,7500,,0,10,182,1820,5680
raw_sales_report,Medshield (Keith San Miguel).xlsx,sales2017,2700,5,14839,2017-10-23,CAM SUR,#REF!,10,310,3100,,0,10,129.7,1297,1803
raw_sales_report,Medshield (Keith San Miguel).xlsx,sales2017,2701,5,14839,2017-10-23,CAM SUR,#REF!,12,88,1056,,0,12,24.47,293.64,762.36
raw_sales_report,Medshield (Keith San Miguel).xlsx,sales2017,2702,5,14840,2017-10-23,CAM SUR,#REF!,10,88,880,,0,10,24.47,244.7,635.3
raw_sales_report,Medshield (Keith San Miguel).xlsx,sales2017,2703,5,14840,2017-10-23,CAM SUR,#REF!,6,310,1860,,0,6,129.7,778.1999999999999,1081.8000000000002
raw_sales_report,Medshield (Keith San Miguel).xlsx,sales2017,2704,5,14841,2017-10-23,CAM SUR,#REF!,4,725,2900,,0,4,215,860,2040
raw_sales_report,Medshield (Keith San Miguel).xlsx,sales2017,2705,5,14842,2017-10-23,CAM SUR,#REF!,21,79.05,1660.05,,0,21,24.47,513.87,1146.1799999999998
raw_sales_report,Medshield (Keith San Miguel).xlsx,sales2017,2706,5,14843,2017-10-23,CAM SUR,#REF!,20,83,1660,,0,20,24.47,489.4,1170.6
raw_sales_report,Medshield (Keith San Miguel).xlsx,sales2017,2707,5,14844,2017-10-23,CAM SUR,#REF!,16,88,1408,,0,16,24.47,391.52,1016.48
raw_sales_report,Medshield (Keith San Miguel).xlsx,sales2017,2708,5,14844,2017-10-23,CAM SUR,#REF!,8,310,2480,,0,8,129.7,1037.6,1442.4
raw_sales_report,Medshield (Keith San Miguel).xlsx,sales2017,2709,5,14845,2017-10-23,CAM SUR,#REF!,2,1750,3500,,0,2,450,900,2600
raw_sales_report,Medshield (Keith San Miguel).xlsx,sales2017,2710,5,14846,2017-10-23,CAM SUR,#REF!,2,1450,2900,,0,2,450,900,2000
raw_sales_report,Medshield (Keith San Miguel).xlsx,sales2017,2711,5,14847,2017-10-27,CAM SUR,#REF!,3,2300,6900,,0,3,765,2295,4605
raw_sales_report,Medshield (Keith San Miguel).xlsx,sales2017,2712,5,14848,2017-10-27,CAM SUR,#REF!,3,2750,8250,,0,3,980,2940,5310
raw_sales_report,Medshield (Keith San Miguel).xlsx,sales2017,2713,5,14849,2017-10-27,CAM SUR,#REF!,1,750,750,,0,1,750,750,0
raw_sales_report,Medshield (Keith San Miguel).xlsx,sales2017,2714,5,14851,2017-10-06,SUPPLIES,#REF!,,,0,,0,0,,0,0
raw_sales_report,Medshield (Keith San Miguel).xlsx,sales2017,2715,5,14851,2017-10-06,SUPPLIES,#REF!,,,0,,0,0,,0,0
raw_sales_report,Medshield (Keith San Miguel).xlsx,sales2017,2716,5,14852,2017-10-19,SUPPLIES,#REF!,1,800,800,,0,1,3575,3575,-2775
raw_sales_report,Medshield (Keith San Miguel).xlsx,sales2017,2717,5,14853,2017-10-20,SUPPLIES,#REF!,,,0,,0,0,,0,0
raw_sales_report,Medshield (Keith San Miguel).xlsx,sales2017,2718,5,14854,2017-10-25,SUPPLIES,#REF!,,,0,,0,0,,0,0
raw_sales_report,Medshield (Keith San Miguel).xlsx,sales2017,2719,5,14857,2017-10-25,SUPPLIES,#REF!,,,0,,0,0,,0,0
raw_sales_report,Medshield (Keith San Miguel).xlsx,sales2017,2720,5,14902,2017-10-14,CAM NORTE,#REF!,22,116.3636,2559.9992,,0,22,40,880,1679.9992000000002
raw_sales_report,Medshield (Keith San Miguel).xlsx,sales2017,2721,5,14903,2017-10-14,CAM NORTE,#REF!,2,3429,6858,,0,2,1250,2500,4358
raw_sales_report,Medshield (Keith San Miguel).xlsx,sales2017,2722,5,14904,2017-10-14,CAM NORTE,#REF!,2,750,1500,,0,2,227.5,455,1045
raw_sales_report,Medshield (Keith San Miguel).xlsx,sales2017,2723,5,14904,2017-10-14,CAM NORTE,#REF!,2,1800,3600,,0,2,535,1070,2530
raw_sales_report,Medshield (Keith San Miguel).xlsx,sales2017,2724,5,14904,2017-10-14,CAM NORTE,#REF!,12,198,2376,,0,12,65,780,1596
raw_sales_report,Medshield (Keith San Miguel).xlsx,sales2017,2725,5,14904,2017-10-14,CAM NORTE,#REF!,2,800,1600,,0,2,227.5,455,1145
raw_sales_report,Medshield (Keith San Miguel).xlsx,sales2017,2726,5,14904,2017-10-14,CAM NORTE,#REF!,12,175,2100,,0,12,48,576,1524
raw_sales_report,Medshield (Keith San Miguel).xlsx,sales2017,2727,5,14905,2017-10-14,CAM NORTE,#REF!,2,650,1300,,0,2,187.5,375,925
raw_sales_report,Medshield (Keith San Miguel).xlsx,sales2017,2728,5,14906,2017-10-14,CAM NORTE,#REF!,1,3000,3000,,0,1,1450,1450,1550
raw_sales_report,Medshield (Keith San Miguel).xlsx,sales2017,2729,5,14907,2017-10-14,CAM NORTE,#REF!,4,198,792,0.3,237.6,4,65,260,294.4
raw_sales_report,Medshield (Keith San Miguel).xlsx,sales2017,2730,5,14908,2017-10-24,CAM NORTE,#REF!,2,850,1700,,0,2,270,540,1160
raw_sales_report,Medshield (Keith San Miguel).xlsx,sales2017,2731,5,14909,2017-10-24,CAM NORTE,#REF!,5,198,990,,0,5,65,325,665
raw_sales_report,Medshield (Keith San Miguel).xlsx,sales2017,2732,5,14910,2017-10-24,CAM NORTE,#REF!,2,850,1700,,0,2,270,540,1160
raw_sales_report,Medshield (Keith San Miguel).xlsx,sales2017,2733,5,14911,2017-10-24,CAM NORTE,#REF!,0.2,12000,2400,,0,0.2,110,22,2378
raw_sales_report,Medshield (Keith San Miguel).xlsx,sales2017,2734,5,14912,2017-10-26,CAM NORTE,#REF!,2,1800,3600,,0,2,540,1080,2520
raw_sales_report,Medshield (Keith San Miguel).xlsx,sales2017,2735,5,14913,2017-10-26,CAM NORTE,#REF!,2,3429,6858,,0,2,1250,2500,4358
raw_sales_report,Medshield (Keith San Miguel).xlsx,sales2017,2736,5,14914,2017-10-26,CAM NORTE,#REF!,10,198,1980,,0,10,65,650,1330
raw_sales_report,Medshield (Keith San Miguel).xlsx,sales2017,2737,5,14914,2017-10-26,CAM NORTE,#REF!,1,1800,1800,,0,1,540,540,1260
raw_sales_report,Medshield (Keith San Miguel).xlsx,sales2017,2738,5,14914,2017-10-26,CAM NORTE,#REF!,1,500,500,,0,1,133,133,367
raw_sales_report,Medshield (Keith San Miguel).xlsx,sales2017,2739,5,14915,2017-10-26,CAM NORTE,#REF!,1,750,750,,0,1,227.5,227.5,522.5
raw_sales_report,Medshield (Keith San Miguel).xlsx,sales2017,2740,5,14916,2017-10-26,CAM NORTE,#REF!,1,750,750,,0,1,227.5,227.5,522.5
raw_sales_report,Medshield (Keith San Miguel).xlsx,sales2017,2741,5,15007,2017-09-06,BATANGAS,#REF!,32.3,781.8,25252.139999999996,,0,32.3,300,9690,15562.139999999996
raw_sales_report,Medshield (Keith San Miguel).xlsx,sales2017,2742,5,15007,2017-09-06,BATANGAS,#REF!,77,1272.72,97999.44,,0,77,823,63371,34628.44
raw_sales_report,Medshield (Keith San Miguel).xlsx,sales2017,2743,5,15007,2017-09-06,BATANGAS,#REF!,2498,181.81,454161.38,,0,2498,82,204836,249325.38
raw_sales_report,Medshield (Keith San Miguel).xlsx,sales2017,2744,5,15007,2017-09-06,BATANGAS,#REF!,227,531.8,120718.59999999999,,0,227,115,26105,94613.59999999999
raw_sales_report,Medshield (Keith San Miguel).xlsx,sales2017,2745,5,15010,2017-11-23,BATANGAS,#REF!,2,780,1560,0.1,156,2,227.5,455,949
raw_sales_report,Medshield (Keith San Miguel).xlsx,sales2017,2746,5,15011,2017-11-23,BATANGAS,#REF!,12,180,2160,0.1,216,12,48,576,1368
raw_sales_report,Medshield (Keith San Miguel).xlsx,sales2017,2747,5,15013,2017-11-23,BATANGAS,#REF!,12,96,1152,0.1,115.2,12,25,300,736.8
raw_sales_report,Medshield (Keith San Miguel).xlsx,sales2017,2748,5,15014,2017-11-23,BATANGAS,#REF!,9,96,864,0.1,86.4,9,24.47,220.23,557.37
raw_sales_report,Medshield (Keith San Miguel).xlsx,sales2017,2749,5,15061,,GOVERNMENT,#REF!,,,0,,0,0,,0,0
raw_sales_report,Medshield (Keith San Miguel).xlsx,sales2017,2750,5,15076,,GOVERNMENT,#REF!,,,0,,0,0,,0,0
raw_sales_report,Medshield (Keith San Miguel).xlsx,sales2017,2751,5,15079,,GOVERNMENT,#REF!,,,0,,0,0,,0,0
raw_sales_report,Medshield (Keith San Miguel).xlsx,sales2017,2752,5,15251,2017-10-17,ADMIN,#REF!,7,658.57,4609.990000000001,,0,7,310,2170,2439.9900000000007
raw_sales_report,Medshield (Keith San Miguel).xlsx,sales2017,2753,5,15251,2017-10-17,ADMIN,#REF!,7,857.142,5999.994000000001,,0,7,420,2940,3059.9940000000006
raw_sales_report,Medshield (Keith San Miguel).xlsx,sales2017,2754,5,15251,2017-10-17,ADMIN,#REF!,7,517.86,3625.02,,0,7,225,1575,2050.02
raw_sales_report,Medshield (Keith San Miguel).xlsx,sales2017,2755,5,15251,2017-10-17,ADMIN,#REF!,7,785.714,5499.9980000000005,,0,7,146.8,1027.6000000000001,4472.398
raw_sales_report,Medshield (Keith San Miguel).xlsx,sales2017,2756,5,15252,2017-10-17,ADMIN,#REF!,2,2750,5500,0.3,1650,2,980,1960,1890
raw_sales_report,Medshield (Keith San Miguel).xlsx,sales2017,2757,5,15252,2017-10-17,ADMIN,#REF!,3,2300,6900,0.3,2070,3,765,2295,2535
raw_sales_report,Medshield (Keith San Miguel).xlsx,sales2017,2758,5,15256,2017-10-19,GOVERNMENT,#REF!,,,0,,0,0,,0,0
raw_sales_report,Medshield (Keith San Miguel).xlsx,sales2017,2759,5,15257,2017-10-19,GOVERNMENT,#REF!,,,0,,0,0,,0,0
raw_sales_report,Medshield (Keith San Miguel).xlsx,sales2017,2760,5,15258,2017-10-12,ADMIN,#REF!,10,150,1500,0.3,450,10,20,200,850
raw_sales_report,Medshield (Keith San Miguel).xlsx,sales2017,2761,5,15259,2017-10-12,ADMIN,#REF!,7,857.143,6000.001,,0,7,420,2940,3060.001
raw_sales_report,Medshield (Keith San Miguel).xlsx,sales2017,2762,5,15260,2017-10-12,ADMIN,#REF!,5,125,625,0.3,187.5,5,35,175,262.5
raw_sales_report,Medshield (Keith San Miguel).xlsx,sales2017,2763,5,15260,2017-10-12,ADMIN,#REF!,5,500,2500,0.3,750,5,250,1250,500
raw_sales_report,Medshield (Keith San Miguel).xlsx,sales2017,2764,5,15261,2017-10-12,ADMIN,#REF!,4,1475,5900,0.3,1770,4,1180,4720,-590
raw_sales_report,Medshield (Keith San Miguel).xlsx,sales2017,2765,5,15261,2017-10-12,ADMIN,#REF!,2,1950,3900,0.3,1170,2,590,1180,1550
raw_sales_report,Medshield (Keith San Miguel).xlsx,sales2017,2766,5,15262,2017-10-12,ADMIN,#REF!,14,168,2352,,0,14,48,672,1680
raw_sales_report,Medshield (Keith San Miguel).xlsx,sales2017,2767,5,15263,2017-10-12,ADMIN,#REF!,7,2142.86,15000.02,,0,7,1450,10150,4850.02
raw_sales_report,Medshield (Keith San Miguel).xlsx,sales2017,2768,5,15264,2017-10-12,ADMIN,#REF!,0.4,1750,700,0.3,210,0.4,500,200,290
raw_sales_report,Medshield (Keith San Miguel).xlsx,sales2017,2769,5,15265,2017-10-12,ADMIN,#REF!,3,110,330,,0,3,48,144,186
raw_sales_report,Medshield (Keith San Miguel).xlsx,sales2017,2770,5,15266,2017-10-23,ADMIN,#REF!,1,750,750,,0,1,202.5,202.5,547.5
raw_sales_report,Medshield (Keith San Miguel).xlsx,sales2017,2771,5,15266,2017-10-23,ADMIN,#REF!,3,2800,8400,,0,3,1173.6,3520.7999999999997,4879.200000000001
raw_sales_report,Medshield (Keith San Miguel).xlsx,sales2017,2772,5,15266,2017-10-23,ADMIN,#REF!,3,1550,4650,,0,3,458,1374,3276
raw_sales_report,Medshield (Keith San Miguel).xlsx,sales2017,2773,5,15266,2017-10-23,ADMIN,#REF!,1,6000,6000,,0,1,1250,1250,4750
raw_sales_report,Medshield (Keith San Miguel).xlsx,sales2017,2774,5,15266,2017-10-23,ADMIN,#REF!,10,3000,30000,,0,10,750,7500,22500
raw_sales_report,Medshield (Keith San Miguel).xlsx,sales2017,2775,5,15266,2017-10-23,ADMIN,#REF!,2,1750,3500,,0,2,415,830,2670
raw_sales_report,Medshield (Keith San Miguel).xlsx,sales2017,2776,5,15266,2017-10-23,ADMIN,#REF!,2,3960,7920,,0,2,1872,3744,4176
raw_sales_report,Medshield (Keith San Miguel).xlsx,sales2017,2777,5,15267,2017-10-23,ADMIN,#REF!,100,120,12000,,0,100,23,2300,9700
raw_sales_report,Medshield (Keith San Miguel).xlsx,sales2017,2778,5,15268,2017-10-23,ADMIN,#REF!,40,128,5120,,0,40,128,5120,0
raw_sales_report,Medshield (Keith San Miguel).xlsx,sales2017,2779,5,15269,2017-10-23,ADMIN,#REF!,14,250,3500,,0,14,150,2100,1400
raw_sales_report,Medshield (Keith San Miguel).xlsx,sales2017,2780,5,15269,2017-10-23,ADMIN,#REF!,12,90,1080,,0,12,22.5,270,810
raw_sales_report,Medshield (Keith San Miguel).xlsx,sales2017,2781,5,15270,2017-10-23,ADMIN,#REF!,7,678.57,4749.990000000001,,0,7,310,2170,2579.9900000000007
raw_sales_report,Medshield (Keith San Miguel).xlsx,sales2017,2782,5,15270,2017-10-23,ADMIN,#REF!,7,857.143,6000.001,,0,7,420,2940,3060.001
raw_sales_report,Medshield (Keith San Miguel).xlsx,sales2017,2783,5,15270,2017-10-23,ADMIN,#REF!,7,785.71,5499.97,,0,7,146,1022,4477.97
raw_sales_report,Medshield (Keith San Miguel).xlsx,sales2017,2784,5,15271,2017-10-27,GOVERNMENT,#REF!,,,0,,0,0,,0,0
raw_sales_report,Medshield (Keith San Miguel).xlsx,sales2017,2785,5,15273,2017-10-26,ADMIN,#REF!,7,464.285,3249.9950000000003,,0,7,187.5,1312.5,1937.4950000000003
raw_sales_report,Medshield (Keith San Miguel).xlsx,sales2017,2786,5,15273,2017-10-26,ADMIN,#REF!,7,2000,14000,,0,7,1173.6,8215.199999999999,5784.800000000001
raw_sales_report,Medshield (Keith San Miguel).xlsx,sales2017,2787,5,15274,2017-10-26,ADMIN,#REF!,2,2100,4200,0.3,1260,2,685,1370,1570
raw_sales_report,Medshield (Keith San Miguel).xlsx,sales2017,2788,5,15274,2017-10-26,ADMIN,#REF!,2,3000,6000,0.3,1800,2,120,240,3960
raw_sales_report,Medshield (Keith San Miguel).xlsx,sales2017,2789,5,15274,2017-10-26,ADMIN,#REF!,1,1550,1550,0.3,465,1,458,458,627
raw_sales_report,Medshield (Keith San Miguel).xlsx,sales2017,2790,5,15274,2017-10-26,ADMIN,#REF!,3,1100,3300,0.3,990,3,146,438,1872
raw_sales_report,Medshield (Keith San Miguel).xlsx,sales2017,2791,5,15301,2017-10-24,BATANGAS,#REF!,2,780,1560,0.1,156,2,202.5,405,999
raw_sales_report,Medshield (Keith San Miguel).xlsx,sales2017,2792,5,15302,2017-10-24,BATANGAS,#REF!,2,780,1560,0.1,156,2,227.5,455,949
raw_sales_report,Medshield (Keith San Miguel).xlsx,sales2017,2793,5,15303,2017-10-24,BATANGAS,#REF!,10,180,1800,0.1,180,10,48,480,1140
raw_sales_report,Medshield (Keith San Miguel).xlsx,sales2017,2794,5,15304,2017-10-24,BATANGAS,#REF!,7,264,1848,0.1,184.8,7,80,560,1103.2
raw_sales_report,Medshield (Keith San Miguel).xlsx,sales2017,2795,5,15304,2017-10-24,BATANGAS,#REF!,10,53,530,0.1,53,10,16.8,168,309
raw_sales_report,Medshield (Keith San Miguel).xlsx,sales2017,2796,5,15305,2017-10-24,BATANGAS,#REF!,2,960,1920,0.1,192,2,225,450,1278
raw_sales_report,Medshield (Keith San Miguel).xlsx,sales2017,2797,5,15306,2017-10-24,BATANGAS,#REF!,15,180,2700,,0,15,48,720,1980
raw_sales_report,Medshield (Keith San Miguel).xlsx,sales2017,2798,5,15307,2017-10-24,BATANGAS,#REF!,2,780,1560,,0,2,227.5,455,1105
raw_sales_report,Medshield (Keith San Miguel).xlsx,sales2017,2799,5,15308,2017-10-24,BATANGAS,#REF!,2,3360,6720,,0,2,1173.6,2347.2,4372.8
raw_sales_report,Medshield (Keith San Miguel).xlsx,sales2017,2800,5,15309,2017-10-24,BATANGAS,#REF!,3,960,2880,,0,3,225,675,2205
raw_sales_report,Medshield (Keith San Miguel).xlsx,sales2017,2801,5,15310,2017-10-24,BATANGAS,#REF!,1,1140,1140,,0,1,215,215,925
raw_sales_report,Medshield (Keith San Miguel).xlsx,sales2017,2802,5,15311,2017-10-24,BATANGAS,#REF!,2,3000,6000,,0,2,1450,2900,3100
raw_sales_report,Medshield (Keith San Miguel).xlsx,sales2017,2803,5,15312,2017-10-24,BATANGAS,#REF!,3,2600,7800,,0,3,650,1950,5850
raw_sales_report,Medshield (Keith San Miguel).xlsx,sales2017,2804,5,15313,2017-10-24,BATANGAS,#REF!,7,550,3850,,0,7,128,896,2954
raw_sales_report,Medshield (Keith San Miguel).xlsx,sales2017,2805,5,15313,2017-10-24,BATANGAS,#REF!,2,198,396,,0,2,60,120,276
raw_sales_report,Medshield (Keith San Miguel).xlsx,sales2017,2806,5,15313,2017-10-24,BATANGAS,#REF!,3,1980,5940,,0,3,650,1950,3990
raw_sales_report,Medshield (Keith San Miguel).xlsx,sales2017,2807,5,15314,2017-10-24,BATANGAS,#REF!,5,825,4125,,0,5,230,1150,2975
raw_sales_report,Medshield (Keith San Miguel).xlsx,sales2017,2808,5,15314,2017-10-24,BATANGAS,#REF!,5,1925,9625,,0,5,415,2075,7550
raw_sales_report,Medshield (Keith San Miguel).xlsx,sales2017,2809,5,15351,2017-10-28,QUEZON,#REF!,10,175,1750,0.3,525,10,48,480,745
raw_sales_report,Medshield (Keith San Miguel).xlsx,sales2017,2810,5,15351,2017-10-28,QUEZON,#REF!,10,175,1750,0.3,525,10,42,420,805
raw_sales_report,Medshield (Keith San Miguel).xlsx,sales2017,2811,5,15351,2017-10-28,QUEZON,#REF!,10,450,4500,0.3,1350,10,148,1480,1670
raw_sales_report,Medshield (Keith San Miguel).xlsx,sales2017,2812,5,15351,2017-10-28,QUEZON,#REF!,10,90,900,0.3,270,10,26,260,370
raw_sales_report,Medshield (Keith San Miguel).xlsx,sales2017,2813,5,15352,2017-10-28,QUEZON,#REF!,36,175,6300,0.3,1890,36,42,1512,2898
raw_sales_report,Medshield (Keith San Miguel).xlsx,sales2017,2814,5,15352,2017-10-28,QUEZON,#REF!,36,170,6120,0.3,1836,36,55,1980,2304
raw_sales_report,Medshield (Keith San Miguel).xlsx,sales2017,2815,5,15353,2017-10-30,QUEZON,#REF!,2,160,320,,0,2,40,80,240
raw_sales_report,Medshield (Keith San Miguel).xlsx,sales2017,2816,5,15354,2017-10-30,QUEZON,#REF!,1,650,650,,0,1,168,168,482
raw_sales_report,Medshield (Keith San Miguel).xlsx,sales2017,2817,5,15355,2017-10-30,QUEZON,#REF!,5,870,4350,,0,5,219,1095,3255
raw_sales_report,Medshield (Keith San Miguel).xlsx,sales2017,2818,5,15355,2017-10-30,QUEZON,#REF!,1,975,975,,0,1,384,384,591
raw_sales_report,Medshield (Keith San Miguel).xlsx,sales2017,2819,5,13033,2017-11-10,SUPPLIES,#REF!,,,0,,0,0,,0,0
raw_sales_report,Medshield (Keith San Miguel).xlsx,sales2017,2820,5,13038,2017-11-10,SUPPLIES,#REF!,,,0,,0,0,,0,0
raw_sales_report,Medshield (Keith San Miguel).xlsx,sales2017,2821,5,14046,2017-10-06,ADMIN,#REF!,7,517.85713,3624.99991,,0,7,215,1505,2119.99991
raw_sales_report,Medshield (Keith San Miguel).xlsx,sales2017,2822,5,14047,2017-10-06,ADMIN,#REF!,1.24,1750,2170,0.3,651,1.24,500,620,899
raw_sales_report,Medshield (Keith San Miguel).xlsx,sales2017,2823,5,14473,2017-10-23,CAVITE,#REF!,30,53.33333,1599.9998999999998,,0,30,24.45,733.5,866.4998999999998
raw_sales_report,Medshield (Keith San Miguel).xlsx,sales2017,2824,5,14473,2017-10-23,CAVITE,#REF!,6,420,2520,,0,6,185,1110,1410
raw_sales_report,Medshield (Keith San Miguel).xlsx,sales2017,2825,5,14477,2017-11-13,CAVITE,#REF!,100,60,6000,,0,100,120,12000,-6000
raw_sales_report,Medshield (Keith San Miguel).xlsx,sales2017,2826,5,14478,2017-11-23,CAVITE,#REF!,1,368,368,,0,1,138.6,138.6,229.4
raw_sales_report,Medshield (Keith San Miguel).xlsx,sales2017,2827,5,14478,2017-11-23,CAVITE,#REF!,1,370,370,,0,1,140,140,230
raw_sales_report,Medshield (Keith San Miguel).xlsx,sales2017,2828,5,14478,2017-11-23,CAVITE,#REF!,1,290,290,,0,1,114.66,114.66,175.34
raw_sales_report,Medshield (Keith San Miguel).xlsx,sales2017,2829,5,14478,2017-11-23,CAVITE,#REF!,1,185,185,,0,1,69.3,69.3,115.7
raw_sales_report,Medshield (Keith San Miguel).xlsx,sales2017,2830,5,14478,2017-11-23,CAVITE,#REF!,1,648,648,,0,1,245,245,403
raw_sales_report,Medshield (Keith San Miguel).xlsx,sales2017,2831,5,14478,2017-11-23,CAVITE,#REF!,1,635,635,,0,1,240.1,240.1,394.9
raw_sales_report,Medshield (Keith San Miguel).xlsx,sales2017,2832,5,14478,2017-11-23,CAVITE,#REF!,1,574,574,,0,1,217,217,357
raw_sales_report,Medshield (Keith San Miguel).xlsx,sales2017,2833,5,14478,2017-11-23,CAVITE,#REF!,1,592,592,,0,1,224,224,368
raw_sales_report,Medshield (Keith San Miguel).xlsx,sales2017,2834,5,14582,2017-10-06,BATANGAS,#REF!,1,2700,2700,0.05,135,1,1173,1173,1392
raw_sales_report,Medshield (Keith San Miguel).xlsx,sales2017,2835,5,14582,2017-10-06,BATANGAS,#REF!,6,180,1080,0.05,54,6,129.7,778.1999999999999,247.80000000000007
raw_sales_report,Medshield (Keith San Miguel).xlsx,sales2017,2836,5,14582,2017-10-06,BATANGAS,#REF!,6,100,600,0.05,30,6,26.93,161.57999999999998,408.42
raw_sales_report,Medshield (Keith San Miguel).xlsx,sales2017,2837,5,14582,2017-10-06,BATANGAS,#REF!,6,80,480,0.05,24,6,22.75,136.5,319.5
raw_sales_report,Medshield (Keith San Miguel).xlsx,sales2017,2838,5,14582,2017-10-06,BATANGAS,#REF!,6,300,1800,0.05,90,6,129.7,778.1999999999999,931.8000000000001
raw_sales_report,Medshield (Keith San Miguel).xlsx,sales2017,2839,5,14667,2017-11-06,CAVITE,#REF!,20,78,1560,,0,20,26.93,538.6,1021.4
raw_sales_report,Medshield (Keith San Miguel).xlsx,sales2017,2840,5,14667,2017-11-06,CAVITE,#REF!,30,190,5700,,0,30,190,5700,0
raw_sales_report,Medshield (Keith San Miguel).xlsx,sales2017,2841,5,14667,2017-11-06,CAVITE,#REF!,50,80,4000,,0,50,24.47,1223.5,2776.5
raw_sales_report,Medshield (Keith San Miguel).xlsx,sales2017,2842,5,14667,2017-11-06,CAVITE,#REF!,1,942.81,942.81,,0,1,253,253,689.81
raw_sales_report,Medshield (Keith San Miguel).xlsx,sales2017,2843,5,14668,2017-11-20,CAVITE,#REF!,1,2750,2750,,0,1,980,980,1770
raw_sales_report,Medshield (Keith San Miguel).xlsx,sales2017,2844,5,14669,,CAVITE,#REF!,20,74,1480,,0,20,23,460,1020
raw_sales_report,Medshield (Keith San Miguel).xlsx,sales2017,2845,5,14669,,CAVITE,#REF!,10,80,800,,0,10,24.5,245,555
raw_sales_report,Medshield (Keith San Miguel).xlsx,sales2017,2846,5,14669,,CAVITE,#REF!,8,75,600,,0,8,240,1920,-1320
raw_sales_report,Medshield (Keith San Miguel).xlsx,sales2017,2847,5,14669,,CAVITE,#REF!,20,90,1800,,0,20,26,520,1280
raw_sales_report,Medshield (Keith San Miguel).xlsx,sales2017,2848,5,14669,,CAVITE,#REF!,20,400,8000,,0,20,139.45,2789,5211
raw_sales_report,Medshield (Keith San Miguel).xlsx,sales2017,2849,5,14670,,CAVITE,#REF!,20,80,1600,,0,20,23.45,469,1131
raw_sales_report,Medshield (Keith San Miguel).xlsx,sales2017,2850,5,14670,,CAVITE,#REF!,20,58,1160,,0,20,16.8,336,824
raw_sales_report,Medshield (Keith San Miguel).xlsx,sales2017,2851,5,14670,,CAVITE,#REF!,2,3000,6000,,0,2,1450,2900,3100
raw_sales_report,Medshield (Keith San Miguel).xlsx,sales2017,2852,5,14672,2017-11-22,CAVITE,#REF!,30,80,2400,0.3,720,30,24.47,734.0999999999999,945.9000000000001
raw_sales_report,Medshield (Keith San Miguel).xlsx,sales2017,2853,5,14672,2017-11-22,CAVITE,#REF!,20,112,2240,0.3,672,20,35,700,868
raw_sales_report,Medshield (Keith San Miguel).xlsx,sales2017,2854,5,14672,2017-11-22,CAVITE,#REF!,2,1500,3000,0.3,900,2,120,240,1860
raw_sales_report,Medshield (Keith San Miguel).xlsx,sales2017,2855,5,14672,2017-11-22,CAVITE,#REF!,1,300,300,0.3,90,1,1450,1450,-1240
raw_sales_report,Medshield (Keith San Miguel).xlsx,sales2017,2856,5,14709,2017-11-16,LAGUNA,#REF!,60,190,11400,,0,60,73,4380,7020
raw_sales_report,Medshield (Keith San Miguel).xlsx,sales2017,2857,5,14717,2017-11-02,LAGUNA,#REF!,60,190,11400,,0,60,73,4380,7020
raw_sales_report,Medshield (Keith San Miguel).xlsx,sales2017,2858,5,14717,2017-11-02,LAGUNA,#REF!,2,1225,2450,,0,2,415,830,1620
raw_sales_report,Medshield (Keith San Miguel).xlsx,sales2017,2859,5,14718,2017-11-02,LAGUNA,#REF!,40,190,7600,,0,40,73,2920,4680
raw_sales_report,Medshield (Keith San Miguel).xlsx,sales2017,2860,5,14718,2017-11-02,LAGUNA,#REF!,2,2100,4200,,0,2,1450,2900,1300
raw_sales_report,Medshield (Keith San Miguel).xlsx,sales2017,2861,5,14719,2017-11-06,LAGUNA,#REF!,2,1400,2800,,0,2,90,180,2620
raw_sales_report,Medshield (Keith San Miguel).xlsx,sales2017,2862,5,14719,1947-11-06,LAGUNA,#REF!,2,4000,8000,,0,2,650,1300,6700
raw_sales_report,Medshield (Keith San Miguel).xlsx,sales2017,2863,5,14720,2017-11-06,LAGUNA,#REF!,2,990,1980,,0,2,384,768,1212
raw_sales_report,Medshield (Keith San Miguel).xlsx,sales2017,2864,5,14720,2017-11-06,LAGUNA,#REF!,1,2574,2574,,0,1,680,680,1894
raw_sales_report,Medshield (Keith San Miguel).xlsx,sales2017,2865,5,14721,2017-11-06,LAGUNA,#REF!,5,1200,6000,,0,5,265,1325,4675
raw_sales_report,Medshield (Keith San Miguel).xlsx,sales2017,2866,5,14721,2017-11-06,LAGUNA,#REF!,50,380,19000,,0,50,39.13,1956.5000000000002,17043.5
raw_sales_report,Medshield (Keith San Miguel).xlsx,sales2017,2867,5,14721,2017-11-06,LAGUNA,#REF!,2,3300,6600,,0,2,1500,3000,3600
raw_sales_report,Medshield (Keith San Miguel).xlsx,sales2017,2868,5,14721,2017-11-06,LAGUNA,#REF!,5,420,2100,,0,5,85,425,1675
raw_sales_report,Medshield (Keith San Miguel).xlsx,sales2017,2869,5,14721,2017-11-06,LAGUNA,#REF!,5,650,3250,,0,5,90,450,2800
raw_sales_report,Medshield (Keith San Miguel).xlsx,sales2017,2870,5,14721,2017-11-06,LAGUNA,#REF!,6,6900,41400,,0,6,105,630,40770
raw_sales_report,Medshield (Keith San Miguel).xlsx,sales2017,2871,5,14722,2017-11-07,LAGUNA,#REF!,5,870,4350,,0,5,219,1095,3255
raw_sales_report,Medshield (Keith San Miguel).xlsx,sales2017,2872,5,14723,2017-11-07,LAGUNA,#REF!,5,870,4350,,0,5,219,1095,3255
raw_sales_report,Medshield (Keith San Miguel).xlsx,sales2017,2873,5,14724,2017-11-07,LAGUNA,#REF!,2,1800,3600,,0,2,540,1080,2520
raw_sales_report,Medshield (Keith San Miguel).xlsx,sales2017,2874,5,14726,2017-11-07,LAGUNA,#REF!,40,190,7600,,0,40,73,2920,4680
raw_sales_report,Medshield (Keith San Miguel).xlsx,sales2017,2875,5,14726,2017-11-07,LAGUNA,#REF!,2,2100,4200,,0,2,1450,2900,1300
raw_sales_report,Medshield (Keith San Miguel).xlsx,sales2017,2876,5,14727,2017-11-08,LAGUNA,#REF!,5,500,2500,,0,5,250,1250,1250
raw_sales_report,Medshield (Keith San Miguel).xlsx,sales2017,2877,5,14727,2017-11-08,LAGUNA,#REF!,1,525,525,,0,1,168,168,357
raw_sales_report,Medshield (Keith San Miguel).xlsx,sales2017,2878,5,14728,2017-11-08,LAGUNA,#REF!,2,3200,6400,,0,2,750,1500,4900
raw_sales_report,Medshield (Keith San Miguel).xlsx,sales2017,2879,5,14729,2017-11-09,LAGUNA,#REF!,2,3850,7700,,0,2,1180,2360,5340
raw_sales_report,Medshield (Keith San Miguel).xlsx,sales2017,2880,5,14729,2017-11-09,LAGUNA,#REF!,2,1250,2500,,0,2,365,730,1770
raw_sales_report,Medshield (Keith San Miguel).xlsx,sales2017,2881,5,14729,2017-11-09,LAGUNA,#REF!,5,5850,29250,,0,5,2980,14900,14350
raw_sales_report,Medshield (Keith San Miguel).xlsx,sales2017,2882,5,14729,2017-11-09,LAGUNA,#REF!,50,480,24000,,0,50,39,1950,22050
raw_sales_report,Medshield (Keith San Miguel).xlsx,sales2017,2883,5,14729,2017-11-09,LAGUNA,#REF!,60,264,15840,,0,60,73,4380,11460
raw_sales_report,Medshield (Keith San Miguel).xlsx,sales2017,2884,5,14729,2017-11-09,LAGUNA,#REF!,50,156,7800,,0,50,17.7,885,6915
raw_sales_report,Medshield (Keith San Miguel).xlsx,sales2017,2885,5,14729,2017-11-09,LAGUNA,#REF!,3,600,1800,,0,3,170,510,1290
raw_sales_report,Medshield (Keith San Miguel).xlsx,sales2017,2886,5,14729,2017-11-09,LAGUNA,#REF!,20,380,7600,,0,20,450,9000,-1400
raw_sales_report,Medshield (Keith San Miguel).xlsx,sales2017,2887,5,14729,2017-11-09,LAGUNA,#REF!,2,2420,4840,,0,2,1450,2900,1940
raw_sales_report,Medshield (Keith San Miguel).xlsx,sales2017,2888,5,14729,2017-11-09,LAGUNA,#REF!,60,13,780,,0,60,275,16500,-15720
raw_sales_report,Medshield (Keith San Miguel).xlsx,sales2017,2889,5,14729,2017-11-09,LAGUNA,#REF!,1,1300,1300,,0,1,140,140,1160
raw_sales_report,Medshield (Keith San Miguel).xlsx,sales2017,2890,5,14729,2017-11-09,LAGUNA,#REF!,2,620,1240,,0,2,182,364,876
raw_sales_report,Medshield (Keith San Miguel).xlsx,sales2017,2891,5,14731,2017-11-16,LAGUNA,#REF!,12,310,3720,,0,12,129.7,1556.3999999999999,2163.6000000000004
raw_sales_report,Medshield (Keith San Miguel).xlsx,sales2017,2892,5,14732,2017-11-16,LAGUNA,#REF!,10,128,1280,,0,10,40,400,880
raw_sales_report,Medshield (Keith San Miguel).xlsx,sales2017,2893,5,14733,2017-11-16,LAGUNA,#REF!,1,3000,3000,,0,1,1450,1450,1550
raw_sales_report,Medshield (Keith San Miguel).xlsx,sales2017,2894,5,14734,2017-11-14,LAGUNA,#REF!,40,190,7600,,0,40,73,2920,4680
raw_sales_report,Medshield (Keith San Miguel).xlsx,sales2017,2895,5,14734,2017-11-14,LAGUNA,#REF!,2,1225,2450,,0,2,415,830,1620
raw_sales_report,Medshield (Keith San Miguel).xlsx,sales2017,2896,5,14735,2017-11-16,LAGUNA,#REF!,12,200,2400,,0,12,129.7,1556.3999999999999,843.6000000000001
raw_sales_report,Medshield (Keith San Miguel).xlsx,sales2017,2897,5,14736,2017-11-16,LAGUNA,#REF!,2,1800,3600,,0,2,1450,2900,700
raw_sales_report,Medshield (Keith San Miguel).xlsx,sales2017,2898,5,14737,2017-11-15,LAGUNA,#REF!,30,264,7920,,0,30,73,2190,5730
raw_sales_report,Medshield (Keith San Miguel).xlsx,sales2017,2899,5,14737,2017-11-15,LAGUNA,#REF!,50,490,24500,,0,50,270,13500,11000
raw_sales_report,Medshield (Keith San Miguel).xlsx,sales2017,2900,5,14737,2017-11-15,LAGUNA,#REF!,5,650,3250,,0,5,90,450,2800
raw_sales_report,Medshield (Keith San Miguel).xlsx,sales2017,2901,5,14737,2017-11-15,LAGUNA,#REF!,8,600,4800,,0,8,170,1360,3440
raw_sales_report,Medshield (Keith San Miguel).xlsx,sales2017,2902,5,14737,2017-11-15,LAGUNA,#REF!,4,600,2400,,0,4,150,600,1800
raw_sales_report,Medshield (Keith San Miguel).xlsx,sales2017,2903,5,14737,2017-11-15,LAGUNA,#REF!,5,2600,13000,,0,5,265,1325,11675
raw_sales_report,Medshield (Keith San Miguel).xlsx,sales2017,2904,5,14737,2017-11-15,LAGUNA,#REF!,15,960,14400,,0,15,330,4950,9450
raw_sales_report,Medshield (Keith San Miguel).xlsx,sales2017,2905,5,14737,2017-11-15,LAGUNA,#REF!,50,480,24000,,0,50,45,2250,21750
raw_sales_report,Medshield (Keith San Miguel).xlsx,sales2017,2906,5,14737,2017-11-15,LAGUNA,#REF!,100,156,15600,,0,100,17.7,1770,13830
raw_sales_report,Medshield (Keith San Miguel).xlsx,sales2017,2907,5,14737,2017-11-15,LAGUNA,#REF!,2,2420,4840,,0,2,1450,2900,1940
raw_sales_report,Medshield (Keith San Miguel).xlsx,sales2017,2908,5,14737,2017-11-15,LAGUNA,#REF!,40,240,9600,,0,40,27,1080,8520
raw_sales_report,Medshield (Keith San Miguel).xlsx,sales2017,2909,5,14737,2017-11-15,LAGUNA,#REF!,5.5,950,5225,,0,5.5,300,1650,3575
raw_sales_report,Medshield (Keith San Miguel).xlsx,sales2017,2910,5,14737,2017-11-15,LAGUNA,#REF!,100,580,58000,,0,100,293.37,29337,28663
raw_sales_report,Medshield (Keith San Miguel).xlsx,sales2017,2911,5,14737,2017-11-15,LAGUNA,#REF!,10,290,2900,,0,10,114.6,1146,1754
raw_sales_report,Medshield (Keith San Miguel).xlsx,sales2017,2912,5,14738,2017-11-16,LAGUNA,#REF!,2,3200,6400,,0,2,650,1300,5100
raw_sales_report,Medshield (Keith San Miguel).xlsx,sales2017,2913,5,14739,2017-11-21,LAGUNA,#REF!,60,264,15840,,0,60,73,4380,11460
raw_sales_report,Medshield (Keith San Miguel).xlsx,sales2017,2914,5,14739,2017-11-21,LAGUNA,#REF!,10,750,7500,,0,10,155,1550,5950
raw_sales_report,Medshield (Keith San Miguel).xlsx,sales2017,2915,5,14739,2017-11-21,LAGUNA,#REF!,5,1560,7800,,0,5,750,3750,4050
raw_sales_report,Medshield (Keith San Miguel).xlsx,sales2017,2916,5,14739,2017-11-21,LAGUNA,#REF!,10,1200,12000,,0,10,265,2650,9350
raw_sales_report,Medshield (Keith San Miguel).xlsx,sales2017,2917,5,14739,2017-11-21,LAGUNA,#REF!,50,380,19000,,0,50,39.13,1956.5000000000002,17043.5
raw_sales_report,Medshield (Keith San Miguel).xlsx,sales2017,2918,5,14739,2017-11-21,LAGUNA,#REF!,2,950,1900,,0,2,270,540,1360
raw_sales_report,Medshield (Keith San Miguel).xlsx,sales2017,2919,5,14740,2017-11-23,LAGUNA,#REF!,30,264,7920,,0,30,73,2190,5730
raw_sales_report,Medshield (Keith San Miguel).xlsx,sales2017,2920,5,14740,2017-11-23,LAGUNA,#REF!,10,1560,15600,,0,10,750,7500,8100
raw_sales_report,Medshield (Keith San Miguel).xlsx,sales2017,2921,5,14740,2017-11-23,LAGUNA,#REF!,5,1200,6000,,0,5,265,1325,4675
raw_sales_report,Medshield (Keith San Miguel).xlsx,sales2017,2922,5,14740,2017-11-23,LAGUNA,#REF!,3,2420,7260,,0,3,1450,4350,2910
raw_sales_report,Medshield (Keith San Miguel).xlsx,sales2017,2923,5,14740,2017-11-23,LAGUNA,#REF!,10,420,4200,,0,10,85,850,3350
raw_sales_report,Medshield (Keith San Miguel).xlsx,sales2017,2924,5,14740,2017-11-23,LAGUNA,#REF!,50,480,24000,,0,50,45,2250,21750
raw_sales_report,Medshield (Keith San Miguel).xlsx,sales2017,2925,5,14740,2017-11-23,LAGUNA,#REF!,5,650,3250,,0,5,90,450,2800
raw_sales_report,Medshield (Keith San Miguel).xlsx,sales2017,2926,5,14740,2017-11-23,LAGUNA,#REF!,10,600,6000,,0,10,150,1500,4500
raw_sales_report,Medshield (Keith San Miguel).xlsx,sales2017,2927,5,14740,2017-11-23,LAGUNA,#REF!,2,420,840,,0,2,128,256,584
raw_sales_report,Medshield (Keith San Miguel).xlsx,sales2017,2928,5,14740,2017-11-23,LAGUNA,#REF!,2,390,780,,0,2,275,550,230
raw_sales_report,Medshield (Keith San Miguel).xlsx,sales2017,2929,5,14740,2017-11-23,LAGUNA,#REF!,25,750,18750,,0,25,155,3875,14875
raw_sales_report,Medshield (Keith San Miguel).xlsx,sales2017,2930,5,14740,2017-11-23,LAGUNA,#REF!,2,2500,5000,,0,2,650,1300,3700
raw_sales_report,Medshield (Keith San Miguel).xlsx,sales2017,2931,5,14740,2017-11-23,LAGUNA,#REF!,50,90,4500,,0,50,23,1150,3350
raw_sales_report,Medshield (Keith San Miguel).xlsx,sales2017,2932,5,14741,2017-11-23,LAGUNA,#REF!,2,2795,5590,,0,2,1178,2356,3234
raw_sales_report,Medshield (Keith San Miguel).xlsx,sales2017,2933,5,14741,2017-11-23,LAGUNA,#REF!,10,310,3100,,0,10,129.7,1297,1803
raw_sales_report,Medshield (Keith San Miguel).xlsx,sales2017,2934,5,14743,2017-11-21,LAGUNA,#REF!,2,824,1648,,0,2,70.8,141.6,1506.4
raw_sales_report,Medshield (Keith San Miguel).xlsx,sales2017,2935,5,14744,2017-11-21,LAGUNA,#REF!,1,1890,1890,,0,1,550,550,1340
raw_sales_report,Medshield (Keith San Miguel).xlsx,sales2017,2936,5,14762,2017-11-19,HOSPITAL,#REF!,2,460,920,,0,2,73,146,774
raw_sales_report,Medshield (Keith San Miguel).xlsx,sales2017,2937,5,14850,2017-11-02,CAM SUR,#REF!,1,1600,1600,,0,1,458,458,1142
raw_sales_report,Medshield (Keith San Miguel).xlsx,sales2017,2938,5,14850,2017-11-02,CAM SUR,#REF!,1,585,585,,0,1,270,270,315
raw_sales_report,Medshield (Keith San Miguel).xlsx,sales2017,2939,5,14858,2017-11-13,SUPPLIES,#REF!,,,0,,0,0,,0,0
raw_sales_report,Medshield (Keith San Miguel).xlsx,sales2017,2940,5,14859,2017-11-13,SUPPLIES,#REF!,,,0,,0,0,,0,0
raw_sales_report,Medshield (Keith San Miguel).xlsx,sales2017,2941,5,14860,2017-11-16,SUPPLIES,#REF!,,,0,,0,0,,0,0
raw_sales_report,Medshield (Keith San Miguel).xlsx,sales2017,2942,5,14861,2017-11-16,SUPPLIES,#REF!,,,0,,0,0,,0,0
raw_sales_report,Medshield (Keith San Miguel).xlsx,sales2017,2943,5,14862,2017-11-21,SUPPLIES,#REF!,,,0,,0,0,,0,0
raw_sales_report,Medshield (Keith San Miguel).xlsx,sales2017,2944,5,14922,2017-11-08,CAM NORTE,#REF!,12,240,2880,,0,12,75,900,1980
raw_sales_report,Medshield (Keith San Miguel).xlsx,sales2017,2945,5,14923,2017-11-10,CAM NORTE,#REF!,3,750,2250,,0,3,227.5,682.5,1567.5
raw_sales_report,Medshield (Keith San Miguel).xlsx,sales2017,2946,5,14923,2017-11-10,CAM NORTE,#REF!,6,80,480,,0,6,24.47,146.82,333.18
raw_sales_report,Medshield (Keith San Miguel).xlsx,sales2017,2947,5,14924,2017-11-10,CAM NORTE,#REF!,2,750,1500,,0,2,277.5,555,945
raw_sales_report,Medshield (Keith San Miguel).xlsx,sales2017,2948,5,14925,2017-11-11,CAM NORTE,#REF!,1,1800,1800,,0,1,535,535,1265
raw_sales_report,Medshield (Keith San Miguel).xlsx,sales2017,2949,5,14926,2017-11-13,CAM NORTE,#REF!,2,5500,11000,,0,2,3575,7150,3850
raw_sales_report,Medshield (Keith San Miguel).xlsx,sales2017,2950,5,14927,2017-11-13,CAM NORTE,#REF!,18,116.6666,2099.9988,,0,18,55,990,1109.9987999999998
raw_sales_report,Medshield (Keith San Miguel).xlsx,sales2017,2951,5,14929,2017-11-14,CAM NORTE,#REF!,12,310,3720,,0,12,1173,14076,-10356
raw_sales_report,Medshield (Keith San Miguel).xlsx,sales2017,2952,5,14929,2017-11-14,CAM NORTE,#REF!,2,1160,2320,,0,2,333,666,1654
raw_sales_report,Medshield (Keith San Miguel).xlsx,sales2017,2953,5,14929,2017-11-14,CAM NORTE,#REF!,2,750,1500,,0,2,227.5,455,1045
raw_sales_report,Medshield (Keith San Miguel).xlsx,sales2017,2954,5,14929,2017-11-14,CAM NORTE,#REF!,2,2100,4200,,0,2,655,1310,2890
raw_sales_report,Medshield (Keith San Miguel).xlsx,sales2017,2955,5,14929,2017-11-14,CAM NORTE,#REF!,1,1800,1800,,0,1,535,535,1265
raw_sales_report,Medshield (Keith San Miguel).xlsx,sales2017,2956,5,14929,2017-11-14,CAM NORTE,#REF!,1,1000,1000,,0,1,270,270,730
raw_sales_report,Medshield (Keith San Miguel).xlsx,sales2017,2957,5,14929,2017-11-14,CAM NORTE,#REF!,1,3000,3000,,0,1,1450,1450,1550
raw_sales_report,Medshield (Keith San Miguel).xlsx,sales2017,2958,5,14931,2017-11-15,CAM NORTE,#REF!,6,240,1440,,0,6,198,1188,252
raw_sales_report,Medshield (Keith San Miguel).xlsx,sales2017,2959,5,14932,2017-11-15,CAM NORTE,#REF!,1,1800,1800,,0,1,535,535,1265
raw_sales_report,Medshield (Keith San Miguel).xlsx,sales2017,2960,5,14933,2017-11-15,CAM NORTE,#REF!,1,3000,3000,,0,1,1450,1450,1550
raw_sales_report,Medshield (Keith San Miguel).xlsx,sales2017,2961,5,14934,2017-11-15,CAM NORTE,#REF!,1,1000,1000,,0,1,270,270,730
raw_sales_report,Medshield (Keith San Miguel).xlsx,sales2017,2962,5,14935,2017-11-15,CAM NORTE,#REF!,1,1800,1800,,0,1,540,540,1260
raw_sales_report,Medshield (Keith San Miguel).xlsx,sales2017,2963,5,14936,2017-11-15,CAM NORTE,#REF!,2,1164.8,2329.6,,0,2,333,666,1663.6
raw_sales_report,Medshield (Keith San Miguel).xlsx,sales2017,2964,5,14939,2017-11-20,CAM NORTE,#REF!,2,3429,6858,,0,2,1250,2500,4358
raw_sales_report,Medshield (Keith San Miguel).xlsx,sales2017,2965,5,14940,2017-11-20,CAM NORTE,#REF!,2,5500,11000,,0,2,3575,7150,3850
raw_sales_report,Medshield (Keith San Miguel).xlsx,sales2017,2966,5,14941,2017-11-21,CAM NORTE,#REF!,1,1600,1600,,0,1,480.9,480.9,1119.1
raw_sales_report,Medshield (Keith San Miguel).xlsx,sales2017,2967,5,14941,2017-11-21,CAM NORTE,#REF!,12,198,2376,,0,12,65,780,1596
raw_sales_report,Medshield (Keith San Miguel).xlsx,sales2017,2968,5,14941,2017-11-21,CAM NORTE,#REF!,6,92,552,,0,6,26.95,161.7,390.3
raw_sales_report,Medshield (Keith San Miguel).xlsx,sales2017,2969,5,14941,2017-11-21,CAM NORTE,#REF!,6,120,720,,0,6,35,210,510
raw_sales_report,Medshield (Keith San Miguel).xlsx,sales2017,2970,5,14942,2017-11-22,CAM NORTE,#REF!,1,1100,1100,,0,1,310,310,790
raw_sales_report,Medshield (Keith San Miguel).xlsx,sales2017,2971,5,14942,2017-11-22,CAM NORTE,#REF!,1,650,650,,0,1,187.5,187.5,462.5
raw_sales_report,Medshield (Keith San Miguel).xlsx,sales2017,2972,5,14943,2017-11-23,CAM NORTE,#REF!,6,80,480,,0,6,24.47,146.82,333.18
raw_sales_report,Medshield (Keith San Miguel).xlsx,sales2017,2973,5,14943,2017-11-23,CAM NORTE,#REF!,12,120,1440,,0,12,35,420,1020
raw_sales_report,Medshield (Keith San Miguel).xlsx,sales2017,2974,5,14943,2017-11-23,CAM NORTE,#REF!,12,92,1104,,0,12,26.95,323.4,780.6
raw_sales_report,Medshield (Keith San Miguel).xlsx,sales2017,2975,5,14943,2017-11-23,CAM NORTE,#REF!,12,198,2376,,0,12,65,780,1596
raw_sales_report,Medshield (Keith San Miguel).xlsx,sales2017,2976,5,14943,2017-11-23,CAM NORTE,#REF!,1,1800,1800,,0,1,535,535,1265
raw_sales_report,Medshield (Keith San Miguel).xlsx,sales2017,2977,5,14943,2017-11-23,CAM NORTE,#REF!,1,750,750,,0,1,227.5,227.5,522.5
raw_sales_report,Medshield (Keith San Miguel).xlsx,sales2017,2978,5,14944,2017-11-23,CAM NORTE,#REF!,3,1600,4800,,0,3,480.9,1442.6999999999998,3357.3
raw_sales_report,Medshield (Keith San Miguel).xlsx,sales2017,2979,5,14945,2017-11-23,CAM NORTE,#REF!,2,1000,2000,,0,2,270,540,1460
raw_sales_report,Medshield (Keith San Miguel).xlsx,sales2017,2980,5,14946,2017-11-23,CAM NORTE,#REF!,1,650,650,0.3,195,1,187.5,187.5,267.5
raw_sales_report,Medshield (Keith San Miguel).xlsx,sales2017,2981,5,14946,2017-11-23,CAM NORTE,#REF!,1,2400,2400,0.3,720,1,560,560,1120
raw_sales_report,Medshield (Keith San Miguel).xlsx,sales2017,2982,5,14947,2017-11-20,CAM NORTE,#REF!,1,3429,3429,,0,1,1250,1250,2179
raw_sales_report,Medshield (Keith San Miguel).xlsx,sales2017,2983,5,14948,2017-11-24,CAM NORTE,#REF!,2,5500,11000,,0,2,3575,7150,3850
raw_sales_report,Medshield (Keith San Miguel).xlsx,sales2017,2984,5,14957,2017-11-12,LEGASPI ,#REF!,1,1800,1800,0.1,180,1,550,550,1070
raw_sales_report,Medshield (Keith San Miguel).xlsx,sales2017,2985,5,14961,2017-11-09,LEGASPI,#REF!,2,1800,3600,0.1,360,2,550,1100,2140
raw_sales_report,Medshield (Keith San Miguel).xlsx,sales2017,2986,5,14962,2017-11-09,LEGASPI,#REF!,1,1400,1400,0.1,140,1,70,70,1190
raw_sales_report,Medshield (Keith San Miguel).xlsx,sales2017,2987,5,14963,2017-11-09,LEGASPI,#REF!,1,1120,1120,0.1,112,1,330,330,678
raw_sales_report,Medshield (Keith San Miguel).xlsx,sales2017,2988,5,14964,2017-11-09,LEGASPI,#REF!,1,1750,1750,0.1,175,1,450,450,1125
raw_sales_report,Medshield (Keith San Miguel).xlsx,sales2017,2989,5,14965,2017-11-09,LEGASPI,#REF!,1,2790,2790,0.1,279,1,1173,1173,1338
raw_sales_report,Medshield (Keith San Miguel).xlsx,sales2017,2990,5,14966,2017-11-15,LEGASPI,#REF!,1,1800,1800,0.2,360,1,550,550,890
raw_sales_report,Medshield (Keith San Miguel).xlsx,sales2017,2991,5,14967,2017-11-08,LEGASPI,#REF!,1,670,670,0.2,134,1,210,210,326
raw_sales_report,Medshield (Keith San Miguel).xlsx,sales2017,2992,5,14968,2017-11-08,LEGASPI,#REF!,1,1750,1750,0.2,350,1,415,415,985
raw_sales_report,Medshield (Keith San Miguel).xlsx,sales2017,2993,5,14969,2017-11-08,LEGASPI,#REF!,1,1800,1800,0.2,360,1,540,540,900
raw_sales_report,Medshield (Keith San Miguel).xlsx,sales2017,2994,5,14970,2017-11-21,LAGASPI,#REF!,1,1750,1750,0.2,350,1,415,415,985
raw_sales_report,Medshield (Keith San Miguel).xlsx,sales2017,2995,5,14971,2017-11-21,LAGASPI,#REF!,1,1400,1400,0.2,280,1,70,70,1050
raw_sales_report,Medshield (Keith San Miguel).xlsx,sales2017,2996,5,14972,2017-11-21,LAGASPI,#REF!,1,1120,1120,0.2,224,1,330,330,566
raw_sales_report,Medshield (Keith San Miguel).xlsx,sales2017,2997,5,14973,2017-11-23,LEGASPI,#REF!,1,1250,1250,0.1,125,1,330,330,795
raw_sales_report,Medshield (Keith San Miguel).xlsx,sales2017,2998,5,14974,2017-11-23,LEGASPI,#REF!,1,1000,1000,0.1,100,1,323,323,577
raw_sales_report,Medshield (Keith San Miguel).xlsx,sales2017,2999,5,14975,2017-11-23,LEGASPI,#REF!,1,1800,1800,0.1,180,1,540,540,1080
raw_sales_report,Medshield (Keith San Miguel).xlsx,sales2017,3000,5,15001,2017-11-13,CAVITE,#REF!,10,1320,13200,,0,10,200,2000,11200
raw_sales_report,Medshield (Keith San Miguel).xlsx,sales2017,3001,5,15001,2017-11-13,CAVITE,#REF!,5,1150,5750,,0,5,365,1825,3925
raw_sales_report,Medshield (Keith San Miguel).xlsx,sales2017,3002,5,15001,2017-11-13,CAVITE,#REF!,1.5,2833.33,4249.995,,0,1.5,310,465,3784.995
raw_sales_report,Medshield (Keith San Miguel).xlsx,sales2017,3003,5,15002,2017-11-14,BATANGAS,#REF!,3,2600,7800,,0,3,650,1950,5850
raw_sales_report,Medshield (Keith San Miguel).xlsx,sales2017,3004,5,15002,2017-11-14,BATANGAS,#REF!,2,1800,3600,,0,2,480.9,961.8,2638.2
raw_sales_report,Medshield (Keith San Miguel).xlsx,sales2017,3005,5,15003,2017-11-14,BATANGAS,#REF!,5,550,2750,,0,5,128,640,2110
raw_sales_report,Medshield (Keith San Miguel).xlsx,sales2017,3006,5,15003,2017-11-14,BATANGAS,#REF!,3,1980,5940,,0,3,595,1785,4155
raw_sales_report,Medshield (Keith San Miguel).xlsx,sales2017,3007,5,15004,2017-11-14,BATANGAS,#REF!,4,1980,7920,,0,4,685,2740,5180
raw_sales_report,Medshield (Keith San Miguel).xlsx,sales2017,3008,5,15004,2017-11-14,BATANGAS,#REF!,3,1500,4500,,0,3,310,930,3570
raw_sales_report,Medshield (Keith San Miguel).xlsx,sales2017,3009,5,15005,2017-11-14,BATANGAS,#REF!,5,4200,21000,,0,5,1235,6175,14825
raw_sales_report,Medshield (Keith San Miguel).xlsx,sales2017,3010,5,15006,2017-11-14,BATANGAS,#REF!,20,80,1600,,0,20,24.47,489.4,1110.6
raw_sales_report,Medshield (Keith San Miguel).xlsx,sales2017,3011,5,15008,2017-11-20,BATANGAS,#REF!,1,500,500,0.05,25,1,133,133,342
raw_sales_report,Medshield (Keith San Miguel).xlsx,sales2017,3012,5,15008,2017-11-20,BATANGAS,#REF!,2,1600,3200,0.05,160,2,450,900,2140
raw_sales_report,Medshield (Keith San Miguel).xlsx,sales2017,3013,5,15008,2017-11-20,BATANGAS,#REF!,6,150,900,0.05,45,6,42,252,603
raw_sales_report,Medshield (Keith San Miguel).xlsx,sales2017,3014,5,15009,2017-11-21,CAVITE,#REF!,3,1500,4500,0.3,1350,3,435,1305,1845
raw_sales_report,Medshield (Keith San Miguel).xlsx,sales2017,3015,5,15009,2017-11-21,CAVITE,#REF!,5,1320,6600,0.3,1980,5,200,1000,3620
raw_sales_report,Medshield (Keith San Miguel).xlsx,sales2017,3016,5,15009,2017-11-21,CAVITE,#REF!,6,750,4500,0.3,1350,6,225,1350,1800
raw_sales_report,Medshield (Keith San Miguel).xlsx,sales2017,3017,5,15009,2017-11-21,CAVITE,#REF!,2,1290,2580,0.3,774,2,405,810,996
raw_sales_report,Medshield (Keith San Miguel).xlsx,sales2017,3018,5,15009,2017-11-21,CAVITE,#REF!,2,3800,7600,0.3,2280,2,890,1780,3540
raw_sales_report,Medshield (Keith San Miguel).xlsx,sales2017,3019,5,15016,2017-11-23,BATANGAS,#REF!,14,96,1344,,0,14,25,350,994
raw_sales_report,Medshield (Keith San Miguel).xlsx,sales2017,3020,5,15017,2017-11-23,BATANGAS,#REF!,3,1026,3078,,0,3,270,810,2268
raw_sales_report,Medshield (Keith San Miguel).xlsx,sales2017,3021,5,15018,2017-11-23,BATANGAS,#REF!,2,1140,2280,,0,2,215,430,1850
raw_sales_report,Medshield (Keith San Miguel).xlsx,sales2017,3022,5,15019,2017-11-23,BATANGAS,#REF!,13,72,936,,0,13,23,299,637
raw_sales_report,Medshield (Keith San Miguel).xlsx,sales2017,3023,5,15020,2017-11-23,BATANGAS,#REF!,11,350,3850,,0,11,148,1628,2222
raw_sales_report,Medshield (Keith San Miguel).xlsx,sales2017,3024,5,15021,2017-11-23,BATANGAS,#REF!,12,180,2160,,0,12,48,576,1584
raw_sales_report,Medshield (Keith San Miguel).xlsx,sales2017,3025,5,15022,2017-11-23,BATANGAS,#REF!,2,780,1560,,0,2,227.5,455,1105
raw_sales_report,Medshield (Keith San Miguel).xlsx,sales2017,3026,5,15023,2017-11-23,BATANGAS,#REF!,2,780,1560,,0,2,168,336,1224
raw_sales_report,Medshield (Keith San Miguel).xlsx,sales2017,3027,5,15024,2017-11-23,BATANGAS,#REF!,3,3360,10080,,0,3,1173.6,3520.7999999999997,6559.200000000001
raw_sales_report,Medshield (Keith San Miguel).xlsx,sales2017,3028,5,15025,2017-11-23,BATANGAS,#REF!,3,3360,10080,,0,3,1173.6,3520.7999999999997,6559.200000000001
raw_sales_report,Medshield (Keith San Miguel).xlsx,sales2017,3029,5,15026,2017-11-23,BATANGAS,#REF!,11,190,2090,,0,11,75.6,831.5999999999999,1258.4
raw_sales_report,Medshield (Keith San Miguel).xlsx,sales2017,3030,5,15027,2017-11-23,BATANGAS,#REF!,2,1600,3200,,0,2,415,830,2370
raw_sales_report,Medshield (Keith San Miguel).xlsx,sales2017,3031,5,15028,2017-11-23,BATANGAS,#REF!,2,1600,3200,,0,2,415,830,2370
raw_sales_report,Medshield (Keith San Miguel).xlsx,sales2017,3032,5,15029,2017-11-23,BATANGAS,#REF!,4,4200,16800,,0,4,1235,4940,11860
raw_sales_report,Medshield (Keith San Miguel).xlsx,sales2017,3033,5,15030,2017-11-23,BATANGAS,#REF!,6,400,2400,,0,6,139.45,836.6999999999999,1563.3000000000002
raw_sales_report,Medshield (Keith San Miguel).xlsx,sales2017,3034,5,15031,2017-11-23,BATANGAS,#REF!,7,72,504,,0,7,23,161,343
raw_sales_report,Medshield (Keith San Miguel).xlsx,sales2017,3035,5,15051,2017-11-13,ADMIN,#REF!,7,517.857142,3624.999994,,0,7,215,1505,2119.999994
raw_sales_report,Medshield (Keith San Miguel).xlsx,sales2017,3036,5,15051,2017-11-13,ADMIN,#REF!,7,785.714286,5500.000002,,0,7,146.8,1027.6000000000001,4472.400001999999
raw_sales_report,Medshield (Keith San Miguel).xlsx,sales2017,3037,5,15051,2017-11-13,ADMIN,#REF!,7,120,840,,0,7,48,336,504
raw_sales_report,Medshield (Keith San Miguel).xlsx,sales2017,3038,5,15052,2017-11-13,ADMIN,#REF!,4,1500,6000,,0,4,435,1740,4260
raw_sales_report,Medshield (Keith San Miguel).xlsx,sales2017,3039,5,15052,2017-11-13,ADMIN,#REF!,3,1000,3000,,0,3,173,519,2481
raw_sales_report,Medshield (Keith San Miguel).xlsx,sales2017,3040,5,15056,,GOVERNMENT,#REF!,,,0,,0,0,,0,0
raw_sales_report,Medshield (Keith San Miguel).xlsx,sales2017,3041,5,15057,,GOVERNMENT,#REF!,,,0,,0,0,,0,0
raw_sales_report,Medshield (Keith San Miguel).xlsx,sales2017,3042,5,15058,,GOVERNMENT,#REF!,,,0,,0,0,,0,0
raw_sales_report,Medshield (Keith San Miguel).xlsx,sales2017,3043,5,15063,,GOVERNMENT,#REF!,,,0,,0,0,,0,0
raw_sales_report,Medshield (Keith San Miguel).xlsx,sales2017,3044,5,15064,,GOVERNMENT,#REF!,,,0,,0,0,,0,0
raw_sales_report,Medshield (Keith San Miguel).xlsx,sales2017,3045,5,15065,,GOVERNMENT,#REF!,,,0,,0,0,,0,0
raw_sales_report,Medshield (Keith San Miguel).xlsx,sales2017,3046,5,15067,,GOVERNMENT,#REF!,,,0,,0,0,,0,0
raw_sales_report,Medshield (Keith San Miguel).xlsx,sales2017,3047,5,15068,,GOVERNMENT,#REF!,,,0,,0,0,,0,0
raw_sales_report,Medshield (Keith San Miguel).xlsx,sales2017,3048,5,15069,,GOVERNMENT,#REF!,,,0,,0,0,,0,0
raw_sales_report,Medshield (Keith San Miguel).xlsx,sales2017,3049,5,15070,,HOSPITAL,#REF!,2,4800,9600,,0,2,1872,3744,5856
raw_sales_report,Medshield (Keith San Miguel).xlsx,sales2017,3050,5,15071,,HOSPITAL,#REF!,100,120,12000,,0,100,26,2600,9400
raw_sales_report,Medshield (Keith San Miguel).xlsx,sales2017,3051,5,15072,2017-11-20,HOSPITAL,#REF!,500,120,60000,,0,500,23,11500,48500
raw_sales_report,Medshield (Keith San Miguel).xlsx,sales2017,3052,5,15073,2017-11-20,HOSPITAL,#REF!,120,2450,294000,,0,120,1938,232560,61440
raw_sales_report,Medshield (Keith San Miguel).xlsx,sales2017,3053,5,15074,2017-11-20,QUEZON,#REF!,11,681.818,7499.998,,0,11,202.5,2227.5,5272.498
raw_sales_report,Medshield (Keith San Miguel).xlsx,sales2017,3054,5,15074,2017-11-20,QUEZON,#REF!,2,820,1640,,0,2,247.2,494.4,1145.6
raw_sales_report,Medshield (Keith San Miguel).xlsx,sales2017,3055,5,15074,2017-11-20,QUEZON,#REF!,22,681.818,14999.996,,0,22,219,4818,10181.996
raw_sales_report,Medshield (Keith San Miguel).xlsx,sales2017,3056,5,15074,2017-11-20,QUEZON,#REF!,11,836.636,9202.996,,0,11,287.5,3162.5,6040.495999999999
raw_sales_report,Medshield (Keith San Miguel).xlsx,sales2017,3057,5,15074,2017-11-20,QUEZON,#REF!,5,1100,5500,,0,5,365,1825,3675
raw_sales_report,Medshield (Keith San Miguel).xlsx,sales2017,3058,5,15075,2017-11-20,QUEZON,#REF!,1,1550,1550,,0,1,445,445,1105
raw_sales_report,Medshield (Keith San Miguel).xlsx,sales2017,3059,5,15075,2017-11-20,QUEZON,#REF!,10,950,9500,,0,10,287.5,2875,6625
raw_sales_report,Medshield (Keith San Miguel).xlsx,sales2017,3060,5,15080,2017-11-21,ADMIN,#REF!,2,2500,5000,0.3,1500,2,460,920,2580
raw_sales_report,Medshield (Keith San Miguel).xlsx,sales2017,3061,5,15081,2017-11-21,HOSPITAL,#REF!,20,1800,36000,,0,20,590,11800,24200
raw_sales_report,Medshield (Keith San Miguel).xlsx,sales2017,3062,5,15081,2017-11-21,HOSPITAL,#REF!,300,128,38400,,0,300,40,12000,26400
raw_sales_report,Medshield (Keith San Miguel).xlsx,sales2017,3063,5,15083,2017-11-22,ADMIN,#REF!,6,708.33333,4249.9999800000005,0.1065,452.62499787,6,155,930,2867.3749821300007
raw_sales_report,Medshield (Keith San Miguel).xlsx,sales2017,3064,5,15083,2017-11-22,ADMIN,#REF!,6,1000,6000,0.1065,639,6,420,2520,2841
raw_sales_report,Medshield (Keith San Miguel).xlsx,sales2017,3065,5,15083,2017-11-22,ADMIN,#REF!,6,791.666666,4749.999996,0.1065,505.87499957399996,6,310,1860,2384.1249964259996
raw_sales_report,Medshield (Keith San Miguel).xlsx,sales2017,3066,5,15083,2017-11-22,ADMIN,#REF!,2,3800,7600,0.1065,809.4,2,890,1780,5010.6
raw_sales_report,Medshield (Keith San Miguel).xlsx,sales2017,3067,5,15083,2017-11-22,ADMIN,#REF!,1,650,650,0.1065,69.225,1,168,168,412.775
raw_sales_report,Medshield (Keith San Miguel).xlsx,sales2017,3068,5,15088,2017-11-25,ADMIN,#REF!,7,464.285714,3249.999998,,0,7,187.5,1312.5,1937.4999979999998
raw_sales_report,Medshield (Keith San Miguel).xlsx,sales2017,3069,5,15088,2017-11-25,ADMIN,#REF!,7,857.142857,5999.999999000001,,0,7,420,2940,3059.9999990000006
raw_sales_report,Medshield (Keith San Miguel).xlsx,sales2017,3070,5,15088,2017-11-25,ADMIN,#REF!,7,678.57143,4750.00001,,0,7,310,2170,2580.0000099999997
raw_sales_report,Medshield (Keith San Miguel).xlsx,sales2017,3071,5,15088,2017-11-25,ADMIN,#REF!,7,1071.4287,7500.000899999999,,0,7,435,3045,4455.000899999999
raw_sales_report,Medshield (Keith San Miguel).xlsx,sales2017,3072,5,15088,2017-11-25,ADMIN,#REF!,7,89.2857,624.9999,,0,7,48,336,288.9999
raw_sales_report,Medshield (Keith San Miguel).xlsx,sales2017,3073,5,15090,2017-11-28,ADMIN,#REF!,3,1750,5250,0.3,1575,3,415,1245,2430
raw_sales_report,Medshield (Keith San Miguel).xlsx,sales2017,3074,5,15090,2017-11-28,ADMIN,#REF!,2,1950,3900,0.3,1170,2,590,1180,1550
raw_sales_report,Medshield (Keith San Miguel).xlsx,sales2017,3075,5,15090,2017-11-28,ADMIN,#REF!,2,2100,4200,0.3,1260,2,685,1370,1570
raw_sales_report,Medshield (Keith San Miguel).xlsx,sales2017,3076,5,15092,2017-11-28,ADMIN,#REF!,7,517.857142,3624.999994,,0,7,215,1505,2119.999994
raw_sales_report,Medshield (Keith San Miguel).xlsx,sales2017,3077,5,15092,2017-11-28,ADMIN,#REF!,14,785.7143,11000.0002,,0,14,146,2044,8956.0002
raw_sales_report,Medshield (Keith San Miguel).xlsx,sales2017,3078,5,15093,2017-11-28,ADMIN,#REF!,,,0,,0,0,,0,0
raw_sales_report,Medshield (Keith San Miguel).xlsx,sales2017,3079,5,15094,2017-11-28,ADMIN,#REF!,,,0,,0,0,,0,0
raw_sales_report,Medshield (Keith San Miguel).xlsx,sales2017,3080,5,15272,2017-10-30,BATANGAS,#REF!,10,890,8900,,0,10,25.45,254.5,8645.5
raw_sales_report,Medshield (Keith San Miguel).xlsx,sales2017,3081,5,15272,2017-10-30,BATANGAS,#REF!,20,1250,25000,,0,20,318.1,6362,18638
raw_sales_report,Medshield (Keith San Miguel).xlsx,sales2017,3082,5,15272,2017-10-30,BATANGAS,#REF!,600,132,79200,,0,600,40,24000,55200
raw_sales_report,Medshield (Keith San Miguel).xlsx,sales2017,3083,5,15272,2017-10-30,BATANGAS,#REF!,100,531.8,53179.99999999999,,0,100,115,11500,41679.99999999999
raw_sales_report,Medshield (Keith San Miguel).xlsx,sales2017,3084,5,15272,2017-10-30,BATANGAS,#REF!,100,140,14000,,0,100,30,3000,11000
raw_sales_report,Medshield (Keith San Miguel).xlsx,sales2017,3085,5,15272,2017-10-30,BATANGAS,#REF!,200,58,11600,,0,200,160,32000,-20400
raw_sales_report,Medshield (Keith San Miguel).xlsx,sales2017,3086,5,15272,2017-10-30,BATANGAS,#REF!,25,480,12000,,0,25,90,2250,9750
raw_sales_report,Medshield (Keith San Miguel).xlsx,sales2017,3087,5,15272,2017-10-30,BATANGAS,#REF!,100,181.81,18181,,0,100,82,8200,9981
raw_sales_report,Medshield (Keith San Miguel).xlsx,sales2017,3088,5,15272,2017-10-30,BATANGAS,#REF!,25,980,24500,,0,25,280,7000,17500
raw_sales_report,Medshield (Keith San Miguel).xlsx,sales2017,3089,5,15276,2017-10-30,BATANGAS,#REF!,3,1800,5400,,0,3,590,1770,3630
raw_sales_report,Medshield (Keith San Miguel).xlsx,sales2017,3090,5,15276,2017-10-30,BATANGAS,#REF!,220,200,44000,,0,220,60,13200,30800
raw_sales_report,Medshield (Keith San Miguel).xlsx,sales2017,3091,5,15276,2017-10-30,BATANGAS,#REF!,2,360,720,,0,2,140,280,440
raw_sales_report,Medshield (Keith San Miguel).xlsx,sales2017,3092,5,15276,2017-10-30,BATANGAS,#REF!,30,220,6600,,0,30,90,2700,3900
raw_sales_report,Medshield (Keith San Miguel).xlsx,sales2017,3093,5,15277,2017-10-30,BATANGAS,#REF!,30,280,8400,,0,30,85,2550,5850
raw_sales_report,Medshield (Keith San Miguel).xlsx,sales2017,3094,5,15278,2017-11-02,ADMIN,#REF!,1,3800,3800,0.3,1140,1,890,890,1770
raw_sales_report,Medshield (Keith San Miguel).xlsx,sales2017,3095,5,15278,2017-11-02,ADMIN,#REF!,2,670,1340,0.3,402,2,210,420,518
raw_sales_report,Medshield (Keith San Miguel).xlsx,sales2017,3096,5,15279,2017-11-02,ADMIN,#REF!,7,578.57142,4049.9999399999997,,0,7,310,2170,1879.9999399999997
raw_sales_report,Medshield (Keith San Miguel).xlsx,sales2017,3097,5,15279,2017-11-02,ADMIN,#REF!,14,714.285714,9999.999996,,0,14,66,924,9075.999996
raw_sales_report,Medshield (Keith San Miguel).xlsx,sales2017,3098,5,15279,2017-11-02,ADMIN,#REF!,7,1071.4286,7500.0001999999995,,0,7,435,3045,4455.0001999999995
raw_sales_report,Medshield (Keith San Miguel).xlsx,sales2017,3099,5,15279,2017-11-02,ADMIN,#REF!,7,1357.14286,9500.00002,,0,7,595,4165,5335.0000199999995
raw_sales_report,Medshield (Keith San Miguel).xlsx,sales2017,3100,5,15279,2017-11-02,ADMIN,#REF!,7,503.571429,3525.000003,,0,7,215,1505,2020.000003
raw_sales_report,Medshield (Keith San Miguel).xlsx,sales2017,3101,5,15281,2017-11-03,ADMIN,#REF!,3.79,1750,6632.5,0.3,1989.75,3.79,500,1895,2747.75
raw_sales_report,Medshield (Keith San Miguel).xlsx,sales2017,3102,5,15282,2017-11-03,ADMIN,#REF!,7,1250,8750,,0,7,500,3500,5250
raw_sales_report,Medshield (Keith San Miguel).xlsx,sales2017,3103,5,15283,2017-11-03,QUEZON,#REF!,5,670,3350,,0,5,210,1050,2300
raw_sales_report,Medshield (Keith San Miguel).xlsx,sales2017,3104,5,15283,2017-11-03,QUEZON,#REF!,5,750,3750,,0,5,202.5,1012.5,2737.5
raw_sales_report,Medshield (Keith San Miguel).xlsx,sales2017,3105,5,15283,2017-11-03,QUEZON,#REF!,5,1550,7750,,0,5,480.9,2404.5,5345.5
raw_sales_report,Medshield (Keith San Miguel).xlsx,sales2017,3106,5,15283,2017-11-03,QUEZON,#REF!,5,980,4900,,0,5,280,1400,3500
raw_sales_report,Medshield (Keith San Miguel).xlsx,sales2017,3107,5,15283,2017-11-03,QUEZON,#REF!,3,2790,8370,,0,3,1173.6,3520.7999999999997,4849.200000000001
raw_sales_report,Medshield (Keith San Miguel).xlsx,sales2017,3108,5,15284,2017-11-07,ADMIN,#REF!,7,857.1429,6000.000300000001,,0,7,420,2940,3060.0003000000006
raw_sales_report,Medshield (Keith San Miguel).xlsx,sales2017,3109,5,15284,2017-11-07,ADMIN,#REF!,14,785.714,10999.996000000001,,0,14,980,13720,-2720.003999999999
raw_sales_report,Medshield (Keith San Miguel).xlsx,sales2017,3110,5,15284,2017-11-07,ADMIN,#REF!,7,678.571,4749.997,,0,7,310,2170,2579.9970000000003
raw_sales_report,Medshield (Keith San Miguel).xlsx,sales2017,3111,5,15285,2017-11-02,ADMIN,#REF!,2,3800,7600,0.3,2280,2,890,1780,3540
raw_sales_report,Medshield (Keith San Miguel).xlsx,sales2017,3112,5,15285,2017-11-02,ADMIN,#REF!,2,1950,3900,0.3,1170,2,590,1180,1550
raw_sales_report,Medshield (Keith San Miguel).xlsx,sales2017,3113,5,15285,2017-11-02,ADMIN,#REF!,2,1750,3500,0.3,1050,2,415,830,1620
raw_sales_report,Medshield (Keith San Miguel).xlsx,sales2017,3114,5,15287,2017-11-07,HOSPITAL,#REF!,1,750,750,,0,1,202.5,202.5,547.5
raw_sales_report,Medshield (Keith San Miguel).xlsx,sales2017,3115,5,15287,2017-11-07,HOSPITAL,#REF!,3,1900,5700,,0,3,595,1785,3915
raw_sales_report,Medshield (Keith San Miguel).xlsx,sales2017,3116,5,15287,2017-11-07,HOSPITAL,#REF!,1,930,930,,0,1,384,384,546
raw_sales_report,Medshield (Keith San Miguel).xlsx,sales2017,3117,5,15287,2017-11-07,HOSPITAL,#REF!,3,2800,8400,,0,3,1173.6,3520.7999999999997,4879.200000000001
raw_sales_report,Medshield (Keith San Miguel).xlsx,sales2017,3118,5,15287,2017-11-07,HOSPITAL,#REF!,4,1500,6000,,0,4,458,1832,4168
raw_sales_report,Medshield (Keith San Miguel).xlsx,sales2017,3119,5,15287,2017-11-07,HOSPITAL,#REF!,2,4500,9000,,0,2,125,250,8750
raw_sales_report,Medshield (Keith San Miguel).xlsx,sales2017,3120,5,15287,2017-11-07,HOSPITAL,#REF!,1,6000,6000,,0,1,1250,1250,4750
raw_sales_report,Medshield (Keith San Miguel).xlsx,sales2017,3121,5,15287,2017-11-07,HOSPITAL,#REF!,1,700,700,,0,1,235,235,465
raw_sales_report,Medshield (Keith San Miguel).xlsx,sales2017,3122,5,15287,2017-11-07,HOSPITAL,#REF!,7,3000,21000,,0,7,750,5250,15750
raw_sales_report,Medshield (Keith San Miguel).xlsx,sales2017,3123,5,15290,2017-11-07,HOSPITAL,#REF!,2,1750,3500,,0,2,415,830,2670
raw_sales_report,Medshield (Keith San Miguel).xlsx,sales2017,3124,5,15290,2017-11-07,HOSPITAL,#REF!,50,128,6400,,0,50,40,2000,4400
raw_sales_report,Medshield (Keith San Miguel).xlsx,sales2017,3125,5,15290,2017-11-07,HOSPITAL,#REF!,2,3960,7920,,0,2,1822,3644,4276
raw_sales_report,Medshield (Keith San Miguel).xlsx,sales2017,3126,5,15290,2017-11-07,HOSPITAL,#REF!,5,800,4000,,0,5,47.7,238.5,3761.5
raw_sales_report,Medshield (Keith San Miguel).xlsx,sales2017,3127,5,15290,2017-11-07,HOSPITAL,#REF!,10,70,700,,0,10,22,220,480
raw_sales_report,Medshield (Keith San Miguel).xlsx,sales2017,3128,5,15291,2017-11-08,QUEZON,#REF!,30,1100,33000,,0,30,219,6570,26430
raw_sales_report,Medshield (Keith San Miguel).xlsx,sales2017,3129,5,15291,2017-11-08,QUEZON,#REF!,30,750,22500,,0,30,202.5,6075,16425
raw_sales_report,Medshield (Keith San Miguel).xlsx,sales2017,3130,5,15292,2017-11-06,QUEZON,#REF!,11,681.818,7499.998,,0,11,219,2409,5090.998
raw_sales_report,Medshield (Keith San Miguel).xlsx,sales2017,3131,5,15292,2017-11-06,QUEZON,#REF!,11,681.818,7499.998,,0,11,202.5,2227.5,5272.498
raw_sales_report,Medshield (Keith San Miguel).xlsx,sales2017,3132,5,15292,2017-11-06,QUEZON,#REF!,5,950,4750,,0,5,287.5,1437.5,3312.5
raw_sales_report,Medshield (Keith San Miguel).xlsx,sales2017,3133,5,15292,2017-11-06,QUEZON,#REF!,5,1100,5500,,0,5,365,1825,3675
raw_sales_report,Medshield (Keith San Miguel).xlsx,sales2017,3134,5,15293,2017-11-13,GOVERNMENT,#REF!,,,0,,0,0,,0,0
raw_sales_report,Medshield (Keith San Miguel).xlsx,sales2017,3135,5,15294,2017-11-13,GOVERNMENT,#REF!,,,0,,0,0,,0,0
raw_sales_report,Medshield (Keith San Miguel).xlsx,sales2017,3136,5,15297,2017-11-13,GOVERNMENT,#REF!,,,0,,0,0,,0,0
raw_sales_report,Medshield (Keith San Miguel).xlsx,sales2017,3137,5,15298,2017-11-13,GOVERNMENT,#REF!,,,0,,0,0,,0,0
raw_sales_report,Medshield (Keith San Miguel).xlsx,sales2017,3138,5,15299,2017-11-15,QUEZON,#REF!,10,480,4800,,0,10,128,1280,3520
raw_sales_report,Medshield (Keith San Miguel).xlsx,sales2017,3139,5,15300,2017-11-16,ADMIN,#REF!,7,857.14286,6000.00002,,0,7,420,2940,3060.0000200000004
raw_sales_report,Medshield (Keith San Miguel).xlsx,sales2017,3140,5,15300,2017-11-16,ADMIN,#REF!,7,678.57143,4750.00001,,0,7,310,2170,2580.0000099999997
raw_sales_report,Medshield (Keith San Miguel).xlsx,sales2017,3141,5,15315,2017-11-02,BATANGAS,#REF!,5,2530,12650,,0,5,750,3750,8900
raw_sales_report,Medshield (Keith San Miguel).xlsx,sales2017,3142,5,15316,2017-11-02,BATANGAS,#REF!,5,990,4950,,0,5,232,1160,3790
raw_sales_report,Medshield (Keith San Miguel).xlsx,sales2017,3143,5,15317,2017-11-02,BATANGAS,#REF!,9,165,1485,,0,9,48,432,1053
raw_sales_report,Medshield (Keith San Miguel).xlsx,sales2017,3144,5,15317,2017-11-02,BATANGAS,#REF!,10,115,1150,,0,10,33,330,820
raw_sales_report,Medshield (Keith San Miguel).xlsx,sales2017,3145,5,15317,2017-11-02,BATANGAS,#REF!,2,1950,3900,,0,2,595,1190,2710
raw_sales_report,Medshield (Keith San Miguel).xlsx,sales2017,3146,5,15318,2017-11-02,BATANGAS,#REF!,10,84,840,0.1,84,10,24.5,245,511
raw_sales_report,Medshield (Keith San Miguel).xlsx,sales2017,3147,5,15319,2017-11-02,BATANGAS,#REF!,2,1140,2280,0.1,228,2,215,430,1622
raw_sales_report,Medshield (Keith San Miguel).xlsx,sales2017,3148,5,15320,2017-11-02,BATANGAS,#REF!,2,900,1800,0.1,180,2,300,600,1020
raw_sales_report,Medshield (Keith San Miguel).xlsx,sales2017,3149,5,15321,2017-11-02,BATANGAS,#REF!,20,150,3000,,0,20,55,1100,1900
raw_sales_report,Medshield (Keith San Miguel).xlsx,sales2017,3150,5,15322,2017-11-02,BATANGAS,#REF!,19,80,1520,,0,19,22.75,432.25,1087.75
raw_sales_report,Medshield (Keith San Miguel).xlsx,sales2017,3151,5,15323,2017-11-03,BATANGAS,#REF!,12,160,1920,,0,12,47,564,1356
raw_sales_report,Medshield (Keith San Miguel).xlsx,sales2017,3152,5,15324,2017-11-03,BATANGAS,#REF!,12,72,864,,0,12,23,276,588
raw_sales_report,Medshield (Keith San Miguel).xlsx,sales2017,3153,5,15325,2017-11-03,BATANGAS,#REF!,12,160,1920,,0,12,47,564,1356
raw_sales_report,Medshield (Keith San Miguel).xlsx,sales2017,3154,5,15325,2017-11-03,BATANGAS,#REF!,12,400,4800,,0,12,139.45,1673.3999999999999,3126.6000000000004
raw_sales_report,Medshield (Keith San Miguel).xlsx,sales2017,3155,5,15325,2017-11-03,BATANGAS,#REF!,12,350,4200,,0,12,129.7,1556.3999999999999,2643.6000000000004
raw_sales_report,Medshield (Keith San Miguel).xlsx,sales2017,3156,5,15342,2017-11-14,BATANGAS,#REF!,2,900,1800,0.1,180,2,300,600,1020
raw_sales_report,Medshield (Keith San Miguel).xlsx,sales2017,3157,5,15343,2017-11-14,BATANGAS,#REF!,2,900,1800,0.1,180,2,300,600,1020
raw_sales_report,Medshield (Keith San Miguel).xlsx,sales2017,3158,5,15344,2017-11-14,BATANGAS,#REF!,2,780,1560,0.1,156,2,168,336,1068
raw_sales_report,Medshield (Keith San Miguel).xlsx,sales2017,3159,5,15345,2017-11-14,BATANGAS,#REF!,2,900,1800,,0,2,300,600,1200
raw_sales_report,Medshield (Keith San Miguel).xlsx,sales2017,3160,5,15346,2017-11-14,BATANGAS,#REF!,2,900,1800,,0,2,300,600,1200
raw_sales_report,Medshield (Keith San Miguel).xlsx,sales2017,3161,5,15347,2017-11-14,BATANGAS,#REF!,12,80,960,,0,12,23.45,281.4,678.6
raw_sales_report,Medshield (Keith San Miguel).xlsx,sales2017,3162,5,15348,2017-11-14,BATANGAS,#REF!,12,96,1152,,0,12,24.47,293.64,858.36
raw_sales_report,Medshield (Keith San Miguel).xlsx,sales2017,3163,5,15349,2017-11-14,BATANGAS,#REF!,2,850,1700,,0,2,270,540,1160
raw_sales_report,Medshield (Keith San Miguel).xlsx,sales2017,3164,5,15350,2017-11-14,BATANGAS,#REF!,2,850,1700,,0,2,270,540,1160
raw_sales_report,Medshield (Keith San Miguel).xlsx,sales2017,3165,5,15356,2017-11-06,QUEZON,#REF!,2,800,1600,0.1,160,2,225,450,990
raw_sales_report,Medshield (Keith San Miguel).xlsx,sales2017,3166,5,15358,2017-11-06,QUEZON,#REF!,15,78,1170,0.3,351,15,26.93,403.95,415.05
raw_sales_report,Medshield (Keith San Miguel).xlsx,sales2017,3167,5,15359,2017-11-06,QUEZON,#REF!,20,400,8000,0.3,2400,20,139.45,2789,2811
raw_sales_report,Medshield (Keith San Miguel).xlsx,sales2017,3168,5,15360,2017-11-06,QUEZON,#REF!,7,928.57142,6499.99994,,0,7,310,2170,4329.99994
raw_sales_report,Medshield (Keith San Miguel).xlsx,sales2017,3169,5,15361,2017-11-06,QUEZON,#REF!,6,1050,6300,,0,6,310,1860,4440
raw_sales_report,Medshield (Keith San Miguel).xlsx,sales2017,3170,5,15369,2017-11-13,QUEZON,#REF!,1,750,750,0.3,225,1,240,240,285
raw_sales_report,Medshield (Keith San Miguel).xlsx,sales2017,3171,5,15369,2017-11-13,QUEZON,#REF!,1,1980,1980,0.3,594,1,275,275,1111
raw_sales_report,Medshield (Keith San Miguel).xlsx,sales2017,3172,5,15370,2017-11-13,QUEZON,#REF!,1,980,980,0.3,294,1,280,280,406
raw_sales_report,Medshield (Keith San Miguel).xlsx,sales2017,3173,5,15371,2017-11-14,MARINDUQUE,#REF!,36,78,2808,,0,36,22.75,819,1989
raw_sales_report,Medshield (Keith San Miguel).xlsx,sales2017,3174,5,15372,2017-11-14,MARINDUQUE,#REF!,1,1000,1000,0.3,300,1,323,323,377
raw_sales_report,Medshield (Keith San Miguel).xlsx,sales2017,3175,5,15373,2017-11-14,MARINDUQUE,#REF!,1,1300,1300,0.3,390,1,310,310,600
raw_sales_report,Medshield (Keith San Miguel).xlsx,sales2017,3176,5,15374,2017-11-14,MARINDUQUE,#REF!,24,78,1872,0.3,561.6,24,26.93,646.3199999999999,664.0800000000002
raw_sales_report,Medshield (Keith San Miguel).xlsx,sales2017,3177,5,15375,2017-11-14,MARINDUQUE,#REF!,15,2790,41850,0.321,13433.85,15,1173.6,17604,10812.150000000001
raw_sales_report,Medshield (Keith San Miguel).xlsx,sales2017,3178,5,15376,2017-11-14,MARINDUQUE,#REF!,8,2700,21600,,0,8,1350,10800,10800
raw_sales_report,Medshield (Keith San Miguel).xlsx,sales2017,3179,5,15377,2017-11-15,QUEZON,#REF!,1,600,600,0.3,180,1,155,155,265
raw_sales_report,Medshield (Keith San Miguel).xlsx,sales2017,3180,5,15377,2017-11-15,QUEZON,#REF!,1,1540,1540,0.3,462,1,310,310,768
raw_sales_report,Medshield (Keith San Miguel).xlsx,sales2017,3181,5,15377,2017-11-15,QUEZON,#REF!,1,2790,2790,0.3,837,1,1173,1173,780
raw_sales_report,Medshield (Keith San Miguel).xlsx,sales2017,3182,5,15378,2017-11-15,QUEZON,#REF!,1,1600,1600,0.3,480,1,480.9,480.9,639.1
raw_sales_report,Medshield (Keith San Miguel).xlsx,sales2017,3183,5,15379,2017-11-15,QUEZON,#REF!,2,2790,5580,,0,2,1173,2346,3234
raw_sales_report,Medshield (Keith San Miguel).xlsx,sales2017,3184,5,15379,2017-11-15,QUEZON,#REF!,3,770,2310,,0,3,218.46,655.38,1654.62
raw_sales_report,Medshield (Keith San Miguel).xlsx,sales2017,3185,5,15379,2017-11-15,QUEZON,#REF!,4,88,352,,0,4,25,100,252
raw_sales_report,Medshield (Keith San Miguel).xlsx,sales2017,3186,5,15380,2017-11-16,QUEZON,#REF!,1,500,500,,0,1,133,133,367
raw_sales_report,Medshield (Keith San Miguel).xlsx,sales2017,3187,5,15381,2017-11-16,QUEZON,#REF!,1,650,650,,0,1,168,168,482
raw_sales_report,Medshield (Keith San Miguel).xlsx,sales2017,3188,5,15381,2017-11-16,QUEZON,#REF!,4,118,472,,0,4,69,276,196
raw_sales_report,Medshield (Keith San Miguel).xlsx,sales2017,3189,5,15382,2017-11-16,QUEZON,#REF!,2,980,1960,,0,2,280,560,1400
raw_sales_report,Medshield (Keith San Miguel).xlsx,sales2017,3190,5,15384,2017-11-21,EAST,#REF!,3,650,1950,,0,3,168,504,1446
raw_sales_report,Medshield (Keith San Miguel).xlsx,sales2017,3191,5,15385,2017-11-21,EAST,#REF!,4,640,2560,,0,4,170,680,1880
raw_sales_report,Medshield (Keith San Miguel).xlsx,sales2017,3192,5,15385,2017-11-21,EAST,#REF!,5,1900,9500,,0,5,595,2975,6525
raw_sales_report,Medshield (Keith San Miguel).xlsx,sales2017,3193,5,15385,2017-11-21,EAST,#REF!,3,200,600,,0,3,60,180,420
raw_sales_report,Medshield (Keith San Miguel).xlsx,sales2017,3194,5,15385,2017-11-21,EAST,#REF!,12,80,960,,0,12,23.45,281.4,678.6
raw_sales_report,Medshield (Keith San Miguel).xlsx,sales2017,3195,5,15385,2017-11-21,EAST,#REF!,12,58,696,,0,12,168,2016,-1320
raw_sales_report,Medshield (Keith San Miguel).xlsx,sales2017,3196,5,15386,2017-11-21,EAST,#REF!,10,112,1120,0.3,336,10,35,350,434
raw_sales_report,Medshield (Keith San Miguel).xlsx,sales2017,3197,5,15386,2017-11-21,EAST,#REF!,2,500,1000,0.3,300,2,133,266,434
raw_sales_report,Medshield (Keith San Miguel).xlsx,sales2017,3198,5,15387,2017-11-21,EAST,#REF!,4,1200,4800,,0,4,330,1320,3480
raw_sales_report,Medshield (Keith San Miguel).xlsx,sales2017,3199,5,15388,2017-11-22,QUEZON,#REF!,12,74,888,0.3,266.4,12,23,276,345.6
raw_sales_report,Medshield (Keith San Miguel).xlsx,sales2017,3200,5,15389,2017-11-23,MARINDUQUE,#REF!,12,648,7776,,0,12,240.1,2881.2,4894.8
raw_sales_report,Medshield (Keith San Miguel).xlsx,sales2017,3201,5,15389,2017-11-23,MARINDUQUE,#REF!,4,3800,15200,,0,4,890,3560,11640
raw_sales_report,Medshield (Keith San Miguel).xlsx,sales2017,3202,5,15389,2017-11-23,MARINDUQUE,#REF!,5,3000,15000,,0,5,360,1800,13200
raw_sales_report,Medshield (Keith San Miguel).xlsx,sales2017,3203,5,15389,2017-11-23,MARINDUQUE,#REF!,2,4750,9500,,0,2,950,1900,7600
raw_sales_report,Medshield (Keith San Miguel).xlsx,sales2017,3204,5,15390,2017-11-23,MARINDUQUE,#REF!,1,1000,1000,,0,1,323,323,677
raw_sales_report,Medshield (Keith San Miguel).xlsx,sales2017,3205,5,15391,2017-11-24,MARINDUQUE,#REF!,1,1350,1350,0.3,405,1,310,310,635
raw_sales_report,Medshield (Keith San Miguel).xlsx,sales2017,3206,5,15392,2017-11-24,MARINDUQUE,#REF!,5,5500,27500,0.3,8250,5,2750,13750,5500
raw_sales_report,Medshield (Keith San Miguel).xlsx,sales2017,3207,5,15392,2017-11-24,MARINDUQUE,#REF!,1,3200,3200,0.3,960,1,1560,1560,680
raw_sales_report,Medshield (Keith San Miguel).xlsx,sales2017,3208,5,15392,2017-11-24,MARINDUQUE,#REF!,3,1200,3600,0.3,1080,3,365,1095,1425
raw_sales_report,Medshield (Keith San Miguel).xlsx,sales2017,3209,5,15392,2017-11-24,MARINDUQUE,#REF!,12,175,2100,0.3,630,12,55,660,810
raw_sales_report,Medshield (Keith San Miguel).xlsx,sales2017,3210,5,15393,2017-11-24,MARINDUQUE,#REF!,0.85,500,425,,0,0.85,158,134.29999999999998,290.70000000000005
raw_sales_report,Medshield (Keith San Miguel).xlsx,sales2017,3211,5,15393,2017-11-24,MARINDUQUE,#REF!,2.0333,870,1768.971,,0,2.0333,219,445.2927,1323.6783
raw_sales_report,Medshield (Keith San Miguel).xlsx,sales2017,3212,5,15393,2017-11-24,MARINDUQUE,#REF!,4.9,1200,5880,,0,4.9,365,1788.5000000000002,4091.5
raw_sales_report,Medshield (Keith San Miguel).xlsx,sales2017,3213,5,15393,2017-11-24,MARINDUQUE,#REF!,0.7,650,454.99999999999994,,0,0.7,202.5,141.75,313.24999999999994
raw_sales_report,Medshield (Keith San Miguel).xlsx,sales2017,3214,5,15393,2017-11-24,MARINDUQUE,#REF!,2.44,900,2196,,0,2.44,550,1342,854
raw_sales_report,Medshield (Keith San Miguel).xlsx,sales2017,3215,5,15393,2017-11-24,MARINDUQUE,#REF!,10,125,1250,,0,10,56,560,690
raw_sales_report,Medshield (Keith San Miguel).xlsx,sales2017,3216,5,15393,2017-11-24,MARINDUQUE,#REF!,9,175,1575,,0,9,75,675,900
raw_sales_report,Medshield (Keith San Miguel).xlsx,sales2017,3217,5,15393,2017-11-24,MARINDUQUE,#REF!,4,1800,7200,,0,4,685,2740,4460
raw_sales_report,Medshield (Keith San Miguel).xlsx,sales2017,3218,5,15393,2017-11-24,MARINDUQUE,#REF!,1.4333,975,1397.4675,,0,1.4333,384,550.3872,847.0803
raw_sales_report,Medshield (Keith San Miguel).xlsx,sales2017,3219,5,15393,2017-11-24,MARINDUQUE,#REF!,6,400,2400,,0,6,139.45,836.6999999999999,1563.3000000000002
raw_sales_report,Medshield (Keith San Miguel).xlsx,sales2017,3220,5,15393,2017-11-24,MARINDUQUE,#REF!,0.94,2800,2632,,0,0.94,750,705,1927
raw_sales_report,Medshield (Keith San Miguel).xlsx,sales2017,3221,5,15393,2017-11-24,MARINDUQUE,#REF!,9,600,5400,,0,9,150,1350,4050
raw_sales_report,Medshield (Keith San Miguel).xlsx,sales2017,3222,5,15394,2017-11-24,MARINDUQUE,#REF!,15,450,6750,,0,15,450,6750,0
raw_sales_report,Medshield (Keith San Miguel).xlsx,sales2017,3223,5,15394,2017-11-24,MARINDUQUE,#REF!,0.77,1650,1270.5,,0,0.77,458,352.66,917.8399999999999
raw_sales_report,Medshield (Keith San Miguel).xlsx,sales2017,3224,5,15394,2017-11-24,MARINDUQUE,#REF!,2.04,1980,4039.2000000000003,,0,2.04,500,1020,3019.2000000000003
raw_sales_report,Medshield (Keith San Miguel).xlsx,sales2017,3225,5,15394,2017-11-24,MARINDUQUE,#REF!,1.02,1750,1785,,0,1.02,415,423.3,1361.7
raw_sales_report,Medshield (Keith San Miguel).xlsx,sales2017,3226,5,15394,2017-11-24,MARINDUQUE,#REF!,1,75,75,,0,1,240,240,-165
raw_sales_report,Medshield (Keith San Miguel).xlsx,sales2017,3227,5,15394,2017-11-24,MARINDUQUE,#REF!,3.1,360,1116,,0,3.1,535,1658.5,-542.5
raw_sales_report,Medshield (Keith San Miguel).xlsx,sales2017,3228,5,15394,2017-11-24,MARINDUQUE,#REF!,4.1,2200,9020,,0,4.1,650,2664.9999999999995,6355
raw_sales_report,Medshield (Keith San Miguel).xlsx,sales2017,3229,5,15394,2017-11-24,MARINDUQUE,#REF!,3,155,465,,0,3,55,165,300
raw_sales_report,Medshield (Keith San Miguel).xlsx,sales2017,3230,5,15407,2017-11-10,CAM SUR,#REF!,2,1600,3200,,0,2,480.9,961.8,2238.2
raw_sales_report,Medshield (Keith San Miguel).xlsx,sales2017,3231,5,15408,2017-11-10,CAM SUR,#REF!,1,2700,2700,,0,1,1173,1173,1527
raw_sales_report,Medshield (Keith San Miguel).xlsx,sales2017,3232,5,15409,2017-11-10,CAM SUR,#REF!,2,1200,2400,,0,2,345,690,1710
raw_sales_report,Medshield (Keith San Miguel).xlsx,sales2017,3233,5,15410,2017-11-10,CAM SUR,#REF!,2,500,1000,,0,2,133,266,734
raw_sales_report,Medshield (Keith San Miguel).xlsx,sales2017,3234,5,15411,2017-11-10,CAM SUR,#REF!,2,750,1500,,0,2,240,480,1020
raw_sales_report,Medshield (Keith San Miguel).xlsx,sales2017,3235,5,15412,2017-11-10,CAM SUR,#REF!,2,35,70,,0,2,450,900,-830
raw_sales_report,Medshield (Keith San Miguel).xlsx,sales2017,3236,5,15413,2017-11-10,CAM SUR,#REF!,12,310,3720,,0,12,129.7,1556.3999999999999,2163.6000000000004
raw_sales_report,Medshield (Keith San Miguel).xlsx,sales2017,3237,5,15414,2017-11-10,CAM SUR,#REF!,12,190,2280,,0,12,75.6,907.1999999999999,1372.8000000000002
raw_sales_report,Medshield (Keith San Miguel).xlsx,sales2017,3238,5,15415,2017-11-10,CAM SUR,#REF!,10,78,780,,0,10,21,210,570
raw_sales_report,Medshield (Keith San Miguel).xlsx,sales2017,3239,5,15416,2017-11-14,CAM SUR,#REF!,20,88,1760,,0,20,24.47,489.4,1270.6
raw_sales_report,Medshield (Keith San Miguel).xlsx,sales2017,3240,5,15417,2017-11-10,CAM SUR,#REF!,6,310,1860,,0,6,129.7,778.1999999999999,1081.8000000000002
raw_sales_report,Medshield (Keith San Miguel).xlsx,sales2017,3241,5,15418,2017-11-10,CAM SUR,#REF!,10,88,880,,0,10,225,2250,-1370
raw_sales_report,Medshield (Keith San Miguel).xlsx,sales2017,3242,5,15419,2017-11-10,CAM SUR,#REF!,1,2700,2700,,0,1,1173,1173,1527
raw_sales_report,Medshield (Keith San Miguel).xlsx,sales2017,3243,5,15420,2017-11-10,CAM SUR,#REF!,8,190,1520,,0,8,75.6,604.8,915.2
raw_sales_report,Medshield (Keith San Miguel).xlsx,sales2017,3244,5,15420,2017-11-10,CAM SUR,#REF!,1,800,800,,0,1,225,225,575
raw_sales_report,Medshield (Keith San Miguel).xlsx,sales2017,3245,5,15421,2017-11-11,CAM SUR,#REF!,4,650,2600,,0,4,345,1380,1220
raw_sales_report,Medshield (Keith San Miguel).xlsx,sales2017,3246,5,15421,2017-11-11,CAM SUR,#REF!,23,95,2185,,0,23,75.6,1738.8,446.20000000000005
raw_sales_report,Medshield (Keith San Miguel).xlsx,sales2017,3247,5,15422,2017-11-13,CAM SUR,#REF!,1,1600,1600,,0,1,458,458,1142
raw_sales_report,Medshield (Keith San Miguel).xlsx,sales2017,3248,5,15422,2017-11-13,CAM SUR,#REF!,2,1050,2100,,0,2,270,540,1560
raw_sales_report,Medshield (Keith San Miguel).xlsx,sales2017,3249,5,15422,2017-11-13,CAM SUR,#REF!,12,88,1056,,0,12,24.47,293.64,762.36
raw_sales_report,Medshield (Keith San Miguel).xlsx,sales2017,3250,5,15422,2017-11-13,CAM SUR,#REF!,5,310,1550,,0,5,129.7,648.5,901.5
raw_sales_report,Medshield (Keith San Miguel).xlsx,sales2017,3251,5,15423,2017-11-13,CAM SUR,#REF!,1,1600,1600,,0,1,,0,1600
raw_sales_report,Medshield (Keith San Miguel).xlsx,sales2017,3252,5,15424,2017-11-14,CAM SUR,#REF!,1,1600,1600,,0,1,458,458,1142
raw_sales_report,Medshield (Keith San Miguel).xlsx,sales2017,3253,5,15425,2017-11-14,CAM SUR,#REF!,12,310,3720,,0,12,129.7,1556.3999999999999,2163.6000000000004
raw_sales_report,Medshield (Keith San Miguel).xlsx,sales2017,3254,5,15426,2017-11-14,CAM SUR,#REF!,1,2700,2700,,0,1,1173,1173,1527
raw_sales_report,Medshield (Keith San Miguel).xlsx,sales2017,3255,5,15427,2017-11-14,CAM SUR,#REF!,12,88,1056,,0,12,24.47,293.64,762.36
raw_sales_report,Medshield (Keith San Miguel).xlsx,sales2017,3256,5,15428,2017-11-14,CAM SUR,#REF!,2,1752,3504,,0,2,550,1100,2404
raw_sales_report,Medshield (Keith San Miguel).xlsx,sales2017,3257,5,15429,2017-11-14,CAM SUR,#REF!,18,88,1584,,0,18,24.47,440.46,1143.54
raw_sales_report,Medshield (Keith San Miguel).xlsx,sales2017,3258,5,15429,2017-11-14,CAM SUR,#REF!,2,750,1500,,0,2,240,480,1020
raw_sales_report,Medshield (Keith San Miguel).xlsx,sales2017,3259,5,15429,2017-11-14,CAM SUR,#REF!,1,1600,1600,,0,1,480.9,480.9,1119.1
raw_sales_report,Medshield (Keith San Miguel).xlsx,sales2017,3260,5,15429,2017-11-14,CAM SUR,#REF!,1,2700,2700,,0,1,1173.6,1173.6,1526.4
raw_sales_report,Medshield (Keith San Miguel).xlsx,sales2017,3261,5,15430,2017-11-14,CAM SUR,#REF!,2,2700,5400,,0,2,1173,2346,3054
raw_sales_report,Medshield (Keith San Miguel).xlsx,sales2017,3262,5,15430,2017-11-14,CAM SUR,#REF!,6,310,1860,,0,6,129.7,778.1999999999999,1081.8000000000002
raw_sales_report,Medshield (Keith San Miguel).xlsx,sales2017,3263,5,15430,2017-11-14,CAM SUR,#REF!,6,190,1140,,0,6,75,450,690
raw_sales_report,Medshield (Keith San Miguel).xlsx,sales2017,3264,5,15430,2017-11-14,CAM SUR,#REF!,1,1750,1750,,0,1,450,450,1300
raw_sales_report,Medshield (Keith San Miguel).xlsx,sales2017,3265,5,15431,2017-11-14,CAM SUR,#REF!,12,175,2100,,0,12,129.7,1556.3999999999999,543.6000000000001
raw_sales_report,Medshield (Keith San Miguel).xlsx,sales2017,3266,5,15432,2017-11-06,CAM SUR,#REF!,6,310,1860,,0,6,129.7,778.1999999999999,1081.8000000000002
raw_sales_report,Medshield (Keith San Miguel).xlsx,sales2017,3267,5,15433,2017-11-06,CAM SUR,#REF!,6,190,1140,,0,6,75.6,453.59999999999997,686.4000000000001
raw_sales_report,Medshield (Keith San Miguel).xlsx,sales2017,3268,5,15434,2017-11-06,CAM SUR,#REF!,8,88,704,,0,8,24.47,195.76,508.24
raw_sales_report,Medshield (Keith San Miguel).xlsx,sales2017,3269,5,15435,2017-11-06,CAM SUR,#REF!,1,800,800,,0,1,225,225,575
raw_sales_report,Medshield (Keith San Miguel).xlsx,sales2017,3270,5,15436,2017-11-06,CAM SUR,#REF!,1,800,800,,0,1,225,225,575
raw_sales_report,Medshield (Keith San Miguel).xlsx,sales2017,3271,5,15437,2017-11-06,CAM SUR,#REF!,14,88,1232,,0,14,24.47,342.58,889.4200000000001
raw_sales_report,Medshield (Keith San Miguel).xlsx,sales2017,3272,5,15438,2017-11-21,CAM SUR,#REF!,10,400,4000,,0,10,73,730,3270
raw_sales_report,Medshield (Keith San Miguel).xlsx,sales2017,3273,5,15439,2017-11-22,CAM SUR,#REF!,29,45,1305,,0,29,75.6,2192.3999999999996,-887.3999999999996
raw_sales_report,Medshield (Keith San Miguel).xlsx,sales2017,3274,5,15439,2017-11-22,CAM SUR,#REF!,2,130,260,,0,2,345,690,-430
raw_sales_report,Medshield (Keith San Miguel).xlsx,sales2017,3275,5,15440,2017-11-23,CAM SUR,#REF!,12,310,3720,,0,12,75.6,907.1999999999999,2812.8
raw_sales_report,Medshield (Keith San Miguel).xlsx,sales2017,3276,5,15441,2017-11-23,CAM SUR,#REF!,1,1600,1600,,0,1,458,458,1142
raw_sales_report,Medshield (Keith San Miguel).xlsx,sales2017,3277,5,15442,2017-11-23,CAM SUR,#REF!,6,350,2100,,0,6,148,888,1212
raw_sales_report,Medshield (Keith San Miguel).xlsx,sales2017,3278,5,15443,2017-11-23,CAM SUR,#REF!,2,855,1710,,0,2,270,540,1170
raw_sales_report,Medshield (Keith San Miguel).xlsx,sales2017,3279,5,13983,2017-12-08,HOSPITAL,#REF!,500,377.44,188720,,0,500,207.59,103795,84925
raw_sales_report,Medshield (Keith San Miguel).xlsx,sales2017,3280,5,13983,2017-12-08,HOSPITAL,#REF!,33.3333333,529.2,17639.99998236,,0,33.3333333,291.06,9701.999990298,7937.999992062001
raw_sales_report,Medshield (Keith San Miguel).xlsx,sales2017,3281,5,13983,2017-12-08,HOSPITAL,#REF!,150,533.4,80010,,0,150,293.37,44005.5,36004.5
raw_sales_report,Medshield (Keith San Miguel).xlsx,sales2017,3282,5,13987,,GOVERNMENT,#REF!,,,0,,0,0,,0,0
raw_sales_report,Medshield (Keith San Miguel).xlsx,sales2017,3283,5,13988,,GOVERNMENT,#REF!,,,0,,0,0,,0,0
raw_sales_report,Medshield (Keith San Miguel).xlsx,sales2017,3284,5,13992,,GOVERNMENT,#REF!,,,0,,0,0,,0,0
raw_sales_report,Medshield (Keith San Miguel).xlsx,sales2017,3285,5,13993,2017-12-13,BATANGAS,#REF!,4,1500,6000,,0,4,25,100,5900
raw_sales_report,Medshield (Keith San Miguel).xlsx,sales2017,3286,5,13993,2017-12-13,BATANGAS,#REF!,14,781.8,10945.199999999999,,0,14,300,4200,6745.199999999999
raw_sales_report,Medshield (Keith San Miguel).xlsx,sales2017,3287,5,13998,,GOVERNMENT,#REF!,,,0,,0,0,,0,0
raw_sales_report,Medshield (Keith San Miguel).xlsx,sales2017,3288,5,13999,,GOVERNMENT,#REF!,,,0,,0,0,,0,0
raw_sales_report,Medshield (Keith San Miguel).xlsx,sales2017,3289,5,14479,2017-11-29,CAVITE,#REF!,3,1100,3300,,0,3,270,810,2490
raw_sales_report,Medshield (Keith San Miguel).xlsx,sales2017,3290,5,14479,2017-11-29,CAVITE,#REF!,2,750,1500,,0,2,240,480,1020
raw_sales_report,Medshield (Keith San Miguel).xlsx,sales2017,3291,5,14479,2017-11-29,CAVITE,#REF!,5,1120,5600,,0,5,330,1650,3950
raw_sales_report,Medshield (Keith San Miguel).xlsx,sales2017,3292,5,14479,2017-11-29,CAVITE,#REF!,4,975,3900,,0,4,384,1536,2364
raw_sales_report,Medshield (Keith San Miguel).xlsx,sales2017,3293,5,14479,2017-11-29,CAVITE,#REF!,7,650,4550,,0,7,202.5,1417.5,3132.5
raw_sales_report,Medshield (Keith San Miguel).xlsx,sales2017,3294,5,14479,2017-11-29,CAVITE,#REF!,2,1980,3960,,0,2,275,550,3410
raw_sales_report,Medshield (Keith San Miguel).xlsx,sales2017,3295,5,14480,2017-11-29,CAVITE,#REF!,2,2000,4000,,0,2,750,1500,2500
raw_sales_report,Medshield (Keith San Miguel).xlsx,sales2017,3296,5,14480,2017-11-29,CAVITE,#REF!,1,3300,3300,,0,1,950,950,2350
raw_sales_report,Medshield (Keith San Miguel).xlsx,sales2017,3297,5,14481,2017-11-29,CAVITE,#REF!,5,350,1750,0.3,525,5,68,340,885
raw_sales_report,Medshield (Keith San Miguel).xlsx,sales2017,3298,5,14482,2017-12-01,CAVITE,#REF!,15,243.33333,3649.99995,,0,15,148,2220,1429.99995
raw_sales_report,Medshield (Keith San Miguel).xlsx,sales2017,3299,5,14483,2017-12-01,CAVITE,#REF!,3,592,1776,0.2,355.20000000000005,3,224,672,748.8
raw_sales_report,Medshield (Keith San Miguel).xlsx,sales2017,3300,5,14483,2017-12-01,CAVITE,#REF!,3,592,1776,0.2,355.20000000000005,3,224,672,748.8
raw_sales_report,Medshield (Keith San Miguel).xlsx,sales2017,3301,5,14483,2017-12-01,CAVITE,#REF!,3,870,2610,0.2,522,3,389,1167,921
raw_sales_report,Medshield (Keith San Miguel).xlsx,sales2017,3302,5,14483,2017-12-01,CAVITE,#REF!,3,290,870,0.2,174,3,69.3,207.89999999999998,488.1
raw_sales_report,Medshield (Keith San Miguel).xlsx,sales2017,3303,5,14483,2017-12-01,CAVITE,#REF!,2,192,384,0.2,76.80000000000001,2,72.45,144.9,162.29999999999998
raw_sales_report,Medshield (Keith San Miguel).xlsx,sales2017,3304,5,14483,2017-12-01,CAVITE,#REF!,10,370,3700,0.2,740,10,140,1400,1560
raw_sales_report,Medshield (Keith San Miguel).xlsx,sales2017,3305,5,14484,2017-12-01,CAVITE,#REF!,1,1840,1840,0.15,276,1,969,969,595
raw_sales_report,Medshield (Keith San Miguel).xlsx,sales2017,3306,5,14486,2017-12-08,CAVITE,#REF!,1,648,648,0.2,129.6,1,245,245,273.4
raw_sales_report,Medshield (Keith San Miguel).xlsx,sales2017,3307,5,14486,2017-12-08,CAVITE,#REF!,2,635,1270,0.2,254,2,240.1,480.2,535.8
raw_sales_report,Medshield (Keith San Miguel).xlsx,sales2017,3308,5,14486,2017-12-08,CAVITE,#REF!,3,592,1776,0.2,355.20000000000005,3,224,672,748.8
raw_sales_report,Medshield (Keith San Miguel).xlsx,sales2017,3309,5,14487,2017-12-08,CAVITE,#REF!,3,368,1104,,0,3,138.6,415.79999999999995,688.2
raw_sales_report,Medshield (Keith San Miguel).xlsx,sales2017,3310,5,14487,2017-12-08,CAVITE,#REF!,3,635,1905,,0,3,240.1,720.3,1184.7
raw_sales_report,Medshield (Keith San Miguel).xlsx,sales2017,3311,5,14488,2017-12-08,CAVITE,#REF!,3,290,870,,0,3,113.4,340.20000000000005,529.8
raw_sales_report,Medshield (Keith San Miguel).xlsx,sales2017,3312,5,14489,2017-12-19,CAVITE,#REF!,3,1150,3450,,0,3,,0,3450
raw_sales_report,Medshield (Keith San Miguel).xlsx,sales2017,3313,5,14506,2017-12-05,BATANGAS,#REF!,1,2800,2800,0.1,280,1,310,310,2210
raw_sales_report,Medshield (Keith San Miguel).xlsx,sales2017,3314,5,14510,2017-12-05,BATANGAS,#REF!,2,3360,6720,,0,2,1173.6,2347.2,4372.8
raw_sales_report,Medshield (Keith San Miguel).xlsx,sales2017,3315,5,14511,2017-12-05,BATANGAS,#REF!,2,3360,6720,,0,2,1173.6,2347.2,4372.8
raw_sales_report,Medshield (Keith San Miguel).xlsx,sales2017,3316,5,14512,2017-12-05,BATANGAS,#REF!,6,84,504,,0,6,227.5,1365,-861
raw_sales_report,Medshield (Keith San Miguel).xlsx,sales2017,3317,5,14513,2017-12-05,BATANGAS,#REF!,6,84,504,,0,6,227.5,1365,-861
raw_sales_report,Medshield (Keith San Miguel).xlsx,sales2017,3318,5,14514,2017-12-05,BATANGAS,#REF!,8,96,768,,0,8,25,200,568
raw_sales_report,Medshield (Keith San Miguel).xlsx,sales2017,3319,5,14515,2017-12-05,BATANGAS,#REF!,8,96,768,,0,8,25,200,568
raw_sales_report,Medshield (Keith San Miguel).xlsx,sales2017,3320,5,14516,2017-12-05,BATANGAS,#REF!,7,144,1008,,0,7,30.8,215.6,792.4
raw_sales_report,Medshield (Keith San Miguel).xlsx,sales2017,3321,5,14517,2017-12-05,BATANGAS,#REF!,7,144,1008,,0,7,30.8,215.6,792.4
raw_sales_report,Medshield (Keith San Miguel).xlsx,sales2017,3322,5,14518,2017-12-05,BATANGAS,#REF!,5,160,800,,0,5,270,1350,-550
raw_sales_report,Medshield (Keith San Miguel).xlsx,sales2017,3323,5,14519,2017-12-05,BATANGAS,#REF!,15,180,2700,,0,15,48,720,1980
raw_sales_report,Medshield (Keith San Miguel).xlsx,sales2017,3324,5,14520,2017-12-05,BATANGAS,#REF!,15,180,2700,,0,15,48,720,1980
raw_sales_report,Medshield (Keith San Miguel).xlsx,sales2017,3325,5,14521,2017-12-05,BATANGAS,#REF!,1,3360,3360,,0,1,860,860,2500
raw_sales_report,Medshield (Keith San Miguel).xlsx,sales2017,3326,5,14522,2017-12-05,BATANGAS,#REF!,1,3360,3360,,0,1,860,860,2500
raw_sales_report,Medshield (Keith San Miguel).xlsx,sales2017,3327,5,14523,2017-12-05,BATANGAS,#REF!,2,1300,2600,,0,2,200,400,2200
raw_sales_report,Medshield (Keith San Miguel).xlsx,sales2017,3328,5,14524,2017-12-05,BATANGAS,#REF!,2,1300,2600,,0,2,200,400,2200
raw_sales_report,Medshield (Keith San Miguel).xlsx,sales2017,3329,5,14525,2017-12-05,BATANGAS,#REF!,1,2160,2160,,0,1,595,595,1565
raw_sales_report,Medshield (Keith San Miguel).xlsx,sales2017,3330,5,14526,2017-12-05,BATANGAS,#REF!,1,2160,2160,,0,1,595,595,1565
raw_sales_report,Medshield (Keith San Miguel).xlsx,sales2017,3331,5,14527,2017-12-05,BATANGAS,#REF!,1,2250,2250,,0,1,750,750,1500
raw_sales_report,Medshield (Keith San Miguel).xlsx,sales2017,3332,5,14528,2017-12-05,BATANGAS,#REF!,1,2250,2250,,0,1,750,750,1500
raw_sales_report,Medshield (Keith San Miguel).xlsx,sales2017,3333,5,14529,2017-12-05,BATANGAS,#REF!,2,1800,3600,,0,2,630,1260,2340
raw_sales_report,Medshield (Keith San Miguel).xlsx,sales2017,3334,5,14530,2017-12-05,BATANGAS,#REF!,2,1800,3600,,0,2,630,1260,2340
raw_sales_report,Medshield (Keith San Miguel).xlsx,sales2017,3335,5,14531,2017-12-05,BATANGAS,#REF!,2,1800,3600,,0,2,630,1260,2340
raw_sales_report,Medshield (Keith San Miguel).xlsx,sales2017,3336,5,14532,2017-12-05,BATANGAS,#REF!,2,2250,4500,,0,2,750,1500,3000
raw_sales_report,Medshield (Keith San Miguel).xlsx,sales2017,3337,5,14533,2017-12-05,BATANGAS,#REF!,1,2250,2250,,0,1,750,750,1500
raw_sales_report,Medshield (Keith San Miguel).xlsx,sales2017,3338,5,14535,2017-12-07,BATANGAS,#REF!,12,180,2160,,0,12,129.7,1556.3999999999999,603.6000000000001
raw_sales_report,Medshield (Keith San Miguel).xlsx,sales2017,3339,5,14536,2017-12-07,BATANGAS,#REF!,8,150,1200,,0,8,42,336,864
raw_sales_report,Medshield (Keith San Miguel).xlsx,sales2017,3340,5,14537,2017-12-14,BATANGAS,#REF!,15,96,1440,,0,15,25,375,1065
raw_sales_report,Medshield (Keith San Miguel).xlsx,sales2017,3341,5,14537,2017-12-14,BATANGAS,#REF!,15,96,1440,,0,15,25,375,1065
raw_sales_report,Medshield (Keith San Miguel).xlsx,sales2017,3342,5,14539,2017-12-14,BATANGAS,#REF!,14,96,1344,,0,14,24.47,342.58,1001.4200000000001
raw_sales_report,Medshield (Keith San Miguel).xlsx,sales2017,3343,5,14540,2017-12-14,BATANGAS,#REF!,24,72,1728,,0,24,23,552,1176
raw_sales_report,Medshield (Keith San Miguel).xlsx,sales2017,3344,5,14541,2017-12-14,BATANGAS,#REF!,3,3000,9000,,0,3,198,594,8406
raw_sales_report,Medshield (Keith San Miguel).xlsx,sales2017,3345,5,14542,2017-12-14,BATANGAS,#REF!,2,3000,6000,,0,2,198,396,5604
raw_sales_report,Medshield (Keith San Miguel).xlsx,sales2017,3346,5,14543,2017-12-14,BATANGAS,#REF!,10,350,3500,,0,10,148,1480,2020
raw_sales_report,Medshield (Keith San Miguel).xlsx,sales2017,3347,5,14544,2017-12-14,BATANGAS,#REF!,10,350,3500,,0,10,148,1480,2020
raw_sales_report,Medshield (Keith San Miguel).xlsx,sales2017,3348,5,14545,2017-12-14,BATANGAS,#REF!,5,900,4500,,0,5,300,1500,3000
raw_sales_report,Medshield (Keith San Miguel).xlsx,sales2017,3349,5,14546,2017-12-14,BATANGAS,#REF!,5,900,4500,,0,5,300,1500,3000
raw_sales_report,Medshield (Keith San Miguel).xlsx,sales2017,3350,5,14547,2017-12-14,BATANGAS,#REF!,3,3360,10080,,0,3,1173.6,3520.7999999999997,6559.200000000001
raw_sales_report,Medshield (Keith San Miguel).xlsx,sales2017,3351,5,14548,2017-12-14,BATANGAS,#REF!,2,3360,6720,,0,2,1173.6,2347.2,4372.8
raw_sales_report,Medshield (Keith San Miguel).xlsx,sales2017,3352,5,14549,2017-12-14,BATANGAS,#REF!,2,3360,6720,,0,2,1173.6,2347.2,4372.8
raw_sales_report,Medshield (Keith San Miguel).xlsx,sales2017,3353,5,14550,2017-12-14,BATANGAS,#REF!,2,1026,2052,,0,2,270,540,1512
raw_sales_report,Medshield (Keith San Miguel).xlsx,sales2017,3354,5,14674,,CAVITE,#REF!,5,650,3250,,0,5,168,840,2410
raw_sales_report,Medshield (Keith San Miguel).xlsx,sales2017,3355,5,14675,,CAVITE,#REF!,30,190,5700,0.3,1710,30,75.6,2268,1722
raw_sales_report,Medshield (Keith San Miguel).xlsx,sales2017,3356,5,14676,2017-12-04,CAVITE,#REF!,5,80,400,0.25,100,5,23.45,117.25,182.75
raw_sales_report,Medshield (Keith San Miguel).xlsx,sales2017,3357,5,14676,2017-12-04,CAVITE,#REF!,5,58,290,0.25,72.5,5,16.8,84,133.5
raw_sales_report,Medshield (Keith San Miguel).xlsx,sales2017,3358,5,14677,2017-12-04,CAVITE,#REF!,2,2750,5500,0.3,1650,2,980,1960,1890
raw_sales_report,Medshield (Keith San Miguel).xlsx,sales2017,3359,5,14679,2017-12-05,CAVITE,#REF!,4,368,1472,0.2,294.40000000000003,4,138.6,554.4,623.1999999999999
raw_sales_report,Medshield (Keith San Miguel).xlsx,sales2017,3360,5,14679,2017-12-05,CAVITE,#REF!,5,370,1850,0.2,370,5,140,700,780
raw_sales_report,Medshield (Keith San Miguel).xlsx,sales2017,3361,5,14680,2017-12-07,CAVITE,#REF!,15,98,1470,,0,15,30.8,462,1008
raw_sales_report,Medshield (Keith San Miguel).xlsx,sales2017,3362,5,14680,2017-12-07,CAVITE,#REF!,30,78,2340,,0,30,22.75,682.5,1657.5
raw_sales_report,Medshield (Keith San Miguel).xlsx,sales2017,3363,5,14681,2017-12-06,CAVITE,#REF!,12,250,3000,,0,12,139.45,1673.3999999999999,1326.6000000000001
raw_sales_report,Medshield (Keith San Miguel).xlsx,sales2017,3364,5,14683,2017-12-15,CAVITE,#REF!,16,250,4000,,0,16,73,1168,2832
raw_sales_report,Medshield (Keith San Miguel).xlsx,sales2017,3365,5,14683,2017-12-15,CAVITE,#REF!,10,250,2500,,0,10,139.45,1394.5,1105.5
raw_sales_report,Medshield (Keith San Miguel).xlsx,sales2017,3366,5,14745,2017-11-24,LAGUNA,#REF!,40,190,7600,,0,40,73,2920,4680
raw_sales_report,Medshield (Keith San Miguel).xlsx,sales2017,3367,5,14745,2017-11-24,LAGUNA,#REF!,2,2100,4200,,0,2,1450,2900,1300
raw_sales_report,Medshield (Keith San Miguel).xlsx,sales2017,3368,5,14746,2017-11-27,LAGUNA,#REF!,100,264,26400,,0,100,73,7300,19100
raw_sales_report,Medshield (Keith San Miguel).xlsx,sales2017,3369,5,14746,2017-11-27,LAGUNA,#REF!,10,1560,15600,,0,10,750,7500,8100
raw_sales_report,Medshield (Keith San Miguel).xlsx,sales2017,3370,5,14746,2017-11-27,LAGUNA,#REF!,10,420,4200,,0,10,70.8,708,3492
raw_sales_report,Medshield (Keith San Miguel).xlsx,sales2017,3371,5,14746,2017-11-27,LAGUNA,#REF!,2,3300,6600,,0,2,1450,2900,3700
raw_sales_report,Medshield (Keith San Miguel).xlsx,sales2017,3372,5,14746,2017-11-27,LAGUNA,#REF!,5,980,4900,,0,5,340,1700,3200
raw_sales_report,Medshield (Keith San Miguel).xlsx,sales2017,3373,5,14746,2017-11-27,LAGUNA,#REF!,2,1250,2500,,0,2,500,1000,1500
raw_sales_report,Medshield (Keith San Miguel).xlsx,sales2017,3374,5,14746,2017-11-27,LAGUNA,#REF!,3,1200,3600,,0,3,26,78,3522
raw_sales_report,Medshield (Keith San Miguel).xlsx,sales2017,3375,5,14746,2017-11-27,LAGUNA,#REF!,40,67.5,2700,,0,40,45,1800,900
raw_sales_report,Medshield (Keith San Miguel).xlsx,sales2017,3376,5,14747,2017-11-27,LAGUNA,#REF!,5,1200,6000,,0,5,265,1325,4675
raw_sales_report,Medshield (Keith San Miguel).xlsx,sales2017,3377,5,14747,2017-11-27,LAGUNA,#REF!,3,390,1170,,0,3,290,870,300
raw_sales_report,Medshield (Keith San Miguel).xlsx,sales2017,3378,5,14747,2017-11-27,LAGUNA,#REF!,50,156,7800,,0,50,40,2000,5800
raw_sales_report,Medshield (Keith San Miguel).xlsx,sales2017,3379,5,14747,2017-11-27,LAGUNA,#REF!,100,380,38000,,0,100,39.13,3913.0000000000005,34087
raw_sales_report,Medshield (Keith San Miguel).xlsx,sales2017,3380,5,14747,2017-11-27,LAGUNA,#REF!,3,1680,5040,,0,3,115,345,4695
raw_sales_report,Medshield (Keith San Miguel).xlsx,sales2017,3381,5,14747,2017-11-27,LAGUNA,#REF!,50,90,4500,,0,50,23,1150,3350
raw_sales_report,Medshield (Keith San Miguel).xlsx,sales2017,3382,5,14747,2017-11-27,LAGUNA,#REF!,2,145,290,,0,2,44,88,202
raw_sales_report,Medshield (Keith San Miguel).xlsx,sales2017,3383,5,14748,2017-11-29,LAGUNA,#REF!,15,640,9600,,0,15,110,1650,7950
raw_sales_report,Medshield (Keith San Miguel).xlsx,sales2017,3384,5,14749,2017-11-29,LAGUNA,#REF!,50,190,9500,,0,50,73,3650,5850
raw_sales_report,Medshield (Keith San Miguel).xlsx,sales2017,3385,5,14749,2017-11-29,LAGUNA,#REF!,4,2100,8400,,0,4,1450,5800,2600
raw_sales_report,Medshield (Keith San Miguel).xlsx,sales2017,3386,5,14763,2017-12-04,HOSPITAL,#REF!,50,4800,240000,,0,50,1872,93600,146400
raw_sales_report,Medshield (Keith San Miguel).xlsx,sales2017,3387,5,14855,2017-10-25,SUPPLIES,#REF!,,,0,,0,0,,0,0
raw_sales_report,Medshield (Keith San Miguel).xlsx,sales2017,3388,5,14865,2017-10-28,SUPPLIES,#REF!,,,0,,0,0,,0,0
raw_sales_report,Medshield (Keith San Miguel).xlsx,sales2017,3389,5,14869,2017-12-07,SUPPLIES,#REF!,,,0,,0,0,,0,0
raw_sales_report,Medshield (Keith San Miguel).xlsx,sales2017,3390,5,14871,2017-12-14,SUPPLIES,#REF!,,,0,,0,0,,0,0
raw_sales_report,Medshield (Keith San Miguel).xlsx,sales2017,3391,5,14872,2017-12-14,SUPPLIES,#REF!,,,0,,0,0,,0,0
raw_sales_report,Medshield (Keith San Miguel).xlsx,sales2017,3392,5,14873,2017-12-14,SUPPLIES,#REF!,,,0,,0,0,,0,0
raw_sales_report,Medshield (Keith San Miguel).xlsx,sales2017,3393,5,14874,2017-12-13,SUPPLIES,#REF!,,,0,,0,0,,0,0
raw_sales_report,Medshield (Keith San Miguel).xlsx,sales2017,3394,5,14937,2017-11-16,CAM NORTE,#REF!,20,80,1600,,0,20,24.47,489.4,1110.6
raw_sales_report,Medshield (Keith San Miguel).xlsx,sales2017,3395,5,14937,2017-11-16,CAM NORTE,#REF!,6,440,2640,,0,6,139.45,836.6999999999999,1803.3000000000002
raw_sales_report,Medshield (Keith San Miguel).xlsx,sales2017,3396,5,14949,2017-11-27,CAM NORTE,#REF!,3,1200,3600,,0,3,535,1605,1995
raw_sales_report,Medshield (Keith San Miguel).xlsx,sales2017,3397,5,14950,2017-11-27,CAM NORTE,#REF!,3,800,2400,,0,3,227.5,682.5,1717.5
raw_sales_report,Medshield (Keith San Miguel).xlsx,sales2017,3398,5,14950,2017-11-27,CAM NORTE,#REF!,12,440,5280,,0,12,139.45,1673.3999999999999,3606.6000000000004
raw_sales_report,Medshield (Keith San Miguel).xlsx,sales2017,3399,5,14950,2017-11-27,CAM NORTE,#REF!,2,1164.8,2329.6,,0,2,333,666,1663.6
raw_sales_report,Medshield (Keith San Miguel).xlsx,sales2017,3400,5,14977,2017-11-27,ALBAY,#REF!,1,900,900,,0,1,227.5,227.5,672.5
raw_sales_report,Medshield (Keith San Miguel).xlsx,sales2017,3401,5,14978,2017-11-27,ALBAY,#REF!,1,700,700,0.1,70,1,250,250,380
raw_sales_report,Medshield (Keith San Miguel).xlsx,sales2017,3402,5,14979,2017-11-28,ALBAY,#REF!,1,1250,1250,0.2,250,1,98,98,902
raw_sales_report,Medshield (Keith San Miguel).xlsx,sales2017,3403,5,14980,2017-11-28,ALBAY,#REF!,1,1800,1800,0.2,360,1,540,540,900
raw_sales_report,Medshield (Keith San Miguel).xlsx,sales2017,3404,5,14981,2017-11-28,ALBAY,#REF!,5,98,490,0.2,98,5,28.7,143.5,248.5
raw_sales_report,Medshield (Keith San Miguel).xlsx,sales2017,3405,5,14982,2017-11-29,ALBAY,#REF!,1,310,310,,0,1,129.7,129.7,180.3
raw_sales_report,Medshield (Keith San Miguel).xlsx,sales2017,3406,5,14983,2017-11-29,ALBAY,#REF!,5,170,850,,0,5,55,275,575
raw_sales_report,Medshield (Keith San Miguel).xlsx,sales2017,3407,5,14984,2017-12-01,LEGASPI,#REF!,5,105,525,,0,5,28,140,385
raw_sales_report,Medshield (Keith San Miguel).xlsx,sales2017,3408,5,14985,2017-12-01,LEGASPI,#REF!,1,2790,2790,,0,1,1173.6,1173.6,1616.4
raw_sales_report,Medshield (Keith San Miguel).xlsx,sales2017,3409,5,14986,2017-12-01,LEGASPI,#REF!,1,1000,1000,,0,1,323,323,677
raw_sales_report,Medshield (Keith San Miguel).xlsx,sales2017,3410,5,14987,2017-12-01,LEGASPI,#REF!,1,670,670,,0,1,210,210,460
raw_sales_report,Medshield (Keith San Miguel).xlsx,sales2017,3411,5,14988,2017-12-01,LEGASPI,#REF!,1,1400,1400,,0,1,40,40,1360
raw_sales_report,Medshield (Keith San Miguel).xlsx,sales2017,3412,5,14989,2017-12-01,LEGASPI,#REF!,1,1800,1800,,0,1,550,550,1250
raw_sales_report,Medshield (Keith San Miguel).xlsx,sales2017,3413,5,14990,2017-12-01,LEGASPI,#REF!,1,1070,1070,,0,1,319,319,751
raw_sales_report,Medshield (Keith San Miguel).xlsx,sales2017,3414,5,14991,2017-12-01,ALBAY,#REF!,1,650,650,,0,1,170,170,480
raw_sales_report,Medshield (Keith San Miguel).xlsx,sales2017,3415,5,14992,2017-12-12,ALBAY,#REF!,1,3000,3000,,0,1,1450,1450,1550
raw_sales_report,Medshield (Keith San Miguel).xlsx,sales2017,3416,5,14993,2017-12-12,ALBAY,#REF!,1,1400,1400,,0,1,420,420,980
raw_sales_report,Medshield (Keith San Miguel).xlsx,sales2017,3417,5,14994,2017-12-12,ALBAY,#REF!,1,1000,1000,,0,1,323,323,677
raw_sales_report,Medshield (Keith San Miguel).xlsx,sales2017,3418,5,14995,2017-12-12,ALBAY,#REF!,5,75,375,,0,5,22.4,112,263
raw_sales_report,Medshield (Keith San Miguel).xlsx,sales2017,3419,5,14996,2017-12-12,ALBAY,#REF!,5,118,590,,0,5,39,195,395
raw_sales_report,Medshield (Keith San Miguel).xlsx,sales2017,3420,5,14997,2017-12-12,ALBAY,#REF!,1,1300,1300,,0,1,450,450,850
raw_sales_report,Medshield (Keith San Miguel).xlsx,sales2017,3421,5,14998,2017-12-19,ALBAY,#REF!,5,804,4020,,0,5,210,1050,2970
raw_sales_report,Medshield (Keith San Miguel).xlsx,sales2017,3422,5,15032,2017-11-28,BATANGAS,#REF!,2,990,1980,,0,2,323,646,1334
raw_sales_report,Medshield (Keith San Miguel).xlsx,sales2017,3423,5,15032,2017-11-28,BATANGAS,#REF!,3,550,1650,,0,3,128,384,1266
raw_sales_report,Medshield (Keith San Miguel).xlsx,sales2017,3424,5,15032,2017-11-28,BATANGAS,#REF!,2,725,1450,,0,2,218.46,436.92,1013.0799999999999
raw_sales_report,Medshield (Keith San Miguel).xlsx,sales2017,3425,5,15033,2017-11-28,BATANGAS,#REF!,1,6050,6050,,0,1,2750,2750,3300
raw_sales_report,Medshield (Keith San Miguel).xlsx,sales2017,3426,5,15034,2017-11-28,BATANGAS,#REF!,5,1500,7500,,0,5,310,1550,5950
raw_sales_report,Medshield (Keith San Miguel).xlsx,sales2017,3427,5,15035,2017-11-29,BATANGAS,#REF!,2,1098,2196,,0,2,245,490,1706
raw_sales_report,Medshield (Keith San Miguel).xlsx,sales2017,3428,5,15036,2017-11-29,BATANGAS,#REF!,1,1560,1560,,0,1,200,200,1360
raw_sales_report,Medshield (Keith San Miguel).xlsx,sales2017,3429,5,15037,2017-11-29,BATANGAS,#REF!,6,180,1080,,0,6,48,288,792
raw_sales_report,Medshield (Keith San Miguel).xlsx,sales2017,3430,5,15038,2017-11-29,BATANGAS,#REF!,1,2800,2800,,0,1,310,310,2490
raw_sales_report,Medshield (Keith San Miguel).xlsx,sales2017,3431,5,15039,2017-11-29,BATANGAS,#REF!,1,2800,2800,,0,1,310,310,2490
raw_sales_report,Medshield (Keith San Miguel).xlsx,sales2017,3432,5,15040,2017-12-05,BATANGAS,#REF!,2,1026,2052,0.1,205.20000000000002,2,345,690,1156.8
raw_sales_report,Medshield (Keith San Miguel).xlsx,sales2017,3433,5,15041,2017-12-05,BATANGAS,#REF!,2,1625,3250,0.1,325,2,300,600,2325
raw_sales_report,Medshield (Keith San Miguel).xlsx,sales2017,3434,5,15042,2017-12-05,BATANGAS,#REF!,10,96,960,0.1,96,10,24.47,244.7,619.3
raw_sales_report,Medshield (Keith San Miguel).xlsx,sales2017,3435,5,15043,2017-12-05,BATANGAS,#REF!,12,80,960,0.1,96,12,23.45,281.4,582.6
raw_sales_report,Medshield (Keith San Miguel).xlsx,sales2017,3436,5,15044,2017-12-05,BATANGAS,#REF!,10,160,1600,0.1,160,10,47,470,970
raw_sales_report,Medshield (Keith San Miguel).xlsx,sales2017,3437,5,15045,2017-12-05,BATANGAS,#REF!,10,144,1440,0.1,144,10,30.8,308,988
raw_sales_report,Medshield (Keith San Miguel).xlsx,sales2017,3438,5,15046,2017-12-05,BATANGAS,#REF!,2,2160,4320,0.1,432,2,685,1370,2518
raw_sales_report,Medshield (Keith San Miguel).xlsx,sales2017,3439,5,15047,2017-12-05,BATANGAS,#REF!,2,960,1920,0.1,192,2,225,450,1278
raw_sales_report,Medshield (Keith San Miguel).xlsx,sales2017,3440,5,15048,2017-12-05,BATANGAS,#REF!,2,1080,2160,0.1,216,2,240,480,1464
raw_sales_report,Medshield (Keith San Miguel).xlsx,sales2017,3441,5,15049,2017-12-05,BATANGAS,#REF!,10,96,960,0.1,96,10,21,210,654
raw_sales_report,Medshield (Keith San Miguel).xlsx,sales2017,3442,5,15050,2017-12-05,BATANGAS,#REF!,1,2800,2800,0.1,280,1,,0,2520
raw_sales_report,Medshield (Keith San Miguel).xlsx,sales2017,3443,5,15089,2017-12-05,BATANGAS,#REF!,10,890,8900,,0,10,25.45,254.5,8645.5
raw_sales_report,Medshield (Keith San Miguel).xlsx,sales2017,3444,5,15089,2017-12-05,BATANGAS,#REF!,15,1250,18750,,0,15,318.1,4771.5,13978.5
raw_sales_report,Medshield (Keith San Miguel).xlsx,sales2017,3445,5,15089,2017-12-05,BATANGAS,#REF!,198,1286.66666666666,254759.99999999866,,0,198,40,7920,246839.99999999866
raw_sales_report,Medshield (Keith San Miguel).xlsx,sales2017,3446,5,15089,2017-12-05,BATANGAS,#REF!,1700,320,544000,,0,1700,73,124100,419900
raw_sales_report,Medshield (Keith San Miguel).xlsx,sales2017,3447,5,15089,2017-12-05,BATANGAS,#REF!,240,580,139200,,0,240,160,38400,100800
raw_sales_report,Medshield (Keith San Miguel).xlsx,sales2017,3448,5,15089,2017-12-05,BATANGAS,#REF!,20,480,9600,,0,20,9,180,9420
raw_sales_report,Medshield (Keith San Miguel).xlsx,sales2017,3449,5,15089,2017-12-05,BATANGAS,#REF!,50,220,11000,,0,50,90,4500,6500
raw_sales_report,Medshield (Keith San Miguel).xlsx,sales2017,3450,5,15097,2017-12-05,BATANGAS,#REF!,30,490,14700,,0,30,190,5700,9000
raw_sales_report,Medshield (Keith San Miguel).xlsx,sales2017,3451,5,15097,2017-12-05,BATANGAS,#REF!,150,531.8,79770,,0,150,155,23250,56520
raw_sales_report,Medshield (Keith San Miguel).xlsx,sales2017,3452,5,15097,2017-12-05,BATANGAS,#REF!,10,2600,26000,,0,10,100,1000,25000
raw_sales_report,Medshield (Keith San Miguel).xlsx,sales2017,3453,5,15097,2017-12-05,BATANGAS,#REF!,160,140,22400,,0,160,30,4800,17600
raw_sales_report,Medshield (Keith San Miguel).xlsx,sales2017,3454,5,15097,2017-12-05,BATANGAS,#REF!,20,320,6400,,0,20,60,1200,5200
raw_sales_report,Medshield (Keith San Miguel).xlsx,sales2017,3455,5,15097,2017-12-05,BATANGAS,#REF!,6,2200,13200,,0,6,819,4914,8286
raw_sales_report,Medshield (Keith San Miguel).xlsx,sales2017,3456,5,15097,2017-12-05,BATANGAS,#REF!,49,980,48020,,0,49,280,13720,34300
raw_sales_report,Medshield (Keith San Miguel).xlsx,sales2017,3457,5,15097,2017-12-05,BATANGAS,#REF!,8,1800,14400,,0,8,590,4720,9680
raw_sales_report,Medshield (Keith San Miguel).xlsx,sales2017,3458,5,15097,2017-12-05,BATANGAS,#REF!,10,781.8,7818,,0,10,300,3000,4818
raw_sales_report,Medshield (Keith San Miguel).xlsx,sales2017,3459,5,15097,2017-12-05,BATANGAS,#REF!,7,360,2520,,0,7,140,980,1540
raw_sales_report,Medshield (Keith San Miguel).xlsx,sales2017,3460,5,15098,,GOVERNMENT,#REF!,,,0,,0,0,,0,0
raw_sales_report,Medshield (Keith San Miguel).xlsx,sales2017,3461,5,15099,,GOVERNMENT,#REF!,,,0,,0,0,,0,0
raw_sales_report,Medshield (Keith San Miguel).xlsx,sales2017,3462,5,15101,2017-11-29,CAM NORTE,#REF!,1,1800,1800,,0,1,540,540,1260
raw_sales_report,Medshield (Keith San Miguel).xlsx,sales2017,3463,5,15102,2017-12-01,CAM NORTE,#REF!,3,1200,3600,,0,3,535,1605,1995
raw_sales_report,Medshield (Keith San Miguel).xlsx,sales2017,3464,5,15103,2017-12-01,CAM NORTE,#REF!,18,96.6666666666666,1739.9999999999989,,0,18,47,846,893.9999999999989
raw_sales_report,Medshield (Keith San Miguel).xlsx,sales2017,3465,5,15104,2017-11-30,CAM NORTE,#REF!,6,78,468,,0,6,22.75,136.5,331.5
raw_sales_report,Medshield (Keith San Miguel).xlsx,sales2017,3466,5,15104,2017-11-30,CAM NORTE,#REF!,6,310,1860,,0,6,129.7,778.1999999999999,1081.8000000000002
raw_sales_report,Medshield (Keith San Miguel).xlsx,sales2017,3467,5,15104,2017-11-30,CAM NORTE,#REF!,12,198,2376,,0,12,65,780,1596
raw_sales_report,Medshield (Keith San Miguel).xlsx,sales2017,3468,5,15105,2017-12-01,CAM NORTE,#REF!,2,1000,2000,,0,2,270,540,1460
raw_sales_report,Medshield (Keith San Miguel).xlsx,sales2017,3469,5,15105,2017-12-01,CAM NORTE,#REF!,2,885,1770,,0,2,265,530,1240
raw_sales_report,Medshield (Keith San Miguel).xlsx,sales2017,3470,5,15105,2017-12-01,CAM NORTE,#REF!,2,1980,3960,,0,2,275,550,3410
raw_sales_report,Medshield (Keith San Miguel).xlsx,sales2017,3471,5,15105,2017-12-01,CAM NORTE,#REF!,2,1800,3600,,0,2,535,1070,2530
raw_sales_report,Medshield (Keith San Miguel).xlsx,sales2017,3472,5,15106,2017-12-06,CAM NORTE,#REF!,1,1800,1800,,0,1,535,535,1265
raw_sales_report,Medshield (Keith San Miguel).xlsx,sales2017,3473,5,15106,2017-12-06,CAM NORTE,#REF!,1,750,750,,0,1,227,227,523
raw_sales_report,Medshield (Keith San Miguel).xlsx,sales2017,3474,5,15107,2017-12-06,CAM NORTE,#REF!,2,3000,6000,,0,2,1450,2900,3100
raw_sales_report,Medshield (Keith San Miguel).xlsx,sales2017,3475,5,15107,2017-12-06,CAM NORTE,#REF!,2,1150,2300,,0,2,480.9,961.8,1338.2
raw_sales_report,Medshield (Keith San Miguel).xlsx,sales2017,3476,5,15107,2017-12-06,CAM NORTE,#REF!,2,2700,5400,,0,2,535,1070,4330
raw_sales_report,Medshield (Keith San Miguel).xlsx,sales2017,3477,5,15107,2017-12-06,CAM NORTE,#REF!,2,1070,2140,,0,2,319,638,1502
raw_sales_report,Medshield (Keith San Miguel).xlsx,sales2017,3478,5,15107,2017-12-06,CAM NORTE,#REF!,2,750,1500,,0,2,227.5,455,1045
raw_sales_report,Medshield (Keith San Miguel).xlsx,sales2017,3479,5,15107,2017-12-06,CAM NORTE,#REF!,2,1900,3800,,0,2,595,1190,2610
raw_sales_report,Medshield (Keith San Miguel).xlsx,sales2017,3480,5,15108,2017-12-08,CAM NORTE,#REF!,0.4,12000,4800,,0,0.4,90,36,4764
raw_sales_report,Medshield (Keith San Miguel).xlsx,sales2017,3481,5,15109,2017-12-08,CAM NORTE,#REF!,0.4,12000,4800,,0,0.4,90,36,4764
raw_sales_report,Medshield (Keith San Miguel).xlsx,sales2017,3482,5,15110,2017-12-08,CAM NORTE,#REF!,12,95,1140,,0,12,28,336,804
raw_sales_report,Medshield (Keith San Miguel).xlsx,sales2017,3483,5,15110,2017-12-08,CAM NORTE,#REF!,3,750,2250,,0,3,227.5,682.5,1567.5
raw_sales_report,Medshield (Keith San Miguel).xlsx,sales2017,3484,5,15110,2017-12-08,CAM NORTE,#REF!,2,1800,3600,,0,2,535,1070,2530
raw_sales_report,Medshield (Keith San Miguel).xlsx,sales2017,3485,5,15110,2017-12-08,CAM NORTE,#REF!,1,1600,1600,,0,1,480.9,480.9,1119.1
raw_sales_report,Medshield (Keith San Miguel).xlsx,sales2017,3486,5,15111,2017-12-08,CAM NORTE,#REF!,2,750,1500,,0,2,227.5,455,1045
raw_sales_report,Medshield (Keith San Miguel).xlsx,sales2017,3487,5,15112,2017-12-12,CAM NORTE,#REF!,2,800,1600,,0,2,225,450,1150
raw_sales_report,Medshield (Keith San Miguel).xlsx,sales2017,3488,5,15112,2017-12-12,CAM NORTE,#REF!,2,750,1500,,0,2,227.5,455,1045
raw_sales_report,Medshield (Keith San Miguel).xlsx,sales2017,3489,5,15112,2017-12-12,CAM NORTE,#REF!,3,1866.8,5600.4,,0,3,1173.6,3520.7999999999997,2079.6
raw_sales_report,Medshield (Keith San Miguel).xlsx,sales2017,3490,5,15112,2017-12-12,CAM NORTE,#REF!,12,80,960,,0,12,24.47,293.64,666.36
raw_sales_report,Medshield (Keith San Miguel).xlsx,sales2017,3491,5,15113,2017-12-13,CAM NORTE,#REF!,18,106.66666666,1919.9999998800001,,0,18,48.65,875.6999999999999,1044.29999988
raw_sales_report,Medshield (Keith San Miguel).xlsx,sales2017,3492,5,15115,2017-12-13,CAM NORTE,#REF!,2,750,1500,0.3,450,2,227.5,455,595
raw_sales_report,Medshield (Keith San Miguel).xlsx,sales2017,3493,5,15116,2017-12-14,CAM NORTE,#REF!,6,95,570,,0,6,28,168,402
raw_sales_report,Medshield (Keith San Miguel).xlsx,sales2017,3494,5,15116,2017-12-14,CAM NORTE,#REF!,1,1800,1800,,0,1,535,535,1265
raw_sales_report,Medshield (Keith San Miguel).xlsx,sales2017,3495,5,15116,2017-12-14,CAM NORTE,#REF!,3,1072.66666,3217.9999800000005,,0,3,319,957,2260.9999800000005
raw_sales_report,Medshield (Keith San Miguel).xlsx,sales2017,3496,5,15116,2017-12-14,CAM NORTE,#REF!,1,855,855,,0,1,270,270,585
raw_sales_report,Medshield (Keith San Miguel).xlsx,sales2017,3497,5,15117,2017-12-14,CAM NORTE,#REF!,2,1450,2900,,0,2,270,540,2360
raw_sales_report,Medshield (Keith San Miguel).xlsx,sales2017,3498,5,15118,2017-12-15,CAM NORTE,#REF!,3,2800,8400,,0,3,1173.6,3520.7999999999997,4879.200000000001
raw_sales_report,Medshield (Keith San Miguel).xlsx,sales2017,3499,5,15118,2017-12-15,CAM NORTE,#REF!,2,1800,3600,,0,2,540,1080,2520
raw_sales_report,Medshield (Keith San Miguel).xlsx,sales2017,3500,5,15119,2017-12-15,CAM NORTE,#REF!,3,1070,3210,,0,3,319,957,2253
raw_sales_report,Medshield (Keith San Miguel).xlsx,sales2017,3501,5,15119,2017-12-15,CAM NORTE,#REF!,2,1800,3600,,0,2,535,1070,2530
raw_sales_report,Medshield (Keith San Miguel).xlsx,sales2017,3502,5,15119,2017-12-15,CAM NORTE,#REF!,1,750,750,,0,1,227.5,227.5,522.5
raw_sales_report,Medshield (Keith San Miguel).xlsx,sales2017,3503,5,15119,2017-12-15,CAM NORTE,#REF!,6,58,348,,0,6,16.18,97.08,250.92000000000002
raw_sales_report,Medshield (Keith San Miguel).xlsx,sales2017,3504,5,15120,2017-12-15,CAM NORTE,#REF!,3,1150,3450,,0,3,345,1035,2415
raw_sales_report,Medshield (Keith San Miguel).xlsx,sales2017,3505,5,15121,2017-12-18,CAM NORTE,#REF!,1,1070,1070,,0,1,319,319,751
raw_sales_report,Medshield (Keith San Miguel).xlsx,sales2017,3506,5,15122,2017-12-18,CAM NORTE,#REF!,1,1800,1800,,0,1,540,540,1260
raw_sales_report,Medshield (Keith San Miguel).xlsx,sales2017,3507,5,15123,2017-12-20,CAM NORTE,#REF!,10,360,3600,,0,10,110,1100,2500
raw_sales_report,Medshield (Keith San Miguel).xlsx,sales2017,3508,5,15124,2017-12-20,CAM NORTE,#REF!,2,5500,11000,,0,2,3575,7150,3850
raw_sales_report,Medshield (Keith San Miguel).xlsx,sales2017,3509,5,15151,2017-12-01,QUEZON,#REF!,5,870,4350,,0,5,219,1095,3255
raw_sales_report,Medshield (Keith San Miguel).xlsx,sales2017,3510,5,15151,2017-12-01,QUEZON,#REF!,5,650,3250,,0,5,202.5,1012.5,2237.5
raw_sales_report,Medshield (Keith San Miguel).xlsx,sales2017,3511,5,15152,2017-12-01,QUEZON,#REF!,2,900,1800,,0,2,240,480,1320
raw_sales_report,Medshield (Keith San Miguel).xlsx,sales2017,3512,5,15152,2017-12-01,QUEZON,#REF!,2,600,1200,,0,2,155,310,890
raw_sales_report,Medshield (Keith San Miguel).xlsx,sales2017,3513,5,15153,2017-12-02,QUEZON,#REF!,20,400,8000,0.3,2400,20,139,2780,2820
raw_sales_report,Medshield (Keith San Miguel).xlsx,sales2017,3514,5,15154,2017-12-04,QUEZON,#REF!,12,105,1260,0.3,378,12,23.8,285.6,596.4
raw_sales_report,Medshield (Keith San Miguel).xlsx,sales2017,3515,5,15154,2017-12-04,QUEZON,#REF!,12,79,948,0.3,284.4,12,23.8,285.6,378
raw_sales_report,Medshield (Keith San Miguel).xlsx,sales2017,3516,5,15154,2017-12-04,QUEZON,#REF!,6,75,450,0.3,135,6,22.4,134.39999999999998,180.60000000000002
raw_sales_report,Medshield (Keith San Miguel).xlsx,sales2017,3517,5,15155,2017-12-05,QUEZON,#REF!,48,190,9120,0.321,2927.52,48,75.6,3628.7999999999997,2563.68
raw_sales_report,Medshield (Keith San Miguel).xlsx,sales2017,3518,5,15155,2017-12-05,QUEZON,#REF!,35,240,8400,0.321,2696.4,35,75,2625,3078.6000000000004
raw_sales_report,Medshield (Keith San Miguel).xlsx,sales2017,3519,5,15156,2017-12-05,QUEZON,#REF!,48,175,8400,0.321,2696.4,48,75,3600,2103.6000000000004
raw_sales_report,Medshield (Keith San Miguel).xlsx,sales2017,3520,5,15156,2017-12-05,QUEZON,#REF!,5,750,3750,0.321,1203.75,5,240,1200,1346.25
raw_sales_report,Medshield (Keith San Miguel).xlsx,sales2017,3521,5,15157,2017-12-05,MARINDUQUE,#REF!,48,290,13920,,0,48,165,7920,6000
raw_sales_report,Medshield (Keith San Miguel).xlsx,sales2017,3522,5,15157,2017-12-05,MARINDUQUE,#REF!,24,175,4200,,0,24,75,1800,2400
raw_sales_report,Medshield (Keith San Miguel).xlsx,sales2017,3523,5,15158,2017-12-06,MARINDUQUE,#REF!,15,80,1200,,0,15,24.47,367.04999999999995,832.95
raw_sales_report,Medshield (Keith San Miguel).xlsx,sales2017,3524,5,15158,2017-12-06,MARINDUQUE,#REF!,4,160,640,,0,4,48.65,194.6,445.4
raw_sales_report,Medshield (Keith San Miguel).xlsx,sales2017,3525,5,15159,2017-12-06,MARINDUQUE,#REF!,2,1200,2400,0.3,720,2,365,730,950
raw_sales_report,Medshield (Keith San Miguel).xlsx,sales2017,3526,5,15160,2017-12-07,QUEZON,#REF!,15,98,1470,,0,15,30.8,462,1008
raw_sales_report,Medshield (Keith San Miguel).xlsx,sales2017,3527,5,15160,2017-12-07,QUEZON,#REF!,15,69,1035,,0,15,21,315,720
raw_sales_report,Medshield (Keith San Miguel).xlsx,sales2017,3528,5,15160,2017-12-07,QUEZON,#REF!,15,85,1275,,0,15,24,360,915
raw_sales_report,Medshield (Keith San Miguel).xlsx,sales2017,3529,5,15160,2017-12-07,QUEZON,#REF!,15,88,1320,,0,15,25,375,945
raw_sales_report,Medshield (Keith San Miguel).xlsx,sales2017,3530,5,15161,2017-12-07,QUEZON,#REF!,2,517.5,1035,,0,2,345,690,345
raw_sales_report,Medshield (Keith San Miguel).xlsx,sales2017,3531,5,15162,2017-12-08,EASTERN QUEZON,#REF!,1,1050,1050,,0,1,310,310,740
raw_sales_report,Medshield (Keith San Miguel).xlsx,sales2017,3532,5,15162,2017-12-08,EASTERN QUEZON,#REF!,10,125,1250,,0,10,65,650,600
raw_sales_report,Medshield (Keith San Miguel).xlsx,sales2017,3533,5,15162,2017-12-08,EASTERN QUEZON,#REF!,10,190,1900,,0,10,65,650,1250
raw_sales_report,Medshield (Keith San Miguel).xlsx,sales2017,3534,5,15162,2017-12-08,EASTERN QUEZON,#REF!,10,170,1700,,0,10,55,550,1150
raw_sales_report,Medshield (Keith San Miguel).xlsx,sales2017,3535,5,15162,2017-12-08,EASTERN QUEZON,#REF!,10,175,1750,,0,10,55,550,1200
raw_sales_report,Medshield (Keith San Miguel).xlsx,sales2017,3536,5,15163,2017-12-08,EASTERN QUEZON,#REF!,2,1600,3200,0.3,960,2,345,690,1550
raw_sales_report,Medshield (Keith San Miguel).xlsx,sales2017,3537,5,15164,2017-12-08,EASTERN QUEZON,#REF!,1,1050,1050,,0,1,310,310,740
raw_sales_report,Medshield (Keith San Miguel).xlsx,sales2017,3538,5,15165,2017-12-08,EASTERN QUEZON,#REF!,5,770,3850,0.3,1155,5,218.46,1092.3,1602.7
raw_sales_report,Medshield (Keith San Miguel).xlsx,sales2017,3539,5,15166,2017-12-07,MARINDUQUE,#REF!,12,650,7800,,0,12,202.5,2430,5370
raw_sales_report,Medshield (Keith San Miguel).xlsx,sales2017,3540,5,15166,2017-12-07,MARINDUQUE,#REF!,24,870,20880,,0,24,219,5256,15624
raw_sales_report,Medshield (Keith San Miguel).xlsx,sales2017,3541,5,15166,2017-12-07,MARINDUQUE,#REF!,24,155,3720,,0,24,55,1320,2400
raw_sales_report,Medshield (Keith San Miguel).xlsx,sales2017,3542,5,15166,2017-12-07,MARINDUQUE,#REF!,15,4750,71250,,0,15,950,14250,57000
raw_sales_report,Medshield (Keith San Miguel).xlsx,sales2017,3543,5,15169,2017-12-11,QUEZON,#REF!,2,1400,2800,,0,2,420,840,1960
raw_sales_report,Medshield (Keith San Miguel).xlsx,sales2017,3544,5,15170,2017-12-12,QUEZON,#REF!,12,74,888,0.3,266.4,12,23,276,345.6
raw_sales_report,Medshield (Keith San Miguel).xlsx,sales2017,3545,5,15171,2017-12-13,LUCENA,#REF!,13,170,2210,,0,13,55,715,1495
raw_sales_report,Medshield (Keith San Miguel).xlsx,sales2017,3546,5,15172,2017-12-13,LUCENA,#REF!,2,1600,3200,0.335,1072,2,480.9,961.8,1166.2
raw_sales_report,Medshield (Keith San Miguel).xlsx,sales2017,3547,5,15172,2017-12-13,LUCENA,#REF!,3,1280,3840,0.335,1286.4,3,375,1125,1428.6
raw_sales_report,Medshield (Keith San Miguel).xlsx,sales2017,3548,5,15173,2017-12-13,QUEZON,#REF!,3,1070,3210,,0,3,319,957,2253
raw_sales_report,Medshield (Keith San Miguel).xlsx,sales2017,3549,5,15173,2017-12-13,QUEZON,#REF!,13,155,2015,,0,13,55,715,1300
raw_sales_report,Medshield (Keith San Miguel).xlsx,sales2017,3550,5,15174,2017-12-13,QUEZON,#REF!,3,800,2400,0.3,720,3,225,675,1005
raw_sales_report,Medshield (Keith San Miguel).xlsx,sales2017,3551,5,15175,2017-12-14,QUEZON,#REF!,36,400,14400,,0,36,139.45,5020.2,9379.8
raw_sales_report,Medshield (Keith San Miguel).xlsx,sales2017,3552,5,15175,2017-12-14,QUEZON,#REF!,3,2150,6450,,0,3,560,1680,4770
raw_sales_report,Medshield (Keith San Miguel).xlsx,sales2017,3553,5,15175,2017-12-14,QUEZON,#REF!,2,3800,7600,,0,2,890,1780,5820
raw_sales_report,Medshield (Keith San Miguel).xlsx,sales2017,3554,5,15177,2017-12-11,QUEZON,#REF!,22,681.81818,14999.99996,,0,22,202.5,4455,10544.99996
raw_sales_report,Medshield (Keith San Miguel).xlsx,sales2017,3555,5,15177,2017-12-11,QUEZON,#REF!,22,681.81818,14999.99996,,0,22,219,4818,10181.99996
raw_sales_report,Medshield (Keith San Miguel).xlsx,sales2017,3556,5,15177,2017-12-11,QUEZON,#REF!,5,1100,5500,,0,5,365,1825,3675
raw_sales_report,Medshield (Keith San Miguel).xlsx,sales2017,3557,5,15177,2017-12-11,QUEZON,#REF!,11,863.63636,9499.99996,,0,11,310,3410,6089.999959999999
raw_sales_report,Medshield (Keith San Miguel).xlsx,sales2017,3558,5,15177,2017-12-11,QUEZON,#REF!,11,1000,11000,,0,11,388,4268,6732
raw_sales_report,Medshield (Keith San Miguel).xlsx,sales2017,3559,5,15178,2017-12-19,EASTERN QUEZON,#REF!,1,2790,2790,,0,1,1173.6,1173.6,1616.4
raw_sales_report,Medshield (Keith San Miguel).xlsx,sales2017,3560,5,15178,2017-12-19,EASTERN QUEZON,#REF!,1,1050,1050,,0,1,310,310,740
raw_sales_report,Medshield (Keith San Miguel).xlsx,sales2017,3561,5,15178,2017-12-19,EASTERN QUEZON,#REF!,7,118,826,,0,7,39,273,553
raw_sales_report,Medshield (Keith San Miguel).xlsx,sales2017,3562,5,15178,2017-12-19,EASTERN QUEZON,#REF!,1,1800,1800,,0,1,550,550,1250
raw_sales_report,Medshield (Keith San Miguel).xlsx,sales2017,3563,5,15178,2017-12-19,EASTERN QUEZON,#REF!,2,500,1000,,0,2,133,266,734
raw_sales_report,Medshield (Keith San Miguel).xlsx,sales2017,3564,5,15178,2017-12-19,EASTERN QUEZON,#REF!,1,1540,1540,,0,1,310,310,1230
raw_sales_report,Medshield (Keith San Miguel).xlsx,sales2017,3565,5,15179,2017-12-19,EASTERN QUEZON,#REF!,10,1300,13000,,0,10,450,4500,8500
raw_sales_report,Medshield (Keith San Miguel).xlsx,sales2017,3566,5,15180,2017-12-20,MARINDUQUE,#REF!,50,310,15500,0.321,4975.5,50,129.7,6484.999999999999,4039.500000000001
raw_sales_report,Medshield (Keith San Miguel).xlsx,sales2017,3567,5,15181,2017-12-20,MARINDUQUE,#REF!,1,1800,1800,,0,1,535,535,1265
raw_sales_report,Medshield (Keith San Miguel).xlsx,sales2017,3568,5,15181,2017-12-20,MARINDUQUE,#REF!,2,750,1500,,0,2,235,470,1030
raw_sales_report,Medshield (Keith San Miguel).xlsx,sales2017,3569,5,15182,2017-12-20,MARINDUQUE,#REF!,3,910,2730,,0,3,310,930,1800
raw_sales_report,Medshield (Keith San Miguel).xlsx,sales2017,3570,5,15183,2017-12-20,MARINDUQUE,#REF!,2,2970,5940,,0,2,1173.6,2347.2,3592.8
raw_sales_report,Medshield (Keith San Miguel).xlsx,sales2017,3571,5,15185,2017-12-27,QUEZON,#REF!,10,1600,16000,0.3,4800,10,480.9,4809,6391
raw_sales_report,Medshield (Keith San Miguel).xlsx,sales2017,3572,5,15186,2017-12-27,QUEZON,#REF!,2,1000,2000,,0,2,323,646,1354
raw_sales_report,Medshield (Keith San Miguel).xlsx,sales2017,3573,5,15186,2017-12-27,QUEZON,#REF!,1,650,650,,0,1,650,650,0
raw_sales_report,Medshield (Keith San Miguel).xlsx,sales2017,3574,5,15186,2017-12-27,QUEZON,#REF!,1,1800,1800,,0,1,550,550,1250
raw_sales_report,Medshield (Keith San Miguel).xlsx,sales2017,3575,5,15186,2017-12-27,QUEZON,#REF!,10,74,740,,0,10,23,230,510
raw_sales_report,Medshield (Keith San Miguel).xlsx,sales2017,3576,5,15186,2017-12-27,QUEZON,#REF!,4,198,792,,0,4,65,260,532
raw_sales_report,Medshield (Keith San Miguel).xlsx,sales2017,3577,5,15187,2017-12-27,QUEZON,#REF!,2,500,1000,,0,2,40,80,920
raw_sales_report,Medshield (Keith San Miguel).xlsx,sales2017,3578,5,15187,2017-12-27,QUEZON,#REF!,10,175,1750,,0,10,55,550,1200
raw_sales_report,Medshield (Keith San Miguel).xlsx,sales2017,3579,5,15188,2017-12-27,QUEZON,#REF!,1,980,980,0.3,294,1,280,280,406
raw_sales_report,Medshield (Keith San Miguel).xlsx,sales2017,3580,5,15188,2017-12-27,QUEZON,#REF!,1,1150,1150,0.3,345,1,345,345,460
raw_sales_report,Medshield (Keith San Miguel).xlsx,sales2017,3581,5,15189,2017-12-29,QUEZON,#REF!,20,2790,55800,0.321,17911.8,20,1173.6,23472,14416.199999999997
raw_sales_report,Medshield (Keith San Miguel).xlsx,sales2017,3582,5,15190,2017-12-29,MARINDUQUE,#REF!,10,1600,16000,,0,10,480.9,4809,11191
raw_sales_report,Medshield (Keith San Miguel).xlsx,sales2017,3583,5,15201,2017-12-05,LAGUNA,#REF!,100,264,26400,,0,100,73,7300,19100
raw_sales_report,Medshield (Keith San Miguel).xlsx,sales2017,3584,5,15201,2017-12-05,LAGUNA,#REF!,10,1560,15600,,0,10,750,7500,8100
raw_sales_report,Medshield (Keith San Miguel).xlsx,sales2017,3585,5,15201,2017-12-05,LAGUNA,#REF!,10,420,4200,,0,10,85,850,3350
raw_sales_report,Medshield (Keith San Miguel).xlsx,sales2017,3586,5,15201,2017-12-05,LAGUNA,#REF!,5,5850,29250,,0,5,2980,14900,14350
raw_sales_report,Medshield (Keith San Miguel).xlsx,sales2017,3587,5,15201,2017-12-05,LAGUNA,#REF!,60,67.5,4050,,0,60,45,2700,1350
raw_sales_report,Medshield (Keith San Miguel).xlsx,sales2017,3588,5,15201,2017-12-05,LAGUNA,#REF!,20,65,1300,,0,20,9,180,1120
raw_sales_report,Medshield (Keith San Miguel).xlsx,sales2017,3589,5,15201,2017-12-05,LAGUNA,#REF!,2,250,500,,0,2,310,620,-120
raw_sales_report,Medshield (Keith San Miguel).xlsx,sales2017,3590,5,15202,2017-12-05,LAGUNA,#REF!,1,4000,4000,,0,1,650,650,3350
raw_sales_report,Medshield (Keith San Miguel).xlsx,sales2017,3591,5,15203,2017-12-05,LAGUNA,#REF!,2,990,1980,,0,2,384,768,1212
raw_sales_report,Medshield (Keith San Miguel).xlsx,sales2017,3592,5,15204,2017-12-05,LAGUNA,#REF!,2,2400,4800,,0,2,90,180,4620
raw_sales_report,Medshield (Keith San Miguel).xlsx,sales2017,3593,5,15205,2017-12-05,LAGUNA,#REF!,50,190,9500,,0,50,73,3650,5850
raw_sales_report,Medshield (Keith San Miguel).xlsx,sales2017,3594,5,15205,2017-12-05,LAGUNA,#REF!,4,2100,8400,,0,4,1450,5800,2600
raw_sales_report,Medshield (Keith San Miguel).xlsx,sales2017,3595,5,15206,2017-12-06,LAGUNA,#REF!,12,310,3720,,0,12,129.7,1556.3999999999999,2163.6000000000004
raw_sales_report,Medshield (Keith San Miguel).xlsx,sales2017,3596,5,15206,2017-12-06,LAGUNA,#REF!,5,870,4350,,0,5,209,1045,3305
raw_sales_report,Medshield (Keith San Miguel).xlsx,sales2017,3597,5,15207,2017-12-08,LAGUNA,#REF!,2,2400,4800,,0,2,560,1120,3680
raw_sales_report,Medshield (Keith San Miguel).xlsx,sales2017,3598,5,15207,2017-12-08,LAGUNA,#REF!,30,170,5100,,0,30,155,4650,450
raw_sales_report,Medshield (Keith San Miguel).xlsx,sales2017,3599,5,15207,2017-12-08,LAGUNA,#REF!,10,2600,26000,,0,10,250,2500,23500
raw_sales_report,Medshield (Keith San Miguel).xlsx,sales2017,3600,5,15207,2017-12-08,LAGUNA,#REF!,5,3800,19000,,0,5,450,2250,16750
raw_sales_report,Medshield (Keith San Miguel).xlsx,sales2017,3601,5,15207,2017-12-08,LAGUNA,#REF!,50,90,4500,,0,50,22,1100,3400
raw_sales_report,Medshield (Keith San Miguel).xlsx,sales2017,3602,5,15207,2017-12-08,LAGUNA,#REF!,3,600,1800,,0,3,300,900,900
raw_sales_report,Medshield (Keith San Miguel).xlsx,sales2017,3603,5,15208,2017-12-08,LAGUNA,#REF!,20,3800,76000,,0,20,450,9000,67000
raw_sales_report,Medshield (Keith San Miguel).xlsx,sales2017,3604,5,15208,2017-12-08,LAGUNA,#REF!,30,1560,46800,,0,30,750,22500,24300
raw_sales_report,Medshield (Keith San Miguel).xlsx,sales2017,3605,5,15208,2017-12-08,LAGUNA,#REF!,200,264,52800,,0,200,73,14600,38200
raw_sales_report,Medshield (Keith San Miguel).xlsx,sales2017,3606,5,15208,2017-12-08,LAGUNA,#REF!,4,2420,9680,,0,4,1450,5800,3880
raw_sales_report,Medshield (Keith San Miguel).xlsx,sales2017,3607,5,15208,2017-12-08,LAGUNA,#REF!,2,1800,3600,,0,2,550,1100,2500
raw_sales_report,Medshield (Keith San Miguel).xlsx,sales2017,3608,5,15208,2017-12-08,LAGUNA,#REF!,10,620,6200,,0,10,182,1820,4380
raw_sales_report,Medshield (Keith San Miguel).xlsx,sales2017,3609,5,15208,2017-12-08,LAGUNA,#REF!,20,420,8400,,0,20,85,1700,6700
raw_sales_report,Medshield (Keith San Miguel).xlsx,sales2017,3610,5,15208,2017-12-08,LAGUNA,#REF!,2,4950,9900,,0,2,1500,3000,6900
raw_sales_report,Medshield (Keith San Miguel).xlsx,sales2017,3611,5,15209,2017-12-11,LAGUNA,#REF!,50,190,9500,,0,50,73,3650,5850
raw_sales_report,Medshield (Keith San Miguel).xlsx,sales2017,3612,5,15209,2017-12-11,LAGUNA,#REF!,4,1225,4900,,0,4,415,1660,3240
raw_sales_report,Medshield (Keith San Miguel).xlsx,sales2017,3613,5,15209,2017-12-11,LAGUNA,#REF!,4,2100,8400,,0,4,1450,5800,2600
raw_sales_report,Medshield (Keith San Miguel).xlsx,sales2017,3614,5,15210,2017-12-11,LAGUNA,#REF!,10,640,6400,,0,10,110,1100,5300
raw_sales_report,Medshield (Keith San Miguel).xlsx,sales2017,3615,5,15212,2017-12-11,LAGUNA,#REF!,1,4000,4000,,0,1,650,650,3350
raw_sales_report,Medshield (Keith San Miguel).xlsx,sales2017,3616,5,15213,2017-12-11,LAGUNA,#REF!,1,900,900,,0,1,247.2,247.2,652.8
raw_sales_report,Medshield (Keith San Miguel).xlsx,sales2017,3617,5,15214,2017-12-12,LAGUNA,#REF!,50,90,4500,,0,50,26,1300,3200
raw_sales_report,Medshield (Keith San Miguel).xlsx,sales2017,3618,5,15214,2017-12-12,LAGUNA,#REF!,5,1560,7800,,0,5,750,3750,4050
raw_sales_report,Medshield (Keith San Miguel).xlsx,sales2017,3619,5,15214,2017-12-12,LAGUNA,#REF!,3,2600,7800,,0,3,250,750,7050
raw_sales_report,Medshield (Keith San Miguel).xlsx,sales2017,3620,5,15214,2017-12-12,LAGUNA,#REF!,6,480,2880,,0,6,270,1620,1260
raw_sales_report,Medshield (Keith San Miguel).xlsx,sales2017,3621,5,15214,2017-12-12,LAGUNA,#REF!,20,650,13000,,0,20,90,1800,11200
raw_sales_report,Medshield (Keith San Miguel).xlsx,sales2017,3622,5,15214,2017-12-12,LAGUNA,#REF!,20,420,8400,,0,20,85,1700,6700
raw_sales_report,Medshield (Keith San Miguel).xlsx,sales2017,3623,5,15214,2017-12-12,LAGUNA,#REF!,5,600,3000,,0,5,170,850,2150
raw_sales_report,Medshield (Keith San Miguel).xlsx,sales2017,3624,5,15214,2017-12-12,LAGUNA,#REF!,5,460,2300,,0,5,130,650,1650
raw_sales_report,Medshield (Keith San Miguel).xlsx,sales2017,3625,5,15214,2017-12-12,LAGUNA,#REF!,30,46,1380,,0,30,115,3450,-2070
raw_sales_report,Medshield (Keith San Miguel).xlsx,sales2017,3626,5,15214,2017-12-12,LAGUNA,#REF!,7,980,6860,,0,7,280,1960,4900
raw_sales_report,Medshield (Keith San Miguel).xlsx,sales2017,3627,5,15214,2017-12-12,LAGUNA,#REF!,100,48.4,4840,,0,100,73,7300,-2460
raw_sales_report,Medshield (Keith San Miguel).xlsx,sales2017,3628,5,15214,2017-12-12,LAGUNA,#REF!,5,390,1950,,0,5,275,1375,575
raw_sales_report,Medshield (Keith San Miguel).xlsx,sales2017,3629,5,15214,2017-12-12,LAGUNA,#REF!,40,67.5,2700,,0,40,45,1800,900
raw_sales_report,Medshield (Keith San Miguel).xlsx,sales2017,3630,5,15214,2017-12-12,LAGUNA,#REF!,50,580,29000,,0,50,293.37,14668.5,14331.5
raw_sales_report,Medshield (Keith San Miguel).xlsx,sales2017,3631,5,15215,2017-12-13,LAGUNA,#REF!,4,1800,7200,,0,4,540,2160,5040
raw_sales_report,Medshield (Keith San Miguel).xlsx,sales2017,3632,5,15216,2017-12-13,LAGUNA,#REF!,5,870,4350,,0,5,219,1095,3255
raw_sales_report,Medshield (Keith San Miguel).xlsx,sales2017,3633,5,15216,2017-12-13,LAGUNA,#REF!,10,320,3200,,0,10,129.7,1297,1903
raw_sales_report,Medshield (Keith San Miguel).xlsx,sales2017,3634,5,15217,2017-12-13,LAGUNA,#REF!,10,380,3800,,0,10,73,730,3070
raw_sales_report,Medshield (Keith San Miguel).xlsx,sales2017,3635,5,15217,2017-12-13,LAGUNA,#REF!,1,3000,3000,,0,1,3000,3000,0
raw_sales_report,Medshield (Keith San Miguel).xlsx,sales2017,3636,5,15218,2017-12-14,LAGUNA,#REF!,20,750,15000,,0,20,115,2300,12700
raw_sales_report,Medshield (Keith San Miguel).xlsx,sales2017,3637,5,15218,2017-12-14,LAGUNA,#REF!,100,480,48000,,0,100,45,4500,43500
raw_sales_report,Medshield (Keith San Miguel).xlsx,sales2017,3638,5,15218,2017-12-14,LAGUNA,#REF!,9,170,1530,,0,9,20,180,1350
raw_sales_report,Medshield (Keith San Miguel).xlsx,sales2017,3639,5,15218,2017-12-14,LAGUNA,#REF!,5,2500,12500,,0,5,25.45,127.25,12372.75
raw_sales_report,Medshield (Keith San Miguel).xlsx,sales2017,3640,5,15218,2017-12-14,LAGUNA,#REF!,100,90,9000,,0,100,22,2200,6800
raw_sales_report,Medshield (Keith San Miguel).xlsx,sales2017,3641,5,15218,2017-12-14,LAGUNA,#REF!,2,2790,5580,,0,2,1173.6,2347.2,3232.8
raw_sales_report,Medshield (Keith San Miguel).xlsx,sales2017,3642,5,15218,2017-12-14,LAGUNA,#REF!,2,3900,7800,,0,2,750,1500,6300
raw_sales_report,Medshield (Keith San Miguel).xlsx,sales2017,3643,5,15218,2017-12-14,LAGUNA,#REF!,2,2420,4840,,0,2,1450,2900,1940
raw_sales_report,Medshield (Keith San Miguel).xlsx,sales2017,3644,5,15218,2017-12-14,LAGUNA,#REF!,3,1800,5400,,0,3,50,150,5250
raw_sales_report,Medshield (Keith San Miguel).xlsx,sales2017,3645,5,15218,2017-12-14,LAGUNA,#REF!,1,1750,1750,,0,1,415,415,1335
raw_sales_report,Medshield (Keith San Miguel).xlsx,sales2017,3646,5,15218,2017-12-14,LAGUNA,#REF!,10,650,6500,,0,10,90,900,5600
raw_sales_report,Medshield (Keith San Miguel).xlsx,sales2017,3647,5,15218,2017-12-14,LAGUNA,#REF!,50,264,13200,,0,50,73,3650,9550
raw_sales_report,Medshield (Keith San Miguel).xlsx,sales2017,3648,5,15218,2017-12-14,LAGUNA,#REF!,5,99,495,,0,5,260,1300,-805
raw_sales_report,Medshield (Keith San Miguel).xlsx,sales2017,3649,5,15218,2017-12-14,LAGUNA,#REF!,1,1300,1300,,0,1,140,140,1160
raw_sales_report,Medshield (Keith San Miguel).xlsx,sales2017,3650,5,15253,,GOVERNMENT,#REF!,,,0,,0,0,,0,0
raw_sales_report,Medshield (Keith San Miguel).xlsx,sales2017,3651,5,15254,2017-12-13,BATANGAS,#REF!,96,980,94080,,0,96,280,26880,67200
raw_sales_report,Medshield (Keith San Miguel).xlsx,sales2017,3652,5,15395,2017-11-27,QUEZON,#REF!,10,118,1180,,0,10,24.47,244.7,935.3
raw_sales_report,Medshield (Keith San Miguel).xlsx,sales2017,3653,5,15395,2017-11-27,QUEZON,#REF!,3,118,354,,0,3,39,117,237
raw_sales_report,Medshield (Keith San Miguel).xlsx,sales2017,3654,5,15396,2017-11-28,QUEZON,#REF!,11,681.686868,7498.555548,,0,11,202.5,2227.5,5271.055548
raw_sales_report,Medshield (Keith San Miguel).xlsx,sales2017,3655,5,15396,2017-11-28,QUEZON,#REF!,11,945.454545,10399.999995,,0,11,388,4268,6131.999995
raw_sales_report,Medshield (Keith San Miguel).xlsx,sales2017,3656,5,15396,2017-11-28,QUEZON,#REF!,5,949.92,4749.599999999999,,0,5,287.5,1437.5,3312.0999999999995
raw_sales_report,Medshield (Keith San Miguel).xlsx,sales2017,3657,5,15397,2017-11-28,QUEZON,#REF!,11,863.636,9499.996,,0,11,310,3410,6089.995999999999
raw_sales_report,Medshield (Keith San Miguel).xlsx,sales2017,3658,5,15398,2017-11-29,QUEZON,#REF!,15,240,3600,,0,15,75,1125,2475
raw_sales_report,Medshield (Keith San Miguel).xlsx,sales2017,3659,5,15398,2017-11-29,QUEZON,#REF!,15,175,2625,,0,15,55,825,1800
raw_sales_report,Medshield (Keith San Miguel).xlsx,sales2017,3660,5,15399,2017-11-29,QUEZON,#REF!,12,75,900,,0,12,26.25,315,585
raw_sales_report,Medshield (Keith San Miguel).xlsx,sales2017,3661,5,15400,2017-11-30,QUEZON,#REF!,15,58,870,,0,15,16.8,252,618
raw_sales_report,Medshield (Keith San Miguel).xlsx,sales2017,3662,5,15444,2017-11-29,CAM SUR,#REF!,20,88,1760,,0,20,24.47,489.4,1270.6
raw_sales_report,Medshield (Keith San Miguel).xlsx,sales2017,3663,5,15445,2017-11-29,CAM SUR,#REF!,2,2700,5400,,0,2,1173.6,2347.2,3052.8
raw_sales_report,Medshield (Keith San Miguel).xlsx,sales2017,3664,5,15446,2017-11-29,CAM SUR,#REF!,1,1600,1600,,0,1,458,458,1142
raw_sales_report,Medshield (Keith San Miguel).xlsx,sales2017,3665,5,15447,2017-11-29,CAM SUR,#REF!,2,750,1500,,0,2,227.5,455,1045
raw_sales_report,Medshield (Keith San Miguel).xlsx,sales2017,3666,5,15448,2017-11-29,CAM SUR,#REF!,2,750,1500,,0,2,315,630,870
raw_sales_report,Medshield (Keith San Miguel).xlsx,sales2017,3667,5,15449,2017-11-29,CAM SUR,#REF!,6,65,390,,0,6,20.5,123,267
raw_sales_report,Medshield (Keith San Miguel).xlsx,sales2017,3668,5,15450,2007-11-29,CAM SUR,#REF!,10,310,3100,,0,10,129.7,1297,1803
raw_sales_report,Medshield (Keith San Miguel).xlsx,sales2017,3669,5,15450,2007-11-29,CAM SUR,#REF!,6,90,540,,0,6,26,156,384
raw_sales_report,Medshield (Keith San Miguel).xlsx,sales2017,3670,5,15450,2007-11-29,CAM SUR,#REF!,1,3000,3000,,0,1,1450,1450,1550
raw_sales_report,Medshield (Keith San Miguel).xlsx,sales2017,3671,5,15450,2007-11-29,CAM SUR,#REF!,1,1750,1750,,0,1,450,450,1300
raw_sales_report,Medshield (Keith San Miguel).xlsx,sales2017,3672,5,15450,2007-11-29,CAM SUR,#REF!,1,1600,1600,,0,1,480.9,480.9,1119.1
raw_sales_report,Medshield (Keith San Miguel).xlsx,sales2017,3673,5,15451,2017-11-29,CAM SUR,#REF!,2,2700,5400,,0,2,1173.6,2347.2,3052.8
raw_sales_report,Medshield (Keith San Miguel).xlsx,sales2017,3674,5,15451,2017-11-29,CAM SUR,#REF!,1,960,960,,0,1,384,384,576
raw_sales_report,Medshield (Keith San Miguel).xlsx,sales2017,3675,5,15452,2017-12-01,CAM SUR,#REF!,2,1050,2100,,0,2,270,540,1560
raw_sales_report,Medshield (Keith San Miguel).xlsx,sales2017,3676,5,15452,2017-12-01,CAM SUR,#REF!,1,1600,1600,,0,1,458,458,1142
raw_sales_report,Medshield (Keith San Miguel).xlsx,sales2017,3677,5,15452,2017-12-01,CAM SUR,#REF!,10,310,3100,,0,10,129.7,1297,1803
raw_sales_report,Medshield (Keith San Miguel).xlsx,sales2017,3678,5,15452,2017-12-01,CAM SUR,#REF!,16,88,1408,,0,16,225,3600,-2192
raw_sales_report,Medshield (Keith San Miguel).xlsx,sales2017,3679,5,15453,2017-12-01,CAM SUR,#REF!,1,2700,2700,,0,1,1173.6,1173.6,1526.4
raw_sales_report,Medshield (Keith San Miguel).xlsx,sales2017,3680,5,15453,2017-12-01,CAM SUR,#REF!,1,800,800,,0,1,225,225,575
raw_sales_report,Medshield (Keith San Miguel).xlsx,sales2017,3681,5,15454,2017-12-04,CAM SUR,#REF!,24,95,2280,,0,24,75.6,1814.3999999999999,465.60000000000014
raw_sales_report,Medshield (Keith San Miguel).xlsx,sales2017,3682,5,15454,2017-12-04,CAM SUR,#REF!,4,650,2600,,0,4,345,1380,1220
raw_sales_report,Medshield (Keith San Miguel).xlsx,sales2017,3683,5,15454,2017-12-04,CAM SUR,#REF!,4,190,760,,0,4,129.7,518.8,241.20000000000005
raw_sales_report,Medshield (Keith San Miguel).xlsx,sales2017,3684,5,15455,2017-12-04,CAM SUR,#REF!,1,1200,1200,,0,1,345,345,855
raw_sales_report,Medshield (Keith San Miguel).xlsx,sales2017,3685,5,15456,2017-12-04,CAM SUR,#REF!,2,800,1600,,0,2,225,450,1150
raw_sales_report,Medshield (Keith San Miguel).xlsx,sales2017,3686,5,15457,2017-12-05,CAM SUR,#REF!,1,2520,2520,,0,1,1173.6,1173.6,1346.4
raw_sales_report,Medshield (Keith San Miguel).xlsx,sales2017,3687,5,15458,2017-12-05,CAM SUR,#REF!,6,75.6,453.59999999999997,,0,6,75.6,453.59999999999997,0
raw_sales_report,Medshield (Keith San Miguel).xlsx,sales2017,3688,5,15459,2017-12-05,CAM SUR,#REF!,6,290,1740,,0,6,129.7,778.1999999999999,961.8000000000001
raw_sales_report,Medshield (Keith San Miguel).xlsx,sales2017,3689,5,15460,2017-12-05,CAM SUR,#REF!,1,750,750,,0,1,225,225,525
raw_sales_report,Medshield (Keith San Miguel).xlsx,sales2017,3690,5,15461,2017-12-13,CAM SUR,#REF!,10,1200,12000,,0,10,345,3450,8550
raw_sales_report,Medshield (Keith San Miguel).xlsx,sales2017,3691,5,15462,2017-12-13,CAM SUR,#REF!,20,240,4800,,0,20,75,1500,3300
raw_sales_report,Medshield (Keith San Miguel).xlsx,sales2017,3692,5,15463,2017-12-13,CAM SUR,#REF!,12,175,2100,,0,12,55,660,1440
raw_sales_report,Medshield (Keith San Miguel).xlsx,sales2017,3693,5,15464,2017-12-13,CAM SUR,#REF!,1,1050,1050,,0,1,270,270,780
raw_sales_report,Medshield (Keith San Miguel).xlsx,sales2017,3694,5,15465,2017-12-08,CAM SUR,#REF!,2,1000,2000,0.2,400,2,113,226,1374
raw_sales_report,Medshield (Keith San Miguel).xlsx,sales2017,3695,5,15466,2017-12-08,CAM SUR,#REF!,12,88,1056,,0,12,24.47,293.64,762.36
raw_sales_report,Medshield (Keith San Miguel).xlsx,sales2017,3696,5,15467,2017-12-08,CAM SUR,#REF!,2,3000,6000,,0,2,1450,2900,3100
raw_sales_report,Medshield (Keith San Miguel).xlsx,sales2017,3697,5,15468,2017-12-08,CAM SUR,#REF!,24,88,2112,,0,24,24.43,586.3199999999999,1525.68
raw_sales_report,Medshield (Keith San Miguel).xlsx,sales2017,3698,5,15469,2017-12-08,CAM SUR,#REF!,12,88,1056,,0,12,24.47,293.64,762.36
raw_sales_report,Medshield (Keith San Miguel).xlsx,sales2017,3699,5,15469,2017-12-08,CAM SUR,#REF!,10,90,900,,0,10,26,260,640
raw_sales_report,Medshield (Keith San Miguel).xlsx,sales2017,3700,5,15469,2017-12-08,CAM SUR,#REF!,1,3800,3800,,0,1,750,750,3050
raw_sales_report,Medshield (Keith San Miguel).xlsx,sales2017,3701,5,15470,2017-12-11,CAM SUR,#REF!,3,1750,5250,,0,3,450,1350,3900
raw_sales_report,Medshield (Keith San Miguel).xlsx,sales2017,3702,5,15471,2017-12-11,CAM SUR,#REF!,12,88,1056,,0,12,24.47,293.64,762.36
raw_sales_report,Medshield (Keith San Miguel).xlsx,sales2017,3703,5,15472,2017-12-12,CAM SUR,#REF!,20,500,10000,,0,20,155,3100,6900
raw_sales_report,Medshield (Keith San Miguel).xlsx,sales2017,3704,5,15473,2017-12-14,CAM SUR,#REF!,15,58.66666,879.9999,,0,15,24.47,367.04999999999995,512.9499000000001
raw_sales_report,Medshield (Keith San Miguel).xlsx,sales2017,3705,5,15473,2017-12-14,CAM SUR,#REF!,3,533.3333333,1599.9999999000001,,0,3,225,675,924.9999999000001
raw_sales_report,Medshield (Keith San Miguel).xlsx,sales2017,3706,5,15473,2017-12-14,CAM SUR,#REF!,3,1066.6666666,3199.9999998000003,,0,3,480.9,1442.6999999999998,1757.2999998000005
raw_sales_report,Medshield (Keith San Miguel).xlsx,sales2017,3707,5,15474,2017-12-14,CAM SUR,#REF!,6,116.6666,699.9996,,0,6,47,282,417.9996
raw_sales_report,Medshield (Keith San Miguel).xlsx,sales2017,3708,5,15475,2017-12-14,CAM SUR,#REF!,6,310,1860,,0,6,129.7,778.1999999999999,1081.8000000000002
raw_sales_report,Medshield (Keith San Miguel).xlsx,sales2017,3709,5,15475,2017-12-14,CAM SUR,#REF!,1,2700,2700,,0,1,1173.6,1173.6,1526.4
raw_sales_report,Medshield (Keith San Miguel).xlsx,sales2017,3710,5,15475,2017-12-14,CAM SUR,#REF!,6,190,1140,,0,6,75.6,453.59999999999997,686.4000000000001
raw_sales_report,Medshield (Keith San Miguel).xlsx,sales2017,3711,5,15476,2017-12-14,CAM SUR,#REF!,10,190,1900,,0,10,384,3840,-1940
raw_sales_report,Medshield (Keith San Miguel).xlsx,sales2017,3712,5,15477,2017-12-14,CAM SUR,#REF!,1,2700,2700,,0,1,1173,1173,1527
raw_sales_report,Medshield (Keith San Miguel).xlsx,sales2017,3713,5,15478,2017-12-14,CAM SUR,#REF!,2,875,1750,,0,2,450,900,850
raw_sales_report,Medshield (Keith San Miguel).xlsx,sales2017,3714,5,15304A,2017-12-15,BATANGAS,#REF!,10,365,3650,,0,10,148,1480,2170
raw_sales_report,Medshield (Keith San Miguel).xlsx,sales2017,3715,5,15305A,2017-12-15,BATANGAS,#REF!,16,80,1280,,0,16,24.47,391.52,888.48
raw_sales_report,Medshield (Keith San Miguel).xlsx,sales2017,3716,5,15306A,2017-12-15,BATANGAS,#REF!,8,60,480,,0,8,23,184,296
raw_sales_report,Medshield (Keith San Miguel).xlsx,sales2017,3717,5,15301A,2017-12-14,BATANGAS,#REF!,1,1020,1020,,0,1,270,270,750
raw_sales_report,Medshield (Keith San Miguel).xlsx,sales2017,3718,5,15308A,2017-12-18,BATANGAS,#REF!,2,1140,2280,,0,2,240,480,1800
raw_sales_report,Medshield (Keith San Miguel).xlsx,sales2017,3719,5,15309A,2017-12-18,BATANGAS,#REF!,2,1140,2280,,0,2,240,480,1800
raw_sales_report,Medshield (Keith San Miguel).xlsx,sales2017,3720,5,15310A,2017-12-18,BATANGAS,#REF!,2,1350,2700,,0,2,200,400,2300
raw_sales_report,Medshield (Keith San Miguel).xlsx,sales2017,3721,5,15311A,2017-12-18,BATANGAS,#REF!,2,1350,2700,,0,2,200,400,2300
raw_sales_report,Medshield (Keith San Miguel).xlsx,sales2017,3722,5,15312A,2017-12-18,BATANGAS,#REF!,2,960,1920,,0,2,345,690,1230
raw_sales_report,Medshield (Keith San Miguel).xlsx,sales2017,3723,5,15313A,2017-12-18,BATANGAS,#REF!,2,960,1920,,0,2,345,690,1230
raw_sales_report,Medshield (Keith San Miguel).xlsx,sales2017,3724,5,15314A,2017-12-18,BATANGAS,#REF!,3,3360,10080,,0,3,1173.6,3520.7999999999997,6559.200000000001
raw_sales_report,Medshield (Keith San Miguel).xlsx,sales2017,3725,5,15315A,2017-12-18,BATANGAS,#REF!,3,3360,10080,,0,3,1173.6,3520.7999999999997,6559.200000000001
raw_sales_report,Medshield (Keith San Miguel).xlsx,sales2017,3726,5,15316A,2017-12-18,BATANGAS,#REF!,3,855,2565,,0,3,270,810,1755
raw_sales_report,Medshield (Keith San Miguel).xlsx,sales2017,3727,5,15317A,2017-12-18,BATANGAS,#REF!,2,600,1200,,0,2,95,190,1010
raw_sales_report,Medshield (Keith San Miguel).xlsx,sales2017,3728,5,15318A,2017-12-18,BATANGAS,#REF!,2,600,1200,,0,2,95,190,1010
raw_sales_report,Medshield (Keith San Miguel).xlsx,sales2017,3729,5,15319A,2017-12-18,BATANGAS,#REF!,1,3000,3000,,0,1,1450,1450,1550
raw_sales_report,Medshield (Keith San Miguel).xlsx,sales2017,3730,5,15320A,2017-12-18,BATANGAS,#REF!,1,3000,3000,,0,1,1450,1450,1550
raw_sales_report,Medshield (Keith San Miguel).xlsx,sales2017,3731,5,15307A,2017-12-18,BATANGAS,#REF!,10,60,600,,0,10,23,230,370
raw_sales_report,Medshield (Keith San Miguel).xlsx,sales2017,3732,5,15321A,2017-12-18,BATANGAS,#REF!,4,946,3784,,0,4,310,1240,2544
raw_sales_report,Medshield (Keith San Miguel).xlsx,sales2017,3733,5,15321A,2017-12-18,BATANGAS,#REF!,4,750,3000,,0,4,218,872,2128
raw_sales_report,Medshield (Keith San Miguel).xlsx,sales2017,3734,5,15321A,2017-12-18,BATANGAS,#REF!,9,187,1683,,0,9,75,675,1008
raw_sales_report,Medshield (Keith San Miguel).xlsx,sales2017,3735,5,15321A,2017-12-18,BATANGAS,#REF!,8,80,640,,0,8,30.8,246.4,393.6
raw_sales_report,Medshield (Keith San Miguel).xlsx,sales2017,3736,5,15302A,2017-12-14,BATANGAS,#REF!,5,1800,9000,,0,5,480,2400,6600
raw_sales_report,Medshield (Keith San Miguel).xlsx,sales2017,3737,5,15303A,2017-12-14,BATANGAS,#REF!,10,300,3000,,0,10,110,1100,1900
raw_sales_report,Medshield (Keith San Miguel).xlsx,sales2017,3738,5,15303A,2017-12-14,BATANGAS,#REF!,3,198,594,,0,3,660,1980,-1386
raw_sales_report,Medshield (Keith San Miguel).xlsx,sales2017,3739,5,15303A,2017-12-14,BATANGAS,#REF!,5,1925,9625,,0,5,415,2075,7550
raw_sales_report,Medshield (Keith San Miguel).xlsx,sales2017,3740,5,15303A,2017-12-14,BATANGAS,#REF!,20,77,1540,,0,20,24.5,490,1050
raw_sales_report,Medshield (Keith San Miguel).xlsx,sales2017,3741,5,15213A,2017-12-11,LAGUNA,#REF!,4,500,2000,,0,4,250,1000,1000
raw_sales_report,Medshield (Keith San Miguel).xlsx,sales2017,3742,5,15213A,2017-12-11,LAGUNA,#REF!,1,520,520,,0,1,260,260,260
raw_sales_report,Medshield (Keith San Miguel).xlsx,sales2017,3743,5,15368A,,GOVERNMENT,#REF!,,,0,,0,0,,0,0
raw_sales_report,Medshield (Keith San Miguel).xlsx,sales2017,3744,5,15267A,,GOVERNMENT,#REF!,,,0,,0,0,,0,0
raw_sales_report,Medshield (Keith San Miguel).xlsx,sales2017,3745,5,15265A,,GOVERNMENT,#REF!,,,0,,0,0,,0,0
raw_sales_report,Medshield (Keith San Miguel).xlsx,sales2017,3746,5,15266A,,GOVERNMENT,#REF!,,,0,,0,0,,0,0
raw_sales_report,Medshield (Keith San Miguel).xlsx,sales2017,3747,5,15262A,,GOVERNMENT,#REF!,,,0,,0,0,,0,0
raw_sales_report,Medshield (Keith San Miguel).xlsx,sales2017,3748,5,9070,2016-10-03,ADMIN,CLAXIC 250mg/62.5mg/5ml,2,310,620,0.5,310,2,129.7,259.4,50.60000000000002
raw_sales_report,Medshield (Keith San Miguel).xlsx,sales2017,3749,5,9070,2016-10-03,ADMIN,BERCEF 50mg Drops,2,175,350,0.5,175,2,42,84,91
raw_sales_report,Medshield (Keith San Miguel).xlsx,sales2017,3750,5,9070,2016-10-03,ADMIN,HISTARIL 50mg/1mg/5ml,5,80,400,0.5,200,5,24.47,122.35,77.65
raw_sales_report,Medshield (Keith San Miguel).xlsx,sales2017,3751,5,9070,2016-10-03,ADMIN,GIAN ZINC 120ml,2,175,350,0.5,175,2,75,150,25
raw_sales_report,Medshield (Keith San Miguel).xlsx,sales2017,3752,5,9072,2016-10-12,ADMIN,RESPINAL 125mg/5ml,2,110,220,0.5,110,2,35,70,40
raw_sales_report,Medshield (Keith San Miguel).xlsx,sales2017,3753,5,9073,2016-10-12,ADMIN,MULTI GROW 120ml,2,198,396,0.5,198,2,68,136,62
raw_sales_report,Medshield (Keith San Miguel).xlsx,sales2017,3754,5,9074,2016-10-10,ADMIN,ATOVAS 20MG,2,650,1300,0.5,650,2,202.5,405,245
raw_sales_report,Medshield (Keith San Miguel).xlsx,sales2017,3755,5,9078,2016-10-17,Admin,ATOVAS 80MG,1,900,900,0.5,450,1,,0,450
raw_sales_report,Medshield (Keith San Miguel).xlsx,sales2017,3756,5,9078,2016-10-17,Admin,ZAFEX 500MG,10,60,600,0.5,300,10,,0,300
raw_sales_report,Medshield (Keith San Miguel).xlsx,sales2017,3757,5,9082,2016-10-18,ADMIN,MULTI GROW 120ml,6,198,1188,0.5,594,6,68,408,186
raw_sales_report,Medshield (Keith San Miguel).xlsx,sales2017,3758,5,9082,2016-10-18,ADMIN,VOXOLL 15mg/5ml,4,74,296,0.5,148,4,23,92,56
raw_sales_report,Medshield (Keith San Miguel).xlsx,sales2017,3759,5,9083,2016-10-18,ADMIN,,,,0,0.5,0,0,,0,0
raw_sales_report,Medshield (Keith San Miguel).xlsx,sales2017,3760,5,9089,2016-10-21,ADMIN,INTRAPLEM 50mg/ml Drops,1,74,74,0.5,37,1,22.75,22.75,14.25
raw_sales_report,Medshield (Keith San Miguel).xlsx,sales2017,3761,5,9092,2016-10-21,ADMIN,CAPSUGEN FORTE,1,1100,1100,0.5,550,2,310,620,-70
raw_sales_report,Medshield (Keith San Miguel).xlsx,sales2017,3762,5,9096,2016-10-29,admin,JAGAPLEX,1,855,855,,0,2,270,540,315
raw_sales_report,Medshield (Keith San Miguel).xlsx,sales2017,3763,5,9100,2016-11-03,Admin,MULTI GROW 120ml,2,198,396,0.5,198,2,68,136,62
raw_sales_report,Medshield (Keith San Miguel).xlsx,sales2017,3764,5,9100,2016-11-03,Admin,GIAN ZINC 120ML,2,175,350,0.5,175,2,75,150,25
raw_sales_report,Medshield (Keith San Miguel).xlsx,sales2017,3765,5,9595,2017-01-09,Supplies,#REF!,,,0,,0,0,,0,0
raw_sales_report,Medshield (Keith San Miguel).xlsx,sales2017,3766,5,9596,2016-01-09,SUPPLLIES,#REF!,,,0,,0,0,,0,0
raw_sales_report,Medshield (Keith San Miguel).xlsx,sales2017,3767,5,9597,2017-01-09,Supplies,#REF!,,,0,,0,0,,0,0
raw_sales_report,Medshield (Keith San Miguel).xlsx,sales2017,3768,5,9598,2017-01-09,Supplies,#REF!,,,0,,0,0,,0,0
raw_sales_report,Medshield (Keith San Miguel).xlsx,sales2017,3769,5,9599,2017-01-06,Supplies,#REF!,,,0,,0,0,,0,0
raw_sales_report,Medshield (Keith San Miguel).xlsx,sales2017,3770,5,9600,2017-01-13,Supplies,#REF!,,,0,,0,0,,0,0
raw_sales_report,Medshield (Keith San Miguel).xlsx,sales2017,3771,5,10214,2016-08-30,Supplies,#REF!,,,0,,0,0,,0,0
raw_sales_report,Medshield (Keith San Miguel).xlsx,sales2017,3772,5,10228,2016-11-21,SUPPLIES,#REF!,,,0,,0,0,,0,0
raw_sales_report,Medshield (Keith San Miguel).xlsx,sales2017,3773,5,10229,2016-12-05,EQUIPMENT,#REF!,,,0,,0,0,,0,0
raw_sales_report,Medshield (Keith San Miguel).xlsx,sales2017,3774,5,10230,2016-12-13,SUPPLIES,#REF!,,,0,,0,0,,0,0
raw_sales_report,Medshield (Keith San Miguel).xlsx,sales2017,3775,5,10232,2017-01-09,EQUIPMENT,#REF!,,,0,,0,0,,0,0
raw_sales_report,Medshield (Keith San Miguel).xlsx,sales2017,3776,5,10233,2017-01-16,,#REF!,288,60,17280,,0,288,20.5,5904,11376
raw_sales_report,Medshield (Keith San Miguel).xlsx,sales2017,3777,5,10391,2016-11-12,ADMIN,HISTARIL 50mg/1mg/5ml,2,80,160,0.5,80,2,24.47,48.94,31.060000000000002
raw_sales_report,Medshield (Keith San Miguel).xlsx,sales2017,3778,5,10396,2016-11-19,ADMIN,Capsugen forte,1,1100,1100,0.5,550,1,310,310,240
raw_sales_report,Medshield (Keith San Miguel).xlsx,sales2017,3779,5,10396,2016-11-19,ADMIN,FERGLOBIN 250MG,1,725,725,0.5,362.5,1,215,215,147.5
raw_sales_report,Medshield (Keith San Miguel).xlsx,sales2017,3780,5,10396,2016-11-19,ADMIN,HAVC 500MG,1,135,135,0.5,67.5,1,35,35,32.5
raw_sales_report,Medshield (Keith San Miguel).xlsx,sales2017,3781,5,10397,2016-11-19,ADMIN,HAVC 500MG,2,135,270,0.5,135,2,35,70,65
raw_sales_report,Medshield (Keith San Miguel).xlsx,sales2017,3782,5,10750,2017-01-03,CAM SUR,MONILIASOL 125mg/5mL,20,75,1500,,0,20,26.25,525,975
raw_sales_report,Medshield (Keith San Miguel).xlsx,sales2017,3783,5,10807,2017-01-26,Hospital,RENOKET,1,2900,2900,,0,1,1450,1450,1450
raw_sales_report,Medshield (Keith San Miguel).xlsx,sales2017,3784,5,10825,2017-01-11,HOSPITAL,EVAPROST 125,3,4800,14400,,0,3,1872,5616,8784
raw_sales_report,Medshield (Keith San Miguel).xlsx,sales2017,3785,5,10826,2017-01-11,HOSPITAL,EVAPROST 125,2,4800,9600,,0,2,1872,3744,5856
raw_sales_report,Medshield (Keith San Miguel).xlsx,sales2017,3786,5,10827,2016-01-11,HOSPITAL,CETOCIN,3,500,1500,,0,3,120,360,1140
raw_sales_report,Medshield (Keith San Miguel).xlsx,sales2017,3787,5,10828,2016-01-11,HOSPITAL,SODAMPEN 1g IM/IV,300,128,38400,,0,300,4.5,1350,37050
raw_sales_report,Medshield (Keith San Miguel).xlsx,sales2017,3788,5,10828,2016-01-11,HOSPITAL,ERGOTEC 125mg,2000,20,40000,,0,2000,5,10000,30000
raw_sales_report,Medshield (Keith San Miguel).xlsx,sales2017,3789,5,10828,2016-01-11,HOSPITAL,MAXIFER,500,490,245000,,0,500,163,81500,163500
raw_sales_report,Medshield (Keith San Miguel).xlsx,sales2017,3790,5,10828,2016-01-11,HOSPITAL,EVAPROST 250,100,960,96000,,0,100,357.5,35750,60250
raw_sales_report,Medshield (Keith San Miguel).xlsx,sales2017,3791,5,10828,2016-01-11,HOSPITAL,EVAPROST 125,300,480,144000,,0,300,187.2,56160,87840
raw_sales_report,Medshield (Keith San Miguel).xlsx,sales2017,3792,5,10829,2017-01-16,HOSPITAL,ANTIZOAL,400,120,48000,,0,400,25,10000,38000
raw_sales_report,Medshield (Keith San Miguel).xlsx,sales2017,3793,5,10830,2017-01-18,HOSPITAL,CEFZIME 750mg IM/IV,4,3000,12000,,0,4,750,3000,9000
raw_sales_report,Medshield (Keith San Miguel).xlsx,sales2017,3794,5,10831,2017-01-26,Hospital,AMSUTAS,200,280,56000,,0,200,45,9000,47000
raw_sales_report,Medshield (Keith San Miguel).xlsx,sales2017,3795,5,10858,2016-11-28,ADMIN,SNEEZ 12.5mg,1,135,135,0.5,67.5,1,42,42,25.5
raw_sales_report,Medshield (Keith San Miguel).xlsx,sales2017,3796,5,10858,2016-11-28,ADMIN,VOXOLL 15mg/5ml,1,74,74,0.5,37,1,23,23,14
raw_sales_report,Medshield (Keith San Miguel).xlsx,sales2017,3797,5,10861,2016-12-05,ADMIN,APROCARE 150MG,2,650,1300,0.5,650,2,219,438,212
raw_sales_report,Medshield (Keith San Miguel).xlsx,sales2017,3798,5,10870,2016-12-17,ADMIN,MAXXI-VIT PLUS,5,1200,6000,,0,7,420,2940,3060
raw_sales_report,Medshield (Keith San Miguel).xlsx,sales2017,3799,5,10870,2016-12-17,ADMIN,XYNETIN 1500MG,5,950,4750,,0,7,310,2170,2580
raw_sales_report,Medshield (Keith San Miguel).xlsx,sales2017,3800,5,10872,2016-12-17,HOSPITAL,ANTIZOAL,100,120,12000,,0,100,25,2500,9500
raw_sales_report,Medshield (Keith San Miguel).xlsx,sales2017,3801,5,10874,2016-12-21,ADMIN,CORSTAPH 500mg,5,1500,7500,,0,7,435,3045,4455
raw_sales_report,Medshield (Keith San Miguel).xlsx,sales2017,3802,5,10874,2016-12-21,ADMIN,FERGLOBIN 250MG,5,725,3625,,0,7,215,1505,2120
raw_sales_report,Medshield (Keith San Miguel).xlsx,sales2017,3803,5,10874,2016-12-21,ADMIN,SURITRAM,5,1750,8750,,0,7,500,3500,5250
raw_sales_report,Medshield (Keith San Miguel).xlsx,sales2017,3804,5,10875,2017-12-21,ADMIN,DOPACARE 250MG,2,1950,3900,,0,2,590,1180,2720
raw_sales_report,Medshield (Keith San Miguel).xlsx,sales2017,3805,5,10879,2017-01-03,ADMIN,MAXXI-VIT PLUS,5,1200,6000,,0,7,420,2940,3060
raw_sales_report,Medshield (Keith San Miguel).xlsx,sales2017,3806,5,10879,2017-01-03,ADMIN,FOCID 5MG,5,650,3250,,0,7,187.5,1312.5,1937.5
raw_sales_report,Medshield (Keith San Miguel).xlsx,sales2017,3807,5,10879,2017-01-03,ADMIN,XYNETIN 1500MG,5,950,4750,,0,7,310,2170,2580
raw_sales_report,Medshield (Keith San Miguel).xlsx,sales2017,3808,5,10879,2017-01-03,ADMIN,OB-DILAN 10MG,5,1100,5500,,0,7,318.4,2228.7999999999997,3271.2000000000003
raw_sales_report,Medshield (Keith San Miguel).xlsx,sales2017,3809,5,10879,2017-01-03,ADMIN,HAVC 500MG,5,125,625,,0,7,35,245,380
raw_sales_report,Medshield (Keith San Miguel).xlsx,sales2017,3810,5,10880,2017-01-03,admin,EUROXIME 500MG,2,3000,6000,,0,2,1450,2900,3100
raw_sales_report,Medshield (Keith San Miguel).xlsx,sales2017,3811,5,10880,2017-01-03,admin,LACTAMOX 625mg,2,2800,5600,,0,2,1173.6,2347.2,3252.8
raw_sales_report,Medshield (Keith San Miguel).xlsx,sales2017,3812,5,10883,2017-01-05,CAM SUR,NERVAPLEX 500mg/50mg/100mg/100mcg,2,1550,3100,,0,2,480.9,961.8,2138.2
raw_sales_report,Medshield (Keith San Miguel).xlsx,sales2017,3813,5,10886,2017-01-18,HOSPITAL,MAXIFER,6,2450,14700,,0,6,815,4890,9810
raw_sales_report,Medshield (Keith San Miguel).xlsx,sales2017,3814,5,10888,2017-01-14,ADMIN,MAXXI-VIT PLUS,5,1200,6000,,0,7,420,2940,3060
raw_sales_report,Medshield (Keith San Miguel).xlsx,sales2017,3815,5,10888,2017-01-14,ADMIN,XYNETIN 1500MG,5,950,4750,,0,7,310,2170,2580
raw_sales_report,Medshield (Keith San Miguel).xlsx,sales2017,3816,5,10888,2017-01-14,ADMIN,OB-DILAN 10MG,5,1100,5500,,0,7,318.4,2228.7999999999997,3271.2000000000003
raw_sales_report,Medshield (Keith San Miguel).xlsx,sales2017,3817,5,10888,2017-01-14,ADMIN,MULTI GROW OB PLUS ,5,1100,5500,,0,7,450,3150,2350
raw_sales_report,Medshield (Keith San Miguel).xlsx,sales2017,3818,5,10888,2017-01-14,ADMIN,LEXI B FORTE 300mg/100mg/100ug,5,1000,5000,,0,7,323,2261,2739
raw_sales_report,Medshield (Keith San Miguel).xlsx,sales2017,3819,5,10889,2017-01-24,ADMIN,DOPACARE 250MG,2,1950,3900,,0,2,590,1180,2720
raw_sales_report,Medshield (Keith San Miguel).xlsx,sales2017,3820,5,10889,2017-01-24,ADMIN,HEMOTRAN 500MG,2,2100,4200,,0,2,685,1370,2830
raw_sales_report,Medshield (Keith San Miguel).xlsx,sales2017,3821,5,10889,2017-01-24,ADMIN,ANEROCIN 300MG,2,3800,7600,,0,2,890,1780,5820
raw_sales_report,Medshield (Keith San Miguel).xlsx,sales2017,3822,5,10890,2017-01-24,HOSPITAL,ERGOTEC 125mg,3,2000,6000,,0,3,500,1500,4500
raw_sales_report,Medshield (Keith San Miguel).xlsx,sales2017,3823,5,10890,2017-01-24,HOSPITAL,NERVAPLEX 500mg/50mg/100mg/100mcg,2,1550,3100,,0,2,480.9,961.8,2138.2
raw_sales_report,Medshield (Keith San Miguel).xlsx,sales2017,3824,5,10890,2017-01-24,HOSPITAL,CEFZIME 750mg IM/IV,8,3000,24000,,0,8,750,6000,18000
raw_sales_report,Medshield (Keith San Miguel).xlsx,sales2017,3825,5,10890,2017-01-24,HOSPITAL,SODAMPEN 1g IM/IV,50,128,6400,,0,50,45,2250,4150
raw_sales_report,Medshield (Keith San Miguel).xlsx,sales2017,3826,5,10890,2017-01-24,HOSPITAL,EVAPROST 125,2,3960,7920,,0,2,1872,3744,4176
raw_sales_report,Medshield (Keith San Miguel).xlsx,sales2017,3827,5,10890,2017-01-24,HOSPITAL,MAXIFER,3,2450,7350,,0,3,815,2445,4905
raw_sales_report,Medshield (Keith San Miguel).xlsx,sales2017,3828,5,10890,2017-01-24,HOSPITAL,QUALRAN 25mg/2ml,5,800,4000,,0,5,100,500,3500
raw_sales_report,Medshield (Keith San Miguel).xlsx,sales2017,3829,5,10890,2017-01-24,HOSPITAL,LACTAMOX 625MG,3,2800,8400,,0,3,1173,3519,4881
raw_sales_report,Medshield (Keith San Miguel).xlsx,sales2017,3830,5,10890,2017-01-24,HOSPITAL,CIFROX 500mg,1,1750,1750,,0,1,450,450,1300
raw_sales_report,Medshield (Keith San Miguel).xlsx,sales2017,3831,5,10890,2017-01-24,HOSPITAL,Azeclo 100mg,2,1900,3800,,0,2,595,1190,2610
raw_sales_report,Medshield (Keith San Miguel).xlsx,sales2017,3832,5,10892,2017-01-19,ADMIN,FOCID 5MG,5,650,3250,,0,7,187.5,1312.5,1937.5
raw_sales_report,Medshield (Keith San Miguel).xlsx,sales2017,3833,5,10892,2017-01-19,ADMIN,EUROXIME 500MG,5,3000,15000,,0,7,1450,10150,4850
raw_sales_report,Medshield (Keith San Miguel).xlsx,sales2017,3834,5,10892,2017-01-19,ADMIN,OB-DILAN 10MG,5,1100,5500,,0,7,318.4,2228.7999999999997,3271.2000000000003
raw_sales_report,Medshield (Keith San Miguel).xlsx,sales2017,3835,5,10892,2017-01-19,ADMIN,FERGLOBIN 250MG,5,725,3625,,0,7,215,1505,2120
raw_sales_report,Medshield (Keith San Miguel).xlsx,sales2017,3836,5,10893,2017-01-19,ADMIN,TOSYLAM 750MG,2,2750,5500,,0,2,980,1960,3540
raw_sales_report,Medshield (Keith San Miguel).xlsx,sales2017,3837,5,10894,2017-01-18,ADMIN,FOCID 5MG,5,650,3250,,0,7,187.5,1312.5,1937.5
raw_sales_report,Medshield (Keith San Miguel).xlsx,sales2017,3838,5,10894,2017-01-18,ADMIN,FERGLOBIN FA 60mg/400mcg,-519,9,-4671,,0,-519,2.4,-1245.6,-3425.4
raw_sales_report,Medshield (Keith San Miguel).xlsx,sales2017,3839,5,10894,2017-01-18,ADMIN,FERGLOBIN FA 60mg/400mcg,5,900,4500,,0,7,240,1680,2820
raw_sales_report,Medshield (Keith San Miguel).xlsx,sales2017,3840,5,10894,2017-01-18,ADMIN,SURITRAM,5,1750,8750,,0,7,500,3500,5250
raw_sales_report,Medshield (Keith San Miguel).xlsx,sales2017,3841,5,10895,2017-01-23,ADMIN,MAXXI-VIT PLUS,5,1200,6000,,0,7,420,2940,3060
raw_sales_report,Medshield (Keith San Miguel).xlsx,sales2017,3842,5,10895,2017-01-23,ADMIN,XYNETIN 1500MG,5,950,4750,,0,7,310,2170,2580
raw_sales_report,Medshield (Keith San Miguel).xlsx,sales2017,3843,5,10895,2017-01-23,ADMIN,HAVC 500MG,5,125,625,,0,7,35,245,380
raw_sales_report,Medshield (Keith San Miguel).xlsx,sales2017,3844,5,10897,2017-01-23,HOSPITAL,EVAPROST 125,3,3960,11880,,0,3,1872,5616,6264
raw_sales_report,Medshield (Keith San Miguel).xlsx,sales2017,3845,5,10897,2017-01-23,HOSPITAL,Evaprost 250,2,7920,15840,,0,2,3575,7150,8690
raw_sales_report,Medshield (Keith San Miguel).xlsx,sales2017,3846,5,10900,2017-01-25,Quezon,jagaplex,6,805,4830,0.25,1207.5,6,270,1620,2002.5
raw_sales_report,Medshield (Keith San Miguel).xlsx,sales2017,3847,5,10900,2017-01-25,Quezon,JAGA 300mg/100mg/100mcg,12,915.02,10980.24,0.25,2745.06,12,323.4,3880.7999999999997,4354.380000000001
raw_sales_report,Medshield (Keith San Miguel).xlsx,sales2017,3848,5,11012,2016-09-29,Marinduque,JAGAPLEX,5,950,4750,,0,10,270,2700,2050
raw_sales_report,Medshield (Keith San Miguel).xlsx,sales2017,3849,5,11012,2016-09-29,Marinduque,JAGA 300mg/100mg/100mcg,10,600,6000,,0,10,345,3450,2550
raw_sales_report,Medshield (Keith San Miguel).xlsx,sales2017,3850,5,11098,2016-11-14,CAM NORTE,CEFZIME 750mg IM/IV,1,3000,3000,,0,1,750,750,2250
raw_sales_report,Medshield (Keith San Miguel).xlsx,sales2017,3851,5,11099,2016-11-14,CAM NORTE,ENERGEL SOFTGEL,1,1750,1750,,0,1,550,550,1200
raw_sales_report,Medshield (Keith San Miguel).xlsx,sales2017,3852,5,11100,2016-11-14,CAM NORTE,COZEC,3,320,960,,0,3,85,255,705
raw_sales_report,Medshield (Keith San Miguel).xlsx,sales2017,3853,5,11378,2016-12-07,CAM SUR,HISTARIL 100mg/2mg,2,850,1700,,0,2,225,450,1250
raw_sales_report,Medshield (Keith San Miguel).xlsx,sales2017,3854,5,11382,2016-12-08,CAM SUR,LACTAMOX 156.25mg/5ml,6,190,1140,,0,6,75.6,453.59999999999997,686.4000000000001
raw_sales_report,Medshield (Keith San Miguel).xlsx,sales2017,3855,5,11382,2016-12-08,CAM SUR,HISTARIL 100mg/2mg,1,800,800,,0,1,225,225,575
raw_sales_report,Medshield (Keith San Miguel).xlsx,sales2017,3856,5,11383,2016-12-08,CAM SUR,LACTAMOX 156.25mg/5ml,9,190,1710,,0,9,75.6,680.4,1029.6
raw_sales_report,Medshield (Keith San Miguel).xlsx,sales2017,3857,5,11383,2016-12-08,CAM SUR,LACTAMOX 625MG,1,2700,2700,,0,1,1173.6,1173.6,1526.4
raw_sales_report,Medshield (Keith San Miguel).xlsx,sales2017,3858,5,11454,2016-12-01,GOVERNMENT,#REF!,,,0,,0,0,,0,0
raw_sales_report,Medshield (Keith San Miguel).xlsx,sales2017,3859,5,11460,2017-01-17,GOVERNMENT,#REF!,,,0,,0,0,,0,0
raw_sales_report,Medshield (Keith San Miguel).xlsx,sales2017,3860,5,11473,2017-01-30,GOVERNMENT,EUROGYL 500MG,1000,138,138000,,0,1000,23,23000,115000
raw_sales_report,Medshield (Keith San Miguel).xlsx,sales2017,3861,5,11473,2017-01-30,GOVERNMENT,ZELEX 200mg,30,2800,84000,,0,30,750,22500,61500
raw_sales_report,Medshield (Keith San Miguel).xlsx,sales2017,3862,5,11523,2016-12-27,QUEZON,APROCARE 150mg,10,750,7500,,0,10,219,2190,5310
raw_sales_report,Medshield (Keith San Miguel).xlsx,sales2017,3863,5,11523,2016-12-27,QUEZON,KLOPIDO,10,1100,11000,,0,10,307,3070,7930
raw_sales_report,Medshield (Keith San Miguel).xlsx,sales2017,3864,5,11524,2016-12-27,QUEZON,ATOVAS 20MG,10,750,7500,,0,10,202.5,2025,5475
raw_sales_report,Medshield (Keith San Miguel).xlsx,sales2017,3865,5,11525,2017-01-03,QUEZON,LEXI B FORTE 300mg/100mg/100ug,1,915,915,,0,1,323,323,592
raw_sales_report,Medshield (Keith San Miguel).xlsx,sales2017,3866,5,11525,2017-01-03,QUEZON,FORTIFLEX,1,900,900,,0,1,215,215,685
raw_sales_report,Medshield (Keith San Miguel).xlsx,sales2017,3867,5,11525,2017-01-03,QUEZON,MYZIN 500mg,1,6250,6250,,0,1,2022,2022,4228
raw_sales_report,Medshield (Keith San Miguel).xlsx,sales2017,3868,5,11525,2017-01-03,QUEZON,FEXIL 250mg/5ml,6,198,1188,,0,6,65,390,798
raw_sales_report,Medshield (Keith San Miguel).xlsx,sales2017,3869,5,11525,2017-01-03,QUEZON,CEPROTRON 500mg,1,1750,1750,,0,1,415,415,1335
raw_sales_report,Medshield (Keith San Miguel).xlsx,sales2017,3870,5,11525,2017-01-03,QUEZON,ZYMAX,5,360,1800,,0,5,81,405,1395
raw_sales_report,Medshield (Keith San Miguel).xlsx,sales2017,3871,5,11526,2017-01-03,QUEZON,CINNABLOC 25MG,1,500,500,,0,1,133,133,367
raw_sales_report,Medshield (Keith San Miguel).xlsx,sales2017,3872,5,11526,2017-01-03,QUEZON,NUTRI Z Drops,6,120,720,,0,6,48.5,291,429
raw_sales_report,Medshield (Keith San Miguel).xlsx,sales2017,3873,5,11526,2017-01-03,QUEZON,SNEEZ 6.25mg/2ml/ml Drops,6,120,720,,0,6,38,228,492
raw_sales_report,Medshield (Keith San Miguel).xlsx,sales2017,3874,5,11527,2017-01-03,QUEZON,BERCEF 250mg/5ml,30,450,13500,,0,30,148,4440,9060
raw_sales_report,Medshield (Keith San Miguel).xlsx,sales2017,3875,5,11528,2016-01-07,EASTERN,NERVAMIN,5,1650,8250,,0,5,458,2290,5960
raw_sales_report,Medshield (Keith San Miguel).xlsx,sales2017,3876,5,11528,2016-01-07,EASTERN,AMETRIS 125mg,2,650,1300,,0,2,170,340,960
raw_sales_report,Medshield (Keith San Miguel).xlsx,sales2017,3877,5,11528,2016-01-07,EASTERN,ATOVAS 20MG,2,750,1500,,0,2,202.5,405,1095
raw_sales_report,Medshield (Keith San Miguel).xlsx,sales2017,3878,5,11528,2016-01-07,EASTERN,CLAVIC 500mg,5,2790,13950,,0,5,1173.6,5868,8082
raw_sales_report,Medshield (Keith San Miguel).xlsx,sales2017,3879,5,11528,2016-01-07,EASTERN,INTRAPLEM 500mg,3,980,2940,,0,3,280,840,2100
raw_sales_report,Medshield (Keith San Miguel).xlsx,sales2017,3880,5,11528,2016-01-07,EASTERN,CAPSUGEN FORTE,3,1100,3300,,0,3,310,930,2370
raw_sales_report,Medshield (Keith San Miguel).xlsx,sales2017,3881,5,11528,2016-01-07,EASTERN,CORSTAPH 500mg,2,1500,3000,,0,2,435,870,2130
raw_sales_report,Medshield (Keith San Miguel).xlsx,sales2017,3882,5,11528,2016-01-07,EASTERN,VITAIR,5,1200,6000,,0,5,351,1755,4245
raw_sales_report,Medshield (Keith San Miguel).xlsx,sales2017,3883,5,11528,2016-01-07,EASTERN,ROSADOC 10MG,10,780,7800,,0,10,210,2100,5700
raw_sales_report,Medshield (Keith San Miguel).xlsx,sales2017,3884,5,11528,2016-01-07,EASTERN,ROSADOC 20MG,10,1120,11200,,0,10,330,3300,7900
raw_sales_report,Medshield (Keith San Miguel).xlsx,sales2017,3885,5,11528,2016-01-07,EASTERN,LOWAS,10,540,5400,,0,10,165,1650,3750
raw_sales_report,Medshield (Keith San Miguel).xlsx,sales2017,3886,5,11528,2016-01-07,EASTERN,MONILIASOL 125mg/5mL,24,75,1800,,0,24,26.25,630,1170
raw_sales_report,Medshield (Keith San Miguel).xlsx,sales2017,3887,5,11529,2017-01-09,QUEZON,ATOVAS 20MG,10,750,7500,,0,10,202.5,2025,5475
raw_sales_report,Medshield (Keith San Miguel).xlsx,sales2017,3888,5,11530,2017-01-09,QUEZON,KLOPIDO,10,1100,11000,,0,10,307,3070,7930
raw_sales_report,Medshield (Keith San Miguel).xlsx,sales2017,3889,5,11531,2017-01-09,EASTERN,ZELEX 200MG,3,2800,8400,,0,3,750,2250,6150
raw_sales_report,Medshield (Keith San Miguel).xlsx,sales2017,3890,5,11531,2017-01-09,EASTERN,ALTOSAR 50mg/12.5mg,15,500,7500,,0,15,158,2370,5130
raw_sales_report,Medshield (Keith San Miguel).xlsx,sales2017,3891,5,11531,2017-01-09,EASTERN,JAGA 300mg/100mg/100mcg,10,915,9150,,0,10,345,3450,5700
raw_sales_report,Medshield (Keith San Miguel).xlsx,sales2017,3892,5,11532,2017-01-11,QUEZON,CORVI PLUS 1mg/50mg,12,118,1416,,0,12,39,468,948
raw_sales_report,Medshield (Keith San Miguel).xlsx,sales2017,3893,5,11532,2017-01-11,QUEZON,BERCEF 50mg Drops,8,135,1080,,0,8,42,336,744
raw_sales_report,Medshield (Keith San Miguel).xlsx,sales2017,3894,5,11533,2017-01-11,MARINDUQUE,CALIBRAL 500MG,4,500,2000,,0,4,235,940,1060
raw_sales_report,Medshield (Keith San Miguel).xlsx,sales2017,3895,5,11533,2017-01-11,MARINDUQUE,MAXXI-VIT PLUS,3,1200,3600,,0,3,420,1260,2340
raw_sales_report,Medshield (Keith San Miguel).xlsx,sales2017,3896,5,11533,2017-01-11,MARINDUQUE,FEXIL 500MG,4,1800,7200,,0,4,535,2140,5060
raw_sales_report,Medshield (Keith San Miguel).xlsx,sales2017,3897,5,11533,2017-01-11,MARINDUQUE,CORSTAPH 500mg,3,1800,5400,,0,3,435,1305,4095
raw_sales_report,Medshield (Keith San Miguel).xlsx,sales2017,3898,5,11533,2017-01-11,MARINDUQUE,PUROXEL 40mg,2,1320,2640,,0,2,200,400,2240
raw_sales_report,Medshield (Keith San Miguel).xlsx,sales2017,3899,5,11533,2017-01-11,MARINDUQUE,LACTAMOX 625mg,3,2700,8100,,0,3,1173,3519,4581
raw_sales_report,Medshield (Keith San Miguel).xlsx,sales2017,3900,5,11533,2017-01-11,MARINDUQUE,ZELEX 200MG,2,2800,5600,,0,2,750,1500,4100
raw_sales_report,Medshield (Keith San Miguel).xlsx,sales2017,3901,5,11533,2017-01-11,MARINDUQUE,GIAN ZINC 30ml Drops,12,155,1860,,0,12,55,660,1200
raw_sales_report,Medshield (Keith San Miguel).xlsx,sales2017,3902,5,11534,2017-01-13,QUEZON,BERCEF 50mg Drops,6,175,1050,,0,6,42,252,798
raw_sales_report,Medshield (Keith San Miguel).xlsx,sales2017,3903,5,11535,2017-01-13,QUEZON,BERCEF 250mg/5ml,6,450,2700,,0,6,148,888,1812
raw_sales_report,Medshield (Keith San Miguel).xlsx,sales2017,3904,5,11536,2017-01-13,QUEZON,CORVI PLUS 1mg/50mg,5,118,590,,0,5,39,195,395
raw_sales_report,Medshield (Keith San Miguel).xlsx,sales2017,3905,5,11537,2017-01-13,QUEZON,QUIFLOX 500mg,5,2200,11000,,0,10,630,6300,4700
raw_sales_report,Medshield (Keith San Miguel).xlsx,sales2017,3906,5,11538,2017-01-13,QUEZON,VOXOLL 30mg,10,650,6500,,0,10,168,1680,4820
raw_sales_report,Medshield (Keith San Miguel).xlsx,sales2017,3907,5,11538,2017-01-13,QUEZON,MONILIASOL 125mg/5mL,5,750,3750,,0,5,240,1200,2550
raw_sales_report,Medshield (Keith San Miguel).xlsx,sales2017,3908,5,11539,2017-01-13,QUEZON,VICEPHRIN 250mg/5ml,20,170,3400,,0,20,48,960,2440
raw_sales_report,Medshield (Keith San Miguel).xlsx,sales2017,3909,5,11539,2017-01-13,QUEZON,MULTI GROW 120ml,20,187,3740,,0,20,75,1500,2240
raw_sales_report,Medshield (Keith San Miguel).xlsx,sales2017,3910,5,11539,2017-01-13,QUEZON,GIAN ZINC Plus C 120ml,20,175,3500,,0,20,75,1500,2000
raw_sales_report,Medshield (Keith San Miguel).xlsx,sales2017,3911,5,11540,2017-01-18,QUEZON,INOFIB 200MG,2,3300,6600,,0,2,950,1900,4700
raw_sales_report,Medshield (Keith San Miguel).xlsx,sales2017,3912,5,11540,2017-01-18,QUEZON,INTRAPLEM 500MG,3,980,2940,,0,3,280,840,2100
raw_sales_report,Medshield (Keith San Miguel).xlsx,sales2017,3913,5,11540,2017-01-18,QUEZON,BERCEF 50mg Drops,12,175,2100,,0,12,42,504,1596
raw_sales_report,Medshield (Keith San Miguel).xlsx,sales2017,3914,5,11540,2017-01-18,QUEZON,BERCEF 250mg/5ml,5,450,2250,,0,5,148,740,1510
raw_sales_report,Medshield (Keith San Miguel).xlsx,sales2017,3915,5,11541,2017-01-18,QUEZON,KLOPIDO,30,1100,33000,,0,30,307,9210,23790
raw_sales_report,Medshield (Keith San Miguel).xlsx,sales2017,3916,5,11541,2017-01-18,QUEZON,APROCARE 150mg,30,750,22500,,0,30,219,6570,15930
raw_sales_report,Medshield (Keith San Miguel).xlsx,sales2017,3917,5,11542,2017-01-18,QUEZON,APROCARE 150MG,20,750,15000,,0,20,219,4380,10620
raw_sales_report,Medshield (Keith San Miguel).xlsx,sales2017,3918,5,11543,2017-01-18,QUEZON,MONILIASOL 125mg/5mL,20,75,1500,,0,24,26.25,630,870
raw_sales_report,Medshield (Keith San Miguel).xlsx,sales2017,3919,5,11544,2017-01-20,MARINDUQUE,BERCEF 50mg Drops,36,175,6300,,0,36,42,1512,4788
raw_sales_report,Medshield (Keith San Miguel).xlsx,sales2017,3920,5,11544,2017-01-20,MARINDUQUE,GIAN ZINC 30ml Drops,24,175,4200,,0,24,75,1800,2400
raw_sales_report,Medshield (Keith San Miguel).xlsx,sales2017,3921,5,11544,2017-01-20,MARINDUQUE,ROSADOC 20MG,30,1050,31500,,0,30,330,9900,21600
raw_sales_report,Medshield (Keith San Miguel).xlsx,sales2017,3922,5,11545,2017-01-20,QUEZON,ATOVAS 80MG,5,820,4100,,0,5,247.2,1236,2864
raw_sales_report,Medshield (Keith San Miguel).xlsx,sales2017,3923,5,11545,2017-01-20,QUEZON,QUIFLOX 500mg,3,2200,6600,,0,3,630,1890,4710
raw_sales_report,Medshield (Keith San Miguel).xlsx,sales2017,3924,5,11545,2017-01-20,QUEZON,LACTAMOX 625mg,2,2800,5600,,0,2,1173.6,2347.2,3252.8
raw_sales_report,Medshield (Keith San Miguel).xlsx,sales2017,3925,5,11546,2017-01-20,QUEZON,BERCEF 250mg/5ml,10,450,4500,,0,10,148,1480,3020
raw_sales_report,Medshield (Keith San Miguel).xlsx,sales2017,3926,5,11546,2017-01-20,QUEZON,TRIVASC 35mg MR,1,1550,1550,,0,1,445,445,1105
raw_sales_report,Medshield (Keith San Miguel).xlsx,sales2017,3927,5,11547,2017-01-24,EASTERN,MULTI GROW 120ml,9,550,4950,,0,9,450,4050,900
raw_sales_report,Medshield (Keith San Miguel).xlsx,sales2017,3928,5,11547,2017-01-24,EASTERN,OB-DILAN 10mg,1,665,665,,0,1,318.4,318.4,346.6
raw_sales_report,Medshield (Keith San Miguel).xlsx,sales2017,3929,5,11548,2017-01-24,MARINDUQUE,FEXIL 500MG,2,1800,3600,,0,2,535,1070,2530
raw_sales_report,Medshield (Keith San Miguel).xlsx,sales2017,3930,5,11548,2017-01-24,MARINDUQUE,MAXXI-VIT PLUS,3,1400,4200,,0,3,420,1260,2940
raw_sales_report,Medshield (Keith San Miguel).xlsx,sales2017,3931,5,11549,2017-01-27,EASTERN,TRIVASC 35mg MR,4,1425,5700,,0,4,445,1780,3920
raw_sales_report,Medshield (Keith San Miguel).xlsx,sales2017,3932,5,11549,2017-01-27,EASTERN,VOXOLL 30mg,10,650,6500,,0,10,168,1680,4820
raw_sales_report,Medshield (Keith San Miguel).xlsx,sales2017,3933,5,11549,2017-01-27,EASTERN,VOXOLL 15mg/5ml,12,66,792,,0,12,23,276,516
raw_sales_report,Medshield (Keith San Miguel).xlsx,sales2017,3934,5,11549,2017-01-27,EASTERN,AMBRODAY 75mg SR,5,700,3500,,0,5,250,1250,2250
raw_sales_report,Medshield (Keith San Miguel).xlsx,sales2017,3935,5,11549,2017-01-27,EASTERN,SNEEZ 6.25mg/2ml/ml Drops,12,125,1500,,0,12,42,504,996
raw_sales_report,Medshield (Keith San Miguel).xlsx,sales2017,3936,5,11550,2017-01-27,EASTERN,MULTI GROW OB PLUS ,4,1100,4400,,0,6,450,2700,1700
raw_sales_report,Medshield (Keith San Miguel).xlsx,sales2017,3937,5,11556,2017-01-02,CAM NORTE,CINNABLOC 25MG,1,500,500,,0,1,133,133,367
raw_sales_report,Medshield (Keith San Miguel).xlsx,sales2017,3938,5,11557,2017-01-02,CAM NORTE,NOZAL 5MG,2,850,1700,,0,2,260,520,1180
raw_sales_report,Medshield (Keith San Miguel).xlsx,sales2017,3939,5,11558,2017-01-02,CAM NORTE,VITAIR,2,1200,2400,,0,2,351,702,1698
raw_sales_report,Medshield (Keith San Miguel).xlsx,sales2017,3940,5,11559,2017-01-02,CAM NORTE,ALTOSAR 50mg/12.5mg,2,500,1000,,0,2,158,316,684
raw_sales_report,Medshield (Keith San Miguel).xlsx,sales2017,3941,5,11560,2017-01-02,CAM NORTE,KLOPIDO,1,975,975,,0,1,307,307,668
raw_sales_report,Medshield (Keith San Miguel).xlsx,sales2017,3942,5,11561,2017-01-02,CAM NORTE,ATOVAS 20MG,2,650,1300,,0,2,202.5,405,895
raw_sales_report,Medshield (Keith San Miguel).xlsx,sales2017,3943,5,11562,2017-01-02,CAM NORTE,APROCARE 150mg,3,870,2610,,0,3,219,657,1953
raw_sales_report,Medshield (Keith San Miguel).xlsx,sales2017,3944,5,11563,2017-01-02,CAM NORTE,STALIP A 5mg+10mg,2,2176,4352,,0,2,680,1360,2992
raw_sales_report,Medshield (Keith San Miguel).xlsx,sales2017,3945,5,11564,2017-01-02,CAM NORTE,EUROXIME 500MG,2,3000,6000,,0,2,1450,2900,3100
raw_sales_report,Medshield (Keith San Miguel).xlsx,sales2017,3946,5,11565,2017-01-02,CAM NORTE,OSTEO-PRO 750mg/10iu/10mg,1,1165,1165,,0,1,333,333,832
raw_sales_report,Medshield (Keith San Miguel).xlsx,sales2017,3947,5,11566,2017-01-02,CAM NORTE,EUROXONE,5,380,1900,,0,5,73,365,1535
raw_sales_report,Medshield (Keith San Miguel).xlsx,sales2017,3948,5,11566,2017-01-02,CAM NORTE,EUROXIME 500MG,2,3000,6000,,0,2,1450,2900,3100
raw_sales_report,Medshield (Keith San Miguel).xlsx,sales2017,3949,5,11566,2017-01-02,CAM NORTE,VITAIR,1,1200,1200,,0,1,351,351,849
raw_sales_report,Medshield (Keith San Miguel).xlsx,sales2017,3950,5,11566,2017-01-02,CAM NORTE,QUALRAN 25mg/2ml,1,800,800,,0,1,100,100,700
raw_sales_report,Medshield (Keith San Miguel).xlsx,sales2017,3951,5,11566,2017-01-02,CAM NORTE,KOLTIN,1,1800,1800,,0,1,550,550,1250
raw_sales_report,Medshield (Keith San Miguel).xlsx,sales2017,3952,5,11567,2017-01-02,CAM NORTE,HISTARIL 100mg/2mg,6,88,528,,0,6,24.47,146.82,381.18
raw_sales_report,Medshield (Keith San Miguel).xlsx,sales2017,3953,5,11567,2017-01-02,CAM NORTE,FLUIFORT-M 100mg/5ml,6,92,552,,0,6,26.95,161.7,390.3
raw_sales_report,Medshield (Keith San Miguel).xlsx,sales2017,3954,5,11567,2017-01-02,CAM NORTE,MORDEK 150MG,1,1050,1050,,0,1,315,315,735
raw_sales_report,Medshield (Keith San Miguel).xlsx,sales2017,3955,5,11567,2017-01-02,CAM NORTE,BERCEF 250mg/5ml,3,450,1350,,0,3,148,444,906
raw_sales_report,Medshield (Keith San Miguel).xlsx,sales2017,3956,5,11568,2017-01-02,CAM NORTE,RESPINAL 500MG,3,1500,4500,,0,3,400,1200,3300
raw_sales_report,Medshield (Keith San Miguel).xlsx,sales2017,3957,5,11569,2017-01-06,CAM NORTE,METMIC 500MG,6,750,4500,,0,6,227.5,1365,3135
raw_sales_report,Medshield (Keith San Miguel).xlsx,sales2017,3958,5,11569,2017-01-06,CAM NORTE,ALGICAP 500MG,12,80,960,,0,12,24.5,294,666
raw_sales_report,Medshield (Keith San Miguel).xlsx,sales2017,3959,5,11570,2017-01-06,CAM NORTE,FLUIFORT-M 100mg/5ml,6,92,552,,0,6,26.95,161.7,390.3
raw_sales_report,Medshield (Keith San Miguel).xlsx,sales2017,3960,5,11571,2017-01-06,CAM NORTE,CEFZIME 750mg IM/IV,10,300,3000,,0,10,75,750,2250
raw_sales_report,Medshield (Keith San Miguel).xlsx,sales2017,3961,5,11572,2017-01-06,CAM NORTE,EUROXIME 500MG,3,3000,9000,,0,3,1450,4350,4650
raw_sales_report,Medshield (Keith San Miguel).xlsx,sales2017,3962,5,11573,2017-01-06,CAM NORTE,SURITRAM,1,1980,1980,,0,1,500,500,1480
raw_sales_report,Medshield (Keith San Miguel).xlsx,sales2017,3963,5,11574,2017-01-06,CAM NORTE,RESPINAL 500MG,2,1500,3000,,0,2,400,800,2200
raw_sales_report,Medshield (Keith San Miguel).xlsx,sales2017,3964,5,11575,2017-01-06,CAM NORTE,ATOVAS 20MG,3,650,1950,,0,3,202.5,607.5,1342.5
raw_sales_report,Medshield (Keith San Miguel).xlsx,sales2017,3965,5,11576,2017-01-06,CAM NORTE,KLOPIDO,2,975,1950,,0,2,307,614,1336
raw_sales_report,Medshield (Keith San Miguel).xlsx,sales2017,3966,5,11577,2017-01-06,CAM NORTE,ALTOSAR 50mg/12.5mg,3,500,1500,,0,3,158,474,1026
raw_sales_report,Medshield (Keith San Miguel).xlsx,sales2017,3967,5,11578,2017-01-06,CAM NORTE,VITAIR,2,1200,2400,,0,2,351,702,1698
raw_sales_report,Medshield (Keith San Miguel).xlsx,sales2017,3968,5,11579,2017-01-06,CAM NORTE,LACTAMOX 625mg,1,2800,2800,,0,2,1173.6,2347.2,452.8000000000002
raw_sales_report,Medshield (Keith San Miguel).xlsx,sales2017,3969,5,11579,2017-01-06,CAM NORTE,VITAIR,2,1200,2400,,0,3,351,1053,1347
raw_sales_report,Medshield (Keith San Miguel).xlsx,sales2017,3970,5,11579,2017-01-06,CAM NORTE,ZITHROVIC 500MG,2,300,600,,0,3,75,225,375
raw_sales_report,Medshield (Keith San Miguel).xlsx,sales2017,3971,5,11579,2017-01-06,CAM NORTE,AMBRODAY 75mg SR,2,700,1400,,0,3,250,750,650
raw_sales_report,Medshield (Keith San Miguel).xlsx,sales2017,3972,5,11580,2017-01-06,CAM NORTE,APROCARE 150mg,3,870,2610,,0,3,219,657,1953
raw_sales_report,Medshield (Keith San Miguel).xlsx,sales2017,3973,5,11581,2017-01-06,CAM NORTE,ZETIFEN 250mg/5ml,14,80,1120,,0,14,23.45,328.3,791.7
raw_sales_report,Medshield (Keith San Miguel).xlsx,sales2017,3974,5,11581,2017-01-06,CAM NORTE,FLUIFORT-M 50mg/ml Drops,26,78,2028,,0,26,22.75,591.5,1436.5
raw_sales_report,Medshield (Keith San Miguel).xlsx,sales2017,3975,5,11581,2017-01-06,CAM NORTE,ZINCAVIT 55mg,40,85,3400,,0,40,24,960,2440
raw_sales_report,Medshield (Keith San Miguel).xlsx,sales2017,3976,5,11582,2017-01-06,CAM NORTE,DOLO-JAGA 500mg/50mg/100mg/100mcg,2,1600,3200,,0,2,480.9,961.8,2238.2
raw_sales_report,Medshield (Keith San Miguel).xlsx,sales2017,3977,5,11582,2017-01-06,CAM NORTE,JAGA 300mg/100mg/100mcg,2,1200,2400,,0,2,345,690,1710
raw_sales_report,Medshield (Keith San Miguel).xlsx,sales2017,3978,5,11582,2017-01-06,CAM NORTE,ALGICAP 500MG,2,800,1600,,0,2,227.5,455,1145
raw_sales_report,Medshield (Keith San Miguel).xlsx,sales2017,3979,5,11582,2017-01-06,CAM NORTE,EUROXIME 500MG,1,3000,3000,,0,1,1450,1450,1550
raw_sales_report,Medshield (Keith San Miguel).xlsx,sales2017,3980,5,11582,2017-01-06,CAM NORTE,OSTEO-PRO 750mg/10iu/10mg,3,1165,3495,,0,3,333,999,2496
raw_sales_report,Medshield (Keith San Miguel).xlsx,sales2017,3981,5,11582,2017-01-06,CAM NORTE,AMBRODAY 75mg SR,2,700,1400,,0,2,250,500,900
raw_sales_report,Medshield (Keith San Miguel).xlsx,sales2017,3982,5,11582,2017-01-06,CAM NORTE,CEEPRAZOL 20MG,1,1800,1800,,0,1,550,550,1250
raw_sales_report,Medshield (Keith San Miguel).xlsx,sales2017,3983,5,11582,2017-01-06,CAM NORTE,TRIVASC 35mg MR,1,1425,1425,,0,1,445,445,980
raw_sales_report,Medshield (Keith San Miguel).xlsx,sales2017,3984,5,11582,2017-01-06,CAM NORTE,ENERGEL SOFTGEL,1,1750,1750,,0,1,550,550,1200
raw_sales_report,Medshield (Keith San Miguel).xlsx,sales2017,3985,5,11583,2017-01-06,CAM NORTE,MULTI GROW DROPS,20,175,3500,,0,20,48,960,2540
raw_sales_report,Medshield (Keith San Miguel).xlsx,sales2017,3986,5,11583,2017-01-06,CAM NORTE,MULTI GROW 120ml,20,220,4400,,0,20,75,1500,2900
raw_sales_report,Medshield (Keith San Miguel).xlsx,sales2017,3987,5,11584,2017-01-06,CAM NORTE,BERCEF 50mg Drops,20,175,3500,,0,20,42,840,2660
raw_sales_report,Medshield (Keith San Miguel).xlsx,sales2017,3988,5,11585,2017-01-06,CAM NORTE,BERCEF 250mg/5ml,20,450,9000,,0,20,148,2960,6040
raw_sales_report,Medshield (Keith San Miguel).xlsx,sales2017,3989,5,11586,2017-01-06,CAM NORTE,SODAMPEN 1g IM/IV,10,128,1280,,0,10,45,450,830
raw_sales_report,Medshield (Keith San Miguel).xlsx,sales2017,3990,5,11587,2017-01-06,CAM NORTE,CEFZIME 750mg IM/IV,20,300,6000,,0,20,75,1500,4500
raw_sales_report,Medshield (Keith San Miguel).xlsx,sales2017,3991,5,11587,2017-01-06,CAM NORTE,CEFZIME 750mg IM/IV,2,0,0,,0,2,75,150,-150
raw_sales_report,Medshield (Keith San Miguel).xlsx,sales2017,3992,5,11588,2017-01-06,CAM NORTE,EUROXONE,20,380,7600,,0,20,73,1460,6140
raw_sales_report,Medshield (Keith San Miguel).xlsx,sales2017,3993,5,11588,2017-01-06,CAM NORTE,EUROXONE,2,0,0,,0,2,73,146,-146
raw_sales_report,Medshield (Keith San Miguel).xlsx,sales2017,3994,5,11591,2017-01-20,CAM NORTE,QUALRAN 25mg/2ml,20,80,1600,,0,20,10,200,1400
raw_sales_report,Medshield (Keith San Miguel).xlsx,sales2017,3995,5,11591,2017-01-20,CAM NORTE,QUALRAN 25mg/2ml,2,,0,,0,2,10,20,-20
raw_sales_report,Medshield (Keith San Miguel).xlsx,sales2017,3996,5,11593,2017-01-20,CAM NORTE,BROADMETZ 125mg/5ml,6,79,474,,0,6,23.8,142.8,331.2
raw_sales_report,Medshield (Keith San Miguel).xlsx,sales2017,3997,5,11593,2017-01-20,CAM NORTE,BROADMETZ 500mg,3,1070,3210,,0,3,319,957,2253
raw_sales_report,Medshield (Keith San Miguel).xlsx,sales2017,3998,5,11593,2017-01-20,CAM NORTE,FEXIL 500mg,12,1800,21600,,0,12,535,6420,15180
raw_sales_report,Medshield (Keith San Miguel).xlsx,sales2017,3999,5,11594,2017-01-20,CAM NORTE,JAGAPLEX,20,145,2900,,0,20,47,940,1960
raw_sales_report,Medshield (Keith San Miguel).xlsx,sales2017,4000,5,11595,2017-01-20,CAM NORTE,JAGA 300mg/100mg/100mcg,1,1200,1200,,0,1,345,345,855
raw_sales_report,Medshield (Keith San Miguel).xlsx,sales2017,4001,5,11595,2017-01-20,CAM NORTE,JAGAPLEX,1,1000,1000,,0,1,270,270,730
raw_sales_report,Medshield (Keith San Miguel).xlsx,sales2017,4002,5,11595,2017-01-20,CAM NORTE,DOLO-JAGA 500mg/50mg/100mg/100mcg,1,1600,1600,,0,1,480.9,480.9,1119.1
raw_sales_report,Medshield (Keith San Miguel).xlsx,sales2017,4003,5,11595,2017-01-20,CAM NORTE,ENCLOXIL 500MG,1,1800,1800,,0,1,540,540,1260
raw_sales_report,Medshield (Keith San Miguel).xlsx,sales2017,4004,5,11595,2017-01-20,CAM NORTE,ALGICAP 500MG,1,800,800,,0,1,227.5,227.5,572.5
raw_sales_report,Medshield (Keith San Miguel).xlsx,sales2017,4005,5,11595,2017-01-20,CAM NORTE,ENERGEL SOFTGEL,1,1750,1750,,0,1,550,550,1200
raw_sales_report,Medshield (Keith San Miguel).xlsx,sales2017,4006,5,11596,2017-01-20,CAM NORTE,KLOPIDO,2,975,1950,,0,2,307,614,1336
raw_sales_report,Medshield (Keith San Miguel).xlsx,sales2017,4007,5,11596,2017-01-20,CAM NORTE,ATOVAS 20MG,3,650,1950,,0,3,202.5,607.5,1342.5
raw_sales_report,Medshield (Keith San Miguel).xlsx,sales2017,4008,5,11596,2017-01-20,CAM NORTE,ALTOSAR 50mg/12.5mg,3,500,1500,,0,3,158,474,1026
raw_sales_report,Medshield (Keith San Miguel).xlsx,sales2017,4009,5,11596,2017-01-20,CAM NORTE,APROCARE 150mg,3,870,2610,,0,3,219,657,1953
raw_sales_report,Medshield (Keith San Miguel).xlsx,sales2017,4010,5,11596,2017-01-20,CAM NORTE,CINNABLOC 25MG,2,500,1000,,0,2,133,266,734
raw_sales_report,Medshield (Keith San Miguel).xlsx,sales2017,4011,5,11596,2017-01-20,CAM NORTE,AZECLO 100MG,1,1900,1900,,0,1,595,595,1305
raw_sales_report,Medshield (Keith San Miguel).xlsx,sales2017,4012,5,11597,2017-01-20,CAM NORTE,BERCEF 250mg/5ml,3,450,1350,,0,3,148,444,906
raw_sales_report,Medshield (Keith San Miguel).xlsx,sales2017,4013,5,11597,2017-01-20,CAM NORTE,BERCEF 50mg Drops,6,175,1050,,0,6,42,252,798
raw_sales_report,Medshield (Keith San Miguel).xlsx,sales2017,4014,5,11597,2017-01-20,CAM NORTE,CLAVIC 125mg/31.25mg/5ml,6,190,1140,,0,6,75.6,453.59999999999997,686.4000000000001
raw_sales_report,Medshield (Keith San Miguel).xlsx,sales2017,4015,5,11598,2017-01-20,CAM NORTE,FEXIL 500MG,2,1800,3600,,0,2,535,1070,2530
raw_sales_report,Medshield (Keith San Miguel).xlsx,sales2017,4016,5,11598,2017-01-20,CAM NORTE,ALTOSAR 50mg/12.5mg,1,500,500,,0,1,158,158,342
raw_sales_report,Medshield (Keith San Miguel).xlsx,sales2017,4017,5,11598,2017-01-20,CAM NORTE,CINNABLOC 25MG,1,500,500,,0,1,133,133,367
raw_sales_report,Medshield (Keith San Miguel).xlsx,sales2017,4018,5,11598,2017-01-20,CAM NORTE,ATOVAS 20MG,1,650,650,,0,1,202.5,202.5,447.5
raw_sales_report,Medshield (Keith San Miguel).xlsx,sales2017,4019,5,11598,2017-01-20,CAM NORTE,AZECLO 100MG,1,1900,1900,,0,1,595,595,1305
raw_sales_report,Medshield (Keith San Miguel).xlsx,sales2017,4020,5,11599,2017-01-20,CAM NORTE,ALGICAP 500MG,1,800,800,,0,1,227.5,227.5,572.5
raw_sales_report,Medshield (Keith San Miguel).xlsx,sales2017,4021,5,11599,2017-01-20,CAM NORTE,ALGICAP 50mg/5ml,3,80,240,,0,3,24.5,73.5,166.5
raw_sales_report,Medshield (Keith San Miguel).xlsx,sales2017,4022,5,11599,2017-01-20,CAM NORTE,RESPINAL 125mg/5ml,2,120,240,,0,2,35,70,170
raw_sales_report,Medshield (Keith San Miguel).xlsx,sales2017,4023,5,11599,2017-01-20,CAM NORTE,RESPINAL 250mg/5ml,2,170,340,,0,2,48,96,244
raw_sales_report,Medshield (Keith San Miguel).xlsx,sales2017,4024,5,11599,2017-01-20,CAM NORTE,BROADMETZ 125mg/5ml,2,79,158,,0,2,23.8,47.6,110.4
raw_sales_report,Medshield (Keith San Miguel).xlsx,sales2017,4025,5,11599,2017-01-20,CAM NORTE,ZETIFEN 250mg/5ml,3,58,174,,0,3,16.8,50.400000000000006,123.6
raw_sales_report,Medshield (Keith San Miguel).xlsx,sales2017,4026,5,11600,2017-01-20,CAM NORTE,ZETIFEN 250mg/5ml,36,80,2880,,0,36,23.45,844.1999999999999,2035.8000000000002
raw_sales_report,Medshield (Keith San Miguel).xlsx,sales2017,4027,5,11672,1'17,LAGUNA,CEFZIME 750mg IM/IV,2,3200,6400,,0,2,750,1500,4900
raw_sales_report,Medshield (Keith San Miguel).xlsx,sales2017,4028,5,11673,2017-01-04,LAGUNA,COZEC,10,350,3500,,0,10,85,850,2650
raw_sales_report,Medshield (Keith San Miguel).xlsx,sales2017,4029,5,11674,2017-01-04,LAGUNA,NUTRI Z 120ml,6,198,1188,,0,6,67,402,786
raw_sales_report,Medshield (Keith San Miguel).xlsx,sales2017,4030,5,11675,2017-01-04,LAGUNA,BUFENOL 200mg/5ml,10,79,790,,0,10,35,350,440
raw_sales_report,Medshield (Keith San Miguel).xlsx,sales2017,4031,5,11676,2017-01-06,LAGUNA,COZEC,10,640,6400,,0,10,85,850,5550
raw_sales_report,Medshield (Keith San Miguel).xlsx,sales2017,4032,5,11676,2017-01-06,LAGUNA,KOLTIN,2,1750,3500,,0,2,550,1100,2400
raw_sales_report,Medshield (Keith San Miguel).xlsx,sales2017,4033,5,11676,2017-01-06,LAGUNA,ANTIZOAL,20,157.5,3150,,0,20,25,500,2650
raw_sales_report,Medshield (Keith San Miguel).xlsx,sales2017,4034,5,11677,2017-01-06,LAGUNA,EUROXONE,40,190,7600,,0,40,73,2920,4680
raw_sales_report,Medshield (Keith San Miguel).xlsx,sales2017,4035,5,11677,2017-01-06,LAGUNA,CEPROTRON 500MG,2,1225,2450,,0,2,415,830,1620
raw_sales_report,Medshield (Keith San Miguel).xlsx,sales2017,4036,5,11677,2017-01-06,LAGUNA,ZINAXIME 500mg ,2,2100,4200,,0,2,1450,2900,1300
raw_sales_report,Medshield (Keith San Miguel).xlsx,sales2017,4037,5,11678,2017-01-05,LAGUNA,ENCLOXIL 500MG,2,1800,3600,,0,2,540,1080,2520
raw_sales_report,Medshield (Keith San Miguel).xlsx,sales2017,4038,5,11679,2017-01-05,LAGUNA,LACTAMOX 625mg,1,2800,2800,,0,1,1173.6,1173.6,1626.4
raw_sales_report,Medshield (Keith San Miguel).xlsx,sales2017,4039,5,11680,2017-01-05,LAGUNA,ALGICAP 500mg,1,800,800,,0,1,227.5,227.5,572.5
raw_sales_report,Medshield (Keith San Miguel).xlsx,sales2017,4040,5,11681,2017-01-05,LAGUNA,APROCARE 150mg,2,750,1500,,0,2,219,438,1062
raw_sales_report,Medshield (Keith San Miguel).xlsx,sales2017,4041,5,11682,2017-01-05,LAGUNA,AMBRODAY 75mg SR,5,500,2500,,0,5,250,1250,1250
raw_sales_report,Medshield (Keith San Miguel).xlsx,sales2017,4042,5,11683,2017-01-09,LAGUNA,THROMBICARE 75mg tab,3,990,2970,,0,3,384,1152,1818
raw_sales_report,Medshield (Keith San Miguel).xlsx,sales2017,4043,5,11684,2017-01-09,LAGUNA,AMLOMED 10mg,1,2575,2575,,0,1,790,790,1785
raw_sales_report,Medshield (Keith San Miguel).xlsx,sales2017,4044,5,11685,2017-01-09,LAGUNA,MAXIFER,15,490,7350,,0,15,163,2445,4905
raw_sales_report,Medshield (Keith San Miguel).xlsx,sales2017,4045,5,11686,2017-01-09,LAGUNA,Astymin 120ml,2,3000,6000,,0,2,650,1300,4700
raw_sales_report,Medshield (Keith San Miguel).xlsx,sales2017,4046,5,11687,2017-01-09,LAGUNA,MAXIFER,15,490,7350,,0,15,163,2445,4905
raw_sales_report,Medshield (Keith San Miguel).xlsx,sales2017,4047,5,11688,2017-01-10,LAGUNA,FUROSE,2,800,1600,,0,2,85,170,1430
raw_sales_report,Medshield (Keith San Miguel).xlsx,sales2017,4048,5,11689,2017-01-10,LAGUNA,THROMBICARE 75mg tab,2,950,1900,,0,2,384,768,1132
raw_sales_report,Medshield (Keith San Miguel).xlsx,sales2017,4049,5,11690,2017-01-10,LAGUNA,EUROXIME 500MG,1,3000,3000,,0,1,1450,1450,1550
raw_sales_report,Medshield (Keith San Miguel).xlsx,sales2017,4050,5,11691,2017-01-10,LAGUNA,AMSUTAS,20,200,4000,,0,20,45,900,3100
raw_sales_report,Medshield (Keith San Miguel).xlsx,sales2017,4051,5,11692,2017-01-10,LAGUNA,ANTIZOAL,10,120,1200,,0,10,25,250,950
raw_sales_report,Medshield (Keith San Miguel).xlsx,sales2017,4052,5,11693,2017-01-10,LAGUNA,EUROXONE,10,300,3000,,0,10,73,730,2270
raw_sales_report,Medshield (Keith San Miguel).xlsx,sales2017,4053,5,11694,2017-01-10,LAGUNA,EUROXIME 500MG,2,3000,6000,,0,2,1450,2900,3100
raw_sales_report,Medshield (Keith San Miguel).xlsx,sales2017,4054,5,11695,2017-01-10,LAGUNA,ALTOCLAV 250mg/62.5mg/5ml,20,200,4000,,0,20,155,3100,900
raw_sales_report,Medshield (Keith San Miguel).xlsx,sales2017,4055,5,11696,2017-01-10,LAGUNA,CLAVIC 250mg/62.5mg/5ml,6,310,1860,,0,6,129.7,778.1999999999999,1081.8000000000002
raw_sales_report,Medshield (Keith San Miguel).xlsx,sales2017,4056,5,11696,2017-01-10,LAGUNA,CLAVIC 125mg/31.25mg/5ml,6,190,1140,,0,6,75.6,453.59999999999997,686.4000000000001
raw_sales_report,Medshield (Keith San Miguel).xlsx,sales2017,4057,5,11697,2017-01-12,LAGUNA,EUROXONE,40,190,7600,,0,40,73,2920,4680
raw_sales_report,Medshield (Keith San Miguel).xlsx,sales2017,4058,5,11697,2017-01-12,LAGUNA,ZINAXIME 500mg ,2,2100,4200,,0,2,1450,2900,1300
raw_sales_report,Medshield (Keith San Miguel).xlsx,sales2017,4059,5,11697,2017-01-12,LAGUNA,CEPROTRON 500mg,2,1225,2450,,0,2,415,830,1620
raw_sales_report,Medshield (Keith San Miguel).xlsx,sales2017,4060,5,11698,2017-01-09,LAGUNA,Astymin 120ml,2,4000,8000,,0,2,650,1300,6700
raw_sales_report,Medshield (Keith San Miguel).xlsx,sales2017,4061,5,11699,2017-01-09,LAGUNA,Astymin 120ml,2,4000,8000,,0,2,650,1300,6700
raw_sales_report,Medshield (Keith San Miguel).xlsx,sales2017,4062,5,11721,2016-12-19,CAM SUR,DOLO-JAGA 500mg/50mg/100mg/100mcg,20,16,320,,0,20,4.81,96.19999999999999,223.8
raw_sales_report,Medshield (Keith San Miguel).xlsx,sales2017,4063,5,11721,2016-12-19,CAM SUR,DOLO-JAGA 500mg/50mg/100mg/100mcg,79,12,948,,0,79,3.23,255.17,692.83
raw_sales_report,Medshield (Keith San Miguel).xlsx,sales2017,4064,5,11722,2016-01-03,CAM SUR,LACTAMOX 625mg,1,2700,2700,,0,1,1173.6,1173.6,1526.4
raw_sales_report,Medshield (Keith San Miguel).xlsx,sales2017,4065,5,11723,2016-01-03,CAM SUR,JAGAPLEX,3,885,2655,,0,3,270,810,1845
raw_sales_report,Medshield (Keith San Miguel).xlsx,sales2017,4066,5,11724,2017-01-05,CAM SUR,HISTARIL 50mg/1mg/5ml,12,88,1056,,0,12,24.47,293.64,762.36
raw_sales_report,Medshield (Keith San Miguel).xlsx,sales2017,4067,5,11724,2017-01-05,CAM SUR,HISTARIL 100mg/2mg,2,1200,2400,,0,2,225,450,1950
raw_sales_report,Medshield (Keith San Miguel).xlsx,sales2017,4068,5,11725,2017-01-05,CAM SUR,LACTAMOX 156.25mg/5ml,10,190,1900,,0,10,75.6,756,1144
raw_sales_report,Medshield (Keith San Miguel).xlsx,sales2017,4069,5,11725,2017-01-05,CAM SUR,LACTAMOX 312.5mg/5ml,10,310,3100,,0,10,129.7,1297,1803
raw_sales_report,Medshield (Keith San Miguel).xlsx,sales2017,4070,5,11725,2017-01-05,CAM SUR,LACTAMOX 625mg,2,2700,5400,,0,2,1173.6,2347.2,3052.8
raw_sales_report,Medshield (Keith San Miguel).xlsx,sales2017,4071,5,11726,2017-01-05,,#REF!,,,0,,0,0,,0,0
raw_sales_report,Medshield (Keith San Miguel).xlsx,sales2017,4072,5,11729,2017-01-06,CAM SUR,JAGAPLEX,2,1300,2600,,0,4,345,1380,1220
raw_sales_report,Medshield (Keith San Miguel).xlsx,sales2017,4073,5,11730,2017-01-06,CAM SUR,LACTAMOX 156.25mg/5ml,12,95,1140,,0,12,75.6,907.1999999999999,232.80000000000007
raw_sales_report,Medshield (Keith San Miguel).xlsx,sales2017,4074,5,11731,2017-01-06,CAM SUR,LACTAMOX 312.5mg/5ml,6,310,1860,,0,6,129.7,778.1999999999999,1081.8000000000002
raw_sales_report,Medshield (Keith San Miguel).xlsx,sales2017,4075,5,11732,2017-01-06,CAM SUR,JAGAPLEX,4,1200,4800,,0,6,345,2070,2730
raw_sales_report,Medshield (Keith San Miguel).xlsx,sales2017,4076,5,11733,2017-01-06,CAM SUR,JAGAPLEX 120ML,67,175,11725,,0,67,47,3149,8576
raw_sales_report,Medshield (Keith San Miguel).xlsx,sales2017,4077,5,11733,2017-01-06,CAM SUR,JAGAPLEX,7,885,6195,,0,7,270,1890,4305
raw_sales_report,Medshield (Keith San Miguel).xlsx,sales2017,4078,5,11733,2017-01-06,CAM SUR,OBYDOSE,2,855,1710,,0,2,265,530,1180
raw_sales_report,Medshield (Keith San Miguel).xlsx,sales2017,4079,5,11733,2017-01-06,CAM SUR,NERVAPLEX 500mg/50mg/100mg/100mcg,10,1600,16000,,0,10,480.9,4809,11191
raw_sales_report,Medshield (Keith San Miguel).xlsx,sales2017,4080,5,11733,2017-01-06,CAM SUR,CINNABLOC 75mg,2,160,320,,0,2,40,80,240
raw_sales_report,Medshield (Keith San Miguel).xlsx,sales2017,4081,5,11733,2017-01-06,CAM SUR,CLAXIC 500mg,2,2700,5400,,0,2,1173.6,2347.2,3052.8
raw_sales_report,Medshield (Keith San Miguel).xlsx,sales2017,4082,5,11733,2017-01-06,CAM SUR,AFFORVIT,2,650,1300,,0,2,203,406,894
raw_sales_report,Medshield (Keith San Miguel).xlsx,sales2017,4083,5,11733,2017-01-06,CAM SUR,FOCID 5mg,4,650,2600,,0,4,187.5,750,1850
raw_sales_report,Medshield (Keith San Miguel).xlsx,sales2017,4084,5,11733,2017-01-06,CAM SUR,ANEROCIN 300mg,1,3800,3800,,0,1,890,890,2910
raw_sales_report,Medshield (Keith San Miguel).xlsx,sales2017,4085,5,11733,2017-01-06,CAM SUR,HISTARIL 50mg/1mg/5ml,50,88,4400,,0,50,24.47,1223.5,3176.5
raw_sales_report,Medshield (Keith San Miguel).xlsx,sales2017,4086,5,11733,2017-01-06,CAM SUR,CLAXIC 125mg/31.25mg/5ml,30,190,5700,,0,30,75.6,2268,3432
raw_sales_report,Medshield (Keith San Miguel).xlsx,sales2017,4087,5,11734,2017-01-06,CAM SUR,CINNABLOC 25MG,2,500,1000,,0,2,133,266,734
raw_sales_report,Medshield (Keith San Miguel).xlsx,sales2017,4088,5,11734,2017-01-06,CAM SUR,DOPACARE 250MG,2,1800,3600,,0,2,590,1180,2420
raw_sales_report,Medshield (Keith San Miguel).xlsx,sales2017,4089,5,11735,2017-01-06,CAM SUR,EUROGYL 500MG,20,120,2400,,0,20,23,460,1940
raw_sales_report,Medshield (Keith San Miguel).xlsx,sales2017,4090,5,11736,2017-01-11,CAM SUR,HISTARIL 50mg/1mg/5ml,3,800,2400,,0,3,225,675,1725
raw_sales_report,Medshield (Keith San Miguel).xlsx,sales2017,4091,5,11737,2017-01-12,CAM SUR,HISTARIL 50mg/1mg/5ml,18,88,1584,,0,18,24.47,440.46,1143.54
raw_sales_report,Medshield (Keith San Miguel).xlsx,sales2017,4092,5,11738,2017-01-12,CAM SUR,LACTAMOX 156.25mg/5ml,9,310,2790,,0,9,75.6,680.4,2109.6
raw_sales_report,Medshield (Keith San Miguel).xlsx,sales2017,4093,5,11739,2017-01-12,CAM SUR,LACTAMOX 625mg,1,2700,2700,,0,1,1173.6,1173.6,1526.4
raw_sales_report,Medshield (Keith San Miguel).xlsx,sales2017,4094,5,11740,2017-01-12,CAM SUR,BERCEF 250mg/5ml,9,350,3150,,0,9,148,1332,1818
raw_sales_report,Medshield (Keith San Miguel).xlsx,sales2017,4095,5,11741,2017-01-12,CAM SUR,PROXAZIN 500mg,2,1750,3500,,0,2,450,900,2600
raw_sales_report,Medshield (Keith San Miguel).xlsx,sales2017,4096,5,11741,2017-01-12,CAM SUR,ZIONEL 50mg,4,675,2700,,0,4,200,800,1900
raw_sales_report,Medshield (Keith San Miguel).xlsx,sales2017,4097,5,11741,2017-01-12,CAM SUR,AMETRIS 500mg,4,650,2600,,0,4,170,680,1920
raw_sales_report,Medshield (Keith San Miguel).xlsx,sales2017,4098,5,11741,2017-01-12,CAM SUR,ALLERCEF 1mg,10,250,2500,,0,10,80,800,1700
raw_sales_report,Medshield (Keith San Miguel).xlsx,sales2017,4099,5,11742,2017-01-12,CAM SUR,HISTARIL 50mg/1mg/5ml,20,88,1760,,0,20,24.47,489.4,1270.6
raw_sales_report,Medshield (Keith San Miguel).xlsx,sales2017,4100,5,11742,2017-01-12,CAM SUR,LACTAMOX 156.25mg/5ml,10,190,1900,,0,10,75.6,756,1144
raw_sales_report,Medshield (Keith San Miguel).xlsx,sales2017,4101,5,11742,2017-01-12,CAM SUR,LACTAMOX 312.5mg/5ml,10,310,3100,,0,10,129.7,1297,1803
raw_sales_report,Medshield (Keith San Miguel).xlsx,sales2017,4102,5,11742,2017-01-12,CAM SUR,LACTAMOX 625mg,1,2700,2700,,0,1,1173.6,1173.6,1526.4
raw_sales_report,Medshield (Keith San Miguel).xlsx,sales2017,4103,5,11743,2017-01-19,CAM SUR,HISTARIL 50mg/1mg/5ml,20,88,1760,,0,20,24.47,489.4,1270.6
raw_sales_report,Medshield (Keith San Miguel).xlsx,sales2017,4104,5,11744,2017-01-19,CAM SUR,JAGAPLEX,3,1200,3600,,0,3,345,1035,2565
raw_sales_report,Medshield (Keith San Miguel).xlsx,sales2017,4105,5,11745,2017-01-19,CAM SUR,ZETIFEN 250mg/5ml,20,80,1600,,0,20,21,420,1180
raw_sales_report,Medshield (Keith San Miguel).xlsx,sales2017,4106,5,11746,2017-01-19,CAM SUR,LACTAMOX 625mg,1,2700,2700,,0,1,1173.6,1173.6,1526.4
raw_sales_report,Medshield (Keith San Miguel).xlsx,sales2017,4107,5,11747,2017-01-13,CAM SUR,ALGICAP 50mg/5ml,6,90,540,,0,6,24.5,147,393
raw_sales_report,Medshield (Keith San Miguel).xlsx,sales2017,4108,5,11748,2017-01-19,CAM SUR,HISTARIL 100mg/2mg,2,800,1600,,0,2,225,450,1150
raw_sales_report,Medshield (Keith San Miguel).xlsx,sales2017,4109,5,11749,2017-01-19,CAM SUR,ROSADOC 10MG,2,1120,2240,,0,2,330,660,1580
raw_sales_report,Medshield (Keith San Miguel).xlsx,sales2017,4110,5,11749,2017-01-19,CAM SUR,ROSADOC 20MG,2,780,1560,,0,2,210,420,1140
raw_sales_report,Medshield (Keith San Miguel).xlsx,sales2017,4111,5,11750,2017-01-19,CAM SUR,JAGAPLEX,10,885,8850,,0,10,270,2700,6150
raw_sales_report,Medshield (Keith San Miguel).xlsx,sales2017,4112,5,11750,2017-01-19,CAM SUR,FEXIL 500mg,10,1800,18000,,0,10,535,5350,12650
raw_sales_report,Medshield (Keith San Miguel).xlsx,sales2017,4113,5,11750,2017-01-19,CAM SUR,FERGLOBIN 250mg,2,725,1450,,0,2,215,430,1020
raw_sales_report,Medshield (Keith San Miguel).xlsx,sales2017,4114,5,11754,2017-01-04,BATANGAS,NUTRI Z Drops,20,155,3100,,0,20,48.5,970,2130
raw_sales_report,Medshield (Keith San Miguel).xlsx,sales2017,4115,5,11755,2017-01-04,BATANGAS,HISTARIL 50mg/1mg/5ml,20,80,1600,,0,20,24.47,489.4,1110.6
raw_sales_report,Medshield (Keith San Miguel).xlsx,sales2017,4116,5,11756,2017-01-04,BATANGAS,INTRAPLEM 50mg/ml Drops,20,80,1600,,0,20,22.75,455,1145
raw_sales_report,Medshield (Keith San Miguel).xlsx,sales2017,4117,5,11757,2017-01-04,BATANGAS,CENDALEX 100mg/ml Drops,20,95,1900,,0,20,31,620,1280
raw_sales_report,Medshield (Keith San Miguel).xlsx,sales2017,4118,5,11758,2017-01-04,BATANGAS,HISTARIL 100mg/2mg,2,960,1920,,0,2,225,450,1470
raw_sales_report,Medshield (Keith San Miguel).xlsx,sales2017,4119,5,11759,2017-01-04,BATANGAS,FERGLOBIN FA 60mg/400mcg,1,1098,1098,,0,1,240,240,858
raw_sales_report,Medshield (Keith San Miguel).xlsx,sales2017,4120,5,11760,2017-01-04,BATANGAS,VICEPHRIN 100mg/ml Drops,10,96,960,,0,10,25,250,710
raw_sales_report,Medshield (Keith San Miguel).xlsx,sales2017,4121,5,11761,2017-01-04,BATANGAS,VISTREP 250mg/5ml,6,180,1080,,0,6,48,288,792
raw_sales_report,Medshield (Keith San Miguel).xlsx,sales2017,4122,5,11762,2017-01-04,BATANGAS,VOXOLL 15mg/5ml,6,72,432,,0,6,23,138,294
raw_sales_report,Medshield (Keith San Miguel).xlsx,sales2017,4123,5,11763,2017-01-04,BATANGAS,LACTAMOX 625mg,2,3360,6720,,0,2,1173.6,2347.2,4372.8
raw_sales_report,Medshield (Keith San Miguel).xlsx,sales2017,4124,5,11764,2017-01-04,BATANGAS,JAGA 300mg/100mg/100mcg,2,1026,2052,,0,2,345,690,1362
raw_sales_report,Medshield (Keith San Miguel).xlsx,sales2017,4125,5,11765,2017-01-04,BATANGAS,CELENCE 200mg,1,3360,3360,,0,1,860,860,2500
raw_sales_report,Medshield (Keith San Miguel).xlsx,sales2017,4126,5,11766,2017-01-04,BATANGAS,TRIVASC 35mg MR,2,1335,2670,,0,2,445,890,1780
raw_sales_report,Medshield (Keith San Miguel).xlsx,sales2017,4127,5,11767,2017-01-04,BATANGAS,Astymin 120ml,6,2600,15600,,0,6,650,3900,11700
raw_sales_report,Medshield (Keith San Miguel).xlsx,sales2017,4128,5,11768,2017-01-04,BATANGAS,ALFOXIN 1g,20,880,17600,,0,20,370,7400,10200
raw_sales_report,Medshield (Keith San Miguel).xlsx,sales2017,4129,5,11769,2017-01-04,BATANGAS,SNEEZ 6.25mg/2ml/ml Drops,10,154,1540,,0,10,42,420,1120
raw_sales_report,Medshield (Keith San Miguel).xlsx,sales2017,4130,5,11770,2017-01-04,BATANGAS,XITHROM 150MG,3,4200,12600,,0,3,1235,3705,8895
raw_sales_report,Medshield (Keith San Miguel).xlsx,sales2017,4131,5,11771,2017-01-04,BATANGAS,ALGICAP 50mg/5ml,10,77,770,,0,10,24.5,245,525
raw_sales_report,Medshield (Keith San Miguel).xlsx,sales2017,4132,5,11771,2017-01-04,BATANGAS,VICEPHRIN 250mg/5ml,6,165,990,,0,6,48,288,702
raw_sales_report,Medshield (Keith San Miguel).xlsx,sales2017,4133,5,11772,2017-01-04,BATANGAS,JAGAPLEX,12,160,1920,0.1,192,12,47,564,1164
raw_sales_report,Medshield (Keith San Miguel).xlsx,sales2017,4134,5,11773,2017-01-04,BATANGAS,ZEGECEF 250mg/5ml,6,480,2880,0.1,288,6,139.45,836.6999999999999,1755.3000000000002
raw_sales_report,Medshield (Keith San Miguel).xlsx,sales2017,4135,5,11774,2017-01-04,BATANGAS,HISTARIL 100mg/2mg,2,960,1920,0.1,192,2,225,450,1278
raw_sales_report,Medshield (Keith San Miguel).xlsx,sales2017,4136,5,11775,2017-01-04,BATANGAS,LACTAMOX 625mg,3,3360,10080,0.1,1008,3,1173.6,3520.7999999999997,5551.200000000001
raw_sales_report,Medshield (Keith San Miguel).xlsx,sales2017,4137,5,11776,2017-01-04,BATANGAS,ALGICAP 500MG,2,780,1560,0.1,156,2,227.5,455,949
raw_sales_report,Medshield (Keith San Miguel).xlsx,sales2017,4138,5,11777,2017-01-04,BATANGAS,VICEPHRIN 250mg/5ml,20,180,3600,0.1,360,20,48,960,2280
raw_sales_report,Medshield (Keith San Miguel).xlsx,sales2017,4139,5,11778,2017-01-04,BATANGAS,VICEPHRIN 100mg/ml Drops,14,96,1344,0.1,134.4,14,25,350,859.5999999999999
raw_sales_report,Medshield (Keith San Miguel).xlsx,sales2017,4140,5,11779,2017-01-04,BATANGAS,CELENCE 200mg,2,3360,6720,0.1,672,2,860,1720,4328
raw_sales_report,Medshield (Keith San Miguel).xlsx,sales2017,4141,5,11780,2017-01-04,BATANGAS,CENDALEX 500mg,8,1080,8640,0.1,864,8,300,2400,5376
raw_sales_report,Medshield (Keith San Miguel).xlsx,sales2017,4142,5,11781,2017-01-04,BATANGAS,AMSUTAS,40,310,12400,0.1,1240,40,45,1800,9360
raw_sales_report,Medshield (Keith San Miguel).xlsx,sales2017,4143,5,11782,2017-01-04,BATANGAS,HISTARIL 50mg/1mg/5ml,12,96,1152,0.1,115.2,12,24.47,293.64,743.16
raw_sales_report,Medshield (Keith San Miguel).xlsx,sales2017,4144,5,11783,2017-01-04,BATANGAS,LACTAMOX 625mg,1,3360,3360,0.1,336,1,1173.6,1173.6,1850.4
raw_sales_report,Medshield (Keith San Miguel).xlsx,sales2017,4145,5,11785,2017-01-10,BATANGAS,Astymin 120ml,2,3500,7000,0.1,700,2,650,1300,5000
raw_sales_report,Medshield (Keith San Miguel).xlsx,sales2017,4146,5,11786,2017-01-10,BATANGAS,ALTOSAR 50mg/12.5mg,10,600,6000,0.1,600,10,158,1580,3820
raw_sales_report,Medshield (Keith San Miguel).xlsx,sales2017,4147,5,11787,2017-01-10,BATANGAS,HEMOTRAN 500MG,2,2160,4320,0.1,432,2,685,1370,2518
raw_sales_report,Medshield (Keith San Miguel).xlsx,sales2017,4148,5,11788,2017-01-10,BATANGAS,COZEC,2,7000,14000,0.1,1400,2,85,170,12430
raw_sales_report,Medshield (Keith San Miguel).xlsx,sales2017,4149,5,11789,2017-01-10,BATANGAS,ALTOSAR 50mg/12.5mg,10,600,6000,,0,10,158,1580,4420
raw_sales_report,Medshield (Keith San Miguel).xlsx,sales2017,4150,5,11790,2017-01-10,BATANGAS,INTRAPLEM 50mg/ml Drops,12,96,1152,,0,12,22.75,273,879
raw_sales_report,Medshield (Keith San Miguel).xlsx,sales2017,4151,5,11791,2017-01-10,BATANGAS,CENDALEX 500mg,4,1080,4320,,0,4,300,1200,3120
raw_sales_report,Medshield (Keith San Miguel).xlsx,sales2017,4152,5,11792,2017-01-10,BATANGAS,SNEEZ 6.25mg/2ml/ml Drops,12,144,1728,,0,12,38,456,1272
raw_sales_report,Medshield (Keith San Miguel).xlsx,sales2017,4153,5,11793,2017-01-10,BATANGAS,JAGAPLEX,2,1026,2052,,0,2,270,540,1512
raw_sales_report,Medshield (Keith San Miguel).xlsx,sales2017,4154,5,11794,2017-01-10,BATANGAS,LACTAMOX 625mg,2,3360,6720,,0,2,1173.6,2347.2,4372.8
raw_sales_report,Medshield (Keith San Miguel).xlsx,sales2017,4155,5,11795,2017-01-10,BATANGAS,ALGICAP 500MG,1,780,780,,0,1,227.5,227.5,552.5
raw_sales_report,Medshield (Keith San Miguel).xlsx,sales2017,4156,5,11795,2017-01-10,BATANGAS,JAGAPLEX,1,1036,1036,,0,1,270,270,766
raw_sales_report,Medshield (Keith San Miguel).xlsx,sales2017,4157,5,11795,2017-01-10,BATANGAS,JAGA 300mg/100mg/100mcg,1,1098,1098,,0,1,345,345,753
raw_sales_report,Medshield (Keith San Miguel).xlsx,sales2017,4158,5,11796,2017-01-10,BATANGAS,VOXOLL 15mg/5ml,10,72,720,,0,10,23,230,490
raw_sales_report,Medshield (Keith San Miguel).xlsx,sales2017,4159,5,11796,2017-01-10,BATANGAS,HISTARIL 50mg/1mg/5ml,10,96,960,,0,10,24.47,244.7,715.3
raw_sales_report,Medshield (Keith San Miguel).xlsx,sales2017,4160,5,11796,2017-01-10,BATANGAS,BERCEF 250mg/5ml,10,365,3650,,0,10,148,1480,2170
raw_sales_report,Medshield (Keith San Miguel).xlsx,sales2017,4161,5,11797,2017-01-10,BATANGAS,VICEPHRIN 100mg/ml Drops,10,96,960,,0,10,25,250,710
raw_sales_report,Medshield (Keith San Miguel).xlsx,sales2017,4162,5,11797,2017-01-10,BATANGAS,VICEPHRIN 250mg/5ml,8,180,1440,,0,8,48,384,1056
raw_sales_report,Medshield (Keith San Miguel).xlsx,sales2017,4163,5,11797,2017-01-10,BATANGAS,JAGAPLEX 120ML,8,160,1280,,0,8,47,376,904
raw_sales_report,Medshield (Keith San Miguel).xlsx,sales2017,4164,5,11798,2017-01-10,BATANGAS,TRIVASC 35mg MR,4,1335,5340,,0,4,445,1780,3560
raw_sales_report,Medshield (Keith San Miguel).xlsx,sales2017,4165,5,11799,2017-01-10,BATANGAS,ZELEX 200MG,1,2250,2250,,0,1,750,750,1500
raw_sales_report,Medshield (Keith San Miguel).xlsx,sales2017,4166,5,11800,2017-01-10,BATANGAS,VITAKIDS 120ML,12,150,1800,,0,12,48.65,583.8,1216.2
raw_sales_report,Medshield (Keith San Miguel).xlsx,sales2017,4167,5,11851,2017-01-23,CAM SUR,JAGA 300mg/100mg/100mcg,2,1300,2600,,0,4,345,1380,1220
raw_sales_report,Medshield (Keith San Miguel).xlsx,sales2017,4168,5,11851,2017-01-23,CAM SUR,JAGA 300mg/100mg/100mcg,20,95,1900,,0,20,75.6,1512,388
raw_sales_report,Medshield (Keith San Miguel).xlsx,sales2017,4169,5,11854,2017-01-26,CAM SUR,TOSYLAM 750mg,2,2300,4600,,0,3,980,2940,1660
raw_sales_report,Medshield (Keith San Miguel).xlsx,sales2017,4170,5,11854,2017-01-26,CAM SUR,TOSYLAM 375mg,2,2750,5500,,0,3,765,2295,3205
raw_sales_report,Medshield (Keith San Miguel).xlsx,sales2017,4171,5,11855,2017-01-26,CAM SUR,HISTARIL 50mg/1mg/5ml,20,88,1760,,0,20,24.47,489.4,1270.6
raw_sales_report,Medshield (Keith San Miguel).xlsx,sales2017,4172,5,11856,2017-01-26,CAM SUR,LACTAMOX 156.25mg/5ml,12,190,2280,,0,12,75.6,907.1999999999999,1372.8000000000002
raw_sales_report,Medshield (Keith San Miguel).xlsx,sales2017,4173,5,11857,2017-01-26,CAM SUR,LACTAMOX 312.5mg/5ml,12,310,3720,,0,12,129.7,1556.3999999999999,2163.6000000000004
raw_sales_report,Medshield (Keith San Miguel).xlsx,sales2017,4174,5,11858,2017-01-26,CAM SUR,HISTARIL 100mg/2mg,1,800,800,,0,1,225,225,575
raw_sales_report,Medshield (Keith San Miguel).xlsx,sales2017,4175,5,11896,2017-02-21,CAM SUR,AMSUTAS,20,450,9000,,0,20,45,900,8100
raw_sales_report,Medshield (Keith San Miguel).xlsx,sales2017,4176,5,11901,2017-01-13,BATANGAS,CLAVIC 500mg,6,2800,16800,,0,6,1173.6,7041.599999999999,9758.400000000001
raw_sales_report,Medshield (Keith San Miguel).xlsx,sales2017,4177,5,11901,2017-01-13,BATANGAS,EUROXIME 500MG,6,3000,18000,,0,6,1450,8700,9300
raw_sales_report,Medshield (Keith San Miguel).xlsx,sales2017,4178,5,11901,2017-01-13,BATANGAS,SNEEZ 6.25mg/2ml/ml Drops,12,120,1440,,0,12,38,456,984
raw_sales_report,Medshield (Keith San Miguel).xlsx,sales2017,4179,5,11901,2017-01-13,BATANGAS,SNEEZ 12.5mg,9,140,1260,,0,9,42,378,882
raw_sales_report,Medshield (Keith San Miguel).xlsx,sales2017,4180,5,11901,2017-01-13,BATANGAS,BERCEF 250mg/5ml,14,365,5110,,0,14,148,2072,3038
raw_sales_report,Medshield (Keith San Miguel).xlsx,sales2017,4181,5,11901,2017-01-13,BATANGAS,BERCEF 50mg Drops,20,150,3000,,0,20,42,840,2160
raw_sales_report,Medshield (Keith San Miguel).xlsx,sales2017,4182,5,11901,2017-01-13,BATANGAS,C-ZEIT,7,600,4200,,0,7,170,1190,3010
raw_sales_report,Medshield (Keith San Miguel).xlsx,sales2017,4183,5,11902,2017-01-13,BATANGAS,VOXOLL 15mg/5ml,29,60,1740,,0,29,23,667,1073
raw_sales_report,Medshield (Keith San Miguel).xlsx,sales2017,4184,5,11902,2017-01-13,BATANGAS,JAGA 300mg/100mg/100mcg,5,915,4575,,0,5,345,1725,2850
raw_sales_report,Medshield (Keith San Miguel).xlsx,sales2017,4185,5,11902,2017-01-13,BATANGAS,VOXOLL 30mg,6,650,3900,,0,6,168,1008,2892
raw_sales_report,Medshield (Keith San Miguel).xlsx,sales2017,4186,5,11902,2017-01-13,BATANGAS,JAGAPLEX,2,855,1710,,0,2,270,540,1170
raw_sales_report,Medshield (Keith San Miguel).xlsx,sales2017,4187,5,11902,2017-01-13,BATANGAS,#REF!,,,0,,0,0,,0,0
raw_sales_report,Medshield (Keith San Miguel).xlsx,sales2017,4188,5,11902,2017-01-13,BATANGAS,#REF!,,,0,,0,0,,0,0
raw_sales_report,Medshield (Keith San Miguel).xlsx,sales2017,4189,5,11903,2017-01-13,BATANGAS,LACTAMOX 312.5mg/5ml,6,300,1800,,0,6,129.7,778.1999999999999,1021.8000000000001
raw_sales_report,Medshield (Keith San Miguel).xlsx,sales2017,4190,5,11903,2017-01-13,BATANGAS,ZELEX 200MG,1,2250,2250,,0,1,750,750,1500
raw_sales_report,Medshield (Keith San Miguel).xlsx,sales2017,4191,5,11903,2017-01-13,BATANGAS,QUIFLOX 500MG,1,1800,1800,,0,1,630,630,1170
raw_sales_report,Medshield (Keith San Miguel).xlsx,sales2017,4192,5,11903,2017-01-13,BATANGAS,INTRAPLEM 100mg/5ml,6,100,600,,0,6,26.93,161.57999999999998,438.42
raw_sales_report,Medshield (Keith San Miguel).xlsx,sales2017,4193,5,11903,2017-01-13,BATANGAS,PUROXEL 40MG,1,1300,1300,,0,1,200,200,1100
raw_sales_report,Medshield (Keith San Miguel).xlsx,sales2017,4194,5,11904,2017-01-13,BATANGAS,CINNABLOC 25MG,1,500,500,,0,1,133,133,367
raw_sales_report,Medshield (Keith San Miguel).xlsx,sales2017,4195,5,11904,2017-01-13,BATANGAS,JAGA 300mg/100mg/100mcg,1,800,800,,0,1,345,345,455
raw_sales_report,Medshield (Keith San Miguel).xlsx,sales2017,4196,5,11904,2017-01-13,BATANGAS,HISTARIL 100mg/2mg,1,750,750,,0,1,225,225,525
raw_sales_report,Medshield (Keith San Miguel).xlsx,sales2017,4197,5,11905,2017-01-13,BATANGAS,ZELEX 200MG,2,2250,4500,,0,2,750,1500,3000
raw_sales_report,Medshield (Keith San Miguel).xlsx,sales2017,4198,5,11905,2017-01-13,BATANGAS,QUIFLOX 500MG,1,1800,1800,,0,1,630,630,1170
raw_sales_report,Medshield (Keith San Miguel).xlsx,sales2017,4199,5,11905,2017-01-13,BATANGAS,INTRAPLEM 100mg/5ml,12,100,1200,,0,12,26.93,323.15999999999997,876.84
raw_sales_report,Medshield (Keith San Miguel).xlsx,sales2017,4200,5,11906,2017-01-13,BATANGAS,BERCEF 250mg/5ml,6,365,2190,,0,6,148,888,1302
raw_sales_report,Medshield (Keith San Miguel).xlsx,sales2017,4201,5,11907,2017-01-16,BATANGAS,AZECLO 100MG,1,1800,1800,,0,1,595,595,1205
raw_sales_report,Medshield (Keith San Miguel).xlsx,sales2017,4202,5,11908,2017-01-16,BATANGAS,SURITRAM,2,1980,3960,,0,2,500,1000,2960
raw_sales_report,Medshield (Keith San Miguel).xlsx,sales2017,4203,5,11909,2017-01-16,BATANGAS,ZEGECEF 250mg/5ml,12,400,4800,,0,12,139.45,1673.3999999999999,3126.6000000000004
raw_sales_report,Medshield (Keith San Miguel).xlsx,sales2017,4204,5,11910,2017-01-19,BATANGAS,FERGLOBIN FA 60mg/400mcg,2,1080,2160,,0,2,240,480,1680
raw_sales_report,Medshield (Keith San Miguel).xlsx,sales2017,4205,5,11911,2017-01-19,BATANGAS,ALGICAP 50mg/5ml,12,84,1008,,0,12,24.5,294,714
raw_sales_report,Medshield (Keith San Miguel).xlsx,sales2017,4206,5,11912,2017-01-19,BATANGAS,INTRAPLEM 100mg/5ml,8,96,768,,0,8,22.75,182,586
raw_sales_report,Medshield (Keith San Miguel).xlsx,sales2017,4207,5,11913,2017-01-19,BATANGAS,BERCEF 250mg/5ml,10,350,3500,,0,10,148,1480,2020
raw_sales_report,Medshield (Keith San Miguel).xlsx,sales2017,4208,5,11914,2017-01-19,BATANGAS,BERCEF 50mg Drops,12,144,1728,,0,12,38,456,1272
raw_sales_report,Medshield (Keith San Miguel).xlsx,sales2017,4209,5,11915,2017-01-19,BATANGAS,JAGAPLEX 120ML,10,160,1600,,0,10,47,470,1130
raw_sales_report,Medshield (Keith San Miguel).xlsx,sales2017,4210,5,11916,2017-01-19,BATANGAS,MONILIASOL 125mg/5mL,8,84,672,,0,8,26.25,210,462
raw_sales_report,Medshield (Keith San Miguel).xlsx,sales2017,4211,5,11916,2017-01-19,BATANGAS,VICEPHRIN 100mg/ml Drops,2,96,192,,0,2,25,50,142
raw_sales_report,Medshield (Keith San Miguel).xlsx,sales2017,4212,5,11916,2017-01-19,BATANGAS,VOXOLL 15mg/5ml,2,72,144,,0,2,23,46,98
raw_sales_report,Medshield (Keith San Miguel).xlsx,sales2017,4213,5,11917,2017-01-19,BATANGAS,AZECLO 100MG,2,2280,4560,,0,2,595,1190,3370
raw_sales_report,Medshield (Keith San Miguel).xlsx,sales2017,4214,5,11918,2017-01-19,BATANGAS,LACTAMOX 312.5mg/5ml,2,3360,6720,,0,2,1173.6,2347.2,4372.8
raw_sales_report,Medshield (Keith San Miguel).xlsx,sales2017,4215,5,11919,2017-01-19,BATANGAS,NERVCARE 500MG,3,6050,18150,,0,3,2750,8250,9900
raw_sales_report,Medshield (Keith San Miguel).xlsx,sales2017,4216,5,11920,2017-01-19,BATANGAS,CEPROTRON 500mg,2,1600,3200,,0,2,415,830,2370
raw_sales_report,Medshield (Keith San Miguel).xlsx,sales2017,4217,5,11921,2017-01-19,BATANGAS,HISTARIL 50mg/1mg/5ml,14,80,1120,,0,14,24.47,342.58,777.4200000000001
raw_sales_report,Medshield (Keith San Miguel).xlsx,sales2017,4218,5,11922,2017-01-19,BATANGAS,ALLERCEF 1mg,24,220,5280,,0,24,80,1920,3360
raw_sales_report,Medshield (Keith San Miguel).xlsx,sales2017,4219,5,11923,2017-01-19,BATANGAS,GIAN ZINC 30ml Drops,18,133,2394,,0,18,55,990,1404
raw_sales_report,Medshield (Keith San Miguel).xlsx,sales2017,4220,5,11924,2017-01-19,BATANGAS,INTRAPLEM 100mg/5ml,3,980,2940,,0,3,280,840,2100
raw_sales_report,Medshield (Keith San Miguel).xlsx,sales2017,4221,5,11924,2017-01-19,BATANGAS,LIPIVASC,13,792,10296,,0,13,287.5,3737.5,6558.5
raw_sales_report,Medshield (Keith San Miguel).xlsx,sales2017,4222,5,11924,2017-01-19,BATANGAS,MONILIASOL 125mg/5mL,4,800,3200,,0,4,240,960,2240
raw_sales_report,Medshield (Keith San Miguel).xlsx,sales2017,4223,5,11924,2017-01-19,BATANGAS,C-ZEIT,3,600,1800,,0,3,170,510,1290
raw_sales_report,Medshield (Keith San Miguel).xlsx,sales2017,4224,5,11924,2017-01-19,BATANGAS,SNEEZ 12.5mg,14,150,2100,,0,14,42,588,1512
raw_sales_report,Medshield (Keith San Miguel).xlsx,sales2017,4225,5,11925,2017-01-19,BATANGAS,BERCEF 250mg/5ml,13,365,4745,,0,13,148,1924,2821
raw_sales_report,Medshield (Keith San Miguel).xlsx,sales2017,4226,5,11925,2017-01-19,BATANGAS,MONILIASOL 125mg/5mL,28,80,2240,,0,28,26.25,735,1505
raw_sales_report,Medshield (Keith San Miguel).xlsx,sales2017,4227,5,11951,2017-01-09,PHARMA,AMOLTEX 2mg/5ml,288,60,17280,,0,288,20.5,5904,11376
raw_sales_report,Medshield (Keith San Miguel).xlsx,sales2017,4228,5,11951,2017-01-09,PHARMA,HISTARIL 100mg/2mg,7,750,5250,,0,7,225,1575,3675
raw_sales_report,Medshield (Keith San Miguel).xlsx,sales2017,4229,5,11951,2017-01-09,PHARMA,HISTARIL 50mg/1mg/5ml,12,80,960,,0,12,24.47,293.64,666.36
raw_sales_report,Medshield (Keith San Miguel).xlsx,sales2017,4230,5,11951,2017-01-09,PHARMA,JAGA 300mg/100mg/100mcg,5,915,4575,,0,5,323.4,1617,2958
raw_sales_report,Medshield (Keith San Miguel).xlsx,sales2017,4231,5,11951,2017-01-09,PHARMA,VOXOLL 30mg,5,650,3250,,0,5,23,115,3135
raw_sales_report,Medshield (Keith San Miguel).xlsx,sales2017,4232,5,12001,2017-01-17,LAGUNA,COZEC,20,640,12800,,0,20,85,1700,11100
raw_sales_report,Medshield (Keith San Miguel).xlsx,sales2017,4233,5,12002,2017-01-17,LAGUNA,Astymin 120ml,20,400,8000,,0,20,65,1300,6700
raw_sales_report,Medshield (Keith San Miguel).xlsx,sales2017,4234,5,12002,2017-01-17,LAGUNA,KOLTIN,1,1750,1750,,0,1,550,550,1200
raw_sales_report,Medshield (Keith San Miguel).xlsx,sales2017,4235,5,12003,2017-01-17,LAGUNA,KOLTIN,10,350,3500,,0,10,55,550,2950
raw_sales_report,Medshield (Keith San Miguel).xlsx,sales2017,4236,5,12003,2017-01-17,LAGUNA,QUIFLOX 500MG,1,2269.8,2269.8,,0,1,630,630,1639.8000000000002
raw_sales_report,Medshield (Keith San Miguel).xlsx,sales2017,4237,5,12004,2017-01-20,LAGUNA,EUROXONE,50,190,9500,,0,50,73,3650,5850
raw_sales_report,Medshield (Keith San Miguel).xlsx,sales2017,4238,5,12004,2017-01-20,LAGUNA,ZINAXIME 500mg ,2,2100,4200,,0,2,1450,2900,1300
raw_sales_report,Medshield (Keith San Miguel).xlsx,sales2017,4239,5,12004,2017-01-20,LAGUNA,CEPROTRON 500MG,2,1225,2450,,0,2,415,830,1620
raw_sales_report,Medshield (Keith San Miguel).xlsx,sales2017,4240,5,12005,2017-01-17,LAGUNA,CEFZIME 750mg IM/IV,20,320,6400,,0,20,75,1500,4900
raw_sales_report,Medshield (Keith San Miguel).xlsx,sales2017,4241,5,12006,2017-01-17,LAGUNA,CEFZIME 750mg IM/IV,20,320,6400,,0,20,75,1500,4900
raw_sales_report,Medshield (Keith San Miguel).xlsx,sales2017,4242,5,12007,2017-01-17,LAGUNA,CEFZIME 750mg IM/IV,20,320,6400,,0,20,75,1500,4900
raw_sales_report,Medshield (Keith San Miguel).xlsx,sales2017,4243,5,12009,2017-01-25,LAGUNA,VITALYF,2,2500,5000,,0,2,240,480,4520
raw_sales_report,Medshield (Keith San Miguel).xlsx,sales2017,4244,5,12009,2017-01-25,LAGUNA,STALIP A 5mg+10mg,2,2546,5092,,0,2,680,1360,3732
raw_sales_report,Medshield (Keith San Miguel).xlsx,sales2017,4245,5,12010,2017-01-25,LAGUNA,COZEC,40,640,25600,,0,40,85,3400,22200
raw_sales_report,Medshield (Keith San Miguel).xlsx,sales2017,4246,5,12010,2017-01-25,LAGUNA,ANTIZOAL,10,157.5,1575,,0,10,25,250,1325
raw_sales_report,Medshield (Keith San Miguel).xlsx,sales2017,4247,5,12011,2017-01-25,LAGUNA,EUROXONE,50,190,9500,,0,50,73,3650,5850
raw_sales_report,Medshield (Keith San Miguel).xlsx,sales2017,4248,5,12011,2017-01-25,LAGUNA,ZINAXIME 500mg ,2,2100,4200,,0,2,1450,2900,1300
raw_sales_report,Medshield (Keith San Miguel).xlsx,sales2017,4249,5,12012,2017-01-25,LAGUNA,BUFENOL 200mg/5ml,24,79,1896,,0,24,35,840,1056
raw_sales_report,Medshield (Keith San Miguel).xlsx,sales2017,4250,5,12013,2017-01-25,LAGUNA,NOZAL 5mg,3,850,2550,,0,3,260,780,1770
raw_sales_report,Medshield (Keith San Miguel).xlsx,sales2017,4251,5,12014,2017-01-25,LAGUNA,AMSUTAS,10,200,2000,,0,10,45,450,1550
raw_sales_report,Medshield (Keith San Miguel).xlsx,sales2017,4252,5,12015,2017-01-25,LAGUNA,STALIP A 5mg+10mg,1,2176,2176,,0,1,1,1,2175
raw_sales_report,Medshield (Keith San Miguel).xlsx,sales2017,4253,5,12016,2017-01-25,LAGUNA,SODAMPEN 1g IM/IV,10,128,1280,,0,10,45,450,830
raw_sales_report,Medshield (Keith San Miguel).xlsx,sales2017,4254,5,12017,2017-01-25,LAGUNA,Astymin 120ml,1,2200,2200,,0,1,650,650,1550
raw_sales_report,Medshield (Keith San Miguel).xlsx,sales2017,4255,5,12017,2017-01-25,LAGUNA,#REF!,,1000,0,,0,0,370,0,0
raw_sales_report,Medshield (Keith San Miguel).xlsx,sales2017,4256,5,12017,2017-01-25,LAGUNA,SEPTIN Vial,10,80,800,,0,10,15,150,650
raw_sales_report,Medshield (Keith San Miguel).xlsx,sales2017,4257,5,12017,2017-01-25,LAGUNA,MAXIFER,5,490,2450,,0,5,186,930,1520
raw_sales_report,Medshield (Keith San Miguel).xlsx,sales2017,4258,5,12051,2017-01-25,BATANGAS,TOSYLAM 750MG,1,2750,2750,,0,1,980,980,1770
raw_sales_report,Medshield (Keith San Miguel).xlsx,sales2017,4259,5,12052,2017-01-25,BATANGAS,ZELECTA,1,750,750,,0,1,225,225,525
raw_sales_report,Medshield (Keith San Miguel).xlsx,sales2017,4260,5,12053,2017-01-25,BATANGAS,CLAVIC 500mg,1,2790,2790,,0,1,1173.6,1173.6,1616.4
raw_sales_report,Medshield (Keith San Miguel).xlsx,sales2017,4261,5,12054,2017-01-25,BATANGAS,QUIFLOX 500MG,1,2200,2200,,0,1,630,630,1570
raw_sales_report,Medshield (Keith San Miguel).xlsx,sales2017,4262,5,12055,2017-01-25,BATANGAS,NOZAL 5mg,1,850,850,,0,1,260,260,590
raw_sales_report,Medshield (Keith San Miguel).xlsx,sales2017,4263,5,12056,2017-01-25,BATANGAS,TRIVASC 35mg MR,3,1425,4275,,0,3,445,1335,2940
raw_sales_report,Medshield (Keith San Miguel).xlsx,sales2017,4264,5,12057,2017-01-25,BATANGAS,NERVCARE 500MG,1,6000,6000,,0,1,2750,2750,3250
raw_sales_report,Medshield (Keith San Miguel).xlsx,sales2017,4265,5,12058,2017-01-25,BATANGAS,MONILIASOL 500mg,1,750,750,,0,1,240,240,510
raw_sales_report,Medshield (Keith San Miguel).xlsx,sales2017,4266,5,12059,2017-01-25,BATANGAS,EUROXIME 500mg,1,3000,3000,,0,1,1450,1450,1550
raw_sales_report,Medshield (Keith San Miguel).xlsx,sales2017,4267,5,12060,2017-01-25,BATANGAS,HEMOTRAN 500MG,1,2100,2100,,0,1,685,685,1415
raw_sales_report,Medshield (Keith San Miguel).xlsx,sales2017,4268,5,12061,2017-01-25,BATANGAS,PUROXEL 20mg,2,960,1920,,0,2,300,600,1320
raw_sales_report,Medshield (Keith San Miguel).xlsx,sales2017,4269,5,12062,2017-01-25,BATANGAS,GLIPRIDE 2mg,2,540,1080,,0,2,160,320,760
raw_sales_report,Medshield (Keith San Miguel).xlsx,sales2017,4270,5,12063,2017-01-25,BATANGAS,THROMBICARE 75mg tab,1,1290,1290,,0,1,384,384,906
raw_sales_report,Medshield (Keith San Miguel).xlsx,sales2017,4271,5,12064,2017-01-25,BATANGAS,MONILIASOL 125mg/5mL,12,75,900,,0,12,26.25,315,585
raw_sales_report,Medshield (Keith San Miguel).xlsx,sales2017,4272,5,12201,2017-01-24,CAM NORTE,ZETIFEN 100MG,45,58,2610,,0,45,16.8,756,1854
raw_sales_report,Medshield (Keith San Miguel).xlsx,sales2017,4273,5,10234,2017-01-20,SUPPLIES,#REF!,,,0,,0,0,,0,0
raw_sales_report,Medshield (Keith San Miguel).xlsx,sales2017,4274,5,10235,2017-01-20,SUPPLIES,#REF!,,,0,,0,0,,0,0
raw_sales_report,Medshield (Keith San Miguel).xlsx,sales2017,4275,5,10832,2017-02-04,Hospital,AZECLO 100MG,1,1900,1900,,0,1,595,595,1305
raw_sales_report,Medshield (Keith San Miguel).xlsx,sales2017,4276,5,10832,2017-02-04,Hospital,LACTAMOX 625mg,2,2800,5600,,0,2,1173.6,2347.2,3252.8
raw_sales_report,Medshield (Keith San Miguel).xlsx,sales2017,4277,5,10832,2017-02-04,Hospital,ERGOTEC 125mg,1,2000,2000,,0,1,500,500,1500
raw_sales_report,Medshield (Keith San Miguel).xlsx,sales2017,4278,5,10832,2017-02-04,Hospital,NERVAPLEX 500mg/50mg/100mg/100mcg,2,1550,3100,,0,2,480.9,961.8,2138.2
raw_sales_report,Medshield (Keith San Miguel).xlsx,sales2017,4279,5,10832,2017-02-04,Hospital,CEFZIME 750mg IM/IV,5,3000,15000,,0,5,750,3750,11250
raw_sales_report,Medshield (Keith San Miguel).xlsx,sales2017,4280,5,10832,2017-02-04,Hospital,SODAMPEN 1g IM/IV,50,128,6400,,0,50,45,2250,4150
raw_sales_report,Medshield (Keith San Miguel).xlsx,sales2017,4281,5,10832,2017-02-04,Hospital,Evaprost 125,1,3960,3960,,0,1,1872,1872,2088
raw_sales_report,Medshield (Keith San Miguel).xlsx,sales2017,4282,5,10832,2017-02-04,Hospital,QUALRAN 25mg/2ml,5,800,4000,,0,5,100,500,3500
raw_sales_report,Medshield (Keith San Miguel).xlsx,sales2017,4283,5,10833,2017-02-04,Hospital,EVAPROST 125,1,3960,3960,,0,1,1872,1872,2088
raw_sales_report,Medshield (Keith San Miguel).xlsx,sales2017,4284,5,10834,2017-02-04,Hospital,SODAMPEN 1g IM/IV,500,128,64000,,0,500,45,22500,41500
raw_sales_report,Medshield (Keith San Miguel).xlsx,sales2017,4285,5,10834,2017-02-04,Hospital,MAXIFER,500,490,245000,,0,500,163,81500,163500
raw_sales_report,Medshield (Keith San Miguel).xlsx,sales2017,4286,5,10835,2017-02-04,Hospital,antizoal,400,120,48000,,0,400,25,10000,38000
raw_sales_report,Medshield (Keith San Miguel).xlsx,sales2017,4287,5,10836,2017-02-18,HOSPITAL,CEFZIME 750mg IM/IV,3,3000,9000,,0,3,750,2250,6750
raw_sales_report,Medshield (Keith San Miguel).xlsx,sales2017,4288,5,10837,2017-02-18,HOSPITAL,LACTAMOX 625mg,4,2800,11200,,0,4,1173.6,4694.4,6505.6
raw_sales_report,Medshield (Keith San Miguel).xlsx,sales2017,4289,5,10837,2017-02-18,HOSPITAL,FENADEF,10,460,4600,,0,10,12,120,4480
raw_sales_report,Medshield (Keith San Miguel).xlsx,sales2017,4290,5,10837,2017-02-18,HOSPITAL,FENADEF,40,460,18400,,0,40,12,480,17920
raw_sales_report,Medshield (Keith San Miguel).xlsx,sales2017,4291,5,10837,2017-02-18,HOSPITAL,ERGOTEC 125MG,2,2000,4000,,0,2,500,1000,3000
raw_sales_report,Medshield (Keith San Miguel).xlsx,sales2017,4292,5,10837,2017-02-18,HOSPITAL,NERVAPLEX 500mg/50mg/100mg/100mcg,1,1550,1550,,0,1,480.9,480.9,1069.1
raw_sales_report,Medshield (Keith San Miguel).xlsx,sales2017,4293,5,10837,2017-02-18,HOSPITAL,CEPROTRON 500MG,1,1750,1750,,0,1,415,415,1335
raw_sales_report,Medshield (Keith San Miguel).xlsx,sales2017,4294,5,10838,2017-03-02,HOSPITAL,CETOCIN,4,500,2000,,0,4,120,480,1520
raw_sales_report,Medshield (Keith San Miguel).xlsx,sales2017,4295,5,11461,2017-02-01,GOVERNMENT,#REF!,,,0,,0,0,,0,0
raw_sales_report,Medshield (Keith San Miguel).xlsx,sales2017,4296,5,11462,2017-02-01,GOVERNMENT,#REF!,,,0,,0,0,,0,0
raw_sales_report,Medshield (Keith San Miguel).xlsx,sales2017,4297,5,11463,2017-02-01,GOVERNMENT,#REF!,,,0,,0,0,,0,0
raw_sales_report,Medshield (Keith San Miguel).xlsx,sales2017,4298,5,11476,2017-02-03,GOVERNMENT,#REF!,,,0,,0,0,,0,0
raw_sales_report,Medshield (Keith San Miguel).xlsx,sales2017,4299,5,11477,2017-02-03,GOVERNMENT,#REF!,,,0,,0,0,,0,0
raw_sales_report,Medshield (Keith San Miguel).xlsx,sales2017,4300,5,11478,2017-03-10,GOVERNMENT,#REF!,,,0,,0,0,,0,0
raw_sales_report,Medshield (Keith San Miguel).xlsx,sales2017,4301,5,11480,2017-02-01,GOVERNMENT,#REF!,,,0,,0,0,,0,0
raw_sales_report,Medshield (Keith San Miguel).xlsx,sales2017,4302,5,11481,2017-02-22,GOVERNMENT,#REF!,,,0,,0,0,,0,0
raw_sales_report,Medshield (Keith San Miguel).xlsx,sales2017,4303,5,11482,2017-02-22,GOVERNMENT,#REF!,,,0,,0,0,,0,0
raw_sales_report,Medshield (Keith San Miguel).xlsx,sales2017,4304,5,11483,2017-02-22,GOVERNMENT,#REF!,,,0,,0,0,,0,0
raw_sales_report,Medshield (Keith San Miguel).xlsx,sales2017,4305,5,11484,2017-02-24,ADMIN,DOLO-JAGA 500mg/50mg/100mg/100mcg,20,1550,31000,,0,20,480.9,9618,21382
raw_sales_report,Medshield (Keith San Miguel).xlsx,sales2017,4306,5,11859,2017-01-31,CAM SUR,OBYDOSE,5,855,4275,,0,5,265,1325,2950
raw_sales_report,Medshield (Keith San Miguel).xlsx,sales2017,4307,5,11859,2017-01-31,CAM SUR,DOPACARE 250MG,5,1800,9000,,0,5,590,2950,6050
raw_sales_report,Medshield (Keith San Miguel).xlsx,sales2017,4308,5,11860,2017-02-02,CAM SUR,JAGA 300mg/100mg/100mcg,1,1300,1300,,0,2,345,690,610
raw_sales_report,Medshield (Keith San Miguel).xlsx,sales2017,4309,5,11861,2017-02-02,CAM SUR,SNEEZ 6.25mg/2ml/ml Drops,11,78,858,,0,11,38,418,440
raw_sales_report,Medshield (Keith San Miguel).xlsx,sales2017,4310,5,11861,2017-02-02,CAM SUR,SNEEZ 12.5mg,10,95,950,,0,10,42,420,530
raw_sales_report,Medshield (Keith San Miguel).xlsx,sales2017,4311,5,11862,2017-02-02,CAM SUR,NERVAPLEX 500mg/50mg/100mg/100mcg,4,1600,6400,,0,6,480.9,2885.3999999999996,3514.6000000000004
raw_sales_report,Medshield (Keith San Miguel).xlsx,sales2017,4312,5,11863,2017-02-03,CAM SUR,CLAXIC 250mg/62.5mg/5ml,24,310,7440,,0,24,129.7,3112.7999999999997,4327.200000000001
raw_sales_report,Medshield (Keith San Miguel).xlsx,sales2017,4313,5,11864,2017-02-03,CAM SUR,LACTAMOX 625mg,1,2700,2700,,0,1,1173.6,1173.6,1526.4
raw_sales_report,Medshield (Keith San Miguel).xlsx,sales2017,4314,5,11865,2017-02-03,CAM SUR,VISTREP 500mg,2,780,1560,,0,2,319,638,922
raw_sales_report,Medshield (Keith San Miguel).xlsx,sales2017,4315,5,11866,2017-02-03,CAM SUR,HISTARIL 100mg/2mg,2,800,1600,,0,2,225,450,1150
raw_sales_report,Medshield (Keith San Miguel).xlsx,sales2017,4316,5,11867,2017-02-06,CAM SUR,HISTARIL 50mg/1mg/5ml,12,88,1056,,0,12,24.47,293.64,762.36
raw_sales_report,Medshield (Keith San Miguel).xlsx,sales2017,4317,5,11868,2017-02-06,CAM SUR,HISTARIL 100mg/2mg,1,880,880,,0,1,225,225,655
raw_sales_report,Medshield (Keith San Miguel).xlsx,sales2017,4318,5,11869,2017-02-06,CAM SUR,MONILIASOL 500mg,2,750,1500,,0,2,240,480,1020
raw_sales_report,Medshield (Keith San Miguel).xlsx,sales2017,4319,5,11870,2017-02-06,CAM SUR,HISTARIL 50mg/1mg/5ml,8,88,704,,0,8,24.47,195.76,508.24
raw_sales_report,Medshield (Keith San Miguel).xlsx,sales2017,4320,5,11871,2017-02-07,CAM SUR,HISTARIL 100mg/2mg,2,800,1600,,0,2,225,450,1150
raw_sales_report,Medshield (Keith San Miguel).xlsx,sales2017,4321,5,11872,2017-02-07,CAM SUR,NERVAPLEX 500mg/50mg/100mg/100mcg,1,1600,1600,,0,1,480.9,480.9,1119.1
raw_sales_report,Medshield (Keith San Miguel).xlsx,sales2017,4322,5,11873,2017-02-08,CAM SUR,BERCEF 50mg Drops,8,175,1400,,0,8,42,336,1064
raw_sales_report,Medshield (Keith San Miguel).xlsx,sales2017,4323,5,11874,2017-02-08,CAM SUR,EUROGYL 500MG,20,120,2400,,0,20,23,460,1940
raw_sales_report,Medshield (Keith San Miguel).xlsx,sales2017,4324,5,11874,2017-02-08,CAM SUR,FERGLOBIN 250MG,2,725,1450,,0,2,215,430,1020
raw_sales_report,Medshield (Keith San Miguel).xlsx,sales2017,4325,5,11875,2017-02-08,CAM SUR,EUROGYL 500MG,30,120,3600,,0,30,23,690,2910
raw_sales_report,Medshield (Keith San Miguel).xlsx,sales2017,4326,5,11876,2017-02-08,CAM SUR,NERVAPLEX 500mg/50mg/100mg/100mcg,1,1600,1600,,0,1,480.9,480.9,1119.1
raw_sales_report,Medshield (Keith San Miguel).xlsx,sales2017,4327,5,11877,2017-02-08,CAM SUR,HISTARIL 50mg/1mg/5ml,10,88,880,,0,10,24.47,244.7,635.3
raw_sales_report,Medshield (Keith San Miguel).xlsx,sales2017,4328,5,11879,2017-02-10,CAM SUR,HISTARIL 50mg/1mg/5ml,9,88,792,,0,9,24.47,220.23,571.77
raw_sales_report,Medshield (Keith San Miguel).xlsx,sales2017,4329,5,11880,2017-02-10,CAM SUR,JAGA 300mg/100mg/100mcg,1,1300,1300,,0,2,345,690,610
raw_sales_report,Medshield (Keith San Miguel).xlsx,sales2017,4330,5,11881,2017-02-10,CAM SUR,LACTAMOX 156.25mg/5ml,12,95,1140,,0,12,75.6,907.1999999999999,232.80000000000007
raw_sales_report,Medshield (Keith San Miguel).xlsx,sales2017,4331,5,11882,2017-02-11,CAM SUR,JAGAPLEX OB,2,850,1700,,0,2,155,310,1390
raw_sales_report,Medshield (Keith San Miguel).xlsx,sales2017,4332,5,11883,2017-02-11,CAM SUR,GIAN ZINC 30ml Drops,6,175,1050,,0,6,75,450,600
raw_sales_report,Medshield (Keith San Miguel).xlsx,sales2017,4333,5,11883,2017-02-11,CAM SUR,MULTI GROW 120ml,6,210,1260,,0,6,75,450,810
raw_sales_report,Medshield (Keith San Miguel).xlsx,sales2017,4334,5,11883,2017-02-11,CAM SUR,ZINCAVIT 55mg,6,85,510,,0,6,24,144,366
raw_sales_report,Medshield (Keith San Miguel).xlsx,sales2017,4335,5,11884,2017-02-15,CAM SUR,JAGA 300mg/100mg/100mcg,2,1200,2400,,0,2,345,690,1710
raw_sales_report,Medshield (Keith San Miguel).xlsx,sales2017,4336,5,11884,2017-02-15,CAM SUR,NERVAPLEX 500mg/50mg/100mg/100mcg,2,1600,3200,,0,2,480.9,961.8,2238.2
raw_sales_report,Medshield (Keith San Miguel).xlsx,sales2017,4337,5,11884,2017-02-15,CAM SUR,HISTARIL 50mg/1mg/5ml,10,83.5,835,,0,10,24.47,244.7,590.3
raw_sales_report,Medshield (Keith San Miguel).xlsx,sales2017,4338,5,11885,2017-02-15,CAM SUR,EUROXIME 500MG,2,3000,6000,,0,2,1450,2900,3100
raw_sales_report,Medshield (Keith San Miguel).xlsx,sales2017,4339,5,11886,2017-02-15,CAM SUR,JAGA 300mg/100mg/100mcg,2,1200,2400,,0,2,345,690,1710
raw_sales_report,Medshield (Keith San Miguel).xlsx,sales2017,4340,5,11887,2017-02-15,CAM SUR,MONILIASOL 500mg,2,750,1500,,0,2,240,480,1020
raw_sales_report,Medshield (Keith San Miguel).xlsx,sales2017,4341,5,11888,2017-02-15,CAM SUR,MONILIASOL 125mg/5mL,20,75,1500,,0,20,26.25,525,975
raw_sales_report,Medshield (Keith San Miguel).xlsx,sales2017,4342,5,11889,2017-02-15,CAM SUR,HISTARIL 100mg/2mg,20,88,1760,,0,20,24.47,489.4,1270.6
raw_sales_report,Medshield (Keith San Miguel).xlsx,sales2017,4343,5,11890,2017-02-15,CAM SUR,MONILIASOL 500mg,3,800,2400,,0,3,240,720,1680
raw_sales_report,Medshield (Keith San Miguel).xlsx,sales2017,4344,5,11891,2017-02-16,CAM SUR,JAGA 300mg/100mg/100mcg,2,1300,2600,,0,4,345,1380,1220
raw_sales_report,Medshield (Keith San Miguel).xlsx,sales2017,4345,5,11892,2017-02-16,CAM SUR,SNEEZ 12.5mg,10,135,1350,,0,10,42,420,930
raw_sales_report,Medshield (Keith San Miguel).xlsx,sales2017,4346,5,11892,2017-02-16,CAM SUR,SNEEZ 6.25mg/2ml/ml Drops,10,120,1200,,0,10,38,380,820
raw_sales_report,Medshield (Keith San Miguel).xlsx,sales2017,4347,5,11893,2017-02-16,CAM SUR,JAGA 300mg/100mg/100mcg,2,1200,2400,,0,3,345,1035,1365
raw_sales_report,Medshield (Keith San Miguel).xlsx,sales2017,4348,5,11893,2017-02-16,CAM SUR,EUROXIME 500MG,2,3000,6000,,0,3,1450,4350,1650
raw_sales_report,Medshield (Keith San Miguel).xlsx,sales2017,4349,5,11893,2017-02-16,CAM SUR,BERCEF 250mg/5ml,13,250,3250,,0,13,148,1924,1326
raw_sales_report,Medshield (Keith San Miguel).xlsx,sales2017,4350,5,11893,2017-02-16,CAM SUR,LACTAMOX 312.5mg/5ml,8,210,1680,,0,8,129.7,1037.6,642.4000000000001
raw_sales_report,Medshield (Keith San Miguel).xlsx,sales2017,4351,5,11894,2017-02-21,CAM SUR,HISTARIL 50mg/1mg/5ml,20,88,1760,,0,30,24.47,734.0999999999999,1025.9
raw_sales_report,Medshield (Keith San Miguel).xlsx,sales2017,4352,5,11895,2017-02-21,CAM SUR,BICOTEX-B,10,120,1200,,0,10,30,300,900
raw_sales_report,Medshield (Keith San Miguel).xlsx,sales2017,4353,5,11897,2017-02-22,CAM SUR,CLAXIC 125mg/31.25mg/5ml,29,190,5510,,0,29,75.6,2192.3999999999996,3317.6000000000004
raw_sales_report,Medshield (Keith San Miguel).xlsx,sales2017,4354,5,11897,2017-02-22,CAM SUR,CLAXIC 250mg/62.5mg/5ml,30,310,9300,,0,30,129.7,3890.9999999999995,5409
raw_sales_report,Medshield (Keith San Miguel).xlsx,sales2017,4355,5,11898,2017-02-08,CAM SUR,MULTI GROW 120ml,10,240,2400,,0,10,75,750,1650
raw_sales_report,Medshield (Keith San Miguel).xlsx,sales2017,4356,5,11899,2017-02-24,CAM SUR,HEMOTRAN 500mg,2,2100,4200,,0,2,685,1370,2830
raw_sales_report,Medshield (Keith San Miguel).xlsx,sales2017,4357,5,11899,2017-02-24,CAM SUR,METMIC 500mg,2,750,1500,,0,2,227.5,455,1045
raw_sales_report,Medshield (Keith San Miguel).xlsx,sales2017,4358,5,11899,2017-02-24,CAM SUR,BROADMETZ 250mg/5ml,10,95,950,,0,10,28,280,670
raw_sales_report,Medshield (Keith San Miguel).xlsx,sales2017,4359,5,11900,2017-02-24,CAM SUR,HISTARIL 100mg/2mg,14,88,1232,,0,14,24.47,342.58,889.4200000000001
raw_sales_report,Medshield (Keith San Miguel).xlsx,sales2017,4360,5,11926,2017-01-23,BATANGAS,ZEGECEF 250mg/5ml,12,400,4800,,0,12,139.45,1673.3999999999999,3126.6000000000004
raw_sales_report,Medshield (Keith San Miguel).xlsx,sales2017,4361,5,11927,2017-01-23,BATANGAS,PROPHALAN,5,1150,5750,,0,5,365,1825,3925
raw_sales_report,Medshield (Keith San Miguel).xlsx,sales2017,4362,5,11928,2017-01-23,BATANGAS,GIAN ZINC 30ml Drops,5,170,850,,0,5,75,375,475
raw_sales_report,Medshield (Keith San Miguel).xlsx,sales2017,4363,5,11929,2017-01-23,BATANGAS,HISTARIL 100mg/2mg,2,750,1500,,0,2,225,450,1050
raw_sales_report,Medshield (Keith San Miguel).xlsx,sales2017,4364,5,11930,2017-01-25,BATANGAS,CENDALEX 250mg/5ml,24,150,3600,,0,24,55,1320,2280
raw_sales_report,Medshield (Keith San Miguel).xlsx,sales2017,4365,5,11931,2017-01-25,BATANGAS,VITAKIDS 120ML,15,150,2250,,0,15,48.65,729.75,1520.25
raw_sales_report,Medshield (Keith San Miguel).xlsx,sales2017,4366,5,11932,2017-01-25,BATANGAS,LACTAMOX 625MG,2,3360,6720,,0,2,1173.6,2347.2,4372.8
raw_sales_report,Medshield (Keith San Miguel).xlsx,sales2017,4367,5,11933,2017-01-25,BATANGAS,ALGICAP 500MG,2,780,1560,,0,2,227.5,455,1105
raw_sales_report,Medshield (Keith San Miguel).xlsx,sales2017,4368,5,11934,2017-01-25,BATANGAS,JAGAPLEX,2,1026,2052,,0,2,270,540,1512
raw_sales_report,Medshield (Keith San Miguel).xlsx,sales2017,4369,5,11935,2017-01-25,BATANGAS,NOZAL 5mg,2,1020,2040,,0,2,260,520,1520
raw_sales_report,Medshield (Keith San Miguel).xlsx,sales2017,4370,5,11936,2017-01-25,BATANGAS,CELENCE 200mg,1,3360,3360,,0,1,860,860,2500
raw_sales_report,Medshield (Keith San Miguel).xlsx,sales2017,4371,5,11937,2017-01-25,BATANGAS,ZELEX 200MG,2,2250,4500,,0,2,750,1500,3000
raw_sales_report,Medshield (Keith San Miguel).xlsx,sales2017,4372,5,11938,2017-01-25,BATANGAS,CLAVIC 125mg/31.25mg/5ml,6,180,1080,,0,6,75.6,453.59999999999997,626.4000000000001
raw_sales_report,Medshield (Keith San Miguel).xlsx,sales2017,4373,5,11939,2017-01-25,BATANGAS,LACTAMOX 625MG,2,3360,6720,,0,2,1173.6,2347.2,4372.8
raw_sales_report,Medshield (Keith San Miguel).xlsx,sales2017,4374,5,11940,2017-01-25,BATANGAS,CELENCE 200mg,1,3360,3360,,0,1,860,860,2500
raw_sales_report,Medshield (Keith San Miguel).xlsx,sales2017,4375,5,11941,2017-01-25,BATANGAS,NOZAL 5mg,2,1020,2040,,0,2,260,520,1520
raw_sales_report,Medshield (Keith San Miguel).xlsx,sales2017,4376,5,11942,2017-01-25,BATANGAS,VICEPHRIN 100mg/ml Drops,15,96,1440,,0,15,25,375,1065
raw_sales_report,Medshield (Keith San Miguel).xlsx,sales2017,4377,5,11943,2017-01-25,BATANGAS,SPLENDAMET,3,480,1440,,0,3,128,384,1056
raw_sales_report,Medshield (Keith San Miguel).xlsx,sales2017,4378,5,11943,2017-01-25,BATANGAS,AZECLO 100MG,3,1980,5940,,0,3,595,1785,4155
raw_sales_report,Medshield (Keith San Miguel).xlsx,sales2017,4379,5,11943,2017-01-25,BATANGAS,ZYNERVA 1G,2,3300,6600,,0,2,1560,3120,3480
raw_sales_report,Medshield (Keith San Miguel).xlsx,sales2017,4380,5,11944,2017-01-31,BATANGAS,VICEPHRIN 100mg/ml Drops,10,88,880,,0,10,25,250,630
raw_sales_report,Medshield (Keith San Miguel).xlsx,sales2017,4381,5,11944,2017-01-31,BATANGAS,SNEEZ 6.25mg/2ml/ml Drops,6,132,792,,0,6,38,228,564
raw_sales_report,Medshield (Keith San Miguel).xlsx,sales2017,4382,5,11944,2017-01-31,BATANGAS,CEFRALON 500mg,1,2250,2250,,0,1,747,747,1503
raw_sales_report,Medshield (Keith San Miguel).xlsx,sales2017,4383,5,11945,2017-01-31,BATANGAS,BERCEF 250mg/5ml,10,350,3500,,0,10,148,1480,2020
raw_sales_report,Medshield (Keith San Miguel).xlsx,sales2017,4384,5,11946,2017-01-31,BATANGAS,VICEPHRIN 250mg/5ml,8,180,1440,,0,8,48,384,1056
raw_sales_report,Medshield (Keith San Miguel).xlsx,sales2017,4385,5,11947,2017-01-31,BATANGAS,VOXOLL 15mg/5ml,6,72,432,,0,6,23,138,294
raw_sales_report,Medshield (Keith San Miguel).xlsx,sales2017,4386,5,11948,2017-01-31,BATANGAS,ALLERCEF 1mg,9,264,2376,,0,9,80,720,1656
raw_sales_report,Medshield (Keith San Miguel).xlsx,sales2017,4387,5,11949,2017-01-31,BATANGAS,ALTOSAR 50mg/12.5mg,8,600,4800,,0,8,158,1264,3536
raw_sales_report,Medshield (Keith San Miguel).xlsx,sales2017,4388,5,11950,2017-01-31,BATANGAS,HISTARIL 100mg/2mg,5,750,3750,,0,5,225,1125,2625
raw_sales_report,Medshield (Keith San Miguel).xlsx,sales2017,4389,5,11952,2017-01-27,SUPPLIES,#REF!,,,0,,0,0,,0,0
raw_sales_report,Medshield (Keith San Miguel).xlsx,sales2017,4390,5,11953,2017-01-27,SUPPLIES,#REF!,,,0,,0,0,,0,0
raw_sales_report,Medshield (Keith San Miguel).xlsx,sales2017,4391,5,11954,2017-01-19,PHARMA,HISTARIL 100mg/2mg,7,750,5250,,0,7,225,1575,3675
raw_sales_report,Medshield (Keith San Miguel).xlsx,sales2017,4392,5,11955,2017-02-08,SUPPLIES,#REF!,,,0,,0,0,,0,0
raw_sales_report,Medshield (Keith San Miguel).xlsx,sales2017,4393,5,11956,2017-01-30,SUPPLIES,#REF!,,,0,,0,0,,0,0
raw_sales_report,Medshield (Keith San Miguel).xlsx,sales2017,4394,5,11957,2017-02-08,SUPPLIES,#REF!,,,0,,0,0,,0,0
raw_sales_report,Medshield (Keith San Miguel).xlsx,sales2017,4395,5,11958,2017-02-10,SUPPLIES,#REF!,,,0,,0,0,,0,0
raw_sales_report,Medshield (Keith San Miguel).xlsx,sales2017,4396,5,11960,2017-02-20,SUPPLIES,#REF!,,,0,,0,0,,0,0
raw_sales_report,Medshield (Keith San Miguel).xlsx,sales2017,4397,5,11961,2017-02-20,SUPPLIES,#REF!,,,0,,0,0,,0,0
raw_sales_report,Medshield (Keith San Miguel).xlsx,sales2017,4398,5,11962,2017-02-20,PHARMA,JAGA 300mg/100mg/100mcg,7,915,6405,,0,7,345,2415,3990
raw_sales_report,Medshield (Keith San Miguel).xlsx,sales2017,4399,5,11964,2017-02-20,SUPPLIES,#REF!,,,0,,0,0,,0,0
raw_sales_report,Medshield (Keith San Miguel).xlsx,sales2017,4400,5,11965,2017-02-20,SUPPLIES,#REF!,,,0,,0,0,,0,0
raw_sales_report,Medshield (Keith San Miguel).xlsx,sales2017,4401,5,11966,2017-02-20,SUPPLIES,#REF!,,,0,,0,0,,0,0
raw_sales_report,Medshield (Keith San Miguel).xlsx,sales2017,4402,5,11968,2017-02-20,SUPPLIES,#REF!,,,0,,0,0,,0,0
raw_sales_report,Medshield (Keith San Miguel).xlsx,sales2017,4403,5,12008,2017-01-19,LAGUNA,ENCLOXIL 500MG,1,1800,1800,,0,1,540,540,1260
raw_sales_report,Medshield (Keith San Miguel).xlsx,sales2017,4404,5,12018,2017-01-30,LAGUNA,EUROXONE,50,190,9500,,0,50,73,3650,5850
raw_sales_report,Medshield (Keith San Miguel).xlsx,sales2017,4405,5,12018,2017-01-30,LAGUNA,ZINAXIME 500mg ,2,2100,4200,,0,2,1450,2900,1300
raw_sales_report,Medshield (Keith San Miguel).xlsx,sales2017,4406,5,12019,2017-01-30,LAGUNA,MONILIASOL 500mg,1,820,820,,0,1,240,240,580
raw_sales_report,Medshield (Keith San Miguel).xlsx,sales2017,4407,5,12020,2017-01-30,LAGUNA,AMBRODAY 75mg SR,10,500,5000,,0,10,250,2500,2500
raw_sales_report,Medshield (Keith San Miguel).xlsx,sales2017,4408,5,12020,2017-01-30,LAGUNA,PREDNIMED 10mg,2,385,770,,0,2,168,336,434
raw_sales_report,Medshield (Keith San Miguel).xlsx,sales2017,4409,5,12021,2017-01-30,LAGUNA,THROMBICARE 75mg tab,2,990,1980,,0,2,384,768,1212
raw_sales_report,Medshield (Keith San Miguel).xlsx,sales2017,4410,5,12022,2017-02-01,LAGUNA,SODAMPEN 1g IM/IV,10,128,1280,,0,10,45,450,830
raw_sales_report,Medshield (Keith San Miguel).xlsx,sales2017,4411,5,12023,2017-02-01,LAGUNA,SODAMPEN 1g IM/IV,10,128,1280,,0,10,45,450,830
raw_sales_report,Medshield (Keith San Miguel).xlsx,sales2017,4412,5,12024,2017-02-02,LAGUNA,ENCLOXIL 500MG,2,1800,3600,,0,2,540,1080,2520
raw_sales_report,Medshield (Keith San Miguel).xlsx,sales2017,4413,5,12025,2017-02-02,LAGUNA,QUALRAN 25mg/2ml,1,800,800,,0,1,100,100,700
raw_sales_report,Medshield (Keith San Miguel).xlsx,sales2017,4414,5,12026,2017-02-02,LAGUNA,MAXIFER,10,490,4900,,0,10,163,1630,3270
raw_sales_report,Medshield (Keith San Miguel).xlsx,sales2017,4415,5,12027,2017-02-02,LAGUNA,EUROXONE,50,190,9500,,0,50,73,3650,5850
raw_sales_report,Medshield (Keith San Miguel).xlsx,sales2017,4416,5,12027,2017-02-02,LAGUNA,CEPROTRON 500MG,2,1225,2450,,0,2,415,830,1620
raw_sales_report,Medshield (Keith San Miguel).xlsx,sales2017,4417,5,12028,2017-02-02,LAGUNA,SPASMOSON,10,120,1200,,0,10,28,280,920
raw_sales_report,Medshield (Keith San Miguel).xlsx,sales2017,4418,5,12028,2017-02-02,LAGUNA,KOLTIN,5,350,1750,,0,5,110,550,1200
raw_sales_report,Medshield (Keith San Miguel).xlsx,sales2017,4419,5,12029,2017-02-02,LAGUNA,ROSADOC 10MG,2,805,1610,,0,2,210,420,1190
raw_sales_report,Medshield (Keith San Miguel).xlsx,sales2017,4420,5,12030,2017-02-07,LAGUNA,COZEC,20,640,12800,,0,20,85,1700,11100
raw_sales_report,Medshield (Keith San Miguel).xlsx,sales2017,4421,5,12031,2017-02-07,LAGUNA,LEVICLOX,1,1800,1800,,0,1,540,540,1260
raw_sales_report,Medshield (Keith San Miguel).xlsx,sales2017,4422,5,12032,2017-02-07,LAGUNA,QUIFLOX 500MG,1,2270,2270,,0,1,630,630,1640
raw_sales_report,Medshield (Keith San Miguel).xlsx,sales2017,4423,5,12032,2017-02-07,LAGUNA,TRIVASC 35mg MR,2,1500,3000,,0,2,445,890,2110
raw_sales_report,Medshield (Keith San Miguel).xlsx,sales2017,4424,5,12033,2017-02-17,LAGUNA,EUROXONE,50,190,9500,,0,50,73,3650,5850
raw_sales_report,Medshield (Keith San Miguel).xlsx,sales2017,4425,5,12033,2017-02-17,LAGUNA,ZINAXIME 500mg ,2,2100,4200,,0,2,1450,2900,1300
raw_sales_report,Medshield (Keith San Miguel).xlsx,sales2017,4426,5,12034,2017-02-09,LAGUNA,ENCLOXIL 500MG,2,1800,3600,,0,2,540,1080,2520
raw_sales_report,Medshield (Keith San Miguel).xlsx,sales2017,4427,5,12035,2017-02-09,LAGUNA,APROCARE 150mg,3,750,2250,,0,3,219,657,1593
raw_sales_report,Medshield (Keith San Miguel).xlsx,sales2017,4428,5,12036,2017-02-09,LAGUNA,CLAVIC 250mg/62.5mg/5ml,12,310,3720,,0,12,129.7,1556.3999999999999,2163.6000000000004
raw_sales_report,Medshield (Keith San Miguel).xlsx,sales2017,4429,5,12036,2017-02-09,LAGUNA,CLAVIC 125mg/31.25mg/5ml,12,190,2280,,0,12,75.6,907.1999999999999,1372.8000000000002
raw_sales_report,Medshield (Keith San Miguel).xlsx,sales2017,4430,5,12037,2017-02-09,LAGUNA,KLOPIDO,1,990,990,,0,1,307,307,683
raw_sales_report,Medshield (Keith San Miguel).xlsx,sales2017,4431,5,12037,2017-02-09,LAGUNA,ANTIZOAL,10,157.5,1575,,0,10,25,250,1325
raw_sales_report,Medshield (Keith San Miguel).xlsx,sales2017,4432,5,12038,2017-02-09,LAGUNA,SURITRAM,1,2000,2000,,0,1,500,500,1500
raw_sales_report,Medshield (Keith San Miguel).xlsx,sales2017,4433,5,12038,2017-02-09,LAGUNA,SPASMOSON,20,120,2400,,0,20,28,560,1840
raw_sales_report,Medshield (Keith San Miguel).xlsx,sales2017,4434,5,12038,2017-02-09,LAGUNA,ALDAZOLE 500MG,1,820,820,,0,1,180,180,640
raw_sales_report,Medshield (Keith San Miguel).xlsx,sales2017,4435,5,12038,2017-02-09,LAGUNA,EUROGYL 500MG,10,125,1250,,0,10,23,230,1020
raw_sales_report,Medshield (Keith San Miguel).xlsx,sales2017,4436,5,12038,2017-02-09,LAGUNA,CLOXAKID 250mg,12,210,2520,,0,12,65,780,1740
raw_sales_report,Medshield (Keith San Miguel).xlsx,sales2017,4437,5,12040,2017-02-15,LAGUNA,FUROSE,2,800,1600,,0,2,85,170,1430
raw_sales_report,Medshield (Keith San Miguel).xlsx,sales2017,4438,5,12040,2017-02-15,LAGUNA,COZEC,8,350,2800,,0,8,85,680,2120
raw_sales_report,Medshield (Keith San Miguel).xlsx,sales2017,4439,5,12041,2017-02-15,LAGUNA,SODAMPEN 1g IM/IV,10,128,1280,,0,10,45,450,830
raw_sales_report,Medshield (Keith San Miguel).xlsx,sales2017,4440,5,12042,2017-02-15,LAGUNA,SODAMPEN 1g IM/IV,10,128,1280,,0,10,45,450,830
raw_sales_report,Medshield (Keith San Miguel).xlsx,sales2017,4441,5,12043,2017-02-16,LAGUNA,AMSUTAS,20,200,4000,,0,20,45,900,3100
raw_sales_report,Medshield (Keith San Miguel).xlsx,sales2017,4442,5,12044,2017-02-16,LAGUNA,EUROXONE,10,300,3000,,0,10,73,730,2270
raw_sales_report,Medshield (Keith San Miguel).xlsx,sales2017,4443,5,12045,2017-02-16,LAGUNA,ZYMAX,6,285,1710,,0,6,81,486,1224
raw_sales_report,Medshield (Keith San Miguel).xlsx,sales2017,4444,5,12046,2017-02-16,LAGUNA,ALTOCLAV 250mg/62.5mg/5ml,24,200,4800,,0,24,155,3720,1080
raw_sales_report,Medshield (Keith San Miguel).xlsx,sales2017,4445,5,12047,2017-02-16,LAGUNA,ENCLOXIL 500MG,2,1800,3600,,0,2,540,1080,2520
raw_sales_report,Medshield (Keith San Miguel).xlsx,sales2017,4446,5,12048,2017-02-16,LAGUNA,SODAMPEN 1g IM/IV,20,128,2560,,0,20,45,900,1660
raw_sales_report,Medshield (Keith San Miguel).xlsx,sales2017,4447,5,12049,2017-02-17,LAGUNA,ZINAXIME 500mg ,2,3000,6000,,0,2,1450,2900,3100
raw_sales_report,Medshield (Keith San Miguel).xlsx,sales2017,4448,5,12050,2017-02-17,LAGUNA,PREDNIMED 10mg,2,390,780,,0,2,168,336,444
raw_sales_report,Medshield (Keith San Miguel).xlsx,sales2017,4449,5,12065,2017-02-20,BATANGAS,JAGAPLEX OB,1,850,850,,0,1,155,155,695
raw_sales_report,Medshield (Keith San Miguel).xlsx,sales2017,4450,5,12066,2017-01-30,BATANGAS,JAGAPLEX OB,1,850,850,,0,1,155,155,695
raw_sales_report,Medshield (Keith San Miguel).xlsx,sales2017,4451,5,12067,2017-02-03,BATANGAS,JAGAPLEX OB,2,850,1700,,0,2,155,310,1390
raw_sales_report,Medshield (Keith San Miguel).xlsx,sales2017,4452,5,12068,2017-02-03,BATANGAS,ERGOTEC 125mg,2,2000,4000,,0,2,500,1000,3000
raw_sales_report,Medshield (Keith San Miguel).xlsx,sales2017,4453,5,12069,2017-02-03,BATANGAS,BRODIX,1,1000,1000,,0,1,253,253,747
raw_sales_report,Medshield (Keith San Miguel).xlsx,sales2017,4454,5,12071,2017-02-03,BATANGAS,LACTAMOX 312.5mg/5ml,6,190,1140,,0,6,75.6,453.59999999999997,686.4000000000001
raw_sales_report,Medshield (Keith San Miguel).xlsx,sales2017,4455,5,12072,2017-02-03,BATANGAS,BERCEF 250mg/5ml,6,365,2190,,0,6,148,888,1302
raw_sales_report,Medshield (Keith San Miguel).xlsx,sales2017,4456,5,12073,2017-02-03,BATANGAS,LINNOXZIL 50mg/mL,6,175,1050,,0,6,62,372,678
raw_sales_report,Medshield (Keith San Miguel).xlsx,sales2017,4457,5,12074,2017-02-03,BATANGAS,COLD AID 6.25mg/2ml/ml Drops,6,125,750,,0,6,38.6,231.60000000000002,518.4
raw_sales_report,Medshield (Keith San Miguel).xlsx,sales2017,4458,5,12075,2017-02-03,BATANGAS,CLOXAKID 250mg,6,210,1260,,0,6,65,390,870
raw_sales_report,Medshield (Keith San Miguel).xlsx,sales2017,4459,5,12076,2017-02-03,BATANGAS,ALBROXOL 30mg,6,128,768,,0,6,40,240,528
raw_sales_report,Medshield (Keith San Miguel).xlsx,sales2017,4460,5,12077,2017-02-03,BATANGAS,COLD AID 12.5mg/4mg/5ml,6,135,810,,0,6,44,264,546
raw_sales_report,Medshield (Keith San Miguel).xlsx,sales2017,4461,5,12078,2017-02-03,BATANGAS,MONILIASOL 125mg/5mL,6,75,450,,0,6,26.25,157.5,292.5
raw_sales_report,Medshield (Keith San Miguel).xlsx,sales2017,4462,5,12079,2017-02-03,BATANGAS,ALLERCEF 1mg,6,250,1500,,0,6,80,480,1020
raw_sales_report,Medshield (Keith San Miguel).xlsx,sales2017,4463,5,12080,2017-02-03,BATANGAS,ZEGECEF 250mg/5ml,6,400,2400,,0,6,139.45,836.6999999999999,1563.3000000000002
raw_sales_report,Medshield (Keith San Miguel).xlsx,sales2017,4464,5,12101,2017-01-27,CAVITE,XITHROM 150mg,1,4000,4000,,0,1,1235,1235,2765
raw_sales_report,Medshield (Keith San Miguel).xlsx,sales2017,4465,5,12102,2017-01-27,CAVITE,AMOLTEX 2mg/5ml,3,65,195,,0,3,20.5,61.5,133.5
raw_sales_report,Medshield (Keith San Miguel).xlsx,sales2017,4466,5,12103,2017-02-01,CAVITE,BERCEF 50mg Drops,6,175,1050,,0,6,42,252,798
raw_sales_report,Medshield (Keith San Miguel).xlsx,sales2017,4467,5,12104,2017-02-01,CAVITE,BERCEF 250mg/5ml,6,365,2190,,0,6,148,888,1302
raw_sales_report,Medshield (Keith San Miguel).xlsx,sales2017,4468,5,12105,2017-02-01,CAVITE,ZUDEM 50mg/5ml,6,580,3480,,0,6,178,1068,2412
raw_sales_report,Medshield (Keith San Miguel).xlsx,sales2017,4469,5,12106,2017-02-01,CAVITE,ZEGECEF 250mg/5ml,6,400,2400,,0,6,139.45,836.6999999999999,1563.3000000000002
raw_sales_report,Medshield (Keith San Miguel).xlsx,sales2017,4470,5,12107,2017-02-01,CAVITE,TOSYLAM 375MG,1,2300,2300,,0,1,765,765,1535
raw_sales_report,Medshield (Keith San Miguel).xlsx,sales2017,4471,5,12108,2017-02-01,CAVITE,LACTAMOX 625MG,1,2800,2800,,0,1,1173.6,1173.6,1626.4
raw_sales_report,Medshield (Keith San Miguel).xlsx,sales2017,4472,5,12109,2017-02-01,CAVITE,EUROXIME 500MG,1,3000,3000,,0,1,1450,1450,1550
raw_sales_report,Medshield (Keith San Miguel).xlsx,sales2017,4473,5,12110,2017-02-06,CAVITE,NERVCARE 500MG,1,5500,5500,,0,1,2750,2750,2750
raw_sales_report,Medshield (Keith San Miguel).xlsx,sales2017,4474,5,12110,2017-02-06,CAVITE,BRODIX,3,1000,3000,,0,3,253,759,2241
raw_sales_report,Medshield (Keith San Miguel).xlsx,sales2017,4475,5,12111,2017-02-06,CAVITE,EUROXIME 500mg,1,3000,3000,,0,1,1450,1450,1550
raw_sales_report,Medshield (Keith San Miguel).xlsx,sales2017,4476,5,12113,2017-02-06,CAVITE,CENDALEX 500MG,1,1000,1000,,0,1,300,300,700
raw_sales_report,Medshield (Keith San Miguel).xlsx,sales2017,4477,5,12114,2017-02-06,CAVITE,EUROXIME 500mg,1,3000,3000,,0,1,1450,1450,1550
raw_sales_report,Medshield (Keith San Miguel).xlsx,sales2017,4478,5,12115,2017-02-06,CAVITE,LACTAMOX 625MG,1,2800,2800,,0,1,1173.6,1173.6,1626.4
raw_sales_report,Medshield (Keith San Miguel).xlsx,sales2017,4479,5,12116,2017-02-06,CAVITE,AMETRIS 500MG,1,650,650,,0,1,170,170,480
raw_sales_report,Medshield (Keith San Miguel).xlsx,sales2017,4480,5,12117,2017-02-06,CAVITE,KLOPIDO,1,975,975,,0,1,307,307,668
raw_sales_report,Medshield (Keith San Miguel).xlsx,sales2017,4481,5,12118,2017-02-06,CAVITE,SPLENDAMET,1,480,480,,0,1,128,128,352
raw_sales_report,Medshield (Keith San Miguel).xlsx,sales2017,4482,5,12119,2017-02-06,CAVITE,TRIVASC 35mg MR,1,1425,1425,,0,1,128,128,1297
raw_sales_report,Medshield (Keith San Miguel).xlsx,sales2017,4483,5,12120,2017-02-06,CAVITE,AMLOMED 10MG,1,2500,2500,,0,1,790,790,1710
raw_sales_report,Medshield (Keith San Miguel).xlsx,sales2017,4484,5,12121,2017-02-06,CAVITE,AMLOMED 5MG,1,1470,1470,,0,1,460,460,1010
raw_sales_report,Medshield (Keith San Miguel).xlsx,sales2017,4485,5,12122,2017-02-06,CAVITE,CEPROTRON 500MG,1,1750,1750,,0,1,415,415,1335
raw_sales_report,Medshield (Keith San Miguel).xlsx,sales2017,4486,5,12123,2017-02-06,CAVITE,VITAIR,1,1200,1200,,0,1,351,351,849
raw_sales_report,Medshield (Keith San Miguel).xlsx,sales2017,4487,5,12124,2017-02-07,CAVITE,HISTARIL 50mg/1mg/5ml,12,80,960,,0,12,24.47,293.64,666.36
raw_sales_report,Medshield (Keith San Miguel).xlsx,sales2017,4488,5,12125,2017-02-06,CAVITE,JAGA 300mg/100mg/100mcg,2,1150,2300,,0,3,345,1035,1265
raw_sales_report,Medshield (Keith San Miguel).xlsx,sales2017,4489,5,12125,2017-02-06,CAVITE,XITHROM 150MG,2,4000,8000,,0,3,1235,3705,4295
raw_sales_report,Medshield (Keith San Miguel).xlsx,sales2017,4490,5,12125,2017-02-06,CAVITE,ALGICAP 500MG,2,800,1600,,0,3,227.5,682.5,917.5
raw_sales_report,Medshield (Keith San Miguel).xlsx,sales2017,4491,5,12125,2017-02-06,CAVITE,ZELECTA,2,750,1500,,0,3,225,675,825
raw_sales_report,Medshield (Keith San Miguel).xlsx,sales2017,4492,5,12202,2017-01-27,CAM NORTE,SODAMPEN 1g IM/IV,20,128,2560,,0,23,45,1035,1525
raw_sales_report,Medshield (Keith San Miguel).xlsx,sales2017,4493,5,12202,2017-01-27,CAM NORTE,#REF!,,,0,,0,0,,0,0
raw_sales_report,Medshield (Keith San Miguel).xlsx,sales2017,4494,5,12203,2017-01-24,CAM NORTE,METMIC 500MG,1,750,750,,0,1,227.5,227.5,522.5
raw_sales_report,Medshield (Keith San Miguel).xlsx,sales2017,4495,5,12204,2017-01-24,CAM NORTE,CLAVIC 250mg/62.5mg/5ml,20,310,6200,,0,30,129.7,3890.9999999999995,2309.0000000000005
raw_sales_report,Medshield (Keith San Miguel).xlsx,sales2017,4496,5,12205,2017-01-24,CAM NORTE,SODAMPEN 1g IM/IV,20,128,2560,,0,22,45,990,1570
raw_sales_report,Medshield (Keith San Miguel).xlsx,sales2017,4497,5,12206,2017-01-24,CAM NORTE,EUROXONE,20,380,7600,,0,22,73,1606,5994
raw_sales_report,Medshield (Keith San Miguel).xlsx,sales2017,4498,5,12207,2017-01-31,CAM NORTE,HEMOTRAN 500mg,2,2100,4200,,0,2,685,1370,2830
raw_sales_report,Medshield (Keith San Miguel).xlsx,sales2017,4499,5,12207,2017-01-31,CAM NORTE,METMIC 500mg,2,750,1500,,0,2,227.5,455,1045
raw_sales_report,Medshield (Keith San Miguel).xlsx,sales2017,4500,5,12207,2017-01-31,CAM NORTE,FEXIL 500MG,2,1800,3600,,0,2,535,1070,2530
raw_sales_report,Medshield (Keith San Miguel).xlsx,sales2017,4501,5,12208,2017-01-31,CAM NORTE,METMIC 500mg,2,750,1500,,0,2,227.685,455.37,1044.63
raw_sales_report,Medshield (Keith San Miguel).xlsx,sales2017,4502,5,12208,2017-01-31,CAM NORTE,HEMOTRAN 500mg,2,2100,4200,,0,2,685,1370,2830
raw_sales_report,Medshield (Keith San Miguel).xlsx,sales2017,4503,5,12208,2017-01-31,CAM NORTE,BROADMETZ 500MG,1,1070,1070,,0,1,319,319,751
raw_sales_report,Medshield (Keith San Miguel).xlsx,sales2017,4504,5,12208,2017-01-31,CAM NORTE,FEXIL 500MG,2,1800,3600,,0,2,535,1070,2530
raw_sales_report,Medshield (Keith San Miguel).xlsx,sales2017,4505,5,12208,2017-01-31,CAM NORTE,ENCLOXIL 500MG,2,1800,3600,,0,2,50,100,3500
raw_sales_report,Medshield (Keith San Miguel).xlsx,sales2017,4506,5,12208,2017-01-31,CAM NORTE,LACTAMOX 625MG,1,2800,2800,,0,1,1173.6,1173.6,1626.4
raw_sales_report,Medshield (Keith San Miguel).xlsx,sales2017,4507,5,12209,2017-01-31,CAM NORTE,HISTARIL 100mg/2mg,1,800,800,,0,1,225,225,575
raw_sales_report,Medshield (Keith San Miguel).xlsx,sales2017,4508,5,12210,2017-01-31,CAM NORTE,NOZAL 5MG,1,850,850,,0,1,260,260,590
raw_sales_report,Medshield (Keith San Miguel).xlsx,sales2017,4509,5,12211,2017-01-31,CAM NORTE,TOSYLAM 750MG,1,2750,2750,,0,1,980,980,1770
raw_sales_report,Medshield (Keith San Miguel).xlsx,sales2017,4510,5,12211,2017-01-31,CAM NORTE,HISTARIL 50mg/1mg/5ml,4,88,352,,0,4,24.47,97.88,254.12
raw_sales_report,Medshield (Keith San Miguel).xlsx,sales2017,4511,5,12211,2017-01-31,CAM NORTE,HISTARIL 50mg/1mg/5ml,4,88,352,,0,4,24.47,97.88,254.12
raw_sales_report,Medshield (Keith San Miguel).xlsx,sales2017,4512,5,12212,2017-01-31,CAM NORTE,LACTAMOX 625MG,1,2800,2800,,0,1,1173.6,1173.6,1626.4
raw_sales_report,Medshield (Keith San Miguel).xlsx,sales2017,4513,5,12212,2017-01-31,CAM NORTE,FEXIL 500MG,2,1800,3600,,0,2,535,1070,2530
raw_sales_report,Medshield (Keith San Miguel).xlsx,sales2017,4514,5,12212,2017-01-31,CAM NORTE,METMIC 500MG,2,750,1500,,0,2,227.5,455,1045
raw_sales_report,Medshield (Keith San Miguel).xlsx,sales2017,4515,5,12212,2017-01-31,CAM NORTE,OSTEO-PRO 750mg/10iu/10mg,2,1165,2330,,0,2,333,666,1664
raw_sales_report,Medshield (Keith San Miguel).xlsx,sales2017,4516,5,12212,2017-01-31,CAM NORTE,ENERGEL SOFTGEL,1,1750,1750,,0,1,550,550,1200
raw_sales_report,Medshield (Keith San Miguel).xlsx,sales2017,4517,5,12212,2017-01-31,CAM NORTE,AZECLO 100MG,1,1900,1900,,0,1,595,595,1305
raw_sales_report,Medshield (Keith San Miguel).xlsx,sales2017,4518,5,12212,2017-01-31,CAM NORTE,ZELECTA,1,750,750,,0,1,225,225,525
raw_sales_report,Medshield (Keith San Miguel).xlsx,sales2017,4519,5,12212,2017-01-31,CAM NORTE,EUROXIME 500MG,1,3000,3000,,0,1,1450,1450,1550
raw_sales_report,Medshield (Keith San Miguel).xlsx,sales2017,4520,5,12213,2017-02-03,CAM NORTE,NOZAL 5MG,3,850,2550,,0,3,260,780,1770
raw_sales_report,Medshield (Keith San Miguel).xlsx,sales2017,4521,5,12213,2017-02-03,CAM NORTE,ALTOSAR 50mg/12.5mg,3,500,1500,,0,3,158,474,1026
raw_sales_report,Medshield (Keith San Miguel).xlsx,sales2017,4522,5,12213,2017-02-03,CAM NORTE,ATOVAS 20MG,2,650,1300,,0,2,202.5,405,895
raw_sales_report,Medshield (Keith San Miguel).xlsx,sales2017,4523,5,12213,2017-02-03,CAM NORTE,CINNABLOC 25MG,1,500,500,,0,1,133,133,367
raw_sales_report,Medshield (Keith San Miguel).xlsx,sales2017,4524,5,12213,2017-02-03,CAM NORTE,EUROXIME 500MG,1,3000,3000,,0,1,1450,1450,1550
raw_sales_report,Medshield (Keith San Miguel).xlsx,sales2017,4525,5,12214,2017-02-03,CAM NORTE,EUROXONE,30,380,11400,,0,33,73,2409,8991
raw_sales_report,Medshield (Keith San Miguel).xlsx,sales2017,4526,5,12215,2017-02-03,CAM NORTE,SODAMPEN 1g IM/IV,30,128,3840,,0,33,45,1485,2355
raw_sales_report,Medshield (Keith San Miguel).xlsx,sales2017,4527,5,12216,2017-02-03,CAM NORTE,KLOPIDO,3,976,2928,,0,3,307,921,2007
raw_sales_report,Medshield (Keith San Miguel).xlsx,sales2017,4528,5,12217,2017-02-03,CAM NORTE,ATOVAS 20MG,3,650,1950,,0,3,202.5,607.5,1342.5
raw_sales_report,Medshield (Keith San Miguel).xlsx,sales2017,4529,5,12218,2017-02-03,CAM NORTE,FLUIFORT-M 250mg/5ml,72,99,7128,,0,72,31.25,2250,4878
raw_sales_report,Medshield (Keith San Miguel).xlsx,sales2017,4530,5,12218,2017-02-03,CAM NORTE,ZETIFEN 125mg/5ml,35,68,2380,,0,35,21,735,1645
raw_sales_report,Medshield (Keith San Miguel).xlsx,sales2017,4531,5,12219,2017-02-07,CAM NORTE,METMIC 500MG,6,750,4500,,0,6,227.5,1365,3135
raw_sales_report,Medshield (Keith San Miguel).xlsx,sales2017,4532,5,12219,2017-02-07,CAM NORTE,HEMOTRAN 500MG,1,2100,2100,,0,1,685,685,1415
raw_sales_report,Medshield (Keith San Miguel).xlsx,sales2017,4533,5,12220,2017-02-07,CAM NORTE,FEXIL 500MG,1,1800,1800,,0,1,535,535,1265
raw_sales_report,Medshield (Keith San Miguel).xlsx,sales2017,4534,5,12221,2017-02-19,CAM NORTE,EUROXONE,20,380,7600,,0,22,73,1606,5994
raw_sales_report,Medshield (Keith San Miguel).xlsx,sales2017,4535,5,12222,2017-02-19,CAM NORTE,QUALRAN 25mg/2ml,10,80,800,,0,11,10,110,690
raw_sales_report,Medshield (Keith San Miguel).xlsx,sales2017,4536,5,12223,2017-02-19,CAM NORTE,SODAMPEN 1g IM/IV,40,128,5120,,0,43,45,1935,3185
raw_sales_report,Medshield (Keith San Miguel).xlsx,sales2017,4537,5,12224,2017-02-07,CAM NORTE,METMIC 500MG,2,750,1500,,0,2,227.5,455,1045
raw_sales_report,Medshield (Keith San Miguel).xlsx,sales2017,4538,5,12224,2017-02-07,CAM NORTE,HEMOTRAN 500MG,5,2100,10500,,0,5,685,3425,7075
raw_sales_report,Medshield (Keith San Miguel).xlsx,sales2017,4539,5,12225,2017-02-07,CAM NORTE,EUROXIME 250mg/5ml,3,440,1320,,0,3,,0,1320
raw_sales_report,Medshield (Keith San Miguel).xlsx,sales2017,4540,5,12225,2017-02-07,CAM NORTE,CLAVIC 125mg/31.25mg/5ml,6,190,1140,,0,6,,0,1140
raw_sales_report,Medshield (Keith San Miguel).xlsx,sales2017,4541,5,12225,2017-02-07,CAM NORTE,VICOLAX TAB,6,80,480,,0,6,,0,480
raw_sales_report,Medshield (Keith San Miguel).xlsx,sales2017,4542,5,12225,2017-02-07,CAM NORTE,EUROXIME 500mg,1,3000,3000,,0,1,,0,3000
raw_sales_report,Medshield (Keith San Miguel).xlsx,sales2017,4543,5,12225,2017-02-07,CAM NORTE,FEXIL 500MG,1,1800,1800,,0,1,,0,1800
raw_sales_report,Medshield (Keith San Miguel).xlsx,sales2017,4544,5,12226,2017-02-07,CAM NORTE,HISTARIL 100mg/2mg,2,800,1600,,0,2,225,450,1150
raw_sales_report,Medshield (Keith San Miguel).xlsx,sales2017,4545,5,12226,2017-02-07,CAM NORTE,HISTARIL 50mg/1mg/5ml,26,88,2288,,0,26,24.47,636.22,1651.78
raw_sales_report,Medshield (Keith San Miguel).xlsx,sales2017,4546,5,12227,2017-02-14,CAM NORTE,KLOPIDO,1,975,975,,0,1,307,307,668
raw_sales_report,Medshield (Keith San Miguel).xlsx,sales2017,4547,5,12227,2017-02-14,CAM NORTE,ATOVAS 20MG,2,660,1320,,0,2,202.5,405,915
raw_sales_report,Medshield (Keith San Miguel).xlsx,sales2017,4548,5,12227,2017-02-14,CAM NORTE,APROCARE 150mg,2,750,1500,,0,2,219,438,1062
raw_sales_report,Medshield (Keith San Miguel).xlsx,sales2017,4549,5,12227,2017-02-14,CAM NORTE,CINNABLOC 25MG,1,500,500,,0,1,133,133,367
raw_sales_report,Medshield (Keith San Miguel).xlsx,sales2017,4550,5,12227,2017-02-14,CAM NORTE,VITAIR,1,1200,1200,,0,1,351,351,849
raw_sales_report,Medshield (Keith San Miguel).xlsx,sales2017,4551,5,12227,2017-02-14,CAM NORTE,NOZAL 5MG,1,850,850,,0,1,260,260,590
raw_sales_report,Medshield (Keith San Miguel).xlsx,sales2017,4552,5,12227,2017-02-14,CAM NORTE,FEXIL 500MG,1,1800,1800,,0,1,535,535,1265
raw_sales_report,Medshield (Keith San Miguel).xlsx,sales2017,4553,5,12228,2017-02-14,CAM NORTE,ALGICAP 50mg/5ml,3,80,240,,0,3,24,72,168
raw_sales_report,Medshield (Keith San Miguel).xlsx,sales2017,4554,5,12228,2017-02-14,CAM NORTE,BROADMETZ 125mg/5ml,2,79,158,,0,2,23.8,47.6,110.4
raw_sales_report,Medshield (Keith San Miguel).xlsx,sales2017,4555,5,12228,2017-02-14,CAM NORTE,RESPINAL 250mg/5ml,4,170,680,,0,4,48,192,488
raw_sales_report,Medshield (Keith San Miguel).xlsx,sales2017,4556,5,12228,2017-02-14,CAM NORTE,RESPINAL 125mg/5ml,4,120,480,,0,4,35,140,340
raw_sales_report,Medshield (Keith San Miguel).xlsx,sales2017,4557,5,12228,2017-02-14,CAM NORTE,SNEEZ 6.25mg/2ml/ml Drops,6,120,720,,0,6,38,228,492
raw_sales_report,Medshield (Keith San Miguel).xlsx,sales2017,4558,5,12228,2017-02-14,CAM NORTE,SNEEZ 12.5mg,6,135,810,,0,6,42,252,558
raw_sales_report,Medshield (Keith San Miguel).xlsx,sales2017,4559,5,12228,2017-02-14,CAM NORTE,BROADMETZ 500MG,1,1070,1070,,0,1,319,319,751
raw_sales_report,Medshield (Keith San Miguel).xlsx,sales2017,4560,5,12228,2017-02-14,CAM NORTE,ALTOSAR 50mg/12.5mg,1,500,500,,0,1,158,158,342
raw_sales_report,Medshield (Keith San Miguel).xlsx,sales2017,4561,5,12228,2017-02-14,CAM NORTE,KLOPIDO,1,975,975,,0,1,307,307,668
raw_sales_report,Medshield (Keith San Miguel).xlsx,sales2017,4562,5,12229,2017-02-16,CAM NORTE,MULTI GROW DROPS,10,175,1750,,0,10,48,480,1270
raw_sales_report,Medshield (Keith San Miguel).xlsx,sales2017,4563,5,12230,2017-02-16,CAM NORTE,OSTEO-PRO 750mg/10iu/10mg,1,1165,1165,,0,1,333,333,832
raw_sales_report,Medshield (Keith San Miguel).xlsx,sales2017,4564,5,12231,2017-02-16,CAM NORTE,DOLO-JAGA 500mg/50mg/100mg/100mcg,1,1600,1600,,0,1,480.9,480.9,1119.1
raw_sales_report,Medshield (Keith San Miguel).xlsx,sales2017,4565,5,12232,2017-02-21,CAM NORTE,METMIC 500MG,4,1800,7200,,0,4,535,2140,5060
raw_sales_report,Medshield (Keith San Miguel).xlsx,sales2017,4566,5,12232,2017-02-21,CAM NORTE,HEMOTRAN 500MG,4,750,3000,,0,4,227.5,910,2090
raw_sales_report,Medshield (Keith San Miguel).xlsx,sales2017,4567,5,12233,2017-02-21,CAM NORTE,APROCARE 150mg,1,870,870,,0,1,219,219,651
raw_sales_report,Medshield (Keith San Miguel).xlsx,sales2017,4568,5,12233,2017-02-21,CAM NORTE,ALTOSAR 50mg/12.5mg,1,500,500,,0,1,158,158,342
raw_sales_report,Medshield (Keith San Miguel).xlsx,sales2017,4569,5,12233,2017-02-21,CAM NORTE,ATOVAS 20MG,1,650,650,,0,1,202.5,202.5,447.5
raw_sales_report,Medshield (Keith San Miguel).xlsx,sales2017,4570,5,12233,2017-02-21,CAM NORTE,CINNABLOC 25MG,1,500,500,,0,1,133,133,367
raw_sales_report,Medshield (Keith San Miguel).xlsx,sales2017,4571,5,12251,2017-01-31,BATANGAS,PUROXEL 40MG,5,1300,6500,,0,5,200,1000,5500
raw_sales_report,Medshield (Keith San Miguel).xlsx,sales2017,4572,5,12252,2017-01-31,BATANGAS,LACTAMOX 625MG,2,3360,6720,,0,2,1173.6,2347.2,4372.8
raw_sales_report,Medshield (Keith San Miguel).xlsx,sales2017,4573,5,12253,2017-01-31,BATANGAS,VOXOLL 30MG,2,780,1560,,0,2,168,336,1224
raw_sales_report,Medshield (Keith San Miguel).xlsx,sales2017,4574,5,12254,2017-01-31,BATANGAS,TRIVASC 35mg MR,2,1335,2670,,0,2,445,890,1780
raw_sales_report,Medshield (Keith San Miguel).xlsx,sales2017,4575,5,12255,2017-01-31,BATANGAS,QUIFLOX 500MG,3,1800,5400,,0,3,630,1890,3510
raw_sales_report,Medshield (Keith San Miguel).xlsx,sales2017,4576,5,12256,2017-02-03,BATANGAS,PUROXEL 40MG,4,1300,5200,,0,4,200,800,4400
raw_sales_report,Medshield (Keith San Miguel).xlsx,sales2017,4577,5,12257,2017-02-03,BATANGAS,XITHROM 150MG,1,5000,5000,,0,1,1235,1235,3765
raw_sales_report,Medshield (Keith San Miguel).xlsx,sales2017,4578,5,12258,2017-02-03,BATANGAS,XITHROM 150MG,1,5000,5000,,0,1,1235,1235,3765
raw_sales_report,Medshield (Keith San Miguel).xlsx,sales2017,4579,5,12259,2017-02-03,BATANGAS,NUTRI Z 120ml,8,225,1800,,0,8,67,536,1264
raw_sales_report,Medshield (Keith San Miguel).xlsx,sales2017,4580,5,12260,2017-02-03,BATANGAS,AZECLO 100MG,1,2375,2375,,0,1,595,595,1780
raw_sales_report,Medshield (Keith San Miguel).xlsx,sales2017,4581,5,12261,2017-02-03,BATANGAS,LACTAMOX 625MG,1,3375,3375,,0,1,1173.6,1173.6,2201.4
raw_sales_report,Medshield (Keith San Miguel).xlsx,sales2017,4582,5,12262,2017-02-03,BATANGAS,LACTAMOX 625MG,1,3375,3375,,0,1,1173.6,1173.6,2201.4
raw_sales_report,Medshield (Keith San Miguel).xlsx,sales2017,4583,5,12263,2017-02-03,BATANGAS,JAGA 300mg/100mg/100mcg,1,1144,1144,,0,1,345,345,799
raw_sales_report,Medshield (Keith San Miguel).xlsx,sales2017,4584,5,12264,2017-02-03,BATANGAS,JAGA 300mg/100mg/100mcg,1,1144,1144,,0,1,345,345,799
raw_sales_report,Medshield (Keith San Miguel).xlsx,sales2017,4585,5,12265,2017-02-03,BATANGAS,JAGAPLEX,1,1069,1069,,0,1,270,270,799
raw_sales_report,Medshield (Keith San Miguel).xlsx,sales2017,4586,5,12266,2017-02-03,BATANGAS,JAGAPLEX,1,1069,1069,,0,1,270,270,799
raw_sales_report,Medshield (Keith San Miguel).xlsx,sales2017,4587,5,12267,2017-02-03,BATANGAS,JAGA 300mg/100mg/100mcg,5,915,4575,,0,5,345,1725,2850
raw_sales_report,Medshield (Keith San Miguel).xlsx,sales2017,4588,5,12267,2017-02-03,BATANGAS,RENOKET,1,2800,2800,,0,1,1450,1450,1350
raw_sales_report,Medshield (Keith San Miguel).xlsx,sales2017,4589,5,12267,2017-02-03,BATANGAS,KLOPIDO,2,950,1900,,0,2,307,614,1286
raw_sales_report,Medshield (Keith San Miguel).xlsx,sales2017,4590,5,12267,2017-02-03,BATANGAS,LIPIVASC,2,950,1900,,0,2,287.5,575,1325
raw_sales_report,Medshield (Keith San Miguel).xlsx,sales2017,4591,5,12268,2017-02-06,BATANGAS,QUIFLOX 500MG,2,1800,3600,,0,2,630,1260,2340
raw_sales_report,Medshield (Keith San Miguel).xlsx,sales2017,4592,5,12268,2017-02-06,BATANGAS,CINNABLOC 75MG,1,500,500,,0,1,133,133,367
raw_sales_report,Medshield (Keith San Miguel).xlsx,sales2017,4593,5,12269,2017-02-06,BATANGAS,LACTAMOX 312.5mg/5ml,6,300,1800,,0,6,129.7,778.1999999999999,1021.8000000000001
raw_sales_report,Medshield (Keith San Miguel).xlsx,sales2017,4594,5,12269,2017-02-06,BATANGAS,LACTAMOX 156.25mg/5ml,6,180,1080,,0,6,129.7,778.1999999999999,301.80000000000007
raw_sales_report,Medshield (Keith San Miguel).xlsx,sales2017,4595,5,12269,2017-02-06,BATANGAS,LACTAMOX 625MG,1,2700,2700,,0,1,1173.6,1173.6,1526.4
raw_sales_report,Medshield (Keith San Miguel).xlsx,sales2017,4596,5,12269,2017-02-06,BATANGAS,BERCEF 50mg Drops,6,150,900,,0,6,42,252,648
raw_sales_report,Medshield (Keith San Miguel).xlsx,sales2017,4597,5,12269,2017-02-06,BATANGAS,INTRAPLEM 100mg/5ml,10,100,1000,,0,10,26.93,269.3,730.7
raw_sales_report,Medshield (Keith San Miguel).xlsx,sales2017,4598,5,12269,2017-02-06,BATANGAS,INTRAPLEM 50mg/ml Drops,10,80,800,,0,10,22.75,227.5,572.5
raw_sales_report,Medshield (Keith San Miguel).xlsx,sales2017,4599,5,12269,2017-02-06,BATANGAS,QUIFLOX 500MG,1,1800,1800,,0,1,630,630,1170
raw_sales_report,Medshield (Keith San Miguel).xlsx,sales2017,4600,5,12269,2017-02-06,BATANGAS,NUTRI Z 120ml,3,180,540,,0,3,67,201,339
raw_sales_report,Medshield (Keith San Miguel).xlsx,sales2017,4601,5,12269,2017-02-06,BATANGAS,NOZAL 5MG,1,850,850,,0,1,260,260,590
raw_sales_report,Medshield (Keith San Miguel).xlsx,sales2017,4602,5,12270,2017-02-06,BATANGAS,HISTARIL 50mg/1mg/5ml,16,80,1280,,0,16,24.47,391.52,888.48
raw_sales_report,Medshield (Keith San Miguel).xlsx,sales2017,4603,5,12271,2017-02-06,BATANGAS,INTRAPLEM 50mg/ml Drops,8,80,640,,0,8,22.75,182,458
raw_sales_report,Medshield (Keith San Miguel).xlsx,sales2017,4604,5,12272,2017-02-06,BATANGAS,VOXOLL 15mg/5ml,14,60,840,,0,14,23,322,518
raw_sales_report,Medshield (Keith San Miguel).xlsx,sales2017,4605,5,12273,2017-02-07,BATANGAS,LACTAMOX 625MG,3,3360,10080,,0,3,1173.6,3520.7999999999997,6559.200000000001
raw_sales_report,Medshield (Keith San Miguel).xlsx,sales2017,4606,5,12274,2017-02-07,BATANGAS,ALTOSAR 50mg/12.5mg,10,600,6000,,0,10,158,1580,4420
raw_sales_report,Medshield (Keith San Miguel).xlsx,sales2017,4607,5,12275,2017-02-07,BATANGAS,VICEPHRIN 250mg/5ml,7,180,1260,,0,7,48,336,924
raw_sales_report,Medshield (Keith San Miguel).xlsx,sales2017,4608,5,12276,2017-02-07,BATANGAS,SNEEZ 6.25mg/2ml/ml Drops,10,144,1440,,0,10,38,380,1060
raw_sales_report,Medshield (Keith San Miguel).xlsx,sales2017,4609,5,12277,2017-02-07,BATANGAS,PUROXEL 40MG,8,1300,10400,,0,8,200,1600,8800
raw_sales_report,Medshield (Keith San Miguel).xlsx,sales2017,4610,5,12278,2017-02-07,BATANGAS,Astymin 120ml,2,3500,7000,,0,2,650,1300,5700
raw_sales_report,Medshield (Keith San Miguel).xlsx,sales2017,4611,5,12279,2017-02-07,BATANGAS,VICEPHRIN 250mg/5ml,10,96,960,,0,10,25,250,710
raw_sales_report,Medshield (Keith San Miguel).xlsx,sales2017,4612,5,12280,2017-02-07,BATANGAS,HISTARIL 50mg/1mg/5ml,8,96,768,,0,8,24.47,195.76,572.24
raw_sales_report,Medshield (Keith San Miguel).xlsx,sales2017,4613,5,12281,2017-02-07,BATANGAS,Astymin 120ml,5,2600,13000,,0,5,650,3250,9750
raw_sales_report,Medshield (Keith San Miguel).xlsx,sales2017,4614,5,12282,2017-02-07,BATANGAS,XITHROM 150MG,4,4200,16800,,0,4,1235,4940,11860
raw_sales_report,Medshield (Keith San Miguel).xlsx,sales2017,4615,5,12283,2017-02-07,BATANGAS,AZECLO 100MG,2,1980,3960,,0,2,595,1190,2770
raw_sales_report,Medshield (Keith San Miguel).xlsx,sales2017,4616,5,12284,2017-02-07,BATANGAS,SNEEZ 12.5mg,10,154,1540,,0,10,42,420,1120
raw_sales_report,Medshield (Keith San Miguel).xlsx,sales2017,4617,5,12284,2017-02-07,BATANGAS,SNEEZ 6.25mg/2ml/ml Drops,6,132,792,,0,6,38,228,564
raw_sales_report,Medshield (Keith San Miguel).xlsx,sales2017,4618,5,12284,2017-02-07,BATANGAS,GIAN ZINC 120ML,6,187,1122,,0,6,75,450,672
raw_sales_report,Medshield (Keith San Miguel).xlsx,sales2017,4619,5,12285,2017-02-07,BATANGAS,LACTAMOX 625MG,1,3360,3360,,0,1,1173.6,1173.6,2186.4
raw_sales_report,Medshield (Keith San Miguel).xlsx,sales2017,4620,5,12286,2017-02-07,BATANGAS,LACTAMOX 625MG,1,3360,3360,,0,1,1173.6,1173.6,2186.4
raw_sales_report,Medshield (Keith San Miguel).xlsx,sales2017,4621,5,12287,2017-02-07,BATANGAS,ALTOSAR 50mg/12.5mg,5,600,3000,,0,5,158,790,2210
raw_sales_report,Medshield (Keith San Miguel).xlsx,sales2017,4622,5,12288,2017-02-07,BATANGAS,ZEGECEF 250mg/5ml,6,400,2400,,0,6,139.45,836.6999999999999,1563.3000000000002
raw_sales_report,Medshield (Keith San Miguel).xlsx,sales2017,4623,5,12289,2017-02-07,BATANGAS,QUIFLOX 500MG,2,1800,3600,,0,2,630,1260,2340
raw_sales_report,Medshield (Keith San Miguel).xlsx,sales2017,4624,5,12290,2017-02-07,BATANGAS,QUIFLOX 500MG,1,1800,1800,,0,1,630,630,1170
raw_sales_report,Medshield (Keith San Miguel).xlsx,sales2017,4625,5,12291,2017-02-07,BATANGAS,TRIVASC 35mg MR,3,1335,4005,,0,3,445,1335,2670
raw_sales_report,Medshield (Keith San Miguel).xlsx,sales2017,4626,5,12292,2017-02-07,BATANGAS,CLAVIC 125mg/31.25mg/5ml,10,190,1900,,0,10,75.6,756,1144
raw_sales_report,Medshield (Keith San Miguel).xlsx,sales2017,4627,5,12293,2017-02-07,BATANGAS,PUROXEL 40MG,3,1300,3900,,0,3,200,600,3300
raw_sales_report,Medshield (Keith San Miguel).xlsx,sales2017,4628,5,12294,2017-02-14,BATANGAS,XITHROM 150mg,4,4200,16800,,0,4,1235,4940,11860
raw_sales_report,Medshield (Keith San Miguel).xlsx,sales2017,4629,5,12295,2017-02-14,BATANGAS,LACTAMOX 625MG,2,2970,5940,,0,2,1173.6,2347.2,3592.8
raw_sales_report,Medshield (Keith San Miguel).xlsx,sales2017,4630,5,12295,2017-02-14,BATANGAS,AZECLO 100MG,2,1980,3960,,0,2,595,1190,2770
raw_sales_report,Medshield (Keith San Miguel).xlsx,sales2017,4631,5,12296,2017-02-14,BATANGAS,LEXI B FORTE 300mg/100mg/100ug,3,990,2970,,0,3,323,969,2001
raw_sales_report,Medshield (Keith San Miguel).xlsx,sales2017,4632,5,12296,2017-02-14,BATANGAS,SPLENDAMET,3,480,1440,,0,3,128,384,1056
raw_sales_report,Medshield (Keith San Miguel).xlsx,sales2017,4633,5,12297,2017-02-14,BATANGAS,ZYNERVA 1G,3,3300,9900,,0,3,1560,4680,5220
raw_sales_report,Medshield (Keith San Miguel).xlsx,sales2017,4634,5,12297,2017-02-14,BATANGAS,NERVCARE 1g,2,3300,6600,,0,2,1560,3120,3480
raw_sales_report,Medshield (Keith San Miguel).xlsx,sales2017,4635,5,12298,2017-02-14,BATANGAS,INTRAPLEM 100mg/5ml,20,100,2000,,0,20,26.93,538.6,1461.4
raw_sales_report,Medshield (Keith San Miguel).xlsx,sales2017,4636,5,12299,2017-02-03,BATANGAS,GIAN ZINC 120ML,12,212,2544,,0,12,75,900,1644
raw_sales_report,Medshield (Keith San Miguel).xlsx,sales2017,4637,5,12301,2017-01-26,ADMIN,VISTREP 500MG,2,1020,2040,,0,2,319,638,1402
raw_sales_report,Medshield (Keith San Miguel).xlsx,sales2017,4638,5,12301,2017-01-26,ADMIN,ALTOSAR 50mg/12.5mg,30,25,750,,0,30,7.9,237,513
raw_sales_report,Medshield (Keith San Miguel).xlsx,sales2017,4639,5,12302,2017-01-21,ADMIN,#REF!,,,0,0.5,0,0,,0,0
raw_sales_report,Medshield (Keith San Miguel).xlsx,sales2017,4640,5,12303,2017-02-03,ADMIN,BROXIL M 30MG,2,670,1340,,0,2,240,480,860
raw_sales_report,Medshield (Keith San Miguel).xlsx,sales2017,4641,5,12303,2017-02-03,ADMIN,HEMOTRAN 500MG,2,2100,4200,,0,2,685,1370,2830
raw_sales_report,Medshield (Keith San Miguel).xlsx,sales2017,4642,5,12303,2017-02-03,ADMIN,DOPACARE 250MG,2,1950,3900,,0,2,590,1180,2720
raw_sales_report,Medshield (Keith San Miguel).xlsx,sales2017,4643,5,12303,2017-02-03,ADMIN,NERVAPLEX,2,1500,3000,,0,2,480.9,961.8,2038.2
raw_sales_report,Medshield (Keith San Miguel).xlsx,sales2017,4644,5,12303,2017-02-03,ADMIN,NITROFURANTOIN,10,1000,10000,0.3,3000,10,173,1730,5270
raw_sales_report,Medshield (Keith San Miguel).xlsx,sales2017,4645,5,12304,2017-02-03,ADMIN,CEPROTRON 500MG,5,1750,8750,,0,7,415,2905,5845
raw_sales_report,Medshield (Keith San Miguel).xlsx,sales2017,4646,5,12304,2017-02-03,ADMIN,HAVC 500MG,5,125,625,,0,7,35,245,380
raw_sales_report,Medshield (Keith San Miguel).xlsx,sales2017,4647,5,12304,2017-02-03,ADMIN,ERGOTEC 125mg,5,2000,10000,,0,7,500,3500,6500
raw_sales_report,Medshield (Keith San Miguel).xlsx,sales2017,4648,5,12304,2017-02-03,ADMIN,FERGLOBIN 250MG,5,725,3625,,0,7,215,1505,2120
raw_sales_report,Medshield (Keith San Miguel).xlsx,sales2017,4649,5,12304,2017-02-03,ADMIN,CORSTAPH 500MG,5,1500,7500,,0,7,435,3045,4455
raw_sales_report,Medshield (Keith San Miguel).xlsx,sales2017,4650,5,12304,2017-02-03,ADMIN,MAXXI-VIT PLUS,5,1200,6000,,0,7,420,2940,3060
raw_sales_report,Medshield (Keith San Miguel).xlsx,sales2017,4651,5,12304,2017-02-03,ADMIN,XYNETIN 1500MG,5,950,4750,,0,7,310,2170,2580
raw_sales_report,Medshield (Keith San Miguel).xlsx,sales2017,4652,5,12305,2017-02-03,ADMIN,#REF!,,,0,,0,0,,0,0
raw_sales_report,Medshield (Keith San Miguel).xlsx,sales2017,4653,5,12306,2017-02-09,ADMIN,ANEROCIN 300MG,2,3800,7600,,0,2,890,1780,5820
raw_sales_report,Medshield (Keith San Miguel).xlsx,sales2017,4654,5,12306,2017-02-09,ADMIN,HEMOTRAN 500MG,3,2100,6300,,0,3,685,2055,4245
raw_sales_report,Medshield (Keith San Miguel).xlsx,sales2017,4655,5,12307,2017-02-09,ADMIN,OB-DILAN 10mg,10,1100,11000,,0,4,318.4,1273.6,9726.4
raw_sales_report,Medshield (Keith San Miguel).xlsx,sales2017,4656,5,12308,2017-02-09,ADMIN,ENCLOXIL 500MG,170,15,2550,,0,170,5.4,918.0000000000001,1632
raw_sales_report,Medshield (Keith San Miguel).xlsx,sales2017,4657,5,12309,2017-02-02,ADMIN,JAGAPLEX OB,5,850,4250,,0,7,155,1085,3165
raw_sales_report,Medshield (Keith San Miguel).xlsx,sales2017,4658,5,12310,2017-02-02,ADMIN,LIPIVASC,20,1050,21000,,0,20,287.5,5750,15250
raw_sales_report,Medshield (Keith San Miguel).xlsx,sales2017,4659,5,12310,2017-02-02,ADMIN,PROCARV,9,1000,9000,,0,9,365,3285,5715
raw_sales_report,Medshield (Keith San Miguel).xlsx,sales2017,4660,5,12311,2017-02-20,ADMIN,MULTI GROW OB PLUS ,-8,1100,-8800,,0,-8,450,-3600,-5200
raw_sales_report,Medshield (Keith San Miguel).xlsx,sales2017,4661,5,12311,2017-02-20,ADMIN,MULTI GROW OB PLUS ,13,1100,14300,,0,13,450,5850,8450
raw_sales_report,Medshield (Keith San Miguel).xlsx,sales2017,4662,5,12312,2017-02-20,ADMIN,ANEROCIN 300MG,72,38,2736,,0,72,8.9,640.8000000000001,2095.2
raw_sales_report,Medshield (Keith San Miguel).xlsx,sales2017,4663,5,12312,2017-02-20,ADMIN,OB-DILAN 10mg,80,27.5,2200,,0,80,7.96,636.8,1563.2
raw_sales_report,Medshield (Keith San Miguel).xlsx,sales2017,4664,5,12312,2017-02-20,ADMIN,CORSTAPH 500MG,67,15,1005,,0,67,4.35,291.45,713.55
raw_sales_report,Medshield (Keith San Miguel).xlsx,sales2017,4665,5,12312,2017-02-20,ADMIN,ERGOTEC 125mg,94,20,1880,,0,94,5,470,1410
raw_sales_report,Medshield (Keith San Miguel).xlsx,sales2017,4666,5,12313,2017-02-20,ADMIN,APROCARE 150mg,30,750,22500,,0,30,219,6570,15930
raw_sales_report,Medshield (Keith San Miguel).xlsx,sales2017,4667,5,12314,2017-02-21,ADMIN,MAXXI-VIT PLUS,5,1200,6000,,0,7,420,2940,3060
raw_sales_report,Medshield (Keith San Miguel).xlsx,sales2017,4668,5,12314,2017-02-21,ADMIN,XYNETIN 1500MG,5,950,4750,,0,7,310,2170,2580
raw_sales_report,Medshield (Keith San Miguel).xlsx,sales2017,4669,5,12317,2017-02-23,LAGUNA,CETOCIN,400,80,32000,,0,400,12,4800,27200
raw_sales_report,Medshield (Keith San Miguel).xlsx,sales2017,4670,5,12317,2017-02-23,LAGUNA,SPASMOSON,300,98,29400,,0,300,28,8400,21000
raw_sales_report,Medshield (Keith San Miguel).xlsx,sales2017,4671,5,12317,2017-02-23,LAGUNA,OMCARE 40mg,300,380,114000,,0,300,45,13500,100500
raw_sales_report,Medshield (Keith San Miguel).xlsx,sales2017,4672,5,12317,2017-02-23,LAGUNA,EVAPROST 125,50,490,24500,,0,50,187.2,9360,15140
raw_sales_report,Medshield (Keith San Miguel).xlsx,sales2017,4673,5,12317,2017-02-23,LAGUNA,EVAPROST 250,50,980,49000,,0,50,357.5,17875,31125
raw_sales_report,Medshield (Keith San Miguel).xlsx,sales2017,4674,5,12317,2017-02-23,LAGUNA,MAXIFER,50,490,24500,,0,50,163,8150,16350
raw_sales_report,Medshield (Keith San Miguel).xlsx,sales2017,4675,5,12317,2017-02-23,LAGUNA,ACIFOX,100,820,82000,,0,100,298,29800,52200
raw_sales_report,Medshield (Keith San Miguel).xlsx,sales2017,4676,5,12318,2017-02-23,LAGUNA,CAPSUGEN FORTE,5,950,4750,,0,5,310,1550,3200
raw_sales_report,Medshield (Keith San Miguel).xlsx,sales2017,4677,5,12318,2017-02-23,LAGUNA,ANTIZOAL,500,120,60000,,0,500,25,12500,47500
raw_sales_report,Medshield (Keith San Miguel).xlsx,sales2017,4678,5,12318,2017-02-23,LAGUNA,ASTYMIN 120ML,50,250,12500,,0,50,65,3250,9250
raw_sales_report,Medshield (Keith San Miguel).xlsx,sales2017,4679,5,12318,2017-02-23,LAGUNA,BRODIX,525,28,14700,,0,525,7.23,3795.75,10904.25
raw_sales_report,Medshield (Keith San Miguel).xlsx,sales2017,4680,5,12318,2017-02-23,LAGUNA,METOCLOR,100,60,6000,,0,100,4.5,450,5550
raw_sales_report,Medshield (Keith San Miguel).xlsx,sales2017,4681,5,12318,2017-02-23,LAGUNA,EUROXONE,300,380,114000,,0,300,73,21900,92100
raw_sales_report,Medshield (Keith San Miguel).xlsx,sales2017,4682,5,12318,2017-02-23,LAGUNA,SODAMPEN 1g IM/IV,50,128,6400,,0,50,45,2250,4150
raw_sales_report,Medshield (Keith San Miguel).xlsx,sales2017,4683,5,12318,2017-02-23,LAGUNA,AMSUTAS,50,150,7500,,0,50,45,2250,5250
raw_sales_report,Medshield (Keith San Miguel).xlsx,sales2017,4684,5,12319,2017-02-23,ADMIN,LIPIVASC,23,950,21850,,0,23,287.5,6612.5,15237.5
raw_sales_report,Medshield (Keith San Miguel).xlsx,sales2017,4685,5,12319,2017-02-23,ADMIN,SPLENDAMET,18,480,8640,,0,18,128,2304,6336
raw_sales_report,Medshield (Keith San Miguel).xlsx,sales2017,4686,5,12320,2017-02-23,ADMIN,ENERGEL SOFTGEL,5,1750,8750,,0,7,550,3850,4900
raw_sales_report,Medshield (Keith San Miguel).xlsx,sales2017,4687,5,12320,2017-02-23,ADMIN,SURITRAM,5,1750,8750,,0,7,500,3500,5250
raw_sales_report,Medshield (Keith San Miguel).xlsx,sales2017,4688,5,12320,2017-02-23,ADMIN,HAVC 500MG,5,125,625,,0,7,35,245,380
raw_sales_report,Medshield (Keith San Miguel).xlsx,sales2017,4689,5,12320,2017-02-23,ADMIN,MAXXI-VIT PLUS,5,1200,6000,,0,7,420,2940,3060
raw_sales_report,Medshield (Keith San Miguel).xlsx,sales2017,4690,5,12320,2017-02-23,ADMIN,XYNETIN 1500MG,5,950,4750,,0,7,310,2170,2580
raw_sales_report,Medshield (Keith San Miguel).xlsx,sales2017,4691,5,12321,2017-02-23,ADMIN,BROXIL-M  30mg,2,670,1340,,0,2,210,420,920
raw_sales_report,Medshield (Keith San Miguel).xlsx,sales2017,4692,5,12321,2017-02-23,ADMIN,NERVAPLEX 500mg/50mg/100mg/100mcg,3,1550,4650,,0,3,480.9,1442.6999999999998,3207.3
raw_sales_report,Medshield (Keith San Miguel).xlsx,sales2017,4693,5,12351,2017-01-31,QUEZON,PROCARV,5,1100,5500,,0,5,365,1825,3675
raw_sales_report,Medshield (Keith San Miguel).xlsx,sales2017,4694,5,12352,2017-02-01,QUEZON,LEXI B FORTE 300mg/100mg/100ug,2,1000,2000,,0,2,323,646,1354
raw_sales_report,Medshield (Keith San Miguel).xlsx,sales2017,4695,5,12352,2017-02-01,QUEZON,VITAKIDS 120ml,8,160,1280,,0,8,48.65,389.2,890.8
raw_sales_report,Medshield (Keith San Miguel).xlsx,sales2017,4696,5,12352,2017-02-01,QUEZON,MULTI GROW 120ml,8,198,1584,,0,8,75,600,984
raw_sales_report,Medshield (Keith San Miguel).xlsx,sales2017,4697,5,12353,2017-02-02,MARINDUQUE,GIAN ZINC 30ml Drops,12,155,1860,,0,12,55,660,1200
raw_sales_report,Medshield (Keith San Miguel).xlsx,sales2017,4698,5,12353,2017-02-02,MARINDUQUE,GIAN ZINC Plus C 120ml,12,175,2100,,0,12,75,900,1200
raw_sales_report,Medshield (Keith San Miguel).xlsx,sales2017,4699,5,12353,2017-02-02,MARINDUQUE,ERGOTEC 125mg,2,2000,4000,,0,2,500,1000,3000
raw_sales_report,Medshield (Keith San Miguel).xlsx,sales2017,4700,5,12354,2017-02-02,MARINDUQUE,GIAN ZINC 120ML,12,175,2100,,0,12,75,900,1200
raw_sales_report,Medshield (Keith San Miguel).xlsx,sales2017,4701,5,12355,2017-02-02,EAST,VICEPHRIN 250mg/5ml,50,119,5950,,0,50,48,2400,3550
raw_sales_report,Medshield (Keith San Miguel).xlsx,sales2017,4702,5,12355,2017-02-02,EAST,FEXIL 500MG,10,1050,10500,,0,10,535,5350,5150
raw_sales_report,Medshield (Keith San Miguel).xlsx,sales2017,4703,5,12356,2017-02-06,QUEZON,VOXOLL 30MG,15,650,9750,,0,15,168,2520,7230
raw_sales_report,Medshield (Keith San Miguel).xlsx,sales2017,4704,5,12357,2017-02-07,QUEZON,ENERGEL SOFTGEL,10,1750.22,17502.2,,0,10,550,5500,12002.2
raw_sales_report,Medshield (Keith San Miguel).xlsx,sales2017,4705,5,12358,2017-02-07,QUEZON,KLOPIDO,10,1100,11000,,0,10,307,3070,7930
raw_sales_report,Medshield (Keith San Miguel).xlsx,sales2017,4706,5,12358,2017-02-07,QUEZON,ATOVAS 20MG,10,750,7500,,0,10,202.5,2025,5475
raw_sales_report,Medshield (Keith San Miguel).xlsx,sales2017,4707,5,12359,2017-02-09,MARINDUQUE,ATOVAS 20MG,30,750,22500,,0,30,202.5,6075,16425
raw_sales_report,Medshield (Keith San Miguel).xlsx,sales2017,4708,5,12360,2017-02-09,EAST,ROSADOC 20MG,2,1120,2240,,0,2,330,660,1580
raw_sales_report,Medshield (Keith San Miguel).xlsx,sales2017,4709,5,12360,2017-02-09,EAST,BERCEF 250mg/5ml,6,450,2700,,0,6,148,888,1812
raw_sales_report,Medshield (Keith San Miguel).xlsx,sales2017,4710,5,12360,2017-02-09,EAST,BERCEF 50mg Drops,6,175,1050,,0,6,42,252,798
raw_sales_report,Medshield (Keith San Miguel).xlsx,sales2017,4711,5,12360,2017-02-09,EAST,TRIVASC 35mg MR,2,1450,2900,,0,2,445,890,2010
raw_sales_report,Medshield (Keith San Miguel).xlsx,sales2017,4712,5,12360,2017-02-09,EAST,ALTOSAR 50mg/12.5mg,2,500,1000,,0,2,158,316,684
raw_sales_report,Medshield (Keith San Miguel).xlsx,sales2017,4713,5,12360,2017-02-09,EAST,ATOVAS 20MG,2,750,1500,,0,2,247.2,494.4,1005.6
raw_sales_report,Medshield (Keith San Miguel).xlsx,sales2017,4714,5,12360,2017-02-09,EAST,ALLERCEF 1mg,6,250,1500,,0,6,80,480,1020
raw_sales_report,Medshield (Keith San Miguel).xlsx,sales2017,4715,5,12361,2017-02-09,MARINDUQUE,TRIVASC 35mg MR,5,1550,7750,,0,5,445,2225,5525
raw_sales_report,Medshield (Keith San Miguel).xlsx,sales2017,4716,5,12362,2017-02-16,QUEZON,LIPIVASC,5,950,4750,,0,5,287.5,1437.5,3312.5
raw_sales_report,Medshield (Keith San Miguel).xlsx,sales2017,4717,5,12363,2017-02-16,QUEZON,XYNETIN 1500MG,20,950,19000,,0,22,310,6820,12180
raw_sales_report,Medshield (Keith San Miguel).xlsx,sales2017,4718,5,12364,2017-02-17,QUEZON,BERCEF 250mg/5ml,10,450,4500,,0,10,148,1480,3020
raw_sales_report,Medshield (Keith San Miguel).xlsx,sales2017,4719,5,12364,2017-02-17,QUEZON,BERCEF 50mg Drops,14,175,2450,,0,14,42,588,1862
raw_sales_report,Medshield (Keith San Miguel).xlsx,sales2017,4720,5,12364,2017-02-17,QUEZON,TRIVASC 35mg MR,1,1550,1550,,0,1,445,445,1105
raw_sales_report,Medshield (Keith San Miguel).xlsx,sales2017,4721,5,12366,2017-02-17,QUEZON,GIAN ZINC Plus C 120ml,5,750,3750,,0,5,219,1095,2655
raw_sales_report,Medshield (Keith San Miguel).xlsx,sales2017,4722,5,12366,2017-02-17,QUEZON,GIAN ZINC 30ml Drops,5,750,3750,,0,5,202.5,1012.5,2737.5
raw_sales_report,Medshield (Keith San Miguel).xlsx,sales2017,4723,5,12367,2017-02-21,EAST,VOXOLL 30MG,4,650,2600,,0,6,168,1008,1592
raw_sales_report,Medshield (Keith San Miguel).xlsx,sales2017,4724,5,12368,2017-02-22,MARINDUQUE,JAGA 300mg/100mg/100mcg,10,600,6000,,0,10,345,3450,2550
raw_sales_report,Medshield (Keith San Miguel).xlsx,sales2017,4725,5,12369,2017-02-22,MARINDUQUE,MULTI GROW DROPS,10,190,1900,,0,10,75,750,1150
raw_sales_report,Medshield (Keith San Miguel).xlsx,sales2017,4726,5,12369,2017-02-22,MARINDUQUE,CORVI PLUS 1mg/50mg,10,118,1180,,0,10,39,390,790
raw_sales_report,Medshield (Keith San Miguel).xlsx,sales2017,4727,5,12370,2017-02-22,MARINDUQUE,CORVI PLUS 1mg/50mg,10,118,1180,,0,10,39,390,790
raw_sales_report,Medshield (Keith San Miguel).xlsx,sales2017,4728,5,12370,2017-02-22,MARINDUQUE,BERCEF 250mg/5ml,12,450,5400,,0,12,148,1776,3624
raw_sales_report,Medshield (Keith San Miguel).xlsx,sales2017,4729,5,12370,2017-02-22,MARINDUQUE,CALIBRAL 500mg,2,500,1000,,0,2,235,470,530
raw_sales_report,Medshield (Keith San Miguel).xlsx,sales2017,4730,5,12370,2017-02-22,MARINDUQUE,ALTOSAR 50mg/12.5mg,5,500,2500,,0,5,158,790,1710
raw_sales_report,Medshield (Keith San Miguel).xlsx,sales2017,4731,5,12370,2017-02-22,MARINDUQUE,ATOVAS 20MG,2,750,1500,,0,2,202.5,405,1095
raw_sales_report,Medshield (Keith San Miguel).xlsx,sales2017,4732,5,12370,2017-02-22,MARINDUQUE,KLOPIDO,3,1100,3300,,0,3,307,921,2379
raw_sales_report,Medshield (Keith San Miguel).xlsx,sales2017,4733,5,12371,2017-02-23,EAST,KLOPIDO,4,975,3900,,0,4,307,1228,2672
raw_sales_report,Medshield (Keith San Miguel).xlsx,sales2017,4734,5,12371,2017-02-23,EAST,SPLENDAMET,1,480,480,,0,1,128,128,352
raw_sales_report,Medshield (Keith San Miguel).xlsx,sales2017,4735,5,12372,2017-02-24,QUEZON,APROCARE 150mg,5,750,3750,,0,5,219,1095,2655
raw_sales_report,Medshield (Keith San Miguel).xlsx,sales2017,4736,5,12372,2017-02-24,QUEZON,ATOVAS 20MG,5,750,3750,,0,5,202.5,1012.5,2737.5
raw_sales_report,Medshield (Keith San Miguel).xlsx,sales2017,4737,5,12373,2017-02-22,QUEZON,ATOVAS 20MG,10,750,7500,,0,11,202.5,2227.5,5272.5
raw_sales_report,Medshield (Keith San Miguel).xlsx,sales2017,4738,5,12374,2017-02-22,QUEZON,CLOXAKID 250mg,10,210,2100,,0,12,65,780,1320
raw_sales_report,Medshield (Keith San Miguel).xlsx,sales2017,4739,5,12401,2017-02-16,BATANGAS,AZECLO 100MG,1,2375,2375,,0,1,595,595,1780
raw_sales_report,Medshield (Keith San Miguel).xlsx,sales2017,4740,5,12402,2017-02-16,BATANGAS,AZECLO 100MG,1,2375,2375,,0,1,595,595,1780
raw_sales_report,Medshield (Keith San Miguel).xlsx,sales2017,4741,5,12403,2017-02-17,BATANGAS,CEFZIME 750mg IM/IV,10,3000,30000,,0,10,750,7500,22500
raw_sales_report,Medshield (Keith San Miguel).xlsx,sales2017,4742,5,12404,2017-02-17,BATANGAS,ZEGECEF 250mg/5ml,12,400,4800,,0,18,139.45,2510.1,2289.9
raw_sales_report,Medshield (Keith San Miguel).xlsx,sales2017,4743,5,12405,2017-02-17,BATANGAS,CLAVIC 500mg,2,2700,5400,,0,2,1173.6,2347.2,3052.8
raw_sales_report,Medshield (Keith San Miguel).xlsx,sales2017,4744,5,12405,2017-02-17,BATANGAS,CORSTAPH 500MG,1,1500,1500,,0,1,435,435,1065
raw_sales_report,Medshield (Keith San Miguel).xlsx,sales2017,4745,5,12406,2017-02-20,BATANGAS,ZEGECEF 250mg/5ml,12,400,4800,,0,18,139.45,2510.1,2289.9
raw_sales_report,Medshield (Keith San Miguel).xlsx,sales2017,4746,5,12407,2017-02-20,BATANGAS,LACTAMOX 625MG,1,2700,2700,,0,1,1173.6,1173.6,1526.4
raw_sales_report,Medshield (Keith San Miguel).xlsx,sales2017,4747,5,12407,2017-02-20,BATANGAS,ZELEX 200MG,1,2250,2250,,0,1,750,750,1500
raw_sales_report,Medshield (Keith San Miguel).xlsx,sales2017,4748,5,12407,2017-02-20,BATANGAS,PUROXEL 40MG,2,1300,2600,,0,2,200,400,2200
raw_sales_report,Medshield (Keith San Miguel).xlsx,sales2017,4749,5,12407,2017-02-20,BATANGAS,ALLERCEF 1mg,6,220,1320,,0,6,80,480,840
raw_sales_report,Medshield (Keith San Miguel).xlsx,sales2017,4750,5,12407,2017-02-20,BATANGAS,LACTAMOX 156.25mg/5ml,6,180,1080,,0,6,75.6,453.59999999999997,626.4000000000001
raw_sales_report,Medshield (Keith San Miguel).xlsx,sales2017,4751,5,12407,2017-02-20,BATANGAS,INTRAPLEM 100mg/5ml,6,100,600,,0,6,26.93,161.57999999999998,438.42
raw_sales_report,Medshield (Keith San Miguel).xlsx,sales2017,4752,5,12408,2017-02-20,BATANGAS,PUROXEL 20MG,3,700,2100,,0,3,300,900,1200
raw_sales_report,Medshield (Keith San Miguel).xlsx,sales2017,4753,5,12409,2017-02-20,BATANGAS,ZELEX 200MG,1,2250,2250,,0,1,750,750,1500
raw_sales_report,Medshield (Keith San Miguel).xlsx,sales2017,4754,5,12410,2017-02-20,BATANGAS,ZEGECEF 250mg/5ml,4,400,1600,,0,4,139.45,557.8,1042.2
raw_sales_report,Medshield (Keith San Miguel).xlsx,sales2017,4755,5,12411,2017-02-21,BATANGAS,CLAVIC 125mg/31.25mg/5ml,20,300,6000,,0,20,129.7,2594,3406
raw_sales_report,Medshield (Keith San Miguel).xlsx,sales2017,4756,5,12412,2017-02-21,BATANGAS,VOXOLL 15mg/5ml,16,60,960,,0,16,23,368,592
raw_sales_report,Medshield (Keith San Miguel).xlsx,sales2017,4757,5,12413,2017-02-21,BATANGAS,ALTOSAR 50mg/12.5mg,5,600,3000,,0,5,158,790,2210
raw_sales_report,Medshield (Keith San Miguel).xlsx,sales2017,4758,5,12414,2017-02-21,BATANGAS,LACTAMOX 625MG,2,3360,6720,,0,2,1173.6,2347.2,4372.8
raw_sales_report,Medshield (Keith San Miguel).xlsx,sales2017,4759,5,12415,2017-02-21,BATANGAS,ALGICAP 500MG,2,780,1560,,0,2,227.5,455,1105
raw_sales_report,Medshield (Keith San Miguel).xlsx,sales2017,4760,5,12416,2017-02-21,BATANGAS,FERGLOBIN FA 60mg/400mcg,2,1078,2156,,0,2,240,480,1676
raw_sales_report,Medshield (Keith San Miguel).xlsx,sales2017,4761,5,12417,2017-02-21,BATANGAS,PUROXEL 40MG,5,1300,6500,,0,5,200,1000,5500
raw_sales_report,Medshield (Keith San Miguel).xlsx,sales2017,4762,5,12418,2017-02-21,BATANGAS,CELENCE 200MG,1,3360,3360,,0,1,860,860,2500
raw_sales_report,Medshield (Keith San Miguel).xlsx,sales2017,4763,5,12419,2017-02-21,BATANGAS,VOXOLL 15mg/5ml,10,72,720,,0,10,23,230,490
raw_sales_report,Medshield (Keith San Miguel).xlsx,sales2017,4764,5,12420,2017-02-21,BATANGAS,VICEPHRIN 100mg/ml Drops,7,96,672,,0,7,25,175,497
raw_sales_report,Medshield (Keith San Miguel).xlsx,sales2017,4765,5,12421,2017-02-21,BATANGAS,NUTRI Z Drops,10,180,1800,,0,10,48.5,485,1315
raw_sales_report,Medshield (Keith San Miguel).xlsx,sales2017,4766,5,12422,2017-02-21,BATANGAS,CEEPRAZOL 20mg,3,1980,5940,,0,3,550,1650,4290
raw_sales_report,Medshield (Keith San Miguel).xlsx,sales2017,4767,5,12422,2017-02-21,BATANGAS,CINNABLOC 75MG,5,176,880,,0,5,40,200,680
raw_sales_report,Medshield (Keith San Miguel).xlsx,sales2017,4768,5,12422,2017-02-21,BATANGAS,PREDNIMED 20MG,2,825,1650,,0,2,230,460,1190
raw_sales_report,Medshield (Keith San Miguel).xlsx,sales2017,4769,5,12423,2017-02-21,BATANGAS,GIAN ZINC 120ML,12,170,2040,,0,12,75,900,1140
raw_sales_report,Medshield (Keith San Miguel).xlsx,sales2017,4770,5,12424,2017-02-22,MINDORO,XYNETIN 1500MG,6,573,3438,,0,6,310,1860,1578
raw_sales_report,Medshield (Keith San Miguel).xlsx,sales2017,4771,5,12451,2017-02-21,LAGUNA,RENOKET,1,4950,4950,,0,1,1450,1450,3500
raw_sales_report,Medshield (Keith San Miguel).xlsx,sales2017,4772,5,12451,2017-02-21,LAGUNA,THROMBICARE 75mg tab,3,990,2970,,0,3,384,1152,1818
raw_sales_report,Medshield (Keith San Miguel).xlsx,sales2017,4773,5,12451,2017-02-21,LAGUNA,C ZETTE,10,66,660,,0,10,17,170,490
raw_sales_report,Medshield (Keith San Miguel).xlsx,sales2017,4774,5,12451,2017-02-21,LAGUNA,ASTYMIN 120ML,10,400,4000,,0,10,65,650,3350
raw_sales_report,Medshield (Keith San Miguel).xlsx,sales2017,4775,5,12452,2017-02-21,LAGUNA,ASTYMIN 120ML,10,400,4000,,0,10,65,650,3350
raw_sales_report,Medshield (Keith San Miguel).xlsx,sales2017,4776,5,12453,2017-02-21,LAGUNA,ANTIZOAL,10,157.5,1575,,0,10,25,250,1325
raw_sales_report,Medshield (Keith San Miguel).xlsx,sales2017,4777,5,12453,2017-02-21,LAGUNA,UNIDOL 500mg/ml solution for injection IM/IV,49,140,6860,,0,49,25,1225,5635
raw_sales_report,Medshield (Keith San Miguel).xlsx,sales2017,4778,5,12454,2017-02-21,LAGUNA,EUROXONE,60,190,11400,,0,60,73,4380,7020
raw_sales_report,Medshield (Keith San Miguel).xlsx,sales2017,4779,5,12455,2017-02-21,LAGUNA,APROCARE 150MG,5,525,2625,,0,5,219,1095,1530
raw_sales_report,Medshield (Keith San Miguel).xlsx,sales2017,4780,5,12456,2017-02-21,LAGUNA,COZEC,12,640,7680,,0,12,110,1320,6360
raw_sales_report,Medshield (Keith San Miguel).xlsx,sales2017,4781,5,10839,2017-03-01,Hospital,CEFZIME 750mg IM/IV,10,3000,30000,,0,10,750,7500,22500
raw_sales_report,Medshield (Keith San Miguel).xlsx,sales2017,4782,5,10839,2017-03-01,Hospital,CEPROTRON 500MG,3,1750,5250,,0,3,415,1245,4005
raw_sales_report,Medshield (Keith San Miguel).xlsx,sales2017,4783,5,10842,2017-03-08,HOSPITAL,CEFZIME 750mg IM/IV,5,3000,15000,,0,5,750,3750,11250
raw_sales_report,Medshield (Keith San Miguel).xlsx,sales2017,4784,5,10843,2017-03-08,HOSPITAL,XYNETIN 1500mg,2,800,1600,,0,2,310,620,980
raw_sales_report,Medshield (Keith San Miguel).xlsx,sales2017,4785,5,10844,2017-11-03,HOSPITAL,AZECLO 100MG,2,1900,3800,,0,2,595,1190,2610
raw_sales_report,Medshield (Keith San Miguel).xlsx,sales2017,4786,5,10844,2017-11-03,HOSPITAL,CALIBRAL 500MG,2,700,1400,,0,2,235,470,930
raw_sales_report,Medshield (Keith San Miguel).xlsx,sales2017,4787,5,10844,2017-11-03,HOSPITAL,CEPROTRON 500MG,4,1750,7000,,0,4,415,1660,5340
raw_sales_report,Medshield (Keith San Miguel).xlsx,sales2017,4788,5,10844,2017-11-03,HOSPITAL,LACTAMOX 156.25mg/5ml,4,2800,11200,,0,4,1173.6,4694.4,6505.6
raw_sales_report,Medshield (Keith San Miguel).xlsx,sales2017,4789,5,10844,2017-11-03,HOSPITAL,NERVAPLEX 500mg/50mg/100mg/100mcg,3,1550,4650,,0,3,480.9,1442.6999999999998,3207.3
raw_sales_report,Medshield (Keith San Miguel).xlsx,sales2017,4790,5,10844,2017-11-03,HOSPITAL,QUALRAN 25mg/2ml,10,800,8000,,0,10,100,1000,7000
raw_sales_report,Medshield (Keith San Miguel).xlsx,sales2017,4791,5,10844,2017-11-03,HOSPITAL,SODAMPEN 1g IM/IV,100,128,12800,,0,100,45,4500,8300
raw_sales_report,Medshield (Keith San Miguel).xlsx,sales2017,4792,5,10844,2017-11-03,HOSPITAL,MAXIFER,3,2450,7350,,0,3,818,2454,4896
raw_sales_report,Medshield (Keith San Miguel).xlsx,sales2017,4793,5,10844,2017-11-03,HOSPITAL,CEFZIME 750mg IM/IV,10,3000,30000,,0,10,750,7500,22500
raw_sales_report,Medshield (Keith San Miguel).xlsx,sales2017,4794,5,10846,2020-03-01,HOSPITAL,SODAMPEN 1g IM/IV,500,128,64000,,0,500,45,22500,41500
raw_sales_report,Medshield (Keith San Miguel).xlsx,sales2017,4795,5,10846,2020-03-01,HOSPITAL,ERGOTEC 125MG,300,20,6000,,0,300,5,1500,4500
raw_sales_report,Medshield (Keith San Miguel).xlsx,sales2017,4796,5,10846,2020-03-01,HOSPITAL,MAXIFER,500,490,245000,,0,500,163,81500,163500
raw_sales_report,Medshield (Keith San Miguel).xlsx,sales2017,4797,5,10846,2020-03-01,HOSPITAL,EVAPROST 250,200,960,192000,,0,200,357.5,71500,120500
raw_sales_report,Medshield (Keith San Miguel).xlsx,sales2017,4798,5,10846,2020-03-01,HOSPITAL,EVAPROST 125,300,480,144000,,0,300,187.2,56160,87840
raw_sales_report,Medshield (Keith San Miguel).xlsx,sales2017,4799,5,10846,2020-03-01,HOSPITAL,EUROXONE,1000,300,300000,,0,1000,73,73000,227000
raw_sales_report,Medshield (Keith San Miguel).xlsx,sales2017,4800,5,10847,2020-03-01,HOSPITAL,ANTIZOAL,500,120,60000,,0,500,25,12500,47500
raw_sales_report,Medshield (Keith San Miguel).xlsx,sales2017,4801,5,10847,2020-03-01,HOSPITAL,AMSUTAS,300,280,84000,,0,300,45,13500,70500
raw_sales_report,Medshield (Keith San Miguel).xlsx,sales2017,4802,5,11428,2017-02-24,BATANGAS,ZEGECEF 250mg/5ml,8,345,2760,,0,12,139.45,1673.3999999999999,1086.6000000000001
raw_sales_report,Medshield (Keith San Miguel).xlsx,sales2017,4803,5,11428,2017-02-24,BATANGAS,INTRAPLEM 100mg/5ml,8,90,720,,0,12,26.93,323.15999999999997,396.84000000000003
raw_sales_report,Medshield (Keith San Miguel).xlsx,sales2017,4804,5,11428,2017-02-24,BATANGAS,TRIVASC 35mg MR,1,900,900,,0,1,445,445,455
raw_sales_report,Medshield (Keith San Miguel).xlsx,sales2017,4805,5,11485,2017-03-03,GOVERNMENT,ACCEMAC,,,0,,0,0,,0,0
raw_sales_report,Medshield (Keith San Miguel).xlsx,sales2017,4806,5,11485,2017-03-03,GOVERNMENT,GIAN ZINC Plus C 120ml,144,191.5,27576,,0,144,,0,27576
raw_sales_report,Medshield (Keith San Miguel).xlsx,sales2017,4807,5,11485,2017-03-03,GOVERNMENT,GIAN ZINC 30ml Drops,72,170,12240,,0,72,,0,12240
raw_sales_report,Medshield (Keith San Miguel).xlsx,sales2017,4808,5,11485,2017-03-03,GOVERNMENT,EUROXONE,300,510,153000,,0,300,,0,153000
raw_sales_report,Medshield (Keith San Miguel).xlsx,sales2017,4809,5,11485,2017-03-03,GOVERNMENT,TRIVASC 35mg MR,2000,16.5,33000,,0,2000,,0,33000
raw_sales_report,Medshield (Keith San Miguel).xlsx,sales2017,4810,5,11485,2017-03-03,GOVERNMENT,ALDAZOLE 500mg,144,138,19872,,0,144,,0,19872
raw_sales_report,Medshield (Keith San Miguel).xlsx,sales2017,4811,5,11488,2017-03-17,GOVERNMENT,UNIDOL 500mg/ml solution for injection IM/IV,30,65,1950,,0,30,,0,1950
raw_sales_report,Medshield (Keith San Miguel).xlsx,sales2017,4812,5,11488,2017-03-17,GOVERNMENT,KLOPIDO,1000,37.3,37300,,0,1000,,0,37300
raw_sales_report,Medshield (Keith San Miguel).xlsx,sales2017,4813,5,11488,2017-03-17,GOVERNMENT,FERGLOBIN 250mg,1000,10.4,10400,,0,1000,,0,10400
raw_sales_report,Medshield (Keith San Miguel).xlsx,sales2017,4814,5,11488,2017-03-17,GOVERNMENT,OBYDOSE,1000,10.2,10200,,0,1000,,0,10200
raw_sales_report,Medshield (Keith San Miguel).xlsx,sales2017,4815,5,11488,2017-03-17,GOVERNMENT,CETOCIN,30,130,3900,,0,30,,0,3900
raw_sales_report,Medshield (Keith San Miguel).xlsx,sales2017,4816,5,11490,2017-03-17,GOVERNMENT,#REF!,,,0,,0,0,,0,0
raw_sales_report,Medshield (Keith San Miguel).xlsx,sales2017,4817,5,11801,2017-02-27,CAM SUR,JAGA 300mg/100mg/100mcg,3,1400,4200,,0,6,345,2070,2130
raw_sales_report,Medshield (Keith San Miguel).xlsx,sales2017,4818,5,11802,2017-02-27,CAM SUR,LACTAMOX 156.25mg/5ml,10,190,1900,,0,10,75.6,756,1144
raw_sales_report,Medshield (Keith San Miguel).xlsx,sales2017,4819,5,11803,2017-02-27,CAM SUR,CLOXAKID 250mg,6,210,1260,,0,6,65,390,870
raw_sales_report,Medshield (Keith San Miguel).xlsx,sales2017,4820,5,11804,2017-02-27,CAM SUR,LACTAMOX 156.25mg/5ml,9,190,1710,,0,9,75.6,680.4,1029.6
raw_sales_report,Medshield (Keith San Miguel).xlsx,sales2017,4821,5,11805,2017-02-27,CAM SUR,LACTAMOX 625mg,1,2700,2700,,0,1,1173.6,1173.6,1526.4
raw_sales_report,Medshield (Keith San Miguel).xlsx,sales2017,4822,5,11806,2017-03-02,CAM SUR,MONILIASOL 125mg/5mL,20,70,1400,,0,20,26.25,525,875
raw_sales_report,Medshield (Keith San Miguel).xlsx,sales2017,4823,5,11806,2017-03-02,CAM SUR,CINNABLOC 75mg,2,150,300,,0,2,40,80,220
raw_sales_report,Medshield (Keith San Miguel).xlsx,sales2017,4824,5,11807,2017-02-27,CAM SUR,DOLO-JAGA 500mg/50mg/100mg/100mcg,2,1600,3200,,0,2,480.9,961.8,2238.2
raw_sales_report,Medshield (Keith San Miguel).xlsx,sales2017,4825,5,11808,2017-02-27,CAM SUR,HISTARIL 100mg/2mg,2,800,1600,,0,2,225,450,1150
raw_sales_report,Medshield (Keith San Miguel).xlsx,sales2017,4826,5,11809,2017-03-02,CAM SUR,HISTARIL 100mg/2mg,2,800,1600,,0,2,225,450,1150
raw_sales_report,Medshield (Keith San Miguel).xlsx,sales2017,4827,5,11810,2017-03-02,CAM SUR,JAGA 300mg/100mg/100mcg,1,1200,1200,,0,1,345,345,855
raw_sales_report,Medshield (Keith San Miguel).xlsx,sales2017,4828,5,11811,2017-03-02,CAM SUR,ZETIFEN 250mg/5ml,6,87,522,,0,6,21,126,396
raw_sales_report,Medshield (Keith San Miguel).xlsx,sales2017,4829,5,11812,2017-03-02,CAM SUR,CLAVIC 125mg/31.25mg/5ml,11,170,1870,,0,11,75.6,831.5999999999999,1038.4
raw_sales_report,Medshield (Keith San Miguel).xlsx,sales2017,4830,5,11812,2017-03-02,CAM SUR,HISTARIL 50mg/1mg/5ml,5,83.5,417.5,,0,5,24.47,122.35,295.15
raw_sales_report,Medshield (Keith San Miguel).xlsx,sales2017,4831,5,11812,2017-03-02,CAM SUR,MONILIASOL 500mg,170,7,1190,,0,170,2.4,408,782
raw_sales_report,Medshield (Keith San Miguel).xlsx,sales2017,4832,5,11813,2017-03-02,CAM SUR,JAGAPLEX,10,175,1750,,0,15,47,705,1045
raw_sales_report,Medshield (Keith San Miguel).xlsx,sales2017,4833,5,11813,2017-03-02,CAM SUR,GIAN ZINC 120ml,36,175,6300,,0,36,75,2700,3600
raw_sales_report,Medshield (Keith San Miguel).xlsx,sales2017,4834,5,11814,2017-03-02,CAM SUR,MULTI GROW 120ml,24,240,5760,,0,48,75,3600,2160
raw_sales_report,Medshield (Keith San Miguel).xlsx,sales2017,4835,5,11815,2017-03-07,CAM SUR,HISTARIL 100mg/2mg,155,8,1240,,0,155,2.25,348.75,891.25
raw_sales_report,Medshield (Keith San Miguel).xlsx,sales2017,4836,5,11815,2017-03-07,CAM SUR,LACTAMOX 625mg,54,45,2430,,0,54,19.56,1056.24,1373.76
raw_sales_report,Medshield (Keith San Miguel).xlsx,sales2017,4837,5,11815,2017-03-07,CAM SUR,DOLO-JAGA 500mg/50mg/100mg/100mcg,169,16,2704,,0,169,4.81,812.89,1891.1100000000001
raw_sales_report,Medshield (Keith San Miguel).xlsx,sales2017,4838,5,11815,2017-03-07,CAM SUR,LACTAMOX 156.25mg/5ml,6,190,1140,,0,6,75.6,453.59999999999997,686.4000000000001
raw_sales_report,Medshield (Keith San Miguel).xlsx,sales2017,4839,5,11816,2017-03-07,CAM SUR,LACTAMOX 156.25mg/5ml,4,190,760,,0,4,75.6,302.4,457.6
raw_sales_report,Medshield (Keith San Miguel).xlsx,sales2017,4840,5,11817,2017-03-07,CAM SUR,DOLO-JAGA 500mg/50mg/100mg/100mcg,2,1600,3200,,0,3,480.9,1442.6999999999998,1757.3000000000002
raw_sales_report,Medshield (Keith San Miguel).xlsx,sales2017,4841,5,11818,2017-03-08,CAM SUR,HISTARIL 50mg/1mg/5ml,20,88,1760,,0,20,24.47,489.4,1270.6
raw_sales_report,Medshield (Keith San Miguel).xlsx,sales2017,4842,5,11819,2017-03-07,CAM SUR,HISTARIL 100mg/2mg,20,88,1760,,0,20,24.47,489.4,1270.6
raw_sales_report,Medshield (Keith San Miguel).xlsx,sales2017,4843,5,11821,2017-03-07,CAM SUR,MONILIASOL 500mg,2,750,1500,,0,2,240,480,1020
raw_sales_report,Medshield (Keith San Miguel).xlsx,sales2017,4844,5,11823,2017-03-08,CAM SUR,KLOPIDO,2,975,1950,,0,2,307,614,1336
raw_sales_report,Medshield (Keith San Miguel).xlsx,sales2017,4845,5,11823,2017-03-08,CAM SUR,AMLOMED 5MG,2,1450,2900,,0,2,460,920,1980
raw_sales_report,Medshield (Keith San Miguel).xlsx,sales2017,4846,5,11824,2017-03-08,CAM SUR,HISTARIL 100mg/2mg,20,88,1760,,0,20,24.47,489.4,1270.6
raw_sales_report,Medshield (Keith San Miguel).xlsx,sales2017,4847,5,11825,2017-03-08,CAM SUR,LACTAMOX 156.25mg/5ml,16,170,2720,,0,16,75.6,1209.6,1510.4
raw_sales_report,Medshield (Keith San Miguel).xlsx,sales2017,4848,5,11826,2017-03-08,CAM SUR,LACTAMOX 312.5mg/5ml,10,190,1900,,0,10,75.6,756,1144
raw_sales_report,Medshield (Keith San Miguel).xlsx,sales2017,4849,5,11827,2017-03-08,CAM SUR,VISTREP 500mg,2,750,1500,,,2,319,638,862
raw_sales_report,Medshield (Keith San Miguel).xlsx,sales2017,4850,5,11828,2017-03-08,CAM SUR,METMIC 500mg,2,750,1500,,,2,227.5,455,1045
raw_sales_report,Medshield (Keith San Miguel).xlsx,sales2017,4851,5,11829,2017-03-08,CAM SUR,LACTAMOX 625mg,1,2700,2700,,,1,1173.6,1173.6,1526.4
raw_sales_report,Medshield (Keith San Miguel).xlsx,sales2017,4852,5,11830,2017-03-09,CAM SUR,TOSYLAM 750mg,2,2750,5500,,,3,980,2940,2560
raw_sales_report,Medshield (Keith San Miguel).xlsx,sales2017,4853,5,11831,2017-03-09,CAM SUR,DOLO-JAGA 500mg/50mg/100mg/100mcg,2,1600,3200,,,2,480.9,961.8,2238.2
raw_sales_report,Medshield (Keith San Miguel).xlsx,sales2017,4854,5,11832,2017-03-10,CAM SUR,LACTAMOX 156.25mg/5ml,26,95,2470,,,26,75.6,1965.6,504.4000000000001
raw_sales_report,Medshield (Keith San Miguel).xlsx,sales2017,4855,5,11833,2017-03-10,CAM SUR,JAGAPLEX,2,1300,2600,,,4,345,1380,1220
raw_sales_report,Medshield (Keith San Miguel).xlsx,sales2017,4856,5,11834,2017-03-10,CAM SUR,HISTARIL 100mg/2mg,2,800,1600,,,2,225,450,1150
raw_sales_report,Medshield (Keith San Miguel).xlsx,sales2017,4857,5,11835,2017-03-13,CAM SUR,HISTARIL 100mg/2mg,3,850,2550,0.3,,3,225,675,1875
raw_sales_report,Medshield (Keith San Miguel).xlsx,sales2017,4858,5,11836,2017-03-13,CAM SUR,HISTARIL 50mg/1mg/5ml,15,88,1320,,,15,24.47,367.04999999999995,952.95
raw_sales_report,Medshield (Keith San Miguel).xlsx,sales2017,4859,5,11837,2017-03-15,CAM SUR,CINNABLOC 25MG,2,500,1000,,,2,133,266,734
raw_sales_report,Medshield (Keith San Miguel).xlsx,sales2017,4860,5,11838,2017-03-15,CAM SUR,CLAVIC 250mg/62.5mg/5ml,12,310,3720,,,12,129.7,1556.3999999999999,2163.6000000000004
raw_sales_report,Medshield (Keith San Miguel).xlsx,sales2017,4861,5,11839,2017-03-15,CAM SUR,CLAVIC 250mg/62.5mg/5ml,10,310,3100,,,10,129.7,1297,1803
raw_sales_report,Medshield (Keith San Miguel).xlsx,sales2017,4862,5,11840,2017-03-15,CAM SUR,DOLO-JAGA 500mg/50mg/100mg/100mcg,10,1600,16000,,,10,480.9,4809,11191
raw_sales_report,Medshield (Keith San Miguel).xlsx,sales2017,4863,5,11840,2017-03-15,CAM SUR,JAGAPLEX,10,885,8850,,,10,270,2700,6150
raw_sales_report,Medshield (Keith San Miguel).xlsx,sales2017,4864,5,11840,2017-03-15,CAM SUR,JAGA 300mg/100mg/100mcg,10,1200,12000,,,10,345,3450,8550
raw_sales_report,Medshield (Keith San Miguel).xlsx,sales2017,4865,5,11840,2017-03-15,CAM SUR,FERGLOBIN 250MG,1,725,725,,,1,215,215,510
raw_sales_report,Medshield (Keith San Miguel).xlsx,sales2017,4866,5,11840,2017-03-15,CAM SUR,OBYDOSE,1,855,855,,,1,265,265,590
raw_sales_report,Medshield (Keith San Miguel).xlsx,sales2017,4867,5,11841,2017-03-15,CAM SUR,Astymin 120ml,10,220,2200,,,10,65,650,1550
raw_sales_report,Medshield (Keith San Miguel).xlsx,sales2017,4868,5,11842,2017-03-15,CAM SUR,LACTAMOX 156.25mg/5ml,12,190,2280,,,12,75.6,907.1999999999999,1372.8000000000002
raw_sales_report,Medshield (Keith San Miguel).xlsx,sales2017,4869,5,11843,2017-03-15,CAM SUR,INTRAPLEM 50mg/ml Drops,30,78,2340,,,30,22.75,682.5,1657.5
raw_sales_report,Medshield (Keith San Miguel).xlsx,sales2017,4870,5,11845,2017-03-17,CAM SUR,CLAVIC 250mg/62.5mg/5ml,20,310,6200,,,20,129,2580,3620
raw_sales_report,Medshield (Keith San Miguel).xlsx,sales2017,4871,5,11846,2017-03-17,CAM SUR,HISTARIL 100mg/2mg,2,800,1600,,,2,225,450,1150
raw_sales_report,Medshield (Keith San Miguel).xlsx,sales2017,4872,5,11847,2017-03-20,CAM SUR,HISTARIL 50mg/1mg/5ml,27,88,2376,,,27,24.47,660.6899999999999,1715.31
raw_sales_report,Medshield (Keith San Miguel).xlsx,sales2017,4873,5,11847,2017-03-20,CAM SUR,AMETRIS 125mg,1,,0,,,1,35,35,-35
raw_sales_report,Medshield (Keith San Miguel).xlsx,sales2017,4874,5,11848,2017-03-20,CAM SUR,JAGA 300mg/100mg/100mcg,1,1300,1300,,,2,345,690,610
raw_sales_report,Medshield (Keith San Miguel).xlsx,sales2017,4875,5,11849,2017-03-22,CAM SUR,EUROXIME 500MG,1,3000,3000,0.3,900,1,480.9,480.9,1619.1
raw_sales_report,Medshield (Keith San Miguel).xlsx,sales2017,4876,5,11850,2017-03-22,CAM SUR,DOLO-JAGA 500mg/50mg/100mg/100mcg,1,1600,1600,,0,1,480.9,480.9,1119.1
raw_sales_report,Medshield (Keith San Miguel).xlsx,sales2017,4877,5,11959,2017-03-01,SUPPLIES,HISTARIL 100mg/2mg,2,800,1600,,0,2,225,450,1150
raw_sales_report,Medshield (Keith San Miguel).xlsx,sales2017,4878,5,11959,2017-03-01,SUPPLIES,JAGA 300mg/100mg/100mcg,6,855,5130,,0,6,345,2070,3060
raw_sales_report,Medshield (Keith San Miguel).xlsx,sales2017,4879,5,11959,2017-03-01,SUPPLIES,DOLO-JAGA 500mg/50mg/100mg/100mcg,4,990,3960,,0,4,480.9,1923.6,2036.4
raw_sales_report,Medshield (Keith San Miguel).xlsx,sales2017,4880,5,11970,2017-03-07,SUPPLIES,#REF!,,,0,,0,0,,0,0
raw_sales_report,Medshield (Keith San Miguel).xlsx,sales2017,4881,5,11971,2017-03-14,SUPPLIES,#REF!,,,0,,0,0,,0,0
raw_sales_report,Medshield (Keith San Miguel).xlsx,sales2017,4882,5,11972,2017-03-21,SUPPLIES,#REF!,,,0,,0,0,,0,0
raw_sales_report,Medshield (Keith San Miguel).xlsx,sales2017,4883,5,11974,2017-03-13,SUPPLIES,#REF!,,,0,,0,0,,0,0
raw_sales_report,Medshield (Keith San Miguel).xlsx,sales2017,4884,5,11975,2017-03-13,SUPPLIES,#REF!,,,0,,0,0,,0,0
raw_sales_report,Medshield (Keith San Miguel).xlsx,sales2017,4885,5,11976,2017-03-17,SUPPLIES,#REF!,,,0,,0,0,,0,0
raw_sales_report,Medshield (Keith San Miguel).xlsx,sales2017,4886,5,11977,2017-03-17,SUPPLIES,#REF!,,,0,,0,0,,0,0
raw_sales_report,Medshield (Keith San Miguel).xlsx,sales2017,4887,5,11979,2017-03-29,SUPPLIES,#REF!,,,0,,0,0,,0,0
raw_sales_report,Medshield (Keith San Miguel).xlsx,sales2017,4888,5,11982,2017-03-22,SUPPLIES,#REF!,,,0,,0,0,,0,0
raw_sales_report,Medshield (Keith San Miguel).xlsx,sales2017,4889,5,12081,2017-03-24,LAGUNA,BROXAL,200,0.8,160,,0,200,1.5,300,-140
raw_sales_report,Medshield (Keith San Miguel).xlsx,sales2017,4890,5,12081,2017-03-24,LAGUNA,HEMOSTAPH,200,9.98,1996,,0,200,2.85,570,1426
raw_sales_report,Medshield (Keith San Miguel).xlsx,sales2017,4891,5,12081,2017-03-24,LAGUNA,BICOTEX-B,50,120,6000,,0,50,30,1500,4500
raw_sales_report,Medshield (Keith San Miguel).xlsx,sales2017,4892,5,12081,2017-03-24,LAGUNA,PARA 250,16,37,592,,0,16,8.75,140,452
raw_sales_report,Medshield (Keith San Miguel).xlsx,sales2017,4893,5,12081,2017-03-24,LAGUNA,SATCAPTO,100,4,400,,0,100,0.815,81.5,318.5
raw_sales_report,Medshield (Keith San Miguel).xlsx,sales2017,4894,5,12081,2017-03-24,LAGUNA,FALTERIA,100,7,700,,0,100,1.85,185,515
raw_sales_report,Medshield (Keith San Miguel).xlsx,sales2017,4895,5,12083,2017-03-27,LAGUNA,FUROXIDE,20,42,840,,0,20,8,160,680
raw_sales_report,Medshield (Keith San Miguel).xlsx,sales2017,4896,5,12083,2017-03-27,LAGUNA,DIFLOSID,20,37.2,744,,0,20,12,240,504
raw_sales_report,Medshield (Keith San Miguel).xlsx,sales2017,4897,5,12083,2017-03-27,LAGUNA,EPIBBAS,20,79,1580,,0,20,26.5,530,1050
raw_sales_report,Medshield (Keith San Miguel).xlsx,sales2017,4898,5,12083,2017-03-27,LAGUNA,MICROSCOT,10,285,2850,,0,10,85,850,2000
raw_sales_report,Medshield (Keith San Miguel).xlsx,sales2017,4899,5,12083,2017-03-27,LAGUNA,HARBIPEN 1M,10,29,290,,0,10,9.5,95,195
raw_sales_report,Medshield (Keith San Miguel).xlsx,sales2017,4900,5,12083,2017-03-27,LAGUNA,HARBIPEN 5M,10,68.8,688,,0,10,21.5,215,473
raw_sales_report,Medshield (Keith San Miguel).xlsx,sales2017,4901,5,12083,2017-03-27,LAGUNA,ONDEX,20,74,1480,,0,20,11,220,1260
raw_sales_report,Medshield (Keith San Miguel).xlsx,sales2017,4902,5,12083,2017-03-27,LAGUNA,ZENOBLOC 100,500,6.5,3250,,0,500,1.95,975,2275
raw_sales_report,Medshield (Keith San Miguel).xlsx,sales2017,4903,5,12083,2017-03-27,LAGUNA,ZENOBLOC 50,500,4.5,2250,,0,500,1.45,725,1525
raw_sales_report,Medshield (Keith San Miguel).xlsx,sales2017,4904,5,12083,2017-03-27,LAGUNA,CEFUCAPH,50,48.4,2420,,0,50,9,450,1970
raw_sales_report,Medshield (Keith San Miguel).xlsx,sales2017,4905,5,12084,2017-03-27,LAGUNA,PHILCLOX,500,5,2500,,0,500,1.65,825,1675
raw_sales_report,Medshield (Keith San Miguel).xlsx,sales2017,4906,5,12084,2017-03-27,LAGUNA,MYRENTYL,10,29,290,,0,10,9.75,97.5,192.5
raw_sales_report,Medshield (Keith San Miguel).xlsx,sales2017,4907,5,12084,2017-03-27,LAGUNA,DIXIN,500,8.5,4250,,0,500,2.85,1425,2825
raw_sales_report,Medshield (Keith San Miguel).xlsx,sales2017,4908,5,12084,2017-03-27,LAGUNA,MUCOMED,500,2,1000,,0,500,0.5,250,750
raw_sales_report,Medshield (Keith San Miguel).xlsx,sales2017,4909,5,12084,2017-03-27,LAGUNA,DIANAPRIL,500,7.8,3900,,0,500,2.6,1300,2600
raw_sales_report,Medshield (Keith San Miguel).xlsx,sales2017,4910,5,12084,2017-03-27,LAGUNA,ERYZIN,10,375,3750,,0,10,125,1250,2500
raw_sales_report,Medshield (Keith San Miguel).xlsx,sales2017,4911,5,12084,2017-03-27,LAGUNA,HYPOREX,500,1.5,750,,0,500,0.25,125,625
raw_sales_report,Medshield (Keith San Miguel).xlsx,sales2017,4912,5,12084,2017-03-27,LAGUNA,DIACLID,500,5.6,2800,,0,500,1.95,975,1825
raw_sales_report,Medshield (Keith San Miguel).xlsx,sales2017,4913,5,12084,2017-03-27,LAGUNA,ZACZIN,20,240,4800,,0,20,65,1300,3500
raw_sales_report,Medshield (Keith San Miguel).xlsx,sales2017,4914,5,12084,2017-03-27,LAGUNA,ISONIAZID 300MG,500,1.6,800,,0,500,0.48,240,560
raw_sales_report,Medshield (Keith San Miguel).xlsx,sales2017,4915,5,12085,2017-03-27,LAGUNA,NITROFIX,500,16,8000,,0,500,6.2,3100,4900
raw_sales_report,Medshield (Keith San Miguel).xlsx,sales2017,4916,5,12085,2017-03-27,LAGUNA,PROLOL 100MG,500,3.5,1750,,0,500,1.25,625,1125
raw_sales_report,Medshield (Keith San Miguel).xlsx,sales2017,4917,5,12085,2017-03-27,LAGUNA,PROLOL 50MG,500,2.1,1050,,0,500,0.63,315,735
raw_sales_report,Medshield (Keith San Miguel).xlsx,sales2017,4918,5,12085,2017-03-27,LAGUNA,LUCAZT,500,14,7000,,0,500,3.6,1800,5200
raw_sales_report,Medshield (Keith San Miguel).xlsx,sales2017,4919,5,12085,2017-03-27,LAGUNA,CALCIGARD,500,6.2,3100,,0,500,1.55,775,2325
raw_sales_report,Medshield (Keith San Miguel).xlsx,sales2017,4920,5,12085,2017-03-27,LAGUNA,DEHYDROSOL,125,10,1250,,0,125,2.32,290,960
raw_sales_report,Medshield (Keith San Miguel).xlsx,sales2017,4921,5,12085,2017-03-27,LAGUNA,TOBRAMYCIN,20,180,3600,,0,20,60,1200,2400
raw_sales_report,Medshield (Keith San Miguel).xlsx,sales2017,4922,5,12085,2017-03-27,LAGUNA,AMICARE,20,250,5000,,0,20,20.5,410,4590
raw_sales_report,Medshield (Keith San Miguel).xlsx,sales2017,4923,5,12085,2017-03-27,LAGUNA,BUPIRICAINE,5,730,3650,,0,5,210,1050,2600
raw_sales_report,Medshield (Keith San Miguel).xlsx,sales2017,4924,5,12085,2017-03-27,LAGUNA,CALCIUM CARBONATE,500,2.5,1250,,0,500,0.68,340,910
raw_sales_report,Medshield (Keith San Miguel).xlsx,sales2017,4925,5,12086,2017-03-27,LAGUNA,CAPTOR,500,5.3,2650,,0,500,0.82,410,2240
raw_sales_report,Medshield (Keith San Miguel).xlsx,sales2017,4926,5,12086,2017-03-27,LAGUNA,FORTDIME,20,480,9600,,0,20,32,640,8960
raw_sales_report,Medshield (Keith San Miguel).xlsx,sales2017,4927,5,12086,2017-03-27,LAGUNA,RABAPHEN,20,120,2400,,0,20,17,340,2060
raw_sales_report,Medshield (Keith San Miguel).xlsx,sales2017,4928,5,12086,2017-03-27,LAGUNA,EVENING PRIMEROSE,600,24,14400,,0,600,7,4200,10200
raw_sales_report,Medshield (Keith San Miguel).xlsx,sales2017,4929,5,12086,2017-03-27,LAGUNA,LORAREX,500,6.5,3250,,0,500,0.75,375,2875
raw_sales_report,Medshield (Keith San Miguel).xlsx,sales2017,4930,5,12086,2017-03-27,LAGUNA,METRONIDAZOLE 500MG,600,2.2,1320,,0,600,0.51,306,1014
raw_sales_report,Medshield (Keith San Miguel).xlsx,sales2017,4931,5,12086,2017-03-27,LAGUNA,NICARD,10,1380,13800,,0,10,360,3600,10200
raw_sales_report,Medshield (Keith San Miguel).xlsx,sales2017,4932,5,12086,2017-03-27,LAGUNA,SYLVITE,20,95,1900,,0,20,21,420,1480
raw_sales_report,Medshield (Keith San Miguel).xlsx,sales2017,4933,5,12086,2017-03-27,LAGUNA,CORT,500,6.9,3450,,0,500,2.2,1100,2350
raw_sales_report,Medshield (Keith San Miguel).xlsx,sales2017,4934,5,12086,2017-03-27,LAGUNA,SALRESP,210,58,12180,,0,210,20,4200,7980
raw_sales_report,Medshield (Keith San Miguel).xlsx,sales2017,4935,5,12087,2017-03-27,LAGUNA,PHYTOMEN,20,48,960,,0,20,15,300,660
raw_sales_report,Medshield (Keith San Miguel).xlsx,sales2017,4936,5,12087,2017-03-27,LAGUNA,DERPSON,500,1.9,950,,0,500,0.37,185,765
raw_sales_report,Medshield (Keith San Miguel).xlsx,sales2017,4937,5,12087,2017-03-27,LAGUNA,MYREX,20,76,1520,,0,20,12.75,255,1265
raw_sales_report,Medshield (Keith San Miguel).xlsx,sales2017,4938,5,12087,2017-03-27,LAGUNA,ANTITET 1500IU,10,180,1800,,0,10,52,520,1280
raw_sales_report,Medshield (Keith San Miguel).xlsx,sales2017,4939,5,12087,2017-03-27,LAGUNA,ANTITET 5000IU,10,450,4500,,0,10,122,1220,3280
raw_sales_report,Medshield (Keith San Miguel).xlsx,sales2017,4940,5,12087,2017-03-27,LAGUNA,XYPHEN,20,40,800,,0,20,9,180,620
raw_sales_report,Medshield (Keith San Miguel).xlsx,sales2017,4941,5,12087,2017-03-27,LAGUNA,CEFOPTI,30,156,4680,,0,30,17,510,4170
raw_sales_report,Medshield (Keith San Miguel).xlsx,sales2017,4942,5,12087,2017-03-27,LAGUNA,LODIPEX 10MG,600,11,6600,,0,600,0.416,249.6,6350.4
raw_sales_report,Medshield (Keith San Miguel).xlsx,sales2017,4943,5,12087,2017-03-27,LAGUNA,LODIPEX 5MG,600,8.5,5100,,0,600,0.29,174,4926
raw_sales_report,Medshield (Keith San Miguel).xlsx,sales2017,4944,5,12087,2017-03-27,LAGUNA,CARLIDOX,500,2.9,1450,,0,500,0.68,340,1110
raw_sales_report,Medshield (Keith San Miguel).xlsx,sales2017,4945,5,12088,2017-03-27,LAGUNA,ERGON,500,6,3000,,0,500,1.2,600,2400
raw_sales_report,Medshield (Keith San Miguel).xlsx,sales2017,4946,5,12088,2017-03-27,LAGUNA,BACTOCILL,20,175,3500,,0,20,25,500,3000
raw_sales_report,Medshield (Keith San Miguel).xlsx,sales2017,4947,5,12089,2017-03-28,ADMIN,MAXXI-VIT PLUS,5,1200,6000,,0,7,420,2940,3060
raw_sales_report,Medshield (Keith San Miguel).xlsx,sales2017,4948,5,12089,2017-03-28,ADMIN,XYNETIN 1500MG,5,950,4750,,0,7,310,2170,2580
raw_sales_report,Medshield (Keith San Miguel).xlsx,sales2017,4949,5,12090,2017-03-28,ADMIN,DOPACARE 250MG,2,1950,3900,0.3,1170,2,590,1180,1550
raw_sales_report,Medshield (Keith San Miguel).xlsx,sales2017,4950,5,12090,2017-03-28,ADMIN,OB-DILAN 10mg,2,1100,2200,0.3,660,2,318.4,636.8,903.2
raw_sales_report,Medshield (Keith San Miguel).xlsx,sales2017,4951,5,12097,2017-03-28,ADMIN,OB-DILAN 10MG,5,1100,5500,,0,7,318.4,2228.7999999999997,3271.2000000000003
raw_sales_report,Medshield (Keith San Miguel).xlsx,sales2017,4952,5,12097,2017-03-28,ADMIN,SURITRAM,5,1750,8750,,0,7,500,3500,5250
raw_sales_report,Medshield (Keith San Miguel).xlsx,sales2017,4953,5,12098,2017-04-01,ADMIN,NERVAPLEX 500mg/50mg/100mg/100mcg,2,1550,3100,0.3,930,2,480.9,961.8,1208.2
raw_sales_report,Medshield (Keith San Miguel).xlsx,sales2017,4954,5,12126,2017-02-20,CAVITE,CLAVIC 500mg,1,2790,2790,,0,1,1173.6,1173.6,1616.4
raw_sales_report,Medshield (Keith San Miguel).xlsx,sales2017,4955,5,12127,2017-02-20,CAVITE,ZINAXIME 500mg ,1,3000,3000,,0,1,1450,1450,1550
raw_sales_report,Medshield (Keith San Miguel).xlsx,sales2017,4956,5,12128,2017-02-20,CAVITE,ZIONEL 50MG,1,450,450,,0,1,120,120,330
raw_sales_report,Medshield (Keith San Miguel).xlsx,sales2017,4957,5,12128,2017-02-20,CAVITE,LEXI B FORTE 300mg/100mg/100ug,1,1000,1000,,0,1,323,323,677
raw_sales_report,Medshield (Keith San Miguel).xlsx,sales2017,4958,5,12129,2017-02-21,CAVITE,Evaprost 125,1,4800,4800,0.3,1440,1,1872,1872,1488
raw_sales_report,Medshield (Keith San Miguel).xlsx,sales2017,4959,5,12130,2017-03-01,CAVITE,EVAPROST 250,1,9800,9800,0.3,2940,1,3575,3575,3285
raw_sales_report,Medshield (Keith San Miguel).xlsx,sales2017,4960,5,12131,2017-03-01,CAVITE,Evaprost 250,1,9800,9800,,0,1,3575,3575,6225
raw_sales_report,Medshield (Keith San Miguel).xlsx,sales2017,4961,5,12132,2017-03-01,CAVITE,JAGA 300mg/100mg/100mcg,2,1150,2300,,0,3,345,1035,1265
raw_sales_report,Medshield (Keith San Miguel).xlsx,sales2017,4962,5,12133,2017-03-02,CAVITE,VITASTRONG SOFTGEL,2,2000,4000,,0,2,750,1500,2500
raw_sales_report,Medshield (Keith San Miguel).xlsx,sales2017,4963,5,12133,2017-03-02,CAVITE,SURITRAM,2,1980,3960,,0,2,500,1000,2960
raw_sales_report,Medshield (Keith San Miguel).xlsx,sales2017,4964,5,12133,2017-03-02,CAVITE,AMETRIS 500MG,2,650,1300,,0,2,170,340,960
raw_sales_report,Medshield (Keith San Miguel).xlsx,sales2017,4965,5,12133,2017-03-02,CAVITE,INOFIB 200MG,1,3300,3300,,0,1,950,950,2350
raw_sales_report,Medshield (Keith San Miguel).xlsx,sales2017,4966,5,12133,2017-03-02,CAVITE,TRIVASC 35mg MR,2,1425,2850,,0,2,445,890,1960
raw_sales_report,Medshield (Keith San Miguel).xlsx,sales2017,4967,5,12133,2017-03-02,CAVITE,ROSADOC 10MG,2,780,1560,,0,2,330,660,900
raw_sales_report,Medshield (Keith San Miguel).xlsx,sales2017,4968,5,12133,2017-03-02,CAVITE,LOWAS,2,540,1080,,0,2,165,330,750
raw_sales_report,Medshield (Keith San Miguel).xlsx,sales2017,4969,5,12134,2017-03-28,CAVITE,CINNABLOC 25mg,2,500,1000,,0,3,165,495,505
raw_sales_report,Medshield (Keith San Miguel).xlsx,sales2017,4970,5,12135,2017-03-14,CAVITE,EUROXIME 500MG,3,3000,9000,,0,3,1450,4350,4650
raw_sales_report,Medshield (Keith San Miguel).xlsx,sales2017,4971,5,12135,2017-03-14,CAVITE,LACTAMOX 625MG,2,2700,5400,,0,2,1173.6,2347.2,3052.8
raw_sales_report,Medshield (Keith San Miguel).xlsx,sales2017,4972,5,12135,2017-03-14,CAVITE,QUIFLOX 500mg,4,1800,7200,,0,4,630,2520,4680
raw_sales_report,Medshield (Keith San Miguel).xlsx,sales2017,4973,5,12135,2017-03-14,CAVITE,ZELEX 200MG,3,2250,6750,,0,3,750,2250,4500
raw_sales_report,Medshield (Keith San Miguel).xlsx,sales2017,4974,5,12136,2017-03-14,CAVITE,SNEEZ 12.5mg,10,135,1350,,0,10,42,420,930
raw_sales_report,Medshield (Keith San Miguel).xlsx,sales2017,4975,5,12136,2017-03-14,CAVITE,SNEEZ 6.25mg/2ml/ml Drops,10,120,1200,,0,10,38,380,820
raw_sales_report,Medshield (Keith San Miguel).xlsx,sales2017,4976,5,12137,2017-03-20,CAVITE,ZEGECEF 250mg/5ml,12,400,4800,,0,12,139.45,1673.3999999999999,3126.6000000000004
raw_sales_report,Medshield (Keith San Miguel).xlsx,sales2017,4977,5,12138,2017-03-20,CAVITE,EUROXIME 500MG,1,3000,3000,,0,1,1450,1450,1550
raw_sales_report,Medshield (Keith San Miguel).xlsx,sales2017,4978,5,12138,2017-03-20,CAVITE,HISTARIL 50mg/1mg/5ml,8,80,640,,0,8,24.47,195.76,444.24
raw_sales_report,Medshield (Keith San Miguel).xlsx,sales2017,4979,5,12138,2017-03-20,CAVITE,BERCEF 250mg/5ml,10,365,3650,,0,10,148,1480,2170
raw_sales_report,Medshield (Keith San Miguel).xlsx,sales2017,4980,5,12139,2017-03-28,CAVITE,SURITRAM,5,1980,9900,,0,5,500,2500,7400
raw_sales_report,Medshield (Keith San Miguel).xlsx,sales2017,4981,5,12140,2017-03-28,CAVITE,PUROXEL 40mg,2,1320,2640,,0,3,200,600,2040
raw_sales_report,Medshield (Keith San Miguel).xlsx,sales2017,4982,5,12141,2017-03-28,CAVITE,INTRAPLEM 100MG/5ML,10,92,920,,0,15,26.93,403.95,516.05
raw_sales_report,Medshield (Keith San Miguel).xlsx,sales2017,4983,5,12151,2017-03-14,CAM NORTE,FLUIFORT-M 250mg/5ml,10,99,990,,0,10,31.25,312.5,677.5
raw_sales_report,Medshield (Keith San Miguel).xlsx,sales2017,4984,5,12151,2017-03-14,CAM NORTE,AZECLO 100MG,1,1900,1900,,0,1,595,595,1305
raw_sales_report,Medshield (Keith San Miguel).xlsx,sales2017,4985,5,12151,2017-03-14,CAM NORTE,EUROXIME 500MG,1,600,600,,0,1,1450,1450,-850
raw_sales_report,Medshield (Keith San Miguel).xlsx,sales2017,4986,5,12151,2017-03-14,CAM NORTE,KLOPIDO,1,975,975,,0,1,307,307,668
raw_sales_report,Medshield (Keith San Miguel).xlsx,sales2017,4987,5,12152,2017-03-14,CAM NORTE,Encloxil 500mg,1,1800,1800,,0,1,540,540,1260
raw_sales_report,Medshield (Keith San Miguel).xlsx,sales2017,4988,5,12152,2017-03-14,CAM NORTE,broadmetz 500mg,2,1070,2140,,0,2,319,638,1502
raw_sales_report,Medshield (Keith San Miguel).xlsx,sales2017,4989,5,12152,2017-03-14,CAM NORTE,metmic 500mg,5,750,3750,,0,5,227.5,1137.5,2612.5
raw_sales_report,Medshield (Keith San Miguel).xlsx,sales2017,4990,5,12152,2017-03-14,CAM NORTE,fexil 500mg,6,1800,10800,,0,6,535,3210,7590
raw_sales_report,Medshield (Keith San Miguel).xlsx,sales2017,4991,5,12152,2017-03-14,CAM NORTE,HEMOTRAN 500mg,5,2100,10500,,0,5,685,3425,7075
raw_sales_report,Medshield (Keith San Miguel).xlsx,sales2017,4992,5,12153,2017-03-14,CAM NORTE,ENCLOXIL 500MG,1,1800,1800,,0,1,540,540,1260
raw_sales_report,Medshield (Keith San Miguel).xlsx,sales2017,4993,5,12154,2017-03-14,CAM NORTE,HISTARIL 100mg/2mg,1,800,800,,0,1,225,225,575
raw_sales_report,Medshield (Keith San Miguel).xlsx,sales2017,4994,5,12155,2017-03-20,CAM NORTE,HISTARIL 50mg/1mg/5ml,6,88,528,,0,6,24.47,146.82,381.18
raw_sales_report,Medshield (Keith San Miguel).xlsx,sales2017,4995,5,12155,2017-03-20,CAM NORTE,VICOLAX 100mg/2mg,6,80,480,,0,6,24.47,146.82,333.18
raw_sales_report,Medshield (Keith San Miguel).xlsx,sales2017,4996,5,12155,2017-03-20,CAM NORTE,CEFEXIL 500MG,3,1800,5400,,0,3,535,1605,3795
raw_sales_report,Medshield (Keith San Miguel).xlsx,sales2017,4997,5,12156,2017-03-20,CAM NORTE,LACTAMOX 156.25mg/5ml,3,190,570,,0,3,75.6,226.79999999999998,343.20000000000005
raw_sales_report,Medshield (Keith San Miguel).xlsx,sales2017,4998,5,12156,2017-03-20,CAM NORTE,JAGAPLEX OB,1,850,850,,0,1,155,155,695
raw_sales_report,Medshield (Keith San Miguel).xlsx,sales2017,4999,5,12156,2017-03-20,CAM NORTE,METMIC 500MG,1,750,750,,0,1,227.5,227.5,522.5
raw_sales_report,Medshield (Keith San Miguel).xlsx,sales2017,5000,5,12157,2017-03-20,CAM NORTE,JAGA 300mg/100mg/100mcg,1,1200,1200,,0,1,345,345,855
raw_sales_report,Medshield (Keith San Miguel).xlsx,sales2017,5001,5,12157,2017-03-20,CAM NORTE,metmic 500mg,2,750,1500,,0,2,227.5,455,1045
raw_sales_report,Medshield (Keith San Miguel).xlsx,sales2017,5002,5,12157,2017-03-20,CAM NORTE,FLUIFORT-M 250mg/5ml,6,99,594,,0,6,31.25,187.5,406.5
raw_sales_report,Medshield (Keith San Miguel).xlsx,sales2017,5003,5,12158,2017-03-20,CAM NORTE,metmic 500mg,2,750,1500,,0,3,227.5,682.5,817.5
raw_sales_report,Medshield (Keith San Miguel).xlsx,sales2017,5004,5,12159,2017-03-21,CAM NORTE,CEFEXIL 500MG,3,1800,5400,,0,3,535,1605,3795
raw_sales_report,Medshield (Keith San Miguel).xlsx,sales2017,5005,5,12160,2017-03-21,CAM NORTE,ALTOSAR 50mg/12.5mg,3,500,1500,,0,3,158,474,1026
raw_sales_report,Medshield (Keith San Miguel).xlsx,sales2017,5006,5,12161,2017-03-21,CAM NORTE,BERCEF 50mg Drops,3,175,525,,0,3,42,126,399
raw_sales_report,Medshield (Keith San Miguel).xlsx,sales2017,5007,5,12161,2017-03-21,CAM NORTE,LACTAMOX 156.25mg/5ml,3,190,570,,0,3,75.6,226.79999999999998,343.20000000000005
raw_sales_report,Medshield (Keith San Miguel).xlsx,sales2017,5008,5,12162,2017-03-21,CAM NORTE,ALGICAP 50mg/5ml,6,80,480,,0,6,24.5,147,333
raw_sales_report,Medshield (Keith San Miguel).xlsx,sales2017,5009,5,12163,2017-03-23,CAM NORTE,CEFZIME 750mg IM/IV,20,300,6000,,0,22,75,1650,4350
raw_sales_report,Medshield (Keith San Miguel).xlsx,sales2017,5010,5,12234,2017-02-21,CAM NORTE,FEXIL 500MG,1,1800,1800,,0,1,535,535,1265
raw_sales_report,Medshield (Keith San Miguel).xlsx,sales2017,5011,5,12235,2017-02-23,CAM NORTE,LACTAMOX 625MG,1,2820,2820,,0,1,1173.6,1173.6,1646.4
raw_sales_report,Medshield (Keith San Miguel).xlsx,sales2017,5012,5,12236,2017-02-23,CAM NORTE,FEXIL 500MG,2,1800,3600,,0,2,535,1070,2530
raw_sales_report,Medshield (Keith San Miguel).xlsx,sales2017,5013,5,12236,2017-02-23,CAM NORTE,AMBRODAY 75mg SR,3,700,2100,,0,3,250,750,1350
raw_sales_report,Medshield (Keith San Miguel).xlsx,sales2017,5014,5,12236,2017-02-23,CAM NORTE,ENERGEL SOFTGEL,1,1750,1750,,0,1,550,550,1200
raw_sales_report,Medshield (Keith San Miguel).xlsx,sales2017,5015,5,12237,2017-02-23,CAM NORTE,KLOPIDO,3,975,2925,,0,3,307,921,2004
raw_sales_report,Medshield (Keith San Miguel).xlsx,sales2017,5016,5,12238,2017-03-01,CAM NORTE,METMIC 500MG,2,750,1500,,0,2,227.5,455,1045
raw_sales_report,Medshield (Keith San Miguel).xlsx,sales2017,5017,5,12238,2017-03-01,CAM NORTE,HEMOTRAN 500MG,2,2100,4200,,0,2,685,1370,2830
raw_sales_report,Medshield (Keith San Miguel).xlsx,sales2017,5018,5,12238,2017-03-01,CAM NORTE,LACTAMOX 625MG,2,2820,5640,,0,2,1173.6,2347.2,3292.8
raw_sales_report,Medshield (Keith San Miguel).xlsx,sales2017,5019,5,12238,2017-03-01,CAM NORTE,FEXIL 500MG,1,1800,1800,,0,1,535,535,1265
raw_sales_report,Medshield (Keith San Miguel).xlsx,sales2017,5020,5,12238,2017-03-01,CAM NORTE,BERCEF 50mg Drops,6,175,1050,,0,6,42,252,798
raw_sales_report,Medshield (Keith San Miguel).xlsx,sales2017,5021,5,12239,2017-03-01,CAM NORTE,CLAVIC 250mg/62.5mg/5ml,6,310,1860,,0,6,129.7,778.1999999999999,1081.8000000000002
raw_sales_report,Medshield (Keith San Miguel).xlsx,sales2017,5022,5,12239,2017-03-01,CAM NORTE,EUROXIME 500MG,1,3000,3000,,0,1,1450,1450,1550
raw_sales_report,Medshield (Keith San Miguel).xlsx,sales2017,5023,5,12239,2017-03-01,CAM NORTE,BROADMETZ 500mg,1,1070,1070,,0,1,319,319,751
raw_sales_report,Medshield (Keith San Miguel).xlsx,sales2017,5024,5,12239,2017-03-01,CAM NORTE,METMIC 500MG,1,750,750,,0,1,227.5,227.5,522.5
raw_sales_report,Medshield (Keith San Miguel).xlsx,sales2017,5025,5,12240,2017-03-01,CAM NORTE,JAGAPLEX,1,1000,1000,,0,1,270,270,730
raw_sales_report,Medshield (Keith San Miguel).xlsx,sales2017,5026,5,12240,2017-03-01,CAM NORTE,METMIC 500MG,2,750,1500,,0,2,227.5,455,1045
raw_sales_report,Medshield (Keith San Miguel).xlsx,sales2017,5027,5,12240,2017-03-01,CAM NORTE,FEXIL 500MG,2,1800,3600,,0,2,535,1070,2530
raw_sales_report,Medshield (Keith San Miguel).xlsx,sales2017,5028,5,12240,2017-03-01,CAM NORTE,KLOPIDO,1,975,975,,0,1,307,307,668
raw_sales_report,Medshield (Keith San Miguel).xlsx,sales2017,5029,5,12240,2017-03-01,CAM NORTE,APROCARE 150mg,1,870,870,,0,1,219,219,651
raw_sales_report,Medshield (Keith San Miguel).xlsx,sales2017,5030,5,12240,2017-03-01,CAM NORTE,HISTARIL 100mg/2mg,2,800,1600,,0,2,225,450,1150
raw_sales_report,Medshield (Keith San Miguel).xlsx,sales2017,5031,5,12241,2017-03-02,CAM NORTE,ATOVAS 20MG,2,650,1300,,0,2,202.5,405,895
raw_sales_report,Medshield (Keith San Miguel).xlsx,sales2017,5032,5,12242,2017-03-02,CAM NORTE,APROCARE 150mg,2,1305,2610,,0,2,219,438,2172
raw_sales_report,Medshield (Keith San Miguel).xlsx,sales2017,5033,5,12243,2017-03-09,CAM NORTE,CLOXAKID 250MG,20,210,4200,,0,30,65,1950,2250
raw_sales_report,Medshield (Keith San Miguel).xlsx,sales2017,5034,5,12244,2017-03-13,CAM NORTE,ATOVAS 20MG,3,650,1950,,0,3,202.5,607.5,1342.5
raw_sales_report,Medshield (Keith San Miguel).xlsx,sales2017,5035,5,12245,2017-03-13,CAM NORTE,NOZAL 5MG,3,850,2550,,0,3,260,780,1770
raw_sales_report,Medshield (Keith San Miguel).xlsx,sales2017,5036,5,12246,2017-03-13,CAM NORTE,#REF!,8,,0,,0,8,,0,0
raw_sales_report,Medshield (Keith San Miguel).xlsx,sales2017,5037,5,12247,2017-03-13,CAM NORTE,#REF!,,,0,,0,0,,0,0
raw_sales_report,Medshield (Keith San Miguel).xlsx,sales2017,5038,5,12248,2017-03-13,CAM NORTE,#REF!,,,0,,0,0,,0,0
raw_sales_report,Medshield (Keith San Miguel).xlsx,sales2017,5039,5,12249,2017-03-13,CAM NORTE,CEFZIME 750mg IM/IV,20,300,6000,,0,20,75,1500,4500
raw_sales_report,Medshield (Keith San Miguel).xlsx,sales2017,5040,5,12250,2017-03-13,CAM NORTE,FLUIFORT-M 250mg/5ml,36,74,2664,0.3,799.1999999999999,36,31.25,1125,739.8000000000002
raw_sales_report,Medshield (Keith San Miguel).xlsx,sales2017,5041,5,12322,2017-02-27,ADMIN,AMLOMED 10MG,30,25,750,0.5,375,30,7.9,237,138
raw_sales_report,Medshield (Keith San Miguel).xlsx,sales2017,5042,5,12322,2017-02-27,ADMIN,ALTOSAR 50mg/12.5mg,1,500,500,0.5,250,1,158,158,92
raw_sales_report,Medshield (Keith San Miguel).xlsx,sales2017,5043,5,12323,2017-03-02,LAGUNA,EUROXIME 250mg/5ml,20,440,8800,,0,20,139.45,2789,6011
raw_sales_report,Medshield (Keith San Miguel).xlsx,sales2017,5044,5,12323,2017-03-02,LAGUNA,C-ZEIT,2,600,1200,,0,2,170,340,860
raw_sales_report,Medshield (Keith San Miguel).xlsx,sales2017,5045,5,12323,2017-03-02,LAGUNA,ZYMAX,10,280,2800,,0,10,81,810,1990
raw_sales_report,Medshield (Keith San Miguel).xlsx,sales2017,5046,5,12326,2017-02-23,LAGUNA,#REF!,,,0,,0,0,,0,0
raw_sales_report,Medshield (Keith San Miguel).xlsx,sales2017,5047,5,12327,2017-02-23,LAGUNA,#REF!,,,0,,0,0,,0,0
raw_sales_report,Medshield (Keith San Miguel).xlsx,sales2017,5048,5,12328,2017-03-02,LAGUNA,CEFZIME 750mg IM/IV,500,156,78000,,0,500,75,37500,40500
raw_sales_report,Medshield (Keith San Miguel).xlsx,sales2017,5049,5,12329,2017-03-06,ADMIN,OB-DILAN 10MG,5,1100,5500,,0,7,318.4,2228.7999999999997,3271.2000000000003
raw_sales_report,Medshield (Keith San Miguel).xlsx,sales2017,5050,5,12329,2017-03-06,ADMIN,FERGLOBIN 250MG,5,725,3625,,0,7,215,1505,2120
raw_sales_report,Medshield (Keith San Miguel).xlsx,sales2017,5051,5,12329,2017-03-06,ADMIN,FOCID 5MG,5,650,3250,,0,7,187.5,1312.5,1937.5
raw_sales_report,Medshield (Keith San Miguel).xlsx,sales2017,5052,5,12329,2017-03-06,ADMIN,XYNETIN 1500MG,5,950,4750,,0,7,310,2170,2580
raw_sales_report,Medshield (Keith San Miguel).xlsx,sales2017,5053,5,12330,2017-03-06,ADMIN,DOPACARE 250MG,2,1950,3900,,0,2,590,1180,2720
raw_sales_report,Medshield (Keith San Miguel).xlsx,sales2017,5054,5,12330,2017-03-06,ADMIN,HEMOTRAN 500MG,2,2100,4200,,0,2,685,1370,2830
raw_sales_report,Medshield (Keith San Miguel).xlsx,sales2017,5055,5,12330,2017-03-06,ADMIN,OFLOXACIN 250MG,2,3000,6000,,0,2,195,390,5610
raw_sales_report,Medshield (Keith San Miguel).xlsx,sales2017,5056,5,12331,2017-03-10,ADMIN,DOLO-JAGA 500mg/50mg/100mg/100mcg,6,1663.2,9979.2,0.25,2494.8,6,480.9,2885.3999999999996,4599.000000000001
raw_sales_report,Medshield (Keith San Miguel).xlsx,sales2017,5057,5,12332,2017-03-10,ADMIN,APROCARE 150MG,40,750,30000,,0,40,219,8760,21240
raw_sales_report,Medshield (Keith San Miguel).xlsx,sales2017,5058,5,12332,2017-03-10,ADMIN,LIPIVASC,20,950,19000,,0,20,287.5,5750,13250
raw_sales_report,Medshield (Keith San Miguel).xlsx,sales2017,5059,5,12332,2017-03-10,ADMIN,ATOVAS 20MG,30,750,22500,,0,30,202.5,6075,16425
raw_sales_report,Medshield (Keith San Miguel).xlsx,sales2017,5060,5,12332,2017-03-10,ADMIN,ATOVAS 80MG,10,820,8200,,0,10,247.2,2472,5728
raw_sales_report,Medshield (Keith San Miguel).xlsx,sales2017,5061,5,12335,2017-03-11,ADMIN,OB-DILAN 10MG,5,1100,5500,,0,7,318.4,2228.7999999999997,3271.2000000000003
raw_sales_report,Medshield (Keith San Miguel).xlsx,sales2017,5062,5,12335,2017-03-11,ADMIN,ENCLOXIL 500MG,5,1500,7500,,0,7,540,3780,3720
raw_sales_report,Medshield (Keith San Miguel).xlsx,sales2017,5063,5,12335,2017-03-11,ADMIN,MAXXI-VIT PLUS,5,1200,6000,,0,7,420,2940,3060
raw_sales_report,Medshield (Keith San Miguel).xlsx,sales2017,5064,5,12335,2017-03-11,ADMIN,XYNETIN 1500MG,5,950,4750,,0,7,310,2170,2580
raw_sales_report,Medshield (Keith San Miguel).xlsx,sales2017,5065,5,12338,2017-03-15,ADMIN,ZELEX 200MG,10,2800,28000,0.5,14000,,,0,14000
raw_sales_report,Medshield (Keith San Miguel).xlsx,sales2017,5066,5,12339,2017-03-23,ADMIN,FOCID 5MG,5,650,3250,,0,7,187.5,1312.5,1937.5
raw_sales_report,Medshield (Keith San Miguel).xlsx,sales2017,5067,5,12339,2017-03-23,ADMIN,HAVC 500MG,5,125,625,,0,7,35,245,380
raw_sales_report,Medshield (Keith San Miguel).xlsx,sales2017,5068,5,12339,2017-03-23,ADMIN,OB-DILAN 10MG,5,1100,5500,,0,7,318.4,2228.7999999999997,3271.2000000000003
raw_sales_report,Medshield (Keith San Miguel).xlsx,sales2017,5069,5,12340,2017-03-21,LAGUNA,NICTRAM,500,65,32500,,0,500,9,4500,28000
raw_sales_report,Medshield (Keith San Miguel).xlsx,sales2017,5070,5,12340,2017-03-21,LAGUNA,AMPICELO,300,58,17400,,0,300,12.5,3750,13650
raw_sales_report,Medshield (Keith San Miguel).xlsx,sales2017,5071,5,12340,2017-03-21,LAGUNA,KETRON,100,100,10000,,0,100,28,2800,7200
raw_sales_report,Medshield (Keith San Miguel).xlsx,sales2017,5072,5,12340,2017-03-21,LAGUNA,PHIZOLIN,50,170,8500,,0,50,20,1000,7500
raw_sales_report,Medshield (Keith San Miguel).xlsx,sales2017,5073,5,12340,2017-03-21,LAGUNA,HYDROCORTIZONE 100MG,100,120,12000,,0,100,26,2600,9400
raw_sales_report,Medshield (Keith San Miguel).xlsx,sales2017,5074,5,12340,2017-03-21,LAGUNA,HYDROCORTIZONE 250MG,50,260,13000,,0,50,85,4250,8750
raw_sales_report,Medshield (Keith San Miguel).xlsx,sales2017,5075,5,12340,2017-03-21,LAGUNA,GENTACARE,40,30,1200,,0,40,55,2200,-1000
raw_sales_report,Medshield (Keith San Miguel).xlsx,sales2017,5076,5,12340,2017-03-21,LAGUNA,ZICEF,300,150,45000,,0,300,17.5,5250,39750
raw_sales_report,Medshield (Keith San Miguel).xlsx,sales2017,5077,5,12340,2017-03-21,LAGUNA,LIDOCANE,36,149,5364,,0,36,45,1620,3744
raw_sales_report,Medshield (Keith San Miguel).xlsx,sales2017,5078,5,12340,2017-03-21,LAGUNA,LIDOCANE 2%,15,149,2235,,0,15,45,675,1560
raw_sales_report,Medshield (Keith San Miguel).xlsx,sales2017,5079,5,12341,2017-03-21,LAGUNA,ZINCAVIT 27.5mg,36,85,3060,,0,36,25,900,2160
raw_sales_report,Medshield (Keith San Miguel).xlsx,sales2017,5080,5,12341,2017-03-21,LAGUNA,ZINCAVIT 55mg,36,88,3168,,0,36,25,900,2268
raw_sales_report,Medshield (Keith San Miguel).xlsx,sales2017,5081,5,12341,2017-03-21,LAGUNA,ROSADOC 20MG,300,48,14400,,0,300,11,3300,11100
raw_sales_report,Medshield (Keith San Miguel).xlsx,sales2017,5082,5,12341,2017-03-21,LAGUNA,HYPRO,10,620,6200,,0,10,182,1820,4380
raw_sales_report,Medshield (Keith San Miguel).xlsx,sales2017,5083,5,12342,2017-03-21,LAGUNA,C-ZEIT,100,60,6000,,0,100,17,1700,4300
raw_sales_report,Medshield (Keith San Miguel).xlsx,sales2017,5084,5,12342,2017-03-21,LAGUNA,SODAMPEN 1g IM/IV,50,128,6400,,0,50,45,2250,4150
raw_sales_report,Medshield (Keith San Miguel).xlsx,sales2017,5085,5,12342,2017-03-21,LAGUNA,EUROXONE,300,264,79200,,0,300,73,21900,57300
raw_sales_report,Medshield (Keith San Miguel).xlsx,sales2017,5086,5,12342,2017-03-21,LAGUNA,DOPACARE 250MG,1000,20,20000,,0,1000,5.9,5900,14100
raw_sales_report,Medshield (Keith San Miguel).xlsx,sales2017,5087,5,12342,2017-03-21,LAGUNA,METRONIDAZOLE 125MG/5ML,36,80,2880,,0,36,26.25,945,1935
raw_sales_report,Medshield (Keith San Miguel).xlsx,sales2017,5088,5,12343,2017-03-21,ADMIN,CORSTAPH 500MG,5,1500,7500,,0,5,435,2175,5325
raw_sales_report,Medshield (Keith San Miguel).xlsx,sales2017,5089,5,12343,2017-03-21,ADMIN,INTRAPLEM 500MG,5,950,4750,,0,5,280,1400,3350
raw_sales_report,Medshield (Keith San Miguel).xlsx,sales2017,5090,5,12343,2017-03-21,ADMIN,MONILIASOL 500MG,5,850,4250,,0,5,240,1200,3050
raw_sales_report,Medshield (Keith San Miguel).xlsx,sales2017,5091,5,12343,2017-03-21,ADMIN,APROCARE 150MG,5,750,3750,,0,5,219,1095,2655
raw_sales_report,Medshield (Keith San Miguel).xlsx,sales2017,5092,5,12343,2017-03-21,ADMIN,TRIVASC 35mg MR,5,1550,7750,,0,5,445,2225,5525
raw_sales_report,Medshield (Keith San Miguel).xlsx,sales2017,5093,5,12343,2017-03-21,ADMIN,SPLENDAMET,10,420,4200,,0,10,128,1280,2920
raw_sales_report,Medshield (Keith San Miguel).xlsx,sales2017,5094,5,12343,2017-03-21,ADMIN,STEEROMETZ 5MG,5,450,2250,,0,5,104.5,522.5,1727.5
raw_sales_report,Medshield (Keith San Miguel).xlsx,sales2017,5095,5,12344,2017-03-21,LAGUNA,SYLVITE,10,95,950,,0,10,21,210,740
raw_sales_report,Medshield (Keith San Miguel).xlsx,sales2017,5096,5,12345,2017-03-22,ADMIN,JAGAPLEX OB,5,850,4250,,0,7,155,1085,3165
raw_sales_report,Medshield (Keith San Miguel).xlsx,sales2017,5097,5,12345,2017-03-22,ADMIN,MAXXI-VIT PLUS,5,1200,6000,,0,7,420,2940,3060
raw_sales_report,Medshield (Keith San Miguel).xlsx,sales2017,5098,5,12345,2017-03-22,ADMIN,XYNETIN 1500MG,5,950,4750,,0,7,310,2170,2580
raw_sales_report,Medshield (Keith San Miguel).xlsx,sales2017,5099,5,12345,2017-03-22,ADMIN,LACTAMOX 625mg,5,2800,14000,,0,7,1173.6,8215.199999999999,5784.800000000001
raw_sales_report,Medshield (Keith San Miguel).xlsx,sales2017,5100,5,12346,2017-03-22,ADMIN,TOSYLAM 750MG,2,2750,5500,,0,2,765,1530,3970
raw_sales_report,Medshield (Keith San Miguel).xlsx,sales2017,5101,5,12346,2017-03-22,ADMIN,MAXIFER,1,2450,2450,,0,1,815,815,1635
raw_sales_report,Medshield (Keith San Miguel).xlsx,sales2017,5102,5,12347,2017-03-24,LAGUNA,CLAVIC 250mg/62.5mg/5ml,12,310,3720,,0,12,129.7,1556.3999999999999,2163.6000000000004
raw_sales_report,Medshield (Keith San Miguel).xlsx,sales2017,5103,5,12347,2017-03-24,LAGUNA,CLAVIC 500MG,180,46.5,8370,,0,180,19.56,3520.7999999999997,4849.200000000001
raw_sales_report,Medshield (Keith San Miguel).xlsx,sales2017,5104,5,12347,2017-03-24,LAGUNA,CLONIN,150,16,2400,,0,150,4.78,717,1683
raw_sales_report,Medshield (Keith San Miguel).xlsx,sales2017,5105,5,12347,2017-03-24,LAGUNA,FOCID 5MG,400,6.5,2600,,0,400,1.875,750,1850
raw_sales_report,Medshield (Keith San Miguel).xlsx,sales2017,5106,5,12347,2017-03-24,LAGUNA,CORSTAPH 500MG,500,15,7500,,0,500,4.35,2175,5325
raw_sales_report,Medshield (Keith San Miguel).xlsx,sales2017,5107,5,12347,2017-03-24,LAGUNA,SPLENDAMET,500,4.2,2100,,0,500,1.28,640,1460
raw_sales_report,Medshield (Keith San Miguel).xlsx,sales2017,5108,5,12347,2017-03-24,LAGUNA,SYNERMED 800mg/160mg,150,12,1800,,0,150,1.9,285,1515
raw_sales_report,Medshield (Keith San Miguel).xlsx,sales2017,5109,5,12347,2017-03-24,LAGUNA,TERMAGEN 500mg,1000,2,2000,,0,1000,0.6,600,1400
raw_sales_report,Medshield (Keith San Miguel).xlsx,sales2017,5110,5,12347,2017-03-24,LAGUNA,VICEPHRIN 250mg/5ml,12,150,1800,,0,12,48,576,1224
raw_sales_report,Medshield (Keith San Miguel).xlsx,sales2017,5111,5,12347,2017-03-24,LAGUNA,VITAIR,90,40,3600,,0,90,11.7,1053,2547
raw_sales_report,Medshield (Keith San Miguel).xlsx,sales2017,5112,5,12348,2017-03-24,LAGUNA,ZINAXIME 500mg ,150,60,9000,,0,150,29,4350,4650
raw_sales_report,Medshield (Keith San Miguel).xlsx,sales2017,5113,5,12348,2017-03-24,LAGUNA,ZIONEL 100MG,500,7,3500,,0,500,2,1000,2500
raw_sales_report,Medshield (Keith San Miguel).xlsx,sales2017,5114,5,12348,2017-03-24,LAGUNA,ZIONEL 50MG,400,4.5,1800,,0,400,1.2,480,1320
raw_sales_report,Medshield (Keith San Miguel).xlsx,sales2017,5115,5,12348,2017-03-24,LAGUNA,KLOPIDO,150,32.5,4875,,0,150,10.23,1534.5,3340.5
raw_sales_report,Medshield (Keith San Miguel).xlsx,sales2017,5116,5,12348,2017-03-24,LAGUNA,DIUCARE 25MG,60,13,780,,0,60,3.76,225.6,554.4
raw_sales_report,Medshield (Keith San Miguel).xlsx,sales2017,5117,5,12348,2017-03-24,LAGUNA,BROADMETZ 250mg/5ml,12,95,1140,,0,12,28,336,804
raw_sales_report,Medshield (Keith San Miguel).xlsx,sales2017,5118,5,12348,2017-03-24,LAGUNA,BROADMETZ 500mg,500,10.2,5100,,0,500,3.19,1595,3505
raw_sales_report,Medshield (Keith San Miguel).xlsx,sales2017,5119,5,12348,2017-03-24,LAGUNA,ZELECTA,90,25,2250,,0,90,7.5,675,1575
raw_sales_report,Medshield (Keith San Miguel).xlsx,sales2017,5120,5,12348,2017-03-24,LAGUNA,AMLOMED 10MG,500,25,12500,,0,500,7.9,3950,8550
raw_sales_report,Medshield (Keith San Miguel).xlsx,sales2017,5121,5,12348,2017-03-24,LAGUNA,AMLOMED 5MG,500,14.7,7350,,0,500,4.6,2300,5050
raw_sales_report,Medshield (Keith San Miguel).xlsx,sales2017,5122,5,12349,2017-03-24,LAGUNA,CLOXAKID 250mg,12,210,2520,,0,12,65,780,1740
raw_sales_report,Medshield (Keith San Miguel).xlsx,sales2017,5123,5,12349,2017-03-24,LAGUNA,neuropentin 300mg,100,42,4200,,0,100,13,1300,2900
raw_sales_report,Medshield (Keith San Miguel).xlsx,sales2017,5124,5,12349,2017-03-24,LAGUNA,NOZAL 5MG,60,28.34,1700.4,,0,60,8.67,520.2,1180.2
raw_sales_report,Medshield (Keith San Miguel).xlsx,sales2017,5125,5,12349,2017-03-24,LAGUNA,PREDNIMED 10MG,300,5.5,1650,,0,300,1.68,504,1146
raw_sales_report,Medshield (Keith San Miguel).xlsx,sales2017,5126,5,12349,2017-03-24,LAGUNA,PREDNIMED 20MG,300,7.5,2250,,0,300,2.3,690,1560
raw_sales_report,Medshield (Keith San Miguel).xlsx,sales2017,5127,5,12349,2017-03-24,LAGUNA,ALDOXY 100MG,200,15,3000,,0,200,3.8,760,2240
raw_sales_report,Medshield (Keith San Miguel).xlsx,sales2017,5128,5,12349,2017-03-24,LAGUNA,COSMOX 457MG,12,580,6960,,0,12,185,2220,4740
raw_sales_report,Medshield (Keith San Miguel).xlsx,sales2017,5129,5,12349,2017-03-24,LAGUNA,AMETRIS 500MG,300,6.5,1950,,0,300,1.7,510,1440
raw_sales_report,Medshield (Keith San Miguel).xlsx,sales2017,5130,5,12349,2017-03-24,LAGUNA,CEEPRAZOL 20mg,180,30,5400,,0,180,9.16,1648.8,3751.2
raw_sales_report,Medshield (Keith San Miguel).xlsx,sales2017,5131,5,12349,2017-03-24,LAGUNA,CEPROTRON 500MG,250,35,8750,,0,250,4.3,1075,7675
raw_sales_report,Medshield (Keith San Miguel).xlsx,sales2017,5132,5,12350,2017-03-24,LAGUNA,HYDRALAZINE 20MG,50,240,12000,,0,50,65,3250,8750
raw_sales_report,Medshield (Keith San Miguel).xlsx,sales2017,5133,5,12350,2017-03-24,LAGUNA,DEBTAN,1400,1.6,2240,,0,1400,0.25,350,1890
raw_sales_report,Medshield (Keith San Miguel).xlsx,sales2017,5134,5,12350,2017-03-24,LAGUNA,XYPHEN,70,40,2800,,0,70,9,630,2170
raw_sales_report,Medshield (Keith San Miguel).xlsx,sales2017,5135,5,12350,2017-03-24,LAGUNA,SCHEEPRIN,400,2.2,880.0000000000001,,0,400,0.67,268,612.0000000000001
raw_sales_report,Medshield (Keith San Miguel).xlsx,sales2017,5136,5,12350,2017-03-24,LAGUNA,HAVC 500MG,500,1.5,750,,0,500,0.35,175,575
raw_sales_report,Medshield (Keith San Miguel).xlsx,sales2017,5137,5,12350,2017-03-24,LAGUNA,ZINACARE,50,200,10000,,0,50,22,1100,8900
raw_sales_report,Medshield (Keith San Miguel).xlsx,sales2017,5138,5,12350,2017-03-24,LAGUNA,HISTAZYN,200,9,1800,,0,200,0.46,92,1708
raw_sales_report,Medshield (Keith San Miguel).xlsx,sales2017,5139,5,12350,2017-03-24,LAGUNA,ANALMIN,1000,2.5,2500,,0,1000,0.58,580,1920
raw_sales_report,Medshield (Keith San Miguel).xlsx,sales2017,5140,5,12350,2017-03-24,LAGUNA,FLORA 200,200,7.5,1500,,0,200,1.95,390,1110
raw_sales_report,Medshield (Keith San Miguel).xlsx,sales2017,5141,5,12350,2017-03-24,LAGUNA,MILGESIC,36,32,1152,,0,36,9,324,828
raw_sales_report,Medshield (Keith San Miguel).xlsx,sales2017,5142,5,12375,2017-02-28,QUEZON,BERCEF 250mg/5ml,12,445,5340,,0,12,148,1776,3564
raw_sales_report,Medshield (Keith San Miguel).xlsx,sales2017,5143,5,12375,2017-02-28,QUEZON,CEEPRAZOL 20mg,1,1800,1800,,0,1,550,550,1250
raw_sales_report,Medshield (Keith San Miguel).xlsx,sales2017,5144,5,12376,2017-02-28,QUEZON,BERCEF 250mg/5ml,10,450,4500,,0,10,148,1480,3020
raw_sales_report,Medshield (Keith San Miguel).xlsx,sales2017,5145,5,12376,2017-02-28,QUEZON,TRIVASC 35mg MR,1,1550,1550,,0,1,445,445,1105
raw_sales_report,Medshield (Keith San Miguel).xlsx,sales2017,5146,5,12377,2017-03-03,EAST,JAGA 300mg/100mg/100mcg,2,650,1300,,0,2,345,690,610
raw_sales_report,Medshield (Keith San Miguel).xlsx,sales2017,5147,5,12378,2017-03-03,EAST,JAGA 300mg/100mg/100mcg,5,650,3250,,0,5,345,1725,1525
raw_sales_report,Medshield (Keith San Miguel).xlsx,sales2017,5148,5,12379,2017-03-06,QUEZON,KLOPIDO,5,1100,5500,,0,5,307,1535,3965
raw_sales_report,Medshield (Keith San Miguel).xlsx,sales2017,5149,5,12380,2017-03-06,QUEZON,KLOPIDO,10,1100,11000,,0,10,307,3070,7930
raw_sales_report,Medshield (Keith San Miguel).xlsx,sales2017,5150,5,12380,2017-03-06,QUEZON,LIPIVASC,5,950,4750,,0,5,287.5,1437.5,3312.5
raw_sales_report,Medshield (Keith San Miguel).xlsx,sales2017,5151,5,12381,2017-03-06,QUEZON,ATOVAS 20MG,10,750,7500,,0,12,202.5,2430,5070
raw_sales_report,Medshield (Keith San Miguel).xlsx,sales2017,5152,5,12382,2017-03-06,MARINDUQUE,GIAN ZINC 30ml Drops,50,155,7750,,0,50,55,2750,5000
raw_sales_report,Medshield (Keith San Miguel).xlsx,sales2017,5153,5,12383,2017-03-06,MARINDUQUE,ROSADOC 20MG,3,1120,3360,,0,3,330,990,2370
raw_sales_report,Medshield (Keith San Miguel).xlsx,sales2017,5154,5,12383,2017-03-06,MARINDUQUE,ATOVAS 20MG,3,650,1950,,0,3,202.5,607.5,1342.5
raw_sales_report,Medshield (Keith San Miguel).xlsx,sales2017,5155,5,12384,2017-03-06,QUEZON,APROCARE 150MG,10,750,7500,,0,10,219,2190,5310
raw_sales_report,Medshield (Keith San Miguel).xlsx,sales2017,5156,5,12385,2017-03-13,QUEZON,TRIVASC 35mg MR,5,1550,7750,,0,5,445,2225,5525
raw_sales_report,Medshield (Keith San Miguel).xlsx,sales2017,5157,5,12385,2017-03-13,QUEZON,ATOVAS 20MG,10,750,7500,,0,12,202.5,2430,5070
raw_sales_report,Medshield (Keith San Miguel).xlsx,sales2017,5158,5,12386,2017-03-13,QUEZON,ATOVAS 80MG,5,900,4500,,0,5,247.2,1236,3264
raw_sales_report,Medshield (Keith San Miguel).xlsx,sales2017,5159,5,12386,2017-03-13,QUEZON,LIPIVASC,5,950,4750,,0,5,287.5,1437.5,3312.5
raw_sales_report,Medshield (Keith San Miguel).xlsx,sales2017,5160,5,12387,2017-03-14,QUEZON,BERCEF 250mg/5ml,10,450,4500,,0,10,148,1480,3020
raw_sales_report,Medshield (Keith San Miguel).xlsx,sales2017,5161,5,12387,2017-03-14,QUEZON,INTRAPLEM 500MG,2,950,1900,,0,2,280,560,1340
raw_sales_report,Medshield (Keith San Miguel).xlsx,sales2017,5162,5,12388,2017-03-15,QUEZON,SURITRAM,1,1980,1980,0.35,693,1,500,500,787
raw_sales_report,Medshield (Keith San Miguel).xlsx,sales2017,5163,5,12388,2017-03-15,QUEZON,ZELEX 200mg,1,2800,2800,0.35,979.9999999999999,1,750,750,1070
raw_sales_report,Medshield (Keith San Miguel).xlsx,sales2017,5164,5,12388,2017-03-15,QUEZON,CINNABLOC 75mg,10,160,1600,0.35,560,10,40,400,640
raw_sales_report,Medshield (Keith San Miguel).xlsx,sales2017,5165,5,12388,2017-03-15,QUEZON,ZINCAVIT 55mg,6,88,528,0.35,184.79999999999998,6,25,150,193.20000000000005
raw_sales_report,Medshield (Keith San Miguel).xlsx,sales2017,5166,5,12389,2017-03-15,QUEZON,ZELEX 200mg,5,2800,14000,,0,5,750,3750,10250
raw_sales_report,Medshield (Keith San Miguel).xlsx,sales2017,5167,5,12390,2017-03-16,MARINDUQUE,GIAN ZINC Plus C 120ml,22,175,3850,,0,22,75,1650,2200
raw_sales_report,Medshield (Keith San Miguel).xlsx,sales2017,5168,5,12390,2017-03-16,MARINDUQUE,FOCID 5MG,10,650,6500,,0,10,187.5,1875,4625
raw_sales_report,Medshield (Keith San Miguel).xlsx,sales2017,5169,5,12391,2017-03-16,MARINDUQUE,MONILIASOL 125mg/5mL,7,118,826,,0,7,26.25,183.75,642.25
raw_sales_report,Medshield (Keith San Miguel).xlsx,sales2017,5170,5,12392,2017-03-15,EAST,EUROXIME 250mg/5ml,20,450,9000,0.3,2700,20,139.45,2789,3511
raw_sales_report,Medshield (Keith San Miguel).xlsx,sales2017,5171,5,12393,2017-03-20,QUEZON,QUIFLOX 500MG,4,2200,8800,,0,8,630,5040,3760
raw_sales_report,Medshield (Keith San Miguel).xlsx,sales2017,5172,5,12394,2017-03-22,QUEZON,CORVI PLUS 1mg/50mg,12,118,1416,,0,12,39,468,948
raw_sales_report,Medshield (Keith San Miguel).xlsx,sales2017,5173,5,12394,2017-03-22,QUEZON,FEXIL 250mg/5ml,10,198,1980,,0,10,65,650,1330
raw_sales_report,Medshield (Keith San Miguel).xlsx,sales2017,5174,5,12394,2017-03-22,QUEZON,BERCEF 50mg Drops,10,135,1350,,0,10,42,420,930
raw_sales_report,Medshield (Keith San Miguel).xlsx,sales2017,5175,5,12394,2017-03-22,QUEZON,FEXIL 500MG,1,1800,1800,,0,1,535,535,1265
raw_sales_report,Medshield (Keith San Miguel).xlsx,sales2017,5176,5,12394,2017-03-22,QUEZON,LEXI B FORTE 300mg/100mg/100ug,1,915,915,,0,1,323,323,592
raw_sales_report,Medshield (Keith San Miguel).xlsx,sales2017,5177,5,12394,2017-03-22,QUEZON,STEEROMETZ 5MG,1,450,450,,0,1,104.5,104.5,345.5
raw_sales_report,Medshield (Keith San Miguel).xlsx,sales2017,5178,5,12395,2017-03-22,QUEZON,CINNABLOC 75mg,5,160,800,,0,5,40,200,600
raw_sales_report,Medshield (Keith San Miguel).xlsx,sales2017,5179,5,12395,2017-03-22,QUEZON,NUTRI Z Drops,6,120,720,,0,6,48.5,291,429
raw_sales_report,Medshield (Keith San Miguel).xlsx,sales2017,5180,5,12396,2017-03-23,MARINDUQUE,CLOXAKID 250mg,12,180,2160,,0,12,65,780,1380
raw_sales_report,Medshield (Keith San Miguel).xlsx,sales2017,5181,5,12396,2017-03-23,MARINDUQUE,LANZOMEP 30mg,5,1900,9500,,0,5,550,2750,6750
raw_sales_report,Medshield (Keith San Miguel).xlsx,sales2017,5182,5,12396,2017-03-23,MARINDUQUE,ZEGECEF 250mg/5ml,12,440,5280,,0,12,139.45,1673.3999999999999,3606.6000000000004
raw_sales_report,Medshield (Keith San Miguel).xlsx,sales2017,5183,5,12396,2017-03-23,MARINDUQUE,ZELEX 200mg,1,2800,2800,,0,1,75,75,2725
raw_sales_report,Medshield (Keith San Miguel).xlsx,sales2017,5184,5,12397,2017-03-23,QUEZON,BERCEF 250mg/5ml,10,450,4500,,0,10,148,1480,3020
raw_sales_report,Medshield (Keith San Miguel).xlsx,sales2017,5185,5,12397,2017-03-23,QUEZON,MULTI GROW 120ml,6,180,1080,,0,6,75,450,630
raw_sales_report,Medshield (Keith San Miguel).xlsx,sales2017,5186,5,12397,2017-03-23,QUEZON,VITAKIDS 120ml,6,160,960,,0,6,48.65,291.9,668.1
raw_sales_report,Medshield (Keith San Miguel).xlsx,sales2017,5187,5,12397,2017-03-23,QUEZON,FERGLOBIN FA 60mg/400mcg,2,900,1800,,0,2,240,480,1320
raw_sales_report,Medshield (Keith San Miguel).xlsx,sales2017,5188,5,12398,2017-03-29,EAST,SALMOGEN 500mg,2,1200,2400,0.3,720,2,330,660,1020
raw_sales_report,Medshield (Keith San Miguel).xlsx,sales2017,5189,5,12398,2017-03-29,EAST,ZYMAX,5,285,1425,0.3,427.5,5,81,405,592.5
raw_sales_report,Medshield (Keith San Miguel).xlsx,sales2017,5190,5,12425,2017-02-28,BATANGAS,INTRAPLEM 100mg/5ml,16,80,1280,,0,16,22.75,364,916
raw_sales_report,Medshield (Keith San Miguel).xlsx,sales2017,5191,5,12426,2017-02-28,BATANGAS,BERCEF 250mg/5ml,16,365,5840,,0,16,148,2368,3472
raw_sales_report,Medshield (Keith San Miguel).xlsx,sales2017,5192,5,12427,2017-02-28,BATANGAS,AZECLO 100mg,4,150,600,,0,4,42,168,432
raw_sales_report,Medshield (Keith San Miguel).xlsx,sales2017,5193,5,12428,2017-02-28,BATANGAS,MONILIASOL 125mg/5mL,6,84,504,,0,6,26.25,157.5,346.5
raw_sales_report,Medshield (Keith San Miguel).xlsx,sales2017,5194,5,12429,2017-02-28,BATANGAS,BERCEF 250mg/5ml,10,350,3500,,0,10,148,1480,2020
raw_sales_report,Medshield (Keith San Miguel).xlsx,sales2017,5195,5,12430,2017-02-28,BATANGAS,MONILIASOL 125mg/5mL,4,74,296,,0,4,26.25,105,191
raw_sales_report,Medshield (Keith San Miguel).xlsx,sales2017,5196,5,12430,2017-02-28,BATANGAS,INTRAPLEM 50mg/ml Drops,4,96,384,,0,4,22.75,91,293
raw_sales_report,Medshield (Keith San Miguel).xlsx,sales2017,5197,5,12431,2017-02-28,BATANGAS,LACTAMOX 625MG,3,3360,10080,,0,3,1173.6,3520.7999999999997,6559.200000000001
raw_sales_report,Medshield (Keith San Miguel).xlsx,sales2017,5198,5,12432,2017-02-28,BATANGAS,JAGA 300mg/100mg/100mcg,2,1098,2196,,0,2,345,690,1506
raw_sales_report,Medshield (Keith San Miguel).xlsx,sales2017,5199,5,12433,2017-02-28,BATANGAS,VICEPHRIN 250mg/5ml,8,180,1440,,0,8,48,384,1056
raw_sales_report,Medshield (Keith San Miguel).xlsx,sales2017,5200,5,12434,2017-02-28,BATANGAS,VICEPHRIN 100mg/ml Drops,9,96,864,,0,9,25,225,639
raw_sales_report,Medshield (Keith San Miguel).xlsx,sales2017,5201,5,12435,2017-02-28,BATANGAS,CLAVIC 125mg/31.25mg/5ml,10,190,1900,,0,10,75.6,756,1144
raw_sales_report,Medshield (Keith San Miguel).xlsx,sales2017,5202,5,12436,2017-02-28,BATANGAS,TRIVASC 35mg MR,3,1335,4005,,0,3,445,1335,2670
raw_sales_report,Medshield (Keith San Miguel).xlsx,sales2017,5203,5,12437,2017-02-28,BATANGAS,ALGESIC FORTE 325mg+400mg,5,825,4125,,0,5,218.46,1092.3,3032.7
raw_sales_report,Medshield (Keith San Miguel).xlsx,sales2017,5204,5,12438,2017-02-28,BATANGAS,CINNABLOC 75MG,5,550,2750,,0,5,133,665,2085
raw_sales_report,Medshield (Keith San Miguel).xlsx,sales2017,5205,5,12439,2017-02-28,BATANGAS,CEEPRAZOL 20mg,5,1980,9900,,0,5,550,2750,7150
raw_sales_report,Medshield (Keith San Miguel).xlsx,sales2017,5206,5,12440,2017-02-28,BATANGAS,QUIFLOX 500MG,2,1800,3600,,0,3,630,1890,1710
raw_sales_report,Medshield (Keith San Miguel).xlsx,sales2017,5207,5,12441,2017-03-01,CAVITE,LACTAMOX 625MG,1,2700,2700,,0,1,1173.6,1173.6,1526.4
raw_sales_report,Medshield (Keith San Miguel).xlsx,sales2017,5208,5,12442,2017-03-01,CAVITE,LACTAMOX 625MG,1,2700,2700,,0,1,1173.6,1173.6,1526.4
raw_sales_report,Medshield (Keith San Miguel).xlsx,sales2017,5209,5,12443,2017-03-01,CAVITE,EUROXIME 500MG,1,3000,3000,,0,1,1450,1450,1550
raw_sales_report,Medshield (Keith San Miguel).xlsx,sales2017,5210,5,12444,2017-03-01,CAVITE,EUROXIME 500MG,1,3000,3000,,0,1,1450,1450,1550
raw_sales_report,Medshield (Keith San Miguel).xlsx,sales2017,5211,5,12445,2017-03-01,CAVITE,CELENCE 200MG,1,2800,2800,,0,1,860,860,1940
raw_sales_report,Medshield (Keith San Miguel).xlsx,sales2017,5212,5,12446,2017-03-01,CAVITE,CAPSUGEN FORTE,1,1000,1000,,0,1,310,310,690
raw_sales_report,Medshield (Keith San Miguel).xlsx,sales2017,5213,5,12447,2017-03-03,BATANGAS,DOLO-JAGA 500mg/50mg/100mg/100mcg,1,1600,1600,,0,1,480.9,480.9,1119.1
raw_sales_report,Medshield (Keith San Miguel).xlsx,sales2017,5214,5,12448,2017-03-03,BATANGAS,DOLO-JAGA 500mg/50mg/100mg/100mcg,3,1600,4800,,0,3,480.9,1442.6999999999998,3357.3
raw_sales_report,Medshield (Keith San Miguel).xlsx,sales2017,5215,5,12449,2017-02-28,BATANGAS,INTRAPLEM 50mg/ml Drops,15,80,1200,,0,15,24.47,367.04999999999995,832.95
raw_sales_report,Medshield (Keith San Miguel).xlsx,sales2017,5216,5,12450,2017-02-28,BATANGAS,CELENCE 200MG,2,3360,6720,,0,2,860,1720,5000
raw_sales_report,Medshield (Keith San Miguel).xlsx,sales2017,5217,5,12457,2017-02-27,LAGUNA,ZINAXIME 500mg ,2,2100,4200,,0,2,1450,2900,1300
raw_sales_report,Medshield (Keith San Miguel).xlsx,sales2017,5218,5,12457,2017-02-27,LAGUNA,EUROXONE,60,190,11400,,0,60,73,4380,7020
raw_sales_report,Medshield (Keith San Miguel).xlsx,sales2017,5219,5,12458,2017-02-27,LAGUNA,COZEC,10,640,6400,,0,10,110,1100,5300
raw_sales_report,Medshield (Keith San Miguel).xlsx,sales2017,5220,5,12458,2017-02-27,LAGUNA,KOLTIN,10,350,3500,,0,10,110,1100,2400
raw_sales_report,Medshield (Keith San Miguel).xlsx,sales2017,5221,5,12459,2017-03-01,LAGUNA,ANTIZOAL,10,120,1200,,0,10,25,250,950
raw_sales_report,Medshield (Keith San Miguel).xlsx,sales2017,5222,5,12460,2017-03-01,LAGUNA,TURBOLAX 2mg/5ml,6,69,414,,0,6,21,126,288
raw_sales_report,Medshield (Keith San Miguel).xlsx,sales2017,5223,5,12461,2017-03-01,LAGUNA,AMLOMED 5MG,1,1470,1470,,0,1,460,460,1010
raw_sales_report,Medshield (Keith San Miguel).xlsx,sales2017,5224,5,12461,2017-03-01,LAGUNA,AMLOMED 10MG,1,2500,2500,,0,1,790,790,1710
raw_sales_report,Medshield (Keith San Miguel).xlsx,sales2017,5225,5,12461,2017-03-01,LAGUNA,CLONIN,1,480,480,,0,1,143.5,143.5,336.5
raw_sales_report,Medshield (Keith San Miguel).xlsx,sales2017,5226,5,12462,2017-03-01,LAGUNA,ATOVAS 20MG,2,650,1300,,0,2,202.5,405,895
raw_sales_report,Medshield (Keith San Miguel).xlsx,sales2017,5227,5,12463,2017-03-01,LAGUNA,LEVICLOX,1,1800,1800,,0,1,540,540,1260
raw_sales_report,Medshield (Keith San Miguel).xlsx,sales2017,5228,5,12464,2017-03-01,LAGUNA,FEXIL 500MG,1,1800,1800,,0,1,535,535,1265
raw_sales_report,Medshield (Keith San Miguel).xlsx,sales2017,5229,5,12465,2017-03-01,LAGUNA,LACTAMOX 625mg,1,2800,2800,,0,1,1173.6,1173.6,1626.4
raw_sales_report,Medshield (Keith San Miguel).xlsx,sales2017,5230,5,12466,2017-03-01,LAGUNA,ALDAZOLE 500MG,1,650,650,,0,1,180,180,470
raw_sales_report,Medshield (Keith San Miguel).xlsx,sales2017,5231,5,12467,2017-03-01,LAGUNA,INTRAPLEM 500MG,1,980,980,,0,1,280,280,700
raw_sales_report,Medshield (Keith San Miguel).xlsx,sales2017,5232,5,12468,2017-03-02,LAGUNA,AMSUTAS,20,200,4000,,0,20,45,900,3100
raw_sales_report,Medshield (Keith San Miguel).xlsx,sales2017,5233,5,12469,2017-03-02,LAGUNA,CLAVIC 500mg,1,2800,2800,,0,1,1173.6,1173.6,1626.4
raw_sales_report,Medshield (Keith San Miguel).xlsx,sales2017,5234,5,12470,2017-03-02,LAGUNA,EUROXONE,60,190,11400,,0,60,73,4380,7020
raw_sales_report,Medshield (Keith San Miguel).xlsx,sales2017,5235,5,12470,2017-03-02,LAGUNA,ZINAXIME 500mg ,2,2100,4200,,0,2,1450,2900,1300
raw_sales_report,Medshield (Keith San Miguel).xlsx,sales2017,5236,5,12471,2017-03-07,LAGUNA,MONILIASOL 500MG,1,820,820,,0,1,240,240,580
raw_sales_report,Medshield (Keith San Miguel).xlsx,sales2017,5237,5,12471,2017-03-07,LAGUNA,KLOPIDO,1,990,990,,0,1,307,307,683
raw_sales_report,Medshield (Keith San Miguel).xlsx,sales2017,5238,5,12472,2017-03-07,LAGUNA,THROMBICARE 75mg tab,2,990,1980,,0,2,384,768,1212
raw_sales_report,Medshield (Keith San Miguel).xlsx,sales2017,5239,5,12472,2017-03-07,LAGUNA,ATOVAS 20mg,2,682.5,1365,,0,2,202.5,405,960
raw_sales_report,Medshield (Keith San Miguel).xlsx,sales2017,5240,5,12472,2017-03-07,LAGUNA,QUIFLOX 500MG,1,2270,2270,,0,1,630,630,1640
raw_sales_report,Medshield (Keith San Miguel).xlsx,sales2017,5241,5,12472,2017-03-07,LAGUNA,VITALYF,1,2500,2500,,0,1,240,240,2260
raw_sales_report,Medshield (Keith San Miguel).xlsx,sales2017,5242,5,12473,2017-03-07,LAGUNA,ASTYMIN 120ML,20,400,8000,,0,20,65,1300,6700
raw_sales_report,Medshield (Keith San Miguel).xlsx,sales2017,5243,5,12474,2017-03-08,LAGUNA,ASTYMIN 120ML,20,220,4400,,0,20,65,1300,3100
raw_sales_report,Medshield (Keith San Miguel).xlsx,sales2017,5244,5,12475,2017-03-09,LAGUNA,MAXIFER,10,490,4900,,0,10,163,1630,3270
raw_sales_report,Medshield (Keith San Miguel).xlsx,sales2017,5245,5,12476,2017-03-02,LAGUNA,ANTIZOAL,10,120,1200,,0,10,25,250,950
raw_sales_report,Medshield (Keith San Miguel).xlsx,sales2017,5246,5,12477,2017-03-02,LAGUNA,ZYMAX,20,285,5700,,0,20,81,1620,4080
raw_sales_report,Medshield (Keith San Miguel).xlsx,sales2017,5247,5,12478,2017-03-21,LAGUNA,SODAMPEN 1g IM/IV,10,128,1280,,0,10,45,450,830
raw_sales_report,Medshield (Keith San Miguel).xlsx,sales2017,5248,5,12479,2017-03-09,LAGUNA,SODAMPEN 1g IM/IV,10,128,1280,,0,10,45,450,830
raw_sales_report,Medshield (Keith San Miguel).xlsx,sales2017,5249,5,12480,2017-03-09,LAGUNA,CEFZIME 750mg IM/IV,3,3200,9600,,0,3,750,2250,7350
raw_sales_report,Medshield (Keith San Miguel).xlsx,sales2017,5250,5,12481,2017-03-09,LAGUNA,APROCARE 150MG,2,750,1500,,0,2,219,438,1062
raw_sales_report,Medshield (Keith San Miguel).xlsx,sales2017,5251,5,12482,2017-03-09,LAGUNA,EUROXONE,50,190,9500,,0,50,73,3650,5850
raw_sales_report,Medshield (Keith San Miguel).xlsx,sales2017,5252,5,12482,2017-03-09,LAGUNA,ZINAXIME 500mg ,2,2100,4200,,0,2,1450,2900,1300
raw_sales_report,Medshield (Keith San Miguel).xlsx,sales2017,5253,5,12483,2017-03-14,LAGUNA,STALIP A 5mg+10mg,2,2546,5092,,0,2,680,1360,3732
raw_sales_report,Medshield (Keith San Miguel).xlsx,sales2017,5254,5,12483,2017-03-14,LAGUNA,TRIVASC 35mg MR,2,1500,3000,,0,2,445,890,2110
raw_sales_report,Medshield (Keith San Miguel).xlsx,sales2017,5255,5,12483,2017-03-14,LAGUNA,THROMBICARE 75mg tab,2,990,1980,,0,2,384,768,1212
raw_sales_report,Medshield (Keith San Miguel).xlsx,sales2017,5256,5,12483,2017-03-14,LAGUNA,ASTYMIN 120ML,20,400,8000,,0,20,65,1300,6700
raw_sales_report,Medshield (Keith San Miguel).xlsx,sales2017,5257,5,12484,2017-03-14,LAGUNA,EUROGYL 500MG,10,125,1250,,0,10,23,230,1020
raw_sales_report,Medshield (Keith San Miguel).xlsx,sales2017,5258,5,12485,2017-03-14,LAGUNA,MAXIFER,10,490,4900,,0,10,163,1630,3270
raw_sales_report,Medshield (Keith San Miguel).xlsx,sales2017,5259,5,12487,2017-03-16,LAGUNA,AMSUTAS,20,200,4000,,0,20,45,900,3100
raw_sales_report,Medshield (Keith San Miguel).xlsx,sales2017,5260,5,12488,2017-03-16,LAGUNA,CLAVIC 250mg/62.5mg/5ml,12,310,3720,,0,12,129.7,1556.3999999999999,2163.6000000000004
raw_sales_report,Medshield (Keith San Miguel).xlsx,sales2017,5261,5,12488,2017-03-16,LAGUNA,CLAVIC 125mg/31.25mg/5ml,12,190,2280,,0,12,75.6,907.1999999999999,1372.8000000000002
raw_sales_report,Medshield (Keith San Miguel).xlsx,sales2017,5262,5,12489,2017-03-16,LAGUNA,FEXIL 500MG,1,1800,1800,,0,1,535,535,1265
raw_sales_report,Medshield (Keith San Miguel).xlsx,sales2017,5263,5,12489,2017-03-16,LAGUNA,NOZAL 5MG,2,850,1700,,0,2,260,520,1180
raw_sales_report,Medshield (Keith San Miguel).xlsx,sales2017,5264,5,12490,2017-03-17,LAGUNA,COZEC,10,640,6400,,0,10,110,1100,5300
raw_sales_report,Medshield (Keith San Miguel).xlsx,sales2017,5265,5,12491,2017-03-17,LAGUNA,Astymin 120ml,10,400,4000,,0,10,65,650,3350
raw_sales_report,Medshield (Keith San Miguel).xlsx,sales2017,5266,5,12492,2017-03-20,LAGUNA,VITALYF,1,2500,2500,,0,1,240,240,2260
raw_sales_report,Medshield (Keith San Miguel).xlsx,sales2017,5267,5,12492,2017-03-20,LAGUNA,QUIFLOX 500MG,1,2270,2270,,0,1,630,630,1640
raw_sales_report,Medshield (Keith San Miguel).xlsx,sales2017,5268,5,12493,2017-03-20,LAGUNA,ANTIZOAL,10,157.5,1575,,0,10,65,650,925
raw_sales_report,Medshield (Keith San Miguel).xlsx,sales2017,5269,5,12494,2017-03-20,LAGUNA,MAXIFER,50,490,24500,,0,50,380,19000,5500
raw_sales_report,Medshield (Keith San Miguel).xlsx,sales2017,5270,5,12495,2017-03-20,LAGUNA,ASTYMIN 120ML,30,300,9000,,0,30,65,1950,7050
raw_sales_report,Medshield (Keith San Miguel).xlsx,sales2017,5271,5,12496,2017-03-20,LAGUNA,APROCARE 150MG,4,750,3000,,0,4,219,876,2124
raw_sales_report,Medshield (Keith San Miguel).xlsx,sales2017,5272,5,12497,2017-03-20,LAGUNA,CLAVIC 500mg,1,2800,2800,,0,1,1173.6,1173.6,1626.4
raw_sales_report,Medshield (Keith San Miguel).xlsx,sales2017,5273,5,12498,2017-03-20,LAGUNA,SODAMPEN 1g IM/IV,10,128,1280,,0,10,45,450,830
raw_sales_report,Medshield (Keith San Miguel).xlsx,sales2017,5274,5,12499,2017-03-20,LAGUNA,EUROXONE,10,300,3000,,0,10,73,730,2270
raw_sales_report,Medshield (Keith San Miguel).xlsx,sales2017,5275,5,12500,2017-03-28,LAGUNA,ATOVAS 20mg,3,683,2049,,0,3,202.5,607.5,1441.5
raw_sales_report,Medshield (Keith San Miguel).xlsx,sales2017,5276,5,12501,2017-03-22,BATANGAS,VICEPHRIN 250mg/5ml,19,180,3420,,0,19,48,912,2508
raw_sales_report,Medshield (Keith San Miguel).xlsx,sales2017,5277,5,12502,2017-03-22,BATANGAS,LACTAMOX 625mg,3,3360,10080,,0,3,1173.6,3520.7999999999997,6559.200000000001
raw_sales_report,Medshield (Keith San Miguel).xlsx,sales2017,5278,5,12503,2017-03-22,BATANGAS,JAGAPLEX,2,1026,2052,,0,2,270,540,1512
raw_sales_report,Medshield (Keith San Miguel).xlsx,sales2017,5279,5,12504,2017-03-22,BATANGAS,JAGA 300mg/100mg/100mcg,2,1098,2196,,0,2,345,690,1506
raw_sales_report,Medshield (Keith San Miguel).xlsx,sales2017,5280,5,12505,2017-03-22,BATANGAS,CELENCE 200MG,1,3360,3360,,0,1,860,860,2500
raw_sales_report,Medshield (Keith San Miguel).xlsx,sales2017,5281,5,12506,2017-03-22,BATANGAS,PUROXEL 40MG,6,1300,7800,,0,6,200,1200,6600
raw_sales_report,Medshield (Keith San Miguel).xlsx,sales2017,5282,5,12507,2017-03-22,BATANGAS,ALTOSAR 50mg/12.5mg,5,600,3000,,0,5,158,790,2210
raw_sales_report,Medshield (Keith San Miguel).xlsx,sales2017,5283,5,12508,2017-03-22,BATANGAS,MONILIASOL 500MG,2,1080,2160,,0,2,240,480,1680
raw_sales_report,Medshield (Keith San Miguel).xlsx,sales2017,5284,5,12509,2017-03-22,BATANGAS,CENDALEX 500MG,4,900,3600,,0,4,300,1200,2400
raw_sales_report,Medshield (Keith San Miguel).xlsx,sales2017,5285,5,12510,2017-03-22,BATANGAS,AZECLO 100mg,1,2200,2200,,0,1,595,595,1605
raw_sales_report,Medshield (Keith San Miguel).xlsx,sales2017,5286,5,12511,2017-03-22,BATANGAS,ASTYMIN 120ML,10,2600,26000,,0,10,65,650,25350
raw_sales_report,Medshield (Keith San Miguel).xlsx,sales2017,5287,5,12512,2017-03-22,BATANGAS,VITALYF,5,2530,12650,,0,5,240,1200,11450
raw_sales_report,Medshield (Keith San Miguel).xlsx,sales2017,5288,5,12513,2017-03-22,BATANGAS,LEXI B FORTE 300mg/100mg/100ug,5,990,4950,,0,5,323,1615,3335
raw_sales_report,Medshield (Keith San Miguel).xlsx,sales2017,5289,5,12514,2017-03-22,BATANGAS,TERMAGEN 500MG,3,198,594,,0,3,60,180,414
raw_sales_report,Medshield (Keith San Miguel).xlsx,sales2017,5290,5,12514,2017-03-22,BATANGAS,LACTAMOX 625mg,2,2970,5940,,0,2,1173.6,2347.2,3592.8
raw_sales_report,Medshield (Keith San Miguel).xlsx,sales2017,5291,5,12515,2017-03-22,BATANGAS,NERVCARE 1G,2,3300,6600,,0,2,1560,3120,3480
raw_sales_report,Medshield (Keith San Miguel).xlsx,sales2017,5292,5,12516,2017-03-22,BATANGAS,ZEGECEF 250mg/5ml,8,400,3200,,0,8,139.45,1115.6,2084.4
raw_sales_report,Medshield (Keith San Miguel).xlsx,sales2017,5293,5,12517,2017-03-22,BATANGAS,VOXOLL 15mg/5ml,14,60,840,,0,14,23,322,518
raw_sales_report,Medshield (Keith San Miguel).xlsx,sales2017,5294,5,12517,2017-03-22,BATANGAS,HISTARIL 50mg/1mg/5ml,3,80,240,,0,3,24.47,73.41,166.59
raw_sales_report,Medshield (Keith San Miguel).xlsx,sales2017,5295,5,12518,2017-03-22,BATANGAS,VITAKIDS 120ml,7,150,1050,,0,7,,0,1050
raw_sales_report,Medshield (Keith San Miguel).xlsx,sales2017,5296,5,12519,2017-03-22,BATANGAS,CORSTAPH 500MG,1,1500,1500,,0,1,435,435,1065
raw_sales_report,Medshield (Keith San Miguel).xlsx,sales2017,5297,5,12519,2017-03-22,BATANGAS,TRIVASC 35mg MR,1,1335,1335,,0,1,445,445,890
raw_sales_report,Medshield (Keith San Miguel).xlsx,sales2017,5298,5,12519,2017-03-22,BATANGAS,ZELEX 200MG,1,2250,2250,,0,1,750,750,1500
raw_sales_report,Medshield (Keith San Miguel).xlsx,sales2017,5299,5,12519,2017-03-22,BATANGAS,PUROXEL 40MG,4,1300,5200,,0,4,200,800,4400
raw_sales_report,Medshield (Keith San Miguel).xlsx,sales2017,5300,5,12519,2017-03-22,BATANGAS,CELENCE 200MG,1,2800,2800,,0,1,860,860,1940
raw_sales_report,Medshield (Keith San Miguel).xlsx,sales2017,5301,5,12521,2017-03-27,BATANGAS,QUIFLOX 500MG,1,1800,1800,,0,1,630,630,1170
raw_sales_report,Medshield (Keith San Miguel).xlsx,sales2017,5302,5,12521,2017-03-27,BATANGAS,PUROXEL 40mg,3,1300,3900,,0,3,200,600,3300
raw_sales_report,Medshield (Keith San Miguel).xlsx,sales2017,5303,5,12521,2017-03-27,BATANGAS,INTRAPLEM 100mg/5ml,6,100,600,,0,6,26.93,161.57999999999998,438.42
raw_sales_report,Medshield (Keith San Miguel).xlsx,sales2017,5304,5,12522,2017-03-27,BATANGAS,BERCEF 50mg Drops,6,150,900,0.05,45,6,42,252,603
raw_sales_report,Medshield (Keith San Miguel).xlsx,sales2017,5305,5,12523,2017-03-28,BATANGAS,CENDALEX 125mg/5ml,12,105,1260,,0,12,35,420,840
raw_sales_report,Medshield (Keith San Miguel).xlsx,sales2017,5306,5,12524,2017-03-28,BATANGAS,HISTARIL 50mg/1mg/5ml,12,80,960,,0,12,24.47,293.64,666.36
raw_sales_report,Medshield (Keith San Miguel).xlsx,sales2017,5307,5,12525,2017-03-28,BATANGAS,ZELEX 200MG,1,2250,2250,,0,1,750,750,1500
raw_sales_report,Medshield (Keith San Miguel).xlsx,sales2017,5308,5,12526,2017-03-28,BATANGAS,ZELEX 200MG,1,2250,2250,,0,1,750,750,1500
raw_sales_report,Medshield (Keith San Miguel).xlsx,sales2017,5309,5,12527,2017-03-28,BATANGAS,QUIFLOX 500MG,2,1800,3600,,0,2,630,1260,2340
raw_sales_report,Medshield (Keith San Miguel).xlsx,sales2017,5310,5,12528,2017-03-28,BATANGAS,VICEPHRIN 250mg/5ml,10,180,1800,,0,10,48,480,1320
raw_sales_report,Medshield (Keith San Miguel).xlsx,sales2017,5311,5,12529,2017-03-28,BATANGAS,LINNOXZIL 50mg/mL,10,175,1750,,0,10,62,620,1130
raw_sales_report,Medshield (Keith San Miguel).xlsx,sales2017,5312,5,12530,2017-03-28,BATANGAS,LACTAMOX 156.25mg/5ml,4,190,760,,0,4,75.6,302.4,457.6
raw_sales_report,Medshield (Keith San Miguel).xlsx,sales2017,5313,5,12531,2017-03-28,BATANGAS,GIAN ZINC 30ml Drops,24,133,3192,,0,24,55,1320,1872
raw_sales_report,Medshield (Keith San Miguel).xlsx,sales2017,5314,5,12532,2017-03-28,BATANGAS,ALLERCEF 1mg,24,220,5280,,0,24,80,1920,3360
raw_sales_report,Medshield (Keith San Miguel).xlsx,sales2017,5315,5,12551,2017-03-08,BATANGAS,NOZAL 5MG,2,1026,2052,,0,2,260,520,1532
raw_sales_report,Medshield (Keith San Miguel).xlsx,sales2017,5316,5,12552,2017-03-08,BATANGAS,HISTARIL 100mg/2mg,2,900,1800,,0,2,225,450,1350
raw_sales_report,Medshield (Keith San Miguel).xlsx,sales2017,5317,5,12553,2017-03-08,BATANGAS,ALTOSAR 50mg/12.5mg,7,600,4200,,0,7,158,1106,3094
raw_sales_report,Medshield (Keith San Miguel).xlsx,sales2017,5318,5,12554,2017-03-08,BATANGAS,VICEPHRIN 250mg/5ml,12,180,2160,,0,12,48,576,1584
raw_sales_report,Medshield (Keith San Miguel).xlsx,sales2017,5319,5,12555,2017-03-08,BATANGAS,TERMAGEN 250mg/5ml,12,80,960,,0,12,23.45,281.4,678.6
raw_sales_report,Medshield (Keith San Miguel).xlsx,sales2017,5320,5,12556,2017-03-08,BATANGAS,ALLERCEF 1mg,10,264,2640,,0,10,80,800,1840
raw_sales_report,Medshield (Keith San Miguel).xlsx,sales2017,5321,5,12557,2017-03-08,BATANGAS,VOXOLL 15mg/5ml,4,72,288,,0,4,23,92,196
raw_sales_report,Medshield (Keith San Miguel).xlsx,sales2017,5322,5,12557,2017-03-08,BATANGAS,HISTARIL 50mg/1mg/5ml,12,96,1152,,0,12,24.47,293.64,858.36
raw_sales_report,Medshield (Keith San Miguel).xlsx,sales2017,5323,5,12558,2017-03-08,BATANGAS,INTRAPLEM 50mg/ml Drops,16,96,1536,,0,16,22.75,364,1172
raw_sales_report,Medshield (Keith San Miguel).xlsx,sales2017,5324,5,12559,2017-03-08,BATANGAS,BERCEF 250mg/5ml,9,350,3150,,0,9,148,1332,1818
raw_sales_report,Medshield (Keith San Miguel).xlsx,sales2017,5325,5,12560,2017-03-08,BATANGAS,JAGAPLEX 120ml,12,160,1920,,0,12,47,564,1356
raw_sales_report,Medshield (Keith San Miguel).xlsx,sales2017,5326,5,12561,2017-03-08,BATANGAS,XITHROM 150MG,7,4200,29400,,0,7,1235,8645,20755
raw_sales_report,Medshield (Keith San Miguel).xlsx,sales2017,5327,5,12562,2017-03-09,BATANGAS,XITHROM 150MG,1,5000,5000,,0,1,1235,1235,3765
raw_sales_report,Medshield (Keith San Miguel).xlsx,sales2017,5328,5,12563,2017-03-09,BATANGAS,XITHROM 150MG,1,5000,5000,,0,1,1235,1235,3765
raw_sales_report,Medshield (Keith San Miguel).xlsx,sales2017,5329,5,12564,2017-03-09,BATANGAS,XITHROM 150MG,1,5000,5000,,0,1,1235,1235,3765
raw_sales_report,Medshield (Keith San Miguel).xlsx,sales2017,5330,5,12565,2017-03-09,BATANGAS,CLAVIC 500mg,2,2700,5400,,0,2,1173.6,2347.2,3052.8
raw_sales_report,Medshield (Keith San Miguel).xlsx,sales2017,5331,5,12566,2017-03-09,BATANGAS,LACTAMOX 156.25mg/5ml,6,180,1080,,0,6,75.6,453.59999999999997,626.4000000000001
raw_sales_report,Medshield (Keith San Miguel).xlsx,sales2017,5332,5,12567,2017-03-09,BATANGAS,CLAVIC 125mg/31.25mg/5ml,6,190,1140,,0,6,75.6,453.59999999999997,686.4000000000001
raw_sales_report,Medshield (Keith San Miguel).xlsx,sales2017,5333,5,12568,2017-03-15,MINDORO,ZUDEM 50mg/5ml,41,250,10250,,0,41,178,7298,2952
raw_sales_report,Medshield (Keith San Miguel).xlsx,sales2017,5334,5,12569,2017-03-15,MINDORO,GIAN ZINC 120ML,12,170,2040,,0,12,75,900,1140
raw_sales_report,Medshield (Keith San Miguel).xlsx,sales2017,5335,5,12568,2017-03-15,MINDORO,VITAKIDS 120ml,12,150,1800,,0,12,48.65,583.8,1216.2
raw_sales_report,Medshield (Keith San Miguel).xlsx,sales2017,5336,5,12568,2017-03-15,MINDORO,NUTRI Z Drops,12,155,1860,,0,12,48.5,582,1278
raw_sales_report,Medshield (Keith San Miguel).xlsx,sales2017,5337,5,12570,2017-03-15,MINDORO,TERMAGEN 100mg/ml Drops,40,48,1920,,0,40,16.8,672,1248
raw_sales_report,Medshield (Keith San Miguel).xlsx,sales2017,5338,5,12571,2017-03-16,BATANGAS,HISTARIL 50mg/1mg/5ml,6,80,480,,0,6,24.47,146.82,333.18
raw_sales_report,Medshield (Keith San Miguel).xlsx,sales2017,5339,5,12572,2017-03-16,BATANGAS,INTRAPLEM 50mg/ml Drops,15,80,1200,,0,15,22.75,341.25,858.75
raw_sales_report,Medshield (Keith San Miguel).xlsx,sales2017,5340,5,12573,2017-03-16,BATANGAS,VOXOLL 15mg/5ml,10,72,720,0.1,72,10,23,230,418
raw_sales_report,Medshield (Keith San Miguel).xlsx,sales2017,5341,5,12574,2017-03-16,BATANGAS,TERMAGEN 100mg/ml Drops,8,57,456,0.1,45.6,8,16.8,134.4,276
raw_sales_report,Medshield (Keith San Miguel).xlsx,sales2017,5342,5,12574,2017-03-16,BATANGAS,ALGICAP 50mg/5ml,6,84,504,0.1,50.400000000000006,6,24.5,147,306.6
raw_sales_report,Medshield (Keith San Miguel).xlsx,sales2017,5343,5,12575,2017-03-16,BATANGAS,ALGICAP 50mg/5ml,6,84,504,,0,6,24.5,147,357
raw_sales_report,Medshield (Keith San Miguel).xlsx,sales2017,5344,5,12576,2017-03-16,BATANGAS,BERCEF 250mg/5ml,20,350,7000,,0,20,148,2960,4040
raw_sales_report,Medshield (Keith San Miguel).xlsx,sales2017,5345,5,12577,2017-03-16,BATANGAS,VOXOLL 15mg/5ml,25,72,1800,,0,25,23,575,1225
raw_sales_report,Medshield (Keith San Miguel).xlsx,sales2017,5346,5,12578,2017-03-16,BATANGAS,lactamox 625mg,3,3360,10080,,0,3,1173.6,3520.7999999999997,6559.200000000001
raw_sales_report,Medshield (Keith San Miguel).xlsx,sales2017,5347,5,12579,2017-03-16,BATANGAS,ALTOSAR 50mg/12.5mg,3,600,1800,,0,3,158,474,1326
raw_sales_report,Medshield (Keith San Miguel).xlsx,sales2017,5348,5,12580,2017-03-16,BATANGAS,FERGLOBIN FA 60mg/400mcg,1,1080,1080,,0,1,240,240,840
raw_sales_report,Medshield (Keith San Miguel).xlsx,sales2017,5349,5,12581,2017-03-16,BATANGAS,TRIVASC 35mg MR,1,1335,1335,,0,1,445,445,890
raw_sales_report,Medshield (Keith San Miguel).xlsx,sales2017,5350,5,12582,2017-03-16,BATANGAS,MONILIASOL 500MG,5,990,4950,,0,5,240,1200,3750
raw_sales_report,Medshield (Keith San Miguel).xlsx,sales2017,5351,5,12582,2017-03-16,BATANGAS,HEMOTRAN 500MG,4,1980,7920,,0,4,685,2740,5180
raw_sales_report,Medshield (Keith San Miguel).xlsx,sales2017,5352,5,12582,2017-03-16,BATANGAS,ASTYMIN 120ML,1,2600,2600,,0,1,650,650,1950
raw_sales_report,Medshield (Keith San Miguel).xlsx,sales2017,5353,5,12583,2017-03-17,BATANGAS,ZEGECEF 250mg/5ml,12,400,4800,,0,12,139.45,1673.3999999999999,3126.6000000000004
raw_sales_report,Medshield (Keith San Miguel).xlsx,sales2017,5354,5,12584,2017-03-17,BATANGAS,lactamox 625mg,1,2700,2700,,0,1,1173.6,1173.6,1526.4
raw_sales_report,Medshield (Keith San Miguel).xlsx,sales2017,5355,5,12584,2017-03-17,BATANGAS,ZELEX 200MG,1,2250,2250,,0,1,750,750,1500
raw_sales_report,Medshield (Keith San Miguel).xlsx,sales2017,5356,5,12584,2017-03-17,BATANGAS,LACTAMOX 312.5mg/5ml,6,300,1800,,0,6,129.7,778.1999999999999,1021.8000000000001
raw_sales_report,Medshield (Keith San Miguel).xlsx,sales2017,5357,5,12585,2017-03-17,MINDORO,AFFORVIT,11,600,6600,0.35,2310,11,203,2233,2057
raw_sales_report,Medshield (Keith San Miguel).xlsx,sales2017,5358,5,12586,2017-03-17,BATANGAS,PROPHALAN,5,1150,5750,,0,5,365,1825,3925
raw_sales_report,Medshield (Keith San Miguel).xlsx,sales2017,5359,5,12587,2017-03-21,BATANGAS,lactamox 625mg,3,2700,8100,0.05,405,3,1173.6,3520.7999999999997,4174.200000000001
raw_sales_report,Medshield (Keith San Miguel).xlsx,sales2017,5360,5,12588,2017-03-21,BATANGAS,CELENCE 200MG,1,2800,2800,0.05,140,1,860,860,1800
raw_sales_report,Medshield (Keith San Miguel).xlsx,sales2017,5361,5,12589,2017-03-21,BATANGAS,lactamox 625mg,2,3360,6720,0.1,672,2,1173.6,2347.2,3700.8
raw_sales_report,Medshield (Keith San Miguel).xlsx,sales2017,5362,5,12590,2017-03-21,BATANGAS,ALTOSAR 50mg/12.5mg,5,600,3000,0.1,300,5,158,790,1910
raw_sales_report,Medshield (Keith San Miguel).xlsx,sales2017,5363,5,12591,2017-03-21,BATANGAS,JAGAPLEX,1,1026,1026,0.1,102.60000000000001,1,270,270,653.4
raw_sales_report,Medshield (Keith San Miguel).xlsx,sales2017,5364,5,12592,2017-03-21,BATANGAS,CELENCE 200MG,1,3360,3360,0.1,336,1,860,860,2164
raw_sales_report,Medshield (Keith San Miguel).xlsx,sales2017,5365,5,12593,2017-03-21,BATANGAS,VOXOLL 15mg/5ml,1,780,780,0.1,78,1,168,168,534
raw_sales_report,Medshield (Keith San Miguel).xlsx,sales2017,5366,5,12594,2017-03-21,BATANGAS,HISTARIL 50mg/1mg/5ml,10,96,960,0.1,96,10,24.47,244.7,619.3
raw_sales_report,Medshield (Keith San Miguel).xlsx,sales2017,5367,5,12595,2017-03-21,BATANGAS,VICEPHRIN 250mg/5ml,10,180,1800,0.1,180,10,48,480,1140
raw_sales_report,Medshield (Keith San Miguel).xlsx,sales2017,5368,5,12596,2017-03-21,BATANGAS,VICEPHRIN 125mg/5ml,6,96,576,0.1,57.6,6,25,150,368.4
raw_sales_report,Medshield (Keith San Miguel).xlsx,sales2017,5369,5,12597,2017-03-21,BATANGAS,VICEPHRIN 100mg/ml Drops,10,96,960,0.1,96,10,25,250,614
raw_sales_report,Medshield (Keith San Miguel).xlsx,sales2017,5370,5,12598,2017-03-21,BATANGAS,SNEEZ 6.25mg/2ml/ml Drops,10,144,1440,0.1,144,10,38,380,916
raw_sales_report,Medshield (Keith San Miguel).xlsx,sales2017,5371,5,12599,2017-03-21,BATANGAS,HISTARIL 50mg/1mg/5ml,17,96,1632,0.1,163.20000000000002,17,24.47,415.99,1052.81
raw_sales_report,Medshield (Keith San Miguel).xlsx,sales2017,5372,5,12651,2017-03-22,CAM SUR,DOLO-JAGA 500mg/50mg/100mg/100mcg,1,1600,1600,,0,1,480.9,480.9,1119.1
raw_sales_report,Medshield (Keith San Miguel).xlsx,sales2017,5373,5,12652,2017-03-23,CAM SUR,HISTARIL 50mg/1mg/5ml,20,88,1760,,0,20,24.47,489.4,1270.6
raw_sales_report,Medshield (Keith San Miguel).xlsx,sales2017,5374,5,12653,2017-03-23,CAM SUR,HISTARIL 100mg/2mg,2,800,1600,,0,2,225,450,1150
raw_sales_report,Medshield (Keith San Miguel).xlsx,sales2017,5375,5,12654,2017-03-24,SUPPLIES,#REF!,,,0,,0,0,,0,0
raw_sales_report,Medshield (Keith San Miguel).xlsx,sales2017,5376,5,12655,2017-03-29,CAM SUR,CLAXIC 250mg/62.5mg/5ml,1,2520,2520,,0,1,1173.6,1173.6,1346.4
raw_sales_report,Medshield (Keith San Miguel).xlsx,sales2017,5377,5,12656,2017-03-29,CAM SUR,ENCLOXIL 500mg,1,1800,1800,,0,1,540,540,1260
raw_sales_report,Medshield (Keith San Miguel).xlsx,sales2017,5378,5,12657,2017-03-29,CAM SUR,KLOPIDO,2,960,1920,,0,2,307,614,1306
raw_sales_report,Medshield (Keith San Miguel).xlsx,sales2017,5379,5,12658,2017-03-29,CAM SUR,PROXAZIN 500mg,2,3500,7000,,0,2,450,900,6100
raw_sales_report,Medshield (Keith San Miguel).xlsx,sales2017,5380,5,12659,2017-03-29,CAM SUR,HISTARIL 50mg/1mg/5ml,10,88,880,,0,10,24.47,244.7,635.3
raw_sales_report,Medshield (Keith San Miguel).xlsx,sales2017,5381,5,12660,2017-03-29,CAM SUR,NOZAL 5MG,2,849.9,1699.8,,0,2,260,520,1179.8
raw_sales_report,Medshield (Keith San Miguel).xlsx,sales2017,5382,5,12661,2017-03-29,CAM SUR,CINNABLOC 25MG,2,500,1000,,0,2,133,266,734
raw_sales_report,Medshield (Keith San Miguel).xlsx,sales2017,5383,5,12662,2017-03-29,CAM SUR,HISTARIL 100mg/2mg,1,800,800,,0,1,225,225,575
raw_sales_report,Medshield (Keith San Miguel).xlsx,sales2017,5384,5,12663,2017-03-29,CAM SUR,MONILIASOL 125mg/5mL,20,78,1560,,0,20,26.25,525,1035
raw_sales_report,Medshield (Keith San Miguel).xlsx,sales2017,5385,5,12664,2017-03-29,CAM SUR,HISTARIL 50mg/1mg/5ml,20,88,1760,,0,20,24.47,489.4,1270.6
raw_sales_report,Medshield (Keith San Miguel).xlsx,sales2017,5386,5,12665,2017-03-29,CAM SUR,BROXIL-M  15mg/5ml,12,128,1536,,0,12,23.1,277.20000000000005,1258.8
raw_sales_report,Medshield (Keith San Miguel).xlsx,sales2017,5387,5,12666,2017-03-29,CAM SUR,LACTAMOX 625MG,1,2700,2700,,0,1,1173.6,1173.6,1526.4
raw_sales_report,Medshield (Keith San Miguel).xlsx,sales2017,5388,5,12667,2017-03-29,CAM SUR,EUROXIME 500MG,1,3000,3000,,0,1,1450,1450,1550
raw_sales_report,Medshield (Keith San Miguel).xlsx,sales2017,5389,5,12668,2017-03-29,CAM SUR,JAGA 300mg/100mg/100mcg,1,1200,1200,,0,1,345,345,855
raw_sales_report,Medshield (Keith San Miguel).xlsx,sales2017,5390,5,12669,2017-03-29,CAM SUR,EUROXIME 500MG,1,3000,3000,,0,1,1450,1450,1550
raw_sales_report,Medshield (Keith San Miguel).xlsx,sales2017,5391,5,12670,2017-03-29,CAM SUR,MONILIASOL 500MG,1,750,750,,0,1,240,240,510
raw_sales_report,Medshield (Keith San Miguel).xlsx,sales2017,5392,5,12671,2017-03-29,CAM SUR,LACTAMOX 625MG,1,2700,2700,,0,1,1173.6,1173.6,1526.4
raw_sales_report,Medshield (Keith San Miguel).xlsx,sales2017,5393,5,12672,2017-03-29,CAM SUR,LACTAMOX 625MG,1,2700,2700,,0,1,1173.6,1173.6,1526.4
raw_sales_report,Medshield (Keith San Miguel).xlsx,sales2017,5394,5,12673,2017-03-31,CAM SUR,ALGICAP 50mg/5ml,6,125,750,,0,6,24.5,147,603
raw_sales_report,Medshield (Keith San Miguel).xlsx,sales2017,5395,5,12751,2017-03-29,LAGUNA,ASTYMIN 120ML,20,220,4400,,0,20,65,1300,3100
raw_sales_report,Medshield (Keith San Miguel).xlsx,sales2017,5396,5,12752,2017-03-29,LAGUNA,SODAMPEN 1g IM/IV,40,128,5120,,0,40,45,1800,3320
raw_sales_report,Medshield (Keith San Miguel).xlsx,sales2017,5397,5,12952,2017-04-01,ADMIN,,,,0,,0,0,,0,0
raw_sales_report,Medshield (Keith San Miguel).xlsx,sales2017,5398,5,12958,2017-04-03,ADMIN,HEMOTRAN 500mg,2,2100,4200,0.3,1260,2,685,1370,1570
raw_sales_report,Medshield (Keith San Miguel).xlsx,sales2017,5399,5,12960,2017-04-05,ADMIN,EUROXIME 500mg,5,3000,15000,,0,7,1450,10150,4850
raw_sales_report,Medshield (Keith San Miguel).xlsx,sales2017,5400,5,12960,2017-04-05,ADMIN,FERGLOBIN 250mg,5,725,3625,,0,7,215,1505,2120
raw_sales_report,Medshield (Keith San Miguel).xlsx,sales2017,5401,5,12960,2017-04-05,ADMIN,FOCID 5mg,5,650,3250,,0,7,187.5,1312.5,1937.5
raw_sales_report,Medshield (Keith San Miguel).xlsx,sales2017,5402,5,12960,2017-04-05,ADMIN,OB-DILAN 10mg,10,1100,11000,,0,7,318.4,2228.7999999999997,8771.2
raw_sales_report,Medshield (Keith San Miguel).xlsx,sales2017,5403,5,10841,2017-03-07,Hospital,ANTIZOAL,100,120,12000,,0,25,25,625,11375
raw_sales_report,Medshield (Keith San Miguel).xlsx,sales2017,5404,5,10848,2017-04-05,HOSPITAL,CEFZIME 750mg IM/IV,3,3000,9000,,0,3,750,2250,6750
raw_sales_report,Medshield (Keith San Miguel).xlsx,sales2017,5405,5,10868,2017-04-20,ADMIN,COZOLE 200mg/40mg/5ml,3,85,255,0.5,127.5,3,26,78,49.5
raw_sales_report,Medshield (Keith San Miguel).xlsx,sales2017,5406,5,10868,2017-04-20,ADMIN,MULTI GROW 120ml,2,198,396,0.5,198,2,45,90,108
raw_sales_report,Medshield (Keith San Miguel).xlsx,sales2017,5407,5,10876,2017-04-20,ADMIN,MULTI GROW 120ml,2,198,396,0.5,198,2,45,90,108
raw_sales_report,Medshield (Keith San Miguel).xlsx,sales2017,5408,5,10876,2017-04-20,ADMIN,HISTARIL 50mg/1mg/5ml,2,80,160,0.5,80,2,24.47,48.94,31.060000000000002
raw_sales_report,Medshield (Keith San Miguel).xlsx,sales2017,5409,5,10876,2017-04-20,ADMIN,CLAXIC 250mg/62.5mg/5ml,4,310,1240,0.5,620,4,129.7,518.8,101.20000000000005
raw_sales_report,Medshield (Keith San Miguel).xlsx,sales2017,5410,5,10877,2017-04-20,ADMIN,JAGA 300mg/100mg/100mcg,4,915,3660,0.5,1830,4,345,1380,450
raw_sales_report,Medshield (Keith San Miguel).xlsx,sales2017,5411,5,10881,2017-04-20,admin,APROCARE 150MG,2,750,1500,0.5,750,2,750,219,531
raw_sales_report,Medshield (Keith San Miguel).xlsx,sales2017,5412,5,10882,2017-04-20,ADMIN,OSTEO-PRO 750mg/10iu/10mg,1,1080,1080,0.5,540,1,333,219,321
raw_sales_report,Medshield (Keith San Miguel).xlsx,sales2017,5413,5,10884,2017-04-20,ADMIN,ATOVAS 80MG,1,900,900,0.5,450,1,224.73,224.73,225.27
raw_sales_report,Medshield (Keith San Miguel).xlsx,sales2017,5414,5,10884,2017-04-20,ADMIN,TRIVASC 35mg MR,1,1425,1425,0.5,712.5,1,44.5,44.5,668
raw_sales_report,Medshield (Keith San Miguel).xlsx,sales2017,5415,5,10885,2017-03-03,ADMIN,VICEPHRIN 250mg/5ml,1,150,150,0.5,75,1,48,48,27
raw_sales_report,Medshield (Keith San Miguel).xlsx,sales2017,5416,5,10885,2017-03-03,ADMIN,JAGAPLEX 120ml,2,145,290,0.5,145,2,47,94,51
raw_sales_report,Medshield (Keith San Miguel).xlsx,sales2017,5417,5,10885,2017-03-03,ADMIN,AMLOMED 5MG,2,1470,2940,0.5,1470,2,460,920,550
raw_sales_report,Medshield (Keith San Miguel).xlsx,sales2017,5418,5,10891,2017-04-20,ADMIN,BUFENOL 200mg/5ml,4,95,380,0.5,190,4,30,120,70
raw_sales_report,Medshield (Keith San Miguel).xlsx,sales2017,5419,5,10896,2017-01-23,ADMIN,ALLERCEF 1mg,7,250,1750,0.5,875,7,80.14,560.98,314.02
raw_sales_report,Medshield (Keith San Miguel).xlsx,sales2017,5420,5,10896,2017-01-23,ADMIN,NUTRI Z 120ml,2,198,396,0.5,198,2,67,134,64
raw_sales_report,Medshield (Keith San Miguel).xlsx,sales2017,5421,5,11453,2017-12-02,GOVERNMENT,C ZETTE,500,73.6,36800,,,500,,,36800
raw_sales_report,Medshield (Keith San Miguel).xlsx,sales2017,5422,5,11453,2017-12-02,GOVERNMENT,Astymin 120ml,200,253,50600,,,200,,,50600
raw_sales_report,Medshield (Keith San Miguel).xlsx,sales2017,5423,5,11453,2017-12-02,GOVERNMENT,CIFROX 500mg,1000,40.25,40250,,,1000,,,40250
raw_sales_report,Medshield (Keith San Miguel).xlsx,sales2017,5424,5,11453,2017-12-02,GOVERNMENT,FOCID 5MG,1000,7.48,7480,,,1000,,,7480
raw_sales_report,Medshield (Keith San Miguel).xlsx,sales2017,5425,5,11453,2017-12-02,GOVERNMENT,GLIPRIDE 2mg,500,20.7,10350,,,500,,,10350
raw_sales_report,Medshield (Keith San Miguel).xlsx,sales2017,5426,5,11453,2017-12-02,GOVERNMENT,maxifer,100,563.5,56350,,,100,,,56350
raw_sales_report,Medshield (Keith San Miguel).xlsx,sales2017,5427,5,11453,2017-12-02,GOVERNMENT,FERGLOBIN 250mg,1000,8.34,8340,,,1000,,,8340
raw_sales_report,Medshield (Keith San Miguel).xlsx,sales2017,5428,5,11453,2017-12-02,GOVERNMENT,TERMAGEN 250mg/5ml,2000,2.3,4600,,,2000,,,4600
raw_sales_report,Medshield (Keith San Miguel).xlsx,sales2017,5429,5,11479,2017-04-27,GOVERNMENT,CELENCE 200mg,1000,32,32000,,0,1000,,0,32000
raw_sales_report,Medshield (Keith San Miguel).xlsx,sales2017,5430,5,11479,2017-04-27,GOVERNMENT,FEXIL 500MG,1000,20.8,20800,,0,1000,,0,20800
raw_sales_report,Medshield (Keith San Miguel).xlsx,sales2017,5431,5,11479,2017-04-27,GOVERNMENT,LACTAMOX 625MG,1000,47,47000,,0,1000,,0,47000
raw_sales_report,Medshield (Keith San Miguel).xlsx,sales2017,5432,5,11479,2017-04-27,GOVERNMENT,CALIBRAL 500MG,1000,8.8,8800,,0,1000,,0,8800
raw_sales_report,Medshield (Keith San Miguel).xlsx,sales2017,5433,5,11479,2017-04-27,GOVERNMENT,CIFROX 500mg,1000,40.4,40400,,0,1000,,0,40400
raw_sales_report,Medshield (Keith San Miguel).xlsx,sales2017,5434,5,11479,2017-04-27,GOVERNMENT,CORVI PLUS 1mg/50mg,144,123.9,17841.600000000002,,0,144,,0,17841.600000000002
raw_sales_report,Medshield (Keith San Miguel).xlsx,sales2017,5435,5,11479,2017-04-27,GOVERNMENT,ZINAXIME 500mg ,500,60,30000,,0,500,,0,30000
raw_sales_report,Medshield (Keith San Miguel).xlsx,sales2017,5436,5,11479,2017-04-27,GOVERNMENT,CORSTAPH 500mg,1000,17.25,17250,,0,1000,,0,17250
raw_sales_report,Medshield (Keith San Miguel).xlsx,sales2017,5437,5,11479,2017-04-27,GOVERNMENT,VICOLAX TAB,1000,9.2,9200,,0,1000,,0,9200
raw_sales_report,Medshield (Keith San Miguel).xlsx,sales2017,5438,5,11479,2017-04-27,GOVERNMENT,CEFZIME 750mg IM/IV,200,315,63000,,0,200,,0,63000
raw_sales_report,Medshield (Keith San Miguel).xlsx,sales2017,5439,5,11491,2017-04-10,EASTERN,AMBRODAY 75mg SR,10,700,7000,,0,10,250,2500,4500
raw_sales_report,Medshield (Keith San Miguel).xlsx,sales2017,5440,5,11491,2017-04-10,EASTERN,VOXOLL 30mg,10,640,6400,,0,10,168,1680,4720
raw_sales_report,Medshield (Keith San Miguel).xlsx,sales2017,5441,5,11491,2017-04-10,EASTERN,ANEROCIN 300MG,5,2150,10750,,0,5,553,2765,7985
raw_sales_report,Medshield (Keith San Miguel).xlsx,sales2017,5442,5,11491,2017-04-10,EASTERN,DOPACARE 250MG,5,1950,9750,,0,5,590,2950,6800
raw_sales_report,Medshield (Keith San Miguel).xlsx,sales2017,5443,5,11491,2017-04-10,EASTERN,SNEEZ 6.25mg/2ml/ml Drops,24,120,2880,,0,24,38,912,1968
raw_sales_report,Medshield (Keith San Miguel).xlsx,sales2017,5444,5,11491,2017-04-10,EASTERN,EUROXIME 500MG,24,375,9000,,0,24,139.45,3346.7999999999997,5653.200000000001
raw_sales_report,Medshield (Keith San Miguel).xlsx,sales2017,5445,5,11491,2017-04-10,EASTERN,SNEEZ 6.25mg/2ml/ml Drops,24,125,3000,,0,24,42,1008,1992
raw_sales_report,Medshield (Keith San Miguel).xlsx,sales2017,5446,5,11491,2017-04-10,EASTERN,QUIFLOX 500mg,5,2190,10950,,0,5,630,3150,7800
raw_sales_report,Medshield (Keith San Miguel).xlsx,sales2017,5447,5,11491,2017-04-10,EASTERN,OB-DILAN 10MG,5,1100,5500,,0,5,318.4,1592,3908
raw_sales_report,Medshield (Keith San Miguel).xlsx,sales2017,5448,5,11492,2017-04-10,GOVERNMENT,EUROXONE,600,493,295800,,0,600,73,43800,252000
raw_sales_report,Medshield (Keith San Miguel).xlsx,sales2017,5449,5,11493,2017-04-10,GOVERNMENT,CEFZIME 750mg IM/IV,1000,315,315000,,0,1000,,0,315000
raw_sales_report,Medshield (Keith San Miguel).xlsx,sales2017,5450,5,11493,2017-04-10,GOVERNMENT,EUROXONE,100,493,49300,,0,100,,0,49300
raw_sales_report,Medshield (Keith San Miguel).xlsx,sales2017,5451,5,11973,2017-03-27,SUPPLIES,#REF!,,,0,,0,0,,0,0
raw_sales_report,Medshield (Keith San Miguel).xlsx,sales2017,5452,5,11978,2017-03-27,EQUIPMENT,#REF!,,,0,,0,0,,0,0
raw_sales_report,Medshield (Keith San Miguel).xlsx,sales2017,5453,5,11980,2017-04-07,SUPPLIES,#REF!,,,0,,0,0,,0,0
raw_sales_report,Medshield (Keith San Miguel).xlsx,sales2017,5454,5,11981,2017-04-21,SUPPLIES,#REF!,,,0,,0,0,,0,0
raw_sales_report,Medshield (Keith San Miguel).xlsx,sales2017,5455,5,12091,2017-03-27,ADMIN,AMLOMED 10MG,20,25,500,0.5,250,20,7.9,158,92
raw_sales_report,Medshield (Keith San Miguel).xlsx,sales2017,5456,5,12092,2017-03-29,LAGUNA,AMINOSOL,50,52,2600,,0,50,16,800,1800
raw_sales_report,Medshield (Keith San Miguel).xlsx,sales2017,5457,5,12092,2017-03-29,LAGUNA,AMPICELO,50,46,2300,,0,50,13,650,1650
raw_sales_report,Medshield (Keith San Miguel).xlsx,sales2017,5458,5,12092,2017-03-29,LAGUNA,KLARITHIX,60,48,2880,,0,60,9.17,550.2,2329.8
raw_sales_report,Medshield (Keith San Miguel).xlsx,sales2017,5459,5,12092,2017-03-29,LAGUNA,PASVED,450,15,6750,,0,450,9.5,4275,2475
raw_sales_report,Medshield (Keith San Miguel).xlsx,sales2017,5460,5,12092,2017-03-29,LAGUNA,CEFILIM,20,320,6400,,0,20,95,1900,4500
raw_sales_report,Medshield (Keith San Miguel).xlsx,sales2017,5461,5,12092,2017-03-29,LAGUNA,QUIX,200,88,17600,,0,200,6.75,1350,16250
raw_sales_report,Medshield (Keith San Miguel).xlsx,sales2017,5462,5,12092,2017-03-29,LAGUNA,SITIXON,100,255,25500,,0,100,28.78,2878,22622
raw_sales_report,Medshield (Keith San Miguel).xlsx,sales2017,5463,5,12092,2017-03-29,LAGUNA,MYXETIL,20,280,5600,,0,20,78,1560,4040
raw_sales_report,Medshield (Keith San Miguel).xlsx,sales2017,5464,5,12092,2017-03-29,LAGUNA,MABEFLOX,40,880,35200,,0,40,25,1000,34200
raw_sales_report,Medshield (Keith San Miguel).xlsx,sales2017,5465,5,12092,2017-03-29,LAGUNA,ONDEX,40,74,2960,,0,40,11,440,2520
raw_sales_report,Medshield (Keith San Miguel).xlsx,sales2017,5466,5,12093,2017-03-29,LAGUNA,RABAPHEN,50,120,6000,,0,50,18,900,5100
raw_sales_report,Medshield (Keith San Miguel).xlsx,sales2017,5467,5,12093,2017-03-29,LAGUNA,DOBUMEAN,20,450,9000,,0,20,180,3600,5400
raw_sales_report,Medshield (Keith San Miguel).xlsx,sales2017,5468,5,12093,2017-03-29,LAGUNA,FUROSEMIDE 20MG,500,1.1,550,,0,500,0.39,195,355
raw_sales_report,Medshield (Keith San Miguel).xlsx,sales2017,5469,5,12093,2017-03-29,LAGUNA,FUROSEMIDE 40MG,100,1.45,145,,0,100,0.42,42,103
raw_sales_report,Medshield (Keith San Miguel).xlsx,sales2017,5470,5,12093,2017-03-29,LAGUNA,FUSEDEX,200,1.45,290,,0,200,0.42,84,206
raw_sales_report,Medshield (Keith San Miguel).xlsx,sales2017,5471,5,12093,2017-03-29,LAGUNA,GENTACARE,40,30,1200,,0,40,5,200,1000
raw_sales_report,Medshield (Keith San Miguel).xlsx,sales2017,5472,5,12093,2017-03-29,LAGUNA,HYOSCINE 10MG,600,9.9,5940,,0,600,3.9,2340,3600
raw_sales_report,Medshield (Keith San Miguel).xlsx,sales2017,5473,5,12093,2017-03-29,LAGUNA,LORAREX,20,198,3960,,0,20,25,500,3460
raw_sales_report,Medshield (Keith San Miguel).xlsx,sales2017,5474,5,12095,2017-03-29,LAGUNA,LOBIP,500,16.8,8400,,0,500,0.85,425,7975
raw_sales_report,Medshield (Keith San Miguel).xlsx,sales2017,5475,5,12095,2017-03-29,LAGUNA,ERGON,200,6,1200,,0,200,1.2,240,960
raw_sales_report,Medshield (Keith San Miguel).xlsx,sales2017,5476,5,12095,2017-03-29,LAGUNA,MULTIMEEDS,1000,2,2000,,0,1000,0.54,540,1460
raw_sales_report,Medshield (Keith San Miguel).xlsx,sales2017,5477,5,12095,2017-03-29,LAGUNA,SELEGESIC,40,35,1400,,0,40,4.75,190,1210
raw_sales_report,Medshield (Keith San Miguel).xlsx,sales2017,5478,5,12095,2017-03-29,LAGUNA,AGLOTAC,40,45,1800,,0,40,4,160,1640
raw_sales_report,Medshield (Keith San Miguel).xlsx,sales2017,5479,5,12095,2017-03-29,LAGUNA,TOMCACIN,10,180,1800,,0,10,60,600,1200
raw_sales_report,Medshield (Keith San Miguel).xlsx,sales2017,5480,5,12096,2017-03-29,LAGUNA,SODAMPEN 1g IM/IV,100,128,12800,,0,100,40,4000,8800
raw_sales_report,Medshield (Keith San Miguel).xlsx,sales2017,5481,5,12096,2017-03-29,LAGUNA,AMSUTAS,100,150,15000,,0,100,55,5500,9500
raw_sales_report,Medshield (Keith San Miguel).xlsx,sales2017,5482,5,12096,2017-03-29,LAGUNA,ZYMAX,114,93.33,10639.619999999999,,0,114,27,3078,7561.619999999999
raw_sales_report,Medshield (Keith San Miguel).xlsx,sales2017,5483,5,12096,2017-03-29,LAGUNA,LACTAMOX 156.25mg/5ml,12,190,2280,,0,12,75.6,907.1999999999999,1372.8000000000002
raw_sales_report,Medshield (Keith San Miguel).xlsx,sales2017,5484,5,12096,2017-03-29,LAGUNA,EUROXONE,100,264,26400,,0,100,73,7300,19100
raw_sales_report,Medshield (Keith San Miguel).xlsx,sales2017,5485,5,12096,2017-03-29,LAGUNA,LACTAMOX 312.5mg/5ml,12,346,4152,,0,12,129.7,1556.3999999999999,2595.6000000000004
raw_sales_report,Medshield (Keith San Miguel).xlsx,sales2017,5486,5,12096,2017-03-29,LAGUNA,OMCARE 40mg,38,380,14440,,0,38,45,1710,12730
raw_sales_report,Medshield (Keith San Miguel).xlsx,sales2017,5487,5,12099,2017-03-31,ADMIN,GIAN ZINC 120ML,2,175,350,0.5,175,2,55,110,65
raw_sales_report,Medshield (Keith San Miguel).xlsx,sales2017,5488,5,12099,2017-03-31,ADMIN,CLAXIC 250mg/62.5mg/5ml,4,310,1240,0.5,620,4,129,516,104
raw_sales_report,Medshield (Keith San Miguel).xlsx,sales2017,5489,5,12099,2017-03-31,ADMIN,HISTARIL 50mg/1mg/5ml,2,80,160,0.5,80,2,24.47,48.94,31.060000000000002
raw_sales_report,Medshield (Keith San Miguel).xlsx,sales2017,5490,5,12099,2017-03-31,ADMIN,MULTI GROW 120ml,4,198,792,0.5,396,4,45,180,216
raw_sales_report,Medshield (Keith San Miguel).xlsx,sales2017,5491,5,12100,2017-03-31,ADMIN,AMLOMED 5MG,1,1470,1470,0.5,735,1,460,460,275
raw_sales_report,Medshield (Keith San Miguel).xlsx,sales2017,5492,5,12142,2017-04-11,CAVITE,Evaprost 125,2,4800,9600,0.3,2880,2,1872,3744,2976
raw_sales_report,Medshield (Keith San Miguel).xlsx,sales2017,5493,5,12143,2017-03-31,CAVITE,EVAPROST 250,1,9800,9800,,0,1,3575,3575,6225
raw_sales_report,Medshield (Keith San Miguel).xlsx,sales2017,5494,5,12146,2017-04-03,CAVITE,JAGA 300mg/100mg/100mcg,2,1100,2200,,0,3,345,1035,1165
raw_sales_report,Medshield (Keith San Miguel).xlsx,sales2017,5495,5,12148,2017-04-03,CAVITE,EVAPROST 125,2,4800,9600,0.2,1920,2,1872,3744,3936
raw_sales_report,Medshield (Keith San Miguel).xlsx,sales2017,5496,5,12148,2017-04-03,CAVITE,EVAPROST 250,2,9000,18000,0.2,3600,2,3575,7150,7250
raw_sales_report,Medshield (Keith San Miguel).xlsx,sales2017,5497,5,12149,2017-04-06,cavite,QUIFLOX 500MG,5,1950,9750,,0,5,630,3150,6600
raw_sales_report,Medshield (Keith San Miguel).xlsx,sales2017,5498,5,12149,2017-04-06,cavite,SURITRAM,10,1980,19800,,0,10,500,5000,14800
raw_sales_report,Medshield (Keith San Miguel).xlsx,sales2017,5499,5,12150,2017-04-24,CAVITE,ATOVAS 20MG,1,650,650,,0,1,202.5,202.5,447.5
raw_sales_report,Medshield (Keith San Miguel).xlsx,sales2017,5500,5,12150,2017-04-24,CAVITE,AMLOMED 5MG,2,1470,2940,,0,2,460,920,2020
raw_sales_report,Medshield (Keith San Miguel).xlsx,sales2017,5501,5,12150,2017-04-24,CAVITE,SPLENDAMET,1,480,480,,0,1,128,128,352
raw_sales_report,Medshield (Keith San Miguel).xlsx,sales2017,5502,5,12150,2017-04-24,CAVITE,EUROGYL 500MG,10,120,1200,,0,10,23,230,970
raw_sales_report,Medshield (Keith San Miguel).xlsx,sales2017,5503,5,12164,2017-03-27,CAM NORTE,ENERGEL SOFTGEL,1,1750,1750,,0,1,550,550,1200
raw_sales_report,Medshield (Keith San Miguel).xlsx,sales2017,5504,5,12165,2017-03-27,CAM NORTE,CEFEXIL 500MG,1,1800,1800,,0,1,535,535,1265
raw_sales_report,Medshield (Keith San Miguel).xlsx,sales2017,5505,5,12166,2017-03-27,CAM NORTE,EUROXIME 500MG,1,3000,3000,,0,1,1450,1450,1550
raw_sales_report,Medshield (Keith San Miguel).xlsx,sales2017,5506,5,12167,2017-03-27,CAM NORTE,EUROXIME 500MG,1,,0,,,1,,0,0
raw_sales_report,Medshield (Keith San Miguel).xlsx,sales2017,5507,5,12168,2017-03-31,CAM NORTE,EUROXIME 500MG,1,3000,3000,0.3,,1,1450,1450,1550
raw_sales_report,Medshield (Keith San Miguel).xlsx,sales2017,5508,5,12169,2017-03-28,CAM NORTE,BERCEF 50mg Drops,6,175,1050,,,6,42,252,798
raw_sales_report,Medshield (Keith San Miguel).xlsx,sales2017,5509,5,12169,2017-03-28,CAM NORTE,LACTAMOX 156.25mg/5ml,6,190,1140,,,6,75.6,453.59999999999997,686.4000000000001
raw_sales_report,Medshield (Keith San Miguel).xlsx,sales2017,5510,5,12170,2017-03-31,CAM NORTE,METMIC 500MG,1,750,750,0.3,,1,227.5,227.5,522.5
raw_sales_report,Medshield (Keith San Miguel).xlsx,sales2017,5511,5,12171,2017-04-04,CAM NORTE,metmic 500mg,1,750,750,,,1,227.5,227.5,522.5
raw_sales_report,Medshield (Keith San Miguel).xlsx,sales2017,5512,5,12172,2017-04-04,CAM NORTE,HEMOTRAN 500mg,5,2100,10500,,,5,685,3425,7075
raw_sales_report,Medshield (Keith San Miguel).xlsx,sales2017,5513,5,12172,2017-04-04,CAM NORTE,metmic 500mg,5,750,3750,,,5,227.5,1137.5,2612.5
raw_sales_report,Medshield (Keith San Miguel).xlsx,sales2017,5514,5,12172,2017-04-04,CAM NORTE,CEFEXIL 500MG,5,1800,9000,,,5,535,2675,6325
raw_sales_report,Medshield (Keith San Miguel).xlsx,sales2017,5515,5,12173,2017-04-04,CAM NORTE,SURITRAM,1,1980,1980,,,1,500,500,1480
raw_sales_report,Medshield (Keith San Miguel).xlsx,sales2017,5516,5,12174,2017-04-04,CAM NORTE,OSTEO-PRO 750mg/10iu/10mg,1,1165,1165,,,1,333,333,832
raw_sales_report,Medshield (Keith San Miguel).xlsx,sales2017,5517,5,12175,2017-04-04,CAM NORTE,EUROXIME 500MG,1,3000,3000,,,1,1450,1450,1550
raw_sales_report,Medshield (Keith San Miguel).xlsx,sales2017,5518,5,12176,2017-04-05,CAM NORTE,CEFEXIL 500MG,2,1800,3600,,,2,535,1070,2530
raw_sales_report,Medshield (Keith San Miguel).xlsx,sales2017,5519,5,12176,2017-04-05,CAM NORTE,CEFEXIL 500MG,1,650,650,,,1,187.5,187.5,462.5
raw_sales_report,Medshield (Keith San Miguel).xlsx,sales2017,5520,5,12177,2017-04-05,CAM NORTE,ENCLOXIL 125mg/5ml,6,180,1080,,,6,56,336,744
raw_sales_report,Medshield (Keith San Miguel).xlsx,sales2017,5521,5,12177,2017-04-05,CAM NORTE,JAGAPLEX OB,1,850,850,,,1,155,155,695
raw_sales_report,Medshield (Keith San Miguel).xlsx,sales2017,5522,5,12178,2017-04-05,CAM NORTE,JAGAPLEX OB,2,850,1700,,,2,155,310,1390
raw_sales_report,Medshield (Keith San Miguel).xlsx,sales2017,5523,5,12179,2017-04-06,CAM NORTE,OSTEO-PRO 750mg/10iu/10mg,1,1165,1165,,,1,333,333,832
raw_sales_report,Medshield (Keith San Miguel).xlsx,sales2017,5524,5,12180,2017-04-10,CAM NORTE,BERCEF 250mg/5ml,10,450,4500,,,15,148,2220,2280
raw_sales_report,Medshield (Keith San Miguel).xlsx,sales2017,5525,5,12181,2017-04-10,CAM NORTE,MULTI GROW DROPS,20,175,3500,,,30,48,1440,2060
raw_sales_report,Medshield (Keith San Miguel).xlsx,sales2017,5526,5,12182,2017-04-10,CAM NORTE,metmic 500mg,2,750,1500,,,2,222.5,445,1055
raw_sales_report,Medshield (Keith San Miguel).xlsx,sales2017,5527,5,12183,2017-04-10,CAM NORTE,Encloxil 500mg,1,1800,1800,,,1,,0,1800
raw_sales_report,Medshield (Keith San Miguel).xlsx,sales2017,5528,5,12184,2017-04-11,CAM NORTE,SODAMPEN 1g IM/IV,10,128,1280,,,11,45,495,785
raw_sales_report,Medshield (Keith San Miguel).xlsx,sales2017,5529,5,12185,2017-04-11,CAM NORTE,CEFZIME 750mg IM/IV,10,300,3000,,,11,75,825,2175
raw_sales_report,Medshield (Keith San Miguel).xlsx,sales2017,5530,5,12186,2017-04-18,CAM NORTE,CEFEXIL 500MG,5,1800,9000,,,5,535,2675,6325
raw_sales_report,Medshield (Keith San Miguel).xlsx,sales2017,5531,5,12186,2017-04-18,CAM NORTE,metmic 500mg,5,750,3750,,,5,227.5,1137.5,2612.5
raw_sales_report,Medshield (Keith San Miguel).xlsx,sales2017,5532,5,12186,2017-04-18,CAM NORTE,HEMOTRAN 500mg,5,2100,10500,,,5,685,3425,7075
raw_sales_report,Medshield (Keith San Miguel).xlsx,sales2017,5533,5,12186,2017-04-18,CAM NORTE,ENCLOXIL 500MG,1,1800,1800,,,1,540,540,1260
raw_sales_report,Medshield (Keith San Miguel).xlsx,sales2017,5534,5,12186,2017-04-18,CAM NORTE,CLOXAKID 250MG,6,210,1260,,,6,65,390,870
raw_sales_report,Medshield (Keith San Miguel).xlsx,sales2017,5535,5,12186,2017-04-18,CAM NORTE,BROADMETZ 250mg/5ml,6,105,630,,,6,28,168,462
raw_sales_report,Medshield (Keith San Miguel).xlsx,sales2017,5536,5,12186,2017-04-18,CAM NORTE,JAGA 300mg/100mg/100mcg,1,1200,1200,,,1,345,345,855
raw_sales_report,Medshield (Keith San Miguel).xlsx,sales2017,5537,5,12187,2017-04-18,CAM NORTE,METMIC 500MG,1,750,750,,,1,227.5,227.5,522.5
raw_sales_report,Medshield (Keith San Miguel).xlsx,sales2017,5538,5,12187,2017-04-18,CAM NORTE,CEFEXIL 500MG,1,1800,1800,,,1,535,535,1265
raw_sales_report,Medshield (Keith San Miguel).xlsx,sales2017,5539,5,12187,2017-04-18,CAM NORTE,NOZAL 5MG,1,850,850,,,1,260,260,590
raw_sales_report,Medshield (Keith San Miguel).xlsx,sales2017,5540,5,12187,2017-04-18,CAM NORTE,KLOPIDO,1,975,975,,,1,307,307,668
raw_sales_report,Medshield (Keith San Miguel).xlsx,sales2017,5541,5,12187,2017-04-18,CAM NORTE,CLOXAKID 250MG,6,210,1260,,,6,65,390,870
raw_sales_report,Medshield (Keith San Miguel).xlsx,sales2017,5542,5,12187,2017-04-18,CAM NORTE,LACTAMOX 156.25mg/5ml,3,190,570,,,3,75.6,226.79999999999998,343.20000000000005
raw_sales_report,Medshield (Keith San Miguel).xlsx,sales2017,5543,5,12187,2017-04-18,CAM NORTE,BROADMETZ 125mg/5ml,3,79,237,,,3,23.8,71.4,165.6
raw_sales_report,Medshield (Keith San Miguel).xlsx,sales2017,5544,5,12187,2017-04-18,CAM NORTE,BROADMETZ 250mg/5ml,3,105,315,,,3,28,84,231
raw_sales_report,Medshield (Keith San Miguel).xlsx,sales2017,5545,5,12188,2017-04-18,CAM NORTE,EUROXIME 500MG,1,3000,3000,,,1,1450,1450,1550
raw_sales_report,Medshield (Keith San Miguel).xlsx,sales2017,5546,5,12188,2017-04-18,CAM NORTE,LACTAMOX 156.25mg/5ml,3,190,570,,,3,75.6,226.79999999999998,343.20000000000005
raw_sales_report,Medshield (Keith San Miguel).xlsx,sales2017,5547,5,12189,2017-04-20,CAM NORTE,LACTAMOX 625MG,1,2820,2820,,,1,1173.6,1173.6,1646.4
raw_sales_report,Medshield (Keith San Miguel).xlsx,sales2017,5548,5,12189,2017-04-20,CAM NORTE,EUROXIME 500MG,1,3000,3000,,,1,1450,1450,1550
raw_sales_report,Medshield (Keith San Miguel).xlsx,sales2017,5549,5,12189,2017-04-20,CAM NORTE,DOLO-JAGA 500mg/50mg/100mg/100mcg,1,1600,1600,,,1,480.9,480.9,1119.1
raw_sales_report,Medshield (Keith San Miguel).xlsx,sales2017,5550,5,12189,2017-04-20,CAM NORTE,JAGA 300mg/100mg/100mcg,1,1200,1200,,,1,345,345,855
raw_sales_report,Medshield (Keith San Miguel).xlsx,sales2017,5551,5,12189,2017-04-20,CAM NORTE,HEMOTRAN 500MG,1,2100,2100,,,1,685,685,1415
raw_sales_report,Medshield (Keith San Miguel).xlsx,sales2017,5552,5,12189,2017-04-20,CAM NORTE,CEFEXIL 500MG,1,1800,1800,,,1,535,535,1265
raw_sales_report,Medshield (Keith San Miguel).xlsx,sales2017,5553,5,12189,2017-04-20,CAM NORTE,METMIC 500MG,1,750,750,,,1,227.5,227.5,522.5
raw_sales_report,Medshield (Keith San Miguel).xlsx,sales2017,5554,5,12190,2017-04-20,CAM NORTE,MULTI GROW DROPS,6,175,1050,0.3,315,6,48,288,447
raw_sales_report,Medshield (Keith San Miguel).xlsx,sales2017,5555,5,12191,2017-04-20,CAM NORTE,JAGAPLEX OB,1,850,850,0.3,255,1,155,155,440
raw_sales_report,Medshield (Keith San Miguel).xlsx,sales2017,5556,5,12192,2017-04-20,CAM NORTE,FOCID 5MG,1,650,650,0.3,195,1,187.5,187.5,267.5
raw_sales_report,Medshield (Keith San Miguel).xlsx,sales2017,5557,5,12193,2017-04-20,CAM NORTE,CAPSUGEN FORTE,1,1100,1100,0.3,330,1,310,310,460
raw_sales_report,Medshield (Keith San Miguel).xlsx,sales2017,5558,5,12194,2017-04-20,CAM NORTE,FOCID 5MG,2,650,1300,0.3,390,2,187.5,375,535
raw_sales_report,Medshield (Keith San Miguel).xlsx,sales2017,5559,5,12195,2017-04-24,CAM NORTE,JAGAPLEX 120ML,12,145,1740,,,18,47,846,894
raw_sales_report,Medshield (Keith San Miguel).xlsx,sales2017,5560,5,12195,2017-04-24,CAM NORTE,VITAKIDS 120ml,12,160,1920,,,18,48.65,875.6999999999999,1044.3000000000002
raw_sales_report,Medshield (Keith San Miguel).xlsx,sales2017,5561,5,12195,2017-04-24,CAM NORTE,MULTI GROW DROPS,12,175,2100,,,18,48,864,1236
raw_sales_report,Medshield (Keith San Miguel).xlsx,sales2017,5562,5,12196,2017-04-24,CAM NORTE,ALGICAP 50mg/5ml,12,80,960,,,12,24.5,294,666
raw_sales_report,Medshield (Keith San Miguel).xlsx,sales2017,5563,5,12336,2017-03-11,ADMIN,C ZETTE,1,640,640,0.5,320,1,170,170,150
raw_sales_report,Medshield (Keith San Miguel).xlsx,sales2017,5564,5,12336,2017-03-11,ADMIN,NOZAL 5MG,10,28.33,283.29999999999995,0.5,141.64999999999998,10,8.666666666666666,86.66666666666666,54.98333333333332
raw_sales_report,Medshield (Keith San Miguel).xlsx,sales2017,5565,5,12520,2017-03-27,BATANGAS,ZEGECEF 250mg/5ml,10,400,4000,,0,15,139.45,2091.75,1908.25
raw_sales_report,Medshield (Keith San Miguel).xlsx,sales2017,5566,5,12533,2017-04-05,BATANGAS,LACTAMOX 312.5mg/5ml,6,300,1800,,0,6,129.7,778.1999999999999,1021.8000000000001
raw_sales_report,Medshield (Keith San Miguel).xlsx,sales2017,5567,5,12533,2017-04-05,BATANGAS,LACTAMOX 156.25mg/5ml,6,180,1080,,0,6,75.6,453.59999999999997,626.4000000000001
raw_sales_report,Medshield (Keith San Miguel).xlsx,sales2017,5568,5,12533,2017-04-05,BATANGAS,ZELEX 200MG,1,2250,2250,,0,1,750,750,1500
raw_sales_report,Medshield (Keith San Miguel).xlsx,sales2017,5569,5,12534,2017-04-05,BATANGAS,AZECLO 100mg,1,1800,1800,,0,1,595,595,1205
raw_sales_report,Medshield (Keith San Miguel).xlsx,sales2017,5570,5,12535,2017-04-05,BATANGAS,TERMAGEN 500MG,3,198,594,,0,3,60,180,414
raw_sales_report,Medshield (Keith San Miguel).xlsx,sales2017,5571,5,12535,2017-04-05,BATANGAS,TERMAGEN 250mg/5ml,12,73,876,,0,12,23.45,281.4,594.6
raw_sales_report,Medshield (Keith San Miguel).xlsx,sales2017,5572,5,12535,2017-04-05,BATANGAS,DRILOZOLE 200mg/40mg/5ml,12,86,1032,,0,12,26,312,720
raw_sales_report,Medshield (Keith San Miguel).xlsx,sales2017,5573,5,12535,2017-04-05,BATANGAS,LACTAMOX 312.5mg/5ml,12,330,3960,,0,12,129.7,1556.3999999999999,2403.6000000000004
raw_sales_report,Medshield (Keith San Miguel).xlsx,sales2017,5574,5,12536,2017-04-05,BATANGAS,neuropentin 300mg,3,1980,5940,,0,3,650,1950,3990
raw_sales_report,Medshield (Keith San Miguel).xlsx,sales2017,5575,5,12537,2017-04-05,BATANGAS,CEPROTRON 500MG,5,1925,9625,,0,5,415,2075,7550
raw_sales_report,Medshield (Keith San Miguel).xlsx,sales2017,5576,5,12538,2017-04-05,BATANGAS,SPLENDAMET,5,550,2750,,0,5,128,640,2110
raw_sales_report,Medshield (Keith San Miguel).xlsx,sales2017,5577,5,12538,2017-04-05,BATANGAS,AZECLO 100mg,3,1980,5940,,0,3,595,1785,4155
raw_sales_report,Medshield (Keith San Miguel).xlsx,sales2017,5578,5,12539,2017-04-05,BATANGAS,CEPROTRON 500MG,1,1600,1600,,0,1,415,415,1185
raw_sales_report,Medshield (Keith San Miguel).xlsx,sales2017,5579,5,12540,2017-04-06,BATANGAS,CLAVIC 500mg,3,2800,8400,,0,3,1173.6,3520.7999999999997,4879.200000000001
raw_sales_report,Medshield (Keith San Miguel).xlsx,sales2017,5580,5,12540,2017-04-06,BATANGAS,VOXOLL 15mg/5ml,9,60,540,,0,9,23,207,333
raw_sales_report,Medshield (Keith San Miguel).xlsx,sales2017,5581,5,12540,2017-04-06,BATANGAS,BERCEF 250mg/5ml,22,350,7700,,0,22,148,3256,4444
raw_sales_report,Medshield (Keith San Miguel).xlsx,sales2017,5582,5,12540,2017-04-06,BATANGAS,BERCEF 50mg Drops,14,150,2100,,0,14,42,588,1512
raw_sales_report,Medshield (Keith San Miguel).xlsx,sales2017,5583,5,12540,2017-04-06,BATANGAS,SNEEZ 6.25mg/2ml/ml Drops,14,120,1680,,0,14,38,532,1148
raw_sales_report,Medshield (Keith San Miguel).xlsx,sales2017,5584,5,12541,2017-04-11,BATANGAS,VITAKIDS 120ml,16,150,2400,,0,16,48.65,778.4,1621.6
raw_sales_report,Medshield (Keith San Miguel).xlsx,sales2017,5585,5,12542,2017-04-11,BATANGAS,INTRAPLEM 50mg/ml Drops,15,90,1350,,0,15,22.75,341.25,1008.75
raw_sales_report,Medshield (Keith San Miguel).xlsx,sales2017,5586,5,12543,2017-04-11,BATANGAS,HISTARIL 50mg/1mg/5ml,16,80,1280,,0,16,24.47,391.52,888.48
raw_sales_report,Medshield (Keith San Miguel).xlsx,sales2017,5587,5,12544,2017-04-11,BATANGAS,CENDALEX 250mg/5ml,20,150,3000,,0,20,55,1100,1900
raw_sales_report,Medshield (Keith San Miguel).xlsx,sales2017,5588,5,12545,1900-01-01,BATANGAS,ALGICAP 50mg/5ml,2,780,1560,0.1,156,2,227.5,455,949
raw_sales_report,Medshield (Keith San Miguel).xlsx,sales2017,5589,5,12546,1900-01-01,BATANGAS,CELENCE 200MG,1,3200,3200,0.1,320,1,860,860,2020
raw_sales_report,Medshield (Keith San Miguel).xlsx,sales2017,5590,5,12547,1900-01-01,BATANGAS,LACTAMOX 625mg,1,3360,3360,0.1,336,1,1173.6,1173.6,1850.4
raw_sales_report,Medshield (Keith San Miguel).xlsx,sales2017,5591,5,12548,1900-01-01,BATANGAS,ALTOSAR 50mg/12.5mg,4,600,2400,0.1,240,4,158,632,1528
raw_sales_report,Medshield (Keith San Miguel).xlsx,sales2017,5592,5,12549,1900-01-01,BATANGAS,VICEPHRIN 250mg/5ml,12,180,2160,0.1,216,12,48,576,1368
raw_sales_report,Medshield (Keith San Miguel).xlsx,sales2017,5593,5,12550,2017-04-11,BATANGAS,ALTOSAR 50mg/12.5mg,5,600,3000,,0,5,158,790,2210
raw_sales_report,Medshield (Keith San Miguel).xlsx,sales2017,5594,5,12674,2017-04-01,CAM SUR,MULTI GROW 120ml,14,240,3360,,0,14,75,1050,2310
raw_sales_report,Medshield (Keith San Miguel).xlsx,sales2017,5595,5,12675,2017-04-01,CAM SUR,DOLO-JAGA 500mg/50mg/100mg/100mcg,1,1600,1600,,0,1,480.9,480.9,1119.1
raw_sales_report,Medshield (Keith San Miguel).xlsx,sales2017,5596,5,12676,2017-04-05,CAM SUR,JAGAPLEX,2,1300,2600,,0,4,345,1380,1220
raw_sales_report,Medshield (Keith San Miguel).xlsx,sales2017,5597,5,12677,2017-04-05,CAM SUR,LACTAMOX 156.25mg/5ml,24,95,2280,,0,24,75.6,1814.3999999999999,465.60000000000014
raw_sales_report,Medshield (Keith San Miguel).xlsx,sales2017,5598,5,12678,2017-04-05,CAM SUR,JAGA 300mg/100mg/100mcg,4,1200,4800,,0,6,345,2070,2730
raw_sales_report,Medshield (Keith San Miguel).xlsx,sales2017,5599,5,12679,2017-04-05,CAM SUR,AMSUTAS,40,490,19600,,0,40,45,1800,17800
raw_sales_report,Medshield (Keith San Miguel).xlsx,sales2017,5600,5,12680,2017-04-05,CAM SUR,HISTARIL 50mg/1mg/5ml,10,88,880,,0,10,24.47,244.7,635.3
raw_sales_report,Medshield (Keith San Miguel).xlsx,sales2017,5601,5,12681,2017-04-05,CAM SUR,HISTARIL 50mg/1mg/5ml,10,88,880,,0,10,24.47,244.7,635.3
raw_sales_report,Medshield (Keith San Miguel).xlsx,sales2017,5602,5,12682,2017-04-04,CAM SUR,JAGAPLEX,20,885,17700,,0,20,270,5400,12300
raw_sales_report,Medshield (Keith San Miguel).xlsx,sales2017,5603,5,12683,2017-04-05,CAM SUR,LACTAMOX 312.5mg/5ml,12,310,3720,,0,12,129.7,1556.3999999999999,2163.6000000000004
raw_sales_report,Medshield (Keith San Miguel).xlsx,sales2017,5604,5,12684,2017-04-05,CAM SUR,LACTAMOX 156.25mg/5ml,10,190,1900,,0,10,75.6,756,1144
raw_sales_report,Medshield (Keith San Miguel).xlsx,sales2017,5605,5,12685,2017-04-05,CAM SUR,DOLO-JAGA 500mg/50mg/100mg/100mcg,2,1600,3200,,0,2,480.9,961.8,2238.2
raw_sales_report,Medshield (Keith San Miguel).xlsx,sales2017,5606,5,12686,2017-04-05,CAM SUR,CINNABLOC 25MG,2,500,1000,,0,2,133,266,734
raw_sales_report,Medshield (Keith San Miguel).xlsx,sales2017,5607,5,12687,2017-04-05,CAM SUR,LACTAMOX 312.5mg/5ml,12,310,3720,,0,12,129.7,1556.3999999999999,2163.6000000000004
raw_sales_report,Medshield (Keith San Miguel).xlsx,sales2017,5608,5,12688,2017-04-04,CAM SUR,LACTAMOX 156.25mg/5ml,6,190,1140,,0,6,75.6,453.59999999999997,686.4000000000001
raw_sales_report,Medshield (Keith San Miguel).xlsx,sales2017,5609,5,12689,2017-04-04,CAM SUR,LACTAMOX 312.5mg/5ml,6,310,1860,,0,6,129.7,778.1999999999999,1081.8000000000002
raw_sales_report,Medshield (Keith San Miguel).xlsx,sales2017,5610,5,12690,2017-04-05,CAM SUR,JAGA 300mg/100mg/100mcg,,,0,,0,0,,0,0
raw_sales_report,Medshield (Keith San Miguel).xlsx,sales2017,5611,5,12691,2017-04-05,CAM SUR,INTRAPLEM 50mg/ml Drops,40,78,3120,,0,40,22.75,910,2210
raw_sales_report,Medshield (Keith San Miguel).xlsx,sales2017,5612,5,12692,2017-04-05,CAM SUR,LACTAMOX 156.25mg/5ml,10,190,1900,,0,10,75.6,756,1144
raw_sales_report,Medshield (Keith San Miguel).xlsx,sales2017,5613,5,12693,2017-04-05,CAM SUR,HISTARIL 50mg/1mg/5ml,10,88,880,,0,10,24.47,244.7,635.3
raw_sales_report,Medshield (Keith San Miguel).xlsx,sales2017,5614,5,12694,2017-04-11,CAM SUR,HISTARIL 50mg/1mg/5ml,20,88,1760,,0,20,24.47,489.4,1270.6
raw_sales_report,Medshield (Keith San Miguel).xlsx,sales2017,5615,5,12695,2017-04-11,CAM SUR,LACTAMOX 156.25mg/5ml,10,190,1900,,0,10,75.6,756,1144
raw_sales_report,Medshield (Keith San Miguel).xlsx,sales2017,5616,5,12696,2017-04-11,CAM SUR,HISTARIL 50mg/1mg/5ml,20,88,1760,,0,20,24.47,489.4,1270.6
raw_sales_report,Medshield (Keith San Miguel).xlsx,sales2017,5617,5,12697,2017-04-11,CAM SUR,DOLO-JAGA 500mg/50mg/100mg/100mcg,1,1600,1600,,0,1,480.9,480.9,1119.1
raw_sales_report,Medshield (Keith San Miguel).xlsx,sales2017,5618,5,12698,2017-04-11,CAM SUR,ZETIFEN 500mg,4,87,348,,0,4,21,84,264
raw_sales_report,Medshield (Keith San Miguel).xlsx,sales2017,5619,5,12698,2017-04-11,CAM SUR,LACTAMOX 156.25mg/5ml,4,190,760,,0,4,75.6,302.4,457.6
raw_sales_report,Medshield (Keith San Miguel).xlsx,sales2017,5620,5,12698,2017-04-11,CAM SUR,CINNABLOC 25MG,1,500,500,,0,1,133,133,367
raw_sales_report,Medshield (Keith San Miguel).xlsx,sales2017,5621,5,12699,2017-04-17,CAM SUR,EUROXIME 500MG,1,3000,3000,,0,1,1450,1450,1550
raw_sales_report,Medshield (Keith San Miguel).xlsx,sales2017,5622,5,12700,2017-04-19,CAM SUR,JAGA 300mg/100mg/100mcg,2,1200,2400,,0,2,345,690,1710
raw_sales_report,Medshield (Keith San Miguel).xlsx,sales2017,5623,5,12753,2017-03-04,LAGUNA,EUROXONE,30,190,5700,,0,30,73,2190,3510
raw_sales_report,Medshield (Keith San Miguel).xlsx,sales2017,5624,5,12754,2017-03-04,LAGUNA,EUROXONE,50,190,9500,,0,50,73,3650,5850
raw_sales_report,Medshield (Keith San Miguel).xlsx,sales2017,5625,5,12754,2017-03-04,LAGUNA,ZINAXIME 500mg ,2,2100,4200,,0,2,1450,2900,1300
raw_sales_report,Medshield (Keith San Miguel).xlsx,sales2017,5626,5,12755,2017-04-04,LAGUNA,ASTYMIN 120ML,20,400,8000,,0,20,65,1300,6700
raw_sales_report,Medshield (Keith San Miguel).xlsx,sales2017,5627,5,12755,2017-04-04,LAGUNA,VITALYF,1,2500,2500,,0,1,240,240,2260
raw_sales_report,Medshield (Keith San Miguel).xlsx,sales2017,5628,5,12755,2017-04-04,LAGUNA,STALIP A 5mg+10mg,1,2546,2546,,0,1,680,680,1866
raw_sales_report,Medshield (Keith San Miguel).xlsx,sales2017,5629,5,12756,2017-04-04,LAGUNA,COZEC,10,640,6400,,0,10,110,1100,5300
raw_sales_report,Medshield (Keith San Miguel).xlsx,sales2017,5630,5,12756,2017-04-04,LAGUNA,AMLOMED 10MG,1,2575,2575,,0,1,790,790,1785
raw_sales_report,Medshield (Keith San Miguel).xlsx,sales2017,5631,5,12756,2017-04-04,LAGUNA,CEEPRAZOL 20MG,1,1890,1890,,0,1,550,550,1340
raw_sales_report,Medshield (Keith San Miguel).xlsx,sales2017,5632,5,12757,2017-04-07,LAGUNA,ASCORB,6,35,210,,0,6,11.66,69.96000000000001,140.04
raw_sales_report,Medshield (Keith San Miguel).xlsx,sales2017,5633,5,12757,2017-04-07,LAGUNA,ERCEFLORA,10,120,1200,,0,10,32.8,328,872
raw_sales_report,Medshield (Keith San Miguel).xlsx,sales2017,5634,5,12757,2017-04-07,LAGUNA,BUDESON,70,110,7700,,0,70,40,2800,4900
raw_sales_report,Medshield (Keith San Miguel).xlsx,sales2017,5635,5,12757,2017-04-07,LAGUNA,CARDIVA,60,12.5,750,,0,60,4.16,249.60000000000002,500.4
raw_sales_report,Medshield (Keith San Miguel).xlsx,sales2017,5636,5,12757,2017-04-07,LAGUNA,LERIF,40,80,3200,,0,40,80,3200,0
raw_sales_report,Medshield (Keith San Miguel).xlsx,sales2017,5637,5,12757,2017-04-07,LAGUNA,IMATIM,20,480,9600,,0,20,180,3600,6000
raw_sales_report,Medshield (Keith San Miguel).xlsx,sales2017,5638,5,12757,2017-04-07,LAGUNA,FLUCONABAS,20,130,2600,,0,20,20,400,2200
raw_sales_report,Medshield (Keith San Miguel).xlsx,sales2017,5639,5,12757,2017-04-07,LAGUNA,LILAC,10,320,3200,,0,10,120,1200,2000
raw_sales_report,Medshield (Keith San Miguel).xlsx,sales2017,5640,5,12757,2017-04-07,LAGUNA,MAGNESIUM SULFATE,20,180,3600,,0,20,55,1100,2500
raw_sales_report,Medshield (Keith San Miguel).xlsx,sales2017,5641,5,12757,2017-04-07,LAGUNA,HEMOSTAPH,100,9.98,998,,0,100,2.85,285,713
raw_sales_report,Medshield (Keith San Miguel).xlsx,sales2017,5642,5,12758,2017-04-04,LAGUNA,ACIFOX,200,585,117000,,0,200,298,59600,57400
raw_sales_report,Medshield (Keith San Miguel).xlsx,sales2017,5643,5,12758,2017-04-04,LAGUNA,HYDROZONE 100mg Via,40,120,4800,,0,40,21,840,3960
raw_sales_report,Medshield (Keith San Miguel).xlsx,sales2017,5644,5,12758,2017-04-04,LAGUNA,KETRON,50,100,5000,,0,50,28,1400,3600
raw_sales_report,Medshield (Keith San Miguel).xlsx,sales2017,5645,5,12759,2017-04-10,LAGUNA,EUROXONE,60,190,11400,,0,60,73,4380,7020
raw_sales_report,Medshield (Keith San Miguel).xlsx,sales2017,5646,5,12760,2017-04-10,LAGUNA,COZEC,10,640,6400,,0,10,110,1100,5300
raw_sales_report,Medshield (Keith San Miguel).xlsx,sales2017,5647,5,12761,2017-04-10,LAGUNA,THROMBICARE 75mg tab,2,990,1980,,0,2,384,768,1212
raw_sales_report,Medshield (Keith San Miguel).xlsx,sales2017,5648,5,12761,2017-04-10,LAGUNA,TRIVASC 35mg MR,2,1500,3000,,0,2,445,890,2110
raw_sales_report,Medshield (Keith San Miguel).xlsx,sales2017,5649,5,12761,2017-04-10,LAGUNA,ATOVAS 20MG,2,682.2,1364.4,,0,2,202.5,405,959.4000000000001
raw_sales_report,Medshield (Keith San Miguel).xlsx,sales2017,5650,5,12761,2017-04-10,LAGUNA,QUIFLOX 500MG,1,2269.8,2269.8,,0,1,630,630,1639.8000000000002
raw_sales_report,Medshield (Keith San Miguel).xlsx,sales2017,5651,5,12762,2017-04-10,LAGUNA,PREDNIMED 10mg,5,385,1925,,0,5,108,540,1385
raw_sales_report,Medshield (Keith San Miguel).xlsx,sales2017,5652,5,12763,2017-04-10,LAGUNA,ASTYMIN 120ML,20,400,8000,,0,20,65,1300,6700
raw_sales_report,Medshield (Keith San Miguel).xlsx,sales2017,5653,5,12764,2017-04-18,LAGUNA,ASTYMIN 120ML,40,400,16000,,0,40,65,2600,13400
raw_sales_report,Medshield (Keith San Miguel).xlsx,sales2017,5654,5,12766,2017-04-18,LAGUNA,ULCEGARD,10,480,4800,,0,10,150,1500,3300
raw_sales_report,Medshield (Keith San Miguel).xlsx,sales2017,5655,5,12766,2017-04-18,LAGUNA,CA - GLUCO,10,290,2900,,0,10,95,950,1950
raw_sales_report,Medshield (Keith San Miguel).xlsx,sales2017,5656,5,12766,2017-04-18,LAGUNA,LEFESON,5,190,950,,0,5,63,315,635
raw_sales_report,Medshield (Keith San Miguel).xlsx,sales2017,5657,5,12766,2017-04-18,LAGUNA,ATROPINE SULFATE,50,28,1400,,0,50,8,400,1000
raw_sales_report,Medshield (Keith San Miguel).xlsx,sales2017,5658,5,12766,2017-04-18,LAGUNA,LANTIDIN,10,1800,18000,,0,10,715,7150,10850
raw_sales_report,Medshield (Keith San Miguel).xlsx,sales2017,5659,5,12766,2017-04-18,LAGUNA,PROMEZIN,10,130,1300,,0,10,40,400,900
raw_sales_report,Medshield (Keith San Miguel).xlsx,sales2017,5660,5,12766,2017-04-18,LAGUNA,COBBAL,10,260,2600,,0,10,68,680,1920
raw_sales_report,Medshield (Keith San Miguel).xlsx,sales2017,5661,5,12766,2017-04-18,LAGUNA,GLOBANTIN,10,320,3200,,0,10,70,700,2500
raw_sales_report,Medshield (Keith San Miguel).xlsx,sales2017,5662,5,12766,2017-04-18,LAGUNA,CARDIOXIN,10,660,6600,,0,10,200.25,2002.5,4597.5
raw_sales_report,Medshield (Keith San Miguel).xlsx,sales2017,5663,5,12766,2017-04-18,LAGUNA,VENTRY,100,18,1800,,0,100,0.35,35,1765
raw_sales_report,Medshield (Keith San Miguel).xlsx,sales2017,5664,5,12766,2017-04-18,LAGUNA,OPIDEX,5,290,1450,,0,5,110,550,900
raw_sales_report,Medshield (Keith San Miguel).xlsx,sales2017,5665,5,12766,2017-04-18,LAGUNA,TRINDIL,100,12.5,1250,,0,100,1.1,110.00000000000001,1140
raw_sales_report,Medshield (Keith San Miguel).xlsx,sales2017,5666,5,12767,2017-04-18,LAGUNA,NITROFIX,100,12.5,1250,,0,100,4.75,475,775
raw_sales_report,Medshield (Keith San Miguel).xlsx,sales2017,5667,5,12767,2017-04-18,LAGUNA,COZEC,100,380,38000,,0,100,110,11000,27000
raw_sales_report,Medshield (Keith San Miguel).xlsx,sales2017,5668,5,12767,2017-04-18,LAGUNA,EPOGEN,5,2200,11000,,0,5,706,3530,7470
raw_sales_report,Medshield (Keith San Miguel).xlsx,sales2017,5669,5,12767,2017-04-18,LAGUNA,NEUMERON,5,1480,7400,,0,5,484,2420,4980
raw_sales_report,Medshield (Keith San Miguel).xlsx,sales2017,5670,5,12767,2017-04-18,LAGUNA,TETOX,10,150,1500,,0,10,50,500,1000
raw_sales_report,Medshield (Keith San Miguel).xlsx,sales2017,5671,5,12767,2017-04-18,LAGUNA,ACURIUM,5,590,2950,,0,5,187,935,2015
raw_sales_report,Medshield (Keith San Miguel).xlsx,sales2017,5672,5,12767,2017-04-18,LAGUNA,HUMOGLOB,1,22000,22000,,0,1,9000,9000,13000
raw_sales_report,Medshield (Keith San Miguel).xlsx,sales2017,5673,5,12768,2017-04-18,LAGUNA,COZEC,30,640,19200,,0,30,110,3300,15900
raw_sales_report,Medshield (Keith San Miguel).xlsx,sales2017,5674,5,12770,2017-04-19,LAGUNA,LACTAMOX 156.25mg/5ml,1,2800,2800,,0,1,1173.6,1173.6,1626.4
raw_sales_report,Medshield (Keith San Miguel).xlsx,sales2017,5675,5,12771,2017-04-19,LAGUNA,APROCARE 150MG,4,870,3480,,0,4,219,876,2604
raw_sales_report,Medshield (Keith San Miguel).xlsx,sales2017,5676,5,12772,2017-04-19,LAGUNA,CLAVIC 250mg/62.5mg/5ml,6,310,1860,,0,6,129.7,778.1999999999999,1081.8000000000002
raw_sales_report,Medshield (Keith San Miguel).xlsx,sales2017,5677,5,12772,2017-04-19,LAGUNA,CLAVIC 125mg/31.25mg/5ml,6,190,1140,,0,6,75.6,453.59999999999997,686.4000000000001
raw_sales_report,Medshield (Keith San Miguel).xlsx,sales2017,5678,5,12773,2017-04-20,LAGUNA,COZEC,10,360,3600,,0,10,110,1100,2500
raw_sales_report,Medshield (Keith San Miguel).xlsx,sales2017,5679,5,12773,2017-04-20,LAGUNA,ANTIZOAL,10,120,1200,,0,10,25,250,950
raw_sales_report,Medshield (Keith San Miguel).xlsx,sales2017,5680,5,12773,2017-04-20,LAGUNA,SODAMPEN 1g IM/IV,20,128,2560,,0,20,45,900,1660
raw_sales_report,Medshield (Keith San Miguel).xlsx,sales2017,5681,5,12774,2017-04-20,LAGUNA,MAXIFER,10,490,4900,,0,10,163,1630,3270
raw_sales_report,Medshield (Keith San Miguel).xlsx,sales2017,5682,5,12775,2017-04-25,LAGUNA,THROMBICARE 75mg tab,2,990,1980,,0,2,384,768,1212
raw_sales_report,Medshield (Keith San Miguel).xlsx,sales2017,5683,5,12775,2017-04-25,LAGUNA,ATOVAS 20MG,3,682,2046,,0,3,202.5,607.5,1438.5
raw_sales_report,Medshield (Keith San Miguel).xlsx,sales2017,5684,5,12775,2017-04-25,LAGUNA,VITASTRONG SOFTGEL,2,2500,5000,,0,2,750,1500,3500
raw_sales_report,Medshield (Keith San Miguel).xlsx,sales2017,5685,5,12775,2017-04-25,LAGUNA,QUIFLOX 500MG,1,2269.8,2269.8,,0,1,630,630,1639.8000000000002
raw_sales_report,Medshield (Keith San Miguel).xlsx,sales2017,5686,5,12776,2017-04-25,LAGUNA,NICTRAM,20,140,2800,,0,20,9,180,2620
raw_sales_report,Medshield (Keith San Miguel).xlsx,sales2017,5687,5,12777,2017-04-26,LAGUNA,NUTRI Z Drops,6,198,1188,,0,6,48.5,291,897
raw_sales_report,Medshield (Keith San Miguel).xlsx,sales2017,5688,5,12777,2017-04-26,LAGUNA,NUTRI Z 120ml,6,155,930,,0,6,67,402,528
raw_sales_report,Medshield (Keith San Miguel).xlsx,sales2017,5689,5,12778,2017-04-26,LAGUNA,EUROXIME 500MG,1,3000,3000,,0,1,1450,1450,1550
raw_sales_report,Medshield (Keith San Miguel).xlsx,sales2017,5690,5,12779,2017-04-26,LAGUNA,ALTOCLAV 250mg/62.5mg/5ml,6,310,1860,,0,6,155,930,930
raw_sales_report,Medshield (Keith San Miguel).xlsx,sales2017,5691,5,12779,2017-04-26,LAGUNA,ATOVAS 20MG,2,650,1300,,0,2,202.5,405,895
raw_sales_report,Medshield (Keith San Miguel).xlsx,sales2017,5692,5,12779,2017-04-26,LAGUNA,NOZAL 5MG,2,850,1700,,0,2,260,520,1180
raw_sales_report,Medshield (Keith San Miguel).xlsx,sales2017,5693,5,12801,2017-04-11,BATANGAS,VOXOLL 30MG,1,780,780,,0,1,168,168,612
raw_sales_report,Medshield (Keith San Miguel).xlsx,sales2017,5694,5,12802,2017-04-11,BATANGAS,ALGICAP 50mg/5ml,13,84,1092,,0,13,24.5,318.5,773.5
raw_sales_report,Medshield (Keith San Miguel).xlsx,sales2017,5695,5,12803,2017-04-11,BATANGAS,LACTAMOX 625MG,2,3360,6720,,0,2,1173.6,2347.2,4372.8
raw_sales_report,Medshield (Keith San Miguel).xlsx,sales2017,5696,5,12804,2017-04-11,BATANGAS,VICEPHRIN 250mg/5ml,15,96,1440,,0,15,25,375,1065
raw_sales_report,Medshield (Keith San Miguel).xlsx,sales2017,5697,5,12805,2017-04-11,BATANGAS,JAGAPLEX 120ML,12,160,1920,,0,12,47,564,1356
raw_sales_report,Medshield (Keith San Miguel).xlsx,sales2017,5698,5,12806,2017-04-11,BATANGAS,TRIVASC 35mg MR,3,1335,4005,,0,3,445,1335,2670
raw_sales_report,Medshield (Keith San Miguel).xlsx,sales2017,5699,5,12807,2017-04-11,BATANGAS,QUIFLOX 500MG,3,1800,5400,,0,3,630,1890,3510
raw_sales_report,Medshield (Keith San Miguel).xlsx,sales2017,5700,5,12808,2017-04-11,BATANGAS,ZELEX 200MG,1,2250,2250,,0,1,750,750,1500
raw_sales_report,Medshield (Keith San Miguel).xlsx,sales2017,5701,5,12809,2017-04-11,BATANGAS,CLAVIC 125mg/31.25mg/5ml,8,180,1440,,0,8,75.6,604.8,835.2
raw_sales_report,Medshield (Keith San Miguel).xlsx,sales2017,5702,5,12810,2017-04-11,BATANGAS,XITHROM 150MG,5,4200,21000,,0,5,1235,6175,14825
raw_sales_report,Medshield (Keith San Miguel).xlsx,sales2017,5703,5,12811,2017-04-11,BATANGAS,NERVCARE 500MG,2,6050,12100,,0,2,2750,5500,6600
raw_sales_report,Medshield (Keith San Miguel).xlsx,sales2017,5704,5,12812,2017-04-11,BATANGAS,XYNETIN 1500mg,2,946,1892,,0,2,310,620,1272
raw_sales_report,Medshield (Keith San Miguel).xlsx,sales2017,5705,5,12812,2017-04-11,BATANGAS,VITALYF,2,2530,5060,,0,2,240,480,4580
raw_sales_report,Medshield (Keith San Miguel).xlsx,sales2017,5706,5,12812,2017-04-11,BATANGAS,MONILIASOL 500MG,2,990,1980,,0,2,240,480,1500
raw_sales_report,Medshield (Keith San Miguel).xlsx,sales2017,5707,5,12812,2017-04-11,BATANGAS,EUROXIME 500mg,1,3300,3300,,0,1,1450,1450,1850
raw_sales_report,Medshield (Keith San Miguel).xlsx,sales2017,5708,5,12813,2017-04-11,BATANGAS,AZECLO 100MG,1,2200,2200,,0,1,595,595,1605
raw_sales_report,Medshield (Keith San Miguel).xlsx,sales2017,5709,5,12814,2017-04-11,BATANGAS,AZECLO 100MG,1,2200,2200,,0,1,595,595,1605
raw_sales_report,Medshield (Keith San Miguel).xlsx,sales2017,5710,5,12815,2017-04-19,BATANGAS,CEPROTRON 500MG,2,1925,3850,,0,2,415,830,3020
raw_sales_report,Medshield (Keith San Miguel).xlsx,sales2017,5711,5,12816,2017-04-19,BATANGAS,LEXI B FORTE 300mg/100mg/100ug,1,990,990,,0,1,323,323,667
raw_sales_report,Medshield (Keith San Miguel).xlsx,sales2017,5712,5,12817,2017-04-19,BATANGAS,SPLENDAMET,1,650,650,,0,1,128,128,522
raw_sales_report,Medshield (Keith San Miguel).xlsx,sales2017,5713,5,12818,2017-04-19,BATANGAS,CINNABLOC 75MG,5,176,880,,0,5,40,200,680
raw_sales_report,Medshield (Keith San Miguel).xlsx,sales2017,5714,5,12819,2017-04-19,BATANGAS,EUROXIME 500mg,2,3300,6600,,0,2,1450,2900,3700
raw_sales_report,Medshield (Keith San Miguel).xlsx,sales2017,5715,5,12820,2017-04-19,BATANGAS,CINNABLOC 25MG,1,550,550,,0,1,133,133,417
raw_sales_report,Medshield (Keith San Miguel).xlsx,sales2017,5716,5,12821,2017-04-19,BATANGAS,neuropentin 300mg,1,1980,1980,,0,1,650,650,1330
raw_sales_report,Medshield (Keith San Miguel).xlsx,sales2017,5717,5,12822,2017-04-19,BATANGAS,NERVCARE 500MG,1,6050,6050,,0,1,2750,2750,3300
raw_sales_report,Medshield (Keith San Miguel).xlsx,sales2017,5718,5,12823,2017-04-19,BATANGAS,MONILIASOL 500MG,1,990,990,,0,1,240,240,750
raw_sales_report,Medshield (Keith San Miguel).xlsx,sales2017,5719,5,12824,2017-04-19,BATANGAS,AZECLO 100MG,1,1980,1980,,0,1,595,595,1385
raw_sales_report,Medshield (Keith San Miguel).xlsx,sales2017,5720,5,12825,2017-04-19,BATANGAS,NOZAL 5MG,2,935,1870,,0,2,260,520,1350
raw_sales_report,Medshield (Keith San Miguel).xlsx,sales2017,5721,5,12826,2017-04-19,BATANGAS,CEEPRAZOL 20MG,1,1980,1980,,0,1,550,550,1430
raw_sales_report,Medshield (Keith San Miguel).xlsx,sales2017,5722,5,12827,2017-04-19,BATANGAS,VITASTRONG SOFTGEL,1,2530,2530,,0,1,750,750,1780
raw_sales_report,Medshield (Keith San Miguel).xlsx,sales2017,5723,5,12828,2017-04-19,BATANGAS,XYNETIN 1500mg,1,946,946,,0,1,310,310,636
raw_sales_report,Medshield (Keith San Miguel).xlsx,sales2017,5724,5,12829,2017-04-19,BATANGAS,LACTAMOX 625MG,1,2970,2970,,0,1,1173.6,1173.6,1796.4
raw_sales_report,Medshield (Keith San Miguel).xlsx,sales2017,5725,5,12830,2017-04-19,BATANGAS,XITHROM 150MG,1,4400,4400,,0,1,1235,1235,3165
raw_sales_report,Medshield (Keith San Miguel).xlsx,sales2017,5726,5,12831,2017-04-19,BATANGAS,PREDNIMED 10mg,1,825,825,,0,1,230,230,595
raw_sales_report,Medshield (Keith San Miguel).xlsx,sales2017,5727,5,12832,2017-04-19,BATANGAS,LACTAMOX 156.25mg/5ml,3,180,540,,0,3,75.6,226.79999999999998,313.20000000000005
raw_sales_report,Medshield (Keith San Miguel).xlsx,sales2017,5728,5,12833,2017-04-19,BATANGAS,HISTARIL 50mg/1mg/5ml,8,96,768,0.1,76.80000000000001,8,24.47,195.76,495.44000000000005
raw_sales_report,Medshield (Keith San Miguel).xlsx,sales2017,5729,5,12834,2017-04-19,BATANGAS,VICEPHRIN 250mg/5ml,8,180,1440,0.1,144,8,48,384,912
raw_sales_report,Medshield (Keith San Miguel).xlsx,sales2017,5730,5,12835,2017-04-19,BATANGAS,NUTRI Z Drops,8,170,1360,0.1,136,8,48.5,388,836
raw_sales_report,Medshield (Keith San Miguel).xlsx,sales2017,5731,5,12836,2017-04-19,BATANGAS,ZEGECEF 250mg/5ml,6,480,2880,0.1,288,6,139.45,836.6999999999999,1755.3000000000002
raw_sales_report,Medshield (Keith San Miguel).xlsx,sales2017,5732,5,12837,2017-04-19,BATANGAS,LACTAMOX 625MG,2,3360,6720,0.1,672,2,1173.6,2347.2,3700.8
raw_sales_report,Medshield (Keith San Miguel).xlsx,sales2017,5733,5,12838,2017-04-19,BATANGAS,CENDALEX 500MG,4,900,3600,0.1,360,4,300,1200,2040
raw_sales_report,Medshield (Keith San Miguel).xlsx,sales2017,5734,5,12839,2017-04-19,BATANGAS,MONILIASOL 500MG,1,1080,1080,0.1,108,1,240,240,732
raw_sales_report,Medshield (Keith San Miguel).xlsx,sales2017,5735,5,12839,2017-04-19,BATANGAS,VICEPHRIN 250mg/5ml,2,96,192,0.1,19.200000000000003,2,25,50,122.80000000000001
raw_sales_report,Medshield (Keith San Miguel).xlsx,sales2017,5736,5,12840,2017-04-19,BATANGAS,GIAN ZINC 120ML,12,170,2040,,0,12,75,900,1140
raw_sales_report,Medshield (Keith San Miguel).xlsx,sales2017,5737,5,12840,2017-04-19,BATANGAS,NUTRI Z 250ml,12,187,2244,,0,12,67,804,1440
raw_sales_report,Medshield (Keith San Miguel).xlsx,sales2017,5738,5,12840,2017-04-19,BATANGAS,ALGICAP 50mg/5ml,12,77,924,,0,12,24.5,294,630
raw_sales_report,Medshield (Keith San Miguel).xlsx,sales2017,5739,5,12841,2017-04-19,BATANGAS,LEXI B FORTE 300mg/100mg/100ug,5,990,4950,,0,5,323,1615,3335
raw_sales_report,Medshield (Keith San Miguel).xlsx,sales2017,5740,5,12841,2017-04-19,BATANGAS,SPLENDAMET,6,480,2880,,0,6,128,768,2112
raw_sales_report,Medshield (Keith San Miguel).xlsx,sales2017,5741,5,12842,2017-04-19,BATANGAS,CEPROTRON 500MG,4,1925,7700,,0,4,415,1660,6040
raw_sales_report,Medshield (Keith San Miguel).xlsx,sales2017,5742,5,12843,2017-04-19,BATANGAS,ALTOSAR 50mg/12.5mg,10,600,6000,,0,10,158,1580,4420
raw_sales_report,Medshield (Keith San Miguel).xlsx,sales2017,5743,5,12844,2017-04-19,BATANGAS,LACTAMOX 625MG,2,3360,6720,,0,2,1173.6,2347.2,4372.8
raw_sales_report,Medshield (Keith San Miguel).xlsx,sales2017,5744,5,12845,2017-04-19,BATANGAS,JAGAPLEX,1,1020,1020,,0,1,270,270,750
raw_sales_report,Medshield (Keith San Miguel).xlsx,sales2017,5745,5,12846,2017-04-19,BATANGAS,NOZAL 5MG,1,1020,1020,,0,1,260,260,760
raw_sales_report,Medshield (Keith San Miguel).xlsx,sales2017,5746,5,12847,2017-04-19,BATANGAS,CELENCE 200MG,1,3360,3360,,0,1,860,860,2500
raw_sales_report,Medshield (Keith San Miguel).xlsx,sales2017,5747,5,12848,2017-04-21,BATANGAS,ZEGECEF 250mg/5ml,10,400,4000,,0,15,139.45,2091.75,1908.25
raw_sales_report,Medshield (Keith San Miguel).xlsx,sales2017,5748,5,12851,2017-04-01,QUEZON,APROCARE 150MG,10,750,7500,,0,11,219,2409,5091
raw_sales_report,Medshield (Keith San Miguel).xlsx,sales2017,5749,5,12851,2017-04-01,QUEZON,ATOVAS 20MG,10,750,7500,,0,11,202.5,2227.5,5272.5
raw_sales_report,Medshield (Keith San Miguel).xlsx,sales2017,5750,5,12851,2017-04-01,QUEZON,LIPIVASC,10,950,9500,,0,11,287.5,3162.5,6337.5
raw_sales_report,Medshield (Keith San Miguel).xlsx,sales2017,5751,5,12852,2017-04-01,MARINDUQUE,,,,0,,0,,,0,0
raw_sales_report,Medshield (Keith San Miguel).xlsx,sales2017,5752,5,12853,2017-04-08,QUEZON,LIPIVASC,10,900,9000,,0,11,287.5,3162.5,5837.5
raw_sales_report,Medshield (Keith San Miguel).xlsx,sales2017,5753,5,12853,2017-04-08,QUEZON,APROCARE 150mg,20,750,15000,,0,22,219,4818,10182
raw_sales_report,Medshield (Keith San Miguel).xlsx,sales2017,5754,5,12854,2017-04-05,QUEZON,INTRAPLEM 50mg/ml Drops,1,980,980,,0,1,280,280,700
raw_sales_report,Medshield (Keith San Miguel).xlsx,sales2017,5755,5,12854,2017-04-05,QUEZON,LEXI B FORTE 300mg/100mg/100ug,1,900,900,,0,1,323,323,577
raw_sales_report,Medshield (Keith San Miguel).xlsx,sales2017,5756,5,12854,2017-04-05,QUEZON,TRIVASC 35mg MR,1,1450,1450,,0,1,445,445,1005
raw_sales_report,Medshield (Keith San Miguel).xlsx,sales2017,5757,5,12855,2017-04-19,MARINDUQUE,MONILIASOL 125mg/5mL,48,75,3600,0.3,1080,48,26.25,1260,1260
raw_sales_report,Medshield (Keith San Miguel).xlsx,sales2017,5758,5,12855,2017-04-19,MARINDUQUE,MONILIASOL 500mg,5,700,3500,0.3,1050,5,240,1200,1250
raw_sales_report,Medshield (Keith San Miguel).xlsx,sales2017,5759,5,12856,2017-04-20,MARINDUQUE,DIUCARE 25MG,10,390,3900,,0,10,113,1130,2770
raw_sales_report,Medshield (Keith San Miguel).xlsx,sales2017,5760,5,12857,2017-04-21,QUEZON,CLOXAKID 250mg,20,210,4200,,0,24,65,1560,2640
raw_sales_report,Medshield (Keith San Miguel).xlsx,sales2017,5761,5,12858,2017-04-21,QUEZON,XYNETIN 1500mg,20,950,19000,,0,22,310,6820,12180
raw_sales_report,Medshield (Keith San Miguel).xlsx,sales2017,5762,5,12859,2017-04-21,EAST,MULTI GROW 120ml,10,550,5500,,0,10,450,4500,1000
raw_sales_report,Medshield (Keith San Miguel).xlsx,sales2017,5763,5,12860,2017-04-24,QUEZON,ATOVAS 20MG,15,750,11250,,0,16,202.5,3240,8010
raw_sales_report,Medshield (Keith San Miguel).xlsx,sales2017,5764,5,12861,2017-04-24,QUEZON,XYNETIN 1500MG,2,,0,,0,2,310,620,-620
raw_sales_report,Medshield (Keith San Miguel).xlsx,sales2017,5765,5,12862,2017-04-24,MARINDUQUE,NERVAPLEX 500mg/50mg/100mg/100mcg,1,1650,1650,,0,1,480.9,480.9,1169.1
raw_sales_report,Medshield (Keith San Miguel).xlsx,sales2017,5766,5,12862,2017-04-24,MARINDUQUE,PROCARV,5,1100,5500,,0,5,365,1825,3675
raw_sales_report,Medshield (Keith San Miguel).xlsx,sales2017,5767,5,12862,2017-04-24,MARINDUQUE,SURITRAM,1,1980,1980,,0,1,500,500,1480
raw_sales_report,Medshield (Keith San Miguel).xlsx,sales2017,5768,5,12862,2017-04-24,MARINDUQUE,ATOVAS 20MG,4,650,2600,,0,4,202.5,810,1790
raw_sales_report,Medshield (Keith San Miguel).xlsx,sales2017,5769,5,12862,2017-04-24,MARINDUQUE,CEPROTRON 500mg,2,1750,3500,,0,2,415,830,2670
raw_sales_report,Medshield (Keith San Miguel).xlsx,sales2017,5770,5,12862,2017-04-24,MARINDUQUE,CORVI PLUS 1mg/50mg,12,118,1416,,0,12,39,468,948
raw_sales_report,Medshield (Keith San Miguel).xlsx,sales2017,5771,5,12862,2017-04-24,MARINDUQUE,MONILIASOL 125mg/5mL,12,75,900,,0,12,26.25,315,585
raw_sales_report,Medshield (Keith San Miguel).xlsx,sales2017,5772,5,12862,2017-04-24,MARINDUQUE,MAXXI-VIT PLUS,2,1400,2800,,0,2,420,840,1960
raw_sales_report,Medshield (Keith San Miguel).xlsx,sales2017,5773,5,12864,2017-04-28,EAST,MULTI GROW 120ml,20,184,3680,0.3,1104,20,75,1500,1076
raw_sales_report,Medshield (Keith San Miguel).xlsx,sales2017,5774,5,12864,2017-04-28,EAST,GIAN ZINC 30ml Drops,12,155,1860,0.3,558,12,55,660,642
raw_sales_report,Medshield (Keith San Miguel).xlsx,sales2017,5775,5,12901,2017-04-26,CAVITE,HISTARIL 50mg/1mg/5ml,10,80,800,,0,15,24.47,367.04999999999995,432.95000000000005
raw_sales_report,Medshield (Keith San Miguel).xlsx,sales2017,5776,5,12902,1901-03-01,CAVITE,JAGA 300mg/100mg/100mcg,2,1150,2300,,0,3,345,1035,1265
raw_sales_report,Medshield (Keith San Miguel).xlsx,sales2017,5777,5,12953,2017-04-03,ADMIN,LIPIVASC,40,950,38000,,0,40,287.5,11500,26500
raw_sales_report,Medshield (Keith San Miguel).xlsx,sales2017,5778,5,12953,2017-04-03,ADMIN,ATOVAS 20MG,40,750,30000,,0,40,202.5,8100,21900
raw_sales_report,Medshield (Keith San Miguel).xlsx,sales2017,5779,5,12954,2017-04-03,ADMIN,XYNETIN 1500mg,5,950,4750,0.2,950,5,310,1550,2250
raw_sales_report,Medshield (Keith San Miguel).xlsx,sales2017,5780,5,12956,2017-04-04,LAGUNA,PHARMINE,50,1350,67500,,0,50,850,42500,25000
raw_sales_report,Medshield (Keith San Miguel).xlsx,sales2017,5781,5,12957,2017-04-04,LAGUNA,PHARMINE,50,1350,67500,,0,50,850,42500,25000
raw_sales_report,Medshield (Keith San Miguel).xlsx,sales2017,5782,5,12961,2017-04-05,ADMIN,MAXXI-VIT PLUS,5,1200,6000,,0,7,420,2940,3060
raw_sales_report,Medshield (Keith San Miguel).xlsx,sales2017,5783,5,12961,2017-04-05,ADMIN,XYNETIN 1500MG,5,950,4750,,0,7,310,2170,2580
raw_sales_report,Medshield (Keith San Miguel).xlsx,sales2017,5784,5,12961,2017-04-05,ADMIN,FOCID 5MG,5,650,3250,,0,7,187.5,1312.5,1937.5
raw_sales_report,Medshield (Keith San Miguel).xlsx,sales2017,5785,5,12962,2017-04-10,ADMIN,TOSYLAM 750MG,2,2750,5500,0.3,1650,2,980,1960,1890
raw_sales_report,Medshield (Keith San Miguel).xlsx,sales2017,5786,5,12963,2017-04-10,ADMIN,OB-DILAN 10mg,4,1100,4400,0.3,1320,4,318.4,1273.6,1806.4
raw_sales_report,Medshield (Keith San Miguel).xlsx,sales2017,5787,5,12964,2017-04-10,HOSPITAL,AZECLO 100MG,1,1900,1900,0.3,570,1,595,595,735
raw_sales_report,Medshield (Keith San Miguel).xlsx,sales2017,5788,5,12964,2017-04-10,HOSPITAL,CEFZIME 750mg IM/IV,5,3370,16850,0.3,5055,5,750,3750,8045
raw_sales_report,Medshield (Keith San Miguel).xlsx,sales2017,5789,5,12964,2017-04-10,HOSPITAL,CEPROTRON 500MG,4,1750,7000,0.3,2100,4,415,1660,3240
raw_sales_report,Medshield (Keith San Miguel).xlsx,sales2017,5790,5,12964,2017-04-10,HOSPITAL,Evaprost 125,3,3960,11880,0.3,3564,3,1872,5616,2700
raw_sales_report,Medshield (Keith San Miguel).xlsx,sales2017,5791,5,12964,2017-04-10,HOSPITAL,FENADEF,3,4500,13500,0.3,4050,3,120,360,9090
raw_sales_report,Medshield (Keith San Miguel).xlsx,sales2017,5792,5,12964,2017-04-10,HOSPITAL,LACTAMOX 625MG,5,2800,14000,0.3,4200,5,1173.6,5868,3932
raw_sales_report,Medshield (Keith San Miguel).xlsx,sales2017,5793,5,12964,2017-04-10,HOSPITAL,NERVAPLEX 500mg/50mg/100mg/100mcg,3,1550,4650,0.3,1395,3,480.9,1442.6999999999998,1812.3000000000002
raw_sales_report,Medshield (Keith San Miguel).xlsx,sales2017,5794,5,12965,2017-04-12,SUPPLIES,,,,0,,0,0,,0,0
raw_sales_report,Medshield (Keith San Miguel).xlsx,sales2017,5795,5,12966,2017-04-24,ADMIN,KLOPIDO,40,1050,42000,,0,40,307,12280,29720
raw_sales_report,Medshield (Keith San Miguel).xlsx,sales2017,5796,5,12967,2017-04-20,ADMIN,AZECLO 100MG,1,1900,1900,0.5,950,1,595,595,355
raw_sales_report,Medshield (Keith San Miguel).xlsx,sales2017,5797,5,12967,2017-04-20,ADMIN,ZIONEL 100MG,1,700,700,0.5,350,1,200,200,150
raw_sales_report,Medshield (Keith San Miguel).xlsx,sales2017,5798,5,12968,2017-04-20,LAGUNA,MULTI GROW 120ML,2,198,396,0.5,198,2,45,90,108
raw_sales_report,Medshield (Keith San Miguel).xlsx,sales2017,5799,5,12969,2017-04-19,ADMIN,MAXXI-VIT PLUS,5,1200,6000,,0,7,420,2940,3060
raw_sales_report,Medshield (Keith San Miguel).xlsx,sales2017,5800,5,12969,2017-04-19,ADMIN,XYNETIN 1500MG,5,950,4750,,0,7,310,2170,2580
raw_sales_report,Medshield (Keith San Miguel).xlsx,sales2017,5801,5,12969,2017-04-19,ADMIN,HAVC 500MG,5,125,625,,0,7,35,245,380
raw_sales_report,Medshield (Keith San Miguel).xlsx,sales2017,5802,5,12969,2017-04-19,ADMIN,ENCLOXIL 500MG,5,1500,7500,,0,7,540,3780,3720
raw_sales_report,Medshield (Keith San Miguel).xlsx,sales2017,5803,5,12970,2017-04-22,HOSPITAL,ANTIZOAL,100,120,12000,,0,100,25,2500,9500
raw_sales_report,Medshield (Keith San Miguel).xlsx,sales2017,5804,5,12971,2017-04-24,ADMIN,PROCARV,30,1100,33000,,0,30,365,10950,22050
raw_sales_report,Medshield (Keith San Miguel).xlsx,sales2017,5805,5,12972,2017-04-24,ADMIN,EUROXIME 500mg,21,60,1260,,0,21,,0,1260
raw_sales_report,Medshield (Keith San Miguel).xlsx,sales2017,5806,5,12972,2017-04-24,ADMIN,ZELECTA,10,25,250,,0,10,,0,250
raw_sales_report,Medshield (Keith San Miguel).xlsx,sales2017,5807,5,12973,2017-04-25,ADMIN,MAXXI-VIT PLUS,5,1200,6000,,0,5,420,2100,3900
raw_sales_report,Medshield (Keith San Miguel).xlsx,sales2017,5808,5,12973,2017-04-25,ADMIN,XYNETIN 1500MG,5,950,4750,,0,5,310,1550,3200
raw_sales_report,Medshield (Keith San Miguel).xlsx,sales2017,5809,5,12974,2017-04-25,ADMIN,OFLOXACIN 250MG,1,3000,3000,,0,1,195,195,2805
raw_sales_report,Medshield (Keith San Miguel).xlsx,sales2017,5810,5,12976,2017-04-25,ADMIN,FOCID 5MG,5,650,3250,,0,7,187.5,1312.5,1937.5
raw_sales_report,Medshield (Keith San Miguel).xlsx,sales2017,5811,5,12976,2017-04-25,ADMIN,FERGLOBIN 250MG,5,725,3625,,0,7,215,1505,2120
raw_sales_report,Medshield (Keith San Miguel).xlsx,sales2017,5812,5,12977,2017-04-25,ADMIN,HEMOTRAN 500mg,3,2100,6300,,0,3,685,2055,4245
raw_sales_report,Medshield (Keith San Miguel).xlsx,sales2017,5813,5,12977,2017-04-25,ADMIN,BROXIL-M  30mg,2,670,1340,,0,2,210,420,920
raw_sales_report,Medshield (Keith San Miguel).xlsx,sales2017,5814,5,12977,2017-04-25,ADMIN,DOPACARE 250MG,2,1950,3900,,0,2,590,1180,2720
raw_sales_report,Medshield (Keith San Miguel).xlsx,sales2017,5815,5,13002,2017-04-12,SUPPLIES,#REF!,,,0,,0,0,,0,0
raw_sales_report,Medshield (Keith San Miguel).xlsx,sales2017,5816,5,13006,2017-04-20,SUPPLIES,#REF!,,,0,,0,0,,0,0
raw_sales_report,Medshield (Keith San Miguel).xlsx,sales2017,5817,5,13006,2017-04-20,SUPPLIES,#REF!,,,0,,0,0,,0,0
raw_sales_report,Medshield (Keith San Miguel).xlsx,sales2017,5818,5,13007,2017-04-19,PHARMA,DOLO-JAGA 500mg/50mg/100mg/100mcg,3,990,2970,,0,3,480.9,1442.6999999999998,1527.3000000000002
raw_sales_report,Medshield (Keith San Miguel).xlsx,sales2017,5819,5,13007,2017-04-19,PHARMA,HISTARIL 50mg/1mg/5ml,12,75,900,,0,12,24.47,293.64,606.36
raw_sales_report,Medshield (Keith San Miguel).xlsx,sales2017,5820,5,13007,2017-04-19,PHARMA,JAGA 300mg/100mg/100mcg,12,855,10260,,0,12,345,4140,6120
raw_sales_report,Medshield (Keith San Miguel).xlsx,sales2017,5821,5,13007,2017-04-19,PHARMA,EUROXIME 500mg,2,2500,5000,,0,2,1450,2900,2100
raw_sales_report,Medshield (Keith San Miguel).xlsx,sales2017,5822,5,13051,2017-04-19,CAM SUR,LACTAMOX 625MG,1,2700,2700,,0,1,1173.6,1173.6,1526.4
raw_sales_report,Medshield (Keith San Miguel).xlsx,sales2017,5823,5,13052,2017-04-19,CAM SUR,LACTAMOX 625MG,1,2700,2700,,0,1,1173.6,1173.6,1526.4
raw_sales_report,Medshield (Keith San Miguel).xlsx,sales2017,5824,5,13053,2017-04-19,CAM SUR,MONILIASOL 125mg/5mL,20,78,1560,,0,20,26.25,525,1035
raw_sales_report,Medshield (Keith San Miguel).xlsx,sales2017,5825,5,13054,2017-04-19,CAM SUR,ZETIFEN 125mg/5ml,12,74,888,,0,12,21,252,636
raw_sales_report,Medshield (Keith San Miguel).xlsx,sales2017,5826,5,13055,2017-04-19,CAM SUR,JAGA 300mg/100mg/100mcg,2,1200,2400,,0,2,345,690,1710
raw_sales_report,Medshield (Keith San Miguel).xlsx,sales2017,5827,5,13056,2017-04-19,CAM SUR,EUROXIME 250mg/5ml,5,460,2300,,0,5,139.45,697.25,1602.75
raw_sales_report,Medshield (Keith San Miguel).xlsx,sales2017,5828,5,13057,2017-04-19,CAM SUR,LACTAMOX 625MG,1,2700,2700,,0,1,1173.6,1173.6,1526.4
raw_sales_report,Medshield (Keith San Miguel).xlsx,sales2017,5829,5,13058,2017-04-19,CAM SUR,DOLO-JAGA 500mg/50mg/100mg/100mcg,2,1600,3200,,0,2,480.9,961.8,2238.2
raw_sales_report,Medshield (Keith San Miguel).xlsx,sales2017,5830,5,13059,2017-04-19,CAM SUR,BERCEF 50mg Drops,6,175,1050,,0,6,42,252,798
raw_sales_report,Medshield (Keith San Miguel).xlsx,sales2017,5831,5,13059,2017-04-19,CAM SUR,MULTI GROW DROPS,12,175,2100,,0,12,48,576,1524
raw_sales_report,Medshield (Keith San Miguel).xlsx,sales2017,5832,5,13060,2017-04-19,CAM SUR,LACTAMOX 156.25mg/5ml,6,190,1140,,0,6,75.6,453.59999999999997,686.4000000000001
raw_sales_report,Medshield (Keith San Miguel).xlsx,sales2017,5833,5,13061,2017-04-19,CAM SUR,BERCEF 50mg Drops,10,175,1750,,0,10,42,420,1330
raw_sales_report,Medshield (Keith San Miguel).xlsx,sales2017,5834,5,13062,2017-04-19,CAM SUR,EUROGYL 500MG,20,220,4400,,0,20,23,460,3940
raw_sales_report,Medshield (Keith San Miguel).xlsx,sales2017,5835,5,13063,2017-04-19,CAM SUR,JAGA 300mg/100mg/100mcg,10,1150,11500,,0,10,345,3450,8050
raw_sales_report,Medshield (Keith San Miguel).xlsx,sales2017,5836,5,13064,2017-04-19,CAM SUR,FOCID 5MG,6,650,3900,,0,6,187.5,1125,2775
raw_sales_report,Medshield (Keith San Miguel).xlsx,sales2017,5837,5,13065,2017-04-19,CAM SUR,OBYDOSE,1,885,885,,0,1,265,265,620
raw_sales_report,Medshield (Keith San Miguel).xlsx,sales2017,5838,5,13066,2017-04-19,CAM SUR,BERCEF 50mg Drops,8,175,1400,,0,8,42,336,1064
raw_sales_report,Medshield (Keith San Miguel).xlsx,sales2017,5839,5,13067,2017-04-19,CAM SUR,PROXAZIN 500MG,1,1750,1750,,0,1,450,450,1300
raw_sales_report,Medshield (Keith San Miguel).xlsx,sales2017,5840,5,13068,2017-04-19,CAM SUR,HISTARIL 50mg/1mg/5ml,20,88,1760,,0,20,24.47,489.4,1270.6
raw_sales_report,Medshield (Keith San Miguel).xlsx,sales2017,5841,5,13069,2017-04-19,CAM SUR,CINNABLOC 25MG,1,500,500,,0,1,133,133,367
raw_sales_report,Medshield (Keith San Miguel).xlsx,sales2017,5842,5,13070,2017-04-20,CAM SUR,TOSYLAM 750MG,2,2750,5500,,0,3,980,2940,2560
raw_sales_report,Medshield (Keith San Miguel).xlsx,sales2017,5843,5,13071,2017-04-20,CAM SUR,HISTARIL 50mg/1mg/5ml,9,88,792,,0,9,24.47,220.23,571.77
raw_sales_report,Medshield (Keith San Miguel).xlsx,sales2017,5844,5,13072,2017-04-21,CAM SUR,LACTAMOX 625MG,1,2700,2700,,0,1,1173.6,1173.6,1526.4
raw_sales_report,Medshield (Keith San Miguel).xlsx,sales2017,5845,5,13073,2017-04-24,CAM SUR,JAGA 300mg/100mg/100mcg,2,1300,2600,,0,4,345,1380,1220
raw_sales_report,Medshield (Keith San Miguel).xlsx,sales2017,5846,5,13074,2017-04-24,CAM SUR,LACTAMOX 156.25mg/5ml,12,95,1140,,0,12,75.6,907.1999999999999,232.80000000000007
raw_sales_report,Medshield (Keith San Miguel).xlsx,sales2017,5847,5,13075,2017-04-24,CAM SUR,SNEEZ 12.5mg,11,95,1045,,0,11,42,462,583
raw_sales_report,Medshield (Keith San Miguel).xlsx,sales2017,5848,5,13076,2017-04-24,CAM SUR,LACTAMOX 312.5mg/5ml,3,310,930,,0,3,129.7,389.09999999999997,540.9000000000001
raw_sales_report,Medshield (Keith San Miguel).xlsx,sales2017,5849,5,13201,2017-04-26,BATANGAS,LACTAMOX 625MG,2,3360,6720,0.1,672,2,1173.6,2347.2,3700.8
raw_sales_report,Medshield (Keith San Miguel).xlsx,sales2017,5850,5,13202,2017-04-26,BATANGAS,VICEPHRIN 250mg/5ml,10,180,1800,0.1,180,10,48,480,1140
raw_sales_report,Medshield (Keith San Miguel).xlsx,sales2017,5851,5,13203,2017-04-26,BATANGAS,VICEPHRIN 100mg/ml Drops,10,96,960,0.1,96,10,25,250,614
raw_sales_report,Medshield (Keith San Miguel).xlsx,sales2017,5852,5,13204,2017-04-26,BATANGAS,HISTARIL 50mg/1mg/5ml,8,96,768,0.1,76.80000000000001,8,24.47,195.76,495.44000000000005
raw_sales_report,Medshield (Keith San Miguel).xlsx,sales2017,5853,5,13205,2017-04-26,BATANGAS,ATOVAS 20MG,3,780,2340,0.1,234,3,202.5,607.5,1498.5
raw_sales_report,Medshield (Keith San Miguel).xlsx,sales2017,5854,5,13206,2017-04-26,BATANGAS,VICEPHRIN 250mg/5ml,22,180,3960,,0,22,48,1056,2904
raw_sales_report,Medshield (Keith San Miguel).xlsx,sales2017,5855,5,13207,2017-04-26,BATANGAS,SNEEZ 6.25mg/2ml/ml Drops,12,144,1728,,0,12,38,456,1272
raw_sales_report,Medshield (Keith San Miguel).xlsx,sales2017,5856,5,13208,2017-04-26,BATANGAS,BERCEF 250mg/5ml,12,350,4200,,0,12,148,1776,2424
raw_sales_report,Medshield (Keith San Miguel).xlsx,sales2017,5857,5,13209,2017-04-26,BATANGAS,HISTARIL 50mg/1mg/5ml,11,96,1056,,0,11,24.47,269.16999999999996,786.83
raw_sales_report,Medshield (Keith San Miguel).xlsx,sales2017,5858,5,13210,2017-04-26,BATANGAS,ALLERCEF 1mg,12,264,3168,,0,12,80,960,2208
raw_sales_report,Medshield (Keith San Miguel).xlsx,sales2017,5859,5,13211,2017-04-26,BATANGAS,NUTRI Z Drops,12,180,2160,,0,12,48.5,582,1578
raw_sales_report,Medshield (Keith San Miguel).xlsx,sales2017,5860,5,13212,2017-04-26,BATANGAS,CENDALEX 500MG,2,900,1800,,0,2,300,600,1200
raw_sales_report,Medshield (Keith San Miguel).xlsx,sales2017,5861,5,13213,2017-04-26,BATANGAS,JAGA 300mg/100mg/100mcg,2,1098,2196,,0,2,345,690,1506
raw_sales_report,Medshield (Keith San Miguel).xlsx,sales2017,5862,5,13214,2017-04-26,BATANGAS,LACTAMOX 625MG,3,3360,10080,,0,3,1173.6,3520.7999999999997,6559.200000000001
raw_sales_report,Medshield (Keith San Miguel).xlsx,sales2017,5863,5,13215,2017-04-26,BATANGAS,CELENCE 200MG,1,3360,3360,,0,1,860,860,2500
raw_sales_report,Medshield (Keith San Miguel).xlsx,sales2017,5864,5,13216,2017-04-26,BATANGAS,LACTAMOX 625MG,3,3360,10080,,0,3,1173.6,3520.7999999999997,6559.200000000001
raw_sales_report,Medshield (Keith San Miguel).xlsx,sales2017,5865,5,13217,2017-04-26,BATANGAS,AZECLO 100MG,1,2300,2300,,0,1,595,595,1705
raw_sales_report,Medshield (Keith San Miguel).xlsx,sales2017,5866,5,13218,2017-04-26,BATANGAS,NOZAL 5MG,2,1020,2040,,0,2,260,520,1520
raw_sales_report,Medshield (Keith San Miguel).xlsx,sales2017,5867,5,13219,2017-04-26,BATANGAS,XITHROM 150MG,3,4200,12600,,0,3,1235,3705,8895
raw_sales_report,Medshield (Keith San Miguel).xlsx,sales2017,5868,5,13220,2017-04-26,BATANGAS,CINNABLOC 75mg,10,176,1760,,0,10,40,400,1360
raw_sales_report,Medshield (Keith San Miguel).xlsx,sales2017,5869,5,13220,2017-04-26,BATANGAS,PREDNIMED 20MG,5,825,4125,,0,5,230,1150,2975
raw_sales_report,Medshield (Keith San Miguel).xlsx,sales2017,5870,5,13220,2017-04-26,BATANGAS,VICEPHRIN 100mg/ml Drops,15,88,1320,,0,15,25,375,945
raw_sales_report,Medshield (Keith San Miguel).xlsx,sales2017,5871,5,13220,2017-04-26,BATANGAS,VICEPHRIN 125mg/5ml,12,115,1380,,0,12,33,396,984
raw_sales_report,Medshield (Keith San Miguel).xlsx,sales2017,5872,5,13221,2017-04-26,BATANGAS,LACTAMOX 625MG,1,3375,3375,0.2,675,1,1173.6,1173.6,1526.4
raw_sales_report,Medshield (Keith San Miguel).xlsx,sales2017,5873,5,13222,2017-04-26,BATANGAS,LACTAMOX 625MG,1,3375,3375,0.2,675,1,1173.6,1173.6,1526.4
raw_sales_report,Medshield (Keith San Miguel).xlsx,sales2017,5874,5,13223,2017-04-26,BATANGAS,XITHROM 150MG,1,5000,5000,0.2,1000,1,1235,1235,2765
raw_sales_report,Medshield (Keith San Miguel).xlsx,sales2017,5875,5,13224,2017-04-26,BATANGAS,XITHROM 150MG,1,5000,5000,0.2,1000,1,1235,1235,2765
raw_sales_report,Medshield (Keith San Miguel).xlsx,sales2017,5876,5,13225,2017-04-26,BATANGAS,XITHROM 150MG,1,5000,5000,0.2,1000,1,1235,1235,2765
raw_sales_report,Medshield (Keith San Miguel).xlsx,sales2017,5877,5,13227,2017-04-28,BATANGAS,CEFZIME 750mg IM/IV,9,3000,27000,,0,9,750,6750,20250
raw_sales_report,Medshield (Keith San Miguel).xlsx,sales2017,5878,5,13228,2017-04-28,BATANGAS,LACTAMOX 312.5mg/5ml,10,300,3000,,0,10,129.7,1297,1703
raw_sales_report,Medshield (Keith San Miguel).xlsx,sales2017,5879,5,,,,,149198.30993329998,6117998.119276226,41767863.5472136,,571514.2949974443,149511.6099333,1949665.1946666639,13024954.798556952,28129794.45365921
